alameda||das camelias|bandeirinhas|32657350|11,-2000007,-4416986;15,5,1;60,-136,-84;65,14,0;68,-47,-27;140,110,79;141,9,-1;200,21,23
alameda||das camelias|estancia do sereno|32659192|55,-2000370,-4414445;91,57,-88;96,-31,33;108,-93,161;120,-19,39;128,48,-87;130,13,-24;150,27,-44
alameda||do cedro|bandeirinhas|32657354|9,-1999982,-4416958;56,-4,-14;60,-21,-45;109,4,15;171,-79,-121;182,74,95;185,-77,-109;192,66,100;200,-35,-63;202,28,59;212,0,0;222,-10,-23;232,-36,-62;242,-14,-24;245,16,18;252,-31,-30;253,15,16;254,-14,-30;256,2,-7;263,17,25;278,-54,-73;280,-1,-1;287,37,72
alameda||dos cafezais|parque ipiranga|32642330|15,-2001274,-4421346;21,2,-3;28,-127,-155;32,108,113;35,-81,-71;42,8,-2;49,40,35;99,-103,-79;260,122,118
alameda||dos cedros|citrolandia|32635190|11,-2000512,-4422302;19,50,-340;38,-145,471;43,75,-82;60,59,-399;85,10,99;89,2,18;90,-10,111;99,9,-170;100,-8,40;101,12,34;104,-24,78;115,19,-24;119,-8,-45;150,5,-20;330,-26,187;407,19,-35;425,-52,122;431,53,-179;445,-66,209;475,-28,30;511,-93,56;520,72,-44;545,-115,66;575,-38,14;576,-14,15;577,-22,16;581,-15,22;583,-16,-6;585,-24,22;597,-8,3;601,-25,17;607,-6,1;610,-36,32;619,151,-138;620,-151,127;681,5,3;693,-24,15;774,162,-112
alameda||dos cisnes|estancia do sereno|32641005|22,-2001354,-4414488;198,43,12;200,1,0
alameda||dos cisnes|estancia do sereno|32659152|6,-2001114,-4414501;39,-79,-33;41,-46,37;47,42,-10;50,1607,671;55,-94,2;61,-1508,-693;75,-215,-8;77,5,43;87,2,-3;97,95,15;99,-122,-14;101,1831,655;102,-927,-390;103,-763,-258;107,970,395;108,241,152;109,173,0;110,23,4;111,10,9;112,264,80;113,9,65;116,-301,-156;118,34,-87;120,-294,12;121,170,61;128,271,59;150,140,64;153,-575,-160;176,382,135;179,131,-125;184,-125,88;203,-557,-198;283,295,80;287,-220,-37;383,210,31;400,-460,-654;502,-289,275;504,43,25;513,-74,-32;595,-59,-35
alameda||dos coqueiros|bandeirinhas|32657002|11,-1999721,-4415869;15,19,0;180,371,73;200,-642,-100;202,224,20;207,-23,-22;216,-201,2;217,696,116;219,-184,20;220,-353,-168;225,257,96;226,-348,-124;228,42,22;237,-77,-38;241,-18,0;296,391,127;297,-346,-114;298,393,124;311,-434,-175;600,208,138
avenida|duque|de caxias|jardim terezopolis|32681330|138,-1995408,-4411772;176,10,6;186,13,-1;190,4,3
avenida|duque|de caxias|jardim terezopolis|32681368|15,-1995540,-4411790;19,58,20;21,-31,9;25,0,-12;31,8,-19;38,-21,23;39,38,-17;42,6,12;43,-5,-13;45,11,8;46,5,12;47,-4,-26;52,21,20;59,-5,-2;62,18,-2;69,0,7;72,14,0;76,6,-6;151,-16,1;155,13,4;161,6,1;173,11,-1;181,17,1;199,19,-1;203,2,0;217,4,6;219,5,-6;228,22,16;235,0,-6;237,15,-1;240,-6,-9;250,14,12;257,-6,-4;259,14,3;260,-3,-4;268,4,1;274,10,23;275,-2,-19;280,8,18;281,10,-23;290,-2,22;292,6,4;303,10,-20;305,11,8;310,-14,-6;317,22,1;320,2,-6;321,-2,3;324,13,-6;330,22,35;333,3,0;334,7,-6;336,-7,-22;340,4,-2;350,8,-1;355,-18,5;359,2,1;360,25,2;365,-17,2;366,5,12;377,9,-16;378,12,4;389,-10,-3;390,5,8;400,12,1;401,-5,-14;413,14,13;425,10,2;437,11,6;451,11,9;453,-2,-5;476,123,45;478,6,-14;479,-98,-23;480,101,38;554,-24,1;575,-100,-41;1000,402,119;1010,18,10;1024,0,11;1026,6,-9;1030,8,3;1036,4,-4;1046,1,4;1048,12,3;1054,2,-1;1055,-705,-185;1058,709,186
avenida|duque|de caxias|jardim terezopolis|32681630|285,-1995100,-4411723;410,-61,-20;424,3,6;426,14,5;436,-1,31;448,6,-34;456,7,-3;458,10,4;460,-5,3;472,14,6;485,26,0;497,6,22;509,5,0;515,9,-23;521,13,1;529,4,-3;531,6,-13;533,-7,26;535,6,-20;543,5,42;553,8,-7;555,3,9;563,10,3;579,2,1;583,3,4;589,15,-3;591,10,1;593,3,2;599,-9,1;603,17,4;613,9,-1;621,0,8;633,9,-2;643,17,1;654,-27,2;663,38,-11;664,-36,1;668,15,40;676,191,-470;677,-166,421;682,-8,26;687,17,-1;703,10,6;710,-12,-17;713,23,16;720,-1,-28;723,17,38;725,7,1;726,-30,-24;730,6,9;733,8,2;743,32,16;745,5,-27;753,-1,29;756,-36,-16;757,37,19;758,-37,-27;759,46,29;760,-42,-12;763,41,12;773,12,-1;780,-39,-16;783,53,22;790,-42,-11;913,52,10;923,21,15;995,90,18;1003,10,15;1013,5,-6;1021,10,5;1025,-11,-3
avenida|duque|de caxias|jardim terezopolis|32681672|936,-1994764,-4411615;937,3,-9;943,6,17;953,6,3;961,6,-5;963,15,-1;967,5,-5;973,2,15;977,11,0;983,2,-1
avenida|nossa senhora|do carmo|centro|32600140|644,-1996989,-4419387
avenida|nossa senhora|do carmo|centro|32600164|76,-1997367,-4419279;105,21,11;740,221,-62;767,8,2;795,-14,9;802,-55,-1;807,42,6;814,-53,0;917,-128,32;920,-4,-6;934,87,-20;980,-135,26;1186,-20,6;1234,-34,6;2001,58,-4
avenida|sao|caetano|sao caetano|32677800|20,-1993570,-4411303;21,-35,-15;33,-19,16;40,-7,4;43,-4,1;49,-11,7;54,12,-1;55,-13,3;59,1,-8;82,-15,20;85,-8,-2;87,-6,13;92,8,-13;98,-13,-5;114,-8,1;115,-59,65;120,34,-41;123,18,-6;126,6,-8;128,-10,13;130,4,8;135,-12,0;140,4,-12;150,6,5;157,-28,16;162,-5,-16;163,6,10;164,-6,-26;169,-3,38;180,1,-1;184,-6,5;185,-13,10;190,29,-29;195,-41,30;203,-26,18;205,4,4;208,36,-33;210,-8,16;215,-37,1;226,39,-7;228,13,-15;230,-57,20;251,-13,17;263,-44,41;275,34,-22;287,-6,9;300,-21,-6;319,2,6;325,-14,6;337,-9,8;353,-9,8;363,-70,30;385,19,57;387,32,-17;389,-20,-12;391,16,-21;395,-7,4;397,4,16;427,12,-51;428,8,-11;1753,160,-74
avenida|sao|caetano|sao caetano|32677815|479,-1993938,-4411041;499,2,12;503,-4,-15;527,-20,55;551,-2,-3;555,3,11;611,-19,34;623,-13,17;633,8,6;645,-5,10;657,-5,6;659,-12,29;669,20,-11;729,-48,73;735,10,-4;745,-3,23;747,-2,-4;757,-3,15;773,-3,13;775,-13,8;795,0,14;915,-20,31
avenida||antonio carlos|jardim terezopolis|32681135|7,-1994861,-4412561;8,17,-17;10,-900,479;11,169,2;15,-5,15;20,729,-481;34,-4,8;35,-786,455;45,87,-16;47,-27,35;49,-8,-6;50,718,-460;51,-13,27;63,-1,-18;81,-11,28;97,-6,0;99,-714,417;100,711,-443;101,-6,41;105,-17,4;111,-61,64;119,-638,339;121,23,4;127,-29,-11;129,19,4;149,-25,-4;151,-5,4;157,-6,-4;175,381,-209;181,326,-161;209,-735,377;229,-27,-2;237,154,-34;239,-139,36;249,-9,-7;255,33,3;259,-37,1;260,576,-283;279,-584,276;390,518,-255;396,-12,10;400,-5,-3;404,-14,6;459,48,1;471,-3,-1;483,-15,5;500,-75,17;554,97,-43;586,-109,50;588,-4,8;592,-13,1;595,94,-28;598,61,-29;601,-86,34;602,-85,22;603,73,-22;607,-31,35;611,-16,-1;613,-12,7;615,3,12;616,-21,-29;617,18,17;620,41,-22;621,-37,24;622,42,-32;625,-52,36;627,-4,0;628,-14,-16;629,8,19;640,-21,-5;641,0,13;642,-6,-12;716,-39,28;718,-15,28;811,-152,97
avenida||antonio carlos|jardim terezopolis|32681170|241,-1995450,-4412141;243,17,-21;245,-6,13;670,57,-77;753,-24,51;755,-8,-9;756,5,-13;757,5,-3;769,-20,27
avenida||antonio carlos|jardim terezopolis|32681405|20,-1995564,-4412092;21,-6,-5;28,61,-55;30,-52,36;33,17,-14;57,-37,32;59,-10,12;70,55,-64;74,-34,53;190,45,-58;200,-10,5;211,-3,4;214,32,-5
avenida||antonio rodrigues campos|conjunto habitacional olimpia bueno franco|32671812|9,-1994067,-4418104;22,12,6;25,-17,-26;34,5,-1;37,-11,-3;60,4,-15;68,-6,-19;86,12,-7;87,-23,3;96,5,-12;97,-10,3;98,11,-5;106,-5,-10;107,-12,11;108,6,-12;116,6,1;117,-14,-3;136,-10,-19;137,-1,5;146,-5,-5;147,-2,-1;156,2,-11;157,-15,5;166,6,-7;167,-13,2;186,0,-29;187,-11,5;196,10,-4;197,-16,2;203,-28,-34;206,33,22;207,-15,-9;211,-24,-21;216,41,23;217,-16,6;219,-30,-33;227,119,159;233,-129,-165;248,41,0;273,-228,-31;292,199,3;307,-23,4;333,-212,31;346,190,-60;347,-9,-5;358,-4,-2;359,5,-1;368,-8,-6;369,-1,-1;378,-6,-10;379,1,2;398,-6,-16;399,-13,0;408,8,-4;409,-10,0;418,-1,-14;419,-2,1;428,-3,-6;429,-10,3
avenida||camanducaia|dom bosco|32670550|814,-1995581,-4415461;818,-3,0;823,3,-19;824,-3,13;829,5,1;865,-1,14;870,6,20;888,5,26
avenida||camanducaia|dom bosco|32670615|230,-1995593,-4415520;711,-3,-40;713,-5,13;729,2,13
avenida||campinas|cruzeiro|32661342|28,-1998658,-4415251;34,35,-9;36,-8,1;216,-4,-5;225,-5,5;237,-23,11;238,18,-11;250,-11,17
avenida||cordiline|cruzeiro do sul|32672385|50,-1993088,-4417004;51,-7,-6;54,19,11;55,-16,-3;60,19,8;71,51,58;80,0,20;82,-11,-29;85,-1,-14;90,43,44;192,34,32;230,15,10;412,-102,-88;611,-18,-28;615,4,2;695,54,57;735,28,27;745,9,9;757,2,-5
avenida||cordiline|cruzeiro do sul|32672715|40,-1992998,-4416922;52,-19,1;53,-1,-9;75,-42,-36;98,77,53;110,2,30;115,14,9;604,-109,-108
avenida||cordiline|jardim alterosas segunda secao|32672385|93,-1993286,-4417171;105,-6,-10;170,10,16;190,3,3
avenida||cordiline|vargem das flores|32672385|125,-1993312,-4417248;129,4,12;131,8,12;133,4,2;135,1,4;137,5,6;138,9,11;295,47,66;300,-35,-48;302,-9,-6;311,13,13;327,-20,-32;339,31,53;345,18,20;357,-14,-28;359,13,1;361,10,39;489,94,78
avenida||cristina|conjunto habitacional celso alves pedrosa|32675755|150,-1993482,-4413085;160,-6,1;170,-11,2;180,-15,-1;184,5,-6;190,-14,5;198,-63,-3;200,53,4;204,-23,-3;210,-38,-6;220,52,8;222,-61,-6;234,-19,6;246,-7,-3;698,-58,-15
avenida||cristina|parque das acacias|32675755|22,-1993389,-4413071;37,-1,11;59,-23,-3;71,-14,-1;75,14,-2;113,-53,-1;123,-23,0;127,15,-1;205,-85,-1;213,-3,-3;277,-74,4;279,27,-7;313,-43,2;341,-15,-11;345,-12,6;351,-10,-6
avenida||cuara|icaivera|32611180|167,-1985977,-4416255;232,69,94;411,-226,-297;503,3,73;515,-4,16;519,-2,12;523,3,14;539,-5,5;570,-12,34;572,2,5;610,17,41;642,191,31;702,25,75;735,18,31;740,-112,-103;744,-23,-16;751,23,-15;765,-1,-4;776,11,10;780,19,-1;818,36,12;821,-12,-8;874,31,36;875,5,-1;889,2,3;890,-5,13;891,11,-4;904,-7,15;913,12,10;920,-10,4;943,10,17;955,3,17;981,13,39;987,-134,-155;997,124,114;1001,3,56;1033,-12,16;1045,4,6;1057,-13,13;1070,-12,6;1109,-37,24;1127,-12,4;1151,-23,3
avenida||cuara|icaivera|32611192|996,-1985908,-4416113;1009,-2,29;1021,3,-1;1072,-25,39;1108,-35,16;1216,-102,44;1218,9,-5;1262,-43,22;1263,24,-10
avenida||do contorno|sao jose|32672648|10,-1991950,-4416029;32,257,-59;34,9,11;51,-598,-17;84,566,36;87,-52,36;96,-216,-14;97,-16,-67;99,-206,97;100,292,-80;101,-47,-2;105,-86,86;231,131,-67;235,9,132;241,-1,1;251,-23,56;255,-13,5;263,-4,20;265,-65,6
avenida||duque de caxias|jardim terezopolis|32681368|500,-1995068,-4411710;502,-13,0;510,22,-3;520,2,2;532,4,2;544,12,7
avenida||geraldo campos|bandeirinhas|32657180|12,-2000505,-4417221;15,-273,61;27,426,-99;30,-550,140;40,72,-21;42,-52,6;140,90,-21;155,549,-145;159,15,0;190,-196,49;235,-315,85;300,102,-21;320,315,-84;335,26,-8;339,-66,20;341,-1,2;347,-44,26;349,5,-18;351,-201,51;353,198,-46;359,-17,5;361,-177,38;362,14,5;364,-31,-6;368,4,11;370,4,0;371,179,-31;373,-159,22;375,302,-81;378,-7,8;381,-289,64;383,131,-33;385,139,-28;390,-74,11;394,114,-29;395,-192,49;396,90,-31;401,-194,55;407,93,-3;410,-90,7;411,9,-4;420,104,-30;426,-87,33;431,10,-10;434,-11,8;440,-6,-2;480,24,-10;510,16,1;558,246,-67;585,-161,38;588,155,-30;606,-80,25;612,7,-2;618,-3,-1;628,12,-12;630,5,3;638,7,-15;642,7,-1;649,-40,18;660,-503,134;672,561,-140;675,-21,-1;684,36,-2;690,4,-20;692,-26,21;696,34,-12
avenida||lourival augusto de carvalho|conjunto habitacional olimpia bueno franco|32671774|181,-1994241,-4418338;182,-9,7;191,-12,7;192,4,-3;202,-3,7;205,1,1;210,-5,0;214,-7,4;215,-13,7;226,7,0;235,-5,14;238,-4,-6;250,-5,1;262,-19,3;274,-4,19;286,-8,4;298,-2,8;310,-9,6;311,-3,19;322,-5,-12;334,-13,11;346,-1,7;347,108,-105;358,-121,117;370,-7,3;394,-13,16;406,-8,5;418,-7,8;430,-10,7;432,-10,-6;442,0,12;445,5,15;454,-30,14;465,17,-3;466,-7,-8;478,-6,4;485,0,21;490,-10,-9;502,-9,6;514,-6,6
avenida||nossa senhora do carmo|centro|32600104|176,-1996783,-4419763;177,-9,10;179,10,1;186,-4,2;192,-2,6;199,9,9;201,-25,22;213,13,-12;214,-5,-2;223,-2,12;226,-5,-5;240,-3,18;241,-6,10;249,-9,6;251,5,9;252,6,-17;264,-8,9;268,25,-56;271,-34,58;274,1,17;292,0,15;300,-6,-11;312,-1,9;313,3,6;320,-12,8;323,6,7;332,-4,1;337,-1,16;357,-6,11;367,-23,32;368,12,-32;372,-14,31;375,-6,3;379,-2,3;383,6,6;388,-5,4;391,1,5;401,2,10;410,-12,-1;415,6,10
avenida||nossa senhora do carmo|centro|32600108|19,-1996734,-4419889;38,12,37;58,-21,-6;65,1,24;70,2,-3;85,-20,21;90,21,-11;95,-13,19;97,19,-49;115,-33,55;121,-53,102;122,36,-68;127,14,-11
avenida||nossa senhora do carmo|centro|32600126|497,-1996916,-4419482;510,-7,17;536,-9,26;550,-6,14
avenida||nossa senhora do carmo|centro|32600140|586,-1996947,-4419403;600,-7,15;606,-1,13;676,-63,11;690,-16,17;693,-23,8;704,12,-3;739,-39,13
avenida||nossa senhora do carmo|centro|32600148|2,-1996988,-4419352;12,2,-15;24,10,-10;36,21,9;40,7,-4;425,40,-110;475,-35,77;651,-72,40;655,-1,9
avenida||olga assuncao cardoso|bom retiro|32606506|21,-1993065,-4419745;27,-4,-6;59,-36,-40;65,27,28;69,-10,-15;71,-22,-14;79,58,62;147,-89,-101;183,-31,-37;250,-76,-90;264,-141,-103;272,13,13;287,186,161;289,17,4;291,-50,-49;293,1,4;355,-8,-20
avenida||olga assuncao cardoso|bom retiro|32606534|180,-1993390,-4420066;206,-15,-13;331,86,60;341,11,13;345,-8,-7;346,-32,-12;348,0,0;351,29,5;522,-59,-40;540,-16,-11;570,34,6;594,-62,-30;601,18,14;606,-32,-13;770,28,11;820,-41,-21
avenida||reis correa|bom retiro|32606520|10,-1993421,-4419754;11,-15,1;12,-3,-9;30,9,19;63,85,100;64,13,4;65,-12,-15;99,-32,-27;115,14,-7;140,3,28;185,37,33;186,-13,1;208,15,22;211,10,-9;225,9,10;226,-11,1;240,-1,1;241,18,10;255,14,10;256,-15,2;306,34,48;308,2,4;334,9,10
avenida||sao caetano|imbirucu|32677340|91,-1994028,-4410827;738,-8,36;754,-3,5;770,-10,10;786,-10,14;810,3,19
avenida||sao caetano|imbirucu|32677800|7,-1994012,-4410882;9,7,-9;11,-8,11;13,8,-1;15,17,0;17,-2,-15;19,-1,-44;27,4,-10;29,-30,107;51,71,-160;57,-12,-6;100,-7,46;102,-23,-14;570,0,91;624,7,-56
avenida||sao caetano|imbirucu|32677815|35,-1993970,-4410975;37,0,-3;41,6,-4;47,4,-10;65,14,-32;73,6,-5;83,0,-7;397,-1,-15;399,-1,-3;409,22,-16;411,-4,10;413,13,-27;415,7,-14;417,0,3;419,-9,7;421,7,-19;422,4,-7;425,-4,-7;437,-6,48
avenida||teotonio parreiras coelho|inga alto|32604300|210,-1996088,-4419377
avenida||teotonio parreiras coelho|inga alto|32604376|324,-1995997,-4419445;350,20,-20;556,69,-17;598,45,-51;604,-3,-5;646,37,-23;658,5,7;668,12,-10;690,-3,2;748,73,-13;760,5,-16;784,27,1;820,25,-11;826,1,-2;860,32,-4
avenida||teotonio parreiras coelho|jardim da cidade|32604255|3,-1996316,-4419433;35,59,30;45,18,-3;115,52,8;301,171,-58;331,9,-12;607,134,-78;613,21,-10;615,-6,5;647,22,-24;665,10,-5;699,17,-1;727,40,-17;741,5,2;775,22,-12;787,23,9;805,9,-15;813,19,-5;817,9,-9
beco|santa|clara|jardim terezopolis|32671250|238,-1994923,-4411951;240,-4,-9;246,-2,0;260,8,8
beco|santa|cruz|sao cristovao|32677342|137,-1993899,-4412145;138,-2,3;141,-1,2;142,3,9;143,0,-16;145,0,-7;480,-1,-2
beco|sao|caetano|santo antonio|32681360|21,-1995208,-4410948;31,-6,13;41,-8,3;51,-14,10;53,6,0
beco|sao|caetano|santo antonio|32684038|17,-1995231,-4410958;19,-4,-10;28,23,16;30,-2,6;32,-4,10;33,-13,-2;38,6,-9;40,-8,4;50,8,-14;55,-11,-8;56,-2,-1;60,-5,-5;64,7,0;129,34,14;139,-2,10;1629,-29,8
beco||cachoeirinha|jardim terezopolis|32681252|3,-1995485,-4411905;15,-6,9;23,-14,15;24,3,2;28,5,-6;29,-13,5;30,4,5;33,0,1;39,-4,6;40,-2,0;43,1,1;254,27,-47;268,-9,21
beco||caetano|imbirucu|32677815|401,-1993928,-4411059;403,-31,-11;405,23,9;407,-21,-9
beco||cafe|jardim terezopolis|32681300|7,-1995290,-4412028;12,15,8;14,-20,-6;16,15,1;18,-7,-2;39,-18,-48;40,-24,21;41,0,0;42,-18,2;43,41,-40;44,-21,36;45,14,-13;46,-26,16;47,31,-20;48,10,7;49,-10,-23;50,10,23;51,-17,-2;52,24,7;53,-25,-22;54,14,35;55,-12,-36;56,-8,26;57,-3,-27;59,6,5;60,22,35;63,-15,-25;95,19,-26;146,6,74;148,6,4;214,-16,-52;442,-48,17
beco||cajari|jardim terezopolis|32681232|16,-1995556,-4412089;17,-4,-7;56,19,11;68,-6,3
beco||cavat|jardim terezopolis|32699899|143,-1995008,-4411953;151,-4,7;167,-2,0;177,1,-12
beco||ceara|jardim terezopolis|32681832|96,-1995285,-4411219;98,-21,-24;112,-16,23;120,13,1;130,9,8;140,8,4;148,-5,5;152,-2,-11;153,-4,-8;154,14,-4;157,-15,-3
beco||central|jardim terezopolis|32681340|14,-1995353,-4411530;45,20,-3;46,-18,5;47,9,3;49,-6,5;54,4,-1;55,0,1;57,-3,0;65,3,2;66,-9,17;70,-9,17;71,4,-2;72,6,-8;75,-12,14;94,20,-46;148,-7,2;150,-4,18;151,2,-3;158,-15,7;159,15,2;160,-11,-3;175,0,1;180,1,19
beco||central|sao caetano|32677722|9,-1993821,-4411404;10,0,3;31,24,35;33,-10,-6;34,-9,6;35,7,-2;36,-5,-8;37,11,-2;38,14,-4;39,-2,-8;40,-24,-2;41,13,4;45,8,5;51,-6,-5;53,3,4;55,-7,7
beco||cinco|conjunto habitacional celso alves pedrosa|32671516|50,-1994132,-4413755;51,-3,6;55,4,4
beco||copacabana|jardim terezopolis|32681388|9,-1995246,-4411971;10,-6,-33;11,-13,33;12,11,-3;14,-4,-58;15,0,68;16,0,-69;17,4,-1;18,-5,1;19,7,72;22,-4,-70;24,-2,-2;40,-28,52;193,5,4
beco||copasa|jardim terezopolis|32699899|682,-1995187,-4411899;685,6,-2;711,-7,5
beco||cristal|santo antonio|32684094|7,-1995463,-4410922;9,-31,-49;17,41,34;21,-2,-6;25,-4,-7;26,6,-5
beco||cruzeiro|jardim terezopolis|32681392|6,-1995195,-4412097;16,-26,-2;19,23,-4;20,-7,-5;21,-4,-3;25,-3,-1;28,7,6;506,-19,3
beco||da copasa|citrolandia|32641750|196,-2002900,-4422644;643,-17,52
beco||do caroco|jardim terezopolis|32681594|63,-1995140,-4411900;64,14,1;65,-21,11;66,17,-18;68,9,14;74,-29,-9;75,-5,6;85,-3,5;384,43,-15;385,-7,5;389,-5,-2
beco||do coqueiro|imbirucu|32677406|62,-1994079,-4411224;72,-8,-9;80,6,-10;84,-3,7
beco||do cravo|sao caetano|32677716|18,-1993811,-4411420;19,-4,-5;20,1,-7;81,0,-2;140,0,10;144,-2,-8
beco||jose capitao|charneca|32673532|20,-2002197,-4424069;26,-27,1;27,-10,-2
beco||rio para ou cruzeiro|laranjeiras|32676284|32,-1994818,-4413334;60,5,-9;69,6,7;180,-29,27;190,6,-12;196,7,-7;200,-3,6;205,2,-16;206,7,3;207,-3,0;210,8,3;212,6,8;216,6,4;217,1,4;218,-2,3;219,7,-2;222,-7,-5;917,-27,-7
beco||santa cruz|imbirucu|32677342|14,-1993972,-4411048;20,4,0;25,1,0;31,0,-5;32,-9,-4;35,6,-3;51,-9,0;67,18,14;81,-11,-15;82,0,-10;84,-4,2
beco||santa cruz|santo afonso|32602525|1,-1990192,-4428495;2,59,90;3,-25,-52;4,-10,4;317,41,55
beco||sem denominacao ou casuarinhas|laranjeiras|32676312|15,-1994818,-4412965;17,-11,-13;27,14,19;30,-2,-4
estrada||betim mario campos|distrito industrial bandeirinhas|32600001|43,-2003476,-4418492
estrada||betim mario campos|monte calvario|32641510|4,-2002178,-4421079
estrada||da charneca|charneca|32636100|518,-2002121,-4424002
estrada||fazenda capao|capao|32607136|28,-1995077,-4422305;145,23,46;155,6,6;157,4,0;163,10,6;169,7,2;181,5,5;187,15,28
estrada||fazenda capao|capao|32673532|32,-1995093,-4422280
estrada||p mario campos|fazenda serrinha|32600001|105,-2003503,-4418353
estrada||p mario campos|santa izabel|32600001|1139,-2005123,-4419522
estrada||p mario campos|vila machadinha|32641510|114,-2005090,-4419552;1081,-46,50;1125,54,-61;1129,20,-18
estrada||para ete copasa|fazenda das vargens|32673532|1,-1996529,-4423418;2,-1,0;20,-203,619
estrada||para mario campos|bandeirinhas|32657002|12,-2000015,-4417971;20,-938,-23;22,901,47;30,-122,27;35,26,-14;39,-25,0;51,-281,61;158,-501,-120;180,75,0;200,-8,3;218,-23,0;230,17,-4;231,-27,15;240,-19,4;260,-40,-5;280,-68,27;285,14,-18;302,117,-17;499,479,102;543,-49,28;550,-209,28;603,314,-104;701,-225,121;710,277,-128;711,-404,112
estrada||para mario campos|bandeirinhas|32657030|299,-2001238,-4418162
estrada||para mario campos|citrolandia|32641510|2755,-2002074,-4418927
praca|dona|chiquinha cabral|chacara|32671278|29,-1995900,-4418643;39,8,-2;49,4,-6
praca|sao|caetano|sao caetano|32677568|1,-1993797,-4411681;3,5,0;4,3,5;11,4,16
praca||cristina|conjunto habitacional celso alves pedrosa|32675464|13,-1993644,-4413868
praca||da cacimba|centro|32600214|575,-1997106,-4419749
praca||da cacimba|centro|32600238|321,-1997154,-4419775;329,-12,-7
praca||da comunidade|icaivera|32611130|207,-1986463,-4416120
praca||da comunidade|icaivera|32611132|521,-1986751,-4416054
praca||do cruzeiro|marimba|32623240|91,-1991897,-4427897
praca||joaquim costinha|sao sebastiao|32609002|4211,-1989377,-4416088
praca||milton campos|centro|32600134|31,-1997148,-4419413;32,-24,-26;33,8,40;40,-19,-37;50,-7,5;62,-17,-3;82,-15,4;90,-29,10;95,29,13
praca||sao cristovao|angola|32600166|337,-1995856,-4420108;691,-20,153;701,31,53;715,-29,-227
rua|barao|de cocais|capelinha|32678270|70,-1993771,-4410489;74,-166,-119;78,74,52;82,77,56;90,-93,-59;96,61,38;102,-76,-53;110,-79,-47;112,141,95;114,0,0;116,0,0;146,0,0;427,-70,-90;430,-120,-21;435,0,0;443,120,53;490,-84,-46;598,-33,-15;600,0,1;683,-7,4
rua|barao|de cocais|capelinha|32678312|40,-1993746,-4410515;68,-302,-160;72,197,136;88,-108,-65;94,14,-8;98,94,73;100,-178,-97;104,137,69;121,-99,-59;129,-3,-6;160,-6,-31;382,17,42;390,85,33;400,-58,-23;402,7,-1;404,7,-1;406,9,10;420,24,14;438,-6,1;663,90,31
rua|barao|de cocais|imbirucu|32678312|500,-1994115,-4410708;520,42,20
rua|dona|maria candida|alvorada|32687086|5,-1993832,-4409351;10,-9,-9;17,10,7;27,-12,-6;47,-10,-7;59,-8,-9;85,-27,-13;99,-15,-18;100,11,-8;110,-34,-17;115,21,22;131,-10,-12;142,-6,-3;161,-25,-17;166,9,4;170,-10,-16;172,-6,10;175,-2,-2;214,-24,-23;215,-11,6;235,-8,-5;241,-16,-8;242,12,-8;254,14,15;255,-30,-12;256,3,-10;285,-31,-15;297,-3,-4;298,1,-4;300,-6,-5;302,-6,-2;304,-9,-6;306,-2,-4;307,7,17;309,0,-6;315,-7,-4;325,-25,-16;326,-12,-15;327,-10,-2;328,16,8;334,0,0;362,16,6;366,-22,-10;399,-22,-20;400,-2,6;402,-11,-9;404,4,5;408,101,63;465,81,57
rua|doutor|henrique cabral|chacara|32671280|15,-1996059,-4418775;16,1,6;20,2,-10;34,9,11;45,16,1;61,8,16;66,-2,-9;71,7,9;78,-3,-3;81,12,9;90,-2,5;91,12,4;107,6,12;108,-6,-3;117,10,16;118,-5,-2;127,6,13;128,-2,-9;137,-1,25;138,7,-17;155,16,9;156,-9,5;157,23,13;165,-11,-14;168,7,17;182,-5,-2;185,12,-1;200,0,20;201,4,1;210,2,10;211,5,0;220,-1,6;221,7,-3;230,0,6;231,9,9;239,29,44;240,-29,-41;250,2,15;260,21,18;270,6,-1
rua|doutor|luiz figueiredo cabral|novo horizonte|32606022|12,-1994500,-4420079;34,-304,-131;45,2,2;52,259,108;57,-240,-98;64,228,90;73,-13,8;76,10,-3;89,-10,-9;99,-18,2;100,2,-8;111,-7,7;114,2,-21;123,-5,9;126,-12,3;135,-10,-3;138,-12,-9;147,11,6;161,-14,-10;173,-11,-6;175,5,-2;185,-15,-8;188,-4,3;210,-3,0;216,-19,-12;245,-28,-8;250,-2,-1;294,-129,-69;300,97,55;306,-98,-52;328,72,32;340,-18,-12;352,2,4;364,-16,-8;374,-14,-1;379,-13,19;386,10,-22;391,-13,0
rua|duque|de caxias|citrolandia|32641584|2,-2003145,-4422686;16,49,-3;20,-73,69;22,84,-68;26,-81,52;30,21,-3;32,65,-43;34,-53,52;36,-23,-30;38,44,-2;40,-12,44;41,21,-91;43,25,-20;44,-1,8;45,1,33;46,-24,6;47,36,-5;49,7,-38;50,16,44;51,19,-14;52,-38,19;54,16,-4;59,36,-7;60,-18,7;62,-5,1;65,38,-20;100,22,-112;101,26,73;102,-70,15;105,66,-71;107,14,17;109,-27,11;111,25,38;112,-42,-12;113,33,10;114,-45,-16;115,21,14;117,8,27;118,-42,-25;120,29,22;122,7,-39;127,13,-8
rua|duque|de caxias|decamao|32603040|13,-1996823,-4421293;34,-90,51;69,18,-18;71,-5,0;87,9,-6;89,7,5;93,1,-3;103,16,-11;123,2,-3;128,18,-3;175,53,-27;198,4,7;208,8,-6;226,13,-7;246,14,-7;256,8,-6;262,28,-7;268,-13,4;384,-52,10;404,0,0;407,4,15;411,-43,12;415,9,1;421,22,-10;423,-12,5;426,-5,-5;436,-36,17;461,-53,26;492,-4,-1;493,-20,11;495,0,-1
rua|duque|de caxias|jardim terezopolis|32603040|808,-1994851,-4411636;820,19,-1;908,22,9;914,-5,-4;918,17,17;928,8,3;938,12,-6;946,0,-2;956,10,10;968,13,-2;980,-6,0;994,24,9
rua|inspetor|jaime caldeira|brasileia|32600286|15,-1997456,-4419832;23,-2,-2;335,242,-457;531,1,-11;555,-9,36;556,-2,-6;557,7,0;564,-8,12;572,-3,3;575,3,-5;582,-9,12;585,11,-4;594,-12,15;595,4,3;603,14,-44;615,-18,50;626,-10,-1;645,4,13;650,-11,4;656,-35,53;672,21,-29;684,-8,6;685,4,0;699,-5,20;700,-15,1;701,10,14;715,-3,10;723,-3,3;735,-9,15;743,3,-1;751,-4,6;781,-20,29;785,-36,75;815,34,-62;823,-8,5;831,-59,103;835,51,-95;847,-12,7;865,0,19;870,0,23;900,-15,18;940,-7,6;943,-3,15;954,-16,29;960,-5,-1;966,-10,15;970,2,-5;988,-4,12;1010,-23,43;1030,-5,11;1070,-7,6;1138,-20,57;1152,4,4
rua|inspetor|jaime caldeira|brasileia|32600316|236,-1997221,-4420578;246,-4,15;264,7,8;276,-2,8;286,2,14;290,-3,6;298,7,29;306,-2,-12;310,3,33;378,2,30;381,7,9;390,-7,2;391,6,17;398,4,5;411,-1,8;412,0,-1;419,-2,10;422,2,3;425,2,9;432,-2,-4;437,3,11;452,-6,3;457,0,-25;466,1,61;477,6,-15;478,-6,5;481,4,5;486,-11,9;489,2,-107;500,2,109;503,3,2;995,-198,414;999,-28,53;1031,13,-27;1063,-23,40;1073,-4,12;1095,-5,8
rua|inspetor|jaime caldeira|brasileia|32600424|15,-1997237,-4420835;16,-2,48;31,-7,-61;32,3,77;45,-4,-91;52,10,106;55,-7,-114;58,1,123;69,-10,-160;71,5,27;76,-6,-38;78,20,203;80,6,70;81,-21,-249;82,18,164;102,-1,23;180,4,62
rua|professora|josefina bento da costa|angola|32604074|22,-1995386,-4420366;30,-73,326;32,-16,64;34,-11,13;45,27,-78;48,10,-77;50,-15,94;53,11,-29;105,5,-42;108,1,-9;120,5,-10;143,-1,-60;175,6,16;176,1,-12;188,2,13;193,4,-32;213,-2,-3;215,14,-9;256,7,-45;257,-6,0;289,11,-30;290,2,4;291,-7,-9;301,17,-23;304,-8,23;311,-5,-11;320,-10,31;345,14,-63;361,10,-12;375,2,-20
rua|santa|catarina|granja verde|32678022|444,-1993327,-4410508
rua|santa|catarina|inga|32604582|66,-1994626,-4419580;80,8,46;94,4,17;174,22,68;244,30,68;318,25,56
rua|santa|catarina|inga|32604584|484,-1994496,-4419192;490,-2,10;496,0,18;510,-9,8;544,-9,29;606,-41,83;750,-33,72;810,-38,72;832,43,-85
rua|santa|catarina|paulo camilo|32667516|1,-1996385,-4413340;20,27,70;96,-67,-185;104,2,9;105,8,15;107,-26,-64;112,65,112;155,-18,-10;160,-23,-51;163,25,61;168,-30,-60;265,106,135
rua|santa|catarina|senhora das gracas|32604625|331,-1994525,-4419321;336,40,83;337,-8,-19;353,-29,-58;357,11,22;361,-9,-14;365,7,-3;371,5,14
rua|santa|catarina|senhora das gracas|32604635|23,-1994603,-4419594;67,-15,23;95,6,25;105,4,14;120,30,99;145,-21,-62;167,7,18;222,3,20;275,34,69
rua|santa|catarina|vila universal|32678022|12,-1993424,-4410908;21,3,-3;22,2,14;29,-5,6;36,3,5;37,-4,7;39,3,-2;50,5,8;57,13,-52;67,-26,46;75,16,44;78,1,-7;94,0,19;96,4,4;97,1,-12;98,3,21;99,2,-20;105,1,8;113,4,15;121,0,0;122,-4,2;144,0,18;150,10,18;160,-2,4;166,-7,12;176,-4,2;182,10,10;192,0,2;197,-18,-96;198,25,111;230,0,11;232,2,15;236,2,4;240,1,7;250,1,2;264,2,10
rua|santa|cruz|bandeirinhas|32657426|2,-1999692,-4417041;13,-1,-45;16,-1,12;52,13,46;67,24,122;78,-26,-140;85,4,24;108,3,55;111,8,6;117,-15,4;119,13,4;121,4,1;123,-1,5;131,1,4;177,6,41;179,4,16;180,-7,-16;194,6,16;196,4,12;203,-3,0;205,-5,0;207,10,3;209,0,6;210,-7,-8;240,1,38;260,10,25;272,-12,20;365,13,-19
rua|santa|cruz|brasileia|32600255|17,-1997458,-4419761;33,39,-6;45,16,-3;67,14,-6;85,5,-5;103,24,-7;109,-2,2;119,12,-4;123,-8,1;129,19,-3;165,35,-28
rua|santa|cruz|brasileia|32600295|199,-1997273,-4419836;201,7,3;215,-2,-7;217,19,-13;253,11,-1;265,25,-4;271,0,-2;277,2,-8;283,4,1;295,7,-15;315,4,9;331,20,-25
rua|santa|cruz|brasileia|32600305|515,-1997036,-4420042;525,-3,0;535,6,-10;541,6,-8;551,16,-12;565,25,-5;593,16,-17;601,-7,-21;615,22,15;621,7,2;677,37,-26;689,40,-8;701,15,2;705,-32,-27
rua|santa|cruz|centro|32600028|764,-1996850,-4420197;767,-21,-10;774,27,5;775,4,-1;777,-10,-5;780,9,2;781,10,5;797,8,-23;811,2,-19;815,1,-1
rua|santa|cruz|jardim terezopolis|32681606|9,-1995063,-4411796;11,5,-2;17,2,8;19,15,2;21,-7,-1;30,-4,-3;31,13,8;36,-6,-8;40,3,5;41,5,3;43,9,-9;49,5,4;50,-11,-22;51,22,25;55,3,3;60,-25,2;75,27,-6;82,4,3;83,-13,-3;84,-4,-4;85,34,0;86,-22,10;89,25,-11;91,7,0;94,-18,0;98,16,-3;100,3,-1;102,-15,2;105,26,-1;115,14,-3;120,-14,5;125,23,-7;126,-18,4;127,14,-4;130,-8,3;135,12,-4;140,8,0;145,5,-4;150,3,-5;155,13,5;160,8,-9;163,-1,0;165,0,0;172,18,-32;173,-12,27;175,8,-7;185,3,0;187,-3,-3;291,-171,35;340,167,-63;341,17,15;343,4,-6
rua|sao|cristovao|brasileia|32600280|20,-1997466,-4419960;21,-2,-10;36,-14,7;39,-8,0;48,4,-4;60,-13,-8;65,-7,-1;77,-9,-8;80,-13,-9;101,-14,2;104,10,-7;119,-28,-6;142,0,-15;154,-5,0;164,-14,-7
rua|sao|cristovao|citrolandia|32641554|9,-2002923,-4422543;11,11,24;13,12,23
rua|sao|cristovao|citrolandia|32641580|5,-2002932,-4422549;6,-15,29;15,25,36
rua|sao|jose dos campos|residencial taquaril|32606412|25,-1993046,-4420353;27,-11,12;53,14,-10;65,6,-3;77,10,-10;80,15,-6;89,-2,-1;101,11,-13;113,0,1;125,18,-10;137,-3,-19;150,16,14;151,-1,-8;156,9,-2;161,4,-2;173,9,-16;180,9,-1;185,-6,-4;186,10,3;192,6,-1;209,-3,-11;221,15,-8;222,-121,-92;233,126,83;234,-129,-80;237,149,66;245,-6,16;246,-141,-79;258,3,0;260,74,36;271,78,22;275,4,1;279,3,-5
rua|tenente|geraldo de souza cloves|angola|32604090|51,-1995546,-4420354;52,-1,6;74,107,-39;80,-86,37;128,53,-22;136,12,-8;139,-11,4;141,12,-5;146,2,5;151,-34,4;158,50,-5;170,-16,-3;174,25,1;185,8,-9;186,10,1;190,-3,-3;197,39,29;203,-130,-4;212,-26,9;215,9,-4;350,-25,12;362,-13,-4
rua||abilio de castro|colonia santa izabel|32641280|12,-2003964,-4422288;17,-3,-2;18,1,8;21,-3,2;22,5,11;37,-2,2;39,-2,4;47,-38,284;72,36,-240;76,-1,1;83,-6,-3;87,1,4;88,8,25;89,-10,-16;101,-24,262;103,-4,-21;104,26,-190;111,-3,-11;122,4,20;129,-5,-3;131,2,7;136,3,10;137,-7,-11;138,3,15;140,-1,8;145,-3,-15;147,3,8;151,-4,8;160,5,10;161,-7,-1;164,1,8;171,-2,5;178,0,13;194,2,9;224,-7,41;250,3,21;254,-2,8;261,0,-23;263,-14,106;265,11,-86;270,1,3;273,-6,19;274,2,-3;307,-6,12;317,2,13;327,-27,33;351,23,9;365,-2,6;396,5,-18;400,2,9
rua||aguas claras|santa ines|32603154|20,-1996556,-4421460;26,-12,27;28,37,-47;29,-11,8;33,18,-11;36,19,-9;40,-24,11;44,12,-4;46,-4,-2;50,-4,1;77,28,-12;81,-50,34;84,1,-3;86,-10,6;95,-25,-7;106,11,9;109,5,-1;110,-3,9;111,-6,-5;115,8,16;125,-9,-22;127,5,9;129,-6,-9;143,7,27;144,6,11;145,-4,-7;146,-3,-5;148,3,-4;150,-3,4;239,30,-32;245,11,-13;267,34,-14;275,13,-4
rua||alameda dos coqueiros|alto das flores|32641840|43,-2000451,-4418552
rua||alameda dos coqueiros|alto das flores|32654800|43,-2000452,-4418556
rua||alameda dos coqueiros|bandeirinhas|32657002|100,-1999524,-4416416;150,-166,304;225,-188,71;229,-23,6;301,-40,19;307,11,-2;308,28,-17;309,-37,24;311,-6,-6;313,5,2
rua||alameda dos coqueiros|distrito industrial bandeirinhas|32657600|1,-2000200,-4418137;4,-4,-27;5,-28,-37;7,-20,-52;9,-28,-74;12,27,32;88,-36,-99
rua||alcino rodrigues coimbra|parque das videiras|32642250|3,-2002103,-4421666;6,-35,-1
rua||alfa de centauro|cidade verde|32649448|14,-1998631,-4419698;22,-6,9;30,-5,9;37,-8,6;40,1,-7;47,-3,16;52,-10,-3;59,0,12;60,0,-7;69,1,9;70,-4,-1;79,-5,6;80,-4,8;87,3,0;90,-5,2;97,-6,14;98,2,-5;107,-3,3;110,-1,-2;118,-11,5;119,2,6;126,-5,3;127,7,0;136,-19,8;146,1,9;156,-4,-2;160,-2,18;165,-7,2;168,7,-1;173,-9,3;176,5,-4;183,-7,6;185,-1,6;188,-3,-2;193,-3,9;198,-7,-6;203,15,16;213,-25,2;223,-10,4;231,1,5;233,-18,-7;245,0,-3
rua||altamir campos|jardim nazareno|32659634|23,-1999634,-4413354;32,-5,5;34,-1,12;37,8,-2;64,-20,16;85,-16,22;92,10,-3;97,-19,8;102,4,-10;103,-47,13;109,35,-1;112,-18,-3;121,16,4
rua||altino caetano|inga alto|32604312|150,-1996124,-4419296
rua||anita cardinalli|bom retiro|32606450|10,-1993178,-4420363;15,-4,4;21,-4,-3;24,3,-11;37,-10,4;40,-5,-8;43,-3,3;50,-1,-7;57,-2,7;79,-20,-20;80,1,6;100,-12,-20;101,-2,5;111,-11,-4;121,-26,-12;133,-47,-39;150,35,25;153,-22,-18;155,20,17;168,-3,-6;175,-13,-6;180,11,6;191,3,1;192,-15,-15;204,-13,-3;208,2,-7;210,-13,1;211,2,3;212,7,-2;216,0,-2;223,-22,-1;230,3,-7;239,-4,7
rua||antonio bernardino costa|arquipelago verde|32655045|400,-1997634,-4418624
rua||antonio bernardino costa|petropolis|32655025|51,-1997556,-4418301;61,-81,-331;116,84,368;119,43,-31;171,-1,-37;357,-75,-339;377,-50,14;400,171,338;524,-161,-291;528,7,-35;615,68,382;630,23,-26
rua||antonio bernardino costa|petropolis|32656700|46,-1997590,-4418230;51,51,-49;116,-12,12;119,49,-39;123,18,-3;130,-100,78;171,99,-87;180,1,9;250,-90,-160;281,-31,252;300,31,-326;515,-21,305;555,1,9;615,68,-58;630,8,-9
rua||antonio caetano ou c|imbirucu|32677044|2,-1994355,-4412083;3,5,7;5,4,1;7,21,101;9,-23,-93;13,2,9;14,0,-11;21,13,51;26,-6,-34;27,-2,7;28,5,5;33,3,34;38,2,-28;40,-8,-18;50,7,44;62,6,5;79,-18,-44;126,25,60;130,-30,-78;135,18,73;145,1,-2;226,-15,-80
rua||antonio pio cardoso|novo horizonte|32606120|5,-1994653,-4419921;15,18,-7;17,9,1;19,4,-3;21,8,3;27,16,-5;31,9,0;43,8,5;44,7,7;45,-1,-7;51,214,-52;63,-197,55;77,10,-2;84,-19,1;91,34,0;105,9,-1;115,-2,-3;124,35,26;127,-21,-27;133,-1,-1;135,43,-7;139,-23,11;145,-2,-5;151,16,-1;157,-4,0;165,21,-9;168,-4,4;180,4,-2;187,11,-9;192,-1,10;204,7,-7;205,2,-4;229,21,-3;235,-8,-6;236,1,9;243,15,-12;249,2,2;255,6,-6;270,15,0;271,2,-10;283,2,4;294,18,0;295,1,-6;299,9,2;350,39,-24;364,8,2;375,30,-11;376,-23,8;388,14,-7;405,107,-49;412,-87,40;432,14,-3;450,13,-3;451,5,-15;459,5,4;464,5,4;466,2,2;467,-1,-8;475,0,-4;481,3,4;486,17,4;489,-4,-8;495,6,-3;503,7,0;511,5,-3
rua||antonio vieira da costa|jardim nazareno|32659658|10,-1999695,-4412927;18,-4,0;19,0,60;22,-13,-56;59,-29,3;66,-25,2;71,7,0;83,-11,0;95,-4,-3
rua||aureliano de carvalho|conjunto habitacional olimpia bueno franco|32671736|30,-1994260,-4418528;31,-1,7;42,-14,5;43,1,2;54,-2,1;55,0,2;66,-8,6;67,-5,7;78,-6,-2;79,-2,11;90,-11,5;91,2,0;102,-2,1;103,-4,11;114,-8,-3;115,-2,6;127,1,8;138,-19,7;141,2,5;329,76,-93
rua||aurora maria da conceicao|santa cruz|32667362|21,-1996012,-4413699;30,15,3;38,-17,-10;51,13,-12;58,0,-25;70,-3,11;82,0,0;94,-15,14;137,23,-86;146,-7,3;149,8,-16;150,-24,143;165,22,-150;167,5,-9;187,-2,-12;191,3,-7;193,2,-7;194,4,3;196,-9,-10;200,0,3;206,31,-96;212,-22,79;216,7,-19;225,-11,23;233,2,-14;239,2,-3;243,-6,-19;260,5,43;264,-2,-32;267,4,-23;272,4,1;273,-19,143;274,18,-149;276,0,18;278,11,-26;290,-5,-14;291,-5,7;317,-2,-46;320,9,21;336,3,-13;346,-4,-7
rua||aurora maria da conceicao|santa cruz|32667440|388,-1995962,-4414037;400,1,-12;405,-3,-5;410,3,-7;412,2,-11;415,-2,13;421,-9,-36;432,13,14;436,1,-16;446,3,-16;448,-2,3;450,1,-8;462,4,1;466,-4,-12;475,4,-12;486,-7,0;504,5,-10;513,4,3;516,-2,-14;519,-3,-4;530,6,-16;531,-3,0;554,7,-19;566,-2,8;579,-5,0;580,3,-15;581,-6,-3;583,7,-12;585,2,-17;587,-20,45;600,36,-28;602,-15,-8;611,3,-20;612,-2,6;663,12,-61;674,2,-5;675,-16,7;680,17,-17;687,-4,-3;688,3,-1;699,-2,-1;704,3,33;713,-13,-32;723,15,-29;730,-5,-2;732,10,4;735,-7,-8;742,29,-4;746,-23,-7;748,0,-2;760,1,-16;767,-7,3;775,10,-9;780,-5,-7;785,-14,-21;792,14,12;802,12,-16;805,-6,-6;806,-3,2;815,4,-4;830,3,-26;835,-4,11;837,5,-16;839,0,-11;850,4,2;860,0,-7;863,-9,-7;870,19,-6;882,-10,-22;896,8,-11;902,2,-12
rua||bartolomeu firmino candido|conjunto habitacional dicalino cabral|32642064|12,-2002124,-4422513;22,8,6;25,5,-7;32,5,11;35,0,-4;42,9,9;45,1,-10;52,8,12;55,0,-8;62,11,11;65,-4,-10;72,8,12;75,2,-5
rua||beta de centauro|cidade verde|32649350|8,-1998474,-4419563;15,-1,19;18,-14,-10;20,-3,12;25,-2,8;39,-6,3;50,3,3;53,-3,-1;62,-6,-1;65,-1,0;72,-10,4;79,-15,16;84,4,2;89,-15,19;94,9,-15;106,-3,5;116,-11,11;128,-10,7;156,-3,14;166,-5,6;176,-11,8;186,1,12;200,-5,11;216,-8,11;228,-14,6;237,-7,10;242,-5,-1;247,-4,7;254,-4,-7;257,-3,12;266,-11,-4;267,2,9;277,-3,-2;278,-8,-3;287,-7,17;288,8,-7;297,-16,5;307,-9,2;317,-4,1;327,-4,-11
rua||cacapava|cruzeiro|32661338|25,-1998627,-4415376;27,-47,-46;33,-10,-13;36,-10,-4;39,56,52;62,-3,2;72,-8,4;81,-9,-12
rua||cacem|dom bosco|32670578|90,-1995520,-4415038;110,-26,-19;181,62,41
rua||cachoeira|cachoeira|32602338|146,-1996703,-4421716;148,-16,-14;149,-5,-5;150,-8,-21;152,4,-25;154,-8,17
rua||cachoeirinha|capelinha|32678650|16,-1993126,-4409824;19,13,2;20,-9,-5;21,-11,11;22,-3,1;30,6,3;33,-1,-4;35,2,17;44,0,2;47,-4,5;50,9,8;51,1,2;52,2,1;54,4,-3;62,-2,12;65,6,2;70,5,2;71,-4,5;75,7,9;77,-1,-10;78,-2,4;86,8,-2;94,3,8;102,-1,7;105,6,-4
rua||cachoeirinha|conjunto habitacional jalila conceicao pedrosa|32678650|12,-1992666,-4417023;54,-27,-13;70,-13,-6;86,20,11;88,12,-11;90,-4,16;106,-62,-29;112,38,14;120,-44,-18;122,-13,-5;124,0,-5;126,-4,6;128,-1,-5;166,38,18;180,27,13
rua||cachoeirinha|itacolomi|32672445|10,-1992664,-4417012;35,-13,-7;36,-25,-7;45,15,2;47,-5,1;55,17,3;59,-29,-16;77,-11,-2;85,-7,1;89,28,9;95,-42,-16;168,67,29
rua||cachopa|sao joao|32655612|13,-1997304,-4416731;17,10,-1;21,-17,11;26,-265,203;34,245,-196;38,-234,182;41,230,-168;50,-1,-11;57,-2,6;63,-67,62;66,59,-60;81,-28,33;82,15,-21;100,-11,5;108,-96,79;110,84,-70;112,-7,9;120,-6,3;124,-9,9;127,13,0;200,-55,33;219,2,7;221,-23,10;253,-8,17;256,-11,1;258,-13,14;260,26,-25;265,-9,17;277,-18,9;285,-6,25;300,-22,-8;301,16,-7;309,-5,3;313,-4,6;320,-15,0;325,6,6;337,-9,6;340,3,5;343,-9,-6;346,-7,7;347,3,-1;352,-3,-1;353,3,9;355,-4,-2;366,-15,3;375,6,6;387,-17,13;396,-213,171;398,-7,5;399,215,-174;400,-1,-2;408,-7,4;410,-5,5;411,11,-2;420,-16,4;429,0,5;431,-6,6;433,9,-9;434,-15,4;443,-2,13;445,-16,13;450,10,-15;456,-6,4;457,-13,16;458,9,-13;460,-11,6;515,-31,36;516,6,-4;517,1,-1;519,-14,11;525,-3,2;547,-9,5;549,-2,3;559,-12,8;571,-3,2;580,18,-23;581,-22,29;583,-7,5;595,-7,3;607,-12,8;619,-4,5;631,-12,5;640,-19,12;643,9,-2;645,-6,9;650,-6,-5;655,8,4;667,-9,8;668,-10,-5;670,7,-1;673,-3,11;679,-5,2;692,-19,9;772,16,-17;776,-5,5;786,-10,10
rua||cachopa|sao joao|32655626|726,-1997859,-4416298;730,-5,4;731,10,-3;733,-1,7;735,-14,10;737,-14,12;739,0,-2;744,-26,16;770,60,-48;775,-12,15;779,-42,33;799,25,-18;825,-7,16;833,-14,0;845,-5,2;854,64,-57;865,-75,68;867,-10,6;877,-10,6;883,2,-1;900,14,-15;906,-19,12;907,-38,34;910,37,-31;912,-1,2;922,-7,5;950,-47,35;987,-15,16;1000,57,-48;1007,9,-2;1015,-14,13;1017,-5,6;1027,11,-11;1037,-30,24;1045,-7,5;1047,-3,7;1070,-26,17;1099,16,-14
rua||cactus|jardim alterosas primeira secao|32671108|34,-1995416,-4416578;46,-118,-66;50,66,38;54,2,4;56,-20,-15;60,-11,1;75,47,13;200,-91,-47;209,-1,0;215,-2,-4
rua||cacule|paqueta|32639592|20,-2003065,-4423839
rua||cadaval|jardim alterosas primeira secao|32670652|26,-1995550,-4416254;27,-33,5;30,21,3;44,12,-20;46,-13,33;51,-7,14;69,2,7;72,-1,-5;81,-3,26;93,-11,7;104,0,8;105,-4,0;106,4,-14;108,29,-70;118,-39,92;120,35,-73;129,-41,86;136,-2,-1;142,-3,10;207,12,-21;217,0,5;221,-9,21
rua||caicara|conjunto habitacional celso alves pedrosa|32675880|11,-1994128,-4413303;13,4,2;15,-4,-6;35,-224,24;72,9,-7;73,10,8;74,16,-5;75,6,-1;77,7,0;83,8,-4;89,4,-2;95,6,0;103,10,0;109,1,-1;116,100,-21;118,139,136;119,-10,-33;120,-135,-99;126,-22,4;128,21,-4;130,-28,8;135,-34,1;140,26,1;152,-24,0;155,15,-6;157,0,2;159,5,-2;165,-55,23;167,53,-23;169,5,0;171,2,2;173,3,-4;174,-90,24;179,97,-27;181,7,-2;183,-1,-2;184,-75,26;185,75,-19;187,-68,18;193,28,-10;210,59,-16;307,79,44;319,8,8;325,1,2;470,63,132
rua||caitite|jardim terezopolis|32681772|10,-1995076,-4411352;11,-1,4;12,-1,-9;13,13,-1;20,-10,1;21,0,-4;22,6,-16;23,2,14;26,-4,-8;30,3,-2;31,4,-10;36,1,-4;40,0,-3;50,3,-9;51,0,-11;60,0,3;61,3,-16;65,0,-7;67,1,-10;70,-2,20;71,3,-26;80,0,26;90,9,-33;92,-8,-14;93,0,-6;2121,-16,114
rua||cajari|jardim terezopolis|32681232|35,-1995537,-4412117;39,4,7;40,-1,0;50,-7,88;59,-3,-83;76,4,14;86,5,12;92,-2,4;98,-1,17;109,11,4;110,-13,26;112,-3,6;118,5,7;119,-2,-23;122,3,36;124,-6,6;129,2,-33;139,-2,13;149,0,10;159,2,13;163,0,18;199,-8,17;209,-4,8;219,-6,6;229,-13,5;234,48,-137;239,-53,139;240,55,-141;249,-66,145;259,-4,8;309,-15,4;319,-7,7;329,-7,1;339,-8,1;349,-9,10
rua||cajueiro|colonia santa izabel|32672504|7,-2004444,-4421170;10,14,43;11,-5,-12;16,12,43;17,-7,-23;22,7,22;23,-5,-2;28,-6,7;29,-31,7;35,19,-7;36,8,-2;38,-30,11;40,-24,9;41,37,-14;46,-47,18;48,-20,9;52,17,-8;53,34,-13;59,-19,6
rua||cajueiro|conjunto habitacional jalila conceicao pedrosa|32672504|22,-1992658,-4417564;25,3,7;33,4,9;36,-3,-8;41,-1,16;44,-3,-3;50,-6,7;55,17,-3
rua||cajuru|industrial sao luiz|32675646|29,-1993333,-4412637;44,90,-32;56,-8,-1;57,-2,8;62,-11,-4;67,9,15;76,-153,43;79,133,-44;80,0,-7;86,-142,47;93,135,-36;98,-112,32;104,112,-36;105,-6,5;110,-93,33;116,83,-38;128,-1,3;140,-17,5;146,-10,4;148,-67,30;150,63,-29;160,71,-15;170,-84,29;176,-105,28;182,95,-29;184,113,-41;196,11,-10;210,-121,31;219,-23,29;231,-28,14;241,-6,2;255,-21,7
rua||calatea|jardim alterosas primeira secao|32671106|45,-1995399,-4416516;46,-7,35;48,9,-17;52,7,-24;68,-6,9;72,6,-16;80,0,-7;86,10,-17;88,14,-20;90,5,-10;150,7,-15
rua||calatea|jardim alterosas segunda secao|32671106|44,-1995296,-4416714;253,-5,-12;261,-19,39;264,7,3;265,3,-22;271,0,16;287,6,-17;295,0,-16;303,19,-20;307,-16,8;319,19,-6;331,10,-11;335,-7,0;341,13,-23;353,-4,-12;1120,24,-35;1135,-31,42;1400,20,-29
rua||calcaia|paqueta|32639520|10,-2003073,-4423917;21,39,12;88,203,75;94,-146,-57;115,134,51;125,14,6;132,11,9;135,-5,-15;137,-146,-51;143,158,59;171,-118,-49;200,163,78;230,-103,-48;263,23,9;295,34,-13;320,3,29;348,29,18;354,1,-10;355,18,5;357,0,-1
rua||calcaia|paqueta|32639602|13,-2003052,-4423912;15,26,-1;49,-12,-6;66,30,13
rua||caldas|conjunto habitacional celso alves pedrosa|32623432|256,-1993781,-4413885;296,31,-61;306,-14,18;316,-21,21;635,-13,8;645,-7,-4;657,-31,37;659,19,-10;661,4,-7;701,-24,23;711,-10,15
rua||caldas|conjunto habitacional celso alves pedrosa|32675440|38,-1993432,-4414265;56,0,-4;60,-29,24;61,0,5;72,33,-36;82,-27,27;84,11,-21;161,-307,317;171,-90,92;188,355,-351;190,-19,6;195,-325,333;199,330,-324;200,-6,-7;204,-13,18;206,-16,1;209,-295,310;210,296,-297;211,-294,297;214,290,-293;223,18,-5;230,-32,21;231,24,-16;233,14,-21;247,-25,28;254,-31,24;261,18,-9;266,-28,19;269,19,-12;271,-228,226;272,221,-230;274,-26,32;281,30,-23;285,-10,6;290,3,0;297,-8,6;300,-5,1;309,8,-1;456,-120,118;474,-8,-1;482,-2,4;508,-16,12;568,-33,38;586,-13,18;588,-9,-1;630,-19,26;642,-13,8;660,-3,14
rua||caldelas|dom bosco|32670580|41,-1995607,-4415100;53,9,-14;91,26,-43;139,16,-21;151,2,-3;173,12,-22;185,-3,-3;197,14,-6;204,58,-72;206,9,-9;211,-53,57;220,54,-49;230,13,-20;245,-47,42;259,14,-11;266,0,-7;275,4,-5;281,10,-7;295,7,-7;308,4,0;324,9,-7;325,-8,1;330,22,-15;333,-15,10;343,16,-21;355,9,-8;382,20,-14;390,6,-4;393,-20,6;397,15,-9;399,11,-8;400,-1,6;410,4,0;430,14,-20;433,-65,63;440,66,-72;441,5,9;451,3,-8;463,15,-25;467,-2,6;475,12,-10;480,11,-8;507,-5,6;511,10,-15;513,8,-3;515,12,-7;520,-17,12
rua||california|santa fe|32603852|51,-1995604,-4420687;57,23,4;63,-8,-7;75,10,9;80,72,9;87,-63,-9;96,55,10;104,-55,-9;106,5,3;111,14,0;120,4,2;123,12,3;125,-24,-10;127,-2,2;130,27,11;135,0,-4;194,46,15;195,9,2;198,1,-1;210,4,-1;221,16,-2;231,1,4;234,8,4;241,14,-5;246,-2,10;253,2,-8;258,6,6;276,14,7;333,48,-3;334,3,-5;343,24,-3;346,-16,7;352,16,-1;358,8,0;363,-5,-8;365,-94,-18;503,107,20
rua||camapu|icaivera|32611216|21,-1985974,-4415749;23,21,2;26,-69,21;50,25,-6;55,2,-6;60,15,-27;62,0,25;65,10,-14;84,-2,8;111,17,-20;114,2,9;115,8,-15;141,-76,33;158,125,-52;159,-13,-3;180,16,-1;189,10,-11;192,10,6;200,7,-7;213,-6,-7;216,8,5;217,-36,13;221,17,-13;225,23,-14;228,7,7;232,5,-8;237,12,-16;240,-6,16;249,6,-9;252,-3,9;261,8,-12;264,11,1
rua||cambara|santo antonio|32684006|22,-1994862,-4411051;70,18,-55;98,1,-57;116,0,48;126,-2,-11;170,19,-93;172,-12,8;174,4,5;176,2,5;178,-7,10;222,11,-134;223,23,7;267,-7,38;275,-41,210;289,36,-186;311,2,21;362,9,-59
rua||camboja|petrovale|32668010|195,-1998896,-4411222;269,1,49;284,9,-2;293,-6,-22;300,7,-18;302,0,-7;305,-13,2;329,3,-5;349,-4,-24;377,-2,-31;389,1,-14;401,2,-2;413,-4,-14
rua||cambuci|santo antonio|32684018|4,-1994931,-4411094;6,11,-1;18,24,16;22,12,8;28,-10,9;30,32,-34;32,-29,24;35,75,116;36,-93,-127;48,24,9;50,-2,25;70,101,151;88,-3,-20;90,-12,4;98,-8,-74;130,-41,-138
rua||cambui|parque do cedro|32611776|9,-1985130,-4416186;29,37,45;30,44,34;38,-45,-52;40,-20,-4;65,-309,-91;70,9,7;72,178,7;77,-118,33;81,38,-56;83,26,-3;85,19,6;96,28,9
rua||cambuquira|jardim terezopolis|32623460|6,-1995372,-4412270;48,-41,-11;49,0,1;50,-81,-25;51,65,29;55,5,-9;58,-31,-8;62,1,0;68,19,4;71,-4,2;72,14,-5;85,-44,-3;111,0,-1;113,-6,-1;131,-2,0;133,-11,0;141,-7,-4;154,0,-6;170,-20,-4
rua||cambuquira|marimba|32623460|8,-1991774,-4427844;79,30,-5
rua||camby|icaivera|32611084|21,-1986585,-4415698;29,104,59;33,-81,-54;35,23,9;41,47,38;46,-8,-10;53,0,9;54,-5,-7;58,-19,-12;65,14,6;77,-11,-8;80,-87,-75;84,1,33;85,-13,-60;89,91,101;94,-99,-66;96,54,35;107,17,15;112,10,-3;113,-8,3;126,-10,-5;148,-6,-8;150,-7,-5;174,-20,-5;175,-8,6
rua||camelia|jardim alterosas primeira secao|32628158|639,-1994532,-4416777;651,-8,2;660,-2,-5;662,2,-2;663,-15,0;664,15,0;666,0,0;675,-21,-5;676,0,-5;687,-11,2;688,3,-4;699,-6,-9;700,-7,8;711,-6,-5;712,1,-9;723,-15,-5;724,2,6;735,-15,-4;736,2,1;747,-8,-3;748,1,-4;759,-9,0;760,-4,-5;771,-11,3;772,5,-7;773,-11,-3;784,-2,-21;785,-12,16;796,7,-3;798,-13,-6;808,1,-3;809,3,9;819,-18,-8;820,7,-3;831,-16,-5;832,2,0;843,-13,0;844,9,-2;855,-16,-6;856,2,-11;867,-16,24;868,15,-14
rua||camelia|jardim alterosas segunda secao|32628158|13,-1994024,-4416526;16,-2,0;26,-14,-14;35,7,11;50,-13,-13;51,-1,5;60,-9,-5;63,-7,-6;70,-10,-3;81,-3,1;84,0,-2;90,-8,2;91,-1,-6;100,-7,-1;105,1,1;111,-8,-7;118,1,2;127,-13,-11;129,0,11;138,0,-8;142,-10,-3;144,-4,-2;155,-9,-5;156,8,5;179,-609,-300;191,-7,-4;195,566,282;209,1,-2;210,-13,-10;221,-1,2;230,-5,-6;235,-4,4;245,-8,-12;252,-21,-6;257,4,2;267,-7,-2;277,-8,-7;278,22,12;280,-18,-12;285,-188,-87;288,194,89;290,-20,-5;292,1,-2;294,-2,-3;295,-3,5;301,-2,-2;304,-8,-3;308,-3,-1;310,-5,-5;312,2,-7;321,-2,11;325,-5,-3;328,-3,-5;337,-10,-2;340,-3,-4;349,-1,1;352,-7,-6;363,-6,-3;364,-3,0;372,-6,-11;373,-6,5;380,-16,-14;382,20,8;384,-33,-11;392,-7,-8;395,-3,4;397,-12,-3;399,-12,-7;404,16,7;411,16,8;416,-31,-20;440,-14,-1;452,-4,-9;471,4,11;473,6,2;483,-13,-5;495,-14,-7;518,-7,-11;519,-7,1;520,2,-2;531,-20,-3;533,-469,-236;541,459,235;543,4,3;545,-14,-4;546,15,-6;556,10,4;567,-29,-5;568,34,10;569,-44,-19;580,36,-4;582,-21,5;583,-21,-3;586,3,4;597,-13,-11;600,10,10;610,-11,-6;611,-15,-10;614,15,9;618,-4,-8;878,-248,-127;888,-7,1;890,-6,-3;891,34,21;903,-4,-13;915,-19,-4;927,-11,-4;929,-3,-7;931,-2,-2;951,-9,-2;962,-14,-3;963,4,3;975,-13,-4;987,-16,-3;999,-5,-9;1011,-13,2;1023,-13,-8;1045,-1,-6;1047,-10,-3;1059,-15,-3;1070,42,10;1071,-52,-15;1080,16,-1;1083,-18,-4;1095,-18,-7;1096,-31,-10;1107,30,4;1119,-31,-7;1145,-19,-11;1146,6,0;1181,-18,-10
rua||camelia|vianopolis|32628158|85,-1994950,-4427004;89,-30,-16;91,-19,19;105,-14,-36;119,-9,-4;133,-17,35
rua||campainhas|jardim alterosas primeira secao|32673112|33,-1994078,-4416846;35,-7,-4;59,-4,-3;69,-15,-5;75,-1,0;87,-23,-12;99,-9,-4;111,-7,-2;113,2,0;123,-8,1;135,-9,-12;151,-9,12;163,-15,-19;179,-14,-6;181,-4,-4;228,-40,-25;240,-10,-7;250,-9,-4;255,-8,0;258,-7,-7;262,-23,-14;268,6,5;270,9,2;271,-1,6;274,-22,-13;286,-10,-7;289,8,10;297,-16,-11;298,38,17;309,-47,-16;315,-11,-8;321,-1,0;334,-26,-15;338,12,3;345,-30,-9;346,-11,-7;351,0,2;357,33,14;367,15,8;391,-28,-14
rua||campainhas|jardim alterosas segunda secao|32673112|40,-1994082,-4416854;62,-7,-4;76,-22,-4;84,9,0;85,-8,-2;96,-8,-9;102,-12,-5;104,-4,-1;112,-12,-1;122,3,3;124,-7,-7;136,-11,-6;150,-14,-5;160,-10,-6;178,-12,-5;200,-8,-7
rua||campestre|dom bosco|32670598|600,-1995261,-4415924;602,-6,-1;626,22,5;640,18,17;650,-32,-21;682,63,40;684,-59,-33;698,73,43;704,46,18;752,-5,1;754,14,11
rua||campestre|dom bosco|32670648|14,-1995720,-4416195;34,19,15;36,-6,-14;48,27,17;60,3,6;72,10,4;82,11,4;84,0,8;96,7,-2;108,3,-1;120,5,7;132,4,0;140,12,13;144,-2,-5;146,13,13;240,66,38;250,-28,-17;252,22,17;264,26,7;486,193,137;516,-224,-148;542,247,146;554,15,6;580,4,3;590,2,3
rua||campestre|dom bosco|32670716|330,-1995476,-4416056;344,11,10;354,9,5;366,4,5;392,26,14;400,9,-1;412,10,7;424,1,5;438,10,7;450,19,6;462,9,6;474,2,7;476,7,-2;478,1,5
rua||campestre|jardim alterosas primeira secao|32623390|29,-1995721,-4416198;48,666,397;55,-644,-383;75,-19,2;100,598,336;101,-573,-339;115,12,6;117,6,3;151,30,4;161,15,21;175,-9,-3;221,45,31;227,1,1;239,14,9;251,12,10;288,71,43;290,10,5;291,-50,-26;292,58,38;309,-42,-33;333,13,4;367,63,25;391,274,178;421,-238,-145;427,6,3;436,6,4;443,7,9;447,-2,-9;475,-30,-21;485,87,53;531,17,14;545,11,8;589,12,5;603,12,13;613,18,-3;615,16,17;685,57,36;699,15,10;860,147,108;873,-17,-19;885,26,-9;887,-7,6;1001,-45,-19
rua||campestre|marimba|32623380|20,-1991713,-4428130
rua||campestre|marimba|32623390|31,-1991710,-4428141
rua||canaa|marimba|32623472|11,-1991822,-4427766;14,5,-5;15,6,-55;16,-7,46;18,1,-39;40,-4,7;75,48,75;76,-2,-11;77,-22,8;87,-22,-1;88,1,-18;214,57,86;224,7,6;290,-42,-39;307,-14,-12;363,-13,-42;383,83,148;392,8,-16;400,-7,-26;406,-5,-2;408,-2,-8;410,-1,-6;412,-20,-14;506,-6,-11;778,27,105;800,-3,44
rua||canaa|renascer|32687328|23,-1994356,-4409620;34,-10,6;57,-24,16;60,22,-10;65,-2,-6;67,-27,13;70,17,-6;75,3,1;80,-12,2;87,-26,11;90,15,-6;94,-10,4;95,6,-6;100,0,6;102,-6,1;104,-7,0;106,-8,5;107,-8,8;117,-7,3;135,-7,3;139,28,-16;150,-22,8;154,-19,6;155,-6,6;157,-10,7;158,4,-8;164,6,0;166,-14,3;171,-3,6
rua||canada|petrovale|32668006|32,-1998827,-4411187;48,4,55;50,1,9;96,-11,-92;152,-2,-27;256,-2,-75
rua||canavieira|paqueta|32639602|10,-2003111,-4423812;15,-3,-9;19,22,-16;20,158,-127;23,-98,90;50,-70,52;52,10,-10;53,-13,4;54,96,-66;55,-93,62;57,6,-6;61,1,9;73,5,-7;85,176,-102;91,-165,91;92,81,-122;103,-65,115;115,7,-1;121,4,-9;560,97,-81;586,33,9;602,7,31
rua||candeias|sao jorge|32639330|86,-2002283,-4423528;130,-19,-17;133,-12,-27;145,72,86
rua||candelaria|industrial sao luiz|32675580|1,-1993247,-4413211;2,-1,0;3,10,10;4,-15,-6;5,15,6;9,26,10;10,-24,-11;13,11,4;16,5,15;18,13,4;19,-9,-16;20,18,19;21,-11,-12;23,18,9;27,-38,-20;30,38,25;31,4,-1;32,95,64;35,-90,-63;41,1,3;42,-6,3;51,6,-2;63,23,15;70,24,27;78,6,3;90,-51,-41;95,39,24;107,9,6;110,-40,-27;119,43,23;120,-20,0;122,-33,-24;130,73,51;131,-8,-11;143,10,8;150,14,15;153,4,-9;162,-23,2
rua||candida da silva cirilo|parque das industrias|32671446|130,-1995680,-4418427
rua||caninde|sao caetano|32677546|36,-1993952,-4411523;40,-18,-11;44,-10,-8;45,1,9;46,-15,-11;47,6,1;58,-11,-10;59,-6,3;70,-3,-4;71,-2,3;82,-6,-14;83,-15,-1;85,16,13;93,-13,-16;94,2,6;95,-6,-1;107,-2,0;109,-9,-10;110,7,1;115,-6,-4;119,-9,1;120,2,-4;131,-12,6;138,2,-17;143,-16,8
rua||capao|bandeirinhas|32659005|5,-2001468,-4416237;812,128,-6
rua||capelinha|itacolomi|32672590|2,-1992310,-4417331;4,-5,-11;8,125,72;15,-11,-3;25,-17,-13;29,32,17;31,19,10;33,13,6;34,-76,-39;35,6,5;39,-10,-9;45,-17,9;59,-14,-20;61,-12,-2;75,-6,-6;87,-2,-2;89,-7,-1;95,-4,-2;100,46,26;101,11,3;102,7,2;103,14,10;112,-57,-30;118,-15,-8;120,-16,-5;170,135,62;174,5,3;178,1,-1
rua||capetinga|industrial sao luiz|32675642|12,-1993442,-4412460;42,-69,-14;49,-72,-9;51,-13,-9;92,58,22;98,-16,-7;105,27,4;120,-1,2;132,10,3;137,-10,37;144,25,-36;153,-61,-7;156,-29,-11;165,20,7;198,96,26;204,14,-5;210,26,9;230,-50,-22;305,-121,-24
rua||capri|arquipelago verde|32656820|37,-1998478,-4418387;57,14,-13;65,13,-13;85,11,-9;111,8,-8;120,-49,-170;121,57,154;133,1,-23;173,0,-29;201,-7,-23;241,10,10;251,0,65
rua||capuchinha|jardim alterosas segunda secao|32673256|35,-1993458,-4416651;42,10,5;46,234,29;49,-16,8;63,-218,-37;64,13,7;65,8,-4;68,-7,0;72,41,3;74,1,-1;77,-15,-3;78,53,7;80,8,3;86,4,-1;88,-64,-5;90,73,9;134,140,29;149,-125,-28;151,-21,-3;153,10,0;155,17,7;157,0,4;159,8,-8;161,4,8;200,12,-1;220,-1,-1;221,8,6;222,3,-7;225,15,8;227,-3,3;230,-4,-8;231,-8,3;234,-6,-3;237,13,4;249,13,2;259,2,-2;261,11,-4;278,-6,8;301,52,6;310,-17,-2;313,4,-1;314,14,13;316,-11,-8;322,-26,-4;328,-2,-1;331,-9,-7;333,-11,3;334,17,0;335,8,0;337,-14,1;339,-17,-5;374,73,5;376,-8,3
rua||carainambi|icaivera|32611010|1,-1986856,-4415344;2,-7,-55;4,2,-6;10,4,37;12,-14,-5;16,17,-51;21,-4,-137;43,-6,94;45,0,21;48,8,-20;50,-2,12;64,6,-16;76,-6,-26;88,-12,0;115,20,-32;148,-4,-47;160,3,-11;166,-3,82;172,2,-102;200,1,-18;227,-6,78;279,23,-42;298,-12,-19
rua||caraja|laranjeiras|32676444|14,-1994666,-4413045;22,21,-11;23,-22,14;25,3,-6;27,12,-7;37,240,-164;38,-232,163;39,10,-13;40,46,-29;44,148,-105;47,3,5;50,-201,140;51,186,-127;52,-144,98;63,150,-101;71,-182,112;83,12,2;84,1,1;123,114,-86;138,-2,0;140,-20,14;141,18,-8;142,-8,3;157,56,-31;159,-57,41;160,-2,-6;171,-11,10;177,-6,3;183,-2,6;186,2,-9;194,-13,3;195,0,10;206,-7,1;207,4,3;216,-13,-1;220,2,10;228,-15,9;260,-21,11;278,-14,8;279,7,4;303,-16,7;322,-27,11
rua||caramuru|laranjeiras|32676618|10,-1994442,-4412208;12,6,-1;13,4,-1;15,3,-2;28,4,-11;29,1,-2;40,12,4;41,6,-7;52,4,-4;53,-1,-1;64,8,-2;65,-1,9;72,3,-12;75,4,-14;76,0,10;77,0,-2;79,12,-13;88,-2,14;90,6,-6;106,307,-212;111,-296,205;120,-2,2;145,33,-27;159,8,-5;171,9,-2;176,16,-10;180,-9,8;183,-15,-24;190,39,5;195,-14,4;197,1,-1;199,0,-8;201,10,3;205,14,-5;207,-14,5;236,9,4;248,7,-12;270,29,-23;294,26,-18;295,-22,17;300,0,-2;305,21,-10;306,-1,-7;314,0,1;325,16,-11;326,-4,-5;335,17,-5;338,-6,2;347,19,-8;348,-12,8;355,15,-11;365,0,-3;367,5,-7;369,1,0;370,-4,10;410,26,-23;419,19,-12;428,2,9;431,12,-10;433,-6,-5;435,-1,6;437,9,-5;440,-7,6;444,0,-12;445,14,-3;456,3,-3;457,5,-1;468,9,-3;469,0,-4;480,12,-4;481,-1,-2;499,68,-50;502,-66,44;504,62,-33;516,6,0;517,12,-19;528,-1,3;535,-41,32;537,3,-2;552,7,-6;563,4,-6;600,28,-22
rua||carandai|chacara|32670324|25,-1996292,-4418643;30,-12,-4;35,-1,9;36,5,-15;42,-11,-1;54,-2,0;55,-5,6;65,-15,-1;66,6,-5;78,-12,-11;83,6,13;87,-16,-11;90,0,-8;101,-15,6;113,-10,-11;125,-8,2;126,-10,-8;135,-2,7;149,-9,-8;150,3,-1
rua||carandai|filadelfia|32670206|196,-1996467,-4418713;200,-15,-5;205,-1,5;212,-6,-7;232,-20,-8;238,4,-4;250,-17,-4;260,33,14;261,-11,7;265,-37,-20;272,-2,-4;273,33,15;274,-28,-13;281,8,4;284,-16,-10;308,-48,-24;310,6,5;321,7,13;361,-15,-11;363,5,-1;384,-44,-20;391,21,17;394,9,-3;401,-18,2;407,4,-6;413,-9,7;438,-26,-24;445,-11,1;456,4,-4
rua||caratinga|capelinha|32678590|10,-1993527,-4409888;23,-29,-17;30,3,-2;47,13,5;53,16,4;55,-6,0;67,1,-9;85,16,19;104,-42,-14;106,12,1;108,11,7;114,7,4;115,37,22;116,-22,-14;121,28,20;123,5,0;124,-7,-3;126,4,4;133,8,0;139,8,4;149,6,1;151,6,3;165,7,5;173,9,-2;176,-1,-5;181,9,10;189,1,2;201,15,4;204,-10,-1;205,-10,-10;206,-8,-5;208,30,6;210,4,15;212,10,1;213,-7,-3;214,-1,3;216,-3,3;220,20,8;221,-11,-8;224,14,0;229,-11,-3;230,22,10;235,-15,-8;236,20,14;237,-20,-12;240,20,13;244,11,8;245,-20,-16;248,24,10;254,3,6;258,8,-8;262,10,1;266,6,3;271,9,10;274,25,-3;287,-43,-6;295,4,1;300,94,13;301,-87,-10;304,61,8;306,2,1;308,-41,-4;310,52,6;313,-62,-16;314,84,14;321,-77,-11;322,79,13;331,-66,-9;341,4,6;350,18,1;351,-3,-6;352,-16,2;359,17,5;367,4,-4;375,16,4;383,5,-3;391,3,1;399,8,8;409,11,-8;417,10,4;420,50,12;425,-54,-23;430,5,6;433,16,-16;434,15,-4;437,-11,12;439,-3,4;445,-3,-16;447,8,12;452,-9,11;454,5,2;456,0,7;457,16,-5;465,7,6;473,7,-12;475,-4,7;480,8,3;481,0,-2;1602,-31,-44;1620,-5,1
rua||caratinga|marimba|32623382|7,-1991811,-4427937;8,5,13;15,1,-92;23,-7,27;26,-2,122;90,10,-301;92,-1,8;93,3,16;94,1,-75;95,-8,-15;96,10,-10;97,-2,-12;160,-6,3;161,0,13;162,-2,31;163,5,20;164,-6,13;165,-2,8;166,-1,21;168,1,19;169,4,17;170,-3,13;171,-4,-2;173,-2,29;176,2,36;232,-3,77;233,8,47;234,-17,7;235,6,4;236,4,31;237,5,-15;240,-11,-67;243,8,9;244,0,-29;246,3,-2
rua||carcavelos|dom bosco|32670582|28,-1995397,-4415189;34,23,18;52,-2,-6;90,-150,-117;97,-4,4;120,72,51;130,21,14;136,-20,-19;172,-12,1;182,-33,-30;198,-6,-8;228,-7,-4;230,-2,-8;240,43,46
rua||carinde|jardim terezopolis|32681412|15,-1995143,-4412258;16,-6,-3;31,8,17;39,-3,-4;49,9,16;54,5,12;55,-15,-47;58,5,33;59,10,12;62,-15,-30;66,13,32;69,9,3;78,0,6;79,0,-1;87,3,9;90,-4,5;99,9,10;112,-1,6;120,6,5;125,1,3
rua||carinhanha|jardim alterosas primeira secao|32672226|137,-1994282,-4417030;149,15,2;155,23,9;157,47,15;167,-20,-4;169,-1,-2;171,-103,16;175,79,-24
rua||carinhanha|jardim alterosas segunda secao|32672226|97,-1994030,-4416941;107,-27,-16;207,-25,1;237,-21,-9;249,-5,-10;261,-14,0;273,-10,0;285,-11,-3;297,-8,-5;309,-7,-3;327,90,38;472,62,15;808,33,4
rua||cariranha|senhora de fatima|32672226|118,-1994097,-4416964;177,-166,-67;182,41,15;188,25,11;190,11,3;192,18,1;194,14,-1;200,11,8;228,36,16;240,-14,-4;244,-83,-27;256,-13,-4;280,-18,-6;294,-13,-7
rua||cariranha|senhora de fatima|32672228|60,-1994044,-4416954;721,-4,-2
rua||carlos cezar campos|cachoeira|32603152|25,-1996022,-4422010;38,-9,-5;64,-23,-16;73,-4,2
rua||carlos chagas|amarante|32676038|29,-1994554,-4413681;44,13,12;56,-13,-19;61,-9,-14;74,0,-5;79,-9,-9;90,6,-1;101,-19,-2;102,10,-8;107,-5,-10;119,-10,-8;120,8,9;129,-12,-26;141,-8,-18;142,12,6;159,-13,-6;160,0,2;169,-3,-7;176,-12,-18;197,2,7;200,-1,-18;250,-17,-34;260,1,-10;270,-16,-19;280,-4,-13;285,11,20;290,-15,-28
rua||carlos chagas|betim industrial|32676038|1,-1996153,-4417201;2,-41,30;3,15,-5;4,-13,-14;5,0,38;6,-8,-3;7,46,-43;8,-31,103;9,-3,-30;10,10,-61;11,9,2;13,-15,67;14,10,-77;15,-3,104;17,-4,-19;18,17,-86;20,-98,-175;21,78,197;22,-66,-153;23,58,188;26,44,-67;27,-40,84;28,29,-76;29,1,-4;31,-68,-42;32,-4,-6;35,3,-24;36,60,235;37,-65,-223;48,29,95;54,-46,-172;65,32,-11;72,55,310;74,-5,16;86,5,13;146,-70,-257;169,-20,-94;298,65,252;340,8,37;345,9,-4;349,-5,14;397,-40,-260;411,59,310;415,-5,-7;416,6,26;421,-2,-10;431,2,11;438,-2,4;443,5,10;453,4,8;455,5,25;457,3,0;459,3,8;464,-16,-31;465,13,15;475,6,31;502,-4,2;514,2,10;523,2,-6;535,4,17;624,0,14;626,-4,-15;637,18,59;649,4,5;674,8,51;685,9,11;686,-3,6;695,13,10;698,-14,-8;703,13,26;705,-6,-1;707,2,-13;710,-7,10;712,7,6;714,3,5;717,-6,8;755,9,19;795,23,52;802,-8,-9;804,3,2;831,9,14;832,-1,13;896,5,38;999,-210,-765;1007,274,986;1019,15,5;1110,-15,11
rua||carlota cardinali|senhora das gracas|32604630|266,-1994290,-4419553;270,-1,3;274,0,0;278,-8,6;286,-1,-1;287,-41,99;304,33,-88;330,-25,46;333,11,2;349,-1,1;350,-9,12;353,-6,0;357,5,-1;370,-8,14;418,-13,20;422,1,4;426,-5,5;457,-104,216;459,-9,21;481,-7,15;544,65,-130;548,0,-13;556,-7,16;566,3,-7;582,-11,20;608,-10,26;620,-5,9;621,-6,1;622,0,10;651,-17,17
rua||carlota cardinali|senhora das gracas|32604666|13,-1994187,-4419764;33,-12,37;35,11,-21;45,-15,28;49,-6,16;60,18,-57;63,-33,77;68,24,-44;78,-12,16;90,-7,11;109,-2,8;114,1,-5;118,-50,93;120,-3,2;122,36,-66;130,-23,39;158,13,-5;160,-3,-14;161,5,-3;162,-7,6;163,4,-5;164,-6,7;165,6,7;169,-5,9;181,-2,-2;192,-13,12;207,0,22;215,6,-15;219,-7,25;220,-9,-2;235,6,9;244,-4,-4
rua||carmelita|filadelfia|32670194|20,-1996598,-4418409;41,-67,-16;78,43,11;83,22,8;90,-28,-10;95,19,32;96,-34,-41;110,-22,-6;116,5,2;968,63,25
rua||carmopolis|industrial sao luiz|32675665|178,-1993277,-4412438;184,-18,6;196,-16,7;208,-9,2;220,-11,1;222,-11,0;238,2,3;244,-10,11;256,-5,1;262,-7,2;268,-6,4;280,-9,5;300,-14,8
rua||carolina|dom bosco|32670594|5,-1995396,-4415522;18,-39,133;31,69,-109;32,-40,-27;33,22,15;43,8,10;46,-11,-14;47,24,20;59,10,4;60,-17,-8;74,13,-1;84,11,13;85,-10,5;86,26,6;87,-12,-11;88,11,10;93,-2,-6;96,12,7;102,15,24
rua||carolina|sao caetano|32677644|26,-1993492,-4411127;36,-2,-2;41,-57,-11;48,-6,2;50,-24,-18;51,70,51;53,-40,-33;54,-14,-4;57,43,4;58,13,6;59,-35,-7;60,-2,3;61,18,7;62,4,-4;63,-47,-20;74,66,23;140,-84,-36;148,-17,-27;155,18,30;160,-13,-15;163,5,6;175,-6,-9;176,-5,-8;187,-12,-4;199,4,-14;202,1,0;204,5,5;218,0,-28;221,-21,-2;226,5,-3;233,-1,-3;238,-11,-22;245,1,15;247,4,4;249,4,-1;313,7,24
rua||carpa|sao caetano|32677566|3,-1993796,-4411646;11,-36,-41;13,27,25;43,-26,-26;46,2,-2;51,-3,8
rua||cascais|sao joao|32655602|11,-1997309,-4416780;20,11,14;32,-9,-16;48,-1,-10;49,-27,-23;56,26,17;74,0,-10;100,2,47;120,-14,-173;124,6,10
rua||cascata|citrolandia|32641634|10,-2003431,-4423046;11,-5,4;15,-9,-8;17,-13,2;19,-6,-3;20,25,-1;25,-39,29;30,32,-27;40,-11,-16;50,4,-8;60,5,-9;70,-8,-9;80,-2,-14;90,-4,-11
rua||cascatinha|petropolis|32655162|10,-1996761,-4417678;14,-77,57;20,79,-53;22,-69,51;26,0,0;28,6,-5;30,52,-37;38,-40,36;41,3,-6;50,-1,5;51,6,-9;61,10,-5;66,0,3;70,25,-22;94,-3,5
rua||castanhal|capelinha|32678600|25,-1993355,-4409839;26,6,-4;27,-2,-2;253,-6,11;279,-1,-31
rua||castanheiras|residencial taquaril|32606408|14,-1992959,-4420226;15,3,-11;16,0,1;27,4,-6;30,4,5;36,9,1;39,4,-13;48,9,-9;60,17,-10;63,-18,5;65,-3,-2;67,6,-2;69,-2,2;72,26,-12;75,-23,5;80,20,-10;86,27,-9;87,-34,13;93,1,-7;99,9,3;101,25,-23;109,-34,-5;111,19,7;134,20,1;146,7,-7;151,-7,9;155,4,-4;158,14,-2;163,-7,-14;165,0,-1;167,1,0;169,3,-1;170,7,0;171,1,0;172,2,-3;180,9,-2;181,-4,-4;184,2,2;188,2,-1;192,3,-1;194,-10,13;195,13,-25;205,-2,-31;206,18,27;231,8,-19;256,17,17;266,9,-24;268,8,-2;280,9,-5;290,8,-14;291,-8,3;303,11,-15;308,3,8;336,24,-16;342,23,-19;348,-16,16;358,7,-10;363,29,-33;367,-23,19;381,4,-6;382,7,5;394,13,-13;406,1,1
rua||castanheira|icaivera|32611880|2,-1984834,-4416247;4,9,-9;7,-6,-3;15,-7,21;40,60,-67;85,36,-49;87,-4,4;88,-49,59;100,10,1;148,25,-41;150,-5,5;176,29,-32;188,-6,4;200,14,-15
rua||castanheira|marimba|32623375|3,-1992286,-4427892;7,31,7;8,20,-2;12,43,-21;13,-42,78;19,112,-130;24,22,-55;25,0,-15;223,-162,276
rua||castanheira|vargem das flores|32672518|9,-1992887,-4417592;17,-9,-8
rua||catanduva|chacara|32670334|7,-1996374,-4418385;21,-13,0;30,-5,-3;37,-15,-1;44,5,-6;49,-6,3;56,-3,-3;68,-7,-8;80,-15,-7;91,30,-13;92,-36,17;102,-10,-2;103,12,6;105,-6,-4;126,-27,-10;138,-18,-3;140,-8,-5;150,-3,-7;162,-24,-10;168,13,5;174,-10,-5
rua||catanduva|filadelfia|32670196|19,-1996685,-4418504;235,117,53;240,-10,-12;245,-13,0;252,7,3;280,-10,-13;285,-16,4;292,-4,-7;308,-14,-5;322,-9,-7;332,-11,0;521,-10,-7;548,10,3
rua||catete|nova baden|32699899|29,-1995170,-4413943;32,-11,-1;43,-10,9;44,28,-13;46,8,-5;64,-57,18;75,56,-13;82,-65,19;88,-7,3;97,2,8;100,-15,0;112,-8,5;114,-5,0;117,2,-2;123,5,2;126,-7,-1;127,16,-8;137,8,0
rua||catorze|conjunto habitacional olimpia bueno franco|32699899|11,-1994373,-4418128;24,2,3;90,2,9
rua||caxambu|jardim terezopolis|32681188|10,-1995426,-4412220;20,-44,-7;22,-9,-6;23,-5,-2;25,-50,-14;27,17,7;28,6,5;30,68,14;31,11,6;33,-61,-21;35,-9,12;44,-12,-3;71,27,-4;440,-157,60
rua||cayssa|icaivera|32611026|25,-1986489,-4415269;33,-9,6;35,3,-5;37,-22,-4;47,11,2;54,-24,-36;81,4,32;95,-29,-6;107,21,-8;108,28,18;110,-22,-16;113,-16,-18;114,36,6;124,-16,-3;136,0,-1;137,-21,-12;138,15,-2;140,-2,-1;142,-1,-7;143,0,-10;144,4,35;145,-6,-40;149,-4,15;151,15,-41;161,-16,20;167,0,-13;169,4,1;177,-15,-15;188,4,-4;197,-7,3;198,3,-17;204,-27,-44;206,-3,-7;209,-13,-27;210,39,72;211,-4,7;215,-8,-17;222,8,2;235,-8,-5;238,-21,-39;247,19,30;249,-11,-11;268,-13,-33;284,-10,-11;305,12,15;310,-15,-35;313,-12,-7;317,21,26;329,-13,-4;330,3,-8;341,-26,6;347,-1,-29;348,5,1;358,-13,-8;378,21,11;379,-38,-5;380,30,0;382,-43,-5;387,42,22;399,-41,-15;400,25,-10;404,-13,6;408,-18,0;411,3,5;460,-29,-5;462,13,-3;466,-15,8
rua||ceara|capelinha|32678278|224,-1993750,-4410439;232,-7,-21;235,-10,60;242,6,-16;243,4,12;255,-6,-7;263,8,-13;277,-4,-15;289,0,-1;305,-1,-19;309,-4,-9;349,-23,-27;359,-8,-8;391,-25,-10;411,-16,-9;421,0,-6;429,-14,-4;461,-15,-9;471,-6,-13;481,-13,-4;579,-137,-87;589,-4,4;603,134,83;604,80,56;620,27,8;663,-236,-152;675,88,52
rua||ceara|granja verde|32678158|25,-1993189,-4410605;38,18,11;62,22,7;80,7,49;88,36,-22;90,-22,-12;96,6,8;104,2,0;106,-21,-16;108,31,17;109,-2,0;116,-10,37;120,14,-32;126,17,-5;132,1,0;136,2,15;140,-1,-2;144,1,-2;156,14,2;212,35,24;220,20,7;222,-6,-6;230,21,9;240,8,2;262,5,8;274,13,-1;364,71,35;376,-2,9;900,-259,-122
rua||ceara|ouro negro|32678158|21,-2000474,-4411900;29,2,10;47,2,21;73,20,16;75,5,2;87,-7,12;105,14,16;125,15,21;137,4,3;139,9,7;141,6,14;143,1,0;185,15,21;197,5,6;207,13,13
rua||ceara|senhora das gracas|32604612|22,-1994087,-4419178;31,-11,0;36,19,13;60,7,6
rua||ceara|senhora das gracas|32604732|96,-1994039,-4419139;98,-5,-5;108,24,14;110,-11,-10;111,13,1;115,150,95;127,8,4;162,-132,-75;190,27,17;202,-10,-6;218,28,16;226,-55,-31;227,22,3;229,15,10;231,-9,-3;234,41,28;260,21,9;261,-3,-6;263,8,5;265,-1,0;285,36,20;297,6,4;305,14,7;315,0,0;327,4,2;330,2,7;375,34,8;376,-10,6;377,21,1;386,-8,5;400,18,5;428,48,32;430,3,1;431,-18,-18;432,-21,3;437,25,1;453,6,1;482,-103,-48
rua||ceara|vila universal|32678095|3,-1993181,-4410598;5,3,-3;43,6,13;45,18,0;65,2,-3;67,8,10;69,4,1;71,9,1;261,130,71;301,46,0;305,2,22;309,4,-7;321,21,1;505,-18,2
rua||cedro|alto das flores|32605142|15,-1993470,-4418368;19,4,23;27,0,-8;39,4,4;51,-5,19;52,0,-13;56,6,6;61,8,10;62,-4,-5;65,5,15;66,1,2;75,10,5;76,-7,0;79,6,1;80,-4,7;89,2,2;90,6,5;93,0,4;94,5,2;103,-5,9;104,-2,-7;107,5,5;108,2,9;117,-1,-2;118,-2,4;121,5,3;122,6,2;131,4,4;135,10,13;142,-13,-12;154,11,17;159,6,9;171,-8,2;183,17,4
rua||cedro|citrolandia|32641454|4,-2003250,-4421748;7,40,57;9,-36,-57;10,0,11;21,24,32;23,8,11;31,-31,-48;35,45,66;43,-35,-51;44,-1,5;45,5,1;46,1,84;51,5,-76;52,31,35;53,60,72;58,-71,-48;65,3,2;66,-100,109;72,88,-104;82,-2,6;83,-6,7;90,3,-4;100,-8,9;101,-1,8;105,-8,11;110,-24,17;111,-1,16;112,30,-45;114,-10,2;131,-5,16;132,-6,-4;135,3,10;137,-4,7;138,-5,-13;150,-14,21;154,-22,26;158,-8,6;160,35,-34;161,-43,31;164,-11,-8;170,51,-15;174,0,8;181,-7,11;182,-1,-10;187,-6,18;190,3,-14;198,-3,12;204,-4,2;205,82,-103;215,-83,110;534,36,-218;1570,117,245
rua||celso cachorro|bodoco|32616605|133,-1992902,-4423830;134,-16,-38;136,-40,-89;138,12,9;140,-37,-88;144,23,45
rua||celso cachorro|quintas dos godoy|32616605|56,-1992885,-4423758;135,-36,-90;300,-41,-135;335,-105,-275;420,102,271;435,-143,-363;480,70,191
rua||centaurea|jardim alterosas segunda secao|32673252|46,-1993179,-4416665;63,-114,-17;65,6,-8;68,20,4;70,52,12;71,-43,-9;72,29,12;73,-39,-14;74,-6,3;75,-33,-6;76,44,-2;77,-35,0;78,36,6;79,-21,-1;80,92,17;82,-101,-13;83,36,-4;84,-59,-2;86,38,9;87,3,-3;105,35,-5;112,7,12;113,12,-4;129,10,2;137,6,1;139,-38,-1;140,-11,-1;141,53,-1;163,10,2;165,8,-4;233,-128,-14
rua||central|filadelfia|32670038|10,-1996714,-4418845;22,1,6;526,-422,-183;540,-37,-12;541,27,16;555,-14,-4;560,5,-9;575,-26,-3;586,-8,-10;595,7,6;599,-13,-10;615,-13,5;645,-29,-14;689,-35,-23;700,5,-1
rua||central|filadelfia|32670178|5,-1996695,-4418830;17,-7,-2;50,-30,-16;60,-14,-9;65,-3,4;77,-16,-8;170,-69,-39;175,-4,10;184,-47,-24;190,42,18;192,-45,-19;196,-9,-3;204,35,10;205,2,7;214,-10,-12;215,13,14;217,-17,-7;229,-10,-5;241,-18,-11;269,-17,-5;283,-31,-9;290,14,-2;295,7,10;315,-38,-17;322,6,6;334,-13,-13;345,-20,-4;346,7,0;354,-6,-2;361,-73,-58;375,53,46;382,14,5;405,-34,-10;420,-16,-9;425,-6,-5;436,-12,2;483,-44,-16;485,31,10;487,-16,-5;488,5,-1;682,138,60
rua||cerejeira|conjunto habitacional jalila conceicao pedrosa|32672506|22,-1992701,-4417563;25,1,13;33,1,4;36,1,-6;41,-2,19;44,0,-16;50,-3,22;53,6,0;77,1,23;83,2,6;99,-2,8;107,1,13;110,-7,-5;111,13,15;118,-12,-4;122,1,5;125,8,6
rua||cerejeira|icaivera|32611760|21,-1984974,-4415987;79,-39,-40;80,-4,-4;91,55,57;93,-12,-4;100,-53,-61
rua||cerejeira|parque do cedro|32611760|72,-1984919,-4415935;79,-43,-45;85,-8,-6;87,-6,-4;204,-3,-46
rua||cesareia|teixeirinha|32607648|127,-1994674,-4422647;257,43,117;259,1,1;375,37,108
rua||chapeco|marimba|32623230|64,-1992175,-4427711;190,-15,-37;192,6,14;260,12,33;276,-21,-53;280,1,1;290,21,58;300,4,19;388,-13,-38
rua||charneca|charneca|32605800|1,-1999464,-4426734;446,273,78;458,-42,100;466,40,-66;1035,-596,-244;1038,75,177;1149,91,-95;1177,98,-83;1193,18,-10
rua||charneca|charneca|32634050|9,-2002146,-4425524;3631,1206,226;3650,-32,-35;3678,-16,-8;3792,-96,-71;3793,29,8;3911,-82,102;3982,-72,22;4128,-130,-22;4538,-387,50;4608,-64,-8;4697,-126,-96;4698,-11,-10;4760,-95,-85;4874,-29,-33;5206,-236,37;5565,-368,10;5566,-50,-73;5611,19,36;5613,-17,-18;5657,-20,-3;5670,14,-23;5690,15,-21;5700,-37,-8;5714,-19,-7;5728,-7,-8;5729,-9,5;5736,19,-25;5888,-107,-145;5903,-30,9;5940,4,-24;6273,-331,98
rua||charneca|charneca|32634100|301,-2001031,-4424974;1237,-191,832
rua||charneca|charneca|32634200|2753,-2000432,-4424633;2818,-36,-70;3023,-80,-119;3173,-125,-145
rua||charneca|charneca|32639200|3025,-2000628,-4424856;3064,14,-33
rua||chile|petrovale|32668018|13,-1999023,-4411176;43,-6,-5;55,4,-10;62,-3,-5;64,10,-12;67,-10,-2;74,7,-15;76,6,9;79,-12,-2;82,4,-14;84,5,2;94,-6,-15;96,6,3;99,-4,-4;100,5,5;107,-18,-33;108,14,7;110,0,9;120,0,-22;131,-3,-9;132,8,-1;133,-9,-23;144,-1,19;155,-2,-18;164,0,2;173,-5,-6;174,12,-7;176,3,-14;198,19,0;226,-21,-27;238,1,-8;310,16,-49;313,13,-14;340,4,-44;395,3,-34;401,6,-12
rua||china|petrovale|32668022|71,-1999132,-4411026;83,7,-12;156,48,-138;175,-22,79;177,4,9;204,15,-126;216,-1,15;235,-8,22;237,0,-60;239,0,107;247,-3,-54;366,8,-37;378,0,-18;397,-7,-8;400,7,-11;416,4,-34;420,-4,19;424,4,-9;427,-17,-4;429,11,-3;444,0,-10;445,-2,-9;447,-6,-4;451,-3,-28;460,6,31;474,-2,-17;477,2,-5;522,-7,-54
rua||chita crespa|jardim alterosas primeira secao|32671114|69,-1995531,-4416533;81,2,-15;88,-12,-5;91,5,21;93,-4,-14;100,0,-11;105,-6,-6;110,-2,-5;116,-10,1;117,4,-8;120,-2,0;121,-1,-5;129,0,-6;130,-7,-1;142,-4,-6;144,6,0;146,-1,-1;165,-17,-27;167,10,3;169,21,54;178,-27,-53;180,-11,-20;182,10,26
rua||chitas|duque de caxias|32673310|35,-1993646,-4415498;37,1,-6;95,14,-4;100,-5,1;300,-13,34
rua||chitas|jardim alterosas segunda secao|32673310|7,-1993621,-4415533;39,15,-26;42,-1,-1;52,5,-3;86,-17,22
rua||cinco|amarante|32676054|4,-1994767,-4413947;5,1,5;12,0,0;22,-2,-20;37,-5,-12
rua||cinco|california|32618540|30,-1990950,-4426474;80,-49,246;87,56,-492;123,-10,-19;133,7,93;143,2,11;150,-7,-53;153,4,98;158,1,310;160,-5,-212;173,-5,32;180,9,148;216,1,-38;223,-4,7;445,-88,136;575,79,-31;588,15,-458;597,0,436;600,-21,18;610,16,-84;614,-4,-34
rua||cinco|citrolandia|32635106|19,-1999909,-4423038
rua||cinco|citrolandia|32635150|18,-2000003,-4423007
rua||cinco|conjunto habitacional celso alves pedrosa|32600802|12,-1994266,-4413003;16,-48,21;28,-4,2;40,7,-8;52,13,0;56,0,-1;60,10,3;66,6,-7;70,16,-10;88,42,-4;90,-16,9;97,-67,12;99,11,-6;100,37,-4;103,27,-7;113,-22,-15;115,4,16;123,-24,2;124,38,-1;125,-56,13;129,62,-21;131,0,-1;133,-38,11;134,39,-5;135,6,-7;136,10,-1;137,12,0;138,8,-5;143,-80,21;144,56,-11;162,18,-7;174,8,24;184,-6,-23;230,59,-16;235,-11,1;240,19,-13;248,12,2;250,-23,4;254,24,7;260,9,-14;340,14,-57;521,-47,71
rua||cinco|contagem|32689018|12,-1994892,-4407352
rua||cinco|contagem|32689022|9,-1994887,-4407353;20,-9,-13;30,3,-22;38,3,-2;40,5,-8;48,7,-1;60,4,-9;72,10,-11;86,8,-11;126,20,-28;136,3,-5;146,6,-10;156,2,-6;166,7,-6;176,4,-9;186,8,1;196,5,-8;206,2,-8;216,5,-7;222,2,1;226,1,-11;236,6,-1;244,10,-14;254,-1,-1;266,22,-15
rua||cinco|cruzeiro do sul|32672705|350,-1993261,-4416231;370,8,-11;382,0,-6;394,3,-10;416,11,-16;432,0,-22;444,-2,-5;450,11,-13;464,8,-15;476,4,-12
rua||cinco|cruzeiro do sul|32672772|249,-1993304,-4416128;253,0,15;255,8,-20;257,0,-13;297,-14,42;303,31,-83;311,0,-1;321,7,-21;323,-60,159;325,6,-15;335,50,-151;337,-46,143;369,51,-160;373,12,-8;385,10,-21;395,-6,-3;431,16,-30;435,10,-8;441,1,-3;451,-1,2;463,0,-22;481,26,-52;488,-132,343;489,127,-346;500,-1,25;516,-6,-8;521,4,-4;532,5,-7;536,3,-10;540,4,-7;598,14,-54;610,9,-5
rua||cinco|cruzeiro do sul|32672810|7,-1993384,-4415912;9,1,0;11,3,-10;23,6,-13;29,4,-9;41,3,-10;80,14,-29;83,9,-22;88,-6,19;90,2,-7;91,-3,5;110,7,-11;122,8,-13;152,12,-54;156,8,9;158,-13,14;212,19,-55;216,6,-7;240,5,-22;252,5,-8;290,15,-31;302,-1,-7;314,7,-22;326,2,-2
rua||cinco|granja verde|32678148|6,-1992944,-4410236;7,3,-2;16,-12,-6;17,0,-3;26,-4,4;27,-5,-8;36,-6,4;37,-4,-6;46,-2,-6;47,-3,5;56,-4,-8;57,-4,-2;66,-9,-7;67,-3,5;77,-9,-4;87,-6,-13;88,12,9;97,-126,-65;107,103,48;123,-319,-159;264,182,97;275,5,-1;276,-15,-3;283,7,-3;288,-13,-3;295,-5,-5;300,-4,-5;307,1,3;312,-10,-7;319,1,3;324,-9,-7;331,-7,7;336,-4,-6;343,-4,-5;348,-5,-7;355,2,4;360,-10,2;367,-3,-6;372,-6,-4;379,-5,-7;388,-11,-4;395,-1,2;397,-2,-5;400,-10,-2;407,0,2;412,1,-4;419,-8,0;422,-4,-8;429,0,-2;432,-8,-3;439,-2,15;442,-5,-23;449,-5,4;452,-3,-6;459,0,6;462,-9,-15;469,61,13;479,-69,-9
rua||cinco|imbirucu|32677476|30,-1994218,-4411380;32,-2,-4;33,1,-10;41,-3,10;51,10,4;53,-14,15;63,1,-3
rua||cinco|marimba|32623420|89,-1991446,-4428646
rua||cinco|marimba|32623424|6,-1991853,-4428376;10,6,-14;12,-8,-72;16,-6,76;21,-5,-19;23,8,-17;25,-10,-21;30,-7,-32;32,7,20;36,-9,-28;646,20,11;650,-5,-10;654,5,-23;656,0,-22
rua||cinco|morada do trevo|32600802|86,-1997958,-4420488;97,18,19;160,-53,-31;170,-9,-3;186,-8,-5;190,-13,-1;201,-44,-12;203,38,16;215,-9,-4;301,56,21
rua||cinco|parque das acacias|32675784|15,-1993460,-4413040;17,11,-12;24,-19,10;30,16,-3;33,-13,27;34,2,-16;38,0,3;42,-3,6;45,-2,11;55,-5,8;57,0,0;59,0,1;61,-6,-2;62,5,-12;72,-4,12;73,-1,8;75,-3,6;82,3,-7;88,-3,10;89,0,2;96,-5,9;98,0,-4;100,0,0;102,-4,7;105,4,4;107,-1,-7;109,5,-4;120,-8,19;134,-19,14;136,5,0;138,-1,2;140,-1,-4;144,-1,7;147,3,11;151,4,10;156,-10,-8;175,-13,17;183,0,0
rua||cinco|pimentas|32621100|101,-1992569,-4428777;111,19,29;155,22,74;300,-24,-103
rua||cinco|pingo dagua|32601480|3,-1997528,-4422786;4,2,-123;20,-4,120;28,-2,27;42,1,-9;75,16,-93;93,-12,111;97,1,-1;226,-8,-56
rua||cinco|vila alpina|32655310|271,-1997587,-4416921;381,70,-66
rua||cintra|sao joao|32655608|29,-1997473,-4416628;31,-3,-6;32,4,-1;33,-7,-7;40,-2,-3;43,0,0;55,-4,-10;60,-3,-4;63,-3,-2;67,-3,-10;74,-2,4;77,-6,-7;79,-3,-5;91,-2,-1;92,-1,-6;95,-2,-1;104,-4,-7;105,-1,2;115,-7,-10;116,0,-4;132,-5,-6;137,-1,4;139,-7,-10;144,0,-6;145,-7,2;151,-7,-11;156,6,-5;163,-5,3;165,-1,-2;172,-3,-15;207,-19,-22;220,-1,-8
rua||cipo|charneca|32636300|100,-2001326,-4424887;167,64,-61;240,-5,-28;251,2,-27;252,2,10;265,1,-20;299,1,-34;300,-58,228;313,9,9
rua||ciprestes|jardim alterosas primeira secao|32673122|226,-1994112,-4416719;228,-8,-15;242,-11,4;250,-9,-16;262,-14,7;274,-20,-12;286,-4,-1;298,-2,-4;310,-9,0;322,-11,-4;334,-6,-9;340,-4,0;346,-18,-3;384,-12,-9;400,-53,-25;412,-10,-3;435,-4,-2;442,3,-5;447,-16,-4;448,-8,-4;454,13,4;459,-9,0;475,-9,-4;489,-8,-8;490,1,3;492,6,-5;498,-18,0;500,4,-13;505,-3,12;510,-8,-4;522,-9,-2;523,2,2;525,-7,-4;535,-4,-2;538,-6,-5;545,-7,-4;548,5,-2;558,-12,0;561,-3,-3;580,-10,-5;581,4,3;592,-13,-5;593,-3,1;604,-3,-6;605,-15,-6;608,7,3;609,0,-4;628,87,52;637,-108,-56;649,-26,-12;661,-5,-12;673,-8,2;685,-11,-7;697,-12,-9;709,-11,1;721,-13,-6;733,-4,-7;745,-7,1;757,-28,4;769,20,1;781,-24,-20;793,-14,-8;805,-3,-5;817,-22,-2;829,-10,-9;841,-4,-1;853,-8,-4;865,-9,-1;877,-9,-4
rua||ciprestes|jardim alterosas segunda secao|32673122|4,-1994066,-4416694;10,112,50;13,2,5;31,-18,-5;34,9,-3;40,-4,-1;46,-8,-5;51,-5,1;60,-19,-11;61,2,7;63,-2,17;64,3,-22;80,-8,-7;86,-9,-3;87,4,7;90,-5,-8;99,-2,-6;100,-15,1;108,-5,-3;110,-3,-3;111,13,10;120,-20,-16;125,2,22;135,-6,-17;147,-6,-6;160,-11,-6;161,-14,-3;163,9,1;165,-14,-4;178,-6,-6;205,-67,-24;210,-111,-55;227,88,36;279,9,10;297,-19,-12;299,4,2;311,-14,-12;321,-8,3;345,-21,-9;357,-9,-6;369,-8,-6;381,-14,-5;678,-206,-112;686,-23,-6;688,-6,0;700,-7,-4;710,-26,-7;712,14,-7;736,-25,-2;748,-5,0;760,-6,-9;772,-15,-4;774,7,2;776,-17,-9;784,5,2;794,-10,-4;796,-9,2;798,-6,-9;800,9,10;814,-20,-11;826,-12,-8;838,-8,-10;856,-6,-1;858,0,0;860,-10,-3;866,-5,-3;870,0,-3;880,-12,-2
rua||circular|industrial sao pedro|32673098|350,-1994421,-4417118;360,-5,9;372,-11,1
rua||circular|jardim alterosas primeira secao|32673098|10,-1994405,-4417023;16,13,-3;18,-3,-10;25,5,3;32,24,-5;35,-18,3;36,3,0;40,-6,6;52,12,-9;103,30,-37;114,-10,14;115,15,-17;116,-18,29;118,3,-17;120,-11,22;122,19,-26;124,7,-2;127,-16,-97;137,31,70;139,5,-4;142,-7,6;151,17,-26;153,3,1;154,-1,6;158,-5,21;160,-14,11;163,22,-45;178,19,10;180,-8,-12;189,0,-25;190,7,16;199,-17,-22;201,-24,-4;203,-38,19;204,77,-7;206,-2,-9;213,-96,37;214,100,-43;217,-39,5;219,-51,32;221,10,13;222,-8,-19;223,12,-9;224,-7,-11;225,25,7;226,36,-21;227,-24,14;230,18,-11;231,-22,10;232,16,-10;234,-3,-6;236,-22,9
rua||circular|jardim alterosas segunda secao|32673098|8,-1994546,-4417020;12,12,-11;14,-5,2;20,56,-40;99,3,-6;112,-46,36;286,3,-3;425,51,-32;442,-44,33;485,26,-18;495,-8,5;497,-4,5;509,-11,9;511,-6,1;533,-10,7;539,52,-43;679,-57,62;710,15,3;712,13,-6;715,25,-2;719,-30,0;815,1,0
rua||claudio cancado|bom retiro|32606512|22,-1993198,-4419618;43,23,16;51,8,-13;59,9,7;71,10,4;83,14,0;95,-2,2;109,-63,-27
rua||claudio clover|jardim brasilia|32671502|23,-1995239,-4418330;35,-12,-5;48,-18,2;59,0,1;75,-14,-5;84,-11,-4;97,-12,3;98,4,-8;100,-12,-11;115,24,20;117,-21,-5;119,-18,2;124,5,-10;131,-12,8;134,-7,-11;140,9,0;145,-16,6;146,-2,-9;158,-11,-1;161,3,10;175,-30,-3;178,19,-5;186,-47,-2;209,-23,5;215,29,-2;242,-26,-4;244,1,-6;254,-4,3;256,-13,-6;268,-1,0;270,-20,12;274,-11,-16;278,-18,1;286,-33,-7;292,-19,-10;298,56,28;326,-17,-17;328,-93,-47
rua||codo|filadelfia|32670192|21,-1996644,-4418354;41,22,17;54,-16,-17;55,-9,9;65,-4,-1;66,1,-9;70,20,2;78,-25,-5;100,-11,-5
rua||coema|icaivera|32611188|12,-1986066,-4416336;13,-11,-5;23,170,49;25,8,2;29,-179,-34;37,256,-26;56,50,-10;57,18,-12;59,-341,-81;110,418,80;151,-129,39;158,-274,19;160,-7,-9;165,153,5;166,32,30;167,-20,-20;169,-31,-10;171,3,1;173,-13,0;175,8,-3;177,-22,1;178,-65,2;210,86,1;222,168,-14;226,42,23;290,2,-46;419,-56,9
rua||coimbra|petropolis|32655196|375,-1996566,-4417331;385,-1,-4
rua||coimbra|sao joao|32655196|34,-1996545,-4417273;70,10,27;80,-16,-36;100,7,19;109,14,41;110,-14,-27;130,8,12;134,7,32;145,2,36;150,-1,-46;164,3,18;168,-3,16;175,-31,-114;180,30,120;192,15,32;200,-9,-20;224,8,18
rua||coimbra|sao joao|32655508|304,-1996487,-4417056;362,1,47;370,8,9;420,22,50;446,-5,12;480,-1,30;488,14,14;490,-3,-22;500,3,34;501,8,-12;505,12,64;506,-28,-89;510,19,63;520,2,-10;530,-5,3;540,4,12;562,10,23;564,0,0
rua||colatina|capelinha|32678498|8,-1993640,-4410022;12,1,-6;16,6,-5;20,-1,1;22,21,-2;23,33,-18;24,-58,14;27,47,-11;28,-3,0;35,37,-4;37,21,-9;38,-93,26;40,17,2;47,67,-26;58,-45,15;68,23,-11
rua||coleos|jardim alterosas segunda secao|32673318|49,-1993802,-4415654;60,53,-78;61,-49,74;67,56,-68;82,-17,11;91,51,-42;96,-84,100;98,-13,3;100,38,-64;101,1,0;105,-23,33;140,1,1;142,-2,5;143,-9,4;145,7,-5;150,-4,4;152,-1,7
rua||colombia|campos eliseos|32667035|8,-1997584,-4413880;9,16,-17;16,11,39;48,1,7;50,-3,-14;124,-26,6;125,19,-12;349,-18,-41
rua||colombia|capelinha|32678672|8,-1993048,-4409821;16,-1,12;24,2,1;32,5,-4;40,2,14;48,0,18;49,-3,18;50,-6,-14;91,-3,25;94,-12,12;240,-5,5;260,-8,9;270,3,23;280,-18,-8
rua||colombia|petrovale|32668030|12,-1999379,-4411271;17,-6,1;23,7,2;31,-12,5;36,35,-24;39,0,7;48,25,-4;51,5,13;59,-41,-6;60,48,15;62,-2,-15;63,1,2;65,1,14;72,10,0;77,-3,7;82,-27,-32;84,37,29;96,14,11;101,0,-6;109,3,8;113,14,7;120,-4,3;132,12,9;135,58,7;141,4,1;144,-59,2;147,61,-3;159,56,1;171,8,-14;181,-129,-1;183,134,17;186,10,6;192,-89,-20;195,97,18;201,7,-8;207,-5,-9;216,-69,22;225,12,-1;232,-205,-77;252,230,72;256,-81,5;276,93,-7;300,23,-8;306,-36,10;340,-23,3;350,53,2;377,23,-10
rua||concovado|contagem|32689022|1396,-1994834,-4407125
rua||conquista|conjunto habitacional jose gomes de castro|32655594|13,-1998213,-4415071;21,4,-5;29,10,1;37,1,-10;45,7,-2;48,9,1;51,-1,-9;56,4,4;59,3,-10;64,0,-1;67,3,-4;72,8,0;75,-5,-4;80,8,1;83,-4,-7;88,6,5;91,1,-11;96,7,7;99,-4,-8;104,12,-1;107,-5,-2;112,12,-1;115,-5,-11;125,10,1
rua||conquista|cruzeiro|32661360|5,-1998224,-4415064;27,-37,48;30,8,-14;32,-18,16;105,-44,34;119,8,-3;145,-2,10;154,-67,45;158,56,-31;167,-12,0;168,-59,44;169,64,-46;170,-27,-1;192,7,28;195,-16,-6;198,4,3;200,-4,-1;207,2,0;219,-10,8;245,-13,14;257,-7,7;355,128,-102;487,36,-48
rua||conquista|cruzeiro|32681196|16,-1998215,-4415058
rua||conquista|sao joao|32655594|15,-1997187,-4416550;22,7,10;25,4,7;39,-15,-17;327,8,-1
rua||contagem|alvorada|32687070|6,-1993672,-4409819;8,-3,9;9,2,10;10,-4,-5;11,1,14;13,-7,2;14,6,-5;15,32,13;17,-44,3;30,7,-12;42,-12,12;73,24,-19;88,-137,205;110,77,-134;124,-8,18;125,12,1;136,-16,9;137,10,-7;148,-16,11;160,-16,14;172,7,-2;184,-12,14;199,2,13;200,-10,4;205,2,8;210,-11,5;220,0,5;221,9,-1;233,-6,13;244,-7,-5;245,2,8;246,-14,5;257,2,8;258,-3,2;260,-8,10;273,6,-5;278,-16,12;307,-6,24;326,-14,9;338,-5,7;339,16,-8;350,-18,15;351,12,-4;362,-19,17;363,14,-8;374,-18,13;375,15,-3;381,-10,12;385,-2,5;386,-10,-3;387,-1,8;398,-1,11;399,-3,-1;410,-5,2;422,-8,14;434,-6,6;435,10,-10;446,-13,16;450,-12,9;458,-5,16;459,18,-18;471,-8,12;483,-9,10
rua||contagem|betim industrial|32687070|14,-1996361,-4417481;16,1,16;20,348,1290;26,-149,-522;36,-198,-739;62,4,6;63,5,-5;64,-4,12;65,4,1;75,1,9;82,51,186;84,-1,25;85,-43,-203;93,0,12;101,2,10;104,115,405;110,-118,-397;115,6,-5;116,119,426;118,0,14;121,-115,-428;132,-5,9;160,-27,-142;164,298,1141;165,1,10;169,-6,-26;178,7,7;205,-218,-795;207,3,1;209,0,8;225,6,20;235,-32,-146;237,32,156;308,29,83;320,37,146;337,41,136;345,5,13;357,2,19;359,-78,-286;361,9,10;362,-3,-3;363,-3,7;383,7,12;384,4,1;395,11,15;400,53,220;402,-58,-214;407,-7,0;417,8,8;425,3,6;426,-6,12;450,4,19;462,3,9;475,19,9;489,-9,10;510,4,25;513,-35,-138;515,34,134;576,20,61;579,5,4;600,-2,17;624,6,19;627,8,5;630,-7,0;632,8,49;636,5,10;666,-5,-26;685,9,12;691,0,16;745,15,51;751,1,7;755,-1,12;773,6,10;777,3,2;895,0,10;910,99,385;934,1,21;1093,-38,-146;1094,2,-2;1096,10,21;1100,-6,-11;1113,6,47;1224,24,76;1250,5,22;1277,-23,-122;1342,7,68;1354,8,11;1566,11,53;1580,3,14;1590,7,14;1592,0,7;1595,3,22;1600,5,12;1609,3,8;1615,2,10;1633,-10,-14
rua||coqueiros|monte verde|32653544|54,-1998177,-4417011;64,-4,-2;104,30,37;126,16,4;140,20,14;145,-10,-6;150,7,3;205,-60,-49
rua||cordiline|cruzeiro do sul|32672686|897,-1992866,-4416793;909,9,5
rua||cordiline|cruzeiro do sul|32672715|1197,-1992624,-4416574;1199,1,12;1201,6,11;1209,3,8;1211,-1,12
rua||cordiline|cruzeiro do sul|32672718|37,-1992851,-4416760;39,2,5;48,156,137;1000,-46,-37;1012,-61,-61;1017,22,-4;1028,-11,16;1041,27,1;1042,-23,9;1061,37,10;1065,14,9;1074,-27,-2;1092,19,15;1120,10,18;1124,17,14;1126,1,2
rua||cordiline|senhora de fatima|32673240|15,-1993326,-4417231;17,-6,-14;18,-10,-16;19,-9,-13;55,-43,-52;63,13,19;66,19,30;70,-8,-12;78,-6,-6
rua||cornelio|sao caetano|32677555|11,-1994033,-4411805;13,1,1;25,-9,6;39,-9,10;51,-6,3;63,-13,9;75,-9,7;89,-11,6;101,-15,7;113,-1,11;123,-2,0;127,5,0;149,-74,87;161,1,9;173,-11,9;185,7,-8;197,175,-93
rua||cornelio|sao cristovao|32676696|22,-1994080,-4411764;24,-6,5;54,-17,4;74,-23,14;80,57,-32;96,-68,44;106,-11,17;108,0,-2;110,51,-53;114,-68,67;420,12,-17
rua||corrente|jardim terezopolis|32681788|13,-1995040,-4411683;14,-1,14;15,0,5;18,-1,-2;19,0,9;22,1,-21;24,-11,23;34,7,4;35,-10,12;37,5,-2;39,-6,9;44,6,-3;54,-3,13;55,1,-6;58,57,28;59,-50,-18;63,-9,4;64,2,0;65,-4,3;66,3,-8;74,-2,10;75,7,8;78,-8,-2;84,-4,4;85,4,6;86,-7,4;95,11,14;100,-6,-9;101,-2,6;105,-5,8;107,-1,2;115,9,15;121,-2,4;124,0,-21;130,-4,19;132,-5,-13;133,4,19;134,-2,-21;135,0,21;137,5,11;140,-5,-1;145,3,3;149,-10,8;150,0,-4;154,3,18;155,-1,-10;157,1,7;158,-1,-6;159,-4,15
rua||corsega|arquipelago verde|32656860|10,-1998635,-4418544;83,64,-1;90,22,-25;92,-13,3;93,-7,8;95,-3,2;96,-8,6;98,-8,6;100,-38,-2;110,-4,6;112,-16,-17;114,30,37;116,5,1;120,-14,22;122,-7,8;124,-10,13;126,-4,7;146,40,-60;160,-14,123;250,47,3;270,-61,-18;318,45,19;344,38,-3;345,15,-162;355,-2,-5;362,21,187;365,-28,-186;369,22,96
rua||cortica|parque do cedro|32611672|14,-1985299,-4415946;24,15,7;25,11,5;35,7,-1;64,2,-1
rua||cortineiras|campos eliseos|32661830|8,-1997659,-4414420;9,-11,-3;10,33,13;11,-10,-5;12,-14,-8;14,-24,-11;15,0,-2;16,-8,2;17,-2,-5;19,-7,-8;20,79,44;21,8,7;22,-81,-41;26,101,115;27,-92,-110;28,-3,1;29,15,13;38,73,20;39,-111,-54;41,1,2;52,88,46;102,45,19;104,-12,-4;106,-3,5;110,24,7;480,-191,-102;500,10,5;501,-2,-6;504,-22,-12;526,23,23;550,8,0;552,-243,-65;560,226,54;562,-217,-48;564,-10,-6;566,-2,2;570,14,6;582,15,-2;609,-8,-13;611,4,-3;613,20,-4;626,3,17;629,8,-6;636,7,8;648,8,0;664,11,9;669,9,-8;676,8,0;683,5,0;684,30,12;685,-28,-13;686,-11,7;687,2,-10;694,32,5;699,-6,-7;711,4,-2;715,-64,-1;725,79,4;736,12,5;739,-4,2;740,18,-1;750,9,11;768,6,8;784,-4,3;790,16,-9;793,0,5;794,-28,-5;796,-91,-24;801,129,34;805,3,4;808,-9,7;817,7,-8;829,16,6;877,38,34;878,-114,-58;879,94,29;884,-102,-35;892,59,22;893,73,44;901,12,9;913,3,4;974,27,23;976,9,0;978,11,5;990,13,8;1003,3,3;1020,27,13;1038,6,6;1048,27,38;1050,-18,-35;1060,6,30;1098,7,15
rua||cortineiras|guanabara|32661830|540,-1997473,-4414303;548,51,33;554,-10,-10;570,-16,-9;582,-3,-3;594,-9,-5;699,-20,-10;700,-16,-11;701,7,5;704,-10,-6;706,-19,-15;708,-24,-14;1141,45,-45;1145,68,67;1152,-99,-15
rua||corussa|icaivera|32611268|89,-1985837,-4415519;305,-168,184;371,41,-54;396,12,-3;410,5,-10;473,-14,6;483,0,2;490,11,-6;501,58,-87;505,8,1;555,-10,5;563,-5,22;571,60,-60;575,-37,25;579,-44,50;581,-13,18;587,107,-108;589,16,0;591,-115,98;593,62,-60;595,14,-16;597,-17,20;599,6,-12;1288,-135,155
rua||corussa|icaivera|32611310|432,-1985918,-4415437;542,53,-57;580,-44,45;610,102,-75;615,17,-23;625,10,-7;628,-11,20;630,7,-7;631,18,-18;640,-61,37;643,75,-43;649,4,-5;655,12,-7;677,14,-9;684,-16,14;692,-34,23;700,5,-7;704,17,-7;726,33,-19;740,11,-4;753,32,-32;762,0,12;765,4,-10;777,8,-6;781,-32,18;789,48,-31;801,2,0;810,-11,29;813,29,-33;814,-8,7;816,9,-4;825,2,-15;826,10,13;839,4,-19;840,12,14
rua||cosmea|jardim alterosas segunda secao|32673074|7,-1994647,-4417209;8,-62,148;11,83,-157;22,-30,23;28,-115,280;30,1,-3;31,17,-53;33,4,-5;40,85,-198;42,-97,241;44,-13,16;45,31,-68;47,4,-7;48,-22,56;51,120,-244;53,-19,8;54,-102,236;55,100,-232;57,-8,15;60,-62,156;61,-17,37;62,82,-202;67,-52,118;69,44,-95;75,3,2;77,-76,175;87,27,-77;93,47,-92;100,-11,8;105,5,-1;117,-7,25;126,2,-14;137,-2,14;138,-1,-7;140,5,8;147,-37,46;156,15,-24;174,-9,20;190,-7,32;191,7,-33;192,-6,18;193,5,7;199,-16,32;200,14,-26;205,-8,5;217,5,-16;220,-18,46;237,39,-90;910,-80,174
rua||cosmeia|jardim alterosas segunda secao|32699899|9,-1994776,-4416910;23,4,-12;35,16,-23;37,-7,6;43,0,0;53,-1,-4
rua||cravinas|jardim alterosas primeira secao|32699899|211,-1994099,-4416785;219,-11,-7;220,-1,4;221,-5,-4;230,-2,-3;233,-6,2;243,11,4;254,-24,-15;265,42,22;281,-69,-29;286,13,-2;287,12,15;298,-23,-20;301,12,10;310,-20,-15;311,-4,6;317,-19,-10;320,9,-1;321,0,4;340,-19,-14;341,-4,3;353,-11,-5;360,3,-3;362,-12,-5;363,-57,-24;365,104,53;368,-42,-26;370,-12,-5;376,-5,-4;411,-56,-19;425,-15,-12;489,-13,-6;501,-8,-6;513,-14,-9;515,-7,-1;519,-5,-1;525,-14,-10;537,1,7;551,-3,-6;563,-6,-5;591,-31,-11;609,4,0;611,-16,-7
rua||cravinas|jardim alterosas segunda secao|32699899|88,-1994628,-4417039;100,46,25;102,-1,0;134,-11,-12;143,8,11;412,300,139;426,10,4;430,-5,-2;440,4,2;442,-21,-10;470,-14,-7;492,-16,-10;500,25,11;504,-33,-16;516,-10,-5;520,-9,-2;530,-8,-6;552,-9,-2;560,-26,-9;566,16,5;576,-6,-7;584,-14,-2;600,-2,0;610,-14,-6;621,-156,-78;622,8,-2;655,106,59;665,2,5;670,-5,-10;672,-9,-5;674,-7,0;675,2,17;679,-58,-51;685,51,37;695,-6,-2;699,-34,-31;700,15,14;701,3,2;704,24,5;705,-20,1;708,18,4;710,-21,-7;711,11,3;712,-8,-5;714,6,5;715,0,5;716,-16,-11;737,-17,-8;739,17,9;747,-10,-6;751,-27,-11;760,-38,-21;763,14,11;765,-34,-18;767,-1,-3;770,28,15;800,-11,-11;812,-27,-14;814,-8,0
rua||cravina|jardim alterosas segunda secao|32673190|8,-1994701,-4417073;9,16,12;11,745,351;15,-723,-351;20,-27,-11;24,11,6;25,5,4;27,720,345;38,-717,-349;39,707,346;45,-10,-8;48,19,16;51,-36,-17;75,-8,-7;81,7,6;86,-22,-9;103,-10,-9;115,4,8;118,-1,-5;121,-8,-9;129,-9,1;130,14,3;140,-16,-8;141,-2,-5;160,-14,1;163,2,0
rua||cravo|vianopolis|32628114|21,-1994329,-4426919;31,-26,1;90,-85,5;95,1,-2;117,24,-2;119,-2,4;121,7,1;123,0,-3;142,-35,-3
rua||cremerie|petropolis|32655080|8,-1996999,-4418022;10,-17,108;23,-2,21;34,10,-8;35,-13,-6;52,12,-16;64,-14,-5;80,7,-6;85,1,-9;99,1,-27;100,3,14;111,3,-29;116,-2,-7;123,0,13;136,12,-24;139,0,-18;155,-5,7;157,2,-7;159,4,-28;161,-5,-5;192,7,10;200,1,-14;204,-5,-5;211,3,-2;216,8,-7;223,-11,-1;227,7,-13;229,-1,-21;231,1,4;243,-6,36
rua||criptomeria|jardim alterosas segunda secao|32673328|14,-1993883,-4416212;25,4,1;36,-12,6;48,-6,8;49,4,2;61,-11,15;89,-11,20;90,1,-14;92,-2,4;105,-12,19;108,10,-9;110,-21,20;115,2,3;163,-12,14;165,-13,15;170,-1,-6;173,-7,14;180,0,-6;182,-12,18;191,2,2;196,-4,3;211,-16,15;244,-2,3;267,-16,29;280,-16,14;289,7,5;300,-25,12;305,14,1;309,-10,13;313,-8,6;389,-29,41;715,86,-112
rua||crisantemos|jardim alterosas segunda secao|32672500|7,-1993958,-4416572;9,9,2;11,-35,2;13,-30,-26;23,16,24;27,51,-2;60,-47,-15;70,-15,-10;80,-1,5;90,-18,-12;99,5,2;100,-5,0;111,-10,-12;113,-1,9;120,-8,-5;121,-1,0;132,0,-7;133,-7,2;149,-12,-7;150,-9,-2;157,-62,-34;159,54,30;168,14,6;170,-10,-5;171,-1,-1;182,-8,-1;183,-5,-4;201,-15,-10;204,10,-2;235,-48,-15;250,0,-5;262,-11,-6;263,2,6;269,-7,-2;270,-5,-4;274,-3,-3;275,6,3;277,-11,-3;286,-2,-2;289,-8,-4;290,6,4;292,-2,-4;298,-3,-8;301,-5,5;311,-14,-1;322,-2,-10;324,8,6;327,-22,7;334,5,-15;335,-11,-3;336,1,-4;343,1,2;345,-10,-5;348,-3,-6;360,-9,1;372,-14,-8;379,18,14;391,-13,-7;399,-85,-40;405,53,22;408,13,14;420,-5,-14;421,-15,-2;422,4,5;474,-47,-23;490,-7,0;491,-3,-7;493,-7,-3;495,4,3;497,-12,-10;498,5,10;514,-6,-5;517,-6,-7;522,-4,0;523,5,3;538,-10,-9;550,-19,-14;553,1,18;574,-17,-15;576,4,-2;581,-20,-8;586,3,-1;598,-13,-5;599,3,-4;610,-7,-3;615,-4,3;619,-14,-7;620,3,-5;629,-11,0;630,5,5;639,126,62;640,-146,-71;641,10,2
rua||crisantemos|monte verde|32653298|16,-1997877,-4417145;54,90,-141;66,-7,3;76,-1,17;136,-9,46;144,-8,12;156,-3,13
rua||crisantemos|monte verde|32672500|19,-1997779,-4417319;27,-1,10;35,-1,8;49,-6,15;129,-17,70
rua||crisantemo|jardim alterosas primeira secao|32673186|680,-1994503,-4416837;692,-11,-2;704,-18,-7;705,5,4;712,-35,-20;717,26,16;728,-10,-11;729,-1,6;740,-9,-9;741,-1,5;752,-4,-7;753,-7,1;764,-6,-9;765,2,7;776,-13,-8;777,-1,-1;788,-4,-5;789,-2,-1;800,-10,-9;801,-2,1;812,-7,-3;813,0,5;824,-12,-10;825,-5,0;836,-1,-5;837,-6,9;848,-11,-15;849,2,7;860,-10,-11;861,-5,4;872,-5,-5;873,6,-1;884,-19,-5;885,0,-1;896,1,0;897,-5,-3;908,1,6;909,-5,-11
rua||cristalia|niteroi|32672062|17,-1994514,-4417928;29,0,5
rua||cristalia|santo antonio|32672062|220,-1995103,-4410759;224,-16,7;226,8,-5;230,-17,-4
rua||cristalia|santo antonio|32684036|845,-1995497,-4410931
rua||cristalia|santo antonio|32684094|1,-1995532,-4410960;3,5,22;5,16,2;6,-8,-2;7,10,1;9,19,1;11,6,8;12,-41,-10;13,47,-5;15,0,17;17,4,1;18,379,112;19,-390,-115;20,19,1;22,8,8;23,13,-1;29,4,9;35,14,5;41,9,2;47,7,13;48,-124,-57;49,-11,5;50,-7,-34;51,-10,17;53,155,65;54,537,-103;55,-525,105;59,0,-5;60,508,-93;66,-12,13;69,-484,91;77,11,7;79,5,-14;86,439,-63;88,8,-8;89,-441,85;90,30,33;91,-24,-35;93,23,34;94,39,11;95,-58,-38;96,53,23;97,-51,-26;98,34,20;100,282,-10;101,-308,-2;102,33,16;105,406,-137;107,-428,128;111,6,3;113,5,4;114,42,21;119,-28,-13;120,32,41;121,-30,-42;122,28,54;125,-25,-51;126,37,17;127,323,-117;130,-320,127;132,13,-7;133,-39,-20;135,387,-144;137,-392,149;138,50,26;141,-34,-25;143,30,27;144,22,-4;145,-46,-28;146,51,30;147,-45,-19;148,302,-93;150,-253,114;155,-42,-20;156,45,23;159,-39,-18;162,47,15;164,233,-141;165,1,36;167,-245,99;169,-6,-3;170,32,14;171,-43,-11;175,-9,-2;177,42,8;178,9,12;184,10,-9;185,38,-4;187,-40,7;189,53,-9;190,198,-139;193,-240,145;235,47,-8;245,6,1;255,3,-5;290,162,-97;300,-122,67
rua||cristalina|capelinha|32678426|5,-1993611,-4410140;8,-289,-184;9,316,180;13,-14,4;14,-236,17;16,-83,-193;21,324,173;32,-332,-127;34,14,-55;36,-26,7;40,-6,50;100,204,192;129,-186,-170;137,4,7;143,4,6;151,5,3;159,8,7;179,16,19;187,-8,-1;197,13,9;203,1,8;205,8,4;309,49,85;339,10,23;341,-6,-8;343,-1,-9;365,20,29;373,11,0;375,-18,-4;381,19,8;391,22,-4;513,103,-46;523,-8,4;525,13,-10;531,12,0;549,5,-9
rua||cristalina|capelinha|32678446|5,-1993941,-4410294;15,12,-59;25,14,21;34,-29,86;35,14,-66;42,6,72;44,1,1;45,-11,-74;48,19,88;50,15,12;52,1,9;55,-42,-101;77,-2,13;123,6,28;184,50,70;232,135,126;237,-109,-97;238,-20,-17;239,21,18;241,4,16;243,1,-12;245,-3,0;246,-15,-10;254,2,-3;256,11,15;258,6,9;260,1,4;262,5,9;264,1,5;266,5,5;334,55,64;336,-4,2;338,-10,-5;340,-4,-8;342,-14,-20;344,16,18;475,103,-15;622,-165,-81
rua||cristal|alto das flores|32605162|14,-1993228,-4418638;17,5,0;24,8,14;25,-1,-2;32,7,8;33,-5,-4;41,3,5;42,6,8;49,-2,-1;50,-5,9;58,5,-2;59,0,-4;66,5,16;67,0,-9;75,5,11;76,-5,7;84,5,2;85,3,-2;92,4,14;93,1,-2;101,2,2;106,-10,8
rua||cristal|amazonas|32605162|162,-1994096,-4410241;216,2,-5;261,5,10
rua||cristina|jardim nazareno|32659622|23,-1999581,-4413510;25,-13,8;27,0,7;41,-2,-4;89,-52,32;94,6,-9;98,-16,4;99,-411,246;104,402,-238;128,-12,7;142,8,-3;181,-13,7;187,-12,13;233,-65,28;237,-177,107;265,105,-59;271,45,-28;288,-18,7;290,77,-31;300,-82,41;308,43,-20;310,-47,24;311,66,-41;326,-81,54;334,-9,3;348,-56,20;360,31,-57;365,10,40;408,3,-12;414,-48,30;426,-9,16;436,-15,-3;492,-41,28;499,-93,53;500,8,-9;501,43,13;896,35,-42
rua||cristina|petrovale|32659622|28,-2000484,-4412600;29,33,117;30,28,-113;31,328,-405;33,-5,0;35,45,-29;37,-74,-70;38,-4,153;39,44,-118;40,-428,633;41,457,-595;42,-72,115;43,46,-75;44,-338,387;45,373,-417;47,-80,6;50,-21,-28;51,19,-67;52,30,103;53,-24,-16;55,3,13;61,15,-86;63,46,-10;65,21,53;69,37,-20;71,-32,18;80,-566,681;83,485,-668
rua||cristina|petrovale|32668106|759,-2000629,-4412380;760,21,-14;765,4,-21
rua||cristovao colombo|citrolandia|32641786|23,-2002838,-4423200;25,-1,-1;27,11,-15;40,12,-18;60,6,-22;83,3,-16;84,6,2;85,-9,9;86,14,-23;135,-6,-5;138,5,-9
rua||crucilandia|capelinha|32678436|1,-1993752,-4410402;11,2,2;16,-1,5;18,7,6;23,8,-5;26,-2,1;46,2,0;64,47,16;68,-16,-10;78,8,7;96,10,8;111,-2,1;112,7,16;118,11,-2;128,14,7;135,4,2;137,8,-1;138,-3,1;143,8,1;149,4,2;157,2,1;161,12,14;173,0,-3;190,-10,-7;193,13,5
rua||cruzeiro|cruzeiro|32661302|36,-1998409,-4414638;77,-41,-29;89,-6,24;96,36,-2
rua||cuara|icaivera|32611180|2,-1986018,-4416627;48,-46,-52;58,-10,-12;70,14,18;72,9,13;81,4,-7;84,-1,13;86,-3,-12;93,15,12;104,-4,3;105,18,11;106,-10,6;122,0,102;125,28,-78;135,-3,3;136,-9,-10;180,19,28;202,-10,51;206,-7,8;212,24,-31;257,23,20;271,-51,20;273,36,-48;285,-51,53;304,-17,-2;315,-6,11;316,-7,-3;327,-6,7;340,-5,-4;350,-21,-6;356,-6,18;410,-32,34;430,-8,22;478,-1,59;500,0,5;520,-5,20
rua||cuba|jardim alterosas primeira secao|32670688|10,-1994821,-4416228;22,-1,-13;30,49,-61;33,-33,44;34,-2,7;46,1,-19;56,7,0;58,0,3;66,8,-15;68,1,-5;72,10,-8;88,7,-8;100,4,-5
rua||cuba|petrovale|32668038|189,-1999250,-4411178;192,20,-78;193,-28,73;194,12,3;195,16,-66;201,0,-9;204,7,-15;205,-25,72;206,8,7;212,3,-7;216,11,-64;220,11,-18;228,2,-6;229,-8,10;230,7,-24;241,-8,9;247,-11,52;253,17,-71;265,8,-4;266,-26,69;276,36,-92;277,-28,70;279,4,-4;289,-6,-6;313,36,-83;319,-6,1;323,-21,64;324,31,-67;325,-5,-12;326,0,18;332,-17,52;334,10,-14;337,7,-60;352,6,-13;359,-14,66;360,7,-20;361,-7,4;362,19,-55;367,-7,-7;368,11,-2;370,-4,-14;379,-5,-7;380,-9,80;381,-3,3;384,9,-15;385,4,-72;400,4,3;408,19,-14;420,-13,-18;432,3,-2;446,-13,83;451,5,-44;456,14,-65;542,27,-91;553,1,1;555,-110,418;558,98,-354;570,0,-17;582,1,-9;594,3,-4;625,-2,-64
rua||cuiaba|jardim alterosas segunda secao|32623602|11,-1994873,-4417177;15,0,0;27,-5,17;49,-3,14;53,-6,5;65,-7,14;77,0,10;89,-6,7;100,0,15;101,-3,1;117,-8,18;131,6,-9;143,-5,-4;181,-25,64;183,4,-17;185,2,4
rua||cuiaba|niteroi|32672128|14,-1994878,-4417177;30,-3,18;44,-1,11;144,-10,12;148,3,-2;168,-39,85;172,-1,7
rua||cuiaba|parque das industrias|32673055|190,-1994935,-4417026
rua||cuiaba|santo afonso|32623602|2,-1991001,-4427392;4,-1,10;5,-6,-44;7,-6,-15;10,13,75;11,6,0;12,-17,-89;91,26,118;93,-9,-3;99,10,5;100,-5,-6
rua||cuiaba|santo afonso|32672128|8,-1991011,-4427443;9,-4,-13;16,-4,-16;22,0,5
rua||cumanda|icaivera|32611050|10,-1986243,-4415582;24,-187,6;29,3,-9;33,9,2;41,6,0;45,11,-5;83,26,4;107,21,0;109,3,-1;117,7,0;119,13,0;185,44,-1;186,-1,10;188,2,-4;190,23,0;195,2,-5;200,0,4;205,5,-4;230,28,2;235,14,3
rua||curicuari|santa cruz|32667314|10,-1996488,-4413514;11,-6,-6;19,3,-5;22,12,-20;29,-13,14;41,-1,-21;51,5,-11;70,-1,0;105,8,-52;106,5,3;120,-3,-24;124,2,7;125,1,-1;135,-4,-18;136,4,3;145,19,-11;147,-19,-6;154,13,-4;159,-14,-3;162,13,9;166,0,-17;171,-12,1;172,11,-4;180,-1,-9;183,-8,4;186,-12,103;190,25,-115;192,-2,-13;204,2,2;205,-8,-6;213,1,-15;215,8,-41;222,-2,53;226,6,-13;227,-6,-47;230,6,25;233,-8,8;239,10,-42;240,-5,44;247,-12,44;249,7,-54;251,6,-50;257,1,-16;268,7,49;280,-7,-7;292,4,-18;304,1,-7;811,-3,-15
rua||curitiba|santo afonso|32623516|16,-1991310,-4427190;19,-15,17;53,-11,-50;89,-2,-6;90,-23,-72;126,31,80;127,-20,-52;160,15,53;162,-1,-25;207,-35,-101;374,4,3;375,-4,0;379,-106,15
rua||curvelo|marimba|32623202|13,-1992491,-4427323;33,51,53;35,-2,9;37,3,-5;39,2,4;47,-10,-10;49,-3,1;51,3,-1;53,-3,-6;62,-71,-74;63,11,10;65,56,60;68,-35,-46;73,-8,-1;74,2,-32;76,33,67;79,-3,1;91,-2,-5;100,-14,-14;103,5,7
rua||c|alvorada|32687038|13,-1993840,-4409910;19,-2,-4;25,9,-10;27,-3,15;28,15,-14;31,-11,-1;32,0,7;37,3,-13;40,5,4;43,-1,-8;49,4,-4;52,13,6;55,-17,-11;60,22,9;61,-9,-7
rua||c|capelinha|32678490|3,-1993611,-4410078;4,-9,2;6,-21,11;9,62,-28;10,31,-8;28,-52,18;150,35,-14
rua||c|citrolandia|32635100|13,-1999781,-4422209;38,-211,-250;43,-14,-121;50,-95,11;56,-53,2;60,31,-4;409,88,356;450,14,-103;708,-19,63;709,5,34;720,9,80;1070,215,-29;1216,81,-196;1230,-2,47;1270,6,-93
rua||c|petropolis|32655064|57,-1996955,-4417942;63,-3,-13;90,20,-29;127,-2,-32;130,-12,48;135,1,17;141,18,-71;153,3,-15;159,-2,-6;165,-4,1;177,0,-21;574,-19,154;619,0,-12;621,-7,9;633,3,-13
rua||c|residencial montserrat|32625298|30,-1995331,-4424421;50,30,-17;76,15,12;83,-18,-26;90,-9,22;100,-63,35;123,120,-93;126,8,9;175,-7,-29;177,17,-39;180,14,-30;199,-14,27;200,11,-22;251,7,-34;254,9,-16;325,281,115;340,-240,-66;353,-10,-129;386,0,12;456,-66,158;524,138,-133;525,-22,62;528,15,-9;599,57,63;602,-59,-58;629,48,42;640,-10,16;646,26,-5;694,50,24;701,-40,-45;710,17,43;712,34,13;740,-13,25;765,24,-32;769,38,40;770,-41,-26;787,35,4;863,64,12;891,31,1
rua||c|vila das flores|32605358|29,-1993472,-4417759;35,-3,-2;50,27,-7
rua||da colombia|jardim casa branca|32656604|81,-1998173,-4418778;87,-1,13;89,-4,2;101,-9,3;103,7,7;105,322,111;123,-320,-114
rua||da conquista|capelinha|32678590|2,-1993262,-4409733;9,-9,7;14,-6,29;16,-12,17;24,4,3;25,1,-10;27,-11,22;30,12,24;35,-10,-18;66,34,-72;75,-29,84;130,23,-74;143,6,-3
rua||da conquista|jardim terezopolis|32681196|242,-1995563,-4412304;247,10,-1;249,-5,0;251,-11,0;253,-3,-6;255,-7,-1
rua||das candeias|estancia do sereno|32659252|28,-1998758,-4414357;33,-648,-313;60,41,-55;154,708,480;161,67,68;163,1,3;216,-111,-112;232,-14,-9;263,97,107;267,-12,-5;269,0,-9;271,-3,-4;275,-27,17;289,-28,-47;290,-5,-40;308,20,18;330,-118,-94;360,-14,-15;500,-89,-62;520,156,117;700,-198,-97;701,118,35;705,-87,-30;710,-34,-42;720,-18,14;777,261,118;779,55,74;901,-347,-180;911,157,48;973,-202,-122;980,-30,-7;1000,-31,-14;1010,-6,-17;1161,-40,-111;1162,42,69;1500,-195,-131
rua||das casuarinas|laranjeiras|32676312|2,-1994851,-4412951;3,-3,-22;4,-3,3;6,7,8;8,0,-3;10,0,-6;16,14,-7;17,-19,-2;22,11,6;23,6,0;26,-5,-5;32,29,-9;33,13,1;34,0,5;35,-1,-12;36,-37,20;37,49,-17;38,18,-6;39,-14,-1;43,27,2
rua||de cairo|duque de caxias|32673554|20,-1993696,-4415318;32,-2,25;42,-1,11;54,-3,-4;62,-2,15;76,2,15;78,-2,0;80,0,6;81,8,4;82,-10,-2;90,9,-63;91,7,15;99,0,0;101,-4,21;105,-1,5;107,-7,46;109,6,-44;125,1,17;157,-10,33;169,3,12
rua||de camberra|duque de caxias|32673488|4,-1994026,-4415394;18,-6,4;30,-21,1;36,-1,-1;43,-4,14;52,-8,-7;54,4,-1;56,-4,-3;58,0,0;60,-13,10;73,15,-2;75,-16,3;77,-16,0;78,12,-2;87,-4,-4;90,-14,3;95,3,7;99,-12,-2;102,1,-6;104,-10,5;106,-6,-13;108,4,15;125,-53,10;127,49,-8;137,-10,2;140,-9,-10;141,1,10;142,-2,-2;150,-12,2;159,7,8;160,-14,-11;165,4,9;167,-50,7;169,21,-2;170,21,-9;171,-30,10;184,16,-8;186,-7,2;226,-39,0;237,-14,11;238,-1,-2;242,11,2;248,-4,-5;249,-10,7;258,45,-14;268,-8,2;270,-13,0;1081,194,-28
rua||de canopus|cidade verde|32649354|9,-1998334,-4419983;19,-2,11;29,-1,14;38,-11,12;39,15,-22;48,-19,36;49,15,-6;60,-14,3;61,13,3;67,2,12;81,-2,1;87,-10,1;93,2,8;97,-9,11;107,-2,4;117,-11,5;129,-3,7;141,-12,15;153,-7,8;165,-1,-1;175,-12,16;185,-5,0;200,-7,13;212,-10,12;226,-3,16;236,-10,1;250,-5,5;264,-5,11;272,-8,10;288,1,11;300,-2,14;312,-1,9;324,-1,10;335,-15,14;336,13,-1;345,-12,18;346,14,-7;356,3,11;363,-22,15;364,17,-10;374,-2,10;375,-22,13;384,15,-9;391,-19,13;392,6,0;402,1,11;403,-5,-11;412,-2,17;417,-10,-7;422,-1,3;424,-4,-3;432,-4,15;437,-4,-10;442,-3,18;445,-8,-12;475,-24,17;485,-15,12;486,-6,-1;495,-3,1;496,-2,2;505,-2,1;506,-1,5;515,-5,3;516,0,5;525,-12,2;526,1,4;531,-7,-2;535,-1,5;536,-2,5;545,2,2;548,-14,5;555,1,-2;565,-2,12;570,3,-5;575,-14,10;580,-5,-5;585,1,10;590,2,-5;595,-6,17;600,2,-2;605,-10,0;610,8,11;615,-14,-2;620,2,8;630,-6,8;640,-6,5;650,-2,1;660,-8,10;670,-8,8;680,-6,9;688,-18,14;690,10,-6;698,-1,-3;700,-11,10;708,6,-8;710,-14,23;718,-1,5;720,5,2;722,0,4;725,-4,-10;732,-9,20
rua||de castor|cidade verde|32649370|91,-1998441,-4420013;118,-13,6;128,14,1;138,7,-1;147,5,-10;159,32,16;166,-14,3;168,-9,-5;169,22,-3;176,3,15;181,12,-16;188,-13,15;193,12,-13;205,7,-3;217,14,-1;229,12,6;241,7,-3;251,10,6;261,7,3;271,4,-7;275,13,0;281,6,3
rua||de copenhague|duque de caxias|32673552|4,-1993758,-4415250;172,13,17;186,5,8;200,17,15;201,-24,-31;204,0,0;206,-15,-5;208,-5,-11;209,-12,2;210,67,42;212,-6,-1;213,34,33;217,-36,-38;220,14,23;222,-6,-9;223,-58,-45;224,79,61;229,-1,-2;230,17,20;231,-1,-7;232,10,13;236,-10,-12;240,-122,-82;241,8,4;242,-6,-2;244,2,0;290,-31,-5;301,7,3;313,0,1;315,8,0;318,-42,0;319,23,-2;320,0,-1;322,-36,-6;323,68,30;325,-68,-31;329,22,2;400,186,73
rua||dezoito ou caldas|conjunto habitacional celso alves pedrosa|32699899|11,-1994017,-4413693;18,29,-9;19,-12,-4;22,2,4;28,18,9;31,-9,-18;43,7,-7;44,-55,42;45,52,-53;46,58,-34;48,-50,49;49,-6,11;53,14,-21;55,-61,33;57,66,-33;58,6,-8;65,-122,79;66,54,-29;67,62,-41;68,3,-11;70,48,-43;75,-160,120;79,120,-90;85,49,-59;86,-106,111;91,60,-59;92,-5,15;94,12,-11;95,-124,82;96,11,1;98,3,2;100,-16,10;104,20,-19;105,-3,-1;109,-3,-2;111,-1,4;112,22,-6;113,160,-145;115,-143,133;118,132,-116;119,4,-14;130,12,-1;801,-26,29;827,-28,26;857,-19,15
rua||do campo|citrolandia|32641450|23,-2003519,-4421525;28,37,-46;37,40,-6
rua||do campo|citrolandia|32641490|50,-2003564,-4421653;73,33,90;83,-4,-23;85,-1,-24;89,-23,-26;90,11,17;95,-9,-20;99,-16,-28;100,34,62;101,-31,-64;103,-8,-9;110,38,92
rua||do capao|bandeirinhas|32657228|65,-2001256,-4416326
rua||do carmo|marimba|32623100|6,-1993023,-4427272;18,64,56;20,9,-8;30,-14,10;53,-31,9;58,24,-13;66,-27,3;74,-8,-8;75,-3,22;76,-18,-5;80,-11,5;82,9,-8;113,-8,9;121,-26,6;122,7,-5;123,5,6;126,-5,-6;155,-48,20;157,26,-10;167,-22,8;180,-4,-5;194,-4,-1;200,11,-5;202,0,-4;204,18,-4;208,19,4;210,-65,14;211,11,6;215,-6,3;216,-18,-1;217,-17,37;218,19,-25;220,-13,11
rua||do cirilo|colonia santa izabel|32641144|4,-2004276,-4420981;6,0,5;8,-4,14;20,1,11;31,6,-31;33,-18,39;35,5,-13;40,-3,22;43,-6,-3;47,0,29;49,-52,78;54,53,-79;59,-3,13;60,51,-6;61,-65,54;67,1,-28;80,59,-21;100,-46,14;110,49,-16;120,-98,79
rua||do colibri|cidade verde|32649198|158,-1998167,-4419776;184,-4,80;201,131,164;225,-4,13;226,10,-15;411,-224,193;418,132,-77;444,-24,23;447,-26,36;453,10,6;456,5,-32;459,2,29;472,-16,-22;476,-72,32;489,71,-12;501,-11,-4;508,-14,-10;522,-17,3;527,5,17;532,-13,-16;534,1,1;536,3,-4;538,0,4;541,5,10;549,-16,6;550,4,-14;564,-16,2;565,43,8;572,9,-16;601,-81,39;653,-6,10;657,160,-25;702,-176,13;730,-57,41;761,-17,36;771,-13,-18;782,-20,-8;790,-8,1;795,17,15;800,-25,-12;801,15,17;803,-4,2;805,0,4;807,-4,-2;810,-13,-11;813,2,16;825,-9,1;834,-21,-10;835,17,14;837,-4,-1;839,-4,1;841,1,1;845,-5,3;847,-7,0;849,-2,2;851,-6,0;853,-2,1;857,3,-1;902,-48,24;914,-2,-2;922,0,5;934,-3,7;940,-13,15;962,2,6;966,2,3;972,-10,0;974,-10,0
rua||do contorno|jardim brasilia|32671516|70,-1995525,-4418684;89,3,-11;97,-18,73;105,24,-51
rua||do contorno|jardim brasilia|32671518|25,-1995483,-4418724;37,-13,-4;52,-54,18;53,6,-2;54,10,1;56,-28,9;58,36,-14;61,13,-8;63,-23,14;64,44,-14;66,-28,5;68,5,-2;71,-4,6;87,-69,102;91,36,-92;95,1,8;207,-35,75;265,8,-40;296,-8,27;297,-3,58;329,65,64;348,-27,-25;350,13,18;356,-26,-172;362,26,163;365,-30,-153;380,16,156;388,-12,-25;391,-9,-7;397,-15,-15;401,29,-116;402,-20,123;409,-12,-14;417,9,-13;426,11,14;445,-18,-10;457,5,-12;462,116,-126;551,-100,41;611,90,-41;630,-24,-2;650,39,8
rua||do contorno|saraiva|32605800|51,-1993011,-4423573;60,77,-88;83,1062,1201;120,-1221,-1024;234,31,-32;655,1024,757;685,63,-34;1530,320,-79;3011,-373,-974;3895,-569,432;4155,-136,19
rua||do corcovado|brasileia|32600466|10,-1997518,-4421023;20,-16,12;30,-21,12;70,-1,-2;80,-35,4;90,-4,-5;95,-8,-35;98,20,-16;108,-10,3;155,-25,31;160,43,23;185,1,-64;290,-37,-5;300,-13,-14;302,-14,7;303,-8,1;304,-6,14;306,-11,9;345,-7,20;355,-21,14;367,-23,10;380,-10,-11;382,-33,10;390,0,7;394,5,-5;397,4,-2;400,-10,5;415,-16,3;449,-43,-9;455,34,12;456,41,-12;481,0,-1;725,145,-73;756,-12,4;790,13,13;916,-30,58;928,0,2;947,-194,3;971,-49,-4
rua||do corrego|charneca|32673532|12,-2001800,-4424975;199,-88,-217
rua||do cruzeiro|centro|32600236|70,-1997173,-4419866;340,10,40;371,-3,8;383,-6,-7;391,5,-28;393,0,-26
rua||domingos jose diniz costa|dom bosco|32670526|3,-1995918,-4415984;10,-15,-75;12,-1,8;14,2,6;20,3,29;35,1,17;47,2,15;57,7,0;67,7,16;73,1,9;79,2,3;85,2,11;91,1,2;92,-25,-63;96,13,17;98,2,14;100,-2,8;102,2,11;103,8,16;104,-16,4;106,17,-2;108,1,11;115,3,-1;126,-3,6;127,7,10;136,-4,-1;139,14,7;140,-11,2;151,13,9;155,-5,7;160,0,9;197,11,32;209,4,17;211,7,28;221,-8,-27;223,4,9;225,26,93;235,-20,-89;237,-3,9;249,-1,1
rua||domingos jose diniz costa|dom bosco|32670538|240,-1995863,-4415757;385,40,67;390,-22,13;396,7,11;405,21,2;408,-15,6;420,-4,11;425,26,1;432,-20,8;442,1,6;445,7,9;456,-8,12;457,7,2;468,2,6;470,-6,3;480,11,10;481,1,-5;492,6,14;493,-8,5;505,10,15;506,-4,-13;525,3,24;560,6,29;576,5,13;577,6,8;585,-1,6;595,6,10;617,10,12;687,-10,26;752,-3,-51;758,10,42;760,0,-20
rua||dona cota|bandeirinhas|32657002|40,-2002488,-4417659;46,-17,-29
rua||dos caneleiros|parque ipiranga|32642460|54,-2002159,-4421241;56,-5,-19;60,-31,-100;63,77,209;68,-20,-57;69,-13,-12;70,3,-12;80,-44,-128;85,21,23;88,-15,-14;90,0,14;121,38,128;151,12,37;156,-1,-14;161,16,36;171,7,26;179,16,18;181,-9,-11;183,17,37;185,5,19;214,-26,-79;295,-60,-252;352,60,250;370,-6,-11;425,-23,-51;469,-11,-15
rua||dos canoeiros|sao sebastiao|32609002|161,-1989902,-4416233;207,-56,76;215,-22,-5;271,-12,5;285,-40,23;501,103,-74
rua||dos comerciarios|parque das industrias|32671412|10,-1995943,-4417870;11,10,-9;19,9,-8;20,12,30;29,-2,-39;32,4,14;33,3,-5;35,4,-9;44,-6,7;46,10,-3;49,25,-9;59,5,-7;68,-12,4;69,23,-14;77,28,-11;79,-23,8;80,-21,23;81,42,-51;82,-24,35;84,-4,2;86,11,-4;88,-15,9;91,16,-21;98,2,-2;106,25,-4;108,5,-3;155,5,0;171,3,-11
rua||dos coqueiros|alto das flores|32605104|38,-1993274,-4418807;54,-10,4;68,-3,2;80,-7,4;92,-12,6;104,-15,6;116,-5,6;128,-15,9;138,-3,1;140,-10,7;152,-5,0;164,-6,4;220,-50,26;223,-1,8;232,-10,13;235,-5,-11;244,-7,3;247,0,7;256,-11,-1;259,5,0;268,-9,4;271,-3,5;280,-9,2;283,2,-1;292,-11,5;295,-14,9;304,9,-9;307,1,9;316,-15,0;319,-2,4;328,-9,5;331,10,-5;384,-58,30;391,3,7;396,-14,0;403,0,6;408,-7,1;415,-4,5;420,-8,1;427,-3,4;432,-5,-3;439,-6,8;444,0,-3;451,-14,7;456,-2,1;463,0,5;468,-11,-2;475,2,8;480,-8,-4;487,-5,13;492,-7,-6;499,-1,9;504,-9,-1;511,1,5;516,-9,0;523,-3,10;528,-8,-6;535,8,10;540,-17,-3;547,1,5;552,-12,-3;554,-1,5
rua||dos coqueiros|alto das flores|32653544|37,-1993268,-4418808;55,-18,10;67,-6,3;79,-9,7;91,-11,2;103,-8,11;115,-12,5;127,-5,0;137,-11,6;139,-8,1;151,-3,6;163,-16,5
rua||dos coqueiros|charneca|32636700|32,-2002064,-4425443;95,13,29;108,6,20;197,15,145;209,12,14
rua||dos coqueiros|vargem das flores|32672512|5,-1992861,-4417572;8,2,5;11,-1,7;16,-7,1;22,2,6;25,5,3;33,6,7;36,-13,3;41,10,9;44,-8,-2;50,-4,17;55,8,-2
rua||dos cravos|jardim alterosas primeira secao|32673102|6,-1994476,-4416864;7,-326,459;11,369,-648;13,-86,-186;15,6,6;17,2,5;23,-287,815;24,2,6;26,5,-14;28,-1,-5;37,-1,-4;39,289,-783;42,-284,784;49,-1,-6;51,286,-767;56,-283,762;57,0,-5;62,5,2;63,285,-746;75,6,10;87,2,4;99,3,13;101,2,8;103,8,14;105,11,-14;135,-8,27;147,4,-5;183,37,79;207,-174,403;211,165,-416;215,13,20;223,-12,-14;235,6,4;280,-151,368;285,-53,62;287,7,-3;289,10,-5;340,-5,-4;352,-3,12;360,15,-17;362,-19,16;387,39,-43;397,60,-103;399,17,-7;400,-59,103;401,58,-109;403,-2,5;405,-64,106;409,15,-7;411,55,-103;413,1,0;415,-6,-10;417,9,-3;420,-57,108;421,56,-114;423,3,-1;425,0,0;427,0,-4;439,3,-14;440,-62,128;494,96,-180;524,11,-16;550,12,-34;556,-44,90;560,-158,226;568,165,-242;580,11,-13;640,11,-38;650,7,-15;670,34,-76;680,-73,155;690,64,-135;720,6,-11;722,-16,24
rua||dos cravos|jardim alterosas segunda secao|32673102|10,-1994537,-4417245;22,19,16;30,19,44;40,-19,-40;46,24,66;48,0,-8;50,8,5;64,-13,12;72,14,-6;84,1,-2;104,-6,-1;126,28,65;148,-7,-23;150,15,38;160,8,6;162,3,20;172,8,3;182,3,13;246,4,4;251,-257,447;256,260,-445;258,2,10;260,1,7;348,-36,92;370,-1,12;410,-59,122;412,9,-1;414,0,-3;416,1,-2;418,-2,-2;420,7,-5;422,1,-1;424,1,-7;426,0,-6;427,-175,223;428,183,-232;430,-173,232;438,131,-154;448,2,2;450,-5,12;490,-3,15;553,92,-205;565,6,-11;607,-97,209;611,16,-33;620,-30,43;715,119,-254;733,6,-10;745,2,-15;917,-40,-121;931,-7,-13;933,2,5;943,0,-21
rua||eduardo fernandes campos|granja verde|32678178|7,-1993094,-4410390;22,-16,-8;25,9,11;34,-17,-13;37,5,10;46,-12,-17;49,3,6;58,-11,-3;61,9,-4;62,-15,-7;70,-7,-4;73,3,8;82,-13,-7;85,5,5;94,-13,-8;97,10,-3;106,-22,-4;109,12,-2;112,88,54;121,-105,-58;128,0,2;133,-8,-7;140,-7,1;145,-2,-5;152,-2,2;157,3,-16;164,-18,3;169,2,2;180,-16,-9;181,76,-55;192,-84,55;193,0,-7;202,-11,-6;203,-4,9;212,-4,-7;213,6,6;222,-13,-11;223,-6,-4;232,-3,1;233,1,-5;242,-7,-2;243,-4,-1;247,10,-2;253,-17,1;260,-4,-2;262,9,1;265,-7,-6
rua||elenice pereira da costa|guanabara|32667046|6,-1997306,-4413922;8,-8,-1;18,-9,8;24,-7,8;31,-29,13;36,26,-12;40,-18,7;43,-15,12;44,8,-13;55,-30,17;58,18,-12;67,-22,18;77,-4,2;88,15,-13;98,-5,2;100,-44,77;110,31,-73;112,-20,25;116,13,23;122,-6,-13;124,-5,-26;126,-9,4;128,15,30;129,18,5
rua||eli jose da cunha|conjunto habitacional celso alves pedrosa|32675324|10,-1994120,-4414273;22,0,14;34,-2,16;46,-9,5;49,11,2;58,-19,8;70,6,17;82,-4,6;94,-8,9;106,-21,15;132,16,22
rua||emilia lopes cancado|bom retiro|32606182|21,-1993885,-4419993;38,13,-11;42,1,2;45,0,2;46,9,-5;50,-28,11;57,23,-12;58,10,-9;72,14,2;76,6,-8;90,2,-6;91,-1,13;101,21,-10;102,1,-7;106,-8,5;110,0,-4;115,9,-2;116,5,0;128,19,-11;135,-6,4;144,15,-9;151,-4,6;154,18,-6;155,2,-9;167,11,-1;177,12,-8;180,-17,10;186,8,-3;187,26,-13;192,-19,8;204,15,-5
rua||ervilha cheirosa|jardim alterosas primeira secao|32673238|150,-1993365,-4417012;161,-13,12;163,3,-10;165,-5,9;187,2,-2;216,-14,5;240,-15,6;260,-64,-44;264,37,53;272,-10,10;275,12,4;278,-5,-7;279,10,3;283,22,-10;285,-17,6;287,-21,12;288,-18,-3;289,-1,10;293,-17,9;295,-8,5;300,30,-22;310,-6,4;311,-2,-1;315,-8,8;320,115,-51;326,-62,26;334,41,-23;348,-125,73;359,1,-9;360,-30,11;370,34,-12;372,-46,20;384,-7,4;385,46,-26;406,-56,32;421,75,-33;440,-82,39;452,-10,0;464,-9,7;466,-7,6;488,-11,1;490,-12,8;514,-5,6;516,-8,1;518,-2,-6;520,0,3;536,-8,5;538,-8,9;550,-9,2;554,-5,6;576,-2,-3;578,-11,11;590,-12,-1;596,-12,9;620,-20,11;650,-2,4;680,-14,4;686,-6,4;704,-15,8;705,-13,8
rua||ervilha cheirosa|jardim alterosas segunda secao|32673238|9,-1993227,-4417077;11,8,-1;29,-14,4;33,-6,8;43,-31,12;44,37,-22;45,-31,19;46,0,-5;54,-2,16;61,-9,-1;91,-7,2;93,-6,-3;95,-11,10;96,2,2;98,-9,-2;121,0,2;142,-19,3;147,14,44;154,-28,-39;159,5,4;161,-7,4;202,53,-20;206,-9,-4;210,-9,6;215,-8,1;224,2,3;349,-216,110;355,-35,17;361,23,-19;367,-29,21;387,-7,5;425,24,-12;435,-8,5;453,9,-14;455,-34,28;525,-48,21;527,-9,1;535,-10,10;549,-2,12;603,-44,9;607,38,13;613,-43,-12;701,-71,40;711,31,-16;713,-11,15;715,-9,1;717,10,-10
rua||euclides da cunha|citrolandia|32641818|17,-2002380,-4422843;30,-3,9;31,-3,-9;32,22,15;35,-8,-9;37,-1,1;77,21,2;78,8,13;87,18,-3;89,-7,4;92,2,0;93,-26,-14;98,39,19;110,-13,-3;114,27,7;115,10,-8;125,-10,11;135,19,5;139,13,-3;140,-6,9;154,9,-1;185,6,-3;193,0,3;195,82,-33;199,-69,33;219,55,25;226,-4,0;239,35,11;240,-1,6;259,24,3;269,4,0;270,37,16;274,5,9;309,-61,-29;321,50,16;333,19,8;345,10,0;355,7,1;400,31,18;419,-259,-94;425,248,84;428,-1,6;447,38,1;457,-17,-8;458,1,12;467,5,0;479,15,-14;482,-9,17;487,24,4;501,-2,6;502,-4,4;514,25,1;516,9,7;517,-14,-9;518,-1,0;520,27,12;531,-12,-9
rua||eustaquio ribeiro da costa|residencial lagoa|32606282|2,-1993621,-4420626;7,3,-2;10,0,11;11,10,-19;16,-12,17;23,28,2;28,-5,4;30,-17,-2;32,8,0;34,20,9;35,-1,-12;40,37,35;50,-27,-17;70,8,4;76,6,1;91,11,0;100,6,16;101,7,1;102,-6,3;104,3,-7;106,0,-2;112,19,8;115,-20,5;124,9,-14;127,6,10;133,15,7;142,-2,-2;144,1,1;150,18,10;156,-3,6;180,7,7
rua||flor de cerejeiras|monte verde|32653634|38,-1998026,-4416798;44,4,-10;70,25,-4;72,-17,6;85,27,0;128,89,-41;131,-54,13;136,50,84;141,-32,-87;142,72,168;150,-71,-165;171,23,-5;182,23,-13;215,-87,27;223,-45,17;372,-27,17
rua||flor do campo|jardim alterosas segunda secao|32673204|1,-1993821,-4416579;2,-7,1;3,-17,2;5,2,8;6,10,-8;7,-19,14;8,-9,-13;16,12,4
rua||florindo cardoso|vianopolis|32628110|5,-1994333,-4426699;9,-22,-10;10,-351,-83;20,372,81;30,-357,-91;32,353,89;45,-28,-11;63,30,21;75,-43,-21;87,-14,-7;95,-13,-3;119,-46,-21;194,45,15;200,-11,-7;231,-204,-61;240,-189,121;278,38,-140;345,117,15;477,-58,25;494,-22,-25;525,-17,41;549,-27,8;577,-20,15;586,10,-21;588,-18,3;597,-17,17;623,-37,0;642,66,98;669,-8,-27;1010,354,-79
rua||francisco lopes cancado|bom retiro|32606510|4,-1993110,-4419765;6,5,12;12,13,134;14,2,0;15,-1,-21;16,-2,-5;53,1,-87;63,-1,8;69,1,7;77,0,4;93,4,23;100,-11,-60;134,-128,424;135,11,-9;136,1,0;137,6,-25;138,11,-4;140,19,4;141,-1,-9;142,7,1;143,-3,-14;144,11,2;145,12,-10;148,-58,46;235,-62,59;241,-29,27;340,-83,60;350,-6,8;556,135,-122;560,-8,5;564,0,0;735,-119,116;749,-5,11;763,-18,22;844,-52,39
rua||genita pereira campelo|bandeirinhas|32657192|12,-2000624,-4417609;16,-7,3;19,-7,-1;20,5,1;22,-11,3;23,-1,6;27,-12,0;31,-3,1;32,-2,-4;36,-3,3;40,-11,-4;43,-9,12;44,0,-7;47,-6,9;48,1,-9;52,-7,7;750,68,-21
rua||geraldo cambota|pingo dagua|32601452|17,-1997664,-4423141;18,-22,3;19,-10,0;20,18,3;22,-14,-10;26,43,6;28,16,5;29,14,10;30,2,0;31,12,3;32,10,-7;35,24,9;37,-3,-5;40,8,11;62,-79,-25;85,-13,2;90,24,6;110,51,4;112,21,5
rua||geraldo emilio colares|horto|32604128|49,-1995743,-4419772;52,90,13;53,-50,-11;60,2,10;65,0,-10;89,25,8;101,5,2;115,19,-8;135,14,6
rua||gildo contarelli|paulo camilo|32667546|16,-1996374,-4413082;22,2,1;23,8,-2;29,4,11;30,-6,-1;36,-1,3;37,8,0;43,5,9;44,-6,1;53,13,7;54,-7,2;64,4,9;67,9,-5;74,-6,8;82,0,5;89,28,-2;92,-16,6;93,16,-2;101,3,-2;102,-9,5;111,13,0;112,-2,7;121,12,-5;122,-6,6;132,7,1;133,10,0;141,8,-4;142,-10,9;151,19,3;152,-11,4;161,19,2;162,-14,-2;171,24,1;172,-9,6;173,14,-3;186,-5,8;187,12,0;190,3,-4
rua||helena maria da conceicao|novo horizonte|32606010|11,-1994326,-4419945;32,-5,-16;35,1,-2;50,-8,-15;51,0,0;53,10,21;86,-21,-48;87,-1,-6;93,-7,-3;110,-3,-16;149,-9,-31;165,-10,-19;177,-1,-11;191,-4,-9
rua||helena maria da conceicao|novo horizonte|32606112|8,-1994429,-4420225;160,56,147;176,-3,-12;188,-2,-8;218,-16,-36;225,-4,-8;232,5,0;241,-10,-12;246,5,3;258,-6,-9;260,2,1;363,36,96
rua||helena rocha de carvalho|filadelfia|32670190|23,-1996676,-4418405;65,-25,34;79,6,-5;91,12,-79;93,-7,58;105,7,-9;120,5,-13;133,-2,-14;150,5,-17;175,-12,-21;209,-4,-37;221,-5,1;248,0,-23;264,0,-19;355,-5,-94;361,3,-13;372,-6,17;373,6,-22;392,-2,-9;420,11,-58;437,-1,-12;444,-1,1;475,-3,-41;491,-1,-10;521,6,-23;730,-4,109
rua||humberto campos|chacara|32670300|6,-1996219,-4418699;16,7,12;22,26,128;26,-26,-122;42,-38,311;51,49,-285;62,-1,2;67,3,3;75,15,78;87,-2,-3;118,-12,85;122,-14,14;123,29,-139;129,-6,-24;130,-19,154;131,24,-138;133,-1,9;136,-35,165;137,10,-60;143,31,-93;144,-34,127;146,-5,15;148,-6,16;150,-10,24;155,53,-162;169,-6,45;172,0,-13;176,-21,47;186,8,-21;196,6,1;225,-2,-16;236,-21,66;242,-10,7;266,3,18;272,-11,6;280,-18,61;284,25,-51;287,4,-4;291,41,-197;315,-60,247;363,-9,18;366,-7,8;375,6,-1;380,-8,8;385,4,5;395,-6,13
rua||humberto campos|citrolandia|32639330|6,-2002113,-4423330;8,14,2;12,14,1;16,154,54;17,9,6;18,4,7;19,-120,-78;21,-4,28;33,15,3;46,-8,0;87,38,14;185,125,47;435,-209,-79;713,189,70;800,-66,-26;808,-103,-31
rua||humberto campos|citrolandia|32670300|5,-2002115,-4423333;9,25,7;13,-3,-8;260,-75,-121;933,1,64;951,15,29
rua||humberto campos|sao salvador|32639330|60,-2001876,-4423248;61,8,2;63,-11,5;64,22,-5;65,2,4;66,-2,-2;68,4,0;69,-7,3;70,30,12;72,-2,-3;91,-5,1;493,28,16
rua||inspetor jaime caldeira|brasileia|32600422|239,-1997213,-4420581;251,0,15;259,2,16;273,1,4;285,2,17;297,0,4;301,-1,17
rua||inspetor jaime caldeira|brasileia|32600424|15,-1997230,-4420796;27,-2,15;51,4,18;53,-4,12;63,5,14;84,-12,-154;85,17,177;86,-20,-189;98,0,-16;100,-2,-11;101,13,224;113,6,11;133,7,16;151,-5,12;163,4,15
rua||joao carvalho|colonia santa izabel|32699899|55,-2004196,-4421403;65,-41,-16;67,11,-3;68,18,11;70,-25,-13
rua||joaquim do carmo|petropolis|32655150|12,-1996686,-4417631;13,-1,4;20,0,-9;21,-1,3;29,-6,-7;30,-5,-3;37,-5,-5;38,-3,1;46,-7,-2;47,2,-1
rua||joaquim luiz de carvalho|santa lucia|32604022|173,-1994916,-4420163;195,4,23;210,2,-1;213,-6,-8;234,3,-18;235,-6,1;246,5,-12;247,-5,6;264,6,-29;270,-1,-15;271,-5,13;272,5,12;273,-6,1;283,-3,-27;296,2,-17;297,-3,3;298,18,8;309,-17,-18;330,3,-15;342,1,-14;349,-19,13;351,11,-9;372,5,-22;374,2,47;375,-6,-66;382,1,-2;385,-13,-13;442,19,-47;444,-13,-1;454,4,18;456,-1,-14;464,-8,-12;470,-5,-15;473,-4,6;480,10,-11;490,-3,2;493,-9,-4;500,3,-11;512,-2,-17;516,-2,-10;520,-4,-10;538,-5,-4;560,-3,-19;572,-4,-9;579,-9,-2;595,3,11;599,-7,-23;600,12,8
rua||joaquim luiz de carvalho|santa lucia|32604032|11,-1994908,-4419971;18,9,11;21,-3,-5;34,2,-3;35,-9,-29;38,8,18;39,-7,-2;50,7,-9;58,-1,-18;62,-3,-10;67,-5,7;74,4,-21;77,-1,14;86,2,-23;89,-1,10;92,0,-25;94,0,2;102,0,-10;103,4,21;115,-9,-9;125,-2,-13;144,6,-15;149,-6,4;150,5,-10;160,1,-10;164,-6,-4;165,0,5
rua||jose balbino da costa|pingo dagua|32601410|10,-1998092,-4423459;40,-5,138;82,98,-20;98,-25,134;122,14,31;130,54,70;137,-55,-94;143,53,94;156,46,91;325,-198,-345;500,178,312;595,-17,-27;600,22,35;1000,102,77;1004,-355,-453;1015,474,702;1100,33,42;1112,-25,-36
rua||jose capitao|charneca|32636100|346,-2002225,-4423670;351,35,-42;537,49,-294;1153,761,-648;1228,-374,503;1400,420,-514;1401,34,-13;1412,4,-12;1443,-426,205;1510,505,-118;1517,-490,94;1518,29,-28;1613,42,-66;1628,10,-15;1699,45,-32;1799,123,28;1806,-8,-66;1900,90,36;2087,98,-32;4547,-411,152
rua||jose coimbra|petrovale|32659622|21,-2000246,-4413173
rua||jose coimbra|petrovale|32668106|6,-2000503,-4413467;11,-107,-407;12,114,66;13,-43,92;14,141,4;15,-91,148;16,31,59;17,127,28;18,23,-3;19,-17,181;20,18,-106;21,59,263;22,-59,12;23,35,176;24,-131,40;25,76,107;26,-90,87;27,-152,16;28,222,-79;29,-95,30;31,170,-531;32,-6,-64;34,-144,649;41,43,-1011;42,-3,4;43,-2,-2;50,-24,-42;53,47,118
rua||jose curvelano|bom retiro|32606172|10,-1994095,-4420119;30,35,82;31,-19,-64;32,0,3;47,-2,7;48,-3,0;53,-11,-3;55,11,-1;64,-5,-13;65,12,39;115,19,39;131,4,13;220,-1,-47
rua||jose da conceicao|angola|32604158|18,-1996223,-4420193;34,22,16;48,-3,10;61,-3,23;62,1,-13;70,-3,9;81,-1,17;84,-11,1;85,7,12;96,-6,-6;106,-3,11;118,16,9;130,-23,9;133,-20,51;142,15,-38;145,4,2;147,0,8;154,-10,-5;157,25,-26;166,-30,40;169,23,-33;171,-22,52;175,-1,4;176,-4,-4;181,0,-2;185,-4,4;189,2,3;190,-22,-12;194,36,15
rua||jose dias campos|california|32618510|49,-1991466,-4426813;105,93,14;127,369,13;140,-346,-15;200,102,4;240,181,-3;241,115,13;323,-522,-26;330,250,16;335,-228,-14;345,285,13;350,-42,-6;355,93,8;365,3,-3;370,-48,7;3880,75,2
rua||jose gomes de castro|santa cruz|32667350|4,-1996168,-4414031;11,3,10;14,-5,-1;30,4,8;35,-2,7;36,-2,10;41,4,0;42,-4,-7;43,-38,294;53,40,-277;54,-32,271;55,2,-5;61,-7,-7;64,35,-262;65,0,18;67,-32,237;76,30,-246;77,0,24;79,-32,217;88,31,-228;91,-30,210;100,24,-185;101,7,3;103,-19,171;105,-4,2;112,16,-163;118,-1,9;124,-3,7;127,8,1;136,-21,152;148,12,-138;160,2,13;184,1,25;187,-1,1;196,-5,7;197,3,4;208,3,-26;210,-8,35;211,5,7;220,2,-47;223,-4,9;230,0,54;232,7,-73;243,-5,-11;244,10,-2;264,0,-29;272,2,-22;275,-28,171;303,-2,29;315,-2,14;325,19,16;345,8,-232;349,-30,252;352,-3,22;360,5,-18;361,-6,12;370,1,8;385,4,7;388,4,-5;399,-9,12;400,-2,-2;405,-2,23;411,6,-5;412,-5,4;424,-7,-3;480,31,-162;485,-12,30
rua||jose nunes de castro|novo horizonte|32606036|3,-1994589,-4420563;10,-5,-6;18,14,9;96,1,0;104,9,2;108,9,5;134,6,0;143,72,12;179,-33,8;186,-5,1;188,22,5;199,7,-7;210,3,8;230,7,-8;235,18,-19;240,24,-3;247,-11,8;257,3,-6;259,2,-6;266,-9,11;275,20,-11;276,-27,14;277,36,-25;293,5,-22;297,-10,26;305,16,-16;306,2,0
rua||jose pereira da cunha|bandeirinhas|32657304|3,-2000325,-4417208;5,-13,6;7,-3,1;8,-8,21;9,5,-20;13,21,-4;15,7,-10;25,4,2;47,7,0;53,6,0;71,13,2;99,5,-2
rua||jose pio da silva cardoso|bom retiro|32606462|53,-1993330,-4420200;110,155,-272;136,-6,11;881,-147,249;884,10,5;933,-1,-9;942,2,4;952,10,-19;954,0,4;956,4,-3;957,-5,-8;958,6,-4;964,-1,3;968,5,-10;972,5,-4;973,1,6;975,-4,1;977,2,-8;985,0,-10;1000,9,3;1041,20,-51;1044,-1,5;1047,2,-13;1064,7,-4;1065,-1,-1;1068,1,-4;1080,0,0;1081,-8,-10;1093,20,-7;1100,10,-6;1105,-7,2;1107,3,-9;1116,9,4;1119,-1,-14;1120,48,-79;1164,-10,46;1167,-9,-12;1170,6,-2;1179,-4,-13;1191,2,-10;1210,3,14;1212,-2,-16;1219,14,-13;1220,-1,2;1223,-5,6;1227,11,-14
rua||jose pio da silva cardoso|bom retiro|32606532|455,-1993570,-4419858;459,8,0;460,-25,11;466,16,-6;470,5,-2;471,10,-8;482,6,15;494,5,-17;499,1,-1;511,12,-10;526,0,6;538,8,-9;541,-5,-2;543,5,-1;549,4,-6;552,3,3;560,19,-30;561,-19,22;564,1,-1;570,65,-102;573,-59,91;574,22,-21;576,-33,6;580,36,-15;582,35,-66;585,-50,71;586,16,-3;611,-1,-13;639,27,-39;640,-1,0;661,0,-4;663,-2,-6;665,4,-8;671,10,-7;673,4,-4;674,-6,11;677,9,-16;689,2,-3;706,4,-2;717,6,-11;718,0,0;723,8,-12;730,-6,7;746,9,-14;750,6,-9;766,26,-35;777,-10,0;778,-1,18;790,20,-39;797,-14,18;802,11,-7;809,-6,-6;822,18,-19;823,-10,5;824,13,-9;847,-2,-4;859,8,-15;860,-1,6;867,-21,22;870,35,-27;871,-5,-6
rua||jose pio da silva cardoso|bom retiro|32606578|35,-1993935,-4419693;47,5,-4;59,8,-4;67,7,-10;75,10,-4;80,-24,23;82,14,-15;87,22,-10;103,11,-4;115,6,-5;122,16,-10;127,2,1;130,1,2;139,2,-5;140,13,-2;141,1,8;158,-3,-8;160,22,-5;167,-11,-3;201,38,-17;216,11,0;219,-2,-2;231,11,-5;240,11,-1;243,3,-8;252,6,7;255,0,-2;264,9,3;267,2,-12;275,13,-7;276,-1,7;282,6,-3;290,5,-1;299,5,-6;300,1,2;326,25,-17;345,3,2;347,-6,4;355,25,-10;358,-6,6;364,21,-9;370,-8,1;379,18,-8;381,-18,2;394,16,0;404,24,-11;406,-15,4;422,26,-8;424,6,-1;437,-16,2
rua||jose rodrigues costa|guanabara|32667030|5,-1997564,-4414200;12,424,253;35,-30,-15;55,-17,-13;58,25,9;60,-17,1;62,-4,-12;64,-6,2;67,-1,2;80,-35,-17;88,31,20;91,-20,-20;97,4,3;100,51,33;105,-396,-238;110,390,236;121,-53,-37;134,-43,-30;136,-10,-3;140,-4,-1;180,0,-2;186,-12,-4;198,-12,-7;200,-4,-5;209,21,19;211,-11,-9;213,-11,-3;215,-6,3;221,-2,-4;222,-1,-10;234,-8,-5;246,-10,-8;258,-8,-4;264,-5,3;270,-5,-5;282,-13,-6;285,-6,-5;289,17,5;291,8,6;295,-37,-20;310,-12,-50;322,-18,10;366,-17,6;371,-9,-3;378,2,2;390,-9,3;393,-10,-14;402,-2,-2;413,-18,-4;420,-4,-4;425,-4,1;427,-6,-9;436,6,4;438,-11,-13;440,-11,-7;460,-11,-9;461,15,14;463,-6,2;480,-15,-20;485,4,10;496,-18,-15;498,5,2;516,-8,-3
rua||jose wanderlei carsalade|jardim da cidade|32604266|15,-1996201,-4419897;20,3,1;35,-25,9;60,21,2;66,-48,10;67,-9,-10;88,-19,-7;103,60,19;201,-13,-13
rua||josias diniz costa|bom retiro|32606358|220,-1992010,-4421571
rua||leonardo lopes cancado|bandeirinhas|32657422|10,-2000004,-4416730;14,161,-26;20,156,-32;50,6,6;51,19,-9;52,-26,0;53,-1,8;54,3,-7;56,3,2;58,-24,12;60,-2,-2;88,-33,-3;91,-5,5;92,9,5;110,-11,-5;180,-73,12;181,-13,5;190,15,-5;191,0,-2;193,-39,13;219,5,5;221,-4,0;223,-2,-1;225,-4,-1;226,-10,-9;234,5,5;235,4,1;240,-23,7;268,-48,5;295,22,-2;311,-17,2;318,-4,-3;329,-1,0;332,-24,6;333,9,-1;336,-30,3;338,-12,5;340,197,-34;341,-156,27;343,-6,-1;348,-12,5;363,-12,-1;365,6,1;389,-20,3;392,-19,4
rua||lourdes da conceicao ou cinco|imbirucu|32677120|15,-1994618,-4410793;17,9,-10;18,6,12;28,14,-8;31,-3,-9;63,12,2;70,-43,18;75,66,-25;76,2,10;77,34,-13;79,-26,-9;98,7,11;99,2,-23;100,9,19;121,6,-5
rua||lourival augusto de carvalho|conjunto habitacional olimpia bueno franco|32671774|7,-1994130,-4418442;12,-5,-6;23,-5,17;28,-10,-2;37,2,11;40,-10,-9;52,-10,10;53,5,2;64,-14,9;67,16,-1;76,-18,10;83,1,7;88,-11,-7;97,1,26;99,-1,-5;100,-11,-8;112,-3,2;124,-9,17;158,-11,7
rua||manasergio pereira costa|guanabara|32667038|15,-1997333,-4414047;19,-19,9;20,14,3;31,-20,0;43,-12,4;55,-4,5;69,-16,6;71,-8,3;105,-5,3;117,-17,8;125,-7,4;137,-11,7;141,-16,-2;145,-6,1;157,-11,2;177,-10,9;179,-4,4;181,-4,0;193,-9,7;205,-14,-3;211,-5,1;217,-10,3;220,-4,2;225,-7,0
rua||marckinair de almeida campos|bandeirinhas|32657278|8,-2000538,-4417088;11,1,7;12,-13,-2;14,222,-39;19,-244,42;21,138,-32;23,100,-11;32,-8,-1;33,-270,33;36,-69,53;39,331,-84;44,-178,40;48,43,-15;53,-147,42;54,267,-71;73,-33,5;83,-4,21;84,32,-21;85,-47,7;87,-9,-26;95,-192,117;97,175,-87;99,-193,57;100,175,-81;107,0,22;108,37,3;109,-42,-31;110,15,40;111,-6,-4;113,-145,39;115,139,-78;117,-1,4;119,-201,95;121,194,-59;125,-202,62;235,148,-46;300,-120,33;565,50,-12;670,129,-37;671,-45,9;771,156,-34;2010,-210,50
rua||margarida alves caliar|citrolandia|32641302|460,-2002183,-4422503
rua||margarida alves caliar|conjunto habitacional dicalino cabral|32699899|186,-2002171,-4422505
rua||maria augusta da costa|cachoeira|32602514|7,-1995838,-4422320;12,-10,8;19,394,-45;23,-385,59;30,-1,4;32,400,-63;34,-399,112;37,4,-42;38,-6,22;41,20,40;42,-5,4;43,36,10;44,-26,-3;45,25,4;46,17,-1;47,33,3;49,-38,-4;51,45,4;54,-108,-59;66,86,55;101,-68,-33;107,57,33;131,39,-6;143,6,8;149,-63,-3;154,62,3;155,10,-3;158,1,-1;166,9,2;176,41,-26;179,-22,16;180,14,-3;190,-84,10;191,1,0;222,152,-71;251,-9,10;253,-52,39;258,76,-65;261,-92,78;265,31,-26;267,54,-47;271,-67,62;277,16,-19;280,41,-33;281,24,-21;282,-6,5;283,17,-13;284,-49,42;295,-13,12;302,-10,5;341,16,-10;353,9,-7;374,-40,31;402,-12,15;453,114,-95;475,13,-4;478,-125,97;495,148,-107;517,31,-9;547,11,-5;666,-348,115;850,275,-90;860,7,-4
rua||maria candida|imbirucu|32677004|1,-1994523,-4411680;2,45,14;6,-3,2;12,8,9;18,39,6;19,-24,-3;25,4,-6;30,0,-2;36,5,3;38,9,4;49,-2,1;52,13,0;57,94,9;58,-99,-9;65,2,13;66,12,-4;74,6,-1;77,-3,-2;95,7,3;100,5,2;101,174,-5;102,-170,5;109,12,0;110,-7,3;115,6,7;138,10,0;152,7,5;164,12,0;165,13,6;188,10,4;190,5,2;195,5,0;198,2,1;200,6,0;222,16,10;224,-2,-5;252,29,-5;254,-1,8;255,4,-14;262,9,3;275,-1,-7;316,64,-14;324,-18,-4;336,9,3;338,9,1;346,2,-2;354,11,4;360,7,2;368,2,13;386,5,-11;390,7,3;400,3,-2
rua||maria carioca|charneca|32636250|97,-2001805,-4424462;99,-48,-51;100,10,5;101,-14,-13;102,-46,-30;103,-1,-4;185,-33,-64;190,24,21;196,69,-5;236,16,-20;490,12,13;495,-21,-12
rua||maria clara|chacara|32671250|13,-1996224,-4418271;23,1,-2;49,19,10;81,30,4;91,10,0;101,11,10;111,11,4;125,8,1;137,15,12;151,8,-4;159,7,13;161,11,-11;183,14,8;193,21,10
rua||maria consuelo|brasileia|32600294|12,-1997178,-4419909;15,-18,-15;16,12,7;25,-8,-5;28,0,-11;35,-5,-1;44,-2,-8;47,-3,0;56,2,-1;65,-9,-9;74,2,-4;75,-16,-7;80,14,7;85,-14,-17;96,2,0;101,-11,-6;106,1,-6;115,-2,-11;118,-8,-8;125,-6,1;130,8,-8;140,-7,1;142,1,3;144,-2,-9;145,-6,7;150,-3,-13;169,-8,-1;177,0,-7
rua||maria do carmo|centro|32600094|105,-1996796,-4419538;126,-24,-23;152,-10,-2;377,10,-1
rua||maria jose de carvalho|colonia santa izabel|32641260|10,-2004032,-4421712;20,-8,-14;30,7,-15;40,-12,3;44,27,-50;65,-28,51;67,-15,-13;75,5,-12;85,10,-12;87,-7,10;95,23,-17;105,9,-11
rua||maria madalena cardoso|bom retiro|32606586|1,-1993762,-4419562;8,45,-10;11,-39,6;12,33,-6;32,11,-7;44,8,2;46,4,-3;51,-21,4;56,30,-11;70,9,-7;84,13,-3;89,-24,9;101,3,-14;113,18,-2;125,3,1;129,16,4;141,1,-5;146,32,-14;162,11,-5;165,-15,13;169,5,-11;173,-3,-2;177,1,3;181,10,1;185,20,-7;189,-18,3;200,33,-10;203,-12,-12;244,50,-6;270,-17,9;280,52,-25;290,10,-1;300,6,-4;305,-17,-1;312,32,-7;315,-31,10;324,38,-10;325,-47,18;327,13,-2;332,-206,78;336,154,-60;339,69,-24;350,40,-13;361,-19,-3;385,18,-10;395,-39,17;403,43,-8;407,-30,7;419,18,-11
rua||maria nunes coimbra|jardim terezopolis|32681220|2,-1995703,-4412136;3,5,-5;5,7,1;6,-6,2;9,38,4;12,-35,-4;16,9,8;17,-2,-9;22,4,3;23,-1,-2;28,6,7;29,-2,-9;35,10,4;36,-9,2;41,10,2;42,2,-2;47,63,33;48,-61,-32;51,-1,-1;52,3,7;53,1,-3;58,6,4;59,3,-9;64,2,-2;65,1,3;70,7,14;71,1,-9;76,6,5;77,-6,-8;79,35,62;82,-29,-54;83,-2,-4;86,6,4;89,11,17;95,-6,-14;96,12,23;99,4,10;100,-10,-37;105,12,0;112,-3,1;116,-4,4;120,11,8;121,0,22
rua||mario campos|alto das flores|32654800|253,-2000940,-4417992;255,28,-16;259,-42,20;265,33,-7;273,-51,11;274,-16,2;275,33,-5;276,-47,10;285,-32,7;287,-10,-9;293,-10,6;295,-6,-13;301,64,-52;331,-108,-98;351,2,-4;700,368,207
rua||mario campos|distrito industrial bandeirinhas|32641840|142,-2000916,-4418830;1000,-1122,-24
rua||miguel cardoso|bom retiro|32606468|872,-1993218,-4420126;916,1,-5;930,6,-13;951,12,-25;964,5,-3;986,6,-10;987,-2,-6;1000,5,1;1009,1,-9;1029,20,-36;1042,4,-1;1043,0,6;1054,6,-11;1059,2,-8;1060,19,9;1062,-13,-15;1064,-4,4;1070,-7,-12;1071,5,10;1073,8,-11;1074,-5,1;1078,15,1;1082,-4,-4;1085,-3,-4;1090,3,-1;1100,6,-9;1102,12,-12
rua||miguel cardoso|bom retiro|32606528|24,-1993431,-4419782;359,-106,53;369,19,-4;380,0,-4;382,10,-2;383,-3,-1;398,13,0;401,0,-7;410,21,3;411,26,-22;415,-37,21;424,9,8;427,0,-17;436,8,0;443,5,-7;452,6,-3;454,-3,11;473,22,-23;487,10,-8;492,1,-3;498,1,-9;499,2,2;516,3,-11;517,4,-2;522,9,-9;523,-4,0;538,11,-11;541,-7,4;550,11,-11;557,-1,4;564,14,-29;565,-3,13;570,2,-6;574,-11,12;593,13,-31;603,-2,2;610,16,-11;611,-1,6;617,-2,-7;625,7,-19;629,29,-44;630,-16,35;649,5,-15;656,3,3;664,3,-12;665,4,-9;669,-8,17;676,10,-12;691,2,-7;700,10,-19;711,7,-11;712,-3,4;714,8,-11;716,-1,0;729,0,3;733,7,-4;735,4,-15;769,16,-25;788,9,-4;789,-11,-8;790,0,10;791,5,-12;792,7,2;793,-9,-3;794,16,-17;795,-17,18;796,16,-12;803,-10,7;807,8,0;815,12,-17;820,0,-4;832,6,-6;833,-5,3;834,5,-11;836,4,-1;838,2,3;840,1,-9;851,-9,7;860,11,-12;875,-4,-28
rua||miguel cardoso|bom retiro|32606584|11,-1993833,-4419606;34,31,-6;40,4,-8;53,4,-7;60,13,6;63,-5,-4;67,9,-2;101,36,-21;108,-71,40;118,77,-32;129,-4,-25;130,2,23;141,14,-12;144,17,-3;155,1,1;160,-4,4;165,14,-10;177,6,-3;180,2,3;191,12,-8;194,-5,8;195,12,-7;229,30,-17;241,64,-32;243,-46,24;245,-3,4;258,10,-3;270,5,-6;275,-2,-4;279,2,8;285,9,-4;286,5,-2;295,9,-9;298,-4,8;308,11,-5;310,7,-5;324,9,-1;345,-2,-3;741,-275,121
rua||milton costa|citrolandia|32635150|3,-2000137,-4422713;115,-40,-140
rua||moacir goncalves costa|jardim piemonte sul|32669722|15,-1996628,-4407514;50,314,89;900,34,34
rua||monte carmelo|bandeirinhas|32657364|28,-2000107,-4417333;44,12,34;47,5,-2;54,-2,1;64,2,13;74,6,10;84,11,7;86,3,9;88,7,14;100,12,30;142,112,162;144,-12,-7;145,-18,-44;148,7,26;150,-6,-16;153,-11,-22;154,-9,-12;156,-20,-30;158,6,20;160,71,-185;334,-22,253
rua||monte carmelo|marimba|32623204|21,-1992392,-4427279;22,-4,-15;26,-9,34;78,14,-41;177,-24,87;909,42,-133;910,1,-15;953,-40,156
rua||monte casseiros|petropolis|32655104|6,-1996981,-4417509;12,-23,-6;25,137,-20;41,-13,-2;42,12,-4;47,7,-3;56,-21,7;92,-43,6;97,6,4;103,-7,0;108,-10,1;111,25,47;125,-28,-44;165,-52,2;191,-14,10;193,-7,-1;210,-34,7;239,-7,5;240,-5,-5;250,-2,1;253,-4,6;260,-5,-2;261,27,-1;262,-30,4;263,-12,5;334,138,-44
rua||montes claros|marimba|32623240|17,-1992098,-4427186;18,17,-13;19,-15,23;119,16,-72;120,10,-20;121,0,4;123,2,-25;140,4,3;180,6,-29;188,32,-67;189,0,-32;190,1,-2;272,1,2;335,11,-60;343,1,27;345,46,-169;350,-52,161;351,-183,119;360,193,-149;361,-4,10;375,-2,-16;382,32,-79;385,-21,76;398,25,-51;414,-18,23;428,-9,16;440,11,-19;445,-88,292;451,93,-329;480,8,-8;505,6,-33;507,5,-10;510,19,-72;641,3,-20;653,16,-36;655,-4,11;657,9,-24;659,-1,-22;663,8,-13;665,7,-26;725,-3,-19
rua||montes claros|marimba|32623330|23,-1991913,-4427801;99,50,-471;100,2,12;101,0,18;102,-1,12;103,-6,7;104,1,18;105,2,18;106,-2,4;107,2,14;108,3,5;155,-1,-119;181,1,248;182,-3,-5;183,0,-9;184,1,-37;185,-1,-7;187,7,-10;188,-1,-27;189,1,-7;190,4,-1;191,-8,-19;192,5,-17;193,-5,-9;194,2,2;195,4,-19;196,-6,-8;197,2,-8;198,1,-16;199,-3,1;201,-1,-20;202,2,160;205,2,-29;206,-7,2;207,-3,16;208,6,4;209,-8,17;210,5,3;211,-2,16;212,-3,10;213,1,4;239,-13,108;241,4,-10;242,1,-16;245,3,-25;247,4,-4;248,1,-13;249,-11,23;250,2,11;251,-15,-4;253,11,11;254,-2,15;255,-1,11;300,25,-200;503,-109,537;504,8,-22;550,15,-52;625,3,-12;636,19,-36;650,-14,14;654,15,-31;660,1,-16;684,9,-14;686,-4,-7;700,-8,28;710,-1,4;728,19,-67;730,23,-103;734,-20,97;740,3,-8;746,1,-7;748,1,-7;756,5,-5;766,3,-15;807,-30,97;833,30,-147;843,7,-13;844,9,-44;850,-7,38
rua||n senhora do carmo|pimentas|32621220|8,-1992161,-4429176;10,74,8;201,-269,-50;215,-104,-22;460,124,24;550,42,7;642,39,14;746,-2,-10;820,-133,-21
rua||nalzira ribeiro costa|bom retiro|32670086|1,-1991703,-4421528;4,-42,6;5,44,-6;55,-55,9;65,4,-7
rua||nossa senhora da conceicao|serra negra|32605800|669,-1988600,-4421487
rua||nova canaa|centro|32600080|54,-1996575,-4419242;136,-12,5;140,-10,9;148,-15,4;160,-8,3;244,-36,2
rua||nova canaa|filadelfia|32670015|26,-1996510,-4419228;29,-18,8;37,-7,6;67,16,-10;109,-17,20;115,-47,17;119,40,-19;123,-7,5;127,-3,2;129,-43,15;141,27,-9;173,-47,13;201,-12,-1;221,-10,0;225,-46,-6;227,-21,-3;229,45,1;235,16,29;241,-28,-28
rua||nova colonia|nova baden|32676200|29,-1995197,-4414198;32,0,-4;46,-15,12;57,13,-2;78,22,-16;80,-44,26;84,-2,4;106,-12,-1;113,6,16;115,-9,3;119,-12,12;131,-4,14;162,-28,9;200,-17,10;210,-25,6;220,27,-4;246,-39,7;249,-9,12;260,-15,0;265,67,-26;280,-79,29
rua||nova cruz|paqueta|32639610|24,-2003194,-4424133;32,10,12;48,96,144;74,-24,-36;81,4,12;92,-40,-60;124,21,32;126,7,9;133,-17,-19;157,35,44;193,-55,-80;202,-13,-37;248,-21,-29;252,-1,0;256,0,8;264,-8,-31;273,-3,7;275,-3,-2;287,-3,-10
rua||olga assuncao cardoso|bom retiro|32606506|46,-1993092,-4419784;56,26,28;58,13,19;72,-41,-54;73,-22,-28;148,-11,-10;152,0,-3;156,-12,-6;160,-2,-4
rua||olga assuncao cardoso|bom retiro|32606534|222,-1993172,-4419964;224,-1,86;318,-68,-83;343,-38,-17;370,15,-4;380,-23,-19;397,10,14;399,-4,-6;401,-10,5;404,4,3;416,11,8;420,3,-2;606,-170,-119;770,23,13
rua||paiva conde|citrolandia|32641540|30,-2002869,-4421984;35,-23,1;37,-13,-15;38,-11,-14;45,40,33;51,30,9;53,9,5;57,-54,-22;64,30,19;69,-2,-14;74,15,13;100,36,26;118,46,54;130,-2,4;132,14,23;134,-5,-19;139,-8,-10;143,-66,-69;145,102,103;180,-10,0;198,27,23;200,54,28;290,-72,-40
rua||pat o connor|ponte alta|32605730|39,-1991756,-4418571;58,3,-18;77,-15,-23;96,2,-14;105,-14,1;110,0,-17;135,-11,-4;136,3,-12;140,-23,-51;150,17,40;173,-18,-15;190,2,-16;221,-22,-33;233,-4,-5;257,-4,-14
rua||paulo costa|jardim piemonte sul|32669712|51,-1995982,-4407682;131,-65,-102;140,-6,-25;320,-23,-33
rua||paulo costa|jardim piemonte sul|32669722|201,-1996110,-4407880;251,-8,-14
rua||pedestre c|jardim alterosas segunda secao|32673040|6,-1994751,-4416847;12,-3,-4;13,-2,7;18,-10,-8;19,-1,1;24,-19,-6;25,13,-5;31,-13,1;33,-15,-9;36,4,3;38,-14,-5;42,5,1;43,-2,-4;48,-10,1;49,8,-2;54,-11,1;55,-6,-8;61,-15,-7;66,-1,3;67,-2,-3;69,-6,-7;71,57,30;72,-63,-34;73,-5,1;74,-3,-3;79,-4,3;84,-8,-5;85,4,-2;88,-15,-6;90,4,6;91,-4,-8;95,-4,1;96,-2,3;102,-13,-12;103,-3,2;105,13,4;108,-20,-11;109,2,4;114,-9,-7;115,-10,-1;120,80,38;187,-44,-31
rua||pedro alvares cabral|citrolandia|32641788|4,-2002764,-4423220;10,-3,8;25,-70,20;40,61,-21;41,2,6;45,-11,3;48,-102,2;50,107,-11;60,-18,11;61,0,4;65,-10,4;84,-104,-32;95,-30,-6;125,118,48;126,-8,-1;153,-14,3;176,-46,-34;210,-29,-8;234,-17,-8;246,-10,-5;771,134,45
rua||pedro alvares cabral|filadelfia|32670142|34,-1996665,-4418031;50,-28,23;1350,41,-34
rua||pedro castiliano|imbirucu|32677312|11,-1994073,-4410864;21,-5,5;34,5,3;45,-5,16;53,23,-33;55,-27,83;56,3,-63;57,3,24;63,-5,29;76,0,19;80,-1,-17;92,2,-21;94,4,-20;100,-2,-2
rua||pedro lourenco de sousa ou cinco|imbirucu|32677212|30,-1994516,-4411166;32,-10,3;33,6,-8;40,4,-7;43,14,-4;55,-8,-13;65,3,-8;66,3,5;77,2,-17;78,6,-1;85,-1,-7;90,9,-4;99,-15,17;100,15,-22;114,-2,-16;130,8,-2;138,7,-19;140,0,-4;150,10,-18;162,4,-15;173,-40,57;174,48,-60;185,-32,57
rua||porto calvo|itacolomi|32672610|21,-1992566,-4417382;23,147,264;24,-2,-5;26,-11,-11;27,9,-17;28,-147,-224;30,150,246;37,-139,-238;40,-1,5;51,11,16;57,-2,-5;59,9,1;61,-7,-2;63,-1,0;68,2,20;69,3,-4;76,-7,4;81,11,5;88,-1,3;92,5,16;93,1,-8;98,2,10;104,6,7;116,5,2;117,4,5;128,-1,7;129,4,-2;132,15,32;137,9,2;140,-20,-24;152,6,12;164,2,9;166,3,1;168,2,3;170,3,1;173,28,51;182,-30,-41;184,-3,-7;185,23,32;186,-16,-23;188,1,2;210,8,6;211,5,8;213,7,11;225,7,6;226,-7,-5;230,11,27;246,-5,-12;258,4,18;261,9,-14;262,-9,0;273,11,13;282,4,12;283,8,3;290,-3,5;292,0,4;310,5,5;313,15,18;321,13,16
rua||raimundo correa|chacara|32670322|17,-1996245,-4418697;19,-4,12;22,-201,55;25,203,-48;36,-15,11;55,1,20;57,-5,4;64,0,-9;90,-14,37;99,-2,-5;100,6,4;104,-8,8;107,8,3;117,-3,11;122,-11,-4;127,7,11;134,-9,11;141,9,-2;151,-12,17;159,1,12;180,-40,79;187,30,-60;197,5,7;201,-6,10;215,-2,12;227,-5,9;236,-7,-9;237,3,23;248,-4,-3;257,0,-4;265,-12,20;272,-9,15;320,-15,42;332,-8,20;402,-11,48
rua||raimundo correa|chacara|32670358|335,-1996351,-4418396;341,-3,5;345,-2,13;347,-1,-1;357,6,6;371,-13,4;385,9,19
rua||raimundo correia|citrolandia|32641818|18,-2002359,-4422810
rua||raimundo correia|citrolandia|32641820|10,-2002359,-4422793;12,5,-22;21,-2,19;109,-8,20
rua||reis correa|bom retiro|32606520|309,-1993256,-4419547;434,131,191;436,9,15;437,10,5;438,5,8;440,2,5
rua||rio claro|bom retiro|32606511|28,-1993151,-4419325;29,-3,0;38,-13,10;46,-3,2;50,-8,9;51,22,-12;65,-14,8;76,-4,3;87,-8,11
rua||rio comprido|riacho iii|32689022|4185,-1994406,-4407634
rua||rio comprido|riacho iii|32699899|4485,-1994313,-4407679;4585,169,14
rua||rocha cardoso|petropolis|32655172|28,-1996778,-4417502;30,3,4;32,-29,6;35,76,-40;36,-62,35;41,-5,-14;42,34,-3;55,9,1;56,3,2;57,1,-11;65,-20,16;77,-8,3;80,26,-9
rua||santa catarina|espirito santo|32671676|4,-1995153,-4417966;13,0,25;23,-18,-1;41,11,-25;53,1,-7;65,-2,-5;77,5,-20;91,0,-11;111,-3,-11;115,2,-18;125,6,4;135,-1,-13;176,29,-37;195,3,-6;196,10,1;207,10,-9;210,-4,-6;219,6,-6;230,13,6;231,3,-9;243,1,-11;246,3,7;255,5,-9;258,2,2;260,5,-2;267,-4,-23;270,12,21;291,3,-18;298,13,3;343,37,-40;355,7,-7;362,12,-6;373,10,0;385,5,-14;386,-7,12;397,12,-16;398,4,0;409,3,-5;421,8,-13;434,16,0;436,10,-10;445,-8,-3;457,8,-5;464,-9,11;469,18,-19;480,6,2;492,7,-8;584,-10,12
rua||santa catarina|espirito santo|32671688|19,-1994741,-4418490;570,-109,172;586,3,-19;596,71,-88;604,-74,104;605,10,-25;607,3,-4;609,7,0;610,-4,0;621,12,-1;623,-7,-17;626,28,-34;635,-18,24;636,17,-8;649,-15,3;656,-2,14;659,6,-31;665,14,1;670,-33,39;671,24,-39;681,11,-12;682,3,5;693,3,-9;694,6,-3;701,3,-9;717,11,-6;724,8,-11;762,11,-23;778,16,-13;779,-8,-4;790,17,-7;801,-8,-8;802,13,-1;807,-3,-7;809,1,-3;811,4,-4;813,2,1;814,-1,9;827,-1,-14;828,8,6
rua||santa catarina|senhora das gracas|32604625|515,-1994500,-4419147;517,7,-13;519,0,25;579,-21,16;581,-7,17;591,0,3;603,-5,10;651,-19,42;653,6,-28;655,7,-6;665,-26,59;705,-15,16;711,83,-165;735,-100,200;747,-6,13;755,-5,8;777,-6,11;791,-8,17;803,-1,2;833,34,-69;839,-5,4
rua||santa catarina|vila universal|32678022|161,-1993396,-4410771;177,6,21;183,-7,9;203,6,1;229,13,26;235,3,14;245,2,19;255,-1,9;287,19,96;293,-13,-71;325,10,33;355,4,16;365,-7,-22;375,13,53;379,-11,7
rua||santa cecilia|colonia santa izabel|32641264|6,-2003855,-4421725;15,-63,-8;17,7,-2;19,30,2;20,8,-5;22,-36,5;33,29,-1;48,22,-11;50,-3,1;53,-15,12;71,-20,0;73,9,-5;75,-39,10
rua||santa cruz|brasileia|32600295|345,-1997149,-4419902;355,9,-10;373,0,-17;383,-28,-4;385,47,-1;391,1,-24;403,7,3;411,14,-19;455,17,-17;461,10,-9;481,4,-3;31785,-65,67
rua||santa cruz|centro|32600028|134,-1997336,-4419790;152,12,-16;156,-4,-6;160,-1,0;161,7,-3;164,-3,1
rua||santa cruz|centro|32600194|380,-1997145,-4419918;402,13,-10;410,22,-17;458,36,-45;468,3,-5;488,14,-15;500,13,-17;510,6,5
rua||santa cruz|centro|32600198|8,-1997447,-4419747;10,-1,-2;18,12,-6;22,2,-3;56,30,-12;86,20,-12;108,19,-3
rua||santa cruz|centro|32600225|666,-1996912,-4420115;716,33,-49;720,9,2;750,-32,37;766,15,-29
rua||santa cruz|centro|32600232|200,-1997273,-4419823;222,19,-11;256,11,-8;272,11,-9;316,32,-28;320,-5,9;328,16,-10;346,2,-4;542,167,-170;550,10,-10;558,11,-4;568,26,14;580,-3,-22;590,5,-8;600,5,-6;612,18,-10;616,5,-8
rua||santa rita de cassia|paulo camilo|32667574|6,-1996127,-4413320;8,-15,8;10,-14,6;12,-10,-5;14,-7,6;18,-10,1;20,8,1;21,-26,-1;24,-5,23;25,-14,18;26,33,-42
rua||santana do capivari|dom bosco|32670610|68,-1995535,-4415442;69,-10,22;76,21,-43;78,-6,5;80,13,-19;86,-7,5;100,14,-20;104,6,-8;106,4,-4;128,3,-8;152,19,-27;154,6,-9;178,1,-4;190,1,-16;202,-19,16;214,36,-33;215,16,-37;226,-13,37;238,8,-17;240,-2,-4;301,28,-56;303,-6,10;305,-6,10;317,10,-22;328,-73,142;329,79,-158;339,4,-12;345,9,-5;351,-1,-3;353,6,-3;363,1,-3;375,1,-10;379,-3,10;393,6,-31;395,15,-4;422,-8,12;424,4,-7;426,5,-5;428,-1,9;449,16,-50;452,1,18;472,11,-22;473,-4,-4;475,3,-19;478,1,13;487,1,-2;493,53,-106;495,6,-12;498,-44,94;500,-21,13;501,14,-8;503,-5,10;507,5,-11;509,2,-9;520,0,-6;521,4,-2;530,-2,-4;533,1,-1;536,11,-6;541,-3,0;543,4,-7;544,4,4;546,5,-14;553,-7,7;555,3,-2;567,7,-9;568,-1,-2;579,4,-8;582,3,-1;590,10,-22;594,-1,11;600,-3,-4;610,7,-17;612,11,-2
rua||santana do capivari|jardim alterosas primeira secao|32670666|18,-1995214,-4416054;20,9,-6;21,5,7;24,3,-23;28,-1,5;65,-11,24;485,-56,92;523,5,-8;535,3,-1;660,-4,14;675,3,-5;678,9,-23;680,6,-8;683,-4,7;691,9,-19;701,5,-16;714,-7,18;723,-2,4;726,8,-7;738,21,-3;740,-7,-18;750,-1,-6;821,21,-35
rua||sebastiana mattos cardoso|filadelfia|32670160|40,-1996738,-4418455;42,7,5;50,-11,-35;62,16,27;70,-13,36;80,16,-48;85,-17,51;90,2,-13;116,-10,-3
rua||sebastiao dos passos campos|california|32618410|41,-1991517,-4427016;51,16,3;52,9,2;53,9,-3;54,13,-1;55,1,0;84,-75,13
rua||serafim carvalho|parque das industrias|32671400|24,-1995861,-4417759;35,-4,1;36,1,-2;45,6,4;47,8,-9;48,-28,20;49,36,-28;55,0,7;61,13,-11;63,4,1;67,5,-12;93,11,-6;94,-39,25;96,4,-1;98,28,-22;100,-7,2;104,10,0;105,24,-5;110,-1,-10;115,9,11;118,-22,4;120,7,-3;122,3,8;124,2,-9;359,-88,44
rua||serra do cararao|vianopolis|32621400|20,-1993649,-4429626;71,-9,-31;173,-54,-61;205,-6,-4;222,-14,-22;264,-28,-12;281,-22,-9;343,-38,-45;354,-5,-20;370,-7,-9;400,-18,-30
rua||serra dos cristais|vianopolis|32621470|45,-1993781,-4429704
rua||severino claudiano|campos eliseos|32661754|19,-1998509,-4414027;26,-11,-11;31,-2,6;35,-36,-116;42,29,100;59,-3,13;62,4,-13;85,-15,-19;97,-17,-73;100,0,2;101,-1,9;102,4,-2;103,-5,10;133,4,-36;159,1,-3;180,12,84;200,3,-14;220,-2,1;240,-15,-7;389,21,37;405,3,11
rua||severino claudiano|estancia do sereno|32661754|97,-1998560,-4414147;103,-5,28;107,-1,15;133,6,-54;135,1,6;159,-1,-12
rua||sirlene cassiano|parque do cedro|32611736|10,-1985038,-4415780;11,11,4;38,3,-24;52,-25,-11;55,6,13;65,-7,-13;66,4,1;79,-13,-19;84,6,7;107,-26,-28;121,0,-5;123,-13,-25;124,12,5
rua||tres coracoes|jardim piemonte|32689334|5,-1995202,-4407004;19,-6,78;25,2,-16;31,0,-7;37,0,-11;40,0,-7;45,9,-53;75,-6,47
rua||trinta e cinco|vargem das flores|32672390|28,-1993195,-4417124;160,40,-12;161,-32,11;163,-15,21;164,4,2;166,24,-19;167,5,-11;169,-1,5
rua||vania sergio pereira costa|guanabara|32667038|10,-1997358,-4414037;50,-3,-2;56,-7,10;62,-10,3;74,-6,0;86,-8,6;88,-4,-1;118,-34,11;130,-6,4;146,-16,5;168,1,4;172,-12,-3;180,-6,5;192,-10,5;194,-13,2;196,-17,13;216,-1,-8;228,-6,7;240,-18,3;242,8,-1
rua||vera cruz|jardim alterosas primeira secao|32670744|10,-1994997,-4415443;20,207,-310;25,13,-6;35,-13,20;37,1,-5;40,-5,3;45,-1,4;51,-10,8;64,2,3;92,-17,18;94,-2,0;100,-8,10;110,-3,12;111,1,0;115,11,-11;122,-17,21;123,-1,1;134,-3,8;140,-8,6;145,-2,11;159,-5,4;160,3,-8;170,-6,12;182,-8,12;183,-3,7;190,-47,70;195,43,-59;197,-2,3;199,-34,35;204,18,-17;207,15,-16;216,-8,9;280,-37,52;288,-3,6;301,-6,12;310,42,-77;311,-46,77;321,-7,18;335,-5,1;349,-10,14;365,-3,6;371,-3,5;383,-6,-2;391,-4,7;475,-47,78;501,-5,14
rua||vera cruz|jardim terezopolis|32681660|8,-1994701,-4411616;10,2,-13;11,1,6;15,-2,-13;21,3,-6;22,5,4;31,-8,-9;33,9,-13;36,-6,18;37,-10,-70;38,9,60;40,4,-10;41,-11,-9;42,9,3;50,-9,0;51,0,-3;60,10,-5;61,-13,-5;65,1,-10;70,2,16;71,-2,-24;80,1,-4;81,-2,-2;90,-3,12;91,0,-11;93,4,-7;101,4,5;102,-3,-17;103,5,-1
rua||vicentina maria da conceicao|quintas dos godoy|32616372|7,-1993484,-4423656;9,-133,84;25,-93,61;42,-22,14;55,40,-31;260,166,-92;287,50,-27;400,-79,58;450,-45,9
rua||vinte e cinco|capelinha|32678262|3,-1993566,-4410388;4,13,3;9,-19,-19;10,6,18;15,7,-10;16,-10,11;21,-14,-10;22,6,0;27,1,-13;28,-4,12;33,-10,-3;34,8,5;39,-12,-8;40,2,-9;45,-10,12;46,3,-8;51,-6,0;52,3,-1;57,-12,1;58,6,-3;63,-14,2;64,11,-4;70,-4,-2;76,-2,-4
rua||vinte e cinco|conjunto habitacional jalila conceicao pedrosa|32672425|2,-1993099,-4417306;4,2,8;6,1,-5;8,-2,9;10,0,2;12,2,0;14,4,9;16,12,68;32,9,75;34,-20,-122;36,-1,-14;38,9,137;43,-7,-143;45,10,35;57,-26,-108;61,18,147;63,-12,-114;64,9,74;67,-31,-122;97,7,-8;121,35,202;180,-9,23;210,17,45;277,40,-73;324,-48,8;326,-4,-33;328,-3,-17
rua||vinte e cinco|conjunto habitacional olimpia bueno franco|32672425|7,-1994511,-4418281;8,10,-5;17,-20,-4;18,6,0;29,-14,-1;30,10,2;40,-10,-10;41,-6,5;51,-13,-4;52,12,0;62,-8,-5;63,-11,2;72,3,-7;73,-9,4;84,-2,-11;85,-7,3;96,-1,-9;113,-29,-3
rua||vinte e cinco|cruzeiro do sul|32672705|11,-1993154,-4416696;13,11,-71;17,72,-378;18,27,8;19,-23,26;20,1,-4;33,3,26;47,-10,28;55,-32,40;255,25,-27;347,-39,117;351,6,-30;357,-3,25;361,-1,-11;367,0,-4;397,2,24;421,-14,9;483,1,48;495,-12,23;501,10,-34;519,-9,78;525,-1,6;539,-2,17;545,-1,2;557,1,0;595,-13,63;597,5,-17;631,-2,26;663,-7,39;678,1,6
rua||vinte e cinco|cruzeiro do sul|32672745|751,-1993170,-4416607;765,1,34;766,2,-27;783,-4,14;825,-8,65;845,-1,9;861,2,8
rua||vinte e cinco|icaivera|32611688|18,-1985123,-4416305
rua||vinte e cinco|jardim alterosas segunda secao|32672425|5,-1993124,-4416917;39,-7,13;44,10,-18;46,-49,267;76,52,-280;92,-3,-6;100,5,-23;146,-36,245;266,-3,-35;302,-1,69;336,-21,52;360,7,-5;366,0,6;374,-1,12;376,-6,42;377,10,-69;380,-14,87;400,-9,78;498,48,-343;528,-1,7;532,2,23;548,-44,269;550,-6,26;552,11,-2;558,31,-275;568,-44,284;570,41,-277;624,-4,65;640,-5,2;642,4,-2;644,3,-5;676,-15,63;840,-14,109
rua||vinte e cinco|parque do cedro|32611688|17,-1985130,-4416305;19,-12,11
rua||vinte e cinco|vargem das flores|32672392|50,-1993075,-4417065;52,-6,17;54,-17,15
rua||wanderley carsalade|jardim piemonte|32689362|19,-1995604,-4407570;60,10,-11;70,5,-13;97,-1,-4;105,4,-15;108,2,2;115,6,-18;117,6,-19;153,-22,88;155,25,-101;172,17,-29;180,11,-33;203,-24,47;210,29,-56
rua||zelia cardoso|bom retiro|32606504|107,-1993050,-4419810;109,4,1;115,14,20;1805,6,3;1817,5,11
sitio||sitio dos carneiro|sitio dos carneiro|32641510|28,-2004993,-4419672
sitio||sitio dos carneiro|vila machadinha|32641510|84,-2004916,-4419832;1197,-138,244
