alameda||violetas|sumare|31250148|3,-1988815,-4396515;4,-5,-12;11,18,-9;15,-7,6;26,10,-12;28,6,-1;34,-13,4;38,4,-16
avenida|dom|joao vi|betania|30580270|24,-1995666,-4398634;48,71,15;100,-49,25;140,-131,28;230,-39,41;250,-8,-51;270,-22,12;290,-12,22;330,-22,7;532,-113,178;586,-29,64;602,-47,3
avenida|dom|joao vi|cinquentenario|30570063|25,-1995568,-4398625;37,-16,4;49,-6,1;61,-10,-5;85,-27,-3;131,-55,35;141,-6,-11;151,-13,8;161,-11,20;171,-9,-7;183,-16,-3;185,-67,58;191,58,-53;201,-13,5;211,-2,4;221,1,23;231,-15,-16;235,-103,47;241,84,-44;251,1,4;252,-8,-20;253,6,17;255,-18,-13;261,-72,53;263,71,-31;271,-65,51;273,47,-61;305,-82,59;341,12,-7;353,-9,12;361,5,18;381,-8,5;387,-5,-17;391,-15,16;405,-9,7;413,-1,18;421,8,18;423,-10,-9;441,-9,24;451,-8,11;461,-3,8;465,5,5;481,1,8;501,-5,40;532,-332,139;700,181,-57;710,-9,4;720,-22,9;730,-21,13;740,-29,-36;752,3,-27;760,-10,67;770,-10,-18;780,-11,-37;790,-15,74;880,-22,11;910,-62,-1;920,-2,-3;942,-35,-12;962,-14,-2;982,-4,-6;1002,-30,-4;1030,-18,2;1040,-15,2;1050,-13,5;1060,-13,-1;1082,-15,6;1102,-5,1
avenida|dom|joao vi|cinquentenario|30570066|375,-1996079,-4398263;531,107,-52;541,-26,12;551,-6,9;561,-25,-7;621,-63,44;681,-46,18;691,39,-10;701,-39,2;721,-30,25;781,-33,8;801,-39,13;841,-18,12;861,-21,1;871,-14,0;981,-89,-18;1001,-26,-9;1021,-10,-9;1031,-28,16;1041,0,6;1051,-67,10;1063,43,-14;1081,-6,3;1101,-14,5
avenida|dom|joao vi|palmeiras|30575460|103,-1997130,-4397920;1170,173,-170;1190,374,-99;1200,-18,9;1220,-25,8;1230,-5,-3;1240,-14,-20;1250,-11,33;1260,-15,2;1278,-9,-2;1282,-9,4;1290,-6,2;1300,-15,8;1330,-16,-8;1342,-16,17;1350,-11,1;1360,-13,12;1361,0,2;1370,-10,-13;1371,-2,18;1380,-13,-9;1386,-10,9;1390,-5,-2;1391,-4,13;1400,-6,-8;1421,-43,12;1431,-2,-2;1440,17,-10;1441,-19,16;1443,1,6;1449,-10,6;1452,-5,-25;1460,-11,6;1461,9,20;1472,-31,-26;1481,15,21;1491,-31,11;1500,54,25;1503,-67,-22;1506,41,21;1511,-45,-25;1512,7,1;1520,-20,-3;1521,1,-9;1525,-11,30;1530,3,-17;1531,3,18;1581,-34,33;1590,-17,-14;1600,-8,18;1601,-4,14;1610,-3,-13;1620,-6,17;1630,-13,5;1650,-10,10;1651,-2,14;1670,-11,-9;1672,5,-6;1676,-1,12;1681,0,9;1690,-36,10;1700,-14,15;1701,16,8;1710,-17,5;1711,-16,38;1720,3,-30;1730,-11,9;1740,-4,9;1741,11,7;1750,-23,-5;1760,-5,18;1770,-5,9;1780,-20,5;1800,-10,16;1801,3,7;1810,-12,-7;1820,-10,10;1821,9,9;1822,-16,2;1840,-23,-3;1841,16,-3;1851,-17,-9;1863,-7,9;1880,-10,-15;1883,-3,8;1890,-12,-16;1911,-6,24;1914,-67,-51;1918,5,2;1930,-9,22;1931,26,25;1940,-29,-14;1941,2,17;1950,2,5;1951,3,20;1960,-6,-24;1961,-5,30;1980,-2,-2;1981,9,14;2021,2,2
avenida|dom|joao vi|parque sao jose|30570522|1181,-1996586,-4398168;1191,-24,6;1201,-14,-4;1207,-6,10;1211,1,0;1221,-15,-5;1241,-20,10;1251,-4,3;1281,-22,5;1283,-7,3;1301,-1,-1
avenida|governador|benedicto valadares|jardinopolis|30532000|1258,-1993831,-4400121;1260,15,-2;1262,-12,-19;1272,61,-4;2855,-461,-357;7768,0,0
avenida|governador|benedicto valadares|vila oeste|30532000|95,-1993665,-4400070;105,8,0;107,-8,-9;115,8,-10;125,-4,-4;135,-2,-6;137,9,-3;143,-5,2;145,0,-18;147,-5,-2;153,4,-1;155,-3,-4;165,3,-1;175,2,-7;203,-2,-4;205,3,-12;209,-3,4;211,4,-8;213,4,-7;215,-5,14;217,19,-26;219,-16,-18;223,10,-14;225,-2,4;231,1,-6;250,27,-30;263,3,4;273,-6,-9;283,2,-6;293,7,3;297,-6,-13;301,0,-9;305,14,-14;311,-4,2;315,0,-5;329,4,-1;331,16,-21;333,8,6;335,-3,-18;337,-3,-2;339,-15,26;340,28,-28;347,-4,-1
avenida|governador|benedicto valladares|joao pinheiro|30510115|940,-1993321,-4399398;966,-32,-55;970,-89,-98;971,-14,-15;972,81,109;973,-55,-79;975,-22,-24;982,56,59;984,-8,-11;986,9,11;988,9,19;990,6,6;1000,56,53
avenida|governador|benedicto valladares|joao pinheiro|30532000|304,-1993384,-4399569;310,-26,-22;490,-8,-14;509,-6,-1;510,36,53;540,-8,-16;550,-5,-4;590,-34,-39;628,-17,-18;632,-20,-16;646,-2,-1;660,-8,-11;674,-7,-9;690,-7,-6;720,-26,-26
avenida|governador|benedicto valladares|oeste|30530570|9,-1993606,-4399991;812,2,143;822,-1,-4;830,12,-14;832,2,0;834,-15,-8;835,0,1;836,6,-5;838,4,-8;840,1,-1;842,-15,-22;848,10,-18;849,-5,-1;850,-2,-22;860,-7,-2;870,8,-16;880,-3,-9;882,9,5
avenida|governador|benedicto valladares|oeste|30532000|520,-1993164,-4399260;552,-16,-20;560,-1,-1;576,-388,-512;701,-86,-75;720,135,170;740,-50,-98;750,36,72;780,-33,-49;790,-6,-11;820,-4,-25;824,-2,-3;826,15,-2;828,-23,1;910,14,-8;977,-9,111
avenida|padre|vieira|minas brasil|30730240|15,-1991662,-4398862;27,10,-12;41,7,-11;59,-5,-9;71,9,-6;83,10,-2;95,-3,-27;115,14,-14;125,-4,-3;135,3,-27;145,14,-9;165,-5,-12;189,15,-18;201,1,-32;225,5,-3;241,-7,-20;255,7,-12;258,-6,81;265,7,-95;295,-8,-11;301,-9,-22;315,7,1;319,-7,-16
avenida|padre|vieira|padre eustaquio|30730240|30,-1991639,-4398858;50,13,-38;80,0,-4;100,4,-23;120,7,-28;130,1,0;150,15,-30;200,9,-39;210,-6,0;218,9,-20;230,3,-4;250,13,-33;270,-11,1;280,6,-13;296,2,-16;316,-16,-15
avenida|professora|gabriela varela|jardim felicidade|31742173|578,-1983124,-4393163;580,-16,11
avenida|professor|sylvio de vasconcellos|sao bento|30350530|40,-1995834,-4395488;60,7,30;64,-4,-59;90,-8,-23;98,-13,-15;105,1,-57;120,10,43;136,17,-29;156,-7,1;168,-9,-17;186,7,-16;200,-5,-11
avenida||americo vespucio|aparecida setima secao|31230240|866,-1988992,-4395734;878,-129,-30;890,-67,-25;902,-6,-10;914,-13,-15;926,-8,-5;942,-9,-10;954,-21,-15;956,-17,-23;964,12,18;978,-10,1;990,0,-18;1000,-7,-11;1010,-11,9;1016,0,-8;1022,-4,-20;1046,-9,-3
avenida||americo vespucio|aparecida|31230240|47,-1988715,-4395195;49,0,3;51,-4,-9;131,-36,-75;189,-13,-37;201,4,-10;211,3,-15;213,5,-7;271,3,-53;285,-18,-15;305,-4,-7;335,-6,-6;343,-15,0;345,2,-10;355,-20,-24;365,-9,-7;379,-8,-13;391,5,-9;417,-40,-49;429,4,11;435,-37,-35;501,-27,-12;599,-64,-61;627,-28,-11;647,16,8;657,-13,-5;667,-13,-4;675,-2,-17;727,-16,-7;737,-12,-6;747,-24,-16;759,-14,-13;777,-24,-3;795,-97,-74;853,28,14;865,-16,2;895,-8,-12;913,-3,-9;917,-18,-14;919,0,1;929,-13,-3;943,-5,-6;955,11,30;1001,-37,-80;1003,-1,2;1029,-8,-14;1033,-24,-17;1039,-20,-21;1049,-2,-6;1056,22,-14;1057,-21,8;1059,0,2;1062,7,-16;1072,-6,-12;1085,-10,20;1089,-6,4;1092,-8,-26;1096,-6,-5;1099,15,22;1100,-20,-35;1109,7,26;1123,-24,-10;1137,-3,-5;1138,6,-26;1143,-8,21;1144,-1,-14;1148,15,-27
avenida||americo vespucio|aparecida|31230250|1150,-1989428,-4396009;1158,-10,-6;1162,-4,0;1176,-15,-9;1218,-22,-16;1220,-11,-6;1800,-598,-460;2000,-17,217;2040,13,4
avenida||americo vespucio|caicaras|31230240|2289,-1990124,-4396487;2345,11,-103
avenida||americo vespucio|caicaras|31230250|2045,-1990103,-4396384;2885,-40,-12
avenida||americo vespucio|ermelinda|31230240|598,-1989024,-4395678;600,69,21;620,0,-1;698,-67,-23;712,-14,-8;714,3,-1;716,-8,-1;726,-5,-10;738,-9,5;750,-13,-13;754,-19,-5;756,0,-16;780,-26,-10;800,-11,-5;810,-8,-17;820,30,23
avenida||americo vespucio|nova cachoeirinha|31230240|320,-1988781,-4395459;378,-3,-1;382,-24,-66;394,-18,16;406,0,7;410,-10,-23;418,3,9;432,-26,-26;442,14,7;454,-7,-4;466,-11,-13;480,0,1;490,8,-29;500,-13,13;506,40,-49;518,-72,41;520,10,-9;522,7,-8;530,-6,5;542,-6,5;550,0,0;554,-2,-2;560,1,-3;564,-24,-49
avenida||americo vespucio|nova esperanca|31230240|2021,-1990072,-4396264;2023,-3,-15
avenida||americo vespucio|nova esperanca|31230250|1,-1989479,-4396004;1201,27,13;1227,-18,-8;1257,37,23;1259,-93,-56;1261,17,8;1271,-92,-44;1272,-86,-32;1319,10,8;1321,-14,-4;1323,-23,-9;1525,-11,-1;1535,0,12;1543,-83,-7;1545,58,0;1547,-60,1;1580,61,-25;1599,-43,23;1609,-10,1;1610,-28,-18;1621,11,16;1633,-12,6;1641,-11,-8;1660,-29,-32;1669,6,28;1693,-20,-5;1701,-15,-10;1711,-6,-3;1761,-49,-10;1773,-21,-7;1785,1,-20;1797,-23,-7;1811,2,-4;1921,1,-8;1933,-18,-16;1937,-5,-2;1947,-6,-9
avenida||amor de nossa vida|jardim vitoria|31975200|20,-1985098,-4388678;57,-55,100;76,52,-73;100,-12,32;110,-11,8;120,-8,15;130,-1,5;150,-6,8;175,-12,19;180,50,-89;185,15,-9;228,2,-48;230,-1,10;250,-80,149;260,0,12;285,10,-14
avenida||amor de nossa vida|jardim vitoria|31975360|80,-1985107,-4388646;82,-3,15
avenida||amores de nossa vida|jardim vitoria|31975200|9,-1985088,-4388705;15,-1,6;25,-12,25;31,5,-18;32,-3,7;35,-4,17;40,2,-13;55,-4,18;65,-9,4;70,13,-7;75,-12,12;79,-1,7;81,-2,4;85,-10,15;95,0,7;125,-13,24;126,1,1;127,4,-4;135,-18,24;165,-5,15;170,27,-57;270,-26,53;310,-5,15;312,-2,12
avenida||augusto veloso|copacabana|31550230|111,-1984163,-4398880;113,12,14;115,-2,2;117,2,2;119,-1,25;121,28,9;131,9,12;133,6,8;139,0,6;141,4,2;143,2,1;149,1,5;151,4,5;153,3,-1;253,40,56;353,-18,-20
avenida||augusto veloso|jardim atlantico|31550230|115,-1984117,-4398934
avenida||augusto veloso|santa amelia|31550230|21,-1984072,-4398697;25,10,-3;33,-1,-12;45,5,-4;53,-14,-14;57,0,-3;74,-151,-204;80,164,247;92,-137,-226;100,-4,10;130,21,35;138,4,9;150,11,24;152,-1,20;160,29,6;180,12,17;186,2,2;200,3,-3;202,7,6;270,39,43
avenida||bernardo de vasconcelos|cachoeirinha|31150000|213,-1988477,-4394919;223,5,14;235,-4,11;247,0,9;259,7,31;260,-25,-8;288,-33,108;377,14,35;638,-126,14;780,-95,159;802,66,111;804,-18,10;810,39,40;812,-7,5;826,11,-7;838,12,24;850,17,12;862,13,-1;900,1,12;986,23,24;1076,153,141;1090,-1,0;1102,-2,13;1114,-9,20;1126,16,0;1138,7,7;1150,8,10;1172,13,29;1182,7,10;1194,-1,9;1206,13,9;1216,0,16;1240,7,7;1252,10,6;1260,1,11;1270,9,9
avenida||bernardo de vasconcelos|ipiranga|31160440|1630,-1988286,-4393694;1648,13,10;1700,91,57;1720,18,2;1722,12,1;1734,5,12;1770,17,23;1774,4,-4;1778,174,-2;1780,-110,6;1782,5,8;1784,-5,-10;1804,4,7;1812,0,0;1814,0,0;1816,-4,-7;1824,4,10;1850,30,19;1900,8,18;1910,27,5;1942,30,34;1950,13,-1;1960,12,-7;1990,5,21;2010,30,0;2018,4,3;2022,10,5;2026,2,-3;2044,4,-3;2048,5,8;2052,7,8;2056,1,17;2060,10,-2;2080,43,-6;2096,-11,19;2174,64,61;2178,-4,-13;2218,31,43;2220,2,20;2224,-13,-15;2230,-2,-6;2232,0,-12;2234,-14,10;2350,98,249;2400,20,13;2450,8,30;2500,2,23;2550,-27,45;2600,53,49
avenida||bernardo de vasconcelos|palmares|31160440|15,-1987745,-4393426;2199,17,69;2201,4,5;2205,2,5;2211,14,34;2213,10,20;2233,26,66;2265,15,31;2321,-33,-76;2323,74,191;2429,-94,-247;2449,85,169
avenida||bernardo de vasconcelos|renascenca|31150000|1334,-1988337,-4393977;1390,21,191;1398,5,19;1460,20,-12
avenida||bernardo de vasconcelos|santa cruz|31150000|679,-1988678,-4394518;739,5,16;757,15,73;769,7,-1;775,7,7;787,3,10;799,6,1;811,19,1;837,3,28;845,8,-6;849,5,10;861,15,11;871,0,10;881,18,14;891,-6,-1;905,0,0;907,12,28;917,16,-4;919,-27,-25;925,30,40;943,-6,-14;995,43,42;1007,21,17;1015,6,8;1017,3,4;1035,-57,-39;1037,58,49;1063,37,27;1075,-2,10;1081,9,15;1091,5,6;1101,17,2;1113,5,22;1123,-5,16;1137,14,-1;1171,25,26;1181,4,16;1205,13,21;1217,-15,15;1227,9,9;1229,9,7;1239,6,-4;1251,0,9;1263,8,19;1277,21,11;1309,2,23;1313,-8,10;1321,9,2;1323,-8,1;1331,-2,21;1333,82,18;1347,-70,18;1377,5,8;1379,12,10;1385,-21,25;1401,9,10;1403,-2,-3;1415,-7,-1;1425,30,22;1437,-12,18;1449,-7,15;1459,1,4;1469,11,3;1479,-2,13;1481,-1,4;1539,-7,61;1545,10,14;1639,53,65;1649,6,15;1659,14,-18;1679,25,6;1689,1,17;1875,51,2;1905,139,60;1919,14,14;2001,78,34
avenida||bernardo de vasconcelos|santa cruz|31160440|2055,-1987864,-4393465;2061,-18,-11;2065,45,31;2071,2,-7;2075,4,-1;2085,11,12;2091,-3,13;2095,12,13;2111,5,-14;2117,6,-19;2121,14,12;2125,1,2
avenida||fazenda velha|jardim felicidade|31742497|6,-1982284,-4393027;7,-13,-2;89,-71,17;142,1,-8;156,-15,2;178,44,-8;244,-652,610;247,-15,1;267,5,-8;277,0,0;327,8,7;344,-1,-1;345,8,-1;346,-126,130;357,119,-134;363,7,16;374,408,-578;385,-414,575;386,407,-570;396,-6,14;414,-16,-8;423,-379,461;424,355,-441;427,-346,563;434,361,-569;437,-373,563;446,375,-562;487,-356,387;513,15,-17;525,65,-64;665,142,-102;673,-4,11;681,-15,0;685,0,0;695,-10,2;705,-5,8;709,-13,-5;713,5,8;717,-11,5;737,-5,9;743,-10,-2;755,-7,6;761,79,-48;765,-92,61;773,0,0;815,-40,20;850,236,-250;860,-9,-3;906,-103,189;948,-49,18;955,-175,202;965,36,-53;998,95,-116;1000,0,0;1006,0,0;1010,-5,9;1016,-5,-2;1025,-147,284;1028,122,-281;1040,257,-274;1055,-354,564;1056,-19,-25;1070,381,-545;1078,-1,-13;1080,-383,559;1088,-3,3;1114,11,4;1125,4,16;1126,-11,-24;1132,1,9;1155,-1,11;1178,-3,-16;1195,8,5;1225,24,0;1255,25,-6;1275,-48,4;1325,-13,-2;1355,1,-2;1395,80,-80;1415,-80,80;1425,1,0;1495,10,-8;1525,-6,10;1575,-14,23;1625,23,-27;1655,-5,9;1675,-6,-5;1715,-53,66;1725,-61,50;1815,42,-5;1885,79,-116;1895,-106,124;1925,31,-11;1955,75,-103;1975,-105,115;2035,102,-116;2075,-139,141
avenida||fazenda velha|jardim felicidade|31742630|105,-1982957,-4392634;223,13,-10;240,-242,404;250,-2,2;301,623,-766;316,-575,721;319,-8,2;322,-4,12;332,-20,16;334,639,-762;344,-9,9;405,-415,368;512,38,19;514,-10,8;522,39,9;540,223,-276;542,-21,10;546,14,-10;550,-16,28;560,-2,25;562,14,-29;580,-4,14;585,2,43;592,-2,-36;600,-4,-22;611,8,60;615,-15,10;616,-17,-4;626,-4,-3;636,-12,12;643,-22,-3;649,-3,9;652,-72,37;656,96,-41;660,42,-55;670,1,-28;680,13,-2;687,-129,124;688,123,-124;690,-86,91;696,-73,51;700,159,-167;702,-123,145;706,18,-18;710,-4,11;711,-25,4;715,-1,7;716,19,-10;720,125,-153;722,-128,166;728,-5,12;742,-39,6;748,24,-15;752,-7,-2;770,157,-173;776,-180,190;780,180,-188;782,1,-3;785,-200,210;786,13,-4;788,191,-222;791,-213,235;796,16,-19;806,-6,8;826,-5,7;836,-10,11;846,3,-6;865,173,-105;874,6,16;882,-1,7;890,-9,-1;898,-8,18
avenida||fazenda velha|juliana|31742630|809,-1982896,-4392658;811,-7,-9;876,10,-5
avenida||getulio vargas|funcionarios|30112020|15,-1993204,-4392473;48,2,28;50,-11,-14;51,-21,-22;52,48,10;54,-48,4;58,22,-28;67,-12,0;85,-22,-18;88,21,-7;95,-18,-2;101,-11,-1;102,32,-8;107,-30,-14;112,22,3;122,-7,-2;216,-55,-76;224,-25,3;225,16,-32;236,-9,39;254,-7,-19;258,-31,-20;265,28,-29;286,7,-14;291,-11,-28;306,-24,56;318,-13,-93;367,-4,4;413,141,-107;415,-130,86;420,-20,-7;422,-8,-2;424,-5,-5;426,2,0;428,-1,0;433,6,-13;446,-28,5;447,23,-18;449,5,-8;451,-12,13;456,-27,-15;470,13,-12;471,-25,24;482,23,-26;486,-2,-8;489,-44,-18;490,41,20;494,4,-10;498,-5,3;502,-14,-3;506,8,-24
avenida||getulio vargas|funcionarios|30112024|167,-1993279,-4392580
avenida||getulio vargas|savassi|30112020|309,-1993574,-4392849;321,-20,-46;339,18,9;347,-39,-4;357,-4,123;367,74,-137;385,27,51;610,41,-114;620,4,-4;628,-11,-11;668,-24,-3;682,2,-27;696,-40,-54;710,13,23;1010,-93,-168
avenida||getulio vargas|savassi|30112021|800,-1993560,-4393102;808,14,-2;809,-25,-2;820,17,-13;823,-27,6;840,14,-17;851,-26,-7;872,-7,-5;873,26,-22;874,-48,38;880,21,-31;885,18,-12;887,0,-13;895,-13,-8;900,-5,29;903,28,-30;912,-43,15;923,-13,-9;1059,-66,-118;1202,-40,-136;1220,-15,-9;1238,-4,-7;1244,-8,-18;1258,-23,6;1300,9,-24
avenida||getulio vargas|savassi|30112024|1179,-1993743,-4393432;1187,-10,6;1195,9,-19;1203,-6,-12;1209,-11,-6;1215,-7,4;1221,7,0;1227,-9,-10;1233,3,-12;1239,-9,1;1245,-6,4;1277,-18,-29;1285,9,-22;1287,-3,-9;1289,5,4;1291,4,11;1293,2,-3;1295,2,0;1299,-9,-9;1303,-8,-20;1405,-22,-52;1412,6,1;1415,-36,-7;1416,2,23;1420,8,-11;1423,-13,-24;1424,19,5;1425,-12,-16;1427,3,10;1428,-27,37;1429,36,-35;1432,-8,5;1435,22,7;1436,-36,-10;1437,14,-7;1440,-13,-3;1444,8,-3;1445,-13,0;1447,1,1;1448,-14,-18;1449,12,19;1451,-8,-13;1452,18,5;1460,-17,-13;1470,0,-12;1473,-8,0;1489,-11,3;1492,6,-16;1499,3,5;1503,-6,-9;1507,1,1;1517,-8,1;1585,-45,-97;1595,-1,10;1599,-17,8;1600,58,-6;1603,-30,-6;1607,-15,15;1610,25,-14;1611,-33,1;1612,30,-8;1616,-7,-5;1620,-4,5;1621,-17,3;1624,15,-6;1628,-8,-11;1635,-37,-5;1640,9,-10;1649,-22,-1;1657,9,0;1669,8,-19;1671,11,-2;1676,-1,6;1681,5,-9;1685,-9,-14;1686,-11,32;1693,12,-32;1696,-6,15;1697,-9,-6;1705,1,0;1710,14,-18;1712,-15,8;1714,-2,0
avenida||itair jose veloso|bairro das industrias i|30610400|14,-1995885,-4400210;18,-1,1;19,-12,-7;20,-5,1;21,-10,28;28,10,-27;33,-3,8;38,-14,-35;45,-21,-14;47,12,18;48,15,-1;49,8,30;55,-15,-26;58,25,29;65,-26,-15;68,10,-36;78,-20,12;80,1,-16
avenida||jose de oliveira vaz|buritis|30575855|151,-1998329,-4397768;203,144,10
avenida||jose goncalves vidal|ouro preto|31310600|23,-1987691,-4398539;33,8,-34;43,4,-4;45,-3,-3;148,7,-21;151,-20,12;161,-8,-17;179,-37,-85;187,25,25;197,-2,-2;208,26,14;209,-37,-30;235,-21,-10;250,32,13
avenida||marques de valenca|gutierrez|30441106|20,-1993639,-4395963;24,-15,-15;35,-26,32;40,26,-30;48,-4,2;97,-54,35;99,6,-3;109,-38,7;170,14,-21;181,-46,25;189,-10,-14;191,-3,-2;193,-5,-2;195,7,15;197,-8,1;214,-34,-15;230,-6,21;244,-13,-3;255,5,-18;855,42,1
avenida||serrinha ou romero gomes vieira|vila independencia|30666330|2,-2001882,-4403100;3,-60,163;6,-8,-13;7,11,-10;8,1,0;10,0,-2;28,7,-12;34,-4,-2;40,4,-15;46,4,4;64,-2,-9;175,27,-54;180,-12,-8;190,0,-9;200,8,-1;215,4,-3;220,0,-5;235,0,-4;240,13,-11;250,5,-8;358,-59,161
avenida||vermelho|jardim vitoria|31970750|37,-1986331,-4388973;50,3,-13;52,24,1
avenida||vilarinho|candelaria|31615250|3149,-1980900,-4396805;3159,18,-15;3169,11,-8;3179,10,-2;3189,8,-5;3197,8,-16;3219,18,-7;3233,9,-8;3245,12,-7;3255,6,-13;3259,8,-2;3279,3,-9;3285,16,-30;3311,9,-14;3351,3,-1;3353,101,-102;3427,-50,37
avenida||vilarinho|jardim dos comerciarios|31615250|3900,-1980330,-4397264;3940,9,-14;4000,11,-20
avenida||vilarinho|leticia|31610070|3515,-1980614,-4397050;3527,-2,2;3551,6,-2;3553,3,-5;3565,3,0;3573,36,-1;3581,25,-13;3587,5,-5;3589,4,12;3609,-6,-12;3615,23,5;3617,1,11;3699,37,-35;3707,8,-6;3751,11,-17;3763,29,-35;3769,3,-5;3781,9,-8;3815,7,-10;3825,2,-5;3831,16,-25;3851,19,-11;3861,0,-3;3881,3,-23;3903,30,-43;3913,-10,21;3915,7,-5;3929,10,-42;3941,-6,22;3971,6,-22;4001,8,1;4179,24,-200
avenida||vilarinho|leticia|31615250|1710,-1980448,-4397091;3333,183,-509;3680,-206,529;3690,-5,-3;3700,37,0;3710,-17,-33;3720,18,1;3730,6,1;3748,-7,-10;3750,-3,-2;3790,43,-29;3820,13,-19;3830,5,-6;4041,59,-210;4061,3,-12;4081,0,-14;4133,-14,-42;4141,23,13;4161,20,-22;4323,2,-103;4401,15,-23;4411,6,-12;4421,8,-16;4441,16,-66;5061,58,-389;5071,1,8;5091,-21,-28;5101,15,23;5115,-13,-28;5127,23,35;5301,-120,-194;5309,-9,-15;5311,-1,1;5313,-4,-10;5515,109,177
avenida||vilarinho|mantiqueira|31610070|5721,-1980176,-4398602;5730,27,34;5731,-31,-35;5750,43,24;5761,-46,-7;5780,43,-5;5781,-20,-25;5800,23,-4;5810,17,2;5840,11,-13;5850,2,-5;5860,-19,1;5880,15,-22;5890,13,-16;5900,-5,0;5911,-25,-3;5920,22,-18;5924,8,-18;5931,-30,7;5933,18,6;5935,-12,4;5959,-9,-28
avenida||vilarinho|mantiqueira|31615250|4451,-1980224,-4397681;4521,2,-18;4531,7,-9;4541,4,-6;4551,1,-14;4601,23,-47;4751,23,-52;4753,1,3;4761,3,-25;4771,8,-3;4781,7,-15;4791,-4,0;4821,-2,-51;4832,17,118;4895,-16,-148;4901,9,-12;4911,-4,-15;4921,0,-1;4923,0,0;4941,-1,-10;4951,-4,-1;4961,-5,-3;4963,3,0;4971,3,-2;4991,-9,-13;5011,-6,-9;5031,-14,-25;5100,4,-50;5120,-19,-13;5140,4,-18;5152,-3,-10;5154,-17,16;5156,9,-16;5160,1,5;5180,-4,-14;5190,-5,-5;5200,-7,-5;5210,-5,-14;5230,-15,-22;5250,-1,-6;5266,-32,-41;5280,9,7;5300,-7,-9;5330,-9,-17;5370,-14,-47;5390,7,-2;5410,-9,-19;5430,-1,-17;5450,9,-22;5470,-7,-11;5486,10,-21;5496,9,-27;5497,-25,7;5511,-2,-19;5518,23,24;5530,10,-11;5533,-29,-27;5555,4,11;5571,17,-27;5581,13,-19;5585,18,-28;5597,15,-13;5599,30,2;5600,-55,77;5601,38,-99;5690,18,17;5696,5,-4;5710,17,-21
avenida||vilarinho|minascaixa|31610070|1510,-1981439,-4395558;1512,1,-4;1530,18,-19;1550,10,-11;1560,11,-12;1590,23,-21;1616,2,-15;1660,19,-24;1700,12,-22;1720,5,-23;1740,12,-13;1780,16,-25;1820,9,-27;1840,18,-33;1850,-3,-14;1854,6,3;1858,4,-1;1862,-4,3;1900,8,-17;1950,10,-21;2000,15,-49;2010,22,-29;2021,15,-68;2040,-14,61;2060,-4,-13;2090,9,-25;2100,3,-5;2120,3,-12;2140,2,-9;2160,10,-20;2180,2,-11;2200,1,-21;2220,-3,-10;2230,-3,-11;2300,9,-54;2350,-3,-30;2380,4,-14;2400,9,-17;2412,3,-13;2440,4,-7;2460,6,-10;2480,5,-14;2500,12,-10;2520,7,-20;2550,21,-31;2570,11,-15;2590,10,-6;2600,7,-4;2620,10,-14;2640,4,-4;2650,16,-20;2660,3,-5
avenida||vilarinho|parque sao pedro|31610070|66,-1981850,-4395228;1000,5,-2;1030,3,-3;1040,20,-28;1050,3,-1;1146,97,-25;1170,46,-40;1210,-3,-1;1220,29,-19;1240,24,-18;1260,16,5;1270,7,-17;1300,73,16;1420,28,-100;1450,48,-39;1460,6,-21;1470,16,-23;1490,-6,1
avenida||vilarinho|venda nova|31610070|945,-1981965,-4395272;1691,594,-443;1711,5,-1;1731,-2,-10;1755,31,-20;1767,11,-25;1999,69,-166;2009,6,2;2019,4,-11;2021,-4,6
avenida||vilarinho|venda nova|31615250|901,-1981789,-4395301;1021,-83,40;1031,27,2;1041,7,-12;1051,22,-11;1061,-4,-3;1081,7,-5;1101,17,-12;1141,30,-11;1153,-8,6;1167,28,-11;1171,54,-35;1231,31,-20;1251,33,-17;1271,14,-13;1291,17,-7;1325,43,-41;1391,18,-25;1399,23,-10;1401,-2,5;1421,17,-17;1441,6,-14;1501,56,-57;1511,-6,-19;1521,8,-10;1531,-3,-8;1551,17,-28;1581,15,-2;1601,10,-15;1777,79,-155;1901,31,-57;1931,2,-19;1953,8,-13;2055,45,-102;2101,-6,21;2121,8,-28;2161,-5,-24;2211,-5,-45;2223,6,-16;2255,-37,-9;2311,38,-41;2325,2,-13;2333,3,57;2343,-3,-66;2397,19,-53;2545,76,-98;2667,45,-62;2700,61,-60;2733,20,-159;2740,-15,120;2750,4,-14;2760,-4,-5;2770,14,-20;2780,2,-5;2790,-1,-14;2795,-112,193;2820,111,-195;2821,-4,-90;2830,12,74;2851,-106,191;2869,12,-15;2899,15,-15;2900,140,-241;2921,-64,-11;2925,9,-5;2931,-6,-11;2941,-1,-8;2999,32,-68;3007,-17,26;3011,15,-27;3025,10,-13;3035,14,3;3050,42,-13;3059,-45,5;3071,-6,-8;3105,29,-14;3115,10,-17;3260,139,-86;3300,21,-18;3310,13,-28;3320,-11,16;3340,19,7;3350,-8,-31;3360,12,0;3370,9,-25;3390,16,-8;3400,4,-5;3410,0,-3;3414,6,-8;3440,14,-4;3482,29,-31;5926,531,-1739;5928,13,-4;5932,5,-19;5936,-5,1;5940,11,-58
avenida||vilarinho|vila cloris|31744050|25,-1982305,-4394518;35,-15,-4;55,35,-63;102,124,-330;333,-82,127;337,28,-11;365,-12,-28;369,-3,3;687,192,-219;695,2,-3;701,-4,19;715,-6,5
avenida||vilarinho|vila sesc|31615250|4050,-1980298,-4397356;4052,-1,-20;4054,7,1;4060,3,-3;4070,-1,-15;4080,10,-3;4090,-9,0;4100,2,-8;4108,-2,-15;4110,8,-3;4120,1,-4;4130,-2,-3;4140,3,-3;4150,-3,-9;4160,10,-6;4170,2,-10;4180,-4,-3;4190,11,-8;4200,-1,-1;4210,-6,-13;4220,6,-10;4230,0,3;4240,-1,-10;4250,3,-1;4260,-1,-9;4280,5,-5;4290,2,-5;4300,-3,-1;4310,1,-10;4340,-1,-13;4350,1,-9;4356,-16,-12;4360,12,4;4370,18,-7;4390,3,-15;4392,-4,-6;4400,4,-10;4420,2,-8;4430,-14,-9;4440,17,-3;4450,11,-15;4460,7,-5;4470,-1,-7;4480,-14,-4;4490,-1,-3;4500,10,-3;4510,-2,-8;4520,7,-3;4530,9,-7;4540,-4,-3;4560,8,-21;4570,-7,5;4580,7,-13;4590,13,-5;4600,4,-10;4610,14,-19
avenida||vitoria|granja werneck|31748560|27,-1980393,-4390619;31,36,-15;46,-82,65;48,-12,8;50,-7,8;51,49,-46;196,-30,32;209,3,0;215,15,-19;225,13,-24;250,32,-16
beco|cabo|vicente|alto vera cruz|30285337|29,-1991146,-4388858;30,10,-11;35,4,-12;39,-11,-3;45,6,2;46,-2,2;47,7,-12;48,-8,12;49,9,-2;50,-9,2;52,10,-10;1076,12,-12;1107,-4,6;1109,-2,-11
beco|nossa senhora|das vitorias|vila ponta pora|30260036|15,-1992031,-4391865;20,19,-23;55,-20,13;61,-6,-14;240,7,-7
beco|sao|vicente|cabana do pai tomas|30512431|15,-1994969,-4400008;20,8,-5;25,-11,1;30,10,-5;40,0,-6;45,-17,-9;50,11,7;60,-3,-5;65,3,-10;315,9,-3;323,-15,8;325,-1,12;327,-14,-11;335,3,-3
beco|sao|vicente|fazendinha|30250482|11,-1992991,-4390712;13,-2,5;15,-13,-4;21,56,-1;23,-57,13;27,-4,4
beco|sao|vicente|fazendinha|30250492|2,-1992942,-4390703;3,-2,-6;5,0,8;6,-14,-25;8,-16,-5;10,4,9;12,-18,4;14,17,-4;15,32,34;16,-15,-6;20,9,-14;50,-13,-14;97,10,7;107,10,7
beco|sao|vicente|nossa senhora da conceicao|30220380|2,-1993817,-4391467;4,13,2;6,4,-4;10,0,0;12,13,3;14,-2,-3;16,15,2;18,1,-3;20,-40,7;22,44,-11;28,18,-1;30,-3,15;32,4,5;34,6,-2;36,3,-10;38,-1,2;48,8,-1;58,6,1;64,1,6;66,18,-7;68,1,1;70,-4,-3;72,20,-1;74,-147,23;88,141,-19;98,-46,-25;108,37,27;110,33,5;118,-17,-3;120,13,-6;200,20,28;470,-14,-13;500,-2,28;508,17,-13
beco|sao|vicente|nossa senhora da conceicao|30220429|5,-1993805,-4391476;7,32,12;9,-22,-9;13,11,6;15,12,-6;17,-12,1;19,16,-11;21,27,-25;27,-18,37;29,1,0;31,5,-3;43,-4,12;53,5,-7;59,25,4;61,-9,4;63,-6,-9;73,18,8;77,7,-2;91,14,-3;101,0,4;119,5,1;121,11,-2;127,35,26;128,-10,-36;129,-4,9;130,5,30;131,9,-9
beco|sao|vicente|primeiro de maio|31810150|13,-1985901,-4393049;19,-2,5;29,-3,0;65,4,0
beco|sao|vicente|santa rta de cassia|30250480|13,-1995360,-4394310;14,11,4;16,-9,-5;24,1,12;26,7,-8;33,1,-14;35,18,9
beco|sao|vicente|santa rta de cassia|30250482|15,-1995343,-4394313;19,3,-22;23,7,26
beco|sao|vicente|taquaril|30290613|10,-1992270,-4387354;19,-17,5;21,38,-7
beco|sao|vicente|vila barragem santa lucia|30335210|43,-1995625,-4394458;46,-15,43;48,14,-16;50,-11,17;54,15,-21;107,1,-20;108,0,12
beco|sao|vicente|vila santa monica primeira secao|30512431|7,-1981894,-4399347;12,0,0;28,0,0
beco||alameda monte verde|novo tupi|31846500|8,-1982936,-4390799;157,-25,45
beco||avelino vieira|sao joao batista|31525060|47,-1982580,-4396747
beco||bela vista|cabana do pai tomas|30730000|2,-1994697,-4399731;3,-7,21;5,1,-4;6,-11,-2;7,12,-8;9,0,-1;11,12,25;14,-10,-72;15,17,18;16,-4,-7
beco||bela vista|nova gameleira|30510720|17,-1994699,-4399763;20,1,-12;21,4,3;22,2,0;23,-28,-12;24,25,7;25,-1,10;26,2,3
beco||bela vista|santana do cafezal|30250010|2,-1993598,-4391122;4,28,18;6,-20,-2;9,3,-4;11,-23,9;20,36,-2;21,-54,-12;23,-3,0;31,-10,-9;39,-3,-13;41,-6,-2;43,-2,-4;45,-1,-9;47,27,31;49,-28,-64;59,5,11;61,-22,-48;63,12,12;71,5,12;125,68,94;136,-77,-104
beco||bela vista|sao joao|30390310|1,-1999673,-4397271;2,-4,0;3,9,-5;4,-12,0;6,-2,-10;12,-6,-20;16,-2,-1;18,-6,-3;20,3,1;22,-6,-3;24,0,-12;26,-8,-2;27,-23,-26;28,22,28;30,3,2;31,-17,-27;32,13,29;34,1,-14;35,-13,-14;36,18,3;37,-20,-2;38,15,0;39,-20,4;40,-3,-3;41,0,-2;42,24,47;43,-20,-50;70,17,-12;74,-3,11;356,34,96;358,6,-12
beco||bela vista|sao joao|30390410|3,-1999685,-4397292;5,-2,-6;7,-3,-3;9,-1,-6;11,-5,0;12,10,13;13,-10,-17;15,3,-14;17,-7,-1;19,-6,-7;23,-9,-7;27,-15,-16;34,25,19;72,-6,-26;73,-2,-5;79,2,10;360,38,73;362,-7,1
beco||bem ti vi|cabana do pai tomas|31999899|15,-1995172,-4399739;20,-9,17;25,20,-22;30,-1,28;35,-20,-4;45,1,0;46,6,4;50,-1,11;52,-1,-27;55,3,21;305,10,-11;309,4,-9
beco||bem ti vi|carlos prates|30710325|10,-1991547,-4396139;20,8,-32;23,2,20;25,14,15;32,-20,-23;35,5,1
beco||bem vindo|pedreira prado lopes|31210690|305,-1990402,-4394941
beco||boa ventura|nossa senhora aparecida|30240632|40,-1993147,-4391681;45,3,17;55,-11,-3;65,13,-1;67,-12,0;75,-1,0;81,6,-12
beco||boa ventura|nossa senhora da aparecida|30240632|15,-1993102,-4391669;20,-30,-21;25,-34,21;30,24,-8;40,-22,17;46,20,-14;96,-7,-28;105,-14,36
beco||boa vista|alto vera cruz|30285284|15,-1990739,-4389348;25,-11,2;30,-2,-4;35,-3,6;40,-16,-7;42,-5,-34;43,3,28;45,14,13;47,-9,2;50,0,-19;51,-5,18;55,3,1;59,-4,-5;65,-6,1;100,4,-31;2150,27,31
beco||boa vista|cabana do pai tomas|30451723|420,-1994676,-4400129;440,-16,14
beco||boa vista|chacara leonina|30451723|17,-1995540,-4396052;47,2,4;50,2,7
beco||boa vista|jardim leblon|31540423|14,-1982865,-4399047;26,2,-5;40,-7,1;41,-4,-3;42,-3,5;43,1,-5;46,-7,-11;50,-4,10;52,0,5;60,-56,21
beco||boa vista|pantanal|30451463|10,-1995543,-4396030;12,9,-9;13,-1,-4;20,-15,31;110,127,-28;200,-86,35;210,-5,-11
beco||boa vista|santa monica|31530390|2,-1982694,-4398470;5,-40,52;6,11,3;17,-3,41;19,2,2;23,8,5;27,-11,-8;34,-2,-13;47,-10,6;49,-4,-21;54,12,11;55,-5,5;56,2,-5;58,-7,-19;59,-7,8;60,9,-9;61,-4,3;62,21,52;78,-5,-12;95,-17,-19;179,13,-2;185,-10,3;195,5,9
beco||boa vista|santa monica|31540423|5,-1982810,-4398320;25,16,-9;35,3,-2;43,26,11;45,-19,-12;55,-16,-5;65,26,-2;77,42,-32;79,-18,-14;97,-21,42;101,11,10;103,-8,-6;107,10,-4;109,0,-5;112,8,5;113,-3,-1;114,0,0;115,-3,-3;130,20,-9;135,5,-16;146,3,6;155,-15,-20;158,-7,-6;165,5,13;168,-6,-13;205,22,32
beco||boas vindas|conjunto california ii|30850820|3,-1992061,-4401050;4,-9,70;6,9,-21;7,11,-71;8,33,-157;10,-62,213;11,-4,66;12,28,-126;14,14,-78;19,0,32;20,4,-35;205,-18,105;207,1,2
beco||cruz vermelha|havai|30421522|2484,-1995429,-4397195
beco||cruz vermelha|ventosa|30421522|180,-1995417,-4397189;2450,8,11;2454,21,8;2460,-30,-14;2462,14,-7;2470,5,5;2474,-1,23;2480,10,-9;2485,-37,-32;2495,-18,-5
beco||da viola|vila da amizade|30411575|12,-1992507,-4398287;14,1,-10
beco||da vitoria|jardim vitoria|31998212|16,-1984816,-4388174;17,-6,-13;21,1,2;22,-12,30;24,5,-4;25,2,6;35,-15,-10;39,11,-5
beco||da vo|jardim filadelfia|30865716|461,-1991486,-4402487;463,-3,5;465,2,-2;467,18,-8;468,-34,2;469,9,6;470,0,-15;471,-13,8;473,1,10;475,14,-11;485,-21,-28;486,18,28;487,-6,-25;488,-7,6;495,-2,-5;498,2,5;501,-9,-7;505,-7,-12;507,6,-3
beco||das violas|vila california|30850520|22,-1992095,-4400920;45,88,48
beco||diva tavares arco verde|alta tensao|30610430|173,-1996739,-4400044;200,1,2
beco||dos vianas|morro das pedras|30451113|21,-1994434,-4395993;22,-6,15;26,-11,-12;38,7,33;41,-1,-16;46,-14,24;47,8,-10;55,-1,18;61,-10,-7
beco||dos vianas|sao jorge ii|30451113|6,-1994417,-4396014;8,-5,-2
beco||dos violoncelos|vila california|30850500|200,-1991980,-4400592;201,1,-5;202,-17,-12;307,-14,3;310,33,4;320,25,-25;321,-36,23
beco||flor das violetas|conjunto floramar|31742482|1,-1982966,-4393066;4,-12,11;6,0,0
beco||getulio vargas|vila cemig|30624350|30,-1999686,-4399263;67,22,16;69,-2,-1;71,3,13;73,2,4;75,-2,1;77,-1,-9;79,-4,-9;83,6,-8
beco||itamirim vitoria|alto vera cruz|30285156|120,-1990552,-4389076;125,9,-31;130,1,24;135,-7,-17;145,2,-19;150,-9,-4;155,15,19;165,5,6;175,-2,7;180,0,-1;183,-3,18;185,0,-19;201,29,46;203,-23,-28;207,13,1;210,-1,5;218,3,9;220,-11,-15;233,13,16;235,14,13;240,-13,-10;245,20,41;250,-16,-38;255,13,38;260,-12,-31;262,6,4;274,1,20;278,4,5;280,4,0;290,15,26;294,-16,-17;296,-2,2;300,9,-3;1084,1,-7
beco||izabel vieira|sao joao batista|31525040|6,-1982537,-4396708;13,-14,9;15,40,-23;20,-52,28;21,22,-39;22,3,16;23,-6,-12;27,4,19;28,4,0;29,-5,3;31,-3,-31;33,-7,-3;35,14,15;42,18,15;45,-7,-5;47,2,2;50,-39,20;52,0,-1;54,0,0;57,13,1;59,11,3;66,-7,-17;67,-17,13;68,15,4;69,1,-8;70,24,-20;72,-5,3;73,18,-4;74,6,-2;75,-13,-2;77,13,3;78,-42,32;80,50,-12;83,-19,-29;86,14,10;89,-7,0;94,4,12;95,-59,13;97,65,-27;99,6,3;100,-60,38;101,60,-35;102,-3,3;103,-55,24;110,-1,7
beco||jose vicente|marieta i|30660755|35,-1999132,-4403441;81,24,-1;83,-13,16;87,2,2;90,-1,-1
beco||maria carmen valadares|nossa senhora do rosario|30240530|37,-1993301,-4391169;80,17,26;92,5,-10;216,-33,-37
beco||paulo vi|ventosa|30421555|48,-1995203,-4397140;56,9,4;180,9,-5;184,-9,-2
beco||pedra verde|nossa senhora de fatima|30230620|103,-1993896,-4390446;195,5,-7;197,-17,3;201,8,8;202,9,13
beco||raimunda venancio|santana do cafezal|30250140|10,-1993441,-4390643;22,26,-1;25,9,9;50,-31,-17;54,-23,4;260,33,-23
beco||sao vicente|cabana do pai tomas|30512431|10,-1995115,-4399816;15,14,15;20,-3,-22;22,42,4;25,-31,6;30,-14,-1;35,-3,13;40,-16,-14;65,19,16;70,7,-43;71,-30,27;75,12,18;76,58,0;90,-76,-7;95,20,-3;100,-27,4;105,5,0;110,-3,11;114,36,-12;120,-11,2;125,-13,7;130,-10,7;145,3,15;150,18,-27;160,-25,25;165,28,14;175,-1,-28;180,-27,21;185,5,4;190,13,1;220,-13,5;225,42,-19;230,-35,31
beco||valadares|alto vera cruz|30285348|192,-1991320,-4389021;382,-12,-10;384,2,3
beco||valadares|sao gabriel|31980412|1,-1984634,-4391375;2,3,6;4,-13,182;6,32,-158;20,3,56;25,-14,-1;27,-13,-101;30,21,103;32,-12,-63;34,14,78;46,-18,49;50,9,-129;55,-9,-5;56,-7,154;57,-1,-10;58,22,15;59,-16,-13;60,6,-96;61,5,26;65,-5,-71;68,10,145;88,-4,-176;103,6,37;104,-12,-6;115,14,78;117,1,-64;125,3,8;135,2,6;145,-1,2;155,5,2;160,0,2;165,-3,16;166,-10,50;170,14,-63;175,1,11;178,-29,-58;180,28,51;184,4,28;185,0,-17;187,-2,6;190,-6,-2;195,3,6;200,-1,6;204,2,0;205,1,0;215,-2,6;235,-5,15;243,0,-8;255,-1,7;260,8,-25;265,-18,40;275,-7,-4;285,6,7;296,12,-25;315,-16,56;352,-5,-13;365,-9,8;382,24,-19;405,-30,45;410,8,-23;415,8,-7;420,-7,11;425,-10,18;440,10,-4;450,-5,6;460,-7,7;480,-10,6;500,-17,3;2085,18,-211;2087,0,-2
beco||valadares|vila ouro minas|31980412|455,-1984681,-4391164
beco||valdivino|marcola|30220332|48,-1994340,-4390922;50,-1,-9;55,3,7;56,4,-18;63,-6,12;65,-1,-2;70,13,6
beco||vale verde|conjunto california ii|30850836|3,-1992072,-4401024;5,-37,24;6,21,36;8,66,-292;9,-4,1;10,48,157
beco||vasconcelos|vila marcola|30230680|60,-1994208,-4391115;190,-1,7;200,21,0;202,-8,-2;250,1,10;260,2,-15;1320,-10,0;1321,13,14;1325,-5,22;1330,1,-20;1335,-9,-15;1340,-5,33;1346,6,-21;1348,-14,-8;1350,90,9;1352,-70,23;1360,-10,7;1370,16,-4
beco||venancio|nossa senhora aparecida|30240333|23,-1993166,-4391824;33,0,-2;35,11,22;39,-16,-22;40,15,16;41,-5,-20;55,5,29;70,0,-20;85,-6,16;95,4,-5;100,10,1;110,-3,17;115,8,2;423,-23,-34;425,19,-6;443,-22,5;544,42,47;548,-22,-14
beco||venancio|nossa senhora da aparecida|30240333|562,-1993162,-4391798
beco||venus|parque sao pedro|31610130|303,-1981617,-4394957;305,6,-1;306,-19,6;307,11,-8
beco||verde|vila barragem santa lucia|30335130|15,-1995529,-4394444;30,58,35;50,-32,-9;60,-5,-11;64,-18,0;66,2,-12;80,3,-5;87,-8,1;90,-5,-3;96,-7,-9;100,1,-8;101,10,25;115,-16,-39;117,-4,4;125,19,17;133,-23,-24;146,1,4;640,54,58
beco||vertentes|nossa senhora de fatima|30230627|32,-1993879,-4390185;117,10,-2;150,-41,-3;200,64,-33
beco||vesta|joao pinheiro|30530512|15,-1993253,-4399567;25,-5,-5;35,-8,-6;45,-1,-2
beco||viana|cabana do pai tomas|30512265|10,-1994895,-4399880;15,14,1;17,11,0;21,-16,13;25,14,-13;32,-34,12
beco||vicenca|vila sao rafael|30280542|12,-1991381,-4390772;18,-9,63;20,-7,-5;25,-3,24;26,12,-80;28,8,26;30,-4,17;31,11,-24;32,-14,26;35,16,13;38,7,-76;39,-20,74;40,10,-19;45,-3,14;52,-1,0;54,9,-22;55,-14,18;65,-25,-13;70,36,5;100,1,-12;120,-4,6;124,3,9;130,-1,-3
beco||vicente|nossa senhora da aparecida|31370812|16,-1993116,-4391753;140,12,-15;150,0,0;152,-12,9;170,2,1;541,-3,0
beco||vik|alto vera cruz|30285262|45,-1990517,-4389402;47,6,-2;49,5,4;51,-17,2;55,8,-23
beco||violao|santana do cafezal|30250140|25,-1993512,-4390705;35,5,3;40,13,-7;42,-39,-5;45,7,-21;136,21,32;137,-8,-38
beco||violeta|cabana do pai tomas|30510600|18,-1994373,-4399809;23,0,-12;81,-2,5;83,3,1;200,-22,5;270,8,-10;310,3,2;322,-4,-3;324,-1,5
beco||virginopolis|santa sofia|30451377|4,-1995028,-4396511;11,-2,0;13,-1,-6;17,-5,-13;25,6,20;29,-6,-14;572,16,-224;582,-2,-10;600,-1,-3
beco||virginopolis|santa sofia|31235180|304,-1995021,-4396722;305,0,1;470,-11,64;480,8,-24;482,-9,21;486,19,-44;488,-19,35;490,-3,-8;496,15,-19;516,-7,-8;562,1,-21
beco||visconde|olhos dagua|30512780|97,-1999827,-4396787
beco||vitoria|alto vera cruz|30285270|23,-1990584,-4389173;28,38,-29;30,-43,28;36,-1,4;38,13,-3;1025,-3,-10
beco||vitoria|conjunto paulo vi|31250605|1,-1983320,-4388464;2,-8,-7;3,10,4;4,-4,-8;5,-29,0;6,4,4;8,-8,0;9,1,4;15,34,-6;17,-4,11
beco||vitoria|conjunto taquaril|30290612|35,-1991865,-4387198;52,-49,-1;66,22,0;80,2,2
beco||vitoria|nova cachoeirinha|31250491|105,-1988469,-4395299;270,-38,3;273,-17,7;275,-15,-138;277,-1,4;290,45,122;294,12,-1;300,-6,-5;310,23,-7;312,14,7;320,-28,-5;322,4,-1;327,-65,-110;330,67,106;336,25,-57;347,-32,17;350,14,32;352,3,3;360,1,-3;370,3,0;380,20,-14;390,-1,0;400,4,-3;410,13,-13;420,5,7;425,15,10
beco||vitoria|sao jorge|30451493|35,-1994913,-4396343;320,-3,8
beco||vitoria|vila nova cachoeirinha i|31250605|124,-1988411,-4395345;130,13,-19;140,-6,-9
beco||vitorino|jardim filadelfia|30865720|497,-1991468,-4402533;504,15,5
beco||vitorioso|alto vera cruz|30285170|15,-1991263,-4388919;35,11,5;68,-3,4;78,-1,-23;80,0,-2;88,10,6;117,-12,-13
beco||vitorioso|alto vera cruz|30290021|50,-1991244,-4388936;68,-7,28;70,-5,-7;71,-6,9;74,15,-10;76,-8,-10;80,-1,18;90,5,-17;100,3,4;110,-11,8;120,0,2;140,6,-12;1241,-7,-30
beco||vizeu|vila inestan|31150451|13,-1987599,-4394877;38,40,-84;40,1,4;45,-39,78;47,0,-3;48,38,-73;50,-4,1;52,-44,78;60,45,-71;63,-35,63;65,17,-47;80,34,-32;117,-14,11;119,0,1;121,-12,7;122,11,-3;123,2,-8;124,-6,6;126,4,-2;144,-1,-3;201,-34,75;470,36,-76;607,-4,5;609,2,-4;615,-4,7;616,-5,-9;625,12,5;969,-38,71
beco||v|vila pinho|30670030|2,-1999806,-4402904;7,8,7;8,-1,-17;16,-12,-16;352,24,33
passagem||avelino vieira|sao joao batista|31525040|26,-1982507,-4396755;30,1,5;31,-43,2;34,32,0;35,-41,-8;36,-5,-6;37,-14,3;40,14,4;55,-12,0;56,5,5;57,14,2;59,7,-5;62,14,6;63,-6,-1;69,-2,-2;70,44,2;74,-54,-2;75,47,2
passagem||avelino vieira|sao joao batista|31525060|2,-1982585,-4396754;3,-6,0;41,25,0;1040,-40,-9;1060,3,6
praca|cardeal|arco verde|nova cintra|30516290|16,-1994935,-4399006;20,-26,-57;26,12,27;31,22,27;36,-27,-33;46,-6,-14;83,41,16;96,5,1;106,-8,-13;116,6,-11;120,-5,-12;320,-33,55
praca|padre|leo verheyen|saudade|30285330|22,-1991201,-4389684;60,-32,5;70,-5,11
praca|padre|leo verheyen|vera cruz|30285330|36,-1991172,-4389674;50,-39,26
praca||bernardo da veiga|nova cachoeirinha|31250340|6,-1988320,-4395833;35,-35,-31;80,-32,69;238,29,-63
praca||diogo de vasconcelos|savassi|30140160|88,-1993822,-4393597;276,7,62;330,7,-61
praca||joao vianna|rio branco|31530580|26,-1982068,-4397969;48,9,-33;50,4,0;52,-4,2;142,-148,-79;235,103,-20;255,5,11
praca||joao vianna|santa monica|31530580|142,-1982094,-4398075;183,-43,65;185,1,8;187,14,-28;234,-5,-19
praca||paulo vi|alipio de melo|30830730|8,-1989791,-4400567;10,45,-25;19,-30,25
retorno||avenida vilarinho|venda nova|31610070|887,-1981942,-4395270
rodovia||mg vinte|guarani|31872055|212,-1984365,-4391463
rua|barao|de varginha|alto dos pinheiros|30530070|57,-1992716,-4400539;203,45,46;225,-18,-26
rua|barao|de varginha|joao pinheiro|30530070|3,-1992497,-4400364;4,3,-14;5,-26,-16;6,26,15;7,-30,14;8,12,-24;9,6,28;10,-11,-29;11,44,33;13,-7,-13;14,-23,-50;15,-22,26;16,9,-11;17,37,37;18,-35,-44;20,-21,-4;22,7,14;23,5,4;38,-35,-31;48,-9,-12;53,-3,1;55,19,10;56,-30,-7;61,2,-2;65,23,13;71,-32,-19;79,-2,-1;81,-1,-3;91,-6,-4;127,-20,-14;131,-16,-9;137,-4,-4;147,41,27
rua|comendador|arthur viana|rio branco|31530550|20,-1982295,-4397945;34,2,0;200,31,-152;226,32,-19;250,0,-14;260,5,-14;264,-4,-4;328,8,-23;336,13,-27;338,-10,7;344,8,-7;348,2,-4;352,-4,-4;356,50,-187;364,17,-34;366,-52,175;380,2,-3;394,-2,-7;410,0,-17;422,19,-32;464,3,-19;468,1,-11;538,14,-71;554,16,-27;562,3,-17;568,4,-14;578,16,-14;610,-1,-15;620,1,-9;632,10,-13;640,2,-12;652,4,-2
rua|comendador|arthur viana|santa monica|31530550|29,-1982301,-4397950;51,3,-10;76,15,-20;108,11,-24;110,-5,-4;112,7,-10;134,4,-26;137,-15,4;158,26,-11;160,7,-8;161,-20,-8;170,41,17;173,-38,-26;195,-15,71;221,26,-91;229,2,-21;235,8,-18;245,64,-241;247,-58,233;251,63,-216;253,-7,-9;263,-56,209;287,1,-14;289,-1,-19;291,15,-7;295,-1,-26;305,11,-19;309,-77,258;317,70,-221;325,18,-62;345,-8,6;375,-3,6;397,7,-22;399,5,-4;400,-91,310;405,94,-322;406,-93,321;424,-22,17;425,31,-36;431,76,-328;433,82,-197;441,1,-5;443,4,-4;448,-182,579;453,187,-585;523,-58,150;525,4,-9;527,0,-3;529,-14,80;531,-8,-9;539,13,-86;551,26,-38;563,6,0;565,-1,-20;567,3,-9;569,4,-7;571,2,-6;655,40,-52
rua|comendador|viana|comiteco|30315060|14,-1995398,-4392081;32,16,7;46,17,7;81,31,7;105,22,-9;127,11,25;180,41,16;195,23,12;200,-12,-3;227,30,15;261,22,32;277,4,7;281,9,8;295,8,18;299,2,0;329,8,24;337,-111,-137;345,130,164
rua|comendador|viana|mangabeiras|30315060|300,-1995182,-4391942;322,9,19;330,11,11;342,7,10;365,12,28;374,-13,-16;385,6,31;388,3,-18;416,-12,59;431,-5,15;446,3,5;451,-8,9;456,-11,11;466,-22,24;478,-25,11;487,32,-22;503,-10,15;506,-38,8;523,16,4;541,-20,5;561,-8,-6;568,-46,21;595,32,-15;607,-33,4;627,-9,10;628,-10,9;630,-26,1;645,19,-1;661,-14,13;680,-21,10;683,-1,-3;700,-25,13;709,-7,3;720,-29,3;725,6,1;748,-34,4;769,-15,3
rua|conde|de valadares|nova cachoeirinha|31250530|15,-1988385,-4395111;35,5,-27
rua|conde|de valadares|vila nova cachoeirinha i|31250530|45,-1988369,-4395145;49,-3,-11
rua|conde|de valadares|vila nova cachoeirinha|31250530|27,-1988323,-4395217;28,101,86;55,1,-8;61,-141,-25;63,2,-5;83,19,-4;85,11,-25;93,-13,22;95,24,-16;153,21,21;163,40,20;165,-7,-2;173,-16,-7;175,57,-2;183,-58,-1;188,56,23;190,-13,-24;193,-32,-4;195,45,25;196,21,-31;201,-60,13;203,35,-5;210,6,-6;212,14,1;213,-42,24;214,35,-27;218,11,4
rua|conde|de valadares|vila nova cachoeirinha|31250551|91,-1988334,-4395198;97,-4,12;98,53,-58;100,-38,31;101,1,10;107,-6,8;109,8,4;119,6,10;125,1,7;140,-1,-34;143,19,29
rua|conde|ribeiro do vale|sagrada familia|31030470|78,-1990255,-4392847;86,1,15;94,0,11;95,-3,6;104,6,-5;105,-3,8;116,0,22;125,-5,-8;129,-6,14;132,1,30;144,-5,21;146,1,3;147,0,-2;165,-3,21;166,0,-5;176,-5,8;179,7,-2;190,-6,11;205,1,1;210,2,14;215,11,-5;221,-13,20;227,-5,-6;230,2,2;237,3,11;245,-1,20;254,-9,3;255,5,22;274,-8,6;292,2,3;293,1,9;298,-6,4;301,4,4;308,-7,4;311,1,-3;320,-1,14;321,-3,8;340,3,13;420,-7,45;429,-1,7;430,-27,10;443,25,7;450,-7,2;453,9,10;460,-7,5;463,1,4;472,-2,8;473,-169,-15;487,169,21;488,-2,2;493,3,13;496,-5,-6;504,4,7;507,-2,3;514,-14,18;519,4,-5;524,-1,3;543,1,19;584,-4,42;596,-5,16;597,2,-11;606,8,28;607,-8,-16;618,-6,20;619,-1,-2;628,6,11;633,1,-1;638,-2,12;643,1,3;648,-8,9;653,-2,-6;660,10,0;663,1,12;672,-6,4;673,2,4;684,-8,3;685,5,11;693,-2,11;724,-9,43;731,-2,-8;734,-4,19;735,5,-2;743,0,13;744,0,-9;754,-5,12;755,-2,-2;764,0,9;765,2,7;774,6,5;775,-9,1;784,5,7;785,-3,2;794,-25,15;795,15,-8;804,-13,17;805,13,-1;814,0,9;817,1,-6;824,-2,14;836,-4,14;846,8,10;860,-9,20;867,2,-19;868,-13,10;872,14,16;875,16,1;877,-19,2;884,9,3;892,7,15;894,0,5;901,6,-10;905,7,28
rua|conde|valadares|nova cachoeirinha|31250530|16,-1988387,-4395105;30,3,-32;50,45,-16;60,-16,-1;72,9,5;104,138,-26;110,-141,-4;130,31,-13;140,10,18;160,20,19;165,46,1;170,-64,-24;180,20,8;195,51,25;196,-5,-16;200,34,-13;218,-2,-2;249,-21,12;270,46,-19;275,-3,-2;303,19,-8;340,-24,24;355,60,-30;371,10,5
rua|conego|vieira|santa cruz|31155250|14,-1987580,-4393670;17,-9,-15;26,-3,-2;34,-1,-7;46,-13,-21;53,2,28;56,-6,-38;65,0,9;71,-8,0;75,-2,-6;85,5,-1;99,12,-33
rua|coronel|lourival vasconcelos|vila jardim alvorada|30810550|5,-1989175,-4398864;8,-7,3;10,1,1;15,13,-13;16,-4,0;18,15,-2;20,5,1;25,-6,-6;30,2,-3;31,3,1;32,13,-12;45,-3,4;56,14,-5;66,-5,-10
rua|coronel|quintiliano valadares|planalto|31720080|7,-1982965,-4395887;13,6,8;31,2,4;34,7,24;52,18,22;60,-3,1;76,14,11;79,-5,-15;81,-12,-24;83,0,6;85,7,8;90,9,30;91,-1,-8;100,14,23;103,10,3;109,2,-7;125,-56,-67;140,48,82;148,20,14;150,5,3;151,-15,-9;162,20,24;163,-9,-17;173,16,31;175,-10,-23;177,9,14;184,7,19;187,-8,-20;188,13,24;191,-1,-13;200,4,21;212,13,14;222,-1,4
rua|deputada|ivete vargas|solar do barreiro|30628170|70,-2001096,-4400746;80,4,-4;90,5,-12;100,15,-21;112,46,-58;118,-3,25;124,1,-30;130,-70,127;170,25,-54
rua|deputado|fabio vasconcelos|buritis|30575831|40,-1997409,-4397611;48,22,-26;58,10,10;61,18,9;100,129,19;115,-81,-43;133,44,-8;135,55,81;143,-29,-81;144,-69,48;146,2,-5;148,9,5;155,71,-49;156,-82,0;158,4,17;165,75,-11;168,-60,-4;170,10,5;177,49,9;180,-44,-15;182,7,6;185,17,35;198,-17,-45;200,-7,-7;252,45,36
rua|deputado|quintino vargas|candelaria|31510220|33,-1981289,-4397082;46,8,12;50,-13,16;62,-1,13;79,-3,14;86,3,-5;98,-8,15;102,-3,21;112,2,-17;120,-4,16;125,5,-6;126,-8,3;127,5,4;128,-3,6;130,-14,26;135,12,-11;138,3,-6;145,-9,7;165,-5,49;172,0,-22;175,-7,37;180,13,-25;183,-11,35;192,1,-20;193,-4,31;195,0,7;202,24,-112;204,-16,79;205,-15,42;206,6,-31;215,-8,54;216,7,-48;225,-10,56;228,10,-50;240,-4,11;250,1,17;260,-1,6;276,-8,24;290,-4,6;300,-3,11
rua|desembargador|veloso|paraiso|30270430|30,-1991899,-4390209;88,-9,5;98,-2,-1;101,-9,0;103,-11,3;107,-5,-5;108,16,3;110,-13,-29;113,-14,29;118,5,-1;122,-9,3;123,5,0;125,-19,1;126,0,-9;127,-12,8;136,-23,0;137,8,10;140,-15,-7;143,4,11;147,-5,-5;160,-15,-3;167,1,4;170,-11,3;177,-9,-5;180,-2,5;184,-23,-4;187,14,7;192,4,1;196,-23,-4;197,17,-2;198,-4,2;200,-22,4;209,13,-8;210,-19,6;211,-18,4;219,24,-3;229,-16,6;241,-46,0;256,32,-6;264,-2,-1;278,-29,6;289,-4,4;298,-14,-2;299,-4,5;300,9,-6;308,-4,6;311,-15,-2;320,0,6;330,-4,-25;331,-1,18;334,-12,4;341,-1,-3;344,-4,4;354,-10,5;355,-2,-11;364,-6,7;367,4,4;374,-23,-1;377,5,4;454,-40,-3;460,-8,0;470,-15,3;480,-5,0;486,-12,2;488,-1,5;494,-14,-3;496,-6,3;506,-13,2;516,-6,-1;532,-11,2;540,-25,8;556,-26,-3;566,7,-6;693,159,-9;715,-26,-2;721,-15,2;731,-14,5;743,-9,3;753,-12,4;763,-35,4;767,22,-4;775,-18,0;785,-10,-3;787,-17,10;801,-20,-2;811,-8,8;820,-15,-9;826,-10,2;830,8,-1;831,-16,11;840,-8,-16;847,-1,18;850,-8,-9;857,-6,6;860,-10,-7;870,-8,6;877,84,-10;889,-108,20;890,17,-2;900,-18,-9
rua|desembargador|veloso|vila paraiso|30270430|18,-1991875,-4390200;20,-14,-11
rua|dominicano|vieira|barreiro|30640040|122,-1997831,-4401496;134,-20,-8;353,37,18
rua|dominicano|vieira|barreiro|30642040|101,-1997824,-4401484;111,-24,-12;145,-17,14;150,-28,-30;160,-9,-9;168,-12,-5;170,-9,-3;180,-40,-12;188,-12,1;190,-6,2;191,-9,6;200,-5,-2;205,3,-2;220,-26,-30;234,-57,105;246,19,-63;249,7,14;273,-45,9;275,-10,0;295,-17,3;299,303,14;300,-291,-23
rua|dom|vicoso|padre eustaquio|30720260|6,-1991652,-4397351;10,-6,-7;20,-14,25;30,-4,-11;33,0,-4;40,-20,14;46,2,-1;84,-44,-14;95,-9,1;98,9,12;106,-10,-2;113,-6,-9;114,-12,6;123,4,-8;133,6,-2;139,-36,6;152,0,-13;153,8,6;161,-19,0;189,-7,9;199,-1,0;203,-27,-1;217,-8,-3;222,9,8;234,-9,2;235,-6,-3;245,-4,0;246,-14,2;258,2,-8;267,-1,-7;281,-6,-1;306,-17,2;331,-34,-2;345,-13,-2;353,-19,8;363,-3,-4;368,10,5;375,-23,-2;387,-8,-3;399,-23,4;402,-25,-6;410,21,0;427,-23,6;432,-5,-8;437,-7,8;441,-16,0;444,11,-4;454,-4,2;457,-16,-6;467,-6,-1;470,3,12;482,-11,-5;514,-19,-2;524,-18,-6;534,-13,1;554,-19,-13;566,-17,4
rua|dom|vital|anchieta|30310520|23,-1994629,-4392678;35,-6,-13;47,-15,-7;59,-6,1;60,10,-2;71,-21,-15;89,-20,-1;114,-27,-32;130,9,-8;134,19,-10;150,-34,-6;159,-12,5;162,7,-9;183,-5,-16;185,3,2;193,-3,2;197,-3,-15;210,-22,-20;217,-14,15;227,-3,-13;235,8,7;247,-10,-19;252,-11,-7;257,-4,-4;269,-15,6;281,-1,-31;296,14,-13;299,-33,10;306,2,-4;326,-2,-4;327,-11,-4
rua|dona|ana vieira|jonas veiga|30285420|18,-1991969,-4389817;34,-8,12;43,-3,1;53,-12,13;63,-7,-1;64,6,-4;66,-23,14;68,-6,7;70,-19,14;83,29,-16;93,-14,-4;99,-5,22
rua|engenheiro|teodoro vaz|luxemburgo|30380330|35,-1994531,-4395418;51,-18,5;122,-46,-10;135,-11,-4;140,-14,2;152,-9,-4;155,12,0;165,-32,0;181,36,7;195,22,-11;225,-118,12;249,10,-5;596,-14,-16
rua|farmaceutico|antonio cruz vdp|lagoa|31578052|2,-1981089,-4399926;3,2,-3;4,5,-3;5,4,-2;6,9,-2;7,31,-13;8,-32,12;9,-37,-1;10,6,-9;11,8,-6;12,4,-3;13,3,-3;14,-3,3;15,-17,5;16,2,1;17,7,3;18,0,-5;26,6,24;27,2,-3;28,6,3;29,-10,2;30,0,1;31,-3,6;32,0,-3;33,1,-4;34,-32,19;35,0,0;36,35,-18;37,38,-29;38,-40,30;39,-2,-2;40,1,2;41,2,-2;42,3,1;43,-9,-3;44,3,5;45,-3,1;46,1,-4;47,0,0;48,4,-1;49,1,2;50,-5,-3;51,2,-2;52,3,4;53,-6,-3
rua|frei|conceicao veloso|alto dos pinheiros|30530300|107,-1992997,-4399723;116,10,-9;129,-8,-16;132,9,6;142,0,-5;145,6,-19;213,-13,31;242,51,-70;250,-6,10;318,44,-63;334,15,-24;386,25,-44;400,32,-13;416,0,-11;446,1,-20;460,8,-14;470,3,-5;538,45,-63;550,2,-12;560,6,-6
rua|frei|conceicao veloso|joao pinheiro|30530300|28,-1993081,-4399603;30,6,-4;31,19,-35;33,12,-22;40,-31,46;50,45,-49;55,-10,-2;60,4,13;62,17,-23;63,-13,-5;85,12,-16;86,5,7;245,59,-98;255,8,-15;275,9,-13;307,29,-43;317,1,-14;331,16,-15;367,34,-41;451,219,-348;461,-190,288;473,0,-1;525,52,-66;539,-10,0;551,2,-5;567,15,-19;577,10,-13;580,13,-6;587,-4,-12;596,11,4;597,2,-17;698,56,-41;723,-11,-24;735,3,-5;755,29,-55;758,11,4;767,-3,-11;770,9,0;786,24,-17;812,10,-21;813,-22,-4;824,26,-14;825,-8,4;837,14,-2;838,-4,-12;847,-3,1;849,5,-8;850,8,0;867,25,-52;879,0,-2;880,-2,17;889,4,-18;900,1,7;910,4,-9;922,10,-7;932,1,-6;991,17,-32;1196,-1,-7;1998,-2,5;2000,4,-8
rua|governador|valadares|jardim vitoria|31975410|9,-1985321,-4388639;10,4,-1;15,10,-2;20,-9,-3;25,10,6;30,12,7;35,-4,-11;43,18,19;45,4,1;47,-20,-5;49,2,-2;50,1,2;51,-10,-2;52,9,2;60,4,4;69,20,1;80,-11,-2;85,17,9;90,-14,-6;95,12,13;100,-1,-8;105,7,6;110,-3,-1;115,9,1;120,-13,1;125,15,1;130,4,5;135,4,-2;140,4,12;145,2,-12;150,1,13;155,1,-9;160,9,10;165,0,0;170,6,4;175,-2,-7;176,0,5;180,5,4;185,3,0;190,-1,5;195,3,-4;200,14,10;205,-12,-6;210,9,3;215,-1,7;220,10,1;225,1,-2;230,4,7;235,-11,-6;240,13,6;245,-4,-5;250,15,12;255,-15,-8;265,16,4;275,2,1;285,8,8
rua|governador|valadares|taquaril|30285476|25,-1992112,-4387134;26,-122,-60;28,4,2;30,5,4;40,1,9;48,8,9;180,114,45
rua|governador|valadares|taquaril|30295060|11,-1992200,-4387176;35,-19,-11;45,1,18;47,11,6;49,4,15;50,10,-3;51,6,3;53,10,0;56,10,4;59,14,10;125,7,-4;135,9,12;139,12,-1;145,11,5;394,32,-10
rua|juiz|achilles velloso|estoril|30494180|10,-1996208,-4396115;15,103,301;121,-15,-57;130,9,-22;145,-6,-1;160,-12,-43;185,18,25;215,-38,-18;239,-8,-7;245,-14,-16;260,8,5;265,-13,-12;277,-6,-20;284,10,-5;296,2,-5;299,-17,-9;310,4,-7;313,-17,-8;326,1,-4;350,-19,-60;385,109,246;470,-52,-263;486,15,1;495,18,26;497,14,24;500,-33,-32;526,23,36;550,14,13;555,17,12;575,20,1;599,25,20;604,-52,-24;612,8,8;645,68,22;650,-28,4;671,52,-16;685,15,-6;725,30,-12;730,-18,7;741,31,-22;751,12,-15;760,7,5;795,11,-19;800,22,-22;806,-20,30;815,6,-21;835,7,-15;840,14,-13;855,-8,-4;860,13,-2;861,-8,-9;865,5,-17;917,15,-44;958,20,-27;1000,-5,12
rua|juiz|costa val|novo sao lucas|30240350|412,-1992764,-4391726;434,8,7;462,-17,24;482,0,32;502,-4,16;510,-10,22;520,4,3;586,-17,66;592,-4,6;596,2,-5;598,-4,12;610,0,13;648,-17,49;664,-11,43;686,-11,20;696,5,4;700,-10,22
rua|juiz|costa val|santa efigenia|30240350|31,-1992701,-4391960;39,-7,3;49,6,17;65,2,19;73,-15,10;79,-2,2;81,-3,-11;91,-4,34;107,0,12;125,-8,8;133,-4,1;157,-12,23;161,6,11;183,6,12;195,-4,14;203,-3,26;225,-3,8;239,-4,26;345,-15,34;355,1,-16;365,-5,24;375,4,12;385,-5,17;391,-2,7;475,-3,2;489,-9,24;501,1,14;511,-6,6;523,0,5;535,0,14;545,0,6;581,-11,44;591,0,7;603,-5,10;615,3,19;621,-12,14;631,-3,8;641,2,7;653,-6,17;663,1,12;685,-17,17;693,1,17;703,0,11;713,-2,8;725,-9,11;741,6,16;747,-35,42;749,-1,17;759,3,5;769,15,-36;891,-38,65;903,0,2;915,-11,19;933,-4,13
rua|juiz|costa val|sao lucas|30240350|10,-1992697,-4391971;16,-6,-8;22,2,11;30,-10,4;40,2,19;56,0,0;90,-11,49;102,-3,12;118,8,-13;128,-10,27;136,-14,16;138,0,0;162,-2,6;172,17,24;184,-23,1;192,8,11;202,3,22;212,6,-14;226,-13,20;240,-7,13;248,-10,24;252,13,-5
rua|junior|verissimo|granja werneck|31998270|80,-1980168,-4392255;112,-1,-2;134,-51,9;140,8,0;141,5,9;144,0,-3
rua|mestre|valentim|lajedo|31846050|5,-1983518,-4391340;12,-11,-1;15,5,31;16,-4,-8;18,2,10;20,-2,0;21,6,16;30,-1,2;31,6,-4;32,-19,16
rua|mestre|valentim|tupi b|31846050|12,-1983538,-4391336;480,-6,-25;500,6,3;510,2,9
rua|ministro|alfredo valladao|comiteco|30315080|444,-1995268,-4391872;586,-100,1;598,-14,-4;630,-20,-9;700,-50,-20;720,-34,-15;760,-24,-12;774,-12,-8;782,-11,-4;802,-11,-9;852,-22,-53;866,4,29
rua|ministro|alfredo valladao|mangabeiras|30315080|10,-1995498,-4391674;40,32,-28;100,44,-14;105,-11,1;128,-13,-8;130,43,-4;170,29,-10;179,-10,3;189,28,-2;198,6,-27;207,1,6;226,7,8;227,34,-24;239,13,3;250,-12,3;270,33,-13;285,-8,-1;300,28,-2;301,-12,2;320,28,-7;360,18,-13;400,18,-31;416,-6,-31
rua|ministro|jorge vargas|castelo|30840390|7,-1988791,-4399970;10,-55,-54;16,5,5;32,30,25;34,-11,-7;36,44,8;37,-47,-17;43,9,10;46,23,3;51,14,5;100,-24,11
rua|nossa senhora|visitadora|ouro minas|31870350|8,-1984527,-4390763;10,145,76;12,-128,-68;17,124,72;18,-2,-5;19,0,3;20,-3,-6;21,-4,4;24,-5,-9;26,-10,-5;27,-114,-54;28,104,48;30,-7,-3;32,-9,-8;33,-83,-37;34,71,34;36,-17,-6;39,-45,-28;40,55,31;53,33,22;57,13,6;59,-6,-1;61,-1,-5;63,-13,-1;65,-2,-5;67,-71,-41;69,0,-4;70,18,16;71,0,-2;72,-1,-4;73,-4,5;75,-4,-6;76,1,7;77,-4,-9;80,-2,8;82,-2,-11;85,18,13;91,22,17;93,-9,-10;95,23,16;99,-12,-4;121,18,7;159,35,19;195,39,22;214,-2,-12;226,10,13
rua|padre|henrique vaz|castanheira|30668020|12,-1999673,-4403472;121,190,118;125,-3,-24;128,-1,12;137,3,-16;145,-15,-26;149,-7,-9;152,14,11;154,-12,-7;156,1,-2;163,-12,-2;164,14,-9;171,-27,-12;179,-4,-3;180,22,12;183,-48,-28;185,6,6;187,-14,-11;190,56,29;195,-65,-35;200,63,32;205,-64,-42;211,-21,-3;223,0,2;235,-8,-17;237,-5,10;239,-6,2;243,-11,-1;249,-5,-4;251,-1,-3;259,-5,12;269,-8,1;283,-32,-1;295,-39,7;303,-15,2;313,-15,8;317,-12,11;325,-25,-4;333,-5,5
rua|padre|venancio|novo gloria|30870270|8,-1990735,-4401056;22,11,-3;27,-10,4;34,20,0;46,16,-8;51,-7,-1;57,21,-3;58,-13,2;68,13,-1;69,6,-3;75,6,-3;78,5,5;93,13,-9;96,-1,7;105,11,-7;108,-7,5;118,11,-2;127,13,-15;129,-8,4;130,8,7;141,5,-12;142,2,11;153,10,-13;154,3,11;159,-124,22;165,131,-33;177,7,-3;189,-43,17;212,71,-17;214,16,1;216,-1,5;225,-2,-16;226,4,0;235,4,-1;236,17,6;242,1,-11;245,-1,-2;247,-8,1;254,20,1;266,-4,0;286,50,-14;297,-20,6;300,14,-2;309,3,-4;321,6,-1
rua|pintor|visconti|tupi b|31844240|7,-1984068,-4391260;15,6,-18;20,7,1;25,2,-5;26,1,-1;30,5,0;35,0,-14;45,11,1;46,10,8;50,-5,-9;55,2,-3;60,15,-12;65,2,-8;75,-3,20;80,11,-16;85,0,-9;86,4,6;90,25,-8;95,-28,7;99,13,-8;102,30,2;111,-20,-3;114,-1,22;115,4,-24;116,33,11;125,-13,-14;135,5,12;145,9,-4;155,14,5;161,7,-1;179,9,7;190,-21,-2
rua|professora|gabriela varela|conjunto floramar|31742114|592,-1983080,-4393178;596,40,-17;598,-38,17;602,17,2;606,16,-22;612,80,-6;618,-15,-3;630,-61,10;632,21,6;634,-14,1;636,12,-10;648,3,-1;650,31,1;656,-25,-3;660,8,4;664,4,6;670,10,-22;674,6,14;690,15,-2;692,6,-2;700,48,-10;710,-18,7;750,5,-9;758,2,-6;770,3,7;784,9,-1;818,10,7
rua|professora|gabriela varela|floramar|31742114|1,-1983441,-4393030;2,5,-4;3,1,-4;5,-136,-14;7,1,7;9,-4,5;63,46,4;67,5,-2;71,8,6;75,-4,-2;157,13,-3;167,9,-4;177,21,12;187,10,2;197,14,-4;207,4,-12;217,20,13;219,5,-5;221,1,-1;223,-1,-6;227,5,2;229,4,-1;265,41,-21;275,9,-8;285,3,-11;295,13,1;305,12,-5;315,5,-1;321,7,1;325,8,-9;333,4,-8;341,10,-7;345,15,-7
rua|professora|gabriela varela|jardim felicidade|31742173|360,-1983231,-4393130;420,3,-2
rua|professora|gabriela varela|jardim guanabara|31742114|590,-1982324,-4393376;591,13,-28;600,-8,33;1435,-10,-19;1485,6,-6;1491,15,-9
rua|professora|gabriela varela|jardim guanabara|31742173|77,-1982833,-4393218;310,195,-79;313,-1,14;323,16,-19;330,15,10;333,-8,-19;343,20,-6;349,12,-1;355,11,0;360,-30,18;370,63,-9;372,5,-5;385,7,-18;388,-1,16;397,13,-22;400,-3,22;409,14,-22;412,2,18;414,4,-6;415,-746,192;419,735,-196;425,18,-1;427,-373,95;432,382,-91;437,-17,-25;442,14,26;447,-744,191;449,8,-13;455,758,-189;467,15,-6;481,-755,188;483,10,0;485,376,-97;487,-370,95;488,751,-173;490,0,0;492,8,-2;494,1,0;495,-744,174;496,743,-174;500,2,0;505,16,-17;507,-759,185;508,746,-168;515,17,-23;519,-753,168;520,754,-155;530,10,-3;531,-750,177;535,760,-187;540,-3,6;543,-747,171;545,752,-180;552,4,12;563,-746,170;564,758,-173;573,-752,173;583,15,-3;603,36,-5;615,344,-90;617,360,-89;619,5,9;621,5,-4;627,-711,172;639,26,-6;651,10,-3;675,23,-7;679,-12,4;681,30,-1;685,1,-1;691,6,-1;703,-17,2;707,3,2;721,23,-8;729,6,-10;735,14,1;741,13,-2;775,0,-2;777,6,-1;780,85,12;781,-30,-12;789,-46,1;791,82,0;805,-72,-3;820,23,23;835,7,-23;844,19,13;851,-12,-15;854,21,13;861,-3,-15;888,22,17;895,20,-22;897,0,10;900,16,-2;902,-5,2;904,-1,2;906,1,-2;908,-3,4;910,-1,4;913,4,-18;915,9,-10;917,3,-5;919,5,5;921,-5,-8;933,15,1;938,-13,24;943,29,-29;948,-8,22;953,24,-30;957,-7,11;962,-41,31;963,57,-46;968,-35,32;973,53,-35;976,-20,20;983,22,-21;985,5,-2;986,-9,19;987,13,-20;992,-5,14;1000,14,-3;1003,24,-26;1009,-23,7;1012,8,11;1018,28,-9;1110,102,-35;1112,-117,41;1159,67,-41;1160,19,12;1187,51,-24;1189,3,5;1227,56,-17;1259,33,-10;1295,16,9;1305,4,-9;1325,36,-8;1335,7,-3;1374,-8,19
rua|professora|gabriela varela|tupi|31742114|10,-1983586,-4393026;20,12,-3;26,22,-2;30,3,-7;40,16,15;160,24,1;170,21,5;180,5,-2;200,18,25;212,20,-20;240,18,-13;246,18,-11;250,8,-5;260,28,-12;270,-6,3;280,17,-11;290,14,-7;328,30,-13;330,6,-5;332,0,-5;334,-3,-1
rua|professor|arthur velloso|jardim america|30421486|25,-1995339,-4396827;30,-6,1;35,-1,11;40,5,-18;45,6,-51;47,11,-20;105,-8,-3;320,2,-16
rua|professor|baeta viana|itapoa|31710220|13,-1983912,-4396198;28,-4,2;33,-6,-2;44,15,17;45,5,-6;56,7,-3;57,1,9;65,12,0;68,6,18;80,-29,-11;89,38,8;92,2,13;100,7,0;104,323,53;111,-311,-52;114,-2,-1;115,31,20;120,-15,-12;121,323,48;127,-309,-53;131,-6,17;137,316,31;138,-324,-45;145,19,6;150,13,7;162,-8,-11;174,13,18;175,6,-9;194,3,10;196,17,12;240,30,17;245,43,11;251,58,-319;258,-92,312;276,17,-1;280,23,4;300,-1,0;311,7,-2;314,4,12;321,-5,-7;326,6,12;345,18,-9;350,6,7;363,0,-1;366,7,1;408,36,-1;417,21,-9;418,0,11;429,22,-4;430,-7,-1;458,15,-2;468,2,1;470,6,-6;475,-9,-2;478,14,5;490,14,-8;497,10,-10;509,14,-11;521,5,-2;531,11,-5;535,0,2;550,13,4;560,-24,9;574,49,-27;578,-50,29;592,63,-41;616,17,-12;628,3,-7;640,11,-14
rua|professor|galba veloso|horto|31015062|17,-1991177,-4391936;35,-24,-7;117,-32,-7;118,3,13;119,-3,-13;126,-4,14;138,-16,-6;146,0,-5;158,-13,-9;159,1,2
rua|professor|galba veloso|santa tereza|31015080|203,-1991301,-4391962;205,-4,-4;206,4,-2;221,-14,-1;222,-9,3;229,-8,1;234,-4,-6;239,-10,8;242,-2,-11;249,-3,5;254,3,-5;259,-14,-6;266,0,14;278,-17,-10;290,-11,5;304,-7,0;305,-24,-5;314,4,-4;327,9,6;336,-23,-9;337,-4,0;345,-11,1;346,13,3;354,-22,-5;357,7,2;364,1,-4;367,-15,3;377,-10,-1;378,14,-3;387,-38,1;390,4,-11;397,-2,8;407,-6,2;417,-8,-1
rua|professor|helio viana|itapoa|31710330|10,-1984208,-4396066;12,-1,3;14,5,0;16,-5,2;22,11,-9;25,3,3;34,9,-4;35,7,9;45,16,8;54,-7,-3;94,29,3;96,10,4;97,26,-9;107,-5,6;110,2,7;154,25,12;166,13,-2;178,15,2;179,-7,0;190,17,10
rua|professor|pimenta da veiga|cidade nova|31170190|29,-1988631,-4392865;41,-10,-5;53,0,3;65,-14,13;77,-6,12;78,8,21;90,-17,5;91,9,-19;109,-5,13;116,-21,26;121,9,-5;128,-12,13;180,-14,35;192,-3,17;204,-14,7;214,-12,0;223,1,17;228,-16,-10;235,14,0;240,-5,8;247,-6,11;252,9,46;259,-3,-36;262,-12,3;266,31,-47;273,-26,43;283,-29,24;294,55,-60;295,-39,70;307,-3,9;333,-16,12;459,-38,73;460,2,-12;471,-2,13;483,-9,12;484,1,-17;495,-6,44;508,-12,-7;519,-3,8;531,-6,15;532,5,-20;545,-10,28;550,0,-10;561,-5,17;562,-8,5;573,1,2;574,-3,6;585,-13,-4;586,-8,2;597,6,8;609,-12,6;610,0,10;621,0,1;631,-11,12;635,-5,5;671,-12,30;688,23,-40;695,-25,62;707,-6,9;708,41,-57;710,-6,-3;712,-5,0;716,1,8;719,-40,65;720,32,-62;731,-37,70;737,-6,10;743,-8,8;762,25,-51;765,-33,63;767,2,-2;772,40,-49;779,-49,58;784,36,-45;791,-36,52;796,29,-53;805,-42,72;808,41,-61;820,-21,16;832,8,1;839,-40,62;844,26,-49;851,-31,58;856,29,-39;863,-37,56;868,30,-55;875,-36,61;880,36,-57;892,-24,1;904,-7,16;916,2,4;929,-29,60;940,12,-22;943,-25,44;955,-6,10;971,-2,7;984,11,-36;987,-23,50;999,-4,3;1004,16,-37;1011,-20,48;1014,6,-40;1023,-14,53;1035,-5,9;1038,16,-37;1053,-27,53;1054,31,-48;1066,-20,16;1071,-36,46;1076,24,-43;1083,-13,50;1088,12,-30;1100,-1,4;1120,-6,25;1122,-15,-10;1142,0,16
rua|professor|rodolfo narciso vieira|pilar|30390125|100,-2000066,-4397533;110,-1,-17;111,5,-4;120,-2,-3;130,7,2;132,3,-3;140,13,-4;142,1,-16;228,-282,6
rua|professor|teodoro vaz|planalto|31720485|6,-1983801,-4395019;7,7,3;17,-6,4;29,-10,8;40,0,-6;59,-97,-10;65,79,30;68,8,-12;78,-8,8;80,-3,12;81,-4,5;95,-12,1;98,3,3;105,-5,8;110,-33,-1;138,-15,31;158,-11,8;168,-7,11;171,11,19;180,-15,-8;183,1,12;185,-51,58;195,38,-45;200,-3,-6;204,-45,39;207,48,-23;216,-13,-10;226,-9,-1;227,13,21;237,-13,0;244,-12,0;247,13,10;260,-14,-21
rua|santa|vitoria|jardim leblon|31540110|100,-1982153,-4399378;112,1,9;122,2,6;136,7,32;138,-6,-25;139,6,64;140,1,-29;141,-2,32;144,12,-25;146,-10,8;150,1,7
rua|sao|joao da vereda|santa branca|31565480|13,-1983420,-4396534;37,26,-17;61,14,1;73,21,15;77,-8,-17;80,4,-2;90,3,-4;95,1,-4;97,13,4;100,7,-2;115,5,-6;127,21,-10;134,-3,12;139,23,-14;140,-13,4;154,2,5;160,21,-10;180,33,-3;185,-28,-5;187,4,-1;189,5,7;205,13,-8;207,-4,4;220,20,-1;223,-8,-7;225,1,4;227,11,-1;233,15,2;234,-10,0;235,10,-1;240,6,-9;248,16,-1;309,29,-18;321,2,3;333,16,-1;345,10,1;356,22,-1;357,-7,-4;380,27,-3;385,-7,-3;392,12,1;393,-7,-4;395,12,-4;404,5,1;407,12,-5;416,-4,7;419,13,-7;428,0,2;431,43,-17;440,-31,15;452,10,-3;460,14,-5;480,18,-7;490,18,-2
rua|sao|vicente|candelaria|31510080|20,-1981316,-4396311;54,-12,-1;55,-2,-9;56,-17,-3;89,-34,-12;92,2,-5;106,-16,-2;107,7,5;109,-11,-1;115,-2,-5;117,-12,2;119,-7,-4;120,11,2;128,-12,-4;130,-3,1;132,-20,-6;135,-3,9;140,-3,-6;141,-1,5;143,-12,-8;145,-2,2;152,4,11
rua|sao|vicente|granja de freitas|30286070|3,-1990725,-4388165;5,26,-30;9,2,2;19,-34,-51;21,-1,18;23,4,-17;25,-8,-15;67,-89,-21;75,86,33;99,-713,-452;177,629,413;275,9,-70;295,-18,-47;335,-16,7;367,51,94;397,-1,-7;689,-189,-404;701,2,-5;1290,-368,42
rua|sao|vicente|marieta i|30390570|2,-1999242,-4403207;4,65,-320;5,25,3;8,-40,-13;9,28,7;10,34,20;11,-50,-29;12,-23,-14;14,10,3;15,18,10;16,-35,-24;17,28,20;18,-28,-9;19,62,34;20,-4,-1;22,0,-8;23,-40,-20;25,-5,-20;26,49,44;27,-5,6;28,7,0;30,-10,-10;35,-42,-32;37,-3,1;39,0,-1;43,2,1;45,46,35;50,1,-23;60,-2,26;65,-16,0;75,3,-8;80,-3,-10;85,-73,317;90,78,-308;92,0,0;115,-21,-7;120,-6,-12;140,-8,-2;155,2,-1;185,0,-7
rua|sao|vicente|olhos d agua|30390570|28,-1999153,-4396128;38,11,18;48,-3,8;73,61,42;92,-81,-70;150,111,116;155,18,12;214,54,47;255,-6,-15;300,35,32
rua|sao|vicente|sao gabriel|31980450|19,-1984887,-4391318;48,58,-4;60,1,-5;63,-39,6;65,-14,-1;70,35,-2;73,-13,3;81,49,1;93,-14,-4;99,-12,6;114,38,-8
rua|sao|vicente|taquaril|30670525|140,-1991491,-4388653
rua|sao|victor|granja werneck|31748560|55,-1980873,-4390844
rua|senador|campos vergueiro|planalto|31730490|30,-1983316,-4394277;32,-11,14;34,12,-11;35,-7,-2;36,15,-6;38,13,-1;45,9,-17;50,-8,10;52,15,-19;70,13,-3;74,-2,-6;78,13,-1;82,3,-3;112,-10,6;143,8,-45;153,15,-13;163,2,-6;175,11,-6;178,-1,55;185,3,-61;188,23,46;195,-5,-61;200,-5,43;202,27,6;205,-59,28;208,65,-40;222,9,1;225,2,-14;255,-123,-182;289,169,144;292,-1,13;294,-7,-6;309,32,-25;321,4,3;333,21,-17;360,-36,37;369,41,-43;385,16,-10;398,3,11;400,-30,15;403,35,-31;410,-30,27;420,13,5;430,11,-23;431,16,-16;440,-10,20;460,25,-16;470,13,-1;480,-1,-11
rua|senhora|da boa viagem|ouro minas|31870340|10,-1984627,-4390731;12,-6,-2;15,-2,-7;17,16,7;20,7,11;21,3,-9;30,11,13;31,7,-3;33,7,4;38,-4,1;39,8,0;40,-7,-1;41,14,5;42,-2,-1;44,1,7;51,4,-4;53,7,7;61,8,1;66,-10,13;71,12,-4;75,6,5;80,-8,-4;81,13,17;82,-4,-14;86,11,7;88,8,1;91,-3,4;95,16,1;98,-68,-32;99,77,39;100,-6,0;121,15,3;129,11,1;135,1,5;141,3,4;151,11,3;161,13,3;170,-17,0;173,24,13;181,12,-5;187,3,9;190,-21,-5;194,4,-2;196,6,2;197,17,9;200,-14,0;201,19,2;202,-8,-3;208,6,2;210,9,4;211,1,6;220,-1,2;223,10,14;226,-3,-13;227,5,4;230,4,1;233,2,6;235,13,0;242,-6,-2;250,6,2;254,1,0;255,11,-8;260,6,19;270,8,17
rua|soldado|julio vasconcelos|vila pinho|30670140|9,-1999823,-4402780;17,2,9;18,2,3;20,2,4;25,-7,4;28,8,10;33,2,-8;36,0,21;41,-4,-9;44,4,15;47,-20,-42;49,23,27;52,8,11;57,11,-12;60,-11,25;65,-4,-7;68,-1,10;73,8,1;76,1,9;81,5,-10;84,-1,-3;92,-3,12;99,26,-11;100,-31,19;107,11,-8;108,2,10;115,-2,0;123,3,1;124,-1,18;131,8,-7;132,-1,6;137,4,0;139,7,-13;140,-5,20;147,10,-2;148,2,3;155,-20,2;156,11,14;163,-1,-11;164,5,8;171,0,7;172,0,4;180,11,6;190,4,6
rua|tenente|vitorino|santa tereza|31010280|10,-1991690,-4391699;16,115,29;22,-13,8;32,2,11;46,-6,6;54,-4,15;62,1,3;74,-7,5;84,9,18;94,-15,21;114,1,-1;122,-20,22;146,13,20;161,-3,11;175,2,5;178,-8,11;185,6,4;186,-11,6;196,-3,4;199,12,1;204,-11,10;205,1,7;214,-7,-2;226,3,13;229,7,3;236,-10,4;243,7,5;248,-11,1;255,8,16;269,-2,3
rua|visconde|do rio das velhas|vila paris|30380740|35,-1995093,-4394818;40,-7,-9;50,-15,-4;57,-39,-11;60,44,-5;74,-37,-13;81,-12,-15;86,21,27;98,-21,-26;103,-19,-12;110,13,28;122,-7,-15;127,-26,-11;134,9,12;146,-4,-15;158,-6,-14;163,-17,-1;168,23,-25;170,-32,60;187,-19,-49;196,20,1;206,-2,-1;211,-35,-20;218,17,18;233,-25,-41;245,0,-21
rua||ademar martins vieira|ouro preto|31310630|20,-1987596,-4398276;42,-12,3
rua||aderbal rodrigues vaz|lindeia|30690000|75,-1998278,-4403851;85,24,-18;111,9,-12;125,12,1;135,11,-7;149,0,-19;161,12,-4;163,12,-8;165,12,-6;185,10,-5;199,3,-16;213,13,-8;251,14,0;293,7,-20;295,3,-3;333,43,-45;335,6,28;339,-16,-9;341,19,-20;353,13,-11;365,13,-15;377,3,5;389,13,-22;403,0,-10;415,14,2;433,9,-7;437,10,-8;443,13,-3;467,11,-18;469,-12,-1;477,16,-12;479,9,-1;491,3,0;557,30,-28;569,14,-18;581,8,-7;583,4,-1;593,-1,-8;605,20,-21;613,1,3;617,8,-3;627,6,-2;639,4,-5;641,-7,-13;651,28,-16;661,-6,8;675,9,-4;683,15,-8;699,8,-9;721,-1,-6;723,13,5;733,61,-63;743,-21,12;779,7,-12;791,9,-7;803,6,-10;811,19,-7;813,-2,-3;815,9,-3;827,4,-7;839,20,-19;851,1,-4;865,16,-9;875,11,0;887,-1,-14;903,25,-17;913,-7,9;917,2,-4;937,25,-16;957,4,-9;1007,35,-40;1019,9,-20;1031,26,40;1071,4,-42;1079,-10,7;1085,32,-58;1095,-18,44;1101,9,-30;1137,71,-40;1186,1,-2;1193,4,-11;1204,3,3;1217,11,-18;1232,2,10;1243,7,-6;11204,-20,11
rua||agripa de vasconcelos|mangabeiras|30210030|32,-1996032,-4391888;50,18,18;70,1,8;75,16,26;81,110,175;95,-101,-157;121,11,18;140,-1,-5;150,8,13;151,3,18;170,3,0;173,15,14;190,-3,6;230,28,54;252,14,20;295,26,30;310,-4,0;322,14,22;325,-8,-12;357,30,47;400,-1,-6
rua||agua da vida|independencia|30666550|14,-2001582,-4402883;24,-14,-2;27,4,10;35,-7,3;40,1,-9;45,-9,10;46,-1,-5;56,-8,1;59,-6,7;71,-10,2;72,7,-2;77,-8,10;83,-2,7;88,0,-15;95,-7,4;96,-5,-1
rua||agua viva|capitao eduardo|31310000|10,-1982598,-4388948;22,9,31;29,85,3;54,-72,-6;59,40,0;65,26,0;77,-44,-4;88,28,21;100,0,-13;111,2,-15;121,1,6;133,-2,0
rua||aguas vermelhas|minaslandia|31810570|16,-1985326,-4392744;20,-2,-11;30,1,-7;31,-11,-6;40,4,-2;50,22,-16;51,-24,13;53,-3,-17;55,0,-10;60,14,7;61,-14,-15;63,1,-5;70,1,13;79,1,-19;80,56,2;87,-51,-15;88,16,2;97,-16,-17;100,-6,8;180,-4,-20
rua||alcindo vieira|barreiro|30640100|14,-1997316,-4401809;16,-32,7;17,11,-4;18,-9,13;20,2,-1;21,8,-12;31,-11,12;32,-41,14;55,23,-11;60,-8,-1;62,-17,6;67,1,-10;69,-17,4;106,5,22;112,-25,-2;116,-2,7;130,-6,-3;138,-13,-3;139,15,3;149,-14,-11;150,-1,4;160,-8,1;165,-11,11;170,-13,-15;173,5,18;187,-9,-3;190,-2,-6;196,-6,5;198,-8,-7;201,-5,7;202,4,10;206,-9,-5;210,-3,3;250,-27,5;268,-13,5;269,15,-2;271,-10,0;272,-10,3;274,-16,3;275,26,-6;285,-31,29;286,-1,-29;298,-7,17;305,0,-8;316,-8,3;317,8,-3;333,-10,4;405,-46,-29;408,-17,24;410,-21,12;413,12,10;416,-24,-8;422,20,-14;425,-16,18;434,-68,-24;473,39,7;484,-28,9;487,11,-17;503,-15,-7;542,-54,-16;545,21,22;562,-26,-22;565,-5,4;576,-13,-6;583,0,18;588,-7,-9;600,-16,-3;601,9,1;610,-19,-8;612,-12,11;624,3,-1;629,-64,3;635,47,12;636,0,-10;644,5,15;648,-11,-9;651,2,-1;660,-4,-5;672,-19,-3;728,-54,-25;762,-23,-18;765,102,-16;777,-57,46;787,-10,-2;807,-32,-22;809,-13,-9
rua||alga verde|jardim guanabara|31742084|174,-1982889,-4393816;194,26,-2;204,17,-14;214,16,8;216,43,-25;218,-6,1
rua||alga verde|jardim guanabara|31742254|10,-1983056,-4393748;18,6,0;22,35,-15;30,-39,14;72,50,-15;74,332,-157;77,-324,132;82,-9,23;92,9,-12;100,19,-3;101,303,-149;102,-298,148;115,306,-157;120,-248,185;122,-56,-39;132,12,5;137,310,-161;154,-277,153;155,307,-170;162,17,-30;165,-7,-15;175,11,-12;182,-337,212;202,357,-259;219,-228,220;220,236,-241;265,13,-50;428,-152,254;436,13,-9;465,-64,31;469,10,-3;485,37,-19;487,10,-18;491,10,1;497,5,-14;503,18,-13;509,4,-4;515,10,-7;521,0,-4;540,5,1;551,0,-4;570,15,1;581,-5,-10;601,3,-3;620,4,6;632,19,-22;641,5,-12;652,-2,-4;672,14,-24;716,33,-80;720,1,3;726,-5,-19;785,9,-37
rua||alga vermelha|jardim guanabara|31742260|20,-1982787,-4393995;120,-174,55
rua||aloisio aragao villar|trevo|31545160|25,-1983732,-4400599;30,7,7;44,24,3;50,-21,-8;58,30,4;63,-25,-5;101,36,-7;102,30,5;113,-15,-4;119,15,0;121,3,-1;131,4,4;140,36,7;141,-32,-11;153,12,2;160,43,8;170,-20,2;180,150,5;200,4,-1;201,-74,-8;207,110,-1;211,-133,-3;220,-13,8;230,10,4;250,8,-4;270,16,2;281,62,-9;290,-54,12;291,5,-14;300,3,12;301,19,-11;303,2,0;315,18,0;332,92,18;345,43,-2;350,-27,-2;355,73,-8;370,-130,9;375,29,-10;377,-40,1;380,102,12;395,-54,-12;405,-22,2;430,35,10;435,-7,-10;441,4,0;451,14,-2;471,33,4;520,23,7;581,-12,-6;612,159,-14;641,-48,-18;715,154,-10
rua||alto vitoria|granja werneck|31748560|63,-1980822,-4390388
rua||aluisio lobao veras|serrano|30882550|26,-1988130,-4400617;66,-13,-49;75,-34,-4;78,33,-4;90,-7,-10;94,0,-17;98,-1,-4;102,-7,-22;144,1,8;166,-9,-30;176,1,1;184,-7,-27;188,7,27;189,-16,-11;196,8,-40;201,-15,35;213,-3,-33;215,-4,-24;220,18,13;234,-3,42;237,-30,-52;238,34,10;247,-29,-33;253,-2,-24;264,16,17;270,1,13;271,-21,6;290,18,-29;303,-2,-9;316,10,41;328,-22,-63;336,5,-14;344,1,-5;350,-15,-5;362,3,3
rua||alves do vale|luxemburgo|30380320|11,-1994562,-4395405;55,-29,-11;71,28,46;144,-107,74;150,-16,-4;229,-23,71;240,14,-14;280,0,43
rua||amaranto verde|paulo vi|31995190|5,-1983492,-4389367;9,-433,-26;10,51,9;12,11,10;19,-82,-19;24,103,4;27,-4,-9;30,-80,0;32,2,2;36,101,6;39,-11,15;41,-126,-17;42,146,2;44,-95,-3;46,-24,-5;48,123,11;50,-130,-13;51,-26,7;52,18,-3;60,148,12;64,-171,-18;65,-17,8;66,21,-13;67,-29,12;69,12,0;70,-6,-9;71,169,20;72,34,-2;73,-216,-11;74,231,14;76,14,-1;78,8,-1;80,-7,-4;83,-55,1;84,-179,-14;85,187,18;90,-97,-37;91,-107,27;92,-2,-10;95,217,14;97,-231,-9;100,-4,-8;107,233,30;110,55,-7;113,-19,1;117,-1,0;119,-17,4;120,39,-4;122,-3,0;124,23,0;127,-200,-7;129,150,12;130,-273,-27;140,-1,-4;144,-8,-1;146,-3,-30;150,-10,30;157,341,29;159,18,1;163,4,15;165,7,-5;170,-45,-13;175,50,13;184,18,-5;185,-5,4;195,15,-3;200,18,-25;206,-14,-8;208,0,0;210,0,0;213,67,29;222,-67,-29;225,79,28;230,-79,-28;241,-87,30;249,184,21;261,15,-16;273,8,0;285,9,1;309,28,2;311,5,1;321,1,2;337,10,-1;345,7,1;357,14,3;369,9,-5;389,-6,-6;393,11,-7;2479,-453,-3
rua||amaranto verde|ribeiro de abreu|31995190|322,-1983462,-4389370
rua||amaranto verde|ribeiro de abreu|31998190|121,-1983486,-4389404;234,-95,22;246,21,7;264,11,-3
rua||americo vinicius|nazare|31990120|11,-1985278,-4389081;64,10,-2;65,2,0;74,5,-11;75,-2,-10;84,14,8;85,-9,-7;94,13,-14;95,-4,7;97,6,-13;98,4,6;99,0,2;100,12,2;106,2,-4;125,2,-3;135,-5,0;140,-1,4
rua||antonio santos viana|santa rita|30668592|8,-2001026,-4402921;9,-1,13;16,10,-8;17,0,9;24,3,1;25,1,2
rua||antonio vergara|ouro preto|31340220|20,-1987057,-4399156;40,37,21;62,24,6;110,52,35;156,52,10;170,-34,-18;176,48,20;186,24,12;192,-62,-28;242,54,24;254,-2,1;278,28,11;302,24,11;326,19,2
rua||antonio vergara|paqueta|31340220|139,-1986786,-4399044;183,-140,-60;185,1,2;187,13,-5;193,4,9;203,11,5;215,10,3;229,7,6;241,12,4;255,17,4;273,2,2;299,14,7
rua||antonio vergara|paqueta|31340260|11,-1987028,-4399162;25,5,8;31,11,2;33,6,11;75,46,23;79,8,1;93,-33,-19;105,2,8;117,9,1
rua||araujo viana|salgado filho|30550100|21,-1993893,-4398341;31,-13,-15;41,3,-26;91,-14,-48;99,2,28;101,-5,-31
rua||arildo valadao|trevo|31370540|13,-1984103,-4401105;15,8,9;25,13,16;35,3,6
rua||aristides vitor|maria goretti|31930440|12,-1986034,-4390706;13,10,-3;15,4,-3;23,9,12;26,-3,-9;33,13,9;35,0,5;36,7,-6;46,-2,6;75,25,3;79,11,6;134,54,23;137,6,8;140,-2,-7;143,10,5;154,-6,-3;180,-44,-18;209,24,6
rua||aristoteles ribeiro vasconcelos|dona clara|31255650|290,-1986332,-4394290;314,12,-4;360,46,0;374,17,-4;388,0,0;428,41,-16;432,5,-5;438,23,3
rua||aristoteles ribeiro vasconcelos|santa rosa|31255650|8,-1986584,-4394220;40,34,-10;66,19,-8;78,20,-2;90,3,-4;100,17,-6;112,15,4;124,12,0;136,2,-8;148,12,1;158,4,3;168,10,-9;176,12,3;185,1,-4;195,-14,-8;200,37,-4;202,-8,12;220,22,-7;222,38,-1;232,-37,-8;244,23,3;261,-14,2;273,27,-20;278,25,14;285,1,-19;297,8,2;375,51,-6;397,24,-5;445,47,-20;457,0,-3;469,14,-2
rua||augusto vieira|lindeia|30690760|12,-1997444,-4406208;20,15,13;21,-5,15;38,16,41;50,-15,-35;54,-3,5;62,0,1;71,14,9;72,-9,-3;73,-4,-24;82,-5,47;92,16,11;95,7,-13;100,18,23;105,-6,5
rua||aurea eliza valadao|braunas|31370480|30,-1984113,-4401148;40,13,-3
rua||bela vista|capitao eduardo|31872300|7,-1982395,-4388586;80,-76,-542;90,-174,-395;91,260,758;105,-15,319;230,-245,-935;241,5,17;250,-6,-1;391,25,121;471,46,55;571,40,57;641,55,119;680,32,60;701,0,-15;900,67,221;981,1,17;1161,4,123;1171,-3,-2;1190,1,53;1218,-18,89;1387,22,29;1391,-39,40;1414,-33,78;1900,46,-373;2400,-20,360
rua||bela vista|conjunto taquaril|30295590|11,-1991678,-4387580;12,5,0;21,6,6;31,8,2;33,-10,12;36,17,-3;38,1,-1;41,5,2;42,11,4;51,-7,-8;52,12,13;53,4,3;61,-7,-4;65,24,12
rua||bela vista|granja werneck|31748560|95,-1980228,-4391017
rua||bela vista|nossa senhora da conceicao|30250010|601,-1993674,-4391226;621,-2,10;623,7,16;626,9,-3
rua||bela vista|nossa senhora do rosario|30250010|10,-1993585,-4391109;12,-10,-7;14,12,-18;16,0,-11;18,2,-122;20,7,98;21,5,-108;22,-14,-53;23,14,93;25,4,-13;26,-7,65;27,-4,-4;29,1,-33;33,10,-35;200,-40,-56
rua||bela vista|novo lajedo|31810000|111,-1983250,-4390799;123,18,-35
rua||bela vista|novo lajedo|31846515|5,-1982883,-4390490;6,-1,-3;7,-1,-21;8,-3,16;10,7,19;11,-6,14;13,4,5;14,1,12;16,10,13;17,-20,-47;19,22,48;20,9,-7;21,4,-8;22,-17,-83;23,15,86;24,-24,-58;25,7,-8;26,8,-20;28,1,-11;44,-2,4;65,-5,-2;123,-6,28
rua||bela vista|novo tupi|31846470|114,-1983226,-4390826;117,20,-22;122,-7,14
rua||bela vista|novo tupi|31846500|30,-1983193,-4390902;85,-39,-15;112,13,99;119,-14,-82;121,18,36;123,0,20
rua||bela vista|padre eustaquio|30730000|3,-1992018,-4398214;7,-3,-15;8,-1,6;10,26,-27;13,-11,10;50,32,-16;53,-3,-6;60,13,6;61,52,-2;88,-18,7;105,47,-9;112,-19,5;117,22,-8;123,15,4;134,30,0;141,-22,1;152,11,1;153,13,0;155,6,1;166,-7,5;176,23,-8;179,-6,1;186,10,4;196,10,1;207,8,2;230,8,-2
rua||bela vista|santana do cafezal|30250010|30,-1993628,-4391103;40,-6,-11;54,-3,-4;56,-11,-31;58,-10,-39;62,7,13;66,3,41
rua||bela vista|sao bernardo|31741305|17,-1984588,-4394200;34,13,12;36,-7,-8;46,8,17;51,10,-11;54,-2,11;61,-8,-23;66,-20,8
rua||bela vista|taquaril|30295000|5,-1991355,-4388112;7,-6,0;10,4,4;15,-4,2;20,-3,5;25,-1,8;30,0,-4;35,-6,13
rua||belo vale|jardim montanhes|30730680|10,-1990855,-4398328;75,6,-41;77,-2,-16;85,-2,-8;95,3,-7;105,2,-12;115,-1,-10;116,2,-7;123,2,-4;125,0,-1;128,3,7;135,-3,-18
rua||bem te vi|sao jorge|30451058|10,-1994203,-4395880;30,-18,7;38,1,-11;60,-11,21;70,-7,9
rua||bem viver|bonsucesso|30622670|15,-1999572,-4398614;18,-7,6;20,-107,27;22,12,-10;24,-16,8;28,102,-24;29,2,-4;30,32,-9;35,-40,6;48,-1,10;58,-17,-2;61,-16,12;63,-30,-1;65,-2,1;67,2,-4;69,-11,6;70,-11,7;71,5,1;80,35,-13;82,-26,3;90,45,-9;98,-6,5;105,-7,16;126,-64,3;186,-5,9;196,10,-13;502,157,-21
rua||benedito nogueira vilela|heliopolis|31741540|20,-1984193,-4393735;36,-4,10;37,2,-11;38,3,12;39,-194,-92;46,195,115;48,-3,0;50,1,-12;52,-2,-7;53,7,15
rua||bernardino ventura|sao bernardo|31741408|26,-1984926,-4393341
rua||bernardino vicente|vila mangueiras|30666440|1,-2001817,-4403247;5,18,15;10,-10,-11;15,47,12;20,-38,-6;25,46,9;30,-37,-5;35,49,-2;40,-49,-3;45,49,-3;50,-41,10;55,48,-6;60,-43,6;65,51,-10;68,-47,20;70,1,-11;75,54,-15;80,-48,21;85,56,-22;95,22,-2;98,-68,16;100,11,-6;110,7,-1;120,16,-6;130,2,2;140,5,-3;170,30,-4;180,0,-2
rua||boa vista|bonsucesso|30622715|3,-1999634,-4398114;4,-53,56;5,23,-48;7,58,-5;8,-16,1;10,-22,0;11,-5,8;13,-33,15;15,94,-75;16,-105,55;17,9,19;21,104,-95;22,-105,102;23,81,-68;25,-22,21;29,32,-38;91,-105,88;190,4,-4
rua||boa vista|cabana do pai tomas|30512660|10,-1994784,-4400020;11,-374,266;20,151,-108;21,-148,107;30,734,-539;31,-740,531;34,744,-534;38,-16,13;40,-484,350;41,-252,164;45,734,-517;48,-767,525;50,32,1;55,724,-531;58,-727,527;60,-1,-10;61,4,-7;65,718,-492;70,-2,-5;71,-717,498;73,-11,10;76,726,-507;80,-492,348;82,-256,165;84,12,9;85,723,-513;87,-7,1;88,-722,495;90,734,-504;91,-731,504;95,711,-494;100,-165,130;101,-549,368;102,356,-248;105,356,-240;110,-728,489;111,10,-4;115,0,10;118,728,-501;120,-250,164;121,-484,327;125,714,-476;128,12,-12;130,-738,488;131,10,0;132,723,-484;137,-7,5;138,-726,470;140,717,-464;143,-475,314;149,478,-309;150,-365,222;160,360,-225;163,-722,458;170,715,-449;175,-8,5;180,5,-1;185,-19,11;188,9,-3;190,-5,-3;195,-9,12;196,4,-8;197,-8,13;200,3,-1;205,-8,2;208,7,-3;210,-281,164;215,268,-148;217,-5,8;219,2,-7;220,10,-12;221,-5,20;227,-4,2;230,5,-19;233,-2,17;235,-17,4;236,15,-24;240,-2,-5;245,-24,32;250,16,-14;252,5,-6;260,-9,16;265,-37,26;270,30,-26;275,-34,30;276,18,-41;280,6,27;285,-27,18;286,27,-20;287,-47,29;290,33,-41;293,-33,41;295,2,2;300,37,-30;310,-7,1;320,0,6;326,-7,5;330,17,9;340,94,-102;350,-120,98;405,-49,16;415,-2,11;425,-12,7;435,-3,-7;445,-7,15;455,0,-1;461,-2,-1;463,-4,-4;475,13,-9;485,-17,13
rua||boa vista|novo lajedo|31846530|4,-1983294,-4390586;6,5,-4;8,-21,-120;10,31,110;11,9,-13;12,2,6;14,1,-13;18,3,-19;20,1,-17;22,9,-25;23,-2,11;25,7,7;26,5,0;27,-41,-22;30,-1,-5;32,10,-35;34,22,-60;35,-17,60;36,-21,31;37,-4,-31;38,-1,16;43,-31,-11;44,-15,-4;45,22,18;49,212,-123;50,-201,82
rua||boa vista|sao joao batista|31515090|75,-1981999,-4395753;189,107,226;196,2,-16;211,-5,4;218,9,27;228,-19,-38;243,-5,-13;245,-11,1;267,-22,-25;270,53,67;279,-55,-67;281,-9,-5;295,-6,-16;300,19,18;307,-31,-14;318,0,-6;319,-8,1;331,-9,-6;343,-5,-20;344,17,20;355,-23,-11;367,13,-13;368,1,-3;380,-4,-6;381,-2,-6;392,0,-8;395,-4,-4;404,15,-6;409,-3,-10;416,0,-2;420,0,-62;428,1,46;440,3,-8;441,-6,3;452,4,-13;459,-2,13;475,0,-36;477,-8,-16;523,15,-27;530,1,-7;537,0,-5;547,-35,-9;555,10,55;557,-19,-65;561,-34,0;625,-20,-7;657,41,11;675,-51,-9
rua||boa vista|venda nova|31515090|11,-1981902,-4395375;21,1,-21;23,1,-10;32,-7,34;40,-1,-20;65,16,-69;68,-9,45;73,1,-21;80,5,1;90,3,-11;104,0,-13;105,-8,4;117,4,-5;128,3,-21;129,-10,0
rua||boa vontade|santo antonio barroquinha|30881500|19,-1988990,-4401152;20,-4,-12;29,8,16;30,0,3;31,1,-4;40,4,5;43,6,-5;50,11,11;52,-14,-4;53,6,8;58,1,-4;62,3,8;2868,-26,-32
rua||brasilino vieira|jardim vitoria|31970410|93,-1985263,-4388194;95,13,12;105,16,3;109,-12,25;118,-1,-31;119,8,33;128,2,-22;129,13,32;143,10,19;148,-10,-17;155,16,15;158,-10,-7;167,22,32;170,-1,-9;179,8,13;182,-13,20;191,24,2;192,-3,-3;194,-11,9;204,21,13;206,3,-14;225,10,-9;233,-9,18;234,4,9;254,0,2
rua||cabo verde|cruzeiro|30310260|20,-1994437,-4392391;25,11,10;45,-12,-2;50,-45,-3;67,28,-13;76,-17,22;88,-42,-6;91,21,-4;107,-11,8;108,-18,-4;119,6,3;123,-10,-3;127,-18,14;137,28,32;139,-32,-38;143,-1,1;145,5,14;147,-28,-32;151,8,20;155,-3,3;159,1,9;164,1,-11;165,-1,-4;174,-17,8;175,-7,5;190,-7,12;211,6,-22;223,-25,10;224,-10,-16;235,7,16;240,25,36;283,-80,-21;287,-8,-7;289,10,5;297,-17,-11;308,15,8;313,-25,25;322,-10,-12;378,-66,26;391,26,23;394,-39,2;402,0,-5;444,-22,12;449,-5,-3;470,-1,23;473,-12,-11
rua||caetano de vasconcelos|tirol|30662150|10,-1998549,-4404058;22,-6,5;37,14,-14;42,-39,19;43,28,-15;51,-2,11;61,-17,18;73,3,-3;85,-10,9;97,1,2;108,-11,6;109,4,9;120,-11,2;121,-2,6;133,-9,8;145,0,2;195,-35,35;215,-18,20;216,7,-20;228,12,-6;246,-26,31;259,-46,52;271,2,-4;276,20,-27;286,-10,4;298,-6,10;299,-16,26;305,-6,8;310,17,-26;320,-16,20;351,-7,14;359,-5,7;360,-4,-6;366,-5,-1;370,-7,10;371,10,9;381,-10,5;383,-10,12;386,-2,-8;389,-1,10;395,9,29;398,-29,-16;413,-4,5;425,11,19;435,-28,15;465,192,-224;480,-231,240;500,-9,32;505,3,-9;517,-6,8;519,-11,10;521,-8,11;530,-6,-4;531,8,1;540,-30,30;542,9,-17
rua||caetano vasconcellos|jardim vitoria|31970510|5,-1985638,-4389004;6,-133,-21;10,16,2;11,98,28;13,-92,-38;15,2,0;20,-5,22;28,71,2;33,-9,-3;35,-54,-18;135,58,12;145,-6,3;155,-2,-3
rua||campina verde|salgado filho|30550340|122,-1994299,-4398704;139,7,6;144,-13,5;153,-7,14;154,-2,-3;161,0,10;170,-3,2;177,7,6;187,-12,15;188,-4,-14;194,-5,3;199,6,19;211,1,26;212,-19,-27;231,0,22;234,-5,-5;240,-3,3;242,-4,6;245,9,5;255,-3,15;267,-13,2;268,-10,-14;270,-15,1;272,-4,-3;279,31,27;282,-6,-4;290,-6,9;293,-5,2;298,-2,-1;308,-4,9;312,-1,-4;322,1,1;332,-6,15;361,11,-7;363,-28,48;366,6,-19;369,15,-20;371,-31,47;378,-6,-8;380,-20,8;392,5,19;406,11,3;407,-9,10;416,-9,-1;427,1,16;430,-5,3;440,-9,2;441,5,6;450,-9,11;453,3,6;456,-13,-2;467,5,10;469,5,13;475,-13,-6;476,-1,2;555,-23,39;593,-58,105;735,-34,58;751,-22,29;782,-9,-9;783,5,15;792,-10,2;793,0,5;800,-12,10;805,0,1;814,-2,12;823,-10,2;832,5,1;835,-5,20;836,0,-15;840,3,5;845,-13,23;848,2,-9;860,-15,15;880,-8,23;892,-14,19;893,20,-3;900,-22,10;905,18,-3;916,-21,8;917,9,-16;926,-10,20;940,-14,21;941,5,7;952,-4,-11;953,-2,21;961,-12,9;964,-16,2;965,18,-1;967,-4,6;974,-1,-10
rua||campo verde|juliana|31744513|130,-1981931,-4394439;140,-17,-7;155,6,-55;493,207,11;505,5,-19;517,24,-15;529,12,-19;601,28,-23;613,15,-18
rua||cana verde|jaragua|31270490|120,-1985957,-4395153;140,5,-11;181,28,7;186,50,8;210,-6,2;217,-20,1;221,3,-4;241,11,0;260,60,29;261,-54,-26;271,11,14;285,33,11;295,20,10;312,-102,-47;385,136,60;387,5,4;400,4,6;410,5,-5;457,63,28;460,-5,3;469,11,1;480,-6,-1;4288,-232,-100;4340,74,26;4435,101,51;4445,6,-4
rua||cana verde|liberdade|31270490|30,-1986040,-4395211;35,60,23;47,-61,-33;52,15,13;57,-7,-9;62,35,26;65,-22,-21;67,-7,-1;85,14,7;95,4,10;4242,33,4;4244,-15,-15;4246,-11,5
rua||cana verde|sao joao batista|31515287|76,-1982151,-4396140;80,8,5;82,-3,3;84,9,9;92,0,5;93,-9,-22;94,14,20;96,4,10;98,-4,-2;99,2,-11;100,6,16
rua||capim verde|sao judas tadeu|30622570|2,-1998713,-4398421;4,-6,4;6,-4,-10;8,-18,2;10,1,-1;12,-10,-5;14,-8,12;16,-17,-16;18,-5,-6;20,-6,-3;22,-13,-8;24,-12,-11;26,-2,4;28,-7,-1;30,-6,-7;32,-12,-1;34,-10,-11;36,-8,2;38,-6,-9;42,-19,-4
rua||carlos monte verde|boa vista|31060350|25,-1989570,-4390786;35,-12,-1;36,2,9;43,7,22;46,-8,-12;48,2,14;58,5,6;72,-3,8;88,8,12;96,1,6;101,8,13;102,-4,13;190,18,49;194,1,12;206,-21,-36;223,22,68;237,7,16;249,4,15;252,1,7;261,1,6;272,3,17;273,5,-12;284,-6,20;285,-3,-8;297,5,3;309,-2,17;321,-10,17;335,14,8;339,8,2
rua||castelo de veiros|castelo|31330450|20,-1987353,-4399746;100,61,-35;110,22,-14;112,5,-4;114,5,2;170,-5,-10;220,-78,79;222,-6,-10;325,161,-123
rua||castelo de veiros|paqueta|31330450|2930,-1987125,-4399881
rua||castelo de vide|castelo|31330360|12,-1987632,-4400081;14,-9,11;31,-29,27;38,23,-22;45,-17,16;73,12,-20;75,15,0
rua||correa vasques|cachoeirinha|31150400|91,-1987738,-4394978;133,-9,-15;136,1,2;143,-6,-9;144,0,0;155,-13,-12;156,-1,4;165,-5,-11;168,12,-1;179,-15,-6;187,-5,-15;189,-1,-2;195,-1,-4;205,-5,-6
rua||correia vasques|cachoeirinha|31150400|230,-1987719,-4394941;237,-18,-19;239,14,15;240,7,17;241,3,-2;249,2,7;265,7,9;271,4,2;281,18,29;285,13,11;289,7,12;294,-36,-32;295,39,47;296,-19,-37;297,33,34;299,-13,-1;300,-18,-19;312,8,12;324,7,13;335,13,8;336,-10,2
rua||cosme velho|lagoinha leblon|31575150|3,-1980504,-4399691;4,-5,9;5,7,9;6,-8,0;8,-14,8;15,18,1;20,-28,3;21,2,1;28,-11,-2;31,8,4;36,-13,19;43,-6,-10;48,-11,7;51,-26,45;57,-1,4;60,22,-36;61,-40,46;72,35,-27;77,-36,34;81,2,1;84,20,-27;86,-12,-8;90,-4,25;94,-3,2;96,-13,11;97,-12,15;113,-8,2;121,-14,25;131,-4,-10;155,77,-67;200,-53,53
rua||cristo vivo|bonsucesso|30622740|18,-1999454,-4398070;19,-10,-8;22,11,-27;24,-1,10;26,0,-3;32,-3,33;35,0,-4;36,-9,17;38,0,-4;39,0,12;44,-6,10;46,4,9;50,-5,9;55,2,-19;58,-5,19;65,3,-2;80,-5,13;82,-4,11;98,20,-91;100,-17,89
rua||da visitacao|jardim sao jose|30820130|11,-1990804,-4399264;15,13,-4;20,-4,3;22,18,-8;47,-12,-5;57,14,5;62,8,8;63,10,2;73,6,-7;74,-4,8;86,8,-6;87,4,-3;98,3,3;108,13,-6;110,6,4;119,-9,-7;122,13,9;127,-4,1;133,3,-1;134,15,0;135,-11,-3;146,16,-3;149,-10,-6;151,11,4;162,14,-4;163,-7,-5;164,7,4;170,5,-5;173,-6,-4;182,16,-5;183,-6,-4;195,18,-13;200,-10,10;206,11,-11;207,0,-12;218,5,11;219,37,0
rua||da vitoria|nossa senhora da aparecida|30628202|67,-1993137,-4391638;77,-1,9;87,1,-3;97,-9,4;107,-9,2;110,4,-2;117,-7,-3;118,-8,-2;119,-1,13;126,-6,2;127,16,-4;137,-7,0;138,-14,9;145,6,-5;147,-6,-12;157,1,10;167,-2,6;168,0,6;177,-15,-1;178,15,-6;188,-11,3;194,-3,2;197,-10,-3;207,-4,11;208,15,-2;210,-22,0;214,13,-11;217,-5,9;218,12,-3;227,-22,8;228,5,2;240,-4,-8;242,-5,14
rua||darcy vargas|nova suissa|30421093|25,-1993608,-4398003;35,-4,1;51,-29,2;65,-12,5;75,-2,1;91,-33,11;105,-8,-2;121,-15,7;137,-19,14
rua||darcy vargas|salgado filho|30421093|40,-1993642,-4397990;54,-8,-3;70,-9,-2;84,-12,4;100,-6,3;116,-25,4;136,-11,5;160,-29,9;202,-37,7;226,-25,7
rua||das verbenas|lindeia|30690320|27,-1997951,-4404954;40,-3,-19;41,-10,8;57,-2,-7;63,3,-6;64,-3,-15;67,-1,6;70,-4,-23;75,-4,10;80,3,-14;100,-2,-36;110,16,-13;140,-10,-11;147,-18,30;157,-5,-8;169,17,-9;170,4,-23;187,-1,2;199,-4,-13;200,10,-4;205,-8,-3;206,9,0;208,-4,-6;210,2,-5;217,-17,-5;237,5,-17;245,7,1;253,10,-10;258,219,-310;265,-221,289;277,3,-4;280,-3,50;283,2,-61;289,8,12;294,-9,42;306,0,-20;318,8,-8;323,-2,-57;330,-3,45;335,7,-52;342,-6,38;347,16,-45;354,2,48;359,4,-63;366,-5,36;371,7,-45;378,-5,38;382,-4,-15;383,9,-37;390,-7,34;395,4,-39;402,-1,27;405,11,-46;414,2,33;419,5,-34;421,5,-10;426,-11,38;438,5,-5;450,7,-6;455,26,-64;462,-22,41;467,21,-47;478,13,-1;479,-1,-12;491,12,-5;492,-2,10;503,-5,-36;506,12,28;511,14,-20;520,-18,20;521,24,-29;522,-14,24;533,16,-26;555,15,-9;556,-21,20;567,24,-29;571,10,-4;572,-23,21;581,27,-46;584,-21,41;595,25,-29;596,-18,26;601,28,-40;607,8,-1;622,-27,33;623,36,-45;634,-28,37;641,33,-41;646,-34,32;658,16,-5;665,47,-61;666,-41,57;675,48,-66;678,-47,61;710,30,-18;736,4,-13;740,3,-8;752,10,-7;753,17,-22;764,1,21;776,-3,-13;777,7,-19;782,-6,9;789,9,-8;801,11,-8;812,-5,-3;815,12,0;818,-12,9;823,16,-20;832,-3,6;837,15,-19;841,3,-7;844,-96,74;856,95,-77;862,-94,77;863,112,-84;869,3,-10;870,-8,16;909,23,-29;920,-4,3;927,16,-14;941,9,-10;942,2,0;953,5,-6;954,12,12;960,6,-17;965,5,-17;978,-4,10;979,3,-8;990,7,0;1001,-6,-3;1010,9,-7
rua||das videiras|vila cloris|31744086|30,-1982224,-4395202;48,-8,25;60,-3,3;72,0,2;75,8,-18;84,-13,30;96,0,17;108,-13,15;120,-4,12;132,8,-28;144,1,42;156,-32,22;167,20,-13;170,-3,17;188,-7,20;200,-7,7;207,13,-5;210,-16,16;220,-27,4;230,14,12;240,8,10;250,-2,13;260,1,19;270,2,-3;280,-5,10;290,7,10;300,-9,18
rua||das violas|california|30850520|801,-1992133,-4400940;975,-70,-51;982,23,3;985,-25,-4
rua||das violas|conjunto california i|30850520|595,-1991964,-4400723;601,-17,-24;606,12,-1
rua||das violas|vila california|30850520|13,-1991991,-4400853;15,1,27;605,-107,56;616,27,7;618,89,5;620,-4,-21;622,3,2;624,-24,-39;626,23,46;630,-3,-45;632,-26,-3;635,28,-22;638,-13,47;736,-81,-73;740,-8,0;760,-50,51;770,70,-44;780,-40,-19;782,-21,-18;784,5,-5;786,-8,-4;792,17,8;795,1,12;797,12,5;852,-81,-89;862,19,137
rua||david alves do vale|santa rosa|31255630|25,-1986144,-4394440;37,-19,-2;40,-23,30;45,4,-9;57,-25,-1;60,-19,-4;68,44,-11;72,-4,25;121,-64,-10;128,23,-29;133,-44,36;142,0,-13;184,-41,7;195,-8,11;196,0,-14;197,-20,22;204,-62,-24;208,72,2;210,-5,2;211,-8,2;224,0,-1;226,1,0;266,-46,-7;275,-12,7;280,7,3;294,-16,-2;348,-38,-10;350,1,1;352,0,0;354,-4,0;360,-16,5;366,9,-6;410,-57,25;420,9,2
rua||diva tavares arco verde|bairro das industrias i|30610430|8,-1996731,-4399882;22,-1,-7;25,-1,-22;33,5,-5;36,-3,22;43,-1,-27;50,1,14;53,0,-35;60,4,16;65,-5,-23;70,6,3;75,-2,-17;84,1,15;87,-4,-22;100,2,5;105,-5,-26;115,7,-8;120,0,16;124,6,-2;125,-8,-29;130,-12,25;135,6,-41;144,12,24;154,-6,-14;170,17,-16;172,-21,-5;180,4,4
rua||domiciano vieira|barreiro|30642040|12,-1997731,-4401462;26,-11,-7;42,-23,-3;54,-12,-6;66,-12,-3
rua||domicio gabriel de vasconcelos|vale do jatoba|30664480|14,-2001128,-4403570;20,10,-9;32,7,-10;42,17,-22;61,-4,6;67,5,-5;81,5,-15;87,7,-3;97,19,-6;115,0,3;155,-1,-2
rua||domingos vieira|santa efigenia|30150240|10,-1992343,-4392076;32,2,-17;50,18,7;55,-21,-31;63,-1,-25;65,23,5;66,-7,23;68,-17,-7;76,23,-6;80,6,-3;84,-43,-4;120,-3,-31;123,41,-37;135,2,-12;144,4,23;149,5,-38;165,-9,-29;170,10,47;175,2,-39;180,-5,46;183,23,-52;194,-12,23;197,-10,-32;215,8,1;216,2,14;226,5,-17;240,4,-3;255,4,-47;257,1,-13;259,-13,12;261,25,-25;273,-6,11;275,9,-15;277,-1,-3;279,1,-16;281,2,7;283,-3,-6;285,-4,-5;288,-46,40;300,11,-12;319,38,-65;320,-20,57;330,28,-15;334,1,-8;338,6,12;342,-6,-13;343,-6,-43;348,10,41;350,-22,5;352,21,-2;353,-6,-25;356,-11,5;362,16,-3;365,-17,-34;376,30,20;380,-53,95;386,42,-116;416,30,-83;435,-23,42;447,4,-6;448,20,-52;455,-16,27;463,-2,-6;472,1,40;481,11,-48;485,0,-13;487,-1,0;488,-1,33;495,2,-35;497,1,-4;499,-2,-12;561,20,-55;577,-2,-16;585,10,-14;586,2,48;587,-11,-44;589,4,4;590,8,3;591,-8,-4;593,7,-11;595,-3,-5;600,9,-10;617,-3,-5;625,0,-8;629,-3,-13
rua||domingos viotti|santa amelia|31550260|9,-1984275,-4398689;15,328,259;27,-13,-6;37,-5,-5;44,-50,-27;47,35,22;50,-12,-14;58,9,4;60,-5,-1;62,-3,-3;66,-3,0;67,5,13;69,-3,1;76,-14,-23;79,3,20;81,-3,-4;88,-15,-16;104,-10,-4;106,-4,-1;108,-5,4;110,-1,-2;111,13,27;113,-12,-24;128,-8,-10;130,-4,-5;132,-3,1;135,6,13;145,-30,-25;155,-16,3;157,-3,-8;161,-5,-2;163,-11,-9;164,7,-241;165,-3,239;167,-10,-3;180,6,-6;182,1,-9;200,-57,-44;238,-78,-79;241,70,74;275,21,14;300,253,-389;314,-310,330;330,0,-9;360,-14,-16;390,-39,-31;405,3,0;433,-8,1;435,-7,-4;437,-7,-9;440,28,20
rua||dos bem te vis|planalto|31720312|1,-1982677,-4395181;5,1,3;9,-9,7;10,-3,24;24,6,-29
rua||dos bem te vis|vila cloris|31744151|30,-1982731,-4395110;46,0,-8;51,61,26;55,0,29;65,3,-23;69,3,35;79,53,266;81,-49,-265;94,25,16;98,-5,10;108,36,246;112,-29,-234;116,7,10;120,19,223;130,-31,-218;132,31,200;134,-33,-188;142,-11,-1;144,42,185;146,-35,-181;152,1,12;156,14,130;158,17,27;162,-21,-139;163,-7,-18;167,3,17;173,0,6;177,-4,17;180,5,41;183,6,-34;186,2,53;187,3,-38;191,6,5;192,-7,49;195,2,-32;197,0,11;201,0,6;210,23,59;230,-22,-63;231,17,63;260,-3,41;261,6,-1;280,-3,14;290,3,14;292,0,2;296,6,11;298,3,0;308,-25,-111;310,22,117;315,-17,-92;320,28,125;327,-36,-157;334,16,38;357,-26,-78;358,9,-15;384,-35,-126;403,55,283;415,9,14;417,1,2;425,1,13;439,6,7;443,7,28;447,-12,-15;455,10,-1;580,-77,-322
rua||dos vencedores|granja werneck|31748730|5,-1980634,-4392624;9,7,12;11,-5,8;12,-1,16;13,6,-12;20,23,51;21,0,-6;22,-17,-14;32,43,45;36,38,20;40,-17,-6;46,-82,-101;50,4,7;63,15,30;123,54,54;133,6,-12;160,5,19
rua||dos veterinarios|alipio de melo|30840280|78,-1989029,-4400611;90,5,8;102,10,7;114,10,15;126,3,13;138,1,2;150,11,20;162,5,7;174,8,7;185,15,6;186,-6,3;195,14,2;198,-6,3;202,11,6;207,-2,-3;217,13,8;242,10,12;254,9,11;266,11,2;354,50,54;366,27,36;378,-1,-4;390,1,4;398,-111,87;410,10,-1;411,128,-73;422,-128,75
rua||dos vicentinos|planalto|31730760|6,-1984487,-4394359;9,8,-8;26,73,52;31,-71,-40;70,26,19;71,17,7;72,-11,-8;77,10,3;80,-6,4;81,12,13;85,40,31;90,-49,-49;91,21,15;94,46,20;95,-9,0;96,-2,4;97,8,-5;99,-2,4;100,-39,-16;103,44,17;115,9,3;124,-9,-8;130,-15,1;135,44,21;140,15,8;145,0,-1;150,-4,-1;155,16,5;160,-8,7;165,13,0;170,-16,6;175,41,4;185,7,8;195,13,5;211,9,17;213,5,-1;217,18,7;221,16,11;222,-75,-42;230,29,17;232,-10,-7;233,13,21;235,42,11;260,-9,-29;270,-5,39;284,21,7;715,-82,-58
rua||dos vieiras|capitao eduardo|31872300|5,-1982650,-4389203;10,6,-12;300,-42,-102
rua||dos violinos|conjunto california i|30850700|30,-1992499,-4400883;35,201,112;45,-124,-77;50,-60,-16;70,4,22;75,231,117;76,-211,-139;105,8,-7;116,13,50;124,14,-1;135,-3,-18;142,16,27;155,262,86;178,-231,-86;195,36,-4;196,-20,10;204,23,2;215,16,-19;237,120,66;277,-82,-27;293,13,-19;309,14,20;325,15,3;329,37,12;330,-57,-7;332,4,-4;338,13,-6;340,-6,22;342,13,-13;375,49,4;525,63,115;547,15,29
rua||dos violoes|conjunto california i|30850540|46,-1992433,-4400967;56,6,-1;66,3,4;76,19,10;86,8,9;96,4,7;106,3,3;116,13,-2;126,5,4;136,12,5;146,-2,-3;156,20,13;158,14,6;310,116,46;322,15,-4;334,6,-1;346,10,9;358,1,1;370,16,2;382,9,-16;394,21,35;406,10,-6;418,6,-1;430,20,53;442,11,-37;474,11,23;486,8,4;498,11,10;510,4,10;511,-4,-9;522,8,22;525,225,-34;534,-224,46;541,1,-3;546,-3,14;555,7,-6;558,-9,20;570,8,3;573,7,0;582,-1,16;587,-6,5;594,7,6;601,-9,8;606,14,3;615,-9,12
rua||dos violoncelos|dom bosco|30850500|110,-1992076,-4400574;120,0,-5;178,53,-23;184,5,-1;239,-40,11;240,11,-13;241,2,10
rua||dos violoncelos|vila california|30850500|302,-1991978,-4400630;306,-24,9;322,10,-1;365,3,-3;370,-9,5;375,13,-12;380,24,-2;390,-34,14;400,7,0;406,32,-29;410,31,-19;420,34,-7;430,6,2;432,-3,4;440,-3,0;450,-8,-10
rua||efigenia bartolomeu veloso|ribeiro de abreu|31872490|79,-1981990,-4390390;81,0,18;101,-4,-10;115,19,-16;125,-1,3;127,24,4;132,-16,1;133,11,-7;134,-3,4;135,-7,0;136,20,7;137,1,3;138,4,-1;139,6,0;142,0,1;143,7,-11;147,8,16;148,0,-6;149,8,1;158,-17,-3;159,23,13;160,-6,-5;162,17,1;168,14,16;171,-9,-8;175,2,6;183,3,-6;195,15,7;196,-2,-8;197,61,18;198,-4,5;202,2,-3;207,-70,-15;214,93,16;219,-64,-12;220,-3,3;230,64,22;231,-68,-30;241,116,34;242,-28,-16;248,0,10;250,12,5;251,15,2;253,2,0;275,11,5;277,13,3;279,11,6;305,6,-4;312,-7,8;314,13,3;315,17,8;316,1,5;318,2,-6;326,8,4;327,-2,-5;333,-1,1;339,5,-2;345,15,4;352,-4,-5;355,13,-3;365,12,8;370,-21,-10;375,30,11
rua||emilia alves do vale|betania|30580230|8,-1996287,-4399038;10,-5,2;11,-278,257;20,257,-245;21,-250,241;26,240,-232;33,-231,214;41,18,-11;47,-6,9;48,209,-207;50,-12,18;53,-180,166;60,177,-169;61,-152,151;65,-5,0;78,143,-137;85,-18,34;88,11,-26;118,-37,39;200,-36,33;220,-19,16
rua||engenho vermelho|engenho nogueira|31320450|8,-1988937,-4398298;26,17,17;40,22,3;43,9,10;52,-3,7;60,13,6;61,3,-1;63,12,14;65,-2,8;71,-6,18;109,2,19;112,0,-17;113,0,24;122,-8,-6;123,5,9;127,-13,22;136,4,-18
rua||ephigenio salles victor|madre gertrudes|30518280|15,-1995208,-4400480;18,233,-305;23,-230,288;28,72,-144;30,86,-30;31,-152,161;33,-11,-20;36,69,-96;37,5,-45;38,-4,10;39,12,0;40,3,1;41,5,-3;42,5,-9;43,6,-4;44,0,0;45,6,-7;46,7,1;47,3,-5;48,6,-1;49,1,-5;50,8,-8;51,13,11;52,-8,-13;53,10,-8;54,4,-1;55,11,-14;56,1,-1;57,4,-6;58,7,6;59,5,0;60,5,-2;61,-1,-14;62,8,2;63,10,-7;64,-1,-2;65,5,-5;66,11,-6;74,11,-8;301,29,-17;313,-15,12;325,-7,6
rua||ephigenio salles victor|vila madre gertrudes i|31999899|16,-1995217,-4400461;22,16,-3;32,6,-10;42,-1,-7;46,1,-6;52,-8,-10;62,8,1;72,-6,5;80,-4,-29
rua||erico verissimo|beija flor|31998270|11,-1983462,-4386871;13,2,-3;14,-6,2;16,13,3;18,12,5;23,24,8;26,-10,-4;28,6,5;29,-3,1;40,10,2;50,2,2
rua||erico verissimo|candelaria|31510254|848,-1981494,-4397025;858,1,-4;872,2,-6;884,-5,-12;896,9,-27;908,-2,7;910,5,-15;914,10,-12;920,-2,8;928,2,-18;930,0,0;932,11,-8;934,-13,7;954,13,-13;970,1,-9;978,-2,6
rua||erico verissimo|candelaria|31520095|596,-1981586,-4396825;632,18,-29;640,1,-2;656,7,-9;700,13,-30;716,6,-24;730,7,-16;740,3,-5;752,11,-13;764,0,-1;776,3,-16;788,4,-8;800,-3,-3
rua||erico verissimo|candelaria|31535094|531,-1981585,-4396822;534,-14,63;556,-8,-27
rua||erico verissimo|lajedo|31510254|13,-1983276,-4391115;15,7,5;20,11,1;25,-1,-21;37,7,8;38,-6,3;48,14,-2;49,-7,-5;51,8,-1;58,-6,0;61,5,-8;68,23,2;71,-45,35;73,40,-47;84,13,-1;94,3,-5;98,-5,-8;110,17,2
rua||erico verissimo|rio branco|31510254|1912,-1981990,-4397788;1914,33,18;1916,-3,-6;1918,-16,-8;1926,2,15;1938,-18,-23;1944,-4,2;1946,-6,-5;1956,-15,2;1958,-2,-7;1960,-1,-1;1962,-2,1;1970,-1,0;1972,-3,-5;1974,0,-1;1976,5,-6;1982,-8,0;1984,-3,3;1986,-2,2;2002,-12,-5;2014,-6,-7;2028,-19,-2;2032,-9,-4;2038,-7,-3;2052,-12,3;2058,0,-5;2066,-8,-3;2074,-17,0;2084,-9,-5;2088,-8,-5;2100,-4,0;2106,-7,-7;2116,-17,-1;2138,-5,-6;2148,-9,-7;2154,-14,-2;2162,-10,-3;2170,-17,4;2174,3,-8;2186,-10,-9;2198,-11,1;2208,-5,-3;2222,-13,-3;2234,-17,-5;2256,-3,-4
rua||erico verissimo|rio branco|31520000|1200,-1981477,-4397289;1202,-9,-53;1210,-8,1;1230,-10,-18;1238,-9,-25;1254,12,-20;1268,-18,-12;1280,-17,-64;1362,1,-27;1364,-15,-15;1366,-7,-2;1368,2,-6;1370,5,-8;1428,-27,-34;1488,-33,-36;1498,-5,-10;1508,-9,-10;1512,-16,-14;1550,-14,-10;1556,-58,-42;1650,-1,1;1662,-17,1;1678,-23,-16;1680,-4,-5;1684,-11,3;1688,-1,-17;1700,-23,-2;1712,-41,-19;1748,0,22;1760,-31,-23;1826,-32,-9
rua||erico verissimo|santa monica|31510254|991,-1981478,-4397145;1001,17,-25;1005,-5,1;1007,7,-9;1011,-14,-5;1015,-5,-13;1017,-4,-9;1027,6,-11;1167,0,-71;1193,-27,-49;1225,-7,-1;1229,8,-27;1249,-6,-12;1825,-372,-373;1827,0,2;1835,0,0;1837,2,-5;1855,-24,4;1887,-16,-9;1889,0,4;1947,-78,-24;1993,-51,-20;2033,-27,-19;2035,3,-4;2037,1,0;2039,3,20;2051,-13,-12;2053,-16,0;2061,-19,-8;2095,-17,0;2105,-26,-14;2288,-173,-99;2300,-9,4;2310,-16,-5;2320,-4,-5;2340,-5,-5;2368,-23,-9;2370,-16,-11;2372,0,-2;2376,-4,2;2378,-1,-5;2380,-4,2;2384,-5,2;2392,-7,-8;2394,-2,-1;2398,-12,-5;2414,2,-4;2446,-20,-16;2470,-33,3;2500,-24,-11;2518,-13,-9;2600,-37,6;2606,-39,-18;2616,-13,-18;2622,11,16;2624,0,-6;2640,-23,-5
rua||erico verissimo|santa monica|31520000|1705,-1981769,-4397715;1707,3,8;1721,-25,-6;1765,-61,-7;1777,25,-5
rua||erico verissimo|santa monica|31520395|977,-1981634,-4397616;1321,76,110;1335,-4,-4;1347,-10,-22;1369,1,-3;1379,-3,-1;1391,-6,-11;1395,0,-1;1399,-3,0;1403,-9,-9;1407,4,-1;1411,-3,13;1495,-19,-47;1537,9,30;1569,-9,-29;1571,-2,2;1599,-15,-18;1611,-6,-5;1627,-12,-1;1629,5,-18;1631,-5,4;1635,-2,4;1637,-1,-2;1639,5,-21;1641,3,4;1643,-5,-1;1647,-5,2;1649,2,-13;1651,-7,8;1653,-3,7;1685,-44,-22
rua||erico verissimo|santa monica|31525365|2471,-1982530,-4397987;2473,24,-11
rua||erico verissimo|santa monica|31530302|2161,-1982212,-4397816;2209,-200,-136;2247,6,3;2261,0,-5;2267,106,59;2271,-8,-4;2277,-8,-4;2287,-97,-41;2291,1,-26;2293,67,54;2295,-6,-6;2299,0,-1;2307,-59,-19;2315,44,15;2345,-10,-8;2361,-21,-11;2367,1,3;2373,-33,-16;2375,29,12;2381,-9,-8;2383,2,5;2385,-30,-14;2391,-7,-4;2413,3,-6;2415,-17,-3;2443,-14,1;2453,18,-1
rua||erico verissimo|sao joao batista|31520000|8,-1981941,-4396356;10,-8,-15;12,23,25;14,-20,-38;15,-2,0;16,15,-2;23,1,3;32,4,-2;34,4,-2;51,-5,-22;58,14,11;66,4,-12;69,-3,-14;79,20,-12;82,-9,15;88,13,-18;89,-4,1;106,-7,13;110,5,-4;118,12,-12;128,9,-11;130,5,-8;147,-18,4;159,12,-39;171,29,5;180,-8,6;181,5,-14;190,9,-1;191,-3,-12;200,6,6;201,-7,-10;210,7,5;211,8,-18;217,18,-24;220,-13,38;223,4,-30;225,3,5;227,2,-8;232,1,18;236,5,6;240,0,-19;242,2,2;247,-2,-17;255,5,-3;263,9,-8;266,-3,18;268,-4,4;269,9,-26;278,7,9;285,-6,-6;290,15,-1;291,-5,-10;305,5,-12;306,11,13;318,7,-5;323,-16,-9;330,18,-1;333,-8,-12;342,13,-3;344,15,-11;346,5,-2;348,0,-5;350,14,-16;361,-9,-14;371,-2,7;391,23,-28;458,29,-14
rua||erico verissimo|sao joao batista|31520095|437,-1981687,-4396702;457,2,-16;471,15,-7;491,8,-9;561,56,-63;605,7,-19;629,5,-19;645,5,-9;657,5,-5;669,10,-16;695,-11,14;701,20,-51;703,7,-11;705,-1,7;707,-6,-2;709,14,2;711,-8,-6;713,6,9;723,1,-26;749,5,-4;777,8,-30;789,8,-10;845,6,-35;857,10,-10;861,30,-80;865,-13,62;867,0,-7;885,2,-5;897,1,-11;921,3,-32;931,5,-6
rua||ester batista vieira|california|30855060|3,-1992870,-4400900;12,-88,22;25,75,-20;67,-38,9;83,-19,7;95,1,24;107,-22,-22;119,-16,4;131,-3,-3;143,-8,0;145,6,14;155,-17,-1;167,-15,10;169,-11,-11;179,-5,8;180,-11,-6;191,15,0
rua||estrela dos viajantes|estrela do oriente|30580060|20,-1996528,-4398658;29,-5,15;30,-1,-8;39,-8,29;40,-4,-11;49,-9,24;50,-2,-12;54,5,4;58,-15,20;59,6,-12;90,-23,27;97,26,1;100,-27,10;109,13,-17;119,-16,10;120,-2,6;122,-2,-4;125,3,6;130,-9,-11;135,-5,22;140,-11,5;146,-5,-2;150,-12,8;155,5,5;157,-29,10;159,8,-1;160,1,-6;165,15,-11;169,-4,9;176,-26,12;180,-6,6;182,-7,1;220,-5,25;230,-3,-13;238,-23,2;246,0,1;250,-11,3;260,-7,8;270,-12,6;287,15,-7;289,3,22;290,-32,0;291,11,0;292,-9,8;300,-7,11;333,-5,8
rua||estrela vespertina|estrela do oriente|30580120|6,-1996838,-4398706;16,3,12;26,-7,12;33,6,-4;36,-8,11;55,-2,23;64,-1,-9;67,-1,28;72,6,-20;76,-5,-4;79,-3,36;92,0,-13;102,-1,10;116,-7,12;125,2,17;126,-6,-12;130,3,3;136,-3,12;150,-1,2;169,-8,35;179,-5,12;180,1,-18;188,3,10;190,-6,10;191,10,6;200,-9,11;205,2,3;206,-7,15;207,-1,-3;212,2,6;215,12,3;222,-5,9;225,0,-1;232,-2,12;237,11,-2;244,-3,18;251,9,-6;254,-3,5;256,10,14;257,-8,-13;263,9,9;281,-2,10;287,2,11
rua||eugenio volpini|sao joao batista|31515212|30,-1982700,-4395882;38,13,-17;42,-3,6;45,31,-46;48,-21,30;52,2,-3;54,6,-9;64,8,-13;76,3,-3;83,20,-25;88,-8,7;130,9,-22;143,31,-27;176,5,-6;179,8,-11;184,5,-5;194,9,-7;196,-1,-4
rua||evaristo da veiga|senhor dos passos|31210300|10,-1990539,-4394746;15,6,7;17,-10,-9;20,-3,-22;22,-3,19;23,2,-1;25,-43,29;55,34,-16;63,-11,-45;70,9,16;73,-15,-44;78,9,40;85,13,14;86,-13,-23;89,4,23;95,7,-6;97,-17,-20;100,-2,-15;106,10,21;110,-13,-34;140,-2,-10;160,-18,22;162,2,-4;175,7,-7;185,1,-142;186,-9,9;187,0,127;189,13,-18;190,-20,-202;193,13,130;197,-2,66;198,7,-65;199,-2,-32;200,-12,-16;210,5,31;221,-6,-31;222,0,38;231,0,-34;239,15,82;241,-19,-96;247,20,69;252,3,60;258,13,-28;260,-15,8;261,-1,-4;264,2,10;268,-1,-14;270,3,2;275,-7,-49;285,1,66;309,12,-49;314,-5,12;315,-56,-138;320,54,115;324,-1,16;335,-27,-81;355,-14,-38;365,-1,1;370,28,42;375,-25,-38;390,15,28;395,-14,-28;400,8,27;406,10,-18;407,-18,5;408,8,17;410,2,-7
rua||everardo vieira|silveira|31140400|46,-1988925,-4392990;47,-9,1;48,14,-1;132,-24,-89;177,-2,-30;189,4,-19;200,-17,-29;205,26,25;217,1,-10;229,6,-13;240,3,-17
rua||fagundes varela|lagoinha|31210320|29,-1990742,-4394683;32,72,-13;36,-69,19;39,7,-5;51,7,-18;54,2,8;57,-2,-8;68,16,17;74,-26,1;88,40,-20;98,9,2;108,8,-4;110,8,8;112,-4,-11;128,17,12;132,4,-11;136,11,8;148,2,-2;150,8,-2;158,18,-2;164,4,0;170,8,9;180,8,-1;190,5,-1;200,-4,1;202,15,-2;210,10,-1;220,19,2;228,2,-6;248,4,-3;256,10,-4
rua||fagundes varela|senhor dos passos|31210320|87,-1990696,-4394843;91,-9,139;95,11,6;103,16,-8;115,8,10;119,-1,8;135,25,-22;157,24,17;171,9,-10;185,13,0;197,-8,0;199,20,6;201,11,1;221,4,-5;223,15,-5;249,23,-7;256,-3,-4;258,0,-3;260,-6,-25;279,17,30;284,-12,-16;290,31,9;294,-10,-11;299,8,-2;303,-4,-19;304,-3,16;310,-6,-6;315,11,-21;335,7,-13;336,-13,29;342,6,-15;344,1,-2;348,2,-2;349,9,-15;357,-6,-15;358,3,18
rua||fausto nunes vieira|belvedere|30320590|40,-1997362,-4393702;41,21,18;80,-5,-39;109,-10,26;120,-44,-71
rua||fernando de melo viana|diamante|30627170|7,-1999749,-4402443;10,10,10;11,-7,6;16,-9,1;65,12,9;68,-2,6;72,-12,25;78,8,-9;88,-3,9;107,-2,1;127,-6,21;141,-7,1;147,-5,16;158,-7,13;167,-2,6;170,0,-8;187,0,26;190,-4,2;197,3,8;219,21,-70;239,-27,110;245,20,-106;247,-21,111;250,18,-101;252,-8,12;260,-11,112;264,-5,-3;266,10,7;268,-8,-2;270,-2,4;273,12,6;275,-4,-34;279,0,-8;280,-15,27;283,6,26;285,-1,12;288,4,-19;290,-2,4;300,46,-218;302,-47,222;304,1,14;316,2,37;318,6,-11;320,-6,6;321,6,-14;330,2,-148;331,-10,169;332,-3,-16;350,12,-133;365,-9,172;398,-7,8;855,56,-310;861,-57,320;865,15,4;870,-17,-2
rua||fernando megre velloso|mangabeiras|30210020|210,-1995955,-4391716
rua||ferreira viana|salgado filho|30550140|12,-1993870,-4398226;15,-5,5;25,-17,18;37,-2,-12;51,-12,7;65,-23,2;69,-3,4;70,23,-16;75,-22,19;116,-27,16;121,-9,2;126,-10,3;133,-2,2;134,-6,1;145,-11,-1;146,1,-1;157,-16,0;158,17,-23;168,-19,21;169,1,6;179,-15,5;180,2,-4;189,-18,9;200,-21,1;201,-7,9;202,-8,-6;219,-7,8;226,-8,-3;237,-4,5;238,-10,-1;245,3,2
rua||flor da verdade|engenho nogueira|30810070|292,-1989806,-4398309;298,3,-8;429,-28,-3
rua||flor da verdade|jardim alvorada|30810110|16,-1990012,-4398662;20,3,3;31,-6,-15;36,9,13;43,-2,-11;48,17,25;55,-9,-9;60,9,21;65,-14,-13;79,-56,18;98,77,1;108,4,-7;109,2,2;110,2,3;113,20,10;115,7,16;119,-5,-24;120,-7,13;130,2,4;133,25,11;144,-15,-1;154,2,8;155,14,-10;156,0,9;157,-25,-34;159,23,44;167,6,3;169,11,8;170,-8,2;196,6,0;200,32,28;219,-14,-17;220,21,23;222,-5,3;232,13,0;241,9,2;244,-8,16;253,15,-4;256,2,9;265,0,-6;266,-2,13;268,12,3;269,-7,-8;273,95,-85;275,-85,86;296,44,142;298,1,3;300,-66,-97;302,-14,101;304,38,-88;308,-26,-17;316,21,19;321,9,20;322,0,43;324,1,21;326,1,3;328,3,13;339,-3,-69;354,-1,74;379,-1,-47;385,-1,14;403,5,12;411,-5,9;415,4,14;417,-3,7;429,35,-6
rua||flor da verdade|vila antena montanhes|31810110|281,-1989839,-4398498;282,0,8;283,2,2;309,2,-13;311,0,0;315,16,23;317,-33,74;323,17,-97;327,0,0
rua||flor da viuva|jardim alvorada|30810390|10,-1989786,-4398683;19,-9,-6;20,-3,14;27,16,-12;30,27,16;35,-19,-9;36,15,10;43,3,-4;53,-13,-6;61,39,16;63,2,7;71,2,4
rua||flor de vidro|jardim alvorada|30810330|5,-1989962,-4399109;8,-231,108;12,239,-98;13,-262,111;14,32,-19;25,-7,-3;32,256,-98;36,-254,82;44,258,-84;45,-244,83;48,13,-13;55,5,6;60,2,0;64,286,-80;72,-278,82;82,13,-14;96,12,-18;108,-11,-12;114,282,-38;120,-252,46;132,26,-9;142,21,-14;154,15,5;155,-15,-4;158,29,0;172,203,-34;175,-188,31;177,-19,-6;179,20,4;181,5,0;183,6,3;184,32,36;218,151,-70;228,-4,2;240,48,-1;263,29,1;276,-88,-1;300,-57,-5;301,12,-4;310,-11,20;311,192,-15;324,-152,15;333,178,-7;336,-174,6;347,175,-6;355,-195,5;359,241,1;360,-222,-9;370,25,-1;371,196,7;372,-228,-6;384,7,1;405,0,1;413,32,7;416,-15,-17;418,2,8;420,28,-17;425,-15,19;431,247,6;432,5,-3;443,-1,1;445,-209,-16;455,226,4;457,-210,4;461,-81,-4;463,1,0;466,83,1;469,6,-3;471,-77,4;478,75,-2;490,57,14;491,-107,-18;493,67,5;502,6,-11;504,26,30;505,-21,-16;514,-35,7;517,55,-6;526,-121,-1;529,131,2;541,13,2;551,229,-77;597,39,-6;601,11,-10;605,-212,103;608,-6,1;611,-9,-5;619,19,3;620,-3,4;621,234,-113;624,56,-33;631,-278,135;632,264,-146;640,-250,152;643,-192,3;648,199,-5;652,7,-1;655,-8,-10;678,28,-5;686,245,-125;690,-237,129;702,19,0;703,-10,-8;712,17,-3;715,-8,-12;724,21,6;727,-4,-4;736,7,2;739,-6,-4;751,8,3;775,16,-20;787,20,-10;799,9,-5;800,7,0;811,3,-17;845,20,1;846,-2,7;855,0,0;863,1,-21;877,20,-4;889,8,-1;913,30,-13;917,18,-4;921,3,-1;923,10,-14;925,1,6;1022,-26,36;1028,5,-22;1100,9,-12;1106,14,-10;1128,6,-4;1220,-4,17
rua||flor do vale|jardim filadelfia|30865600|15,-1991892,-4402282;16,-2,-17;18,-10,5;25,-22,-6;26,15,-6;36,-7,0;67,7,63
rua||flor do vale|tupi b|31842724|7,-1982589,-4391755;10,-171,12;21,39,-19;45,145,-10;47,-121,21;49,13,-2;54,-1,0;55,109,-2;56,-76,4;62,-3,-3;65,82,-6;75,0,1;78,3,1;83,2,-5;85,2,-1;88,3,0
rua||flor dos ventos|granja werneck|31748560|57,-1980517,-4391129;65,4,1;67,17,-1;88,19,5;612,-38,6;614,16,-8;622,-79,123
rua||flor vermelha|tupi b|31842689|5,-1982502,-4391564;9,-4,-14;11,4,-9;39,-20,-12;50,28,32;52,-7,-6;53,-6,-8;55,-1,-8;61,-29,-31;70,9,17;72,2,-9;80,-9,-10;81,6,-3;82,-10,5;85,-1,-3;86,-4,-10
rua||francisco borgia valle|santa monica|31530010|17,-1982954,-4397407;19,2,16;20,-13,-8;21,15,16;23,-3,-1;30,-10,-11;36,-2,-1;40,5,0;49,12,36;50,-12,-12;60,9,17;70,-1,11;76,4,5;88,1,10;100,4,7;110,5,15;117,3,-5;120,4,10;127,5,11;129,1,12;130,-11,-13;136,5,10;139,3,1;140,-1,5;141,25,60;159,-3,2;167,0,-2;179,3,31
rua||francisco da veiga|caicara adelaide|30720490|20,-1990956,-4397498;60,-4,-12
rua||francisco da veiga|monsenhor messias|30720474|156,-1990951,-4397654;166,-4,-6;168,-2,2;180,-3,-15;194,3,0;196,3,-12;208,7,-6;222,1,-8;232,-6,-3;234,6,-19;236,-2,-5
rua||francisco da veiga|monsenhor messias|30720490|55,-1990953,-4397548;72,-4,-3;74,-2,-1;83,7,-11;88,-5,-1;94,2,-10;97,1,-4;104,-1,-4;107,-21,-4;114,14,-9;117,14,-5;122,-8,-8;125,-1,-11;127,5,6;161,-6,-56;181,-1,5;195,1,-27;207,5,-2;221,3,-21;284,29,-47;296,-34,-31;303,4,209;310,4,-214;322,-2,-15;334,5,-18;344,-3,4;368,2,-38;369,-10,5;370,19,-5;379,-11,-21;380,2,8;389,-3,-13;392,1,-12;399,-3,-9;404,0,1;411,0,-6;444,8,-18;492,8,-42;493,-10,7;495,4,-4;499,-13,-14;505,21,19;511,-16,-27;512,3,-1;523,4,-16;530,-3,-7;534,0,-12;535,-2,11;536,3,-10;545,-9,2;586,12,-6;596,-4,-5
rua||francisco vernhagem|tupi|31842210|11,-1983247,-4392432;12,-3,-21;17,9,28;22,-7,11;24,-3,-14;27,8,15;45,-3,14;55,3,8;61,-1,5;65,2,12;75,1,8;87,-6,14;95,3,14;100,-5,-21;110,1,22;116,6,31;119,-1,-21;120,-14,30;121,22,-10;123,-6,4;125,-12,8;127,5,15;128,3,9;129,-8,20;130,2,-32;131,8,-45;133,-6,58;135,11,36;137,-7,-82;145,1,104;150,-3,-42;151,4,51;153,-2,6;160,-6,2;161,5,4;175,2,7;180,-7,21;185,4,-10;191,0,11;195,-2,4;200,-2,-5;210,16,12;217,-10,6;236,-1,10;237,-7,72;246,5,-52;247,0,51;251,5,-62;256,-5,26;257,3,-16;267,5,3;277,-4,19;287,-6,3;305,1,16;312,-10,15;315,4,-11;322,-9,32;329,14,-10;334,-16,22;339,10,-17;345,-3,-2;346,0,12;350,5,-42;365,-98,345
rua||frutuoso viana|havai|30570640|10,-1996459,-4397270;11,36,-218;12,-59,52;14,12,-2;19,7,158;23,40,-189;25,-38,181;26,10,-168;27,-7,162;29,-1,-2;33,28,-150;37,-5,17;46,-81,2;73,77,31;133,7,20;135,-23,75;144,8,-79;190,-15,78;198,6,1;240,13,-49;303,13,-146
rua||fundo de vale|alpes|30451663|16,-1995204,-4396535;18,-5,7;20,3,14
rua||fundo de vale|leonina|30451663|720,-1995204,-4396506;762,58,62
rua||fundo de vale|morro das pedras|30451463|4,-1995189,-4396604;13,1,27;17,-20,50
rua||geraldo de lima viana|serrano|30882740|25,-1987669,-4401490;35,6,9;38,5,-17;50,-21,-37;52,-1,2
rua||geraldo lucio vasconcelos|buritis|30575859|271,-1998283,-4397484;360,344,-55;693,-22,-3;703,-8,18;715,62,-40;731,23,-11;751,91,-6;760,-60,11;771,16,-3;785,12,-14;800,-1,11;883,46,-1;885,-2,-16;901,14,2;933,23,-6;946,62,-21;987,-28,8;989,27,-6;991,-2,2;1002,-498,117
rua||geraldo vasconcellos|estoril|30494100|15,-1995825,-4396021;40,23,-418;71,-25,354;95,3,-31;109,-3,-13;121,-48,-243;164,47,201;175,-3,23;190,-48,-233;210,24,-4;211,-44,195;257,-32,-20;259,-7,-16;271,-10,-11;283,8,18;290,-13,-57;291,-4,-10;320,11,41;333,105,-137;405,-114,30;440,35,-3;441,110,248;454,-13,35;461,11,-21;465,2,45;466,-15,-14;485,-88,-322;538,296,-23;540,-109,334;544,-1,-6;546,-1,-12;560,119,-315;570,-21,-27;594,-195,25;630,143,-52;703,9,10;709,45,26;740,-81,-22;750,66,1;801,-8,-8;823,-21,227;824,55,-87;827,-53,99;849,45,-206;855,-37,-34;870,44,50;965,-92,287;988,85,-174;996,-9,4;1033,-314,30;1080,274,35;1100,-14,23;1114,-1,4;1150,-22,28;1160,5,7;1172,-8,11;1200,-10,33;1220,-4,20;1300,-6,40;1306,-7,18
rua||geraldo vasconcellos|pantanal|30451630|148,-1995607,-4396338;640,-5,-55;642,7,4;716,0,9;724,26,11;728,-23,10;730,-2,9;731,6,-2;732,-3,2;734,-3,2;738,6,17;748,-10,3;752,-160,483;760,179,-483;783,-13,-41;787,-8,2;790,2,41;798,-3,6;800,-2,5;840,-11,22;850,0,0;852,3,2;858,2,13;862,-14,1;864,1,-3;880,-8,14;882,0,20;884,-10,-1;886,6,-15;888,-7,14;900,-9,11;938,-3,-3
rua||gil vicente|santa branca|31565210|30,-1983535,-4397074;35,8,-1;45,0,0;50,-1,9;70,11,3;78,8,2;87,11,-3;88,-1,9;99,7,-6;100,4,12;101,2,-7;110,9,7;128,18,15;140,8,1;145,-21,-16;148,40,25;151,-4,-5;155,21,6;159,11,7;160,-26,-4;161,30,5;162,-23,-3;167,32,11;230,32,16;231,-7,-9;232,-1,1;234,-1,-3;236,-1,8;251,18,0;252,0,8;270,9,5;275,-6,-6;280,14,8;283,2,-4;290,12,10;300,14,5;303,-14,-8;309,13,5;310,9,10;315,-4,-7;320,10,9;596,-252,-117
rua||goncalves veloso|coracao de jesus|30380620|40,-1994762,-4395037;50,3,-13;68,1,-128;110,0,69;116,-15,9;120,14,18;160,5,-78;190,0,-15;210,-2,-5;223,-15,-34;248,1,-18
rua||gracinda vieira|lindeia|30690820|15,-1997378,-4406273;26,-47,-16;42,-77,-29;54,11,7;72,5,7;84,18,0;96,4,0;98,4,4;110,11,3;124,11,7;136,12,2;144,19,14;146,-7,-19;160,6,8;168,-108,-40;172,110,45;178,-110,-41;182,123,42
rua||gustavo valim|goiania|31950360|9,-1986588,-4389961;12,-18,-8;25,14,10;26,-2,-1;37,-7,0;40,-2,-6;49,-9,12;50,1,-9;60,-13,3;65,-8,-9;70,-1,-2;75,-7,-1;80,-3,1;90,-11,7;102,-35,15;106,-15,-7;116,-2,5;125,-1,-3;126,-18,-8;127,4,6;135,-11,1;136,-1,-9;145,-4,8;148,-9,0;155,-5,2;164,-1,-5;165,-10,5;175,-12,0;176,4,1;185,-15,1;188,4,0;195,-10,5;200,5,-5;205,-19,-1;209,-1,9;212,11,-17;215,-21,7;224,15,-5;228,-10,2;232,-8,1;233,-7,1;241,-9,1;245,-8,-8;385,-3,7
rua||hele amaral valadao|maria goretti|31920610|193,-1986697,-4390955;197,-1,2;199,7,-25;207,20,10;209,6,-4
rua||hele amaral valadao|sao marcos|31920610|10,-1986836,-4390777;17,-19,10;25,9,-5;30,10,-6;35,16,-26;46,-2,2;50,11,-9;55,-2,-24;56,13,14;65,1,-23;69,42,-38;71,58,-66;73,-18,14;75,-86,84;76,20,9;85,20,-30;90,-78,23;92,63,0;95,7,-17;96,-5,12;100,26,-23;108,-13,13;110,3,-2;180,62,-79;190,-1,4;1033,-146,175
rua||helio viana|lajedo|31844450|22,-1983440,-4391595;24,-2,-4;34,10,1;46,-19,4;118,71,13;120,8,6;132,54,13;140,-30,-4;156,9,0;168,8,2;196,25,14;200,12,-3;202,45,17;204,9,0;208,9,6;210,20,7;214,-66,-13;218,54,7;228,6,11;238,19,8
rua||helio viana|tupi b|31844450|5,-1983435,-4391598;7,7,0;37,21,1;119,30,14;135,14,1;143,2,-2;155,14,13;161,12,4;165,10,-7;179,11,2;191,8,13;201,9,3;203,7,1;209,10,4;215,17,-1;225,0,-3;229,8,19
rua||horacio dolabela vaz|ceu azul|31585380|33,-1982688,-4400567;36,-26,23;38,9,54;40,-17,-51;43,34,-27;55,9,-2;57,15,-8;65,10,-2;68,-46,25;71,48,-23;75,15,-6;85,6,-2;100,-7,17;115,19,-23;127,10,-1;129,2,-1;130,-14,17;139,20,-19;142,-6,12;151,18,-18;160,-3,7;163,14,-12;172,-3,14;175,13,-17;185,4,-5;199,18,3;201,3,1;210,-11,13;213,17,-16;225,7,0;227,8,1;232,-10,11;234,10,4;244,8,0
rua||horizonte verde|capitao eduardo|31998689|5,-1982783,-4388272;10,-23,28;15,26,-19;20,-13,-11;25,22,8;30,-440,-110;35,433,126;45,11,9;50,-23,-3;55,23,12;60,-6,-9;65,12,26;70,-5,-14;80,-4,7
rua||iracema ferreira vilela|braunas|31365741|26,-1984914,-4400370;60,4,39;80,2,14
rua||israel volensk|paraiso|30260530|5,-1992796,-4390776;7,0,-11;9,-8,14;15,5,11;30,8,3;40,-8,9;49,7,27;50,-4,-30;51,8,31;60,-10,2;74,11,17;79,6,7;80,-5,7;90,3,18;96,-29,12;99,23,-10;100,-9,8;110,13,11;120,15,-1;126,-11,30;130,13,37;131,-15,-50;135,10,34;136,-4,6;137,6,13;140,-13,-6;180,11,27;200,3,4;230,-3,28;250,-1,10;270,-5,9;376,15,65;378,3,-10;385,-6,-46;387,3,4;388,6,51;389,-13,-42;393,9,32;400,5,27;401,2,-45;403,0,-2;407,-3,38;412,-3,12;426,-4,8;438,6,12;450,-14,7;452,-10,23
rua||jacinto vieira|cachoeirinha|31130140|17,-1989504,-4394743;25,11,-19;33,0,-1;45,12,-11;50,28,-43;57,-20,31;60,28,-41;69,-31,31;70,38,-56;78,6,0;81,-39,52;84,47,-64;85,-43,57;93,4,-10;96,48,-60;105,-41,57;106,46,-64;117,-40,49;139,9,-16;140,48,-73;142,-4,-16;154,0,1;157,-2,-5;294,1,31
rua||jardim do vale|jardim do vale|30668315|35,-2000437,-4403256;45,12,9;55,-6,6;65,-18,7;72,-162,36;75,191,-29;85,-5,-2;95,3,13;103,-2,-7;105,-2,17;115,8,10;125,4,1;133,0,4;135,-4,12;137,-2,6;145,-1,1;155,1,1;165,0,17;175,0,3;185,1,8;345,-1,-35
rua||jardim do vale|santa cecilia|30668315|9,-2000438,-4403316;15,1,6;18,1,-7;25,-4,22;30,8,-8;32,-2,7;44,5,31
rua||joao baptista vianna|tirol|30662390|17,-1998628,-4404294;22,8,-2;29,-17,6;37,1,6;55,-14,3;56,39,-18;62,-39,17;73,-15,6;85,-11,2;86,18,-12;90,-16,15;97,-16,6;109,4,3;121,-11,2;131,-5,0;143,-10,11;144,-11,-1;145,4,-5;150,-19,7;151,-323,128;156,320,-127;157,9,-4;169,-4,-1;174,-15,6;183,1,5;186,-8,4;197,0,2;198,-8,6;201,2,-8;207,-4,-2;225,-45,28;236,-7,-4;248,-21,8;250,8,-3;259,5,3;269,-11,6;271,-24,8;272,-3,1;284,-7,3;293,3,-2;295,-9,5;296,-13,1;297,12,1;310,-56,13;322,-6,6;323,15,3;328,-28,2;329,5,1;333,39,-10;334,-50,11;337,9,2;346,-12,-1;347,-4,6;358,-6,0;359,1,6;370,-10,-3;382,-12,10;394,-11,5;403,25,-11;406,-38,12;418,-11,3;421,41,-9;433,-12,0;454,-73,28;466,-8,0;478,-28,13;487,97,-31;488,-114,38;490,23,-12;505,70,-23;521,-28,12;536,-105,37;537,93,-31;545,-8,5;585,-13,8;597,-14,1;600,16,-16;615,-21,21;621,-6,0;633,-17,8;636,1,-7;648,-14,6;655,-8,13;660,0,-11
rua||joao batista vieira|camargos|30525395|29,-1993906,-4401616;40,-18,17;47,29,-25;57,8,1;71,7,-9;83,19,7;95,0,-16;113,6,-7;125,12,0;137,12,-12;139,-4,7;149,11,0;155,103,-31;157,-13,0;161,-79,28;171,4,-13;185,17,-9;186,2,0;187,1,4;763,172,-46;795,41,-8;815,16,-18;855,11,-7;871,25,-6;903,2,-1;905,15,-10;925,12,7;935,9,-11
rua||joao batista vieira|maravilha|30525395|410,-1993670,-4401692;480,22,-8;510,-2,-6;516,12,-9;518,-1,9;520,8,-3;524,17,-3;544,20,-10;570,20,-13;618,22,-14
rua||joao batista vieira|santa maria|30525395|80,-1993844,-4401629;100,3,-6;390,72,-19;400,13,-7;450,24,-4;460,19,-15;468,18,-7;624,150,-57;630,9,-7;640,36,-15;642,11,2;644,10,-11;650,15,13;674,27,-12;710,30,4;720,28,2
rua||joao fernandes vieira|santa amelia|31560130|31,-1984256,-4397320;50,-3,2;53,-5,-3;55,5,-12;67,5,-12;69,-6,-14;79,7,4;81,2,-4;83,4,-7;87,0,-2;89,14,-2;91,-6,-10
rua||joao paulo viotti|parque sao jose|30570575|4,-1996524,-4397850;8,11,18;15,15,-4;16,-8,8;25,9,0;33,12,12;36,-11,-5;39,21,15;45,-7,-10;48,1,6;57,8,4;65,13,5;75,11,11;80,-19,-15;85,17,17;90,-19,-16;92,3,4;93,102,-9;100,-97,16;115,23,17;118,-9,-3;127,-2,-4;128,6,9;130,12,1;139,18,-2;140,-7,6;145,11,12;150,11,14;151,14,3;153,10,10;155,8,5;161,48,47;170,-62,-52;171,55,43;182,-45,-39;192,38,27
rua||joao viana|inconfidencia|30820270|12,-1990918,-4399818;21,6,18;22,-4,1;23,8,3;36,-9,11;46,8,4;55,5,1;56,-1,12;59,1,-5
rua||jorge vieira|jardim vitoria|31970240|10,-1985616,-4388157;12,-5,-16;13,-3,10;23,-9,-18;24,6,-5;31,-11,-12;35,2,9;36,2,-5;44,-8,0;47,2,-12;48,-3,8;53,-20,-42;55,-5,-13;60,20,8;72,-2,2;77,-21,-20;84,13,6;100,-12,-24;110,-6,-6;115,-5,-22;117,-10,-9;118,12,18;128,-4,-13;138,-14,-1;139,0,-8
rua||jose balbino vieira|brasil industrial|30626230|5,-1999833,-4401229;13,1,14;25,-12,-12;26,18,-8;36,-11,0;37,-12,10;48,8,-6;49,-22,11;51,-2,3;58,14,-9;61,-23,14;76,6,-10;88,-9,2;100,-20,4;111,-33,9;117,10,23;123,-14,-9;133,-20,8;140,35,-16;143,-42,18;146,29,-5;151,-46,7;153,1,0;155,-9,6;156,31,-20;166,-4,7;169,-27,14;173,-3,-3;180,23,-11;193,-33,22;194,28,-7;196,-23,-5;198,-2,1;200,-4,-7;201,-45,28;205,38,-9;208,2,-15;213,-49,32;216,37,-22;217,0,8;221,-47,13;228,35,-17;229,-4,12
rua||jose da costa viana|jaqueline|31748030|45,-1980433,-4394417;55,13,13;59,118,86;65,-109,-76;75,8,8;83,70,61;85,-9,-9;87,-43,-30;91,15,8;93,-13,-7;95,25,13;130,-43,-23;131,84,49;141,19,3;151,18,15;161,16,3;171,7,10;181,14,-1;240,-77,-31;280,8,3;290,12,12;295,-2,-4;300,9,6;306,15,9;308,15,9;310,2,1;322,10,3;1378,-81,-46;1380,-10,1;1382,5,1
rua||jose dias vieira|rio branco|31535040|3,-1981506,-4397762;5,4,2;11,-13,6;15,-8,-11;25,-12,-6;35,1,8;39,-5,-13;45,-10,8;46,4,-6;55,-18,16;65,-15,-19;75,-7,-4;85,-5,-5;87,-15,-3;95,-5,3;105,-8,-15;117,-1,-1;129,-12,1;141,-8,-3;153,-17,-9;155,-11,-4;157,-4,-1;217,-47,-29;229,-5,-12;232,20,12;234,11,7;240,-31,-20;241,11,-2;252,-23,-13;253,-7,16;264,5,-19;265,7,-5;276,-15,-9;277,15,6;288,-18,-23;289,5,14;291,-10,-15;300,-7,-9;310,-4,-13;312,4,6;324,-6,-13;336,-6,-13;337,-7,5;348,4,-18;351,-6,12;360,1,-23;363,-5,10;372,1,-23;375,0,14;384,1,-25;387,-4,14;396,4,-21;399,-11,14;464,12,-91;467,-4,24;476,4,-27;479,-1,21;488,2,-33;491,3,19;500,-4,-19;503,-4,-7;512,-1,-22;515,5,18;524,0,-26;527,-10,6;536,10,-5;539,-2,-5;548,10,-20;551,-2,10;560,8,-22;563,-11,14;575,1,8;620,27,-65;640,2,-24;645,-7,-1;652,14,-16;657,-12,-3;664,13,1;669,-15,-13;676,19,-6;681,-12,5;693,6,-14;887,11,-11;897,5,-15
rua||jose mauricio da veiga|santa cruz|31150590|2,-1987722,-4394774;22,-24,-4;40,-3,21;41,23,17;42,-17,-22;43,10,17;50,-2,-4;55,8,9;65,19,5;69,-9,11;73,2,8;80,-15,-18;82,0,27;83,17,-1;84,-13,-22;97,10,36;98,-7,9;109,9,-5;115,-8,18;117,2,-6;123,-3,8;133,4,2;134,-11,14;148,4,2;181,-6,25;187,1,1;193,1,15;205,-7,11;210,0,-31;220,-2,19;221,0,15;226,-21,14;228,20,-16;230,-27,-4;233,27,21;240,-16,0;241,8,8;250,1,5;270,-1,34;271,-1,4;280,-1,17;281,-6,-9;293,3,16;328,1,10;340,-11,30;350,6,13;360,0,8;364,0,14;394,-2,33;406,0,-4;418,-3,30;430,-2,7;466,-3,34;476,1,-12;486,0,18;496,1,1
rua||jose mauricio veiga|santa cruz|31150590|327,-1987752,-4394471;343,2,1;351,-4,20;365,0,13;395,-3,27;405,3,18;419,-1,19;431,2,19;463,-8,20;471,3,18;487,1,3;497,-4,16;531,5,26;532,-7,0;543,-11,21;544,10,-9;556,-2,17;557,-1,5;568,-1,11;596,-2,18;597,8,4;611,-3,21;612,-2,-5;620,-6,14;623,7,4;633,5,11;636,-14,3;668,5,31;682,-3,11;683,7,2;694,-9,7;695,2,2;708,2,15;709,7,-1;718,-10,18;752,-2,34;753,8,-14;765,9,19;777,-10,11;782,-2,-2;803,-2,32;813,-2,8;814,9,6;825,-8,10;826,0,1;838,2,7;839,10,7;842,-13,-1;850,0,10;851,4,-2;861,-2,4;862,3,0;868,0,20;875,-4,8;886,2,-3;887,-3,22;888,-5,-1;905,-3,19
rua||jose mauro de vasconcelos|mineirao|30672000|11,-2002416,-4402697;12,14,-1;13,-10,-9;15,-4,-1;16,-5,1;25,-5,-10;26,-9,1;35,-1,-9;36,-2,7;45,-3,-9;57,-12,-11;60,-2,6;62,-6,-4;65,-2,-10;72,-7,6;75,-1,-2;84,-13,-2;85,-6,-18;94,-1,8;95,-23,-32;105,-14,-7;115,-11,-7;120,14,17;132,-7,-11;135,-8,-22;145,-17,2;146,-12,-2;154,-7,-8;155,9,5;165,-5,-2;166,-15,-9;183,0,2;184,-22,-12;195,8,3;205,-1,-7;215,-13,-4;227,-2,-8;255,-11,-6;260,6,9;267,-15,-19;272,-10,6;279,8,-6;291,-18,-3
rua||jose rodrigues venancio|jardim felicidade|31742426|8,-1982506,-4393165;11,-3,-6;12,9,12;13,-6,-3;21,6,12;22,8,-6;29,-6,9;30,5,0;35,-3,3;36,6,8;37,-1,-4;45,0,9;46,3,-1;55,4,12;56,-5,-9;65,9,11;66,3,-1;75,-3,1;76,12,18
rua||jose venancio|conjunto taquaril|30290613|12,-1991894,-4387263;15,2,2;16,10,1;580,-15,-14
rua||jose vieira|providencia|31814290|21,-1985080,-4392114
rua||jose viola|calafate|30411370|15,-1992130,-4396744;37,9,-6;65,19,-19;81,19,-5
rua||jose viola|prado|30411370|16,-1992129,-4396760;30,5,-2;76,34,-6;88,4,-2;98,12,2;102,3,-6;122,14,-9;220,131,-15;222,0,25
rua||jose virgilato|jaqueline|31748127|13,-1980101,-4394197;25,-11,3;30,15,-15;34,-31,-1;35,2,10;36,0,-8;38,-1,-1;40,12,3;44,4,-1;46,-7,3;47,-20,6;48,5,-10;52,-15,-3;59,6,11;60,-15,-9;66,1,-2;77,6,10;79,-6,-6;81,-17,5;86,6,-6;88,-5,-4;90,-7,3;94,-15,-1
rua||julio cesar vieira|vila atila de paiva|30640400|25,-1997702,-4403029;27,7,-15;30,-13,2;35,5,8;40,-9,-3;45,-3,13;50,-5,-4;55,4,11;60,-8,-6;65,-7,17;70,-3,-3;75,-5,5;80,6,-2;85,-11,11;86,-6,-6;95,-3,9;100,0,-4;105,-3,10;110,-2,3;125,-2,4;130,-13,9
rua||julio verne|primeiro de maio|31810620|8,-1985845,-4393201;10,4,5;11,10,-5;25,-8,5;35,-3,16;47,-9,6;57,0,2;89,-1,8;95,-5,3
rua||julio vidal|anchieta|30310440|10,-1995224,-4392495;11,-16,-1;32,7,-7;55,-25,34;57,-11,2
rua||julio vidal|comiteco|30310440|99,-1995314,-4392441;119,-19,-1;130,3,-6;140,-16,-1;145,-2,8
rua||klauss vianna|minaslandia|31812160|9,-1985073,-4392901;11,10,-2;21,4,4;33,3,-5;45,11,11;55,11,6;65,10,1;75,8,8;85,17,9;91,5,1;95,0,-2;97,8,4;105,-2,-2;117,8,-1;129,14,9;143,8,6;153,2,0;159,20,1;163,11,4;175,9,5;187,9,3;199,11,-1
rua||klauss vianna|sao goncalo|31812160|10,-1985066,-4392894;64,40,14;86,14,9;98,15,5;110,3,22;122,13,-14;132,21,6;142,1,-5;152,12,15;156,3,-6;160,8,8;174,15,0;184,9,3;190,14,1;196,2,5
rua||las vegas|venda nova|31620190|19,-1980454,-4396277;29,-6,-6;49,-14,-8;50,33,17;60,-11,-5;75,-45,-32;80,16,6;81,-21,-13;88,15,6;90,-9,-5;93,-15,-14;105,-11,-5;110,-9,-15;112,15,10;120,-21,-16;149,2,-4;163,-11,-7
rua||lauro gomes vidal|dom joaquim|31170405|141,-1987943,-4391420;215,-3,-33;245,20,-19;247,3,-11;257,8,-12;279,12,-16;359,11,-40
rua||lauro gomes vidal|dom joaquim|31920000|128,-1987953,-4391367;140,8,-13;150,-8,-9;216,20,-52;250,11,-30;260,0,-15;262,8,1;276,11,-5;290,-281,-8;310,283,-40;340,8,-1;344,1,-12;360,2,-12;381,16,-36;390,10,-14;400,6,-14;409,-7,9;411,-2,1;413,4,-3;415,6,-6;417,0,2;420,3,-13;421,-6,11;448,13,-34;460,5,-5;472,11,-20;484,9,-14;498,-36,74;500,49,-93;514,23,-17;525,23,-47;526,-23,32;690,52,-51;700,5,-8;732,17,-23;740,2,-7;750,20,-19;760,25,-18;770,4,-11;780,13,-1;786,0,-17;790,9,-7;800,1,-8;840,29,-36;850,9,-1;860,2,-4;880,21,-8;892,-1,-16;922,9,-6;950,24,-37;952,4,-5;954,9,-8;956,6,-3;966,4,-13;978,0,1;1061,25,-43;1065,6,-9;1066,2,17;1069,8,-31;1081,12,-2;1091,8,-16;1095,4,3;1098,-2,13;1100,-1,-7;1102,0,0;1104,12,-9;1107,3,-9;1126,11,-9;1154,8,-32;1156,8,-21
rua||lauro gomes vidal|dom joaquim|31920170|123,-1987962,-4391368;125,-1,8;127,-10,-1;135,15,-31;137,-14,33;147,9,-45
rua||lauro gomes vidal|santa ines|31920000|8,-1988025,-4391235;10,3,-10;20,7,-13;40,8,-6;48,5,-10
rua||linda vista|capitao eduardo|31310000|167,-1982466,-4388422
rua||linda vista|capitao eduardo|31872300|48,-1982465,-4388302;68,32,-192;69,-1,-12;120,-7,42;151,6,-20;230,9,-113;311,-31,265;1000,2,-19
rua||lirio do vale|gloria|30830330|31,-1990231,-4400489;48,-3,-5;62,-14,-8;72,14,8;82,-27,-13;87,-23,-16;92,9,9;103,-13,-2;105,-10,8;115,2,-20;120,12,13;129,-37,-31;135,-3,15;196,-37,-21;216,-19,-7;238,-20,-8;240,4,4;251,-56,-26;252,53,18;261,-9,9;264,-14,-5;265,3,-3;275,-17,-8;278,1,-2;280,-16,3;290,-1,-13;297,2,12;317,-3,-7
rua||lirio do vale|vitoria da conquista|30666760|51,-2001468,-4402403;61,-53,-36;99,27,19;202,52,44;205,3,-6;206,-31,-12;207,12,3;208,-11,3;209,42,15;210,-29,-12;211,44,22;212,-38,-15;214,16,10;215,40,20;216,-36,-15;217,39,19;218,-22,-10;219,31,13;220,-25,-2;222,13,2;223,7,-21;224,-5,19;226,10,11;251,-87,-63;364,100,70
rua||lourenco volpini|dom silverio|31985230|99,-1985521,-4390508;101,-64,194;130,-37,34;137,96,-258;140,-80,247;141,8,-17;145,7,-11;147,53,-215;150,-42,225;155,-2,-11;164,11,3;167,-4,-9;175,12,-206;176,1,210;177,-2,-10;183,66,-273;184,-71,40;185,-2,1;186,-4,-2;187,46,82;188,-32,31;197,46,-115;198,-28,226;199,-1,-4;203,-41,-230;207,43,226;209,22,-227;211,-7,217;215,-66,-216;217,-7,-11;219,6,-6;221,-12,-2;223,82,228;225,-72,-247;226,74,242;227,-66,-222;229,64,215;230,-60,-194;233,51,35;236,13,163;237,-61,-252;239,53,103;247,-3,17;250,-54,-75;251,21,-16;253,-10,-6;259,74,110;262,-71,-106;271,8,-7;272,19,5;275,0,1;276,15,3;277,-19,-10;279,39,147;280,-16,-133;291,43,149;303,-31,-1;305,1,16;307,-4,13;312,-1,-16;319,2,32;329,-1,3;339,1,-1;347,-8,18;349,0,-10
rua||lourival carneiro de vasconcelos|biquinhas|31730640|231,-1983627,-4394079;241,-5,7;255,1,1;275,3,12
rua||lourival carneiro de vasconcelos|planalto|31730640|15,-1983640,-4394103;21,-16,9;30,-46,-224;37,23,-17;40,-13,12;47,12,7;50,-20,20;57,29,1;60,-16,3;67,27,-9;77,-13,16;87,5,8;90,-17,-7;97,24,13;100,-19,10;108,6,12;109,16,1;119,2,2;126,-15,3;129,20,16;136,-30,-4;143,23,49;145,11,-7;147,2,9;154,-9,2;159,15,14;169,-1,8;170,-5,6;177,2,-9;178,-1,-2;179,0,-8;188,9,33;200,-15,-32;220,20,58;222,-34,22;223,35,-31;233,-136,-48;237,-136,-82;238,258,119;248,11,-8;250,-1,14;252,2,6;267,-258,-136;280,7,6
rua||luiz pinto valente|cidade jardim taquaril|30285745|47,-1992950,-4388046;59,2,-14;74,5,-17;100,2,-63;191,53,-152;215,-2,9;253,-8,19;370,-55,85;379,78,-205;523,-67,277
rua||luiza vieira|venda nova|31610110|23,-1981352,-4395954;25,3,-7;27,12,-9;48,1,-10;58,21,-20;75,-5,-22;82,1,-4;87,7,-7;190,-30,54;200,4,-9;232,24,-41;242,4,-16;260,10,-17;270,-10,20;280,0,-9;290,8,-14;300,1,-4;331,17,-25;350,-2,1
rua||manoel vaz|araguaia|30620397|9,-1999286,-4400578;10,-3,4;15,5,5;19,-5,10;20,0,-6;23,-1,11;25,6,3;26,-5,-2;27,3,9;30,2,-12;35,-9,20;40,6,5;50,-14,24;62,-6,5;64,2,5;80,2,7;100,4,34
rua||manoel vitor|liberdade|31270210|15,-1986410,-4395519;16,-12,12;18,5,-11;22,3,-5;26,6,2;29,0,1;36,8,-1;39,9,-11;42,-4,4;47,9,-6;54,12,-6;63,3,-5;73,3,5;80,-2,-3;83,12,-14;99,14,-9
rua||manuel nunes viana|tupi b|31844250|12,-1983795,-4391556;13,-3,0;20,0,14;23,-1,-14;27,-5,11;30,1,7;31,5,-3;33,-7,4;40,-5,17;45,8,4;67,-21,36;69,7,3;70,-15,2;80,0,9;83,-1,-2;87,7,1;89,-4,8;90,-12,22;91,6,-8;93,1,2;95,-5,14;100,-4,0;101,-46,88;105,40,-69;110,-5,-3;115,5,5;117,-8,22;120,5,-16;130,-3,6;140,0,16;150,-22,25;160,-17,32;170,5,-13;172,-174,154;180,165,-144;190,-26,39;200,3,-3;202,43,-30;237,-1,-43;245,3,18;255,-6,15;257,-10,7;269,0,-2;271,-7,7;279,2,14;284,-147,105;289,134,-95;297,-13,15;301,8,-7;302,26,-50;304,-135,68;320,77,38;321,24,-50;401,23,-64
rua||mar vermelho|serra verde|31630360|75,-1979470,-4395762
rua||mar vermelho|serra verde|31630392|70,-1979453,-4395718;607,-28,-15
rua||marcionila soares vieira|vale do jatoba|30664020|20,-2000980,-4403397;30,-4,-15;36,2,0;40,-2,-6;50,-3,-18
rua||marcos paulo de vasconcelos|eymard|31930470|2,-1986049,-4391311;5,18,19;26,-6,5;38,-5,-11;90,95,155;119,-47,-47;120,10,3;126,-9,-2;131,-11,-11;132,7,0;138,4,-4;143,-16,-8;150,15,0;155,-26,-13;167,-8,-12;169,-11,-13;178,15,-10;179,-8,14;191,-11,-21;196,24,-2;198,-2,-2;203,-28,2;216,28,-4;223,-25,-36
rua||marcos paulo de vasconcelos|maria goretti|31930470|7,-1985948,-4391058;8,-18,13;15,22,-33;27,6,-17;35,0,-13;36,0,34;39,-3,-39;46,2,19;58,8,-18;70,5,-8;75,-23,-6;87,-2,-6;97,-8,12;107,-5,-40
rua||maria carmem valadares|novo sao lucas|30260580|1024,-1992984,-4391067;1025,-8,-7;1027,-14,18;1029,13,-2;1037,6,-3
rua||maria carmem valadares|santa efigenia|30260580|310,-1992860,-4391026;316,-7,5;346,-13,-10;356,-13,-1;384,-81,-43;386,87,45;388,-18,-13;398,-1,2;408,-11,-9;520,197,134;530,-13,-2;540,-62,-55;546,43,30;549,-51,-8;550,-6,-33;553,19,47;557,-6,-11;560,8,-26;566,10,25;572,-3,-14;582,-30,-27;594,-4,11;599,2,5;600,-19,-22;825,-30,-24;827,-4,-3;905,-73,-42;915,-12,8;1004,23,-4;1016,23,13;1018,-48,-15;1019,-6,2;1020,23,5;1021,-28,-11;1023,-6,-4
rua||maria carmem valadares|vila novo sao lucas|30240530|378,-1993185,-4391091;390,-39,-15;402,39,9;406,6,24;407,-14,-5;469,4,-27
rua||maria da vitoria|solar do barreiro|30628202|23,-2001007,-4401425;33,10,6;35,1,-1;53,3,5;850,-6,-4;852,5,4;853,-5,-6;854,3,2
rua||maria da vitoria|solar do barreiro|30628204|42,-2000996,-4401415
rua||maria manuela do vale|betania|30580330|19,-1996121,-4398336;20,1,-8;21,5,5;23,2,8;30,2,-4;40,12,16;45,-6,0;50,18,7;60,-6,7;61,3,4;71,10,5
rua||maria virginia|conjunto taquaril|30295160|10,-1991718,-4387974;15,15,-5;20,0,-7;25,9,-9;30,-2,-1;35,20,-2;40,-2,1;44,6,-13;45,-1,2;48,12,-11;51,-37,6
rua||maria vitoria|nova vista|31070300|2,-1988869,-4389502;3,8,12;4,-5,9;5,5,-2;10,0,7;11,113,-196;14,-117,209;17,15,11;27,-4,6;35,1,19;41,2,-4;59,13,19;65,-11,7;67,3,15;71,27,8;83,-6,10;89,-7,17;95,-2,1;97,4,13;109,7,-3;115,-16,9;121,-1,13;122,-11,-85;134,-3,15;146,9,14;158,2,6;168,-2,17;180,6,12;192,-1,12;200,7,5;238,0,31;240,0,4;252,8,21;261,5,-10;264,-2,21;273,8,5;276,-10,9;278,3,4;285,14,-12;288,-12,14;297,14,7;300,-14,-3;309,20,5;312,-12,23;321,2,-5;322,6,27;324,-4,-10;335,11,-7;347,-11,16;382,7,29;393,2,6;405,4,7;406,-2,16;429,4,-4;430,3,18;431,-3,2;442,8,14;448,1,0;454,-3,8;466,0,10;477,2,4;489,11,12;495,-18,-40;501,20,52
rua||mato verde|santa rosa|31255540|8,-1986690,-4394757;14,-4,11;15,8,-49;26,-8,67;31,-8,40;35,19,-107;43,-14,80;50,31,-44;56,-9,-27;60,-4,0;66,17,-13;70,-26,6;100,26,-20;137,-13,-42;149,18,21;156,-16,-32;166,7,-9;173,-8,0;176,26,23;180,0,-27;185,-24,-6;188,2,-18;190,-4,1;195,7,-2;196,1,-7;207,-3,3;208,11,-15;215,-17,131;226,25,-176;231,-13,52;236,13,-67;246,2,4;250,3,-14;255,-11,35;259,4,-20;261,-1,-2;273,2,-24;294,-45,264;296,2,2
rua||meira de vasconcelos|maria virginia|31155320|2,-1987138,-4394575;4,1,-5;5,31,17;10,-18,-26;15,5,-17;20,-8,8;22,0,2;39,23,-25;49,-2,-3;50,9,-10;51,-7,4;69,3,-13;70,-6,23;81,17,-29;89,2,65;99,9,-81
rua||meira de vasconcelos|santa cruz|31155320|240,-1987174,-4394520
rua||miguel porcaro vorcaro|jardim vitoria|31970623|10,-1985933,-4387023;20,14,7;21,-18,-15;25,5,13;30,26,0;33,-19,-3;35,11,-4;36,17,13;38,7,0;40,-2,1;53,-13,-4;60,24,10;65,-19,-11;73,14,3;85,3,6;90,14,4;91,-4,-1;101,11,3;103,3,-1;111,8,7;119,6,10;121,5,5;126,-13,-5;128,-10,-16
rua||monte verde|sao salvador|30881410|10,-1989130,-4401146;15,38,-386;21,2,-32;27,-9,7;39,9,6;63,0,-19;95,-49,452;113,-1,-5;125,2,-23;137,-8,-11;140,18,-38;147,-4,31;149,0,0;163,-2,-10;165,-2,-16;167,-5,-14;175,8,-25;177,-2,12;179,0,-18;180,4,-44;181,2,0;185,1,-8;186,-8,-4;190,0,-9;193,0,-3;203,5,-11;213,-1,-5;221,0,-22;237,6,-19;253,2,-8;257,-2,-13;293,5,-8;294,-4,-13;310,5,47;315,-4,-59;320,8,45;330,2,-28;346,1,-49;348,1,-7;350,8,-8;364,4,-28;734,-3,15;746,-1,-18;758,4,-18
rua||monte virginia|minaslandia|31812170|85,-1984857,-4392735;185,-3,-12;193,-3,-11;195,1,-3;205,-4,-17;209,-3,-10;210,-14,-58;220,-2,-17;240,-2,-9;252,-9,-31;315,2,-50
rua||monte virginia|sao goncalo|31812170|160,-1984870,-4392789;180,2,9;196,-8,-45;200,-5,4
rua||nestor veras|serra verde|31630090|18,-1980000,-4395701;28,-6,-4;31,5,-2;33,10,4;36,-24,4;41,1,-8;42,-23,1;49,21,-1;55,-10,5;75,-30,9;99,-28,9;105,-15,-18;115,-5,-11;125,-10,10;135,-9,28;155,-35,-40;160,91,10;172,-85,-14;178,72,-1;182,-8,14;188,-5,-2;198,-13,-2;200,-8,0;210,-15,5;214,-6,0;220,-12,11
rua||nova vila|jardim vitoria|31975160|10,-1985226,-4388733;20,1,-1;30,8,11;35,-3,-10;36,50,35;38,-12,-1;40,-28,-27;45,-15,-17;47,9,11;50,6,6;55,-2,-8;60,8,14;65,12,-2;69,1,8;70,-11,12;72,-2,-27;80,18,12;85,2,7;90,8,4;100,1,4;105,11,9;110,-3,-7;115,5,7;120,5,-3;125,5,7;130,-1,-4;135,8,5;140,17,2;150,1,-2;155,0,12;157,-10,-4;160,7,18;165,4,-15;170,6,3;175,6,4;180,14,12
rua||nova vista|taquaril|30295360|3,-1991457,-4388026;4,4,-2;5,4,5;10,2,-5;15,2,-4;20,-3,2;25,5,-15;30,1,3;35,8,-15;40,1,0;45,2,-9;50,-3,7;55,7,-15;57,0,-3;60,3,5;65,5,-10;70,11,2;75,-5,-13;80,-2,5;85,7,-13;89,4,-1;90,-1,2;95,5,-12;100,-3,2;105,10,-16;110,-4,4;115,11,-13;120,-10,12;130,15,-15;140,3,-8
rua||nunes vieira|santo antonio|30350120|22,-1994246,-4394436;34,4,-14;44,-12,0;47,21,6;56,-17,-33;65,-4,25;66,15,-12;86,-5,-27;89,-3,-5;99,3,-10;100,0,-1;114,6,-2;115,1,-9;123,-2,-28;145,1,-14;156,-9,-7;157,9,0;167,-1,-7;174,-3,10;177,1,-26;184,4,5;217,4,-37;227,-8,-9;244,-34,-2;255,21,-33;256,-2,21;267,17,-23;268,-3,15;280,5,-1;292,-12,-14;299,8,-10;304,66,-73;333,-70,41;357,10,-13;358,-1,11;388,21,-62;435,-30,-38;436,62,-77;739,-72,18
rua||nylton moreira veloso|camargos|30525480|13,-1993501,-4401877;15,-6,7;25,-129,146;40,33,-38;50,7,-8;60,-1,-8;65,5,7;67,58,-70;77,-73,74;90,33,4;105,-12,-25;110,13,2;113,-7,-11;122,16,-1;125,2,-19;144,7,5;165,4,-21;176,23,-10;188,-3,4;195,4,-14;200,-13,26;212,-11,5;221,35,-40;222,4,-3;230,9,-9;231,-13,9;232,23,-13;255,-6,-6;269,15,-5;280,-123,125;300,-14,8;320,6,15;326,-14,11
rua||orion rigel vigne|jardim guanabara|31742168|12,-1983095,-4393244;16,-7,5;20,0,0;26,9,-7;30,-2,2;34,2,-2;37,1,-4;39,6,-1;41,3,-3;54,-6,8;57,15,-6;58,23,-3;64,-22,7;67,10,-10;71,-5,-2;78,29,-10;80,22,3;84,-34,9;87,23,-11;97,5,-10;107,14,5;108,5,12;119,8,-19;120,11,12;130,-3,0;144,20,-4;156,13,-1;168,10,-8;173,-24,-2;180,30,-1;190,18,-1;195,-26,-85
rua||orminda de vasconcelos|gloria|30870210|30,-1990824,-4400655;31,-6,-11;35,9,-5;39,-7,-2;42,-1,17;47,1,-17;49,6,-3;54,8,2;59,0,-14;66,5,2;68,9,-10;71,-11,-3;83,-98,109;127,124,-135;128,1,13;135,11,-31;142,4,8;144,-2,-12;155,3,2;165,14,-9;168,-3,1;175,9,-8;180,4,2;193,6,-8;194,8,1;202,4,2;203,8,-17;214,8,4;228,17,-11;242,-4,5;254,17,-3;267,8,-10;268,-9,8;280,20,-1;281,-2,-9;284,-8,3;291,18,-2;298,9,0;304,9,0;305,-14,-2;315,16,-10;316,13,9;324,1,2;327,-4,-12;328,7,0;336,5,7;339,2,-13;340,5,9;351,5,-4;352,0,1;363,6,-3;364,19,4;375,4,-5;376,1,4;387,1,-14;399,8,2;410,25,-3;420,7,-4;429,0,-2;432,8,4;441,4,-8;442,2,25;453,7,-24;454,6,4;466,14,-1;467,-1,-3;478,7,1;479,-1,-11;491,4,4;492,6,4;502,12,-5;503,-5,-5;516,21,-5;517,-14,-1;527,19,-2;528,3,9;540,5,-1;541,7,-9;575,26,-26;576,6,21;587,13,-11;588,2,9;598,3,-1;601,9,-6;611,5,3;614,-1,1;624,17,-3;627,-6,-10;633,17,2;636,-6,3;646,12,-1;647,4,-2;657,5,-12;666,8,3;667,10,6
rua||ouro verde|piratininga|31080280|2,-1981289,-4399518;26,-72,33;30,0,14;32,2,-3;50,-6,4;51,-7,8;52,2,-1;53,-4,5;54,2,3;55,-7,1;56,5,6;57,-9,1;58,6,5;59,-15,20;60,6,-13;61,-1,10;66,-2,-7
rua||ouro verde|santa ines|31080280|5,-1988514,-4391157;15,-2,3;20,-18,9;21,19,0;30,-9,13;33,14,2;42,-14,10;45,14,-2;57,3,11;69,0,13;100,-15,-3
rua||ouro verde|taquaril|30290000|13,-1992002,-4387576;20,5,-5;35,8,1;36,2,2;38,5,-1;40,19,-13;45,-16,10;47,9,12;49,-4,-18;50,20,-9;55,-8,10;57,3,-9;100,16,-8;130,-14,2
rua||ouro verde|vila santa monica segunda secao|31080280|1,-1981298,-4399518;3,-9,-1;4,-8,-1;5,6,7;7,-12,4;8,5,2;9,-10,0;10,8,-9;11,-10,10;12,0,-1;13,0,0;14,-3,3;15,-12,-2;17,-4,8;18,7,-14;19,-21,5;20,15,1;21,-15,0;22,3,13;23,-4,-5;24,2,7;25,-1,-8;26,2,11;27,-1,-9;28,1,4;29,-3,4;31,0,8;33,-1,5;43,6,-20
rua||papoula vermelha|havai|30555190|22,-1995227,-4397673;39,-2,4;41,-10,2;43,-10,-1;49,-8,7;54,19,-2;60,-13,0;66,-4,-9;74,-14,9;78,-9,-4;83,-7,13;92,-2,-9;101,-5,9;110,1,-4;120,-15,5;121,-14,22;130,8,-13;133,-17,27;142,7,-10;160,-18,23;200,-8,22;201,-12,20;206,13,-17;222,-14,17;234,0,9;244,0,3;245,-36,58;253,35,-66;259,-7,12;260,2,7;261,-1,-11;277,2,3;279,-11,3;281,-5,6;284,1,17;296,-10,5;299,1,13;301,-2,7;308,-6,-11;312,-5,17;327,-10,12;330,3,-5;334,-6,8;338,-6,11;341,2,-8;343,6,4;357,-14,16;363,-11,34;365,5,11;367,-16,1;370,20,-49;371,-18,82;373,-4,-5;375,-3,10;376,9,-61;377,-8,65;378,6,-62;380,-9,37;382,-2,1;384,1,-4;386,-2,16;390,-3,17;394,0,7;396,0,1;398,-1,1
rua||passa vinte|santa terezinha|31360080|5,-1987239,-4400682;15,-5,5;20,-7,-6;22,-3,8;24,3,-1;25,-2,1;32,-8,1;35,-1,10;42,-11,-8;45,2,18;52,-15,-22;55,-2,33;62,-3,-10;65,-6,17;72,51,10;75,-53,-9;82,-14,-2;85,-3,12;90,-16,0;95,17,4;97,-6,-1;102,-9,11;105,-1,-7;115,-2,4
rua||pastificio vilma|bairro das industrias i|30610170|6,-1995719,-4401136;7,3,1;8,-4,2;12,1,18;15,8,-2;27,-1,6;34,-1,0;46,-1,16;59,13,26;60,-17,-65;70,5,56;75,15,20;81,4,-1;85,2,24;91,3,15;94,-16,-26;102,5,9;110,2,20;115,-5,-40;120,7,53;125,-7,-66;129,31,89;130,-17,-16;139,14,17;140,-14,-4;147,10,27;149,0,-2;152,-3,-17
rua||paulo alves de vasconcellos|vale do jatoba|30664270|9,-2000695,-4403932;10,-1,11;50,-27,-287;51,-6,-1;55,58,609;56,-49,-600;57,5,-1;66,-6,4;67,-6,5;72,4,-3;73,3,13;82,-1,2;83,-1,7;88,2,-2;89,5,4;98,12,-5;99,-13,11;104,-2,7;105,3,4;114,-3,6;115,2,-2;120,1,9;121,-2,7;127,3,8;164,-6,10;166,8,18;172,-2,9;182,3,9;183,-5,-51;188,7,59;198,-3,9;204,2,2;216,1,11;252,2,33;258,3,10;267,3,12;268,-3,-5;274,1,6;277,3,3;283,-2,12;284,-2,-9;290,1,9;293,-1,6;299,1,6;309,0,11;315,-13,1;326,14,13;329,-1,-3;332,2,11;346,5,1;352,-3,18;386,4,21;392,1,10;402,1,6;408,0,9;418,0,5;448,0,40;454,1,-1;468,1,13;474,0,11;502,3,24;516,0,5;522,0,22;543,0,5;545,4,8;549,2,11;551,1,-9;559,-2,7;561,4,-1;565,-4,11;566,-44,-515;567,48,521;577,2,1;583,-1,11;585,-10,2;591,10,16;593,3,-7;599,3,1;605,-9,4;609,5,5;611,-1,9;615,1,8;625,1,1;641,0,10;655,1,7;664,-1,3;667,2,6;678,2,14;679,0,0;690,-1,13;691,7,-5
rua||paulo nunes vieira|cidade nova|31170050|36,-1989152,-4392700;41,-3,12;52,18,13;53,-23,8;64,13,6;65,8,-16;77,3,19;78,-11,-6;86,9,46;89,-4,-18;101,1,17;102,7,-25;113,-9,34;116,12,-10;125,9,-6;126,-2,30;137,1,-2;138,4,-1;150,8,15;157,-10,18;166,3,-9;174,2,16;186,6,-8;198,-1,24
rua||pedra da varzea|piratininga|31573200|11,-1980961,-4399043;16,0,-6;18,5,-1;20,-8,2;21,-11,16;26,5,-6;31,-13,16;45,-5,12;47,-6,2;55,-10,10;77,-8,11;90,-4,-15;93,-13,30;100,8,-17;105,-9,13;110,-15,-1;117,10,15;122,-11,-17;129,-5,30;132,2,-13;141,-10,9;146,-8,7;152,-2,-4;153,9,12;155,-11,6;158,-9,10;159,2,-1;162,-6,-2;169,1,6;172,-9,9;179,1,-2;182,-27,4;189,18,7;209,-28,29;215,-8,8;217,-3,6;221,-7,9;231,-1,0;235,-20,18;243,7,-5;244,28,-37;250,-8,-2;256,-9,6;261,-30,49;266,28,-34;268,-3,-1;271,-33,40;276,30,-33;281,-47,52;293,-11,15;300,-16,14;301,4,1;308,60,-71;310,-16,15;311,-62,70;312,51,-62;314,8,-5;320,-22,20;330,-2,1;340,-14,16
rua||pedra verde|nossa senhora de fatima|30230620|1,-1993680,-4390424;2,12,-19;6,-17,9;7,0,8;8,-8,-7;9,12,-6;10,-26,10;11,30,4;13,-27,-8;15,-5,1;17,-7,3;19,29,5;20,-27,0;25,-5,-3;30,-9,9;31,-22,-35;33,24,35;35,-8,2;38,-1,-29;45,-14,28;50,0,2;51,5,1;53,-3,-1;55,1,-3;60,-12,9;67,3,-4;79,-14,5;80,4,-10;83,-35,11;85,11,-1;86,9,-2;87,-29,2;89,10,2;92,3,0;93,-24,2;97,-13,-3;98,3,5;100,35,-7;135,-9,3;145,-17,-2;147,-12,-9;155,-10,-5;165,-10,-6;175,-14,-12;184,-27,-10;200,-16,-25;203,16,18;204,-12,-3;207,-9,-22;208,-4,-13;213,5,11;219,-39,2;220,3,-2;240,36,13;255,2,5;260,-41,-5;265,33,4;338,-4,1;375,-20,-3;395,19,7;397,-22,-6;475,-18,-6
rua||pedra verde|piratininga|31570600|8,-1981008,-4398563;20,-14,10;23,2,13;25,-12,12;31,18,-13;32,-15,-6;33,1,6;37,-11,20;40,-30,18;44,35,-36;47,-17,31;50,-26,13;54,35,-33;57,-19,28;58,17,-28;60,-37,36;67,8,0;70,-1,-2;75,-10,5;77,-1,18;80,-4,-12;85,3,7;90,-15,4;95,14,-3;100,-23,11;102,0,0;107,11,1;119,3,7;120,-19,6;121,17,1;129,-16,6;130,-4,-8;141,1,12;142,-13,-7;144,-4,0;155,10,13;158,-12,-3;167,-6,17;170,0,-4;172,-8,-1;174,-11,-4
rua||pedro coelho vergara|paqueta|31340230|7,-1987042,-4399226;15,21,8;27,16,6;36,-10,7;39,19,-5;48,-3,12;49,14,-9;50,188,85;58,-204,-61;59,18,-21;70,-5,6;71,18,-3;91,5,6;96,7,9;108,5,3;112,5,0;120,2,21;130,39,-10;131,-35,-6;142,55,24;150,14,6;162,8,5;163,-19,-20;171,-12,-6;174,43,27;175,-30,-20;177,5,4;180,33,16;183,-28,-14;195,11,3;196,23,17;205,-10,-16;213,10,11;219,10,0;231,15,9;254,47,23;260,-59,-24;270,5,25;271,44,-9;281,-34,-13;282,15,6;291,33,15;293,-34,-17;302,-1,4;308,16,7;320,7,7;340,1,3
rua||pedro vicente|universitario|31255380|28,-1986829,-4394165;39,13,-2;41,-14,8;53,-11,13;57,-21,6;63,5,7;73,-9,-8;93,-26,21
rua||polycarpo magalhaes viotti|bandeirantes|31365300|21,-1986625,-4400189;50,24,3;51,-1,0;70,19,-8;80,20,-2;101,-15,-2;131,57,-24;140,43,4;340,188,-50;360,21,-6;381,10,-10;400,19,0;410,-379,104;450,352,-103;451,-25,15;455,52,-22;460,-72,23;495,65,-62;563,71,22;570,8,4;583,9,-4;595,-349,98;596,363,-98;598,10,-4;600,87,-25;601,-3,-6;613,-14,11;630,52,-14;633,16,-13
rua||porto velho|conjunto jardim filadelfia|30870120|287,-1990936,-4400776;295,16,-27;297,-26,147;299,26,-132;301,4,-17;303,-8,-3;305,19,-9;307,14,-11;308,3,-6;309,4,-4;310,5,-2;311,9,-5;313,12,-11;315,3,-1;317,8,-19;319,16,-7;321,15,-1;323,-7,5;325,34,-30;326,-24,1;327,-7,-24;328,25,37;331,19,-5;345,-180,163;357,130,-143;433,-72,55;435,-54,91;613,155,-190;615,37,2;619,23,-13;621,-23,27;623,7,-12;625,8,0;627,12,-2;631,-27,11;639,31,-8
rua||porto velho|gloria|30870120|25,-1990791,-4400510;41,-15,-15;53,-11,-2;65,-9,-13;77,-7,-8;89,-10,1;90,-1,-1;101,-6,-6;102,-5,0;115,-11,-8;116,1,-2;126,1,-13;137,-18,2;138,1,0;150,-12,-8;151,4,-2;162,-10,-5;165,-19,-20;174,17,10;186,-20,-21;187,-2,5;198,-1,-13;199,-3,2;202,-2,-4;211,-1,-10;212,1,8;222,-10,-27;223,8,23;235,-14,-25;236,4,9;247,-4,-18;248,-2,-8;259,0,-2;273,325,-207;285,-331,188;286,14,-2;300,-8,-25;312,8,-6;344,0,-16;350,-5,-11;356,13,-7;370,24,-34;376,-18,15;378,2,-6;380,7,-18;390,27,-21;460,4,-5;464,-10,7;470,53,-35;482,12,-11;490,-11,17;512,25,-25;516,5,-16;548,14,8;652,43,-23;654,-1,-4;664,40,6;668,15,1;674,14,-9;686,2,-2;698,13,-5;722,19,-4;736,4,-1;742,-23,8;748,42,-16;762,4,-2;774,14,-2;784,12,-5;786,2,-6;846,35,-2;850,0,-4;858,11,-7;870,11,-2;882,19,8;894,-7,-8;906,29,-2;920,15,0;942,5,-3;954,15,-7;996,55,-6;1006,-2,-13;1022,11,-4;1028,8,3;1034,8,2;1044,8,-1;1056,9,-8;1068,20,-5;1080,2,6;1090,8,-8;1104,25,-6
rua||porto velho|novo gloria|30870120|33,-1990426,-4401003;649,-287,88;661,2,-11;673,13,-1;685,14,-7;697,7,8;711,13,-7;723,7,-2;735,16,-6;749,11,-6;763,12,0;773,9,6;781,7,-13;803,-52,20;847,99,-28;869,30,-10;881,9,-2;895,10,4;907,8,-6;921,16,-7;931,9,1;943,8,1;965,11,0;1057,97,-32;1085,19,-1
rua||povoa de varzim|ouro preto|31340060|12,-1987132,-4399004;14,-29,-43;18,10,12;58,38,-9;70,-34,12;72,-2,2;74,-4,-2;128,62,-78;579,-70,65
rua||povoa de varzim|paqueta|31340060|15,-1987133,-4399118;39,-9,-48;51,-1,-2;103,91,-122;133,-23,113;170,18,-14;175,11,-19;177,-10,-2;179,-10,0;195,-76,44;210,100,-77;211,-12,10;213,8,-13;215,-30,80;219,29,-100;220,12,11;229,-20,-10;231,21,-11;240,11,-22;243,-27,12;252,30,-10;261,2,-11;279,-363,357;280,382,-429;285,-58,164;287,29,-91;289,-39,109;297,53,-131;300,2,11;301,-10,-8;312,-12,-5;313,19,-4;314,2,5;315,3,-7;316,12,-5;317,-9,3;319,-17,-31;354,20,-1;355,5,-3;360,4,-19;365,1,16;367,-7,-6;369,-1,-2;381,6,-4;391,1,-9;395,4,-7;405,-1,-4;415,4,-14;425,8,-10;430,17,-50;435,-17,38;437,3,-9;460,38,-77;480,3,-6;481,-29,58;495,-1,-16;507,3,5;509,4,-2;512,86,-137;521,-85,118;527,9,-25;529,2,39;531,11,-57;535,-11,36;549,-5,-23;578,40,-15;580,-11,-25;582,12,29;600,-10,-34;607,-2,-2;617,1,-4;623,22,-67;627,-14,43;641,-4,-56;659,7,47;661,13,-15;663,-7,-3;707,5,-34;709,19,-15;714,-5,11;720,6,-7
rua||quinhentos e vinte|capitao eduardo|31998664|6,-1983188,-4389057;15,-6,19;20,3,10;25,-1,16;30,2,0;35,-7,26;40,7,-26;45,10,49;50,-10,-40;53,17,41;55,10,-1;60,-30,-26;65,35,24;70,-32,-18;75,42,18;80,-36,-11;85,46,12;90,-47,-6;95,58,2;100,-53,4;105,64,-6;110,-59,7;115,59,-7;120,-53,8;125,63,-8;130,-47,3;135,57,-5;140,-51,3;145,62,-5;150,-41,5;160,2,-2;165,60,-5;170,-51,6;172,0,0;175,51,-6;180,-38,3;185,52,-3;190,-45,6;195,55,-9;200,-56,7;205,61,-9;210,-47,8;215,56,-8;220,-48,9;230,10,-2;240,-1,1;245,60,-10;250,-49,5;255,49,-5;260,-33,4;265,52,-5;275,10,0;285,11,-1;290,-57,3;295,62,-5;305,12,-2;315,5,1;320,-49,3;330,12,1;340,2,0;350,3,-2;360,7,2;370,9,-7;390,16,2;400,19,0
rua||quinta da boa vista|lagoa|31575420|161,-1980553,-4399912;173,-6,-9;185,3,-8;198,4,-18;208,4,-9;222,-2,-17;232,0,-10;234,9,-18;236,6,7;250,-6,-27;262,11,-10;500,-30,106
rua||quinta da boa vista|lagoinha leblon|31575420|23,-1980578,-4399763;29,11,36;30,5,-6;31,1,1;33,-5,-39;40,2,31;44,1,-12;48,11,-22;57,-20,-31;60,12,22;72,-5,-2;84,16,-22;91,-13,-18;96,-2,18;108,13,-23;115,-12,-11;120,8,2;123,-12,-1;125,5,-7;127,5,-7;129,-3,-5;131,6,8;132,20,7;144,-28,-21;475,-539,240
rua||raimunda vieira|caicaras|30775140|10,-1989650,-4397068;30,100,46;48,-99,-34;60,10,8;61,15,9;70,-7,0;71,13,4;80,3,3;81,2,-2;83,13,12;91,-9,-10;125,31,9;137,3,-1;140,-3,-2;142,-1,2;149,21,-7;150,-22,7;161,36,-3;164,-6,9
rua||raimundo valadares|salgado filho|30550490|12,-1994539,-4397598;15,-14,36;18,19,-30;29,-23,34;30,4,-18;43,-7,23;50,6,-19;60,-4,18;63,-10,25;70,4,-15;80,-8,-4;90,0,27;100,-20,13
rua||raimundo vieira|santa terezinha|31360210|15,-1987571,-4400763;22,1,-32;85,-3,-3
rua||recanto verde|granja werneck|31748560|4,-1980586,-4390438;735,15,44
rua||reunidos venceremos|bernadete|30622041|1,-1998387,-4398215;8,27,-49;12,-7,17;16,4,1;18,-9,4;20,3,6;22,-4,5;100,13,-30;102,5,-3
rua||ribeirao vermelho|piratininga|31540010|1,-1981761,-4399123;2,-3,7;4,0,2;15,26,98;16,-19,-81;17,13,74;19,3,-12;21,1,11;22,-7,-29;23,3,12;24,-3,-13;26,0,-4;28,-3,-7;29,10,12;30,-4,-5;31,-15,-64;33,12,56;36,18,62;38,6,4;41,-44,-106;45,19,34;60,28,89;73,-45,-102;75,13,2;77,9,4;79,-17,-12;80,38,97;85,-47,-99;89,59,123;90,-7,-12;92,5,20;96,0,5;101,-18,-56
rua||rio das velhas|minaslandia|31812060|5,-1985322,-4392868;15,10,4;20,-6,4;27,22,-1;29,-1,-3;30,-18,1;31,32,-3;40,-31,4;50,17,2;60,16,2;100,24,-6;104,0,4;110,4,-1;114,45,-81;115,-36,77;118,-21,-2;120,34,-2;125,0,3;132,6,0;135,3,5;138,27,-9;148,15,1;158,10,0;165,-25,0;173,4,-5;175,7,1;185,15,-1;195,19,-2;196,-11,6;210,36,-1;215,-6,-1;225,9,-10;230,0,8;235,11,-7;245,12,4;250,-13,2;270,24,1
rua||rio das velhas|sao goncalo|31812060|30,-1985056,-4392878;54,16,-2;269,-24,-14;290,2,10
rua||rio verde|anchieta|30310750|18,-1994764,-4392835;33,1,-38;34,-90,230;43,95,-235;44,6,7;53,-2,-17;54,-4,7;65,11,-21;74,-1,18;129,12,-57;149,-1,-23;150,5,-2;167,9,-24;176,-6,-2;181,-9,10;188,26,-22;199,-17,-15;202,3,-3;221,-28,115;250,45,-153;253,3,-8;274,-2,0;281,2,-40;290,-8,18
rua||rio verde|carmo|30310750|320,-1994700,-4393128;352,11,-18;358,6,-14;374,10,-31;384,-4,-8;394,7,-4;406,0,-12;476,13,-48;505,2,-18;508,-1,-22;517,6,10;529,8,-6;532,3,-12;541,-9,-6;544,8,-7;551,0,12;554,-2,-22;557,-5,-14;565,9,7;568,2,0;569,-2,-6;572,-1,5;576,-2,-4;580,-9,-17;600,9,-8;605,20,-11;616,-10,-36;619,-8,16;631,6,-16;636,6,-2;648,8,-8;651,-5,-11;670,4,-4
rua||rio verde|jaqueline|31748122|34,-1979926,-4394013;128,38,82;146,9,17;164,4,7;186,29,41;210,-9,-3;222,5,20
rua||rio verde|sao pedro|30310750|755,-1994618,-4393503;757,15,-24;765,2,-12
rua||rio verde|sion|30310750|349,-1994693,-4393140;357,-4,-33;365,-3,-21;379,5,15;383,3,-26;393,3,-14
rua||romero gomes vieira|mangueiras|30666330|4,-2001472,-4403897;34,69,-65;250,61,-41;270,-10,16;280,-4,9;300,-17,-5;320,-33,36;340,-17,4;350,-2,7;360,-6,7;370,-15,0;390,-5,17;400,-14,2
rua||romero gomes vieira|vila mangueiras|30666322|640,-2001659,-4403617;650,1,4;660,-8,8;670,-3,10;680,-1,1;690,0,11;694,-5,4;700,1,2;710,-8,12;720,1,4;730,8,-36;740,-18,54;750,3,-1;760,-8,16;770,-6,11
rua||romero gomes vieira|vila mangueiras|30666330|14,-2001532,-4403872;24,-27,11;31,-14,10;33,3,9;37,-6,13;39,2,13;43,-8,6;51,-15,26;53,-18,16;65,3,15;67,-5,20;69,-1,5;73,-6,18;75,1,15;79,-1,18;81,-3,13;82,-2,-4;83,-2,4;94,43,-135;126,-144,351;130,-13,21;134,21,7;136,-27,20;162,-54,100;164,-5,6;168,-9,17;172,-15,25;174,5,4;176,-3,9;180,-12,24;357,285,-652;377,-9,35;383,-8,7;389,0,2;401,-4,2;410,84,-68;418,-7,1;419,-89,85;422,84,-80;427,-83,85;428,72,-71;432,-4,-6;445,-81,83;450,56,-80;451,-48,95;457,0,7;462,40,-90;463,-46,93;468,43,-89;469,-41,96;470,35,-88;474,-1,6;475,-38,80;478,31,-74;482,-5,10;483,-27,63;492,26,-54;496,3,14;498,-3,-3;500,-5,4;505,-5,14;508,2,-8;514,-6,22;518,-5,8;519,-20,54;522,18,-50;526,-8,4;527,-11,45;530,16,-36;534,-3,5;538,0,5;542,-10,12;546,5,3;562,-6,16;568,-4,6;578,-2,23;580,-7,8;586,-8,27;588,-5,3;590,-4,6;600,9,-5;727,152,-254;860,-245,435;870,2,10;880,-13,18;900,-6,12;910,2,9;960,-5,1;980,-7,8;990,-10,4;1000,11,13;1010,-6,9;1020,-9,11;1026,-4,5;1030,-11,12;1040,-1,12;1050,-3,3;1060,1,10;1070,-5,6;1080,-5,8;1120,-10,14;1140,2,7;1200,-23,32;1240,-5,24;1260,-15,28;1270,-4,7;1280,-6,9
rua||saint clair valadares|novo sao lucas|30260410|97,-1992971,-4391005;103,-1,-15
rua||saint clair valadares|santa efigenia|30260410|20,-1992958,-4390910;40,-4,-26;42,3,10;86,-20,-56;88,6,4;94,8,-10;96,-1,11;98,-2,-10;100,1,-25;102,-10,-3
rua||saint clair valadares|vila novo sao lucas|31999899|5,-1992956,-4390895;9,-5,-17;15,2,-7
rua||salomao de vasconcelos|mangabeiras|30210070|20,-1995868,-4391436
rua||santana da vargem|conjunto celso machado|30882500|14,-1988392,-4400787;24,5,-17;34,-1,-11;44,6,-3;54,-2,-8;64,3,-8
rua||sao vicente|granja de freitas|30286070|100,-1990743,-4388279;110,1,-2;140,-20,-20;150,-11,-11;200,7,-3
rua||sao vicente|granja de freitas|30390570|2,-1990699,-4388175;14,-14,-45;22,25,38;30,-11,-6;34,3,-13;36,-5,-8;41,-135,-270;86,117,241;98,-15,-34;102,10,22;200,-85,-141;210,-6,0;330,38,-24;340,-28,-9;350,8,-11;360,-15,-21;370,3,0;380,-8,-21;390,-4,0;400,-17,-13;404,-11,-8;408,10,-47;410,10,28;530,62,-147
rua||sao vicente|nova cintra|30510330|12,-1994570,-4399169;24,0,5;25,7,10;27,9,18;35,-8,-18;55,10,22;65,-22,-44;137,21,6
rua||sao vicente|solar do barreiro|30620180|6,-2000954,-4401175;8,0,3;20,34,48;22,-11,-15;60,-8,-46;86,8,39;96,-21,-20
rua||sao vicente|vila ecologica|30670525|3,-2001061,-4401904;5,-5,-5;6,3,20;8,-3,-17;10,1,19;12,-1,-35;13,4,-10;14,-3,-4;15,-2,10;16,-1,-12;19,-9,33;21,10,-1;22,-16,-7;25,7,-4;26,13,-9;30,-2,32;31,3,-4
rua||sebastiao alves do vale|betania|30580430|2,-1995784,-4398715;3,-27,11;4,35,-20;5,-32,14;6,42,-14;8,8,-7;12,-21,-49;15,-1,64;25,4,-2;35,3,-43;37,1,-2;39,-7,-19
rua||sebastiao vieira|betania|30580370|222,-1996113,-4398667;525,11,-13;533,10,-12;537,5,1
rua||sebastiao vieira|estrela do oriente|30580370|180,-1996145,-4398645;190,-3,11;200,-10,8;210,-19,-7;213,35,-9;223,-8,15;224,-18,14;235,13,-13;236,-23,12;245,18,-8;248,-31,18;257,22,-4;260,-38,15;269,33,-12;280,-52,34;281,35,-23;300,-47,37;307,31,-20;319,-1,0;331,-19,13;341,-5,9;351,-14,10;530,138,-134;532,-5,7
rua||sempre viva|conjunto taquaril|30295416|7,-1991548,-4388075;10,-5,19;12,1,-12;20,-8,5
rua||sempre viva|lindeia|30690360|12,-1997835,-4404885;22,-4,-13;23,4,-2;34,-12,-21;35,10,11;70,-31,-26;71,11,-19;82,-5,-16;83,7,12;85,16,33;95,0,-44;107,-27,-16
rua||serra jose vieira|distrito industrial do jatoba|30668305|95,-2000115,-4403146;137,-26,2;179,-22,4;201,-31,2;279,-26,0;285,-21,1;333,-9,2;345,-9,0;382,211,-12;425,-348,72;471,-26,30
rua||serra jose vieira|santa cecilia|30668272|10,-2000028,-4403173;20,-15,17;32,-6,-2;40,-6,9;50,-11,-5;60,-1,0;72,-8,-1;80,-6,10;90,-7,-7;100,-16,-8;102,6,8;110,-7,-4;112,-5,1;120,-1,3;130,-13,-1;140,4,2;150,-7,2;160,-10,4;170,-1,-1;172,-3,-1;180,-2,2;190,-8,-2;200,-18,1;210,-1,0;216,-12,-1;220,-4,5;226,-9,-4;230,-4,0;236,-6,-4;240,-3,7;250,-7,1;256,-9,-5;260,-12,3;280,-3,0;282,-4,-2;290,-7,3;300,-18,5;310,-1,-3;320,-19,0;352,-40,17;422,-74,22;440,-8,38
rua||serra verde|conjunto taquaril|30290410|3,-1991985,-4387830;5,-42,-29;9,39,6;15,-16,-2;25,-18,9;719,2,0
rua||serra verde|conjunto taquaril|30290440|5,-1991985,-4387741;10,-2,13;15,1,-11;20,2,5;25,-15,-10;30,-1,8;35,-3,8;40,0,-1;45,-10,0;50,12,-11;55,-24,16;60,1,-6
rua||silva viana|alto caicaras|30775500|8,-1990167,-4397086;20,-6,9;22,-4,3;36,10,-10
rua||silva viana|salgado filho|30550290|9,-1994320,-4398278;17,-8,8;28,-8,4;29,4,0;32,-8,10;43,4,7;53,-12,10;54,2,-4;65,-2,12;66,-8,-7;70,3,12;77,7,8;80,-7,-4;89,-11,18;96,-10,-5;113,3,15;114,7,1;125,-18,14;126,-4,-13;130,-10,-2;136,7,18;141,1,6;146,-9,3;157,3,9;158,-11,0;197,-9,31;204,-4,-8;215,4,20;216,-13,-10;220,-2,11;223,-1,13;224,-2,-5;234,-8,7;235,7,1;246,-11,10;247,5,3;258,-6,3;259,3,5;272,-12,-1;275,2,14;283,-5,7;284,-3,-13;305,-6,32
rua||teixeira vasconcelos|cachoeirinha|31150090|22,-1987987,-4395007;48,-17,-22;52,11,18;64,4,7;70,4,-1;116,1,29;120,8,15;126,-1,7;146,16,23;156,-3,-3;158,-3,-14
rua||tereza mota valadares|buritis|30575160|20,-1997123,-4397366;34,-12,20;48,-17,-10;64,-24,16;76,-5,2;110,-9,8;118,-12,8;122,-18,13;136,-8,-9;145,16,-6;170,-33,11;175,20,16;190,-17,9;193,5,12;209,2,23;212,-2,-77;230,-13,65;241,2,33;260,7,12;273,-18,46;290,18,-38;340,-10,19;380,-84,88;409,21,-63;412,-25,14;447,-4,-56;456,7,66;470,-20,-28;486,-23,-17;498,-6,3;503,4,-12;512,-9,11;520,-5,-12;525,-11,-9;531,-26,-3;534,10,7;550,-7,-10;566,-14,5;586,-13,-14;600,-31,17;620,13,13;621,-12,34;630,27,0;637,-32,11;650,5,-18;664,-8,17;672,-8,-5;684,-14,24;685,-13,69;690,19,-67;700,6,47;720,-35,-1;726,29,2;730,-30,17;744,15,-5;820,-12,99;837,24,-22;839,-22,26;853,8,-22;885,1,42;913,-1,19;927,12,21;941,4,18;958,5,13;961,0,-6;989,-5,20
rua||theofilo vieira|estoril|30451672|6,-1995609,-4396586;12,-7,-10;14,0,-1;2221,-13,-8
rua||tres mil duzentos e vinte|mineirao|30672542|126,-2002283,-4402506;127,-7,-2
rua||vaduz|europa|31620540|1,-1980302,-4396624;2,-2,8;3,-5,8;4,-8,8;5,4,7;7,6,-7;10,-12,5;11,-10,12;12,-4,-3;13,-2,13;14,0,-5;15,-14,0;16,1,-3;38,0,16
rua||vai e volta|jardim vitoria|31975080|7,-1985279,-4388564;9,5,14;11,-8,5;13,-1,10;14,-10,12;15,1,-3;16,-9,9;17,9,-14;18,-18,24;19,13,0;20,-9,9;21,6,0;22,-6,12;23,1,-10;24,-5,14;25,4,-5;26,-8,7;27,3,-7;29,-1,11;30,-7,6;33,-2,12;34,4,-2;35,-5,8;37,-4,8;39,-2,8;41,13,-28;43,-11,35
rua||valao|coqueiros|30881150|33,-1989790,-4402004;37,12,-9;47,7,-14;48,7,6;51,-143,144;55,10,-9;57,136,-142;59,0,-4;60,6,2;65,-130,106;68,9,24;71,124,-140;72,11,8;74,8,-17;75,-132,131;76,132,-116;82,-131,122;83,130,-148;87,-130,119;89,57,-42;95,82,-90;96,-134,149;98,155,-160;107,-12,-3;108,-132,156;110,157,-167;119,-26,5;120,34,-5;141,-3,-2;144,-133,132;146,4,-7;147,-5,2;148,9,-6;155,138,-132;159,-137,133;165,138,-140;180,-133,138;202,17,-31;204,10,1;206,6,-4
rua||valenca|carlos prates|30710400|10,-1991180,-4396189;23,-10,-1;34,-4,2;35,-2,1;45,-11,0;47,-15,1;48,12,-4;69,-16,2;78,-14,10;88,-16,-10;98,3,-5;103,3,1;105,-11,11;106,-1,-15;115,-2,4;118,-11,-9;125,9,6;128,-16,-12;136,-6,-4;139,9,9;145,-4,-3;147,-8,-8;148,-21,-1;153,19,4;158,-11,-4;167,-1,-2;168,-10,1;178,-10,-6;189,13,5;201,-11,-10;213,-5,0
rua||valerio|piraja|31910670|9,-1986593,-4392073;10,-2,-6;19,0,24;20,-2,-10;21,-16,-7;23,21,16;34,-3,0;44,-8,18;80,17,33;87,-4,7;97,-3,11;100,9,-6;108,-11,1;109,1,10;110,8,0;120,1,2;121,-1,15;131,-2,0;140,-6,8;143,14,9;144,-11,1;199,-5,54;207,20,17;220,-6,10;221,1,-2;222,-6,7;231,14,9;236,-5,48;247,6,-49;252,-14,17;255,11,1;260,-3,18;263,6,-6;270,-19,15;275,33,-3;280,-24,32;287,8,-21;299,6,21;300,-7,15;301,6,-12;344,-20,31;355,18,-1;356,-12,3;359,14,0;365,-2,14;368,0,3;369,-1,8;370,-4,6;374,8,4;381,1,7;384,-1,7;393,0,-1;394,1,15;410,0,8;415,2,-6;434,3,22;441,-4,-15;451,5,12;458,-5,29;459,2,-6;461,-2,27;470,-3,-1;482,9,6;483,12,10;490,-15,-4;494,-6,11;495,11,0;507,11,8;516,-25,12;519,13,-1;520,-1,-1;529,3,15;530,-1,-2;540,-2,12;543,3,13;554,-3,-4;555,3,8;556,-2,14;571,0,-14;583,5,17;591,3,5;602,-2,-8;603,2,32
rua||valinhos|itaipu|30692070|30,-1999325,-4405095;31,-8,-13;40,8,10;43,-12,-18;50,9,5;55,-6,-14;60,7,0;67,-17,-15;79,10,-17;81,-8,-9;93,-7,-9;168,5,-1
rua||valinhos|vila piratininga|30692070|91,-1999349,-4405189
rua||valparaiso|sion|30315580|127,-1994915,-4393577;293,0,19;303,-7,6;314,3,9;327,4,18;360,-8,32;370,9,-33;377,-11,38;385,4,-2;388,-13,-5;389,6,8;406,18,17;419,-24,12
rua||varese|bandeirantes|31340390|25,-1986092,-4399336;37,-2,-4;65,-2,-10;85,-21,-29;100,11,-12;125,-22,-11;148,6,-13;173,-23,-21;180,-7,-34;188,-11,-25;191,6,33;203,-42,-50;260,12,-29;280,12,15;290,-23,-32;300,-5,-25;317,-37,-45;320,31,36;340,-11,-16;360,-16,-26;380,-12,-78;409,0,85
rua||varginha|colegio batista|31110130|140,-1991270,-4393686;152,5,-4;161,13,11;162,1,-3;189,24,16;190,-6,-5;210,18,8;215,12,-11;228,4,20;235,21,-13;244,23,8;245,-12,-5;292,-1,86;293,55,-62;308,-1,-3;315,8,-14;324,15,13;331,-8,14;334,-23,-13;337,34,3;344,0,-6;352,6,11;356,0,5;362,10,3;371,7,-15;381,15,10;382,-4,4;391,12,-1;397,8,1;398,-7,6;441,31,-12;445,4,11;450,16,-2;463,14,10;468,3,4;480,8,2;485,7,-1;500,34,-5;501,-27,11;521,13,16;531,11,-3;538,5,0;541,2,10;560,21,3;630,81,9;631,3,6;665,48,12;700,4,1;777,61,16;787,7,6;790,-14,1;801,30,2;806,-9,-3;815,19,12;816,0,-12;862,35,16;867,13,1;872,-15,-3;881,15,3;882,2,5;892,6,1;895,-3,-5;901,9,2;902,8,17;912,10,-12;922,5,-9;931,7,9;939,9,-1;942,9,7;949,-7,2;954,13,29;955,-7,-25;962,16,3;965,-6,-4;976,13,4;977,-2,-1;999,30,1;1008,4,-6;1011,-1,6;1028,-13,-2;1031,16,-3
rua||varna|europa|31620000|10,-1980039,-4396546;13,-36,2;20,56,-4;23,-32,-16;30,31,-1;35,-27,9;41,13,-7;46,41,12;47,-24,-21;57,5,2;67,15,-5;69,10,-8;70,8,7;71,-13,-5;74,13,-6;77,2,7;80,29,15;81,-27,-19;87,0,-20;90,26,17;99,-12,-4;107,22,-11;110,-1,8;111,16,-19;120,-6,13;130,-4,-4;140,10,-12;150,9,-6;160,9,-6;167,-14,-1;170,2,12;179,10,-20;180,16,-10;190,4,-7;191,-19,20;197,14,-12;200,17,-14;201,-14,13;207,13,-15;210,8,-3;220,3,-8;222,10,-10;223,-18,9;237,9,-7;259,28,-25;267,11,-14;275,8,-12;285,8,-6;287,20,-33;290,-10,18;295,27,-32;300,-2,9;307,3,-12;310,1,5;320,-2,-9
rua||varna|jardim dos comerciarios|31620000|250,-1979843,-4396701;260,41,-9;270,-19,-16;280,8,-4
rua||varsovia|europa|31620470|17,-1980214,-4396962;23,13,-4;30,-16,7;35,18,-10;40,3,12;44,8,-16;45,3,-1;57,11,-9;60,10,2;66,5,-15;72,5,7;73,-16,2;84,34,-8;85,-25,4;94,34,-4;97,-21,1;109,5,-5;121,7,-25;124,15,21;143,1,-11;155,15,0
rua||varzelandia|candelaria|31510310|6,-1981413,-4396451;8,-2,-15;12,8,-61;14,1,-13;16,-2,0;22,0,-16;26,2,-6;38,-1,-3;43,-1,57;50,14,-68;57,-19,58;62,6,-74;71,-10,62;86,11,-69;97,-9,57;98,13,-73;99,-26,39;102,19,-42;109,-3,31;110,4,-48;122,5,-9;134,6,-20;135,-12,58;137,-4,-13;145,-1,2;146,9,-51;157,-7,41;167,4,-26;181,3,-7;193,0,-18;196,3,-7;205,-1,-1;206,2,-13
rua||vassouras|aparecida|31230610|700,-1989698,-4395762;707,-3,-14;708,-4,-2;717,-3,-14;718,7,4;727,-14,-8;728,11,-3;738,1,-10;739,-13,6;749,5,-18;750,5,9;760,-2,-6;761,-4,-14;770,3,10;773,-4,-19
rua||vassouras|bom jesus|31230460|178,-1989626,-4395255;182,-2,3;192,0,-16;198,-3,-10;210,-5,-13
rua||vassouras|bom jesus|31230610|19,-1989621,-4395121;32,1,-10;33,-1,-2;41,-6,-8;42,6,3;51,-3,-13;56,4,0;68,-5,-10;71,3,1;80,-1,-11;81,0,27;93,0,-37;98,3,4;100,-7,-15;101,-6,-11;159,3,-113;169,-1,62;179,-13,-4;189,8,-10;199,-8,-9;211,7,-19;225,-2,-7;235,-3,-3;264,7,-40;270,7,-7;271,-15,7;282,5,-30;287,-6,13;290,8,-14;301,-16,-9;302,19,-2;314,-4,2;324,-1,-16;327,-7,-11;330,3,-3;333,-6,-4;342,19,-41;343,-18,44;352,24,-31;353,-29,16;362,19,-8;363,-14,-1;365,1,-1;452,-14,-88;455,0,-1;464,3,-14;465,9,2;474,-13,-9;475,0,2;484,1,-5;485,3,-8;491,-6,-10;494,1,4;508,-3,-10;509,2,-1;522,-5,-9;523,3,-10;553,-10,-20;562,8,-5;563,-12,-9;573,-2,-11;576,5,0;580,-1,-11;583,-2,-1;593,2,-8;594,-2,2;604,-4,-12;605,1,-6;614,-1,-2;615,-2,-7;624,5,-3;625,-11,-4;631,-2,-15;634,10,10;635,-8,-7;640,1,-1;647,3,16;657,-116,101
rua||vassouras|nova esperanca|31230610|781,-1989730,-4395888;791,0,0;801,4,14
rua||vaticano|gloria|30870060|10,-1990920,-4400419;37,-17,-7;38,23,7;40,-4,5;50,-11,-11;55,-17,2;60,-1,-12;69,-16,-4;74,4,-1;79,-15,5;82,12,-4;95,-18,8;97,-5,-13;98,16,1;107,-25,-4;108,14,-1;109,-30,-5;118,18,-2;119,-20,-1;128,4,1;130,-11,-7;131,-4,4;145,-12,-9;150,11,4;151,6,0;157,-26,-7;160,12,5;165,-25,-13;226,-22,-19;236,-17,0;248,-8,-6;253,-8,6;263,-7,-5;266,6,-3;273,-22,-3;280,12,4;284,-2,-3;286,-9,-4;289,-14,-8;294,7,1;301,-16,0;310,4,-4;313,-12,3;315,-1,-4;322,-11,-8;325,5,5;326,-11,-2;330,-14,-13;349,1,4;359,-9,2
rua||vazante|ipiranga|31140590|28,-1988732,-4393272;32,-4,8;33,7,-19;44,-23,-3;45,14,11;56,-19,2;68,-6,4;72,-12,-7;79,-4,4;80,-15,-1;88,11,3;90,-30,10;91,25,-22;97,-21,15;101,-10,0;136,-8,11
rua||vega|santa lucia|30360420|11,-1996442,-4394609;22,-30,-6;23,17,13;29,-8,0;45,-21,4;56,-4,20;85,-33,11;100,-20,-4;105,4,5;117,-8,7;128,-19,-1
rua||veiga|olaria|30660620|22,-1998853,-4403267;25,-18,-31;34,0,-14;36,5,24;37,-2,-8;44,1,-4;45,-7,6;54,10,-22;55,-22,10;80,88,4
rua||veneza|conjunto taquaril|30295350|5,-1991477,-4388059;15,6,1;25,7,-7;35,3,-4;45,9,-16;55,4,-3;65,13,-6;75,-6,-7;85,12,7;95,-2,-18;105,12,-15;115,3,-17;125,6,-13;135,3,-8;145,-1,-6
rua||veneza|nova suissa|30295350|16,-1993408,-4397382;26,7,-17;31,-4,-24;38,0,16;48,-3,-9;70,3,-21;78,1,-12;105,-3,17;115,1,-18;125,8,-8;140,-2,-27;141,1,-15;142,3,3;143,-2,-20;152,10,-1;162,-2,-11;165,-10,5;172,12,-9;175,-6,2;188,5,-24;195,-6,6;215,3,-13;227,14,-9;239,-3,-13;265,-5,-21;270,6,-24;280,-1,-4;290,10,-9;291,-12,-9;301,5,-5;302,-4,-8;309,12,-78;311,-7,75;312,5,-2;320,-10,-11;330,4,-2;343,14,-27;350,-11,-14;353,-1,9;362,-2,-10;365,1,0;375,2,-13;378,0,-6;382,1,-3;386,1,-6;389,2,2;390,-1,-11
rua||veneza|taquaril|30295350|10,-1991473,-4388047;20,9,-10;30,3,-8;40,-2,-9;50,7,-8;60,2,-13;70,16,-11;80,-4,-4;90,10,-3;100,1,-15;110,9,0;120,10,-16;130,3,-23
rua||venezuela|sion|30315250|140,-1995017,-4393595;171,92,18;181,-12,-4;197,-20,-14;208,-6,11;212,16,1;215,-13,-20;225,-25,9;252,-49,-19;262,-1,6;265,-9,-4;274,3,-4;282,-15,-1;302,-16,-26;307,30,36;313,-34,-17;317,-1,1;321,-5,-4;325,-12,-14;326,5,10;329,20,-12;338,17,42;341,-69,-42;343,56,20;361,-88,-25;410,-29,-12;428,-21,1;431,10,-1;440,-10,-11;452,-23,7;455,1,7;466,1,-18;524,-59,-9;540,-18,-15;574,-23,17;585,-5,11;598,2,-33;610,-47,34;619,14,-19;643,-41,0;644,34,-27;646,-31,8;648,15,-8;650,1,0;652,0,3;654,-12,-15;656,0,6;658,-2,-3;886,264,60
rua||venus|parque sao pedro|31610190|10,-1981419,-4395080;16,-2,-2;32,-4,-1;62,-44,12;74,-9,3;86,-11,16;104,-26,8;110,-15,-6;122,-1,19;146,-16,5;170,-7,2;180,-17,2;190,-6,3;200,-21,11;209,32,-11;210,-40,19;212,-1,0;215,-5,15;218,-5,-12;220,-2,3;229,-2,-2;233,11,-6
rua||venus|vila satelite|31610190|215,-1981629,-4394987;219,-7,0;221,-4,0;223,-6,2;225,-3,6;226,15,-15;227,-17,15;235,-8,-3;236,23,-17;242,-14,20;247,-15,14;248,6,-10;250,-5,10;254,-4,-2;256,-1,6;258,-2,2;260,1,6;295,6,-5;321,-10,18
rua||verdejante|sao gabriel|31980480|12,-1985120,-4391158;15,20,-9;17,1,7;24,-3,10;33,23,-15;35,4,0;36,24,6;46,-40,11;58,25,-18;64,4,-9;70,7,10;78,7,6;90,13,-1;97,-9,-6;101,9,1;107,19,-5;108,-8,6;117,20,-7;122,-7,5;129,6,-14;131,20,3;132,-15,11;135,26,-6;142,-23,7;147,31,-11;152,-9,6;166,-43,25;178,54,-26;181,1,-3;182,11,0;189,-12,-4;192,18,7;201,-1,-2;211,9,-13;212,54,10;214,-42,4;215,1,-3;216,7,-6;218,-19,4;219,49,1;222,14,-5;228,18,-1;232,9,5;242,19,-6;245,-39,4;246,51,-3;255,-47,-4;256,57,4;259,-53,-8;267,16,4;269,-10,1;275,19,-1;289,14,1;309,16,18;310,22,-13;321,-15,-15
rua||verde|jardim vitoria|31975070|1,-1985299,-4388574;2,-1,-14;3,1,24;4,4,-13;5,-8,19;6,0,-10;7,-12,27;8,7,-17;9,-12,35;10,6,-35;11,-2,31;12,6,-14;13,-13,19;14,11,-10;15,-7,-15;16,6,20;17,-10,21;18,7,-12;19,-17,26;20,11,-19;21,-11,13;22,9,-3;23,-15,21;24,8,-10;25,-9,24;26,6,-20;27,-8,26;28,6,-19;29,-7,25;30,6,-18;31,-12,30;32,9,-29;33,-11,32;34,11,-21;36,-5,10;38,10,1;40,-12,5;42,31,-80;43,-32,101;48,19,-75;49,-25,66;51,20,-55;52,-15,59;54,1,2
rua||verdum|grajau|30431183|10,-1994066,-4396482;21,-20,10;40,0,0;41,-29,12;51,-5,6;60,13,-2;75,-33,12;82,18,-15;85,-36,29;90,29,-23;95,-27,34;100,9,-23;110,5,-3;118,-17,25;123,7,23;130,13,-34;144,-31,20;160,-23,16
rua||veredinha|pompeia|30280520|48,-1991637,-4390457;57,11,20;58,-8,-3;69,11,9;81,2,3;82,-6,10;93,6,1;94,-9,1;95,31,0;100,-26,1;115,12,23;130,-7,21;135,7,-9;140,-5,15;141,4,2;151,13,10;152,-12,-2;160,5,15;161,5,0;168,-4,0;170,-2,-4;171,8,12;175,6,9
rua||vergara|coqueiros|30881008|153,-1989731,-4402302;163,-7,-5;175,-20,-31;187,15,11;199,-8,-11;211,-5,-9;223,9,-3;235,-2,-13;247,-5,-9;271,-8,-8;273,-1,-6;384,29,94;401,-30,-117
rua||verissimo|salgado filho|30550270|30,-1994275,-4398286;31,-12,3;43,-7,-5;52,2,-3;54,3,2;66,-13,4;78,-10,-7;88,-11,-9;100,-13,0;112,-5,-1;126,-13,-1;138,-9,-4;147,22,10;149,-37,-14;150,11,1;160,-26,-5;163,-5,1;173,-10,4;174,13,-10;184,-19,-2;185,-2,7;193,-8,-6;195,6,3;198,-4,-4;199,-6,-1;222,-45,-12
rua||verona|bandeirantes|31340450|25,-1986138,-4398826;45,-28,-14;71,-22,-12;80,36,11;86,-19,-17;95,-23,2;110,17,1;130,-14,-12;150,-24,-6;175,-13,-1;176,-6,-16;185,-62,-18;190,52,19;220,-38,-25;231,-27,2;250,-3,-22;261,-20,4
rua||veronica|sao salvador|30881560|327,-1988934,-4401422;391,59,29;410,-2,-5;411,-15,-3;420,7,2;422,-1,-5;431,-13,-4;434,2,-1;444,-2,-18;451,-14,17;461,-28,-27;465,-4,-10;467,-15,-9;485,0,1;491,-10,-11;545,-17,-11;546,47,34;555,-48,-38;556,36,27;567,-56,-38;568,50,40;575,-66,-36;579,-3,-10;580,54,30;590,-2,1;592,-11,-9;594,-12,-7;600,-17,-23
rua||veronica|serrano|30881560|14,-1988583,-4401175;26,-8,-8;85,30,35;95,-9,-10;105,-18,1;138,-46,-50;144,-3,-1;145,9,6;153,-14,-11;155,-8,-9;157,3,4;165,-13,-4;166,3,-7;168,3,0;170,-7,-2;171,3,-2;172,-3,2;180,-13,-4;185,2,-2;190,-1,3;193,-12,-9;195,-1,-3;197,-6,-3;200,14,11;211,-14,-18;238,-37,-27;250,-8,-10;259,-3,9;263,-8,-6;265,-8,-7;271,-7,-7;275,-28,-23;340,30,25;347,-71,-53;352,53,52;364,0,-20;374,-15,-6;390,-28,-23;394,-11,-6;416,90,57
rua||versilia|bandeirantes|31340730|50,-1986012,-4398182;70,-26,-6;140,-54,-15
rua||vertentes|conjunto celso machado|30882050|36,-1988873,-4400871;37,-3,-7;48,1,5;49,10,-2;60,9,10;61,-6,-7;72,14,5;73,-2,-2;84,5,2
rua||vespasiano|horto florestal|31060120|1,-1989755,-4390800;2,4,9;3,-6,9;4,-8,15;5,-3,7;6,-4,8;7,-1,-1;19,59,-104;33,5,5;41,7,16;51,2,4
rua||vestal|gloria|30830270|15,-1990686,-4400024;31,-7,13;34,-23,64;40,-37,-7;44,29,-41;45,20,-15;55,-6,11;58,-15,-2;65,-16,17;68,-10,-16;70,18,16;85,-14,17;88,22,-23;118,-22,34;126,-9,7;130,-8,4;136,5,12;138,-3,0;140,-1,7;156,1,2;162,0,4
rua||vesta|alto dos pinheiros|30530500|560,-1993407,-4400072;572,-7,-19;584,1,1;596,2,-17;618,-4,-6;628,-7,-27;650,0,-9;660,1,-3
rua||vesta|joao pinheiro|30530500|2,-1993229,-4399590;10,21,-31;15,-16,31;20,-13,-17;25,4,11;35,-7,-8;36,-5,-10;45,1,4;48,-10,-10;50,-10,-16;57,-6,26;67,11,-18;72,-26,-27;77,18,26;87,-4,-7;97,-9,-8;100,-14,-16;107,6,7;110,-7,-15;113,72,80;117,-75,-73;125,-9,-25;127,-11,-16;128,11,18;133,-13,-22;135,-6,-5;137,1,-8;140,6,21;145,-11,-31;178,9,9;200,2,2;206,-9,-14;210,-4,-14;215,0,16;217,-2,-4;229,-7,-19
rua||vesta|oeste|30530500|263,-1993397,-4400006;395,22,99;397,-3,-18;398,10,6;407,-12,-13;410,7,-9;423,-7,1;433,-23,-2;436,20,-27;503,-12,-46;515,-10,-13;571,-9,-51;585,-1,-8;597,-4,-17;609,-1,-12;617,-2,-4;621,2,-13;682,-11,-61;701,-6,-17;704,3,7;710,-15,-5;721,10,-16;722,-7,26;723,-3,-32;734,8,0;735,-15,-16;748,10,-10;749,9,2;761,-10,-14;773,-3,-8;774,1,-6;777,-5,-6;785,-2,-2;786,7,6;791,-6,-15;792,1,8
rua||viamao|alto barroca|30431020|510,-1993148,-4397023;521,-8,-1;532,-2,3;541,-19,-2;544,7,6;553,-14,4;555,-1,-6;556,20,5;591,-64,12;592,3,-8;603,-10,14;610,1,-6;616,6,-3;617,-7,2;625,-84,19;626,70,-15;636,-2,-11;643,-23,-30;646,7,48;660,-4,-4;661,-3,5;670,-10,-3;673,2,2;680,-6,0;685,0,2;690,-14,2;691,6,-5;706,-23,11;711,8,3;716,-9,1;723,-5,-6;724,3,5;765,-38,23;770,-2,-23;779,-15,14;789,-19,3;790,18,-6;800,-7,0;801,-7,-1;809,3,6;812,-1,-2;821,-20,3;828,26,12;835,-39,-7;840,28,2;847,-29,2;852,-22,-3;857,19,27;869,-23,-9;870,8,-16;880,-30,8;887,9,4;901,-5,-1;954,-41,12;955,-12,3;966,0,4;967,-13,4;976,5,-5;986,-17,2;987,-15,4;996,-16,3;997,12,-1;1007,-6,7;1019,-14,-3;1026,-10,2;1027,8,2;1037,-21,-4;1045,-8,3;1048,11,0;1055,-32,7;1060,12,9
rua||viamao|calafate|30411253|35,-1992692,-4397132;45,-38,-6;48,2,-8;55,-12,6;58,-1,4;65,-1,-3;75,-12,5;101,-21,6
rua||viamao|grajau|30431253|1080,-1993646,-4396900;1087,-8,11;1095,-6,-3;1106,2,-2;1111,-25,6;1119,10,1;1123,-23,6;1130,1,3;1133,2,-8;1138,3,5;1139,-10,21;1140,-7,-23;1171,-24,8;1213,-33,12;1240,24,-10;1247,-23,34;1267,-39,-12
rua||viamao|prado|30411253|119,-1992789,-4397127;120,-9,4;129,2,1;134,-15,5;139,4,-4;146,-15,16;150,-9,-9;153,16,2;155,-75,22;161,48,-24;167,0,3;173,-1,2;201,-29,7;210,8,-19;220,-14,23;221,-4,0;231,-5,-2;232,-8,7;251,-23,9;262,12,-6;265,-32,2;274,11,6;277,-17,-3;284,-1,1;287,-12,4;294,7,-1;299,-19,1;300,10,-2;311,-23,3;314,6,5;323,-20,0;326,17,2;344,-29,17;347,6,-12;370,-23,4;386,-11,5;390,-8,2;392,4,-1;400,-2,4;401,-2,-3;413,-6,-7;421,-6,1;429,-13,2
rua||viana|conjunto jardim filadelfia|30881280|3,-1990837,-4400919;5,-4,-15;7,0,-6;10,-14,-34;13,27,59;15,-23,-53;17,18,61;20,-13,-36;25,-10,-37;30,-2,-9;32,27,88;35,-28,-86;40,27,80;42,1,2;250,-3,-2;280,2,-2;300,-2,-11;319,7,23;335,-6,-10;428,-10,-33;435,11,28
rua||viana|sao salvador|30881280|2,-1989405,-4401617;5,6,24;8,43,43;12,0,0;22,-37,-40;23,17,16;25,-3,-11;32,-15,1;33,23,20;46,-8,-7;55,20,9;58,-1,10;69,3,-9;87,1,15
rua||vicencia|sao gabriel|31985130|5,-1985350,-4390773;15,-3,-4;16,-11,-7;18,-56,-56;22,-112,-122;25,178,189;32,-167,-169;35,158,152;39,-2,3;40,-149,-140;46,18,3;48,2,1;58,8,18;61,113,110;66,3,-1;67,-110,-105;68,102,92;69,-91,-86;70,-15,-1;71,98,90;72,-1,-4;77,-84,-85;80,-4,-1;81,84,78;82,-5,4;83,-64,-78;88,-12,0;90,4,0;91,64,69;94,-4,-9;96,-49,-48;98,45,42;99,-42,-44;100,3,20;105,29,23;117,-10,-14;120,-8,-3;121,22,14;122,-2,2;124,0,1;126,6,3;128,-30,-21;130,38,31;132,-23,-22;135,-10,3;340,-58,-70
rua||vicente vono|tirol|30662460|25,-1998859,-4404216;30,-2,-7;37,-3,12;40,-4,-24;47,0,14;50,-6,-24;57,-7,6;62,-5,-17;67,-5,5;74,0,-6;79,-8,1;86,13,-36;91,-24,32;98,2,-13;103,-5,5;110,-7,-13;115,-4,5;117,-3,-3;127,-4,-5;130,4,-7;139,-5,1;151,-22,-14;174,-17,-20;185,-2,-1;194,-4,-9;203,-11,-5;206,1,-5;215,-11,-7;216,9,5;225,167,-258;226,-176,253;227,-11,-4;234,4,-5;236,-3,0;246,-9,-10;258,-5,-7;261,-7,5;273,-64,-39;276,67,22;285,-18,2;288,6,0;298,-7,-8;299,-11,-6;306,-7,-5;308,2,-8;311,-5,-6;333,-15,-1;341,7,5;359,-22,-16;369,-20,-7;382,13,-4;387,-34,10;392,17,-13;399,-25,2;400,17,-1;401,-35,9;410,23,-10;415,-38,11;420,33,-13;421,22,16;429,-59,-7;430,23,-9;435,-34,6;453,-8,3;456,26,-3;465,-42,-8;468,35,10;475,155,67;480,-173,-71;487,-46,2;490,41,-3;526,-36,4;540,-6,-7;552,-10,-10
rua||vicentinos|planalto|31730760|263,-1984198,-4394183;315,2,-13;317,21,11;325,-17,33;355,15,-17;356,-8,13;382,1,53;385,48,-56;394,-30,-12;402,11,1;412,-6,12;422,-1,0;432,-8,-16
rua||vicentinos|planalto|31810000|247,-1984200,-4394200
rua||vicosa|estrela|30330160|860,-1994865,-4394056
rua||vicosa|santo antonio|30330160|48,-1994095,-4393781;50,19,-34;52,-34,54;58,-26,-27;190,-87,-13;200,1,-5;210,-10,-10;226,-19,8;238,-2,-7;250,-4,13;270,-28,-14;282,-31,5;306,14,-32;330,-36,8;344,-17,12;354,2,-11;366,-13,-1;384,-16,-10;424,-39,-15;434,-35,3;448,6,-12;458,-22,-20;460,-16,8;466,-19,5;482,-22,-15;484,-1,-1;486,4,3;510,-31,-19;530,-22,6;542,-3,4;572,-33,20;618,-35,-51;622,-8,-4;624,-18,10;632,-3,-7;636,-15,-4
rua||vicosa|sao pedro|30330160|11,-1994072,-4393757;17,-33,-12;31,17,8;43,-7,-10;59,-6,5;61,13,5;113,-61,-10;117,2,-1;121,-7,-29;137,-21,31;153,-13,-19;173,-16,-1;181,-3,-1;191,-12,-4;197,-7,-7;215,-20,-3;229,-4,1;263,-27,-13;277,4,-3;283,-33,-9;305,-14,5;337,-40,-17;363,-12,-4;373,-14,-3;407,-35,-6;411,1,-4;415,0,-1;419,-8,-3;421,11,4;427,-13,-4;443,-37,-10;455,-39,-21;463,32,18;471,-52,-22;477,-2,-35;479,3,47;501,-88,-32;513,55,20;533,-28,-5;551,-11,-15;561,-8,-7;567,-3,-5;573,0,18;611,-48,-4;621,-17,-9;631,12,8;641,-17,-26;688,-46,4;691,-13,-22;694,6,3;700,-8,-9;701,3,20;710,-20,-33;711,2,16;727,4,-5;744,-22,-25;754,-15,12;762,7,-9;763,-10,-16;768,9,12;778,-23,-28;779,0,17;799,-12,-5;806,5,-6;809,-9,7;816,-5,-34;821,-33,1;831,13,0;836,12,-2;848,-7,-4
rua||vidigal|lagoa|31575310|9,-1980864,-4399634;11,14,-10;15,9,-3;37,11,-7;47,7,-12
rua||vidigal|lagoinha leblon|31575310|16,-1980833,-4399655;36,7,-12;48,28,-19
rua||vieira|conjunto taquaril|30290613|11,-1992329,-4387262;225,75,-3;305,25,5;310,-3,-5;315,-17,1;335,-79,3;350,93,-9;355,-95,13;360,1,1;365,27,-6;391,-31,4
rua||vieira|taquaril|30295145|295,-1992352,-4387254;390,4,-2;395,-10,8;415,-26,-4;430,-14,8;435,-21,9
rua||viena|copacabana|31550120|15,-1983700,-4399013;17,7,1;25,13,7;26,-11,-1;36,14,2;37,1,3;41,14,14;51,-1,2;73,10,10;75,-2,1;113,21,24;114,-1,-1;149,-8,-12;166,33,51;168,6,10;200,-54,-66;211,13,1;217,27,49;228,-21,-40;229,15,21;257,10,17;263,3,4;265,15,28
rua||vigia|sao geraldo|31050670|17,-1990215,-4389695;27,-18,-2;30,-10,-7;33,3,8;44,-15,1;47,3,7;58,-27,6;61,15,-4;72,-19,0;75,13,4;88,-28,-22;97,0,33;100,-14,-8;111,9,8;114,-17,-5;125,4,11;127,-1,13;128,-21,-16;139,12,5;140,-33,-13;153,17,20;175,-23,3;180,-24,3;185,12,-1;188,-1,-6;192,5,-12;196,-3,-15;200,11,-11;205,-22,51;210,-18,2;215,4,1
rua||vila velha|coqueiros|30881170|1,-1989744,-4401716;2,-1,55;10,12,-28;21,-9,20;27,0,-14;35,1,-16;53,-34,-271;63,-8,-13;89,-24,-23;90,1,-10;95,64,252;105,-2,-17;106,-65,-242;107,60,252;115,3,-10;117,3,-6;125,2,-8;126,3,40;135,-4,-57;139,-89,-233;145,-18,-3;214,118,312;220,-6,-33;225,-10,-36;226,7,32;230,9,-111;234,-9,102;235,2,-101;250,-3,75;268,1,-52;270,0,-2;272,0,-8;274,1,-7;280,1,-20;282,3,14;285,-3,-8;290,5,-29;295,-7,20;305,-6,-16;315,2,-14;329,-7,-8;330,-3,-30;335,-8,28;343,6,-12;348,-8,-14;352,-5,-9;357,1,26;358,-7,-31;370,-8,2;383,8,16;429,-54,-38;433,2,-26;438,7,1;445,-14,-6;453,-10,-12
rua||vilma|piratininga|31573374|100,-1981499,-4399531;110,5,10;115,-1,-5;117,6,4;120,6,4;130,2,0;135,16,15;140,-5,-6;145,7,15;150,0,-12;155,7,23;160,-4,-18;170,-2,7;180,7,1;186,4,3;198,1,5;208,13,6
rua||vime|araguaia|30622360|11,-1998844,-4399457;12,2,-5;31,-20,-10;42,17,6;43,-23,-12;55,-10,-6;67,-4,-7;72,23,18;85,-48,-29;87,18,5;96,9,14;98,14,11;108,-21,-25;120,-8,-10
rua||vinhatico|nova gameleira|30510800|5,-1994724,-4399376;10,43,-117;15,-34,68;18,6,29;25,-11,-15;28,28,11;32,-13,-22;35,-7,2;42,22,-22;45,-6,0;52,-4,-22
rua||vinhedo|itaipu|30692500|2,-1999530,-4405034;6,7,-3;11,-21,8;16,30,-9;20,12,-4;30,16,4;33,-49,4;40,58,-5;43,-40,3;50,51,-7;60,4,0;70,15,-2;73,-41,4;80,55,-11;83,-40,9;86,31,-5;93,-25,0;96,39,0;103,-29,1;104,61,-3;105,-46,0;107,0,-3;123,-2,2;128,27,-11;130,59,2;133,-69,11;140,75,-16;143,-60,25;147,33,-23;150,41,-7;151,-36,5;155,16,-6;160,41,-1;167,-15,-2;180,21,-4;189,-3,5;191,16,-10;192,7,3;203,10,-14;204,-14,15;215,21,-5;216,4,1;227,4,-2;228,0,5;233,19,-4;237,8,-9;239,-10,-1;240,0,13;241,12,-8;249,1,-5;252,-9,5;259,9,2;264,5,-4;267,21,-6;276,-7,7;302,29,-5;340,23,-9;344,10,-4;371,-6,0;372,16,2;378,13,-6;379,-17,3;385,13,7;397,13,-13;400,16,-4;403,1,-2;405,0,2;409,8,-9;435,16,3;445,15,2;449,7,-6;455,3,0;472,10,6;475,0,-5;485,13,-8;487,2,6;489,43,-20;494,-41,16;510,4,4;552,47,-12;557,8,-22;564,-3,23;569,12,-9;576,-1,6;581,6,-10;588,7,7;591,8,-6;600,8,18;603,0,-17;612,-1,0;615,10,-6;624,-1,5;627,15,-8;629,16,-2;631,7,2;632,-26,6;635,38,-2;636,-22,-6;639,24,-2;652,-2,-1;654,-25,-17;656,12,37;658,16,-6;734,116,-38;736,2,-2;740,-4,4;742,10,-6
rua||vinhedo|vila piratininga|30692500|67,-1998852,-4405175;170,102,-23;180,-2,9;645,-92,10;649,-10,3;660,-8,3;661,-4,-6;663,35,5;667,-31,-33;669,30,28;678,-20,3;679,16,-1;680,-8,-1;690,19,5;700,-1,3;702,18,-9;704,-19,11;705,7,-11;708,21,0;709,-5,14;715,1,-14;717,1,4;719,0,0;720,6,-7;721,14,-5;723,16,-14;730,-18,20
rua||vinho|goiania|31970105|11,-1985846,-4389365;21,-1,-9;31,0,-3;41,-4,-15;51,-4,-6;61,-2,-11;71,-4,-5;81,-3,-14;91,1,-8;93,-3,-12;101,0,4;104,9,2;111,-10,-10;121,-1,-17;130,-14,-49;131,11,40;140,3,-13;141,-11,5;161,0,-15;173,-3,-8;180,-9,-28;190,2,-5;201,-6,5;205,5,-13;210,-1,-5
rua||vinte|capitao eduardo|31998682|14,-1982512,-4388734;21,13,-4;70,50,-9;80,4,-2
rua||vinte|grotinha|31990530|11,-1985071,-4389336;13,3,3;15,32,173;65,-6,-24;102,-11,-105;104,-1,-23;106,3,41;108,-2,22;120,2,-10;203,14,98;207,20,8;210,29,0;211,-25,-1;212,25,3;214,-20,-8;215,9,11;221,16,3;262,-36,-6;274,-10,-8;288,-22,-20;373,3,6;385,-8,-45;391,-2,7;393,7,8;394,-4,16;395,2,-1;396,0,2;397,8,21;398,-4,-21;426,33,-14
rua||vinte|jardim felicidade|31742438|95,-1982552,-4392901;105,6,-7
rua||vinte|jardim felicidade|31742446|28,-1982586,-4392852;38,11,-6;46,1,-10;49,-4,25;53,-11,-7;56,14,-23;57,-3,13;66,7,-21;67,-4,11;70,7,-19;76,6,-5;77,1,13;86,3,-15;96,13,-3;104,5,-5;114,2,0;211,4,-7
rua||vinte|lagoinha|31210110|21,-1990818,-4394726
rua||vinte|lagoinha|31210280|8,-1990839,-4394728;18,17,-6;109,34,-108;121,-4,12;131,-1,3
rua||vinte|novo aarao reis|31845310|12,-1984171,-4390561;22,-11,-2;25,5,6;32,-12,-9;35,5,2;42,-15,-7;43,-8,26;52,2,-32;54,-2,0;74,-14,-10
rua||vinte|senhor dos passos|31999899|38,-1990823,-4394744;40,9,-3;45,-3,11;50,-23,1;54,38,-22;55,-12,0;58,-3,-3;70,2,2;73,5,-10;74,25,-20;75,-29,15;77,-6,1;80,10,15;84,16,-61;85,-16,44;87,12,-31;90,-4,52;91,-6,-58;93,7,39;95,0,-6;102,3,4;107,15,-9;112,-12,5;113,-3,-39;115,7,40;125,12,21;135,-13,-21;155,0,17;165,-4,-4;175,26,4
rua||vinte|vista do sol|31990530|6,-1984797,-4389330;10,-7,3;12,1,6;13,5,26;14,10,-27;19,-9,54;21,-9,7;22,12,-36;24,4,-20;25,-6,63;26,-6,-31;30,-5,20;34,-4,-19;36,12,30;37,0,11;38,-5,-9;49,7,10;50,-8,-11;55,-16,112;61,17,-92;62,5,-5;70,5,24;73,-4,-13;80,-10,27;85,8,-22;90,3,41;97,6,-31;99,-6,16;100,-1,13;101,0,-1;107,-22,22;110,21,-11;111,5,17;112,-10,-5;113,-6,3;114,10,10;115,-10,0;117,-8,-7;119,-5,4;121,14,-2;123,-51,9;125,-6,3;127,-5,2;128,-4,-8;130,27,0;131,49,-9;135,-109,9;139,100,-12;141,-127,15;162,30,-9;172,-27,-4;184,32,8;198,-72,6;220,13,-7;222,10,1;223,-23,3;225,26,-8;260,-32,11
rua||violeta|capitao eduardo|30110000|12,-1982986,-4389204;14,40,-4;15,3,1;16,15,2;23,-58,-1;94,-4,8
rua||violeta|capitao eduardo|31310000|9,-1982954,-4389202;12,-40,-7;15,-5,-1;20,23,2;25,-29,15;26,31,-24;77,-26,14;200,8,-5;210,32,-32;214,-26,12;225,30,23
rua||violeta|distrito industrial do jatoba|31998580|1,-2000815,-4402551;2,3,-2;3,1,12;4,-2,-7;5,1,4;6,4,1;7,5,10
rua||violeta|esplanada|30280230|55,-1990497,-4390949;72,3,-12;82,8,1;92,-17,15;95,4,3;105,0,5;108,-3,-5;117,-6,21;120,2,-8;122,2,6;124,-6,4;127,4,-3;164,-20,36;166,-3,11;176,-4,5;185,0,6;186,-4,6;195,6,5;207,-7,8;208,-2,0;217,-1,11;220,-9,6;227,2,4;242,-3,5;261,-3,3;271,-2,8;300,-19,38;320,-4,12;321,5,-1;329,-1,4;330,-7,-4;339,4,16;340,-5,-2;349,2,11;350,-9,-3;360,-4,5;361,6,8;369,-5,5;370,-4,11;378,-3,-2;380,-1,-1;385,-6,13;424,-13,33;444,-6,11;445,7,-1;454,-9,8;457,11,0;463,-13,7;464,0,4;473,3,11;474,-6,2;483,-2,5;486,-4,6;493,0,12;494,1,-2;495,-6,6;503,4,1;504,-6,1;508,-2,6;544,-52,139;554,-8,7;555,50,-127;564,-53,137;565,52,-115;566,-1,4;574,-61,121;576,54,-117;577,0,-3;586,-3,5;587,0,9;596,3,-3;597,0,7;602,-11,15;606,2,0;607,-3,-3;616,-1,6;617,3,3;630,-3,13;642,-40,80;651,21,-47;654,-27,59;656,-6,5;661,28,-64;666,-38,82;671,39,-71;681,-2,7;691,-3,12;701,-6,14;713,0,6;725,-6,8;735,-9,9;749,-1,6;751,3,6;755,-4,5;781,-13,26;793,3,11;805,-21,-4;810,8,-4;820,-5,5;830,0,16;837,-1,-2;840,-4,2;846,-8,15;847,12,-1;854,-8,8;857,0,-3;861,-2,7;864,-3,5;867,-1,11;873,-9,0;880,3,6;892,-16,30;919,1,15;928,-3,-6;933,15,11;938,-21,-3;941,4,15;945,-10,20;951,7,-19;954,3,-19;958,-11,18;961,1,14;968,-4,-10;973,-10,16;978,11,-8;983,-3,16;988,-5,3;999,3,1;1000,-5,2
rua||violeta|jardim vitoria|31974036|5,-1985080,-4387785;15,47,19;25,-66,-28;32,12,13;40,5,6;43,25,5;44,31,19;60,-40,-19;70,12,6;85,5,-6
rua||violeta|pompeia|30280230|1040,-1990839,-4390149;1050,3,21;1051,-2,-5;1060,-8,2;1061,0,11;1063,0,6;1067,4,-1;1070,-9,0;1077,0,17;1080,-2,-13;1087,1,15;1107,-1,11;1109,-7,16;1113,-5,4;1115,3,4
rua||violino|santana do cafezal|30250390|120,-1993413,-4390770;173,25,2
rua||virgem|ribeiro de abreu|31872160|48,-1982862,-4389870;57,12,4;58,-40,-3;60,38,2;67,5,2;102,3,5;227,11,0;237,6,8;248,6,4;250,19,2;252,5,-12;254,13,28;256,-33,-26;266,44,23;267,-7,-28;277,6,24;287,24,11;290,-3,-1;297,5,11;298,-13,-2;302,19,-3;307,7,0;317,13,3;327,23,19;329,-8,-7;330,-17,6;340,7,-10;347,23,-5;350,9,33
rua||virgilio|gloria|30880025|58,-1989969,-4400825;121,-161,26;130,14,-9;141,4,-11;142,2,2;152,7,9;161,2,-11;163,10,-4;164,-4,6;176,11,-3;187,18,6;190,-4,4;210,16,-4;216,4,-3;226,14,0;237,-19,-2;245,23,-7;249,2,1;250,14,10;260,10,-6;261,-11,-2;275,27,-8;280,-36,17;310,66,-15;325,-5,-6;334,29,5;335,-10,-6;344,24,9;345,-10,-11;346,9,11;357,7,-7;365,14,2;395,14,-4
rua||virginia|carlos prates|30710290|31,-1991321,-4395865;51,22,16;65,3,9;75,23,10;87,2,2;126,41,-3;133,4,6;134,-1,-7;146,6,3;147,19,4;156,-6,-2;159,6,5;166,-4,1;171,13,5;176,-8,-7;181,22,11;186,0,-8;193,5,11;233,33,1;243,9,7;246,1,4;252,5,0;253,-2,-5;264,7,15;267,7,-6;276,-16,-1;277,28,7;288,6,3;309,26,-6;318,12,10;321,-8,-2;325,15,7;328,-7,-2;338,11,0;339,0,4;344,-98,-30;348,102,25;351,13,5;358,0,3;361,13,1;374,-1,7;379,4,-3;382,3,-2;386,2,9;391,7,-4;392,7,6;426,25,15;435,-1,0;438,9,-1;441,12,1;452,2,5;455,-2,-7;457,10,5;460,-2,3;465,2,-5;469,24,-20
rua||virginopolis|morro das pedras|30451377|37,-1995035,-4396790;310,15,40;358,1,21;360,-4,7;362,2,8;485,2,9;493,-2,-2;545,-17,-14;556,3,-2;557,-3,-5;561,17,-24;581,0,11;589,-2,-20
rua||virginopolis|santa sofia|30451377|40,-1995061,-4396563;68,21,-21;70,16,-11;77,-17,-4;78,8,8;80,-5,-20;87,-4,5;88,8,2;96,-3,-7;97,-9,5;100,2,26;101,6,-33;105,4,-5;114,1,-22;117,-4,14;118,3,-22;128,15,25;419,-9,-43;429,-13,-20
rua||virginopolis|sao geraldo|31050710|35,-1989820,-4389965;38,25,-5;45,-6,0;63,22,-7;65,6,-1;66,-11,10;75,23,-10;80,-6,0;92,13,-7;95,20,-7;120,3,5;123,24,-5;126,-13,7;135,22,-26;140,-15,27;147,28,-21;149,26,-9;154,-35,16;156,12,-1;180,15,-25;200,16,10;210,6,4;212,14,2;214,9,-13;215,-33,11;217,17,-18;224,13,9;233,7,-6;255,0,-5;275,38,-14;276,-6,12;282,5,-3;285,9,-19;287,-8,12;288,6,7;291,7,-14;297,28,-10;303,-27,-7;306,21,22;316,31,-11;319,-23,-4;320,11,-11
rua||virgolandia|nova suissa|30421204|6,-1993259,-4397257;9,9,-26;18,-24,21;21,6,-18;30,-62,-28;31,54,17;42,-30,1;56,-3,2;68,-20,-17;80,-3,15
rua||viseu|sao francisco|31255230|1,-1987485,-4394989;517,-35,-16;555,16,-22;565,-8,12;567,8,3;570,-12,-2;633,49,-69;636,-5,21;641,10,-23;646,-7,28;649,11,-31;653,7,-6;660,1,1;665,4,-15;672,3,5;675,10,-10;730,-12,-33;747,41,-13;780,15,-13;883,83,-95;884,5,-11;885,2,10;891,17,-7;896,-11,-1;911,19,-22;946,7,-19;959,9,6;962,5,-16;966,0,1;970,7,-7;974,4,-15;985,-18,6;996,26,-1;1006,0,-16;1013,15,-8;1026,11,6;1040,14,-31;1100,9,-8;1110,-3,-7;1130,13,-6;1150,2,-14;1178,21,-22
rua||viterbo|bandeirantes|31340340|51,-1986404,-4399256;60,2,-21;70,-17,-28;73,9,35;75,-10,-24;80,-8,-30;89,5,25;100,-24,-53;105,-55,-109;110,-36,-72;115,98,207;121,-74,-137;135,60,112;180,-28,-75;250,-12,-23;265,-2,19;329,-27,-53;330,6,-6;360,-12,-26;390,137,275;397,-159,-296
rua||vitoria|cdi jatoba|30666766|403,-2000088,-4404341;404,11,-52;405,-3,48;406,6,-2;420,4,0;421,-5,-4;422,-5,7
rua||vitoria|granja werneck|31540384|10,-1980249,-4392063;12,-12,6;14,1,-9;16,-16,-1;18,-4,-4
rua||vitoria|granja werneck|31748560|8,-1980537,-4390500;9,-15,-6;10,4,4;19,-75,18;22,8,6;24,-26,2;25,-29,9;28,4,-3;30,-23,-5;53,-20,-3;80,63,-2;100,71,-4;101,-22,-2;124,86,-8;137,-67,-1;154,99,-15
rua||vitoria|maria helena|30666766|125,-1980033,-4400099;137,-5,2;149,-8,5;159,-3,17
rua||vitoria|nossa senhora da aparecida|31540384|52,-1993116,-4391636;88,-8,-5;98,-16,10
rua||vitoria|santa cruz|31150650|6,-1987893,-4393693;20,-10,7;28,-17,-10;40,-8,4;52,-3,8;53,24,-1;55,-7,3;57,-2,-1;64,14,-29;67,-23,30;69,-11,1;71,-8,7;74,-19,-5;83,8,9;85,-45,3;91,32,-10;121,-3,-1;123,-22,2;146,-26,8;147,-3,3;156,-12,-2;166,-4,5;167,-23,-5;176,5,4;186,-7,5;196,-12,4;202,-6,-2;206,-10,-1;216,-6,4;256,-48,4;260,-3,-3;276,-9,11;286,-11,-16;296,-7,9;300,-4,17;302,-14,-12
rua||vitoria|santo andre|31230550|30,-1990142,-4395531;42,25,-3;63,17,4;64,12,-1;75,-12,1;85,-45,16;90,86,10;97,-16,-17;100,7,12;106,-2,-3;107,13,2;114,21,20;133,-4,-17;143,16,12;145,52,22;147,-40,-19;156,18,19;200,3,16;212,15,8;214,3,-10;241,23,-5;250,17,24;251,-17,-20;285,27,15;307,18,11;309,12,-2
rua||vitoria|vila ecologica|30670560|6,-2000853,-4401872;7,-9,10;8,12,-21;10,-3,-12;11,-1,33;14,1,-38;15,-3,25;17,0,-5;19,6,-17;21,-2,5;23,0,-10;25,-3,-2;26,3,-23;27,-5,25;40,10,-7
rua||vitoria|vitoria da conquista|30666766|248,-2001477,-4402424;250,4,-4;251,-4,13;252,14,-27;253,-10,22;254,10,-22;255,0,10;256,16,-18;257,-11,11;258,15,-21;259,-6,14;260,6,-14;261,-6,14;262,19,-21;263,-10,6;264,7,-10;265,6,7;266,16,-29;267,-16,29;268,22,-38;269,-13,12;270,23,-19;271,-27,25;272,30,-29;273,-6,3;274,11,-10
rua||viuvinha|distrito industrial do jatoba|30668866|1,-2000790,-4402553;2,-3,-1;3,-1,10;4,-1,-10;6,1,-2
rua||vocacao|vila jardim sao jose|30820070|75,-1990237,-4399121;87,-6,1;97,-6,19;99,1,-32;125,-14,-12;149,-14,-15;161,-8,-2;169,-12,-2;179,-17,3;191,-8,-6;195,-13,-1;226,-27,-3;233,5,-15
rua||volga|coqueiros|30880390|9,-1990286,-4402037;12,28,-9;13,-12,0;25,-6,-19;37,19,13;47,14,1;49,-5,-6;61,43,-11;86,-60,26;97,59,-33;98,-54,32;110,16,-13;112,7,3;114,2,1;118,2,-1;119,45,-23;122,-10,6;124,-9,7;130,15,-4;132,4,-11;138,-1,0;225,-31,7
rua||volga|pindorama|30880390|10,-1990338,-4402006;23,20,-13;27,-17,5;29,12,-2;31,-28,8;74,26,-8;149,-130,24;159,31,19;179,53,-25;189,20,-5
rua||volts|primeiro de maio|31810000|1,-1986301,-4392860;2,131,46;3,-131,-45;6,-38,43;10,105,-44;15,-78,19;17,7,-5;19,21,-22;27,-8,-19;29,18,-1;30,139,91;33,-131,-103;35,-16,19;42,157,89;71,-141,-115;81,23,-22;110,31,-40;115,-3,16;117,-3,-2;122,7,-11;150,37,-39;158,1,-16;160,12,3;220,-38,33;230,7,-7;231,-8,19;276,42,-74;280,11,-3;290,18,-32;293,9,-10;295,-2,8;300,-2,-3
rua||volts|vila primeiro de maio|31810000|153,-1986168,-4393018;159,-2,-1;163,2,-7;193,39,-50;277,-15,38;279,0,-8;285,16,-22;289,5,4
rua||vulcania|conjunto celso machado|30882020|14,-1989024,-4400836;26,14,0;38,10,2;50,13,5;62,11,3;74,7,4;86,14,2;87,91,23;98,-83,-21;99,83,21;111,0,0;112,-71,-19;123,71,19;134,-48,-18;135,48,18;146,-45,-15;147,111,-4;150,-103,5;158,10,-2;159,27,16;170,-26,-10;182,17,4;194,17,7;206,0,5;218,19,-5
rua||vulcania|serrano|30882020|11,-1989020,-4400885;15,16,46
rua||v|goiana|31950435|4,-1986964,-4389732;66,-12,-4;75,0,1;95,-22,2;105,2,2;111,-5,3;113,-5,-1;115,23,-2;117,-18,7;119,-13,-3;121,-6,-3;123,2,8;125,-7,-7;127,-12,5;129,-7,4;135,-3,-1;145,16,-2;146,10,-5;147,-37,5;175,12,5;189,-12,-24;195,-5,16;205,-15,2;215,6,4;219,-3,-10;223,-7,5;225,4,29;233,-12,-25;235,0,-1;245,11,-7;255,-28,6;265,-6,8;275,-9,-8;285,-4,-1;295,-11,-1;305,-9,0;315,-2,-7
rua||v|goiania|31950435|90,-1986968,-4389735;100,-17,4;120,-2,-1;126,-16,4;130,-6,3;136,-7,4;140,-14,-4;150,-8,-2;160,-10,0;170,-3,-1;180,2,0;196,-10,9;198,-42,-9;200,34,0;210,-8,4;216,-4,-2;220,-7,-3;224,0,5;228,0,-4;230,-11,4;232,1,-1;234,-11,3;240,1,3;250,-11,-5;252,-1,2;256,0,0;260,-10,-2
rua||v|vila pinho|30670320|10,-2000650,-4402185;16,1,6;24,8,-6;32,7,-4;40,8,6;48,2,0;56,14,1;64,5,-3;72,0,11;80,9,-8;88,5,10;96,11,-4;104,4,4;112,6,1;120,0,-1;128,12,7;136,11,-28;144,-6,12;152,15,8;160,-2,4;168,11,18;176,1,6;184,8,-8;192,15,-18;200,11,46;208,-7,-48;216,4,3;224,9,20;232,13,-18
rua||wander rocha vargas|minaslandia|31812090|9,-1984894,-4393192;11,-8,0;13,-5,-5;15,-26,2;20,23,-5;51,-152,-52;69,18,2;77,-124,-66;89,144,76;95,56,21;97,-206,-95;99,157,79;105,35,9;109,-31,-8;115,12,6;127,-147,-79;129,185,91;185,-78,-32;219,-28,-20;221,-2,3;223,-11,-3;225,2,0;305,-64,-37;347,-10,-4;349,-8,-3;371,-11,-7;383,-10,-2;385,-6,-4;400,-8,-17
rua||xavier da veiga|minas brasil|30730220|10,-1991787,-4398859;20,13,19;25,1,-22;30,-9,0;35,26,-86;36,-21,74;45,11,-33;60,-15,28;70,8,-19;80,1,-4;89,0,-18;94,9,3;106,3,-8;117,23,-87;118,-23,74;119,2,2;121,-2,-19;130,3,12;133,4,-36;140,3,17;145,0,-14;152,3,1;157,-3,-13;166,5,6;167,10,-10;178,-3,7;183,7,-19;190,-9,9;200,0,-24;201,3,3;210,7,-10;215,0,-17;222,-2,28;234,5,-27;244,3,-17;247,-22,-51;258,21,33;291,-35,-39;292,37,33;302,-20,-28;309,-15,-8;310,6,-1;313,-28,-10;320,20,9;324,-7,-8;333,-25,9;336,24,-10;345,-37,-10;348,17,3;360,-5,-4;361,-14,-6;370,6,1;373,0,4;383,-29,-17;386,17,7;393,-26,-16;396,11,11;405,-17,-10;406,17,3
travessa||maria carmem valadares|nossa senhora do rosario|30240530|9,-1993216,-4391183;12,-32,13;25,-56,22;29,15,11;72,3,-28;76,5,14;217,6,-22;486,16,-2
travessa||vinhedo|itaipu|30692502|12,-1999156,-4404910;18,-7,-12;20,10,-26;22,-5,9;23,5,15;24,-3,-23;25,3,21;29,-7,-4;31,-7,-13;34,16,-9;41,-11,6;44,18,-5;51,-18,8;54,38,-16;61,-22,7;65,24,-8;68,1,2;81,-32,-20;84,21,20;91,-27,-26;94,7,13;101,-8,-27;111,-4,-13;122,13,32;127,-16,-35;134,5,25;137,2,-39;146,0,28;147,1,-2;152,-7,-10;163,-2,-35;165,-21,-15;167,-17,19;182,33,4;192,-1,-4;217,-4,-17
