acesso||ao campo|terra branca|39393000|14,-1731355,-4321729;76,2,-25
acesso||ao condominio residencial por do sol|cachoerinha|39390000|257,-1713429,-4382226
acesso||br 135|engenheiro dolabela|39395000|616,-1747587,-4401683;627,8,-530
acesso||comunidade brejao|brejao|39390000|6,-1709916,-4370512;7,1105,-530;8,-1196,660;9,268,-586;10,130,-80;13,1153,-1638;14,753,322;18,-197,-181;25,-112,-263;26,-95,-103;27,-96,216;30,190,4;33,255,-37;45,-1081,502;601,-1462,1938
acesso||comunidade morrinhos|morrinhos|39390000|13,-1709368,-4374181;14,-8,-1;16,-34,4;17,-26,14;18,6,-43;21,81,9
acesso||comunidade para terra|nossa senhora de fatima|39390000|1,-1712854,-4368599;2,-15,5;3,-6,-31;4,-5,8;5,-2,-31;6,-10,5;7,-3,-31;8,-7,6;9,15,-44;10,-31,16;11,4,-23;12,-13,0;13,-2,-34;14,-12,3;15,8,-44;16,-21,13;17,32,-39;18,-48,-1;19,54,-7;20,-64,-16;21,-6,-35;22,-1,10;23,-12,-33;24,-1,6;25,-1,-36;26,-14,5;27,-7,-29;28,-4,10;29,-5,-39;30,-11,6
acesso||comunidade taboquinha|taboquinha|39390000|1,-1711570,-4374078;4,863,-132;5,-49,26;10,799,115
acesso||pista de pouso|terra branca|39393000|94,-1731271,-4321846
acesso||reta um a reta dois|engenheiro dolabela|39395000|18,-1747877,-4397474;394,-804,7354;456,166,-2470
acesso||travessa nilson farias|pernambuco|39390000|22,-1711623,-4380324;30,7,6;36,11,8;37,5,1;289,-26,-19
assentamento||amigos da terra|agua boa|39390000|52,-1720700,-4360332;56,-546,882
assentamento||p a betinho|barragem bambu|39395000|1,-1743287,-4401494;2,-320,602;3,-3048,-1270;6,1921,400;8,3338,596;10,-4974,-455;11,1338,752;12,-542,-341;13,-3,-376;15,-776,-168;17,1903,917;20,348,37;24,298,140;28,523,304;38,774,450;39,118,8;41,311,-474;43,176,-159;50,-1555,-1036;51,431,194;54,-641,-250;58,-663,-133;61,-557,-134;65,-627,-214;66,-39,-25;159,1407,376;208,2457,1333;243,-2107,-1214;252,-752,-164;402,1709,425
assentamento||p a betinho|engenheiro dolabela|39395000|3,-1745535,-4400402;46,-639,2632
assentamento||p a betinho|poco do bento|39393000|6,-1744922,-4398706;10,800,-1242;12,-84,860;14,-850,1802;18,-114,288;20,148,398;21,127,319;22,184,-1502;24,48,1598;25,118,147;26,-1254,-1548;36,-617,1563;37,1212,-1163;39,-1215,854;41,66,-241
assentamento||p a betinho|taboquinha|39390000|1,-1743471,-4402659;3,-2267,170;4,108,-64;5,2893,15;8,237,148;12,-2366,-891;13,4290,2089;15,-4900,-1513;22,541,434;27,495,-507;30,954,238;32,292,112;34,267,8;37,1407,661;38,-966,131;39,-371,-852;41,1134,461;53,-1113,-1097;54,-337,-168;55,-64,-43;56,0,0;61,-380,78;102,-1691,148;105,-243,275;149,2783,1161
assentamento||pa betinho barragem bambu|barragem bambu|39395000|1,-1743922,-4400576;4,2401,-483;6,-3839,-10;15,729,412;16,59,-225;19,319,252;22,266,208;24,235,12;25,71,-226;26,132,12;32,588,314;33,99,-151;35,114,138;40,486,-260;44,439,-449;45,-189,-206;47,-364,2;49,-285,-78;62,-2220,-601;66,-861,-140;222,3301,831;245,-1786,429;255,-1035,-242;622,-1411,-1766
assentamento||pa betinho poco do bento|engenheiro dolabela|39395000|359,-1745803,-4392020;394,-2923,1979
assentamento||pa betinho poco do bento|poco do bento|39390000|1,-1746550,-4396550;2,1452,-650;9,42,-412;10,-195,-187;11,-42,4;12,190,605;13,3,-5;14,-657,-422;15,-681,2;17,932,-1379;18,-14,500;19,334,-4;22,578,-1513;28,-1039,4733;32,-680,-194;33,-1,0;36,-24,-637;38,-60,-81;40,65,-281;43,52,-669;44,39,-205;51,284,-593
assentamento||pa betinho taboquinha|taboquinha|39390000|13,-1740582,-4401194;14,-386,-195;35,-1691,-967;36,-110,693
assentamento||pa betinho triunfo|taboquinha|39390000|33,-1743381,-4402475;52,518,-639;54,-183,-120;55,26,3;59,-566,101;62,-378,-569;65,386,798;91,-781,-1437;93,-151,623;94,-149,-91;97,-268,283;101,-303,394;107,-552,361;169,1600,41
avenida|doutor|tereziano magalhaes|esplanada|39390000|4,-1711397,-4381613;14,-5,-1;15,8,0;22,-9,-9;29,3,1;36,-8,-13;39,1,9;42,-3,-16;45,-9,8;56,2,-14;59,-5,-4;66,-4,-4;81,-4,-3;84,1,-10;85,-11,9;101,-4,-13;115,-22,-3;116,8,-10;120,-11,-2;121,7,-2;124,-13,-7;132,-5,-5;136,7,-2;146,-2,2;166,-13,-20;172,-8,4;179,-3,-4;182,0,-4;186,-2,-7;187,-5,8;192,1,-13;199,-12,5;200,11,-7;207,-10,3;208,-2,-10;215,-10,2;218,7,-6;221,-8,1;224,4,-5;226,-5,-5;235,-7,-7;238,4,-5;246,-12,-5;247,4,9;253,-11,-2;261,-3,-6;267,-4,-8;270,6,-5;273,-7,2;276,11,-7;278,-6,-2;284,-11,-4;285,-2,4;292,-1,-6;295,-16,-3;296,17,1;306,-8,-4;307,-12,-6;312,7,3;316,-6,-2;320,-1,-5;323,-5,-2;332,-3,-9;333,-5,4;336,5,-5;339,-7,-2;345,-9,-3;348,3,-2;349,-12,1;361,0,-6;398,-23,-36;403,-6,8;412,5,-14;415,-7,4;419,6,-11;420,-10,4;423,-9,-1;428,4,-9;429,-5,9;440,-2,-14;445,-13,-3;448,-1,-5;457,-7,-5;458,11,-2;472,-17,-12;477,-4,-7;482,6,4;489,5,8;490,-14,-12;496,-5,-5;499,-7,0;511,3,0;512,-1,-11;526,-11,-7;556,-27,-5;564,-7,-8;567,-10,-6;573,-8,4;576,9,-7;581,-11,3;593,-16,1;598,4,-12;611,-13,9;612,9,-6;617,-21,5;642,-12,-17;658,-15,-10
avenida|professor|berenice figueiredo|morada nova|39390000|700,-1710527,-4383112;730,-15,-22;732,-6,-6
avenida|santa|clara|pernambuco|39390000|221,-1711612,-4380988;237,-9,-6;572,231,8;583,-13,1;586,6,-6;594,-10,3;595,-11,-1;612,-5,-5;619,-9,7;633,-18,1;691,-46,-5;693,-5,-1
avenida||antonio agostinho rogerio|california|39390000|134,-1712163,-4381447;172,-7,-72;180,-2,-3;260,2,-50;310,-3,-36;322,-1,-12
avenida||a|cachoerinha|39390000|35,-1712743,-4383997;83,32,-36;108,12,-22;137,-21,36;183,56,-94;185,40,-61;211,-123,195;228,107,-169;240,-4,12;305,18,-45
avenida||a|morada nova dois|39390000|3,-1710722,-4383308;852,106,88;884,-22,-12;908,-11,-13;916,-13,-8;938,-12,-21;954,-12,-6;968,-12,-21
avenida||a|morada nova|39390000|192,-1710347,-4382712;245,-17,153;264,25,-233;269,-27,215;280,20,-228;285,-5,100;300,-6,91;305,10,-214;310,9,-4;319,-6,-11;339,-2,-8;344,-5,202;356,-1,-13;359,6,-196;363,2,105;369,0,-116;382,-3,-6;386,-1,195;398,0,-20;408,2,-7;411,-22,-197;417,-6,-12;430,30,191;444,-2,-6;481,3,-83;509,-83,-163;510,88,175;515,-10,-16;527,2,-6;528,5,8;534,3,-10;563,-121,-192;568,125,155;580,-2,-5;616,-15,-35;629,-143,-154;663,-13,-35;683,-25,-6;686,134,139;697,-134,-140;699,114,130;703,-120,-139;705,120,136
avenida||a|zumbi|39390000|73,-1710839,-4383457;185,473,956;250,12,-67;268,-6,-13;911,-303,-664;919,-3,-5
avenida||b|cachoerinha|39390000|9,-1712529,-4383913;21,-79,105;40,13,-14;70,17,-24;120,14,-22;136,12,-21;156,6,-14;160,26,2;164,-26,-10
avenida||central|chapada mel|39390000|61,-1722561,-4311071
avenida||central|miuda|39390000|50,-1728839,-4312843
avenida||central|pedregolho|39390000|4,-1722544,-4311078;45,-1092,-590;222,1113,706
avenida||central|pedregulho|39390000|47,-1723594,-4311648;64,9991,-10604
avenida||c|zumbi|39390000|110,-1710869,-4383359;120,5,-1;125,-6,-1;130,15,-5;135,-10,0;140,18,-5;145,-9,1;150,15,-6;155,-9,-3;200,49,-25;212,7,-11;224,16,0;236,5,-9;248,12,-10;260,6,-6
avenida||da saudade|bonfim|39390000|163,-1710962,-4381856;201,50,85;229,-7,-21;241,-4,-19;277,-8,4;287,-2,-5;291,-4,-2;295,11,-17;297,-20,3;300,5,-2;306,5,3;307,-7,-5;313,-17,18;316,19,-21;319,-13,1;329,-5,-5;337,-7,-4;357,-16,-15;369,-11,-4;379,-10,-4;383,3,-4;387,-5,-4;391,6,-5;393,-6,3;403,-5,-9;406,-4,-3;409,-7,2;415,1,-4;418,-5,-8;421,8,5;425,-14,-5;426,-2,-8;427,-1,2;436,68,57;444,-73,-68;450,-3,-8;452,9,-14;464,-7,9;476,-36,-45;492,13,28;505,-12,-7;543,-16,-29;546,9,-5;551,-16,1;555,2,-14;567,-7,-14;571,0,0;1213,5,-1
avenida||da saudade|centro|39390000|11,-1710868,-4381611;25,9,-1;33,2,-14;37,-6,-7;38,4,0;42,0,-3;46,1,-7;60,-2,-13;76,0,-11;82,-8,-16;86,6,12;103,-16,-23;113,-6,0;116,13,-3;121,-18,-9;126,5,-25;131,0,24;136,4,-9;139,-11,-3;142,9,-3;145,-7,-16;152,5,-1;164,-12,-4;165,-6,-7;174,4,-4;184,1,-1;196,0,-5;200,-2,-6;204,1,-5
avenida||dois|california|39390000|21,-1712384,-4381333;53,0,-28;143,-9,-73
avenida||dois|engenheiro dolabela|39395000|1,-1746611,-4400763;3,74,-84;4,-96,144;5,15,-70;11,-21,-14;13,-3,-3;15,-6,-6;17,-14,-10;19,59,72;20,-4,-13;21,5,16;22,-13,-7;23,4,19;25,-3,11;27,-14,15;35,-54,262;49,-2,89;59,0,0;61,-6,29;84,1,-572;207,145,60;213,-22,33;217,-11,8;287,-126,-70;500,12,398;572,-4,70;586,-3,10;596,5,24;2331,53,-322
avenida||flaminio freire|pernambuco|39390000|26,-1711145,-4380957;58,23,10;66,5,-1;70,1,-8;75,0,10;79,8,2;84,3,-6;87,2,13;107,27,3;121,10,5;127,6,4;142,16,11;153,0,-6;167,15,10;175,2,-2;178,1,1;189,16,3;192,-11,5;204,20,7;205,-1,-4;219,11,4;227,9,6;247,21,6;263,13,5;278,10,17;280,121,50;288,-132,-41;289,16,-23;296,-1,26;300,9,-14;310,8,20;311,6,-20;319,13,9;320,-1,24;335,17,-19;347,-297,-118;351,299,117;352,1,20;362,-7,4;365,18,-14;377,11,6;383,5,6;394,-31,-31;458,76,60;467,9,-8;474,2,10;477,-6,-13;482,1,29;487,13,-18;488,-17,28;501,26,-27;504,12,7;509,-4,-6;510,24,18;521,-9,-8;526,-3,8;529,10,-3;539,6,5;540,31,25;550,-42,-20;562,47,9;575,-5,-4;578,-4,12;582,-8,-4;591,26,0;592,-6,10;599,12,-7;606,2,13;607,-1,-11;620,21,25;629,3,-19;634,-9,13;644,21,-6;655,9,6
avenida||floriano peixoto|bonfim|39390000|13,-1710858,-4381003;147,-9,-19;155,8,8;161,-3,4;181,11,14
avenida||floriano peixoto|centro|39390000|5,-1710948,-4381239;6,-7,4;9,2,-8;10,8,5;19,-88,-36;21,101,58;28,-99,-59;31,98,72;35,-36,-39;37,42,51;51,-55,-63;63,-8,-4;75,-16,-8
avenida||floriano peixoto|pernambuco|39390000|100,-1710883,-4381060
avenida||francisco dumond|bonfim|39390000|124,-1711125,-4381577;128,-8,-11;136,-8,-3;140,4,-7;144,0,0;152,-5,-2;156,1,-11;162,10,21;166,-7,-33;172,7,-8;176,-10,-4;180,6,-35;182,-14,6;184,12,0;188,9,-13;232,3,-15;240,-9,-4;244,0,-3;246,-10,-1;248,13,-6;268,-9,-10;270,-3,-8;276,1,0;300,7,-34;324,-5,-24;330,4,-3;332,1,-3;334,-7,1;336,10,-10;338,-3,-2;340,1,-6;360,-4,-4;364,0,5;370,-5,-19;372,3,-3;374,3,-5;378,11,11;386,-5,-16;396,-3,-9;410,3,-19;420,-3,-9;432,-5,-5;468,7,-30;474,-3,-5;508,-2,-24;518,0,-10;544,-1,-25;556,-11,-2;568,-6,-22;578,11,-20;584,3,-9
avenida||francisco dumond|centro|39390000|5,-1711116,-4381522;11,-1,49;12,-19,2;14,-2,1;15,10,-11;16,-11,4;19,16,-4;23,-5,-12;26,-8,7;31,12,-14;37,-6,-2;38,-4,11;45,18,-28;46,-9,19;54,-13,-13;57,15,-18;61,3,1;62,-17,16;64,0,-8;65,5,-16;66,0,9;70,6,-5;74,-1,-1;75,2,-9;82,-5,0;85,-2,-5;89,5,-7;99,-4,-8;100,1,13;104,-5,-10;135,2,-29;141,5,-3;151,-8,-19;161,9,11;163,1,-15;169,-7,-9;171,-5,-7;189,8,-29;245,-7,-76;295,0,-16;307,1,-1;311,1,-6;315,1,-12;327,-3,-13;347,1,-14;351,-3,-6;365,9,-9;375,-1,-10;383,6,-9;393,-14,-16;397,-4,-7;411,-3,-8;419,6,0;429,3,-22;445,-6,-8;455,-3,-8;456,2,4;457,-1,-8;459,0,-2;463,6,-6;465,-21,-5;471,18,-4;477,-3,-9;509,-2,-18;513,0,-6;519,-17,-4;527,16,-2;531,14,-6;536,-31,-7;537,24,-6;539,-1,3;637,-3,-75;647,6,-15;649,-15,-3;653,-7,-7;665,3,-8;671,-1,-13;677,-10,-4;1284,29,60
avenida||f|beija flor ii|39390000|513,-1711406,-4383081;533,24,-26;567,15,-29;601,14,-22;608,5,-15;631,8,-8;671,30,-49;679,5,-9
avenida||f|beija flor|39390000|470,-1711403,-4383027;484,-6,-17;498,13,-11;512,-2,-9;524,22,-30;538,8,-7;552,-3,-15;566,7,-7;606,24,-34
avenida||hebert de souza|california|39390000|1328,-1712433,-4381309;1334,28,3;1370,-114,38;1400,12,-31;1420,-6,5;1500,-31,0;1516,-20,3;1528,-10,-1;1540,-14,0;1636,-75,3;1654,-13,3;1670,-15,4;1684,-17,1;1696,-11,2;1702,-11,1;1710,-4,-3;1782,-60,3
avenida||hebert de souza|centro|39390000|3,-1711181,-4381406;5,-24,0;9,3,2;11,-9,3;12,19,-7;13,-19,7;24,8,-2;36,-31,-5;40,-36,16;44,23,-14;47,29,8;82,-47,0;88,-4,2;102,-4,7;111,-24,-6;116,9,-4;122,-14,2;123,4,7;141,-17,2;152,-5,-7;153,0,11;168,-12,-10;176,-17,0;177,-6,13;179,28,-5;194,-42,-9;205,-3,6;216,-5,-2;225,-20,16;242,-6,-11;253,-18,7;258,-3,-13;282,-19,10;283,-3,5;290,-6,-4;295,-18,6;296,18,-1;300,-7,0;302,-6,-8;304,6,2;313,-12,8;320,5,-9;325,-20,7;344,-18,0;351,-6,4;356,-2,-6;365,-13,10;368,2,-7;380,-10,-7;387,-3,12;399,-9,2;400,2,-18;403,-20,18;406,15,-19;411,-7,25;417,-18,-5;433,-15,3;447,-11,-2;471,-37,2;483,-4,0;497,-16,2;520,-6,-1;588,-54,2;600,-15,1;622,-21,0;632,-17,4
avenida||hebert de souza|jardim aeroporto|39390000|117,-1712029,-4381338;846,61,-5;856,-13,2;876,-99,8;890,-10,0;998,-53,8;1002,29,-7;1022,15,1
avenida||hebert de souza|nossa senhora de fatima|39390000|203,-1711755,-4381359;571,39,-3;579,4,-10;585,-12,12;607,-20,6;631,-28,4;665,-28,-4;675,-5,7;681,-10,3;689,-5,-6;697,-1,-1;705,-11,5;717,-10,1;727,-9,-4;741,-5,10;749,-17,-11;761,-12,5;789,-23,7;797,11,-3;809,-24,3;815,-13,-9;819,-11,11;829,-4,2
avenida||hebert de souza|nossa sra de fatima|39390000|568,-1711785,-4381356;668,-10,3;680,-14,1;690,-7,0;702,-11,2;712,-13,0;726,-10,-6;730,-7,2;754,-22,5;764,-7,-2;766,-2,1;782,-8,0;788,-7,1;800,-18,3;808,-9,3
avenida||herbert de souza|jardim aeroporto|39390000|871,-1711991,-4381342;875,-2,-5;879,-1,4;887,-14,0;893,-7,11;923,-17,0;939,-19,7;955,-7,-5;987,-37,7;1001,-8,0;1033,-27,3;1047,-7,1;1085,-30,6;1167,-81,-15;1217,-49,21;1225,-4,0;1229,0,-2;1239,-22,2;1265,-18,3;1287,-21,2;1301,-7,2;1313,-9,-2;1327,-13,3;1335,-13,1;1363,-28,2;1379,-62,4;1393,49,-3;1415,-78,6;1431,-5,-2;1563,-73,11;1575,-14,-4;1637,-43,7;1657,-23,2;1749,-77,11;1763,-15,3;1775,-20,-2;1791,-10,3;1915,-111,7;1931,-14,-4;1945,-11,-1
avenida||herbert de souza|monterrey|39390000|35,-1712878,-4381256
avenida||industrial|pernambuco|39390000|11,-1710350,-4380512;25,65,89;26,-89,-83;36,12,-2;37,8,-9;38,-11,21;39,98,85;47,-16,8;61,8,15;66,-72,-94;73,81,98;78,-77,-89;79,100,85;81,-17,12;83,5,9;97,1,10;105,-6,8;106,-114,-111;110,42,2;128,12,16;135,26,-18;136,-20,26;138,-1,-7;148,6,14;152,-1,-1;156,-2,1;172,10,16;187,23,7;190,-12,11;200,7,12;201,37,-19;208,-35,21;216,3,11;251,29,20;351,48,63;389,25,34;401,-9,6;421,27,16;551,88,73
avenida||k|zumbi|39390000|141,-1710982,-4382325;233,-45,-41
avenida||luiz antonio monteiro|bonfim|39390000|568,-1711124,-4382033;875,320,-112;903,-25,10;909,-6,5;915,-8,-6;925,-10,8;935,-9,6;949,-38,-7;961,24,-2;963,-21,4;969,5,6;993,-7,15;997,-26,4;1005,3,-4;1008,7,-5;1040,-26,5;1048,-16,2;1052,2,7;1053,-13,9;1060,-7,-8;1066,-2,8;1067,-6,0;1068,7,4;1070,-95,43;1076,84,-49;1092,-15,2;1095,-3,16;1098,-5,-11;1113,4,14;1125,-13,6;1156,-37,-1;1196,-29,13;1200,-30,-28;1213,-2,47
avenida||luiz antonio monteiro|california|39390000|2015,-1711792,-4381815;2031,-11,3;2039,-13,0;2081,-178,-1;2094,70,0;2097,-17,-1;2099,1,1;2105,-16,-3;2109,-50,-11;2113,51,1;2115,-59,6;2119,-8,-3;2125,-3,-4;2137,-13,1;2149,0,-4;2167,-24,0;2187,-16,-5;2195,-1,-3;2221,-30,-6;2239,-10,-2;2391,-143,-33
avenida||luiz antonio monteiro|centro|39390000|365,-1711195,-4381994;545,23,-4;1284,16,-29;1296,-13,3;1297,-11,-2;1302,6,0;1314,-13,9;1324,-3,-3;1326,2,-1;1328,-6,3;1340,-11,5;1342,-3,2;1346,-4,2;1354,-8,0;1368,-15,6;1370,-6,3;1379,-15,31;1418,-28,-6;1481,-3,-1;1482,-2,-9;1485,-2,19;1494,-6,-14;1500,-5,2;1507,-13,17;1510,9,-17;1515,-17,20;1523,-17,10;1529,3,-11;1535,-7,-2
avenida||luiz antonio monteiro|esplanada|39390000|348,-1711607,-4381852;1451,-44,6;1491,264,-88;1503,-4,1;1509,-14,5;1516,91,-37;1522,-8,1;1528,-1,7;1534,3,-9;1540,-16,16;1572,-62,5;1573,29,-6;1580,-16,1;1588,-6,4;1594,-19,-4;1595,-14,12;1607,-13,6;1610,12,-4;1621,-20,16;1627,0,0;1635,-5,0;1648,-13,-1;1652,-8,11;1653,-3,1;1654,7,-7;1656,-12,-6;1664,1,4;1665,-1,10;1667,-23,6;1668,8,-10;1676,-3,8;1679,-14,8;1693,-1,4;1700,-3,-10;1724,-27,9;1729,2,15;1736,-2,-12;1741,-2,7;1743,-8,3;1745,-13,5;1748,6,-9;1750,0,0;1751,-24,20;1756,19,-21;1767,-27,29;1774,10,-14;1780,-5,2;1790,-11,-4;1806,-9,3;1810,-6,0;1822,-26,11;1847,-3,8;1848,-7,-7;1866,-13,7;1874,-9,2;1886,-11,2;1898,-12,5;1910,-7,1;1922,-7,1;1936,-14,20;1954,-23,-9;1964,-5,-4;1970,-8,3;1998,-26,5;2006,-7,6;2014,0,1;2022,-7,2;2034,-35,-12;2080,-139,9;2132,-91,-20;2134,114,14;2140,-130,-22;2150,40,11;2158,-5,-1;2176,-17,-4;2258,-85,-31;2276,-22,8;2340,-37,-22;2368,-30,5;2380,-13,0;2390,-6,4;2394,-2,0;2424,-26,-19;2428,-2,-1;2434,-11,-5;2446,-5,7;2762,-297,-57;2776,-5,-3
avenida||l|beija flor|39390000|240,-1711201,-4382487;250,2,-9;272,-27,-12;290,-4,-1;296,-6,-3;300,-6,-5;305,-9,-7;320,-3,2;328,-11,-15;334,-8,-4;340,-8,0;350,-4,-6;360,-8,-1;376,-12,-11;378,1,-17;390,-12,12;396,-10,1;406,-1,-8;468,-71,-23;470,22,9;494,-53,-43;500,22,12;504,26,-2;508,-15,-5;520,-62,-29;528,31,3;546,-50,-25;548,41,50;552,-47,-52;554,45,39;604,-128,-43;640,21,-26;660,-11,-16;736,15,21
avenida||l|jardim aeroporto|39390000|17,-1712663,-4380801;21,1,-6;31,-1,-8;37,-4,-1;47,-1,-9;51,0,-2;55,0,-7;57,2,-2;63,0,-4;65,1,-13;75,-4,-15;83,4,1;91,3,-1;97,-1,-2;115,-1,-22;121,3,-10;133,0,3;139,0,-10;161,7,-21
avenida||l|monterrey|39390000|12,-1712665,-4380791;16,-2,-1;26,4,-14;76,0,-53;78,3,12;94,0,-24;134,2,-35;140,-1,-6;144,-1,-10;154,1,-9
avenida||l|zumbi|39390000|171,-1710977,-4382343;183,-9,-5;190,-176,-119;202,155,104;205,-28,-27
avenida||otaviano de souza pires|pernambuco|39390000|21,-1710924,-4380619;23,14,-11;35,-28,-4;47,12,-7;63,5,-9;71,13,-2;76,4,-2;80,8,-13;83,-4,-20;92,11,0;95,2,-3;102,-9,4;120,38,-14;126,-10,9;134,-10,-31;141,-2,-13;175,12,-23;176,11,8;185,-11,-16;192,4,7;208,43,-21;215,-30,-12;240,-36,75;458,39,-77
avenida||sanitaria|bonfim|39390000|40,-1710859,-4381062;111,91,-81;138,-9,9;255,-51,47
avenida||um|engenheiro dolabela|39395000|11,-1746704,-4400762;30,14,-33;33,0,11;99,-183,215;101,148,-155;650,-231,290
avenida||um|residencial jardim imperial|39390000|88,-1712014,-4382984;98,-5,8;108,-4,5;364,-183,74;431,-41,-21;500,-39,-31;530,-31,-23;533,-11,11;540,1,-7;541,-5,5
avenida||vicente g costa|engenheiro dolabela|39395000|705,-1746657,-4400269
barranca|visconde|casa de telha|zueira|39393000|1,-1738349,-4321900;7,-400,1939
beco||da creche|alto belo|39390000|360,-1693663,-4373655
beco||de acesso a pista de pouso|terra branca|39393000|60,-1731297,-4321528
beco||do campo|alto belo|39390000|100,-1693653,-4373538;110,1,30;148,1,17
beco||do grupo|machados|39390000|7,-1714463,-4323028;14,-3,-4
beco||sem denominacao|engenheiro dolabela|39395000|172,-1747312,-4401182;173,-137,1
beco||sem denominacao|sentinela|39390000|188,-1709166,-4398786
brejo||brejinho|brejinho|39390000|257,-1701466,-4373469
cabeceira||pocoes|cabeceira de pocoes|39390000|1,-1719262,-4375899
cabeceira||pocoes|pocoes|39390000|4,-1719533,-4377171;5,3645,-1330
cachoeira||do cerrado|cachoeira do cerrado|39390000|12,-1714697,-4386978;13,159,267;18,-556,-510
caminho||igreja santos reis|pires e albuquerque|39395000|101,-1693819,-4372000
caminho||para sitio lalau|lalau|39390000|19,-1704214,-4387856
caminho||para sitio lalau|tabocal|39390000|2,-1706462,-4387697
caminho||pires e albuquerque|pires e alburquerque|39394000|9,-1693962,-4372321;10,76,275
campo||chapadinha|chapadinha|39390000|15,-1697961,-4389710;27,366,-52
central||bar|gameleira|39390000|28,-1692222,-4368764
central||igreja|gameleira|39390000|18,-1692168,-4368736;181,25,5
centro||bar|gameleira|39390000|8,-1692210,-4368913
centro||comunitario|gameleira|39390000|10,-1692146,-4368725
chacara||rio do felix|laranjeiras|39394000|24,-1686541,-4371113
chapada||curral de pedra|curral de pedras|39390000|2,-1722474,-4354376;3,-8,-5;9,0,0;10,300,104
comunidade|sao|dionizio|pedregulho|39390000|1,-1723387,-4379282;14,-115,937;15,7,-206;17,109,-726
comunidade|sao|dionizio|riacho do barro|39390000|17,-1725986,-4381516
comunidade|sao|gregorio|sao gregrorio|39390000|3,-1723333,-4358173;4,-493,251;5,236,-38;12,-37,-776;15,-82,-26;16,-100,-102;24,-435,-400;29,-8,-232;32,605,738;33,-603,-1025;37,-353,-31;46,986,794;47,61,-100;49,312,805;50,-224,-591;52,829,427;54,277,-525
comunidade|sao|gregorio|sao gregrorio|39393000|1,-1722973,-4357981;8,1990,208;12,522,-1163
comunidade|sao|gregrorio|sao gregrorio|39390000|1,-1725180,-4356520;2,613,-631;3,-163,201;4,507,-154;5,160,-152;6,1585,2882;7,-1059,-3857;8,-31,-187;9,-82,-90;10,-94,-186;11,106,92;12,-59,-47;13,56,-72;15,-148,-83;17,65,152;22,-628,-380;23,114,-144;25,-72,-370;26,164,250;27,-58,-58;28,-31,-91;29,-148,-2;30,-25,-7;33,120,-508;40,915,1514;43,-466,-1004;45,131,209;47,547,400;48,-87,405;50,-54,-260;51,353,88
comunidade|sao|jose do pedregulho|lajes|39390000|23,-1723232,-4383610
comunidade|sao|jose do pedregulho|pedregulho|39390000|1,-1723392,-4382346;2,974,422;3,-1124,236;4,1438,29;6,-9,-523;7,-562,-509;8,170,3690;10,683,-2228;11,-395,899;12,-652,-1583;13,1386,-754;14,-974,1973;15,1299,-1389;16,-1700,-169;17,1494,158;18,-80,630;19,-445,-473;21,-820,-1193;22,-227,280;23,827,114;25,-360,-244;26,525,30;27,-225,-760;28,289,1414;29,-148,-266;30,57,156;33,-702,71;34,-64,-9;36,-292,-152;37,384,-143;39,-313,-465;40,-420,-85
comunidade||agua boa|agua boa|39390000|2,-1720596,-4361077;3,-164,84;4,-533,-912;5,-147,-52
comunidade||anderino|anderino|39390000|2,-1720791,-4364054;10,1643,3413;12,853,-1027;14,-2391,-2055;15,-481,-64;16,-332,-160;19,22,-641;20,-17,126;21,-4,51;22,155,0;23,518,347;24,357,146;26,2258,637;1269,368,-88
comunidade||angicos|almas|39390000|1,-1701787,-4388246;14,-800,-109;18,-753,-93;21,-683,-159
comunidade||angicos|angico|39390000|2,-1701699,-4387678;16,440,-467
comunidade||angico|engenheiro dolabela|39395000|34,-1750450,-4400066;609,2843,-648;613,-217,-392;634,-612,34;635,155,105;637,-509,-7;639,-370,239;640,266,-49;641,-276,112;642,-2,-37;643,-238,-2;644,-50,69;645,-223,134;648,302,-108;651,-663,274;652,-50,60;656,159,-97;661,-881,562;664,-452,179;668,-225,101
comunidade||boa vista dos matos|boa vista dos matos|39390000|9,-1708096,-4393746;28,1882,699;32,-501,-1485;38,-710,272;39,551,-776;40,3,-26;52,1527,-661;57,-886,-201
comunidade||boa vista dos matos|costela|39390000|2,-1707227,-4396034;49,3059,-659;51,-917,980
comunidade||bora|bora|39390000|2,-1708019,-4392128;13,159,-1531;16,133,134;26,573,329;34,-209,-552
comunidade||bora|milho verde|39390000|3,-1708144,-4392124;5,71,-234
comunidade||brejinho|brejinho|39390000|2,-1702810,-4390072;14,-2140,-1738;24,-259,471;26,697,238
comunidade||brejinho|maria preta|39390000|25,-1705160,-4391888;27,69,745
comunidade||cachoiera|cachoeira|39390000|4,-1715816,-4383476;14,1028,-482;34,473,1136;41,778,-2638;44,-390,450;45,-317,-128
comunidade||canto do mato|boa vista dos matos|39390000|39,-1706875,-4395035;48,2239,-385;51,-451,-318
comunidade||canto do mato|canto do mato|39390000|45,-1704010,-4396641
comunidade||canto do mato|matos|39390000|32,-1706734,-4394649;44,676,-13
comunidade||canto sao joao|barreiro|39390000|188,-1722622,-4311114
comunidade||canto sao joao|canto do sao joao|39390000|13,-1714226,-4323583
comunidade||canto sao joao|chacara|39390000|11,-1730908,-4319893
comunidade||canto sao joao|machados|39390000|2,-1714375,-4324430;3,-715,371;5,327,-436;6,-1011,840;7,-199,-650;8,-534,79;9,-66,-666;10,970,-223;11,-343,642;12,-1221,636;13,740,-669;15,524,509;16,821,-1778;17,-1654,2337;18,1636,-2650;19,375,-182;20,-198,508;22,552,-171;23,-1592,4360;24,1424,-4143;26,186,-458;27,-799,2137;29,-1173,2970;31,997,-1544;36,-705,1664;39,421,-115;40,-725,47;63,745,-90;113,108,-3991;127,582,-794;258,-1951,3072;3001,2385,-2802;3801,207,971
comunidade||carobas|chapadinha|39390000|6,-1699997,-4395200;11,1982,1570;13,-329,-596;14,69,244;15,232,353;22,-1908,-1579;25,1789,3555;36,190,-1271
comunidade||cedro|cedro|39390000|57,-1715974,-4391409;59,-695,-998;60,-97,105;61,-61,74;63,-146,138;64,-119,246;65,-298,329
comunidade||chapadinha|chapadinha|39390000|1,-1695477,-4388133;2,-3536,-675;5,1696,-542;7,-217,910;8,-735,-382;9,4,622;10,567,-482;11,-344,660;12,1343,3;13,-2547,-631;14,1880,1023;22,-1253,-1827;25,656,-256;26,-202,-129;27,525,91;28,-945,-271;29,-330,-264
comunidade||cordeiros|cordeiro|39390000|2,-1738290,-4327611;6,-583,204;17,-80,-142;35,-2371,3432;37,-70,72;38,2265,-1922;40,-2099,1419;43,1910,-1929;56,487,-413
comunidade||corguinho|correguinho|39390000|2,-1714409,-4395594;3,892,274;4,-938,230;8,773,1647;9,964,771;10,-22,38;13,-291,216;54,-2726,-730
comunidade||curral de indio|chapadinha|39390000|11,-1699726,-4387917
comunidade||curral de varas|curral de varas|39394000|2,-1700485,-4379657;4,-1339,2073;5,-235,-217;8,4681,-6917;10,-4652,6675;13,24,0;15,-3,-14;16,117,-18;18,6750,-5775;22,-6505,5466;24,1287,-2750;32,1926,-567;33,-42,149;34,2170,-306;35,-2173,490
comunidade||curral de varas|curral de vara|39394000|2,-1702264,-4378109;3,-117,259;9,283,-102;10,76,-38;12,25,-92;13,-5,40;14,49,-104;443,253,53
comunidade||curral de varas|onca|39394000|9,-1699929,-4381985
comunidade||curral de varas|santa cruz|39390000|20,-1696906,-4380274;31,-170,299
comunidade||demanda|sao gregrorio|39390000|2,-1726292,-4357772;16,524,1018
comunidade||demanda|sao gregrorio|39393000|1,-1725180,-4356521;2,86,51
comunidade||extrema|extrema|39390000|3,-1720830,-4370379;16,111,-294;27,-123,-48;29,-60,-433;30,-62,-374;33,253,854;34,-121,315;38,-262,-207;40,-321,-329;41,-195,-297
comunidade||extrema|sao domingos|39390000|30,-1720362,-4371308
comunidade||garrote|garrote|39390000|2,-1714798,-4388293;5,2887,623;6,-1589,-2243;8,1150,-822;9,-699,1899;12,1125,-1749;14,-2,-2;16,-3258,2462;18,-351,-424;19,1171,-523;20,-1118,614;21,-509,-749;22,1484,36;28,3338,-2039
comunidade||imbe|imbe|39390000|6,-1719006,-4392791;7,-81,-165;8,-174,1344;10,-556,1460;11,0,-5;12,517,-2151;18,-520,2159
comunidade||lagoa grande|engenheiro dolabela|39390000|735,-1756376,-4391792;737,973,43;742,162,2565;754,-117,549;755,-333,422;759,1051,117;761,204,-207;764,639,-181;765,135,-5
comunidade||lagoa grande|engenheiro dolabela|39395000|2,-1754524,-4394940;4,8,-40;15,-178,61;19,2,1;21,4305,-881;43,-4306,877;54,182,-19;56,-1,-4;415,-855,493;673,3202,-4476;678,-689,1272;679,45,-177;680,-452,821;686,-528,631;688,-78,115;689,-159,106;692,-671,543;696,4541,-164;700,-3498,1350;705,-1239,-569;707,-30,-258;709,-294,455;712,20,257;717,-462,424;720,-28,412;724,-210,214;725,-96,-82;727,102,576;729,-212,380;733,242,313;767,3209,-5863
comunidade||lalau|almas|39390000|19,-1703616,-4388444;20,-92,-10
comunidade||lalau|angico|39390000|9,-1702350,-4388281
comunidade||lalau|lalau|39390000|2,-1705025,-4388483;4,162,61;7,-31,-53;25,681,621
comunidade||lalau|maria preta|39390000|28,-1704173,-4389582;29,118,57
comunidade||macauba ponte queimada|curral de pedras|39390000|1,-1723566,-4347461;2,-86,180;3,121,583;4,-195,883;5,-44,93;6,16,352;7,-49,233
comunidade||macauba ponte queimada|sao gregrorio|39393000|1,-1722535,-4348062;3,406,-284;4,-1,-117;5,-138,-429;6,250,-24;7,-239,-416;8,6,-2
comunidade||machados|machados|39390000|2,-1713460,-4320845;4,-127,-1398;6,-945,1461;7,-109,-17;10,-2513,-3418;17,3566,1939;18,-2537,248;23,2270,879;24,-772,-4586;27,219,1266;28,-2307,1316;31,1156,3126;68,1822,-2106;102,-2990,7387;124,2687,-7268;161,-1452,1352;171,612,-2425;202,-781,3058;805,2737,64
comunidade||maria preta|maria preta|39390000|8,-1701605,-4391522;11,-673,-832;12,-140,-329;17,-755,1000;19,918,-1673;21,-475,1048;26,-1817,1049
comunidade||mil e trinta|torquato leite|39390000|1,-1720001,-4385878;12,-723,-184;13,32,12;14,32,12;23,1416,291;24,-14,-19
comunidade||morro alto|brejinho|39390000|26,-1704495,-4391086
comunidade||morro alto|maria preta|39390000|1,-1702231,-4390948
comunidade||morro alto|morro alto|39390000|1,-1702099,-4391402;2,-270,1265;3,1423,-1603;4,-1039,1229;8,-744,-12;9,922,-702;10,1219,-358;11,-801,546;12,-14,262;13,-85,65;14,28,-56;15,49,-532;16,-2125,-699;17,1513,840;18,949,418;19,751,403;20,-195,-1140;21,-465,344;31,-3352,1;35,5408,-675
comunidade||oncinha|oncinha|39390000|1,-1718177,-4393730;2,2369,-1075;3,-2747,1297;5,-178,518;10,3138,-718;12,-234,-262;14,-297,-246;15,-312,-172;17,-639,355;19,0,28;20,13,35;21,-14,-9;22,-287,-313;23,-19,36;24,-148,-142;25,27,10;26,-21,-474;27,-189,374;28,-61,4;29,-57,3;31,-349,-55;32,-75,-39;33,-353,-154;34,44,-385;36,-600,702;37,438,11;38,-41,-13;39,92,78;40,926,-128;41,-586,185;42,206,32;43,83,86;45,206,-33;46,57,31;47,26,18;48,-1,1;49,128,462;52,1242,-48;53,252,34
comunidade||patrona|machados|39390000|2,-1714341,-4318614;3,-42,-34;5,-350,370;6,-232,65;7,291,488;8,-462,-452;10,-295,-320;11,506,-108;12,42,-77;14,431,-378;16,-241,-203;17,257,431;18,-746,-955;20,-54,250;21,858,827;22,17,54;23,-76,-165;26,-14,-120;40,-1262,-1329;51,796,2064;62,-59,53;72,-60,40;102,667,-689;122,-653,587;129,105,-485;171,198,-571;172,-215,-211;183,-478,912;486,2084,-993
comunidade||pedregulho|pedregolho|39390000|46,-1723614,-4311680
comunidade||pedregulho|pedregulho|39390000|13,-1724215,-4384532;20,1227,1616;39,-22,421
comunidade||pedregulho|riacho do barro|39390000|6,-1721934,-4385051;12,20,266
comunidade||pedrinhas|costela|39390000|23,-1707873,-4389681
comunidade||pedrinhas|pedrinhas|39390000|26,-1707192,-4389654
comunidade||pindaiba|pedregolho|39390000|8,-1720703,-4313191
comunidade||riachinho|riachinho|39390000|13,-1716453,-4387568;19,1489,-1089;20,-980,-563;21,-107,560;23,269,-131;26,-1622,-1256;27,404,1617;28,2,0
comunidade||ribeirao de areia|machados|39390000|1,-1713373,-4321111;2,220,596;6,-282,1339;7,-179,257;8,818,-1106;9,66,72;10,135,-461;14,538,-784;15,167,78;25,-1540,1799;71,-226,555
comunidade||ribeiro danta|almas|39390000|4,-1703185,-4389920;20,-25,31
comunidade||ribeiro danta|ribeiro danta|39390000|6,-1700812,-4391838
comunidade||tabatinga|sao marcos|39390000|8,-1719377,-4360588;10,335,-185;11,397,-229
comunidade||tabua|tabua|39390000|1,-1719936,-4387753;2,-208,-472;5,16,-531;8,-1438,-632;17,1212,175;20,593,887;21,0,1;22,0,-1;32,1170,684;33,4,-5;35,-190,355
comunidade||torquato leite|lajes|39390000|8,-1721966,-4384622;14,-7,129
comunidade||torquato leite|pedregulho|39390000|21,-1722501,-4384873
comunidade||torquato leite|riacho do barro|39390000|2,-1721937,-4385055;4,-63,22;6,-142,1296;12,-130,-9;13,160,-1620;14,-34,204;15,-142,-673;16,112,452;17,-116,-461;18,170,592;19,-129,-550;20,32,-417;21,37,774;25,332,43
comunidade||torquato leite|roca velha|39390000|25,-1722063,-4386431
comunidade||torquato leite|torquato leite|39390000|22,-1719228,-4385728
corrego||cachoeira|cachoeira|39390000|10,-1714831,-4382561
cruzamento||camilo prates|nova tolda|39393000|12,-1703910,-4372854
descida||sem denominacao|cachoeira|39390000|1,-1714391,-4381925;49,-223,-460
entrada||cercado do meio|furado|39390000|25,-1727126,-4384409
entrada||para quebra linha|zueira|39393000|9,-1738800,-4319975;10,-62,79
entrada||para rio sao joao|terra branca|39390000|221,-1731227,-4321150;310,-7,-22;336,10,32;363,7,27;376,2,4;388,12,23;427,7,25;428,0,5
entrada||sem denominacao|cobertor|39390000|19,-1713965,-4379342
entroncamento||estradas dos morrinhos|morrinhos|39393000|22,-1708759,-4374368
estrada|santa|ingracia|jenipapeiro|39390000|1,-1716414,-4400976;2,-620,3220;8,2311,393;44,-4161,-3665;45,-465,559;46,-141,713;47,-92,855;52,1821,-534;56,248,282;57,705,-1869;68,-1556,1466
estrada|santa|ingracia|oncinha|39390000|4,-1718013,-4398178;35,543,-4426;36,121,542;37,-147,398;39,-148,239;43,-286,707;46,-1304,1361;50,1244,-1068;51,286,50;69,-1071,689
estrada|sao|miguel|rio preto|39393000|1,-1722588,-4328174;2,-7368,4010;12,-332,876;32,-197,321
estrada||alderico froes|rio do felix|39390000|48,-1697515,-4370554
estrada||alto belo|agua boa|39394000|10,-1690635,-4368781
estrada||alto belo|alto belo|39390000|160,-1693066,-4374155
estrada||alto belo|barra do rio do felix|39394000|3,-1693516,-4369531;10,-1506,-977
estrada||alto belo|brejinho|39390000|257,-1700086,-4376970
estrada||alto belo|gameleira|39395000|24,-1692115,-4369141;29,11,692;39,-175,-357
estrada||alto belo|laranjeiras|39395000|13,-1687734,-4370763;17,-1635,462
estrada||alto belo|rio do felix|39394000|6,-1698643,-4373295
estrada||angico|engenheiro dolabela|39395000|1,-1747549,-4401899;2,192,-363;3,-94,483;5,-33,6;7,54,54;14,-2160,869
estrada||aparecida da serra a muricoca|alto belo|39394000|2,-1695068,-4383451
estrada||aparecida da serra a muricoca|curral de varas|39394000|18,-1694781,-4382971;19,-1610,1208;30,432,-1159
estrada||barreiro grande|jenipapeiro|39390000|6,-1721767,-4397485
estrada||barrocao a rio do sitio|palmital|39394000|6,-1690837,-4378270;8,-582,-1398;17,346,4905;21,-179,-4375
estrada||barrocao a vargem alegre|palmital|39394000|15,-1692442,-4381324;23,647,-705
estrada||barrocao rio do sitio|palmital|39394000|4,-1690745,-4378586;21,-124,4506;22,11,305;25,-232,-6180
estrada||boa vista|roca velha|39390000|11,-1725842,-4388016;17,-921,465
estrada||bocaiuva camilo|brasilino|39390000|4,-1706701,-4378148
estrada||bocaiuva camilo|camilo prates|39393000|6,-1704339,-4374376
estrada||bocaiuva camilo|temda velha|39390000|10,-1704291,-4374673
estrada||bocaiuva camilo|tenda velha|39390000|8,-1704220,-4374580
estrada||bocaiuva sentinela|varzea dourada|39390000|20,-1710949,-4395730;25,-1604,-2050
estrada||bocaiuva|sentinela|39390000|1,-1709405,-4398751;3,-5,-11
estrada||brejo grande|furado|39390000|1,-1738725,-4382362;2,225,1590;4,-42,-1528;7,688,-639
estrada||cabeceira de curral de varas a|catarina|39390000|21,-1697477,-4384356
estrada||cabeceira de curral de varas a|curral de varas|39394000|1,-1699235,-4380749;4,629,-3444;7,224,175;15,146,562;253,-797,-1099;665,804,650
estrada||cabeceira de curral de varas a|curral de vara|39394000|2,-1698858,-4384735;3,0,0
estrada||cagaiteira|cagaiteira|39390000|1,-1703169,-4387829;3,196,146;27,-1333,184;31,129,772;32,97,-571
estrada||catarina|catarina|39390000|1,-1699884,-4385673;3,-153,-380;4,-1303,961;5,325,-770;8,-2028,838;9,4150,-1376;12,-1996,888;13,-34,164;18,614,-164;563,-679,-469
estrada||cercado de baixo|furado|39390000|1,-1726670,-4382482;14,-567,-850;15,86,72
estrada||claro dos pocoes sentinela|novo horizonte|39390000|24,-1714455,-4402041
estrada||claro dos pocoes sentinela|terra nova|39390000|18,-1712255,-4400685
estrada||claro dos pocoes sentinela|vale dos pampas|39390000|13,-1711075,-4400797
estrada||comunidade marragem do bambu|barragem bambu|39395000|8,-1747050,-4402368
estrada||comunidade marragem do bambu|taboquinha|39390000|10,-1746758,-4402601
estrada||corguinho|assentamento de sem terras sentinela|39390000|10,-1717028,-4403075;11,2,14;17,-375,-1001;22,-506,176
estrada||corguinho|corguinho|39390000|1,-1714389,-4397831;2,1528,2544;3,-4413,-8199;4,3553,7053;5,-1973,-3372;6,3767,5121;15,-5003,-9263;16,-217,-207;17,2576,3800;125,1389,4523
estrada||corguinho|santa engracia|39390000|7,-1715976,-4402476;14,-53,1600
estrada||corrego da onca|onca|39393000|5,-1733981,-4325140;11,-951,-650
estrada||curral central|engenheiro dolabela|39395000|2,-1750294,-4393900;471,-198,515;501,1899,-2316;504,-1076,-34;506,-16,-6;515,-1193,-97;522,1083,-100;523,-1,2
estrada||curral de varas a bocaiuva|alto belo|39394000|2,-1701957,-4377603;34,2649,-374
estrada||curral de varas a bocaiuva|curral de varas|39394000|1,-1700671,-4378432;3,1663,-2783;4,-1334,1653;124,2613,-3727
estrada||curral de varas a bocaiuva|onca|39390000|17,-1700996,-4384224;19,741,200
estrada||curral de varas a bocaiuva|onca|39394000|9,-1699936,-4381987
estrada||curral de varas a bocaiuva|santa cruz|39390000|22,-1698290,-4381567
estrada||curral de varas a santa cruz|curral de varas|39394000|2,-1698451,-4380609;5,331,-1203;6,-666,1160
estrada||curral de varas a santa cruz|mucambinho|39394000|10,-1698789,-4379752
estrada||curral de varas a santa cruz|santa cruz|39390000|1,-1698560,-4380849;3,-150,118;8,1748,1014;47,-70,-26
estrada||curral de varas a santa cruz|santa cruz|39394000|30,-1699047,-4378131
estrada||da barra do rio do felix|barra do rio do felix|39394000|4,-1693486,-4369805
estrada||da comunidade agua boa|agua boa|39390000|14,-1690595,-4369202;17,32,672
estrada||da comunidade barra da caicara|agua boa|39390000|12,-1688226,-4368385
estrada||da comunidade barra da caicara|barra do rio do felix|39394000|3,-1693574,-4369570
estrada||da comunidade de taboquinha|taboquinha|39390000|16,-1713570,-4375670
estrada||da comunidade gameleira|gameleira|39390000|1,-1692828,-4368980;15,882,376;16,-172,-125
estrada||da comunidade lalau|angico|39390000|25,-1703779,-4388136
estrada||da comunidade laranjeira|laranjeiras|39394000|3,-1689876,-4371657
estrada||da gameleira|agua boa|39394000|5,-1690312,-4368773;6,621,-91;7,-551,317;14,-216,383;17,-381,-28;18,-6,-90;21,-577,-518;22,757,-215;23,57,-184
estrada||da gameleira|agua boa|39395000|2,-1690727,-4368707;12,365,310
estrada||da gameleira|gameleira|39390000|1,-1691949,-4368943;13,13,144;21,-18,205
estrada||da gameleira|gameleira|39395000|4,-1692167,-4369050;24,128,110;27,-210,-254;31,157,828;414,-35,-572
estrada||da gameleira|laranjeiras|39394000|1,-1690407,-4371943
estrada||da gameleira|laranjeiras|39395000|15,-1689693,-4370284
estrada||da gameleira|rio do felix|39394000|3,-1693468,-4369808
estrada||da onca|onca|39393000|6,-1733628,-4324691;8,-781,-1055
estrada||de acesso a br 135|barragem bambu|39395000|625,-1740063,-4400815;703,-36,16
estrada||de acesso a br 135|landim|39390000|7,-1737870,-4401410;11,40,-874;14,333,238
estrada||de acesso a br 135|taboquinha|39390000|215,-1739853,-4400742
estrada||de barreiro do campo a estrada|barreiro do campo|39390000|21,-1704915,-4370994
estrada||de barreiro do campo a estrada|tolda|39390000|18,-1705528,-4371778;20,420,284
estrada||de barreiro do campo para tolda|tolda|39390000|4,-1705272,-4372680;15,-573,525
estrada||de bocaiuva a alto belo|aconchego|39394000|44,-1695063,-4375216
estrada||de bocaiuva a alto belo|alto belo|39394000|9,-1699488,-4377583
estrada||de bocaiuva a alto belo|curral de varas|39394000|7,-1700566,-4376971;15,4903,-6436;23,151,240
estrada||de bocaiuva a alto belo|forquilha|39394000|2,-1693275,-4375124;4,22,-2279;5,-251,-789
estrada||de bocaiuva a alto belo|mucambinho|39394000|3,-1695938,-4379108
estrada||de bocaiuva a alto belo|pires e alburquerque|39394000|1,-1696990,-4373642;2,3205,412
estrada||de bocaiuva a camilo|tolda|39390000|17,-1705554,-4371780
estrada||de brejinho para camilo|brejinho|39393000|1,-1702192,-4375282;2,-731,-824;11,1543,1190;12,-180,184
estrada||de camilo a guaraciama|camilo prates|39393000|10,-1704172,-4374801;31,430,-778;84,-474,924
estrada||de camilo a guaraciama|campinas|39390000|23,-1705298,-4373375
estrada||de camilo a guaraciama|jacare|39390000|14,-1706958,-4373405;15,0,-3;18,553,-76;41,614,198
estrada||de camilo a guaraciama|rio do felix|39390000|2,-1702338,-4372491
estrada||de camilo a guaraciama|temda velha|39393000|14,-1703913,-4374530;20,466,208;23,20,454;25,156,232;26,102,-873;32,-844,-741;34,-36,210
estrada||de camilo a guaraciama|tolda|39390000|26,-1705394,-4373696;27,-630,-15;34,-238,-442
estrada||de camilo a guaraciama|tolda|39393000|2,-1704127,-4373730;5,-154,-531;11,177,-17;21,463,165
estrada||de campinas para tolda|campinas|39390000|2,-1704678,-4373763;3,-14,-89;4,47,-107;5,-220,8
estrada||de campinas para tolda|nova tolda|39390000|1,-1704624,-4373658
estrada||de guaraciama a bocaiuva|jacare|39390000|1,-1706851,-4376441;9,-1008,2413;10,180,387
estrada||de guaraciama a bocaiuva|tolda|39390000|37,-1707869,-4375213
estrada||de guaraciama a camilo prates|brejinho|39395000|14,-1701446,-4373430
estrada||de guaraciama a camilo prates|cabeceira do rio do felix|39394000|16,-1701601,-4371663;18,527,413;22,487,207;28,540,529
estrada||de guaraciama a camilo prates|pocoes|39390000|5,-1698271,-4372692
estrada||de guaraciama a camilo prates|pocoes|39394000|4,-1698186,-4372976
estrada||de guaraciama a camilo prates|rio do felix|39390000|4,-1702445,-4372282;7,62,254;32,4824,1497
estrada||de guaraciama a camilo prates|rio do felix|39394000|16,-1698123,-4372432;26,-2208,1723;38,2169,-363;45,-589,65;49,121,520;50,-386,260;52,-669,-384
estrada||de guaraciama a camilo prates|rio do felix|39395000|20,-1700372,-4371294;23,-334,527;25,-84,27
estrada||de nova tolda a guaraciama|nova tolda|39390000|3,-1703274,-4372566
estrada||de nova tolda a guaraciama|nova tolda|39393000|1,-1704077,-4373004;2,-39,162;3,-46,-125;5,-142,-81;6,161,58;7,-261,-137;8,459,508;10,286,1353;11,380,129
estrada||de nova tolda a guaraciama|rio do felix|39390000|21,-1704921,-4370991
estrada||de nova tolda a guaraciama|rio do felix|39393000|13,-1703046,-4371112;14,74,27
estrada||de nova tolda a guaraciama|tolda|39390000|3,-1706152,-4371338;5,3105,-1263
estrada||de pires a guaraciama|barra do felix|39395000|7,-1694361,-4370591
estrada||de pires a guaraciama|barra do rio do felix|39394000|1,-1695714,-4372130;6,-190,1734;12,1334,-920
estrada||de pires a guaraciama|felix|39394000|5,-1694345,-4372194;8,-3026,933;40,-539,-95
estrada||de pires a guaraciama|pires e alburquerque|39394000|11,-1694302,-4372871
estrada||de pires a guaraciama|rio do felix|39390000|10,-1696699,-4370745;22,-352,2
estrada||de pires a guaraciama|rio do felix|39394000|4,-1693909,-4370759;5,363,373;7,-3226,-1227;8,2123,1372;9,-439,39;13,721,-883;16,-2465,587;21,-346,-223;23,52,-180;25,346,367;26,-864,-584;27,-10,168;28,68,119;31,60,278;36,-504,17
estrada||de pires a guaraciama|rio do felix|39395000|1,-1695785,-4371100;11,-140,-329
estrada||de sentinela|corguinho|39390000|13,-1712915,-4392384;36,1169,-1060
estrada||de sentinela|garrote|39390000|12,-1712671,-4391554;20,-107,-130;36,190,113;50,319,221
estrada||de sentinela|oncinha|39393000|9,-1715480,-4393681;10,-113,-31
estrada||de sentinela|riachinho|39393000|54,-1715543,-4393087
estrada||de tolda para o rio jenipapeir|tolda|39390000|32,-1705906,-4374334;34,49,98;44,-1,459;46,136,124
estrada||do corrego brejinho|curral de varas|39394000|391,-1699946,-4378945
estrada||do laranjao|agua boa|39395000|24,-1690704,-4369113
estrada||do laranjao|laranjeiras|39390000|17,-1688641,-4370842
estrada||do laranjao|laranjeiras|39394000|2,-1689959,-4371673;5,625,510;8,99,37;23,2617,-224
estrada||dos angico|engenheiro dolabela|39395000|154,-1747334,-4401214;624,-40,66;666,-228,436;814,238,-488;826,-237,491;833,229,-467
estrada||dos antunes|cordeiro|39390000|19,-1739076,-4326611
estrada||dos ferreira|macaubas|39390000|1,-1737659,-4329794;2,290,-632
estrada||dos ferreira|macaubas|39393000|5,-1736970,-4330722
estrada||dos morrinhos|morrinhos|39393000|17,-1708778,-4374459;18,91,-102;25,186,228
estrada||dos morrinhos|taboquinha|39390000|11,-1709541,-4374939
estrada||escola mun pedro ferreira|santa cruz|39390000|9,-1698784,-4379844;14,-50,261
estrada||estrada dos matos|boa vista dos matos|39390000|26,-1708407,-4398692;46,3535,3534
estrada||estrada dos matos|bora|39390000|2,-1708014,-4392125;3,-136,14
estrada||estrada dos matos|canto do mato|39390000|25,-1705489,-4389787;27,445,234
estrada||estrada dos matos|costela|39390000|12,-1708030,-4397970
estrada||estrada dos matos|milho verde|39390000|4,-1708247,-4392342;5,142,7;6,105,-45;7,156,-45
estrada||estrada dos matos|pedrinhas|39390000|22,-1708074,-4389522;23,200,-162
estrada||fazenda dos padres|cedro|39393000|32,-1718584,-4387650;59,1942,-4828;60,-114,186
estrada||fazenda dos padres|imbe|39393000|6,-1717080,-4391820;38,-501,632
estrada||fazenda dos padres|oncinha|39393000|5,-1718733,-4392994
estrada||fazenda dos padres|riachinho|39393000|13,-1716138,-4393696;26,-1265,3652;54,1435,-3173
estrada||fazenda dos padres|tabua|39393000|1,-1719777,-4388019;3,-668,-99;5,-174,-150;10,961,-2810;18,-772,2374;24,648,166;35,1005,1246;37,-772,-565;39,762,966
estrada||forquilha a pires|alto belo|39394000|50,-1692665,-4377715
estrada||forquilha a pires|forquilha|39394000|4,-1693678,-4380538;8,212,-1890;12,-358,2352;14,695,-2588;15,-597,1791;31,117,-531;39,-186,735
estrada||forquilha a pires|mucambinho|39394000|12,-1695525,-4380870
estrada||frente a br 135|almas|39390000|1,-1697724,-4386184;2,670,-374;4,62,191;8,998,-298;10,-22,-409;23,-23,250;266,-964,472
estrada||frente a br 135|catarina|39390000|1,-1701185,-4386222;2,-737,1005;3,787,-328;5,1462,-294;8,2248,-78;10,-5265,1061;11,133,-62;12,3327,-1644;20,-173,651
estrada||frente a br 135|palmital|39390000|7,-1696148,-4385875
estrada||frente a br 135|tabocal|39390000|1,-1710592,-4384604;6,15973,-1057
estrada||jacare|brasilino|39390000|6,-1710595,-4378609;11,848,1854;12,-426,-1379;14,-93,-124;25,-376,2816;29,-221,-4496
estrada||jacare|jacare|39390000|9,-1703364,-4378266;18,-1388,1035
estrada||jenipapeiro|jenipapeiro|39390000|1,-1718244,-4399029;2,4,261;5,523,844;6,279,269;7,403,-477;8,-867,801;9,979,-1008;11,-25,-244;13,66,56
estrada||jenipapeiro|oncinha|39390000|25,-1719912,-4396407
estrada||jose preto a muricoca|curral de varas|39394000|10,-1695821,-4382815;17,-76,-366
estrada||jose preto a muricoca|mucambinho|39394000|14,-1695873,-4382336;15,-334,-43
estrada||lado esquerdo corrego sao joao|chacara|39390000|30,-1723667,-4323179
estrada||lagoa grande|engenheiro dolabela|39395000|1,-1749636,-4399830;2,-1545,1159;3,-281,12;5,2991,1062;6,-2327,1190;7,-680,-3180;8,-1207,4083;9,4262,1932;10,-3792,-4712;11,-1978,2226;12,427,-619;14,-509,862;15,2080,-1420;16,784,814;17,915,3033;19,-332,-5471;20,-352,3125;23,-4716,2238;24,6474,-7168;25,3,-1;27,-266,156;28,-138,97;29,-20,-69;30,-2347,2674;31,2098,-2476;32,-305,4049;33,128,-4001;36,1748,8875;38,-100,529;80,601,-10211;86,131,5350;536,-193,397;725,-7963,2006
estrada||lagoa grande|poco do bento|39393000|1,-1747232,-4393057;2,784,-3726;7,-193,1471;15,-242,854;19,214,810
estrada||lagoa grande|rasgao|39393000|11,-1759953,-4388836
estrada||lagoinha|jacare|39390000|1,-1708123,-4380212
estrada||laranjeira|laranjeiras|39390000|6,-1689886,-4370851
estrada||laranjeira|laranjeiras|39395000|3,-1689915,-4371546
estrada||lavras|lavras|39390000|6,-1769756,-4388651;7,112,320;9,-120,-303;40,5,0
estrada||ligacao morrinhos|brasilino|39390000|10,-1710304,-4379711
estrada||ligacao morrinhos|morrinhos|39393000|19,-1708758,-4374524
estrada||marge esquerda do corrego onca|onca|39393000|7,-1734817,-4326503;8,579,812;358,886,1558
estrada||mocambo|engenheiro dolabela|39390000|741,-1756145,-4390400;743,209,41;745,117,359;750,407,828;751,187,-333;753,-468,1293
estrada||mocambo|lajinha|39393000|3,-1741742,-4372352;25,581,-4824
estrada||mocambo|mocambo|39390000|1,-1752474,-4383347;2,-457,-93;3,29,140;17,210,101
estrada||mocambo|mocambo|39393000|3,-1752931,-4383383
estrada||morrinhos|brasilino|39390000|24,-1708314,-4374275;28,2,-3
estrada||morrinhos|morrinhos|39390000|5,-1708485,-4373425;12,-1074,-578;23,926,218;24,-259,14;26,872,-47;27,-192,-43;32,-782,576;33,550,-717;40,-237,289;45,-256,-366;47,-15,-104;48,-69,33;49,-41,34;53,-128,-68;58,-40,-13;139,-130,-99
estrada||morrinhos|morrinhos|39393000|20,-1708756,-4374453
estrada||morrinhos|taboquinha|39390000|25,-1713853,-4374095
estrada||morro do gibao|gibao|39390000|19,-1721297,-4391353
estrada||morro redondo|oncinha|39390000|6,-1721392,-4396255;7,809,995;8,248,-507;9,290,-268
estrada||morro|oncinha|39393000|8,-1719564,-4392888
estrada||morro|riachinho|39393000|21,-1715098,-4388828
estrada||morro|tabua|39393000|8,-1721566,-4389388;11,1501,-1722;27,-94,1598
estrada||mucambinho a br 135|alto belo|39394000|39,-1697102,-4380207
estrada||mucambinho a br 135|mucambinho|39394000|11,-1695465,-4380726
estrada||mucambinho a br 135|santa cruz|39390000|13,-1696699,-4380233
estrada||mucambinho a pires|mucambinho|39394000|26,-1695369,-4379812
estrada||olho dagua comunidade|olho dagua|39390000|2,-1704386,-4380339;3,183,522;6,905,402;7,1273,-3207;8,-1309,2327;9,823,-2407;21,-361,376;24,-28,1591;26,-2177,441;27,-8,596;29,-818,-1053
estrada||olhos dagua|olho dagua|39390000|3,-1703944,-4379899;22,796,-1904;26,-1876,1352
estrada||onca a curral de varas|curral de vara|39394000|20,-1700954,-4384681
estrada||onca a curral de varas|jatobazinho|39390000|24,-1701672,-4381376
estrada||onca a curral de varas|onca|39390000|2,-1701640,-4384527;19,1471,664
estrada||onca a curral de varas|onca|39394000|13,-1700859,-4382836;17,773,-946
estrada||oncinha|oncinha|39390000|2,-1714956,-4394969;3,-3592,1472;12,2937,-504;13,120,-724;14,-854,74;15,-96,266;22,-1138,42;23,193,41;24,-145,-94;26,2,-468;27,-125,442;28,-124,-62;29,-191,26;31,-247,-143;33,-378,-135;34,25,-377;35,-296,-275;36,-277,976;38,1215,-4674;39,-670,4760;41,255,52;42,399,-3165;43,-104,3274;46,255,40;47,33,-20;49,128,468
estrada||palmital|palmital|39390000|4,-1696039,-4385916
estrada||para alecrim|pedregulho|39390000|7,-1726177,-4382287
estrada||para alto belo|alto belo|39394000|7,-1700051,-4377291;25,4861,-5698
estrada||para alto belo|brejinho|39395000|7,-1700678,-4376707
estrada||para alto belo|camilo prates|39390000|1,-1704114,-4376313
estrada||para alto belo|camilo prates|39393000|6,-1702673,-4377355;7,-85,-25
estrada||para alto belo|curral de varas|39394000|3,-1701437,-4377739
estrada||para alto belo|forquilha|39394000|20,-1694741,-4383313
estrada||para alto belo|jacare|39394000|6,-1703522,-4377412
estrada||para angicos|engenheiro dolabela|39395000|633,-1747193,-4401179
estrada||para barra da ilha|macaubas|39390000|3,-1735665,-4333049;31,-19,-50
estrada||para barra da ilha|macaubas|39393000|12,-1736840,-4331472;14,176,-62;16,118,-208;18,37,-290;22,-54,-261;26,283,-251;27,5,-178;98,70,480;116,-432,384;122,264,-436;141,-158,625
estrada||para bocaiuva|cordeiro|39390000|2,-1738766,-4327330;3,20,162;4,-152,92;5,60,-141;6,68,164;7,-3632,3721;9,3500,-3750;13,-47,63;16,1,58;17,3,-27;18,-8,84;22,226,-308;25,-130,72;26,-14,55;32,25,106;33,8,-17;36,103,-122;38,-142,46;40,30,19;45,-79,31;50,-13,81;51,21,9;52,-7,-112;55,19,119;56,79,33;60,-73,-57;150,-53,12;555,91,-99;7664,-86,91;9974,76,-72
estrada||para bocaiuva|cordeiro|39393000|1,-1738769,-4327356;4,-48,132;148,25,-26
estrada||para bocaiuva|macaubas|39390000|6,-1735909,-4333005;29,-35,32;30,-4,-3
estrada||para bora|pedrinhas|39390000|20,-1708579,-4389391
estrada||para bora|veados|39390000|1,-1707237,-4385870
estrada||para cachoerinha|cachoerinha|39390000|6,-1712604,-4383769
estrada||para canto do sao joao|machados|39390000|25,-1714298,-4325909;30,113,136;31,-172,445;32,1,7;34,86,236;36,65,149
estrada||para carlos murta|assentamento de sem terras sentinela|39390000|2,-1716158,-4401178;3,-159,-311;9,-217,-1080;11,-1231,-1447;15,778,76;16,-25,980;17,-411,-1136;18,-154,-64;20,-325,266;21,-54,202;30,1481,1735
estrada||para carlos murta|santa engracia|39390000|14,-1715904,-4400892;16,-1242,-3262;30,2571,3804
estrada||para carlos murta|sentinela|39390000|25,-1714914,-4397657
estrada||para catarina|catarina|39390000|1,-1702092,-4385882;2,-320,488
estrada||para fazenda cagaiteira|almas|39390000|2,-1703549,-4386957;4,1789,-414;5,-3187,-341;6,2834,-126;29,-2412,786;31,349,329
estrada||para fazenda cagaiteira|cagaiteira|39390000|2,-1703415,-4387546;3,208,150;4,-404,918;6,190,375;23,-666,-1906;27,-195,509;32,205,203
estrada||para fazenda cagaiteira|lalau|39390000|25,-1704014,-4388005
estrada||para fazenda grama|riacho do barro|39390000|17,-1725960,-4381530
estrada||para fazenda grama|roca velha|39390000|4,-1723462,-4385473
estrada||para gangora|cordeiro|39390000|1,-1742387,-4323358
estrada||para itacambira|machados|39390000|50,-1714418,-4322842;149,16,-50
estrada||para lagoinha|lagoinha|39390000|3,-1706921,-4380223;4,-1079,-161;11,-504,-743
estrada||para morro alto|lalau|39390000|5,-1705295,-4388619;10,-1321,-1135
estrada||para rio sao joao|terra branca|39390000|23,-1731268,-4321145;83,35,59
estrada||para tabocal|tabocal|39390000|5,-1709487,-4385277;6,626,165;11,-1507,-934;12,-1,108;25,868,-2096;29,1150,1809;30,237,-862;32,-906,2996;33,450,-2268;34,622,1643;47,-2263,-1274;49,123,142;51,256,-238;52,90,-96
estrada||para terra|nossa senhora de fatima|39390000|5,-1712661,-4371750;6,187,161;13,1430,367;18,-978,134;25,257,844
estrada||para terra|para terra dois|39390000|3,-1712559,-4371991;23,290,1420
estrada||para terra|para terra|39390000|11,-1711591,-4371528;20,-2172,742;21,122,82;22,97,108
estrada||para terra|taboquinha|39390000|6,-1711779,-4373731;8,109,-193;137,-7,285
estrada||para tolda|nova tolda|39390000|13,-1704852,-4372366
estrada||para tolda|nova tolda|39393000|1,-1705341,-4373463;349,970,361
estrada||para tolda|tenda velha|39393000|25,-1703254,-4373618
estrada||para tolda|tolda|39390000|2,-1703421,-4372770;3,-439,-351;4,664,543;5,-2087,-373;22,-979,-590;27,537,-106;49,254,189;51,29,-99
estrada||para tolda|tolda|39393000|10,-1705205,-4373418
estrada||para zueira|zueira|39393000|4,-1740514,-4321936;8,1727,1973
estrada||primitiva bocaiuva para montes claros|bonfim|39390000|985,-1709818,-4382402
estrada||rancho montana|tabocal|39390000|6,-1707055,-4384194
estrada||rasgao|rasgao|39390000|15,-1758894,-4390729
estrada||real para a barragem|engenheiro dolabela|39390000|2,-1754329,-4388523;3,-1776,-2165;9,319,567;10,188,-1893;12,49,1092;13,254,1521;15,101,136;18,-164,-587
estrada||real para a barragem|engenheiro dolabela|39395000|4,-1754892,-4394995;8,-328,191;12,-68,45;14,-371,637;15,229,-37;17,-385,171;18,442,-585;19,-315,863;21,-95,94;26,-107,614;27,-52,354;28,-156,142;33,106,-1075
estrada||reta grande|engenheiro dolabela|39390000|31,-1755486,-4390716
estrada||reta grande|engenheiro dolabela|39395000|1,-1748497,-4393670;2,445,1017;3,-727,-2459;4,443,-320;5,-169,1779;6,1295,1231;7,1263,3153;8,-1891,-7110;9,413,1197;10,-868,1676;11,106,-2236;12,-685,397;13,239,2548;14,-143,2734;19,203,-1728;20,35,-2309;21,445,-5210;22,-1293,4797;23,985,-2190;24,-191,1000;25,-315,1951;26,-206,85;27,546,2050;28,-997,-2004;29,-939,-2284;30,-143,2581;31,54,2753;32,-26,-3406;33,-76,-1851;34,1025,93;37,619,60;38,671,310;39,-108,787;41,-57,1153;293,-199,3496;313,2029,-9480;354,1597,9977;357,8,-185;373,-835,27;385,-450,154;395,-2337,-600;396,-60,304;402,834,-5799;428,-568,4178;429,-268,-106;433,3,-153;434,206,-6;454,114,-992;461,-7,-1143;481,45,-13;492,289,-457;493,-299,-231;500,637,-421;527,-245,-1520;536,153,1382;538,-411,-4211;547,226,3918;548,-4,3;549,5,-901;553,219,-364;557,24,-220;558,41,-131;562,-450,-839;563,379,235;564,-256,290;566,264,667;587,-227,-2726;598,267,2380
estrada||reta grande|poco do bento|39393000|3,-1746859,-4391890;5,-164,-770;7,563,-2377;8,-216,377;10,-255,-1206;13,494,-1753;14,-548,2939;15,505,-2492;16,-114,2350;17,-625,802;21,38,690;28,-373,3485;32,728,-2814;45,-385,121;443,-109,309
estrada||reta grande|poco do bento|39394000|8,-1747144,-4389937
estrada||reta tres tracadal|engenheiro dolabela|39395000|448,-1750316,-4392455
estrada||rio do sitio a alto belo|palmital|39394000|9,-1690039,-4375791;12,-1003,1390;15,-102,-650;16,243,-336;25,255,2695;29,181,421;30,-51,-3922;38,-1676,2719
estrada||rio do sitio a santos reis|palmital|39394000|25,-1691687,-4382194
estrada||rio do sitio a santos reis|santos reis|39394000|4,-1692215,-4386697
estrada||rio jequitai|engenheiro dolabela|39395000|886,-1747561,-4401289
estrada||santa cruz a mucambinho|santa cruz|39390000|41,-1696998,-4379832
estrada||santos reis a br 135|palmital|39394000|7,-1694301,-4385356
estrada||santos reis a br 135|santos reis|39394000|8,-1692326,-4386873;10,-15,218;12,14,562;15,-364,-92;18,-815,561;21,-415,-36;25,1334,159;32,-1041,-107
estrada||segunda estrada santos reis a|palmital|39394000|15,-1692354,-4386226
estrada||sem denominacao|cachoeira|39390000|8,-1713998,-4381536
estrada||sem denominacao|cobertor|39390000|315,-1713384,-4379891
estrada||sem denominacao|curral de varas|39394000|322,-1699951,-4378954
estrada||sem denominacao|laranjeiras|39395000|1,-1688820,-4369060
estrada||sem denominacao|onca|39390000|3,-1701198,-4384405;14,350,404;15,859,930;16,-52,-175;18,-68,-594;19,-126,-54
estrada||sentinela|novo horizonte|39390000|14,-1714417,-4402037;21,-1,1
estrada||sentinela|terra nova|39390000|16,-1712246,-4400691;19,-1274,-505
estrada||sentinela|vale dos pampas|39390000|13,-1711080,-4400780
estrada||sentinela|varzea dourada|39390000|2,-1710300,-4398995
estrada||sitio pedrinhas|pedrinhas|39390000|5,-1707562,-4384956;12,68,357;16,206,-4333;17,605,917;21,-2479,-1726;22,569,213
estrada||tabocal|tabocal|39390000|1,-1707517,-4386498;10,-616,-768;16,-1613,566;18,671,-1192;19,684,779;21,-2,-4;25,515,105;27,-214,215;36,-269,230;41,-490,1439;59,1104,-2225
estrada||tabocal|veados|39390000|26,-1708464,-4383709;38,-49,-40
estrada||taboquinha|brasilino|39390000|1,-1711213,-4375306;2,-3615,-168;4,3902,-3253;12,-1970,2432;15,1612,-3495;18,-110,53;28,75,3658
estrada||taboquinha|morrinhos|39390000|12,-1710655,-4374723
estrada||taboquinha|taboquinha|39390000|1,-1711688,-4375696;3,-1205,2504;4,-161,366;6,-159,-2106;7,524,-688;9,1239,-980;10,-1224,911;11,-389,1774;12,-145,-860;13,980,1597;16,747,-5401;17,-1734,5700;18,-1,-226;20,0,-1807;21,117,-118;22,-484,1744;23,-39,-1704;25,12,-105;26,-111,-476;30,105,478;31,729,-557;32,-793,1366
estrada||taboquinha|taboquinha|39393000|6,-1712462,-4375795;9,-384,-439;12,-694,2834;31,427,-2121;33,651,-274
estrada||tenda velha para tolda|brejinho|39393000|10,-1702183,-4375865
estrada||tenda velha para tolda|temda velha|39393000|3,-1703548,-4374399;12,-421,-5;13,50,-66;15,100,2
estrada||tenda velha para tolda|tolda|39390000|5,-1703308,-4372632;10,-1896,-781
estrada||tenda velha|temda velha|39390000|10,-1704897,-4374546;12,939,135;14,47,-148
estrada||timbore|timbore|39390000|5,-1760971,-4389213;8,206,-53;11,812,430;12,1527,409
estrada||timbore|timbore|39393000|2,-1761373,-4388547;7,688,-835;17,1791,-1348
estrada||tiririca|furado|39390000|8,-1727711,-4383717;10,-755,1604;11,-331,-451;25,1443,-992
estrada||tiririca|grama|39390000|3,-1728250,-4380938;18,2002,-1568
estrada||tiririca|grama|39393000|5,-1727724,-4382156
estrada||tolda camilo|nova tolda|39390000|2,-1704241,-4373063
estrada||tolda camilo|temda velha|39393000|18,-1703506,-4374629;19,-36,155;20,75,45
estrada||tolda camilo|tenda velha|39393000|20,-1703468,-4374368
estrada||veados|veados|39390000|5,-1708738,-4383362;8,119,36;9,24,-63;10,8,-5;12,45,-33;43,397,-700;67,-443,724
extensao||morrinhos|brasilino|39390000|6,-1709962,-4375261
fazenda|dona|lurdes|brejinho|39390000|11,-1701371,-4374910
fazenda|nossa senhora|das gracas|laranjeiras|39390000|28,-1685910,-4370402;29,123,-75
fazenda|santa|cruz|alto belo|39394000|15,-1698885,-4379268;16,41,858;17,345,58;19,-345,-58;30,-762,-95;32,1073,149
fazenda|santa|cruz|muricoca|39394000|23,-1698753,-4377858;24,-8,-17
fazenda|santa|cruz|onca|39394000|20,-1698465,-4378068
fazenda|santa|cruz|santa cruz|39390000|1,-1720254,-4378963;6,21473,-1010;11,-74,618;12,-118,71;15,14,103;24,269,1341;28,101,-33;30,509,-1046
fazenda|santa|cruz|santa cruz|39394000|38,-1699831,-4378428
fazenda|santa|helena|pedrinhas|39390000|32,-1709925,-4390601
fazenda|santa|ingracia|jenipapeiro|39390000|2,-1715164,-4395590
fazenda|santa|luzia|tabua|39390000|22,-1719761,-4388326;23,62,-306;24,-3,2;30,2195,-1347
fazenda|santa|monica|tabua|39390000|10,-1719998,-4388138;15,-1742,1135;16,-3,-2;17,-186,-129
fazenda|santo|reis|santos reis|39394000|3,-1692280,-4387281;4,0,5;5,-740,3004;6,682,-2783;7,0,103;8,-1014,808;9,1137,-552;12,-295,282;13,-126,107;15,307,68;17,75,-17;18,105,146;22,-195,331;23,-269,141;25,29,137;27,367,199;28,-4,0;29,-1419,-28;30,1310,-3;31,-56,-17;32,-113,-18;34,-203,-216;41,-775,-134;42,163,221;43,464,433;44,-20,-8;46,-666,-425;47,-193,-45
fazenda|sao|borja|taboquinha|39390000|5,-1711082,-4377544;6,-1,0
fazenda|sao|dionizio|sao dionizio|39390000|1,-1721320,-4377580;10,-2617,513;13,1461,1056
fazenda|sao|marcos|agua boa|39390000|5,-1721512,-4362004;9,450,9;19,-1,174;27,424,721
fazenda|sao|marcos|anderino|39390000|1,-1720717,-4363788;16,-1014,110;18,2225,-1272;19,755,-918;21,-2573,1625
fazenda|sao|marcos|extrema|39390000|14,-1720622,-4369785
fazenda|sao|marcos|sao gregrorio|39393000|16,-1721005,-4358319
fazenda|sao|marcos|sao marcos|39390000|2,-1719536,-4364728;3,-35,-10;4,-52,12;19,-371,-4015
fazenda||alecrim|alecrim|39390000|2,-1723872,-4382464
fazenda||alecrim|pedregulho|39390000|8,-1726235,-4382366;10,980,750;13,237,-327
fazenda||almas|almas|39390000|6,-1700681,-4394344;7,-1617,5958;8,-422,-2130;12,7012,3454;13,-4764,-7420;20,-3374,6048
fazenda||almas|tabocal|39390000|4,-1696826,-4385798;5,761,-257;9,15,-764;13,13,-417;64,1417,1571
fazenda||alma|almas|39390000|9,-1704907,-4387777;11,158,402;15,7437,461
fazenda||angico|almas|39390000|20,-1704135,-4388614
fazenda||angico|angico|39390000|21,-1703610,-4388427;22,-524,-198
fazenda||araca|araca|39390000|2,-1715874,-4380851;3,228,-1153;4,-28,192;6,308,436;7,-34,-197;9,-676,664;11,670,-1190;14,-1253,1357
fazenda||arataca|engenheiro dolabela|39390000|19,-1749209,-4382137
fazenda||bahia|bahia|39390000|3,-1718530,-4371268;12,-303,-1594;15,18,-69;20,-515,-23
fazenda||bahia|brasilino|39390000|2,-1714775,-4377065;5,-457,2461;6,-1090,-247;8,403,283;11,2523,-4576;16,-1361,3678;20,-923,1346;22,2458,-5499;23,-2296,4312
fazenda||bahia|extrema|39390000|12,-1717187,-4368661
fazenda||bahia|taboquinha|39390000|1,-1714325,-4376287;5,-894,1211;6,0,6;8,3584,-1501;10,-1372,-320;11,-3249,2304;13,1912,-1688;14,-274,-71;16,3137,-2234;20,-3925,2886;24,-1222,2063;35,2362,-495
fazenda||bahia|taboquinha|39393000|12,-1714360,-4376270
fazenda||bela vista|palmital|39394000|13,-1694164,-4384265;14,-1,3;15,-220,-248;31,-49,-62
fazenda||boa vista da onca|cabeceira do rio da onca|39394000|15,-1700005,-4383076;16,-85,-206
fazenda||boa vista da onca|onca|39390000|6,-1699384,-4382017;13,-1446,-806
fazenda||boa vista|morrinhos|39390000|11,-1709748,-4376754
fazenda||brejinho|brejinho|39390000|14,-1701320,-4374419;111,-82,-508
fazenda||brejinho|brejinho|39395000|91,-1701361,-4375335
fazenda||cabeceira das lajinhas|lajinha|39393000|6,-1741742,-4372352;7,455,-584
fazenda||cabeceira de curral de vara|bora|39394000|9,-1699876,-4381452;22,1561,-964
fazenda||cabeceira de curral de vara|curral de varas|39394000|1,-1699240,-4380742;2,635,-3452;7,340,-81;9,-1607,2821;13,1929,-2069
fazenda||cabeceira de curral de vara|curral de vara|39394000|8,-1698306,-4384152;11,172,-674;12,-85,912;13,281,379;15,-297,76
fazenda||cabeceira de curral de vara|palmital|39390000|4,-1696488,-4385823;5,13,4;9,2119,91
fazenda||cabeceira de curral de vara|palmital|39394000|7,-1698270,-4384265;24,834,-945
fazenda||cachoeira do cerrado|cachoeira do cerrado|39390000|5,-1715359,-4386008;45,-342,-19
fazenda||cachoeira|cachoeira|39390000|19,-1715006,-4382688
fazenda||cachoeirinha|cachoeira|39390000|490,-1712088,-4385106;517,40,-77;547,-40,39
fazenda||cachoeirinha|cachoeirinha|39390000|2,-1710819,-4386406;34,-2055,1315;35,-156,60;36,-1330,1154;38,774,-684;39,50,-147
fazenda||cachoeirinha|quinta das cachoeira|39390000|31,-1711755,-4385060;44,-18,223;51,-454,-192;53,-3,36;55,1,-42;56,-5,-92;2000,312,216
fazenda||camilo prates|camilo prates|39390000|9,-1704167,-4376372;13,-897,452
fazenda||campo limpo|campo limpo|39390000|49,-1723387,-4387687;50,119,-58
fazenda||canaa|grama|39390000|18,-1728250,-4380928;19,0,0
fazenda||canabrava|canabrava|39390000|12,-1707988,-4400341;14,1199,-77;30,307,654
fazenda||canabrava|costela|39390000|5,-1707903,-4397646
fazenda||canabrava|matos|39390000|12,-1702717,-4396340
fazenda||capivara|capivara|39390000|25,-1717713,-4367666
fazenda||capivara|extrema|39390000|21,-1718114,-4368113
fazenda||carlos roberto|curral de varas|39390000|6,-1702252,-4377399
fazenda||carrapato|furado|39390000|49,-1723283,-4387575;50,15,-176;51,-109,77
fazenda||casa nova|casa nova|39390000|8,-1723057,-4314773;25,-801,407
fazenda||casa nova|chapada mel|39390000|81,-1723058,-4314774
fazenda||casa nova|pedregolho|39390000|45,-1723421,-4311306
fazenda||catarina|catarina|39390000|202,-1701600,-4384635
fazenda||cedro|cedro|39393000|57,-1715974,-4391410
fazenda||chineta|chineta|39390000|24,-1701825,-4380930
fazenda||cobertor|cobertor|39390000|1,-1716955,-4377793;2,-59,19;8,-988,282;10,1015,-435
fazenda||conquista|agua boa|39390000|4,-1689362,-4368423
fazenda||conquista|agua boa|39395000|21,-1689669,-4368748
fazenda||conquista|laranjeiras|39394000|20,-1689672,-4368775
fazenda||corguinho|correguinho|39390000|1,-1714102,-4395692;2,-307,94;3,37,233;4,-83,275;5,3275,3228;6,-752,-2814;8,-2790,507
fazenda||corrego fundo|corrego fundo|39390000|1,-1714813,-4378200;5,-330,446;8,-126,-52;10,-142,224;146,-322,1278
fazenda||costelas|correguinho|39393000|5,-1711187,-4391859;7,-5,-19
fazenda||costela|boa vista dos matos|39390000|17,-1706533,-4392524;27,-28,-14;29,374,-1609;47,1554,-1102;54,-965,-353;55,-395,-90
fazenda||costela|bora|39390000|2,-1709192,-4393282;3,58,29;6,323,-335;7,143,-77
fazenda||costela|brejinho|39390000|29,-1705219,-4391908
fazenda||costela|costela|39390000|5,-1708988,-4393836;8,2254,-3806;9,-12,-236;17,-3876,2227;19,241,1354;29,2787,448;56,1714,-2132
fazenda||costela|pedrinhas|39390000|30,-1707147,-4390892
fazenda||curral 2|machados|39390000|2,-1716396,-4315800;4,-278,593;6,27,283;7,100,6;8,-111,827;10,-1,468;11,169,521;12,-96,-581;14,-37,-845;15,153,1068;67,-194,-51;71,-58,-1148;101,1768,-1530;601,-1689,2727;1501,291,1845
fazenda||curral 2|rita|39390000|4,-1722547,-4311080
fazenda||curral de varas|aconchego|39394000|1,-1695068,-4383452;3,284,321
fazenda||curral de varas|curral de varas|39394000|1,-1695901,-4378574
fazenda||curral de varas|igreja|39390000|21,-1694370,-4382809
fazenda||curral de varas|mucambinho|39394000|4,-1694780,-4382973;9,-1104,-63;10,56,221;14,-43,483;20,-741,-496;23,2517,-39;24,71,-9
fazenda||d cristina|barra do felix|39390000|10,-1695013,-4370503
fazenda||das pedrinhas|bora|39390000|36,-1709058,-4391578
fazenda||das pedrinhas|canto do mato|39390000|25,-1704384,-4388673
fazenda||das pedrinhas|pedrinhas|39390000|25,-1707637,-4389523
fazenda||de ailtom correte|nova tolda|39390000|3,-1704168,-4372963
fazenda||de americo de pedro de souza|brasilino|39390000|2,-1709229,-4378145
fazenda||de ampara|tenda velha|39390000|12,-1703931,-4374459
fazenda||de antonio vieira|lavras|39393000|13,-1768841,-4388509
fazenda||de aparecido correte|nova tolda|39390000|2,-1704134,-4372853
fazenda||de arlido policia|brasilino|39390000|1,-1709227,-4377880
fazenda||de ativo|tenda velha|39390000|11,-1704104,-4374278
fazenda||de avilino|vargen mimosa|39390000|349,-1703672,-4371330
fazenda||de baltazar|tenda velha|39390000|213,-1703612,-4374134
fazenda||de belao|tolda|39390000|14,-1705221,-4372682
fazenda||de bernadete|nova tolda|39390000|4,-1704249,-4373038
fazenda||de bolo|tenda velha|39390000|21,-1703586,-4374260
fazenda||de celio|rio do felix|39390000|3,-1703269,-4372448
fazenda||de chico braco|tenda velha|39390000|19,-1703526,-4374538
fazenda||de dede|rio do felix|39390000|22,-1702337,-4372489
fazenda||de deriquinho|tolda|39390000|11,-1704716,-4372438
fazenda||de di de joana|tenda velha|39390000|6,-1704360,-4374382
fazenda||de diao|rio do felix|39390000|58,-1702427,-4372062
fazenda||de dona eva|nova tolda|39390000|6,-1704285,-4373114
fazenda||de du de geimira|tolda|39390000|16,-1706046,-4371950
fazenda||de eduardo|nova tolda|39390000|7,-1704365,-4373385
fazenda||de elias|campinas|39390000|1,-1704287,-4373613
fazenda||de eliza|tolda|39390000|11,-1704659,-4372335
fazenda||de eva de eugenio|tolda|39390000|42,-1705174,-4373599
fazenda||de fihinho|tenda velha|39390000|24,-1703367,-4373844
fazenda||de fiinha|rio do felix|39390000|3,-1703239,-4372437
fazenda||de geraldo bolo|tenda velha|39390000|8,-1704225,-4374570
fazenda||de geraldo da cruz|tenda velha|39390000|25,-1703268,-4373639
fazenda||de geraldo de joao veio|campinas|39390000|34,-1704829,-4373982
fazenda||de geraldo soares|lagoinha|39390000|10,-1708532,-4380771
fazenda||de gera|tenda velha|39390000|30,-1702981,-4374767
fazenda||de gerrao|rio do felix|39390000|23,-1703039,-4371111
fazenda||de gezinho|tenda velha|39390000|20,-1703475,-4374300
fazenda||de granadinha|rio do felix|39390000|11,-1702562,-4372487
fazenda||de honorio|tenda velha|39390000|18,-1703472,-4374617
fazenda||de hugo amaral|tolda|39390000|2,-1707868,-4373824
fazenda||de ines|tenda velha|39390000|22,-1703481,-4374361
fazenda||de itamar|rio do felix|39390000|12,-1702016,-4371639
fazenda||de ivo|tolda|39390000|26,-1705394,-4373696
fazenda||de jairo|tolda|39390000|18,-1705855,-4373762
fazenda||de jasao|campinas|39390000|4,-1704703,-4373988
fazenda||de joana|tenda velha|39390000|12,-1703976,-4374378
fazenda||de joao cardoso|recreio|39390000|8,-1708211,-4376766
fazenda||de joao de santo|campinas|39390000|3,-1704698,-4373855
fazenda||de joao noberto|tolda|39390000|18,-1706108,-4373528
fazenda||de jose carlos|tolda|39390000|29,-1705798,-4373286
fazenda||de jose de gasparzinho|rio do felix|39390000|5,-1702388,-4372032
fazenda||de jose maria parola|tenda velha|39390000|34,-1704031,-4375032
fazenda||de jose maria|tenda velha|39390000|19,-1703518,-4374497
fazenda||de lenir|campinas|39390000|5,-1704900,-4373921
fazenda||de lobao|tenda velha|39390000|24,-1703270,-4373998
fazenda||de luciano|tenda velha|39390000|14,-1703710,-4374412
fazenda||de lucir|barreiro do campo|39390000|18,-1705530,-4371781
fazenda||de luizinho|tenda velha|39390000|21,-1703591,-4374188
fazenda||de mane luzia|tolda|39390000|28,-1706108,-4373526
fazenda||de marquinhos|tolda|39390000|20,-1705108,-4371492
fazenda||de nelma|campinas|39390000|2,-1704682,-4373758
fazenda||de ney de tiao|nova tolda|39390000|11,-1704080,-4372771
fazenda||de nica|tolda|39390000|17,-1705558,-4371788
fazenda||de nisao|tolda|39390000|20,-1705723,-4373661
fazenda||de pedro culino|tenda velha|39390000|20,-1703451,-4374291
fazenda||de pedro de quinca|rio do felix|39390000|11,-1703259,-4371134
fazenda||de pedro de souza|brasilno|39390000|1,-1709218,-4378037
fazenda||de pedro quese|rio do felix|39390000|9,-1702336,-4371540
fazenda||de pedro veloso|rio do felix|39390000|5,-1703047,-4372604
fazenda||de pedro ze veio|tenda velha|39390000|23,-1703427,-4373868
fazenda||de piduca|nova tolda|39390000|5,-1704298,-4373042
fazenda||de preta|tolda|39390000|8,-1705127,-4373456
fazenda||de quelinha|tenda velha|39390000|21,-1703633,-4374101
fazenda||de rafael|jacare|39390000|5,-1707623,-4377062
fazenda||de riqui|tenda velha|39390000|30,-1702978,-4374753
fazenda||de rosalininho|tolda|39390000|2,-1705804,-4373289
fazenda||de rosalino carreir0|tolda|39390000|9,-1705773,-4373268;19,2,31
fazenda||de silvano correte|nova tolda|39390000|7,-1704418,-4373119
fazenda||de silvestre|tenda velha|39390000|15,-1703782,-4374586
fazenda||de terta|tolda|39390000|24,-1705331,-4373463
fazenda||de tiao de jorge|rio do felix|39390000|14,-1702988,-4371105
fazenda||de tiaozinho|tolda|39390000|12,-1705803,-4373290
fazenda||de ticao|rio do felix|39390000|3,-1702244,-4372473
fazenda||de toni de dalina|jenipapo|39390000|35,-1706173,-4375210
fazenda||de toni de doxa|rio do felix|39390000|54,-1703101,-4372658
fazenda||de toni peixoto|tolda|39390000|9,-1706979,-4373466
fazenda||de toninho da dalina|jacare|39390000|1,-1706086,-4377930
fazenda||de toninho da dalina|tolda|39390000|28,-1706025,-4374004
fazenda||de toninho|tenda velha|39390000|15,-1703778,-4374474
fazenda||de valcir|brejinho|39390000|12,-1701546,-4374742
fazenda||de valdemar|rio do felix|39390000|4,-1703126,-4372405
fazenda||de valdercir c0ntador|nova tolda|39390000|1,-1703774,-4372395
fazenda||de valdesir de mariana|tolda|39390000|13,-1706109,-4373528
fazenda||de valdomiro|tolda|39390000|16,-1706977,-4373462
fazenda||de valtao|tenda velha|39390000|32,-1703956,-4375158
fazenda||de wilsom|brasilino|39390000|7,-1708566,-4379202
fazenda||de ze culino|tenda velha|39390000|20,-1703442,-4374404
fazenda||de ze de chica|tolda|39390000|33,-1706016,-4373989
fazenda||de ze elias|jenipapo|39390000|58,-1706851,-4376437
fazenda||de ze piaba|tenda velha|39390000|26,-1703161,-4374499
fazenda||de ze remundo|tenda velha|39390000|10,-1704223,-4374588
fazenda||de zeca|tenda velha|39390000|10,-1704174,-4374800
fazenda||de zeze de pedro|campinas|39390000|4,-1704647,-4373954
fazenda||de zezim assis|brasilino|39390000|1,-1707435,-4378216
fazenda||de zezim de assis|brasilino|39390000|2,-1707423,-4378083
fazenda||de zezinho de lurdes|tolda|39390000|260,-1707764,-4374116
fazenda||do rosario|rio do felix|39390000|1,-1696995,-4373690
fazenda||eliane azevedo|recreio|39390000|8,-1708215,-4376761;9,7,-3
fazenda||extrema|extrema|39390000|7,-1720860,-4369505;8,91,-50;9,204,-30;10,90,429;11,-335,149;12,259,148;13,-303,-44;14,-141,-20;15,754,524;16,-124,37;18,590,433;26,-617,-2320;96,332,-828;373,-486,1591
fazenda||extrema|sao marcos|39390000|15,-1720450,-4368397;20,1849,222
fazenda||extrema|taboquinha|39390000|29,-1719730,-4371135
fazenda||forguilha|alto belo|39394000|20,-1693883,-4382872;32,169,228;39,428,1913
fazenda||forguilha|forquilha|39394000|2,-1693595,-4382351;3,522,109;4,-1533,1816;6,-988,-142;8,924,-351;10,1265,2619;11,-1165,-2316;12,729,-762;14,1316,-143;16,-1444,781;18,369,1793;20,-496,-2923;22,606,2192;30,-621,-1589;32,-164,4;35,594,-47;39,303,124;43,-70,279;45,-33,127
fazenda||forguilha|mucambinho|39394000|6,-1693379,-4382764;17,531,328;29,-289,303;36,-628,1406;37,686,-1911;39,230,210;40,120,2176
fazenda||forguilha|pau doleo|39394000|37,-1692845,-4382432
fazenda||forquilha|palmital|39394000|1,-1691387,-4377391;3,205,-664;4,-129,931;5,-1555,-5704;6,2120,5309;7,72,451;8,-432,-1297;9,-342,2654;10,75,-2605;11,-1494,-3604;13,2235,7022;14,-435,1799;16,-3657,-10985;17,2188,4269;18,-1544,-3516;19,1731,3592;20,-1249,-4302;21,1082,1957;22,-119,998;23,-837,-2653;24,458,1661;25,-112,-324;26,-429,-488;28,915,584;29,528,924;30,344,-362;31,25,-342;32,-347,-332;33,358,345;36,834,1090;37,-26,133;39,-11,132;40,9,174
fazenda||geneta|curral de varas|39390000|6,-1703124,-4379141
fazenda||gentil|bahia|39390000|6,-1718056,-4376390
fazenda||gentil|vaquejada|39390000|2,-1717778,-4376364;3,111,97;4,490,-572
fazenda||gera camelo|brejinho|39390000|2,-1702009,-4375503
fazenda||gibao|gibao|39390000|6,-1720495,-4393931
fazenda||granjas reunidas do norte|mocambo|39390000|3,-1751771,-4383467;4,3,2
fazenda||granjas reunidas|granjas reunidas|39395000|2,-1742065,-4398870;3,9,111;38,11,121;42,101,-23;44,-17,-22;45,21,35
fazenda||inacio pimenta|curral de varas|39390000|7,-1702770,-4377384
fazenda||jacare|brasilino|39390000|5,-1710376,-4379018;8,105,757;12,-307,2908;86,307,-4216
fazenda||jacare|brejinho|39390000|77,-1700055,-4376877
fazenda||jacare|jacare|39390000|15,-1709861,-4381465;16,5026,4221;20,-176,-596;46,-17166,19352;54,561,-702;55,65,-36;56,-433,88
fazenda||jacare|jacare|39394000|7,-1700672,-4376707
fazenda||jacare|morrinhos|39390000|1,-1711213,-4375306;6,1145,226;7,46,-70;8,-118,21;9,-420,-619;11,602,-193;12,551,-106;13,-295,533;14,-794,-98;15,1360,784;16,120,30;18,-1059,-993;19,1315,1267;20,-18,64;21,-14,55;22,139,51;25,150,21;26,174,49;27,11,6;28,-34,-54;131,-825,-541;161,318,27;181,173,284
fazenda||jacare|morrinhos|39393000|24,-1708501,-4374337
fazenda||jacare|rio do felix|39394000|1,-1698854,-4374739
fazenda||jacare|veados|39390000|1,-1708685,-4382934
fazenda||jatoba|jatobazinho|39390000|2464,-1701995,-4380983
fazenda||joao aprijo|rio do felix|39390000|4,-1702441,-4372396
fazenda||joao bar|curral de varas|39390000|9,-1703202,-4377276
fazenda||joao batista|brejinho|39390000|1,-1702031,-4375245
fazenda||joao colodino|tenda velha|39390000|15,-1703818,-4374501
fazenda||joao domingos silva|barra do rio do felix|39394000|9,-1695087,-4370180
fazenda||joao paulo|brejinho|39390000|13,-1701211,-4374293
fazenda||joaquim da venda|tolda|39390000|23,-1705287,-4373354
fazenda||jose maria freitas|camilo prates|39390000|13,-1703769,-4376868
fazenda||jose souza|curral de varas|39390000|11,-1703494,-4377032
fazenda||lages|lajes|39390000|2,-1725083,-4383788;6,396,56;8,-35,-256;12,-262,60;20,-64,-66
fazenda||lajes|lajes|39390000|8,-1709540,-4396581;10,-334,-458;12,1121,-3954
fazenda||lajes|tubarao|39390000|6,-1709329,-4397163
fazenda||lavras|lavras|39393000|9,-1769766,-4388635;22,122,304
fazenda||luis adair|laranjeiras|39394000|20,-1688626,-4370863
fazenda||luis|laranjeiras|39394000|19,-1688605,-4370863
fazenda||machadinho|lavras|39393000|30,-1770960,-4388712;34,-3109,-369
fazenda||montana|oncinha|39390000|1,-1721348,-4398709
fazenda||mucaminho|alto belo|39394000|10,-1695582,-4380670;39,-1522,455;40,25,103
fazenda||mucaminho|curral de varas|39394000|40,-1697012,-4380350
fazenda||mucaminho|forquilha|39394000|41,-1693478,-4380733
fazenda||mucaminho|mucambinho|39394000|8,-1695586,-4379795;31,-67,3209;41,31,-4033;44,24,13
fazenda||mundo novo|grama|39390000|7,-1723073,-4386500
fazenda||mundo novo|roca velha|39390000|2,-1724675,-4387717;5,-460,-281;7,-109,30;8,718,387;9,-846,-433;12,182,254;14,-1425,-442;16,2693,751;17,-17,-20;19,-13,-19;22,-149,108;26,47,-50
fazenda||murisoca|alto belo|39394000|7,-1699694,-4377417
fazenda||murisoca|muricoca|39394000|33,-1699294,-4378372
fazenda||murisoca|onca|39394000|8,-1698758,-4379901;10,-66,318
fazenda||murisoca|santa cruz|39390000|26,-1699016,-4377901;27,-33,-165;30,0,-66;31,-35,-49
fazenda||nilson misia|curral de varas|39390000|7,-1702634,-4377465
fazenda||nivaldo|rio do felix|39390000|16,-1695794,-4371103
fazenda||nossa senhora aparecida|nossa senhora aparecida|39390000|2,-1723878,-4382455;12,-401,235
fazenda||onca|mucambinho|39394000|17,-1692846,-4382432
fazenda||onca|onca|39390000|1,-1699900,-4385431;2,288,-37;9,-368,3058
fazenda||onca|onca|39394000|8,-1699823,-4382134;9,-160,-200;202,-1619,-2297;601,1877,2568
fazenda||palmital|alto belo|39394000|12,-1695660,-4383409
fazenda||palmital|palmital|39394000|7,-1695986,-4385219
fazenda||paulo roberto|brejinho|39390000|8,-1700033,-4376885
fazenda||pedregulho|alecrim|39390000|1,-1725418,-4383740
fazenda||pedregulho|lajes|39390000|14,-1721919,-4384475
fazenda||pedregulho|pedregulho|39390000|3,-1725731,-4384291;17,2211,4783;22,1790,-4148
fazenda||pedregulho|riacho do barro|39390000|4,-1721998,-4385028;12,-503,156;30,226,-1338
fazenda||pedrinha|garrote|39390000|30,-1710533,-4391490;31,5,-1
fazenda||pedro correte|rio do felix|39390000|2,-1703421,-4372770
fazenda||pedro de souza|curral de varas|39394000|25,-1700742,-4379871
fazenda||peixe|bahia|39390000|2,-1717525,-4369822
fazenda||perseveranca|garrote|39390000|12,-1711070,-4387124
fazenda||pindaiba|pedregulho|39390000|9999,-1718653,-4314550
fazenda||pindaiba|rita|39390000|5,-1720817,-4312324
fazenda||poco verde|poco verde|39390000|8,-1719890,-4374733;12,-1204,-598
fazenda||pocoes|pocoes|39390000|2,-1719414,-4376767;4,998,-3776;5,-15,1219;6,19820,6021;7,-20304,-5888;8,-123,487;9,-2512,-516;10,3002,-1376;15,-2243,3216;17,2830,-2732;20,-307,-210;23,39,-340;24,-21,-22;26,-1218,48;28,145,663;29,1303,-559;30,-99,-277;32,44,122;33,-35,16;36,-182,-284;39,77,58;41,-139,-261;42,115,56;45,70,-108;47,45,-215;48,-292,267;49,-61,-73;50,-37,-18;52,467,492;54,-364,-478;55,49,350;56,-154,-361;59,-126,-76;62,356,272;63,-158,-140;67,154,163
fazenda||porcoes|pocoes|39394000|323,-1698164,-4372968
fazenda||proenso|pedregolho|39390000|200,-1723326,-4310894
fazenda||rena|laranjeiras|39394000|1,-1688957,-4369165;2,-5,25
fazenda||requeijao|requeijao|39390000|2,-1717237,-4381208;13,216,-1867;15,27,7;18,1617,332;19,-1338,-316;20,-1040,474
fazenda||riacho fundo|sao gregrorio|39393000|1,-1724455,-4355446;3,265,108;4,-814,-517;5,436,287;6,397,307;7,1201,806;8,502,80;9,286,99;10,38,4
fazenda||ricardo veloso|rio do felix|39390000|25,-1702557,-4373700
fazenda||rio do sitio|palmital|39394000|1,-1690988,-4376904;3,-1080,3518;5,305,-2187;18,728,1182;19,93,60;21,70,233;22,-23,348;23,38,336;25,245,533;26,3,150;27,-5,117;28,27,198;29,122,126
fazenda||roca velha|furado|39390000|1,-1723524,-4386285;2,-1098,-1321;4,-499,-389;5,-91,192;12,-1551,252;14,2892,104;16,-55,-13;17,-173,78;20,362,-147;22,-340,91;27,-121,-181;56,1351,629
fazenda||roca velha|roca velha|39390000|1,-1722982,-4385333;2,-543,-208;3,164,135;6,579,-334;7,-711,386;8,225,-136;9,-88,-12;11,403,-32;15,174,-205
fazenda||rosario|rio do felix|39390000|2,-1696970,-4373683
fazenda||saco|cordeiro|39390000|5,-1742718,-4323686
fazenda||sebastiao mendes|engenheiro dolabela|39395000|16,-1755519,-4394089
fazenda||sebastiao mendes|mocambo|39390000|4,-1751763,-4383448
fazenda||sem denominacao|barreiro|39390000|30,-1724563,-4312243
fazenda||sem denominacao|casa nova|39390000|116,-1723860,-4314367
fazenda||sem denominacao|curral de varas|39394000|21,-1701689,-4378219
fazenda||sem denominacao|pedregolho|39390000|198,-1722655,-4311059;199,5,8;200,110,53;10255,55,-37
fazenda||sem denominacao|pedregulho|39390000|61,-1722562,-4311077;117,-94,19;1275,175,49
fazenda||senzala|correguinho|39390000|25,-1711977,-4391836
fazenda||sitio|corrego lages|39390000|11,-1741010,-4378144
fazenda||sitio|furado|39390000|10,-1738666,-4379598;62,15194,-7884
fazenda||taboquinha|taboquinha|39390000|1,-1712567,-4375893;2,-1823,-273;3,330,1128;4,3134,-3689;6,-2662,4225;7,127,-80;8,1234,1403;9,-873,-1853;11,347,2262;12,-43,-59;13,2801,-594;14,-130,104;16,-2721,-2086;17,-324,2479;18,-164,-310;20,-9,-187;22,-159,-145;24,-44,-23;26,-76,-256;27,46,-266;28,43,56;29,-41,-56;32,-106,-170;33,-178,377
fazenda||taboquinha|taboquinha|39393000|4,-1714597,-4376046
fazenda||tabuas|tabua|39390000|3,-1720471,-4388086;4,-1,5
fazenda||tabua|tabua|39390000|38,-1718787,-4386891;39,0,0
fazenda||teixeira|rio do felix|39390000|2,-1698184,-4371044
fazenda||tracadal|brejinho|39390000|4,-1701639,-4375948
fazenda||tres irmaos|correguinho|39390000|1,-1713182,-4395831
fazenda||triunfo|triunfo|39390000|1,-1712183,-4386538;2,-63,160
fazenda||vale verde|tabua|39390000|18,-1720132,-4388764;19,2,5
fazenda||vaquejada|vaquejada|39390000|5,-1717505,-4373744;6,81,2;12,-847,443;13,340,-69;14,-119,-378;16,-780,-893;17,-104,1789
fazenda||veados|veados|39390000|2,-1707977,-4383723;3,144,-109;6,-118,54
fazenda||veredinha|veredinha|39390000|17,-1723903,-4360628;35,552,-361;36,-160,134;37,48,497;38,33,-434;42,207,129;44,-65,-192
fazenda||vila terezinha|vila terezinha|39390000|5,-1741729,-4393835
fazenda||vila terezinha|vila terezinha|39393000|2,-1741604,-4393647;3,-211,-197;4,25,2;5,371,464;6,-339,-468;7,-23,-2;8,255,439;10,-218,-420;13,157,309
fazenda||villa canabrava|vila terezinha|39393000|9,-1741806,-4393852
fazenda||ze colodino|recreio|39390000|5,-1707624,-4377110
fazenda||zezim de chico assis 1|brasilino|39390000|5,-1708978,-4379038
fazenda||zumbi|quinta das cachoeira|39390000|3,-1710952,-4386166
lugarejo||botelho|gameleira|39390000|23,-1692143,-4368440
margem||direita do rio preto|rio preto|39393000|2,-1729757,-4324220;8,-336,316;9,76,273;14,-191,254;15,-92,57;19,-290,555
margem||do corrego betania|betania|39393000|20,-1732367,-4330031;21,16,-22
margem||do corrego da onca|zabelinha|39390000|14,-1733767,-4326805;15,-125,-2757;16,2,-1
margem||esquerda do rio macaubas|macaubas palmito|39393000|1,-1735528,-4333204;3,4,4;4,136,100;5,6549,-4978;6,-6107,5029;12,1778,-861;13,610,1739;17,2384,-3563;19,377,179;21,972,-1049;22,-45,-78;53,80,-1388
margem||esquerda do rio preto|chacara|39393000|3,-1729978,-4323492;21,-235,623
margem||esquerda do rio preto|sao miguel|39393000|13,-1730048,-4323121;16,14,70
posto||do bento|engenheiro dolabela|39395000|1,-1746011,-4400312;2,236,-100;3,199,74;4,168,47;24,-1962,390;25,720,415;32,0,2;42,331,2799;49,735,-614
posto||do bento|poco do bento|39390000|2,-1746839,-4399871;20,-437,651
posto||do bento|poco do bento|39393000|1,-1746181,-4398067;4,576,-257;5,-183,-492;7,902,-293;8,75,1196;11,-1084,-31;12,-573,-10;23,-703,-1269;24,2562,3024;27,-1037,917;30,-1014,-957;43,364,-903;48,503,-97;50,201,-218;51,-415,-559
praca|conego|mauricio gaspar|centro|39390000|65,-1710794,-4381490;128,24,5;129,13,5;142,-118,-44;190,23,-45;204,10,-7;247,-17,25;254,8,-7
praca|coronel|araujo|centro|39390000|203,-1711033,-4381410;221,3,-18;237,8,-16
praca|doutor|alkimin|centro|39390000|61,-1711077,-4381283;76,27,-72;127,5,15;153,-2,-16;1274,-32,64
praca|sao|pedro|nossa senhora aparecida|39390000|48,-1711901,-4380406;54,-3,4;60,2,4;62,-10,-44;66,12,48;73,7,17
praca|sao|pedro|pernambuco|39390000|10,-1711891,-4380473;18,-12,15;47,11,49;63,7,-11;67,-9,28;71,23,-34;75,-20,46;79,-5,5;93,7,-38
praca|vereador|jose brandao filho|sentinela|39390000|30,-1709307,-4399152;101,-3,-4;129,-59,10
praca||agostinho meira|novo horizonte|39390000|110,-1712788,-4379973
praca||a|morada nova|39390000|70,-1710151,-4382775;80,-2,-1;391,11,-32
praca||carlos dias jonnes|centro|39390000|11,-1710987,-4381327;15,1,-16;91,-15,69;140,21,-41;528,-8,-5
praca||da igreja|nova dolabela|39390000|58,-1739539,-4400472
praca||do mercado|pernambuco|39390000|21,-1710943,-4381152;27,-5,15;29,-3,0;32,47,32;33,-48,-22;39,-3,1;51,1,6;65,-13,10;75,3,3;81,11,-2;91,13,3
praca||francisco alves carneiro|centro|39390000|63,-1711344,-4381526;75,-10,-16
praca||getulio vargas|esplanada|39390000|8,-1711428,-4381538
praca||jose petronilho de queiroz|alto belo|39390000|38,-1693434,-4373628;360,-1,22
praca||leolino da silva|alto belo|39390000|25,-1693671,-4373705;34,38,-5;37,-33,-19;47,4,-9;48,33,12;56,-12,-12;57,-24,-11;59,42,-152;69,-41,147;83,4,-18;90,19,1;93,-17,-11
praca||maria teixeira de souza|alto belo|39390000|10,-1693721,-4373651;20,-28,-17;32,22,13
praca||moises vieira|nossa sra de fatima|39390000|432,-1711878,-4381449
praca||pedro caldeira|centro|39390000|7,-1711256,-4381421
praca||quatorze de julho|pernambuco|39390000|120,-1711532,-4380754;134,-5,0;164,-18,2;166,-2,-1;172,-13,-1;182,-3,-14;184,-1,9
praca||sebastiao de souza|pernambuco|39390000|13,-1711015,-4380870;260,13,12;421,15,2
praca||wandik dumont|centro|39390000|3,-1711166,-4381442;15,-1,-23;21,11,14;26,-24,16;29,29,-18;36,-24,31;37,26,-32;40,-26,37;41,21,-31;53,29,-16;66,-56,10;70,8,44;80,11,1;83,36,-46;84,-26,45;86,-2,0;91,31,-38;95,-1,2;100,-28,39;104,5,-12;105,19,-9;110,-11,21
praca||whashinton dias|centro|39390000|7,-1710972,-4381352;26,8,14;44,23,-48;46,-12,32;140,-34,38;178,35,-113;200,-14,22;226,-4,18;236,1,11;246,-1,10
praca||zico caldeira|nossa senhora de fatima|39390000|260,-1711637,-4381671;264,-10,1
praca||zico caldeira|nossa sra de fatima|39390000|285,-1711686,-4381572;297,-19,-21;315,-18,1
propriedade||de adriano vasco antunes|lavras|39393000|25,-1771289,-4389056
propriedade||de neves alves de aquino|rasgao|39393000|15,-1759729,-4390093;16,236,-201
propriedade||jose maria pereira|landim|39390000|10,-1737490,-4402062;13,-256,-154
propriedade||luiz moreira de santana|landim|39390000|9,-1737972,-4402165;11,145,-118
quinta||das cachoeiras|cachoeira|39390000|6,-1711804,-4385372;10,-111,267;22,-176,-521;24,-103,-170;26,47,76;37,337,412;105,-158,-98;300,58,73;310,-167,-264;316,261,368;333,-220,-296;589,232,60;604,7,-29;818,13,-271
quinta||das cachoeiras|cachoeirinha|39390000|16,-1711813,-4385742;18,95,-52
quinta||das cachoeiras|quinta das cachoeira|39390000|16,-1711549,-4385923;300,-360,601
recanto||aracas|garrote|39390000|20,-1712700,-4391660
recanto||dos evangelicos|garrote|39390000|2,-1713382,-4387455;4,-49,45;5,-198,174;9,-157,147;12,-6,2;13,-11,-6;14,187,-159;18,-367,93;19,1,0
reta||grande dois|engenheiro dolabela|39395000|1,-1747172,-4393024;3,614,-2374;7,-84,83;12,224,-3039;354,-146,4217;407,-373,-1726;443,-299,3623;491,451,-2054;498,-100,-160;499,-105,-219;533,509,-2501;539,-489,2181;544,436,-1557;547,-408,713;557,580,-2056;563,-60,-112;584,-2033,-649;635,1982,1483
reta||grande dois|poco do bento|39393000|3,-1746642,-4393962;5,230,-1790;11,-609,79;19,99,-1000
rodovia||bocaiuva guaraciama|brejao|39390000|32,-1706960,-4371260
rodovia||bocaiuva guaraciama|jacare|39390000|2,-1709176,-4378135;6,1376,4103
rodovia||bocaiuva guaraciama|tolda|39390000|2,-1707809,-4374139;4,-3,3;5,-2,4
rodovia||br 135|almas|39390000|5,-1695735,-4386067;7,192,-734
rodovia||br 135|alterosa|39390000|875,-1713564,-4382018
rodovia||br 135|alto belo|39390000|159,-1693638,-4373838;175,0,-11;180,10,-6
rodovia||br 135|catarina|39390000|3,-1700036,-4386050;4,-1602,927;5,1962,-721;6,-1881,462;9,2665,-1017;10,-2120,542;13,90,509;16,233,263;17,-13,-396;18,383,-27;112,1694,58
rodovia||br 135|engenheiro dolabela|39395000|20,-1746305,-4400809
rodovia||br 135|esplanada|39390000|194,-1712237,-4382023;208,-7,3;210,8,6;218,-14,-18;242,90,13;263,398,-35;273,7,-4;281,-15,-2;356,-519,44;362,-3,2;365,462,-31;371,-13,-2;378,-466,32;392,-8,4;401,404,-34;423,11,-5;449,-141,13;509,48,-5;599,-47,7;701,226,-20;705,-12,11
rodovia||br 135|imbe|39393000|27,-1719437,-4390582
rodovia||br 135|santa rita|39394000|25,-1692330,-4387332;33,-44,22;34,-59,62;35,-46,-32
rodovia||br 135|tabocal|39390000|1,-1706827,-4384900;8,-2690,1492;9,524,205;10,2127,-1251;15,708,60
rodovia||br 135|tabua|39393000|2,-1720001,-4388140;13,703,1879
rodovia||br 135|torquato leite|39390000|1,-1715643,-4383309;3,151,79;6,148,148;11,110,100
rodovia||br 135|veados|39390000|28,-1705248,-4383082
rodovia||br 135|zumbi|39390000|7,-1711015,-4382182;240,62,-3;248,-10,-1;258,-3,0;264,-20,-14;330,-38,20;338,-10,2;376,-55,14;394,-5,-7;404,-10,8;426,-21,-5;460,-55,6;490,-3,-11
rodovia||para bocaiuva|terra branca|39390000|354,-1732239,-4321820
rua|cabo|atos dias|esplanada|39390000|12,-1711587,-4381907;32,-12,-11;41,-3,-1;44,-4,3;53,-15,11;54,9,-18;61,-4,-9;62,7,-3;75,-7,-2;78,-10,0;83,-2,-13;86,1,-4;91,-7,-8;94,3,5;104,-6,-5;112,-5,-2;121,-9,-12;128,-2,0;132,-5,-8;135,1,5;141,-3,-11;143,-4,2;146,17,13;150,-21,-22;153,-2,5;158,-5,-10;163,-5,4;164,-3,-6;170,1,-10;171,-7,3;178,5,-9;179,-6,5;185,-1,-15;188,-4,8;194,-1,-8;197,-1,-3;200,-5,2;207,-7,-3;210,6,-3;211,-6,-3;219,-1,-11;223,-1,2;225,-2,2;232,-6,-6
rua|conego|moreau|centro|39390000|6,-1711340,-4381497;7,1,-7;8,-6,2;10,56,40;14,-53,-41;18,-11,-8;20,-2,-5;28,78,54;46,-9,-7;62,-20,-10;72,-8,-9;80,-7,-4;84,-7,-2;102,-2,3;106,-2,-4
rua|conego|moreau|esplanada|39390000|26,-1711435,-4381550;30,-7,-10;32,-11,-7;35,-6,-2;42,-2,3;62,-5,-7;86,-27,-16;99,-4,3;110,-11,-11;120,-12,-10;142,-20,-10;148,-6,-6;164,-10,-2;184,-16,-9;208,-20,-12
rua|conego|versiani|centro|39390000|3,-1711256,-4381450;4,-4,-10;7,12,11;13,10,6;29,14,-3;31,-1,0;33,5,2;37,16,0;49,2,-12;147,82,-2;153,6,-6;159,10,5;167,6,-11;175,6,4;185,12,-2;199,7,1;215,14,1;223,17,-4;237,9,-3;243,3,-1;249,27,9;251,1,-15;255,-3,3;259,7,7;271,7,-5;293,14,-10;301,-230,37
rua|coronel|antonio versiani|centro|39390000|52,-1710981,-4381481;56,7,3;64,1,-6;76,1,-9;79,0,-8;82,6,3;93,12,-6;100,5,-1;109,-2,-10;110,6,6;121,1,-11;122,-11,10;128,22,-12;138,4,-9;139,-8,1;149,10,-9;159,11,-14;171,-17,-16;234,36,-40;235,3,1;240,-2,-7;243,6,3;248,-2,-7;251,-1,0;256,2,-13;264,3,-2;265,2,7;269,1,-3;277,9,-15;285,-8,-7;289,1,4;295,6,-13;311,-3,-6
rua|desembargador|veloso|centro|39390000|969,-1711168,-4381278;977,4,-24;978,-2,4;998,-8,-9;1003,9,7;1007,0,-11;1010,-11,-1;1015,-3,-5;1021,8,-13;1022,-2,10;1025,2,-12;1037,-2,-2;1038,-4,0;1039,-4,-8;1041,11,-2;1042,-10,8;1051,15,-13;1055,-10,-3;1058,3,-5;1061,-2,-6;1064,-3,-3;1070,-2,-11;1082,3,-5;1088,-6,-1
rua|desembargador|veloso|pernambuco|39390000|132,-1711138,-4380864;144,10,-7;146,-4,25;273,20,225;281,5,-7;288,-2,-2;289,-7,6;293,-20,-347;295,17,339;296,-11,20;304,23,-23;320,0,-6;323,-11,-19;328,8,2;330,4,13;338,-6,-23;341,-1,-6;344,-18,-21;345,26,7;352,-6,12;360,4,-29;370,-2,3;373,-12,-37;379,-39,20;383,2,15;384,17,-14;387,25,1;393,-11,-20;409,1,-3;480,-17,-160;585,10,-22;597,-24,-8;598,24,8;606,-5,-11;608,6,18;613,-6,-25;618,2,-2;692,0,-53;694,-6,-8;695,-6,-11;705,1,-2;722,8,-18;735,-10,4;752,10,-12;761,-13,-12;764,9,-1;772,-4,-29;775,-7,-5;780,14,21;782,-11,-27;784,-5,-5;786,0,0;789,2,2;799,1,-14;800,-7,6;810,7,-8;822,0,-14;825,-1,-19;830,0,3;834,0,-1;842,0,-4;848,-1,-3;849,-3,-6;856,1,0;861,-1,-13;862,-4,6;877,4,-18;880,4,-7;885,-2,-1;899,-5,-9;907,2,-8;913,5,-13;914,-4,8;919,-4,-15;921,-3,-3;926,6,2;943,-1,-11;949,-12,-12
rua|dona|brigida geralda de souza|nossa senhora aparecida|39390000|9,-1712070,-4380244;10,28,-4;14,-2,1;16,-27,-3;25,-6,6;26,0,-2;30,-20,4;33,7,2;42,-6,-4;43,1,7;49,-3,-2;55,-12,-1;56,0,-4;61,0,5;513,-7,0
rua|dona|dadinha|bonfim|39390000|17,-1710503,-4381930;35,-5,-15;39,-8,-8;47,-7,-7;53,2,-2;55,6,-6;65,-11,-2;75,-8,-17;81,0,1;86,1,2;89,-9,-10;94,8,-6;97,-9,6;100,6,-9;106,-2,2;107,-3,-4;112,-1,-1;115,-9,-2
rua|dona|doca|nossa sra aparecida|39390000|10,-1711961,-4380521;16,-11,2;22,1,3;28,-13,-9;86,-98,3;92,-12,3;98,0,1;116,-14,3;128,-12,0
rua|dona|eva martins|camilo prates|39390000|30,-1704185,-4376039;85,-49,-35;153,48,33;181,30,18;188,14,34;190,16,-43;232,13,40;346,-166,-102
rua|dona|florinda pires|centro|39390000|18,-1711108,-4381409;20,-6,1;22,13,-9;34,4,12;35,-5,1;38,10,9;39,3,-11;64,7,12;67,3,1;82,11,8;83,22,1;155,51,18;163,3,10;169,4,-2;170,4,2;173,6,2
rua|dona|geralda drumond menezes|esplanada|39390000|32,-1711641,-4381697;46,-4,-12;60,-4,-20;74,13,-25;94,-16,-11;110,-9,-3;118,-3,-1;122,3,-21;134,5,-9;144,-9,-11;156,-2,-10;164,-1,-8
rua|dona|geralda drumond menezes|nossa senhora de fatima|39390000|33,-1711641,-4381702;37,-1,-12;61,-8,-20;69,-1,-7;91,-7,-29;121,-4,-21;135,-1,-3;145,-2,-11;147,-1,-3
rua|dona|lia brandao|bonfim|39390000|19,-1711024,-4381925;27,1,-2;28,-3,0;33,7,-11;36,7,4;41,-18,-11;44,24,10;50,1,-10;55,-5,-3;58,14,-2;65,-15,-1;66,71,-81;68,-55,73;75,2,-8;77,3,-5;78,2,12;82,-3,-3;85,9,-12;90,5,0;93,-4,-6;95,11,6;100,-5,-4;101,-2,-8;105,-1,4;112,3,2;115,4,-13;124,7,1;127,-3,-10;132,14,3;141,5,-8
rua|dona|olindina de carvalho|bonfim|39390000|26,-1710712,-4382023;38,1,-18;43,-3,18;48,8,-10;49,-11,-2;54,36,-35;57,-27,33;58,36,-45;61,-29,43;67,2,-3;68,1,-8;89,16,-19;178,27,-46;220,-10,18;228,6,-5;234,-77,107;238,81,-116;240,8,-10;245,-88,127;246,-7,9;249,-5,4;250,112,-155;251,-103,153;254,-3,0;257,-3,2;262,-1,7;263,-1,-1;269,-5,1;270,2,5
rua|dona|toto|engenheiro dolabela|39395000|4,-1746726,-4400859;6,-9,-7;8,-11,-3;10,-12,-10;11,33,28;12,-42,-33;14,-5,-2;16,-17,-14;18,-7,-4;20,-4,-11;21,110,93;22,-118,-90;23,107,79;24,-115,-84;25,104,78;27,-17,-10;29,-23,3;31,3,-17;33,-11,-6;34,-104,-79;35,98,77;36,-103,-75;37,83,60;38,-90,-66;39,87,64;40,-82,-88;41,76,84;42,-92,-76;43,82,69;44,-87,-69;45,80,65;46,-91,-69;47,81,62;48,-95,-81;67,8,27;85,-62,-36;92,-36,-41;93,288,188;168,-449,-301;169,-10,70;170,-14,-21;172,3,-5;178,2,41;182,9,-63;221,-7,147;259,284,24;261,-294,7;271,272,-20;273,-9,-6;277,-6,-7;279,-4,-1;281,-17,-13;287,-12,1;289,-33,-27;291,-14,-6;293,-7,-14;424,-8,-22;470,-25,-22;488,-22,-13;502,-100,206;505,-27,-26;507,0,-14;508,115,-180;515,207,151;531,-228,-144;546,33,2;560,-37,-35;566,-33,-15;2107,99,88;2109,-21,-15;2111,-6,-4;2115,-24,-12;2117,-22,-15;2119,-10,-5;2121,-22,1;2127,0,0
rua|dona|tuzinha seixas|engenheiro dolabela|39395000|16,-1746561,-4400744;17,47,33;19,14,8;158,30,20;1203,-99,-59;1204,-6,-9;1206,11,6;1208,14,8;1209,-12,-1;1210,18,5;1212,4,4;1213,-11,-2;1215,3,0;1217,23,18
rua|doutor|vicente de paula|zumbi|39390000|27,-1710530,-4382295;31,1,9;47,-10,-25;145,-58,-64;157,-2,1;161,-5,-4;165,-1,-2;222,-22,-22;225,-11,-9;228,-6,-16;231,4,5;232,10,16;235,-6,0;247,5,3;267,-29,-44;275,-4,-5;287,-5,-32;306,11,-1;349,-22,-29;350,9,-10;359,-10,-1;360,7,-14;365,-10,2;368,9,-8;380,0,-14;458,-13,-34;473,-15,-17;480,11,4;481,-9,-8;495,-4,-18;524,6,-23;530,-8,-12;536,0,1;565,-9,-44
rua|engenheiro|navarro|pernambuco|39390000|18,-1711069,-4381189;26,-10,1;29,-11,-1;32,-1,4;37,-8,-4;51,-10,4;61,-7,-1;67,-5,5;72,-8,-11;73,0,12;83,-2,-11;84,-1,-3;85,-8,2;96,66,0;99,-80,0
rua|farmaceutico|jose caldeira|pernambuco|39390000|33,-1711116,-4380436;41,-7,5;46,-9,-9;54,20,7;56,-7,-12;60,6,-1;68,-13,-8;72,6,8;84,-19,-18;88,-1,-2;92,1,-8;93,-6,10;96,19,17;97,-23,-27;100,1,-10;105,-8,5;115,-4,-2;116,10,-12;124,-2,-8;127,-15,5;133,-19,-20;134,26,-11;140,-9,12;141,-17,21;143,-5,0;148,15,-17;152,22,-1;167,-32,-11;177,-5,-9;182,-1,-18;183,-6,8;190,-3,-17;211,-15,-4;212,29,-70;222,3,16;230,-29,43;231,11,26;238,-19,-46;239,-10,9;252,9,-11;264,-17,-13;278,5,-8
rua|frei|humberto|engenheiro dolabela|39395000|70,-1746379,-4400096;503,-25,-203;505,12,44;506,-8,-23;507,14,41;508,-6,11;509,22,98;539,-19,-122;555,5,20;718,-73,135;721,102,21;729,-7,12;733,-1,7;737,3,7;741,0,3;749,-3,9;754,-5,-22;761,7,24
rua|guarda|mor alkimin|centro|39390000|5,-1711353,-4381463;11,-13,-5;13,-2,-4;15,102,30;25,-84,-20;27,-34,-12;33,-3,3;43,-94,-36;51,-5,-1;53,93,5;55,81,55;61,-229,-86;63,77,15;65,64,28;67,-19,8;69,-37,-23;73,137,52;75,-52,-16;77,-2,2;79,-96,-29;85,147,41;87,-12,-2;89,-189,-61;91,84,26;101,85,33;155,-227,-83;169,-21,-4;185,0,0;197,-10,-5;209,-17,-1;211,3,-2;219,-10,-4;233,-11,-3;459,357,119
rua|guarda|mor alkimin|esplanada|39390000|44,-1711482,-4381513
rua|nossa senhora|da abadia|bonfim|39390000|34,-1710499,-4381878;37,-4,-11;41,7,9;52,-9,-11;53,12,21;58,1,6;70,-3,5;77,7,0;85,3,6
rua|padre|agostinho|pernambuco|39390000|46,-1711004,-4380834;56,-12,8;71,-5,6;74,0,10;89,-1,11;90,-5,7;99,-1,5;104,-4,6;107,3,7;118,-8,0;119,9,7;132,3,-35;133,-9,44;139,-4,6;142,-13,-27;145,13,36;150,-8,-1;152,1,3;157,3,6;168,-10,11;169,5,2;172,-6,3;186,0,8;200,0,1
rua|padre|alderico|pernambuco|39390000|11,-1711437,-4380510;13,-3,2;19,-8,11;20,1,3;29,-3,6;34,-1,1;36,-21,18;37,19,-16;40,-6,7;47,-4,4;53,2,4;54,-9,13;73,-3,-2;76,-3,3;77,0,6;85,-8,2;86,1,0;95,-5,9;96,-4,1;105,1,5;106,-6,4;115,2,7;116,-7,-8;119,3,7;127,-7,15;128,-1,-3;131,3,2;135,-9,9;137,-1,-4;149,0,6;152,6,-9;155,-12,17;160,2,-8;161,-2,4;165,-2,11;168,-2,-8;175,-2,13;178,-2,-5;182,-7,18;184,3,-6;186,-1,0;194,-3,2;400,-116,161;405,4,2;410,-10,2;415,2,10;418,-5,-3;421,6,7;431,-3,4;434,-15,2;443,7,13;448,0,-7
rua|padre|pedro|bonfim|39390000|8,-1710769,-4381553;17,4,-1;27,8,4;35,11,10;37,4,-7;43,67,48;46,-5,0;51,-58,-38;53,73,33;54,11,8;64,2,2;67,-73,-40;70,79,36;72,2,4;76,16,-2;77,-21,-5;84,9,6;91,23,4;92,-15,0;93,4,-6;96,3,14;97,-11,-10;98,13,3;99,-2,-7;106,12,4;113,10,1;114,-5,8;124,36,8;131,12,5;132,-6,2;141,8,2;142,-1,-6;149,9,8;150,2,2;157,9,-3;158,2,5;162,2,0;171,7,-4;179,5,7;180,10,8;187,-6,-7;198,16,13;214,6,5;228,16,11;250,10,8;270,14,4;273,8,2;289,21,12
rua|presidente|juscelino kubitschek|pernambuco|39390000|14,-1711592,-4380748;16,-9,-5;20,-6,3;32,1,-7;33,-7,2;39,-9,-4;43,-12,2;44,13,-1;51,-11,-3;52,-1,-12;63,-18,7;64,11,-3;72,-13,-4;73,6,4;87,-14,-9;99,-7,3;100,0,-7;101,-1,0;110,-12,-7;115,-3,-1;122,-5,5;130,-9,-5;133,2,-13;140,-10,-1;143,-1,2;149,-1,0;151,-16,22;152,10,-30;157,-2,3;165,-7,-2;187,0,-6;190,137,71;223,-166,-66;224,4,-13;235,-4,-4;236,0,-3;248,-11,-7;267,-33,-17;298,-9,3;312,-10,-1;313,-2,-5;319,-7,5;320,0,-8;325,-4,3;326,-1,-7;344,-18,-4;349,-10,4;364,-6,-9;365,-1,7;380,-18,-12;386,1,0;402,-15,7;410,-13,-2;422,-12,3;437,-6,6;445,2,0;453,-20,-2;454,8,-5;455,-11,41;463,-4,-8;473,-9,-23;477,4,-4;479,-6,-5;481,-2,6;483,-6,0;485,0,0;486,7,-3;489,-11,7;492,6,-10;498,-3,1;499,-17,9;504,7,-12;512,-5,4;515,-19,5;525,-8,5;530,10,-10;533,-12,10;542,1,-5;544,-28,4;562,-19,-3;572,-3,-2;584,-9,4;594,-10,2;606,-14,-1;620,-11,3;630,1,-6;642,-18,0;650,-17,4;664,-6,4;678,-15,-3;688,-4,2
rua|professora|augusta ribeiro drumond|alterosa|39390000|36,-1713211,-4381942;336,405,101;342,-8,-10;359,-8,-4;461,-87,-32;525,-47,-11;549,-38,-1;617,-48,-6;701,-117,-8;705,71,5;810,-150,-16;812,-9,0;818,-7,-5
rua|professora|augusta ribeiro drumond|california|39390000|430,-1712871,-4381853
rua|professora|lizaura drumond pimenta|alterosa|39390000|95,-1713301,-4381862;140,13,28;266,-24,-36;720,81,103
rua|professora|maria odilia matos|nossa senhora de fatima|39390000|230,-1711694,-4381352;234,7,-6;238,-10,13;242,-1,9;250,6,9;254,-4,-2;258,-3,7;260,-5,4;272,-1,16;281,11,-34;286,-10,38;288,-7,21;298,-2,-9;300,1,20;310,-5,11;336,-7,26;350,2,17;382,-7,12;398,7,4;410,0,18;416,-6,4;418,7,-5;420,5,8;424,-7,0;426,-3,10;436,-9,7;448,0,5;462,0,11;474,-4,8;504,2,28;514,-8,12;526,-1,8;540,-6,8;562,5,26;572,-4,0;578,4,0
rua|professora|maria odilia matos|pernambuco|39390000|261,-1711719,-4381214;426,-17,49;437,11,13;449,-2,9;475,-9,25;489,-2,16;503,2,11;517,-2,11;529,-2,6;539,-8,16;556,40,15;641,-53,69;653,2,17;654,-6,1;665,5,6;668,-6,8;676,-4,4;677,5,2;691,1,19;692,-8,-3;706,-2,8;712,-2,12;713,6,-6;722,-6,14;723,5,-1;732,-6,9;733,12,2;735,-4,-3;745,-2,10;749,-2,11;750,-8,2;755,3,3;765,3,6;773,-1,11;795,-5,17;796,-4,0;800,0,6;803,2,-1;814,-3,10;815,0,0;820,-6,7;823,9,2;829,-2,6;830,-9,4;832,1,2;837,7,2;844,-12,6;849,10,4;850,-3,4;857,4,-3;865,2,17;868,-11,4;879,4,4;885,4,3;888,-10,2;893,4,9;894,6,-32
rua|santa|clara|pernambuco|39390000|7,-1710868,-4380978;11,-2,1;23,-11,-9;29,-6,7;35,-6,1;53,-16,-2;71,-17,1;90,-17,-9;94,-3,4;105,-16,2;106,4,-3;112,-9,-1;117,-7,2;126,-6,-3;130,-4,2;133,-5,11;140,-12,-10;145,16,15;151,-23,-8;157,2,-3;160,-2,-7;175,-21,6;176,-8,-10;180,77,4;183,-73,13;185,-349,23;193,334,-33;200,5,-2;204,-6,-2;208,-6,5;212,-1,-1;218,-4,0;256,-56,-7;273,1,11;282,1,-17;292,-18,16;314,-17,-17;332,-15,11;338,-8,-2;350,-9,3;357,-4,3;358,-7,-5;360,-5,8;363,-3,-6;369,-6,3;372,6,-6;373,-5,2;381,-9,4;382,6,-9;389,-13,6;394,-2,-5;410,-9,1;418,-5,6;433,-33,-8;442,6,-2;443,-10,11;445,-5,-6;455,1,1;460,-10,2;465,-3,-2;466,0,0;469,-3,-2;476,-11,-2;481,1,4;482,-7,-1;508,-21,-3;552,-46,0
rua|santa|helena|terra branca|39390000|128,-1731255,-4321869
rua|santa|izabel|jardim america|39390000|8,-1711926,-4380275;13,347,238;18,-328,-241;25,326,244;34,-320,-230;37,302,228;40,11,1;41,-10,-3;42,-303,-222;48,303,222;50,-297,-214;51,290,215;52,-1,-1;54,-289,-219;56,290,217;57,-9,0;58,-276,-207;65,274,216;66,-2,-10;70,-177,-126;76,-79,-67;77,260,195;80,-11,-2;83,-5,5;84,-124,-99;90,117,95;92,-233,-184;95,227,185;98,-3,-8;100,-222,-173;101,220,181;108,-210,-177;114,11,15;124,3,2;138,8,9;148,8,4;149,11,-5;166,-2,17;169,2,-1;174,5,8;186,9,9;187,2,-1;195,-12,-10;197,16,13;198,-8,1;207,9,5;210,-6,1;219,14,8;220,-5,-3;226,6,15;227,7,-5;238,1,4;239,7,1;252,0,10;253,4,0;258,2,9;261,11,-3;264,-9,9;269,11,-2;276,0,14;279,6,-6;286,-2,11;289,5,-2;315,16,12;323,11,6;334,-2,5;335,12,-1;342,3,1;347,2,4;350,-1,8;355,10,-3;360,-2,8;365,5,-5;373,13,15;374,-9,-9;383,19,7;385,-1,4
rua|santa|maria|jardim america|39390000|15,-1711886,-4380173;16,-138,-6;22,-1,1;23,14,3;25,56,-1;31,-72,-5;33,132,18;34,6,-10;35,-119,-2;36,-13,1;41,120,16;42,-54,-10;43,54,8;47,-101,-15;48,4,10;52,87,5;55,-86,-9;56,3,2;57,76,19;63,-70,-20;66,66,8;70,-58,-1;72,54,6;73,-52,-10;81,5,-2;84,4,12;96,-3,-3;99,9,-4;102,83,-16;105,-76,18;106,-9,4;110,22,-1;118,-3,17;126,3,-10;136,12,-1
rua|santa|maria|terra branca|39393000|10,-1731440,-4322077;60,22,7;82,-16,-14
rua|santa|rita|bonfim|39390000|33,-1710591,-4381924;42,-193,-202;52,6,2;71,0,-13;72,12,19;84,5,12;102,13,4;132,18,12;138,7,9;144,1,-1;146,2,6;150,1,5;156,6,0;162,1,3;171,10,1;191,13,18;201,7,7;206,3,-1;211,12,2;214,-7,9;220,6,-1;226,6,4;232,-2,6;233,7,-7;238,3,-4;243,0,12;244,2,5;248,0,-3;252,6,6;257,3,-3;258,-71,-64;260,76,70;266,5,3;278,5,4;283,9,5;286,-7,0;291,9,5;297,4,2;302,-3,8;305,9,0;308,-7,5;315,4,5;321,15,-3;324,-9,12;329,5,-4;332,-1,9;337,6,4;338,-4,-2;350,5,10;360,10,8;364,-3,8;374,8,8;378,-2,1;380,0,-5;384,3,7;390,7,10;395,-10,-23
rua|santa|terezinha|nossa senhora aparecida|39390000|23,-1711952,-4380370;31,2,-4;43,16,-1;53,7,2;61,9,-2;73,17,1;75,3,-4
rua|santa|terezinha|pernambuco|39390000|8,-1711966,-4380369;14,12,3;18,3,-4;22,5,-6;34,7,2;42,14,8;50,3,-2;54,6,-2;64,7,4;74,3,2
rua|sao|francisco|bonfim|39390000|11,-1710629,-4382017;21,19,5;26,4,-4;32,7,-1;33,-8,-4;37,12,-3;38,-1,6;44,11,-2;47,-8,-4;57,12,-10;58,2,11;68,8,-3;69,-10,-7;72,14,-2;76,1,3;77,-2,-5;81,2,-7;84,12,13;87,-5,-3;89,7,-5;95,4,-2;98,4,6;106,3,-1;109,3,-8;112,-2,7;117,10,-11;118,0,-1;125,6,2;128,-2,3;129,3,-4;133,5,-3;136,8,7;141,-1,-18;142,6,16;147,-2,-14;148,2,11;154,11,2;155,-8,-10;159,10,-3;163,2,0;164,0,6;169,6,-6;170,0,5;182,9,-3;183,-3,-3;188,7,3;189,3,-7;196,6,2;197,1,-5;202,2,1;203,1,-5;206,6,6;212,5,0;216,9,0;217,-2,-9;222,3,7;236,6,-6;244,10,-4;250,5,-2;256,5,2;257,-222,72;264,229,-76
rua|sao|geraldo|sentinela|39390000|74,-1709461,-4399123;97,-12,6;104,-11,-9
rua|sao|geraldo|terra branca|39390000|2,-1731320,-4321423;4,5,1;14,10,26;24,-17,-19;31,19,43;37,-19,-30;42,-6,-66;48,-89,-207;56,73,182;81,-50,-124;82,103,274;93,-95,-258;98,-29,-65;109,128,327;115,0,4;119,-2,8;137,-44,-159;144,53,170;151,8,24;161,-5,1;163,-88,-260;172,92,276;175,29,69;178,-24,-74;180,-36,-106;181,-66,-160;197,108,280;200,13,82;205,22,54;216,-37,-125;219,1,3;224,5,6;238,4,6;249,-7,27;250,6,-18;259,1,25;263,-75,-255;264,81,245;266,-69,-225;279,66,249;288,1,11;311,0,20;319,11,10;330,4,9;347,6,23;353,9,0;357,-20,-72;363,24,78;365,-23,-67;369,12,69;388,19,26
rua|sao|geraldo|terra branca|39393000|4,-1731376,-4321696;16,10,-11;19,1,19;21,-13,-26;22,5,55;23,-11,76;54,4,-60;60,10,-1;66,-4,24;68,8,-17;80,4,13;119,-19,-51;124,34,90;140,1,16;170,3,35;214,-34,-45
rua|sao|joao batista|terra branca|39390000|16,-1731301,-4321092;104,9,-52;146,-4,30;155,10,-41;167,-9,59;240,-10,76
rua|sao|judas tadeu|pernambuco|39390000|15,-1711976,-4380339;27,16,1;30,1,-2;35,2,3;36,10,7;41,3,-5;42,-3,0;48,12,6;49,-1,-7;71,21,8
rua|sao|luis|centro|39390000|13,-1711264,-4382083;17,20,-1;19,11,2;20,-3,5;28,12,5;32,5,-7;34,5,-11;40,6,10
rua|sao|sebastiao patio da estacao|engenheiro dolabela|39395000|26,-1746394,-4400782
rua|vereador|afranio caldeira brant|nossa senhora de fatima|39390000|12,-1711960,-4381319;29,14,9;30,-17,7;38,2,5;68,-9,22;86,-1,25;91,0,5;106,-5,0;120,1,11;132,-8,13;158,0,24;159,6,16;173,1,19;176,-10,-24;184,-3,26;185,2,-1;197,10,13;205,-51,235;210,40,-236;230,-8,27;242,2,11;243,3,8;254,-9,4;256,2,5;259,6,0;266,-2,10;267,-2,3;279,5,11;280,-9,-8;302,-5,24;318,0,9;336,-1,15;338,-6,4;340,0,0;342,1,3;348,0,2;436,-16,81;468,3,43;478,2,5
rua|vereador|afranio caldeira brant|pernambuco|39390000|11,-1712018,-4380720;31,-2,-37;40,-3,19;41,3,-7;57,-4,11;60,4,-35;61,-11,-10;66,8,10;74,-2,-11;80,5,-10;94,-8,-17;96,0,-2;98,4,2;102,-1,-11;106,11,-9;114,-10,0;134,-2,-27;160,-4,64;182,7,-88;301,8,-89;302,-9,85;313,20,-158;325,2,9;461,-18,129;491,-5,28;539,-2,38;560,5,41;637,2,58;646,-3,14
rua|vereador|antonio augusto figueiredo|esplanada|39390000|171,-1711367,-4381804;183,-25,-5;191,-8,4;225,-87,-17;237,-6,-14;241,47,32;249,-48,-34;255,-2,-12;263,-6,1;285,-10,-8;295,-12,-11
rua|vereador|antonio augusto figueredo|centro|39390000|17,-1711246,-4381812;18,3,5;21,-4,1;23,-10,-3;27,-25,6;32,28,-8;39,-13,8;40,1,-7;44,2,-1;45,-4,4;53,-2,1;60,-7,-4;67,-5,5;74,-10,-7;79,2,9;81,-11,-2;82,1,-8;89,-7,9;94,-5,-7;101,-1,1;102,0,0;105,4,-8;120,-16,10;122,-5,0;129,-4,10;134,-4,-10;135,-8,3;146,1,-3
rua|vereador|antonio augusto figueredo|esplanada|39390000|176,-1711378,-4381807;184,-5,0;188,-5,0;198,-10,1;208,-7,0;216,-24,-7;228,-24,15;240,10,-10;252,-14,-12;268,-6,5;274,1,1;286,-17,-1;290,-11,-30;294,-15,-14;304,-13,-14;314,-4,-2
rua|vereador|conegundes de souza barral|centro|39390000|201,-1711386,-4381050;211,3,-7;213,-2,-26;225,-1,19;237,6,-22;277,-4,-23;285,-7,-4;295,0,-6;335,2,-57;345,1,-15;373,-4,-25;378,0,-11;383,-5,8;390,1,-27;391,1,15;398,3,-21
rua|vereador|conegundes de souza barral|pernambuco|39390000|59,-1711374,-4380889;69,-12,-18;77,4,-9;85,0,-5;93,-3,4;112,3,-37;134,-8,-22;188,1,-44;210,-3,-32;228,-2,-33;232,2,14;270,3,-38;280,-2,-10;290,-4,-17
rua|vereador|conegundes souza barral|pernambuco|39390000|8,-1711383,-4380872;12,2,4;19,1,8;20,-3,11;29,4,5;30,-7,4;42,5,0;43,7,-1;44,-5,12;52,-2,2;55,2,-2;56,2,-73;58,-13,-26;60,6,112;64,-3,-90;76,5,-12;84,-3,-2;102,8,137;108,-2,0;194,1,-1;545,0,12
rua|vereador|jose brandao filho|bonfim|39390000|319,-1711107,-4381573;327,8,-3;345,11,-2;355,2,0;357,12,2;365,11,-4;371,-3,2;391,8,-2
rua|vereador|jose brandao filho|centro|39390000|29,-1710775,-4381607;43,-11,2;59,-574,37;67,566,-35;71,-553,42;83,4,-1;86,6,5;87,16,4;96,-10,-5;98,5,-1;100,0,-7;101,11,6;106,-7,-2;108,5,-3;114,6,-7;115,5,8;121,14,0;122,-18,-11;130,18,7;131,4,3;132,0,2;135,5,2;148,0,-2;149,21,-3;156,-4,-2;165,10,-7;168,0,8;171,6,0;179,11,2;185,5,0;191,5,-2;205,5,-5;209,4,-2;217,12,6;220,8,-6;227,0,8;237,5,-7;249,14,-1;250,-2,7;257,4,-5;261,29,3;264,-17,-5;269,10,6;274,-4,0;280,4,-4;283,5,4;285,5,-6;287,-4,-5;291,9,6;295,14,-3;320,17,-9;328,3,-1;340,10,6;344,10,7;358,10,-1;362,1,1;364,1,-10;370,6,5;371,91,-4;374,-90,3;376,3,-1;378,7,-6;388,6,0;390,-4,11;394,4,-2;402,8,-10;403,6,3;411,9,0;416,-2,2;421,3,-8;429,14,1;430,-6,9;434,7,24;437,8,-24;445,7,-6;449,3,-1;453,3,-3;457,14,1;458,-21,14;461,12,-4;463,11,-9;486,8,6;492,11,-3;493,1,-8;498,1,11;500,2,-3;507,9,-3;508,4,0;511,-9,6;516,14,-6;521,2,1;523,-8,10;526,17,-15;531,2,0;534,-2,-10;535,4,9;541,-13,5;543,24,-7;550,-1,3;551,3,-1;555,10,3;565,11,-3;571,3,2;579,2,-2;584,12,9;605,23,-12
rua|vereador|jose brandao filho|esplanada|39390000|3,-1711413,-4381527;7,3,-26;11,10,2;15,6,-4;27,6,3;33,6,7
rua|vereador|juvenal damas|maria rosa|39390000|2,-1711510,-4382270;3,-8,-2;5,2,1;7,-11,-6;9,15,3;12,11,-2;15,-6,-7;17,0,1;18,9,-1;19,-5,3;23,2,-4;26,11,4;31,-2,-15;32,7,11;36,2,-9;38,3,0;43,-7,2;48,15,-13;80,18,-12;84,31,-11;90,-16,5;91,-2,-3;98,9,10;99,-10,-26;102,12,18;104,38,-19;109,-37,5;112,3,11;113,2,-11;118,36,-11;125,-31,7;126,9,4;135,3,-8;138,2,6;150,17,-14;152,1,5;154,-13,1;164,11,-1
rua|vereador|moacir drumond|beija flor|39390000|260,-1711337,-4382322;270,-3,-4;276,-4,-4;282,-4,-10;294,-4,-1;306,-9,-9;318,-11,-11;330,-4,-2;338,-9,-11;344,9,-18;348,-15,8;362,-10,2;386,-18,-24;392,-15,-5;394,-13,0;402,19,4;410,-10,-14;420,-5,-10;434,-5,-5;446,-17,-14;456,-17,-13;472,-2,-6;478,-6,-1;532,-45,-42;546,8,-6;572,-26,-22;586,-28,3;620,-12,-27;626,5,-12;636,-9,-5;638,9,-5;642,-21,-5;648,6,0;652,71,72;656,-75,-86;668,-6,-5
rua|vereador|moacir drumond|maria rosa|39390000|18,-1711232,-4382179;35,-15,-10;65,-6,-22;80,-2,-7;84,-9,-7;85,-5,11;96,-2,-20;107,-13,-7;122,-1,-15;125,-5,-2;192,-22,-31;207,-31,-34;209,31,38;217,-5,-2;218,5,-7;221,-9,1;226,8,-11;227,6,-22;285,-46,-7;291,-3,-4;305,-7,-12;329,-23,-12;337,-14,-6;349,0,-17;359,-4,-2;365,-8,-7;383,-6,-6;393,-8,-10;401,-6,-3;409,-13,-4;411,5,-5;417,-8,-10;423,-3,-3;427,1,-2;435,-9,4;439,-2,-12;447,-7,1;457,-4,-4;467,-6,-10;477,-7,-11;481,-12,-6;495,-1,-5;519,-17,-9;539,-17,-21;545,-8,-4;549,4,-5;557,-12,-4;559,-8,4;563,-1,-10;567,1,-4;575,-2,-5;587,-10,-7;597,-6,-5;599,-9,-9;605,-11,20;611,5,-25;625,2,-5;635,-17,-7;639,-1,-1;645,-6,-9;655,-9,-10;665,-5,-1;673,-10,-8;681,2,-6;685,-6,-3
rua|vereador|waldir pimenta|california|39390000|9,-1711869,-4381524;26,-12,-11;29,-1,12;50,-14,-7;51,-3,-2;61,-30,3;98,-29,3;99,20,-2;112,-18,12;119,-5,3
rua|vereador|waldir pimenta|nossa sra de fatima|39390000|76,-1711804,-4381540
rua|vereador|walter nenzao|jardim aeroporto|39390000|52,-1712022,-4381316;60,4,6;92,-6,24;96,1,15;220,-99,68;234,-28,5;499,73,-48;513,-76,55
rua|vereador|walter nenzao|monterrey|39390000|502,-1712252,-4380981;512,-6,7;520,23,49;522,-21,-34;528,1,-32;530,21,89
rua|vereador|walter nenzao|nossa senhora de fatima|39390000|85,-1712026,-4381279;95,-4,7;107,-11,9;121,-15,9;143,-17,14;157,0,1;283,-91,65;301,-9,15;306,-27,63;318,5,-10;337,12,-16;372,11,-48;379,-40,83;391,3,2;401,-3,11;409,-4,11;415,2,8;439,-14,9;446,113,-158;451,-120,171;461,1,4;462,102,-165;471,-94,169;510,83,-165;626,155,-123;661,-24,9
rua|vereador|walter nenzao|pernambuco|39390000|91,-1712166,-4380800;113,9,63;153,-13,-102;167,-15,-17;213,-36,-17;221,-8,-10;530,5,7;538,10,-2;562,5,8;568,0,6;576,18,8;592,11,1;626,15,37;629,4,8;636,-4,1;638,0,4;652,0,12;670,5,16;681,2,23;684,-1,-10;687,8,8;695,-3,1;696,-3,2;697,1,-14;701,-6,27;704,3,-2;714,-10,-82;715,8,92;723,8,15;725,-6,-7
rua||abelino araujo silva|bonfim|39390000|12,-1710822,-4382077;25,-1,0;33,14,7;36,-2,6;45,10,-2;50,-2,8;56,5,5;59,0,-8;64,4,9;67,6,0;68,-2,0;71,12,6;76,-6,-2;86,4,11;88,5,0;91,6,-1;92,-3,0;100,1,13;103,11,-7;110,-4,4;111,11,4;118,-5,4;119,14,-2;127,2,4;128,-9,1;133,15,6;140,-2,4;141,14,-5;162,3,18;169,10,1;173,11,-17;181,-5,18;182,-1,5;185,5,0;189,-2,5;190,-1,-1;191,1,-3;195,12,8;196,-12,1;199,12,-1;204,-7,7;207,11,-6;216,2,11;217,6,-5;223,4,6;224,-3,5;231,9,2;242,0,5;246,9,-5
rua||adaltivo silveira|esplanada|39390000|7,-1711267,-4382060;9,-3,3;12,3,-10;14,-8,9;15,-7,3;16,-4,-10;20,25,-5;26,-15,4;29,-20,5;32,1,-7;34,33,-8;35,-40,18;38,-7,-6;42,1,-4;44,-4,11;46,0,-6;48,-27,5;49,22,-3;52,-3,-3;53,-26,7;55,18,-5;62,-19,4;67,-34,6;73,25,-3;81,-8,-3;82,-10,-3;88,2,4;91,3,3;94,-11,-3;97,5,10;99,118,-36;100,-124,25;105,-4,4;108,-4,3;120,-9,2;121,-3,-4;132,-7,-3;135,-6,9;138,2,-10;142,-11,8;146,-7,-7;149,10,2;150,-14,3;160,0,5
rua||alberto tertuliano|sentinela|39390000|26,-1709373,-4398997;38,26,1;51,17,-6;70,14,8;72,2,-6;75,6,0;86,13,13;134,39,-3;204,67,3;222,15,-4;225,-33,-2;8688,-179,-5
rua||alexandre xavier macedo|jardim aeroporto|39390000|48,-1712194,-4381176;70,-416,123;74,384,-120;93,-16,20;98,-7,-11;110,-2,0;111,-4,14;113,-7,-1;116,-13,-2;123,-2,9;135,-7,2;146,-6,-8;162,-19,10;191,-10,4;196,-9,-1;203,2,-2;215,-14,11;221,-12,2;241,-11,0;252,0,-2;253,-11,8;271,-20,6;277,-1,3;282,5,-12;283,-12,12;293,-12,2;305,-11,2;317,-5,11;318,0,-15;337,-13,15;379,-53,12;400,6,-9;404,-10,7;409,-5,3;410,3,-11;415,-9,15;420,2,-13;423,-5,16;431,-12,0;432,3,-7;459,-16,5;468,-15,1;469,7,3;485,-14,8;488,2,-9;493,391,-107;500,-419,110;515,4,7
rua||alfredo cardoso bispo|pernambuco|39390000|34,-1711418,-4381053;56,-13,7;58,-11,1;64,-6,6;78,-2,6;88,-16,-3;92,-5,0;100,-3,5
rua||aloizio roberto de andrade|nossa senhora de fatima|39390000|22,-1711836,-4381103;27,-14,5;32,-1,3;33,1,-1;46,-9,-6;49,0,1;59,-14,-3;60,5,-4;68,-9,-2;73,-14,5;85,-6,0;91,-5,-1;121,-25,-5;132,-5,-7;137,-1,6;139,-6,-2;140,-5,-3;157,-15,1;165,-11,-6;166,7,2;177,-18,2;228,-41,-17;236,-7,-1;245,6,5;248,-12,-7;249,-7,0;261,-8,-3;300,-6,-3;312,-19,-3;323,-30,-8;326,24,7;327,-9,-2;335,-18,-8;336,8,1;343,-23,-5;406,-19,-9;410,-11,-9
rua||altino rodrigues dos santos|pernambuco|39390000|20,-1711411,-4380298;26,-63,-32;29,51,32;30,-1,-5;31,73,35;39,-14,-5;40,-60,-37;43,58,35;48,-66,-33;50,66,30;51,-67,-27;55,-12,-11;56,8,-2;60,-7,5;63,-2,-6;64,-4,2;71,-5,-6;72,-1,1;94,-5,-12;96,-7,1;97,-12,1;100,-2,-2;103,-4,-1;106,-21,-12;108,20,10;111,-5,-3;124,-3,-1;127,-6,-2;128,2,1;136,-9,-4;141,0,3;144,-11,-3;147,3,-3;152,-8,2;163,-6,-2;165,3,-9;173,-88,-47;205,50,35;210,-2,-4;220,-9,-4;228,-8,-4;235,-4,-3;238,2,1;254,-17,-7;262,-1,-4;267,1,2;270,-4,-5;275,-7,-2;287,-6,-2;308,-32,-19;314,-2,-5;322,-2,-10;328,9,-26;336,-17,20;338,2,-8;341,-9,8;342,3,-6;347,0,-3;350,-16,-11;353,6,6;359,-6,-6;368,-1,-2;382,-8,-2;383,5,0;389,-22,2;390,15,-10
rua||alto da estacao|pernambuco|39390000|13,-1711111,-4380762;19,8,8;27,6,15;41,-5,14;59,5,7;67,2,14;77,1,1;83,1,9;89,0,12;99,3,11;100,2,-9;105,2,14;110,-6,-7;121,14,17;133,6,9;136,-2,2;140,-5,-17;141,4,25;142,1,-4;147,3,5;148,-4,-26;153,9,35;174,-5,4;178,-6,-1;188,-14,16;194,-30,58;197,40,-46;200,-59,10;209,82,-7;210,-93,80;222,61,-58;223,6,9;226,3,28;230,-22,-20
rua||alzira camara|esplanada|39390000|15,-1711580,-4381950;18,-1,-3;19,0,5;22,-3,-13;30,-1,-13;39,-8,9;47,-3,-6;55,-1,-2;62,-2,-11;63,-3,0;68,-7,-4;70,15,12;75,-16,-16;80,-4,-8
rua||amalia coutinho|california|39390000|23,-1711972,-4381802;37,-3,9;57,-3,10;58,-8,-3;61,8,3;66,-7,3
rua||amalia coutinho|esplanada|39390000|41,-1711966,-4381862;51,4,-3;57,5,-8;67,1,-7;68,2,-14;76,7,-2;81,-14,-13;84,13,5
rua||amazonas|monterrey|39390000|10,-1712294,-4380996;22,-9,7;34,-7,6;58,-19,5;60,-8,4;72,-15,7;94,-4,3;104,-14,5;114,-5,3;186,-60,26;198,-14,7;226,-21,11;236,-6,0;246,-7,4;260,-10,3;272,-11,5;282,-15,6;292,-7,5;308,-15,6;352,-49,27;360,1,4;374,-14,-1;392,-15,7;398,-8,2;408,-13,8;418,-6,0
rua||americo pimenta|jardim america|39390000|9,-1711872,-4380326;22,13,7;26,-3,0;49,14,4;50,-3,6;56,8,5;57,-5,2;61,15,-15;64,-5,22;65,2,-6;67,7,-1;79,5,9;80,2,7;84,14,10;89,-4,-7;92,4,9;97,7,0;106,0,8;107,2,-4;117,-1,3;118,2,3;122,16,9;123,-2,-6;127,14,5;128,-17,11;131,17,-4;132,-8,7;145,17,7;153,5,6;157,5,2;158,-8,-6;165,9,11;166,-4,-6;168,7,5;171,10,9;178,-5,1;182,5,6;183,2,-7;191,4,6;192,-3,3;202,10,6;203,1,-6;209,10,10;210,-5,0;215,13,7;220,-6,6;226,4,0;231,8,-4;234,4,8;239,2,-1;240,-3,6;245,14,5;248,1,3;262,6,11;273,11,2;281,2,4;286,-6,10;293,8,-7;299,10,9;306,-6,0;307,13,4;314,-8,-1;315,11,6;320,-7,2;321,19,-12;324,-2,14;325,-5,2;329,1,2;333,1,3;338,5,2;347,4,6;348,4,0;355,4,0;356,0,1;359,4,1;360,-5,2;364,5,8;367,9,0;370,-1,8;373,9,-6;375,2,4;376,-6,7;384,6,6;385,3,-11;391,6,7;394,1,7;402,1,1;410,14,4;420,0,2
rua||ana alves meira|sao geraldo|39390000|4,-1712694,-4380271;12,0,1;15,7,2;18,1,1;19,5,-1;26,7,0;36,4,3;55,-4,-2
rua||antonio alves carneiro|california|39390000|34,-1711754,-4381801;44,5,6;46,7,15;50,-11,10;82,-29,10;84,-6,11;100,-6,13;130,18,19;142,-71,-1;150,44,6;160,-1,9;170,-12,14;221,-28,39;233,-10,12;245,3,14;263,-2,10;271,7,14;287,-1,7;293,-4,15;321,0,23;347,-5,23;373,-4,6;379,0,21;385,-9,13;397,-8,10;435,9,38;445,-11,9;461,3,7;469,-9,13;475,-3,7;489,-4,6;501,-5,-1;517,-14,13;521,-9,7;533,-4,7;550,-2,6;556,0,2;574,-22,19
rua||antonio alves carneiro|esplanada|39390000|7,-1711740,-4381797;15,-3,-1;23,-6,14;35,-5,4;51,-8,3
rua||antonio alves carneiro|nossa sra de fatima|39390000|107,-1711780,-4381745;119,-7,15;131,-9,11;143,-5,14;161,-3,10;444,-69,257;458,2,10;466,-11,8;470,-9,9;474,1,1;480,-5,1;490,1,1;502,-10,14;514,-4,13;520,-5,4;808,-21,21
rua||antonio alves d oliveira|bonfim|39390000|7,-1710627,-4381877;32,-2,-7;40,4,0;51,-14,-3;52,5,-5;58,0,6;67,-21,-12;72,14,3;75,-3,3;82,-4,-8;92,-2,-6;93,-6,10;98,3,-13;99,-8,2;100,-1,-1;102,-7,-6;107,4,6;114,9,-29;118,-26,14;121,6,7;122,5,2;127,-14,-1;130,-5,-10;133,1,3;135,0,8;143,-5,-9;144,-9,-7;145,4,2;150,-9,-10;151,2,1;159,-12,-4;162,4,-2;166,-7,-2;168,0,-1;182,-2,-10
rua||antonio amaral silva|pernambuco|39390000|31,-1711625,-4380689;39,-1,10;45,-4,-15;47,6,22;54,2,-4;60,3,7;63,-1,4;65,0,8;74,1,0;75,3,8;83,2,6;84,0,2;85,2,4
rua||antonio carlos vieira|centro|39390000|4,-1711400,-4381271;7,-4,-4;20,-6,4;25,-9,3;31,-8,0;53,-10,2;64,-7,6;65,-6,-2;77,47,-11;78,-53,14;84,-4,1;91,-12,-2;94,-9,-2;101,-11,5;148,-39,-1;158,49,1;162,-56,0;176,-13,-1;180,42,-2;186,-60,5;201,77,-3;202,-81,3;276,1,5;288,-22,-6;289,-7,0;300,-5,2
rua||antonio carlos vieira|pernambuco|39390000|125,-1711509,-4381246;139,-15,-4;149,-6,0;161,-16,0;173,-13,-1
rua||antonio duraes fonseca|sentinela|39390000|32,-1709238,-4399065;44,30,11;119,-72,-12;340,-26,8;368,-20,3;384,-18,1
rua||antonio eugenio|pernambuco|39390000|10,-1711335,-4380180;15,17,-3;18,-7,4;28,9,2;29,1,-5;38,10,21;39,3,-18;46,3,8;55,4,-9;58,5,6;70,8,5;80,11,0;85,16,-9
rua||antonio figueiredo cardoso|esplanada|39390000|3,-1711510,-4381917;4,3,0;11,-5,-1;21,-4,-12;30,4,-13;31,-5,8;37,-8,-10;38,8,-1;43,-6,-2;48,0,-7;51,-8,-2;52,12,-15
rua||antonio fontinelli ribeiro|bonfim|39390000|4,-1711073,-4381932;12,-7,-2;20,-10,-4;32,-13,-1;37,0,3;43,-5,6;54,-7,-6;505,29,-4
rua||antonio fontinelli ribeiro|centro|39390000|19,-1711337,-4381916;26,11,1;27,-6,-7;102,169,-17;108,-3,3;112,5,-2;119,-20,5;122,4,0;123,-6,3;126,-10,-2;127,-1,-6;135,-2,1;138,2,5;145,-15,-12;148,4,11;158,-8,2;162,1,4;216,-59,-2;228,-9,5;255,-10,-11;263,-9,4;274,-15,8;275,4,-2;284,-16,10;289,1,-3;306,-16,2
rua||antonio froes|bonfim|39390000|11,-1711050,-4381605;43,3,-30;77,-2,-23;99,1,-27;106,-3,0;113,-2,-8;116,5,-1;123,1,-9;126,-2,5;134,1,-25;135,-17,-1;145,11,2;162,-1,-20;172,2,-2;191,3,-23;195,-1,-4;211,-2,-20;212,4,2;223,-2,-12;229,-3,-1;233,4,-3;238,0,-5;239,-6,-6;251,0,-15;260,4,1;265,-2,-17;270,3,4;278,0,0;288,-3,-17;300,1,-12;310,-1,-4;313,-4,0;320,4,-12;325,-4,-14;326,5,8;427,-1,-12
rua||antonio froes|centro|39390000|28,-1711048,-4381619;44,1,0;48,-2,-13;56,6,-1;62,1,-11
rua||antonio meira peixoto|sao geraldo|39390000|21,-1712654,-4380299;22,-1,-2;25,-5,2;30,-5,-2;31,3,3;36,-7,-7;37,0,2;43,-4,-2;48,-9,-4;49,-1,2;54,-7,-1;58,-13,-4;81,12,6;104,-16,-10;125,-7,14;127,-4,-13;131,-10,6;147,-1,-6;152,79,22
rua||antonio tiburcio|pernambuco|39390000|5,-1711025,-4380868;12,0,4;16,-6,-6;17,-9,19;22,7,0;27,-18,5;32,6,-8;45,-15,8;59,-18,18;65,0,0;73,-1,-6;80,-3,-4;85,-5,7;93,0,3;103,-18,2;108,-85,40;109,19,12;116,56,-57;145,-16,23;161,-33,26;214,-31,-3;222,-19,-1;227,3,10;240,-8,-8;241,-6,12;248,-6,-6;258,-7,-2;260,-10,-2;267,15,20;277,-6,2;281,-14,3;292,-13,-2;295,8,-7;299,-10,13;307,-7,6;308,1,-9;314,-11,4;315,-1,7;324,-4,-3;325,1,7;331,-7,5;338,-14,-7;343,-4,14;344,3,-11;348,-3,3;355,-4,8;356,-7,3;358,-1,-4;365,-6,0;368,-2,1;377,-5,10;382,-6,-7;383,0,8;393,0,1;403,-7,5;404,-17,0;413,1,12;414,-5,-12;415,-1,18;418,-3,-9;421,3,9;427,-4,-3;433,-3,0;438,-9,4;441,2,-1;444,1,-3;450,-7,-6;453,-5,18;455,-2,-4;460,-5,-11;463,-2,18;466,6,-9;467,-7,8;470,-5,-4;472,1,-1;473,-11,6;487,-7,15;492,15,-3;496,-34,-11;506,0,7;521,-9,18;522,7,-15;531,-10,16;537,-11,5;538,129,-52;543,-132,51;544,-4,-3;548,0,0;560,-9,9;563,-9,-9;573,-6,25;574,5,-14;579,-9,9;583,-7,6;584,-4,-12;590,-2,-3;593,1,11;594,-4,-7;602,-10,7;603,4,9;607,0,2;614,-4,-9;619,-79,44;623,1,2;624,-1,4;625,59,-37;626,-2,0;632,-71,43;640,67,-41;645,-2,-6;652,-5,9;653,3,7;655,-77,48;657,65,-46;659,-68,48;660,15,-17;661,53,-26;665,-69,46;668,8,-14;669,52,-24;671,-67,36;672,66,-49;676,-64,44;678,63,-43;680,-78,38;681,7,17;686,4,-11;689,-6,17;690,-2,-5;692,-2,6;696,-5,3;712,-2,6;797,-3,-2;819,-12,17;822,5,-6;823,-5,7;827,-6,7;829,3,-4;830,-8,5;837,-3,4;850,-20,-4;855,12,13;864,-15,12;865,17,2;881,-22,2;884,-3,0;892,-10,6;896,1,1;901,-7,10;902,1,-11;904,0,6;905,-12,26;910,19,-34;911,-8,11;912,-29,20;919,1,-3;923,-1,11;935,-9,9;941,9,-2;943,-2,8;946,-18,7;951,9,2;958,-13,-1;970,-7,1;986,-18,13;993,15,11;994,-21,-7;997,11,9;1005,-3,2;1008,-5,11;1013,-8,0;1016,-2,-6;1022,-20,-6;1023,17,13;1028,-8,2;1032,-9,1;1033,17,3;1036,-17,1;1040,-4,2;1045,1,13;1046,-2,-5;1049,0,7;1050,-7,-10;1055,5,11;1060,-4,-5;1063,-6,7;1066,-3,1;1069,4,8;1080,-14,-5;1092,-1,7;1122,-30,25;1132,-1,6;1144,-7,2;1153,-3,10;1154,-9,-5;1162,-4,13;1165,0,4;1172,-4,3;1181,2,3;1184,-8,-2;1189,-1,9;1192,0,-4;1196,-5,4;1204,-7,1;1210,-2,11;1211,10,2;1218,-20,3;1221,2,6;1230,-4,-6;1233,6,8;1234,-12,-2;1238,-4,-3;1241,10,21;1242,-10,-16;1247,1,10;1248,-4,-5;1252,-5,6;1253,5,3;1259,-11,1;1262,2,3;1269,-4,1;1270,-20,-19;1275,19,24;1276,-15,-13;1281,8,19;1282,-9,-4;1286,2,6;1287,2,3;1300,-17,13;1303,1,4
rua||araxa|monterrey|39390000|10,-1712290,-4380934;23,-10,12;26,0,-7;38,-11,8;46,-6,1;55,10,-2;56,-16,5;63,-8,4;75,-7,4;82,-5,0;85,-3,3;97,-14,8;109,-10,6;112,-3,-2;124,-7,12;125,1,-5;136,-11,4;141,-3,1;148,-12,0;153,3,4;165,-14,2;172,2,2;188,-17,8;189,6,-4;198,-19,7;199,3,4;206,-6,-1;210,-8,5;213,9,-4;223,-14,7;245,-14,6;266,-23,7;278,-11,8;290,-12,3;312,-12,2;316,-8,10;326,0,-1;338,-14,7;349,3,1;361,-10,6;362,-8,2;368,-3,-1;369,-7,6;370,-3,-1;374,-1,-4;375,-5,7;381,-3,2;386,-7,1;387,-3,1;393,-5,4;399,-8,5;400,9,-6;405,-9,6;408,-5,0;415,2,1;420,-11,5;421,6,-2;427,-5,4;434,-10,-2;444,-13,10
rua||augusto ferreira pimenta|nossa senhora de fatima|39390000|29,-1711832,-4381172;37,-12,-6;43,-2,-12;49,-10,7;69,-9,5;125,-57,-12;132,-13,-2;137,-6,-5;153,-6,3;160,4,0;171,-11,-2;175,-17,1;221,-35,-12;234,0,-8;235,-12,8;245,-11,-6;246,2,-5;254,-9,0;255,-4,9
rua||augusto pereira dos anjos|alto belo|39390000|23,-1693455,-4373769;32,9,21;54,5,11;63,0,5;74,9,18;78,3,13;96,4,6;131,-6,-3
rua||a|alterosa|39390000|20,-1712689,-4381939;38,-10,5;40,-4,10;48,-5,-8;56,1,16;64,-17,-9;72,-7,10;96,-4,12;104,-7,2;106,-8,18;118,-1,5;150,-24,37
rua||a|bonfim|39390000|84,-1709918,-4382432;100,16,32;105,5,-6
rua||a|cachoerinha|39390000|11,-1712637,-4383799;14,11,9;28,-15,-13;38,-1,-11;46,-10,-7;57,-4,-1;70,-8,-12;78,-7,-6;88,1,-5;119,-4,-6;122,-14,-19;146,-16,-22;166,-9,-11;170,-4,-5;180,0,-10;200,-55,-79;202,42,69;210,-11,-8;270,-30,-48;314,-27,-36;322,-1,-2;332,-4,-8;340,-34,-29;350,18,16;380,-24,-34;418,-23,-28;438,-14,-20
rua||a|california|39390000|11,-1711889,-4381479;14,-543,121;17,546,-121;32,-560,126;45,547,-117;46,-20,-6;63,1,15;65,-29,17;69,-530,97;72,529,-118;76,-17,27;87,-3,-1;88,5,-13;92,12,-7;98,-556,106;130,-31,7;165,-32,8;166,8,-8;182,-16,2;192,-10,-4;211,-11,10;225,-28,2;274,-37,-2;286,-10,2
rua||a|jardim aeroporto|39390000|15,-1712641,-4381206;22,-17,3;25,4,-4;32,-7,-1;33,0,4;39,-1,4;153,-109,4;169,-10,-9;172,-2,-2;181,-14,11;274,-103,5;280,-7,-1;290,-12,3;293,10,10;304,-15,-8;305,4,8;317,-18,3;322,-10,-10;329,1,10;345,-8,2
rua||a|maria rosa|39390000|25,-1711608,-4382380;35,-3,-3;36,-1,-2;38,5,2;45,-7,-6;107,12,12;125,0,1
rua||a|novo horizonte|39390000|7,-1712532,-4379900;12,-6,1;17,14,6;22,-8,4;27,10,2;29,-504,-205;32,503,215;37,7,0;42,-2,5;47,8,2;49,-523,-235;52,523,239;57,4,2;61,-521,-250;62,516,252;64,-508,-253;67,513,260;71,-519,-263;72,518,270;77,-251,-137;80,-256,-148;81,-4,-6;82,518,295;87,14,7;92,-8,1;95,-527,-308;96,13,-1;102,521,319;105,-526,-331;117,542,347;127,7,3;132,-13,1;137,16,8;142,-9,-3;147,10,6;157,7,8
rua||a|sinval vale de menezes|39390000|7,-1712684,-4380739;10,-5,3;11,9,-2;19,3,18;20,-11,-3;30,4,10;35,0,4;40,0,-3;50,-3,18;60,0,6;61,10,5;70,-11,3;80,-1,14;81,8,-1;88,-9,10;94,6,-4;127,-5,162;134,-3,15;142,4,-10
rua||a|tancredo neves|39390000|114,-1711703,-4382522;120,-1,-11;126,-5,-19;132,-4,-12;138,-1,-3;142,-1,-4;148,-10,-27;160,-3,-2;166,1,-6;172,-6,-6;178,-15,-13;190,-13,-8;210,-10,-11;212,0,-1
rua||a|tancredo nevis|39390000|125,-1711714,-4382545;131,-2,-13;137,-4,-3;143,-3,-12;149,4,-17;169,-3,0
rua||bahia|centro|39390000|5,-1711227,-4381754;15,-9,3;18,4,-8;22,-11,10;32,-11,-6;35,10,7;40,-14,-11;45,0,12;53,-12,2;58,8,4;59,-10,-3;65,-9,3;70,3,0;73,-9,2;76,4,-9;80,-5,3;86,-5,-1;89,-14,8;97,7,-3;98,-6,-2;103,-3,7;111,-15,-3;114,16,2;116,-16,-2;117,0,4;118,-1,-2;121,-10,2;123,-2,5;125,-9,2;128,5,-1;136,-2,-5;150,-9,2;158,-7,1;159,-1,2
rua||bahia|esplanada|39390000|179,-1711374,-4381731;180,-6,4;182,0,-2;189,-7,3;195,-9,1;200,-4,4;203,1,-4;219,-7,1;222,-4,0;228,-8,5;231,3,5
rua||bela vista|sentinela|39390000|35,-1709252,-4399025;79,14,40;99,-1,22;140,20,50;171,12,20;200,10,13;240,41,39;256,2,11;275,-28,-31;289,50,44;307,6,6;317,-27,-26;322,31,29;327,9,2;338,1,14;343,14,-8;347,0,4
rua||belarmino fernandes|pernambuco|39390000|11,-1711243,-4380401;18,3,-11;36,-11,24;43,1,5;52,-3,9;53,-4,3;54,7,-7;60,-7,7;63,1,7;72,0,3;75,0,3;77,-4,26;79,-13,129;81,14,-149;83,-1,10;84,0,-2;92,6,8;102,-8,13;113,0,5;114,-1,4;118,-2,2;123,1,7;132,-2,10;133,5,0;140,-7,5;143,0,13;148,4,-10;155,-4,21;164,-4,14;170,2,-10;171,1,5;175,-1,9;180,-7,8;186,1,2;200,6,4;201,-6,17;210,0,-10;211,2,18;212,-6,-1;222,2,-9;238,0,17;245,-3,14;258,3,-2
rua||belo horizonte|pernambuco|39390000|4,-1711586,-4380735;5,-6,13;13,-4,3;16,-4,-14;27,-11,11;30,2,-8;35,-11,10;36,2,-6;41,-5,7;42,3,1;43,-11,0;57,-3,2;58,-3,-6;68,-8,1;69,-9,4;74,-1,-3;75,-5,8;77,-632,-18;82,635,12;86,-18,5;92,2,-18;102,-8,16;108,-3,-2;109,-5,5;116,-7,-3;121,-10,2;123,176,-26;125,-175,33;135,122,-22;137,37,-8;139,-165,24;140,-1,-3;141,162,-19;143,-166,24;145,167,-20;147,-3,0;149,-4,0;151,6,-3;155,-178,28;156,-2,-11;157,169,-13;164,-178,17;168,-5,-1;169,15,9;171,160,-29;174,-176,21;177,54,-4;180,-61,5;186,8,-41;192,-14,21;195,3,26;200,-10,-13;210,-10,16;220,-14,-9;231,-3,9;239,-9,1;245,-13,-2;247,6,0;253,-11,-1;254,-4,-8;259,-3,8;270,-7,-8;276,-14,6;279,0,2;291,-9,2;292,3,-8;301,-7,13;304,-6,-10;305,-4,-2;312,0,0;313,-8,-4;320,3,4;321,-6,-5;327,-9,1;331,-10,9;334,-9,-4;339,7,13;340,-8,-14;341,2,-1;353,-7,3;357,1,-3;358,-2,-3;363,-11,7;364,6,-3;369,-8,6;370,1,-6;377,-7,13;380,3,-33;381,-12,47;386,10,-49;391,-11,24;396,27,-4;397,-46,7;398,7,-2;402,-3,-3;417,-9,3;418,-6,-3;423,-7,2;430,0,-2;434,-11,0;435,5,3;438,-6,-6;444,-7,6;445,-3,0;447,-4,0;457,-10,2;460,3,-8;480,-20,-1;489,-1,7;492,-5,-5;494,-8,0;495,12,10;503,-16,0;504,1,-15;513,-5,15;518,-4,-13;522,-33,-41;525,27,48;526,-9,-22;534,-2,24;538,-7,-10;541,3,6;547,-16,2;548,4,-3;553,-3,2;556,-6,-3;567,-15,1;568,5,0;572,-9,7;576,-5,0;581,-2,-6;589,2,-1;596,-4,-2;597,0,4;601,-7,-11;606,-5,11;609,-14,-5;610,7,16;628,-15,-9;634,-10,-13;640,0,12;646,-7,1;647,5,-7;660,-13,2;661,3,2;664,-15,0;673,14,-13;674,-13,8;675,4,-4;687,-12,10;689,2,-3;692,-8,-5;694,-7,-4;697,-2,-3;702,-9,8;706,0,6;707,-1,-16;712,-1,9;716,-8,0;727,-27,2;730,9,0;742,-15,0;756,-6,-1
rua||benjamim monteiro alves|zumbi|39390000|11,-1711156,-4382310;38,-17,66;42,10,-15;62,5,-11;64,6,4;96,-6,-35;101,-4,-4;115,3,-9;120,0,1;126,5,-12;132,4,-7;133,-9,4;138,8,-14;145,-4,-1;154,4,-5;155,-5,-17;162,9,1;167,-7,-5;172,29,2;175,-22,-11;176,6,4;184,0,-8;196,-3,-14;204,2,-1;208,3,-2;212,1,0;216,6,-5;220,1,-4;272,12,-43;285,-9,-15;293,9,-12;301,-3,-14;314,10,-15;315,-17,10;320,19,-11;324,3,-20;348,-1,-4;352,0,3;356,4,-7;365,-4,-16;377,4,-6;387,5,-16;395,3,-5;401,3,-13;413,4,-3;431,9,-14;433,-7,8;437,7,-11;450,10,-11;465,-8,-4;470,10,-4;473,-6,-1;474,1,4;481,5,-9;490,6,-13;491,-6,0;495,7,-2;496,0,-1;497,-3,-8;504,-7,5;512,12,-13;514,6,-9;515,-9,4;518,8,-10;525,0,-4;526,0,2;530,6,-3;535,-7,-4;543,2,-5;544,7,-3;550,3,-6;557,-2,-5;567,6,-5;569,-6,2;572,5,-1;576,6,-4;577,-4,-12;580,6,7;581,-18,-3;588,16,3;589,0,-17;601,3,0;619,5,-24;639,14,-16;645,0,-3;649,0,-5;657,5,-7;664,3,6;672,1,-5;680,-1,-7;686,10,-9;698,6,-12;711,0,-18;767,24,-19;776,-8,-7;788,1,-4;798,16,-39;800,-12,36;801,1,-41;814,9,-7;822,3,-23;831,-7,11;832,3,6;840,5,-17;844,2,3;850,-2,-11;853,-6,0;5881,-69,215;5882,0,0
rua||berlamino de paula|sinval vale de menezes|39390000|62,-1713241,-4380107;74,-6,-34;82,2,35;98,-19,1;122,-11,7
rua||boa vista|terra branca|39393000|6,-1731374,-4322195;13,2,91;24,-16,68;47,10,-155;77,4,-31;101,0,147;133,2,-33;224,-3,-131;308,4,60;354,-1,-33;400,-1,-38
rua||bocaiuva|sentinela|39390000|12,-1709385,-4398860;13,-23,-200;14,23,188;17,-9,4;23,-9,-197;29,6,103;47,-1,84;51,-6,-183;53,3,-34;80,2,-18;99,11,-34;101,-20,215;105,19,-211;111,-26,188;115,-3,-16;116,26,-125;129,6,92;130,-15,36;155,-18,-24;161,0,-6;164,16,16;201,-15,-41;219,-2,-3
rua||brazida alves praes|zumbi|39390000|20,-1710944,-4382209;27,13,3;30,-5,-12;35,1,-9;40,-2,5;51,9,-19;52,-4,8;64,3,-6;65,5,-12;74,34,-65;77,3,-7;80,-7,17;84,3,-12;85,-3,-6;92,7,-2;94,0,-14;101,5,-4;104,-2,1;110,1,-3;111,0,-1;113,4,-5;114,1,0;119,-16,-9;120,18,6;123,-10,-13;129,7,4;132,3,3;134,6,-8;135,-5,0;141,2,-6;142,4,3;156,1,-6;157,3,-11;162,4,1;170,8,-4;171,-5,-10;177,2,-3;180,11,-10;186,1,-6;187,-11,4;199,9,5;211,1,-22;214,-74,173;222,79,-166;231,-25,-33;232,34,10;233,-2,1;240,-85,230;242,90,-237;244,-110,256;245,110,-253;250,-60,215;252,67,-229;257,0,-8;262,1,3;267,-1,-13;277,2,-3;278,-5,4;286,13,-11;287,-3,3;291,14,-12;295,3,-4;301,-11,-1;311,9,-14;312,-3,13;320,2,-10;326,5,-12;340,3,-3;350,3,-7;356,1,-6;361,1,-14;366,5,3;369,-2,-6;376,5,-2;381,-2,-10;388,8,-1;391,-5,-6;398,-23,75;399,28,-82;402,5,5;412,5,-11;428,0,-3;430,8,-14;436,0,-2;449,4,-16;450,1,1;451,2,-7;459,1,-9;460,1,1;470,7,-4
rua||brizida geralda de souza|nossa sra aparecida|39390000|111,-1712158,-4380230;117,1,-6;122,-8,-8;123,-1,7;126,23,-5;128,-10,2;129,-25,4;130,1,-2;135,-7,2;140,2,-3;145,-9,5;146,0,-5;148,8,0;149,-7,-2;156,-3,1;157,-12,3;158,0,-1;159,-1,8;161,-12,0;167,20,-6;170,-2,-6;173,-11,6;182,-1,-2;188,-4,-3;193,-7,10;227,-39,1;237,-3,0;240,-7,-4;243,-5,2;248,-7,-5;253,0,7;258,-10,-6;261,4,3;266,-10,-1;271,2,4;274,-4,-5;277,-2,7;290,-9,-7;291,-2,7;294,-5,-6;299,-18,8;300,18,-9;304,-9,3;308,-3,-2;312,-4,-14;331,-8,23;347,-13,1;395,-23,0;405,-15,2;411,-8,3;416,-5,-11;419,-2,8;422,3,-3;425,-5,3;428,-3,-2;430,-9,-3;433,3,9;446,-12,-10;457,-7,9;458,5,-11;460,-8,3;464,-5,-23;466,1,28;467,-3,5;473,-5,-3;474,4,-6;480,-8,4;481,-2,-1;486,-7,-2;487,0,6;488,1,2;492,-12,-6;497,-6,8
rua||brizida geralda de souza|sao geraldo|39390000|297,-1712499,-4380218;522,3,-8;529,-7,7;530,-2,-11;535,-7,9;536,4,0;539,-8,2;540,1,-4;548,-6,-2;551,-1,5;555,-8,1;556,-4,-6;558,-2,5;562,-5,-1;570,-4,-4;579,-9,5
rua||buenopolis|pernambuco|39390000|202,-1711856,-4380442;212,-8,-8;213,12,15;214,5,-6;218,-22,-17;224,22,26;225,-5,7;228,-22,-36;234,32,39;237,-3,8;238,-40,-58;244,47,54;245,1,8;248,-52,-72;252,-2,3;260,-4,-6;270,-6,-6;275,-9,-7;282,2,0;289,-9,-8;307,-7,-6
rua||b|cachoerinha|39390000|6,-1712893,-4384138;96,37,-71;142,19,-31;250,54,-96
rua||b|esplanada|39390000|21,-1712214,-4381904;28,-6,-1;29,-3,1;34,5,-7;44,4,-14;47,-3,10;51,-11,1;55,1,-7;69,5,-17;70,11,-2;77,-20,-8;83,19,-13;86,-4,-3;89,-7,1;95,-1,-13;100,9,-6;111,-8,2;114,11,-10;117,-11,3;123,1,-13;128,10,1;129,-8,-5
rua||b|jardim america|39390000|4,-1711790,-4380210;5,-1,13;14,9,1;17,-5,2;23,9,2;26,-2,1;35,9,14;36,-1,1;41,9,6;45,65,74;46,-71,-77;49,6,5;56,0,2;59,4,4;60,1,3;71,8,4;72,-2,2;85,8,6;86,0,2;96,9,10;97,1,0;101,46,43;105,-39,-38;106,-7,-4;110,10,11;113,4,0;117,5,7;120,-2,2;154,13,1;157,14,19;158,-7,-5;163,14,7;166,-7,-2;171,9,5;176,-1,-7;182,9,9;185,6,4;186,-8,1;188,8,6;197,4,-4;200,-6,1;207,7,3;210,1,6;211,9,0;217,1,1;220,-2,3;221,11,0;223,16,7;224,-5,-2;238,-27,14
rua||b|morada nova|39390000|29,-1710367,-4382632;43,-10,-23;65,0,-15;71,-3,-5;80,5,-9;90,-2,-7;91,-8,5;96,3,-17;100,0,-5;122,-6,-23;141,-12,-8;151,1,-8;162,5,-8;163,-9,-3;164,9,3;166,-5,-3;173,-3,-11;175,0,0;179,-1,-2;180,1,-1;185,-10,-6;190,8,2;197,-6,-10;204,2,-10;205,-7,3;214,4,-7;215,-7,-2;224,-4,-37;225,6,30;227,-5,-4;230,9,3;236,-3,-10;244,0,1;250,-4,-17
rua||b|novo horizonte|39390000|3,-1712968,-4380077;8,-1,-6;12,-2,0;16,477,157;17,-4,-4;18,-478,-150;25,-4,0;26,487,168;27,5,-4;28,-500,-169;36,501,173;37,5,3;42,-512,-176;46,509,179;47,-257,-89;48,-260,-92;50,-4,0;56,262,94;57,268,93;66,1,2;67,7,10;76,3,10;77,-2,1;86,3,1;87,2,-1;92,-582,-222;96,587,231;97,7,2;110,-610,-238;136,620,270;137,11,1;146,-3,7;147,0,-5;156,4,10;157,6,-1;166,-1,9;167,7,2
rua||b|sinval vale de menezes|39390000|13,-1712722,-4380747;23,-7,10;33,2,11;43,0,14;53,1,5;63,1,15;73,-2,8;83,-4,8;93,3,3;103,-4,11;109,0,11
rua||b|tancredo neves|39390000|119,-1711707,-4382527;120,-60,-31;147,-7,-12;149,8,19;150,6,9;160,-14,-38;167,-2,7;169,-2,-7
rua||b|zumbi|39390000|13,-1710940,-4383235;16,362,838;19,-8,3;35,-24,-15;45,-148,-414;55,-158,-429;65,11,-7;75,11,-6;85,4,-6;95,10,-6;105,3,-7;115,7,-4;125,4,-4;134,-331,940;135,337,-947;136,-6,-5;140,9,-8;142,-339,957;145,342,-953;150,-330,952;155,339,-954;156,-5,0;160,-330,943;165,342,-955;166,-1,8;170,-333,941;175,337,-951;176,-3,4;185,13,-7;186,-6,-1;190,4,-8;195,9,0;200,3,-8;205,4,7;255,48,-38;260,2,-2;265,2,-6;270,7,-4;275,4,-7;285,5,0;295,13,-5;305,10,-5;315,6,-7;325,1,1;335,10,-12;345,13,0
rua||c1|beija flor ii|39390000|70,-1711080,-4383060;112,-34,-14;114,-61,-54;118,49,50;146,-14,-9;154,-11,-9;166,-4,-4;182,-15,-16
rua||c1|zumbi|39390000|34,-1711042,-4383050;256,-162,-116
rua||c2|beija flor|39390000|70,-1711046,-4383105;100,-28,-27;149,35,27;160,-79,-61
rua||c2|zumbi|39390000|45,-1711034,-4383090;55,-13,-6
rua||c3|beija flor ii|39390000|51,-1711100,-4383103;75,-7,-9;123,-15,-21;127,-8,-10;129,-5,-6;147,-4,-5;179,-16,-18
rua||c3|zumbi|39390000|56,-1711091,-4383100;70,-5,-12;78,-8,-7
rua||c6|zumbi|39390000|23,-1711057,-4382971;33,7,-4;35,-20,-8;61,-16,-5;67,-2,8;75,0,-1;92,-23,-15
rua||cachoeirinha|beija flor|39390000|766,-1711675,-4382678;772,-2,-8;780,-3,-11
rua||cachoeirinha|cachoerinha|39390000|187,-1712248,-4383330;227,-34,-31;533,8,7;581,-26,-50;593,-5,-8;877,185,212
rua||cachoeirinha|residencial jardim imperial|39390000|1089,-1711838,-4382927
rua||canastra|canastra|39390000|20,-1717048,-4317322
rua||canastra|machados|39390000|11,-1717019,-4317229;15,2082,11;17,-837,-14;22,-900,1154
rua||canuto ferreira silva|nossa senhora aparecida|39390000|447,-1712059,-4380274;454,-4,7;466,3,5;476,-2,-32;477,4,62;496,0,5;501,7,8;524,-2,24;530,2,-3;536,1,6;546,-1,10;552,-1,11
rua||canuto ferreira silva|nossa sra aparecida|39390000|29,-1712078,-4380676;35,2,6;43,20,87;69,-21,-55;70,-5,-1;71,13,195;77,-4,-186;86,-5,15;87,4,-5;106,-7,16;111,8,13;134,-1,14;138,-7,3;141,15,6;145,-6,2;146,-4,3;152,2,12;155,5,-2;158,-11,9;163,10,7;171,-4,-2;172,1,4;180,-1,10;186,-2,0;197,6,16;202,-1,1;209,3,13;214,-2,-3;215,-3,7;222,3,-4;223,-4,13;227,8,6;233,2,6;234,-6,-11;238,-3,7;245,8,22;246,-3,-11;274,-8,33;275,12,7;280,-7,-3;283,9,4;286,-8,5;287,7,1;292,-6,0;293,6,6;320,-7,3;321,8,25;329,-2,0;350,-3,25;360,-2,12;364,0,3;374,3,9
rua||canuto ferreira silva|pernambuco|39390000|26,-1712082,-4380680;331,18,305;337,0,7;343,3,7;347,1,6;359,-4,15;365,2,4;373,-2,4;387,6,14
rua||carlos murta|jardim aeroporto|39390000|25,-1712331,-4381283;26,4,1;40,33,96;41,0,-3;43,-27,-80;44,-4,7;52,27,68;55,-10,-17;56,-16,-46;60,22,55;65,-2,-1
rua||carlota dumont|sinval vale de menezes|39390000|9,-1712455,-4380644;21,-7,-9;45,0,-22;55,3,-16;65,11,-10;75,-7,-7;95,10,-19;101,-12,78
rua||carolina acacio|nossa senhora de fatima|39390000|36,-1711859,-4381042;48,-6,1;58,-22,-3;74,-11,-4;86,-3,-2;90,-17,-1;100,-9,-1;144,-24,-6;158,-11,-1;280,-59,-10
rua||carolina acacio|pernambuco|39390000|25,-1711843,-4381043;35,-13,3;51,42,57;60,-34,-23;65,-47,-38;77,-5,-5;87,-4,1;93,-8,-2;99,-3,4;109,-11,-2;119,-19,-3;301,-22,-3
rua||cassimiro teofilo araujo|bonfim|39390000|11,-1710920,-4381834;21,2,-7;22,14,-5;29,-11,1;33,7,-7;39,5,-3;45,1,-11;58,10,4;61,2,-12;66,4,1;68,-2,-2;76,12,-4;78,0,-1;79,-4,-6;82,15,4;86,4,-1;87,-6,-7;93,3,2;103,2,-4;107,7,0;119,9,-6;122,4,3;125,6,-11;129,-13,8;131,15,-10;132,-5,8;139,12,-17;140,-3,16;141,8,-9;145,1,0;154,-2,4;155,11,-9;171,10,1;177,9,-6;185,3,1;197,11,-5;211,0,-5;217,13,-7;225,13,-1;250,3,1
rua||cecilia maia|pernambuco|39390000|33,-1710332,-4380420;42,-52,-11
rua||celestino jose|esplanada|39390000|35,-1711513,-4381673;39,0,29;50,2,-21;51,-2,12;57,8,-7;66,-14,12;67,12,-25;151,17,-21
rua||central|sao geraldo|39390000|51,-1712766,-4380286;62,-17,1;65,-24,20;69,23,-13;73,-4,2;79,-11,9;80,1,-11;82,2,2;88,-2,3;94,-11,5;104,-11,0;105,6,8;110,-8,1;114,-4,-2
rua||cicero fonseca|pernambuco|39390000|25,-1711432,-4380291;37,0,-3;40,-17,15;41,7,0;43,1,8;51,-3,-1;52,2,-4;60,-7,10;61,2,1;64,-8,1;67,3,7;72,-2,-6;76,-10,12;85,7,3;88,-3,4;95,-1,3;96,2,2;103,-5,2;111,-3,10;117,-6,7;124,-11,5;125,12,-3;133,-5,8;138,-7,2;148,2,-4;155,2,8;158,-7,1;163,6,1;169,-7,11;179,-6,1;190,-1,1;194,1,6;200,-9,7;208,1,10;214,-8,5;220,-1,-1;230,-5,15;234,1,7;244,-1,4;272,-24,16;302,-10,27
rua||cinco|engenheiro dolabela|39395000|2,-1746789,-4401005;3,2,10;6,-17,9;10,-6,14;12,-7,6;13,-3,19;14,3,-9;15,-4,17;16,-3,-5;183,-53,95;4207,83,-130
rua||cinco|morada nova dois|39390000|5,-1710747,-4383334;15,8,-6;16,0,15;27,9,-21;28,1,8;39,5,-13;40,4,2;51,12,-11;52,-1,5;63,10,-10;64,2,1;75,1,-4;76,5,-1;87,8,-11;88,-3,10;99,-47,50;100,58,-59;111,9,-15;112,0,11;123,10,-15;124,3,2;135,10,-13;136,-2,7;147,9,-8;148,-1,4;159,5,-13;160,7,8;171,7,-15;172,2,9;183,8,-12;184,-3,6;195,11,-18;196,16,17
rua||cinco|residencial jardim imperial|39390000|18,-1712224,-4383014;28,-3,3;38,-13,12;48,0,4;58,1,6;168,-65,108;204,-17,19;214,-1,8
rua||claudino pessoa magalhaes|alto belo|39390000|17,-1693414,-4373878;35,-62,15;43,12,-4;57,7,-5;73,14,-3
rua||conego versiane|centro|39390000|34,-1711227,-4381455;42,23,-4;152,105,-16;156,-3,2;160,6,1;180,12,4;182,0,2;194,4,-1;208,22,-7;224,13,8
rua||c|alterosa|39390000|25,-1712780,-4381894;35,-22,-22;43,17,16;51,-12,-10;66,-5,3;73,-9,-17;74,-5,11
rua||c|beija flor|39390000|23,-1711044,-4383006;40,-424,497;52,8,-2;61,379,-510;62,-251,393;118,-84,92;126,9,-5;136,1,1;148,15,-10;176,78,-98
rua||c|cachoerinha|39390000|37,-1712620,-4383844;47,-8,-9;70,-40,-60;77,20,38;80,-120,-169;81,121,166;95,-17,-21;99,-20,-31;167,-14,-16;168,-4,-9;173,-8,-2;225,-43,-67;260,-15,-26;267,-11,-5;276,0,-10;279,-7,-1;345,-8,-9;346,-5,-16;358,-4,-4;360,-26,-33;370,15,17;377,3,13;397,-20,-27;414,-6,-11;415,0,3;426,-3,-11;437,-5,-4;455,-9,-4;456,-10,-9
rua||c|esplanada|39390000|12,-1712186,-4381889;18,8,-1;27,-29,-10;28,6,-11;32,5,-7;35,-3,10;40,2,-30;48,2,1;50,3,-11;74,3,-25;76,5,-8;80,-6,-1;90,-1,2;118,15,-17;130,-17,-3;140,4,-8;145,-6,-11;148,6,4
rua||c|jardim aeroporto|39390000|26,-1712444,-4381013;67,0,0;79,-4,-13;349,-5,-6
rua||c|monterrey|39390000|21,-1712414,-4380944;31,-6,-32;33,3,20;43,0,-33;64,-22,-23;76,-5,-15
rua||c|morada nova|39390000|8,-1710346,-4382599;37,19,-14;43,3,0;50,8,5;51,12,-14;56,-7,13;60,-2,-2;62,4,-3;67,17,-12;72,-2,9;85,20,-17;86,-6,9;97,19,-12;100,-6,6;110,14,-7;120,3,1;125,6,-9;126,-2,7;143,15,-13;148,1,8;151,5,-10;154,-5,10;160,12,-6;161,-2,-8;166,6,5;167,0,-7;176,7,3;177,6,-9;184,5,7;199,11,-11;212,9,4;219,7,-11;302,36,-12;335,-241,140
rua||c|novo horizonte|39390000|6,-1712963,-4380140;9,-1,-3;17,-6,-1;18,499,190;22,-511,-194;25,7,3;28,519,202;31,-4,-7;33,-524,-195;38,528,214;41,7,-7;43,-540,-212;46,-3,-2;48,547,227;51,-4,-18;56,-554,-211;61,565,226;68,-4,14;71,10,0;81,0,2;84,1,0;88,10,17;91,-2,-3;98,3,10;101,-2,-8;138,16,33;141,11,-5;147,-2,7;148,10,14;151,-2,-10;158,-3,11;161,2,-7;168,4,14;171,7,-3
rua||c|sinval vale de menezes|39390000|18,-1712727,-4380747;22,-9,11;32,-5,5;39,218,71;40,3,-13;42,-221,-41;46,229,32;49,-18,15;50,8,-5;52,-223,-39;59,224,24;60,9,-1;62,-236,-16;69,224,12;70,11,-10;72,-239,6;79,226,-11;80,10,-2;82,-241,30;89,238,-41;90,0,8;92,-240,49;99,237,-65;100,8,-8
rua||c|tancredo neves|39390000|2,-1711723,-4382336;7,3,6;15,-4,-8;22,-6,-6;23,-8,-7;31,-6,-8;39,0,-11;47,-14,-6;63,-2,-14;90,-5,-19;110,-7,-2;118,-15,-15;121,-19,3;122,9,-4;128,-8,3;137,-12,1;138,2,0;145,-115,-1;150,101,-1;240,-84,4;243,-4,3
rua||c|zumbi|39390000|4,-1710704,-4382371;13,-2,-15;16,8,7;22,7,-6;25,4,-14;28,31,-20;38,37,-27;41,-66,36;44,7,6;46,74,-48;52,-64,39;60,64,-38;62,-65,33;66,5,-10;68,69,-27;71,-72,29;74,43,-16;79,-42,7;84,77,-28;86,16,-1;106,9,-4;111,4,-6;118,-632,-609;127,645,607;131,1,-3;136,11,1;141,-1,-26;149,10,15;220,63,-16;232,8,-2;244,3,-2;262,18,-11;263,2,-16;268,1,14;271,12,-9;274,0,4;282,5,-3;300,22,-6;322,13,-10;336,11,1
rua||da felicidade|sentinela|39390000|69,-1709486,-4399164;75,18,-32;123,28,-39;124,5,15
rua||da ferrovia|alto belo|39390000|45,-1693633,-4373896
rua||da motorvel|maria rosa|39390000|27,-1711688,-4382307;33,7,3;34,-9,8;43,27,-3;55,-3,-2;58,4,5;59,8,1;68,-2,4;74,3,-4;78,5,6;82,1,0;86,6,3;95,15,-4;96,0,4;108,0,2;116,19,3;122,8,8;126,-1,-6;135,8,0;136,1,1;145,15,-2;146,-2,8;150,16,0;159,5,-1;160,-3,5;169,8,-3;170,14,5;177,0,-3;356,-161,-34
rua||da olaria|engenheiro dolabela|39395000|16,-1746409,-4400749;33,123,246;34,-20,-33;35,-2,2;36,22,32;38,-4,-6;49,-84,-121;50,23,14;51,28,62;53,-38,-55;54,67,86;65,21,47;66,-133,-265;83,53,140;109,-34,-65;153,41,73;155,18,24;157,1,24;169,-67,-140;175,-5,2;209,58,100;211,9,0;273,31,51;280,-5,11;398,-27,-67;518,28,53
rua||da paz|jardim america|39390000|12,-1711954,-4380250;26,15,13;31,-11,-14;34,15,13;45,1,1;46,1,1;50,7,10;55,8,1;62,4,13;63,2,-8;67,8,6;68,2,4;69,-5,-10;77,8,9;78,1,1;80,9,7;81,-1,-2;87,5,3;93,2,0;94,-2,0;101,9,7;102,-5,0;116,18,13;125,-1,-4;135,13,14
rua||da saudade|sentinela|39390000|7,-1709266,-4398908;21,-164,97;30,116,-33;32,42,-65;51,-173,97;84,-23,-10;161,139,-19;511,-12,-3
rua||dario ferreira pena|bonfim|39390000|1,-1710753,-4381448;3,8,-8;6,3,4;7,-9,-4;14,2,-3;21,6,-18;22,-5,6;42,-15,22;46,-7,0;50,14,0;60,16,4;68,4,4;80,9,-4;85,3,2;95,22,2;96,-4,2;103,3,4;106,1,-2;113,11,1;118,-1,0;119,8,-7;120,-4,5;125,5,3;128,5,0;133,10,-4;140,-1,6;148,11,1;149,8,-5;154,-2,7;159,-5,-2;169,15,-3;173,7,4
rua||das flores|pernambuco|39390000|29,-1712165,-4380859;40,22,72;50,13,-5;60,5,7;66,9,1;70,10,-1;72,-46,0;88,54,-6;92,0,5;94,13,-4;96,0,1;108,5,2;116,6,0;122,1,-1;126,6,0;134,9,-2;136,6,-1;142,3,-1
rua||de ligacao do bairro cariuna a comunidade calango|cachoeirinha|39390000|257,-1712318,-4383360;265,-19,11;275,-7,1;305,-23,30;375,-36,36
rua||de ligacao do bairro cariuna a comunidade calango|cachoerinha|39390000|220,-1712291,-4383380;232,-18,16;238,-4,-2;286,-32,18
rua||dezesseis|engenheiro dolabela|39395000|61,-1746484,-4400411;71,7,-9;84,-18,-10;90,34,-7
rua||dezessete|engenheiro dolabela|39395000|1,-1746667,-4400495;2,28,24;3,-13,-21;76,37,27;250,142,8;261,20,-22;293,16,2
rua||dezoito|engenheiro dolabela|39395000|10,-1746476,-4400370;35,22,-3;46,-172,2;51,165,-1;92,-41,-4;166,-12,8;196,-75,1;240,35,6;245,93,-16;252,-95,6;587,-125,-3
rua||dez|engenheiro dolabela|39395000|3,-1747042,-4400599;9,-154,-91;11,10,11;13,14,6;15,21,14;17,13,13;25,76,48;108,54,44;200,63,57;1001,-317,-224;1003,10,11;1007,33,17;1021,101,57;1023,28,16;2305,56,24
rua||dilo maia|zumbi|39390000|270,-1711081,-4382359;280,-1,-9;801,-61,150;813,5,-11;825,2,-12;828,11,2;835,-4,-12;845,1,-7;855,3,-10;895,9,-31;906,10,-6;907,-8,5;913,3,-9;918,13,-4;921,-14,-4;927,3,-3;938,-12,66;941,16,-77;944,18,-9;946,-33,82;949,18,-79;951,0,0;955,4,-13;956,-20,84;965,17,-102;966,-8,88;973,13,-83;974,-9,81;981,15,-88;985,-2,-10;1038,29,-38;1045,-7,-3;1051,-3,-9;1052,20,-3;1053,-15,3;1062,12,-14;1075,0,-13;1086,8,-3;1097,-6,-13;1100,12,3;1111,-6,-15;1113,23,-84;1119,-20,89;1122,9,-16;1125,-11,-8;1126,9,5;1127,-8,1;1129,3,-3;1136,8,-3;1143,-4,-32;1144,4,22;1145,-4,-2;1149,11,-33;1155,-9,26;1156,12,-4;1183,-7,-21;1196,15,-16;1197,-3,0;1208,7,-2;1220,-7,-14;1230,14,-4;1231,-8,-2;1234,10,-3;1242,0,-13;1271,-5,-25;1292,26,-21;1311,-9,-16;1319,3,-1;1325,5,-13;1366,22,-37;1377,-9,-11;1385,2,-11;1389,-8,33;1393,12,-40;1395,-16,38;1405,5,-8
rua||diocleciano de almeida|bonfim|39390000|18,-1710767,-4382045;21,5,0;22,0,-23;25,2,8;28,-5,0;31,5,-10;32,2,7;36,-3,-2;37,3,-7;42,1,1;45,2,-7;53,2,-11;58,11,8
rua||do grupo|machados|39390000|15,-1714480,-4323000;17,-11,-11;20,-37,-33;21,-16,-9;22,2,-9;23,-13,4;24,39,30;34,12,-2;36,10,13;103,-88,-62;104,8,5;105,12,14;110,59,42;112,17,28;123,-51,-49
rua||do rosario|bonfim|39390000|101,-1711048,-4381656;102,-8,-4;103,-9,3;133,-9,-12;136,16,-7;145,-3,0;146,-14,1;152,-24,-5;155,5,2;174,-19,3;178,4,-7;183,-8,1;194,-7,0;202,63,21;204,10,-4;206,-9,2
rua||dois|loteamento diamantina|39390000|1185,-1711988,-4382102
rua||dois|morada nova dois|39390000|19,-1710625,-4383244;31,14,-8;32,0,7;43,5,-14;44,3,8;55,10,-14;56,-5,7;67,15,-13;68,3,1;79,2,-5;80,5,6;91,3,-15;92,3,3;103,1,-12;104,8,13;115,12,-17;116,5,0;127,0,-7;128,6,4;139,6,-15;140,1,13;151,12,-21;152,-4,15
rua||dois|nova dolabela|39390000|1,-1739582,-4400521;3,-6,27;56,-5,16;67,2,7;76,-6,13;101,-31,107;105,22,-77;217,-14,105;354,6,-89
rua||dois|nova dolabela|39395000|2,-1739594,-4400529;4,2,11;36,-3,16;46,-3,1;64,-9,28;71,7,9
rua||dois|residencial jardim imperial|39390000|38,-1712107,-4382924
rua||dois|triunfo|39390000|9,-1744052,-4403683;10,-32,-33;13,30,42;16,6,9;20,-56,-139;21,77,203;24,-56,-164;26,3,31;27,-7,-2;34,-11,-38;36,13,11;41,4,15;42,-4,-17;48,-5,1;52,-6,-3;60,2,-14;90,-15,-20;108,-14,-12;118,-13,1;130,10,-7
rua||domingos acacio|esplanada|39390000|9,-1711768,-4381756
rua||domingos acacio|nossa senhora de fatima|39390000|96,-1711789,-4381328;452,8,-10;460,3,19;474,-4,-5;475,0,7;482,-1,6;485,2,-3;489,5,7;495,-8,7;496,-6,0;508,-1,12;509,5,2;516,-5,4;517,-2,4;529,-1,6;539,8,12;551,-3,7;563,-1,12;583,-5,20;599,-1,18;600,37,-32;605,-35,34;611,-10,6;621,1,9;627,-2,7;628,-1,-19;635,3,23;649,-2,16;650,-4,-4;660,-1,14;671,1,3;677,3,15;684,-1,-5;685,2,14;691,-8,-1;695,4,6;696,-9,-4;701,10,4;708,-5,6;709,-3,13;721,4,2;735,-3,16;747,0,13;750,-8,-6;756,4,2;762,-5,9;774,2,8;777,4,5;785,-9,15;786,7,-7
rua||domingos acacio|nossa sra de fatima|39390000|202,-1711737,-4381568;215,2,19;216,6,-6;251,-8,22;259,-3,14;277,-9,13;284,-2,10;291,-3,6;294,-4,-2;301,1,13;313,-1,3;321,-2,10;329,-8,8;330,0,-14;335,-2,20;341,0,12;342,-3,-18;352,-1,21;366,-2,15;388,-3,28;402,-1,5;420,-2,18
rua||domingos acacio|nossa sra fatima|39390000|357,-1711770,-4381429;365,-1,14;375,1,13
rua||domingos acacio|pernambuco|39390000|25,-1711791,-4380944;849,-33,-39;867,-4,18;868,-1,0;872,0,3;879,5,13;880,-1,-6;886,2,7;889,0,5;892,-3,4;898,-4,2;899,3,0;907,-3,6;912,1,6;913,1,7;923,-1,10;928,-6,-5;935,3,16;940,-4,3;943,0,2
rua||domingos ferreira pimenta|centro|39390000|26,-1711392,-4381488;33,-12,27;60,21,-38;67,-11,90;69,-8,-46;75,-4,3;82,2,2;93,-10,16;94,9,-12;110,-26,35;138,47,-82;139,-48,100;177,4,38;192,25,24;193,-27,-10;211,-12,-1;219,14,18;225,-14,-2;227,14,5;231,-2,12
rua||dos barrosos|novo horizonte|39390000|14,-1712329,-4380077;16,-29,37;17,-133,99;18,96,-71;21,-31,33;161,74,-70;166,-8,6;176,16,-14;180,6,-11;279,5,-3;321,-31,27;446,-189,139;448,-14,25;450,-6,-17;466,9,18;468,8,15;469,-87,23;472,63,-55;478,-4,6;484,-9,2;492,-2,5;500,-11,6;503,-2,-8;514,-8,25;529,-5,-6;536,0,12;541,-4,-5;555,-11,15;556,-8,8;561,0,-4;586,-8,17;591,-2,-7;592,-3,12;599,-10,2;602,2,7;612,-3,7;617,0,-6;621,-9,6;622,3,8;630,-7,4;633,1,-1;634,-5,3;649,-5,9;657,-4,5;665,-5,5;671,-2,5;683,-13,8
rua||dos ferreiras|novo horizonte|39390000|4,-1712305,-4380102;166,61,-31;200,-12,5;210,-36,13;223,-2,6;229,0,-6;250,-31,29;258,-1,5;270,-1,5;278,18,-20
rua||dos folioes|alto belo|39390000|17,-1693842,-4373811;22,9,145;40,-9,-7;45,-4,-9;50,-6,2;55,-5,-8;73,0,-9;91,-1,-47;95,26,81;105,-24,-89;139,3,-8;142,5,-11;145,0,-1;147,2,-30;154,-4,28;164,4,-10;172,7,-22;174,-3,14;178,4,-24;196,1,-16;207,0,6;217,2,-3
rua||dos leal|novo horizonte|39390000|18,-1712674,-4379840;20,-4,-6;28,-2,0;34,-6,-9;36,6,9;42,-8,1;43,-2,-13;48,-19,-14;50,-128,-117;57,142,131;69,-5,-4;70,-16,-13;72,14,5;79,-11,-5;80,-4,-7;91,-13,-8;96,0,1;104,-11,-9;105,2,2;110,-4,-4;116,-8,-10;130,-4,-1;148,-15,-14;158,-9,-7;164,-7,-3;170,-2,-4;178,-7,-2;196,-9,-15
rua||dos rodrigues|novo horizonte|39390000|21,-1712852,-4380003;40,-8,0;43,-8,1;50,6,0;59,-26,2;62,14,1;65,-30,-5;70,3,8;74,-2,-1;81,-3,-7;104,-21,-4;108,-14,-6;161,-30,-12;169,-3,-6;175,-3,1;179,-7,6;183,-6,-5;186,-9,-6;188,-25,-2;196,20,1;197,9,-1;215,-15,-6;221,-7,6;231,-7,-5;232,-8,5;257,-9,-19;260,-9,11;270,-3,-3;275,-10,-11;278,-17,14;282,-8,-11;294,-18,-2
rua||dos souzas|novo horizonte|39390000|11,-1712781,-4379992;13,180,84;17,-192,-89;21,-1,1;22,-8,-4;26,-5,2;31,189,83;32,-186,-86;33,191,88;38,-207,-88;41,192,89;44,-191,-74;46,193,69;54,-6,-5;78,-20,-14;86,-7,-1;89,6,-3;98,-20,-10;125,-8,-5;133,-12,-4;138,-1,-1;151,-15,-14;166,-5,5;194,-18,-14;202,-8,-1;208,-6,-4;210,4,-4;221,-22,-3;225,0,9;235,-10,-5;241,2,-3
rua||doze|engenheiro dolabela|39395000|28,-1746428,-4400704;153,-14,3
rua||dudu pires|jardim aeroporto|39390000|26,-1712635,-4381257;39,11,14;42,-9,-1;45,11,10;52,-2,6;63,6,17;75,0,5;92,-11,15;95,13,3
rua||d|alterosa|39390000|20,-1712860,-4381894;41,-9,-4;56,10,-14;84,3,-22
rua||d|beija flor ii|39390000|799,-1711021,-4383149;807,-12,0;809,-27,-26;815,-9,-7;827,23,18;835,-2,-2;871,-27,-16
rua||d|beija flor|39390000|25,-1711181,-4382500;31,9,-12;39,-9,-7;45,8,-5;94,11,-49;109,7,-17;131,141,-456;141,7,-12;237,-135,418;243,16,-63;734,110,-340;738,16,-55;749,2,-8;761,0,-7;1110,-210,-172;1111,-8,-7;1117,-29,-36;1125,-20,-16
rua||d|cachoerinha|39390000|38,-1712597,-4383889;44,-9,-11;60,-5,-1;68,-4,-7;98,-18,-28;109,-11,-22;113,-3,14;120,-5,-15;137,-27,-25;141,17,20;142,12,3;161,-18,-12;184,-12,-24;196,-4,-6;202,-8,-10;253,-25,-31;265,-9,-12;321,-20,-22;334,-4,-10;366,-18,-26;367,8,15;368,-16,-24;375,-15,-23;385,18,26;396,-4,-5;406,-6,-7;415,-3,-6;437,-36,-45;441,19,21;447,-4,-1;452,4,6;464,-13,-20;465,-4,-1;489,-10,-14
rua||d|california|39390000|50,-1712891,-4381335;56,-1,-5;139,-15,-68
rua||d|esplanada|39390000|6,-1711964,-4381915;22,-12,-5;31,-14,7;34,7,-6;41,-15,0;46,4,-10;65,-20,8;71,-5,0;97,-20,-5;111,-42,-17;113,27,13;117,-6,-2;120,6,2;161,-37,-13;171,11,8;172,-6,-14;192,-41,-2;211,12,9;221,-12,-4
rua||d|jardim aeroporto|39390000|12,-1712588,-4380995;20,-6,-9;32,-2,-12;40,5,-8;62,-290,-176;80,4,12;95,1,16;98,5,9;100,70,-8;122,-78,21;134,8,15;140,0,5;148,7,4
rua||d|jardim america|39390000|6,-1711846,-4380147;15,8,-3;18,-7,9;25,16,2;26,1,9;30,-98,6;33,104,0;36,-3,-8;45,6,13;46,-6,-3;56,12,12;57,-4,-7;65,5,8;68,3,1;85,8,13;86,-7,-1;90,9,6;91,4,-2;97,5,9;98,-4,-3;105,11,10;106,-7,-9;115,7,10;116,5,4;129,2,5;132,0,5;154,19,11;162,12,9;167,4,-5;177,9,3;182,4,19;187,3,-10;189,9,3;196,-1,3;208,10,-2;220,8,-3;230,11,-4;238,13,-4;246,5,3;252,6,-4;254,0,6;258,4,-5;264,5,3
rua||d|maria rosa|39390000|20,-1711271,-4382191;30,-12,-6;44,-6,-3;51,-17,8;87,-37,-1;110,-9,1
rua||d|monterrey|39390000|22,-1712483,-4380884;23,4,2;26,-1,0;28,44,104;33,-33,-88;36,26,78;66,-11,-58;77,-1,19;81,-417,-357;89,1,8;92,420,356;94,-5,-2;97,-409,-345;113,-11,6;121,12,18;127,4,3;137,421,362;141,-421,-356;201,49,-36
rua||d|morada nova|39390000|38,-1710328,-4382684;45,17,-1;51,6,-3;57,3,-6;61,-2,6;67,12,-12;76,-1,7;84,21,-15;85,-10,12;92,15,-15;97,1,12;103,6,-5;108,5,-12;109,-3,8;119,0,0;128,12,-12;140,10,0;144,15,2;163,0,-13;164,15,5;168,2,-1;171,3,-11;172,4,9;179,3,-11;185,6,1;189,-6,-23;192,8,26;197,9,-12;212,7,7
rua||d|novo horizonte|39390000|20,-1712432,-4379976;21,6,-9;30,7,9;31,-1,-4;40,6,21;51,3,0;61,2,5;70,11,13;71,6,-1;80,-5,6;81,7,-6;90,1,10;91,3,5;94,-23,-26;100,26,34;101,7,-1;114,-5,9;115,14,8;140,-24,18;141,32,-12;150,4,6;151,4,9;160,1,0;161,0,1;170,-1,15;171,12,-3
rua||d|sinval vale de menezes|39390000|31,-1712589,-4380655;39,3,-23;40,-83,-52;49,80,54;50,-85,-53;59,83,37;60,-53,-26;69,-37,-12;70,2,2;79,-1,-5;80,2,-1;89,-4,3;90,-30,-5;93,125,16;99,-97,-16;100,0,1;109,-101,7;110,-7,8;119,3,3;121,-3,15
rua||d|zumbi|39390000|16,-1710653,-4382515;17,-402,-424;22,406,419;23,-4,-3;29,-314,-150;30,-205,161;31,225,-160;32,107,-69;34,-91,74;37,292,138;40,-2,6;42,-305,-145;46,318,143;50,-412,-436;56,211,210;60,-339,212;61,132,-435;62,-133,431;70,142,-438;78,-138,430;94,139,-327;96,-132,310;100,136,-317;106,-129,303;112,1,-9;113,543,47;120,5,6;126,10,-1;132,4,-5;133,1,-9;138,-558,-49;142,567,52;145,2,-10;150,4,4;157,-1,-4;164,6,4;165,3,-11;169,5,-2;174,6,4;176,-581,-78;184,587,78;188,-585,-85;196,3,-5;206,601,75;211,3,-4;212,4,3;220,-600,-100;232,-5,-1;242,9,-18;264,639,98;290,-302,-76;296,325,64;300,-646,-136;304,653,128;310,-647,-140;318,2,-12;324,1,-9
rua||edson murta|california|39390000|99,-1711837,-4381671;100,5,5;107,-10,-8;116,-4,2;123,-9,-4;127,-10,-4;128,8,-8;140,-10,2;148,-12,-2;151,-3,6;152,8,-17;156,-6,6;164,-12,-3;168,1,-5;172,-6,4;176,2,1;186,-15,-4;194,-5,-7;200,-9,1;260,-44,-25;274,-13,-8;288,-19,1;294,-15,-9;295,3,15;322,-21,-19;330,8,-2;338,-4,-6;364,-25,-6;370,-5,-2;378,-10,-1;384,1,1;392,-13,-7;400,-10,-2;420,-13,-8;429,-60,-17;436,51,16;452,-14,-7;462,-11,-3;470,-6,-6;480,-15,3;520,-10,-16;1188,-589,2
rua||edson murta|nossa sra de fatima|39390000|18,-1711759,-4381662;21,-13,16;29,-8,-1;36,4,-27;37,-9,23;46,7,-10;47,-15,7;55,-9,-6;58,15,-1;63,-22,-2;73,3,-1
rua||efigenio alkimim|bonfim|39390000|56,-1710853,-4381772;57,11,-3;64,-8,-3;65,6,-10;68,0,-1;73,9,3;76,-13,-6;81,18,0;82,3,-11;87,-11,1;91,3,-2;92,4,-2;97,1,-5;100,2,-1;105,2,-10;110,0,3;115,0,-2;122,7,-6;125,0,-8;126,-2,3;130,7,-1;135,5,-9;138,1,-3;139,-2,1;145,1,-8;150,7,-3;154,1,-1;156,-4,2;157,0,-2;160,7,-5;167,-2,-2;170,7,-6;171,-6,-7;182,12,-3;190,3,-7;220,25,-7;226,1,-2;230,7,-6;240,3,-8;248,7,-3;260,1,-6;268,5,-11;276,1,-6
rua||elpidio trovao|terra branca|39390000|133,-1731425,-4321453;268,-20,-63;313,34,110;424,11,37;443,1,21;491,59,74
rua||elpidio trovao|terra branca|39393000|61,-1731499,-4321734;111,9,44;147,9,138;160,4,-65;170,4,6;179,23,66;198,-18,-45;245,10,43;303,13,46;322,24,83;362,-3,-5;372,2,15;440,13,53;457,4,13;464,15,46;471,-11,-35;482,4,20;492,1,4;542,79,53;611,16,19;627,8,14;633,8,12
rua||espirito santo|bonfim|39390000|11,-1711093,-4381693;16,0,0;26,3,-4;29,0,-5;37,5,-11;50,5,-6;51,3,1;53,1,-8;55,2,1;57,5,-11;79,12,-5;100,13,-19;112,9,-9;122,7,-5;130,7,-9;139,-6,-7;140,9,-7;142,22,-15;152,-13,7;161,7,-10;162,1,6;167,6,-14;171,-3,3;172,1,6;183,4,-15;184,-1,7;185,-1,-8;187,-2,-4;191,5,-3;192,2,10;196,1,-6;197,4,-6;205,1,-3;207,0,-2;296,35,-55;300,9,-4;310,4,-7;316,-1,-4;317,-1,-9;322,5,-1;323,-3,-2;326,5,-1;331,2,-6;334,-5,2;335,5,-16;338,-8,4;341,13,1;342,2,0;351,-2,-9;358,8,7;362,5,-4;365,-5,-8;372,2,5;375,-1,-11;376,8,1;380,3,0;387,-7,-16;389,10,-4;390,1,-2;399,2,-4;400,0,8;407,9,-11;431,1,-18;432,6,7;438,6,-4;459,16,-39;466,5,-6;469,4,-19;470,-23,54;471,-10,1;472,30,-37;477,4,-5;478,4,-5;484,6,-2;490,-29,41;491,29,-48;492,-2,4;500,8,-10;501,0,1;503,-2,8;511,2,-17;521,1,-5;531,5,-8;534,8,0;539,2,-7;540,-1,0;544,0,-1;549,3,-8;554,3,0;559,4,-14;563,-1,3;564,0,2;569,3,-10;572,2,7;578,7,-6
rua||eunice caldeira meira|california|39390000|36,-1711979,-4381475;41,7,-7;48,-9,-4;50,-4,-8;53,6,4;60,-3,-10;72,0,-4;77,4,-10;82,-4,-5;91,4,-5;119,-4,-19;126,4,-8;127,-3,-7;136,-1,-22
rua||euzebio dias|engenheiro dolabela|39395000|40,-1746342,-4400408;364,20,-45;366,13,-27;367,13,-5;372,-190,225;374,156,-187;375,-36,68;376,-13,-1;378,22,-22;380,5,-9;381,9,-13;384,6,-8;385,21,-14;391,9,-10
rua||ezequiel de souza|nossa sra aparecida|39390000|2,-1712011,-4380381;6,-6,-1;10,-6,0;16,-11,1;18,0,-2;32,-5,2;55,-39,6;60,8,-5;65,-11,5;68,2,-5;76,-9,2;77,-3,4;84,-6,-6;85,-4,7;94,-7,-6;97,1,9;101,-7,-8;102,-4,2;106,1,0;109,-1,0;116,-7,-4;117,1,4;140,-20,1;157,-15,3;161,-5,1;169,-3,4;176,-7,-7;177,4,4;178,-4,-5;184,-10,0;189,-8,8;190,0,-8;192,0,-4;199,-3,11;200,-4,-9;202,2,10;204,-9,-6;205,4,9;210,-93,-7;211,87,0;217,-6,2;218,-2,-5;223,-4,6;229,-2,1;230,-1,-9;233,0,6;235,-10,5;238,0,-7;243,-2,5;248,2,1;253,-12,-11;282,-32,9;290,-7,0;295,-5,7;296,2,-4;304,-3,-6;305,-3,12;310,-4,-11;311,1,8;317,-7,2;322,1,-10;325,-4,0;326,-8,1;332,-9,-1;333,2,2;340,-13,2;345,4,3;346,-6,-3;353,-8,4;358,3,-6;362,59,6;365,-68,0;377,-2,-14;387,-14,12;434,-29,2;446,-6,-3;454,-7,-3;455,-3,8;460,2,-9;461,-8,14;466,-1,-11;473,-1,13;476,-8,-15;481,-5,14;482,2,-12;485,-9,7;490,2,-4;491,-2,3;496,-10,-5;497,1,5;503,-5,2;509,-3,0;510,0,-8;515,-7,5;521,-8,-3;532,0,0
rua||ezequiel de souza|pernambuco|39390000|3,-1712018,-4380382;5,-7,2;11,-7,-3;23,-11,1;29,-1,0;33,-5,-1
rua||ezequiel de souza|sao geraldo|39390000|601,-1712530,-4380352;609,-12,-8;627,-10,4;631,-9,2;633,-13,0;639,2,2
rua||e|cachoerinha|39390000|13,-1712562,-4383891;14,-7,-12;21,-2,-2;26,-7,-14;27,6,21;31,-1,-14;48,-17,-22;60,-8,-9;73,-13,-13;109,-12,-18;122,-6,-15;132,-7,-9;137,-9,0;140,4,-6;152,-9,-10;155,-4,0;162,-2,-4;170,-5,-8;185,-13,-14;196,6,3;327,-70,-88;328,-12,-15;336,-3,1;337,10,3;366,-20,-28;367,-6,0;368,-25,-41;372,-9,-14;374,34,48;377,-3,2;382,-37,-61;383,38,54;394,-13,-19;399,4,12;417,-17,-22;421,-9,-12;429,2,7;466,-22,-33
rua||e|esplanada|39390000|115,-1712072,-4382012;125,1,2;128,-6,7;135,-4,-9;140,-13,5;153,-4,-11;154,-8,10;159,-1,-10;170,-12,6;174,2,2;175,81,4
rua||e|jardim america|39390000|6,-1711883,-4380129;14,8,8;17,10,2;27,8,15;38,-12,-6;46,6,3;64,6,8;77,3,-7;89,7,12;95,2,2;96,-1,-2;101,7,6;106,-3,4;107,6,1;117,6,4;129,8,6
rua||e|maria rosa|39390000|22,-1711543,-4382431;30,-1,-1;42,-5,1;46,-6,-13;58,-10,-10;68,-3,-9;72,-2,-4;79,164,278;80,15,12;92,-6,-10;100,-3,-2;112,-3,-7;117,-10,-8;126,-1,-7;157,-16,-23;168,0,-7;169,-1,7;177,-8,-13;178,7,0;185,-8,-1;187,-2,-9;193,-4,-3;195,2,3;203,-3,-7;210,0,-12;217,-2,2;221,-11,-5;224,3,-11;227,-5,7;234,4,-11;235,-9,3;263,-4,-23;266,-3,-6;271,-3,7;278,-8,-23;281,-3,10;288,46,66;295,-48,-72;302,0,-12;305,-8,0;313,-1,-8;316,1,-13;318,-8,-6;339,-25,-28;350,25,21;353,-19,-12;356,9,5;362,-5,-7;363,3,8;372,-6,-13;373,13,21;384,-21,-33;392,-2,-3;400,-4,-7
rua||e|monterrey|39390000|6,-1712554,-4380878;23,-15,-14;29,1,-6;30,0,-8;42,-3,-3;53,-24,-45;86,6,2;87,-6,-2;90,6,-3;96,-3,-2;99,-14,-9;102,9,8;110,1,-15
rua||e|morada nova|39390000|8,-1710331,-4382752;12,4,2;33,31,-19;34,-13,15;38,1,-2;45,-2,-6;48,9,5;54,7,-7;58,9,0;59,-6,-9;71,19,-6;94,3,4;100,15,-4;378,-172,75;385,6,-12;388,1,8;394,6,0;397,5,-10;398,11,4;407,-6,-8
rua||e|novo horizonte|39390000|21,-1712391,-4380012;28,4,8;31,3,-1;38,6,13;41,2,-8;48,-4,13;51,10,-7;58,-1,14;61,5,3;68,-1,4;71,9,6;78,0,10;81,6,-11;88,-7,14;91,9,-9;98,1,21;101,7,-4;108,-2,8;111,5,-1;128,1,12;131,11,6;138,-2,0;141,12,13;148,-11,-1;151,14,4;158,-4,2;161,10,10;168,-6,-4
rua||e|sinval vale de menezes|39390000|9,-1712652,-4380640;19,0,-20;22,-151,-165;23,10,-1;29,141,165;32,-154,-155;33,9,7;39,145,139;40,6,-4;42,-160,-135;43,4,4;49,151,127;50,6,-4;52,-167,-117;53,7,5;59,155,99;60,8,9;62,-170,-105;63,3,3;69,160,90;70,4,-5;72,-176,-77;73,7,2;79,159,64;80,15,4;82,-186,-54;83,7,-3;89,177,53;90,2,-13;93,-178,-34;99,169,27;100,3,5;109,-2,-14;118,7,2;119,-13,-11
rua||e|tancredo neves|39390000|5,-1711898,-4382172;84,89,-6;150,-44,7
rua||e|zumbi|39390000|22,-1710658,-4382584;32,7,-4;33,-4,-6;39,6,-3;44,2,7;45,8,-12;50,-3,8;51,2,-9;57,3,-2;70,8,4;96,16,-13;99,-5,1;100,13,-5;109,-13,3;115,6,-2;116,7,-3;118,-61,41;130,74,-48;143,10,-8;161,21,-9;166,-33,19;169,33,-19;185,-321,-134;189,341,123;248,-393,-63;267,-7,9;334,53,-55;337,-5,-2;356,14,-7;437,43,-53;445,8,-5
rua||feitor sebastiao caldeira|sao geraldo|39390000|67,-1712663,-4380477;125,-13,6;137,-15,2;139,-8,6;141,6,-2;153,-13,2;159,1,-2;165,-10,7;175,-3,-4;187,-14,8;209,-18,6;215,-5,2;225,-12,6;255,-23,5;259,-4,0;269,-3,1;273,-6,3;416,137,-42
rua||feitor sebastiao caldeira|sinval vale de menezes|39390000|22,-1712621,-4380483;30,-11,-3;38,-4,-1;50,-14,9;60,-5,-6;72,-13,4;74,-1,1;80,-11,5;142,-12,2;154,1,-3;160,-16,9;166,-7,2;182,-13,4;188,-7,3;196,-4,4;204,-8,-1;212,-7,3;224,-5,1;236,-17,8;242,-6,0;250,-2,4;258,-9,1;268,-7,3;276,-15,4
rua||firmino de oliveira|centro|39390000|8,-1711295,-4381403;9,-22,26;40,62,-8;50,0,11;58,-8,5;63,10,9;68,2,-3;72,-2,1;73,-7,8;76,8,-9;80,-10,19;85,7,6;90,-5,-1;100,2,15;107,4,-2;116,-7,15;123,16,8;130,-12,0;133,-1,8;152,1,2;155,5,10;172,7,34;174,5,2;176,-8,-3;196,0,48;208,-3,-4;218,-2,3;232,-5,1;246,1,9;250,4,70;254,-12,-50;270,7,7;274,2,11;276,5,4;278,-6,-4;290,-8,8;300,-11,23;310,20,8;312,-3,19;328,-4,-18;336,9,28;344,-10,3;400,6,44;408,1,10;418,4,7;428,-4,11;442,-1,6;446,0,-8
rua||firmino de oliveira|pernambuco|39390000|9,-1711253,-4381002;203,-3,-221;217,-4,13;231,4,15;245,2,11;255,-5,11;269,3,17;279,1,12;291,2,4;295,-3,7;297,3,1;303,8,6;325,0,8;329,-12,13;331,-1,4;337,0,3;339,-2,1;345,14,9;357,-4,12;373,0,11;385,-3,19;399,3,4;411,-1,16;423,2,9;433,-12,3;469,12,37;481,-1,12;495,0,13;519,-2,29;525,1,8;531,3,6;537,-6,4;542,5,-2;543,-1,3;554,-9,14;557,5,2;562,4,5;565,-6,12;572,7,-2;577,-3,3;582,-5,3;587,2,12;597,5,2;600,-9,9;609,8,0;610,-3,8;613,3,0;625,-1,11;626,3,3;632,-7,10;640,0,6;641,5,-9;648,1,13;658,2,6;678,-2,21
rua||firmino de oliveira|perrnambuco|39390000|476,-1711255,-4380971;512,-1,4
rua||flor de maio|alto belo|39390000|47,-1693805,-4373774;59,2,-12;71,3,-11;93,3,-11;99,-1,0
rua||florinda macedo|sentinela|39390000|51,-1709457,-4399163;62,6,-8;117,-8,-13
rua||francisco de assis freire|centro|39390000|53,-1711358,-4381109;59,38,17;62,11,-1;76,-20,-2;87,-8,-1;88,-3,-3;99,-10,7;113,-8,1;129,-21,-10
rua||francisco de assis freire|pernambuco|39390000|769,-1711174,-4381128
rua||francisco duraes|sentinela|39390000|25,-1709390,-4398937;36,25,6;47,14,-4;48,-5,11;49,27,-7;76,-1,5;91,22,-3;96,15,12;98,-14,-12;99,-7,4;109,21,-1;126,29,-6
rua||francisco freire versiani|centro|39390000|133,-1710922,-4381433;152,15,-11;155,-8,-9;165,9,-2;168,3,-4;183,1,-14;184,3,5;189,-3,-13;200,19,-21;215,1,6;219,1,-7;227,-2,-4
rua||francisco meneses|centro|39390000|12,-1711138,-4381397;16,-1,5;21,4,6;25,2,4;28,-4,7;29,-3,0;35,-1,8;37,-3,4;45,2,9;55,-6,-3;59,4,10;61,-2,-2
rua||frederico librelon|pernambuco|39390000|54,-1710914,-4381043;60,3,9;66,-3,4;78,-6,4;82,-2,7;92,0,1;102,-7,16;103,-11,35;147,3,5;163,-4,11;177,-7,14;185,0,8;195,-6,5;202,-6,10
rua||f|cachoerinha|39390000|10,-1712586,-4383982;11,35,49;23,-150,-202;28,145,193;29,-9,-7;40,9,7;41,-9,-14;47,-9,-7;68,-12,-17;71,-132,-183;100,122,168;108,-36,-56;114,-4,0;122,25,34;129,-24,-24;144,7,3;198,-103,-139;201,73,99;208,-146,-202;278,107,153;337,-31,-43;338,1,-2;370,-19,-26;403,-23,-31;433,-14,-19;449,-9,-13;466,-9,-7;468,2,1;473,-2,1
rua||f|california|39390000|35,-1712042,-4381552;36,-3,-2;40,-944,41;48,950,-29;60,-2,-2;61,2,16;73,1,10;87,4,10;91,-6,7;97,-1,11;119,2,10;122,-7,1;132,3,9
rua||f|jardim america|39390000|17,-1711890,-4380093;97,73,26;101,12,10;111,6,-1;115,2,5
rua||f|maria rosa|39390000|15,-1711309,-4382246;22,-7,7;36,-7,2;37,7,-1;51,-7,6;52,-9,8;65,0,1;66,1,1;72,-13,12;73,3,-4;76,-6,-3;84,1,8;88,-8,0;94,-2,5;102,-7,6;110,1,4;113,8,2;120,-18,4;121,6,6;125,60,-73;126,-68,67;137,-9,16;138,4,-10;141,-9,10;145,-4,2;187,86,-80;197,0,-8
rua||f|monterrey|39390000|18,-1712268,-4380820;28,-13,9;101,-111,47;102,57,-25;114,-21,10;126,-3,2;138,-6,10;154,-18,0;190,-9,3;192,-73,28;250,21,-11;260,-12,9
rua||f|novo horizonte|39390000|26,-1712353,-4380029;36,2,4;46,9,11;56,3,10;66,7,7;76,6,8;85,3,-14;86,3,17;95,0,-5;96,6,9;105,-4,-5;115,10,6;126,15,39;136,11,0;145,-8,-12;146,8,27;155,-6,-20;156,11,31;158,5,-3;165,-11,-24;175,4,5;185,9,10
rua||f|sinval vale de menezes|39390000|26,-1712847,-4380828;27,-4,2;36,-1,1;37,6,3;46,-5,14;47,3,-6;56,-6,5;57,2,1;66,-9,12;67,7,11;76,-13,1;77,4,-1
rua||galdina caldeira farias|pernambuco|39390000|17,-1711980,-4380692;21,16,13;22,10,-6;32,-6,9;33,-4,4;42,5,4;72,-3,20;78,-2,1;90,3,5;91,6,15;94,-5,-7;103,4,10;104,-4,-6;109,3,18;110,-5,-48;111,3,13;112,1,35;123,1,6;153,1,27;171,4,6;172,-5,0;176,4,3;180,0,11;181,-2,1;184,1,-2;187,-1,7;190,0,5;191,4,7;198,0,3;203,-1,2;206,1,3;220,1,35;221,6,2;230,-6,6;231,5,5;238,-7,0;245,6,14;246,-1,-8;254,3,2;261,1,16;264,-6,1;270,6,7
rua||gastao vale|pernambuco|39390000|9,-1711321,-4380802;19,-2,-7;25,3,1;27,0,-16;28,0,8;42,1,-13;44,-2,-7;45,-3,4;54,8,-6;55,-12,-3;66,10,-11;67,-8,-1;72,6,-10;77,1,34;78,0,-40;87,-1,-3;90,-1,-7;95,2,-7;100,2,4;106,1,-5;112,0,-10;125,-7,-9;133,8,-13;141,-5,-2;149,0,-9;154,-5,-6;166,8,-17;176,6,-8;177,-17,98
rua||gaudencio barbosa braga|alto belo|39390000|46,-1693788,-4373653;67,-25,19;86,-37,26;111,81,-53;116,-28,14;123,0,2;151,-27,17;169,-6,4;170,-12,8;216,-21,11;245,-27,25;289,32,-24
rua||genesco augusto caldeira|alto belo|39390000|4,-1693791,-4373720;46,55,10;62,-103,-12;88,42,-2;101,-43,-3;149,78,11;181,-115,-10;202,176,35;212,7,-2;213,2,-7;229,11,4;262,42,8;275,21,-5;278,-20,7;300,17,4;310,5,-9;315,32,-2;318,-11,11;334,9,4;347,21,-4;360,2,0;377,19,8;447,61,3;448,-15,2;458,-22,-2;460,50,7;497,42,-3;500,-18,7;539,35,-3;545,4,-3;550,13,9;555,-6,-8;564,10,10;571,8,-6;576,4,8
rua||geraldo agenor veloso|jardim aeroporto|39390000|22,-1712476,-4381116;23,-12,-5;30,7,-7;33,-9,7;38,8,-7;39,-10,-3;40,9,0;67,-15,-11;82,-2,-28;87,-10,10;88,6,-13;129,-23,-35;133,-7,-2;137,3,3;145,2,-7;161,-4,-24;195,-11,-20;209,-11,-12
rua||geraldo campos matos|jardim aeroporto|39390000|22,-1712188,-4381196;45,-13,-16;53,-4,-8
rua||geraldo dias correa|alto belo|39390000|55,-1693361,-4373725;110,-48,-159;132,31,15;180,19,24;250,0,89;253,5,-15;315,-6,47;341,-8,22;357,-2,19
rua||geraldo ferreira da silva|centro|39390000|40,-1711577,-4381210;48,2,-6;62,-1,17;74,4,21;80,2,5;86,1,7;100,0,6;116,0,11
rua||geraldo ferreira da silva|pernambuco|39390000|39,-1711570,-4381209;51,-2,9;61,4,3;77,6,19;83,3,6;99,0,7
rua||geraldo lima|sao geraldo|39390000|11,-1712590,-4380240;15,-3,-3;18,-2,-1;19,-5,1;25,-4,4;28,6,-8;36,-12,-3
rua||geraldo lopes da silva|nossa sra aparecida|39390000|7,-1712149,-4380700;9,-356,156;17,2,6;29,2,7;35,3,9;41,-8,8;49,9,12;81,-4,13;87,-3,6;97,5,13;107,0,6;117,-1,8;121,-1,8;143,7,31;155,-3,15;161,1,5;165,10,-2;169,-9,5;171,-2,2;177,-1,5;231,7,37;241,3,15;253,-5,9;311,9,53;317,-7,1;323,3,14;333,1,1;337,0,7;341,-1,6;345,2,8;383,4,48;391,-1,10;399,5,6;407,-2,5;415,-3,7
rua||geraldo lopes da silva|sao geraldo|39390000|16,-1712508,-4380535;24,-4,9;28,-2,0;34,3,13;38,-1,-13;52,1,17;98,3,41;108,0,4;116,-6,-10;124,9,23;230,12,101;236,-5,5;246,2,12;250,0,4;256,1,3;258,1,20;260,-4,-7;312,4,42;318,0,7;324,-2,4;336,10,11;340,-2,5;350,-1,16;362,7,23;374,-5,-9;406,2,46;414,3,7;546,-21,-144;652,-41,-122
rua||geraldo magela figueiredo|zumbi|39390000|14,-1710867,-4382559;21,10,-6;24,0,9;35,11,2;44,-1,12;53,17,-10;58,-1,14;63,11,-3;70,-7,4;71,7,-4;77,7,8;78,-11,0;85,29,-2;101,-20,2;311,-1,3
rua||geronimo veloso|centro|39390000|8,-1711040,-4381266;9,-1,14;28,4,-27;34,-11,39;42,16,-56;66,1,-21;82,4,-14;90,-1,3;106,1,-25;112,3,-6;132,3,-20;150,10,-13;172,-3,-25;182,5,-11;196,7,-8
rua||geronimo veloso|pernambuco|39390000|42,-1711053,-4381224;46,5,7;47,-12,5;53,8,3;61,2,7;73,0,8;83,-4,8;87,-1,5;99,0,4;104,-11,18;111,13,0;116,-10,3;117,1,11;122,-6,29;123,11,-25;126,-5,-9;132,3,14;144,-3,13;154,-2,12;191,-4,31;199,0,4;215,-5,19;229,-1,11;257,-4,26;267,-1,6;286,-5,7;295,4,9;335,-18,28;387,7,45;398,-7,17;401,-2,1;407,-25,163;415,17,-146;416,6,-4;425,-2,22;426,0,-13;427,-12,127;435,-8,-3;437,-7,18;439,8,-19;447,19,-98;452,-10,-1;455,3,139;460,2,-130;470,0,12;497,4,32;505,-8,1;517,1,15;525,-2,11;588,-12,57;600,-7,8;610,-36,-17;622,23,67;630,4,-22;636,2,8;652,-2,5;660,-20,9;670,6,7;671,12,3;673,-6,4;676,-13,-34;680,-1,40;683,5,-11;684,11,13;690,14,27;692,-28,-21;697,17,14;703,-10,6;705,-5,-4;707,-52,19;713,29,-1;720,26,-13;721,-27,9;731,45,12;732,-30,-16;746,-13,9;775,11,-3
rua||giovani coutinho|esplanada|39390000|26,-1712269,-4381909;30,11,-7;38,-11,7;39,5,-23;52,4,-12;55,-6,8;60,9,-14;72,0,-7;83,-4,-14;86,3,-3;92,4,-2;95,-7,0;98,3,-4;99,-2,0;111,0,-7;112,3,-10;120,-1,4;127,1,-20;2410,-7,96
rua||goias|jardim america|39390000|1331,-1712048,-4380179;1339,5,5;1357,-8,15;1365,5,16;1367,7,7
rua||goias|nossa senhora aparecida|39390000|271,-1711966,-4380407;277,-1,11;289,2,12;295,4,8
rua||goias|nova dolabela|39390000|1,-1739409,-4400636;2,-10,7;3,18,22;4,-10,6;5,-17,3;6,1,12;7,20,8;9,-34,31;10,-20,60;11,13,-17;12,-16,55;13,36,-61;14,-36,51;15,-14,59;16,2,-2;17,-11,39;18,-3,14;19,3,9;20,-15,29;21,-13,75;22,-6,1;23,-4,44;24,4,-17;25,-3,22;26,-7,15;28,-1,22;32,25,-201;37,43,-134;38,-47,151;48,63,-196;60,-66,165;81,74,-202;89,14,10;102,-45,100;106,1,2;114,-6,8;118,-159,377;122,74,-176;130,93,-192;250,-243,442;264,224,-419;280,0,12;283,11,17;298,-17,2;308,-4,13;333,0,117;340,-7,-59;350,-130,185
rua||goias|nova dolabela|39395000|29,-1739559,-4400114;135,-101,81;197,-23,31;199,14,2;239,-32,27;243,-25,12;315,-36,35;339,-12,15
rua||goias|pernambuco|39390000|23,-1712023,-4380687;26,0,-2;31,1,50;34,-2,-45;40,-4,14;41,6,0;42,-2,5;47,0,5;49,3,0;50,-7,-9;56,1,14;60,0,6;65,5,5;68,1,2;74,-2,16;75,4,-5;80,2,7;83,-1,4;84,2,3;91,1,6;95,-1,6;99,-1,11;102,2,-17;107,9,7;114,-10,18;123,12,13;124,-5,1;128,2,4;131,6,0;134,-8,-1;135,5,9;143,0,3;144,1,5;149,0,2;154,0,8;155,5,-4;167,0,23;168,4,-11;191,4,32;194,-7,-5;198,2,13;201,2,2;209,0,1;210,1,4;214,2,8;216,0,2;217,-4,-5;221,0,1;225,6,12;226,2,14;227,4,-7;235,-1,11;236,-1,6;245,8,0;246,-6,5;256,3,5;268,3,12;272,6,15;274,-4,8;280,0,9;288,-2,1;296,0,9;304,0,14;308,-1,8;315,1,3;316,-7,10;324,-4,1;326,5,3;331,0,4;332,-7,5;339,2,5;342,-7,0;347,2,7;355,-4,9;363,-4,1;369,-10,9;379,9,8;383,-5,8;384,-9,3;389,5,6;391,-6,9;394,-6,-6;397,5,16;404,-5,2;407,5,8;425,-9,14
rua||goncalves dias|centro|39390000|12,-1711618,-4381384;26,-8,-2;40,-24,-5;76,-22,-10
rua||goncalves dias|nossa sra de fatima|39390000|60,-1711748,-4381434;123,23,17;141,-14,-7;148,2,-7;221,-55,-18;227,-8,-2;243,-5,-1;253,-3,-1;309,-11,-3
rua||gregorio brazilino duarte|jardim aeroporto|39390000|350,-1712677,-4380777;356,-8,-5
rua||gregorio brazilino duarte|monterrey|39390000|206,-1712484,-4380737;214,-2,1;224,-6,-2;228,-12,1;236,-7,-1;240,-2,-1;246,-4,1;318,-74,-7
rua||gregorio brazilino duarte|sinval vale de menezes|39390000|100,-1712680,-4380795;250,140,57;275,-1,-10;281,-13,3;291,-3,5;345,-58,-5;347,-71,-29;353,4,-5;369,-14,-6;377,-9,-3;385,-5,1;407,-17,-9;417,-13,-16;460,-28,-4;482,-44,-23
rua||g|alterosa|39390000|34,-1712772,-4381915;44,-5,-8;58,-37,-10;70,18,2
rua||g|cachoerinha|39390000|2,-1712488,-4383910;18,-44,-55;20,21,26;21,-26,-35;24,48,63;30,2,3;33,-56,-73;45,-8,-7;61,-6,-13;66,53,69;69,-50,-61;95,-18,-24;98,0,-6;113,-99,-127;115,85,111;116,-3,-11;119,-25,-28;126,-58,-83;128,59,79;143,-68,-85;145,78,103;148,-80,-113;156,73,100;158,-19,-25;181,0,4;186,10,7;193,-18,-7;203,0,-6;205,-96,-133;210,93,123;211,-3,3;237,-112,-151;248,-30,-47;278,57,75;297,-52,-70;303,86,125;306,3,-6;326,-10,-16;333,-9,-3;334,0,-11;346,-4,-4;357,-7,3;358,-4,-11;403,-22,-27;416,-3,-13;441,-22,-20;446,6,-3
rua||g|california|39390000|28,-1712089,-4381458;37,-11,-11;38,-7,-5;43,1,0;44,8,4;54,-1,-8;58,-3,-15;68,1,-3;94,-1,-22;114,0,-25
rua||g|jardim aeroporto|39390000|25,-1712462,-4381276;38,-5,23;54,5,16;100,18,37;101,0,0;117,8,19;134,-9,17;145,24,10;157,1,2;180,7,25
rua||g|jardim america|39390000|11,-1711693,-4380125;15,0,0;17,3,2;20,5,-14;24,0,2;26,-4,6;34,-5,7;35,-9,11;45,-21,11;55,3,7;101,-33,26;103,-7,0;108,3,0;111,14,-11;116,-17,14
rua||g|morada nova|39390000|101,-1710434,-4382859;287,-49,23;297,7,-2;319,17,-11;329,17,-4;341,11,-7;345,17,-7;353,-13,7;354,4,-2;380,22,-4;386,8,-3;400,8,-9;401,24,-8;403,-20,2;422,8,2;425,-7,7
rua||g|novo horizonte|39390000|17,-1712284,-4380023;91,-14,-14;112,8,15;116,6,8;118,3,6
rua||g|sinval vale de menezes|39390000|15,-1712871,-4380864;16,-2,-6;25,-7,12;26,-1,-3;35,-2,14;36,-1,-3;45,0,10;46,-2,-3;55,-6,16;56,0,-7;65,0,11;66,-2,-3;75,-2,10;76,-1,-1
rua||g|tancredo neves|39390000|5,-1711748,-4382624;6,-13,4;11,0,15;12,-5,-10;18,-6,10;24,-8,9;25,9,-4;30,-16,18;40,-8,10
rua||g|zumbi|39390000|185,-1710552,-4382799;231,29,-15;239,5,0;245,6,-4;251,3,-1
rua||helio carneiro|centro|39390000|48,-1711375,-4381587;52,1,-7;56,-5,-13;68,2,-14;72,1,0;78,9,-34;134,3,-20;214,-4,-83;226,2,-5;230,-3,2;236,1,-14;250,9,-15;258,0,-4;294,0,-38;318,1,-21;328,4,-9;334,-4,-10;356,3,-7;372,1,-20;390,-4,-23;396,-5,-12;400,5,-7
rua||helio carneiro|esplanada|39390000|5,-1711364,-4381566;6,-14,-22;13,7,10;73,4,-52;95,-4,-17;137,4,-48;153,-5,-6;155,5,-10;167,0,-9;211,0,-34;217,3,-8;225,0,-8;237,-4,-12;243,4,-4;279,-1,-35;289,0,-8;301,0,-11;313,4,-9;323,2,-15;337,-3,-6;349,-4,-16;377,7,-20;380,-9,230;385,8,-240;391,5,-7;397,1,-7
rua||henrique araujo|pernambuco|39390000|30,-1710956,-4380625;41,-28,10;48,2,-13;58,-9,-8;60,6,2;65,-18,-13;68,12,4;74,-10,-1;77,-6,-1;78,4,-7;82,3,0;83,-13,1;88,9,-2;89,-13,1;91,-4,-5;93,-4,-3;100,10,3;102,-5,-3;106,-4,1;111,-6,-4;117,-7,-3;122,-7,6;133,-3,-16;134,1,12;140,-1,-8;146,-3,-10
rua||henrique storino|bonfim|39390000|7,-1711062,-4381629;15,-5,-19;23,-13,1;50,-13,0;70,-23,5
rua||henrique storino|centro|39390000|118,-1711164,-4381638;125,-14,3;130,12,-1;141,12,1;145,-12,4;149,11,-5;150,-19,0;152,-13,9;153,19,-7;190,-42,5;196,4,1;198,-10,0;201,-11,-1;204,-3,-3;212,-4,2;214,-5,3;216,-1,-10;223,16,12;230,-23,-8;237,-6,10;238,-6,-20;242,-5,5;246,-5,-1;247,-3,6;253,-5,-4;263,-3,6;264,-6,-15;271,-7,12;276,2,-12;279,-8,9;282,-5,-6;284,4,6;287,-2,-8;296,-9,-2;305,-9,7;314,-11,-14;315,2,7;324,-6,-9;325,-11,16;328,5,-10;336,-7,-2;340,-1,-4;341,-5,7;347,-2,-5;354,-8,-3;355,-2,5
rua||henrique storino|esplanada|39390000|380,-1711384,-4381660;381,1,-9;384,-9,5;400,-3,-7;402,-19,-3;406,3,-4;414,-4,-2;424,-8,-2;442,-26,-1
rua||herculano boas dias|jardim aeroporto|39390000|7,-1712506,-4381028;22,-3,-12;27,-15,-2;30,8,-6;35,-10,-6;40,9,3;96,-25,-56;103,-9,-5
rua||herculano boas dos santos|california|39390000|47,-1712743,-4381311;83,-7,-34;111,4,-34;121,-2,-1;182,-6,-54
rua||herilton jose de souza|morada nova|39390000|6,-1710405,-4382554;14,-1,-2;28,-4,-10;44,-2,-19;50,-2,-1;54,3,-2;60,-2,7;62,-5,-18;68,-1,-7;70,-3,-4;90,-2,-11;100,-2,-15;106,-5,-5;116,-3,-16;130,0,-1;138,-3,-9;154,-2,-16;192,-8,-25;210,-13,-27;220,5,-17;230,-8,7;240,-3,-18;252,-6,-11;262,-4,-14;342,-17,-66;414,-17,-55;456,-15,-31;462,7,-6;466,-4,-18;478,-12,-23;536,-8,-49;562,-10,-35;592,-3,-12
rua||herilton jose de souza|zumbi|39390000|13,-1710399,-4382524;15,-2,-30;23,-13,-14;33,-2,-8;43,-3,-9;57,-1,-13;69,-3,-14;187,-41,-100;195,2,-13;207,-1,-5;251,-11,-36;255,-2,-7;300,78,243;327,-96,-310;337,-2,-10;351,-5,-14;423,-21,-61;431,2,-4;443,-2,-11;457,3,-26;471,-14,-5;477,2,-5;485,-1,-7;555,-21,-56;559,1,-18;565,-2,2;571,-4,-10;583,-1,-9;597,-2,-8;639,-16,-40;647,2,6
rua||hilario rodrigues duarte|jardim america|39390000|478,-1711795,-4380216;492,-1,3;496,-7,6;508,-4,5;563,-35,42;578,-9,1;588,-6,1;596,-3,7;605,-7,13;606,-2,-5;613,-17,23;614,10,-16;628,-8,6;635,-7,8;638,3,-4;644,-9,12;645,3,3
rua||hilario rodrigues duarte|pernambuco|39390000|15,-1711539,-4380562;25,1,16;41,-8,7;43,-7,13;47,2,10;51,-5,-1;56,-12,-8;69,11,10;72,-13,13;81,-45,68;86,34,-60;93,5,6;97,1,1;100,-14,5;101,7,3;107,-37,42;113,25,-23;127,-3,-1;130,5,-10;134,-18,11;138,3,7;141,3,4;150,-9,3;162,-7,9;171,6,-7;173,-13,25;181,11,-13;187,-3,7;188,-7,-6;193,-3,15;197,-19,13;203,-3,-3;232,-2,10;235,5,3;237,3,27;238,-5,-29;244,-2,-1;245,2,14;252,-6,-11;259,2,7;264,-32,39;267,10,-1;280,1,-17;288,-1,4;289,2,5;297,-11,7;298,3,-8;309,-6,17;320,-9,0;321,4,9;324,2,-17;333,-14,32;340,-9,3;347,6,2;355,-8,11;375,-3,10;391,-9,14;399,-8,8;400,-5,-9;401,0,15;410,-13,12;419,2,-16;420,-2,16;425,1,-8;427,0,10;433,-4,-2
rua||hilda dias de aquino|monterrey|39390000|159,-1712312,-4381099;175,-13,2;195,-18,6;201,-2,1;223,-24,11;233,-3,1;255,-17,9;265,-12,6;275,-7,5;303,-25,10;317,173,-50;355,-210,68;357,-7,4;359,-8,0;361,-4,1;365,-6,4;373,-6,4;379,-4,3;387,0,0;409,-33,13;415,0,0;421,-3,2;435,-6,1;447,-15,7;461,-12,7;517,-44,16;529,-6,5;539,-15,10;547,0,1
rua||h|alterosa|39390000|2,-1712760,-4381917;10,6,-5;17,5,-4;20,-14,10;23,44,-46;46,-17,17;56,10,-8
rua||h|cachoerinha|39390000|13,-1712508,-4383993;21,-9,-12;35,-6,-5;38,41,60;52,-44,-74;55,57,84;59,-68,-88;60,3,-4;66,66,100;67,-68,-101;76,-9,-14;78,90,128;91,-93,-126;101,97,132;107,-113,-154;110,3,-6;124,131,188;132,-134,-193;150,-17,-20;156,-11,-8;163,-7,1;170,7,-6;173,-9,-7;183,-8,-12;184,-6,3;188,10,2;196,-9,-11;206,-2,-6;216,-3,-11;249,-27,-19;264,-2,-16;273,-13,-5;284,-5,-16;291,-4,8;303,-6,-18;308,2,0;326,-8,-18;334,-9,-5;348,-26,-36;350,14,20;357,-5,-5;361,-21,-27;369,-9,-11;374,28,28;391,-14,-9;396,-19,-35;402,-3,-6;418,-6,-4;419,13,21;431,-3,-7;432,-22,-24;459,2,1;504,2,6
rua||h|morada nova|39390000|218,-1710500,-4382891;225,16,-9;229,4,-10;235,8,-3;242,4,6;247,6,-10;250,-7,10;252,11,-6;259,4,-12;267,10,7;271,2,-9;274,2,7;279,3,-12;282,-4,5;294,15,-1;295,-2,-7;300,6,5;315,12,-13;368,51,-17
rua||h|novo horizonte|39390000|57,-1712461,-4379838;107,18,-21;108,27,-11;116,114,-84;121,-18,13;122,-164,125;125,189,-151;126,-160,128;128,177,-140;131,-124,99;145,117,-91
rua||h|sinval vale de menezes|39390000|19,-1712920,-4380868;29,-6,7;39,1,6;51,-4,8;63,-10,17
rua||h|zumbi|39390000|13,-1710661,-4382825;25,8,3;33,19,-13;91,32,-14;103,22,-8;136,26,-9;141,-7,-17;142,11,16;147,-1,-13;148,9,10;154,0,0;161,6,-12;162,1,9;166,6,-3;176,10,-6;177,-7,-2;182,12,-1
rua||irineu lopes|nossa senhora aparecida|39390000|437,-1712131,-4380299;445,5,8;451,-5,-1;455,1,10;467,-2,0;521,6,64;535,-4,13;545,0,7;549,6,4;559,-6,1
rua||irineu lopes|nossa sra aparecida|39390000|2,-1712149,-4380691;7,-3,6;8,-2,-12;14,-8,3;29,15,16;30,-7,0;46,0,10;50,4,-2;51,-1,9;52,-5,3;76,2,21;77,0,5;90,-2,2;91,8,5;93,-5,4;94,-3,-2;100,2,5;101,8,0;106,-8,9;109,8,-1;113,1,6;114,-8,2;118,-4,5;119,12,0;122,-10,3;125,11,-1;128,-12,9;136,11,59;145,-3,-39;152,-5,-2;158,4,17;160,-5,25;161,12,-37;162,-5,14;179,-1,1;186,-2,9;187,6,7;190,-12,1;205,11,15;221,4,11;222,-3,1;230,-5,18;241,8,-4;253,-1,22;256,-3,-9;259,5,9;265,3,4;268,-10,5;285,9,27;286,-5,-9;296,0,13;302,3,6;308,0,10;316,-4,3;320,2,3;321,4,-4;326,-3,14;327,0,-9;333,6,6;334,-3,7;356,0,142;368,-1,-112;369,3,15;370,-2,-7;371,0,-2;373,6,8;374,-3,5;390,4,6;395,4,5;401,25,2;402,-31,8;440,-2,23;460,2,21;468,0,7;482,-1,10;510,0,25;512,1,18;518,-18,-458;538,21,468
rua||izidro caldeira|centro|39390000|8,-1710955,-4381265;10,0,-9;12,14,-37;15,-2,9;16,-5,24;26,12,-37;30,-11,33;33,18,-49;34,3,2;44,3,-5;50,1,-4;78,12,-24;88,13,-30;102,3,-5;146,11,-29;162,9,-11;169,4,-14;170,-8,1;180,7,-2;226,21,-37
rua||i|alterosa|39390000|13,-1712772,-4381940;23,-5,3;26,2,1
rua||i|cachoerinha|39390000|17,-1712512,-4384056;31,5,7;63,-10,-15;72,72,99;87,-86,-114;103,-6,-8;137,-23,-29;155,-33,-49;165,15,22;177,-27,-36;207,-33,-40;233,-1,-7;247,-11,-14;277,-4,-14;305,-26,-23;315,-10,-15;329,-3,-9;333,-35,-43;351,18,22;387,-22,-29;407,-12,-15
rua||i|esplanada|39390000|26,-1711898,-4381844;30,-13,-3;42,-93,-16;44,88,15;48,-89,-14;50,89,12;52,-95,-9;60,-4,3;62,82,6;82,-99,-14;90,-7,-14;106,-21,10;187,9,9;188,-1,-2;195,-12,13
rua||i|morada nova|39390000|61,-1710451,-4383113;71,15,-12;83,2,-3;95,10,-6;107,16,-8;119,4,-4;131,15,-11;143,0,2;155,11,-7;167,11,-6;179,9,-5;191,11,-7;203,8,-7;215,9,-4;227,10,1;239,9,-12;251,13,-6;261,4,-5;271,9,0;281,13,3;293,7,-5;305,9,-3;315,13,3;325,4,-2;377,41,28;387,7,8;407,7,15
rua||i|novo horizonte|39390000|5,-1712324,-4380020;15,6,-6;25,7,-3;35,7,-4;106,7,3
rua||i|sinval vale de menezes|39390000|25,-1712752,-4380773;26,2,6;30,-238,-86;40,-1,6;50,-5,7;60,-3,10;70,-3,8;80,0,18;90,-7,0;100,-7,17;110,0,1;120,-5,15;130,-3,2;140,-4,3;150,-2,18;160,-2,5;170,-6,9;180,-4,7;190,-2,9;200,-7,11;210,-6,13;220,5,1
rua||i|tancredo neves|39390000|5,-1711778,-4382192;8,0,-125;11,8,111;17,-6,-7;23,-1,-13;29,2,-9;35,1,-5;41,-3,-20;47,1,-10;53,-3,-16;59,3,-9;63,-5,-87;65,-2,83;84,8,-9;86,-1,-8;87,-6,-11;93,-1,0;94,7,-6;98,-4,-16;99,-4,20;105,2,-4;111,-2,-53;117,-4,20;123,2,39;129,-4,-71;135,2,-11
rua||i|zumbi|39390000|20,-1710650,-4382763;36,-24,-81;40,-4,-6;52,-1,-12;60,-11,-25;90,-3,-7;94,0,0
rua||jacinto caldeira|camilo prates|39390000|137,-1704211,-4376225;157,-2,11;181,-19,16;214,-6,30;222,-28,-9;223,2,16;225,-12,5;226,-3,10;227,-5,9;251,-20,-22;272,17,45;286,7,-17;311,-32,22;316,46,-42
rua||jacinto librelom|bonfim|39390000|3,-1710806,-4380952;7,4,7;11,4,2;35,23,20;53,8,6;67,10,12;71,12,15;77,-62,-76;105,68,84;107,3,2;119,6,14;129,5,10;157,25,11;175,2,7;183,24,8;203,3,15;215,7,10;223,5,4;227,-3,8;235,12,2;243,3,4;255,-1,10;279,22,17;295,1,14;309,5,16;319,-5,6
rua||jacinto librelom|pernambuco|39390000|8,-1710857,-4380982;12,32,25;16,3,4;28,32,28;40,-34,-35;52,2,5;58,52,53;68,2,-22;70,-40,-17;80,52,46;86,9,12;100,-8,29;104,-3,-3;116,23,-8;120,0,3;124,1,2;130,1,10;134,10,2;146,6,7;190,26,25;210,16,12;214,-1,2;226,13,13;268,17,20;272,3,3;292,4,26
rua||jatobazinho|jardim aeroporto|39390000|94,-1712263,-4381119;110,-13,11;170,-42,4;178,-7,5;220,-27,8;230,-17,10;260,-23,12;268,-16,6;278,-6,-1;288,-7,8;300,-13,5;306,0,-4;322,-18,8;368,-39,19;410,-42,12;418,-9,6;426,-13,9;436,-3,4;450,-6,1
rua||joao caldeira|camilo prates|39390000|88,-1704175,-4376131;108,23,8;138,14,7;144,5,4;150,8,8;162,18,11;183,19,9;204,-3,34;233,11,0;275,-13,42;295,-5,15
rua||joao campos caldeira|alto belo|39390000|36,-1693554,-4373778;56,-3,18;71,-4,10;74,4,-2;76,4,14;88,-1,11;95,-5,7;110,3,5;161,-1,57;165,8,-6;166,-2,3;171,5,10;176,-1,4;187,4,10
rua||joao duraes rocha|cachoerinha|39390000|56,-1712919,-4382248;66,19,-1;78,-15,2;86,-8,0;100,-8,1;112,-11,-3;114,4,2;118,-17,1;138,-19,3;146,-8,-4;154,-14,4;168,-5,-2;180,-10,0;204,-23,1;248,-28,1;252,-5,1;260,-12,-1;284,-33,-3;296,-4,6
rua||joao evangelista|alto belo|39390000|11,-1693504,-4373852
rua||joao ferreira pimenta|california|39390000|43,-1712017,-4381600;67,-6,6;76,-15,-8;79,1,12;90,-11,8;119,-25,-13;130,2,-3;131,-14,6;140,1,-3;143,-8,7;154,-4,-4;168,-11,7;181,-15,-2;184,3,-7;195,-11,9;200,-11,-6;212,-13,3;220,-7,3;226,-6,2
rua||joao goncalves|pernambuco|39390000|17,-1711753,-4380428;22,-5,1;25,8,6;35,3,4;36,-2,1;41,6,4;45,3,6;57,7,4;58,5,5;63,0,5;73,10,9;80,-3,1;81,6,3;93,-42,-61;94,40,61;98,-26,-33;99,41,50;100,-10,-6;106,3,8;114,5,2
rua||joao lopes|pernambuco|39390000|6,-1711134,-4380913;8,-7,13;12,-7,15;13,-251,599;14,247,-594;56,-9,21;72,4,15;80,-8,13;96,-3,5;101,-217,442;108,207,-410;110,-4,-18;112,12,3;117,-9,27;125,0,-4;133,-3,6;141,7,5;147,-4,5;155,1,8;156,-26,-14;163,16,24;169,3,8;181,-3,5;186,-10,-12;191,6,23;200,-24,5;211,4,-3;214,-12,21;234,-1,-2;237,10,13;238,-13,-3;242,-5,10;249,18,12;254,-24,-3;261,12,2;271,-5,10;274,-7,-2;283,32,62;293,-21,15;299,-18,-49;302,-5,-11;308,-5,13;318,-10,16;320,-2,9;322,5,-7;327,4,9;328,-4,-3;332,-3,5;338,1,7;339,-3,-4;342,-3,9;343,0,3;352,-7,1;353,9,6;356,-3,9;364,-4,3;377,2,-7;382,-5,11;385,-2,3;395,-6,4;396,2,4;414,-9,5;415,9,8;421,-9,9;425,0,1;430,-4,4;431,17,-24;439,-15,40;444,-3,-4;455,-6,19;456,1,-9;471,-2,10;477,-5,14;486,-5,6;494,10,6;528,-21,32;540,-4,2;543,-2,8;546,-2,-2;558,-7,10;559,5,5;566,-1,2;567,-3,8;568,-6,-5;576,1,5;579,1,6;581,-3,3;583,2,1;584,-28,52;590,17,-44;591,5,4;597,-1,0;598,-2,6;600,1,5;604,-9,-2;606,-30,-13;609,33,18;612,-6,7;616,-2,1;619,8,-2;622,-6,6;624,-2,-1;627,1,4;630,-4,3;638,-2,9;641,5,-5;648,-6,5;649,2,-1;651,2,3;652,-8,3;653,6,-3;657,-4,4;660,-2,7;670,-3,9;675,-2,3;676,-2,2;679,-1,7;684,0,-5;685,3,7;686,-6,-2;691,14,-24;692,-15,28;697,-2,4;700,1,0;703,-3,14;706,5,-6;718,-9,17;719,-90,-185;722,85,200;727,-7,-2;728,6,-2;738,0,8;743,-7,7;745,1,2;746,5,-2;751,7,26;756,-15,-18;761,9,30;762,-10,-27;767,13,31;769,-13,-9;770,-7,-18;775,1,17;782,-5,-6;785,-1,17;797,0,4;798,-1,-10;805,0,16;809,1,-1;810,-8,-3;815,4,12;822,-10,1;823,5,3;831,-12,11;834,5,-9;839,-3,7;846,-7,5;851,1,5
rua||joao mano|zumbi|39390000|37,-1711112,-4382200;41,14,2;54,39,-32;82,-8,17;88,6,-2;107,1,-20;112,7,-4;116,2,-4;122,3,-3;130,3,-14;131,-2,-3;144,4,-14;159,-1,-10;167,6,-9;170,-4,11;177,5,-21;178,0,7;183,1,-10;191,25,-83;192,6,21;194,-23,52;195,-5,5;199,21,-77;200,-17,73;201,-3,-2;202,23,-66;205,-3,1;208,-11,47;209,-7,12;211,4,-9;214,5,-5;223,-5,3;228,26,-72;229,-23,63;233,1,2;347,19,-78;350,20,-40;351,-17,36;353,-2,5;358,17,-42;359,-15,35;362,6,5;363,2,-20;366,4,-20;367,-3,23;374,5,-11;376,-1,-4;379,-5,-8;382,7,-9;388,8,-8;391,-4,3;393,4,-12;394,-7,7;402,21,-15;403,-12,2;417,4,-16;418,6,-4;421,1,-6;427,0,1;432,-1,4;444,7,-7;466,4,-13;476,2,-8;524,4,-8;529,-6,-4;536,7,-2;541,3,-33;546,5,16;551,-4,-8;558,5,6;561,-6,-14;566,4,2;571,4,-9;572,-1,0;576,-6,-8;580,0,0;583,8,-8;593,3,-10;603,-2,-5;640,17,-30;652,2,-17;653,0,-1;660,4,-3;670,2,-7;677,-9,-1;682,17,-8;687,-7,-15;694,7,6;695,-15,-9;699,16,-3
rua||joao martins de morais|pernambuco|39390000|3,-1711309,-4380454;10,5,23;22,-6,5;25,4,12;40,0,9;43,-2,3;45,4,0;46,-4,-3;54,-3,9;59,5,4;60,-2,4;70,-12,6;77,12,10;80,-14,0;92,8,12;93,5,10;100,-6,4;103,5,-2;110,-6,6;120,5,12;128,0,0;133,-4,9;137,-2,12;143,0,3;146,0,-10;148,-1,12;149,0,9;161,-1,7;162,-4,-6;169,3,7;178,-6,6;185,6,8;191,-7,9;201,5,8;205,13,-170;206,-24,168;213,10,9;214,-7,7;223,0,11;226,-4,-1;233,1,8;239,-2,9;242,1,-6;251,3,19;254,-3,-19;258,-1,9;265,3,20;268,-2,-15;276,-14,-3;286,11,17;300,-5,13;306,-2,5;312,-1,14;315,1,14;318,-4,3;319,3,-1;323,1,13;328,-6,-10;333,2,10;336,-6,-2;337,5,6;350,-1,2;351,1,1;357,-5,12;358,-1,-3;368,-1,3;495,44,-360;507,6,15
rua||joao natalino da silva|pernambuco|39390000|76,-1711488,-4381073;90,-5,7;100,1,12;110,2,10
rua||joao noronha|jardim aeroporto|39390000|188,-1712444,-4380989;200,-4,4;212,-8,5;224,-11,4;248,-27,11;260,-7,4;268,-7,4;274,-4,1;318,-38,22;334,-6,0;342,-7,4;350,-4,2
rua||joao noronha|monterrey|39390000|10,-1712293,-4381049;20,-13,0;32,-12,6;44,-6,1;56,7,1;69,-26,20;70,2,-13;82,-15,7;85,4,4;91,-9,4;101,-17,4;102,3,-4;114,-13,7;119,2,0;131,-14,9;144,-3,-2;145,2,4;155,-14,6;156,0,-7;166,-10,7;167,-1,3;197,-25,14;213,-19,10;225,0,0;237,-17,8;249,0,0;259,-18,6;271,-9,5;279,-5,5;285,0,0;305,-23,11;317,-9,4;368,-42,10;369,7,4;377,-12,4;378,0,-8;383,-12,15;387,-4,4;388,2,-13;393,-2,13;396,3,-9;399,-15,12;400,6,-9;406,-1,-1;409,-5,10;418,-10,-3;419,5,4;427,-12,2;435,-1,4;438,3,-8;441,-12,13;444,9,-8
rua||joao pinto souza|bonfim|39390000|2,-1710782,-4381569;4,24,-28;6,-5,-7;8,4,0;16,14,-20;23,243,-292;26,-170,175;34,-69,113;56,16,-26;58,-46,78;70,8,-10;79,39,-82;87,7,-12;101,-28,55;102,2,2;107,31,-65;108,8,-5;116,6,-16;122,8,-9;131,-7,8;139,3,-13;140,19,-16;142,-9,12;148,-2,10;151,3,-15;157,-3,-7;169,7,-6;181,7,-8;186,-3,0;187,3,-3;192,7,0;197,-4,-7;203,8,-7;213,2,-11;224,8,-7;225,-4,-1;233,7,-6;251,4,-14;260,8,-1;261,-2,-9;271,2,0;272,9,-1;275,2,-12;279,-3,1;287,6,-9;298,-1,8;303,5,-5;304,9,-8;314,20,-19;316,-7,11;317,-6,-2;344,26,-3;350,16,-31;378,8,0;386,28,-16;393,-27,4;397,7,-3;398,22,-2;404,13,-5;405,-35,5;413,6,1;416,38,-5;420,-30,0;430,44,-8;435,-25,4;440,35,-9;442,7,-6;456,2,5;463,0,-12;464,16,-3;486,12,-2;503,9,-8;507,10,-5;547,36,-28;561,6,-1;593,14,-9;597,4,-4;605,6,-3;621,10,-7;680,-3,5;768,136,-125
rua||joao pinto souza|centro|39390000|5,-1710758,-4381613;23,9,-17
rua||joaquim antonio pires|nossa senhora de fatima|39390000|35,-1712064,-4381102;45,3,8;57,-5,10;80,-7,30;92,0,0;93,1,9;100,-1,-1;103,3,11;114,-7,1;115,3,13
rua||joaquim boas|sinval vale de menezes|39390000|11,-1713193,-4380212;29,-25,-12;43,-10,-2;59,2,-2;67,-17,-6
rua||joaquim felipe|pernambuco|39390000|4,-1710794,-4380696;6,12,-4;7,14,0;8,18,1;14,5,0;16,10,1;34,13,2;44,23,7;47,-21,-13;54,28,15;57,-21,-6;63,22,16;69,-1,-8;70,-5,6;73,12,0;105,10,4;106,-13,2;110,25,19;120,-1,-6;126,12,2
rua||joaquim felix|pernambuco|39390000|15,-1711290,-4380446;25,9,2;28,4,8;35,8,-8;38,7,9;41,-1,-4;47,4,1;50,-3,3;60,9,5;61,9,0;68,0,5;71,1,-5;81,12,14;87,7,4;93,0,-1;101,4,4;103,1,4;108,-1,6;119,13,5;124,-1,3
rua||joaquim ferreira de carvalho|california|39390000|25,-1711859,-4381574;27,-11,-6;32,-6,4;45,-8,-5;57,-17,-6;125,-73,4;137,0,-16;339,-166,-66
rua||joaquim ferreira de carvalho|esplanada|39390000|7,-1712016,-4381940;14,5,-6;18,-2,-4;19,-8,7;25,2,-8;27,1,-14;40,7,5;52,12,-20;58,-6,-7;64,4,-8
rua||joaquim jose souto|california|39390000|144,-1711980,-4381443;148,-18,4;170,-12,2;178,-11,1;210,-63,4;260,-3,0;286,-19,4;300,-13,0;316,-25,8
rua||joaquim jose souto|jardim aeroporto|39390000|157,-1712003,-4381434;171,-13,2;185,-9,3;193,-11,1;225,-21,2;255,-29,0;301,-32,0
rua||joaquim nery|pernambuco|39390000|11,-1710958,-4380786;37,-13,-37;45,-14,33;56,-5,-12;57,15,18;68,-8,-9;75,-3,21;87,-1,3;92,-6,5;95,17,9;104,-13,4;106,-39,88;109,59,-94;114,-22,8;119,1,13;125,4,7;127,-6,5;130,-2,-8;131,14,9;171,-19,5;174,-3,0;179,1,7;180,-4,-2;190,-3,7;196,-11,1;197,22,4;198,-13,2;200,-6,10;201,23,1;205,-15,-9;208,-11,10;213,31,-14
rua||joaquim rodrigues santos|sinval vale de menezes|39390000|13,-1713177,-4380135;17,2,-9;21,7,-10;34,-11,25
rua||joaquim rogerio|pernambuco|39390000|40,-1711730,-4380902;41,-3,-8;48,7,8;135,89,7;210,171,17;216,-3,1;225,-15,1;238,5,0;239,-13,0;246,9,-5;256,-28,0;266,-7,28;274,-9,-26;282,0,-1;292,-8,-7;298,0,7;300,-10,-5;309,-11,-1;317,-7,2;340,-23,-1;341,-2,-2;346,1,-10;349,-4,10;354,8,7;357,-15,-7;360,-8,-6;363,2,4;368,-12,-2;371,6,-1;376,-9,1;381,-5,-2;382,3,-8;404,-17,11;412,-12,-3;415,2,-4;420,-5,3;425,1,-4;426,-6,2;433,-17,-6;438,7,5;446,-6,6;453,-10,-9;679,-7,3
rua||jonas pereira de oliveira|pernambuco|39390000|45,-1710289,-4380488;59,7,-14;99,50,-1;121,20,-2;205,33,-18;235,159,-62;415,40,-19;420,1,-2
rua||jose alves ferreira|zumbi|39390000|7,-1711004,-4382184;10,5,-12;15,-3,-2;19,2,-4;20,4,3;26,1,-6;31,-5,-3;35,2,-6;36,-2,2;39,2,-6;40,0,1;42,5,-1;47,-2,-9;54,6,0;55,-3,-7;56,155,-446;62,-148,441;63,-5,-5;70,8,-11;100,8,-17;105,-7,-9;106,11,8;112,2,-17;116,-4,11;119,-2,-13;120,-1,4;125,6,-6;126,1,2;131,-4,-11;132,8,-4;135,-1,-5;137,3,-2;172,8,-22;177,-5,-15;178,2,14;182,5,-6;183,-4,-4;186,5,-1;190,2,-4;195,-1,-16;196,2,4;199,-12,4;201,11,-10;207,3,-3;210,5,2;213,-6,-6;219,1,-9;225,2,-4;228,8,2;239,-5,-9;246,11,-7;249,-4,-6;252,3,4;255,-2,-9;260,3,6;261,-4,-9;264,4,1;269,1,-19;270,4,17;280,5,-19;283,-8,-2;293,4,-18;296,1,17;302,3,-13;304,-9,-20;305,5,3;311,5,-4;314,3,17;322,1,-17;331,5,-8;354,3,-7;359,-3,0;364,11,-16;372,1,-3;378,0,-11;384,4,-4;390,1,-7;396,1,-3;404,4,-6;407,-9,8;409,2,-5;420,9,-13;421,-4,9;425,0,-7;429,1,-2;435,3,-10;441,2,-4;447,2,-13;451,-9,-5;457,14,-5;460,0,6;467,0,-7;468,2,0;474,4,-7;482,3,-7;485,-1,-4;488,-1,3;494,-1,-3;504,4,-9;529,4,-30;534,13,-6;546,0,-5;552,4,-11;558,3,-8;561,-5,-3;574,12,-7
rua||jose antonio da silva|maria rosa|39390000|51,-1711569,-4382382;55,20,-13;61,-7,3;65,-2,4;77,-5,4;84,-6,12;89,-3,-4;96,-1,9;97,-9,1;105,-3,-2;108,1,8;121,-17,10;124,8,6;138,-9,3;141,-10,-5;154,-2,13;156,-4,6;161,-4,-6;169,0,4;177,-12,10;191,-4,7;201,-9,1
rua||jose antonio reis|nossa senhora aparecida|39390000|5,-1712015,-4380312;15,-5,-1;31,-7,0;37,-11,1;41,-5,1;49,-11,-1;67,-20,4;73,-8,-3;79,-2,6;85,-3,-3;91,-10,0;99,-7,0;107,-9,2
rua||jose antonio reis|nossa sra aparecida|39390000|70,-1712076,-4380310;74,-11,-5;86,-6,3;96,-7,0;108,-7,0;120,-5,1;158,-45,1;159,-2,9;173,-12,-7;176,5,-1;185,-10,4;189,-6,0;190,3,-7;191,-9,7;195,2,1;196,0,-5;199,-4,4;205,-10,2;210,2,-6;211,-4,5;219,-7,0;220,-2,-3;229,4,3;231,-91,5;237,71,-4;240,1,-4;248,-4,1;251,-6,7;275,-255,3;291,218,-8;294,-5,4;299,-4,0;302,-2,-4;310,-9,-2;314,-17,2;333,9,6;339,-18,0;349,-4,1;352,2,-5;354,-3,0;355,-3,7;365,-7,4;366,-5,-14;367,2,9;373,0,1;378,-17,-6;379,7,7;388,-14,-11;390,2,4;391,-5,7;416,-18,-6;424,-25,0;425,7,9;435,0,0;436,-12,-9;443,6,6;444,-8,-5;448,-2,1;453,-2,2;454,-4,-1;458,-3,-7;459,1,11;460,-14,-6;464,9,3;465,0,5;467,-3,1;477,-17,-2;478,3,-7;485,-2,8;488,-5,-5;491,1,6;495,-6,-2;496,1,-1;522,-7,-3;525,-19,6;527,20,1;528,-2,-5;533,-7,4;536,-9,3
rua||jose antonio reis|pernambuco|39390000|18,-1712018,-4380318;26,-3,0;34,-17,4;38,-2,-1
rua||jose antonio reis|sao geraldo|39390000|543,-1712502,-4380289;549,-1,4;554,0,-11;555,-13,9;558,13,-5;563,-17,2;566,9,-5;567,-13,5;574,-7,-6;587,1,6;596,-14,-2;597,2,4;605,-4,2;611,-5,5;615,-11,-2;616,-4,-7
rua||jose azeredo coutinho|pernambuco|39390000|19,-1710726,-4380797;20,-4,1;29,19,-9;30,-7,-3;35,2,-10;40,4,1;45,0,0
rua||jose carneiro oliveira|bonfim|39390000|73,-1710822,-4381740;92,19,-9;97,12,-10;108,-11,1;111,2,4;119,10,-6;120,-3,-2;126,11,-4;131,0,0;136,7,-6;140,8,-5;141,-8,5;142,9,-1;145,5,3;152,-1,-7;153,2,-4;167,5,-7;168,-1,5;174,6,-3;175,-4,0;178,6,0;179,9,-8;185,2,1;186,-3,-1;196,12,-4;199,-4,-3;200,8,2;208,2,-11;214,7,2;216,11,-6;223,-1,-2;228,4,2;231,2,-4;236,6,-6;241,3,1;251,7,-8;252,-7,9;261,31,-27;265,-5,3;287,3,0;288,5,11;290,1,-12;301,9,-11;304,2,4;313,6,-5;320,7,-2;326,6,-5;334,12,-2;347,6,-4;359,4,-9;365,12,0;379,9,-5;391,5,-5;401,10,-2
rua||jose carneiro oliveira|centro|39390000|26,-1710855,-4381702;36,11,-7;37,-5,0;53,9,-18
rua||jose da silva morais|monterrey|39390000|168,-1712262,-4380906;180,-3,-7;181,-6,-2;202,-2,-17;214,-1,-16;222,-6,-13;250,-2,-23
rua||jose de andrade camara|terra branca|39393000|11,-1731461,-4321830;98,1,-18;138,16,-35;151,-7,-14;163,8,-10;201,16,-33;205,12,10;226,13,-18
rua||jose de meira de souza|nossa sra aparecida|39390000|22,-1712020,-4380522;25,-12,7;27,-6,-1;32,17,-4;34,-14,2;35,-12,4;36,6,-6;44,-7,-1;45,-1,8;50,-6,-11;56,-9,-6;89,-31,16;95,-9,5;101,-1,-2;111,-1,3;162,-50,-16;168,150,4;177,-166,9;178,4,-4;186,-20,2;189,5,1;198,-8,0;201,-8,7;204,2,-7;211,-8,6;212,7,-3;216,-9,-3;220,-71,4;230,55,-2;244,-5,-4;246,-14,7;270,4,-1;310,-39,6;329,-17,-2;336,-4,-8;341,-12,10;342,4,-7;346,-3,-18;347,-1,22;352,-6,-5;353,-2,3;359,-9,7;360,1,-6;368,-6,1;370,-4,-25;371,1,28;376,-4,0;377,4,0;384,-9,-3;387,-4,6;390,-8,-5;395,6,0;398,-9,3;399,1,-1;409,-12,0;410,-4,-2;415,0,0;433,-24,3;454,-13,-1;460,1,-2;465,-13,4;468,5,-23;481,-21,27;484,10,-8;485,-4,6;490,-11,-5;493,3,6;496,-2,-3;497,-4,5;499,3,1;501,-7,-3;502,1,-5;507,-6,6;508,-2,-9;519,-5,8;520,3,-4;521,-8,9;531,-6,-1;532,-2,-4;540,-8,0;541,-2,6
rua||jose de meira de souza|sao geraldo|39390000|575,-1712510,-4380489;582,-14,-8;590,-9,0;595,7,11;600,-8,-12;607,-6,9;608,-3,-5;612,-6,-1;620,-7,-2;621,9,10;629,-16,2;630,-1,-4;635,-2,3;636,-2,-6;639,-6,9;649,-9,-5;650,12,1;661,-13,3;669,-9,4
rua||jose egidio azevedo|tancredo neves|39390000|28,-1711842,-4382324;33,28,18;34,-29,-19;76,-7,12;140,-59,8;150,-8,-1;151,-3,1;202,-48,20;205,14,-12;208,-23,-5;211,3,4;215,-5,-1;216,-4,3;227,-7,1;264,46,-125
rua||jose ferreira leite|centro|39390000|19,-1710940,-4381483;24,-2,-6;35,9,9;36,-1,-1;46,7,4;54,9,-3
rua||jose ferreira pena|centro|39390000|8,-1711014,-4381482;39,0,-28;51,-4,-15;59,-4,-7;81,0,-23;82,3,3
rua||jose freire|sao geraldo|39390000|4,-1712776,-4380439;5,10,20;9,-4,-7;12,5,-1;21,6,42;32,8,39;33,-3,-19;48,-1,14;49,4,-5;55,-10,-32;56,-5,2;57,19,38;65,4,7;68,-1,6;71,2,0;74,-1,2;77,3,5;80,-2,8;527,-20,-74
rua||jose geraldo de aquino|beija flor|39390000|266,-1711713,-4382217;270,4,-7;272,-3,2;288,9,-7;296,-3,-13;298,-5,-6;306,0,0;312,-1,-12;318,3,-7;322,1,-1;328,-1,-6;334,2,-2;340,-3,-11;343,-6,9;350,5,-13;356,2,-5;374,9,-18;388,2,-9;392,0,-11;398,1,-2;422,1,-2;428,5,-10;430,7,-3;436,1,-2;440,0,-5;446,3,-7;456,6,-1;460,4,-22;464,-1,12;468,3,-9;472,2,-3;480,-1,-9;484,-1,1;504,12,-18;512,0,-12;518,-1,-6;524,-1,-10;534,-4,-6;540,5,-14;556,-6,-3;582,3,-34;592,-5,-6;602,1,-9;609,0,-5;612,7,0;620,-2,-13;621,-1,8;627,-7,-12;633,0,-8;636,5,3;640,-1,-4;641,-3,-4;645,1,-3;654,0,-6;655,-3,-10;664,6,0;665,-6,-11;670,4,-1;675,-5,-1;682,9,104;685,-12,-118;688,10,-3;690,2,112;694,-5,-123;701,-4,17;712,12,-27;727,-14,-8;735,1,-9;739,-4,-13;749,-2,-10;763,-2,-14;769,-13,-11;771,5,1;777,0,-8;779,-9,-7;781,1,2;783,1,3;789,-1,-7
rua||jose geraldo de aquino|esplanada|39390000|3,-1711736,-4381857;23,-9,-7;26,8,-8;27,-16,-16;35,-3,19;40,9,-15;41,-7,-1;45,10,-132;46,11,2;52,-3,-9;57,-2,-2;58,-17,127;69,-5,-1;70,5,-2;73,22,-160;233,4,17;239,-7,-10
rua||jose geraldo de aquino|maria rosa|39390000|234,-1711720,-4382183;246,3,-14;252,-1,-8
rua||jose geraldo de aquino|tancredo neves|39390000|159,-1711722,-4382174;177,1,-4;397,41,-193;421,-16,29;433,9,-19;435,-7,8;443,7,-9;453,2,-3;471,10,-27;479,0,-1;491,8,-18;497,-2,0;501,2,-5;507,0,-5;513,-32,86;517,37,-99;523,-7,-5;533,4,1;535,3,-13;557,-10,-17;561,8,0;569,-5,0;571,5,-14;575,-1,-9;591,-4,-14;697,4,18
rua||jose luis silva|zumbi|39390000|13,-1710725,-4382647;44,-28,-19;51,-13,1;54,2,-4;60,-6,-2;63,-10,-1;76,4,-5;77,-10,3;82,0,-8;85,-7,-6;88,1,7;95,-10,-4;99,-1,1;100,4,0;107,-7,1;112,-3,-5;118,-7,-2;126,-8,-7;156,-15,-4;162,-14,5;168,-2,-16;174,-6,0;175,-2,4;182,2,-4;192,-5,-2;200,-20,-4;206,6,3;214,-10,-4;218,-7,-6;222,0,0;230,-9,-4;240,-21,-6;248,-7,-8;254,-12,1;276,-5,-3;280,-7,-3;292,-1,-2;304,-17,-8;305,-4,9;311,-2,-2;317,-6,-3;323,-9,-3;329,-2,-2;330,-80,-42;336,98,41;342,1,-2;358,-34,-18;374,-16,1;375,-5,-4;381,-6,-1;382,3,-4;385,-19,25;386,10,-26;393,-8,3;654,61,22
rua||jose maria assis|bonfim|39390000|13,-1710846,-4380987;23,6,4;37,60,-6;43,-42,14;57,15,-7;63,8,-1;75,52,-26;85,-3,-24;111,26,12;143,32,-39;175,15,-27;183,3,-7;193,0,-4;203,2,-5;211,10,-8;221,3,-1
rua||jose maria boas|pernambuco|39390000|24,-1711843,-4380840;26,-11,4;31,6,-7;35,-9,9;39,1,10;40,4,-7;51,2,7;52,-6,4;63,1,18;64,-8,-9;73,-1,18;87,-1,5;89,-7,7;90,3,-6;91,0,6;105,-1,6;114,-4,6;115,-5,7;124,-2,1;137,-3,16;145,-12,4;147,1,11;149,7,-4;335,41,-112
rua||jose maria duraes monteiro|esplanada|39390000|9,-1711576,-4381922;26,-10,-12;36,11,-6;42,9,1;50,0,-3;58,6,-7;68,6,-4;73,7,-4;79,9,-7;85,3,-2;89,3,-4;97,5,-5;99,5,3;107,7,-6;119,0,0;121,10,-4
rua||jose meira de souza|pernambuco|39390000|6,-1711786,-4380428;9,-177,-87;12,171,78;17,-180,-78;18,173,73;19,-174,-81;26,173,76;27,1,-2;35,-9,-2;36,4,-5;41,-5,-5;42,-5,-2;45,-3,-2;47,-3,-13;49,-1,-2;51,-4,0;52,17,4;54,-11,3;56,-8,-8;57,-2,-3;62,1,-1;63,-8,-11;70,3,1;77,-11,1;82,0,-7;93,-7,-6;94,2,-4;99,-1,-2;101,-15,-3;102,-2,-3;108,-5,-1;109,8,2;112,-10,-5;120,-2,2;126,-10,-4;127,-3,10;132,-3,-6;150,-14,-4;156,-6,1;164,-6,0;178,-6,-2;183,-24,3;185,7,5;187,-4,-10;189,1,6;203,8,2
rua||jose meira peixoto|sao geraldo|39390000|6,-1712658,-4380432;15,4,4;29,4,13;30,-3,8;36,2,3;37,5,-4;45,-3,16;48,0,3;51,2,3;58,1,6;61,3,3;66,-5,5;67,1,-1;75,5,5;76,-4,6;82,-2,-2;83,7,-1;90,-3,9;91,3,10;99,4,-5;117,3,10;122,-8,4;123,7,1;131,-4,16;135,-3,-5;136,2,2;138,1,4;141,7,-1;143,-6,10;144,0,-2;147,-2,4;149,9,14;150,-7,-10;152,2,14;154,-1,14;155,4,-1;156,-2,2;163,5,0;166,-1,14;171,5,1;175,-3,2;182,-4,-1;192,4,19;193,5,2;196,-2,5;197,-1,-19;198,-4,0;201,5,24;206,-4,-7;211,9,17;214,-10,-1;219,9,5;222,-3,-1;231,6,5;232,-9,-2;238,4,17;239,4,-6;243,3,7;251,-1,7
rua||jose pinto freire|centro|39390000|13,-1711504,-4381296;16,-6,11;23,6,1;33,-1,12;34,1,-5;40,4,11;76,8,39
rua||jose pinto freire|pernambuco|39390000|65,-1711487,-4381086;73,-12,-153;75,11,165;83,-9,-154;85,8,164;91,-5,-157;109,3,11;111,3,12
rua||jose reinaldo da costa|beija flor|39390000|14,-1711274,-4383011;75,137,95;89,-5,0;103,-9,-18;115,-4,4;116,-2,-14;127,-9,9;136,-5,-17;139,-10,9;146,1,-20;151,-42,29;163,40,-19;166,-6,15;169,-8,-20;175,-13,12;188,-22,-51;199,-6,43;200,12,-31;207,-4,5;211,0,-15;212,8,-5;223,-26,3;224,11,-3;235,-18,12;236,10,-1;247,-20,-3;248,-5,-6;259,-7,8;271,-3,-22;283,-9,3;295,8,4;296,-43,-39;307,17,18;308,-2,-18;319,-15,8;320,18,-13;331,-9,16;340,-13,-15;343,-7,3;344,-3,-5;355,-10,-22;356,-8,12;367,0,2;368,-3,-10;379,-14,7;380,0,-8
rua||jose rodrigues carvalho|tancredo neves|39390000|6,-1711998,-4382304;26,3,-26;29,-8,4;35,3,-2;38,10,-5;39,-10,-3;44,9,-2;45,-9,-2;51,-2,-7;56,5,0;57,-2,-7;62,4,-11;63,-1,4;69,0,-7;72,-5,-5;77,3,3;84,-4,-7;91,1,0;98,5,-8;100,0,-9;108,0,-3;112,1,-7;113,-4,-6;119,2,-2;124,1,-2;125,0,-5;130,1,-5;134,-1,-4;135,-3,4;144,2,-7;145,-5,-2;152,4,-16;157,-5,6;158,5,-5
rua||jose rodrigues de souza|novo horizonte|39390000|15,-1712826,-4380003;22,5,-16;23,4,-8;32,3,-3;50,5,-18;51,-3,-2;52,2,-46;53,-7,8;60,24,20;65,-16,-8;66,-11,-35;71,-10,-10;75,-10,-20;88,14,19;89,-22,-33;92,18,19;100,-13,-22;105,-8,-2;120,1,-10;133,-12,-14;140,0,-9;141,-7,-1;151,-1,-8;160,6,2;173,-14,-23
rua||jose rogerio azevedo|monterrey|39390000|4,-1712281,-4381064;12,-17,-26;28,4,12;56,13,36;76,5,16
rua||jose teixeira carmona|terra branca|39390000|11,-1731416,-4321736;16,-54,2;17,57,-4;21,-71,53;25,4,25;42,25,-70;58,22,154;78,-14,4;113,-19,-26;135,8,20;150,-17,-46;190,10,31
rua||jose teixeira carmona|terra branca|39393000|15,-1731401,-4321694
rua||josue de assis freire|pernambuco|39390000|55,-1711441,-4381116;65,11,-3;66,-15,3;75,-9,9;76,-1,-3;82,-6,4;141,-44,22
rua||jovelino alves souza|alterosa|39390000|119,-1712780,-4381960;141,-10,4;149,-5,-1;155,-10,0;167,-200,-1;173,182,4;176,13,-5;185,-12,3;189,-7,-11;201,-6,5;207,-182,2;235,147,5;263,-154,-8;271,-30,2;281,-11,3;285,-6,-9;291,-7,7;297,-8,-6;303,35,3;305,18,0;327,-100,-13;351,-12,2;359,-23,8;381,-16,-8;449,-53,-9;585,-107,-13;589,-22,2;615,-22,-2;643,-37,-7
rua||juarez silveira|jardim aeroporto|39390000|18,-1712380,-4381205;34,4,9;44,6,13;58,3,2;61,10,7
rua||juramento|bonfim|39390000|25,-1710967,-4382064;32,3,-5;33,2,7;40,3,21;41,5,-18;44,1,13;48,6,1;52,4,-9;53,6,9;60,-5,5;65,9,-8;73,2,12;84,2,5;93,11,6;96,-2,-2;100,-3,7;104,13,-4;110,8,11;111,1,-2;154,29,23;155,4,-3;163,5,10;177,3,3;179,-2,-4;185,12,9;186,-7,3;194,6,4;199,9,3;200,-4,-1;201,-58,-45;210,66,50;211,1,-4;215,-2,0
rua||juscelina pereira de souza|esplanada|39390000|24,-1711674,-4381944;26,43,-44;28,-32,40;29,34,-28;31,0,-18;35,5,5;36,-2,-3;39,-42,41;43,6,-3;56,3,-4;63,58,-74;80,-19,30
rua||j|beija flor|39390000|23,-1711301,-4382376;33,-7,-2;69,-27,-32;77,0,10;97,-18,-23;105,4,-3;129,-20,-24;143,-12,0;146,1,-10;163,-18,-7;177,0,-6;182,-2,-7;187,-11,-6;192,4,-2;197,-7,-3;204,2,-1;206,-2,2;229,-4,-13
rua||j|monterrey|39390000|492,-1712269,-4381004
rua||j|sinval vale de menezes|39390000|11,-1713024,-4380860;21,-7,19;31,-4,5;41,-1,9;42,-7,-4;51,-1,15;52,-7,-2;61,4,12;62,-1,-4;71,-4,12;72,-3,-9;81,0,18;82,-8,-8;91,-1,15;92,2,-1;101,1,11;102,-5,-9;111,2,19;112,-10,-2;121,5,8;122,-8,-3;131,1,10;132,-5,-1;141,5,14;142,1,-3;151,-3,11;152,-7,-3;161,2,9;171,1,4
rua||j|tancredo neves|39390000|5,-1711829,-4382228;6,3,36;11,-1,-1;12,1,-10;17,-6,-5;18,0,-8;23,1,-10;24,4,3;29,-5,-5;30,-6,0;35,7,-15;36,12,-5;41,-10,2;42,-1,-6;47,-5,-13;48,3,4;53,0,-11;54,-1,-1;59,-1,-9;60,-2,-14;65,1,1;66,2,-10;87,-4,-17;88,5,4;93,-5,-17;94,7,9;99,-9,-14;100,6,1;105,-9,-14;106,2,-1;111,-1,-9;112,5,1;116,-1,-7;117,-4,-9;118,4,8;123,-4,-21;124,-1,10;129,1,-14;130,6,3;135,-7,-15;136,0,0
rua||j|zumbi|39390000|110,-1710686,-4382936;114,13,-6;245,-29,11;253,-5,-3;257,-8,-2;259,-17,9;262,4,8;263,7,-13;264,6,5;271,-13,-2;272,4,6;279,-22,5;284,11,1;287,-2,-9;292,-11,15;300,-4,3;305,-7,-6;308,1,10;316,-1,0;346,-32,8;354,0,-1;362,-7,0;366,-17,0;368,13,0;370,-13,0;376,-2,-3;427,-37,-30;439,-18,-3;447,-4,-3;455,-8,0;465,-4,-4;469,-1,-2;470,-9,4;473,1,-6;479,-12,-5;480,1,8;492,-7,-5;506,-11,-4
rua||k|beija flor|39390000|35,-1711483,-4382516;45,145,-110;49,-121,78;57,3,25;95,124,-143;97,-124,139;119,33,-13;173,141,-171;247,-54,192;259,-5,-8;267,-9,-1;279,-9,-11;295,-7,-8;303,-11,-8;367,-56,-24;369,275,-299;381,31,23;387,-314,278;395,-4,-21
rua||k|california|39390000|68,-1712811,-4381441;148,-58,-27;174,-17,-2
rua||k|jardim aeroporto|39390000|472,-1712668,-4380884;474,-7,4;484,-5,3
rua||k|maria rosa|39390000|1,-1711577,-4382318;3,3,-4;9,7,1;10,7,2;13,-42,19;14,36,-18;18,8,-2;19,-38,16;21,35,-25;22,12,11;24,-40,17;25,49,-38;27,-41,31;30,38,-19;33,-1,-11;64,22,-7;76,12,-9;93,-96,55;99,73,-42;104,84,-53;107,-67,39;109,29,-15;121,4,-6;141,18,-16;142,0,8;145,5,-8;175,-10,5
rua||k|zumbi|39390000|9,-1710837,-4382951;10,92,-31;19,-82,25;25,-349,537;29,362,-539;33,-365,535;35,263,-607;37,107,66;38,-95,-81;41,-146,314;45,242,-237;51,8,-1;53,-393,538;57,406,-542;75,3,-14;89,18,2;90,4,9;95,4,-9;104,-152,-112;109,157,106;110,-155,-108;116,168,115;117,5,-3;120,-5,5;126,6,0;131,14,-16;137,2,-3;151,9,-2;161,0,0;205,-450,584;290,558,-577;300,0,8;312,1,19;323,8,9;332,-14,15;333,24,-3;352,-13,12;364,21,9;375,0,8;376,-7,3;379,7,9;382,-4,1;395,4,5;396,-3,4;402,1,1;405,9,5;406,-5,7;411,5,0
rua||laercio antonio araujo|esplanada|39390000|14,-1711275,-4382028;28,-19,8;36,-11,3;48,-9,0;62,-26,10;72,-10,5;75,-6,2;100,-13,6;111,-6,8;112,-11,-2;117,-2,-5
rua||laje|machados|39390000|1,-1714878,-4316676;2,143,-774;4,19,-24;5,19,-51;8,-31,-56;10,-49,97;12,-24,28;13,11,37;16,-702,132
rua||lateral da rodovia br 135|bonfim|39390000|144,-1711025,-4382126;535,1139,-391;537,9,-4;830,-530,257;831,25,-15;840,43,-6;841,-47,12;859,-8,13;1185,352,-166;1264,20,-12;1286,24,-11;1300,8,-6;1320,11,-10;1330,0,0;1350,13,-4;1456,32,-23;1520,104,-54;1551,33,-19;1556,39,-23;1670,28,-15;1692,18,-9;1722,22,-13;1762,23,-16;1840,64,-34
rua||lateral da rodovia br 135|cachoerinha|39390000|20,-1712948,-4382022;25,-75,-8;110,36,5;466,-244,-22;482,-58,-4;528,-36,-4;642,-21,-1
rua||lateral da rodovia br 135|centro|39390000|39,-1711228,-4382112;45,25,3;47,-4,-9;57,-30,18;61,-2,-7;65,8,-2;75,-22,7
rua||lateral da rodovia br 135|esplanada|39390000|99,-1711271,-4382099;105,-8,-5;113,-13,1;125,-8,3;139,-5,-2;185,-52,11;197,0,-3;207,-10,1;213,-25,-3;217,-25,3;219,38,-6;233,-13,6;275,-39,9;341,-64,3;397,-43,11;407,-19,-10;423,-21,5;459,-18,1;481,-21,-1;588,184,-15;590,43,-4;592,-26,-1;594,-22,7;620,-28,-2;622,-3,3;629,153,-9;630,-164,9;640,-1,0;662,-19,5;672,-11,-1;830,-149,7;906,-27,6;908,2,-4;918,-10,3;928,-5,6
rua||lateral da rodovia br 135|loteamento diamantina|39390000|62,-1712912,-4382024;150,-7,3;1332,596,-49
rua||lateral da rodovia br 135|maria rosa|39390000|242,-1711396,-4382152;284,-40,3;288,-2,1;296,-9,2;362,-25,6;364,10,-4;370,-35,4;396,-14,-1;400,-19,5;412,0,0;426,-7,-4;430,-23,7;436,8,-5;458,-17,6;510,324,-26;560,-419,-33;570,397,29;576,-16,0;584,-6,4;596,-10,3;606,1,-3;622,-24,3;630,-371,20;634,357,-19;680,-42,16;708,-21,-22;738,-30,12
rua||lateral da rodovia br 135|morada nova|39390000|1337,-1709996,-4382525;1475,18,-11;1491,18,-12
rua||lateral da rodovia br 135|tancredo neves|39390000|163,-1711732,-4382115;740,-38,0;790,-39,8;850,-46,-1;873,29,0
rua||lateral da rodovia br 135|zumbi|39390000|182,-1710859,-4382196;196,-31,6;204,-21,-4;210,-17,3;218,-3,2;222,-8,-5;325,103,2;365,16,-3;401,44,-4;437,32,-9;541,93,-30;561,15,-10;565,14,0;567,-6,1;587,17,-1;643,45,-21;659,10,-8;667,1,12;743,53,-23;787,58,-18;813,17,-5
rua||lauriana barbosa siqueira|nossa sra aparecida|39390000|35,-1712276,-4380670;41,3,2;46,-2,-4;57,11,15;58,-13,1;88,1,32;94,7,6;102,-2,1;120,-6,24;154,4,26;155,1,14;156,1,0;158,-5,3;161,9,-1;162,-4,6;165,5,-1;166,-7,8;171,11,7;176,-9,-3;179,5,3;185,6,3;195,-2,14;217,-2,18;223,3,2;229,1,15;230,-6,-1;245,6,12;252,-4,-2;253,3,5;258,-4,3;269,7,4;296,-10,30;304,9,10;305,-2,1;310,-2,7;315,2,-1;318,1,5;325,4,15;326,-6,-9;333,6,18;334,-6,-9;344,4,17;374,-2,31;375,9,-1;380,-8,5;388,1,7;390,0,0;393,10,2;394,-11,-1;400,-1,11;401,11,-2;409,-2,14;412,-6,-2;432,5,18;433,-5,-3;437,5,15;439,-3,-8;444,1,8;450,-1,0;456,-3,9;461,5,1;462,-19,2;469,22,5;478,-5,7;479,6,2;490,-9,4;497,9,7;510,-10,38;512,7,-2;518,2,3;525,5,13;530,-10,-8
rua||lauriana barbosa siqueira|pernambuco|39390000|89,-1712268,-4380623;91,2,7;105,-9,7;113,4,5;119,6,6;125,-3,2;133,1,12;261,2,-48
rua||lazaro jose souto|esplanada|39390000|9,-1711561,-4381684;18,-8,-17;19,-7,1;26,4,-11;27,-2,3;33,-1,-2;38,0,-1;39,-11,-9;46,5,-1;56,0,-5;61,-2,-15;64,-5,0;69,-6,8;79,5,-14;84,-11,-4;91,4,-5;94,-6,-7;110,-2,-5;118,-12,-9;119,2,-11;131,-5,-4;141,-1,-8;144,-5,-6;150,-6,-2;162,-4,-9;163,26,47;174,-24,-52;185,-11,-5;192,3,-7;273,9,15
rua||leticia camara|centro|39390000|10,-1711671,-4381571;26,1,29;42,-8,13;45,-6,0;49,4,7;53,6,4;54,-7,2;61,6,10;81,-2,11;82,-6,-3;95,4,11;110,-11,28;117,9,15;122,-8,-2;125,1,7;136,-3,3;141,7,7;161,-1,23;172,-13,3;309,23,-64
rua||lino jose de moura|nossa sra aparecida|39390000|10,-1712028,-4380581;15,-221,10;19,213,-11;20,4,-7;27,-12,8;28,-2,-4;31,2,5;36,-5,-9;40,-1,-13;43,-7,20;59,-3,0;87,-35,1;96,-7,-1;99,0,-1;111,-15,2;114,3,1;119,-12,1;122,3,-5;125,-9,7;155,-344,8;177,310,-7;184,-7,-3;185,-1,3;191,-3,0;197,-13,3;202,-3,-9;203,-6,5;210,-8,-12;211,6,17;215,-5,-6;220,-2,1;221,-1,-2;227,-10,30;232,5,-30;233,-6,14;240,-12,-15;248,-1,9;255,-9,1;256,4,-6;259,-8,6;260,-8,5;264,1,-15;286,-31,8;298,-8,-1;309,0,6;313,-10,-3;317,-7,4;320,2,-9;321,-4,14;327,0,-7;328,-3,-2;333,-11,3;345,-1,8;352,-9,-16;364,-10,1;365,-5,6;369,9,2;372,-8,-4;387,-26,12;423,-19,-12;429,-18,6;441,-6,-2;442,6,-6;446,-9,9;447,-6,-3;453,0,4;463,-9,-2;468,-5,-3;473,-6,5;474,2,-5;476,-6,-5;482,-5,-1;483,-2,12;491,-3,3;492,-3,-12;502,-8,3;503,2,5;507,-7,2;515,-7,4;529,-8,-1
rua||lions clube|esplanada|39390000|3,-1711465,-4381694;11,-25,0
rua||lourival da silva|zumbi|39390000|13,-1711280,-4382278;21,6,0;27,5,-8;32,1,7;33,5,-13;39,-2,10;40,6,-2;44,1,-4;49,5,-17;54,3,7;60,2,-1;66,7,-3;72,3,-4;80,4,-1;90,6,-9;96,10,-9;141,20,-37;155,14,-8;161,-1,-2;191,27,-19;199,6,-10
rua||luis de liliu|beija flor|39390000|19,-1711316,-4382333;27,11,-7;35,3,0;43,13,-9;53,-2,-11;167,78,-69;177,1,-5
rua||luis de liliu|maria rosa|39390000|86,-1711419,-4382230;100,13,-13;112,6,-3;122,13,-7;134,9,-12;146,1,-4;148,11,-7;154,-6,-5;158,3,-1;170,7,3;180,8,-11;186,5,-7;194,6,-2;202,4,-5
rua||luis de liliu|zumbi|39390000|12,-1711097,-4382549;18,7,-5;22,-221,226;24,229,-223;30,26,-35;34,-249,250;38,232,-217;46,-105,84;48,-123,119;50,7,-3;52,234,-212;58,-219,208;60,214,-218;72,14,-20;80,-7,-1;89,6,-9;91,3,1;92,-13,28;102,39,-46;105,-20,15;108,14,-2;109,-28,20;116,-195,203;121,229,-236;122,-224,230;130,2,-1;134,11,-1;141,222,-246;142,-219,233;146,2,-4;150,4,0;153,219,-236;158,-212,228;166,4,0;167,221,-240;174,-215,227;250,59,-52;251,-12,-4;260,16,-10;261,-4,5;273,3,-10;279,4,-2;285,4,-4;291,8,-9;317,11,-14;349,3,-3
rua||luis inacio silveira|centro|39390000|61,-1711199,-4381458;239,-1,-134;1212,9,102;1219,-1,-6;1229,1,-15;1245,-4,-11;1248,6,-9;1257,-3,-5;1265,-6,-10;1326,-4,-59;1333,-1,-6;1342,0,-5
rua||luiz de liliu|maria rosa|39390000|3,-1711468,-4382183;4,6,2;26,8,-5;28,0,0;30,4,-7;31,-25,-27;36,28,22;45,-13,7;48,20,-14;55,-9,3;59,1,-6;65,5,0;71,12,0;72,-3,3;91,19,-31;101,11,-10;102,-3,8;113,2,-12;123,7,-7;129,4,-4;135,2,-40;147,8,8;159,9,16;161,7,-7;169,5,-12;181,1,-9;185,-14,31;191,31,-27;195,4,-9
rua||luiz duraes|sentinela|39390000|137,-1709536,-4399030;172,-24,-4;175,-77,14;184,71,-14;300,115,-7;301,-38,2;356,2,-7;371,-8,9;377,-20,4;416,-38,-4
rua||luiz inacio silveira|centro|39390000|1362,-1711190,-4381645;1369,-10,3;1373,-6,-10;1381,4,-9;1385,0,-10;1388,-7,15;1389,7,-15;1390,-3,9;1394,-4,-14;1395,7,1;1406,-11,-7;1409,3,0;1431,-3,-20;1449,1,-10;1463,0,-13;1473,0,-10;1493,-5,-34;1507,0,-10;1513,1,-5;1523,-1,-1;1525,0,-9;1531,-1,-3;1538,-2,1;1539,-3,-6;1548,6,-3;1549,-11,-10;1554,5,5;1555,5,-8;1566,-2,-8;1569,-2,-1;1579,-3,-14;1580,13,12;1583,-20,-22;1594,9,6;1607,-6,-22;1615,4,-6;1625,0,-11;1628,3,3;1633,-1,-11;1638,-1,-4;1643,-3,-3;1651,-4,-14;1658,6,2;1665,-13,-15
rua||luiz zacarias de araujo|centro|39390000|5,-1710985,-4381461;26,17,13;35,9,2;87,43,20;89,2,-2;94,5,12;111,11,5;122,-44,-29;126,-1,6;160,-7,7
rua||l|california|39390000|114,-1712499,-4381488;121,-8,9;151,-26,2;165,-19,0
rua||l|jardim aeroporto|39390000|12,-1712707,-4380802;16,0,-16;20,-2,-5;28,-1,-9;34,2,-7;36,-1,-3;74,6,-39;82,5,-7;86,-4,-5;96,1,-7;104,0,-12;122,8,-3
rua||l|morada nova|39390000|54,-1710909,-4382992;58,4,2;66,1,-3;82,19,-11
rua||l|tancredo neves|39390000|5,-1711874,-4382176;11,-9,-14;12,2,0;17,-1,-10;18,3,-14;23,-7,-4;24,10,7;29,-13,-10;30,7,-5;35,-5,-2;36,6,-17;38,1,0;41,1,-9;42,-4,1;47,-5,-3;48,4,1;53,-5,-10;54,6,-6;59,-7,-13;60,7,3;65,-6,-9;66,5,-2;87,-6,-19;88,4,-3;93,-3,-3;94,5,-6;99,-10,-13;100,5,1;105,-2,-16;106,3,2;111,-6,-17;112,4,11;117,-4,-17;118,5,3;123,-8,-12;124,9,4;129,-6,-23;130,4,11;135,-4,-21;136,2,8
rua||l|zumbi|39390000|3,-1710952,-4382967;27,24,-12;37,-9,7;85,58,-37;97,6,-7;160,52,-23;197,-47,19;200,85,-37;206,4,-7;212,7,-3;218,13,-9;224,-4,2;230,6,3;240,5,-7;248,12,1;264,11,-16;266,4,2
rua||mamede almeida|sentinela|39390000|38,-1709563,-4399092;80,-21,19;116,-73,20
rua||manoel ferreira pimenta|nossa senhora de fatima|39390000|29,-1711800,-4381245;43,-39,-13;52,-10,-2;53,-3,3;64,-12,-5;84,-24,-10;87,6,10;96,-16,-5;107,-5,3;115,3,-11;141,-26,1;155,-6,-3;156,-2,4;167,-13,-5;168,1,1;179,-14,7;180,7,-17;223,-38,5
rua||manoel messias|california|39390000|25,-1711952,-4381381;34,-1,-13;35,-9,4;42,-4,-2;43,-2,-5;48,13,-7;61,-19,-5;62,9,1;70,-3,0;75,-15,-14;76,3,0;83,-6,-10;574,33,59
rua||manoel otaviano|centro|39390000|6,-1711155,-4381348;12,4,-6;18,8,3;22,2,-1;25,-23,6;26,22,-2;54,6,13;64,4,5;67,7,1;74,10,-9;77,-1,12;83,10,-1;89,0,2;90,-3,0;93,8,4;105,-2,6;106,-1,5
rua||manoel pereira veloso|pernambuco|39390000|41,-1711454,-4380713;45,2,-3;46,-8,5;49,-1,-7;53,-5,0;61,-3,-3;67,-1,-2;74,-5,-6;75,-6,8;77,-4,-3;83,-6,-4;84,8,-3;92,-6,-7;99,-14,13;102,3,-10;114,-19,-13;117,1,13
rua||manoel rodrigues lima|nossa sra aparecida|39390000|9,-1712398,-4380677;16,6,5;17,1,9;20,10,-13;33,-15,22;35,17,364;43,-6,-350;46,-6,-14;74,-5,30;78,4,7;79,13,5;95,-9,7;97,1,6;98,-4,-12;100,5,13;106,-1,1;107,1,10;112,-5,7;115,8,4;118,-9,0;137,3,18;144,7,5;145,-7,1;155,3,7;163,-6,6;164,2,1;169,-1,8;174,5,0;182,-1,9;183,0,1;188,2,6;193,-2,2;216,1,24;217,5,7;220,-2,2;222,3,11;232,-4,5;233,4,-1;243,5,2;244,-10,10;259,7,4;260,-6,6;285,5,12;295,-2,18;296,1,10;303,12,76;320,-15,-77;321,10,2;330,-4,4;333,3,12;336,-4,2;346,11,11;380,-8,25;381,3,14;392,-6,4;393,3,-2;404,-2,7;407,4,1;415,-4,23;453,5,26;454,-5,0;461,9,0;477,0,21;485,0,6;486,-5,5;502,-1,8;520,4,28;523,5,2;524,-10,0;526,-9,-7;532,11,13;534,-21,4;538,-9,8;543,36,-9;544,-5,-2;554,1,13;556,8,-1;559,-4,1;560,-4,2;563,6,3;567,1,3;570,-8,7;574,-3,1;577,12,11;580,-11,-2
rua||manoel silveira veloso|california|39390000|25,-1711901,-4381656;49,1,7;59,-6,16;85,-10,11
rua||manoel teofilo|pernambuco|39390000|39,-1711029,-4381102;42,0,8;55,8,-3;71,18,9;76,3,5;88,13,2;96,4,-1;104,3,3;110,9,5;122,5,2;127,14,4;134,14,3;137,-12,-5;144,5,-2;146,-2,-12;148,-2,11
rua||maranhao|pernambuco|39390000|7,-1711384,-4380874;9,209,-90;22,-22,5;45,-3,9;60,-16,7;87,-10,3;95,-14,1;101,42,-10;102,0,-1;122,-324,204;145,251,-170;157,-6,0;165,-22,4;166,14,-1;170,-13,-3;177,-1,2;186,-13,4;213,-26,9;230,-7,6;231,1,-2;238,-8,3;239,-6,4;240,9,-3;246,-9,0;254,-9,4;260,-6,3;262,2,-1;267,-5,7;284,-15,0;288,-15,6;296,-8,6;304,-4,2;306,-1,4;310,1,-4;315,6,5;322,-9,1;328,-14,1;331,5,14;332,-7,3;333,6,1;346,-12,-2;347,5,6;356,-13,9;364,0,-2;368,-1,5;369,-5,3;372,-1,4;380,-5,1;388,-3,5;396,-11,11;409,-5,4;413,-1,4;419,4,5;423,-12,2;427,231,-134;430,-233,138;450,-10,8;460,-9,6;519,266,-165
rua||marcelino ribeiro|pernambuco|39390000|20,-1711978,-4380733;21,8,1;25,-2,-7;26,0,-8;31,1,5;34,-5,-8;38,0,-8;41,6,8;48,-7,-9;49,3,-1;56,0,-8;61,-2,-3;69,0,-9;75,-3,-12;80,3,4;81,0,-12;90,-1,-9;91,-3,4;97,1,-9;100,2,4;103,-1,-7;104,1,-3;110,-2,-6;113,3,2;115,-4,-15;119,-1,-2;124,-1,1;134,2,-1;418,9,119
rua||marcolino alves da cruz|alto belo|39390000|55,-1693501,-4373601;62,-165,-28;74,-30,-7;78,3,2;84,36,6;85,-21,-9;94,15,11;95,-5,-10;102,-17,0;113,25,3;155,38,5;170,17,1;200,17,9;215,18,-1;218,-2,5;244,22,-1;266,13,4;276,5,-1;293,17,1;315,45,9;317,13,5;324,-21,-5;343,-30,-7;350,20,1;360,37,6;362,-15,-2
rua||marcolino dias|pernambuco|39390000|77,-1711950,-4380591;86,8,5;87,12,-4;88,-6,6;94,11,-2;97,-4,-3;102,15,14;103,-4,-14;110,-2,1;111,9,0;117,4,2;122,5,1;123,-3,-4;131,11,12;132,1,-3;135,2,1;144,9,3;149,-3,-1;150,7,-3;158,4,11;161,3,-3;166,10,7;169,0,2;180,7,13;188,9,-2;240,22,21;241,8,11;251,5,4;254,4,4;260,3,-3;263,5,7;266,0,8;267,2,-8;272,6,-2;273,-3,4;275,5,4;276,-2,6;277,2,-6;283,2,5;291,6,5;298,2,8;299,0,-2;306,-1,4;308,5,4;309,5,-4;312,6,18;318,-1,-6;321,-4,3
rua||marcolino tintil dias|pernambuco|39390000|29,-1711986,-4380586;32,6,-3;37,4,-1;45,12,-3
rua||maria alves da conceicao|centro|39390000|37,-1711291,-4381888;38,-5,-4;39,-4,14;42,-2,-5;43,2,3;50,17,18;62,-19,-12;66,0,12;67,6,-6;104,-4,10;116,0,0;120,3,4;240,0,-33
rua||maria augusta|pernambuco|39390000|28,-1711835,-4380680;37,0,17;38,-7,-7;42,-5,-4;47,11,25;48,1,-4;54,5,0;55,-8,5;64,-3,-1;65,6,9;67,-5,2;68,0,-10;72,-4,18;75,6,4;84,-8,3;91,-2,13;92,1,-7;97,3,4;100,-2,10;105,4,10;112,-4,-4;113,3,6;119,2,3;120,-11,-3;132,5,10;145,2,15;150,-9,1
rua||maria carvalho dias|pernambuco|39390000|22,-1711175,-4381006;28,-5,-18;36,3,-2;46,-12,-9;65,-13,-2;68,4,0;73,-3,-15;75,0,10;76,-4,-9;82,2,-4;92,2,-11;93,-3,8;95,6,-27;96,-2,20;100,-1,3;102,3,-25;105,-4,9;110,3,-3
rua||maria das dores ferreira|terra branca|39393000|29,-1731305,-4322065;40,7,-43;85,23,-32;103,5,-9;295,-30,64;331,15,-31
rua||maria de sia faustino|tancredo neves|39390000|6,-1711730,-4382348;12,2,-11;18,-1,-17;19,-15,-34;24,17,22;25,-2,-19;30,9,17;31,0,-36;36,6,19;37,-5,-35;42,2,25;43,-3,-35;48,6,21;54,2,-17;60,-6,-7;63,-3,-12;66,11,2;69,-5,11;72,7,-29;78,2,2;84,1,-10
rua||maria isabel rogerio|pernambuco|39390000|21,-1711408,-4380938;27,5,-5;28,-17,-4;34,4,4;35,-3,-11;37,-5,12;41,2,-4;43,4,6;51,-22,-6;52,10,5;59,-12,-3;60,8,1;64,-10,-6;67,-6,5;72,9,-2;78,-3,-2;90,-22,-2;100,-4,-1;105,-8,9;112,-13,-7;119,-2,14;120,-3,-16;121,-2,1;128,-2,1;129,-8,4;135,3,-6;138,-1,-2;140,-6,-10;147,-13,26;152,2,-13;153,-10,20;164,4,-17;170,0,0;173,-11,-4;174,6,-5;182,-9,-1;200,-15,-4;207,-16,7;208,6,-1;215,-10,2;218,3,-4;220,-8,0;223,1,3;229,-9,1;230,4,-1;235,-15,4;241,-1,-8;242,5,-1;249,-16,-3;259,-16,5;260,-1,-1;270,-14,3;275,7,-2;282,-6,0;283,2,-1;291,-6,-1;292,-2,-2;298,-5,1;305,2,0;306,-6,2;308,-1,-3;322,-16,0;623,-3,1
rua||maria jose andrade|pernambuco|39390000|22,-1711854,-4380650;30,-4,0;32,-3,0;36,-11,7;42,-3,-4;46,-7,-5;52,-2,4;54,30,-1;58,-34,1;66,-6,1;68,-12,-1;74,-15,-1;76,21,2;86,-22,-1;88,-10,0;92,-6,-2;96,-1,1;102,0,0
rua||maria jose camara|terra branca|39390000|165,-1731334,-4321965;171,-4,-5;181,7,-7;208,11,-41;227,0,-10;233,7,-5;241,1,-8;271,-6,29;293,-10,20;308,6,-13
rua||maria jose camara|terra branca|39393000|10,-1731373,-4321828;20,-1,-5;33,14,-13;50,-10,-13;52,18,80;58,-6,-141;67,-23,123;69,24,-27;73,3,-54;78,5,91;103,-13,-121;111,16,-3;120,-9,-21;133,15,-4;134,2,-10;144,-13,2;186,11,-48;196,0,-10;207,-9,19;218,16,-39;267,4,-9;273,1,-23;333,-6,-43;338,-18,-25
rua||maria jose de andrade|pernambuco|39390000|33,-1711864,-4380653;35,-2,5;39,-5,2;47,-4,-2;61,-13,-1;65,-24,14;69,-6,15;75,4,-25;81,-4,23;83,-7,-23;91,28,-2;93,-38,-4;95,-7,0;97,0,7;101,59,2;105,-63,-8;111,-13,-4
rua||maria jose|nossa sra aparecida|39390000|21,-1712404,-4380683;71,-24,26;73,-3,8;125,-27,33;133,-8,11;145,-11,3;155,-9,10;755,176,-112;781,-29,5;795,-8,-16;803,-7,0;815,-8,3;825,-11,2;847,-10,6;849,-15,8
rua||maria jose|sao geraldo|39390000|259,-1712537,-4380528;265,-4,4;365,-83,49;371,-10,-3;379,-13,12;389,-1,-2;390,7,2;391,-9,7;396,-1,-3;410,-7,8;412,1,6;416,-10,5;436,-7,0;450,-12,11;456,-7,-4;457,10,12;459,-12,-6;465,-4,12;467,-8,2;469,-2,1;471,8,-4;472,3,-1;474,-6,-10;477,-12,13;480,6,-5;481,-5,-4;489,0,15;491,-14,1;501,-9,4;510,1,-7;511,-9,10;519,-7,0;520,9,-11;524,-13,3;527,-3,9;554,-7,-3;560,-12,-1;567,-5,-3;572,-7,1;582,-3,6;601,-18,12;611,-6,-2;669,-60,20;675,-7,-1;679,-1,2;687,-7,3;691,-4,-2;697,-5,12;745,-34,5;751,-14,7;759,-2,4;783,-22,12;789,-8,-1;807,-15,1;819,-6,5;823,-5,5;831,-3,-1;837,-6,6;849,-14,6;857,-4,7;865,-5,5;877,-7,3;925,-17,15;985,-24,25;997,-6,0;1003,-7,5;1005,-3,1;1009,-6,13;1021,-4,2;1025,-3,1;1029,-5,4;1039,-2,8;1057,-10,12;1065,-4,7;1069,-1,6
rua||maria jose|sinval vale de menezes|39390000|25,-1712468,-4380629;140,-10,13;146,0,-4;156,-7,17;160,1,5;186,-20,14;196,-4,4;673,-372,202;678,-5,3;683,-3,0;685,-11,3;710,-17,6;716,0,8;720,-7,-6;729,-7,7;732,-7,-1;738,1,0;754,-15,5;812,-55,23;840,-29,-19;846,11,28;858,-11,6;864,-4,7;876,-7,6;926,-35,20;970,-3,15;980,-1,3;982,7,-12;992,-15,19;1000,-8,9;1004,-3,1;1012,-6,3;1020,-4,11;1040,-12,10;1048,-18,-28;1058,15,-18;1064,-10,44
rua||maria lucia araujo|zumbi|39390000|36,-1710830,-4382624;46,12,0;52,3,9;54,10,2;60,-2,0;66,11,9;78,9,3;504,-53,-23
rua||maria pandeiro|pernambuco|39390000|34,-1711314,-4380576;44,-11,-13;72,-25,-16;73,5,6;83,-6,-1;93,-7,-7;94,0,-1;99,-5,-2;102,-1,-3;110,-3,-8;111,0,12;116,-11,-15;120,0,-2;125,-4,6;133,-13,-14;136,10,5;142,-6,-5;145,-9,-1;148,1,1;153,-7,-5;156,1,-4;168,1,-10;171,-16,5;176,1,-3;179,-10,-5;183,-5,-4;186,10,4;188,-4,-4
rua||maria silva coelho|cachoerinha|39390000|20,-1712922,-4382051;32,-1,-4;42,3,-14;56,7,-4;59,-7,-1;65,3,-10;66,1,5;73,1,-30;81,2,16;89,1,-2;95,2,-7;97,5,-15;98,-3,11;108,6,-4;122,6,-14;130,3,-8;131,0,-12;136,3,8;137,-2,-1;140,6,-9;144,1,-5;155,-29,60;158,37,-77;162,7,-1;179,-8,-14;180,13,-1;187,-7,-4;188,5,-2;190,4,-7;191,-7,6;193,-2,5;195,0,-9;197,-6,10;199,11,-17;200,3,0;203,2,-9;212,3,-6;266,13,-19
rua||maria tiburcia de souza|nossa senhora aparecida|39390000|20,-1712078,-4380169;30,-10,-4;33,4,1;35,-23,-2
rua||maria tiburcia de souza|nossa sra aparecida|39390000|103,-1712141,-4380189;118,-15,1;130,-11,-6;138,-8,8;140,-2,-5;148,-8,4;152,-9,2;160,-5,2;168,-4,-1;174,-11,-5;192,-12,6;202,-29,0;218,-6,1;226,-6,0;236,-10,7;244,-3,1;248,-4,-10;252,-1,17;256,-13,-1;266,-5,-24;268,-2,26;276,-3,1;284,-8,-3;290,-12,8;300,-2,3;304,-5,-2;312,-3,-1;316,-8,2;322,-4,2;352,-29,8;360,-5,3;366,-7,1;372,-8,-1;380,-10,-3;386,-5,5;392,-1,2;396,-5,-1;400,0,2;408,-2,2;416,-8,-7;420,-4,16;426,-10,-14;432,-5,2;438,-9,5
rua||maria vieira veloso|bonfim|39390000|58,-1710736,-4381576;70,-2,0;112,61,26;114,9,0;130,9,2;131,3,-5;138,5,4;148,18,9;151,-3,-6;158,10,4;161,6,1;170,3,4;176,5,-5;184,-12,3
rua||mariana de queiroga|centro|39390000|18,-1711396,-4381202;30,-19,-2;36,-3,3;44,-11,7;54,-9,7;66,-8,7;78,-8,3;88,-10,9;94,-10,0
rua||mariana de queiroga|pernambuco|39390000|75,-1711456,-4381170;77,0,-1;118,-28,2;132,-6,10;140,-9,8;141,-13,10;150,2,-7;160,-16,9;163,4,9;181,-3,-2;193,-25,8;199,-2,3;220,-43,14;237,6,-8;254,-13,11;260,-6,3;274,-4,0;280,-7,14;290,1,-4;300,-7,0;310,-9,4
rua||maristela figueiredo|centro|39390000|8,-1711606,-4381312;16,11,-9;21,3,-1;28,6,4;40,7,6;43,8,-1;52,1,3;55,3,-2;63,14,-3;68,-2,7;72,7,1;73,1,-5;78,0,4;83,16,-4;86,-2,9;98,10,-22;104,2,13;116,19,4;146,97,12;148,-78,-11;149,-4,-9;155,-122,-11;157,131,17;164,17,-9;165,-13,6;175,9,0;177,-3,2;183,484,123;210,-440,-115;222,-8,14;223,-178,-39;232,196,30;246,11,4;269,-10,-5;281,1,3;293,0,-1;305,13,1;314,13,53;320,14,-31;330,16,2;349,14,-8;350,1,12;361,10,-5;362,17,-4;366,-2,2;373,1,1;378,5,16;387,-74,-18;388,129,12;389,-43,-4;400,8,3;412,14,-1;431,-10,0;476,65,-1;487,11,9;517,21,-2;541,21,-3;559,16,5;573,5,3;591,26,3;687,84,29;705,16,8;711,6,7;729,11,-1;741,9,8
rua||maristela figueiredo|pernambuco|39390000|56,-1710946,-4381169;58,-4,1;60,-4,-6;445,-294,-92;465,21,4;477,2,3;494,15,-3;508,7,2;522,18,0;558,26,8;568,9,-2;570,1,-5;580,-21,-1;590,45,14;608,11,5;626,14,-1;634,7,1;654,18,8;664,14,4;688,25,12;704,7,4;726,7,3;758,36,23;772,10,0
rua||maximiliano rodrigues de oliveira|camilo prates|39390000|34,-1704227,-4376124;42,16,10;79,8,3;82,-5,2;95,23,14;98,-16,6;101,16,6;121,13,2;132,-1,8;139,10,2;153,8,7;173,22,25;188,15,3;252,11,7
rua||montes claros|pernambuco|39390000|297,-1710824,-4380843;300,8,-4;315,1,-13;316,13,-2;327,-11,-7;332,20,-10;337,-10,-3;349,3,-8;350,11,3;356,0,1;366,5,-16;371,-4,-16
rua||m|beija flor|39390000|23,-1711194,-4382561;29,0,-1;32,-4,-10;37,-3,0;38,0,0;47,-11,6;55,-3,-6;62,-49,-38;65,42,35;70,-2,-10;76,-12,0;79,2,1;84,0,-10;85,-6,3;89,4,1;91,-14,-1;105,-13,-13;109,9,8;115,1,3;132,-19,-27;136,-5,-4;144,-1,1;150,-5,-3;168,-16,-6;177,-3,2;223,-51,-22;233,0,-3;247,-25,-9;251,7,-11;265,-12,4;270,6,-13;295,-23,-6;296,-8,-5;314,3,-21;355,-38,0;362,-7,-13;367,-6,-14;368,33,6;457,-105,-22;462,7,-13
rua||m|jardim aeroporto|39390000|591,-1712688,-4380924;599,-5,2;609,-3,3
rua||m|morada nova|39390000|145,-1710156,-4382565;155,8,-14;159,1,-5;165,0,0;169,-2,-6;195,3,-31;199,0,-29;233,-6,2;254,14,-26;292,-2,-24;301,-7,-13;305,-1,-13;312,12,-2
rua||nazario rodrigues|beija flor|39390000|270,-1711464,-4382529;276,7,-2;286,-4,-8;302,-27,-22;308,0,2;309,2,5;314,0,-13;337,-12,-6;340,-3,1;349,-4,-18;361,-20,3;376,3,-11;382,-6,-2;389,-3,8;421,-35,-33;425,5,-19
rua||nilo pereira dias|nossa sra aparecida|39390000|11,-1712048,-4380653;19,-4,5;21,-2,0;22,4,-7;24,-8,1;43,0,0;68,-28,0;75,-13,9;76,10,-9;84,-10,4;89,-8,4;94,-1,-7;97,-3,7;100,-6,0;101,-1,-4;103,-2,3;107,-6,-6;120,0,4;121,-3,-1;154,-43,1;165,-5,4;167,-2,4;170,-2,1;175,-8,-2;176,7,-10;182,-6,0;183,-8,9;190,6,-7;191,-9,5;195,-3,1;196,-9,-4;202,-96,0;204,100,-9;208,-4,5;213,-5,3;216,-6,2;219,-7,2;230,-7,-5;231,0,4;239,-4,0;242,-9,-1;245,4,0;249,-10,3;254,0,-6;261,-11,8;284,-18,-6;290,-14,-5;304,0,5;311,-6,5;312,-7,-6;315,1,8;318,-8,-1;320,-5,-11;321,7,12;328,-8,-5;334,-15,-16;343,19,22;353,-10,0;361,-11,2;362,-3,-21;367,0,24;372,-7,-4;376,-2,3;377,-4,1;391,-4,-2;399,-18,3;405,-8,-1;427,-14,1;431,-7,1;441,-6,1;447,-4,0;453,-10,-1
rua||nilson farias|pernambuco|39390000|58,-1711550,-4380452;79,14,-12;101,-17,22;107,-2,1;113,-4,7;118,-5,-6;125,-24,37;140,22,-31;143,40,-18;145,-37,22;146,-8,4;153,-3,8;154,-1,-6;157,-1,11;159,-7,9;160,-3,-2;166,-1,-5;170,-5,15;217,-24,33;222,-5,-10;235,-2,17;236,0,-8;241,-1,12;246,-4,1;247,0,5;280,-22,26;286,0,-2;287,0,5;292,-12,2;298,2,5;304,-21,29;305,0,3;307,18,-18;308,-2,-8;312,-25,23;315,22,-15;326,-6,0;327,3,3;333,-5,8;336,-7,1;345,-20,36;349,-5,-2;351,24,-21;352,-20,24;353,-4,4;361,-6,7;362,18,-37;366,-17,32;368,-4,4
rua||norberto alves dias|esplanada|39390000|12,-1712141,-4381894;16,20,1;18,-32,-8;20,19,3;22,-19,-2;26,21,-13;32,1,0;33,-13,0;39,0,-14;42,10,4;47,-1,-8;48,-4,3;51,-7,1;61,-1,-16;77,0,-8;85,6,-9;93,-5,-9;98,10,-9;104,-1,3;107,-10,-4;110,8,-5;115,-5,-5;118,16,-1;125,-16,-8;129,18,-10
rua||norberto caetano de oliveira|bonfim|39390000|10,-1710722,-4381823;20,-3,-2;26,-5,-9;31,-5,-8;34,3,4;39,-5,-5;41,-1,-2;43,0,-2;44,3,0;45,-10,2;51,-3,-6;61,1,-7;64,-2,-7;69,-5,2;72,-8,-7;77,2,3;97,-7,-11;103,-4,-5;116,-8,-15;123,-12,-7;215,73,94
rua||nova era|nossa sra de fatima|39390000|114,-1711836,-4381438;120,1,0;123,-3,-4;130,-2,11;135,-3,-1;136,2,8;143,-4,3;144,1,6;151,-6,1;154,8,4;160,-6,6;170,3,7;171,-5,-1;173,-4,12;175,3,-25;180,-4,34;185,-2,-2
rua||nova era|terra branca|39393000|5,-1731360,-4322143;10,15,7;12,36,189;13,7,-185;15,-47,-9;21,35,5;26,-10,-4;30,2,7;40,-14,-6
rua||n|beija flor|39390000|23,-1711169,-4382625;29,-2,-1;35,-4,-3;41,-6,-1;55,-13,-16;56,2,1;61,-5,-1;64,-1,-1;70,-3,-6;73,-10,4;76,5,-6;82,-4,2;85,-12,-1;88,4,-5;94,-3,-7;100,-4,0;106,-5,-3;110,-6,-3;118,0,-2;124,-7,-2;150,-3,-2;156,-26,-16
rua||n|maria rosa|39390000|11,-1711558,-4382478;17,-8,-1;56,-23,14;60,0,1;61,-11,19;63,1,-3;67,-10,5;68,6,-4;73,-11,13;127,-3,3;128,-1,-14;135,-4,12;140,1,-6;141,-3,17;150,-7,0;158,0,11;159,-8,-1;162,-2,2;163,-4,4;165,-2,4
rua||n|morada nova|39390000|21,-1710159,-4383158;33,16,1;45,10,-5;55,3,-1;65,15,1
rua||n|zumbi|39390000|29,-1710849,-4382888;43,-4,-3;80,25,-18;82,-14,-24;94,1,-9;130,-5,-28;136,-1,-8;149,-4,29;150,5,-39;151,-6,0;159,14,28;178,-7,-61;243,-4,-54;261,-2,-22;293,-1,-31;301,2,-13;306,2,1;325,-3,-24;330,7,7
rua||oito|engenheiro dolabela|39395000|1,-1747230,-4400780;3,7,4;7,24,17;9,4,2;11,17,7;19,36,28;23,15,13;27,27,16;29,9,6;30,60,46;31,-51,-41;34,29,28;40,81,52;50,4,-8;63,196,130;71,27,25;86,-11,-13;424,-262,-173;805,-195,-130;813,42,31;815,14,3;817,4,9;821,20,14;825,15,14;833,50,22
rua||olhos dagua|pernambuco|39390000|241,-1711324,-4380464;247,-11,0;258,-2,-12;259,2,6;265,-17,-8;266,6,-6;278,-8,-6;279,-11,10;287,-3,-3;291,-2,-10;292,10,7;293,-12,-1;297,-12,-1;305,0,-1;312,-1,-11;317,-8,6;325,-10,-1;326,5,-11;330,-3,-5;332,5,-5;340,-16,7;342,0,5;344,2,1;345,-9,-4;346,-2,3;359,-1,-5;374,-14,-17;381,-10,8;389,-9,-13;390,8,-4;396,-11,1;403,-3,9;408,-9,-11;412,-12,-1;415,7,5;431,-11,-7;444,-8,-7;445,-3,4;446,2,-10;447,-12,-1;460,0,2;468,-4,-8;469,-4,4;472,1,-3;476,-5,-2;477,-4,10;483,-5,-16;484,-2,6;488,-6,-4;492,0,0;494,202,92;496,-205,-88;502,-3,0;512,-15,-20;515,-3,1;522,-7,-4;547,-13,3;560,-48,-33;566,8,7;569,-14,-1;570,11,-9;573,-7,2;574,42,26;575,-14,-2;580,80,24;581,-120,-45;584,4,-11;593,-16,3;604,-10,-14;605,8,1;612,-8,1;621,-9,-2;622,1,-1;634,-8,1;640,-5,-6;664,-2,-3;667,-2,2;668,-1,12;672,-4,-14;675,-1,4;686,-8,-1;689,-16,-12;690,20,-1;696,-6,-1;697,-31,39;706,24,-46;711,-11,-1;719,-6,0;720,5,-3;729,-11,2;730,-2,-10;736,-4,-1;739,-5,-1;745,-8,0;751,-8,-2;757,-2,-10;765,-8,-1;766,13,3;778,-18,-14;791,-11,-8
rua||oscar euzebio da cruz|bonfim|39390000|20,-1710978,-4381631;30,-8,-6;50,-4,-12;56,-13,-4;62,-3,0;88,-7,-1;100,-27,-17
rua||oscar euzebio da cruz|centro|39390000|11,-1710971,-4381623;19,-3,-7;23,-9,-6;27,0,2;59,-28,-18;75,-9,-6;90,-15,-12;232,-114,-20;255,-11,1;273,-33,-4;285,21,-2;289,-33,1;542,45,6
rua||o|beija flor|39390000|13,-1711134,-4382677;37,-496,223;39,463,-242;47,-231,110;55,225,-119;58,-437,230;66,0,-5;81,415,-240;84,3,-3;110,-24,-13;119,0,5
rua||o|maria rosa|39390000|34,-1711637,-4382450;42,10,-5;45,1,-6;60,9,-19;75,13,-14
rua||o|nossa senhora de fatima|39390000|80,-1712111,-4381124
rua||o|zumbi|39390000|15,-1711112,-4382944;25,13,2;45,13,6;129,312,132;130,-1,-6;151,-23,-3;185,-18,-11;227,-28,-18;229,-1,-6;231,-10,-3;241,-6,0;242,-3,-4;249,-14,-5;261,-3,-1;268,-72,-35;269,60,34;281,-10,-9;287,-4,-4;312,-7,-7;318,-10,-2;321,1,9;326,0,-8;327,-8,6;333,-2,-2;336,-8,-6;341,-5,-3;349,0,4;379,-38,-13;389,-7,-1;395,-7,1;405,-5,-7;415,-9,-2;425,-3,5;668,252,94
rua||p f pena|monterrey|39390000|15,-1712294,-4380767;77,4,20
rua||padre alderico|pernambuco|39390000|209,-1711548,-4380352;212,2,0;217,-2,7;220,-2,-6;223,1,6;226,-8,4;229,5,2;233,-4,10;236,-3,-13;237,1,17;240,0,-9;244,-3,5;249,-7,6;250,1,-5;257,-4,13;260,-2,-1;265,-1,9;268,-1,-3;276,-8,7;290,-12,14;295,7,6;298,-6,-5;299,-2,8;303,-3,-4;306,-1,1;307,5,16;315,-6,-2;323,-5,6;324,-8,3;334,-2,6;335,9,-1;340,-8,0;345,-8,11;348,-18,-21;352,14,27;353,-2,1;358,1,2;361,1,8;362,-9,0;363,-2,-8;365,4,10;367,-6,0;382,-10,-1;383,13,10
rua||patricia patrus ananias|jardim aeroporto|39390000|10,-1712051,-4381269;28,-31,5;34,-5,3;44,-12,-1;49,-19,19;58,12,-17;60,-7,2;75,-31,17;78,10,-19;90,-24,1;99,-4,19;104,1,-18;116,-14,3;119,-6,16;128,-9,-19;131,9,19;164,-36,-9;195,-18,12;211,-19,4;225,-9,-2;236,-22,-10;242,-5,-5;256,-13,5;259,-6,18;302,-29,-14;360,-46,3;384,-25,2;385,-6,13;397,-10,2;408,-11,-13;415,-9,15;420,2,-12;443,-24,6;455,-19,6;459,1,-3;460,2,-7;470,-13,-2;500,-10,6
rua||paulo meira peixoto|pernambuco|39390000|4,-1711295,-4380672;5,4,0;10,-11,12;11,5,-3;30,-7,14;34,-10,9;35,14,-6;37,-7,11;38,-20,-14;44,11,20;45,2,3;53,-3,9;54,-4,-4;63,1,12;66,2,-7;72,-12,18;111,-7,24;112,-3,-3;131,-8,15;132,-2,4;142,5,-7;143,-9,24;145,3,-9;150,-22,-5;157,16,24;162,-4,-6;165,32,19;170,-31,-7;175,-6,2;183,0,5;184,-4,4;187,-3,0;300,2,7
rua||pedro ferreira|esplanada|39390000|12,-1712082,-4381844;54,11,-35;62,-5,-18;70,4,3;76,1,-6;80,-19,-21;84,14,6;89,1,6;109,7,-8;111,-1,-30;116,8,-11;121,-7,0;126,6,1;129,-1,-12;136,2,4;143,-2,-13;151,-3,-10;159,5,-7;184,14,-24;209,-33,167
rua||pedro lopes sobrinho|monterrey|39390000|25,-1712313,-4380981;39,-1,2;87,-48,23;95,-5,-1;103,-5,4;113,-8,4;125,-15,7;143,-21,8;157,0,0;169,-11,4;187,-13,8;197,-13,8;211,-18,6;221,0,0;235,-2,1;261,-31,13;271,-9,2;291,-17,10;309,-4,2;323,-28,11;339,-13,6;351,-11,4;357,-6,4;363,-5,6;369,-7,0;375,-4,1;377,90,-39;381,-95,43;387,-6,5;395,-3,0;405,-12,5;433,-24,13
rua||pedro lopes sobrinho|nossa sra aparecida|39390000|4,-1712018,-4380452;7,-2,4;10,-3,-3;11,-2,1;16,-8,-5;19,0,4;25,-8,2;28,1,-1;32,-5,2;68,-37,-4;77,-6,6;78,2,-4;81,-28,6;85,15,-2;86,1,-5;94,-14,5;99,-17,-1;101,-192,16;146,164,-12;179,-24,2;185,16,-3;191,-23,6;205,-3,-1;221,-15,2;230,-3,-8;231,-9,12;241,-6,-2;242,3,-11;249,-10,12;252,-3,-7;255,-6,7;258,-1,-5;260,-157,0;261,276,-6;264,-124,0;267,0,9;271,106,-22;273,-112,22;288,-26,-6;295,4,6;300,-16,-3;301,2,3;313,-1,-3;314,-2,-5;316,-9,5;321,4,7;322,-11,-9;325,7,6;330,-11,-5;334,2,3;337,-7,3;338,-3,-4;341,-1,3;345,-2,5;346,-4,-11;351,0,6;352,-8,-3;358,-6,-2;375,-9,10;378,-3,-7;383,-6,8;386,2,-6;393,-10,1;419,-21,5;421,-7,-4;429,-4,0;430,-8,1;442,-11,-3;448,-1,0;454,-8,-2;460,-9,8;461,21,18;471,-29,-17;472,9,-4;482,-14,-1;485,9,7;498,-26,1;499,-3,-5;507,-1,7;511,-2,-2;513,-6,-2
rua||pedro lopes sobrinho|sao geraldo|39390000|85,-1712563,-4380428;640,20,1;652,11,-2;660,-13,1;668,-4,0;676,-3,0;684,-7,1;690,-2,4
rua||pedro pereira|monterrey|39390000|15,-1712248,-4380746;27,3,-9;35,-1,-8;117,-13,-107
rua||pedro pereira|pernambuco|39390000|16,-1712247,-4380739;34,1,-14;42,-2,-8;48,4,-12;56,-3,-2;60,-1,-4;70,0,-11;76,-1,-1;80,-4,-13;84,1,-12;88,0,-16;100,-1,-2;106,2,-8;116,-2,-17
rua||principal|machados|39390000|1,-1714448,-4322642;8,-150,-309;9,-12,-17;55,134,235;61,-36,-47;62,-7,-24;78,-83,-162;86,-60,-45;89,-8,1;91,-22,-1;94,-41,-76;281,33,1;3831,66,57;5216,136,261
rua||principal|pedregulho|39390000|43,-1723072,-4311243;187,-17,17;188,3,-1;189,25,-10;190,22,-19;191,27,-2;893,-114,10;1036,117,-19
rua||p|beija flor|39390000|61,-1711156,-4382770;67,-4,-4
rua||p|maria rosa|39390000|9,-1711547,-4382422;19,7,4;23,-8,-7;31,-4,-4;67,-31,-41;82,-12,-3;83,-2,-18;86,3,0;90,0,-5;98,-11,-9;128,-14,-18;133,-14,19;138,13,-27;141,-10,10;142,1,-18;150,-2,-1;156,-2,-2;158,-9,-3;165,-4,12;620,-3,-6;634,2,-3
rua||p|nossa senhora de fatima|39390000|9,-1712128,-4381103;30,-4,7;51,-3,17;55,-3,5;60,-3,-7;65,0,16;81,-5,23
rua||p|zumbi|39390000|9,-1710729,-4382725;12,-3,-8;17,-10,5;21,-85,-373;22,87,368;29,-10,3;33,-16,-8;38,10,0;44,-3,1;55,-27,-10;65,-6,-378;69,-13,13;75,13,364;77,11,-381;87,-22,375;91,28,-379;99,-37,376;103,-6,0;109,0,0;112,7,-5;115,-16,0;133,-15,-7;141,97,-387;143,-25,16;147,4,2;151,31,-34;155,-4,2;157,-119,396;159,101,-375;163,36,-25;165,-31,27;172,47,-25;176,-174,380;180,179,-385;183,-7,-6;184,-177,390;188,192,-391;200,-196,387;203,-16,-1;206,218,-391;207,-8,-7;211,-213,398;212,9,-3;217,-18,-1;218,238,-399;219,0,-9;232,-233,408;233,-19,-3;239,-4,0;249,-11,-6;250,15,-2;254,-4,0;260,-10,3;261,-4,-2;265,302,-414;270,-310,392;281,-18,11
rua||quarenta e tres|engenheiro dolabela|39395000|1,-1746408,-4400493;2,13,-23;3,-9,48;4,0,12;5,0,-8;7,-4,4;9,1,7;11,-1,55;13,2,-48;15,4,5;17,-7,7;19,5,3;24,-4,32;25,2,4;30,-14,-6;34,12,13;93,-10,-24;180,1,-181;201,11,33;207,1,5;376,-13,152;487,9,3;488,-1,-9;489,2,-6;490,1,8;492,-1,-14
rua||quatorze|engenheiro dolabela|39395000|1,-1746581,-4400550;3,14,-20;4,8,-8;5,-4,9;6,6,-7;7,5,10;8,8,-8;9,1,10;10,4,-21;11,-1,18;12,16,-20;13,-3,19;14,17,-10;15,-14,10;16,17,-7;17,-5,7;18,1,-6;19,12,8;20,2,-9;21,1,5;22,10,-4;23,1,6;24,0,-8;25,6,12;26,15,-12;27,-2,9;28,5,-24;29,10,24;30,-5,-5;31,14,9;32,-1,-14;33,4,13;34,5,-11;35,1,9;36,13,-10
rua||quatro|morada nova dois|39390000|13,-1710700,-4383305;25,5,-9;37,11,-7;38,1,5;49,5,-11;50,2,6;61,4,-15;62,9,10;73,2,-11;74,14,2;85,-1,-11;86,10,4;97,0,-10;98,0,4;109,10,-14;110,2,9;121,4,-18;122,5,4;133,9,-5;134,-7,4;145,11,-11;146,5,7;157,4,-14;158,-1,10;169,10,-13;170,10,1;181,2,-15;182,6,7
rua||quatro|residencial jardim imperial|39390000|60,-1712187,-4382980;78,-25,38;173,-33,62;183,-2,6;193,-4,9;203,-12,21;213,-9,-40;223,16,33;233,1,-8
rua||quinze|engenheiro dolabela|39395000|2,-1746656,-4400540;3,55,15;5,45,-4;6,-115,-19;7,119,26;8,-105,-18;9,115,13;11,13,1;13,0,3;15,9,-6;17,10,3;18,6,11;19,4,-11;21,8,-2;23,13,2;25,9,0;27,3,0;29,11,-1;30,3,10;32,12,0;33,8,-9;34,2,10
rua||q|beija flor ii|39390000|366,-1711438,-4383043;430,-26,-15;480,-81,-51;482,-26,-13;486,57,32;490,-21,-10;492,-1,-3
rua||q|beija flor|39390000|18,-1711170,-4382866;27,-4,-19;38,-18,9;52,-15,-12;86,7,-14;98,30,-28;118,-43,6;120,-74,-16;123,21,37;132,9,-43;139,4,3;140,-118,-63;144,16,-7;151,84,74;172,-22,-6;186,2,-5;211,-75,-45;233,0,0;242,15,19;252,-10,-15;253,-4,47;264,14,-79;265,-9,59;274,-22,-50;294,-14,6
rua||q|morada nova|39390000|15,-1710508,-4382972;25,6,-2;26,2,7;31,5,-10;62,23,-1;70,3,-5;75,6,-8;76,6,7;79,3,-12;84,2,9;87,2,-12
rua||q|nossa senhora de fatima|39390000|13,-1712172,-4381053;24,-8,-4;41,-16,1
rua||rio de janeiro|bonfim|39390000|16,-1710742,-4381949;19,-6,-1;40,-14,-8;47,-13,-3;50,5,-3;59,-9,0;65,-5,-7;66,2,-7;67,-5,4;71,-3,-3;73,-6,-5;76,10,-1;84,-4,0;92,1,-15;99,-11,9;101,26,18;103,-32,-21;104,0,-1;109,-8,-2;110,-2,-5;116,-2,-3;117,-3,1;123,-7,-1;124,12,-15;131,-17,5;132,4,-2;140,-4,-4;143,-10,8;148,8,-11;149,-10,5;153,-2,-3;160,2,-7;161,-3,1;172,-6,-11;191,-15,-18;195,-12,7;198,7,0;205,-10,2;212,2,-7;217,-5,-8;220,-3,5;223,0,-3;227,-10,-3;233,-8,-10;240,1,6;248,0,-4;249,-1,-3;256,-4,-6;257,-9,5;265,-5,-12;1011,5,3;1043,-14,-5
rua||rita preta|pernambuco|39390000|35,-1711334,-4380114;43,16,-4;49,3,-4;53,6,-5;57,-1,-2;58,10,-7;85,14,-4;149,46,-56;181,1,-2;193,7,-10;194,-4,6;202,7,-16;210,1,-2;212,-2,-6;213,0,-9;214,5,5;215,-4,-12;222,4,2;228,-3,-4;229,-1,0;230,2,-8;233,-1,0;234,4,1;258,-3,-19;267,1,-10;270,-1,-5;275,4,-11;287,-1,-8;291,0,-7;309,2,-12;319,5,-18;337,4,-13;347,0,-8;351,3,2
rua||rita rosa pires|pernambuco|39390000|18,-1711661,-4380793;26,0,-7;27,0,-4;30,10,2;37,-1,-14;38,-1,12;41,0,-5;51,3,-14;56,11,-7;63,-12,-3;64,13,0;70,-3,-13;78,5,-8;87,-7,-8;88,11,2;140,7,-64;145,-5,14;148,4,2;162,1,-16
rua||roca velha|machados|39390000|23,-1715871,-4316640;24,8,23
rua||rodrigo araujo|centro|39390000|14,-1710983,-4381541;26,-15,-7;27,20,14;28,3,4;50,12,14
rua||rotary|esplanada|39390000|48,-1711520,-4381684;51,-3,2;60,-4,-2;63,-2,1;72,-9,0;73,1,3;80,-7,-2;83,-10,6;140,-44,1;150,-12,2;166,-17,4
rua||r|beija flor ii|39390000|444,-1711402,-4383096;460,-9,-2;477,-27,-12;484,-1,-6;487,-8,2;490,5,-3;497,-12,-4;507,-7,-3;508,12,-4;510,-3,-2;516,-8,-1;520,-6,-1;525,-7,-2;526,6,-3;530,-6,-13;536,2,-4;537,-17,13;547,-11,-6;550,-44,-39;563,27,29;576,-5,-18;579,-5,12;587,1,-7
rua||r|zumbi|39390000|6,-1710820,-4382319;15,36,-84;18,2,-11;25,3,0;26,5,-4;30,7,-1;33,-6,-3;38,12,-9;45,-5,-5;53,0,-4;59,3,-7;60,6,-3;63,-2,-1;74,11,0;75,-4,-2;89,-4,-11;93,6,-11;96,3,7;97,-116,185;103,117,-195;110,5,-3;119,-5,-8;120,9,5;125,-6,-12;131,1,-4;132,13,-1;142,3,-1;145,-6,-7;148,7,0;149,-99,197;152,103,-207;153,-8,0;161,3,-12;168,8,-1;172,2,-5;173,-5,-7;177,-87,196;180,96,-194;183,-94,194;185,89,-202;186,13,-6;193,-7,-7;199,-89,194;205,92,-199;209,0,-4;212,-83,202;217,87,-208;229,9,-9
rua||salustiano baracho|terra branca|39390000|49,-1731365,-4321421
rua||sebastiao lages dos santos|pernambuco|39390000|4,-1711065,-4380535;20,11,8;26,-23,-13;36,-5,-5;62,-2,2;69,-35,-1;71,37,12;85,-40,-16;86,-9,2;87,-1,21;94,-2,-23;100,9,1;104,-20,1;105,19,5;112,-35,7;114,57,-24;123,-32,55;126,-29,-39;131,10,24;141,-23,-15
rua||sebastiao silva leal|sao geraldo|39390000|14,-1712661,-4380413;22,-12,8;23,1,2;31,-3,0;34,-6,5;41,-5,0;45,-6,2;53,-7,7;56,-35,15;60,38,-13;72,-13,2;75,4,-1;78,-11,5;81,4,-3;82,-9,9;87,7,-6;101,-11,8;107,-8,3;127,-108,47;147,67,-25;153,-10,1;159,-16,5;202,-10,3;233,-53,29;242,16,-14;249,-34,17;263,-13,13;264,-2,2;267,-2,-10;275,-4,8;277,-1,1;291,-14,3;301,-11,5;303,-7,2;304,8,-3;310,-4,9;319,-5,-3;320,-1,5;327,-14,7;341,-11,-1;353,-4,4;361,-15,2;373,-4,3;379,-6,10;386,-17,6;408,2,3;420,-15,8;432,-65,37;435,46,-34;443,-14,11;451,-3,-4;459,0,6;465,-8,3;471,-8,6;477,-8,-6;487,2,9;495,-19,-11;501,4,19;504,0,3;511,-7,-2;521,-11,7;531,-4,9;549,-23,-7;5617,373,-170
rua||sebastiao tupinambas|sentinela|39390000|47,-1709524,-4399057;53,2,-37;70,15,23;91,-25,-73;135,-4,-15;213,-21,-47
rua||seis|engenheiro dolabela|39395000|6,-1746954,-4400728;14,28,26;16,15,4;18,3,3;21,32,10;601,-83,-53;602,-15,-1;603,20,3;605,13,6;607,4,4;608,-9,3;610,6,2;612,6,12;613,24,-1;615,9,4;617,15,12;619,2,4;620,-8,0
rua||seis|residencial jardim imperial|39390000|50,-1712262,-4383044;55,-6,26;60,6,-21;70,-11,9;80,-3,7;95,-13,40;100,5,-21;105,-9,24;110,3,-19;120,1,7;130,-9,4;165,-23,53;170,-9,1;175,2,3;180,-5,5;185,-2,10;190,-4,-5;195,3,9;200,-8,-2;205,6,21;210,-6,-10;215,-2,10;220,-8,2;225,3,9;230,-7,-6;235,3,6;240,-12,4;245,5,11;250,-5,-7;255,3,15;260,-10,-7;265,-3,18;270,0,-10;280,-8,9
rua||sem denominacao 1|alterosa|39390000|40,-1713196,-4381720
rua||sem denominacao 1|sinval vale de menezes|39390000|23,-1712880,-4380396;33,-6,-8;69,-15,-15;70,7,2;670,6,19;671,-4,-16
rua||sem denominacao 2|novo horizonte|39390000|42,-1712867,-4380117
rua||sem denominacao 2|sinval vale de menezes|39390000|14,-1712909,-4380383;24,-6,-10;49,-12,-16;52,12,11;700,-4,-3;704,8,15
rua||sem denominacao 3|sinval vale de menezes|39390000|181,-1713080,-4380693
rua||sem denominacao 3|terra branca|39390000|32,-1731424,-4322214;67,6,-43;70,3,12;73,-6,-14
rua||sem denominacao|alto belo|39390000|31,-1693427,-4373550;40,1,63;42,41,-330;43,-12,146;47,-25,171;49,7,-14;51,-60,-57;54,-153,-37;55,237,-227;64,3,0;66,-59,315;88,-52,2;91,-2,-12;101,7,3;118,16,8;120,41,-46;135,-35,38;164,63,-108;167,-9,30;184,-2,9;191,-186,114;194,188,-111;202,-10,19;205,-171,99;462,-194,-209;619,320,166
rua||sem denominacao|beija flor ii|39390000|422,-1711516,-4383253;425,204,-7;488,-261,100;500,-8,15;520,248,-134;566,-161,-12
rua||sem denominacao|beija flor|39390000|222,-1711542,-4383214;460,28,-12
rua||sem denominacao|bonfim|39390000|50,-1710768,-4380991;60,18,-3;72,2,-4;82,6,-6;100,11,-10;130,34,-34;142,7,-10;156,6,-10;164,10,-14;200,11,-16;208,0,-8;218,5,-6;224,7,-4
rua||sem denominacao|cachoerinha|39390000|25,-1713025,-4382032;40,89,-149;50,1,43;66,-18,-3;69,-14,2;77,54,-40;79,-35,-10;81,-24,48;89,-8,-1;179,79,-35
rua||sem denominacao|california|39390000|39,-1712808,-4381367;41,-11,-74;49,13,87;53,0,15;59,-1,-10;70,353,-76;71,-15,13;115,-34,2;120,0,-7;135,-358,-43;140,341,43;181,-36,8;187,-8,0;205,-8,-66;346,-135,71;361,21,69;368,-2,3;370,-36,-71;374,32,60;377,-5,9;380,-34,-66;405,30,50;467,-110,-20;546,-25,-40;566,-2,-3
rua||sem denominacao|chapada mel|39390000|118,-1722434,-4315124
rua||sem denominacao|engenheiro dolabela|39395000|1,-1746362,-4401000;2,-137,55;3,185,88;4,-37,-146;10,-28,243;11,-33,-290;12,-94,-128;14,-3,847;16,170,315;18,-211,-314;24,177,-420;26,-41,2;27,40,12;28,31,365;33,-651,-74;37,674,437;39,3,10;40,-797,-930;43,224,156;45,-50,-129;47,473,171;57,141,669;80,-801,-854;84,639,588;97,-340,-387;100,-56,433;107,45,-436;118,319,388;122,-325,-406;128,317,411;138,-11,-7;150,-746,-796;159,967,1129;174,-260,-344;178,-645,-781;190,247,606;200,77,-250;205,473,-325;229,42,89;232,-576,194;234,-13,-8;242,-31,-23;256,347,516;261,-213,-425;262,219,419;280,-18,-1;300,315,-547;341,-581,-15;342,7,-8;344,-4,-4;346,-4,-5;348,-4,-3;350,-2,0;351,-11,5;352,7,-4;353,-18,-6;354,-2,-1;356,-1,-11;357,-11,8;358,7,-15;359,-13,12;360,6,-13;361,-10,4;362,6,-4;363,-14,6;364,10,-8;407,591,560;411,-1,-15;430,-83,-763;500,-252,462;502,-409,-215;692,-121,-216;906,154,118;917,-14,2;946,-15,-25;960,-8,-9
rua||sem denominacao|esplanada|39390000|155,-1711836,-4381841;2030,2,15
rua||sem denominacao|machados|39390000|15,-1714729,-4323003;20,39,0;28,258,62;35,-205,-52;53,216,209;64,-107,-63;65,14,-5;72,8,-63;74,-27,-13;77,-4,-8;79,-79,-70;82,45,14;83,10,21;91,-41,-112;114,86,88;115,-21,-6;116,7,3;122,3,15;123,13,1;124,8,-1;125,12,4;127,-16,36;128,-17,-18;129,44,6;131,17,21;134,-40,-7;138,53,-14;139,11,5
rua||sem denominacao|maria rosa|39390000|4,-1711634,-4382254;6,-5,23;7,7,-24;9,71,14;11,-77,-4;31,158,19;162,-130,17;172,-29,-12;219,13,8;448,8,-21;491,-25,16;494,-2,-8;496,-12,4;500,3,3
rua||sem denominacao|morada nova|39390000|10,-1710139,-4382586;16,13,-9;38,10,-3
rua||sem denominacao|nova dolabela|39395000|2,-1739534,-4400658;3,-19,-5;5,-28,-18;7,-30,20;35,-37,141;80,296,-105;350,-332,219
rua||sem denominacao|nova tolda|39393000|2,-1703659,-4372372
rua||sem denominacao|novo horizonte|39390000|150,-1712985,-4380187;196,24,-7;212,24,-13
rua||sem denominacao|pedregolho|39390000|36,-1723578,-4311642;222,1054,679
rua||sem denominacao|pedregulho|39390000|1,-1723667,-4311461;5,181,-4;9,676,-27;15,-56,128;16,-20,11;18,-35,-52;19,43,65;20,-24,13;23,-82,-109;24,10,17;25,-311,355;29,371,-273;30,9,10;31,-65,13;32,-35,-77;33,-219,83;34,204,-91;45,-127,117;46,-19,-14;48,-49,-59;50,-57,-62;51,137,7;54,-367,350;55,-30,-382;56,-44,-72;57,-8,-11;58,148,67;60,136,121;62,187,-61;63,131,68;66,-151,110;71,-379,172;74,453,-263;76,-247,-98;80,-26,166;82,-15,-13;83,-9,-9;85,15,-6;96,-185,-152;97,39,34;99,394,7;100,-539,10;101,-13,-23;105,94,414;106,25,-126;110,40,-241;111,635,-26;113,72,207;114,-698,-159;116,10,13;118,15,9;119,149,275;120,835,72;121,-839,-316;122,790,264;127,-583,-282;128,-401,151;130,37,106;132,23,-36;133,100,-105;138,-136,86;139,4,-5;142,50,-17;143,51,27;147,-71,-68;148,-10,-5;149,-15,4;150,-2,-3;151,-12,-8;152,-9,-28;155,9,-26;156,10,-27;157,26,-48;161,109,53;163,304,-166;167,-227,187;168,8,1;169,13,-4;170,35,-9;173,16,-5;178,33,-21;181,110,-164;182,-71,199;184,56,12;186,58,10;204,-165,256;213,-258,35;214,-16,6;215,-5,0;233,161,-33;248,409,-585;263,-392,585;285,19,-11;311,16,-365;315,-84,0;323,-43,-70;415,-118,-7;523,-26,-81;531,56,160;546,16,15;550,7,7;569,23,8;601,30,19;615,8,10;636,16,14;660,26,6;725,58,-5;749,23,10;836,-69,-12;838,-34,-10;846,183,-6;850,5,-1;930,56,43;1035,51,-78;1061,27,-4;8318,-440,-22;8521,-14,-65
rua||sem denominacao|pernambuco|39390000|22,-1710074,-4380245;23,-246,-151;29,-1214,143;35,1201,-136;43,-8,32;45,3,8;46,-6,-25;47,10,28;52,-37,-27;68,339,156;93,-1661,-174;120,1348,99;122,293,15;148,-309,-119;156,-2,21;161,32,112;180,19,-138;181,284,89;189,-324,58;200,-16,7;205,-5,4;243,392,-105;247,-407,105;315,-1119,29;344,-13,-32;346,-20,-14;355,1629,-163;465,-97,53
rua||sem denominacao|sinval vale de menezes|39390000|13,-1713067,-4380298;430,-65,-38;432,-17,-26;446,9,12;468,11,19;474,7,4;480,0,3;486,6,4;492,5,-4;498,9,6;502,4,0;508,4,1;514,10,5;520,7,4;526,5,-1;532,8,12;878,-4,-8
rua||sem denominacao|tancredo neves|39390000|1,-1712052,-4382350;3,-41,8;7,2,-25;10,46,37;324,-64,-13
rua||sem denominacao|terra branca|39390000|11,-1731439,-4322203;21,54,661;29,159,148;31,-206,-829;36,23,0;76,243,1023;103,18,-16;135,51,-83;168,10,78;245,-180,-798;9999,141,793
rua||sem denominacao|terra branca|39393000|4,-1731369,-4321554;6,-31,-598;19,14,551;20,-10,61;29,125,26;35,72,-95;60,-191,63;70,7,1;147,-70,-22;191,64,-17;285,182,-51;467,-250,-517;479,2,24;495,9,19
rua||sem denominacao|triunfo|39390000|19,-1744087,-4403700;140,9,-5
rua||sem denominacao|valdir|39390000|57,-1723535,-4311660
rua||sem denominacao|zumbi|39390000|5,-1710659,-4382666;25,-19,8;148,-508,-500
rua||serafim ramos|pernambuco|39390000|19,-1710852,-4380707;20,79,-22;30,-78,11;39,15,-1;40,-10,-3;47,25,11;59,7,3;67,14,-8
rua||sergipe|pernambuco|39390000|10,-1711661,-4380698;22,6,7;28,3,10;33,-9,-11;40,10,18;45,-5,-4;50,3,8;60,-2,11;61,5,-4;68,-2,15;71,2,-4;76,-1,12;82,2,10;604,2,-1;612,0,-14
rua||silva domingos de souza|sao geraldo|39390000|8,-1712604,-4380478;18,1,10;25,7,-1;26,-4,9;32,8,29;33,-9,-22;40,-1,3;41,4,6;53,4,6;59,-2,9;72,7,18;84,-7,13;92,1,7;96,2,8;102,-1,3;120,1,6;130,2,18;142,-1,5;147,10,1;151,3,15;156,-10,3;159,8,7;167,0,2;168,-3,12;175,2,-4;183,-6,2;188,7,0;196,-1,17;197,10,-16;225,2,38;228,-6,0;233,6,9;236,-6,9;237,5,-4;244,-8,8;249,15,-2;250,-10,3;261,10,7;275,0,11;276,-10,6;288,-2,7;296,8,8;314,-4,17;315,9,-1;326,-6,13;334,-2,10;345,11,7;351,3,4;367,-1,7;616,-20,-142
rua||sonia caldeira|sinval vale de menezes|39390000|22,-1712472,-4380634;23,-13,1;24,-2,-10;26,11,6;30,-4,3;33,-16,8;38,6,-10;43,-11,8;50,2,-16;53,-15,18;60,1,-8;63,-6,4;73,-14,1;80,-4,-10;83,-1,9;90,8,-6;93,-20,10;100,1,-8;103,-13,9;110,-2,-9;113,0,4;120,-2,-3;123,-13,1;130,-5,-4;133,-6,8;143,-4,1;150,1,-8;153,-13,2;160,0,-1;163,-4,4;170,2,-6;173,-17,8;180,0,-10;183,-9,7;190,7,-3;193,-17,3;200,3,-4;203,-7,7;213,-9,-5;223,-5,1;233,-19,1;234,16,7;268,-43,-19;400,-105,-80
rua||s|beija flor|39390000|11,-1711192,-4383033;21,-8,-9;36,-7,-6;41,-7,3;48,-8,-5;51,10,-5;65,-14,-2;81,-26,-20;91,2,6;92,6,-34;101,-11,35;111,-49,-49;121,15,19;131,-27,-28;169,-18,-4;186,71,49;187,-64,-32;193,-11,-8
rua||s|morada nova|39390000|274,-1711379,-4383158;286,-29,-20;291,-1,7;294,-15,-17;299,11,14;318,-11,-16;327,-16,-5;328,10,2;332,-14,-10;334,-22,-10;355,8,8;360,-8,-3;361,2,-1;366,-21,-28;371,17,25;393,-18,-8;395,-9,-7
rua||s|zumbi|39390000|19,-1710760,-4382392;24,2,17;29,6,-13;34,4,6;37,0,-5;47,10,1;54,11,10;55,-3,-9;63,10,4
rua||tereza batista|pernambuco|39390000|20,-1711419,-4380623;32,3,9;42,-10,5;43,-4,7;51,2,3;52,-4,5;65,-7,7;66,5,-5;74,-8,10;75,-2,4;84,-6,11;85,2,-7
rua||totone filogonio|pernambuco|39390000|11,-1711080,-4381077
rua||tres marias|sentinela|39390000|93,-1709243,-4398869;117,19,17
rua||tres|engenheiro dolabela|39395000|1,-1746724,-4400757;2,35,12;3,-45,-13;4,13,-9;5,-16,3;6,11,-9;7,-14,5;8,8,-8;9,-25,-3;10,5,-5;11,-7,4;12,4,-5;13,-14,-1;14,10,-5;15,-10,8;16,5,-10;17,-22,-5;18,5,-6;19,-7,2;20,2,-6;21,-13,6;22,7,-12;23,-12,7;24,4,-5;25,-16,-7;26,1,-5;27,-7,3;28,5,-4;29,-12,-2;30,0,-5;31,-5,4;32,4,-7;33,-17,-5;34,5,-9;35,-12,12;36,5,-11;37,122,91;38,-127,-99;40,-7,-5
rua||tres|morada nova dois|39390000|21,-1710659,-4383278;33,14,-13;34,-1,13;45,9,-13;46,-1,7;57,7,-12;58,-2,4;69,11,-11;70,12,3;81,-2,-13;82,1,6;93,13,-18;94,0,12;105,9,-7;106,-4,3;117,22,-19;118,-5,8;129,3,-10;130,0,8;141,0,-19;142,7,13;153,3,-17;154,6,11;165,7,-8;166,8,-4
rua||tres|residencial jardim imperial|39390000|6,-1712139,-4382968;14,-4,4;22,-1,3;32,-4,10;57,-11,22;148,-48,62;158,-7,5;168,1,10;178,-9,12;188,-3,6
rua||tres|triunfo|39390000|2,-1744150,-4403796;7,10,18;8,4,8;15,-6,-9;16,26,54;18,9,9;24,-3,1;36,-8,-17;42,0,0;58,-6,-17;88,-10,-17;93,-11,-14;102,-1,-5;108,-2,-10;118,3,8;244,78,167
rua||treze de maio|bonfim|39390000|4,-1710735,-4381661;22,-20,-3;30,-2,-2;34,-1,-1;40,-5,-4;50,-4,-5;58,-7,-8;64,-3,-1;76,-13,-15;82,-4,-1;88,-2,-7;100,-7,-4;114,-7,-9;118,-14,-4;126,4,-8;154,-21,-16;164,-11,-5;194,-14,-17;204,-5,-10;234,-16,-7;246,-9,-8;262,-12,-10;278,-11,-8
rua||treze de maio|centro|39390000|23,-1710757,-4381656;35,-10,-10;57,-5,-6;67,-14,-13;81,-6,-10;87,-8,-11;97,-4,-1;99,0,2;107,-7,-6;119,-5,-15;125,-13,2;153,-26,-40;171,0,-5;177,-10,0;193,-7,2;199,-3,-14
rua||treze|engenheiro dolabela|39395000|2,-1746667,-4400683;4,-13,-7;6,40,25;7,-76,-34;9,296,82;10,-288,-86;11,-20,-5;18,202,86;27,-313,-164;36,211,155;43,-296,-208;44,463,214;47,-467,-221;57,-20,-10;65,-52,-35;70,389,285;75,129,-8;90,-22,-23;110,-21,9;185,-192,-71;239,-43,-37;421,-46,-29;425,-26,-13;429,-19,-16;435,-27,-17;445,-49,-33;449,-13,-6;451,-1,-1;453,-5,0;455,-2,-5;459,-2,-7;461,-39,-23;463,-4,-2;467,-7,-4
rua||t|beija flor ii|39390000|162,-1711355,-4383222;166,-6,-8;172,-19,-11
rua||t|beija flor|39390000|41,-1711269,-4383155;48,6,7;51,-5,-23;54,-2,11;61,-16,-29;71,-8,3;145,-56,-26;201,-53,-35;205,7,7;221,-19,-12;224,-21,-16;275,-25,-14
rua||um|engenheiro dolabela|39395000|13,-1746696,-4400957;23,183,104;27,-216,-131;35,-18,-18;50,-187,-30;109,251,77;111,-9,-7;117,-9,-5;119,-6,1;121,-3,-6;123,-9,-6;125,0,-1;129,-10,-4;131,-9,-8;133,-1,3;217,-70,-52;437,58,44;581,-107,-40;588,-7,-4;613,-17,16;625,41,-37;645,-77,38
rua||um|morada nova dois|39390000|5,-1710588,-4383209;17,1,-4;29,7,-3;41,14,-8;53,8,-13;65,8,0;77,12,-8;89,8,-12;90,-1,15;101,11,-18;102,4,7;113,0,-15;114,8,13;125,-2,-15;126,5,9;137,11,-20;138,8,6
rua||um|nova dolabela|39390000|1,-1739517,-4400509;2,-13,1;3,10,8;4,-26,91;5,24,-84;6,5,3;7,-7,11;8,1,-2;9,-6,15;10,-1,-6;11,0,12;12,-17,-7;13,25,23;14,-13,-18;15,0,13;16,-4,7;18,-1,1;19,20,23;20,-28,-9;21,10,25;22,-10,-20;23,7,15;24,-8,8;25,1,10;26,-4,-7;27,4,12;28,-5,-3;29,3,10;30,-7,4;31,6,9;32,-11,-2;33,10,11;34,-10,1;35,0,13;36,-9,-9;37,27,-53;38,-25,64;39,9,10;40,-15,4;42,2,4;57,36,-113;62,12,-58;228,-50,184
rua||um|nova dolabela|39395000|9,-1739495,-4400657;176,-15,96
rua||um|residencial jardim imperial|39390000|54,-1712087,-4382963;64,-17,-12;74,-4,3;75,-12,4;84,4,-11;85,-6,11;94,0,-17;104,-9,-5;114,-8,-4;125,-15,7;130,11,-9;146,-12,-6;173,-28,-12;186,-16,-13;226,-24,-19
rua||um|triunfo|39390000|2,-1744084,-4403941;3,28,66;4,17,19;5,-20,-21;6,13,-3;7,-13,-3;8,9,3;9,-24,-2;10,20,26;11,-10,-43;12,6,-1;13,-12,-7;14,12,1;15,-10,-6;16,5,-2;17,-11,-6;18,4,-4;19,-7,-4;20,-2,-4;21,-2,-2;22,6,-1;23,-6,-5;24,9,-8;25,-9,9;26,0,-10;28,-11,-6;30,-1,-22;31,-24,-23;32,9,17;34,8,-9;36,-4,-13;37,-57,-65;38,47,56;40,-5,-15;42,1,0;43,-55,-94;44,48,80;46,-5,-11;48,-5,-10;54,-41,-84;56,-6,-10;58,-6,-16;439,-4,-7
rua||ursina alves fonseca|pernambuco|39390000|55,-1711418,-4380462;60,-7,7;65,2,6;74,-5,11;79,3,0;91,-4,12;94,-29,86;105,15,-75;110,8,7;115,-8,1;120,5,8;123,-1,7;129,-4,6;130,2,0;135,-2,4;139,-2,6;140,1,-6;150,-4,6;151,1,8;159,-7,9;160,2,-2;167,-1,9;177,-6,10;180,5,-11;200,2,-4;223,-17,52;231,-2,0;240,5,3;241,-94,148;245,85,-139;259,-6,12;273,-6,11;278,-7,-6;280,-3,12;282,6,-12;283,-4,14;289,-1,4;290,-6,-3;299,0,9;307,-6,11;311,2,3;316,-3,-13;345,-19,39;350,-10,-20;353,12,22;356,-11,2;357,7,9;360,10,-31;361,-19,35;365,4,2;369,2,-1;376,-5,-2;384,-5,10;385,3,0;390,-10,2;391,6,8;394,-11,-6;395,7,5;397,4,-4;400,-8,4;401,2,7;405,-1,5;406,-3,-4;414,-5,2;416,3,-1;418,-7,15;424,4,-4
rua||u|beija flor|39390000|87,-1711180,-4383012
rua||vasco da gama|pernambuco|39390000|3,-1711258,-4380784;7,-9,2;12,12,0;16,-12,6;32,-12,-8;36,-1,6;48,-13,-8;49,4,1;51,-10,-4;61,-15,1;62,9,-1;73,-11,1;85,-10,0;99,-8,0;106,-16,-2;110,15,-1;111,-18,-3;114,-3,3;118,2,15;119,-3,-15;125,-13,14;126,-5,-21;162,-68,-4;164,37,3;171,-8,6;179,-4,-15;183,-7,19;184,12,-11;187,-23,9;189,5,-2;194,-1,-9;199,-5,13;204,4,-22;210,0,9;212,-11,1;219,-4,7;222,-1,-3;225,-14,2;230,5,-7;246,-22,-3;260,-16,1;261,8,4;270,-13,-6;276,-10,-2;277,4,6;278,-10,-3;284,3,-1;289,-10,1;294,-5,-3;306,-16,-2;312,3,4;319,-6,-3;320,-3,3;322,-3,-15;326,-3,12;327,-2,-2;335,-8,2;336,-1,-2;339,-5,6;353,-9,-2;354,3,-1;369,-14,-2;385,-7,0;400,-17,-8
rua||vicente de paula figueiredo|centro|39390000|80,-1711273,-4381344;151,-120,6;256,64,-6;266,24,0;278,30,4;500,-31,-3
rua||vicente ferreira alves silva|pernambuco|39390000|16,-1711715,-4380277;24,2,11;25,1,-8;55,24,20;62,1,2;71,7,15;72,2,6;75,1,-14;76,-6,-4;79,16,7;84,-4,2;85,7,8;91,6,1;140,34,26;146,4,6;147,0,-1;151,3,4;152,-3,-5;157,6,12;158,1,-3;164,1,4;165,6,0;176,3,3;184,2,9;185,5,0;190,1,5;195,2,-8;202,11,9;205,-2,5;210,1,4;211,5,1;216,-2,-2;222,12,9;230,4,1;236,0,4;242,7,5;247,9,7;248,-8,1;253,10,5;256,-4,-4;259,13,1;262,-9,2;265,9,4;271,1,1;383,-107,-86
rua||vicente januario|monterrey|39390000|18,-1712278,-4380876;27,-10,4;30,1,-3;39,-16,11;40,11,-7;47,-14,8;48,3,2;50,-4,-4;51,-3,5;59,-2,0;60,2,2;71,-20,7;72,8,-3;85,-16,6;86,0,-2;97,-14,8;98,8,-1;109,-23,8;110,14,-7;122,-14,8;123,9,-5;134,-19,8;135,4,-3;141,-16,8;142,3,-3;148,-3,6;151,-10,5;154,152,-71;158,-151,69;163,-70,35;178,53,-29;205,7,1;219,-9,4;231,-8,4;241,-31,10;243,14,1;251,-19,6;254,-16,2;265,-6,3;266,-1,2;271,-10,6;278,3,-4;283,-9,9;290,-3,-3;302,-10,0;318,-33,18;321,4,0;326,-1,-2;332,-22,13;336,22,-13;356,-18,11;360,-1,2
rua||vicente januario|pernambuco|39390000|126,-1712255,-4380880
rua||vicente rodrigues|novo horizonte|39390000|31,-1712766,-4380107;61,-7,2;80,5,-4
rua||vinte e dois|engenheiro dolabela|39395000|7,-1746720,-4400915;9,-1,-3;11,-12,-4;13,-7,-4;17,-19,-12;18,5,-1;19,-8,-3;21,-8,1;23,-7,-11;25,-7,-5;27,-12,-8;2206,79,57;2208,-9,-4;2210,-4,-14;2216,-21,20;2222,-13,-44
rua||vinte e tres|engenheiro dolabela|39395000|11,-1746978,-4400556;12,18,15;13,42,17;15,23,20;17,18,7;19,15,12;21,17,13;23,-38,-25;25,76,48;27,14,10;34,33,52;60,-207,-142;72,-5,-18;2307,-33,-21
rua||vinte|engenheiro dolabela|39395000|1,-1746835,-4400605;3,12,5;10,55,42;14,25,19;20,-347,-209;95,143,92;105,199,109;136,-239,-144;201,-15,4;2002,162,86;2006,34,21
rua||vitorino bispo|novo horizonte|39390000|40,-1712852,-4380052;54,-8,1
rua||v|beija flor|39390000|190,-1711287,-4382716;200,-17,-6;206,0,8;227,-33,-3;234,38,9;239,-35,-13;251,-6,-6;281,-20,-12;309,-15,-19
rua||waldemar vale meneses|nossa senhora de fatima|39390000|21,-1711892,-4381252;34,-8,21;37,8,-2;47,-8,8;57,3,9;63,0,21;68,-4,-16;111,-6,53;115,-2,-20;122,-2,23;125,6,6;134,-15,15;137,9,-5
rua||walter dumond|tancredo neves|39390000|29,-1711910,-4382225;104,-27,-51;114,1,-4;117,-4,-7;120,3,-12;125,-7,-3;143,4,-6;157,-1,-4;160,1,-9;163,-4,-5;164,9,46;168,-5,-52;169,-6,2;176,7,-8;177,-2,-1;181,-1,-2;182,3,-11;189,-21,-56;190,23,56;200,-3,-14;201,-7,-2;214,8,0;215,-15,-11;233,7,-7;235,-1,-6;239,-1,-4;240,7,-5;245,-11,-5;246,11,5;251,-7,-4;257,4,-12;263,-4,-4;271,0,1
rua||washington drumond|bonfim|39390000|101,-1710950,-4381644;143,0,7;155,4,-12;165,5,-11;175,-2,-8;183,1,-8;188,-14,53;205,25,-76;215,1,-8;241,5,-16;253,6,-15;265,3,-7;271,4,-10
rua||washington drumond|centro|39390000|10,-1711015,-4381527;35,16,-35;83,31,-23;93,2,-8;107,2,-18;118,7,-5;126,6,-8;134,6,-17;150,1,-3;160,5,-16;170,2,-13;204,16,-29;230,-4,-16
rua||xisto pereira da cruz|alto belo|39390000|2,-1693686,-4373831;5,-6,3;12,81,-1;39,15,17;52,9,-8;65,7,10;100,20,-10;119,20,13;141,19,6;174,36,3;198,28,0;211,8,2;217,13,3;230,4,1;251,25,-5;253,-2,7;267,22,3;275,0,-6;284,3,5;304,21,-4;332,25,-2;346,21,-1
rua||xisto silveira|centro|39390000|42,-1711580,-4381505;52,4,11;70,-11,29;80,1,4;90,-11,16;103,7,15;117,-3,26;215,-12,63;245,-24,45;251,-1,9;263,8,4;275,-2,3;285,-5,13;291,-2,2
rua||xisto silveira|pernambuco|39390000|230,-1711617,-4381324;234,-6,18;260,0,10;268,0,10;278,-51,305;286,0,-2;298,46,-275;309,-5,8;316,-4,11;319,2,8;326,-3,1;329,3,8;356,-9,7;368,-3,10;373,3,6;387,-1,19;393,-5,7;403,-2,8;411,-2,10;426,-5,4;431,25,-70;435,-18,84;436,-15,5;443,30,-85;444,-27,88;447,9,8;455,-5,9;458,-21,-16;460,17,19;465,-2,3;466,-32,0;479,30,5;480,-5,-4;483,6,15;487,-7,8;492,0,-7;501,4,15;504,5,-7;514,-5,11;517,-7,6;518,7,-3;526,-10,7;531,-5,7;536,2,14;542,5,1;543,0,-2;548,8,0;550,-1,10;552,-6,-7;554,0,3;560,-8,8;577,-1,4;591,1,22;593,-9,11;603,10,7;606,-7,0;611,0,8;614,2,-8;620,4,-4;642,-17,35;643,10,5;650,-2,6;657,1,5;660,-8,11;667,6,-4;674,-7,8;675,-3,1;693,-1,25;700,-6,2;708,4,10;709,3,5;722,-7,5;723,10,-10;728,-9,15;734,-2,10;735,10,4;740,-12,1;747,4,4;748,-13,10;755,11,-5;756,-3,2;761,9,14;764,-9,-10;771,2,13;778,-8,5
rua||x|zumbi|39390000|28,-1711191,-4382272;62,-15,20;66,0,14;74,-17,5;80,18,-17;92,6,3;98,-2,-13
rua||zeferino prates|pernambuco|39390000|21,-1711377,-4380129;41,-16,6;42,11,-10;45,-16,1;47,0,-3;55,-9,7;63,-3,-8;64,7,-2;67,-13,-4;70,0,8;76,-7,-7;77,0,1;81,-3,0;83,-2,-5;84,0,-5;85,0,3;91,-9,-1;93,-1,-2;94,7,2;98,-11,3;156,-45,-27;854,16,7
saida||para bocaiuva|terra branca|39390000|40,-1731416,-4322177;46,-15,-10;48,10,9;50,16,13
saida||para bocaiuva|terra branca|39393000|25,-1731415,-4322163;57,-37,-25;298,125,87;384,-61,-42
saida||para montes claros|alto belo|39390000|62,-1693321,-4373732;345,1,-22
saida||para poco do bento|engenheiro dolabela|39395000|355,-1746436,-4400289;356,-9,6;358,-37,25;365,20,-7;498,30,-25
sitio||agua boa|agua boa|39390000|15,-1690468,-4368182
sitio||antonia|rio do felix|39390000|15,-1696613,-4371629
sitio||antonia|rio do felix|39394000|22,-1697194,-4371056
sitio||antonio bastos|gameleira|39390000|16,-1692048,-4368719
sitio||antonio paulo|barra do felix|39390000|8,-1694662,-4370193
sitio||antonio rodrigues|rio do felix|39394000|32,-1696974,-4370538
sitio||arnaldo froes|rio do felix|39390000|23,-1697117,-4370922
sitio||bom jesus|rio do felix|39390000|15,-1692089,-4370090
sitio||cabeceira do rio|cabeceira do rio do felix|39394000|23,-1700676,-4370797
sitio||cabeceira|cabeceira do rio do felix|39394000|1901,-1700605,-4371290;2301,4,257
sitio||cabeceira|rio do felix|39390000|6,-1698634,-4370467
sitio||casa48|rio do felix|39390000|48,-1697549,-4370532
sitio||cassimiro silva|agua boa|39390000|9,-1690362,-4368762
sitio||clovis|agua boa|39390000|16,-1690187,-4368449
sitio||da comunidade gameleira|gameleira|39390000|26,-1692176,-4368590
sitio||da comunidade laranjeira|laranjeiras|39394000|17,-1689409,-4370364
sitio||de valdomiro santos|taboquinha|39390000|5,-1712453,-4375832
sitio||do bandeira|barra do rio do felix|39394000|15,-1692146,-4370330
sitio||dos chaves|cabeceira do rio do felix|39394000|13,-1699695,-4370637
sitio||dos chaves|rio do felix|39390000|14,-1699599,-4370738
sitio||durval pires|taboquinha|39390000|11,-1712671,-4375332
sitio||ebenezer|rio do felix|39390000|40,-1697159,-4370699
sitio||edson silva|gameleira|39390000|27,-1692260,-4368786
sitio||eliza|rio do felix|39390000|26,-1696673,-4370486
sitio||emanoel siqueira|taboquinha|39390000|13,-1713110,-4375520
sitio||fatima gomes|gameleira|39390000|7,-1692288,-4369194
sitio||francisca froes|rio do felix|39390000|33,-1696896,-4370493
sitio||francisco brandao|laranjeiras|39394000|10,-1689356,-4370758
sitio||francisco soares|laranjeiras|39394000|11,-1689450,-4370665
sitio||francisco|laranjeiras|39394000|2,-1689968,-4371682
sitio||gameleira|gameleira|39390000|12,-1691928,-4368803
sitio||gaspar leal|laranjeiras|39394000|21,-1688356,-4371063
sitio||geralda de bento|rio do felix|39390000|23,-1697575,-4370754
sitio||geralda leal|rio do felix|39390000|25,-1696754,-4370540
sitio||geraldo magalhaes|felix|39394000|1,-1694424,-4373679
sitio||geraldo pimenta|laranjeiras|39394000|13,-1689552,-4370646
sitio||geraldo texeira|barra do rio do felix|39394000|13,-1694376,-4371071
sitio||gilmar|gameleira|39390000|14,-1691913,-4368840
sitio||gregorio1|rio do felix|39390000|302,-1696832,-4370492
sitio||gregorio|rio do felix|39390000|32,-1696675,-4370459
sitio||ieide|rio do felix|39390000|24,-1697072,-4370762
sitio||isabel|barra do rio do felix|39394000|12,-1694573,-4371365
sitio||jacare|brasilino|39390000|7,-1710271,-4378144
sitio||janio|barra do rio do felix|39394000|7,-1694327,-4370590
sitio||joao campos|gameleira|39390000|19,-1692163,-4368544
sitio||joao de deus|laranjeiras|39394000|8,-1689212,-4371148
sitio||joao dos santos|taboquinha|39390000|17,-1713735,-4375564;18,-3,39
sitio||joao ferreira santos|taboquinha|39390000|6,-1712823,-4375386
sitio||joao santos|taboquinha|39390000|10,-1712893,-4376296
sitio||joao teixeira|taboquinha|39390000|10,-1712949,-4375248
sitio||joaquim alves|gameleira|39390000|25,-1691552,-4368887
sitio||jose arnaldo|barra do felix|39390000|6,-1693917,-4370755
sitio||jose bomfim|rio do felix|39395000|4,-1696272,-4371737
sitio||jose costa|taboquinha|39390000|5,-1713289,-4374411
sitio||jose fernandes campos|gameleira|39390000|20,-1692138,-4368418
sitio||jose froes|rio do felix|39390000|17,-1696658,-4370743
sitio||jose maria batista|agua boa|39390000|7,-1690210,-4368552
sitio||jose maria caldeira|agua boa|39390000|16,-1690596,-4368611
sitio||jose maria ferreira|rio do felix|39390000|13,-1694693,-4371200
sitio||jose maria lima|gameleira|39390000|5,-1692208,-4369128;6,91,-10
sitio||josefa|rio do felix|39390000|38,-1697131,-4370559
sitio||junior|laranjeiras|39394000|9,-1689064,-4371137
sitio||lalau|canto do mato|39390000|25,-1705499,-4389784
sitio||laurindo duarte|gameleira|39390000|2,-1692051,-4368954
sitio||magalhaes|felix|39394000|1,-1694236,-4373925;2,-13,37
sitio||manoel costa|laranjeiras|39394000|23,-1687829,-4370835
sitio||manoel leal|agua boa|39390000|21,-1690837,-4368230
sitio||marcio santos|taboquinha|39390000|11,-1712976,-4376436
sitio||margaret|felix|39394000|22,-1687900,-4370853
sitio||maria antonia|rio do felix|39390000|23,-1697148,-4370886
sitio||maria ap rocha|gameleira|39395000|24,-1692241,-4368492
sitio||maria de fatima botelho|gameleira|39395000|22,-1692156,-4368399
sitio||maria dos anjos|rio do felix|39390000|36,-1696899,-4370514
sitio||maria froes|rio do felix|39390000|35,-1696898,-4370522
sitio||maria isabel|agua boa|39390000|12,-1690710,-4369138
sitio||maria izaura|rio do felix|39390000|44,-1697666,-4370941
sitio||maria jose amorim|gameleira|39390000|25,-1691434,-4368794
sitio||maria siqueiraa|rio do felix|39390000|28,-1696667,-4370420;29,13,-25
sitio||nair de souza|agua boa|39390000|6,-1690211,-4368548
sitio||nelson cardoso|gameleira|39390000|3,-1692165,-4369051
sitio||nilvon neves|gameleira|39390000|4,-1692160,-4369042
sitio||osvaldo amorim|gameleira|39390000|24,-1691490,-4368847
sitio||osvaldo|gameleira|39390000|23,-1691454,-4368821
sitio||otaviano teixeira|taboquinha|39390000|20,-1713623,-4374991;21,8,-103
sitio||palmito|macaubas|39390000|1,-1737814,-4329647;2,155,-147;3,2258,-3268;25,-921,612;28,168,-380;54,654,-297;801,-1706,1672;8660,205,-45;12674,-239,92
sitio||palmito|macaubas|39393000|8,-1737210,-4331438;11,74,-105;12,136,59;98008,-145,-96
sitio||paulo lopes|taboquinha|39390000|31,-1712891,-4375652
sitio||pituca|agua boa|39390000|17,-1690353,-4368756
sitio||remanso|rio do felix|39390000|3,-1696198,-4371791
sitio||rio do felix|alto belo|39390000|2,-1693880,-4373050
sitio||rio do felix|brejinho|39390000|2,-1696272,-4371760;5,-1147,-1195;9,853,1225;14,-99,1292;19,-3959,-881;20,39,175;28,-2187,-3372
sitio||rio do felix|cabeceira do rio do felix|39394000|16,-1701620,-4371743;20,1015,686;22,-39,-111;23,3,252;201,36,-375;350,222,-50
sitio||rio do felix|camilo prates|39393000|31,-1703542,-4375658
sitio||rio do felix|felix|39394000|12,-1693112,-4370736
sitio||rio do felix|laranjeiras|39394000|15,-1689716,-4370265
sitio||rio do felix|nova tolda|39390000|2,-1703425,-4373082
sitio||rio do felix|rio do felix|39390000|1,-1699632,-4371526;2,515,-408;5,1401,-51;7,-2848,450;8,2902,462;9,-1525,-184;10,2663,-67;11,-4690,342;15,1631,98;17,2899,181;18,-86,-966;19,-1357,-788;24,-2699,1695;26,495,96;42,2961,-596;50,-370,759;52,-289,-32;329,1180,-902;350,-3126,947
sitio||rio do felix|rio do felix|39394000|4,-1696252,-4371773;6,-139,79;36,-1641,1160;51,208,-91
sitio||rio do felix|temda velha|39393000|88,-1702747,-4374891
sitio||rio do felix|tenda velha|39393000|3,-1703096,-4375803
sitio||rio do felix|tolda|39390000|3,-1703079,-4372822
sitio||rio do feliz|pocoes|39394000|8,-1698271,-4372692
sitio||rosalina|laranjeiras|39394000|24,-1687726,-4370738
sitio||sebastiao neves|gameleira|39390000|1,-1691989,-4369009
sitio||sebatiao ferreira|gameleira|39390000|21,-1692103,-4368364
sitio||sem denominacao|barra do felix|39390000|6,-1693951,-4370222;7,-539,193
sitio||sem denominacao|brejinho|39393000|200,-1701882,-4375755
sitio||sem denominacao|cabeceira do rio do felix|39394000|18,-1701090,-4371216;161,-546,-416
sitio||sem denominacao|jacare|39390000|101,-1701982,-4375468
sitio||sem denominacao|laranjeiras|39394000|5,-1689237,-4371127;16,357,253
sitio||sem denominacao|rio do felix|39390000|6,-1694345,-4372181;8,503,212;11,-2771,297;16,-2907,626;17,-473,517;20,2625,-732;39,165,601;41,-51,-1;47,-277,162;49,-59,-94
sitio||sem donominacao|cabeceira do rio do felix|39394000|17,-1701635,-4371631
sitio||severiano de souza|taboquinha|39390000|19,-1713458,-4375361
sitio||teca|rio do felix|39390000|44,-1697649,-4371105
sitio||teixeira|rio do felix|39390000|3,-1698181,-4371048
sitio||terencio leal|gameleira|39390000|13,-1691908,-4368798
sitio||terezinha|laranjeiras|39394000|4,-1689895,-4371522
sitio||valdinei oliveira|agua boa|39390000|13,-1690704,-4369117
sitio||valmir|barra do rio do felix|39394000|5,-1693546,-4370384
sitio||vicente leal|agua boa|39390000|22,-1690838,-4368232
sitio||wilson|rio do felix|39390000|14,-1692198,-4369878
sitio||zezinho|felix|39394000|43,-1697916,-4371355
travessa|doutor|tereziano magalhaes|esplanada|39390000|33,-1711739,-4381939;37,-5,9;47,-3,3;56,-14,8;57,8,-4;66,-17,8;77,-13,15;85,-7,6;93,-1,4;99,-3,10;107,-6,-5;120,-63,48;511,134,-109
travessa|farmaceutico|jose caldeira|pernambuco|39390000|70,-1711004,-4380622;73,12,4;77,-21,8;80,-2,-7;85,2,7;95,-4,3;100,-11,-5;101,9,7;110,-10,-6;111,-3,10;115,-30,14;116,24,-24;119,-26,2;121,24,-3;122,-5,2;128,-3,1;130,-8,4;142,-8,-6
travessa|presidente|juscelino kubitschek|pernambuco|39390000|20,-1711884,-4380894;36,5,-16;48,4,-16;60,1,-2;68,-3,-12;74,3,-15;106,5,-20;116,0,-8
travessa|presidente|juscelino kubstichek|pernambuco|39390000|7,-1711888,-4380893;11,1,-2;15,-1,-14;25,1,-5;35,3,-8;55,2,-14;63,-1,-8;75,2,-11;99,5,-17;107,0,-12;117,0,-6
travessa|professora|augusta ribeiro drumond|alterosa|39390000|21,-1713205,-4381947;33,1,-1;41,-5,23
travessa|santa|maria|jardim america|39390000|122,-1711947,-4380176;130,-5,-1;137,0,-7;140,2,-1;150,2,-12
travessa|santa|rita|bonfim|39390000|16,-1710652,-4382047;17,3,4;22,3,-2;25,5,-3;28,-1,0;30,4,0;31,1,1;34,7,-7;41,-5,1;50,13,-5;51,-4,-2;57,0,-1;58,5,2;61,-2,0;66,9,-4;67,3,-3;71,-1,0;72,2,-5;76,7,-7;77,1,3;82,5,6;86,6,-6;91,-4,1;92,7,-1;99,-3,-8;102,10,4;105,-16,-24;106,18,22;110,7,-1;113,-3,-1;116,3,-4;120,5,-2;125,-2,-3;126,9,-1;127,-5,0;133,6,-5;138,1,4;139,7,-6;145,6,-1;150,-2,10;154,6,-15;160,5,-10;166,4,4;292,-107,132
travessa|sao|francisco|bonfim|39390000|16,-1710376,-4382080;20,-1,9;26,-1,2;32,5,7;40,5,3;46,4,6;52,7,3;55,8,11;60,0,3;100,-350,-118;144,27,9;177,157,29;185,-110,-29;191,7,6;200,13,10;201,-10,-10;203,11,1;205,6,3;208,1,8;211,3,-8;215,6,3;216,-12,6;221,17,-8;224,-7,6;230,5,1;236,7,3;237,-1,-7;240,9,-7;241,-2,8;249,7,5;250,6,-3;255,1,4;263,6,4;267,3,-1;271,7,3;273,0,0;275,5,-5;277,-2,1;279,9,1;283,2,0;300,7,7;305,14,1;306,-5,0;316,2,7;321,13,-2;326,-1,3;329,10,-3;336,3,10;337,0,-6;345,6,0;350,3,8;353,5,-6;365,9,3;373,11,4;381,3,-2;399,12,2;400,-4,6;405,12,-3;411,4,1;417,8,1;421,5,4
travessa|vereador|conegundes de souza barral|pernambuco|39390000|21,-1711415,-4381050;31,-3,6;39,-11,-1;47,-15,6;59,-7,4;71,-5,2;85,-12,1;97,-8,1;105,-5,10;111,-7,0
travessa||agenor veloso|jardim aeroporto|39390000|32,-1712571,-4381244;41,1,9;54,-1,8;55,2,-6;64,-4,19;207,4,-32
travessa||antonio alves d oliveira|bonfim|39390000|80,-1710770,-4381883;114,127,-52;116,-2,0
travessa||antonio froes|bonfim|39390000|25,-1711035,-4381722
travessa||antonio meira peixoto|sao geraldo|39390000|8,-1712699,-4380301;10,5,4;16,-3,7;21,0,-2;26,-1,9;29,-1,0;36,-3,3;37,6,1;44,-4,6;56,0,15
travessa||brazida alves praes|zumbi|39390000|7,-1710806,-4382393;19,-137,89;20,12,-12;22,15,-1;29,97,-85;32,-2,8;35,2,-1;38,6,2;70,-141,140;87,8,-7;170,-76,-14
travessa||da paz|jardim america|39390000|5,-1711916,-4380222;9,-29,11;10,20,-1;23,-13,-2;25,-21,4;26,-5,-5;37,18,3;40,-5,2;42,-5,-1;51,-6,1;59,-2,1;65,-4,-3;69,-11,7;75,5,-1
travessa||da rua a|zumbi|39390000|25,-1711235,-4382369;81,28,35;90,7,18;92,6,2
travessa||da rua rita preta|pernambuco|39390000|12,-1711258,-4380270;18,12,2;25,8,-3;26,-5,2;57,29,4;63,5,0;64,-3,5;68,7,2
travessa||dilo maia|zumbi|39390000|12,-1711086,-4382288;906,2,0;974,-3,1
travessa||do grupo|machados|39390000|3,-1714413,-4323002;11,-29,-13;12,-10,-8
travessa||domingos acacio|nossa sra de fatima|39390000|20,-1711769,-4381477;24,-10,5;26,3,-7;34,-14,8;50,-8,11;58,-7,6;64,-5,-9;220,18,-6
travessa||dos ferreiras|novo horizonte|39390000|8,-1712313,-4380095;18,-9,2;28,-3,8;36,-10,-3;43,-5,3;44,0,-3;50,-10,7;51,4,0;58,-7,2;63,-21,-10;68,8,5
travessa||dos rodrigues|novo horizonte|39390000|4,-1712912,-4379988;24,-10,10;27,6,-4;33,-3,8;34,-5,1;35,2,5;37,-6,2;42,-1,-1;51,-4,13;76,-9,11;84,-6,9;88,-6,7;102,-16,-4;117,8,11;119,2,7;120,6,-13;121,-16,21;130,-1,3;132,-1,0;134,-1,0
travessa||edson murta|california|39390000|13,-1711946,-4381727;23,2,-19;27,5,-14;37,-4,6;41,2,-7;45,7,-6;48,-7,14;52,18,-17;56,5,-2;57,-14,-1;61,5,-7;67,10,-1;68,-4,21;73,8,-33;74,-9,8;80,3,-2;88,11,-7
travessa||f|maria rosa|39390000|70,-1711362,-4382174
travessa||geronimo veloso|pernambuco|39390000|6,-1711083,-4381084;10,-3,13;11,-5,6;14,-3,0;20,0,11;21,-2,4;22,-1,-7;24,-6,3;26,6,5;40,-4,5;50,-3,14;68,-4,23;76,-2,0;266,-4,13
travessa||goias|pernambuco|39390000|22,-1711971,-4380434;23,22,-5;51,20,-3;55,3,-3
travessa||henrique soares de souza|centro|39390000|8,-1710920,-4381537;13,6,-5;17,10,8;23,0,6
travessa||igreja assembleia de deus|rio do felix|39390000|2,-1701972,-4372401
travessa||joaquim rogerio|pernambuco|39390000|25,-1711462,-4380920;26,3,-1;35,2,6;44,2,4;55,1,23;58,-9,9;75,1,-4;94,4,-54;308,-116,67;387,-21,57;389,8,-8;402,-1,-3;419,8,-55;435,3,16;437,0,3;443,-2,16;450,-9,0;459,11,-9;460,-10,13;461,3,1;465,-5,15;466,3,-9;470,-2,5;471,10,-74;474,3,-11;484,7,-6;485,-8,1;492,4,-7;496,5,-2;510,7,-62
travessa||jose maria boas|pernambuco|39390000|90,-1711898,-4380785;104,-6,0;114,28,3;144,-8,0
travessa||jose meira peixoto|sao geraldo|39390000|16,-1712658,-4380343;17,-4,0;25,-1,1;31,-8,3;34,2,1;38,-4,-2;42,-8,3;43,-5,7;52,-1,-7;53,-7,4;58,-8,-4;59,3,6;64,-10,-4;68,4,-4;74,-6,10;84,-11,-2
travessa||jose pinto freire|pernambuco|39390000|30,-1711515,-4381204;31,1,5;40,-9,2;41,0,-3;48,-5,2;60,-10,5
travessa||j|zumbi|39390000|8,-1710631,-4382841;16,-1,-13;22,-3,-2;40,-2,-15;43,5,-3;48,-9,-10;56,-4,-4;62,0,-8;70,-1,-7;77,6,0;78,-6,-10;85,3,-4;88,-8,-5;91,6,2;97,0,-4;101,2,-9;106,-9,0;111,0,-5
travessa||k|beija flor|39390000|45,-1711351,-4382473;49,5,-13;565,5,-2
travessa||k|maria rosa|39390000|31,-1711489,-4382404;36,4,1
travessa||laurentino|centro|39390000|9,-1711053,-4381264;11,-41,-12;19,-8,-4;21,39,13;27,-49,-16;35,-7,2;51,-13,-8;55,-7,-1
travessa||luiz antonio monteiro|esplanada|39390000|30,-1711777,-4381845;33,-7,5;35,-9,-2;36,14,-18;44,-12,2;45,-9,4;55,-7,0;56,6,-21;61,-14,4;64,10,11;1980,37,13
travessa||macaubas|bonfim|39390000|3,-1710703,-4381888
travessa||marcelino ribeiro|pernambuco|39390000|6,-1711972,-4380782;19,13,0;23,2,-4;74,9,3
travessa||maria augusta|pernambuco|39390000|2,-1711766,-4380608;4,0,-1;7,-9,-4;12,1,5;22,-3,-4;27,-6,-1;30,-6,-2;37,0,1;46,-7,-1;47,-10,1;55,-3,0;58,0,0;68,-8,-5;69,2,1;73,-8,1;101,-27,47
travessa||maria isabel rogerio|pernambuco|39390000|3,-1711534,-4380890;18,5,-4;25,-2,-14;26,6,6;33,-7,-11;34,1,-6;38,5,-6;39,-3,13;40,3,-7;45,-5,-16
travessa||mariana de queiroga|pernambuco|39390000|377,-1711592,-4381144;385,-11,6;393,-10,0;397,-12,-1;401,9,-2;406,-6,8;411,-4,-7;418,-8,0
travessa||norberto caetano de oliveira|bonfim|39390000|7,-1710711,-4381886;15,1,3;29,-10,6;34,4,5
travessa||olhos dagua|pernambuco|39390000|71,-1711722,-4380578;72,-2,-2;73,0,10;75,0,4;76,1,-6;77,-6,16;90,3,-6;95,2,-4;104,-14,7;107,-2,6;119,-2,7;130,-13,-4;135,3,13;140,-14,-14;147,134,-362;149,-138,379;150,-10,-16;151,15,21;153,-5,1;155,-16,-18;157,8,1;159,11,9;160,-23,-7;170,-13,0;178,-4,-3;190,-9,-1;191,-14,-1;200,51,-123;206,-55,124;210,3,1;681,121,-60;683,-10,23
travessa||padre pedro|bonfim|39390000|2,-1710604,-4381429;7,1,-14;8,3,0;12,0,-1;14,-1,-8;15,-3,1;16,4,-3;20,2,-15;64,5,-12;76,1,-21;92,10,0;102,-2,-11;119,-14,24;135,-184,354;191,174,-296
travessa||paulo meira peixoto|pernambuco|39390000|138,-1711391,-4380582
travessa||sebastiao silva leal|sao geraldo|39390000|10,-1713005,-4380254;16,-7,4;22,-7,-5;34,-4,-4;36,-10,-3;48,-1,3;51,-9,0;56,-5,0;64,-6,-1;69,-7,4;79,-1,0;85,-5,-9;93,-7,-5;383,83,18
travessa||sem denominacao|tancredo neves|39390000|15,-1711921,-4382452;25,-1,6;43,0,28;51,3,-22;59,1,8;270,-5,0
travessa||silva domingos de souza|sao geraldo|39390000|11,-1712604,-4380431;21,-11,1;25,-5,-2;28,-5,-1;41,-15,1;42,-7,-1
travessa||tres marias|sentinela|39390000|20,-1709272,-4398891;88,19,25;128,39,34
travessa||ursina alves|pernambuco|39390000|22,-1711500,-4380303;27,-10,-4;28,15,10;29,-17,-13;31,-11,-3;35,-4,17;37,4,1;39,5,-3;41,-8,2;43,3,2;250,20,-6;255,3,0;270,9,11
travessa||vasco da gama|pernambuco|39390000|15,-1711446,-4380736;16,11,35;26,-7,-4;27,-1,-12;28,-2,-27;32,5,27;37,0,-48;38,0,11;48,-1,-10;49,-4,-8;57,0,-1;60,5,-12
travessa||vicente ferreira alves silva|pernambuco|39390000|7,-1711745,-4380344;18,156,143;24,0,-6;27,-171,-97;30,178,99;31,-2,-3;36,6,-4;41,-3,-4;44,4,2;49,-94,-57;50,98,54;53,6,-11;57,-105,-48;58,104,48;65,-210,-94;67,211,81;69,-214,-80;72,223,76;73,-227,-83;77,-3,-6;82,239,81;89,-249,-82;93,4,-7;99,-1,-10;105,99,-1;113,-106,-9
travessa||vicente rodrigues|novo horizonte|39390000|13,-1712782,-4380081;27,-13,-3;38,-12,-3;40,41,14;43,11,1;58,6,5
trilhos||da ferrovia centro atlantica|engenheiro dolabela|39395000|16,-1746658,-4401293
vargem||formosa|imbe|39390000|5,-1718815,-4390938;6,-1,6;66,1492,-524
via||de acesso a rodovia br 135|engenheiro dolabela|39395000|2,-1746353,-4400810
vila||maria rosa|centro|39390000|10,-1711323,-4382005;48,-6,-10;62,-18,-18;78,12,5
vila||maria rosa|esplanada|39390000|9,-1711326,-4381987;11,5,-2;65,-15,-42;77,-8,-13
