acesso||jatoba lages|fazenda jatoba lages|39280000|38,-1712821,-4501138
area||do remanso|area do remanso|39288000|15,-1668790,-4523772
area||taboquinha|taboquinha|39288000|34,-1672936,-4517704;35,5,-5;36,-5,5
area||vargem grande|vargem grande|39288000|4,-1663903,-4508453;10,-862,-237;11,-207,-39
avenida|juiz de paz|jovino francisco braga|centro|39280000|54,-1736433,-4496319;56,7,-9;58,6,1;60,10,-7;74,7,-3;82,6,2;100,7,-8;107,3,-17;112,5,10;126,10,-10;144,20,-6;154,7,-10;165,1,-10;171,18,-10;175,2,4;186,0,10;187,6,-11;198,-1,4;203,15,-19;246,31,10;260,17,-7;272,8,16;278,2,-11;292,13,-11;298,3,-3;304,8,-2;316,13,-1;326,14,-5;344,11,-1;408,51,-14;420,24,1;430,11,-11;516,79,-19;528,-15,3;540,12,-3;564,21,-2;584,29,-11;590,4,-1;592,-13,4;596,25,-7;610,12,-2;650,47,-16;656,11,-2;666,9,-4;717,-186,54;728,241,-69;734,5,-5
avenida|juiz de paz|jovino francisco braga|dom bosco|39280000|2234,-1735026,-4496733;2235,-5,-5;2246,11,2;2247,-11,-3;2252,18,-1;2253,-1,-4;2264,16,2;2265,-11,-4;2276,20,-7;2277,-9,6;2288,15,1;2289,-2,-10
avenida|juiz de paz|jovino francisco braga|sao francisco|39280000|25,-1736449,-4496320;29,1,-1;64,333,-170;73,-9,-15;74,7,6;84,2,-11;85,-13,-6;95,-2,-8;229,-165,121;243,23,-9;269,15,-4;279,4,4;305,32,-15;327,23,-1;333,5,-8;385,51,-4;465,49,-12;513,52,-19;517,3,-1;523,6,-3;539,11,1;553,6,-3;563,-3,9;581,34,-20;593,9,-4;601,9,-1;611,4,0;637,47,-12;649,14,-8;651,5,6;667,13,-3;721,31,-12;731,16,-6;745,20,5;1007,-2,-9
avenida|juiz de paz|jovino francisco braga|vila maria|39280000|1536,-1735618,-4496581;1548,17,0;1549,-40,-2;1552,5,5;1555,-1,-6;1559,12,-1;1560,19,3;1563,-8,-6;1565,11,-4;1567,13,-2;1572,2,6;1582,12,35;1586,-4,-36;1587,-5,-7;1599,9,-6;1602,8,8;1611,1,-11;1621,9,-3;1631,14,-2;1695,57,-18;1715,9,-1;1727,3,1;1739,-3,0;1750,18,3;1760,17,-3;1766,14,-2;1836,45,-16;1842,17,-3;1843,-3,-9;1845,9,0;1855,6,-1;1865,8,-3;1872,-2,8;1879,18,-14;1882,-7,12;1892,14,-5;1899,3,-9;1912,24,8;1913,-15,-9;1925,16,-7;1955,31,-8;1965,12,0;1975,4,-1;1990,-1,10;1995,22,-13;2005,5,-3;2010,-3,11;2020,9,-4;2030,6,-1;2039,3,-7;2040,6,7;2045,-73,5;2050,86,-6;2055,6,-16;2060,-8,17;2065,13,-16;2070,7,6;2075,-1,-3;2080,8,6;2085,2,-13;2096,10,4;2099,-2,-4;2100,3,2;2102,12,8;2105,-8,-9;2125,27,-11;2147,13,-3;2152,-10,10;2154,57,-16;2155,-36,-1;2164,6,19;2174,7,-12;2176,8,-5;2178,-9,8;2186,14,-3
avenida||afonso pena|belo horizonte|39280000|32,-1737731,-4496719;42,-1,-10;52,4,-4;62,-2,-38;92,-1,7;142,-3,-57;162,-3,-118;170,-7,-130;182,1,-7;234,-5,-48;244,-2,-26;369,-3,123;395,-4,-9;417,-3,-47;435,2,-5;465,-19,-56
avenida||amazonas|belo horizonte|39280000|2,-1737237,-4496777;32,-23,16;33,3,-1;45,-18,3;46,-2,-19;58,-5,-3;82,-25,-2;83,-9,6;106,-8,-15;141,-34,9;154,-11,-15;167,-13,10;202,-28,-18;226,-8,-6;273,-46,8;277,-12,-9;290,-13,-9;300,-3,0;305,-5,10;315,-6,0;371,-44,-14;376,-10,-9;385,9,10;388,-29,-9;402,-15,-10;444,-27,-12;457,-11,20;525,-65,-17;534,2,-19;600,-91,-2;602,-7,-1;614,-13,2;626,-6,2;638,-10,-3;751,-51,10;941,-218,24;942,29,-11;956,-31,2;1002,1,-3;1016,-23,4
avenida||barnabe martins|centro|39280000|1,-1735985,-4495494;2,39,12;25,-10,-34;38,10,-3;41,-2,1;50,17,3;51,-4,-16;53,3,4;56,-1,8;60,-302,-432;71,325,433;80,14,-4;95,-11,-2;97,5,2;98,4,3;101,-4,-11;105,12,6;118,14,5;124,2,-4;133,25,3;134,-7,0;142,10,-6;172,19,1;175,8,-13;182,17,19;185,-28,-11;199,28,-20;205,8,0;219,12,-3;220,-6,15;221,-2,-21;224,17,5;225,-2,3;235,19,-1;245,6,-5;263,1,-8;264,-7,5;265,10,-12;275,4,-3;285,2,-1;295,10,-7;317,26,-9
avenida||beira rio|cachoeira do manteiga|39288000|40,-1665800,-4508180;45,-167,75;71,137,-57;138,-53,27;164,-9,-2;184,-23,-2;202,-13,5;306,-89,15;328,-19,4;339,-7,-2;356,-13,0;392,-58,14;416,-18,3;3031,89,-2
avenida||brasil|buritizeiro|39280000|22,-1736134,-4497159
avenida||brasil|sao francisco|39280000|21,-1737088,-4496743;52,15,-10;55,-12,5;67,20,-25;68,-3,20;80,10,-11;85,1,-21;96,12,11;101,-1,-17;108,9,5;129,12,-25;130,3,10;139,4,-17;140,3,15;150,8,-8;155,0,-18;169,9,-3;218,29,-18;219,-1,-7;229,16,-14;232,-1,8;241,10,-12;301,11,-24;303,20,-9;307,3,1;310,27,-12;337,-13,3;349,10,-12;351,0,7;389,22,-24;401,8,-5;402,5,1;411,-1,-9;415,0,14;416,9,-8;476,49,-24;492,23,-6;519,21,-22;520,1,17;521,190,-72;534,-182,65;548,22,-8;566,0,7;570,36,-9;616,19,-10;626,24,2;670,13,-6;671,-5,-21;679,15,3;680,16,6;690,1,-1;697,-1,-12;700,2,12;709,16,-27;710,-9,22;740,25,-16;748,21,15;768,9,-13;814,50,3;822,1,-16;823,5,-8;832,13,21;837,-3,-28;842,19,16;902,25,-4;907,10,-24;914,-10,18;917,25,-24;927,14,1;932,-19,18;948,26,7;961,173,61;974,-143,-85;975,-23,-10;986,35,4;987,-5,-9;1000,25,16;1001,-13,-22;1007,48,-4;1009,1,-1;1011,10,-1;1027,21,-9;1030,-46,21;1041,55,-25;1046,-38,24;1054,14,0;1062,6,-1;1076,14,-6;1090,5,-6;1100,50,-8;1111,-78,5;1115,112,-25;1122,-20,18
avenida||central do brasil|belo horizonte|39280000|5,-1737266,-4496845;32,-219,-171;153,255,203;435,-195,-158;493,-36,-22;513,-43,-3;533,-13,-35;545,-2,-2;557,-8,-5;569,-12,-7;971,-247,-184;977,-16,-12;989,-10,1;1081,-83,-54
avenida||central do brasil|novo buritizeiro|39280000|1072,-1737873,-4497290;1082,-19,-6;1092,-4,-2;1100,-2,-2;1110,-12,-6;1118,-8,-2;1119,-54,-27;1178,15,6;1190,-25,-15;1214,-8,1;1226,-10,-9;1238,0,-21;1310,-62,-7;1322,-31,-13
avenida||central do brasil|quintas do agreste|39280000|1698,-1738308,-4497484;1730,-22,-10;1736,-33,-10;1742,-50,-25;1745,-18,6
avenida||central do brasil|santo expedito|39280000|982,-1737807,-4497255;1010,-29,-10
avenida||central do brasil|sao francisco|39280000|6,-1737108,-4496740;8,4,3;26,-19,-9;32,-8,-7;44,-5,-5;60,-6,-4;74,-32,-19;95,-10,1;102,4,-10;118,-7,-5;130,-3,-1;140,-6,-4;152,-18,-12;170,-17,-13;222,-39,-36;242,-7,-10;281,-42,-18;288,8,-11;291,-6,16;307,-16,-9;310,13,-11;324,-20,-8;325,1,16;337,-17,-15;349,-4,4;385,-25,-30;394,-5,-11;410,-14,-16;422,-6,-6;435,-21,7;458,-11,-27;472,0,-8;502,-31,-18;522,-15,-18;532,-17,-9;558,-44,-20;588,31,17;600,-28,-17;1406,814,512;1408,-21,-11;1426,-7,-6;1436,-12,-7;1446,-10,-3;1458,-15,-7;1460,-12,-6;1464,-1,1;1498,-18,-13;1506,-15,-12;1526,-5,0;1540,-21,-12;1548,-34,-11;1562,19,9;1576,-9,-4;1654,-72,-13;1668,-7,-4;1678,-13,0;1684,-4,0;1692,-12,-7;1706,-10,-1;1707,13,16;1712,-21,-21;1736,-13,-10;1737,-6,11;1748,-2,-14;1753,-1,7;1758,-5,-12;1765,-9,5;1771,-14,-11;1774,6,4;1780,2,-5;1784,-9,-7
avenida||da extremidade|alto sao francisco|39280000|511,-1736613,-4497380;709,-341,83;717,10,-7;741,11,2;743,12,1;745,-2,-1;751,6,0;755,14,-9;767,8,8;867,103,-31;971,89,-25;997,25,-3;1005,8,-5;1019,11,0;1031,10,-3;1043,13,0;1055,15,-10;1103,45,-4;1129,7,-2;1135,16,-7
avenida||da extremidade|bandeirantes|39280000|1319,-1736413,-4497426;1343,13,-1;1363,30,-10;1399,37,-10;1457,58,-14;1465,10,-5;1471,15,-3;1483,3,-1;1507,23,-4;1519,10,-6;1527,13,-2;1539,9,3;1547,18,-11
avenida||da extremidade|sao francisco|39280000|710,-1736953,-4497279;732,14,-7;738,26,-5;754,21,9;776,9,-16;832,69,-2;846,17,-14;912,34,-18;922,34,4;968,12,-9;998,37,4;1066,59,-28;1116,41,-8;1130,14,13;1146,19,-18;1154,10,-3;1200,40,-9;1214,13,-10;1264,50,-11;1284,56,553;1336,-7,-564;1340,2,-2;1342,22,-4;1360,13,-5;1376,13,0;1392,8,-4;1472,70,-18;1484,7,-3;1490,5,0;1500,74,-5;1508,-54,0;1520,7,6;1532,20,-10;1546,20,-5;1574,14,16;1586,10,-22;1590,8,-1;1596,22,-9;1620,2,0
avenida||das andradas|belo horizonte|39280000|11,-1737243,-4496689;57,10,-54
avenida||das industrias|alto sao francisco|39280000|17,-1737702,-4497764;30,8,3;40,14,-4;50,6,1;60,4,-5;101,58,-32;130,2,9;363,167,-78;463,82,-27;475,33,-4;507,23,-17;530,83,-18;608,69,-13;670,79,-25;686,41,-27;709,-36,14;733,32,-7;741,-1,1;819,92,-26;829,-22,7;830,1,16;839,11,-26;840,-23,20;851,34,-13;863,2,-2;869,20,-8;981,92,-26;984,-49,16;990,23,-3;991,26,-11;996,-19,19;1000,10,-10;1004,9,4;1005,11,-14;1008,-10,8;1012,5,-1;1015,25,-15;1016,-15,12;1020,6,2;1024,12,-1;1030,4,-3;1034,8,-3;1035,1,-19;1098,48,6;1112,12,-2;1126,19,-6;1133,12,-9;1140,-8,1
avenida||de contacto|sao francisco|39280000|32,-1736804,-4496689;96,52,-33;97,-2,-4;99,9,-5;103,-9,-3;221,-29,29
avenida||fazenda lagoinha|fazenda sao sebastiao|39285000|19,-1734838,-4548051
avenida||geraldo carneiro mendonca|paredao de minas|39280000|1,-1710821,-4543797;10,-122,72;11,-190,117;14,313,-189;74,-208,129;101,-136,77;103,0,0;124,249,-149;128,31,-20;129,-48,30;130,1,-2;139,-1,2;252,-87,45;254,-8,17;328,-36,16;329,-249,70;330,228,-52;370,-29,12;372,24,-9;376,0,0;501,-154,86
avenida||geraldo jose de souza|alto sao francisco|39280000|4,-1737124,-4497253;9,-191,48;37,25,-5;51,13,-1;79,15,-17;91,21,4;107,13,0;121,20,16;149,14,-25;163,19,-12;177,14,-4;191,17,-3;281,73,-14;299,20,-7;513,-63,17;515,14,2;519,2,-7;643,98,-21;661,16,-5
avenida||geraldo jose de souza|santo expedito|39280000|11,-1737619,-4497127;25,279,-75;71,-189,51;75,11,-5;77,15,-15;87,23,-12;93,11,18;99,5,-6;103,13,-5
avenida||geraldo jose de souza|sao francisco|39280000|20,-1737568,-4497120;38,21,-11;50,13,-2;62,20,-11;76,0,3;82,15,-1;86,-2,2;100,12,-4;122,20,-8;378,211,-50;476,84,-12;480,36,-20;500,15,-3;510,11,-1;518,7,-4;554,39,-10;574,20,-5;596,25,-5;608,8,-7;622,5,-3;640,18,3;660,14,-10
avenida||goncalo reis barbosa|cachoeira do manteiga|39288000|5,-1665989,-4508134;6,27,4;16,2,-6;19,-56,-352;26,53,346;36,1,-8;57,-14,-22;58,10,1;63,-13,-12;68,8,-3;69,-8,-1;78,13,-6;85,-11,-5;90,9,-5;101,-10,-14;108,9,5;125,-11,-25;126,5,1;139,-14,-22;153,-5,-4;154,18,-5;163,-13,-8;164,17,4;174,-6,-15;190,0,-12;201,-10,-5;202,11,2;212,-3,-25;246,-19,-134;265,-32,-194;337,13,204;345,20,-26;362,30,90;366,-1,-10;368,-27,-78;369,-6,-7;401,-17,-10;402,23,0;413,-19,-19;416,8,-32;421,9,219;426,1,-71;427,8,155;436,-14,-284;437,-15,-7;446,11,-12;449,-13,9;469,-17,-15;472,30,-4;482,-3,-15;492,1,-18;502,-4,-9;503,11,196;512,-13,-198;524,13,-28;531,-17,-34;544,229,30;554,-221,-22;566,-1,-15;577,216,47;600,-231,-78;616,2,-9;626,-16,1;634,9,-17;638,-11,17;644,14,-30;677,-9,2
avenida||manoel joaquim de melo|belo horizonte|39280000|23,-1737546,-4496703;40,-312,-31;1766,-85,62;1982,613,-318;2050,2,297;2054,-10,14;2076,-5,-15;2340,-223,-2;2386,-61,-3;2586,-178,13
avenida||manoel joaquim de melo|centro|39280000|1,-1735986,-4495535;2,-12,4;8,11,-1;26,-12,-4;30,2,6;34,-4,-11;36,-36,-73;46,32,62;54,3,-16;68,0,9;90,-5,-53;102,-247,-380;106,188,330;176,5,2;181,-5,1;185,0,2;187,-5,-1;189,3,-9;192,6,-1;199,-23,0;200,20,-16;206,-15,-9;209,-52,-82;215,49,79;221,-8,-11;238,-7,-9;251,-3,10;263,-9,-20;266,8,0;271,-7,-2;275,-9,-14;283,5,-7;288,30,49;289,7,-190;290,-38,140;291,-8,-2;305,0,-6;311,-7,-4;315,7,-8;317,-9,-1;321,57,-129;325,-21,-32;327,12,31;328,-50,121;329,15,-71;345,-28,53;351,15,23;354,-9,-19;363,-8,-12;382,-3,-2;389,-23,-18;398,14,-3;400,-6,-6;401,-12,-1;408,5,-8;413,-63,53;418,62,-54;420,2,-8;421,-65,69;441,-12,-71;442,55,-28;450,-9,-10;458,-2,-10;469,-18,-2;470,11,-10;479,-13,-6;482,8,0;491,-13,-5;502,23,-11;508,-19,5;511,-12,-10;512,8,6;520,-13,-7;522,18,-1;526,-27,-8;534,9,-5;535,-8,9;542,6,-16;548,-5,-9;550,0,-4;551,-5,21;557,0,-18;560,4,-9;572,-7,-8;575,-5,1;582,-3,-10;590,-4,-9;592,-4,1;593,11,19;596,1,-10;605,-9,4;617,-10,-36;622,1,-5;625,-7,-3;630,-2,-2;636,27,-7;637,-34,2;642,8,-12;645,-12,9;656,5,-18;670,2,-17;678,5,-8;680,-24,10;683,6,24;687,9,-12;690,-13,-21;697,1,17;699,-3,-3;725,-1,-27;729,-2,-4;733,-10,-2;737,-1,2;747,1,-2;760,-9,-18;777,-8,-17;778,9,-9;780,-1,-2;790,-12,-24;798,6,15;801,-9,-3;806,10,1;811,-17,-10;813,-4,-9;816,-3,-3;822,0,-5;823,-3,2;831,-7,-6;832,1,-2;834,-2,-6;836,-2,3;838,-3,-8;850,-7,-7;858,-6,-7;859,15,18;879,-3,-12;887,-23,-12;888,-5,-16;900,-6,-6;904,-10,-2;907,-6,2;910,4,-13;918,-4,1;927,-19,-8;928,12,7;935,-13,-15;957,-15,-4;980,22,6;994,-6,-7;996,-7,-14;1011,-5,10;1013,-4,-7;1023,-5,-10;1031,-13,-9;1043,-11,-7;1045,1,-2;1057,-14,-6;1067,5,-13;1071,-20,-2;1073,-1,-12;1081,-8,5;1089,8,-13;1097,-12,-8
avenida||manoel joaquim de melo|jardim dos buritis|39280000|1153,-1736568,-4496400;1159,-6,-9;1171,-5,-11;1175,-8,-5;1183,-4,0;1191,-27,7;1193,-4,-9;1197,-8,-7;1209,-9,-5;1219,1,3;1233,-7,-9;1249,-10,-6;1253,-57,-34;1261,39,25;1281,-2,-4;1297,-15,-7;1307,-4,-5;1331,-32,-17;1339,1,-1;1349,-9,-4;1359,-10,-6;1369,-7,-2;1389,-14,-8;1399,-11,-5;1415,-8,-3;1427,-13,-4;1447,-6,-5;1461,-22,-6;1493,-18,-7;1523,-23,-6
avenida||manoel joaquim de melo|sao francisco|39280000|992,-1736475,-4496310;997,-30,-21;1004,26,16;1010,-2,-2;1040,-20,-19;1056,5,0;1058,-3,-7;1070,-13,-9;1080,-10,-9;1100,-6,-8;1172,-51,-51;1174,3,1;1200,-3,-3;1206,-5,-6;1212,-6,-2;1218,-11,2;1220,-11,-22;1240,-10,-8;1250,-12,-3;1930,-570,-196
avenida||paredao de minas|alto sao francisco|39280000|800,-1737150,-4498128;1067,177,836;1083,-8,-13;1086,12,-8;1099,-13,-3;1100,11,-12;1111,-16,2;1123,-3,-7;1131,1,-14;1143,-6,-8;1155,2,-8;1164,8,-11;1165,-13,1;1170,12,-6;1175,-15,-9;1184,6,-8;1200,-4,-7;1201,-8,-3;1211,-2,-9;1223,-2,-16;1230,19,-23;1233,-18,17;1237,-7,-33;1241,0,8;1244,14,15;1245,-15,-11;1249,11,12;1258,1,-25;1288,3,-23;1302,-9,-12;1303,-11,2;1319,-3,-6;1331,-5,-27;1332,13,-2;1335,-32,-61;1343,12,41;1344,21,10;1373,-28,-18;1377,-11,-77;1378,-1,0;1381,9,58;1392,-12,-70;1393,1,-1;1398,23,52;1401,-15,3;1406,5,-8;1407,-20,-62;1408,12,1;1410,21,39;1422,-26,-53;1429,-12,5;1455,-9,-48;1457,1,-4;1458,17,7;1469,-18,-15;1485,-4,-8;1511,-25,-18;1512,25,-15;1528,-3,-10;1529,-9,-1;1545,1,-9;1560,4,-26;1563,-10,6;1589,-8,-30;1598,14,-9;1603,-17,-6;1680,-5,-136;1690,-3,0;1700,0,-8;1703,-7,67;1710,5,-76;1740,-15,-42;1750,-5,-17;1760,6,23;1770,-4,-39;1810,-14,-46;1820,3,8;1850,-5,-16;1922,-17,-86;1930,-1,3
avenida||paredao de minas|sao francisco|39280000|238,-1736633,-4496589;248,-1,-6;258,-9,-18;268,-5,-9;278,-1,-8;314,-6,-10;326,-8,-21;348,-8,-24;362,-7,-8;372,-8,-15;390,-2,-10;402,-8,-13;414,-5,-7;600,-56,-113;602,-10,-12;604,-2,-17;610,-4,-9;618,-3,-14;632,-13,-16;644,2,-2;656,-8,-15;665,-137,-258;676,139,244;766,-50,-90;780,-5,-6;800,-4,-10;812,-6,-6;818,-11,-16;832,3,-1;842,-3,-13;854,-4,-8;868,0,-23;903,-34,-19;913,-4,-8;923,-5,-8;943,-6,-14;955,-5,-12;965,-10,-22;981,-5,-1;988,11,5;993,-11,-16;998,13,-12;1017,-23,-2;1018,4,-16;1025,-7,5;1042,3,-29
avenida||patos de minas|alto sao francisco|39280000|16,-1737329,-4497217;28,-9,-11;40,-7,-9;52,-6,-9;64,-5,-12;76,-6,-10;88,-3,-4;100,-4,-17;112,-9,-1;124,-10,-14;136,-3,-2;148,-4,-9;160,-11,-11;1216,-55,-73;1226,-10,-9;1240,-6,-10;1255,-8,-10;1264,-7,-10;1278,-5,-7;1410,-84,-93;1418,-18,-38;1430,0,0;1530,-45,-64;1592,-22,-32;1824,-125,-167;1906,1,2
avenida||patos de minas|novo buritizeiro|39280000|1377,-1737565,-4497519;1397,-13,-19;1409,-7,-2;1417,0,-10;1427,-9,-10;1553,-56,-78;1563,-10,-5;1577,-6,-4;1589,-4,-23;1613,-17,-7;1625,10,9;1639,-19,-24;1653,-8,-17;1665,0,-5;1751,-54,-62;1775,-27,-13;1787,5,-20
avenida||patos de minas|santo expedito|39280000|33,-1737346,-4497219;35,-3,-12;135,-61,-84
avenida||patos de minas|sao francisco|39280000|20,-1736731,-4496600;44,-1,12;63,-18,3;71,-2,-24;74,1,3;78,-11,-9;83,-18,-5;92,10,-4;95,-12,4;117,-9,-14;118,4,5;128,-10,-19;129,-5,8;131,2,-2;133,-10,-16;146,2,-4;159,-14,-4;166,7,-11;171,-22,19;191,4,-19;200,102,115;217,-124,-139;224,2,-8;227,-13,5;237,-4,-10;238,7,-14;247,-12,9;259,-4,-9;260,5,0;271,-11,-4;272,-1,-12;281,-18,14;298,2,-31;301,-6,8;308,1,-10;317,-12,-3;320,-1,-9;333,-7,-2;334,0,-8;345,-6,2;350,3,-12;351,-9,9;361,-8,-8;362,7,-6;372,-12,-11;373,-2,-7;395,-17,-6;396,8,0;408,-10,-10;409,-7,-2;442,-9,-15;447,-5,-1;450,-2,-12;460,-11,-12;476,0,-1;477,-15,1;489,-10,-11;490,10,0;501,-14,-6;513,-10,-4;521,0,-7;527,-2,-3;528,5,-6;535,-16,-1;536,6,-10;547,-16,-2;559,-5,-7;560,8,-5;566,-3,-2;572,-7,-6;573,-8,6;576,7,4;583,-16,-14;606,-5,-21;619,-14,5;620,9,-9;650,-17,-20;657,-9,7;658,-4,-15;670,-9,-11;673,-1,9;683,-9,-9;686,4,-3;699,-14,-7;700,2,-9;707,-9,2;708,7,-8;713,-13,2;720,6,-2;731,-17,-4;736,8,-10;744,-5,-5;747,-5,5;748,-3,-13;760,-3,-1;778,-10,-10;815,-28,-26;822,0,-6;831,-11,0;838,2,-8;843,-12,-2;846,3,-9;855,-11,0;858,8,-3;867,-17,-4;879,-10,-11;880,7,-3;891,164,170;928,-198,-206
avenida||perimetral rodrigues alves|belo horizonte|39280000|330,-1738178,-4497238
avenida||rio branco|sao francisco|39280000|33,-1737233,-4496877;88,44,-30;97,-4,-3;106,18,-6;113,-8,-6;145,25,-25;161,7,-8;164,10,4;175,0,-16;178,5,10;245,37,-50;260,16,-1;272,4,-9;273,-1,-15;309,35,-24;322,8,3;334,18,-8;335,-12,-9;347,13,-10;348,5,17;359,-1,-19;360,4,5;365,2,-11;372,2,6;385,-5,-5;386,16,2;393,9,-20;404,44,-10;407,-32,2;418,42,-4;419,-11,-6;420,21,7;429,-7,-8;505,75,-19;516,3,7;519,9,-6;530,-3,10;545,26,-27;578,16,9;579,6,-7;594,14,12;608,11,-9;611,4,-7;615,28,-13;623,21,-5;625,-36,-1;635,48,-2;674,-1,7;684,2,3;718,76,-21;723,63,114;731,-99,-117;739,16,-6;755,9,11;767,9,-5;813,40,-12;827,12,-8;832,8,10;841,4,-9;842,8,7;866,29,-12;871,-7,-3;883,7,-5;894,12,12;895,11,-17;905,-24,7;908,22,7;920,130,364;945,-91,-371;946,6,-5;961,12,-12;969,6,1;978,9,2;983,-1,-6;1017,30,-4;1028,16,14;1029,-3,-27;1045,15,2;1046,4,12;1061,11,-15;1105,38,-8;1110,-16,12;1111,22,-15;1120,-14,14;1121,25,-16;1126,-16,12;1130,23,-4;1131,3,-12;1135,17,-4;1140,-14,13;1150,17,-3;1183,-58,11
avenida||tiradentes|sao francisco|39280000|5,-1736673,-4496859;9,-69,20;11,343,-56;47,-305,44;53,10,5;100,34,-1;109,5,-17;110,10,11;119,7,-10;135,13,-10;145,6,6;151,13,-3;163,4,-19;164,20,24;165,3,-11;197,19,-8;203,14,7;248,30,-7;257,1,-10;285,22,-13;297,9,-5;337,26,-4;338,17,12;347,-6,-6;351,7,-2;369,14,-3;409,40,-15;421,3,-7;431,20,-11;481,26,-16;491,23,1;507,14,15;562,61,0;590,24,-8;591,-13,-9;605,17,-3;606,1,10;617,13,-11;620,-1,10;652,40,-14;653,-8,-7;667,16,-8;676,12,13;686,7,-4;715,21,-17;720,-3,14;727,10,-16;737,16,-4;738,-14,13;746,17,-4;758,8,-1;793,34,-16;806,22,5;811,-12,-7;869,44,-16;879,15,-2;881,5,-2;892,11,7;895,3,-12;915,5,1
avenida||um|santo expedito|39280000|38,-1737832,-4497283;48,13,-4;58,7,-4;68,19,-2;78,4,-10
avenida||verissimo silva|paredao de minas|39280000|1,-1711072,-4543824;15,-37,24;25,0,0;26,-68,34;32,77,-48;35,-9,14;39,0,0;62,-16,5;74,-12,6;84,0,0;125,-49,38;144,9,-15;174,-48,30;176,0,0;178,0,0;193,-237,151;219,215,-127;229,-8,4;239,-19,12;271,-22,12;295,-56,30;393,-28,20;394,-22,7;395,3,4;401,19,-11;409,-30,18;420,-12,-7;491,-54,64
brejo||pioneira|sambaiba|39280000|1,-1759712,-4536085;2,-11,-1
chapadao||chapadao dos gerais|sambaiba|39280000|95,-1782759,-4539741
comunidade|sao|bento|sao bento|39280000|1,-1685305,-4500885;7,326,3;10,-293,-86;12,-40,85;16,2,-42;18,1,39;19,-7,107;21,-21,8;26,-151,-98;28,98,97;29,-16,-63;32,-85,-36;33,74,-52;34,-2,24;43,-166,-106;46,88,-41;48,57,65;50,80,-64
corrego||das pedras|fazenda sao francisco|39280000|61,-1733824,-4506223
corrego||das pedras|lanca 4|39280000|45,-1732632,-4507791;57,-292,1083;58,-933,-659;59,472,769;93,2095,-2367;100,-2367,6407
corrego||pau rico|sitio brejinho|39280000|70,-1734912,-4506438;71,95,-112;72,0,0;74,0,0
corrego||piraporinha|corrego piraporinha|39280000|11,-1735563,-4499838;13,269,1230
estrada|sao|romao|corrego quatiz sitio sao geraldo|39280000|3,-1729343,-4495814;4,62,0;17,0,0
estrada|sao|romao|fazenda agua azul|39280000|2,-1730368,-4496864
estrada|sao|romao|fazenda dos quatiz|39280000|1,-1730067,-4497209;2,0,0
estrada|sao|romao|fazenda graviola|39280000|10,-1732629,-4495719
estrada|sao|romao|fazenda panelada|39280000|1,-1726406,-4492452;2,46,8;3,11,3;18,578,188
estrada|sao|romao|fazenda santa helena|39280000|10,-1726832,-4489743;12,0,0;19,180,-611
estrada|sao|romao|fazenda sao francisco|39280000|15,-1733670,-4496063
estrada|sao|romao|fazenda tryumpho|39280000|2,-1731709,-4495858
estrada|sao|romao|recanto dos quatis|39280000|10,-1729409,-4496785;13,-168,120
estrada|sao|romao|regiao da fazenda francisco|39280000|2,-1733367,-4508536;3,0,0
estrada|sao|romao|sitio nossa senhora de fatima|39280000|12,-1729150,-4494357;15,46,-831;17,-185,395
estrada|sao|romao|vale do sol|39280000|2,-1734670,-4496323
estrada||barra do canoas|barra do canoas|39285000|1,-1693190,-4522154;17,840,771;20,-973,-1349
estrada||br 365|regiao da subestacao cemig|39280000|1,-1738746,-4499070;2,0,0;3,383,477;4,-383,-477;21,-1747,-3438
estrada||buritizeiro santa maria|fazenda capao de cima|39285000|75,-1692474,-4514789
estrada||cachoeira a capivara|fazenda capivara|39285000|65,-1692737,-4519964
estrada||cachoeira a capivara|fazenda capivara|39288000|1,-1686847,-4523833;13,-1547,-212;15,1545,212
estrada||cachoeira de manteiga|fazenda europa|39280000|16,-1720363,-4497745
estrada||cachoeira de manteiga|fazenda santa luzia|39280000|15,-1720119,-4497633
estrada||capao|estrada capao|39280000|1,-1694361,-4491462;5,-5876,5630;8,10216,-6044;10,-9293,3498
estrada||capao|fazenda itabirito|39280000|5,-1711273,-4488828
estrada||comunidade felisnome|paredao de minas|39285000|30,-1699914,-4531716;31,24,-28;33,236,415;43,1050,363;45,-119,-64;48,-243,-1188;49,-115,200;51,407,-406
estrada||da cachoeira das andorinhas|cachoeira das andorinhas|39280000|13,-1735006,-4498856
estrada||da cachoeira do teobaldo|cachoeira do teobaldo|39285000|1,-1692740,-4520830;15,-3,4;19,-580,-1906;25,941,1556;28,-362,352;30,-1,-2;32,-725,152;70,541,1506;73,-1599,886;74,0,-1;75,111,1143;81,1948,2366;84,-306,489;176,-303,-7522
estrada||da capivara|fazenda capivara|39288000|11,-1687269,-4522066;15,-1450,-1464;30,1933,-916;33,-72,589;35,2,517;37,191,330;44,253,874
estrada||da cemig|bandeirantes|39280000|275,-1737835,-4498864;410,-189,49;659,197,-137;750,193,198;767,15,-211;1082,164,-8;1245,40,-97;1248,12,70;2047,557,225;2117,-180,-112;2169,176,87;2185,-23,-12
estrada||da conquista|buritizeiro|39280000|1,-1753000,-4499618;4,2224,-3032;5,217,2842;7,-4616,-577
estrada||da conquista|conquista|39280000|10,-1762322,-4504326
estrada||da conquista|estrada da conquista|39280000|21,-1760424,-4505375
estrada||da conquista|fazenda conquista|39280000|1,-1746353,-4501856;10,-6684,12;12,3354,2513;16,-7619,-2116;22,8586,1979
estrada||da fazenda nossa senhora do ca|riacho da porta|39288000|1,-1692017,-4503034
estrada||da lajes|fazenda lajes|39288000|1,-1688133,-4519229;9,-392,-795;10,887,-682;51,891,42;55,-533,186;58,-967,759;59,227,887
estrada||da lanca|lanca 01|39280000|11,-1730470,-4503602;14,-64,-90;18,726,-4069;19,-826,3619;42,-316,-4414;114,-56,-53
estrada||da lanca|lanca 03|39280000|130,-1727584,-4508351
estrada||da pindaiba|pindaiba|39280000|5,-1686157,-4513533
estrada||da pindaiba|pindaiba|39288000|6,-1685597,-4513151;10,147,407;58,-647,-1970
estrada||de sao romao|fazenda coqueiro|39288000|9,-1672934,-4517704
estrada||de sao romao|fazenda tabua|39288000|93,-1670723,-4518894
estrada||de sao romao|fazenda|39288000|22,-1682731,-4509252;72,1266,-5400;85,7377,-2224
estrada||de sao romao|sitio sao jose|39288000|33,-1673815,-4516222
estrada||do capao|cachoeira do manteiga|39280000|2,-1723420,-4495157
estrada||do capao|comunidade fazenda santo antonio|39280000|25,-1725189,-4491921;26,-4708,-5197;29,4891,5575
estrada||do capao|fazenda beira rio|39280000|7,-1717053,-4485799;8,7,0;9,-2,-8;10,-70,-45
estrada||do capao|fazenda bom jardim|39280000|7,-1721357,-4490420
estrada||do capao|fazenda capao|39280000|1,-1706648,-4484666;2,-196,-96;3,-48,-8;4,108,38;5,-158,-57;6,-2172,-1693;7,2137,1671;8,-14,-33;9,7,-21;10,340,152;12,-1540,-111
estrada||do capao|fazenda do guacho|39280000|3,-1709670,-4484884;5,9,-2
estrada||do capao|fazenda itabirito|39280000|5,-1711322,-4488806;6,28,-20;7,-22,76
estrada||do capao|fazenda jatoba|39280000|2,-1712916,-4487898;3,62,88;4,22,-15
estrada||do capao|fazenda pratinha|39280000|2,-1724404,-4489175;3,-1,2;4,-10,82;5,8,-7
estrada||do capao|fazenda progresso|39280000|14,-1705745,-4484602;15,11,-7;16,6,0;17,13,-11;18,5,-5;19,16,-1;20,16,-1;21,3,-5;22,7,-9;23,12,-2
estrada||do capao|pontal das oncas|39280000|13,-1719156,-4486548;14,-70,127;15,2,0
estrada||do cavaleriano|cavaleriano|39280000|2,-1730976,-4499029;12,2178,801;16,-4415,1142;17,2,3
estrada||do gerais|gerais|39285000|40,-1697682,-4521078;41,35,-18;42,121,174;44,4788,92;49,-4035,-1175;55,-235,-821
estrada||estrada de cachoeira teobaldo|cachoeira do teobaldo|39285000|24,-1692422,-4521220;25,-316,387;28,218,-256;29,-164,165;30,-51,102;31,-202,434;32,193,-438;56,327,-394;57,190,187;59,-38,178;60,-481,28;61,390,60;62,-389,-56;64,251,183
estrada||faz trympho ou minasligas|fazenda tryumpho|39280000|1,-1731762,-4495697;4,31,-17;6,-316,1178;7,335,-1320;11,0,2;12,446,802
estrada||faz trympho ou minasligas|sitio do fabao|39280000|550,-1733395,-4495544
estrada||faz trympho ou minasligas|vizinhanca rancheira|39280000|300,-1733385,-4495540;970,74,35;1000,7,-3
estrada||fazenda boa sorte|paredao de minas|39285000|5,-1702816,-4528295
estrada||fazenda das lages|fazenda santa edwiges|39280000|4,-1723764,-4495984
estrada||fazenda das lages|fazenda tropicana|39280000|4,-1724499,-4496864
estrada||fazenda das lages|nova granja|39280000|1,-1723722,-4497078
estrada||fazenda das lages|sitio bela vista|39280000|10,-1723764,-4495984
estrada||fazenda gameleira|fazenda gameleira|39288000|18,-1682062,-4522925;36,-915,2070;55,-1484,4826;61,-5055,-1514;62,1499,-1314;63,0,0
estrada||fazenda genipapo 2|buritizeiro|39280000|1,-1717591,-4499677
estrada||fazenda genipapo 2|fazenda agua azul|39280000|6,-1730373,-4496869
estrada||fazenda genipapo 2|fazenda do helio|39280000|11,-1723851,-4494375
estrada||fazenda genipapo 2|fazenda dos quatiz|39280000|5,-1726745,-4495898
estrada||fazenda genipapo 2|fazenda nova varginha|39280000|50,-1723724,-4497069
estrada||fazenda genipapo 2|recanto dos quatis|39280000|2,-1729401,-4496788
estrada||fazenda genipapo 2|sitio bela vista|39280000|8,-1724854,-4497486
estrada||fazenda genipapo 2|sitio dos quatis|39280000|13,-1729578,-4496662
estrada||fazenda genipapo 2|sitio familia dos braga|39280000|3,-1729280,-4495813
estrada||fazenda genipapo 2|sitio nossa senhora de fatima|39280000|4,-1729108,-4495188;14,-172,395
estrada||fazenda logradouro|fazenda logradouro|39288000|17,-1684575,-4511534
estrada||fazenda marruas|fazenda eguatinga|39285000|39,-1710732,-4536766
estrada||fazenda marruas|fazenda marruas|39285000|24,-1699539,-4534462;25,-212,-110
estrada||fazenda marruas|marruas|39285000|2,-1700799,-4537800;5,-285,1170;11,3485,2750;12,98,131;13,-174,-62;14,-101,45;15,-6,77;18,-57,-9;20,-83,238;21,-579,-223
estrada||fazenda marruas|sertaneja sao jose|39285000|6,-1700869,-4535737;7,-220,-62
estrada||fazenda marruas|veloso|39280000|1,-1696288,-4534828;3,-86,218;4,-57,-21;7,-282,411
estrada||fazenda marruas|veloso|39285000|8,-1696968,-4534142
estrada||fazenda palmeiras|fazenda palmeiras|39280000|2,-1731946,-4536938;3,-11,32;4,1,-13;5,-22,31;6,-12,18;7,-2,3;8,-10,16;28,-1254,-345;32,-237,-31;33,-40,-13
estrada||fazenda pontal das almas|santa helena|39280000|1,-1740260,-4544872
estrada||fazenda repouso do guerreiro|fazenda repouso do guerreiro|39280000|50,-1738806,-4498239
estrada||fazenda sao joaquim|paredao de minas|39285000|1,-1712883,-4520706
estrada||fazenda sao pedro das gaitas|sao pedro das gaitas|39280000|1,-1734436,-4535754;3,455,568;4,331,255;6,597,219;9,1543,-351;10,841,-249;12,-185,736;20,-3724,-1117;21,820,814;22,-114,-36;23,-1116,-647;25,360,300;27,3362,-432;28,-4192,-246;30,-1135,321;31,-618,-307
estrada||fazenda sao pedro das gaitas|sao pedro das gaitas|39285000|9,-1731661,-4534178;12,-2256,-775;17,-195,-869
estrada||fazenda sao pedro das gaitas|sao pedro das gaitas|39288000|18,-1732717,-4534499
estrada||formoso|comunidade paulo geraldo|39280000|2,-1747295,-4505545;6,1351,875;303,-725,-473
estrada||formoso|fazenda santa marta|39280000|9,-1743288,-4503505;18,60,-5031
estrada||formoso|sitio das aroeiras|39280000|7,-1745366,-4502936;702,113,179;703,35,9
estrada||furado grande|fazenda furado grande|39285000|8,-1723400,-4546620
estrada||genipapo|fazenda harmonia antigo jenipapo|39280000|1,-1722819,-4487065;7,2255,1005;21,-3147,1275
estrada||genipapo|fazenda jenipapo|39280000|18,-1722644,-4486786;21,-1539,1711
estrada||genipapo|fazenda matas do sao francisco|39280000|20,-1724375,-4485695
estrada||genipapo|fazenda santa marta|39280000|5,-1720629,-4486719;11,23,-214;12,114,220
estrada||genipapo|fazenda santa rosa|39280000|1,-1720355,-4483560;2,-250,-1195;3,0,0;4,27,-1
estrada||interna da lanca|lanca 4|39280000|70,-1733857,-4507367;93,2567,-1598;8504,0,0
estrada||mg 161 buritizeiro a sao romao|estrada para caatinga|39288000|1,-1690390,-4517304;61,284,-125
estrada||mg 161 buritizeiro a sao romao|galhao|39288000|16,-1705119,-4508154
estrada||mg 408 buritizeiro brasilandia|fazenda furado grande|39285000|30,-1723400,-4546620
estrada||mg 408 buritizeiro brasilandia|fazenda sao sebastiao|39285000|30,-1734838,-4548051
estrada||mg 408 buritizeiro brasilandia|paredao de minas|39280000|16,-1738134,-4554040;17,274,268;19,-624,-941;20,-125,-38;21,-130,-15;24,-1245,-671;28,-268,686;36,600,810;38,-687,-116;39,-1297,-185;75,1716,-821;76,1082,222;79,-1599,488;80,1832,-132;83,-1766,2209;85,2490,-615;87,443,-355;88,2334,1072;98,-13674,16831
estrada||morro vermelho|fazenda morro vermelho|39280000|14,-1748569,-4510780
estrada||osvaldo machado|bandeirantes|39280000|16,-1736030,-4499131;17,-505,-388;19,0,0;2193,89,-107
estrada||palestina|sambaiba|39280000|10,-1792998,-4512866
estrada||para balsa|sao bento|39288000|5,-1687318,-4495940
estrada||para cachoeira do manteiga|jatoba|39280000|1,-1727430,-4496850
estrada||para faz nossa sra aparecida|fazenda nossa sra aparecida|39280000|913,-1743885,-4503880;915,-3284,-5385;918,3131,5697
estrada||para fazenda brejinho|sede fazenda brejinho|39280000|7,-1733857,-4507367
estrada||para fazenda chapada|bandeirantes|39280000|1,-1740512,-4502470;2,-12,8;3,31,-46
estrada||para fazenda morro vermelho|fazenda morro vermelho|39280000|163,-1748569,-4510780
estrada||para fazenda sao domingos|fazenda sao domingos|39280000|21,-1748588,-4509612;165,-1108,1313
estrada||para fazenda serra verde|comunidade paulo geraldo|39280000|11,-1743966,-4505221;12,2,3
estrada||para nelson cota|vila maria|39280000|59,-1735279,-4496826;115,34,-30;130,37,-22;150,0,-7;185,18,-26;195,1,-1;205,11,-3
estrada||para o rio paracatu|margem do rio paracatu|39288000|12,-1668856,-4523757
estrada||para o rio paracatu|sitio pimenta|39288000|5,-1664246,-4509059
estrada||para o rio paracatu|vargem grande|39288000|12,-1664972,-4508730
estrada||para recanto dos buritis|recanto da cahoeira|39280000|1001,-1743233,-4508533;1805,874,3898;1807,69,-165;1813,108,-2759;1817,-295,1831;1818,49,-753
estrada||para sitio betel|sitio betel|39280000|93,-1743253,-4503634;95,-14,248;96,-14,-121;98,-319,-23
estrada||para sitio das arueiras|sitio das aroeiras|39280000|72,-1745282,-4502799;73,85,90;77,-20,-36;133,547,-7;135,-44,-262
estrada||para sitio nossa sra da piedade|comunidade paulo geraldo|39280000|1,-1747295,-4505547;2,5,3;3,219,83;4,826,714;6,307,77;7,330,80;31,-1400,-819;33,339,265;61,722,475;62,2,1
estrada||para sitio sao miguel|sitio sao miguel|39280000|910,-1743158,-4503705;913,214,-221
estrada||paredao de minas|fazenda fazendinha|39280000|83,-1733506,-4510330
estrada||regiao da lanca|buritis agropecuaria|39280000|2,-1734001,-4497749
estrada||regiao da lanca|buritizeiro|39280000|1,-1723573,-4508393;16,-1515,-139;20,71,363
estrada||regiao da lanca|lanca 01|39280000|17,-1729806,-4507756;20,-746,-1599
estrada||regiao da lanca|lanca 01|39288000|22,-1730836,-4508610
estrada||regiao da lanca|lanca|39280000|1,-1722538,-4508036
estrada||sambaiba travessia serra m ver|sambaiba|39280000|1,-1793934,-4518474;5,271,-6067;8,388,3750;10,-1764,-774;20,1676,1471;28,1087,-368;29,161,-754;30,-86,873;58,-2895,4373
estrada||sambaiba|sambaiba|39280000|1,-1792069,-4516543;7,8935,-6043;15,-2465,8080;22,1822,-7751;39,-3664,8485
estrada||santa rita das gaitas 2|paredao de minas|39285000|13,-1735832,-4543899
estrada||sao romao|chupe|39280000|6,-1733655,-4517434;9,-133,-968;13,186,15;26,-1029,-2159;33,-798,1418
estrada||triangulo do formoso|faz vereda bonita|39280000|16,-1749692,-4508293
estrada||triangulo do formoso|fazenda nossa sra aparecida|39280000|9,-1743887,-4503882
estrada||triangulo do formoso|fazenda santa marta|39280000|9,-1742946,-4503915;12,643,-1145
estrada||triangulo do formoso|fazenda santa marta|39285000|18,-1742292,-4504797
estrada||triangulo do formoso|sitio betel|39280000|9,-1743599,-4503532;10,81,-284
fazenda|santa|clara|sao bento|39280000|7,-1682838,-4499322
fazenda|santa|isabel|fazenda santa isabel|39288000|2,-1688088,-4504449;5,-282,367
fazenda|santa|luzia das gaitas|paredao de minas|39280000|2,-1743119,-4545586;90,0,0
fazenda|santa|maria i|fazenda santa maria 1|39280000|1,-1748718,-4499472
fazenda|santa|maria|fazenda santa maria|39280000|1,-1754861,-4499477;2,-61,104
fazenda|santa|maria|lanca 4|39280000|86,-1733857,-4507367
fazenda|santa|terezinha iii|fazenda santa terezinha 2|39280000|4,-1700279,-4485785
fazenda|santa|terezinha ii|fazenda santa terezinha 2|39280000|1,-1700279,-4485785;2,0,-1
fazenda|santa|terezinha|fazenda santa terezinha|39280000|1,-1699102,-4488106;2,-392,716;3,0,0
fazenda|santo|antonio gerais|sao bento|39280000|7,-1684026,-4504369
fazenda|santo|antonio|fazenda santo antonio|39288000|16,-1670767,-4520639;17,4,60
fazenda|santo|antonio|sambaiba|39280000|1,-1755854,-4531040
fazenda|santo|expedito|fazenda santo expedito|39280000|2,-1733291,-4499813
fazenda|sao|francisco|fazenda sao francisco|39280000|1,-1726411,-4513504;2,-5,14
fazenda|sao|geraldo|fazenda sao geraldo|39280000|1,-1755766,-4508771;2,-1,1;3,1,4;16,15496,7608
fazenda|sao|jose da serra ii|paredao de minas|39280000|90,-1745150,-4545323
fazenda|sao|jose da serra|paredao de minas|39280000|95,-1746352,-4541712
fazenda|sao|jose do cocal|fazenda sao jose do cocal|39288000|1,-1696463,-4498549;3,-175,68;4,27,3;5,-60,-3;6,179,-33;8,40,-44;9,-11,9;10,18,-12;11,-24,20;12,6,-8;13,-4,90
fazenda|sao|jose|fazenda sao jose|39280000|1,-1754621,-4508114;2,5,-4
fazenda|sao|joze|fazenda sao jose|39288000|1,-1686472,-4521193;48,-7,3
fazenda|sao|judas tadeu|fazenda sao judas tadeu|39285000|8,-1692739,-4520827;20,2551,-1910;22,-1379,846;23,1127,-696;25,-739,767;27,-725,360;65,-812,1460;67,58,1236;70,-271,-404;72,-1599,884;73,0,3;74,-1,-2;75,111,1141
fazenda|sao|judas|fazenda sao judas|39288000|13,-1687314,-4523199;15,466,-634;17,-1546,-212;18,0,0
fazenda|sao|marcos|fazenda sao marcos|39288000|21,-1671961,-4518969;22,10,-1
fazenda|sao|visente|fazenda sao vicente|39288000|9,-1688525,-4520021
fazenda||agropira|fazenda agropira|39280000|1,-1745015,-4497687;2,-48,2;3,38,80;4,41,-22;5,2,34;6,-96,-43;7,0,0;8,15,-47;9,2,-16;10,36,-101;11,-36,102;12,10,-30;13,8,-30;14,-18,60;413,8825,1897;1150,-3611,-3167
fazenda||agua branca|sambaiba|39280000|3,-1783798,-4522253;10,592,147
fazenda||agua branca|sao bento|39280000|4,-1680842,-4503106;5,-42,-7
fazenda||agua suja|paredao de minas|39280000|1,-1748342,-4544518;2,0,0;3,0,0;4,0,0
fazenda||assorel|fazenda assorel|39285000|34,-1725014,-4522371
fazenda||bambu|sambaiba|39280000|10,-1783236,-4522362
fazenda||barracao|fazenda barracao|39285000|8,-1690706,-4523165
fazenda||barreiro novo|fazenda barreiro novo|39285000|78,-1691977,-4516365;79,-31,650;80,-137,798
fazenda||bela vista|fazenda bela vista|39288000|1,-1687491,-4495890
fazenda||boa esperanca|fazenda boa esperanca|39280000|2,-1688558,-4496296
fazenda||boa sorte|fazenda boa sorte|39280000|1,-1689025,-4496904;2,-2,-1;3,3,-3
fazenda||boa vista|fazenda boa vista|39285000|40,-1696063,-4520876;41,-1584,-223;42,118,193;43,342,-167;44,164,-109;45,2173,203;47,-2144,-1006;48,89,2;49,221,-54;51,737,-250;54,-1283,-990;55,220,451
fazenda||bom recurso|fazenda bom recurso|39285000|38,-1696719,-4519668
fazenda||bonsucesso|sao bento|39280000|6,-1684030,-4504390
fazenda||braco grande|sambaiba|39280000|1,-1782787,-4513064
fazenda||buritis|buritis agropecuaria|39280000|19,-1733994,-4497754;20,36,57;21,-29,-7;22,1,-32;24,-6,-15
fazenda||caatinga|fazenda caatinga|39280000|1,-1745679,-4503155
fazenda||cachoeira|fazenda cachoeira|39288000|62,-1688017,-4518857
fazenda||cachoeira|sambaiba|39280000|1,-1771248,-4502996;2,-52,126;3,-6,8;4,-27,-62;6,30,-11;7,0,46;9,-1,27;11,-8,-56
fazenda||cachoeirinha|fazenda cachoeirinha|39280000|2,-1717528,-4499697
fazenda||capao de cima|fazenda capao de cima|39285000|81,-1692469,-4514774;82,-186,24;84,-123,467;85,-301,200
fazenda||capao verde gleba 1|sambaiba|39280000|1,-1780703,-4511159
fazenda||capivara|fazenda capivara|39288000|30,-1688656,-4519687;33,1809,-4146;34,-82,-255;35,76,747;43,313,1003;53,-2976,4793;56,1464,-2713;300,1263,-4190
fazenda||caraiba ii|fazenda caraiba 2|39288000|1,-1693708,-4498426
fazenda||caraiba ii|fazenda caraiba|39280000|1,-1692821,-4498164
fazenda||caraiba i|fazenda caraiba 1|39288000|1,-1693708,-4498426
fazenda||caravelas|fazenda caravelas|39280000|1,-1763968,-4505125;2,-37,12;3,24,92;4,-103,-94;5,64,50;6,-30,-2;7,-109,11;8,31,42;9,56,-46
fazenda||caravelas|sambaiba|39280000|1,-1764028,-4505087;2,-22,-54
fazenda||cedro|sambaiba|39280000|5,-1767170,-4503230
fazenda||cerrana|fazenda serrana|39280000|11,-1740233,-4501220;12,695,1438
fazenda||chapada|fazenda chapada|39280000|20,-1740519,-4501924
fazenda||chaparall 2|sambaiba|39280000|1,-1775656,-4502492;2,22,-23;3,-76,7;4,6,57;5,30,-31
fazenda||chaparall|sambaiba|39280000|1,-1775675,-4502482;3,11,-10;10,-60,-18
fazenda||chupe ii|chupe|39280000|1,-1735399,-4519970
fazenda||chupe ii|paredao de minas|39280000|1,-1735403,-4519955
fazenda||chupe iv|chupe|39280000|1,-1733422,-4520600;21,199,21;22,-461,-253;25,-680,-63;33,-1479,752;34,-214,413;35,-596,197;39,159,-411;40,-951,100;49,1092,-1402;50,-768,-544;54,39,-72
fazenda||chupe iv|paredao de minas|39280000|1,-1735421,-4520058;30,5,-31
fazenda||chupe|chupe|39280000|1,-1736031,-4519703;2,0,0
fazenda||conquista 2|fazenda conquista|39280000|1,-1755156,-4500413;2,-1,-2;3,0,1;4,1,-1
fazenda||conquista|buritizeiro|39280000|1,-1757369,-4501373;2,-2,-3;3,1,7;4,3,-1;5,-4,-3;6,73,-83;7,77,-58
fazenda||conquista|sambaiba|39280000|1,-1784400,-4544485;2,0,-24;4,2,-13
fazenda||coqueiros|fazenda coqueiros|39280000|6,-1690993,-4491796
fazenda||coqueiro|fazenda coqueiro|39288000|7,-1669198,-4517802;8,1,0;9,0,-6
fazenda||coruja|fazenda coruja|39280000|1,-1687854,-4495863
fazenda||dallas|fazenda dallas|39280000|1,-1765247,-4508681;2,-71,42;3,30,31;4,17,3;5,-28,-15;6,54,-4;7,5,-212
fazenda||dos carneiros|sambaiba|39280000|1,-1785412,-4517667
fazenda||entre riacho iii|sitio entre riacho|39280000|1,-1699054,-4488001
fazenda||entre riacho ii|sitio entre riacho|39280000|1,-1699202,-4488044;4,0,0
fazenda||entre riacho|buritizeiro|39280000|36,-1699314,-4488380
fazenda||entre riacho|fazenda entre riacho|39280000|35,-1699314,-4488378
fazenda||epamig|fazenda epamig|39280959|8,-1675626,-4523350
fazenda||epamig|fazenda epamig|39288000|5,-1675624,-4523353;6,2,1;9,-3,0;10,129,52;19,-618,-726;20,-35,-2;21,57,-127
fazenda||estrada interna faz sertaneija|fazenda santa cruz|39285000|6,-1716146,-4535364;7,327,0
fazenda||fartura florestal|fazenda fartura|39280000|1,-1726920,-4501648
fazenda||fartura iii|fazenda fartura 3|39280000|2,-1692821,-4498164;3,-867,8688;4,-12,-17;5,12,17;6,0,0
fazenda||feliz|paredao de minas|39280000|1,-1738235,-4553064
fazenda||formoso 2|fazenda formoso 2|39280000|7,-1750686,-4501891;35,215,-8
fazenda||formoso ii a|fazenda formoso 2|39280000|1,-1746355,-4501855;2,1,-1
fazenda||formoso ii|fazenda formoso 2|39280000|1,-1745430,-4502760;8,0,0
fazenda||formoso i|fazenda formoso 1|39280000|1,-1745678,-4503155;14,36,-11
fazenda||fortaleza|fazenda fortaleza|39280000|9,-1668155,-4507627;10,-20,-33;11,-9,-6;12,-16,-15;13,-13,-6;16,-643,209
fazenda||frade|sambaiba|39280000|17,-1794484,-4518549;20,-154,-323
fazenda||gameleira 1|sambaiba|39280000|3,-1794876,-4522112;243,13152,-9727
fazenda||gameleira iii|sitio gameleira|39280000|10,-1760688,-4504710
fazenda||gamileira gerdal|fazenda gameleira gerdau|39288000|1,-1677803,-4526586;2,-2,2;3,-1,-4;4,0,1;5,0,-1;6,-1,6;7,0,0;8,0,0;9,0,0;11,0,0;12,8,-4;14,-4,3
fazenda||gamileira|fazenda gameleira|39288000|1,-1687315,-4523201;33,3140,3765;38,2112,-3493;44,-2115,5533
fazenda||gleba das pedras|cachoeira do manteia|39288000|51,-1686748,-4520664;55,-524,-1344
fazenda||hc|fazenda extrema hc|39288000|9,-1663603,-4515007
fazenda||imperio|sambaiba|39280000|1,-1782750,-4539712;3,10,4;5,-23,-41;8,26,-57;9,12,10;10,22,12
fazenda||jacobina|fazenda jacobina|39280000|3,-1667151,-4509088
fazenda||jacurutu|paredao de minas|39280000|2,-1741980,-4551245;3,0,0;98,-5017,12775
fazenda||jaragua|buritizeiro|39280000|1,-1748588,-4509609;2,-2,2
fazenda||jk do formoso|sambaiba|39280000|1,-1785564,-4540523;2,35,-112
fazenda||jucurutu das gaitas|paredao de minas|39280000|2,-1747141,-4542424;3,0,0;4,0,0
fazenda||lajes|fazenda lajes|39288000|57,-1686472,-4521195;58,-1696,1668;59,146,697;61,-1494,1286
fazenda||limeira|sambaiba|39280000|1,-1777632,-4508888;2,-1198,-43;3,-76,39;4,-688,-394;6,-665,-669;18,2112,5193;30,-2174,-5304;44,1371,-771
fazenda||logradouro|fazenda logradouro|39288000|17,-1684606,-4511542
fazenda||lulao|fazenda lulao|39280000|1,-1759591,-4503979;2,-2,2;3,-18,-49;4,-31,-45;5,19,-67;6,45,14;7,-8,86;8,-67,-65;10,70,103;11,-36,-148
fazenda||mandinha|fazenda mandinha|39280000|10,-1749538,-4499286
fazenda||mangueira|fazenda mangueira|39280000|1,-1753423,-4499581;2,112,51;3,311,-88
fazenda||marangaba h13|fazenda marangaba|39280000|1,-1762707,-4507225
fazenda||miguelao|fazenda miguelao|39288000|26,-1672937,-4517704;27,3,-1;28,-6,1
fazenda||nossa senhora do carmo|retiro sao roque|39288000|1,-1692014,-4503032
fazenda||nossa sra aparecida|fazenda nossa sra aparecida|39280000|22,-1733203,-4497843;23,-5,-13
fazenda||nova era|paredao de minas|39280000|1,-1750151,-4533156
fazenda||nova varginha|fazenda nova varginha|39280000|2,-1721474,-4498701
fazenda||nova zelandia sede|sambaiba|39280000|1,-1768689,-4516827;2,1,0;3,-1,0;4,10,44
fazenda||nova zelandia|sambaiba|39280000|1,-1768652,-4516791
fazenda||olhos d agua|fazenda olhos dagua|39288000|10,-1662395,-4509426;11,5,0;12,-6,-7
fazenda||pai do ge|fazenda pai do ge|39280000|5,-1749447,-4502668
fazenda||palestina|sambaiba|39280000|1,-1787489,-4513760;10,63,23;37,-157,628;60,-5418,218
fazenda||palmira|buritizeiro|39280000|1,-1751919,-4499534
fazenda||palmira|fazenda palmira|39280000|1,-1751913,-4499534
fazenda||paraiso|sao bento|39280000|1,-1681632,-4496897;6,6,-15
fazenda||passagem real|fazenda passagem real|39288000|1,-1686035,-4494710
fazenda||pe do morro|fazenda pe do morro|39280000|7,-1672809,-4501453;11,45,-42;16,-42,117
fazenda||pedra lavrada 3|sambaiba|39280000|3,-1784775,-4513772
fazenda||pedra lavrada 4|sambaiba|39280000|1,-1785718,-4515050;2,1252,1136;4,-602,-276
fazenda||pedra lavrada|sambaiba|39280000|5,-1785184,-4514325;50,936,389;55,-50,6
fazenda||periperi iii|fazenda periperi|39280000|1,-1689896,-4497444;2,0,0;3,0,0
fazenda||periperi|fazenda periperi|39280000|1,-1687390,-4493345;2,8,17;5,0,0
fazenda||pindaiba|fazenda pindaiba|39288000|4,-1685890,-4513418;5,-188,-78;6,123,-44;58,-141,-1174
fazenda||porto alegre|porto alegre|39280000|2,-1692105,-4537735;3,15,-6;4,76,-71;5,-59,47;6,61,-51;7,-39,41;8,9,-15;9,15,-8;10,15,-26;11,-4,14;12,19,-22;13,11,-1;14,8,-10;16,27,-15;18,19,-20;20,-183,152;23,227,-185;270,-297,225
fazenda||porto alegre|porto alegre|39285000|10,-1691838,-4537958;19,-84,68;20,39,-30;21,-10,2;25,40,-78;29,76,86;30,-15,-10
fazenda||povoacao|fazenda povoacao|39288000|1,-1684357,-4495181;15,3306,-853;18,0,0
fazenda||rancho novo|sao bento|39280000|1,-1681310,-4501350
fazenda||ranchos 1|sambaiba|39280000|1,-1778171,-4504854;2,28,268;3,-7,-1;4,-2,-57;5,-2,-39;6,-1,27;8,3,-71;9,-8,-27;10,4,-12;11,13,171;12,-11,-186;13,-4,-17;14,2,-20;15,-10,-25
fazenda||retiro sao roque|fazenda veredas|39288000|8,-1693738,-4505624;10,0,0;11,236,324
fazenda||riacho da porta|fazenda riacho da porta|39288000|4,-1683046,-4498878
fazenda||riacho da porta|sao bento|39280000|6,-1682243,-4498438;8,-383,-404;9,-94,-79
fazenda||ribeirao do gado 4|sambaiba|39280000|1,-1795492,-4520592
fazenda||ribeirao do gado|sambaiba|39280000|9,-1795436,-4520746;15,-90,175
fazenda||rio formoso adflor|sambaiba|39280000|1,-1780486,-4538340;2,-5,-12;3,-1944,-3067;4,1954,3091;5,-1928,-3107;6,48,46;7,1932,3092;252,-3816,-6133
fazenda||rio formoso agromem|sambaiba|39280000|1,-1764830,-4539672;2,60,0
fazenda||sa0 bento antigo alvorada|sambaiba|39280000|20,-1779597,-4511365;50,6070,1927
fazenda||santa cruz|fazenda santa cruz|39280000|9,-1715757,-4531979
fazenda||shekinah|fazenda shekinah|39280000|1,-1759147,-4503135;2,134,-93;4,-59,69;21,-72,17;22,51,11
fazenda||sonho meu|sao bento|39280000|4,-1684759,-4505488
fazenda||sorte grande|sambaiba|39280000|1,-1778017,-4536222;2,31,-40;3,-3,3;5,-8,18;6,115,9;7,-26,52
fazenda||sr raimundo|fazenda periperi|39280000|1,-1686430,-4492416
fazenda||taboquinha|fazenda taboquinha|39288000|30,-1673677,-4516185;31,4,5;33,-6,-1
fazenda||tabua|fazenda tabua|39288000|2,-1689489,-4498038;3,-4,-12;4,-5,-7;5,190,-267;6,9273,-10268;7,-9466,10539;8,8,3
fazenda||tamboril|sao bento|39280000|5,-1680803,-4506448
fazenda||vale das aroeiras|cachoeira do manteiga|39288000|1,-1672232,-4509674;2,-1208,705;3,-31,23;4,0,11;5,25,-31;6,-36,31;7,12,-12;8,-205,-285;9,185,303;10,-5,6;11,-158,-239;12,3845,556;13,-3730,-290;14,2,18;15,-1,-2;18,-945,1153;19,-122,293;22,922,-1412;23,-40,3;33,-562,4584;41,-34,-747;45,-453,-1531;51,1936,-2016;61,241,2501
fazenda||vale das aroeiras|fazenda pe do morro|39280000|15,-1673884,-4508793
fazenda||vargem grande|fazenda vargem grande|39280000|8,-1668172,-4507896
fazenda||varginha|fazenda dos quatiz|39280000|1,-1729512,-4496823
fazenda||varginha|fazenda varginha|39280000|1,-1725068,-4510642
fazenda||veredas vertentes|fazenda veredas vertentes|39288000|10,-1667411,-4516323;11,1,-2
fazenda||veredas|paredao de minas|39285000|1,-1728315,-4535961;2,-21,-2;3,-8,-10;4,-4,-16;8,560,-257
fazenda||vila frade|sambaiba|39280000|10,-1795339,-4517266
ilha||do boi|guaicui|39280000|1,-1715619,-4484564;2,249,294;3,-123,-287;4,51,212;6,-40,-39;8,-99,-129;10,-186,-208;12,166,31
ilha||do engenho|guaicui|39280000|1,-1719272,-4485106
limeira||buritizeiro|sambaiba|39280000|1,-1771563,-4511709;2,1,-2;3,-84,885;5,-7948,-540;7,-506,1675;10,747,-440;11,333,1146;13,-444,-233;15,76,41;20,3232,-969;30,-2800,-700;50,-209,-590
limeira||buritizeiro|sambaiba|39288000|12,-1778830,-4508933
praca|coronel|jose geraldo|vila maria|39280000|1,-1735283,-4495724
praca|imaculada|conceicao|vila maria|39280000|202,-1735216,-4496088;214,5,15;220,3,9;230,2,13;250,7,24
praca|sao|sebastiao|paredao de minas|39280000|43,-1711014,-4543863
praca||belo horizonte|belo horizonte|39280000|25,-1737690,-4496857;31,-52,111;93,53,-108;125,-21,-33
praca||caetano rocha|vila maria|39280000|52,-1734751,-4496411;82,0,0
praca||imaculada conceicao|vila maria|39280000|21,-1735115,-4496089;43,-5,7;49,-4,1;310,-48,49;695,-316,126;701,10,-3;713,13,-1;747,20,-42;757,-32,-86;767,62,119;777,9,-6;781,-4,2;797,4,-7;817,42,-10;827,5,-3;847,19,-6;851,5,3;855,-2,0;877,13,-11;879,18,-6;887,2,3;909,32,-16;929,20,-13;937,-9,13;949,7,-12;969,15,-10;978,31,11;982,-6,-15;1000,6,-7;1014,10,-7
praca||paulo machado|vila maria|39280000|2,-1734817,-4496110;8,8,-7;14,-1,0;26,20,-16;36,8,-9
praca||pirapora|sao francisco|39280000|4,-1736537,-4496405;19,-281,-636;20,267,642;28,-7,-41;42,4,13;43,-3,25;47,-1,-6;56,3,-35;65,-12,4;72,0,-13;82,-4,-9;97,-17,-12;118,7,-7;168,-22,-54;174,-13,3;178,7,-12;193,-3,30;195,-5,-33;198,-1,-13;199,-10,1;200,8,-7;207,-8,-1;235,-9,-15;245,2,-6;253,-21,-11;275,-1,-23;289,-4,-8;315,-5,-12;335,-11,-24;349,-1,-4;355,-7,-14;365,-5,-24;373,-5,1;391,-7,-5;403,-2,-11;415,-6,-12;445,-4,-23;453,-14,-14;457,-6,-12;467,-4,-8;471,-76,-208;477,75,208;501,2,-3;511,-16,-27;523,-9,-14;551,-7,-18;559,3,-24;573,-17,7;629,-2,-40;639,-7,-5;653,1,3;661,-4,-22;679,-11,-24;691,-20,7;733,-7,-40;741,-11,-18;755,-4,-9;765,-3,-6;775,-7,-17;791,0,-8;801,-6,-14;823,-13,-12;833,-6,-10;877,-12,-37;1240,332,637
praca||tiradentes|vila maria|39280000|27,-1735387,-4496413;30,-10,29;254,89,1;1180,16,-10
rancho|nossa senhora|aparecida|sitio gameleira|39280000|1,-1760613,-4504668;2,-87,-47;3,-18,-7;4,18,27;5,-33,-29;6,-8,-8;9,-23,-7
rancho||do sossego|rancho do sossego|39288000|15,-1665136,-4508500
rancho||do vale|sambaiba|39280000|1,-1785047,-4511469;2,36,-24;4,37,-17
rancho||ranchos 2|sambaiba|39280000|16,-1778152,-4504871;18,8,127
rodovia||br 365 km 189|areia do remanso|39280000|3,-1748586,-4509608
rodovia||br 365|belo horizonte|39280000|610,-1738229,-4497082
rodovia||br 365|quintas do agreste|39280000|61,-1738254,-4497502;65,-14,-13;69,7,-13;71,3,-22;85,-4,75;107,-110,-126;172,102,-25;269,0,0;273,12,-36;301,-21,-103;319,7,10;385,-22,-139;391,-17,-80;856,62,695;1691,-43,-90;1702,37,45;1703,-9,16
rua|capitao|juvencio alves pamplona|alto sao francisco|39280000|210,-1737254,-4497794;223,235,-63;237,-11,6;241,-292,45;257,238,-35;261,20,-2;269,-24,6;297,-115,22;299,15,-4;320,42,-13;331,-5,1;345,5,2;355,10,-4;410,70,-6;436,33,-5;450,10,-4;462,13,0;529,56,-32;680,17,6;702,15,-9;710,24,-2;712,109,-23;721,-29,-5;736,43,1;753,-13,-5;785,13,8
rua|capitao|juvencio alves pamplona|bandeirantes|39280000|478,-1736707,-4497929
rua|capitao|juvencio|alto sao francisco|39280000|11,-1737419,-4497768;23,18,8;30,-3,9;40,12,-9;85,30,-19;102,20,10;118,11,-3
rua|capitao|juvencio|bandeirantes|39280000|13,-1736763,-4498500;33,17,-12;40,32,9;101,33,-21;111,18,-1;121,9,-3;131,4,-3;141,9,-1;151,11,-5;161,8,-4;171,16,2;181,9,-4;211,69,-14;221,16,-4;231,5,-3;241,-4,0;251,29,-8;261,-4,0;271,16,0;281,10,-2;291,18,-2
rua|coronel|joao j de almeida|alto sao francisco|39280000|65,-1737243,-4497737;66,3,10;78,16,0;85,-8,-12;90,16,5;105,4,-8;114,16,8;115,2,-12;125,26,-5;135,-18,3;155,19,-2;165,5,-4;166,10,5;175,7,-10;200,41,4;267,62,-24;286,14,4;291,13,-12;297,11,-4;361,-18,6;373,30,-7;383,78,-16;393,7,-7;400,-3,11;403,19,-15;412,-4,12;423,16,-8
rua|coronel|joao jose de almeida|alto sao francisco|39280000|573,-1736734,-4497856;581,-54,13;615,16,6;617,-17,-3;621,40,-3;633,-1,1;643,16,-7;1140,-61,16;1141,-1,-9
rua|doutor|fanor cumplido|vila maria|39280000|1,-1735102,-4496125;29,31,2;51,13,-2;67,5,-3;85,19,-5;109,28,1;110,-23,8;116,4,0;134,34,-1;144,8,-2;145,-7,-8;159,21,-3;160,0,11;169,7,-12;175,12,-6;185,11,3;194,9,9;195,-1,-13;201,-1,5;221,9,-2;222,12,5;223,7,-8;229,3,-4;236,1,10;249,21,-10;250,-10,3;256,-122,-277;275,151,271;334,38,-16;351,33,-2
rua|juiz de paz|jair jose dos santos|sao francisco|39280000|14,-1736327,-4496683;23,-10,0;26,5,-12;34,2,-7;35,-15,13;45,-9,-8;46,10,-11;54,-11,-4;55,-3,5;62,0,-25;65,-6,11;75,-10,-7;76,11,-8;85,-11,1;86,8,-8;95,-16,-4;107,-7,-1;134,-10,-38;161,-17,-4;174,8,-16;185,-21,-10;197,-8,-12;201,3,-10;216,4,-2;221,-15,-2;226,7,-9;234,-19,-4;235,3,13;246,2,-22;247,-7,3;259,-4,-7;271,-11,-10;272,14,-7;275,-24,4
rua|prefeito|antonio candido|centro|39280000|10,-1736069,-4495693;30,19,-8;40,10,-8;41,-4,-5;51,-2,-1;56,490,-163;60,-461,158;61,-17,-9;67,17,-7;85,4,-3;90,14,0;93,-11,-2;96,11,2;97,-6,-12;104,13,0;111,-14,11;114,23,-15;117,-3,-3;124,6,-4;130,17,2;135,-18,-3;136,15,3;159,15,-13;163,1,-3;177,19,-2;187,2,-1;205,9,-2;207,22,-1;237,-23,-44;258,44,37;281,31,-22;292,4,10;316,36,-7;319,-8,-7;329,15,1;339,6,-5;350,-5,7;365,23,-22;366,-23,22;369,27,-21;401,31,-2;407,19,-4;428,-1,2;429,13,-10;438,-5,16;439,5,-16;448,5,15;453,3,-17;460,11,12;465,-3,-9;472,16,28;476,3,11;479,7,-35;480,-15,7;492,24,-10;501,0,-17;515,13,0;551,26,-6;557,23,-13;559,-21,8;567,24,-6;582,5,12;594,10,1;606,23,-5;616,10,-11;635,8,-13;645,9,-1;663,15,-8;906,235,-59;910,4,3;930,11,-11;938,14,3;940,1,-2
rua|prefeito|antonio candido|vila maria|39280000|10,-1735453,-4495903
rua|prefeito|arnaldo gonzaga|sao francisco|39280000|35,-1736372,-4496629;36,4,-5;47,-8,2;59,-9,-15;69,-4,-7;81,-10,-7;88,3,-14;97,-6,7;104,-1,-4;109,-3,-2;115,-5,-1;116,15,2;123,-21,-9;127,-8,-12;128,7,-9;133,-10,3;146,1,-13;163,-10,-1;164,11,-9;196,-20,-18;197,-15,5;210,-4,-26;211,-6,12;222,9,-14;223,-16,5;233,-2,-6;234,14,-7;245,-21,-5;246,14,-5;259,-26,3;260,10,-20;268,1,-4;271,-13,4;281,-9,-6;282,15,-4;292,-9,-11;295,-11,0;307,-9,-9;308,13,8;318,6,-4;319,-27,-10;331,-9,-8;343,-1,-10;350,12,-9;355,-14,-8;361,-12,5
rua|presidente|getulio vargas|centro|39280000|83,-1735597,-4495719;121,-72,-270;141,53,207;149,-6,-15;169,0,-10;171,-2,-12;177,-9,-13;179,-1,-10;271,-7,-43;281,-7,-23;291,-3,-6;301,-4,-16;323,-1,-8;333,-4,-8;375,-19,-50;378,19,9;387,-13,-11;390,8,-2;397,-9,-11;400,9,-3;407,-11,-2;410,8,-8;421,-14,-5;426,7,-5;450,-3,-20;456,-2,-16;465,-18,2;466,17,1;474,-3,-11;479,-9,3;486,7,-15;495,-24,5;496,27,-20;497,-18,-3;507,-3,2;512,17,-15;524,-4,-1;525,-16,8;532,13,-20;533,-13,5;539,-3,-11;546,12,-2;558,-6,-15;723,-48,-154;745,0,-6;755,-4,-18;765,-2,-3;781,4,22;825,-12,-79;853,-12,-35;865,-5,3;873,-3,-18;885,-4,-7;899,-2,-14;917,-6,-12;927,-1,-12;931,-1,-10;935,-4,-3;955,3,0;967,7,-18
rua|presidente|getulio vargas|sao francisco|39280000|1023,-1735818,-4496562;1033,-1,-24;1049,-7,-8;1067,-5,-24;1083,-6,0;1091,4,-15;1101,-3,-11;1111,-2,-12;1125,-4,-3;1135,-2,-19;1147,-7,-6;1225,-11,-76;1237,-7,-15;1253,-4,-17;1263,3,-5;1273,5,24;1287,-12,-47;1305,-4,-8;1313,-3,-14;1439,-26,-111;1451,-8,-10;1461,-2,-10;1473,-2,-13;1483,-5,-10;1497,-1,-10;1507,-4,-26;1541,-4,-10;1557,-6,-30;1571,-3,-8;1581,-1,-11;1595,-11,-11;1621,-2,-20
rua|presidente|getulio vargas|vila maria|39280000|84,-1735592,-4495709;126,-15,-67;144,-1,-18;150,-4,-4;156,-1,-14;168,-4,-10;178,-4,-9;198,-3,-11;222,-7,-37;274,-9,-33;294,-9,1;313,50,153;322,-45,-173;344,-4,-17;346,-2,-6;352,5,-6;598,-30,-346;624,-41,100;642,-8,-33;652,2,7;670,-9,-38;691,-7,-34;744,-4,-17;756,-3,-15;766,-3,-4;780,-3,-18;802,-6,-13;856,-16,-58;868,3,-3;904,9,50;1006,-49,-192;1012,-1,0;1018,0,-4;1024,-11,7;1041,4,-42;1052,-2,-7;1122,-20,-74;1132,-4,-30;1224,-14,-42;1230,-5,1;1270,-2,-39;1304,-8,-27;1316,-2,-14;1332,-3,-14;1344,6,27;1358,-13,-52;1368,-2,-9;1374,-3,-7;1382,1,-11;1390,-6,-5;1396,-3,-16;1402,0,-2;1410,1,-2;1442,-12,-34;1460,0,-14;1470,-2,-7;1488,-4,-14;1500,-3,-11;1518,-2,-12;1558,-10,-39;1570,-2,-11;1588,-4,-5;1608,-7,-35;1618,-4,-12
rua|presidente|kennedy|centro|39280000|7,-1735870,-4495727;10,-10,4;12,17,11;13,0,-18;14,-8,12;23,22,-8;32,4,7;42,11,1;57,15,2;88,27,26;98,9,-7;110,4,2;115,13,-13;123,13,-2;132,-2,14;143,147,-50;151,-25,3;152,11,9;161,-11,-12;163,-96,26;170,101,-14;177,-86,15;181,70,-24;182,-60,28;203,37,-19;215,-11,3;220,-2,8;222,-1,-9;231,-15,6;232,28,0;237,7,-8;244,5,3;250,14,-3;261,-162,25;288,191,-29;290,-136,35;317,-26,-5;327,-9,5;345,-2,-10;360,-19,4;380,-16,-5;383,-8,-7
rua|presidente|kennedy|vila maria|39280000|30,-1735487,-4495770;31,-7,-11;58,-18,22;85,-31,8;313,-42,-7;320,-5,18;323,6,-23;332,10,18;335,1,-20;344,-3,22;351,19,-24;356,-5,14;363,10,-13;375,9,-10;381,11,6;382,5,11;391,5,-17;394,1,20;420,24,-6;430,3,-10
rua|professora|anisia saliba cordeiro|centro|39280000|118,-1735279,-4496134;130,4,6;140,2,28
rua|professora|anisia saliba cordeiro|vila maria|39280000|1,-1735290,-4496162;18,8,-7;24,-3,-17;39,-15,-15;54,12,-11;61,-15,0;82,9,-12;83,-10,-12;171,-25,-92;190,2,-24;348,-37,-129;349,1,25;359,2,-6;374,2,-20;388,13,-40;421,-34,-8;433,-4,-17;445,-1,-4;457,-3,-15;469,-3,-6;507,-9,-30;509,-2,-10;511,-2,-3;515,0,-4;522,2,5;523,-8,-20;524,8,-2;545,-10,-13;548,18,-9;555,-24,-13;560,14,3;563,-16,-5;571,-5,-16;576,21,10;602,-6,-28;612,-2,-5;617,-15,5;624,9,-18;636,-2,-8;639,-15,2;645,0,-5;648,12,-12;655,-14,-2;660,14,1;665,-18,-2;670,14,-8
rua|professora|coleta cordeiro|vila maria|39280000|80,-1734735,-4495919;86,16,10;100,-4,-14;121,-48,-5;122,40,-6;134,-8,-23;161,-13,-8;248,12,-21;260,-16,-77;270,5,-9;301,-17,-16;311,0,-23;331,-4,-8;343,-2,-13;364,0,-17;386,-5,-32;406,-3,-7;430,-6,-31;440,12,-134;445,-23,121;450,12,-9;460,21,-90;461,-30,81;520,-8,-47;523,-9,3;580,8,-66;581,-9,-4;625,-1,-67;653,0,0;679,2,-13;731,12,-41;747,9,-27;753,0,-7;763,1,1
rua|professora|maria geralda rocha|sao francisco|39280000|15,-1736320,-4496770;19,8,0;33,9,-2;39,9,-5;44,19,2;51,-14,0;73,14,-4;97,35,-4;153,44,-19;161,10,-7;168,4,14;171,3,-16;176,9,10;181,-3,-11;188,15,8;238,38,-12;251,13,-15;262,1,11;265,5,-12;271,11,-5;272,-2,14;306,61,147;328,-16,-162;377,55,-19;378,-13,9;390,14,-3;400,14,-5;401,2,-9;410,17,2;411,-13,-4;438,51,-4;448,-7,4;451,-8,-13;470,25,4;480,12,-4
rua|santa|catarina|belo horizonte|39280000|7,-1737778,-4497058;41,-46,0;52,18,-6;55,-2,3;67,13,3;74,-99,-7;91,50,9;115,-20,-9
rua|sao|paulo|centro|39280000|15,-1735817,-4496280;31,0,-11;32,5,-10;41,-7,31;42,4,-46;51,-11,-9;58,10,2;63,-8,-10;64,0,-3;76,0,-13;77,-8,3;90,10,-8;91,-11,-5;150,-3,-58;151,-9,-1;160,5,-8;161,-4,9;170,7,-15;171,-13,-1;177,-2,-7;182,9,-9;188,-5,-8;189,-4,11;200,1,-18;205,-5,3;210,7,-5;217,-6,-7;220,4,-4;221,-13,-4;230,9,-7;240,-1,-7;250,-4,-8;637,23,97;666,-14,-38
rua|sao|paulo|sao francisco|39280000|676,-1735958,-4496886;689,-11,-10;694,4,0;699,-9,-13;706,6,-3;716,2,-14;728,1,-10;737,-16,-5;738,10,-1;747,-14,-18;748,11,0;760,-4,-14;765,-9,7;779,-3,-5;789,-2,-17;800,6,-24;851,-24,-42;860,13,5;863,-14,-5;876,13,-13;880,-6,-12;885,-13,12;909,-6,-14;921,-5,-15;933,3,-8
rua|sao|sebastiao|sao francisco|39280000|10,-1736242,-4496449;26,-2,3;35,-9,-8;45,11,-8;46,-4,-2;52,28,-6;61,-32,-14;68,9,-9;69,-2,7;83,-5,-15;84,10,4;92,-6,-28;111,-7,1;121,6,2;131,-3,-22;132,1,-34;145,-1,19;161,-5,-12;173,-21,-8
rua|vereador|joao francisco braga|alto sao francisco|39280000|1053,-1736583,-4497915
rua|vereador|joao francisco braga|bandeirantes|39280000|586,-1736468,-4497466;630,-10,-48;680,-12,-42;691,-15,-23;692,11,14;701,-14,-28;706,13,15;716,-3,-12;721,-11,-29;724,11,10;731,-17,-27;741,-2,-8;796,7,-27;831,-24,-54;838,-2,-6;840,10,5;1139,-74,-269;1140,17,1;1149,-33,-17;1152,31,6;1159,-18,-10;1169,-5,-11;1181,-1,-7;1189,-2,-11;1199,-1,-10;1479,-46,-249;1810,-46,-218;1820,-9,-7;1829,-8,-15;1830,7,0;1840,-4,-13;1843,-6,-5;1850,3,-2;1863,-14,-36;1870,17,-8;1882,-20,-13;1892,7,2;1940,-14,-53;1952,-1,-7;1964,-2,-10;1983,-6,-2;1989,0,3;1993,-5,-13;2003,-5,-17;2013,1,-6;2020,21,-11;2030,-12,-6;2033,-13,4;2042,0,-16;2043,-4,11;2056,8,-22;2064,0,-9;2094,-7,-13;2241,-16,-25;2249,-4,-12;2261,-7,-16;2269,1,-17;2279,0,1;2289,-1,-1
rua|vereador|joao francisco braga|sao francisco|39280000|12,-1736338,-4496964;31,-16,1;32,10,-4;41,-5,-7;52,5,-16;53,-10,6;62,5,-17;65,-10,-3;72,7,-8;79,-11,6;84,5,-24;89,-5,11;96,2,-13;101,-6,3;106,5,-17;111,-7,6;123,-11,-5;128,17,-5;195,-22,-75;204,0,-6;207,-7,-3;221,16,54;234,-20,-81;245,-2,-13;249,-3,4;283,-3,-21;284,5,-1;291,-11,-10;292,6,2;304,-5,-16;305,-6,-4;307,-1,-3;374,-8,-55;375,-10,-2;384,10,-16;387,-11,6;399,-2,-14;402,3,-4;403,-9,-11;406,9,3;414,-7,-9;427,17,65;428,-18,-70;443,-4,-12;457,-4,-13;469,-4,-9;496,1,-20
rua|vereador|jose da silva maia|sao francisco|39280000|11,-1737021,-4496749;26,22,-17;36,7,-10;50,11,-5;53,-16,1;60,21,-14;63,-16,3
rua|vereador|moacir jose dos santos|sao francisco|39280000|27,-1736166,-4496675;35,2,-4;51,-3,-17;60,-2,-13;63,-3,7;66,3,-17;91,-8,-9;92,3,-5;105,-6,-8;106,3,-4;125,-5,-14;128,2,-1;141,-10,-17
rua|vereador|sebastiao santos oliveira|centro|39280000|382,-1735519,-4496030;389,-12,8;396,9,-26;413,319,217;464,-336,-273;482,-4,-4;489,-12,-5;494,10,-14;499,-11,-4;504,9,0;514,-6,-17;515,-6,8;524,9,-13;525,-11,-3;535,-5,-9;538,12,-2;552,-6,-14;553,-6,6;564,6,-15
rua|vereador|sebastiao santos oliveira|vila maria|39280000|181,-1735487,-4495842;191,-2,-15;217,-7,-17;271,-13,-40;285,-1,0;296,12,-22;298,0,-8;299,-7,-3;310,0,-7;311,-6,46;324,6,-55;333,-10,-11;336,5,1;338,25,-8;339,-36,-2;349,3,-1;350,5,0;353,1,-20;362,-2,12;363,0,80;604,-59,-323;617,-7,-1;627,-2,-7;630,4,-8;640,-2,-6;643,-10,5;648,6,-21;665,-12,-3;666,12,0;674,-3,-8;677,-11,-6;678,6,-8;689,-6,1;692,5,-11;704,3,-3;758,-18,-62;763,0,44;770,0,-44;777,-37,-46;782,33,30;808,-4,-19;824,-6,-19;825,-7,-3;834,2,-7;868,-2,-30;880,-2,1;892,5,-20;901,-18,-2;904,6,-7;915,-13,-11;916,8,3;923,-9,-11;932,9,3;944,-4,-19;953,-14,-19;956,11,9;968,1,-3;980,-6,-17
rua||21 de abril|vila maria|39280000|699,-1735725,-4496296;705,16,-4;715,10,-2;720,11,9;721,5,-17;726,-2,7;731,6,-7;735,-30,9;738,34,-1;740,-28,9;742,26,-5;743,9,-14;769,21,-3;775,-15,3;779,26,0;849,50,-23;860,13,9;870,10,-7;873,-5,-5;884,15,3;889,11,-10;894,-4,9;908,7,-4;911,6,-10;914,5,7;919,8,-11;926,2,9;935,62,-24;938,-50,24;1197,235,-77;1206,7,9;1211,-3,-12;1216,5,11;1228,15,0;1240,12,-7
rua||31 de marco|paredao de minas|39280000|20,-1711056,-4543812;56,29,54;87,19,27;92,-23,2;173,47,45
rua||7|quintas do agreste|39280000|10,-1738725,-4497914;20,-771,258;126,676,-229;271,-120,45;324,-107,29;345,29,-5;395,-1,0;783,-813,266;1250,44,-19;1402,-81,31;1451,-116,47;1555,-85,25;1750,-131,44
rua||8|novo buritizeiro|39280000|8,-1737699,-4497360;26,-6,-7;27,-8,-2;39,-11,-1;40,12,-11;52,-8,1;60,-2,-6;61,-12,-3;70,4,-14;81,-12,9;84,9,-7;91,-22,-10;92,14,-1;101,-19,-3;102,17,-4;111,-22,-5;112,14,-3;185,-50,-48;192,8,-13;208,23,54;214,-32,-71;221,-22,0;228,7,-17;233,-17,-1;247,-4,-4;259,-9,-13;260,15,10;264,-1,-9;271,-19,-8;274,3,1;283,-15,-10;297,-1,-9;308,1,-13;309,-8,-2;320,3,1;321,-6,-8
rua||8|quintas do agreste|39280000|51,-1739046,-4497686;91,-9,-31;101,-13,-28
rua||9|quintas do agreste|39280000|15,-1739283,-4497729;18,-8,152;116,-24,-94
rua||agripino a viana|novo buritizeiro|39280000|131,-1738064,-4497476;151,13,-24;167,16,-11;221,34,-26;235,12,-12;236,12,6;250,8,-9;251,-10,-4;266,19,-8;323,15,-30;330,-2,20;337,22,-11;338,-3,3;354,11,-6;369,16,12;370,-7,-26;395,21,-29;410,12,3;423,22,-29;426,-8,23;433,-7,-12;485,72,-48;497,-35,14;505,11,-11;510,35,-10;511,-17,0;520,-10,26;539,24,-39;544,10,6;554,10,2;555,1,-22;571,4,-5
rua||alagoas|cachoeira do manteiga|39288000|10,-1665861,-4508163;11,-2,-25;12,1,-4;27,-6,15;30,5,-8;41,-9,-9;52,10,-6;59,-12,-10;66,9,-5;73,-9,-7;86,4,-9;106,0,-21;110,0,-11;136,6,-11;147,-21,-1;157,3,-14;160,7,-7;179,-12,-17;181,10,-2;316,-18,-129;326,-4,-6;335,-10,-18;336,9,13;346,-5,-24;358,7,12;377,-13,-19;378,18,-20;387,-21,-12;388,63,-51;398,-51,39;404,-9,-3;408,3,-7;409,-7,1;418,27,-21;419,-11,9;440,-4,-24;443,-18,-3;451,3,-4;461,-12,-8;464,22,7;471,-21,-7;476,21,-7;481,-20,9;507,-21,-33;517,24,-22;527,133,22;532,-130,219;537,-8,-273;542,134,52;547,-132,-56;569,-1,-19;605,2,-35;615,3,1
rua||alagoas|sao francisco|39280000|31,-1736564,-4496914;32,30,-5;41,-27,-24;46,23,2;57,-20,1;67,-4,-45;70,17,32;81,-12,-6;82,10,-7;90,-9,-12;91,7,3;102,-11,-9;114,7,-7;117,-4,4;127,-12,-18;128,6,-3;135,-9,-10;206,-4,-60;207,-15,2;210,12,-6;216,-1,-5;228,-12,-13;233,1,8;244,2,-18;245,-8,6;256,11,-22;269,-18,-3;277,-6,-4;280,17,-11;290,-9,-10;294,5,2;295,-16,6;304,9,-23;316,-4,-9;325,33,110;376,-44,-165;379,-16,12;381,7,-8;389,-4,-13;400,5,-16;405,-13,-7;417,1,5;418,11,-9;431,-14,-1;440,14,-9;441,-15,-10;453,-7,-13;475,1,-11;486,11,-21;491,-24,-14;740,100,332
rua||alameda um|alto sao francisco|39280000|4,-1737237,-4497310;18,15,-13;32,-3,-3;46,12,-6;128,28,-20;130,33,-24;146,15,-5;162,17,-19;178,13,-7
rua||alencar alves moreira|bandeirantes|39280000|47,-1736173,-4497524;93,-13,-47;115,-4,-33;125,0,-11;175,-10,-28;195,0,-14;220,6,-29;232,-3,-9;240,-1,-12;247,-11,3;250,8,-14;259,-13,7;330,-10,-83;340,1,-13;1193,-188,-797;1199,-3,16;1217,-5,-34;1239,-30,-15
rua||amapa|sao francisco|39280000|15,-1737097,-4496765;28,5,-6;32,-8,-10;46,-11,-2;60,-3,-10;72,-12,-7;73,-9,0;80,-1,-11;85,-10,-2;99,-1,-1;104,-1,-17;111,-6,8;120,-4,-9;121,-7,-3;133,-9,-8;153,3,1;171,-24,-22;219,-27,-40;231,-15,-10;237,-9,-9;240,16,6;241,-25,-13;253,-4,-6;254,16,14;262,-5,-18;265,-26,-5;275,-10,-6;276,29,5;285,-30,-16;292,34,32;301,-42,-41;302,21,11;320,-5,-14;340,-21,-12
rua||ana maria|alto sao francisco|39280000|32,-1737278,-4497440;46,-8,-16;57,0,-13;58,3,10;68,-8,-23;69,-5,15;80,5,-12;81,2,-7;92,6,-7;93,-16,-5;104,9,5;105,-7,-10;116,-5,-19;117,3,8;131,-7,-20;132,-1,5;153,-1,-13;193,-8,-51;209,-14,-8;212,14,-1;226,-8,-10;238,-2,-25;251,-14,-2;256,7,-12;260,-5,-8;293,-5,9;296,2,-19;297,-5,-8;299,-5,-12;306,8,-1;309,-9,-12;312,7,13;317,-15,-15;322,12,-2;334,1,-4;344,-9,-16;345,-11,14;356,16,-21;368,-12,-24;453,-26,-69;458,-1,-7;461,-2,-3;470,40,-17;481,-46,-20;482,45,21
rua||andre rodrigues cordeiro|jardim dos buritis|39280000|23,-1736655,-4496287;41,-39,-9;80,-67,-15;195,-87,-14;391,-154,-30;403,-15,-3;515,-104,-21;523,-11,5;531,-1,-4;539,-3,-1;547,-13,-1;623,-56,-11
rua||anisia da silva melo|alto sao francisco|39280000|21,-1736968,-4497355;27,12,-8;28,10,19;45,-1,-23;51,7,6;57,15,-12;64,15,7;65,-4,-9;77,8,-9;145,57,-9;157,12,-1;169,16,-5;175,-3,1;181,15,-10;197,0,2;205,6,11;217,18,-13;229,4,2;245,14,-4;253,9,-6;293,42,-10;305,3,-4;306,0,9;319,22,-8;320,-13,9;331,25,-15;332,-10,7;343,21,-7;344,-4,7;355,12,-12;356,-6,10;365,15,-11;370,-6,4;379,17,-9;382,-6,9;395,17,-11
rua||antonio fernandes|alto sao francisco|39280000|63,-1736785,-4498500;304,-123,193;316,2,1;326,18,-11;336,10,2;348,19,-11;366,10,-5;380,-1,5;434,64,-10;444,3,-5;454,4,0
rua||antonio fernandes|bandeirantes|39280000|21,-1736723,-4498361
rua||antonio francisco braga|alto sao francisco|39280000|6,-1736968,-4497429;19,-20,-10;33,24,2;42,8,20;45,-1,-18;49,2,4;50,5,5;52,18,-8;57,-8,3;65,9,-12;74,7,3;165,86,-30;172,-7,12;175,-1,-3;184,10,5;196,14,-9;201,-5,-5;208,21,3;225,2,-11;232,23,13;237,-13,-17;308,78,-5;315,-4,-6;320,7,3;327,9,-10;336,7,4;339,-2,-6;350,5,7;351,2,-11;361,14,0;375,11,-4;376,5,9;387,10,-12;390,-5,12;456,66,-18;457,-3,-5;468,12,6;575,-86,1
rua||antonio gaia|bandeirantes|39280000|49,-1736106,-4497718;61,8,-7;71,13,1
rua||antonio justiano dos santos|vila maria|39280000|26,-1735181,-4496343;36,-2,-8;48,-2,-15;62,7,-8;75,-5,-8;78,1,-5;85,-1,-1;90,3,-5;174,3,-81;179,-9,4;184,2,-19;196,5,-9;205,-7,-10;206,27,-5;219,-21,4;222,2,-13;225,-2,2;228,2,-10;238,0,-14
rua||araguari|belo horizonte|39280000|231,-1738030,-4497231;246,-84,3;306,6,-10;330,-5,12
rua||arnaldo barbosa leite|alto sao francisco|39280000|34,-1737021,-4497300;36,-10,-6;43,-9,-5;48,7,-7;57,-8,-2;62,-5,0;69,-5,-8;76,-1,-5;81,-3,-3;88,1,-5;93,-8,-15;100,6,6;112,-4,-8;115,-9,-2;124,-1,-10;127,-5,3;138,0,-6;139,-6,-2;148,2,-12;151,-6,7;158,-4,-9;161,-5,-7;178,1,-4;182,-4,-12;184,-2,-3;198,-15,-18;274,-32,-48;303,-24,-12;382,-33,-61;394,-4,-1;416,-15,-24
rua||arthur garcia duarte|sambaiba|39280000|45,-1790667,-4512859;56,29,-39;63,-15,32;64,11,-14;66,32,-31;67,11,-17;70,12,-11;72,10,-5;74,26,-35
rua||a|belo horizonte|39280000|54,-1737760,-4496772;59,-69,-3;64,67,4;72,-6,-1;84,-19,-1;85,4,11;94,-11,-7;95,6,9;104,-10,-7;114,-13,-1;115,13,8;120,-18,-8
rua||a|sao francisco|39280000|15,-1736367,-4496662;39,19,-4;44,2,6;56,12,1;80,27,-11;90,8,2
rua||bahia|cachoeira do manteiga|39288000|35,-1666164,-4508203;36,44,-1;46,-11,3;51,-4,-7;62,-14,9;63,27,-12;73,12,0;95,79,-12;124,-149,20;145,132,-23;162,12,14;177,15,-10;178,1,-1;265,67,-9;267,20,-8;268,4,6;277,3,-5;284,3,7;291,-1,-7;300,11,7;313,21,-11;330,7,5;382,51,-1;391,3,-15;410,33,2;413,-9,-2;423,15,4;436,-6,-1;448,20,4;451,7,-15
rua||benvinda miranda ferreira|alto sao francisco|39280000|8,-1737500,-4497459;131,33,-115;144,14,-2;147,-14,-1;157,3,-13;167,0,-12;176,6,14;177,4,-34;190,-1,-6;191,-1,2;203,6,-10;215,4,-15;227,-3,-9;237,6,-10;247,1,-5;255,2,-19;267,9,-6
rua||boaventura correa de melo|alto sao francisco|39280000|32,-1737099,-4498042;35,-9,-4;45,19,-6;55,0,5;58,15,1;75,13,-16;80,-2,13;153,73,-27;154,-2,11;166,-1,-4;175,4,-8;178,19,5;187,-17,-14;190,25,8;191,9,-10;201,-3,5;202,2,10;221,10,-12;231,13,-8;234,4,6;276,66,-17;283,-4,-14;288,12,14;295,12,-14;296,-7,12;336,20,-12;337,-7,-8;338,2,14;340,23,-4;341,-24,-7;345,12,-10;350,21,15;357,-10,-13;367,9,-3;376,4,15;1730,-333,76
rua||brasilia|sao francisco|39280000|22,-1736126,-4497175;32,-8,-12;42,-4,-6;56,6,-20;82,4,-17;106,7,-19;114,-5,-14;134,20,-22;146,-10,-17;159,-8,0;160,7,-10;170,10,-17;171,-13,7;192,11,-18;200,-3,-1;212,4,-16;257,-1,-24;262,8,-27;270,19,-1;282,-16,-22;294,-1,-8;309,-6,-6;320,14,-7;332,3,-20;344,-7,-6;1115,-43,281
rua||braulino pereira|alto sao francisco|39280000|63,-1736581,-4497822;252,-435,109;614,303,-73;655,-203,50;665,3,-1;675,1,-2;1079,167,-30;1089,15,-4;1097,7,-3;1105,-23,8;1113,-20,4;1125,-6,8;1139,-6,-6;1140,-8,-9;1150,64,-11;1152,-88,31;1153,9,-16;1158,2,13;1168,45,-23;1182,27,-8;1381,-253,77;1393,-11,-1;1437,-41,9;1494,-67,8;1507,6,4;1515,-11,2;1518,-3,0;1529,-9,3;1530,-25,-1;1542,-6,-3;1553,8,14;1563,-14,-2;1575,-8,3;1583,-25,-1;1586,17,8;1590,-23,-10;1601,-8,8;1611,-4,4;1614,-12,-6;1621,115,89;1622,-134,-82;1629,0,4;1630,-5,-6
rua||brejinho|sao francisco|39280000|22,-1736233,-4496654;32,-1,-10;42,3,-8;56,-1,-20;60,-2,-4;66,3,-12;76,-1,-19;92,-1,-13;106,0,-13;112,0,-18;124,0,-10;355,-49,-205;363,-3,-11;373,-4,-3;381,-3,-16;397,-3,-8;409,-2,-17;421,-7,-9;431,1,-9;443,1,-7;525,-27,-77;547,-2,-12;559,-2,-19;583,-8,-20;595,-2,-6;609,-7,-7;625,4,-15;717,-17,-85;723,-5,2;727,-21,-8;745,20,-16;761,-15,-21;773,-2,-10;781,2,-10;793,-1,-3
rua||brigido cardoso|bandeirantes|39280000|65,-1736504,-4497915;95,26,0;110,12,3
rua||b|belo horizonte|39280000|35,-1737830,-4496769
rua||b|santo expedito|39280000|20,-1737743,-4497217;25,-26,-27;26,5,5;29,-10,-22;30,7,14;34,0,-11;35,-9,-10;38,6,-4;42,-5,-8;46,5,-6;50,-1,-13
rua||caio martins|centro|39280000|385,-1735335,-4496104;397,-3,-11
rua||caio martins|vila maria|39280000|4,-1735220,-4495735;7,18,43;8,-23,-54;12,-4,-16;30,1,-2;76,20,-65;100,-45,-13;112,-5,-14;131,-13,0;140,11,0;158,-3,-40;178,3,-12;189,-28,5;192,18,-11;198,-3,-13;270,-27,-72;291,-12,-16;292,6,-9;301,-4,-4;310,1,-1;315,-9,-12;337,-9,-13
rua||camilo dos santos|vila maria|39280000|1,-1735086,-4496104;20,71,165;40,45,112;50,11,14;55,-76,-149;72,-1,-26;144,38,100;160,-5,-14;206,-15,-49;225,-10,-14;268,-11,-35;277,7,12;289,-13,-13;306,-8,-37;316,1,-4;323,-10,-3;332,3,-11;345,-3,5;346,-4,-21
rua||ceara|alto sao francisco|39280000|132,-1737040,-4498273;551,176,919;567,-9,-8;602,1,-35;617,-12,-20;618,15,7;633,-10,-8;634,3,-16;645,-19,-2;650,27,-10;671,-34,1;680,15,-15;693,-16,-22;694,11,8;712,-5,-17;715,-10,11;719,-3,-18;726,11,-12;753,-15,-20;754,8,-7;765,-9,0;768,14,-17;779,-11,-4;793,-6,-16;830,-2,-37;841,-10,-8;855,-7,-10;867,5,-12;906,-8,-44;907,-7,10;919,-5,-14;935,-3,-20;936,10,7;956,-5,-32;966,-4,-4;976,4,-14;1066,-12,-85;1165,-28,-44;1245,-19,-98;1259,-5,0;1274,1,-32;1275,-19,13;1286,17,-33;1297,-5,-3;1305,-2,-2;1316,4,-10;1348,-6,-27;1358,1,-21;1368,-5,3;1380,-4,-22;1387,-11,0;1390,8,-5;1425,-14,-26;1426,12,-5;1435,-12,-5;1440,6,-5;1441,-11,-5;1447,-1,0;1448,15,14;1459,-14,-31;1470,6,-1;1471,-14,-3;1511,-9,-44;1512,16,7;1515,-18,-9;1522,14,2;1523,-13,-2;1535,-4,-14
rua||ceara|cachoeira do manteiga|39288000|100,-1665800,-4508623;138,-513,212;157,-5,-26;158,2,-7;179,-15,-14;180,9,-4;191,523,-162;203,-528,148;233,-3,-18;241,529,-124;253,-266,47;255,273,-53;277,-5,7;289,3,-1;290,-524,127
rua||ceara|sao francisco|39280000|6,-1736721,-4496861;42,-14,-21;50,-3,-6;64,-4,-11;76,-3,-7;88,-3,-15;100,-6,-17;116,2,0;122,0,-13;133,-15,0;198,-11,-78;206,-8,-14;228,4,-4;229,-25,-2;238,23,-12;248,-7,-20;249,-4,7;260,8,-7;261,-16,4;271,8,-6;274,3,-6;281,-20,-15;286,26,12;298,-11,-22;307,-9,-5;312,1,-14;325,-10,-7;363,-19,-41;366,18,-3;370,-5,-7;383,-7,-6;386,2,-15;394,4,-5;410,-9,-13;427,-13,-1;430,25,-31;433,-40,29;442,24,-23;445,-11,13;455,-11,-13;458,35,-9;469,-30,4;478,28,-11
rua||cinco|novo buritizeiro|39280000|20,-1737763,-4497334;30,0,-5;40,-8,-15;50,-7,-9;58,-22,-19;68,9,15;69,-10,1;73,-11,-4;74,12,-13;85,-22,5;88,21,-3;101,-23,-2;109,-10,-17;155,-12,-29;169,-10,-8;178,-2,-18;181,-7,5;193,-4,-7;202,-6,-15;214,3,-6;228,-5,-13;231,-15,5;243,-7,-9;255,-6,-5;267,-7,-11;268,9,-9;279,-14,-2;280,9,1;292,-9,-13;304,-5,-11;376,-38,-46;386,-10,-15;387,-15,3;400,10,-17;405,-11,9;414,2,-15;415,-8,8;420,4,-5;426,-6,-9;427,-6,2;434,3,-12;437,-9,3;446,2,-12;447,-6,8;460,3,-9;461,-13,-2;473,-3,-7;474,5,-8;488,-6,-15;491,-10,8;502,6,-9;503,-12,5;512,1,-9;513,0,2;522,-10,-13;523,-5,1;542,-14,-38;543,0,21;610,-24,-52;620,-9,-25;632,-3,4;642,2,4
rua||clovis diniz|centro|39280000|20,-1736245,-4496021;26,-3,-1;31,-12,-7;43,15,-2;49,1,2;55,10,-3;58,-8,5;67,16,-13;68,1,12;79,9,-14;84,3,15;96,-57,11;103,80,-28;117,3,0;126,11,9;131,8,-15;140,6,14;143,-2,-18;150,13,14;160,12,-3;167,-23,-11;172,32,6;182,14,-1;191,-7,-10;193,10,0;194,5,5;213,3,-6;214,20,0;221,-5,-6;246,27,5;260,9,-3;270,11,-7;275,-5,-6;276,19,5;285,-5,-9;288,14,3;295,-8,-5;296,6,4;302,12,-1;303,-2,-8;309,31,-4;310,-17,12;315,-9,-7;322,13,1;325,-2,-5;340,14,3;348,-2,5;382,36,-12;394,8,2;405,12,-18;410,3,11;418,12,-7;419,-5,-8;431,16,-6;440,14,10;443,-6,-10;458,15,3;459,-6,-6;465,7,-1;468,8,18;475,0,-25;478,5,20;489,11,-23;497,2,6;536,17,2;550,18,-14;556,9,5;566,13,-2;576,12,0;586,15,19;590,0,-25;622,19,-7;640,21,-10;780,51,-4;800,3,-3;820,23,-3;830,10,-3;842,5,-9;856,12,1;868,20,-6;892,8,0
rua||clovis diniz|vila maria|39280000|134,-1734972,-4496264;312,-447,21;692,655,-141;821,-887,200;835,1,1;855,22,-7;857,9,-6;867,11,-1;869,61,-18;870,15,3;871,-9,-3;877,10,-4;882,19,7;885,0,-13;892,4,9;904,2,-2;905,4,-10;915,11,-2;916,7,7;925,3,-10;930,7,7;935,3,-6;949,11,-6;985,19,-7;995,10,-4;1005,13,1;1014,9,4;1015,2,-7;1025,7,-4;1032,17,8;1035,-12,-11;1044,27,5;1055,-9,-7;1056,14,10;1071,-2,-14;1078,13,-2;1087,-2,-2;1103,18,-1;1110,11,11;1117,-3,-18;1139,25,-3;1148,14,0;1149,-1,-4;1159,-1,-2;1169,9,-5;1174,1,7;1180,15,1;1183,9,-12;1190,4,7;1192,4,1;1197,-12,-2;1200,21,-3;1205,-4,-9;1216,10,7;1226,4,-1;1233,6,-12;1236,9,12;1252,15,-5;1253,-10,-5;1265,19,-13;1310,50,1;1311,-13,-8;1330,182,60;1331,-165,-64;1340,12,19;1344,0,-11;1350,18,-8;1357,-8,-6;1367,16,-6;1375,10,-1;1376,-4,11;1388,11,-2;1398,25,-8;1410,9,-2;1466,42,10;1476,11,-10;1534,43,0;1545,15,-18;1555,8,4;1564,11,7;1565,-6,-22;1567,-14,9;1570,31,2;1575,-31,-2;1580,36,10;1588,3,4;1591,4,-11;1606,17,8;1607,-7,-20;1612,11,8;1627,17,-12;1640,-35,11;1651,54,-18;1666,-2,6;1700,76,-8;1743,11,-30
rua||curitiba|belo horizonte|39280000|240,-1737986,-4497223;245,-17,22;257,-1,9;269,-2,-2;272,-11,-8;286,-8,3;294,-21,-4
rua||c|dom bosco|39280000|237,-1734973,-4496684;245,1,-14;248,5,-30;257,1,11;260,4,-16;324,-19,-43;331,-9,-12;343,-2,2;348,15,-12;355,-21,2;356,8,-16;366,-7,-17;367,-1,22;379,0,-14;389,-5,-8;401,-5,-7;436,-2,-57;448,-9,-7;481,-16,-38;500,26,7
rua||c|santo expedito|39280000|19,-1737718,-4497197;22,6,5;23,-3,-30;26,7,16;27,-10,-27;30,6,11;31,-17,-21;34,15,12;35,6,-13;38,-9,2;39,-4,-21;42,8,21;43,-6,-33;46,2,20;47,-12,-24;50,12,11;51,-6,-23;54,7,12;55,-30,-16;58,25,6;59,-5,-26;62,5,17;66,0,-6;70,6,-24
rua||da bahia|sao francisco|39280000|1,-1737127,-4496724;5,11,10;21,-13,0;29,-3,3;41,-10,-1;55,-20,-10;71,-5,-1;72,-3,-4;73,-32,-3
rua||da praca|cachoeira do manteiga|39288000|5,-1666037,-4508341;31,1,-21;41,5,-23;51,-11,-9;61,-3,-12;716,11,56
rua||da praca|sao francisco|39280000|20,-1736142,-4497203;22,-17,7;30,-11,2;42,-16,2;58,-8,3;1115,37,38
rua||das corredeiras|sao francisco|39280000|32,-1736252,-4497377;43,9,-8;56,11,13;64,6,-7;68,3,-3;79,15,-9;80,-4,3;92,16,3;93,-8,-12;104,9,7;113,17,-9;116,-4,8;125,14,-16;128,1,10;136,50,-13;137,-43,7;140,6,3;143,18,-8;144,-11,7;155,15,-7;156,0,4;171,17,-3
rua||deca|buritizeiro|39280000|49,-1736112,-4497120;51,8,-5
rua||deca|sao francisco|39280000|16,-1736133,-4497108;30,4,0
rua||dezesseis|jardim dos buritis|39280000|20,-1737541,-4496601;34,5,4;35,-10,-4;45,1,-6;47,2,12;58,5,14;59,-2,0;71,5,31;83,-2,-8;107,3,12;118,-7,28;125,7,-2;131,7,17;189,-7,55;195,2,8;208,-6,4;215,-5,0;220,-8,6;233,31,6;288,-19,79;300,3,-3;301,12,-10;310,-15,15;313,16,1;320,-7,11;337,5,-4
rua||dezessete|dom bosco|39280000|346,-1735299,-4496966;416,50,-56;420,-16,27
rua||dezessete|jardim dos buritis|39280000|34,-1737482,-4496607;39,5,11;40,2,0;46,-7,1;47,6,7;55,2,7;70,-11,8;82,8,15;94,3,8;106,-4,9;215,10,107;216,-16,-4;228,18,9;229,7,3;231,-2,9;233,-1,0;252,-11,12;253,13,5;256,-11,-122;263,11,124;264,-8,8;273,6,7;285,1,14;288,-4,5;297,6,0;312,-13,20;321,17,9;362,-1,36;381,2,15
rua||dezessete|vila maria|39280000|50,-1735513,-4496742;114,89,-97;124,3,8
rua||dezoito|jardim dos buritis|39280000|35,-1737411,-4496615;40,-8,14;48,0,7;49,9,3;60,-14,15;63,15,-8;77,1,17;84,-7,10;91,17,-2;105,-22,8;120,11,23;137,1,8;197,4,87;202,-6,-9;214,4,13;215,6,-1;231,0,8;232,-9,-1;247,14,18;250,-7,-3;255,3,15;262,-7,-8;274,3,11;300,-6,41
rua||dez|novo buritizeiro|39280000|26,-1737924,-4497328;34,16,-13;46,5,-3;58,5,-5;70,17,-5;84,7,-22;91,10,-6;109,-1,4;110,3,-4;121,2,-12;133,19,-8;137,5,-1;153,151,-133;158,-133,122;168,5,-4;169,-9,-6;178,26,2;198,12,-16;237,2,-47;248,20,27;256,7,-12;259,-5,-8;273,14,-4;278,9,2;287,2,-13;328,23,0;334,11,-15;335,-27,-23;344,30,16;350,14,3;351,-7,-21;356,11,4;365,1,-9;366,2,9;384,18,-16;400,10,-2;412,0,-2;414,12,-7;434,2,-2;444,12,-14;454,7,-4
rua||dez|quintas do agreste|39280000|149,-1740140,-4497304
rua||do acre|cachoeira do manteiga|39288000|180,-1666318,-4508446
rua||do acre|sao francisco|39280000|30,-1737060,-4496826;35,6,1;36,-12,-9;47,-3,10;58,-5,-20;59,-1,6;76,-2,-12;83,-10,2;88,3,-12;97,-10,1;100,-2,-7;109,-6,-2;110,4,-6;117,-12,-4;118,0,-5;127,-68,-71;131,60,70;143,-27,-24;146,18,7;155,-28,-18;161,2,-1;164,17,9;214,-44,-44;215,-56,-48;218,54,44;221,-10,-3;232,-4,-10;233,-7,3;244,-4,-13;245,4,3;257,-2,4;260,-6,-14;273,-6,5;282,-12,-23;285,-6,2;296,-5,-16;297,-3,14;360,-41,-60;363,-4,5;366,-2,-8;377,-9,-2;391,19,38;423,-46,-59;435,-16,-15;455,-2,-10;463,-4,-10
rua||do arrastao|sao francisco|39280000|40,-1736887,-4497172;57,-21,-45;60,20,28;61,-8,-3;70,10,-8;84,-5,-13;94,10,-24;104,-15,5;110,-11,-8;124,5,-15;142,-1,-6
rua||do brejinho|sao francisco|39280000|35,-1736241,-4496651;55,-5,-33;63,1,-14;73,0,-2;79,4,-19;89,-1,-7;95,1,-16;107,2,-12;119,-2,-9;123,-1,-17;159,2,-27;162,12,-12;167,-8,-1;174,6,-5;186,-1,-13;194,0,-10;201,-12,-3;208,3,-4;218,-1,-4;224,-2,-10;226,-2,-1;227,-3,8;238,0,-23;246,1,-4;250,-2,-10;262,-1,-9;269,-10,1;280,5,-19;344,-18,-60;356,0,-6;396,-11,-32;442,-14,-50;526,-18,-67;536,-5,-12;548,0,-9;553,54,202;560,-56,-212;590,-6,-20;626,-9,-33;682,-17,-59;700,3,-11;710,-8,-10;720,-2,-9;730,-4,-18;738,-2,-9;746,10,-4;766,-13,-11;774,-4,-4;784,-1,-12;808,-7,-24
rua||do canal|sao francisco|39280000|33,-1736222,-4497252;34,2,0;44,11,5;47,-3,-8;59,11,-2;64,16,3;84,7,-4;96,21,-4;97,-10,-4;107,9,-4;114,7,8;119,4,-10;129,12,-2
rua||do cemiterio|paredao de minas|39280000|27,-1710964,-4543789
rua||do centenario|sao francisco|39280000|28,-1736527,-4496651;37,3,-16;39,-70,62;51,12,-6;63,9,-4;68,-2,13;85,15,-33;112,95,-73;113,5,-3;201,-26,16;205,9,-11;235,26,-15;265,5,-21;275,17,-3;289,10,-17;309,13,2;340,29,-16;356,39,-36;357,-38,21;367,18,-17;377,6,-7;400,26,-10;401,-8,-3;413,25,-8;422,-3,1;429,7,-11;432,-4,13;446,9,-15;449,6,-10;456,8,7;461,-2,-11;473,2,-4;485,7,-12
rua||do remanso|sao francisco|39280000|29,-1736242,-4497312;44,18,2;45,-2,-11;53,3,0;56,9,8;68,10,-1;80,7,-1;102,22,-8;103,-1,-11;128,26,8;133,-10,-6;143,13,-22
rua||dois|novo buritizeiro|39280000|31,-1737795,-4497330;39,-5,-3;45,-8,-1;53,-13,-8;61,-6,-5;69,-12,-4;84,-9,-6;89,-1,0;95,-93,-40;96,93,36;100,-85,-31;107,-22,-6;117,-2,-6;131,-10,-7;143,-17,-6;167,-13,-4;203,-34,-21;229,-10,6
rua||domingos coelho|jardim dos buritis|39280000|12,-1736754,-4496407;33,10,42;36,-6,-15;45,11,18;60,-5,5;61,4,11;72,-8,9;83,13,24
rua||dos buritis|sao francisco|39280000|2,-1736648,-4496503;12,-19,-36;24,-3,0;32,-2,-8;46,-5,2;56,-14,-31;72,-1,-8;86,-9,-10;112,-11,-28;125,-12,4;131,-7,-14;134,10,0;142,-3,-19;145,-12,10;154,4,-14;165,-10,4;170,3,-11;184,-8,-8;195,-4,5;200,4,-17;203,-8,5;205,-5,-7;219,-8,-13;226,1,-3;240,-4,-34;262,-3,-1;274,3,2;284,-12,-24;296,-9,-11;310,-2,-12;322,-7,-6;344,-7,-18;370,-10,-31;382,-6,1;398,-5,-15;400,-135,-257;410,129,246;422,-8,-9;434,-3,-10;453,-13,-3;459,-6,-4;535,-22,-60;540,5,-21;545,-10,1;547,-9,-5;552,3,3;573,-5,-18;574,9,-4;583,-18,-10;584,8,6;588,1,-8;598,-17,-17;601,-6,10;608,3,-20;629,-8,-2;632,11,-20;652,-7,-9;655,-12,2;667,-1,-1;677,-8,-30;699,-12,-7;733,-13,-37;734,9,13;753,-17,-24;754,11,8;766,-7,-9;767,-13,-13;771,9,3;782,-6,-14;786,-2,-7;795,-18,-17;796,10,3;806,-3,-4;815,-11,-7;816,4,-8;826,-2,-4;840,-10,-17;860,-4,-14
rua||dos caetes|belo horizonte|39280000|45,-1737466,-4496780;48,5,32;53,-10,-11;70,7,-3;90,3,-11;165,11,-89;175,2,-21;264,18,-57
rua||dos carijos|belo horizonte|39280000|43,-1737605,-4496743;54,4,-3;55,-3,-3;126,-2,-74;214,-6,-169;221,0,88;224,9,-8;233,-11,-2;245,0,-17;256,16,-12;293,-22,-57;304,9,5;305,-4,-20;315,2,-6;318,3,21;328,-8,-12;350,17,-21;355,-26,-2;362,7,-8;365,-2,-1;367,5,-19;386,-3,7;439,18,229
rua||dos tamoios|belo horizonte|39280000|25,-1737668,-4496714;29,-1,-1;30,3,0;70,3,-43;82,0,-14;92,8,-20;102,-12,-1;127,0,79;200,0,-170;213,-10,-8;222,9,-12;223,-9,-2;235,-2,-20;246,4,-123;258,12,97;337,-20,-53;340,6,6;349,-7,-24;358,8,-6;370,1,-15;385,-8,-12;394,6,-26;399,-7,17;405,3,-7;411,-15,-9;423,9,-11;431,1,-6;445,-1,-18;457,4,-15;466,2,48;487,-6,-72
rua||doze|jardim dos buritis|39280000|41,-1737798,-4496422;150,-2,-51;180,3,29;286,2,94;465,2,-2
rua||doze|novo buritizeiro|39280000|34,-1738130,-4497691;37,-12,9;63,14,-14;100,14,-6;106,21,-8;186,53,-47;200,9,-3;255,17,-47;256,20,21;270,6,-16;271,-8,-15;274,17,0;314,29,13;317,-12,-28;330,18,1;331,-4,-9;344,15,2;347,-3,-13;357,-2,-36;386,34,24;412,60,84;416,-46,-98
rua||d|dom bosco|39280000|63,-1735088,-4496877;103,-3,-43;234,67,245;242,14,-6;254,-18,-13;262,-2,-2;340,-17,-73;352,-2,-4;364,-2,-14;365,-15,30;369,-19,-1;371,27,-22;372,0,-17;384,4,-10;385,-4,1;392,1,-6;401,-10,5;406,6,-8;413,-7,-4;425,-5,-11;439,-1,-9;526,-20,-101;556,-2,-22
rua||d|santo expedito|39280000|4,-1737640,-4497138;10,-9,-17;14,-11,-14;18,3,-7;21,-2,-5;25,-5,-8;26,9,4;29,-9,-14;30,6,6;34,0,-9;35,-8,-7;38,1,-5;39,-5,-5;41,6,-7;42,2,-1;45,-4,-3;51,-5,-22;52,12,12;55,-9,-23;56,4,5;60,-3,-15;61,-5,2;64,8,-7;65,-15,-4;68,6,-11;69,3,2;72,0,-7;73,-2,-10;75,-2,-1;76,-57,68;80,60,-79;81,-6,1;84,7,-11;85,-6,-4
rua||d|vila maria|39280000|58,-1734994,-4496538;219,-27,-105;225,-7,-1;235,0,-15;243,-4,-21;255,-2,-13;273,-7,-11
rua||elipse|sao francisco|39280000|13,-1737364,-4496951;40,22,-5;43,-2,-9;50,11,-1;55,-5,-9;56,8,5;65,0,-12;73,10,-9;89,-41,45;99,51,-58;111,12,-12;116,10,10;127,-8,-21;132,15,9;146,16,-12;182,6,-12;196,12,-16;201,7,-17;208,-4,9;216,19,-12;217,-12,5
rua||emidio de castro|bandeirantes|39280000|40,-1736710,-4498725;51,-16,-9;60,28,5;61,-11,-6;70,16,8;71,-3,-1;80,11,2;81,-9,-11;91,9,-4;100,18,14;101,-8,-16;120,37,9;121,-15,-13;131,10,-4
rua||espirito santo|belo horizonte|39280000|23,-1737294,-4496858;31,10,13;35,-22,-10;37,-2,-1;47,-3,1;59,-17,-10;71,-13,2;83,-4,3;89,-4,1;95,-14,-4;100,-1,-12;110,-16,7;114,-9,-1;118,-10,-8;135,7,13;154,-19,-18;160,-29,-15
rua||espirito santo|cachoeira do manteiga|39288000|4,-1666268,-4508394;10,281,-30;22,13,-1;30,4,-7;34,9,5;58,14,1;60,-3,-5;71,58,-5;114,-389,52;262,113,-11;263,0,-13;275,13,7;286,4,2;288,13,4;299,-3,-7;344,195,-118;367,-119,109;383,5,-6;393,16,-2;403,44,-73;601,130,50;613,15,0;625,9,1;637,25,-18;647,-3,2;666,-5,27
rua||estrada interna da fazenda sta|fazenda boa vista|39285000|9,-1702061,-4539488;12,-1866,-2674
rua||estrada interna da fazenda sta|fazenda lago vermelho|39280000|18,-1703388,-4548924;19,-44,-56;20,-285,412;21,387,-281;22,22,28;23,12,14;24,12,25
rua||estrada interna da fazenda sta|fazenda santo antonio|39280000|8,-1708036,-4543813
rua||estrada interna da fazenda sta|fazenda santo antonio|39285000|5,-1707799,-4543886;10,-109,-54;11,119,69;14,73,23
rua||estrada interna da fazenda sta|porto curralinho|39280000|8,-1699170,-4550380;10,-29,56;11,219,87;14,1594,213;17,577,3184
rua||estrada interna da fazenda sta|porto curralinho|39285000|1,-1700710,-4550962;2,13,-28;3,213,-61;4,751,131;7,519,528;10,15,72;12,223,113
rua||estrada interna da fazenda sta|vereda santo antonio|39285000|14,-1705485,-4541608
rua||eustaquio de queiroz|vila maria|39280000|30,-1734960,-4496425;41,8,-13;75,7,-4;136,76,-30;145,-11,-14;156,36,14;157,-22,-6;186,22,6;187,7,-11;202,31,29;205,-7,-18
rua||e|dom bosco|39280000|6,-1735071,-4496855;18,17,3;26,3,-11;38,9,1;44,17,-4;56,11,0
rua||e|vila maria|39280000|20,-1735290,-4496800;30,9,8;34,4,-13;50,123,-98;70,-85,97;83,0,-9;109,24,0;119,2,3;120,17,-3;139,-1,-7;146,9,4;158,22,-12;461,74,-26
rua||faustino fernandes de almeida|vila maria|39280000|20,-1734820,-4496156;34,-25,40;48,-2,-51;51,-29,-31;60,50,91;62,-55,-98;70,34,61;77,39,63;91,3,12;93,-83,-151;106,-12,-16;107,-4,5;111,-3,-10;116,6,-9;129,-14,3;136,1,-14;140,-9,-10;147,4,14;149,-7,-10;154,-341,-354;166,323,309;171,-10,6;176,14,4;186,28,-56;187,-38,58;189,-8,1;192,12,-13;202,-19,-54;216,0,0;235,-17,-10;240,8,-13;258,-1,-3;274,-2,-3;275,-12,-5;291,35,60;293,-39,-72;298,4,-7;305,-12,-13;317,-1,-5;326,-3,-25;336,-54,-167;358,44,134;368,-8,3;380,7,-6;381,-14,-2;384,-97,-268;391,114,286;400,-9,-42;440,-19,-29;450,-13,0;451,2,5;456,21,-22;458,-16,5;460,-11,-24;461,9,56;477,-12,-33;483,37,86;554,-49,-168;577,-21,-11;590,11,-10;596,-7,-5;651,-27,-61;660,3,-14;681,-12,-13;718,6,-38;726,-15,-7;775,-20,-41;785,-3,-8;805,-2,-14;810,17,26;814,-2,-16;824,-10,-26;844,0,-2
rua||francisco carneiro|bandeirantes|39280000|15,-1736675,-4498089;25,18,-5;35,2,1;45,7,-3
rua||francisco fernandes almeida|vila maria|39280000|36,-1735228,-4496623;45,4,-3;54,4,4;55,7,2;77,17,-8;115,36,1;125,8,-22;135,4,13;147,0,-1;154,21,0;155,-6,-4;165,17,-4;175,13,0;185,-4,-8;186,10,3
rua||francisco geraldo dos santos|jardim dos buritis|39280000|8,-1737310,-4496493;49,-42,16;61,-12,-5;73,-13,7;97,-16,-1;127,-28,2;135,-15,0;140,16,-12;143,-38,16;150,20,-18;160,-31,3;162,20,4;165,-10,6;170,-10,-13;185,145,7;186,-88,5;191,-61,4;200,-202,11;202,174,-15;203,0,6;214,-4,-7;226,-13,3;229,4,5;257,-29,3;271,-14,5;285,-12,-5;309,-9,-3;333,-35,9;340,67,-18;360,-88,5;370,-15,3;373,7,5;400,-43,-2;420,-10,5;421,1,-2
rua||f|novo buritizeiro|39280000|19,-1737620,-4497400;27,-223,111;30,214,-99;31,13,-26;37,-212,123;43,216,-132;47,-211,129;55,214,-137;57,-208,136;63,7,-3;67,208,-146;75,-193,140;91,19,-9;99,196,-149;117,9,-18;129,-79,75;137,90,-91;141,-178,170;149,191,-172;153,-184,168;167,9,-3;177,8,-3;227,42,-7;237,8,-6;247,18,3;255,11,-2
rua||f|santo expedito|39280000|13,-1737609,-4497139;15,0,-25;17,0,-8;19,0,-12;23,-1,-4;27,-3,-15;33,0,-12;37,-2,-8;41,-2,-7;51,-1,-11;55,-3,-15;63,3,-13;67,-1,-15;71,1,-12;75,-1,-10;79,-4,-20;85,2,0;89,98,40
rua||geralda laranjeira|alto sao francisco|39280000|49,-1737222,-4497473;59,23,17;60,0,-32;71,-28,-4;72,9,-2;83,-12,-17;86,16,5;95,-17,-3;100,6,-12;107,-14,10;112,9,-25;120,-5,-22;131,-9,6;199,8,15;204,-19,-82;214,-2,-8;235,-21,-4;245,5,-14;250,-3,7;280,-8,-41;292,14,-13;293,-2,14;329,-21,-45;330,34,88;340,-26,-104;341,-9,9;354,9,-9;355,-12,-3;410,-136,-50;447,120,-37;449,-9,-20;514,14,18
rua||geraldo carneiro mendonca|paredao de minas|39280000|31,-1711051,-4543815;32,89,-59;34,-68,51;35,0,0;39,68,-51;40,0,0;42,0,0;47,-68,51;53,-21,8;109,82,-36
rua||geraldo fernandes sampaio|jardim dos buritis|39280000|11,-1737044,-4496557;18,-6,11;27,7,0;47,1,26;96,-4,39;147,11,37;170,-2,27;172,-1,4;173,3,15;184,-3,5;189,9,7;205,-2,9;208,-5,-10
rua||germano sales peixoto|paredao de minas|39280000|49,-1711239,-4543829;72,220,-110;104,-265,165;114,230,-142;121,-192,110;197,135,-78;232,-24,13;264,-104,42;285,68,-8;324,-68,8;335,13,19;400,-89,7;502,-40,64;516,-15,6;518,0,0;576,-51,32;578,-23,11
rua||goias|sao francisco|39280000|375,-1736571,-4496657;385,-4,-4;391,-3,-9;415,-17,-14;429,-3,-13;435,-4,-5;449,-5,-9;459,-5,-17;469,-5,-10;481,-12,-9;493,-4,-5;517,-12,-18
rua||goias|vila lucidia|39280000|52,-1736374,-4496417;53,-15,5;62,4,-12;63,-3,-1;73,-11,-8;80,9,-6;82,-4,-8;83,-12,3;92,7,-7;160,-42,-47;170,17,16;171,-22,-18;176,-7,-15;179,25,27;183,-31,-21;186,1,-14;195,-3,9;201,-6,-7;202,10,-16;211,-23,3;221,-2,0;244,-12,-25;254,-6,-9;269,-28,-21;270,32,7;280,-14,-3;300,-9,-13;306,1,-6;307,-17,-1;316,12,-4;319,-17,-4;326,12,-9;335,-18,-2;342,14,1;362,-15,-27;384,-9,-16;392,-10,0;402,-4,-15;418,-10,-13;430,-5,-7;440,-10,-11;450,-6,-6;460,-4,-10;470,-2,-3;476,-8,-11;482,-9,-11;496,-2,-8;514,-10,-15;526,-11,-7;538,-3,-8;550,-2,-15;558,-8,-4;572,-14,-14;592,4,-9
rua||goitacazes|belo horizonte|39280000|31,-1737898,-4496894;45,-1,-10;58,6,-20;71,-4,-12;83,6,-9;107,-12,-13;116,10,29;128,1,-60;141,-10,-7;157,5,-14;166,4,-24;169,-10,8;181,0,-17;192,23,-12;195,-39,15;207,17,-19;216,12,-6;228,-5,-13;231,-11,2;240,225,-72;241,-224,62;248,6,-32;253,-8,17;261,3,-13;274,8,-10;302,44,-86;314,-43,25;326,-9,13;334,8,-9;433,-8,-77
rua||guajajaras|belo horizonte|39280000|349,-1737939,-4496992;358,4,-20;491,-18,-180;560,7,-113;561,-11,58
rua||guarani|sao francisco|39280000|30,-1736926,-4496662;36,-9,-13;46,-5,0;50,-4,-3;53,-6,4;56,3,-11;64,-7,-5;67,-7,2;74,2,-6;83,-6,-1;84,-3,-2;86,0,-8;95,-5,8;98,-3,-15;105,-8,8;106,8,-13;108,-3,3;125,-10,2;136,2,-10;137,-10,5;148,4,-11;154,-16,-12;155,-1,11;165,-8,-10;168,10,-13;175,-20,2
rua||g|santo expedito|39280000|18,-1737540,-4497180;22,-1,-12;28,2,2;32,-4,-22;36,0,-2;40,-1,-16;44,1,-6;50,-4,-12;54,-2,-11;60,0,-14;64,2,-22;68,-1,-7;72,-3,-12;76,0,0;80,14,-14;84,-9,-13;90,1,-13;91,-4,12;94,0,-22;95,2,4;98,13,-17;99,-13,6;102,6,-10;105,1,12;106,9,-27;110,9,-4;114,9,-7;115,-21,13;118,28,-27;119,-19,18;122,35,-15;123,-28,4;127,7,-5;131,5,-2;135,6,-9
rua||hilda gomes pereira|centro|39280000|18,-1736364,-4496088;411,-226,-209;421,13,13;423,2,1;425,5,-3;427,6,7;439,4,9;453,9,16;493,32,20;525,11,20;645,188,175
rua||hilda gomes pereira|jardim dos buritis|39280000|9,-1736879,-4496517;17,12,11;29,2,7;41,11,3;48,22,12;53,-14,-8;65,14,10;77,8,6;91,11,8;112,14,19;127,14,1;172,21,21;175,9,5;189,9,7;197,10,5;250,30,19;260,10,28;269,20,-3;270,-13,8;280,20,4;287,19,10;290,-20,-8;293,26,13;308,-13,2;317,17,-1;329,7,8
rua||hilda gomes teixeira|jardim dos buritis|39280000|348,-1736599,-4496309;390,-1,1;400,7,11;426,21,24;474,23,24;498,10,11;520,22,32;538,17,21
rua||horacio esparra|centro|39280000|1,-1735889,-4495682;32,63,113;42,-2,-6;43,-13,3;49,-78,-150;52,82,138;54,-36,-91;61,-58,-51;67,4,0;68,111,113;75,-121,-131;95,-7,-1;99,-12,-18;126,114,109;154,-129,-133;170,-3,-3;175,-24,-24;180,24,9;185,-21,4;196,-6,-17;198,3,-2;200,-4,-9;205,-14,7;210,10,-18;221,-17,2;226,11,-2;231,-19,-5;243,-11,-8;260,-6,-24;270,-5,-8;284,-6,-3;296,9,10;318,-32,-35;322,33,35;330,-39,-44;382,-34,-37;387,-4,1;390,14,4;394,-2,-6;395,-24,0;407,-2,0;408,6,-16;412,-1,-1;418,-11,-17;427,-17,16;440,0,-27;447,4,10;459,-13,0;464,1,-13;469,-10,-2;481,-6,-10;525,-25,-42;540,7,-12;547,-13,1;548,20,-7;555,-16,-6;562,17,-2;565,-17,1;578,6,-16;579,-10,7;582,11,-14;591,-16,-6;601,1,-2;602,12,-6;627,-17,-15;648,13,11;667,-29,-36;670,16,-10;680,-3,-15;681,-12,7;692,8,-17;693,-10,-3;703,-4,-15;704,12,1;719,-13,-11;727,-6,-16;731,-1,-7;736,23,49;737,-27,-57;779,-7,-38;780,3,-4;789,-1,-7;790,-1,-11;799,-10,-2;813,-2,-3;821,0,-13;830,9,-4;831,-10,0;848,6,-8;849,-13,1;857,5,-17;860,10,0;872,-8,-11;873,-5,0;885,-2,-10;895,-5,-3
rua||h|santo expedito|39280000|30,-1737519,-4497266
rua||iracema gomes de abreu|jardim dos buritis|39280000|12,-1737445,-4496636;25,543,94;26,-384,-52;33,364,59;65,-25,-16;75,-12,3;103,-23,-12;113,-9,-3;149,-19,-1;163,-21,-4;187,-611,-61;205,573,57;213,-9,-4;219,-9,-3;225,-2,-1;231,-9,1;235,-15,-4;255,-12,0;289,-10,-7;393,-107,-17;421,-694,-4;471,618,-13;543,-11,-3;573,-33,-5;593,-17,-3;1179,-344,13
rua||isaura maria de freitas goncal|alto sao francisco|39280000|62,-1737549,-4497635;72,7,-19;79,-7,47;101,12,-70;131,4,-52;161,2,-7;171,3,-9
rua||i|santo expedito|39280000|16,-1737491,-4497191;17,-3,7;20,-2,-22;21,-6,14;23,7,-12;26,2,-10;27,-6,1;30,9,-11;31,-8,-1;34,6,-7;35,-6,-6;38,8,-10;39,-10,-1;41,-1,-8;42,7,1;45,-9,-10;46,17,-4;53,-30,-4;54,26,-9;59,-10,-2;60,-1,-14;65,-4,-3;66,4,-10;70,3,-10;71,-5,11;74,5,-19;75,-2,4;78,5,-20;79,-6,11;83,-4,0;84,15,-20;86,8,-3;87,-14,4;90,22,-23;91,-16,22;94,25,-26;95,-22,15;99,8,-8;103,12,0;107,0,-17
rua||januaria|sao francisco|39280000|11,-1736429,-4496344;21,-3,-15;37,-15,-16;53,-1,-6;65,-13,-16;147,-44,-64;157,-1,4;163,-7,-8;173,-4,-9;225,-32,-34;239,-8,-6;251,-17,-28
rua||januaria|vila lucidia|39280000|6,-1736415,-4496355;18,-8,-8;30,-4,-9;40,-6,-12;42,-153,-195;44,148,191;52,1,-3;64,-16,-10;74,-3,-13;92,-10,-10;93,-11,-15;138,-20,-13;146,-1,-3;158,-2,-17;172,-11,-5;184,-3,-8;194,-7,-11;208,-10,-15;232,-18,-10
rua||joao marciano|bandeirantes|39280000|21,-1736535,-4497539;43,21,-15;112,53,4;139,15,-16;148,10,7;159,298,-82;160,-286,84;168,10,-2;174,10,6;183,9,-23;190,6,7;212,17,-2;301,67,-28;321,19,-4;331,10,-11;350,26,12;360,7,-4;364,-1,-7;370,7,6;374,11,0;376,19,-16;392,38,-2;400,-98,27;403,99,-35;410,16,4;411,-19,-5;491,72,-15;500,16,6;501,-3,-18;512,9,15;554,8,-1
rua||joao paz de oliveira|paredao de minas|39280000|39,-1711396,-4543542;85,-52,-141;387,42,114;397,2,-2;586,-82,-147
rua||joaquim carvalho da silva|vila maria|39280000|27,-1735040,-4496252;35,0,-16;53,0,-14;58,4,9;71,-7,-27;72,2,2;79,-14,-3;80,21,-21;85,-7,18;88,9,-12;94,-5,-17;161,-15,-61;175,-4,-9
rua||joaquim de souza matos|paredao de minas|39280000|300,-1711200,-4543734;305,10,24;306,-2,-3;336,7,51;378,35,44
rua||joaquim trindade cota|centro|39280000|174,-1735397,-4496112;435,-152,40;533,-100,27;636,0,-1;648,11,-5;655,0,-6;662,15,4;669,-5,-9;672,13,6;681,-2,-9;686,11,10;695,5,-14;700,3,9;701,3,-6;713,8,-4;723,7,-2;730,6,7;735,7,-14;740,3,12;747,14,-15;796,49,-1;816,9,1;827,13,-12;830,0,11;837,8,-19;857,22,-8;882,9,16;896,23,-10;948,52,-17;1150,161,-51;1170,21,-7
rua||joaquim trindade cota|vila maria|39280000|2,-1735265,-4496160;1085,9,-3;1099,3,-5;1115,13,3;1133,21,-10;1143,12,-4;1157,3,0;1167,12,-5;1175,9,-4;1179,11,-2
rua||joaquim trindade cotta|centro|39280000|11,-1736181,-4495896;19,9,-2;29,6,1;38,4,1;43,0,-14;47,12,-4;60,0,12;63,10,-18;80,2,3;93,14,-15;94,25,-2;103,-45,17;119,44,-33;129,9,0;139,8,-4;146,1,9;149,4,-9;157,20,-4;162,-1,4;174,9,4;188,12,0;189,5,-14;198,-1,8;201,-5,-10;206,19,8;209,-1,-11;211,6,-1;221,3,0;222,6,12;230,7,-6;232,0,0;233,1,-7;247,36,-7;251,-28,6;270,42,3;273,-48,-3;281,-2,0;315,77,-18;332,32,-4;336,-2,9;339,-5,-17;347,15,3;350,4,7;356,-7,-3;362,17,1;367,-5,-11;372,16,7;377,14,-9;388,-5,4;395,2,-15;400,8,14;409,16,-8;457,31,-11;467,16,-2;477,1,-7;483,4,11;487,8,-8;493,12,-2;513,-1,4;521,9,-11;524,15,9;531,3,-6;534,12,5;542,4,-3
rua||jonas carneiro de abreu|paredao de minas|39280000|29,-1710873,-4543852;46,0,0;79,-91,61;93,-22,21
rua||jonas carneiro|centro|39280000|45,-1736111,-4495833;48,13,5;53,-6,-13;60,13,9;72,3,-7;77,-3,-13;81,957,-271;85,-907,242;91,880,-235;94,-907,268;98,-1,-1;100,897,-271;101,-847,237;115,285,-78;121,-268,77;124,2,3;138,20,1;144,90,-34;148,-85,33;150,694,-204;164,-674,193;165,730,-211;176,-725,211;178,2,-1;180,13,-2;185,-13,-8;190,31,5;232,20,16;245,8,-41;248,8,27;251,-7,-35;260,16,33;261,-2,-24;270,12,6;271,-69,12;284,78,-9;285,5,-14;292,5,11;295,-5,-14;300,-6,16;307,38,-22;311,7,3;314,-19,8;322,18,3;334,7,-6;371,19,-20;372,18,-3;376,-1,2;378,115,-34;388,-102,34;402,11,-3;416,9,0;424,10,3;436,14,-4;441,-4,-15;452,4,8;464,14,-2;465,4,-13;475,10,-1;476,-2,14;488,14,-21;563,61,-8;577,12,-6;589,8,-1;599,8,4;609,13,-7;725,102,-35;737,6,-1;743,21,-7;781,25,-9;827,42,-9;845,18,-9;857,10,-1;869,6,-1;907,39,-8;1126,83,-89;1531,-304,160
rua||jonas carneiro|vila maria|39280000|200,-1735236,-4496082;550,-399,94;614,75,-7;712,78,-21;722,4,-4;738,23,-7;758,22,-2;770,3,4;824,62,-26;844,20,-6;900,37,-13;920,24,-8;952,24,-5;964,9,4
rua||jose antonio saturnino|sambaiba|39280000|7,-1790761,-4512839;39,-18,21;62,26,-32;100,174,-219;108,27,-40;127,-190,222;145,28,-14;160,12,-1;170,-12,9;198,47,-31;219,-11,-16;224,124,-145;240,-3,14;243,-103,95;247,4,-7;253,13,-11;256,-1,8;295,8,-27;318,23,-11;325,5,-22;334,20,-8;345,23,-44;463,31,-42
rua||jose clementino barbosa|sao francisco|39280000|40,-1736272,-4496667;41,-10,-3;51,0,6;56,9,-12;70,0,-22;90,-23,1;91,1,8;103,-5,-2;106,4,-24;120,-10,-7;125,-2,5;137,-10,-14;140,7,-3;150,-8,-11;157,-7,9;160,2,-16;167,-8,-2;179,-7,-2;188,4,-14;242,-7,-16;256,-9,-3
rua||jose das neves|paredao de minas|39280000|1,-1711250,-4543554;36,-107,-222;55,11,-28;74,-12,28;126,1,0;230,76,154;400,-38,-74;410,55,115
rua||jose dos anjos|jardim dos buritis|39280000|27,-1736811,-4496432;42,-3,3;51,4,19;52,0,-3;61,4,9;66,-9,4;80,2,5;81,6,-4;92,-4,19;102,-1,7;114,0,19;115,12,-1;133,5,20
rua||jose heleno andre|jardim dos buritis|39280000|25,-1737215,-4496577;28,-9,1;37,8,25;49,2,1;52,-5,-12;68,3,19;82,-1,12;96,1,8;104,1,12;107,8,6;113,1,7;114,-10,-5;119,11,13;132,-15,13;133,21,-9;150,-11,28;181,11,27;193,1,13;209,-2,12;216,-14,2
rua||jose jesus barroso|jardim dos buritis|39280000|17,-1736889,-4496536;18,4,33;20,-5,-20;40,2,18;69,11,31;90,-8,5;95,11,13;100,-12,3;109,9,14;110,-4,3;117,10,8;118,-11,-2;131,12,10;143,-2,13;163,-2,8;172,-8,39;175,13,-26;187,0,8;188,-14,15;207,18,6;208,-9,5;215,6,2;216,2,3
rua||jose pacheco|bandeirantes|39280000|8,-1736796,-4498617;11,-10,-31;14,24,21;21,-1,-15;31,6,-1;34,11,9;41,1,-10;118,59,-5;131,24,-16;142,7,20;143,-4,-23;151,8,1;163,10,-7;183,20,2;190,6,3;195,6,-5;205,12,-10;274,61,-2;286,10,6;300,16,-11;1523,-18,-6
rua||jose ribeiro leite|bandeirantes|39280000|34,-1736443,-4497478;38,3,-3;52,7,-7;55,15,-10;56,3,10;62,5,1;65,2,-11;68,10,5;84,14,-2;100,0,-2;112,15,2;122,6,-5;198,72,-23;222,15,-3;239,1,-7;251,19,-9;252,11,12;261,4,-9;262,1,3;272,17,-2;273,-10,-6;289,15,-4;299,8,2;301,12,-7;304,-11,10;321,21,-14
rua||jose rodrigues pereira|alto sao francisco|39280000|10,-1737476,-4497519;19,24,-10;31,0,-6;43,17,-1;55,25,-11;67,-6,3;79,8,-2;93,15,-4;120,31,4;125,-12,-11;138,28,4;139,-16,-14;147,20,1;148,2,6;161,3,-13;193,15,-11;204,37,21;207,-7,-19;219,9,2;220,1,5;299,74,-24;303,7,-4;312,-9,11;327,27,-10;328,-11,13;339,28,-18;340,-18,15;352,15,-4;359,18,-16;371,16,-6;376,-13,16;383,14,-15;388,-35,22;389,52,-28;419,24,-1;431,11,-4;436,-15,10;441,11,-14;466,99,-6;474,7,2;480,6,-10;515,-211,36;525,168,-28;541,9,-8;573,22,-2;581,15,-2;637,66,-11;649,-7,-3;663,21,-4;668,0,5;675,-2,-7;680,17,21;692,13,-10;701,-4,-17;702,6,12;727,-6,-10;740,47,-1;793,38,-23;808,12,2;809,9,-8;821,3,-3;822,-2,14;832,11,-6;844,21,-4;845,-10,-11;857,9,1;869,7,-3;880,20,7;881,-1,-9;892,7,4;893,14,-9
rua||jose salum becheleni|sao francisco|39280000|30,-1736306,-4496430;38,-5,-9;42,2,0;64,-7,-14;74,-3,-12;84,-1,-12;94,1,-5;108,9,-26;120,-19,-13;132,12,-11;142,-2,-11;158,-2,-15;168,7,-7
rua||jose salum becheleni|vila lucidia|39280000|115,-1736325,-4496518
rua||jose vicente|bandeirantes|39280000|1804,-1736304,-4497478;1823,-13,19;1831,-1,-15;1843,-3,-7;1857,-3,-10;1950,-2,-83;1970,1,-21;1971,-34,12;1982,19,-25;1983,7,68;1993,-23,-84;1995,18,63;2005,-16,-73;2065,-18,-67;2068,12,14;2075,-14,-21;2511,-81,-382;2819,-73,-328;2869,2,2;3015,-41,-153;3020,7,6;3025,-6,4;3030,7,-7;3035,-12,-10;3040,12,-11;3045,-15,-3;3050,11,-4;3051,-9,0;3060,-3,-11;3090,-12,-27;3121,0,-27;3133,-4,-10;3170,0,-32;3191,-15,-15
rua||jose vicente|centro|39280000|4,-1735868,-4495752;12,-13,-59;20,1,-6;30,-10,-17;37,-7,9;45,-5,-6;48,16,-7;58,-4,-13;59,-11,1;69,-4,-3;70,21,-6;78,-11,-11;150,-9,-60;155,-20,-15;158,17,7;168,-6,-13;169,-12,1;180,10,-14;185,-14,0;194,10,-4;195,-24,0;237,-10,-86;245,8,29;246,24,6;260,-15,-13;270,-5,-16;271,-5,13;281,-7,-11;286,5,-10;297,-5,-11;349,-13,-39;375,-7,-27;391,0,-8;397,-3,-14;400,8,1;405,-11,-14;412,3,-10;424,1,-4;427,-8,2;428,8,1;441,-17,-23;448,15,14;449,-18,-41;452,14,24;455,-7,-5;479,-5,-8;482,1,-19;490,3,-2;505,-11,16;506,13,-30;513,-9,24;516,8,-35;531,-11,43;534,-3,-58;535,6,50;543,1,7;550,-10,-73;553,11,72;556,-14,-81;560,0,-3;563,14,85;569,-7,-2;572,-9,-92;581,10,93;589,-13,-48;607,-11,-88;608,1,7;617,-4,-7;620,9,-3;625,-5,8;629,-11,-19;634,5,-9;635,0,6;641,-5,-4;646,7,-5;653,-8,-2;656,4,-9;659,-7,-1;669,-4,-15;670,7,2;678,-2,-11;679,-14,1;680,14,-12;683,-13,-1;691,1,3;693,-3,-10;706,2,-15;707,-7,8;717,4,-1
rua||jose vicente|sao francisco|39280000|733,-1736063,-4496484;748,13,1;753,-15,-16;756,12,9;760,8,-18;764,10,0;781,-37,-12;788,17,8;790,-3,-7;800,-4,-9;805,-12,-7;810,12,1;815,-15,-15;826,10,2;833,-12,-13;836,8,-1;841,-11,-1;848,11,-4;856,-5,-16;857,-3,9;867,-7,-8;868,7,-8;869,-10,8;878,8,-19;879,-7,8;890,2,-24;891,-7,14;903,-1,-11;904,8,-6;913,-9,-7;990,-10,-66;995,-12,-17;1000,11,4;1012,-3,-3;1013,-12,-7;1022,10,-11;1034,2,-10;1040,-9,-12;1041,-8,5;1056,13,-10;1057,-19,-7;1068,10,-3;1073,-14,-7;1085,-1,-15;1090,11,-2;1101,-18,-14;1104,10,-1;1125,-12,-26;1134,6,-2;1149,-11,-18;1157,-5,-3;1169,0,-16;1170,11,11;1183,-15,-17;1184,11,-3;1195,-16,-11;1196,4,-17;1205,-6,-1;1215,-3,-7;1234,3,-18;1235,-5,10;1245,-3,-10;1251,-3,-11;1260,12,-1;1270,-5,-9;1271,-9,2;1276,6,-10;1292,0,-22;1309,-20,-13;1322,12,-6;1335,-14,-9;1338,9,-6;1343,-13,-5;1348,11,-13;1353,-15,-11;1363,-4,-4;1374,18,17;1392,-8,-33;1395,-13,-16;1402,9,1;1416,-4,-12;1437,-17,-24;1507,-19,-60;1519,1,-9;1529,-3,-8;1534,6,-13;1539,-9,-2;1554,6,-8;1564,-3,-19;1571,-11,6;1581,-3,-18;1601,-6,-31;1640,-31,-108;1651,24,91;1665,-6,-24;1670,7,0;1675,-10,-9;1686,10,-5;1687,-12,-5;1695,-1,-10;1702,10,0;1710,-6,-4;1723,-9,-2;1733,-9,-28;1740,2,-7;1743,8,7;1753,-11,-16;1763,-3,-10;1779,-1,-9
rua||josias carneiro de abreu|centro|39280000|1,-1736028,-4495610;42,26,-2;52,18,1;57,-13,-4;60,17,4;63,3,-7;70,19,6;73,-15,-6;82,23,1;83,8,-1;93,19,-6;100,-23,10;106,3,13;116,18,-9;125,9,-10;137,17,-2;140,1,8;149,0,-5;152,5,4;157,10,-4;167,8,-1;170,2,12;176,1,-6;190,16,6;220,33,-3;221,1,-16;231,0,0;232,9,7;237,4,0;244,-1,4;251,14,-11;252,5,13;258,6,3;274,9,-4;283,-11,-20;285,21,12;286,36,4;296,-37,1;297,10,-8;300,-2,12;304,37,-5;310,-26,3;314,-2,-1;315,11,-1;320,1,8;324,7,-7;325,-1,-28;336,7,27;355,25,-22;379,5,11;385,10,7;407,11,-10;417,21,0;435,24,-2;447,-24,0;453,39,-17;469,22,-34
rua||josias carneiro de abreu|vila maria|39280000|531,-1735585,-4495684;603,332,-365;633,-211,374
rua||josino da costa alkimim|vale do sol|39280000|2,-1734577,-4496384;71,153,492;165,2,1;240,-131,-413;349,47,190;427,8,24;698,-7,-19;730,-1,-5
rua||joviano campos valadares|bandeirantes|39280000|27,-1736552,-4497687;40,8,13;110,54,-10;204,88,-30;276,71,-14;284,8,-2;292,8,-3;293,-11,-8;302,19,3;305,-14,-4;315,22,-5;354,9,10;362,13,-1;376,19,-15;431,69,-17;455,17,-6;486,7,23
rua||joviano campos valadares|paredao de minas|39280000|7,-1710788,-4543758;14,-135,81;35,5,2;85,130,-82
rua||justiniano pereira|bandeirantes|39280000|11,-1736495,-4497625;21,9,-1;30,4,4;41,21,-9;48,0,8;51,2,-12;61,8,4;71,18,-13;101,16,-2;204,105,-13;205,-4,-10;229,17,-6;241,-11,4;255,29,-8;260,-3,12;269,13,-12;275,7,-2;282,13,9;287,-7,-4;293,20,-11;294,-2,14;375,32,52
rua||justo alves dos santos|centro|39280000|21,-1735973,-4496396;30,6,11;37,-14,-23;40,12,6;50,-3,-9;55,-8,-3;62,7,-7;65,-11,-6;76,-5,-9;77,5,7;84,3,-22;94,-3,0
rua||justo alves dos santos|sao francisco|39280000|150,-1735999,-4496507;160,-4,-19;167,-2,3;168,2,-3;180,0,-6;183,-1,6;188,-1,-12;197,-2,2;203,-6,-14;206,7,-2;216,-6,-16;219,-1,7;229,-5,-14;230,7,1;243,-15,-19;246,10,10;255,-10,-10;260,5,-2;265,-7,-11;272,5,-2;282,-2,-9;283,-5,-6;293,-1,-3;300,4,-4;307,-10,-9;310,9,6;314,-6,-21;316,-4,-7;391,-18,-49;394,4,-6;405,-6,-5;406,6,-5;416,-6,-18;417,-5,5;425,0,-8;426,7,-4;437,-14,-10;438,8,-3;452,-6,-29;455,0,29;458,0,-23;459,-4,3;464,4,-6;465,-10,3;523,-10,-63;528,10,-4;547,-22,-5;548,13,-1;557,-19,-12;558,12,-4;571,-9,-22;591,-5,-8;596,5,-9;598,5,-2;601,-11,-5;615,3,-6;616,-3,-3;626,1,-9;627,-10,-1;642,5,-15;643,-8,-3;662,5,-1;712,-13,-58;724,-5,-14;745,-2,-3;754,-5,-19;757,-8,-4;761,6,7;768,-3,-23;769,-2,3;784,0,-12;803,-8,-16;817,2,-12;831,-9,-15
rua||juvenal joaquim da silva|jardim dos buritis|39280000|11,-1736889,-4496405;26,-17,-13;37,-12,11;47,-352,-191;48,354,183;49,-8,9;55,-354,-174;56,353,161;61,-21,6;65,-327,-151;68,331,142;73,-10,4;82,-5,-7;85,-7,9;89,-307,-130;94,306,119;97,-8,7;107,-291,-93;109,294,93;121,-26,-2;131,-6,0;132,2,-9;137,-11,3;142,3,-5;171,-184,-20;189,135,22;190,-8,-9;205,-3,7;222,-17,-13;223,10,10;233,-9,1;234,-12,-19;245,-6,14;246,-1,-14;253,-2,11;260,-12,-13;265,3,12;276,-12,-12;279,-4,13;287,-8,-8;291,-7,3;296,-1,-10;308,-7,-4;317,-8,5;318,0,-6;330,-16,-4;344,-8,-5;413,-60,2
rua||j|santo expedito|39280000|10,-1737427,-4497182;14,-11,-13;15,-2,-7;18,4,-9;19,-8,0;22,8,-5;23,-9,-5;26,-1,-6;27,3,-6;30,0,5;31,-5,-16;34,8,-6;35,-9,1;38,1,-9;39,2,-3;44,4,-15;45,-11,3;48,3,-7;54,2,-8;55,-3,5;60,0,-5;61,-2,-12;64,6,-8;65,-8,-3;70,9,-13;73,-7,3;76,16,-19;77,-13,8;81,4,-8;85,4,1
rua||k|santo expedito|39280000|4,-1737376,-4497187;5,-11,-2;8,5,-20;11,-8,5;13,0,-9;14,41,33;18,-37,-55;19,-8,7;25,-3,-9;26,4,4;29,-1,-18;30,1,1;33,-5,-8;34,9,-3;37,-11,-5;41,4,-13;45,-1,-13;49,-6,-8
rua||lorival batista dos santos|alto sao francisco|39280000|15,-1737178,-4497531;17,-1,0;23,0,1;35,26,-2;45,8,-3;57,8,-2;72,-1,7;83,18,-18;84,-8,16;95,31,-16;107,10,-7;110,-21,27;119,38,-28;154,2,5;207,55,-31;208,18,35;220,9,-13;223,1,-15;228,13,12;233,-4,-24;235,-2,10;236,12,2;253,18,-14;271,20,0;295,21,-4;296,7,6;311,14,-14;316,-7,7;328,16,-1;335,3,-10;340,11,13;345,-8,-14;353,27,1;357,-15,-22;359,13,0;364,6,24;376,12,-5;379,-3,-5;389,10,-5;395,-97,26;472,164,-35;473,-1,-5;484,13,5;496,13,-3;497,-6,-12;509,12,0;520,8,8;523,3,-10;532,16,7;535,-11,-5;547,12,-15;619,72,-9;620,-8,7;631,22,-4
rua||macaubas|sao francisco|39280000|25,-1736406,-4496854;28,2,11;42,11,-6;54,6,-7;78,15,-14;90,12,-11;102,8,-6;114,7,-4
rua||machado de assis|vila maria|39280000|33,-1735124,-4496151;38,-47,-68;40,3,11;50,-2,-19;60,0,1;67,-1,4;78,0,-15;79,-9,1;90,44,-20;94,-5,0;97,-49,2;100,12,2;111,-14,-12;118,51,-52;130,-45,29;191,-18,-45;201,-5,-7;211,-6,-7;227,7,-8;232,0,-29;233,-9,7;245,-7,-11;256,10,-1;266,-2,-14;267,-6,10;275,-4,-16;307,-4,-24;320,5,-15;321,-5,-3;330,0,-11;331,-6,11;342,8,-22;343,-6,2;344,6,37;360,-2,-48;370,-4,-18;371,-8,14;383,-2,-17;395,-5,-12;397,3,-3;402,3,-2;412,1,-14;462,-18,-27;474,6,-18;485,-14,-18;486,7,8;516,-6,-41;526,6,-52;602,-35,-39;621,-8,-9;635,-2,-17;662,5,-18;670,0,-9;673,-12,-4;727,-11,-40;750,9,-16;759,-29,-16;760,26,4;779,-15,-23;795,-2,-7
rua||manoel conceicao de melo|centro|39280000|1,-1735231,-4495676;48,69,-10;82,29,-23;577,441,-109;591,25,5;629,10,3;641,18,11;669,0,1;681,31,6;683,6,5;721,5,-5
rua||manoel conceicao de melo|vila maria|39280000|17,-1735199,-4495692;75,56,-21;121,25,-18;147,-15,19;181,77,-34;477,268,-70;489,24,-6
rua||maranhao|cachoeira do manteiga|39288000|13,-1666229,-4508579;39,48,477;40,385,-521;52,-380,487;62,-2,-16;88,0,-24;144,-4,-44;154,-5,-25;168,-1,3;180,1,-13;208,-3,-31;268,-8,-45;278,0,-14;290,-3,-12;298,-8,-72;302,7,60;305,406,-247;314,-408,235;347,-16,-24;355,2,-16;356,10,2;367,-15,-2;372,16,-22;373,-14,-1;390,27,-15;415,-35,-17;416,11,9;428,-1,-12;438,-3,-8;439,-7,-8;450,7,-7;453,-9,-5;462,10,-3;463,2,-4;472,-3,-22;491,40,382;496,-51,-405;498,54,376;508,-51,-378;550,11,-34;551,227,207;560,-245,-236;582,2,-10;603,442,17;626,-431,-53;638,5,15;648,-22,-9;674,-4,-48
rua||maria benedita dos santos|vila maria|39280000|22,-1735380,-4495965;32,-9,-4;39,-2,4;40,6,-15;44,-1,-2;51,-14,0;54,14,-11;61,-8,8;74,5,-26;75,-17,13;85,6,-9;86,4,-32;95,-5,18;98,7,-20;130,-9,-21;131,-1,-6;150,9,-2;160,-5,-21;171,-12,17;222,-7,-63;234,0,-15;239,0,8;248,1,-22;251,-9,-1;258,4,-10;261,-6,5;270,1,-18;271,-1,-1;282,0,-11;283,-6,7;293,-8,-9;294,11,-7;305,-13,-13;312,14,-11;315,-16,7;361,-6,-34;381,-4,-18;391,-5,-19;405,-2,-7;411,-6,-13;423,3,-4;474,-8,-56;478,-1,-10;488,-3,-11;493,-3,3;498,1,-12;501,-9,0;508,4,-13;515,-6,3;518,6,-5;525,-6,1;530,3,-11;541,-5,1;542,-1,-13;553,-5,0;554,5,-9;566,-1,-5;578,-2,-9;607,-11,-24;618,-5,-17;619,2,7;630,2,-13;631,-6,-2;634,5,-12;643,-2,17;644,3,-23;653,-8,11;654,3,-19;681,-10,-12;690,4,-11;691,-8,-6;702,7,-11;703,-11,-3;714,9,-18;715,-13,7;754,2,-31;761,-7,4;764,4,-15;774,-5,-12;784,-1,-5;794,-1,-8;812,-4,-19
rua||maria esparra|alto sao francisco|39280000|10,-1736638,-4497942;22,5,-2;44,23,-6;56,8,1
rua||maria esparra|bandeirantes|39280000|21,-1736635,-4497953;33,8,-2;45,13,0;57,9,-7;167,79,-17;2423,67,-16
rua||maria joana rodrigues da silva|jardim dos buritis|39280000|159,-1737476,-4496262;225,-98,-27;295,-63,-4;305,-7,1;335,-16,-20;360,91,18;465,26,7
rua||marta goncalves pereira|vila maria|39280000|5,-1735137,-4496161;11,47,-27;17,-47,27;26,29,-7;53,10,-21;62,-25,18;63,18,-13;64,55,-24;77,-87,47;108,98,-53;117,-37,16;130,51,-18;152,127,-74;173,-106,48;197,13,-11;209,-111,71;230,142,-76;235,0,-16;329,85,-26;332,3,10;339,6,-7;443,89,-65;481,-1,-31
rua||mato grosso|sao francisco|39280000|32,-1736334,-4496482;40,-18,-20;114,-18,-32;120,-250,-315;135,223,307;151,-4,-5;160,2,-23;161,-12,10;206,-11,-33;218,-11,-8;219,-5,-6;230,-6,-3;235,-2,3;242,1,-11;252,86,96;254,-96,-104;255,-5,-1;265,-5,-3;270,13,-10;277,-18,1;285,-12,-21;286,18,15;290,-6,-8;300,-2,-13;303,-25,-8;349,-12,-22;364,-7,-20;365,-15,2;376,14,-7;385,-17,0;395,-7,-12;400,16,-3;411,-20,-5;412,4,-7;426,-4,-9;427,-12,-2;440,6,-6;441,-4,9;452,-7,-20;459,-2,-1;460,-1,-7;470,-2,-8;471,-13,-1;480,-1,-13;487,-3,9;497,-12,-16;504,4,-8;509,-8,1;526,-8,-28;533,-1,15
rua||mato grosso|vila lucidia|39280000|3,-1736312,-4496436;11,-8,-13;15,-4,1;21,-3,-11;31,-10,-11;41,-8,-11;55,-3,0;61,-2,-4;65,-7,-5;85,-5,-13;203,54,77
rua||maua|vila maria|39280000|36,-1734769,-4496264;64,15,-2;521,-14,-150
rua||melchior roquete|centro|39280000|22,-1736049,-4495982;33,-16,-9;38,11,-4;45,-12,-4;46,7,-10;58,0,-3;69,-12,-14;70,8,4;77,-10,-12;88,4,-8;151,-23,-56;158,15,-12;159,-11,-12;174,3,4;181,-7,-4;182,7,-1;192,-2,-4;195,-24,-27;205,0,-1;206,11,1;215,-8,-2;218,7,-7;223,-5,-4;272,0,-33;276,608,298;282,-614,-310;294,153,69;295,-167,-97;305,-1,-3;306,5,1;316,1,-6;330,-2,-11;342,-1,-8;350,-8,-27;415,-18,-45;431,-3,-16;440,11,13;452,-8,-35;462,1,-11;463,-14,9;476,6,-21;479,-9,8;482,7,-10;497,-11,-11;499,-5,-14;504,15,6;516,0,-2
rua||melchior roquete|sao francisco|39280000|547,-1736182,-4496448;555,1,-10;558,5,-11;561,-17,-7;585,-1,-16;591,-3,-14;592,13,8;594,-4,-8;615,-9,-9;620,2,-6;623,-13,1;629,10,-9;636,2,-4;642,-1,-8;643,-7,0;651,-3,-7;652,5,-3;661,-6,-1;666,-1,-8;669,-6,-1;676,3,-11;679,-13,8;686,9,-16;693,-5,5;698,3,-14;712,-5,-17;719,5,17
rua||minas gerais|cachoeira do manteiga|39288000|30,-1665829,-4508526;31,-5,25;40,-7,-8;41,-3,9;50,-6,-11;51,-5,13;60,-9,-35;61,2,36;70,-12,-7;71,5,12;93,-41,4;105,-209,17;148,179,-25;158,-3,-1;169,-347,43;170,330,-38;180,-11,1;181,10,5;268,-82,3;271,-3,5;276,-10,-6;281,-4,-1;305,-16,13;377,21,-10;391,-98,16;392,6,-7;404,-9,1;415,-2,9;427,-16,-3;428,-3,-4;496,-80,7;499,-3,13;523,-21,-4;524,-34,1;536,33,-3;552,-104,13;655,-2,5
rua||montes claros|centro|39280000|2,-1736592,-4496334;4,9,-2;6,7,-7
rua||montes claros|jardim dos buritis|39280000|1,-1736601,-4496339;3,4,-1;7,21,-16;20,-100,56;42,-28,-5;84,-68,-13;102,26,-1;124,-31,6;202,-67,-19;270,-65,-7;292,-11,-7;300,-9,-3;316,-4,-1;328,-17,-3;336,-8,-3;352,-10,-2;366,-14,-2;376,-7,-2;388,-11,-2;452,-58,-7;466,-10,-1;502,-42,-13;514,-4,1;528,-16,-2;540,-12,-3;550,-1,1;562,-13,-5;578,-12,1;590,-18,-6
rua||montes claros|sao francisco|39280000|19,-1736546,-4496403;23,22,0;27,16,-7;32,1,7;45,-3,-9;48,5,10;55,5,-19;65,3,-1;73,6,-4;261,133,-104;283,20,-15
rua||montes claros|vila lucidia|39280000|105,-1736466,-4496450;115,10,-6;120,9,9;121,2,-10;131,105,-80;139,-95,67;140,0,12;148,4,-2;180,26,-20;185,7,-19;199,5,-5;200,-3,14;205,7,-21;210,4,10;213,8,-13
rua||navegadores|sao francisco|39280000|31,-1737090,-4497109;40,5,2;47,5,-8;59,15,-8;70,12,-4;73,-6,1;81,7,-14;88,-1,13;95,7,-14;100,4,7;101,5,-15;104,6,4;108,0,2;109,0,-10;114,5,3;120,5,-3;121,-3,-4;131,14,-11
rua||oito|novo buritizeiro|39280000|11,-1737617,-4497456;18,11,-6;19,-30,2;28,20,-12;29,-12,-4;37,-8,-10;38,13,3;45,-16,-5;49,-7,-7;50,18,6;61,-22,-18;64,40,56;70,-20,-45;73,-24,-7;76,17,2;82,-2,-15;87,-22,1;102,7,-13;104,-8,-8;153,-33,-33;154,9,3;165,-16,-15;166,7,-2;176,-10,-8;190,-5,-10;201,-12,-6;206,9,-2;208,-10,-13;213,-8,4;218,-8,-6;225,3,4;228,3,-10;237,-11,-3;240,3,-10;252,-15,-21;261,-1,18;276,-6,-22;350,-44,-62;355,0,7;377,-16,-17;378,9,-3;390,-6,-18;395,-5,22;400,-7,-27;407,-6,6;412,3,-2;424,-12,-24;427,-4,10;431,-6,-8;436,0,-7;443,-5,9;446,2,-10;452,-17,-16;455,7,8;467,-3,-4;479,-5,-4;488,-4,-26;491,9,26;500,-6,-25;503,-10,7;581,-54,-71;593,-10,-4;617,-11,-16;629,-10,-12;823,-110,-153;847,-11,-18;859,0,0;871,-24,-10;878,-14,-53;895,1,15;919,-2,-3
rua||olavo braga|alto sao francisco|39280000|2,-1737415,-4497354;16,13,-1;30,16,-3;44,8,-5;53,11,-14;67,0,-2;72,18,9;83,-4,-13;86,18,7;99,-13,-9;102,28,7;116,6,-2;123,-1,-6;137,15,-13;149,8,-6;165,16,-9;193,19,-2;213,10,-1;227,11,-1;243,24,-10;283,32,-10;295,17,2;309,7,-11;317,82,-23;327,-64,22;353,20,-5;365,7,-7;378,12,4;379,9,-6;391,0,-13;408,19,17;422,28,7;431,-1,-27;434,-7,14;512,64,-13;515,7,-22;523,9,-2;530,16,11;532,13,-17;533,-23,3;538,38,15;543,-14,-15;557,2,-13;634,69,-1;643,-2,-18;646,11,14;655,3,-14;658,10,5;667,-7,-4;679,14,-2;703,25,-11;708,14,4;715,-12,1;716,22,0;724,12,2;787,42,-30;788,5,19;800,5,-4;823,26,-17;824,2,9;835,4,-13;836,4,12;847,8,-22;848,3,22;859,4,-16;860,8,10;875,15,-15;889,5,2
rua||olerinda maria de oliveira|alto sao francisco|39280000|29,-1737336,-4497424;30,6,8;45,-16,-20;48,8,-6;57,-6,-2;58,-2,-1;69,-5,-18;72,13,3;82,-8,-12;93,-12,-7;94,11,1;106,-8,-18;107,-9,2;118,4,-7;134,-3,-13;210,-28,-71;218,-5,-12;223,-1,8;230,1,-32;231,-1,18;242,-2,-13;243,0,13;254,-1,-28;255,-5,2;266,12,-7;267,-14,5;279,-2,-14;290,-3,-20;291,0,7;302,3,-10;314,-10,-20;326,9,-6;329,-6,12;338,-6,-31;352,3,-3;359,-8,-12;365,-7,-13;377,0,-9;389,-4,-10;399,-3,-9;415,-2,-10;425,-7,-15;435,-5,-13;436,17,21;444,-10,-5;445,-7,-23
rua||onze|quintas do agreste|39280000|2016,-1740531,-4497311
rua||oscar alves ramos|jardim dos buritis|39280000|31,-1737344,-4496594;38,-9,3;50,1,9;53,9,-6;65,2,25;66,-11,-9;87,14,26;89,-4,1;125,4,34;197,5,53;198,-12,11;202,5,12;213,5,-7;216,-15,25;225,16,-9;235,1,10;240,-12,16;245,16,-6;261,4,92
rua||osvaldo machado|alto sao francisco|39280000|535,-1736535,-4497420;551,-5,-5;561,4,-15;597,-15,-37;613,0,-4;625,-6,-14;641,-3,-23;709,-11,-61;745,-7,-37;769,-12,-30;785,5,-4;859,-17,-68;869,-4,-9;881,-2,-14;883,9,47;887,-12,-52;893,-6,-6;905,4,-11;1002,-15,-91;1012,5,-7;1181,-49,-163;1191,-4,-20;1201,-4,-3;1221,15,46;1341,-27,-117;1361,-6,-17;1377,-5,-7;1387,0,-7;1435,-3,-35;1487,-22,-80;1497,-1,1;1541,-8,-41;1589,-4,-19
rua||osvaldo machado|bandeirantes|39280000|674,-1736550,-4497538;700,-8,-31;712,0,-6;720,-9,-12;730,-3,-7;752,17,-32;762,-16,-2;788,-1,-17;983,-58,-190;1140,-27,-145;1150,-6,-18;1160,0,-12;1170,0,0;1180,-4,-15;1190,-4,-22;1200,0,0;1210,-6,-2;1220,0,-14;1366,-26,-101;1456,-23,-121;1620,-16,-96;1700,-8,-69;1800,-19,-86;1810,-15,-5;1980,-31,-125;1990,-1,-18;2000,3,-10;2010,-6,-6;2020,-4,-6;2030,2,-14;2040,-6,-14;2076,-25,-97;2086,-4,-15;2096,3,-8;2114,-6,-12;2128,-2,-21
rua||osvaldo machado|sao francisco|39280000|32,-1736407,-4496953;33,-11,4;42,14,-15;45,-15,4;54,5,-16;59,-10,2;66,11,-11;69,-9,2;77,-1,-5;78,7,-6;88,-6,-13;89,-4,5;101,-6,-11;102,8,1;115,-9,-18;126,2,-7;127,-6,7;133,0,-6;177,-19,-59;189,11,31;194,3,-34;205,0,-9;206,-3,1;216,1,-20;229,-18,-6;230,15,2;240,-5,-26;241,-8,17;251,-9,-15;252,12,-2;264,1,-2;265,-5,4;275,-16,-24;276,14,2;289,-15,-8;290,13,3;300,-2,-23;350,-18,-46;366,-3,-10;371,-6,3;376,4,-14;377,0,-6;399,-14,-8;400,9,2;407,-7,-6;412,7,-6;421,-14,-9;422,8,-11;431,-12,-3;442,10,-13;443,-14,4;453,3,-11;456,7,-6;465,-10,-7;470,10,10
rua||otavio de oliveira rosa|centro|39280000|4,-1736457,-4496204;19,74,-49;23,59,-4;25,-41,11;35,11,-6;44,25,-8;45,-19,0;50,14,9;59,-1,-11;60,22,10;72,12,-9;82,20,1;92,5,-11;103,5,-7;130,28,2;141,6,-11;151,9,-5;161,10,-4;164,-4,10;175,19,-13;176,-7,13;194,-11,121;195,16,-134;203,13,-5;204,-31,134;213,45,-136;216,-43,141;228,-1,1;233,61,-144;245,4,-4;278,32,6;291,17,-18;292,-7,16;308,11,-3;318,6,-8;335,3,-8;338,13,9;347,8,-10;361,8,-7;374,-11,12;384,8,0;394,6,-2;397,5,-15;399,10,2;400,7,-10;420,22,9;440,19,-5;441,-2,-11;445,14,-2;448,1,11;457,5,-12;458,11,6;467,4,-2;468,3,3;478,9,-3;481,1,-10;491,4,2;494,2,8;507,14,-14;508,-6,9;522,19,-4;525,-3,-14;535,8,1;545,-565,174;556,706,64;575,-115,-245;582,8,6;585,8,-11;586,9,10;591,2,-17;596,5,17;602,-18,-9;605,27,-7;638,25,4;653,9,9;665,9,-29;681,12,5;880,-604,158
rua||otavio de oliveira rosa|dom bosco|39280000|1344,-1735213,-4496564;1354,4,4;1362,6,3;1376,16,-10
rua||otavio de oliveira rosa|vila maria|39280000|15,-1735038,-4496610;754,-688,194;766,9,-5;767,3,-10;788,19,3;791,-6,-4;820,30,4;828,7,-8;840,22,-5;901,52,-25;906,-3,11;911,12,-14;916,-5,11;920,5,-1;923,5,-12;924,-8,12;926,7,-3;930,7,-2;936,1,1;942,5,-1;948,11,1;949,-3,-10;954,3,9;958,-40,9;961,43,-19;968,12,3;969,0,-7;974,2,5;990,19,-5;1045,49,-21;1060,20,4;1069,4,-10;1070,1,10;1082,12,-4;1083,-6,-7;1094,12,7;1095,4,-13;1106,14,7;1114,5,-1;1115,8,-11;1126,0,7;1138,12,-3;1165,0,-35;1202,39,27;1225,29,-22;1228,-4,14;1236,4,-1;1237,16,-17;1248,4,14;1251,3,-15;1272,4,3;1323,57,-18;1345,14,-5;1355,5,-5;1365,14,0;1373,1,-1;1394,20,7;1397,2,-15;1410,9,10;1421,16,-10;1431,10,-7;1442,-4,19;1445,17,-11;1450,-17,6;1455,16,-11;1458,-7,13;1464,18,-5;1479,15,-12;1480,-2,11;1499,13,-13;1517,12,-8;1547,22,-3;1552,28,5;1558,7,-2;1563,-20,-11
rua||otavio pereira salgado|alto sao francisco|39280000|50,-1737270,-4497874;66,12,6;77,-4,1;98,26,-12;104,11,-1;115,17,0;119,11,-3;142,31,-22;150,11,0;153,-20,17;179,8,-1;260,93,-34;306,54,-15;325,-4,9;429,67,-30;514,-339,107
rua||ouro preto|sao francisco|39280000|141,-1738005,-4497129;182,-11,-6;194,51,4
rua||paraiba|sao francisco|39280000|5,-1736672,-4496880;25,-7,-7;28,2,-1;39,-9,-4;54,12,-18;55,-17,11;68,12,-24;69,-7,10;78,3,-15;79,-11,3;92,12,-17;95,-15,-2;99,2,-7;102,8,0;103,-6,6;110,4,-28;116,1,1;125,-13,5;128,8,-7;188,-9,-62;200,-4,-6;207,-15,-4;216,8,-13;219,-6,21;224,6,-32;236,-4,-10;237,-19,-1;250,17,-5;251,-10,2;255,-6,-5;259,-4,-9;274,9,-9;275,-9,-9;286,8,-8;297,-14,-5;300,11,-5;329,-13,-10;372,3,-51;373,-19,-21;385,1,11;396,6,-16;397,-8,-2;405,-4,-7;406,8,-3;416,-4,-10;417,-8,0;427,-3,-5;430,7,-24;445,-9,14;451,-1,-14;461,-16,-16
rua||parana|belo horizonte|39280000|121,-1737972,-4496884
rua||parana|cachoeira do manteiga|39288000|21,-1665974,-4508658;31,-2,-26;41,16,-6;42,24,-4;54,-33,9;78,-11,-3;163,-100,17;174,-5,-4;175,-7,5;187,-5,6;259,-86,-3;272,4,4;275,29,-1;283,-32,7;295,-11,0;603,140,-18;635,258,52
rua||para|cachoeira do manteiga|39288000|3,-1666071,-4508112;15,-12,-11;28,12,-16;40,0,-15;41,-11,-6;50,6,6;55,-6,-12;64,13,-5;73,-12,-7;74,10,5;81,-16,-16;82,8,0;83,-12,-35;85,4,-253;91,-6,284;92,18,-9;114,-4,-27;130,-1,-9;139,-18,-11;151,2,2;154,12,-10;164,0,-18;175,-17,-3;177,-27,-262;180,43,250;185,-11,-7;186,-10,-161;190,20,157;201,-14,-3;206,9,-10;228,-2,-17;240,0,-16;250,-1,-10;253,-11,10;261,7,-7;268,2,-15;286,0,-9;298,-2,-11;327,1,21;328,4,14;329,0,-14;341,13,-92;353,-30,31;356,9,1;366,-4,-17;378,-2,-5;390,2,-11;394,-6,1;407,97,-184;408,-96,151;417,-8,-14;418,8,-16;427,-13,2;428,13,-2;435,312,-104;451,-330,91;502,14,-32;503,-12,1;513,-3,-1;522,338,-52;523,-336,22;545,5,-10;546,3,7;557,-15,-13;558,15,-7;570,321,4;580,2,-2;581,0,-4;585,-342,-6;591,1,-32;592,213,257;613,-226,-275;614,20,-1;625,-7,-2;626,8,2;637,333,66;638,-335,-80;650,12,-21;661,324,95;662,-333,-96
rua||para|sao francisco|39280000|1,-1736208,-4495971;219,-197,-616;242,-4,-10;249,20,3;255,11,2;258,3,11;263,2,-13;268,9,10;290,23,-5;293,7,-22;303,8,-2;315,16,-6;326,5,16;327,-7,-8;334,6,13;344,7,-7;356,16,0;368,10,-7;369,7,-9;467,331,-78;511,-213,48;519,10,-4;535,10,0;541,17,-5;549,17,-5;559,12,-4;597,33,-9;615,7,-12;628,18,12;629,0,-11;638,8,8;639,0,-7;649,17,-5;650,-8,10;661,12,-13;698,34,2;703,4,-13;713,10,1;714,1,11;720,2,-1;723,8,-17;735,12,-1;765,17,-5;772,12,5;775,-1,-9;785,8,-2;790,19,6;794,0,1;795,-1,-9;807,4,-4;808,9,10
rua||para|vila lucidia|39280000|66,-1736535,-4496538;78,9,-3;161,65,-27;170,-19,16;173,31,-16;179,15,0;180,-17,9;181,21,-13;192,-6,12;202,6,-5;210,8,-5;421,195,-62;431,14,-4;440,5,14;442,4,-4;453,-3,-10;463,19,-4;476,1,9;477,11,-13;487,11,0;498,14,4;514,10,-5;520,9,-1;530,7,-2;540,21,-13;550,15,-4;562,5,3;572,9,1;584,10,-5;594,9,-1
rua||para|vila maria|39280000|1136,-1735481,-4496753;1295,47,-34;1305,16,5;1315,8,0;1316,-88,30;1320,86,-28;1325,7,-7;1330,6,3;1346,-71,25;1353,97,-41;1365,10,-1
rua||patos de minas|novo buritis|39280000|2636,-1738166,-4498380;2670,-31,-63
rua||patos de minas|novo buritizeiro|39280000|2663,-1738204,-4498398
rua||pedro gomes|bandeirantes|39280000|10,-1736833,-4498765;11,12,-8;20,-1,9;30,22,-5;31,-1,-10;40,7,7;41,-3,-5;50,15,15;102,48,-28;120,25,-3;126,0,0
rua||pedro r santana|alto sao francisco|39280000|77,-1737550,-4497594;91,-14,-17;115,-24,-60;159,8,20;160,12,-7;169,-24,-7;174,16,2;204,-19,-37;219,-14,-10;236,2,-17
rua||pernambuco|alto sao francisco|39280000|289,-1736911,-4498184;564,184,796;620,-12,-60;621,-17,1;635,3,6;651,-2,-27;655,-3,-3;684,18,-23;687,-24,-1;700,7,-11;701,-16,-1;713,-1,-12;714,13,-7;717,-99,-226;723,86,223;730,10,-8;759,-13,-19;760,7,-4;773,-7,-10;774,6,-10;787,-19,-11;788,19,-1;802,-6,-22;803,-5,11;851,-25,-44;864,21,-17;865,-18,14;904,5,-55;905,-18,13;919,-2,-25;920,13,2;931,-25,-11;941,12,-1;965,-8,-50;971,-4,7;1009,-6,-22;1086,24,16;1094,-5,-3;1108,-7,-19;1121,-10,-8;1154,1,-56;1164,-5,-1;1184,-5,-25;1238,-10,-23;1288,-26,-143;1298,0,0;1303,-9,15;1314,1,-38;1323,-11,1;1330,27,-25;1333,-28,24;1343,3,0;1346,25,-19;1352,-21,-22;1362,-9,-28;1375,-3,37;1383,10,-19;1392,-3,-17;1402,-1,4;1404,1,2;1458,-2,-53;1461,-33,2;1462,21,-4;1479,-14,-27;1486,6,-6;1514,10,-22;1523,-30,-26;1531,2,12;1534,16,-4;1544,-7,-11;1564,6,-22;1567,-21,11
rua||pernambuco|cachoeira do manteiga|39288000|5,-1665763,-4508215;35,-41,-282;46,8,-123;47,-4,127;55,29,211;67,-43,-232;79,47,218;80,-23,-242;91,18,230;107,0,-14;115,0,-9;127,1,-15;169,-15,-58;193,-148,41;227,141,-89;251,-5,-37;275,1,-8;307,-7,-30;319,9,-15;333,-10,-11;343,-1,-10;363,-6,-14;373,2,-19;385,1,-15;397,-1,-3;409,0,-17
rua||pernambuco|sao francisco|39280000|28,-1736601,-4496919;33,-16,15;44,23,-13;45,-21,5;55,0,-14;56,9,3;69,-14,-11;70,7,-1;80,-4,-10;83,-6,-2;90,6,-8;104,-4,-15;105,-7,4;116,8,-7;117,-15,-9;121,7,6;126,5,-6;127,-13,-7;139,2,1;205,-20,-69;206,10,1;217,-8,-8;222,6,-7;232,-2,-6;244,-2,-19;254,-4,-3;257,-9,-8;276,4,-22;278,-4,-1;281,-4,5;288,4,-14;291,-5,4;299,-8,-11;300,14,5;362,-13,-48;377,-18,-34;378,11,9;382,-3,-8;388,1,-7;389,-15,1;395,15,29;397,-2,-25;398,-5,-15;407,-20,-14;421,-1,-7;422,7,-35;437,-3,31;438,7,-13;448,-5,-4;457,-1,-13;458,4,8;468,-7,-23;469,-5,7;684,41,139
rua||piaui|vila maria|39280000|38,-1735171,-4495863;42,-14,-3;52,3,-4;53,-6,0;59,-7,-8;64,0,-12;71,0,0;81,-5,-11;93,3,-7;96,-6,-2;99,-4,-11;103,-7,-6;114,9,1;133,-13,-11;140,7,-3;150,-8,-9;162,-2,-17;163,-3,7;172,-3,-14
rua||piracanjuba|sao francisco|39280000|25,-1736814,-4496754;29,-9,-12;32,-310,-430;41,298,424;91,-28,-27;105,-6,-5;115,-7,-15;129,-7,-2;141,-10,-13;152,-4,-7;153,-11,-2;166,20,-6;182,-14,-7;194,-8,-10;195,-19,-8;210,15,0;260,-37,-33;263,-18,-9;270,15,-8;280,-9,-6;292,-15,-4;293,-10,-3;297,-6,-10;298,22,14;313,-30,-18;325,-2,-9;335,-14,-10;352,12,-10;365,-12,0;366,-8,-11;384,-17,-20;393,-5,10;396,5,-14;403,-12,3;404,4,-12;452,-21,-26;457,-18,-1;471,-6,-5;481,-9,-11;490,1,-12;521,-23,-15;522,23,-4;533,-33,-4;543,-6,-5;552,8,-5;575,-17,-5;605,-32,-34;623,-5,-5;633,-8,-12;647,-7,-9;659,-7,-6;663,68,23
rua||projetada|centro|39280000|30,-1736039,-4495769;38,-38,-14;73,23,-11;78,3,-1;88,10,3
rua||projetada|vila maria|39280000|29,-1735269,-4496751;36,13,15;39,-8,-10;60,4,3;68,24,-8;95,21,-13;96,5,5;104,9,1;105,-6,-10;117,8,-2;123,15,-3;146,12,2;153,10,-4
rua||quatorze|jardim dos buritis|39280000|72,-1737674,-4496592;85,7,30;123,3,45;214,0,101;215,22,-8;226,-24,12;234,-12,14;246,1,3;253,20,7;301,6,52;365,-7,-44
rua||quatro|alto sao francisco|39280000|30,-1737142,-4498246;42,4,-1;54,15,-5;68,12,-7;80,-1,4;100,22,-9;154,56,-10;178,3,-2;186,21,-6;196,-24,3;206,-2,6;218,50,-15;226,6,1
rua||quatro|novo buritizeiro|39280000|20,-1737900,-4497384;36,2,-18;60,-20,-14;72,-10,-16;120,-25,-33;152,0,0;156,-14,-30;168,-11,1;220,-12,-26;228,-32,-37;237,-18,-16;246,6,-1;256,-2,-4;261,-12,-10;268,1,-4;273,-1,6;278,-6,-16;285,-6,3;290,-3,-3;312,-13,-10;313,8,5;314,-7,-8;326,-9,-20;329,8,19;338,-14,-29;339,3,11;350,-14,-13;356,-3,-11
rua||quinze|jardim dos buritis|39280000|55,-1737602,-4496595;70,-4,25;73,3,-5;85,1,21;100,-10,17;107,14,0;120,-32,7;131,30,18;195,0,72;214,7,5;226,-4,18;252,-3,28;253,8,-12;264,-8,24;288,4,17;289,4,0;298,-3,11;315,7,21;333,0,-8
rua||raul jose batista|paredao de minas|39280000|48,-1711162,-4543978
rua||retangulo|sao francisco|39280000|21,-1737412,-4496995;38,15,-3;41,-3,-10;48,13,2;51,-6,-8;52,10,2;61,-5,-4;62,15,-2;71,-7,-10;81,9,3;91,6,-19;96,0,17;103,11,-29;104,2,9;116,11,-9;121,-2,-16;126,5,13;130,9,-11;136,3,-1;140,7,-7;220,-41,45
rua||rio de janeiro|belo horizonte|39280000|6,-1737434,-4496932;13,-62,5;30,39,-13;81,-64,0;89,-3,-1;94,7,-3;107,-23,-1;154,-25,-9;164,-12,-4;184,-8,0;187,-12,3;205,-1,-3;214,-25,-17;219,-6,10;230,-12,-8;239,-3,-19;258,-21,12;289,-25,6;305,-12,-4;320,-11,-13;321,-3,10;322,1,-9
rua||rio de janeiro|cachoeira do manteiga|39288000|31,-1665825,-4508571;32,-15,-20;41,16,9;42,-20,5;51,-14,9;52,3,-7;61,-14,11;71,-10,6;72,6,-14;77,-273,37;144,202,-23;151,-10,8;156,3,-7;161,-3,15;173,-8,-11;180,-9,-5;185,-2,3;242,-107,17;264,28,-8;277,-8,-1;289,2,0;301,-22,3;375,9,-8;382,-91,15;385,100,-12;404,-117,18;405,11,5;416,-20,-10;417,-2,15;472,-33,-15;515,-47,18;525,-12,2;535,71,-41;565,-93,41
rua||rio grande do sul|belo horizonte|39280000|35,-1737988,-4497301;75,-42,0;115,-33,1;139,-18,-3;169,-22,6;183,-19,4
rua||rio grande do sul|cachoeira do manteiga|39288000|36,-1666193,-4508728;48,8,8;60,-24,-4;112,102,-15;174,140,-11;661,-181,24
rua||rodolfo mallard|centro|39280000|40,-1735723,-4495665;43,-6,-6;45,-48,-193;46,57,195;49,-4,-7;50,-50,-202;53,45,196;55,-57,-188;58,11,-6;66,-4,-18;74,56,207;85,-16,-34;100,117,-74;106,-109,70;115,-11,-22;116,5,0;117,-12,-9;126,7,2;127,-3,-1;143,-6,-17;146,6,7;150,3,-6;153,-15,-6;159,4,-15;160,1,2;162,9,7;188,-9,-8;237,-74,-254;239,55,196;240,1,-1;248,1,-8;253,-6,8;255,1,-6;261,-63,-223;277,9,213;297,42,-26;299,-55,-208;301,21,218;305,38,-25;306,0,8;315,-12,-28;321,8,2;332,-4,1;341,-64,-233;369,-1,-19;375,1,1;391,60,201;403,-82,-231;444,60,188;452,3,-16;464,-4,-18;465,-3,20;474,4,-15;488,-7,-24;490,-58,-223;497,-9,4;501,57,219;502,16,-3;507,-72,-227;516,63,220;526,-26,-124;527,16,116;539,-64,-247;540,58,223;554,-3,1;558,-41,-229;571,-19,-21;602,4,-26;609,49,224;610,-51,-236;613,46,225;614,-62,-294;633,57,279;636,-31,-235;637,-27,6;643,57,223;647,-2,-4;660,-47,-240;673,-8,23;674,0,-44;683,-9,-2;684,11,-3;685,43,235;695,1,-8;696,-47,-227;738,41,182;739,-1,5;758,1,-20;777,-17,-20;785,1,-7;798,8,-6;815,-9,-19;826,5,-2;833,-10,-4;834,4,-11;883,-13,-32;891,-3,-10;892,13,-2;917,-23,-19;918,13,-4;931,-14,-5;969,-2,-28
rua||rodolfo mallard|sao francisco|39280000|339,-1736031,-4496854;692,60,188;738,33,152;767,-7,-22;804,-7,-38;807,-55,60;814,53,-63;843,-12,-35;844,11,12;851,-13,-27;860,8,16;861,-16,-24;876,13,-5;877,-10,1;965,-20,-79;1000,1,-40;1010,-5,-13;1020,62,256;1030,-62,-262;1031,59,269;1036,2,-18;1041,-69,-260;1042,1,-4;1044,64,253;1059,-10,-11;1060,7,3;1069,-74,-269;1070,9,-12;1074,60,270;1075,-4,-4;1103,-5,-15;1115,-2,-13;1116,3,5;1120,-66,-278;1127,60,267;1142,-64,-289;1149,-14,5;1158,79,254;1160,-66,-268;1170,44,172;1184,-51,-195;1197,55,257;1198,11,1;1217,-11,-5;1266,-7,-64;1283,-11,-7;1288,7,-2;1293,-10,-3;1300,7,-8;1325,-10,-15;1337,-3,-15;1358,2,-22;1361,-7,1;1372,5,-12;1373,-9,1;1440,-5,-60;1479,-21,-25;1489,-3,-11;1505,-5,-16;1510,11,-7;1522,-3,-10;1534,0,-8;1540,-13,-47;1545,-4,37;1546,12,-9;1557,-10,-4;1558,7,-7;1627,-23,-50;1649,-6,-23;1654,9,-1;1664,-3,-11;1665,-10,-3;1676,8,-9;1685,-10,0;1688,7,-10;1695,-9,1;1711,-4,-15
rua||sao francisco|vila maria|39280000|25,-1734964,-4495891;75,65,-15
rua||sao paulo|cachoeira do manteiga|39288000|13,-1665869,-4508606;15,38,-30;21,-20,5;144,-100,5;147,7,23;155,1,-4;156,-26,-17;160,0,0;167,24,1;177,-31,5;178,-11,-6;250,-176,24;261,91,20;273,101,304;285,1,-8;296,-52,-274;304,225,-65;379,-367,28;390,-8,-4;415,-16,6;469,33,-5;516,359,-18;524,-506,28;546,285,-42
rua||sao paulo|sao francisco|39280000|293,-1735879,-4496542;296,13,17;305,-13,-28;312,5,-5;317,-9,-4;320,10,-6;328,-6,-4;331,-7,5;341,-2,-15;342,-8,-80;349,3,72;350,9,-10;361,-13,-1;368,14,-7;378,2,-14;379,-20,10;389,-3,-18;390,13,0;401,-14,-7;404,12,-4;417,-15,-6;418,7,-9;427,-13,-6;432,14,-2;439,-10,-10;440,6,4;470,-3,-33;520,-13,-36;524,1,-3;528,-7,-21;534,-1,-7;537,-5,10;548,3,-22;572,-6,-19;577,-6,-1;592,1,-21;602,-1,-10;604,-3,-11;618,-1,-7;619,-6,11
rua||seis|novo buritizeiro|39280000|424,-1737921,-4497649;425,-9,3;436,5,-18;448,-24,-32;449,8,40;471,-5,-14;472,-3,-22;483,-14,-2;484,18,-2;494,-20,-11;495,4,9;504,-4,-17;514,-2,-3;522,-21,-26;529,-2,20;532,5,-8;539,-7,-4;540,5,-9;551,-13,1;552,52,49;636,-91,-110;637,-9,-2;647,-4,-7;648,-1,-7;659,-7,2;660,18,-20;671,-36,-10;672,19,14;683,-21,-14;691,-3,1;703,-10,-9;708,12,-5;715,-13,-5;720,16,26
rua||seis|quintas do agreste|39280000|50,-1738673,-4497779;361,-291,115;500,-151,44;611,357,-116;1051,-821,277;1077,40,-19;1101,-75,32;1301,-115,37;1801,-703,237;2201,-10,3
rua||sem denominacao 10|jardim dos buritis|39280000|73,-1738256,-4496365;93,-22,-2;112,-19,-4;113,6,6
rua||sem denominacao 11|jardim dos buritis|39280000|71,-1738188,-4496251;214,-215,-75;225,-5,14;266,858,-164;296,-30,-3
rua||sem denominacao 12|jardim dos buritis|39280000|167,-1738342,-4496271;168,1,-7;257,-91,12;326,-87,-6;337,19,5
rua||sem denominacao 13|jardim dos buritis|39280000|47,-1738224,-4496220;58,-7,-16;88,-40,3;178,-79,6;207,-30,3;238,-29,-5;258,-19,1;297,-24,7;308,-17,-5;347,-22,10
rua||sem denominacao 14|jardim dos buritis|39280000|92,-1738529,-4496250;111,-18,-65;352,15,-164;372,-4,-28
rua||sem denominacao 15|jardim dos buritis|39280000|12,-1738460,-4496176
rua||sem denominacao 1|bandeirantes|39280000|53,-1736069,-4497586;63,2,-6
rua||sem denominacao 1|jardim dos buritis|39280000|75,-1737884,-4496542
rua||sem denominacao 24|vila maria|39280000|110,-1735239,-4496938;170,14,-8;185,3,-18;195,6,-4;248,70,-44;282,-65,57
rua||sem denominacao 2|jardim dos buritis|39280000|8,-1737934,-4496581
rua||sem denominacao 3|jardim dos buritis|39280000|110,-1738017,-4496211
rua||sem denominacao 5|jardim dos buritis|39280000|105,-1738319,-4496557
rua||sem denominacao 6|jardim dos buritis|39280000|182,-1738370,-4496389;302,-6,-115;311,-7,-17
rua||sem denominacao 7|jardim dos buritis|39280000|75,-1738266,-4496508;165,-87,-1
rua||sem denominacao 8|jardim dos buritis|39280000|39,-1738236,-4496460;88,-55,-6;149,-58,8;158,2,-7;159,-3,9
rua||sem denominacao 9|jardim dos buritis|39280000|70,-1738266,-4496419;71,4,5
rua||sem denominacao|belo horizonte|39280000|35,-1738319,-4496763;38,8,86;54,-19,-94;78,-30,95;98,-14,-46;108,3,0;115,-25,-40;145,-18,2;154,-14,-2;167,-12,47;177,-4,7;189,-13,46;194,1,-102;512,-81,82
rua||sergipe|alto sao francisco|39280000|518,-1736592,-4497390;530,-8,-19;556,1,-24;570,-8,-19;582,1,-9;594,-5,-13;606,-4,-2;609,3,18;625,-13,-29;628,8,-11;663,-10,-29;664,6,7;670,1,-20;679,-9,-5;686,2,-1;695,-9,-8;698,7,-2;709,-6,-8;710,5,-12;722,-5,-7;734,0,-9;745,-10,-14;746,12,3;757,-19,-21;758,12,7;764,-2,-16;774,-10,-7;775,-5,-3;813,-6,-26;824,3,-24;836,-2,-9;846,1,-3;851,-12,-3;856,9,-12;866,-5,-9;890,-3,-24;903,-7,6;909,-3,-14;915,-5,-23;916,17,9;953,-26,-33;967,-5,-14;973,0,-21;1035,-10,-53;1100,-12,-72;1103,131,570;1142,-142,-639;1257,-23,-39;1264,-5,-37;1275,9,7;1278,-1,-3;1281,-16,7;1286,12,-26;1297,-8,6;1298,8,1;1308,4,-11;1334,-7,-23;1342,-3,-4;1353,-15,-7;1373,-4,-16;1421,-11,-49;1428,11,-4;1431,-11,3;1432,2,-8;1439,1,-3;1440,9,-12;1462,-4,-20;1468,-11,-4;1476,3,-14;1477,-11,-12;1478,8,12;1507,-18,-40;1517,3,4;1530,8,-1
rua||sergipe|bandeirantes|39280000|934,-1736683,-4497801;946,0,-12;952,-4,-8;962,0,-14;972,-4,-13
rua||sergipe|cachoeira do manteiga|39288000|37,-1666161,-4508326;40,257,-10;42,-242,26;52,147,-19;57,-139,6;66,0,14;67,7,-16;69,15,-3;132,197,-10;142,-17,4;145,130,-28;150,-240,38;152,97,-11;162,-89,7
rua||sergipe|sao francisco|39280000|30,-1736478,-4496942;33,9,0;41,-18,1;42,10,-4;51,-9,-4;67,-1,-15;77,0,-11;78,1,1;89,-16,-10;90,10,-18;101,-6,2;102,6,-7;114,3,1;115,-9,-6;122,-4,-9;125,0,3;143,-15,-17;198,9,-41;202,-1,-13;214,-8,-8;227,-14,-9;228,81,122;238,-72,-141;243,-12,-6;250,19,-8;251,-22,0;260,10,-10;273,-13,-7;274,13,0;288,-2,-12;297,-12,-1;302,5,-15;305,123,335;310,-126,-345;320,-3,-5;374,-18,-40;375,-2,-6;391,-6,-17;403,-1,-8;408,11,-5;413,-17,-5;414,12,4;424,-2,-11;433,-1,24;434,-8,-64;446,2,16;447,-9,-5;458,5,-11;459,-8,-2;470,9,-11;473,-9,10;474,7,-10
rua||sete de setembro|centro|39280000|18,-1736160,-4496146;28,-1,8;37,11,6;44,-5,4;49,5,0;50,-1,11;65,6,8;68,-3,13;75,11,-4;78,-3,2;87,6,11
rua||sete|novo buritizeiro|39280000|15,-1737634,-4497372;21,-10,-10;23,-4,-6;27,-5,-12;30,13,4;39,-24,-9;42,12,-4;49,-15,-5;54,6,-8;60,1,-5;69,-17,1;70,10,-13;71,-13,10;77,-6,-9;80,13,-1;89,-13,-3;90,3,-9;97,-3,2;100,0,-7;101,-16,-8;107,-6,0;110,18,-2;120,-10,-9;127,-18,-14;167,-30,-30;178,12,-5;187,-19,-5;188,13,0;211,-23,-9;223,-5,-14;224,9,-6;235,-14,5;242,0,-23;247,-12,2;248,5,-9;259,-10,9;272,3,-16;273,-24,-11;283,11,5;284,7,-6;293,-15,0;294,14,-8;308,-15,-10;320,-4,-10;335,-16,0;382,-26,-59;402,-7,-1;403,-1,8;413,-19,-20;414,12,-2;425,-11,-1;437,-12,-12;438,16,4;450,-8,-11;462,-4,-5;467,-15,-8;477,7,6;486,-7,-20;489,-11,5;498,-4,-22;501,-15,14;511,1,-16;522,8,0;525,-10,-4;527,3,2;534,4,-4;535,-22,-15;621,-44,-52;653,0,-2;661,-25,-36;722,12,-13;741,-26,-8;751,-7,-10;752,14,-6;760,-4,-7;772,-11,-14;783,-21,1;799,-13,6;872,-32,-91;882,-2,-4;883,-11,7;919,-12,-19;942,0,-15;962,-17,-25
rua||severo da cruz|vila maria|39280000|64,-1735068,-4495944;71,-88,-109;80,80,107;87,-8,1;97,-12,-18;100,15,6;102,-2,-8;104,-3,-5;110,-5,-1;114,0,-9;125,-16,3;130,5,-6;140,-5,-12;143,-10,18;145,-15,-7;150,12,-14;162,-7,-12;176,-1,-9
rua||soeiros|centro|39280000|20,-1736302,-4496159;26,0,-16;28,3,0;34,-3,-8;42,-4,-5;51,-6,3;56,2,-10;71,-13,-26;84,11,11;90,-2,-5;93,-8,-6;94,6,-2;99,-8,-12;100,2,-1;149,-9,-40;159,3,-10;172,8,-18;180,-1,-5;181,-5,5;190,7,-10;191,-8,2;197,-2,-8;202,2,-3;216,1,-13;230,4,-10
rua||teobaldo ramos|bandeirantes|39280000|35,-1736601,-4498609;38,-85,28;42,0,1;54,14,-7;66,59,-42;78,-31,37;81,3,-9;85,40,-8;103,-43,3;107,1,6;115,20,-11;116,-3,18;125,7,-9;172,2,1;197,63,-20;200,20,1;210,6,-4;211,-11,-5;219,12,-4;220,8,9;229,-3,-13;230,14,9;240,19,-5;249,-16,-7;250,23,11;259,-9,-13;262,10,10;271,-75,10;274,89,-11;284,-1,0
rua||teodoro batista de souza|alto sao francisco|39280000|36,-1737393,-4497403;48,-5,-9;51,-8,2;59,-7,-10;60,13,-5;69,-20,-17;72,15,0;83,-12,-4;92,6,-2;105,-15,-20;117,-5,-7;129,-5,-12;149,-1,-15
rua||thomaz braga|vila maria|39280000|65,-1735197,-4495820;71,2,4;75,9,-39;111,18,19;123,14,4;130,22,4;149,0,-11;150,21,8;160,9,-6;175,-10,-8;178,28,3;191,-7,-6;192,11,11;200,1,-7;201,-11,-7;212,29,3;217,-11,-9;226,24,-9;245,-10,-19;275,25,-22;278,6,14;285,5,-22;316,19,2;326,17,-10;341,4,-19;366,21,-1;367,-3,-14;379,-17,12;383,23,-17;399,8,1;406,32,-10;407,-14,-2;419,46,-41;429,8,2;431,-32,24;434,-5,10;444,24,-17;447,-10,-10;449,35,-19;454,-26,31;481,49,-47;490,13,1;500,14,-7;510,2,-6;515,11,-8;520,18,-7;530,4,-3;549,-12,0;551,2,-1;561,5,-12
rua||timoneiro|sao francisco|39280000|22,-1737184,-4497108;32,48,-44;44,17,-9;45,-67,41;47,0,-3;52,71,-44;59,4,-10;65,-62,48;67,66,-55;70,3,14;80,9,-10;91,2,-13;92,9,2;101,6,-11;106,0,10;121,17,-22;130,1,8;138,6,-4;142,5,-5;162,11,-8
rua||tiradentes|belo horizonte|39280000|51,-1737514,-4496866;58,5,-22;73,3,-22;163,14,-70
rua||travessa dois|alto sao francisco|39280000|19,-1737212,-4497252;28,-1,-2;39,-11,-9;40,2,1;51,-6,-11;52,6,-1;63,-18,-10;64,10,-1;75,-12,-2;87,-6,-18;99,-11,-12;111,-6,-6;123,-4,-4;135,-12,-15;147,5,-4;159,-11,-12
rua||travessa quatro|alto sao francisco|39280000|15,-1737098,-4497276;26,2,-11;27,-7,4;37,-4,-5;38,7,-4;47,-10,-5;50,0,-6;55,-4,-1;60,2,-6;65,-4,3;71,1,5;74,0,-14;79,-41,-20;83,26,14;86,6,-9;87,-7,-1;93,-1,3;97,-3,-7;98,6,-7;101,-7,-3;110,4,-2;111,-16,-6;119,-2,-3;127,0,-5;137,-6,-5
rua||travessa tres|alto sao francisco|39280000|8,-1737143,-4497253;16,-2,-1;23,-5,-16;24,2,6;32,-3,-11;39,-4,12;40,2,-14;43,-9,-2;48,9,-7;55,-8,-10;56,1,8;64,-69,89;67,52,-101;72,14,4;79,-21,-14;80,15,8;88,-1,-6;91,-13,5;96,11,-13;104,-8,-3;112,-4,-7;120,1,-2;128,-8,-8
rua||travessa um|alto sao francisco|39280000|30,-1737272,-4497241;41,-21,-6;42,12,-6;53,-16,0;54,18,-17;65,-25,2;66,12,-2;77,-19,-7;78,11,0;89,-20,-6;90,20,-9;100,-13,0;101,-9,-1;112,10,-14;113,-12,4;124,-7,-12;125,1,3;131,-7,-7;136,10,-7;137,-13,4;148,6,-11;149,-10,5;160,5,-14;161,-14,2
rua||tres|alto sao francisco|39280000|43,-1737124,-4498191;51,16,-4;62,-8,13;72,9,-6;75,6,18;82,8,-17;103,23,-19;143,47,-8;164,10,8;175,16,-18;176,-1,19;183,-2,-25;184,23,12;193,-9,-8;194,11,7;202,-3,6;203,-8,-21;212,18,16;215,1,-7;224,21,-2;225,-13,-1;244,12,5;295,65,-20;302,-5,2;326,12,-4;327,4,-9;338,6,9;339,-1,-11;359,80,77;360,-68,-72;364,17,-2;365,-9,-16;374,13,14;375,-7,-14
rua||tres|novo buritizeiro|39280000|57,-1738094,-4497512;65,-6,-19;89,-1,-25;95,0,2;131,-3,-38;189,-50,-74;199,41,-13;253,-8,-49;269,-11,-12;351,7,-74;497,-20,-134
rua||treze|jardim dos buritis|39280000|68,-1737735,-4496572;80,-1,4;88,-529,338;104,532,-317;233,4,128;234,4,19
rua||treze|novo buritizeiro|39280000|111,-1738117,-4498019;192,62,9
rua||triangulo|sao francisco|39280000|27,-1737463,-4497054;34,7,11;41,-4,-19;51,2,3;58,11,7;70,11,-10;73,-3,-25;83,5,-6;88,8,16;98,7,-3;103,5,-24;110,11,11;122,4,-7;125,-4,-6;146,11,-9;166,16,-7;174,4,-7;175,14,-33;193,13,-9
rua||tupinambas|belo horizonte|39280000|55,-1737540,-4496758;67,3,-9;78,3,-9;89,-9,-17;172,1,-51;173,-7,-3;200,4,-33;218,3,-14;226,-4,-15;294,1,-67;299,-10,-8;311,-3,-4;320,22,-14;371,-20,178;407,2,-95
rua||tupis|sao francisco|39280000|15,-1736887,-4496659;27,57,-51;34,-50,52;35,0,-8;40,8,-2;45,-3,-2;50,11,2;53,3,-12;57,56,-63;60,-52,64
rua||um|novo buritizeiro|39280000|108,-1738160,-4497525;138,0,-33;150,1,-15;164,-5,-8;188,7,1;400,-19,-81
rua||venancia nunes|bandeirantes|39280000|120,-1736107,-4497603;121,-14,10;130,13,-24;140,-2,-12;160,-9,-19;180,-7,-28;183,-16,-2;230,5,-39;242,-4,-15;254,-3,-17;292,-8,-52;302,0,3;345,-14,-23;369,-6,-21;1607,77,308
rua||vicente rocha|jardim dos buritis|39280000|18,-1736915,-4496485;27,1,9;39,-11,0;44,-4,-15;56,-7,1;59,3,8;66,-15,-7;71,1,3;76,-111,-18;80,104,10;84,-8,-2;85,6,7;91,-10,-1;92,-7,-3;106,-8,-4;117,-13,6;118,4,-7;128,-12,-6;140,-14,-2;148,-7,1;205,-49,-3;215,-12,0;218,-5,-12;228,-2,2;240,-12,-3;250,-15,-3;251,5,13;263,-13,-5;285,-16,-4;288,-16,-13;295,12,13;303,-11,-5;321,-23,-2
rua||vinte e um de abril|centro|39280000|13,-1736300,-4496126;18,-30,20;36,28,-25;40,20,-2;43,-10,-9;49,15,3;55,2,-7;60,0,8;71,12,-10;72,6,8;81,5,-7;89,-1,-4;101,13,-1;119,21,-14;126,3,27;129,4,-23;132,3,6;145,16,-13;146,-2,13;155,10,-15;156,0,13;188,10,-11;198,28,-3;210,1,4;216,-71,0;226,1,-3;235,-1,3;263,126,-31;268,84,-19;277,-62,19;280,62,-16;287,-53,4;292,51,-12;302,2,2;305,-22,1;310,20,2;323,-36,10;326,36,-10;344,-1,-4;349,-87,24;385,128,-33;402,-2,12;411,12,-15;416,15,28;417,-15,-27;427,11,-3;428,2,37;440,1,-2;452,20,-31;453,0,-13;464,9,13;465,1,-10;473,13,-4;474,-5,10;475,16,-13;479,3,-3;482,-8,13;489,10,-16;490,-2,16;513,20,-30;525,17,8;537,13,-8;553,12,3;561,9,-2;574,-65,18;587,84,-32;593,3,10;603,8,-6;617,10,-1;629,15,-5;759,-595,170;760,51,-8
rua||vinte e um de abril|vila maria|39280000|393,-1735101,-4496457;1283,-111,18;1293,25,1;1310,28,-2;1315,-16,-16;1328,17,21;1339,4,-13;1340,14,6;1351,6,-7;1360,11,5;1363,1,-8;1426,34,4;1435,1,-13;1447,15,-2;1467,16,-6;1529,53,-15;1576,64,-10;1657,107,-58
rua||virginia p de melo|alto sao francisco|39280000|31,-1737123,-4498121;54,29,6;65,1,-17;76,12,15;170,82,-29;173,-2,-11;178,1,8;191,-6,-3;197,27,-7;198,3,7;210,9,3;211,-11,-8;217,14,2;227,8,-6;230,0,4;272,15,-4;299,61,-20;300,5,10;305,1,-12;312,13,10;319,5,-12;322,-11,8;327,22,-12;341,-2,0;342,45,-8;351,-27,4;358,-6,10;361,21,-16;362,-11,11;371,11,-12;416,39,2;419,-2,-14;422,14,9;435,11,-11;446,6,10;447,-2,-14;456,12,7;457,-9,-9;465,17,0;466,2,15
sede||boa vista|fazenda boa vista|39288000|40,-1684180,-4519432
sede||fazenda boa vista|fazenda boa vista|39288000|33,-1683260,-4519916
sede||fazenda fartura|fazenda fartura|39288000|46,-1684256,-4517029
sitio|dona|amelia|margem do rio paracatu|39288000|14,-1668810,-4523808
sitio|nossa senhora|fatima|paredao de minas|39280000|1,-1740341,-4554036
sitio|santa|helena 2|paredao de minas|39280000|5101,-1737432,-4552563
sitio|santa|helena lote 34|paredao de minas|39280000|2,-1739102,-4553334
sitio|santa|monica ii|paredao de minas|39280000|1,-1735429,-4519128;2,-1,0
sitio|santo|antonio l 24|paredao de minas|39280000|1,-1739988,-4555479
sitio|sao|geraldo|sao bento|39280000|5,-1681942,-4497724
sitio|sao|jorge|sitio sao jorge|39288000|6,-1670572,-4518563
sitio|sao|jose 37|paredao de minas|39280000|37,-1739952,-4553989
sitio|sao|jose iiii|paredao de minas|39280000|9,-1734117,-4518402
sitio|sao|jose iii|paredao de minas|39280000|1,-1734113,-4518398
sitio|sao|jose ii|paredao de minas|39280000|2,-1733606,-4518384
sitio|sao|jose mendonca|paredao de minas|39280000|1,-1737951,-4553372
sitio|sao|jose|paredao de minas|39280000|13,-1733578,-4518486
sitio|sao|jose|sitio sao jose|39288000|6,-1669616,-4519213
sitio|sao|manoel ii|paredao de minas|39280000|1,-1734366,-4520893
sitio|sao|manoel|paredao de minas|39280000|1,-1734365,-4520890
sitio|sao|rafael|paredao de minas|39280000|1,-1742241,-4552997
sitio||1|cachoeira do manteiga|39288000|13,-1665132,-4508505
sitio||1|fazenda|39288000|42,-1677302,-4518427
sitio||2|cachoeira do manteiga|39288000|13,-1665132,-4508505
sitio||agua viva|paredao de minas|39280000|42,-1740864,-4553353
sitio||aguas claras|fazenda|39288000|13,-1684128,-4512684
sitio||aguas claras|sitio aguas claras|39288000|1,-1663287,-4508638;2,-3,2
sitio||aguas da pedras|paredao de minas|39280000|2,-1740581,-4555363;3,-30,119;4,129,-85;5,34,23;6,-177,122
sitio||boa esperaca 2|paredao de minas|39280000|1,-1734782,-4552115
sitio||boa esperanca|paredao de minas|39280000|1,-1734621,-4551421
sitio||boas novas|paredao de minas|39280000|1,-1737132,-4553958
sitio||bom jardim iii|chupe|39280000|1,-1736450,-4519946
sitio||bom jardim|paredao de minas|39280000|1,-1736252,-4520262
sitio||bom jesus|margem do rio paracatu|39288000|14,-1668827,-4523787
sitio||bom jesus|paredao de minas|39280000|83,-1738234,-4553066
sitio||calangal|paredao de minas|39280000|1,-1734501,-4518540
sitio||canaa ii|chupe|39280000|1,-1735074,-4521082
sitio||canaa|paredao de minas|39280000|1,-1735359,-4520570
sitio||capim de cheiro ii|paredao de minas|39280000|1,-1735354,-4520564
sitio||chupe iv|chupe|39280000|1,-1735876,-4520115;20,3260,-457
sitio||chupe|chupe|39280000|56,-1737236,-4524074;373,583,4541
sitio||da betania|paredao de minas|39280000|1,-1738022,-4552757
sitio||do sr antonio duarte|paredao de minas|39280000|1,-1737072,-4553077
sitio||edson francisco|chupe|39280000|1,-1735878,-4520112
sitio||entre riacho|sitio entre riacho|39280000|1,-1699202,-4488044
sitio||feliciano|chupe|39280000|1,-1737445,-4519844
sitio||feliciano|paredao de minas|39280000|2,-1737430,-4519826
sitio||gameleira ii|sitio gameleira|39280000|1,-1759953,-4504385;2,29,155;3,9,3
sitio||gameleira|sitio gameleira|39280000|1,-1759767,-4504246;3,-64,10;4,-44,-17;5,-37,38;6,57,-16
sitio||geraldo meireles|paredao de minas|39280000|1,-1737909,-4553022
sitio||irineu|paredao de minas|39280000|1,-1740116,-4555111
sitio||jardim verde|paredao de minas|39280000|1,-1739816,-4555122
sitio||joao de deus|paredao de minas|39280000|1,-1738509,-4553397
sitio||lagoa bonita|sitio lagoa bonita|39288000|4,-1663906,-4508431
sitio||laranjeiras|paredao de minas|39280000|1,-1740982,-4554813
sitio||liberdade l 22|paredao de minas|39280000|1,-1738838,-4554841
sitio||mangueira|sitio mangueira|39288000|5,-1664246,-4509067
sitio||maria de lurdes|fazenda capao de cima|39285000|80,-1692146,-4514914
sitio||maria|sitio pimenta|39288000|9,-1664488,-4508555
sitio||maria|vargem grande|39288000|9,-1664246,-4509062
sitio||miguelao|fazenda miguelao|39288000|29,-1673431,-4517026
sitio||novo horizonte|chupe|39280000|18,-1733159,-4519432
sitio||pasto verdejante l 65|paredao de minas|39280000|1,-1735044,-4552891;2,18,3
sitio||pe da serra|paredao de minas|39280000|35,-1739294,-4553157
sitio||pica pau|paredao de minas|39280000|1,-1738484,-4554713
sitio||pimenta|sitio pimenta|39288000|3,-1663821,-4509157
sitio||solar 2|sambaiba|39280000|2,-1778414,-4536793
sitio||solar|sambaiba|39280000|1,-1778319,-4536738
sitio||sr cosmim|paredao de minas|39280000|1,-1740248,-4554757
sitio||vargem grande|vargem grande|39288000|12,-1664971,-4508730
sitio||veredas|paredao de minas|39280000|1,-1734968,-4519743
sitio||vinte v l 26|paredao de minas|39280000|1,-1739759,-4554811
sitio||vista alegre|chupe|39280000|1,-1733224,-4520578
travessa||do leme|sao francisco|39280000|23,-1736986,-4496986;35,2,-5;46,15,-4;47,7,-6;55,7,-9;56,8,9;67,-9,-11;68,4,6;79,9,-12;97,13,-4
travessa||joaquim souza matos|paredao de minas|39280000|15,-1711208,-4543648;81,45,-30;120,-45,30;141,-97,66;236,-5,-5;294,74,-41;335,73,-50;341,37,-18;367,-7,2;437,-65,40;443,14,-8;447,-80,47
travessa||josino da costa alkimim|vale do sol|39280000|194,-1734598,-4496360;730,214,540
vereda||galhao|galhao|39288000|15,-1705219,-4508137;16,77,-1;17,-50,53;18,68,-64
vila||frade|sambaiba|39280000|1,-1795308,-4517315;2,-51,98;5,12,37;45,11,68
