1a travessa da rua||sem denominacao|santa cruz|38847899|455,-1899941,-4632199
alameda||das mansoes|alto niteroi|38840354|5160,-1898412,-4630534;5166,-8,3;5170,-8,4;5180,-14,3;5190,-7,0;5252,-53,17
alameda||das mansoes|amazonas|38840354|901,-1900001,-4630134;963,-92,7;983,-20,3;993,-10,1;1160,137,-47;1252,-78,28;1254,2,-3;1256,-12,-1;1264,-11,11;1290,-13,-6;1320,-34,7;1330,-2,2;1340,-7,-2;1350,-17,6;1390,-32,7;1400,-9,5;1410,-3,-1;1420,-21,6;1561,-128,36;1573,1,0;1585,-19,0;1597,-27,10;1609,15,-15
alameda||das mansoes|bela vista ii|38840354|800,-1899616,-4630234;816,-28,9;826,-16,-1;846,-30,3;856,-9,5;866,-12,5;876,-15,1;886,-13,6;1000,-159,33
alameda||das mansoes|jardim das palmeiras|38840354|5087,-1898345,-4630529;5101,-14,5;5105,-9,2;5125,-12,2;5149,5,2;5173,-52,5;5233,-48,16;5269,-35,7;5309,-34,7;5337,-26,4;5351,-12,4;5375,-23,7;5385,-7,2;5390,-11,-14;5395,-3,18;5405,-6,0;5413,-12,4;5414,-2,-20;5421,-4,16;5426,-3,-10;5429,-3,16;5436,-10,-13;5437,0,13;5445,-5,1;5453,-18,3;5461,-18,6;5490,-8,-18;5500,-4,1;5510,-10,7;5520,-7,0;5530,-14,4
alameda||das mansoes|jardim jb|38840354|454,-1899234,-4630320;455,-17,-22;464,-2,17;475,-18,-8;500,-41,29;505,0,-21;531,-45,11;544,0,21;554,-7,1;561,-22,-15;564,15,14;571,-31,-8;574,19,10;581,-34,-7;584,24,11;594,-15,7;601,-32,-14;620,-24,25;631,6,-25;640,-31,29;641,1,-15;651,-7,-3;658,-9,22;674,-13,5;681,-10,-18;690,-8,20;704,-19,2;750,-26,7;811,-82,4;821,-22,-19;841,-8,4;851,-39,25;861,27,-2;931,-74,30;941,-19,-4;951,-20,-1;961,-10,4;981,-17,3;991,-10,5
alameda||norte sul|morro grande|38846271|60,-1899684,-4632785;70,-4,0;80,-6,0;84,-10,9;85,8,-2;89,2,15;90,-12,-5;95,2,10;100,-14,1;130,-18,6;135,3,-1;140,-7,0;145,-5,11;150,-8,4;155,2,11;160,-9,-11;165,5,8;170,-13,-3;175,6,-1;180,-15,0;190,-8,9;200,-8,6;210,-4,7;215,0,1;220,-7,-1;225,48,105;230,-64,-94;235,11,-3;250,-17,5;255,-7,8;260,-11,2;265,1,5;270,-10,-3;275,2,4;280,-16,-14;285,-5,-1;290,-1,23;310,-11,4;315,2,8;320,-13,-2;325,3,5;330,-10,3;335,5,4;340,-11,-4;345,3,7;350,-13,-5;355,0,14;370,-20,1;380,-7,5;390,-9,6;400,-7,5;410,-9,10;420,-7,4;430,-10,11;440,-6,-10;450,-14,14;460,-8,-2;470,-5,-3;495,-22,29;505,2,-1;510,-16,-1;513,0,5;520,-9,-4;525,5,13;530,-11,-3;535,2,7;540,-14,2;565,-13,11;575,-6,4;585,-8,6;615,-42,14;620,-14,0;655,-6,14;745,506,-281
alameda||norte sul|santa cruz|38846271|10,-1899633,-4632820;20,-24,0;26,11,15
avenida|doutor|aristides de melo|central|38847899|1,-1899765,-4631587;2,9,-7;3,-128,215;4,128,-212;5,-203,325;7,-10,-13;8,217,-309;9,-109,158;15,101,-160;16,5,2;17,-12,16;18,2,-15;21,-202,324;25,198,-306;27,-1,0;29,-6,8;33,10,-7;40,10,-27;43,-26,47;48,-6,-12;57,-199,327;67,2,1;69,-6,0;75,-1,12;77,202,-310;80,-8,10;81,-200,293;87,10,20;93,-22,-7;95,-11,21;96,209,-332;99,10,13;100,1,-8;104,-1,2;105,-6,17;132,-16,9;135,-4,7;138,-5,-4;140,-9,4;143,17,4;144,-14,-2;147,6,8;154,-5,3;157,0,7;160,-16,-9;161,14,23;164,-5,-8;168,-4,-1;170,-8,14;178,-10,7;181,23,-5;190,-28,2;205,17,3;226,-32,20;230,1,7;234,-13,5;235,22,-3;239,-7,1;241,-12,4;245,-1,5;254,18,9;255,-14,1;257,2,-2;261,-5,10;276,-24,4;277,18,4;278,-6,6;280,-6,15;281,0,-14;285,-3,-4;287,-6,13;291,22,-5;292,-9,-1;296,-22,16;304,14,-14;305,-13,5;311,0,12;312,3,2;313,-4,2;315,-6,6;316,19,1;317,-13,3;318,6,-7;320,3,0;323,-13,6;325,4,5;327,-6,3;328,7,-18;332,2,20;333,-13,1;343,-6,-1;344,14,5;347,-26,-9;349,8,9;352,7,2;353,-9,4;356,6,0;361,0,13;366,-4,-3;375,6,13;376,-8,-2;385,3,-8;387,-29,15;391,24,3;395,-4,2
avenida|doutor|aristides de melo|juscelino kubitschek|38847899|508,-1900023,-4631205;512,7,19;513,-3,0;516,-7,-10;518,-6,-1;519,10,15;521,-3,5;522,-6,-18;531,5,19;532,-11,-18;535,0,16;542,-8,12;545,8,-1;551,-3,8;556,6,15;557,-10,-14;559,-13,8;563,-95,159;566,102,-168;569,-2,18;576,-7,-11;577,-7,17;580,-4,81;588,3,-88;602,-7,17;607,10,7;608,-8,2;614,-8,1;621,-5,14;624,-1,-5;634,4,22;635,-2,-8;637,1,4;649,-9,2;651,-4,6;652,-2,-9;653,2,10;655,-9,4;663,-3,4;664,-3,-9;679,-2,7;684,-3,14;685,-5,-4;687,12,10;697,-21,7;700,20,1;709,-8,11;724,-34,29;732,12,-14;740,-12,12;742,0,1;748,2,-1;752,1,-4;756,-1,1;759,-1,20;773,-5,8;783,2,6;786,-110,154;787,105,-150;791,-7,3;805,-4,8;810,-39,-23;815,35,31;825,-14,19;870,-29,13;900,-37,63;915,-6,19;930,6,-24;935,-32,76;955,-15,7;960,24,-28;965,-28,30;970,22,-36;977,-8,49;987,-25,8;1001,-7,15;1045,-17,39;1072,7,-29;1074,-13,13;1090,18,-32;1100,-11,17;1127,-33,79;1139,-5,9;1156,15,-47;1171,-49,96;1184,19,-48;1190,6,5
avenida|doutor|aristides de melo|paraiso|38847899|1240,-1900452,-4630565;1247,3,25;1250,-11,-10;1259,9,15;1260,-13,-11;1270,-5,10;1271,-1,27;1300,-16,2;1312,-10,5;1330,-4,7;1350,-7,17
avenida|frei|gabriel|central|38840016|20,-1900005,-4631283;35,-9,-7;38,12,-2;44,-8,-4;47,-10,5;59,-2,-22;73,1,-15;84,2,-13;94,0,-12;95,-10,11;104,3,-22;107,-10,9;122,8,-17;127,-9,-1;142,3,-11;144,3,-5;145,-7,0;156,2,-10;159,-10,-6;165,-3,-37;168,5,-12;169,-9,5;179,3,1;197,3,-8;200,-1,-9;205,-1,-1;213,-5,-13;220,6,1;223,8,-3;233,-8,-9;243,-13,-14;249,2,-11;403,-38,-146;417,1,-7;419,-3,-1;425,4,-17;433,-8,-4;451,-4,-23;490,-5,-39;495,-3,5;498,4,-8;515,-4,-9;517,-6,-12
avenida|frei|gabriel|morro grande|38840016|160,-1900210,-4632436;720,115,-552;750,9,-42;770,1,-4;780,-2,-28
avenida|frei|gabriel|paranaiba|38840016|547,-1900128,-4631797;567,2,-15;577,-10,-5;587,5,-13;597,-1,-10;603,-10,-3;607,7,-5;617,-8,0;637,-3,-25;647,3,-13;667,-3,-27;677,-5,9;707,-4,-30;737,-14,-55;757,1,-17;767,-6,-10;777,-1,-11;787,-1,-5;797,-19,-9;807,15,-11;811,-10,-12;827,4,-18;837,0,-5;847,-3,-12;853,-2,-10;857,1,-12;867,5,-8;877,-12,-4;917,-6,-27;927,-7,1;937,-5,-21;947,-5,-7;957,5,-12;967,-2,-15;973,-2,-6;983,1,-9;993,0,-4;995,-2,-10;1009,-4,-11;1023,-3,-15;1033,-2,-13;1043,-4,-5;1047,3,-1;1053,-3,-9
avenida|frei|gabriel|parque do taboao|38840016|430,-1900154,-4631961;564,32,151;594,-5,-27;646,1,-44;656,-17,-23;666,0,-9;676,3,-13;678,-7,2;680,-4,-14;688,-2,-17
avenida|frei|gabriel|santa cruz|38840016|830,-1900163,-4632014;840,-5,-15;860,11,-11;870,-15,-16;880,-10,-7;938,-8,-57;948,-5,-1;958,-2,-17;970,4,-17;994,-10,-17;1000,-2,-12;1030,2,-28;1038,-5,18;1054,2,-28;1070,-8,-30;1080,-5,-2
avenida|presidente|tancredo de almeida neves|alto niteroi|38840326|22,-1898524,-4630787;30,6,13;35,-10,5;38,20,-5;53,-10,13;55,6,5;60,18,-4;70,10,5;90,18,13;98,10,3;110,3,3;115,-9,21;116,17,-3;120,6,0;130,5,1;135,-21,9;145,23,18;155,16,14;165,5,-1;180,9,0;185,5,19;190,5,-12;200,9,4;245,31,47;3500,-408,-123;3545,30,-24;3550,-14,6;3555,27,-7;3561,13,-6;3565,-5,5;3575,11,-5;3585,7,-2;3595,12,-3;3605,9,-1;3615,5,-3;3635,18,-1;3645,9,-3;3650,3,18;3655,-1,-14;3659,12,0;3665,8,-7;3670,1,18;3675,5,-18;3680,4,14;3685,4,-20;3695,12,0;3705,7,-2;3715,14,-4;3726,1,19;3730,2,1;3740,14,-6
avenida|presidente|tancredo de almeida neves|alvorada|38840326|344,-1899689,-4630547;1860,-111,48;1870,11,-7;1876,2,-16;1880,1,-1;1886,13,4;1890,5,12;2127,-59,-16;2131,3,9;2135,12,6;2157,-23,10;2159,6,-1;2167,35,-21;2171,-29,-13;2177,35,9;2197,19,-5;2227,34,-11;2230,1,20;2231,0,-21;2237,8,7;2240,-6,6;2247,12,-9;2248,0,12;2251,12,-14;2258,-9,21;2260,8,-4;2267,12,-24;2278,-7,20;2284,-1,7;2319,59,-37;2320,18,9;2332,-2,1;2344,-2,-3;2347,6,-12;2349,23,1;2357,-19,4;2358,3,9;2368,15,-1;2369,-5,-13;2378,-81,20;2380,82,-7;2409,28,-15;2418,7,8;2428,20,-19;2429,-5,0;2439,-12,5;2440,18,5;2441,2,-14;2452,14,11;2453,-8,-9;2465,12,-6;2466,6,11;2475,17,-10;2481,4,-1;2485,8,2;2495,5,-12;2501,4,-5;2508,-28,39;2518,13,-16;2525,30,-16;2531,9,2;2532,-22,11;2533,27,1;2535,4,-10;2544,-4,7;2558,28,-6;2575,0,-24;2578,4,14;2579,6,-9;2581,-1,-1;2585,3,10;2587,-15,-9;2591,20,6;2595,0,-6;2600,2,11;2601,9,-13;2603,-2,-6;2605,5,11;2606,-1,7;2607,5,-11;2610,39,3;2618,-37,7;2620,38,-9;2625,-14,-33;2630,30,27;2634,2,-1;2640,11,-16;2650,1,16;2681,13,-17;2697,14,-3;2701,7,-11;2716,10,22;2725,12,-20;2775,14,-8;2800,24,11;2810,6,-3
avenida|presidente|tancredo de almeida neves|amazonas|38840326|1248,-1900319,-4630384;1384,8,-2;1420,16,1;1428,8,-2;1450,26,1;1460,7,-19;1490,11,0;1500,8,0;1510,16,2;1530,20,-14;1540,6,-1;1544,2,8;1550,7,-9;1560,14,5;1570,15,-14;1578,11,6;1584,11,2;1590,20,-22;1592,-1,-2;1594,0,0;1602,66,-1;1620,18,-12;1626,7,4;1636,12,-2;1646,11,-8;1666,11,-5;1676,10,1;1686,5,4;1696,15,-7;1700,4,0;1720,21,-5;1730,2,0;1790,49,-12
avenida|presidente|tancredo de almeida neves|boaventura braz|38840326|465,-1900700,-4631987;485,8,-15;505,5,-10;515,12,-23;525,6,-10;535,5,-7;545,6,-10;559,21,-4;575,5,-28
avenida|presidente|tancredo de almeida neves|juscelino kubitschek|38840326|779,-1900549,-4630872;791,4,9;799,-14,-23;805,14,32;815,5,5;835,-48,-91;845,14,11;855,4,13;857,45,100;887,7,32;907,15,14;987,23,54;989,13,22;1009,13,25;1015,401,225;1017,-397,-222;1027,12,5;1047,15,22;1097,457,164;1101,-440,-106;1107,447,98;1111,-443,-86;1117,-73,-173;1119,523,257;1125,-505,-190;1127,-20,-50;1135,78,162;1167,11,34;1183,1,14;1191,9,11;1219,10,13;1417,57,89;1443,24,-5;1503,49,-30;1515,24,10;1521,17,3;1525,6,3;2043,286,-70;2045,10,-7;2047,-3,8;2067,22,-16;2087,16,-4
avenida|presidente|tancredo de almeida neves|lagoinha|38840326|463,-1900777,-4631331;473,21,35;481,-12,-22;495,22,42;509,65,139;541,-51,-107;551,7,12;561,3,4;571,1,17;585,7,1;591,4,11;621,13,29;633,5,7;645,3,13;649,2,2;655,3,4;659,1,4;677,8,11;696,42,89;701,-9,-12;705,-1,-18;711,13,29;715,-29,-57;721,33,65;743,6,9;753,4,10;763,11,28;771,-5,-10;775,-31,-70;781,37,82
avenida|presidente|tancredo de almeida neves|minas gerais|38840326|2830,-1899204,-4630643;2840,15,2;2850,7,-8;2860,3,-2;2878,11,4;2880,11,-1;2890,7,-1;3005,-38,-9;3015,6,0;3019,5,2;3025,2,-8;3035,4,0;3045,8,-3;3055,19,0;3065,6,-5;3115,47,-7;3125,6,-6;3135,12,-1;3140,7,22;3145,0,-24;3155,5,-2;3160,4,20;3165,7,-20;3170,4,16;3175,6,-13;3180,5,9;3200,13,2;3205,19,-14;3210,0,1;3225,14,-12;3230,3,11;3235,7,-12;3245,9,-8;3250,4,13;3255,6,-11;3260,0,11;3265,11,-15;3270,5,10;3275,-4,-18;3280,12,18;3295,5,-17;3300,2,11;3315,28,-13;3320,-5,20;3325,19,-23;3335,14,-3;3345,7,-1;3350,-6,13;3355,147,80;3360,-143,-77;3365,254,143;3366,-239,-144;3372,8,-9;3375,5,-16;3380,2,17;3385,9,-14;3395,143,140;3405,-127,-144;3415,10,-1;3640,-23,18
avenida|presidente|tancredo de almeida neves|morro grande|38840326|2015,-1900161,-4632367;2025,11,-7;2055,27,-19;2065,13,-8;2075,13,0;2085,9,-9;2095,-1,5;3047,28,-12;3057,23,-18;4015,54,-33;4055,35,-23;4075,20,-12;5001,17,-2;5005,4,-4;5015,12,-8;5035,17,-9;5055,17,-8;6045,76,-48
avenida|presidente|tancredo de almeida neves|paraiso|38840326|340,-1900842,-4631407;632,257,491;633,-24,-11;702,-38,-112;712,-5,9;718,61,109;722,-51,-106;728,54,114;732,-53,-99;752,9,14;762,7,11;766,7,5;768,41,82;774,8,26;778,-8,-10;780,13,14;782,-56,-106;786,12,9;788,-4,1;790,54,105;792,-45,-99;794,-7,-1;800,60,111;810,-5,5;826,8,10;836,3,9;846,3,10;852,6,5;858,11,27;869,5,9;870,4,3;880,4,15;920,16,29;932,7,7;940,5,4;950,-3,17;960,6,10;974,9,22;990,7,10;1000,7,11;1010,3,8;1028,10,11;1030,2,7;1040,2,10;1050,3,3;1098,28,56;1100,0,2;1104,8,15;1108,1,7;1118,6,8;1128,3,8;1138,4,13;1148,7,4;1158,1,9;1172,11,21;1182,4,13;1188,6,7;1194,0,5;1198,4,7;1202,6,4;1218,2,6;1644,-496,-1005
avenida|presidente|tancredo de almeida neves|paranaiba|38840326|115,-1900757,-4631798;236,-93,293;243,10,-93;301,8,143;321,10,22;389,115,-495;401,-9,8;409,0,0;417,-3,24;455,-25,50;457,0,4;459,-2,11;690,166,-273;720,20,-17;726,8,-8;730,14,-5;750,1,-1;760,10,-5;766,17,-6;770,-11,1;772,5,2;784,12,-9;790,13,-4;802,8,-8;810,6,3;820,7,-11;830,8,-3;850,18,-8;860,8,-6;872,6,-8;882,4,-4;890,17,-5;900,1,-1;912,5,-3;920,10,-7;930,10,-4;952,9,-5;990,43,-27;1000,5,-5;1024,16,-10;1078,46,-26;1080,-53,32
avenida|presidente|tancredo de almeida neves|residencial nova floresta|38840326|43,-1900879,-4631555;53,7,-7;83,12,-36;113,18,-35;119,-5,-5;121,3,2;123,2,1;143,7,-23;153,3,-8;243,38,-99;263,8,-19;283,11,-23;343,21,-50;363,6,-18;435,33,-78
avenida|presidente|tancredo de almeida neves|santa cruz|38840326|2060,-1900106,-4632376;2070,0,-6;2080,13,-3;2090,5,2;3000,12,-15;3010,14,0;3020,1,-3;3030,-3,-7;3040,20,-10;3050,2,-6;3060,11,3;3070,11,-8;3080,5,-1;3090,10,-11;4000,8,-5;4004,3,4;4010,10,4;4020,5,-12;4030,6,-4;4050,13,-6;4060,13,-8;4070,11,-12;4080,2,3;4090,4,-9;5000,10,-1;5010,11,-4;5020,9,-6;5030,9,-1;5034,0,-4;5040,11,-5;5046,-1,-2;5050,1,-1;5060,13,0;5070,9,-11;5080,6,-1;5090,9,-6;6000,8,0;6010,5,10;6020,2,-22;6060,41,-15;6070,2,1;6075,25,-39;6080,-16,29;6085,22,-30;6090,-8,23;6091,22,-18;6095,-6,-9;7000,-10,19;7010,8,-4;7020,10,-4;7025,-2,-18;7035,9,-3;7045,9,-5;7050,3,13;7055,5,-20;7060,10,17;7065,-2,-14;7070,3,4;7080,10,-8;7085,3,-10;7090,7,10;7095,0,-12;8000,7,11;8005,5,-17;8010,9,8;8015,-10,-22;8020,11,25;8025,-3,-22;8030,12,15;8035,2,-16;8040,9,8;8045,1,-16;8050,2,17;8055,0,-22;8060,8,18;8065,2,-19;8070,9,12;8075,-4,-18;8080,10,13;8085,0,-15;8090,7,13;8095,7,-23;9000,4,12;9005,1,-13;9010,7,7;9015,-6,-10;9025,15,-22;9050,20,24;9060,33,-24;9065,-17,-3;9070,3,13;9080,2,-8;9085,7,-20;9105,16,-10;9110,9,15;9115,-2,-14;9120,7,15;9125,-1,-15;9130,10,10;9135,0,-24;9140,11,15;9145,0,-20;9150,1,22;9155,3,-26;9164,1,22;9165,12,-25;9175,3,-3;9180,8,19;9185,-1,-25;9190,7,21;9195,5,-27;9210,24,17;9215,-6,-23;9220,12,16;9225,-10,-24;9235,11,-2;9255,25,-11;9265,-2,-7;9275,15,-1;9285,1,-5;9295,10,-16;9305,8,5;9315,9,-6;9325,9,-8;9345,13,-3;9355,8,-7;9365,12,-2;9375,6,-6;9385,9,-2;9395,12,-6;9425,22,-15;9435,7,-5;9445,7,-2;9455,7,-4
avenida|santa|cruz|penitenciaria|38847899|2150,-1899256,-4632683
avenida|santa|cruz|santa cruz|38847899|520,-1899630,-4632387;530,2,-15;540,-7,-1;550,-3,-5;935,260,-176;970,17,-28;1635,-165,280;1655,13,-20;1685,14,-27;1690,-114,-147;1700,2,-2;1704,142,156;1705,-25,-26;1710,16,19;1715,-13,-30;1720,27,29;1725,-13,-24;1730,13,4;1731,6,-6;1735,-13,-5;1740,13,12;1745,-13,-21;1750,17,-8;1755,-12,-6;1760,12,9;1765,-5,-21;1775,-1,13;1780,16,-10;1790,9,-3;1800,10,-6;1805,-19,-23;1810,16,8;1815,-10,-42;1820,16,37;1825,-7,-17;1830,11,12;1835,-12,-25;1840,23,21;1845,-12,-25;1850,16,2;1855,-11,-12;1865,4,-10;1875,-3,15;1890,24,-15;1900,6,-11;1910,11,-13;1920,2,-3;1930,-7,-9;1934,10,-4;1940,5,-16;1945,-16,-6;1950,20,13;1955,-6,-17;1960,12,1;1965,-16,-12;1970,24,13;1980,-1,-11;1990,4,-13;2000,24,-10;2010,-17,-1;2300,-410,-59
avenida|sargento|vandec|central|38840032|13,-1899772,-4631759;15,-1,-3;16,-2,4;19,-5,-12;23,-3,-3;27,-6,1;38,24,0;46,-8,-5;47,-19,-14;52,16,12;58,-2,-21;61,-13,-3;63,-17,-9;65,14,5;73,9,-10;76,11,12;77,219,-185;88,-223,164;98,0,-8
avenida||amazonas|parque bela vista|38842380|151,-1899557,-4629169;161,2,-2;171,13,-6;181,11,0;191,17,-5;1070,62,-23
avenida||bela vista|bela vista ii|38842352|31,-1899959,-4630153;81,22,72;155,29,74;179,-11,7;239,24,68;251,-9,-6;275,9,17;353,20,70;457,18,122;471,1,13;483,-4,12;497,-1,10;509,20,2;523,-11,18;535,14,8;681,50,176;685,-29,-111;773,32,164
avenida||bela vista|parque bela vista|38842352|699,-1899738,-4629289;895,-21,-48;991,25,98;1015,4,20
avenida||costa junior|central|38840024|14,-1900026,-4631786;17,8,-4;18,-11,16;21,11,-10;25,3,7;30,-14,11;31,22,141;40,-17,-131;41,21,150;45,-15,-150;47,20,159;49,-16,-169;55,2,21;57,15,158;77,-5,23;79,-6,-147;81,9,145;89,-11,-135;97,12,151;109,-9,-140;111,11,148;115,-11,-134;293,22,183;306,-17,7;315,17,8;320,0,12;332,-4,31;333,7,-28;334,-9,45;338,-6,-39;340,5,24;342,-5,-12;357,28,17;359,3,18;361,-29,4;363,7,2;364,-1,0;367,-5,7;371,20,5;376,-17,-2;380,3,10;396,-4,7;397,21,17;408,-14,-1;420,-1,10;430,7,20;440,1,15;448,7,6;450,9,10;456,-14,10;461,-5,-31;464,10,25;467,2,-15;471,-12,-6;475,14,10;490,-2,39;491,8,102;493,-11,-79;505,8,15;506,-3,-2;509,29,5;515,-28,9;520,0,-4;525,7,21;528,-17,-16;532,1,5;536,7,12;541,50,19;544,-49,-15;545,13,12;551,-5,-7;557,-3,6;559,-2,9;564,3,-13;565,-1,16;568,6,-16;569,-14,10;574,10,-1;587,10,24;589,-4,3;591,-8,16;593,5,-13;594,-10,1;600,1,2;609,18,54
avenida||costa junior|parque do taboao|38840024|2,-1900040,-4631861;5,24,52;7,-8,-34;8,-10,-5;13,16,16;15,-3,12;24,-15,-22;32,-2,11
avenida||das palmeiras|boaventura braz|38844314|24,-1900721,-4631985;36,-4,-4;90,-50,-20;100,-10,-1;110,-5,-6;120,-7,-2;1010,45,15
avenida||das palmeiras|residencial nova floresta|38844314|111,-1900801,-4631993;169,-45,-21
avenida||elias de deus vieira|alto niteroi|38840300|531,-1898721,-4630870;541,-7,10;551,-7,16;581,-7,29;591,-6,7;601,-6,17;605,-3,20;675,-38,72;685,-2,10;695,-9,13;715,-4,22;725,-3,9;735,-3,9;745,-8,22;755,-5,12;831,-22,39;841,5,14;851,-6,7;861,-2,18;871,-4,5;3525,94,-247
avenida||elias de deus vieira|alvorada|38840300|500,-1899249,-4630773;510,3,12;520,2,4;530,7,14;540,-3,7;718,26,127;728,-3,10;738,11,9
avenida||elias de deus vieira|jardim das palmeiras|38840300|812,-1898855,-4630576;826,-3,20;838,-4,11;854,-8,5;868,-5,16
avenida||elias de deus vieira|minas gerais|38840300|13,-1899245,-4630777;530,508,-100;550,-15,36;555,-490,84;560,484,-67;565,-485,91;585,12,2;590,463,-74;600,-5,13;610,0,13;615,-452,76;620,452,-69;625,-453,84;630,445,-77;635,-436,85;640,434,-75;645,-438,83;655,6,14;683,-28,-106;707,34,146;717,0,11;727,5,3;729,0,12;740,367,-50;747,-364,56;756,365,-34;760,-7,7;770,3,3;780,-12,16
avenida||joao batista da silva|amazonas|38842110|20,-1899993,-4629970;40,4,36;60,8,37;531,-78,-493;630,-14,-61;640,-31,88;644,50,25;646,16,-3;648,-2,13;650,-12,16;665,-1,-31;675,3,8;701,37,138;709,-55,-95;740,27,60;750,0,11;760,0,4;770,7,-2;774,-2,5;786,4,6;790,0,11;800,5,4;810,3,2;820,4,8
avenida||joao batista da silva|juscelino kubitschek|38842110|14,-1900184,-4630914;20,-19,15;28,5,34;35,11,-13;42,3,23;52,-2,14;75,2,-9;76,0,17;79,12,-14;83,3,28;94,-7,-6;99,5,17;105,-5,5;109,5,-3;110,-9,16;113,11,-7;117,11,52;119,-2,-43;120,-27,5;125,28,0;128,-26,16;130,8,-8;138,3,-10;140,-11,12;145,26,6;169,0,21;173,-6,-2;175,3,7;176,20,-11;185,-15,12;186,-2,6;190,-2,19;195,9,-12;205,12,3;208,-17,10;214,4,14;215,0,-13;220,-6,26;225,9,-13;226,3,14;235,5,-13;246,-4,32;255,14,-7;256,-13,15;265,-1,1;268,5,16;277,13,-7;280,-2,0;284,-12,14;288,20,14;292,-17,-16;293,5,-2;299,-4,11;307,18,14;335,-2,16;340,-12,5;345,21,8;347,-15,4;348,6,-3;351,9,12;353,2,3;358,-11,-4;368,5,4;372,7,1;376,10,1;377,-2,20;393,-25,32;398,22,-5;399,0,9;403,6,2;410,-15,5;411,4,21;423,21,-4;431,8,-3;438,-27,7
avenida||joao reges|amazonas|38844082|11,-1900345,-4630375;21,-11,2;31,-10,3;41,-5,1;51,-9,1;61,-16,7;71,-9,1;111,-26,1;123,-10,3;135,-5,2;149,-8,2;1248,136,-31
avenida||joao reges|jardim ouro verde|38844082|189,-1900491,-4630345;199,-8,-2;209,-8,0;247,-38,14;259,-8,-3;271,-11,9;283,-13,1
avenida||joao reges|paraiso|38844082|12,-1900337,-4630405;22,-21,11;32,-14,9;42,-9,7;52,-10,-6;62,-12,-4;72,-2,9;112,-24,0;120,-20,6;134,-10,0
avenida||paranaiba|central|38846050|4,-1900166,-4631519;12,4,2;28,-4,-15;40,-2,-12;54,-1,-16;140,-16,-74;164,-5,-28;176,2,-8;188,-2,-14;198,-8,-12;234,4,-16;244,-7,-23;300,-4,-26
avenida||paranaiba|paranaiba|38846050|15,-1900174,-4631520;25,-7,-13;41,6,-11;45,0,-1;47,-10,-8;71,-4,-37;79,-53,-473;81,48,464;87,7,-12;98,-8,-13;117,-4,-21;127,5,-11;137,-6,-8;173,-1,-20;185,0,1;235,-4,-42;237,-2,-4;255,-5,-7;265,4,-6;275,-6,-13;310,7,-38;327,-15,2;331,-2,-21;334,26,8;335,-19,-16;337,-3,-7;341,-25,-7;344,32,14;354,-1,-8;364,2,-7;366,1,-3;377,-16,-41;394,10,22;396,-6,-21;400,0,-7;408,-3,-34;417,-3,15;422,-6,-69;427,-1,60;437,2,-3;443,-5,-10;448,1,-39;449,-2,29;453,10,-6;459,-11,-18;463,-1,-27;464,7,-5;469,-11,9;470,8,-15;474,3,-2;475,-13,2;480,9,0;487,-9,0;488,7,-22;490,-2,3;491,-9,8;494,9,-8;497,-6,-9;501,-9,-11;510,16,6;520,-3,-11;525,-12,-10;530,13,2;545,-14,-18;564,5,-26;569,-12,-15;574,9,4;580,2,-8;590,-3,-12;600,-2,-6;610,-1,-6;616,-2,-8;620,-1,1;630,0,-6;639,-8,17;640,9,-23;649,-10,19;650,9,-35;659,-13,18;660,12,-24;669,-15,15;670,6,-17;679,-3,12;680,6,-22;689,-3,13;690,1,-24;693,-6,9;700,8,-22;703,-14,6;710,12,-11;713,-14,5;730,16,-33;740,-11,-2;750,2,-12;751,-12,5;760,11,-17
avenida||zico da usina|amazonas|38844118|1351,-1900455,-4630318;1355,-5,-23;1371,2,42;1401,16,39;1411,5,5;1421,0,14;1431,6,9
avenida||zico da usina|jardim ouro verde|38844118|1336,-1900474,-4630340;1350,0,13;1362,6,11;1376,1,16;1388,-2,11;1414,11,27;1426,6,13;1438,3,8;1498,9,59;1510,2,15;1558,3,21;1594,16,54
avenida||zico da usina|novo paraiso|38844118|446,-1900946,-4631038;482,11,28;542,25,50;578,21,38;590,-3,14;602,-1,4;660,25,53
avenida||zico da usina|paraiso|38844118|179,-1901015,-4631279;181,2,10;191,3,6;201,4,8;211,4,8;223,1,12;227,7,3;233,0,2;243,4,12;289,15,59;299,5,5;311,4,10;323,4,11;385,20,45;395,2,14;405,4,13;445,18,40;455,2,3;489,4,13;529,15,42;539,3,15;549,332,414;555,4,4;559,-2,2;565,-330,-399;589,10,7;591,4,9;595,-1,2;603,8,16;611,1,8;619,1,7;627,0,4;631,7,7;663,6,18;741,44,58;751,-4,14;787,27,23;799,11,5;849,30,43;859,11,9;875,7,6;921,25,27;947,5,4;953,0,9;961,13,-1;962,-85,-93;987,114,126;993,2,4;1013,11,13;1023,8,4;1033,11,13;1043,5,10;1063,12,7;1161,53,55;1171,15,0;1181,2,9;1191,8,7;1261,48,89;1275,5,17;1281,2,-3;1300,-27,-48
beco||joaquim de oliveira silva|juscelino kubitschek|38847899|13,-1900250,-4631022;20,-5,6;30,2,-24;39,-21,17;40,10,-15;50,-23,13;59,1,3;60,-8,1;69,-5,3;70,-2,-5;79,-6,7;80,-61,-38;82,3,14
beco||tupi|santa cruz|38847899|35,-1900162,-4632161;250,10,22
chacara||berrador a|berrador|38840001|11,-1894220,-4632204
comunidade|sao|bento e lenheiros|agua limpa|38840001|2,-1889624,-4622904
comunidade|sao|bento e lenheiros|grotao|38840001|43,-1887504,-4621373
comunidade|sao|bento e lenheiros|lenheiros|38840001|1,-1898324,-4627518;4,108,1227;5,2950,817;10,-3798,-901;12,604,-943;13,-18,6;19,5455,1261
comunidade|sao|bento e lenheiros|sao bento|38840001|3,-1893635,-4627620;10,238,-166;14,-31,203;31,593,-1853
comunidade||araca|araca|38840001|26,-1894068,-4620518;28,8,46;40,-3,-3
comunidade||campo alegre|sao barto 2|38840001|18,-1892008,-4644501
comunidade||mata do salgado|mata do salgado|38840001|3,-1900389,-4616388;7,-41,35;11,-72,34;13,64,41;15,-10,56;20,-38,-102;35,41,-10;45,-5,-4;65,14,-11;69,-132,-48;437,152,34;451,-39,34;460,-44,-23;461,4,-17;600,16,105;610,39,-70;620,-74,120;640,-10,13;660,-1194,-2116;680,1194,2079;687,108,-125;688,-29,29;700,-16,259
comunidade||matinha|matinha|38840001|2,-1897361,-4624085;4,51,-117;5,-92,-28;10,-33,27;25,340,95;29,-75,30;34,3,-14;59,16,-7
comunidade||pimentas|pimentas|38840001|2,-1898044,-4606015;3,1486,-36;4,-570,351;5,94,113;12,-29,-1180;13,33,286;16,-267,-737;18,217,599;20,-140,-420;25,70,410;33,96,-107;36,-14,130;38,-65,-68;43,-145,154;56,1279,548;78,-1151,-639;84,-40,129;89,78,-160;90,20,66;93,80,23;100,-183,-42;135,-107,93;137,705,234;153,-562,-417;154,-62,111;157,28,22;159,-14,32;180,-45,-24;181,8,-1;192,-35,6;197,55,-14;210,-72,57;320,218,-219;350,-132,49;528,11,-16
entrada|sao|bartolomeu|sao barto 2|38840001|1,-1891715,-4640796
entrada|sao|bartolomeu|serrinha|38840001|8,-1896564,-4635331
espigao||araca|araca|38840001|6,-1893995,-4620530
estrada||agua choca ivam jose de almeid|serra do barreiro|38840001|47,-1893558,-4608914
estrada||agua limpa capoeirao|agua limpa|38840001|11,-1883034,-4623905;17,-369,-555
estrada||bebedouro agua choca|agua choca|38840001|20,-1893940,-4610322;28,-38,-591
estrada||cedro|cedro|38840001|2,-1895707,-4610152;11,226,1243;34,-418,-116
estrada||d oliveira|lagoa dos estulanos|38840001|22,-1906901,-4630224
estrada||da cachoeira|cachoeira|38840001|2,-1905257,-4626175
estrada||da cachoeira|lagoa dos estulanos|38840001|38,-1902962,-4626825;1320,2158,-3911
estrada||da cachoeira|paraiso|38840001|3,-1903313,-4630796;1401,-829,3266
estrada||da cachoeira|pouso dos carreiros|38840001|36,-1903136,-4627334;39,-67,-82
estrada||da granja|lagoa dos estulanos|38840001|12,-1901934,-4627871;1490,553,-296;1494,-89,114
estrada||do santinho|saida para patrocinio|38840001|2,-1905268,-4637112;3,1013,1176;15,-605,-225
estrada||do se custodio|cachoeira|38840001|7,-1905378,-4627154
estrada||estrada do brejo|carmo do paranaiba|38840001|24,-1903608,-4633929
estrada||lagoa dos estulano|cachoeira|38840001|18,-1906086,-4627007;24,-376,-438
estrada||lagoa dos estulano|lagoa dos estulanos|38840001|9,-1905413,-4627654;26,-1401,34;1426,2360,347;1447,-1731,-3030
estrada||lagoa dos estulano|paraiso antes da ponte divisa serra do santin|38840001|1416,-1904628,-4627266
estrada||lagoa dos estulano|paraiso|38840001|1433,-1904740,-4627994;1434,267,535
estrada||localidade boa esperanca|estrada serra do santinho|38840001|1,-1908412,-4639061
estrada||localidade boa esperanca|serra do santinho|38840001|7,-1907106,-4638203;10,-1307,1294;11,-273,303;22,182,847;23,400,687
estrada||municipal carmo lagoa do estulano|novo paraiso|38847899|142,-1900911,-4630732
estrada||para soares|alto niteroi|38847899|1055,-1898240,-4630594;1065,10,-13
estrada||patrocinio ao carmo do paranai|atras da estrada em direcao patrocinio|38840001|19,-1902029,-4642229;20,1511,-170
estrada||patrocinio ao carmo do paranai|saida para patrocinio|38840001|19,-1901760,-4641412;20,500,-1504
estrada||que a para morcego|lagoa dos estulanos|38840001|3,-1905124,-4629617
estrada||sao bardolomeu e almas|fazenda almas|38840001|10,-1897676,-4636730;11,1442,3263
estrada||serra barreiro|serra do barreiro|38840001|7,-1895917,-4609194;8,2022,1923;9,933,-393;10,311,63;11,-1340,-99;13,1024,44;14,-686,-1505;15,417,1015;17,-208,-771;18,525,852;19,-826,-1625;21,-2070,2242;28,2090,-3468;51,-1206,2173
estrada||serra do salitre|morro grande|38847899|161,-1900206,-4632478;171,-1,-11;231,7,-46;351,23,-114;361,2,-10;397,4,-24;421,7,-29;441,10,-22;521,12,-76;531,6,-19;541,0,0;551,2,-12;581,3,-23;591,-20,87;611,24,-117;621,2,-12;641,10,-25;651,0,0;661,2,-11
estrada||serra do santinho|paraiso|38840001|1247,-1904782,-4632731
estrada||serra do santinho|serra do santinho|38840001|12,-1903927,-4632674;19,1203,796
estrada||sossego|serra do barreiro|38840001|12,-1894775,-4607053;21,20,330
estrada||sossego|sossego|38840001|2,-1893498,-4606909;3,-1570,1717;4,-510,-1047;6,1548,-1140;7,-1303,1156;9,255,-987;10,116,-83;11,-54,-162;12,1196,420;13,-1353,-378;14,-2,-57;15,209,78;16,923,63;17,-739,-117;18,-498,152;19,-177,166;20,803,-275;21,-890,-20;22,1121,451;23,-269,-533;24,142,129;26,94,207;27,-260,-113;28,-57,303;31,-7,190;33,-48,439;34,88,6;47,-354,-1084
favela||cedro 36|cedro|38840001|17,-1897725,-4607939
fazenda|santa|cecilia|paredao|38840001|23,-1898885,-4620976
fazenda|santa|cecilia|santa cecilia|38840001|15,-1901456,-4623693;16,2654,549
fazenda|santa|clara|santana de patos|38840001|7,-1892026,-4638270
fazenda|sao|barto 1|sao barto 1|38840001|1,-1895969,-4640358;3,-269,6888;4,2515,-5590;10,-2721,-3568;12,-647,1138;14,1557,544;15,-702,7477;18,1644,-8565;20,682,-261
fazenda|sao|barto|fazenda almas|38840001|6,-1896998,-4641306;20,-846,459
fazenda|sao|barto|santana de patos|38840001|11,-1892034,-4645473
fazenda|sao|barto|sao barto 1|38840001|3,-1895735,-4644163;4,-378,494;6,-517,-151;12,396,10353;26,760,-5095
fazenda|sao|barto|sao barto 2|38840001|5,-1892075,-4645642;10,-992,800;15,1053,326;30,796,2811;32,-811,-890
fazenda|sao|batolomeu 2|sao barto 1|38840001|23,-1898036,-4641901
fazenda|sao|batolomeu 2|sao barto 2|38840001|4,-1893695,-4639509;9,5273,1453;10,-3594,-6457;30,-3,-1
fazenda|sao|bento|sao bento|38840001|1,-1893811,-4628581;2,-1012,-807;3,196,190;4,-695,-475;5,2683,923;6,-511,665;7,-1006,-479;8,-242,-414;9,386,104;10,-437,-285;11,1498,1523;12,-795,58;13,-1238,-733;14,3313,2343;15,-2013,-844;16,-1308,-2105;17,-218,1273;19,-886,-691;20,-477,-38;21,2768,133;22,457,223;23,306,-1252;24,399,1335;25,-995,-1380;26,1192,1965;29,-380,-1907;31,1292,2842;32,792,1211;34,-2095,-4254;36,-5,4;41,2037,4447;42,-11,-48;210,-4346,-4663;240,-1,-45;245,41,0;280,-36,3;408,93,43;409,-19,-22;412,9,27;413,24,16;414,6,36;430,-3,-86;736,271,67;840,162,-20;880,25,12;881,-4,12;951,1093,736;967,690,-1000;1500,-1406,348
fazenda||agua limpa 12|agua limpa|38840001|34,-1883048,-4621824
fazenda||agua limpa 13|agua limpa|38840001|30,-1883117,-4623216
fazenda||agua limpa 14|agua limpa|38840001|33,-1887413,-4625159
fazenda||agua limpa 15|agua limpa|38840001|30,-1884688,-4622179
fazenda||agua limpa 18|agua limpa|38840001|16,-1883511,-4620600
fazenda||agua limpa 19|agua limpa|38840001|11,-1883318,-4620182
fazenda||agua limpa 1|agua limpa|38840001|23,-1885172,-4623350
fazenda||agua limpa 1|colegio|38840001|9,-1890262,-4628743
fazenda||agua limpa 24|agua limpa|38840001|1,-1884268,-4619789
fazenda||agua limpa 27|agua limpa|38840001|7,-1886116,-4620627
fazenda||agua limpa 28|agua limpa|38840001|32,-1886430,-4620161
fazenda||agua limpa 29|agua limpa|38840001|33,-1886296,-4619802
fazenda||agua limpa 2|agua limpa|38840001|2,-1885439,-4609256
fazenda||agua limpa 2|farofa|38840001|21,-1886086,-4607401
fazenda||agua limpa 33|agua limpa|38840001|1962,-1885194,-4623008
fazenda||agua limpa 35|agua limpa|38840001|28,-1887725,-4622923
fazenda||agua limpa 3|agua limpa|38840001|19,-1884639,-4621916
fazenda||agua limpa 41|agua limpa|38840001|32,-1883118,-4624294;61,-1476,2406
fazenda||agua limpa 42|agua limpa|38840001|6,-1882743,-4624600
fazenda||agua limpa 44|agua limpa|38840001|38,-1882488,-4624476
fazenda||agua limpa 4|agua limpa|38840001|15,-1884002,-4621007
fazenda||agua limpa de maria marta maga|agua limpa|38840001|22,-1882796,-4622437
fazenda||agua limpa de quintinos|quintinos|38840001|1,-1885516,-4610421;2,1041,-527;3,-92,516;5,675,-1370;6,1493,-707
fazenda||agua limpa do egmar ferreira|agua limpa|38840001|36,-1882496,-4624468
fazenda||agua limpa do paraiso|corrego paraiso direcao a cerra do santinho|38840001|1,-1910388,-4634182
fazenda||agua limpa eli jose borges|quintinos|38840001|35,-1886539,-4610468
fazenda||agua limpa jair ferreira|agua limpa|38840001|16,-1885257,-4620489
fazenda||agua limpa nascimento bias|balsamo|38840001|25,-1886661,-4623468
fazenda||agua limpa sebastiao ferreira|quintinos|38840001|7,-1890060,-4606596
fazenda||agua limpa viados 1|agua limpa|38840001|33,-1882794,-4622436
fazenda||agua limpa|agua limpa|38840001|1,-1886454,-4607640;2,-1463,-16163;3,4561,4644;4,-466,-461;7,-1978,11644;13,2900,3589;19,-2162,-18394;20,-1025,15379;21,675,-15824;23,2364,1402;37,-1607,-98;59,0,50;69,-47,27;93,72,-17;103,-17,-2
fazenda||agua limpa|quintinos|38840001|1,-1886246,-4608053;2,324,-2678;3,-1650,283;8,2330,699;10,-1320,809;13,-2835,178;14,6,2937;17,-3727,-3549;18,5462,360;20,-4416,-21;21,152,230;22,3696,1276;26,72,2393;29,521,-1787;30,-2136,-805;31,3236,-213;33,-1131,-1091;45,-2653,1092;49,-1800,-1114;55,3173,4294
fazenda||almas 2|fazenda almas|38840001|1,-1898209,-4638002
fazenda||almas|fazenda almas|38840001|2,-1898204,-4641600;3,-182,2319;5,189,-3084;6,454,872;8,-1435,3045;10,1938,-370;11,-800,2379;12,-676,-3571;13,1015,4899;14,-926,-4701;15,66,-268;17,344,6389;20,-77,-6240
fazenda||areias pardas andre|quintinos|38840001|53,-1881114,-4597984
fazenda||areias pardas cirineu|quintinos|38840001|52,-1882357,-4599094
fazenda||areias pardas jose nunes gon|quintinos|38840001|55,-1881117,-4597988
fazenda||areias pardas julio|quintinos|38840001|59,-1882672,-4599221
fazenda||areias pardas maria aparecid|quintinos|38840001|59,-1882413,-4599081
fazenda||areias pardas zico|quintinos|38840001|53,-1882190,-4599358
fazenda||areias pardas|quintinos|38840001|2,-1881647,-4598679
fazenda||atanazio|quintinos|38840001|8,-1885243,-4609999;10,-1721,1161;15,-624,-70;16,-122,-25;18,85,-85
fazenda||balsamo 2|balsamo|38840001|3,-1888687,-4622956;18,208,-393
fazenda||balsamo|balsamo|38840001|1,-1888897,-4623164;4,-957,-1830;8,172,170;12,90,-2312;18,-887,1745;19,-442,-1512;41,2225,2471;42,-447,343;43,-442,134;45,193,-213;410,-1876,-3536
fazenda||bananal|araca|38840001|4,-1893676,-4621701
fazenda||bananal|bananal|38840001|3,-1893732,-4622391;75,1693,1550
fazenda||bareiro 1|agua limpa|38840001|10,-1887765,-4622191;16,304,1128
fazenda||bareiro 2|agua limpa|38840001|26,-1887545,-4621352
fazenda||bareiro|agua limpa|38840001|25,-1887651,-4622553
fazenda||barra|barra|38840001|8,-1894621,-4616852
fazenda||barreiros|lagoa dos estulanos|38840001|4,-1908050,-4628519;5,-448,-122;28,851,185;1310,-425,-73
fazenda||barreiro|agua limpa|38840001|8,-1887211,-4622554;28,-514,-369
fazenda||barreiro|lagoa dos estulanos|38840001|6,-1908590,-4628978
fazenda||barreiro|quintinos|38840001|1,-1888112,-4605937;2,-2151,-492;3,-7,-11;5,-1224,-355;7,2829,442;8,-36,28;9,-1522,-141;10,1239,202;11,-602,525;12,294,-226;14,-101,139;15,-2,-2;16,-662,290;17,694,-270;18,-5,-1;19,480,-982;20,-1194,777;29,142,-1727;30,1,-151;35,1715,365;50,-917,-2685
fazenda||bausamo 4|agua limpa|38840001|29,-1886497,-4623120
fazenda||bausamo|balsamo|38840001|3,-1889047,-4623345
fazenda||bebedoura|quintinos|38840001|2,-1893323,-4609315;7,3895,654;13,34,-86;16,-3570,-525;18,2430,652;20,-1537,-408;25,2931,-1180
fazenda||bebedouro|bebedouro|38840001|5,-1895400,-4613928
fazenda||bebedouro|quintinos|38840001|11,-1874523,-4597136
fazenda||bededouro|bebedouro|38840001|52,-1892250,-4612446
fazenda||berrador 6|berrador|38840001|6,-1895667,-4632858
fazenda||berrador|berrador|38840001|10,-1895636,-4632629
fazenda||boa esperanca|carmo do paranaiba|38840001|5,-1906720,-4635649
fazenda||boa esperanca|estrada serra do santinho|38840001|4,-1904862,-4636164;68,-400,-961
fazenda||boa vista|alto niteroi|38840001|628,-1898263,-4631041
fazenda||brasilinha|quintinos|38840001|3,-1873737,-4597611;25,709,-532;60,368,1581;63,-1319,-1026
fazenda||bravinhos|corrego paraiso direcao a cerra do santinho|38840001|4,-1907575,-4639736
fazenda||bravinhos|estrada direcao aos bravim|38840001|2,-1902066,-4641052;6,-953,1805;7,2134,-2034;8,-107,96;14,327,491;16,-641,-803;19,-33,276;31,-256,613;48,1535,-1388;57,-910,890
fazenda||bravinhos|estrada em direcao patrocinio|38840001|5,-1900434,-4642389;15,-502,1263;41,-312,-338;47,1136,-1402;52,-1653,2213;58,486,-879;65,656,-205;69,47,24;102,-594,533
fazenda||bravinhos|saida para patrocinio|38840001|8,-1901282,-4641508;9,353,51;14,-345,-68;16,325,384;31,-647,534;52,910,2009
fazenda||brejos|estrada serra do santinho|38840001|5,-1902666,-4633978;21,357,-1204;69,-2551,758
fazenda||brejos|saida para patrocinio|38840001|23,-1903376,-4635963;40,-322,-950;55,1403,2987;61,-1415,-2964;93,3546,3639;96,-74,-890;100,-214,595;101,-2331,-3696;113,811,786;550,-311,2546
fazenda||cachoeira|cachoeira|38840001|1,-1906053,-4626939;23,-460,-351;24,-119,-285;233,170,132;1336,-226,413;1410,416,721;1456,883,-833
fazenda||campestre 1|campestre|38840001|10,-1894076,-4613786
fazenda||campinhos arnaldo|fazenda campinhos|38840001|30,-1888592,-4614758
fazenda||campinhos davi|fazenda campinhos|38840001|31,-1888591,-4614762
fazenda||campinhos digenar|fazenda campinhos|38840001|28,-1890289,-4614244
fazenda||campinhos jandira|campinhos|38840001|33,-1885688,-4614227
fazenda||campinhos|campinhos|38840001|2,-1885274,-4612250;24,89,-41
fazenda||campinhos|fazenda campinhos|38840001|1,-1888023,-4613550;3,123,987;14,-1465,-391;34,-1503,-4786;35,-19,553
fazenda||campinos helio|fazenda campinhos|38840001|27,-1889271,-4614837
fazenda||campo alegre|santana de patos|38840001|12,-1892002,-4644490
fazenda||campo do meio|campo do meio|38840001|1,-1891809,-4631163;2,721,-401;3,369,-6;4,-61,-426;5,-590,155;7,1313,655;9,-436,693;10,1,-1616;11,-244,1443;12,510,-531;13,220,-1046;14,-251,-94;15,18,-57;16,159,-225;17,-330,-12;18,778,-17;19,-270,110;20,-1291,425;21,633,-187;22,-897,-54;23,28,310;25,-351,433;26,800,877;27,672,-214;28,-647,-352;29,274,-2;32,-56,-305;35,-553,-146;36,-110,-25;37,-8,-32;39,105,480;44,45,302;48,-5,-17;55,-9,25;172,37,-222;182,-11,-6;292,-174,286;395,-3652,1204;410,4272,-649;430,-4523,626;967,2503,-127;1040,906,-570;1041,255,-223;1042,282,-150;1044,-954,-254;1045,424,185;1729,-1957,1246
fazenda||campo do meio|cupins|38840001|9,-1890449,-4637292
fazenda||campo do meio|sao bento|38840001|1729,-1893863,-4629676
fazenda||candeias|quintinos|38840001|2,-1868423,-4592801
fazenda||cedro 1|cedro|38840001|10,-1898049,-4608218
fazenda||cedro 31|cedro|38840001|23,-1896734,-4609108
fazenda||cedro 35|cedro|38840001|18,-1897426,-4608332
fazenda||cedro 37|cedro|38840001|16,-1897686,-4608468
fazenda||cedro 4|cedro|38840001|12,-1897944,-4608956
fazenda||cedro|cedro|38840001|13,-1897965,-4607975;14,109,-677;15,433,327;16,-236,-34;23,884,-818
fazenda||colegio|colegio|38840001|1,-1886597,-4627462;2,-421,-344;3,-1896,-231;4,708,129;5,-1402,-484;6,52,30;7,275,-126;8,-1486,-430;9,1061,174;10,344,-49;11,-754,-440;17,-58,-243;18,-671,-394;24,-627,1119;25,-308,376;401,540,186;1009,968,-941;1011,-352,-113;1031,-635,175
fazenda||colegio|pirapora|38840001|1,-1886579,-4627451
fazenda||colejio 1|colegio|38840001|410,-1888655,-4628340
fazenda||colejio 1|pirapora|38840001|20,-1887218,-4627874
fazenda||cupins|campo do meio|38840001|3,-1891245,-4631265
fazenda||cupins|cupins|38840001|1,-1890680,-4637471;2,-202,3012;3,-311,-992;4,-839,1450;5,1699,-3592;6,-1703,3909;7,574,-1116;8,1163,-2258;10,-310,-358;11,-843,2452;12,520,-1738;13,-598,2757;14,-692,119;15,1630,-2190;16,-348,846;17,1676,-1958;18,-562,207;19,-1391,-25;20,-780,1119;22,-395,201;23,-1209,1444
fazenda||esperanca|lagoa dos estulanos|38840001|18,-1907069,-4630826;103,-3,66
fazenda||farofa|farofa|38840001|7,-1879456,-4604521
fazenda||farofa|quintinos|38840001|1,-1877906,-4603697;6,1783,-971;8,-1810,-2023;10,-1128,2117;11,-55,-2511;18,1915,787;20,5547,495;23,-5144,-1259
fazenda||farrofa de cima|quintinos|38840001|11,-1879375,-4607959;22,2785,954
fazenda||fazenda almas 4|fazenda almas|38840001|5,-1896235,-4633469
fazenda||fazenda bravinhos|estrada fundos do santa cruz|38840001|3,-1899679,-4633230
fazenda||fazenda bravinhos|saida para patrocinio|38840001|2,-1902244,-4637594
fazenda||fazenda candeia4|quintinos|38840001|1,-1870162,-4592787
fazenda||fazenda candeias|quintinos|38840001|7,-1869279,-4590833
fazenda||fazenda candeia|quintinos|38840001|14,-1865950,-4589609
fazenda||fazenda da maria zamita|quintinos|38840001|26,-1870721,-4590633
fazenda||fazenda do abner|quintinos|38840001|27,-1870624,-4591309
fazenda||fazenda do camundo|quintinos|38840001|38,-1872254,-4589928
fazenda||fazenda do ernane|quintinos|38840001|4,-1871109,-4590568
fazenda||fazenda do eustaquio|quintinos|38840001|1,-1866638,-4589196
fazenda||fazenda do gilberto mendonca|quintinos|38840001|20,-1876826,-4600880
fazenda||fazenda do gilmar|quintinos|38840001|26,-1870580,-4591144
fazenda||fazenda do imidio|quintinos|38840001|4,-1870933,-4603668
fazenda||fazenda do iremar|quintinos|38840001|24,-1870923,-4590285
fazenda||fazenda do jovenilha|quintinos|38840001|4,-1872017,-4590745
fazenda||fazenda do julio|quintinos|38840001|10,-1868616,-4588839
fazenda||fazenda do luis carlos|quintinos|38840001|23,-1871862,-4590145
fazenda||fazenda do luiz nunes|quintinos|38840001|18,-1876699,-4600322
fazenda||fazenda do sebastiao|quintinos|38840001|1,-1872667,-4598797
fazenda||fazenda fradriques 6|fradiques|38840001|1,-1904909,-4620185
fazenda||fazenda lenheiros|lenheiros|38840001|8,-1894152,-4625368;31,1876,601;33,-895,341
fazenda||fazenda malicia|quintinos|38840001|5,-1881564,-4611317
fazenda||fazenda mata|quintinos|38840001|13,-1873902,-4595311
fazenda||fazenda nova candeia|quintinos|38840001|11,-1867532,-4590307
fazenda||fazenda sao barto|sao barto 1|38840001|5,-1894755,-4638909
fazenda||fazenda sao bento|campo do meio|38840001|40,-1890805,-4625155
fazenda||fazenda sao bento|grotao|38840001|2,-1888113,-4622179
fazenda||fazenda sao bento|sao bento|38840001|1,-1893433,-4627054;2,626,-1586;6,-433,-360;7,260,-106;8,512,1556;11,-920,14;13,1174,1762;15,-3254,-1502;16,2255,-1998;18,-2884,937;21,2135,-7;23,1023,70;24,1488,2459;27,-899,-2631;28,-194,-688;30,938,2762;43,2229,2190;46,683,1641;280,-5321,-6963;582,-1637,-236;3825,6094,5784
fazenda||fazendafuldas7|quintinos|38840001|8,-1871538,-4598050
fazenda||fradiques 14|fradiques|38840001|287,-1904991,-4620506
fazenda||fradiques 2|fradiques|38840001|288,-1905396,-4620994
fazenda||fradiques 5|fradiques|38840001|287,-1904928,-4620210
fazenda||fradiques 8|fradiques|38840001|286,-1905142,-4621250
fazenda||fradiques|fradiques|38840001|11,-1905246,-4620829;15,503,-484
fazenda||fradiques|mata do salgado|38840001|1,-1904932,-4620217;7,-703,-1026
fazenda||fuldas 1|quintinos|38840001|4,-1877788,-4600614
fazenda||fuldas 3|quintinos|38840001|3,-1872200,-4600839;9,-3077,2475;10,1999,2159
fazenda||fuldas 4|quintinos|38840001|11,-1874684,-4594376
fazenda||fuldas 6|quintinos|38840001|6,-1874592,-4593985
fazenda||fuldas8|quintinos|38840001|114,-1871763,-4603368
fazenda||fuldas|quintinos|38840001|1,-1875694,-4601297;2,1110,4892;3,3143,-6924;5,-3433,1533;6,555,4180;9,2801,-4368;14,-2275,-148;17,-3126,1644;23,2812,1545;30,-231,355;53,-1350,-2708;54,1061,675;65,798,-2916;66,2686,2277
fazenda||furnas|quintinos|38840001|4,-1877449,-4598289;5,3002,-3725;8,2908,1947;11,-3054,6077;12,-3085,-3105;20,1125,453;21,2292,-2762;50,-1185,-117
fazenda||geraldo carlos|quintinos|38840001|35,-1873021,-4598145
fazenda||gilberto|quintinos|38840001|19,-1877173,-4600816
fazenda||gordora|gordura|38840001|3,-1892227,-4618184
fazenda||gordura|gordura|38840001|8,-1896955,-4614152;16,525,-260;22,134,-495
fazenda||grotao|agua limpa|38840001|2,-1889171,-4622996;47,1777,2034
fazenda||grotao|grotao|38840001|1,-1888286,-4621496;4,-5163,1095;5,934,585;10,-904,-603;13,1379,-427;21,2010,-1816;32,-3139,-1764;37,68,-87
fazenda||grotao|lenheiros|38840001|8,-1894105,-4625293
fazenda||jardim 5|quintinos|38840001|26,-1869016,-4588136
fazenda||jardim|quintinos|38840001|1,-1866639,-4589200;9,-5338,-3158;11,6331,3380;13,-264,-614;15,-1843,505;16,1576,18;42,-4626,-1857;47,2711,2070;58,-1671,-1451;65,-2616,-3832;66,3151,3546
fazenda||lagoa azul evandro|quintinos|38840001|45,-1887192,-4603813
fazenda||lagoa dos esgulanos|lagoa dos estulanos|38840001|14,-1907173,-4629411;17,485,-97;20,79,288;1209,-693,-1462;1367,569,1734
fazenda||lagoinha|quintinos|38840001|3,-1888185,-4607503;6,415,-66
fazenda||lascao|atras da estrada em direcao patrocinio|38840001|14,-1900661,-4640689
fazenda||lenheiros|lenheiros|38840001|1,-1895696,-4626122;2,126,746;3,31,6;4,-5,-176;5,277,68;6,-677,-106;10,1586,182;11,-808,-911;12,-401,955;15,1956,-1214;16,165,216;17,-2426,1001;18,1526,-62;22,-171,267;25,445,-68;26,957,-693;27,397,418;30,305,369;32,-14,-290;36,-677,904
fazenda||lenheiros|matinha|38840001|3,-1897648,-4626358
fazenda||lenheiros|sao bento|38840001|5,-1893024,-4628828;6,-2498,-839
fazenda||macauba dalmiy|quintinos|38840001|49,-1891332,-4602794
fazenda||macaubas ronaldo|quintinos|38840001|55,-1891055,-4602910
fazenda||macaubas|lagoa dos estulanos|38840001|9,-1908415,-4629618;11,-1121,-57;12,-766,587;61,551,-654;92,640,33;111,581,220;1310,-532,-142
fazenda||macaubas|quintinos|38840001|1,-1891337,-4602789;5,-978,874;8,2015,-1815;74,1110,-685
fazenda||macauba|lagoa dos estulanos|38840001|1,-1909419,-4631215;6,-337,1495;8,1493,-1031;11,-531,1132;14,1164,-457;1603,-1855,365
fazenda||malbum|quintinos|38840001|17,-1870046,-4588886
fazenda||malhada 9|quintinos|38840001|7,-1872010,-4595089
fazenda||malhada2|quintinos|38840001|5,-1872028,-4595078
fazenda||malhada6|quintinos|38840001|3,-1871777,-4594769;19,-755,-164
fazenda||malhada|quintinos|38840001|1,-1872086,-4595012;52,745,-2567;55,154,723;65,-7,7559
fazenda||malicia|quintinos|38840001|7,-1882036,-4611008;8,-692,-739;10,2036,1659;12,631,269;21,-3129,-1289;24,-730,513
fazenda||mata do andrade|mata do andrade|38840001|24,-1888820,-4616810
fazenda||mata do salgado 28|mata do salgado|38840001|9,-1896987,-4614106
fazenda||mata do salgado 29|mata do salgado|38840001|7,-1896621,-4614094
fazenda||mata do salgado|mata do salgado|38840001|1,-1900441,-4616370;4,3383,1241;31,-3393,-1203;65,-20,27;451,-44,-58;600,44,108;610,-11,-37;686,29,-38
fazenda||mata dos barreiros|quintinos|38840001|43,-1888602,-4604238
fazenda||matinha|araca|38840001|49,-1894081,-4620512
fazenda||matinha|matinha|38840001|86,-1894683,-4621699;3110,676,1266
fazenda||monjolinho 2|monjolinho|38840001|7,-1899838,-4607405
fazenda||monjolinho 3|monjolinho|38840001|2,-1898221,-4607409
fazenda||monjolinho|monjolinho|38840001|5,-1898244,-4606942
fazenda||morcego|lagoa dos estulanos|38840001|1,-1903773,-4630587;2,-2491,225;12,1543,-738
fazenda||morinhos 1|agua limpa|38840001|1,-1884410,-4619119
fazenda||morinhos 2|agua limpa|38840001|13,-1883684,-4620165
fazenda||morinhos|agua limpa|38840001|9,-1883340,-4619369;11,372,-633
fazenda||morrinhos agua limpa vagner|agua limpa|38840001|11,-1882929,-4619946;12,-149,118
fazenda||morro do cabeca|quintinos|38840001|1,-1881566,-4608206;2,-530,512;4,1487,354;9,-342,184;10,195,804;18,-59,-1713
fazenda||nova esperaca do curtume|estrada cerra do santinho|38840001|2,-1908466,-4639354
fazenda||nova esperaca do curtume|saida para patrocinio|38840001|4,-1907639,-4639788
fazenda||osmar|quintinos|38840001|2,-1876957,-4601593;3,4992,6310
fazenda||palmeira alaide|quintinos|38840001|49,-1883415,-4600250
fazenda||palmeira antonio manoel|quintinos|38840001|45,-1886190,-4601548
fazenda||palmeira ataides|quintinos|38840001|51,-1883451,-4600708
fazenda||palmeira batuta|quintinos|38840001|56,-1882931,-4601326
fazenda||palmeira claudia|quintinos|38840001|52,-1883549,-4600738
fazenda||palmeira edite|quintinos|38840001|52,-1883462,-4600711
fazenda||palmeira flavio|quintinos|38840001|38,-1887334,-4604528
fazenda||palmeira helio claudino|quintinos|38840001|54,-1882935,-4599904
fazenda||palmeira helio|quintinos|38840001|47,-1885821,-4602236
fazenda||palmeira marieta|quintinos|38840001|51,-1888274,-4601289
fazenda||palmeira misael|quintinos|38840001|42,-1886804,-4604629
fazenda||palmeira osmir|quintinos|38840001|41,-1886953,-4604039
fazenda||palmeira wilson|quintinos|38840001|48,-1884120,-4600508
fazenda||palmeiras|quintinos|38840001|1,-1886510,-4602977;2,2530,2325;3,-2188,-906;8,1822,1277;9,-2031,-4725
fazenda||paraiso 2|lagoa dos estulanos|38840001|1,-1906118,-4627130;3,992,-2511;8,401,-1511;33,-667,1317;270,4397,-1352;1203,-3953,3358;1414,-75,562;1426,373,0;1427,164,-1129;1428,-96,237;1431,-152,201;1432,-474,268;1437,209,-25;1532,1827,-327
fazenda||paraiso 2|paraiso|38840001|1422,-1904488,-4628097
fazenda||paraiso e chapadao|paraiso|38840001|9,-1902140,-4630021
fazenda||paraiso|estrada cerra do santinho|38840001|9,-1907730,-4637710
fazenda||paraiso|paraiso antes da ponte divisa serra do santin|38840001|123,-1904647,-4627256
fazenda||paraiso|paraiso|38840001|1,-1904880,-4627837;1401,565,-43;1420,-324,539;1422,202,-402;1432,767,-50
fazenda||paraiso|serra do santinho|38840001|1,-1907822,-4634512;4,3378,5054;5,-587,-4420;6,-1074,-358;11,1554,3954;17,1878,-1722;1213,-6603,-894;1261,4013,-1024;1262,-1008,712;1263,-377,-136
fazenda||paredao|paredao|38840001|2,-1901633,-4621969;4,5431,3923;5,-82,-604;11,-430,-1711
fazenda||pimentas|pimentas|38840001|1,-1897587,-4606068;2,-735,1277;4,1234,-1875;7,-789,1242;8,-1073,808;9,1652,-1133;43,249,-833
fazenda||pimentas|sossego|38840001|16,-1897106,-4605790
fazenda||pimenta|pimentas|38840001|48,-1897122,-4605784;51,-176,42;53,463,-1213;63,-1485,2163
fazenda||pirapora 11|pirapora|38840001|20,-1886898,-4625707
fazenda||pirapora 1|balsamo|38840001|21,-1886698,-4625023
fazenda||pirapora 2|balsamo|38840001|20,-1886310,-4624770
fazenda||pirapora 3|balsamo|38840001|20,-1886903,-4625697
fazenda||pirapora 5|balsamo|38840001|20,-1887140,-4624574
fazenda||pirapora 7|balsamo|38840001|13,-1887466,-4624884
fazenda||pirapora 8|balsamo|38840001|2,-1887018,-4627805
fazenda||pirapora 9|balsamo|38840001|22,-1887225,-4625469
fazenda||pirapora colegio|pirapora|38840001|2,-1888130,-4626386
fazenda||pirapora|balsamo|38840001|20,-1886658,-4624551
fazenda||rodeiro|lagoa dos estulanos|38840001|9,-1908996,-4629290
fazenda||sao bartolomeu 10|sao barto 1|38840001|2,-1893358,-4640088
fazenda||sao barto|sao barto 2|38840001|11,-1892032,-4645476;12,27,982;261,3544,6428
fazenda||sao luiz|cachoeira|38840001|17,-1904689,-4622511;20,219,126
fazenda||sapecado|sapecado|38840001|4,-1897828,-4622435
fazenda||sem denominacao|sao bento|38840001|1040,-1891987,-4630526
fazenda||serra barreiro|serra do barreiro|38840001|16,-1893929,-4607679
fazenda||serra da boa vista|lagoa dos estulanos|38840001|1,-1907256,-4630292;9,-615,-490;10,3,-5;12,4140,-2571;1210,-3095,2552;1211,-256,66
fazenda||serra da boa vista|paraiso|38840001|1262,-1905595,-4633671
fazenda||serra da taquara|lagoa dos estulanos|38840001|11,-1907895,-4631147
fazenda||serra do barreiro belchior|quintinos|38840001|75,-1892049,-4602226
fazenda||serra do barreiro joao humbert|quintinos|38840001|18,-1890078,-4605995
fazenda||serra do barreiro luiz|quintinos|38840001|49,-1888735,-4602659
fazenda||serra do barreiro|quintinos|38840001|5,-1891521,-4606700;6,3583,796;9,-2606,-926;14,596,1454;54,-815,-1416;155,-1123,4027
fazenda||serrinha|serrinha|38840001|5,-1893986,-4636977;9,-2582,1645
fazenda||soares|soares|38840001|6,-1897233,-4630263;9,784,-266
fazenda||taquara|lagoa dos estulanos|38840001|1,-1909106,-4632640;2,1464,1719
fazenda||taquara|paraiso antes da ponte divisa serra do santin|38840001|3,-1909245,-4631883
fazenda||vaginha geraldo|quintinos|38840001|52,-1889200,-4600414
fazenda||vaginha nair|quintinos|38840001|65,-1888327,-4601991
fazenda||vaginha rafael|quintinos|38840001|55,-1888621,-4600255
fazenda||vaginha serradao|quintinos|38840001|60,-1887253,-4600932
fazenda||vaginha tarcisio|quintinos|38840001|57,-1888626,-4600937
fazenda||varginha|quintinos|38840001|3,-1887844,-4600952;9,-750,680;10,1,1
fazenda||velosa|velosa|38840001|1,-1888948,-4618576;4,-1888,-1697;7,2605,866;11,-2886,-2437;17,1962,2237;22,-641,-2;25,-1077,-314;32,1593,-557
fazenda||vista alegre|agua limpa|38840001|25,-1884215,-4622741;26,6,-1
feira||fazenda paraiso do paulinho|carmo do paranaiba|38840001|3,-1906055,-4638835
jardim||fazenda jardim|quintinos|38840001|6,-1873105,-4593323
povoado||agua limpa|agua limpa|38840001|17,-1884619,-4621932;30,-14,67;48,41,-96;53,-39,88;56,82,-100;57,7,60;58,-75,-41;62,23,61;76,-119,4;79,55,-9;81,47,20;83,-9,1
praca|nossa senhora|da abadia|juscelino kubitschek|38847899|124,-1900010,-4631210;128,10,-19;132,2,3;136,4,-1
praca|sao|francisco|central|38840020|146,-1900088,-4631608;196,12,23;218,7,32;290,6,-96
praca||artur bernardes|central|38847899|81,-1899687,-4631821;91,-14,-8;109,-19,-13;126,-16,-4
praca||do rosario|rosario|38840152|140,-1899346,-4631622;150,3,-8;162,2,-10;172,1,-17;182,0,-5;196,0,-13;206,4,-18;226,0,-9
praca||misael luiz de carvalho|central|38840036|6,-1899754,-4631608;7,-4,-15;9,-8,5;10,-1,6;11,-3,-3;12,-4,2;13,4,3;14,2,2;15,10,-9;16,-8,13;17,1,0;18,3,-2;20,11,9;21,-2,5;22,-6,-16;23,-3,-1;24,1,-3;25,10,5;26,-4,1;27,-4,-2;28,2,2;29,1,1;37,3,3;84,29,-46;87,-26,-10
praca||neca bernardo|lagoinha|38844056|2,-1900325,-4631361;5,3,19;10,-6,-15;20,-12,-1;25,4,26;30,-15,-25;35,9,29;40,-15,-29;41,4,38;49,0,1;56,-14,-38;82,-3,15
praca||nossa senhora da abadia|central|38847899|38,-1900024,-4631245;58,21,-32
praca||santo antonio|niteroi|38847899|143,-1898747,-4630922;153,-1,9;163,-3,10;173,-6,10
praca||tote barcelos|quintinos|38840001|40,-1886009,-4608465;100,4,-153;158,31,-17;160,1,-10;250,-27,-42
regiao||denominada morcego|lagoa dos estulanos|38840001|7,-1905348,-4630445
rodovia||br 354|posto recreio|38840001|6,-1903888,-4622374
rodovia||br 354|santa cecilia|38840001|3,-1900421,-4624391;6,-965,1348;39,-596,610
rodovia||carm0 quintinos|matinha|38840001|11,-1895875,-4622312
rodovia||carmo para patrocinio casa|estrada direcao aos bravim|38840001|8,-1901550,-4639916;11,1052,-546
rodovia||carmo para patrocinio casa|estrada em direcao patrocinio|38840001|14,-1900268,-4642578;15,160,-291;87,-65,159
rodovia||carmo para patrocinio casa|saida para patrocinio|38840001|5,-1900461,-4635376;9,-1371,-3760
rodovia||carmo para patrocinio sitio|atras da estrada em direcao patrocinio|38840001|15,-1900930,-4641458
rodovia||carmo para patrocinio sitio|estrada direcao aos bravim|38840001|18,-1901671,-4641015
rodovia||carmo para patrocinio sitio|saida para patrocinio|38840001|2,-1900499,-4641767
rodovia||lmg 743|araca|38840001|26,-1892928,-4618081
rodovia||lmg 743|gordura|38840001|2,-1892581,-4617403;25,770,-2463;89,-301,84
rodovia||lmg 743|matinha|38840001|13,-1895823,-4621584
rodovia||quintino jardin direita|quintinos|38840001|12,-1879406,-4602889
rodovia||quintinos jardim|fazenda fuldas|38840001|18,-1877107,-4599776
rodovia||quintinos jardim|quintinos|38840001|5,-1882218,-4605736
rodovia||via agua choca direita pareda|barra|38840001|2017,-1894621,-4616852
rodovia||via agua choca direita pareda|paredao|38840001|5,-1896284,-4618650;6,-6007,-4769;8,-599,1326;12,6279,1682;15,-5066,100;16,5281,1082;17,1296,2133;18,-1603,-2871;22,-2186,-1011;28,-402,1085
rodovia||via agua choca direita pareda|santa cecilia|38840001|6,-1902215,-4622639;12,223,216
rua|barao|do rio branco|juscelino kubitschek|38844058|3,-1900208,-4630950;5,-2,-12;85,-24,-58;89,-3,-10;100,-18,-2;106,23,4;109,1,-18;114,-11,-6;119,2,-3;120,-8,6;121,-4,-8;129,-4,-9;130,16,-6;139,-19,-7;149,5,-1;150,-14,0;157,26,28;159,12,70;161,-39,-108;173,68,118
rua|barao|do rio branco|lagoinha|38844058|192,-1900281,-4631141;201,-7,-14;202,0,1;213,-11,-13;216,10,4;221,5,30;224,-8,-39;225,-8,-10;230,4,-3;231,-9,-2;235,-6,2;242,12,-3;260,-10,-15;278,-11,-14;288,-4,-6;296,0,-13;297,-5,0;305,-2,-3;314,1,-10;317,-6,-1;318,1,-6;328,-1,-12;329,-5,11;345,-6,-19;346,7,1;357,-5,-11;368,2,1;376,-9,-18;378,11,24
rua|capitao|francisco antonio de morais|central|38847899|38,-1899470,-4631666;40,-400,646;88,373,-604;104,-3,5;116,-8,21;126,-19,14;134,13,-9;146,-23,23;156,-4,12;166,-7,13;176,-4,5;262,-40,57;272,-7,10;282,-7,6;302,-12,22;318,-3,5;322,-4,9;338,-12,6;350,-8,9;360,-12,10;428,-26,61;434,-3,10;444,-4,7;450,-6,2;452,-2,3;468,-3,12;476,-74,105;478,66,-101;486,-36,-16;496,30,31;506,-2,-6;588,-80,132;610,16,-36;646,-13,23;664,-1,17;676,0,-1;680,-12,13;710,-17,28;720,-8,2;740,-6,18;744,-6,-1;760,-3,30;764,-1,-3;790,-32,39;800,-6,-1;804,4,-6;844,-16,44
rua|capitao|francisco antonio de morais|parque da banheira|38847899|393,-1899676,-4631331;405,-12,6;421,17,-17;425,0,1;465,-23,33;493,-11,18;507,-8,6;519,-20,1;529,9,19;560,-22,27;649,-39,65;671,-10,16;689,-12,14;695,3,-6;725,-24,35;755,-24,37
rua|capitao|francisco antonio de morais|rosario|38847899|11,-1899437,-4631711;27,-24,45;31,32,-55;51,15,-21;71,2,-11;81,8,-10;89,17,127;97,-95,25;105,-10,8;113,-12,6;125,-7,14;127,31,-61;135,-34,67;137,40,-66;147,6,-14;157,-63,106;163,-8,9;171,-3,3;181,90,-143;255,-125,209;285,-25,27;299,-5,8;309,-4,13;323,-10,8;335,-5,17;355,-9,0;365,-8,14;371,-5,7
rua|conego|manoel|rosario|38847899|350,-1899602,-4631907
rua|coronel|anicesio|central|38840030|11,-1899744,-4631844;31,-17,2;121,-75,11;137,-18,4;145,-10,-2;155,-9,1;165,-13,4;175,-9,7;233,-46,1;235,-4,0;245,2,0;263,-23,3;267,-9,1;273,-15,1;281,-5,-1;365,-64,13;375,-12,0;385,-9,1;395,-8,7;445,-66,9
rua|coronel|anicesio|paranaiba|38840030|281,-1900222,-4631772;442,72,-15;444,-3,2;464,-17,-2;474,11,9;484,-18,-10;542,-40,6;550,-14,0;551,-6,14;561,-13,1;562,10,-7;565,-12,8;569,-3,1;578,-2,-6;581,-7,6;586,6,-9;591,-15,8;602,-5,-2;632,-27,4;635,-9,6;642,0,-5;652,-9,4;653,-6,-3;664,-5,2;693,-36,12;702,-2,-3;720,-9,-8;722,-1,11;725,-1,-1;728,-16,-9;732,7,7;733,4,10;739,-6,-5;742,-12,0;749,3,3;755,-9,4;772,-6,-5;776,-20,-2;778,-18,6;797,7,6;802,-14,-3;806,0,-2;807,7,2;813,-3,2;816,-15,-3;819,6,6;823,-4,-2;826,-10,-6;827,1,9;830,-10,-4;833,2,4;834,-4,-5;837,-8,7;840,9,-6;847,-10,11;852,-12,-6;854,16,-9;857,-7,15;858,-4,-8;860,-9,2;865,9,6;872,-24,-3;875,7,1;900,-41,-3;918,-28,9;925,35,1;930,0,-3;932,-35,4;935,30,-1;938,-5,-7;940,-39,7;941,36,2;947,-11,0;948,7,-6;950,-43,5;952,43,-5;955,0,6;956,-9,-5;958,-2,3;960,-31,6;971,0,14;980,25,-16
rua|coronel|anicesio|parque do taboao|38840030|14,-1899922,-4631825;16,192,-25;20,-10,-2;38,-18,2;46,-6,-1;134,-91,14;150,-14,2;160,-9,6;172,-11,1;180,-2,-4;248,-57,11;258,-10,4;268,-8,-3;276,-3,8;288,-9,0;328,-60,5;340,-14,-5;350,-8,12;368,-12,0;372,-5,-1;378,-4,4
rua|deputado|portela|central|38840048|10,-1899715,-4631629;19,1,-4;28,14,12;39,17,5;48,0,2;55,4,-3;58,4,22;63,8,-11;68,-3,13;92,20,18;95,1,-13;98,6,16;111,10,-6;114,0,14;140,13,12;143,12,-4;146,-6,4;150,6,5;155,-8,-17;158,15,23;163,12,-6;173,4,14;182,1,-2;190,2,8
rua|deputado|portela|rosario|38840048|73,-1899368,-4631387;191,-179,-132;241,30,18;251,0,9;255,16,2;283,17,24;295,9,4;300,-6,3;318,13,13;321,15,-1;330,-9,-2;339,25,15;359,9,-1;383,23,18;386,-11,3;396,10,6;399,11,-3;405,-1,1;406,3,16;411,10,-4;416,-15,1;450,22,14;461,19,4;470,0,10;475,13,-4;480,-2,13;489,13,-6;490,-8,12;525,35,14
rua|doutor|antonio a barcelos sobrinho|morro grande|38847899|25,-1900092,-4632442;40,7,-18;45,-15,0;55,-4,-8;60,12,0;65,-19,-8;70,11,3;75,-12,-9;90,4,-19;145,-37,-49;170,-4,-17;175,-14,-18;190,0,-3
rua|doutor|antonio alves|central|38840134|7,-1899611,-4631808;8,-9,23;17,11,-18;20,1,4;48,-84,124;52,6,-11;56,12,4;72,-3,-12;75,2,-6;88,8,-8;98,-2,-13;141,27,-40;146,-2,6;149,5,-10;172,16,-13
rua|doutor|antonio alves|rosario|38840134|42,-1899599,-4631821;64,7,-12;84,19,-18;114,10,-13;128,-3,-4;134,4,-14
rua|doutor|barcelos|central|38840078|10,-1899912,-4631390;16,-11,-5;18,35,17;20,8,34;21,4,-27;22,4,9;26,-6,-4;28,4,4;32,-63,-39;40,66,52;41,13,-12;46,-91,-55;49,3,-4;50,85,72;54,-97,-77;59,7,0;69,-22,1;71,135,89;74,1,3;93,8,-2;126,39,27;131,1,3;134,-4,2;141,4,-5;146,7,17;151,7,-6;156,-242,-143;157,-2,8;158,246,148;163,12,-9;168,-269,-142;169,-1,10;173,273,137;174,-5,8;183,8,-1;184,3,14;195,4,-10;200,1,8;205,-320,-140;220,3,-17;229,-14,19;230,-1,-11;239,-10,18;240,5,-17;254,-16,9;342,93,-25
rua|doutor|barcelos|lagoinha|38840078|290,-1900129,-4631397;293,8,9;300,-11,-5;305,-5,9;315,-20,10;320,5,-12;325,-9,18;334,-9,-8;335,0,12;346,-7,-10;347,-5,14;359,-4,2;372,-12,-7;373,0,13;383,-10,1;384,4,-11;393,-10,16;395,-7,0;396,5,-9;405,-9,11;406,5,-5
rua|doutor|barcelos|parque da banheira|38840078|221,-1899708,-4631245;231,9,-1;237,2,8;242,-1,8;246,4,10;249,5,-14;250,8,19;260,10,6;263,-8,-17;270,29,18;275,-11,1;281,7,-2;283,-3,3;295,11,6;307,10,5;371,49,36;391,25,17;431,15,9;440,-17,4;480,33,17;490,2,2
rua|doutor|carlos cypreste|paranaiba|38844066|800,-1900519,-4631534;820,3,-8;859,-8,-54;869,2,-8;878,-7,-15;879,6,3;888,-4,-9;889,4,3;893,-7,-6;898,0,-8;899,3,-2;908,-6,-6;918,1,-5;923,3,-11;936,-14,-34;946,3,-7;963,6,13;966,-15,-51;969,21,92;973,-11,-46;979,5,9;983,-4,-25;984,-9,-7;989,6,-17;997,6,-9;1006,-18,-6;1007,11,5;1016,-9,-16;1017,5,-9;1026,-8,9;1037,8,-17;1038,-9,-10;1047,8,3;1069,-9,-36;1070,-3,-11;1075,9,0;1079,-5,-3;1080,-4,6;1089,4,-9;1090,-6,-11;1099,7,-2;1100,-7,2;1109,7,-16;1110,-8,-4;1120,-4,-5;1124,-2,-1;1130,2,-15;1138,-14,-41;1159,20,22;1160,-10,2;1163,14,33;1165,-10,-40;1169,-1,-5;1170,-45,-48;1181,43,44;1189,3,-15;1190,-7,-1;1193,7,-7;1210,-10,-4;1241,5,-4;1251,0,-23;1260,-12,-12;1261,10,12;1262,-8,-5;1268,2,-11;1270,-2,-7;1271,3,8;1281,4,-13;1291,-5,-11;1301,-3,-33;1317,-1,-3;1319,-1,-6;1321,0,-8;1331,-1,-9;1341,-3,-4;1351,2,-13
rua|frei|santi de alia|alvorada|38847899|12,-1899493,-4630739;22,5,10;32,-1,1;37,15,17;38,-13,-11;49,9,6;50,-5,10;60,8,22;95,11,26;96,-7,3;101,4,-2;108,2,8;118,1,14;119,5,1;120,-5,0;143,-5,-37;167,7,21;172,18,93;182,-3,5;187,-14,-75;192,17,81;219,9,-3;229,2,5;239,-3,10;350,-3,6;812,-36,-160
rua|governador|valadares|central|38844116|243,-1899669,-4631391;249,-9,2;260,8,13;262,-3,-12;265,-12,-10;280,-10,-13;281,-5,5;282,-1,-20;283,-1,16;293,-12,-11;298,3,-7;310,-9,-6;313,-4,7;320,-5,-21;334,-18,-7;340,-5,-4;351,-12,2;361,-23,8;378,3,-33;381,1,2;391,0,-7;402,-8,-3;452,-32,-18;455,-11,0;456,6,2;460,-3,1;466,-15,-11;472,-26,-5;473,26,10;475,-10,-2;485,-9,2;486,8,-6;493,-16,5;545,-43,-5;554,-5,-6;559,-14,5;564,1,0;572,-12,4;573,-10,-7;591,-10,0;602,-13,-11;622,-3,2;699,-102,2;703,0,15;714,4,-17;724,-8,15;733,2,2;734,-10,-11;763,-18,18;768,-14,-13;777,1,14;778,-5,-7;789,-9,7;794,-2,-1;796,-2,-3;800,-7,6;801,5,13;805,0,-5
rua|governador|valadares|lagoinha|38844116|831,-1900189,-4631497;833,-7,2;837,2,-2;839,-17,5;849,7,3;861,-8,-8;865,-11,16;877,-7,3;893,-8,3;897,36,-19;909,-54,18;921,-10,3;931,-6,-4;933,-13,5;943,-16,14;955,9,-9;965,-20,-1;991,-22,13;1011,-27,-1;1019,-14,1;1051,-43,19;1069,6,1;1081,-14,0;1091,-7,1;1105,-11,8;1117,-14,2;1127,-9,2;1139,-9,-1;1145,-4,2;1155,-10,21;1187,-27,-17;1197,-14,5;1207,-9,8;1217,-8,3;1227,-10,2;1237,-4,0;1247,-8,2;1307,-49,11;1319,-17,2;1327,-4,-4;1337,-10,3;1349,-8,4;1381,-34,15;1393,-6,0;1405,-12,2;1411,-12,3;1427,-8,3;1437,-10,0;1447,-10,2
rua|governador|valadares|niteroi|38844116|4,-1899248,-4631028
rua|governador|valadares|paraiso|38844116|1409,-1900984,-4631304;1553,134,-31;1573,-49,13;1615,-13,3;1665,-50,11;1670,-22,-2;1675,11,1;1705,-26,8;1709,-9,0;1711,9,2;1715,-4,-1
rua|governador|valadares|paranaiba|38844116|689,-1900507,-4631438;812,334,-50;816,-35,-8;820,9,-14;824,6,23;852,-12,-9;864,-11,2;878,-7,4;888,-8,-17;892,-2,21;920,-41,10;934,-12,4;944,-16,6;954,-5,2;964,-1,0;978,-24,-2;992,-6,5;1004,-14,2;1010,-5,2;1020,-16,5;1036,-21,0;1112,-97,24;1358,-165,37;1440,-101,14
rua|governador|valadares|parque da banheira|38844116|13,-1899466,-4631218;67,-45,-42;83,-7,-3;91,-10,-5;121,-21,-14;135,-11,-4;145,-5,-7;155,-10,-11;165,-3,-10;175,-6,0;191,-23,-20;203,-12,-16;215,-5,0;225,-10,-6
rua|governador|valadares|rosario|38844116|12,-1899452,-4631220;14,-5,-6;58,-36,-35;66,-7,-4;68,15,13;148,-72,-56;156,-7,-6;186,-48,-35;196,-12,-8;202,-3,3
rua|madre|paulina|santa cruz|38846273|570,-1899774,-4632631;580,4,-6;590,16,-9;600,-1,-5;610,5,-3;620,17,-2;640,10,-8;650,11,-6;660,7,-5;670,5,-3;680,5,-6;690,13,-5;700,8,0;710,9,-7;720,14,-5;730,-1,-9;740,12,1;750,6,-7;760,17,-8;770,-1,-1;780,5,-5;790,7,-6;795,30,-17;805,7,-7;810,154,-87;814,-4,3;815,-146,85;820,1,2;825,8,-14;830,7,8;835,2,-9;840,3,5;845,3,-11;850,1,6;855,14,-11;865,8,-3;870,-4,2;875,1,-3;880,13,4;885,0,-14;889,8,-5;890,-5,11;895,9,-8;900,-3,8;905,-35,10;910,48,-17;915,6,-10;920,1,12;925,5,-17;930,2,11;935,3,-15;940,2,9;945,8,-18;950,3,9;955,9,-16;960,-9,15;970,10,-4;980,10,-5;1000,26,-8;1010,6,-9;1015,3,-11;1019,3,-3;1020,1,8;1025,96,-60;1035,-86,43;1045,92,-44;1055,-70,35;1065,7,-3;1075,8,-4;1085,5,-3;1095,15,-11;1105,2,2;1115,13,-9;1125,6,-2;1135,9,-7;1145,5,-2
rua|major|isidro|central|38840038|37,-1899731,-4631690;51,61,-142;73,-52,106;83,13,-8;93,-3,-18;112,6,10;129,7,-37;139,3,-7;144,5,10;149,1,-21;159,4,-13
rua|major|zacarias|quintinos|38840001|23,-1886015,-4608731;30,-5,-5;33,-14,21;40,12,-21;45,-9,14;51,-5,-24;52,16,-22;62,-8,-17;80,-8,-10;85,-26,17;86,22,-23;96,17,-18;98,-23,-1;100,14,-15;101,-23,46;103,-1,-17;127,-8,-45;129,-4,-12;133,-10,-13;135,7,-8;145,-10,-22;162,1,-15;164,19,43;168,22,-21;172,-32,1;175,-29,-42;180,41,20;185,-38,-22;195,-10,-22;205,7,-10;235,-9,-21;245,-5,-5;252,51,-5;272,-24,16
rua|padre|gregorio|parque da banheira|38840146|2,-1899610,-4631176;4,2,-12;5,7,10;8,-1,-17;12,4,-10;16,7,-8;17,-3,17;20,5,-30;23,4,16;24,9,-23;29,-4,14;32,1,-37;35,9,37;38,10,-40;41,-7,27;47,11,-8;53,-4,-8
rua|padre|gregorio|rosario|38840146|52,-1899533,-4631294;64,3,-10;66,15,-21;99,21,-16;100,-11,-3;110,6,-5;117,16,-9;120,-6,-3;130,5,-9;133,14,0;137,-20,27;139,23,-37;140,-10,3;141,12,-2;145,-4,-8;150,-1,-3;157,16,-7;160,-9,-5;169,11,0;179,-9,-18;191,22,-2;231,14,-28;236,-3,-4;248,7,-16;249,7,11;259,6,-8;264,-8,-12;286,10,-7;296,2,-4;305,4,7;320,14,-37;321,-6,26;330,15,-29;331,-5,21;341,2,-3;343,6,-6;346,6,-29;369,7,7
rua|padre|manoel|parque do taboao|38846084|4,-1899637,-4631961;22,-9,-7;32,-6,-4;35,6,-2;39,-3,-1;41,-10,2;44,1,-8;46,-3,-1;51,-2,1;64,-2,-4;74,-13,-11;80,-22,-20
rua|padre|manoel|rosario|38846084|21,-1899527,-4631879;22,-7,7;26,8,3;30,3,5;42,7,3;55,69,1;70,-64,0;72,8,15;75,1,-10;85,13,2;88,-2,18;95,17,-2;113,99,79;118,-101,-69;129,126,47;138,-104,-26;139,216,153;140,-3,7;142,8,7;143,-216,-170;144,219,172;145,-135,-106;146,-83,-61;149,224,156;150,2,14;151,-220,-168;153,10,3;155,84,58;156,-92,-57;157,224,164;160,-5,2;161,-99,-86;165,105,91;166,-212,-168;167,10,12;170,204,157;182,-207,-160;184,3,0;185,84,64;190,130,112;207,-180,-163;230,216,188;235,-408,-317;238,-1,-19;240,416,337;260,-452,-366;272,480,389;274,-470,-377;282,480,387;333,-438,-355
rua|padre|miguel|central|38840132|40,-1899576,-4631785;46,5,7;100,50,34;114,11,15;134,24,12;148,5,0;158,3,7;170,15,9
rua|padre|miguel|rosario|38840132|60,-1899398,-4631649;67,-169,-130;69,10,6;71,8,2;75,-6,5;87,12,9;97,7,11;107,3,2;117,14,-1;118,163,118;133,-136,-93;141,7,5;153,3,11;163,12,2
rua|prefeito|abilio braz|paranaiba|38846006|10,-1900627,-4631618;28,-7,1;30,-14,3;35,-4,2;40,-9,-3;45,5,3;50,-12,2;55,0,2;58,-12,-1;63,0,4;66,-9,0;71,1,3;76,-15,-4;79,5,0;92,-21,-4;95,6,10;108,-14,0;111,1,2;121,-11,4;159,-35,0;173,-13,5;187,-9,0;201,-12,4;215,-15,3;229,-14,-2;243,-9,1
rua|prefeito|ismael furtado|central|38846024|12,-1899781,-4631651;20,-8,1;38,-12,-3;39,-14,1;44,-17,-3;49,2,8;56,-6,-10;58,-9,5;61,8,9;64,-17,-9;77,-1,9;78,-15,-6;101,-6,9;118,-20,-17;147,-21,12;156,-11,-8;157,-4,9;159,-5,1;163,-3,6;164,4,-20;167,-14,3;172,9,0;179,-20,11;189,-9,0;210,6,-10;222,-10,1;230,-10,0;240,-11,-5;335,-120,16;350,-6,1;360,-12,1;361,5,8;374,-22,-8
rua|prefeito|ismael furtado|paranaiba|38846024|207,-1900618,-4631571;208,0,-4;211,-16,8;217,-9,2;220,22,-14;227,-32,11;228,7,-3;237,-10,5;238,6,-2;247,-15,4;248,3,-6;252,-7,2;260,-8,-1;267,-4,9;272,-6,-4;277,-4,4;284,-10,-3;287,-7,5;297,0,-1;304,0,-2;307,-23,12;314,15,-13;317,-15,13;324,9,-10;330,-19,-1;347,-22,13;354,15,-7;357,-28,9;367,-8,1;370,23,-17;384,-14,10;387,-29,7;397,-8,6;398,22,-10;407,-29,8;412,19,-7;417,-29,8;426,10,-5;427,-16,3;435,-12,10;437,619,-92;442,-603,81;447,-29,12;450,646,-101;456,-620,88;457,599,-82;458,2,-5;468,-2,-3;470,-626,94;478,608,-84;479,12,1;488,-37,-2;490,-3,12;495,-36,0;496,36,-1;506,-13,-11;520,-10,5;521,10,3;530,-20,1;540,-2,2;550,-9,-1;553,17,1;573,-31,15;580,-29,-12;588,6,0;589,4,7;595,-8,0;605,-14,1;606,4,-7;607,-4,9;608,-3,-9;617,-8,11;622,-9,-9;748,-24,5;760,-2,3;762,-3,0;774,-8,-1;784,-9,1;796,-27,4;798,-12,5;800,-6,-4;810,-23,8;830,-19,0;836,-11,5;840,-6,-2;851,-8,6;852,9,0;858,-13,-4;864,-3,2;871,-20,3;876,8,-1;883,-19,11;896,11,-16;1159,-12,4
rua|prefeito|joao luiz de carvalho|central|38840054|2,-1899935,-4631104;18,6,-8;32,6,-14;48,0,-13;53,-14,5;68,23,-21;69,0,2;77,0,-8;80,10,-4;89,-5,-8;96,8,-1;101,-3,-12;108,14,-3;113,-9,-8;122,11,1;136,11,-20;143,-2,-6;154,5,1;162,9,-14;186,5,-5;198,-1,-15;203,2,-10;214,13,-8;215,-2,-3;221,7,-2;224,6,-8;227,-4,-4;233,3,-6;236,4,5;241,-4,-11;261,10,-14;262,2,8;274,18,-26;283,-7,-2;294,16,-9;295,-8,-6;308,13,1;311,-9,-10;316,17,-12;321,-6,1;334,17,-6;339,-8,-12;344,4,6;358,8,-14;361,-9,-1;365,0,-16;366,10,4;367,-20,36;378,44,-39;386,-13,-7;387,4,-9;401,1,-7;402,5,-4;443,20,-47;444,3,11;449,3,-22;458,1,13;459,0,-16;463,9,-5;471,1,-3;473,-10,9;474,5,6;476,4,0;477,-22,5;478,27,-10;482,5,-8;483,-25,23;491,14,-22;500,21,-19;501,-9,-4;516,14,-5;517,-2,-10;526,13,-10;535,-6,2;549,4,-13;552,4,9;629,31,-80;635,-316,544;636,308,-525;641,17,-26;649,5,-7;650,-11,27;657,16,-43;660,-12,31;665,16,-38;668,-6,26;680,-5,5;684,35,1;685,-20,-36;687,7,-13;694,-8,22;700,13,-3;702,-2,-7;729,12,-50;739,8,-13;740,12,19;747,2,-23;750,-2,17;754,9,-18;757,-5,-5;764,13,1;777,-7,-12
rua|professora|dona chiquinha de oliveira|santa cruz|38847899|605,-1899342,-4632670;615,-15,5;625,12,-12;630,-6,18;635,-1,-29;655,-47,72;665,1,-2;675,-43,89;695,0,1;705,64,-220;715,-3,-7;725,-8,-9;735,-4,-11;770,-14,-39;780,-7,-3;785,-8,-1;815,-7,-29;820,-2,-12;825,-6,-1;830,8,-10;835,-11,9;840,2,-19;845,-3,11;870,-9,-26;875,-8,-7;880,4,-7;885,-11,1;900,-8,-33;910,-8,-6;915,6,13;920,-6,-13;924,0,-4;925,1,8;930,-7,-21;935,0,10;940,-3,-17;980,24,54
rua|professora|marta de matos|santa cruz|38846172|775,-1899636,-4632835;785,4,0;789,4,-5;800,10,3;805,8,-11;810,1,10;811,1,-8;815,5,-8;820,3,12;830,3,-8;840,8,-6;850,9,-3;860,10,-3;870,11,-6;875,1,-13;880,-2,8;885,13,-11;890,48,-21;895,-41,16;900,0,10;905,5,-17;910,9,14;915,2,-13;920,2,5;925,4,-11;930,1,9;935,12,-18;940,6,14;945,-2,-15;950,7,9;955,0,-12;960,8,6;970,4,-2;1000,36,-26;1005,-7,0;1010,24,-7;1015,-17,1;1025,12,-5;1030,16,-3;1035,-13,0;1040,21,-3;1045,-9,-5;1055,9,0;1070,28,-8
rua|professor|ismael brasil|paranaiba|38844070|12,-1900647,-4631843;1141,43,289;1153,10,41;1163,-4,-12;1169,-12,-72;1170,-4,-5;1173,-2,0;1175,14,70;1185,2,-12;1189,-15,-73;1199,13,62;1209,-11,-66;1225,-5,-4;1231,6,-15;1237,-4,-4;1255,0,-30;1264,-23,-31;1265,-94,109;1275,87,-82;1285,12,-8;1303,13,-54;1309,-2,5;1315,-10,-17;1319,2,-2;1325,1,-8;1330,-6,6;1335,6,-18;1339,-7,-40;1340,-3,50;1347,12,-13;1350,-13,12;1351,2,-28;1355,8,-13;1370,-11,5;1375,3,-22;1385,-5,-9;1395,4,-10;1399,-5,-10;1403,1,-6;1405,0,-8;1450,-2,59;1454,-3,-56;1456,2,-11;1460,-12,-24;1461,19,0;1470,-18,-13;1471,6,-6;1480,-7,-10;1489,4,1;1490,7,-2;1500,-18,-14;1501,14,12;1505,-1,-5;1511,-2,-6;1530,-37,-25;1541,35,-3;1551,-10,-13
rua|professor|lazaro hugo guimaraes|bela vista ii|38847899|44,-1899662,-4629931;47,-4,-5;59,7,-2;84,33,0;90,9,-1;147,42,-24;161,13,-5
rua|santo|antonio|juscelino kubitschek|38844096|19,-1899962,-4630970;20,-1,26;25,-1,-21;30,-7,3;37,-9,7;40,-2,-6;50,-11,9;55,7,0;67,-18,-4;68,0,-4;75,-7,17;80,-4,-11;82,-9,3;89,1,15;92,-6,-5;99,2,1;104,-19,3;115,2,7;124,-15,-6;135,-4,18;139,5,-8;140,-14,2;145,-2,0;154,-5,-2;161,-6,5;175,-8,9;213,-37,9;214,-11,3;219,14,-6;229,-10,13;238,-23,-5;239,8,6;251,-11,-5;252,-7,6;257,0,-5;266,-6,5;388,-90,16;400,-53,18;403,33,-3;410,-12,0;413,-7,9;429,-7,3;460,-62,8;465,13,-6;475,-4,4;485,-10,6;495,-14,3;505,-7,6;506,7,-12;516,-5,0;526,-9,9;546,-20,-15;560,-8,20;572,-18,2;584,-5,5;594,-8,4;595,-9,3;604,-5,-1;632,-22,3;887,-2,9
rua|santo|antonio|paraiso|38844096|655,-1900538,-4630789;657,-6,-1;663,-12,1;684,-18,-3;686,-7,5;694,-6,4;700,18,-6;704,11,-3;764,-54,17;770,-11,3;776,-8,-3;788,0,6;791,66,-17;800,-81,18;803,72,-14;808,-78,17;812,-4,2;815,80,-15;824,-94,18;825,80,-16;851,-21,8;860,-81,15;863,75,-15;872,-85,18;876,-5,2;879,83,-17;882,-98,22;887,89,-17;894,-93,15;897,86,-19;900,-99,20;907,88,-13;923,-10,7;932,-83,7;942,-3,2;952,-12,5;959,72,-11;971,-11,2;985,-8,4;995,-10,2;1007,-10,3;1019,-11,3;1031,-5,1;1043,-6,3
rua|santo|antonio|parque da banheira|38844096|2,-1899557,-4631067;6,-40,13;10,-30,-11;11,48,11;13,-32,23;18,-31,-18;22,-41,13;24,0,-2;26,-17,3;30,-19,3;34,-5,9;38,-18,-6;215,-7,7;300,85,-11;315,0,-5;345,12,-1;350,65,-11;360,9,-7;380,-4,-2
rua|santo|antonio|village veth|38844096|16,-1899923,-4630982;17,127,-24;32,-116,24;37,96,-20;41,12,-3;42,-93,15;52,6,9;58,11,-9;62,-4,-5;72,9,-10;120,36,16;130,12,-21;210,64,-2;240,27,-8;250,10,-4;260,11,-3;270,12,-1
rua|santo|sao vicente|parque da banheira|38847899|18,-1899504,-4630770;24,-12,1;30,-11,-1;42,-20,-4;48,-13,-9
rua|sao|jose|amazonas|38842106|583,-1899917,-4630458;600,-3,1;610,1,7;611,8,0;623,2,11;630,-8,10;633,9,-4;643,-2,20;668,1,8;677,7,-2;678,-7,14;687,7,1;688,-10,8;693,17,11;694,-10,-3;695,8,-8;703,4,21;704,-13,-6;710,6,12;758,11,48
rua|sao|jose|jardim jb|38842106|728,-1899884,-4630326;821,7,60;831,1,4;841,7,18;851,0,14;861,-1,7
rua|sao|jose|juscelino kubitschek|38842106|171,-1899995,-4630859;180,-7,17;189,6,-2;190,-10,7;191,12,-3;200,-16,8;209,16,3;210,-10,7;211,10,3;220,-6,13;251,20,22;253,-4,5;270,-1,14;271,6,-1;273,2,5;280,-8,6;290,7,12;293,4,-1;300,-8,15;360,10,20;374,8,17;386,2,15;407,10,39;423,5,15;425,5,31;442,-10,-20;460,0,5;463,15,28;472,-12,-16;488,4,52;492,-1,-40;500,8,45;503,9,-2;512,-5,22;513,9,-12;523,3,15;524,-9,6;534,-1,6;543,12,5
rua|sao|paulo|lagoinha|38844114|15,-1900393,-4631347;21,-3,-4;22,-10,9;31,-4,-5;32,0,7;41,-8,-2;46,-7,8;51,-4,-5;56,-2,7;61,-6,-5;71,-10,1;72,2,9;75,-19,-5;81,6,2;82,8,-1;92,-11,5;102,-16,3;112,-5,2;124,-95,25;131,79,-26;134,-90,31;144,-1,3;145,82,-33;148,-2,10;154,-96,24;155,91,-31;158,-6,14;164,-91,17;170,86,-17;171,5,-14;176,-102,33;178,87,-19;180,-3,3;181,6,-9;186,-98,36;190,83,-29;191,-2,-12;194,-84,39;201,85,-33;227,-37,7;247,-4,2;261,-12,2;271,-13,0;273,-11,3;283,-2,2;299,-10,3;300,-6,9;311,-5,-5;337,-23,4;359,-10,8;369,-13,5;370,-16,6;379,2,-6;380,-6,8;389,0,-5;399,-12,4;409,-7,2
rua|sao|paulo|paraiso|38844114|450,-1900759,-4631255;470,-138,33;492,-51,13;496,-1,-2;500,-7,1;503,104,-18;510,-106,20;520,-4,-1;522,-6,4;534,-5,-1;591,49,-3;601,-11,4;611,-8,-4;621,-9,5;631,-4,1;641,-13,3
rua|sao|pedro|juscelino kubitschek|38844036|486,-1900451,-4630934;873,-60,-38;883,-1,31;884,-7,-13;893,7,6;894,-3,3;903,7,6;904,-8,3;909,10,46;911,-5,-47;952,1,41;957,18,37;965,-5,-26;968,-10,6;973,9,3;978,-8,7;981,9,2;987,0,6;988,-3,4;995,6,10;998,-7,3;1007,10,0;1008,-6,8;1017,8,4;1020,-5,7;1031,5,4;1042,6,22;1048,-6,22;1067,3,-20;1077,10,5;1081,-9,6;1087,-1,7
rua|sao|pedro|lagoinha|38844036|21,-1900664,-4631356;28,-8,18;39,7,-6;40,-5,16;45,6,-5;49,0,7;50,-1,2;62,3,16;72,-3,8;73,-4,-63;125,7,47;135,1,6;145,4,13;523,5,30;533,10,17;544,-20,-14;545,25,22;555,1,13;561,3,2;565,3,6;575,2,1;582,20,71;584,-27,-56;585,12,-3;589,3,-1;594,-5,15;595,5,-4;604,-2,12;605,26,-7;614,-20,16;615,1,6;624,2,7;627,12,-5;639,2,10;654,3,23;665,13,11;666,-8,-2;676,4,7;677,11,8;683,0,1;686,-5,-2;697,6,10;717,13,17;726,6,14;727,1,7;733,7,-3;736,-13,6;737,11,4;738,-8,-4;742,6,14;747,7,0;757,8,6;758,-6,9;767,7,-4;768,-7,7;777,11,11;780,-2,3;787,-1,-7;790,2,13;794,5,7;797,1,-6
rua|sao|vicente|alvorada|38842020|92,-1899678,-4630785;111,11,-8;119,-19,7;131,-10,2;141,-14,1;151,-12,4;244,62,-6;251,-152,28;263,-13,3;273,-10,0;285,-3,16;295,-23,-11;307,-8,0;939,305,-26;959,-18,0
rua|sao|vicente|juscelino kubitschek|38842020|408,-1899930,-4630740;410,-4,4;420,-12,6;430,-12,1;440,-14,3;444,-4,3;519,-1,7;529,-10,3;559,-28,-1;569,-13,8;636,-64,5;639,-9,13;645,-9,-3;646,16,-5;649,-18,10;651,-3,-7;653,-6,0;656,19,-2;666,-5,3;686,-20,0;729,-60,21;741,-5,-2;742,14,-10;747,-19,17;751,-2,-5;752,5,-5;761,-10,8;762,2,4;771,-13,4;772,4,-6;782,-1,-5;783,-18,11;790,-6,-5;791,-6,6;792,12,-17;801,-12,20;802,0,-8;811,-15,10;812,6,-2;820,-9,-9;821,-4,15;831,-9,1;832,3,-9;841,-10,10;842,2,-3;851,-6,0;852,-2,0;882,-37,5;891,-16,11;894,3,-9;901,-11,13;902,-1,-8;907,-6,3;913,2,7;914,-3,-10;926,-8,3;979,-2,14;985,-7,1;997,-5,0;999,-5,3
rua|sao|vicente|village veth|38842020|80,-1899651,-4630804;90,-9,9;108,-11,-3;110,-10,8;118,-14,-5;120,4,2;126,-11,3;132,-3,0;172,-49,10;182,-5,2;196,-14,6;208,-6,-1;248,-42,7;262,-11,1;270,0,4;286,-16,5;296,-10,1;308,-14,15
rua|sargento|vandec|parque do taboao|38847899|118,-1899780,-4631847;130,-11,-28;190,2,-49;200,-3,-10;207,-11,-14;219,-3,-3;220,14,-5;230,-1,-22;231,-15,9;250,12,-27
rua|tia|generosa|parque bela vista|38842374|111,-1899636,-4629276;120,16,4;130,12,6;140,5,-7;150,8,-3;160,10,-4;170,17,-2;180,-5,3;190,16,0;200,19,-6;260,49,-14;270,7,1;271,-3,-11;280,13,7;281,-4,-11;290,14,9;291,-2,-9
rua|vereador|adelio de oliveira e silva|morro grande|38846248|401,-1900328,-4632598;410,16,-16;411,-10,1;420,6,-7;421,-3,1;430,6,-8;431,-2,-7;441,-3,-32;450,8,11;451,0,-6;460,1,0;461,-4,-13;470,15,-2;471,-4,1;480,-1,-3;481,-4,-8;490,4,-3;491,-2,3;500,9,-15;501,-12,9;510,9,-21;511,-6,10;520,6,-17;521,-2,-2;530,8,-8;531,-7,2;541,4,-8;550,6,-11;551,-7,2;560,9,-11;561,-4,-1;570,3,-6;571,-5,-4;580,10,-2;581,-7,1;590,7,-17;591,-5,1;600,10,-8;601,-9,3;610,11,-9;611,-7,-2;620,7,-10;621,-6,2;641,6,-18;650,-2,-18;651,1,8;660,7,-13;670,0,-4;671,-3,-3;680,6,-4;700,8,-23;710,1,-2;720,-1,-13;721,-2,-4;730,5,-7;740,3,-14;750,3,2;760,-3,-19;770,5,-8;780,2,-10
rua|vereador|jose gomes de oliveira|paranaiba|38846004|115,-1900742,-4631572;121,0,-8;125,0,22;135,-3,-44;140,0,-8;162,-4,-56;174,-8,-13;190,0,-44;200,-1,-9;250,-2,-40;337,19,225;2159,-7,-89
rua||1|campo do meio|38840001|6,-1891330,-4631302;7,4,-5;32,-6,30;46,-12,18;78,-1,40;89,11,-6;90,-11,12;95,14,-4;100,-14,13;105,14,1;110,-27,4;127,24,22;136,-18,-4;167,9,41;184,-12,1;189,4,17;197,8,8;204,-12,-2;226,-4,13;242,-5,28;261,14,20;294,-12,-8
rua||1|novo paraiso|38844374|91,-1901030,-4631045;201,-84,70;257,-38,14;291,-32,26;371,-62,43;401,-26,17;431,-25,18;1011,227,-155
rua||2|campo do meio|38840001|13,-1891353,-4631134;20,121,-113;35,-104,211;45,16,1;75,46,7;136,0,-215;182,23,-2
rua||2|novo paraiso|38847899|1000,-1900998,-4631048;1010,5,14;1011,-9,-22;1020,9,29;1021,2,-20;1030,-1,27;1031,2,-14;1040,2,23;1041,4,-12;1050,2,25;1051,0,-22;1060,0,29;1070,6,11;1080,2,7;1081,3,-9;1090,3,18;1091,1,-13;1101,5,15;1110,-4,17;1111,6,-1;1120,-1,11;1130,5,9;1140,5,9;1160,3,18;1161,15,13;1170,-17,-5;1171,20,17;1180,-15,-8;1181,18,17;1190,-9,-13;1191,12,27;1200,-13,-11;1210,7,5;1220,0,9;1240,7,18;1250,0,6;1300,26,54;1310,4,18
rua||3|campo do meio|38840001|8,-1891252,-4631199;49,-16,141;50,-33,-58;187,22,5;192,36,-160
rua||3|novo paraiso|38847899|1020,-1901045,-4631027;1021,11,8;1030,-3,6;1031,3,0;1040,-2,5;1041,4,-1;1050,0,13;1051,6,-4;1060,-1,13;1061,4,2;1070,6,7;1071,-2,2;1080,-1,11;1090,5,10;1100,2,2;1101,-1,1;1110,1,11;1111,8,-1;1120,0,11;1121,-4,-2;1130,4,12;1131,4,-2;1140,-1,13;1141,3,-2;1150,1,5;1151,3,1;1170,6,26;1180,3,7;1181,4,-1;1190,-3,10;1191,7,1;1200,-4,9;1201,7,-8;1210,-4,15;1211,10,-5;1220,-2,18;1230,7,-1;1231,-2,3;1240,3,14;1241,1,-1;1250,-2,6;1260,5,14;1271,8,6;1281,11,9;1300,-4,23;1301,4,1;1310,5,16;1311,-3,-13;1321,5,11;1330,-2,13;1340,7,9
rua||4|campo do meio|38840001|56,-1891284,-4631188;66,5,-2;76,-17,-2;86,-6,5
rua||4|novo paraiso|38847899|1010,-1901084,-4630994;1020,6,10;1021,6,-2;1030,-4,12;1040,3,7;1050,10,10;1060,-5,7;1071,16,12;1080,-7,8;1081,10,2;1090,-6,5;1091,11,0;1100,-9,8;1101,11,-1;1110,-7,7;1111,7,2;1120,-1,13;1121,5,-4
rua||5|campo do meio|38840001|46,-1891383,-4631140;72,-23,7;426,8,-6
rua||6|campo do meio|38840001|102,-1891317,-4631249;114,15,0;118,12,10;136,14,-3
rua||8|novo paraiso|38847899|1000,-1901168,-4630936;1001,3,-2;1010,4,14;1011,-1,-11;1030,2,27;1031,8,-4;1050,1,28;1051,5,-10;1061,5,6;1070,4,24;1071,-1,-17;1080,1,23;1081,4,-3;1090,-1,12;1091,2,-9
rua||abilio moreira de melo|morro grande|38846272|25,-1899786,-4632616;45,-11,-11;55,1,-10;60,2,-9;65,-1,14;70,1,-23;75,-12,9;80,9,-15;85,-10,-6;90,2,-1;95,-16,-8;100,15,-1;145,-36,-48;150,12,-7;155,-10,8
rua||abilio moreira de melo|santa cruz|38846272|30,-1899780,-4632611;40,-3,-6
rua||acacias|residencial nova floresta|38844310|1023,-1900995,-4632058;1035,-7,12;1047,-1,8;1071,-11,24;1072,-4,-7;1084,-4,7;1095,0,21;1107,-1,9;1119,-3,12;1215,-40,82;1227,-2,13;1239,-6,9;1263,-11,27;1264,-3,-22;1275,1,30;1276,-1,-19;1287,-3,24;1288,-3,-12;1300,-3,11;1323,-5,40;1335,-4,5;1336,-7,-13;1348,-2,9;1384,-15,34;1395,-2,26;1407,0,10;1431,-12,21;1432,-2,-13;1443,9,19;1444,-17,-5;1455,3,19;1492,-20,22;1503,6,13;1515,-9,14;1516,-7,0;1527,6,14;1528,-12,0;1539,7,8;1551,-5,11;1552,-11,-1;1575,0,20;1588,-15,11;1600,1,9;1611,5,14;1624,-17,10
rua||acaia|jardim ouro verde|38842148|1091,-1900646,-4630236;1100,0,9;1101,6,-2;1110,-9,3;1111,2,5;1120,7,10;1121,-2,1;1130,-4,0;1140,5,6;1150,4,22;1151,16,10;1160,-16,-13;1161,9,17;1170,-6,-9;1171,15,16;1180,-13,-4;1190,4,8;1200,-4,6;1210,8,8;1220,-4,8;1230,7,15;1240,1,9;1241,8,-12;1250,-8,16;1251,11,-8;1260,-8,8;1261,12,10;1270,-8,9;1271,6,-3;1280,-12,16;1290,10,3;1300,3,4;1310,-1,12;1311,10,-2;1320,-10,11;1321,9,-2;1330,-8,4;1331,8,7;1340,-3,10;1341,5,-1;1350,-5,5;1351,14,6;1360,-10,6;1361,5,5;1370,-3,-2
rua||adalgisa resende|santa cruz|38847899|1225,-1899237,-4632950;1250,0,-22;1255,5,-26;1290,8,-16;1295,6,-36
rua||adebrao g branquinho|alvorada|38847899|226,-1899301,-4630523;232,-1,5;236,5,7
rua||afonso pena|central|38847899|38,-1899511,-4631653;47,-19,1;48,9,-11;50,32,25;55,-74,10;64,30,-43;65,-9,11;69,-465,-68;77,463,59;78,4,-9;85,-11,3;86,-2,-8;87,-8,1;91,-6,-3;92,0,-8;100,-13,-5;132,-32,-20;142,-4,1;166,-24,-12;176,-9,-1;190,-13,-1;200,-10,-3;210,-7,-12;215,0,5;220,-16,-7;258,-25,-10;272,-10,-2;274,-4,11;282,-4,-11;292,-14,2;293,3,4;297,-6,0;300,-6,0;333,-30,6;335,-14,3;346,0,-11;355,-19,11;358,9,-7;366,-16,0;375,-3,7;376,-10,-3;377,-1,6;390,-7,-6;393,-2,6;398,-5,-5;405,1,8;415,-13,-1;422,4,-2;426,-14,-6;448,-17,4;458,-14,1;461,-15,2;464,3,-3;472,-9,-1;479,1,12;484,-8,-3;489,-3,0;494,-10,0;497,5,3;506,-12,-1;507,-3,2;516,-3,-6;517,-3,6;521,-9,-4;552,3,-1;566,-10,3;578,-47,0;592,-12,1;604,-8,5;620,-12,3;632,-13,2;650,-16,-1;678,-26,4;689,-14,11;703,-12,-4;715,-3,7;722,1,-13;725,-15,12;732,9,-10;742,-8,3;752,-7,-4;762,-9,5
rua||afonso pena|paranaiba|38847899|675,-1900344,-4631688;780,119,-21;783,-10,3;803,-35,7;806,26,-1;812,-62,-1;813,61,-4;820,-7,-1;822,-57,5;824,55,-3;826,-59,7;830,47,-26;836,-57,28;846,-10,0;863,37,-1;893,-13,2;917,-26,4;934,-29,-1;944,-6,-2;945,-2,7;954,-4,1;955,-8,7;959,4,-7;964,-5,-4;967,-4,7;975,-16,-2;990,-3,3;991,-11,4;1024,-28,-6;1028,7,3;1029,-10,-6;1031,-14,13;1034,13,-11;1035,-10,7;1041,-12,4;1044,7,-9;1052,-3,0;1055,-5,8;1056,-1,-11;1063,-4,9;1066,-7,-1;1069,1,9;1073,-16,-8;1080,5,0;1083,-11,0;1086,3,0;1087,0,6;1093,-14,0;1096,2,-7;1100,-14,5;1115,87,-6;1145,-112,14;1155,-19,2;1161,-13,-4;1192,43,-7;1195,-47,13;1200,41,-9;1205,-56,10;1210,44,-12;1219,17,2;1220,-23,-3;1232,-11,4;1240,-8,0;1241,19,3;1252,-28,-1;1262,-8,0;2057,-29,11;2058,6,-6;2065,-15,6;2071,-6,1;2072,2,-6;2077,-13,9;2086,4,-4;2087,-10,5;2097,-7,-1;2100,-1,-4;2107,-9,6;2108,3,-1;2116,-13,-11;2117,-2,14;2126,-12,-7;2127,-3,9;2142,-11,-5;2143,-2,5;2148,1,-11;2158,-16,5
rua||afonso pena|rosario|38847899|2,-1899250,-4631459;4,-58,-44;8,-12,-7;12,-11,-10;15,23,24;16,-30,-31;19,2,48;20,-9,-48;23,15,17;24,-34,-23;27,28,18;31,-8,-9;32,-20,-18;36,-107,-73;41,20,1;46,-11,6;50,99,41;51,-84,-39;56,-2,8;60,62,38;102,-13,-8;115,8,0
rua||agostinho de deus|juscelino kubitschek|38844034|2,-1900433,-4630951;12,38,295;22,-8,-8;28,8,-9;48,-6,-28;55,15,5;58,-20,-27;67,8,6;82,-6,-10;87,3,-9;92,-5,-2;97,5,-9;104,-6,-1;111,5,-21;114,-25,5;135,25,-18;145,-4,-8;155,-2,-21;162,-9,10;216,-4,-55;217,4,-7;226,-5,-12;227,4,0;236,-19,0;239,16,-11;240,-3,5;246,-3,-12;251,12,-1;256,-11,-10;260,-7,-2;273,9,-9;274,-10,5;306,-7,-28;322,11,-26;328,-2,-6;335,3,-10;338,2,-4;347,-1,-1;350,-2,-7;351,3,-4;360,-14,-19;371,2,15;374,4,-17;546,12,165
rua||agostinho de deus|lagoinha|38844034|400,-1900450,-4631040;415,0,-11;420,-12,2;429,6,-15;430,-10,-2;435,9,-3;440,-8,-3;441,19,28;445,-17,-32;448,-6,-6;451,2,-3;459,-3,-10;462,-7,4;469,0,-13;476,2,3;490,-12,-11;528,-12,-27;531,17,23;534,-22,-38;535,4,-5;546,-7,-1;547,5,-3;556,-4,-10;566,0,-7;616,-27,-37;627,10,8;630,-9,-3;637,2,-6;647,-8,-8;648,-7,-12;657,6,-2;658,-7,4;662,1,-4;667,14,-10;668,-15,12;677,-3,-24;678,-5,10;679,18,-4;681,-1,-7;687,-17,-5;688,-7,0;694,-4,-4;697,11,-5;698,-13,-3;713,7,-2;729,-10,-34;738,-9,-14;739,7,4;745,-3,-4;748,-6,-11;749,3,4;758,-4,-12;759,8,2;768,-9,-18;779,8,1;780,-9,-6;789,6,-3;796,-4,-18;799,-2,10
rua||alaor veloso|morro grande|38846148|790,-1899829,-4632578;795,-6,-6;800,1,-6;805,-12,-1;810,12,0;815,-8,-14;820,1,0;825,-9,-9;829,0,-4;830,2,2;835,-5,-10;840,6,2;845,-10,2;850,6,-11;855,-16,-4;860,15,-8;865,-14,-4;870,3,0;880,-5,-17;905,-20,-30;910,4,0;915,-1,-10;920,-9,0;945,-4,-12;955,-21,-16;960,10,-5;965,-10,-8;970,13,2;980,-10,-10;985,-10,-2;995,-6,-11;1000,5,-3;1005,-8,-7;1010,2,3;1020,5,-10;1030,-4,-12
rua||alaor veloso|santa cruz|38846148|505,-1899711,-4632319;520,2,-24;530,-4,-10;535,-12,2;540,8,-11;545,-10,-1;550,3,-7;565,-2,-25;585,-18,-6;590,10,5;595,-13,-11;600,3,-6;620,-3,-17;630,-3,-6;640,-6,-20;665,-20,-21;670,9,5;675,-14,-9;680,11,4;685,-17,-11;690,8,-2;695,-17,-8;700,15,1;715,-21,-17;720,10,2;725,-16,-8;730,16,-7;735,-15,0;740,14,-1;750,-11,-13
rua||alcides barcelos|santa cruz|38846138|25,-1900177,-4632187;30,0,19;35,7,-15;39,7,-7;45,7,4;55,6,-22;60,-11,24;65,17,-18;70,-2,15;75,8,-12;80,0,7;85,9,-11;90,3,5;95,6,-12;100,3,2;105,4,-6;110,1,7;115,9,-16;120,-3,10;125,-6,-4;126,13,9;130,2,-7;140,8,-7;145,12,-14;150,3,7;155,2,-4;160,4,1;190,32,-21;195,-1,-9;205,6,-6;215,13,-3;225,3,-1;235,6,-3;245,8,-4;250,12,-1;255,-2,-4;260,9,8;265,-2,-10;275,10,-8;285,3,1;290,16,-4;295,-5,-2;305,3,-8;310,22,1;311,-19,-14;315,9,10;320,12,-3;325,-2,-2;330,13,1;335,-5,-7;345,5,-1;355,10,-6;385,26,-18;391,9,-4;395,-1,2;405,9,-2;415,8,3;420,16,-4;425,-5,-12;435,9,-1;455,7,-9;465,7,-4;475,13,-12;485,11,0;495,3,-2;525,23,-19;575,40,-28;580,5,17;585,2,-16;589,4,-2;595,5,-1;605,9,-4;610,9,3;615,-1,-11;620,8,5;621,-3,-4;625,10,-4;630,0,3;635,0,3;672,44,-32;675,-4,4;680,10,6;685,-1,-12;690,9,5;695,-3,-9;700,17,11;705,-10,-16;710,10,6;715,0,-15;720,5,12;725,1,-16;730,9,10;735,-2,-7;740,10,8;744,3,-5;745,3,-19;750,-4,19;755,12,-23;760,5,14;765,10,-20;770,-7,11;775,3,-8;780,5,6;785,5,-7;790,2,6;795,11,-20;800,-1,12;805,8,-16;810,-4,15;815,4,-14;820,8,11;825,2,-15;830,0,5;840,7,0;845,49,-34;848,-14,9;850,14,-7;855,10,-6;860,0,3;870,5,-2;875,4,-8;880,8,9;885,4,-22;890,0,14;895,6,-15;900,6,9;910,6,-8;915,5,-7;920,9,4;925,4,-13;930,-3,9;935,2,-12;940,8,7;950,11,-8;955,-2,-20;960,16,13;965,-85,37;970,87,-39;975,-42,17;980,47,-22;985,1,-17;990,10,20;995,8,-13
rua||aldebrao gomes branquinho|jardim jb|38847899|302,-1899281,-4630456;316,10,12;392,33,62;478,46,73
rua||alecrim do campo|paraiso|38844300|1431,-1901040,-4631573;1441,-6,7;1471,-10,34;1481,-5,9;1491,0,20
rua||alecrim do campo|residencial nova floresta|38844300|1011,-1900858,-4632015;1021,-7,8;1030,-8,3;1031,5,9;1040,-8,1;1041,2,10;1050,-4,4;1051,2,4;1060,-7,3;1061,-2,10;1070,-5,0;1071,5,8;1081,-7,11;1090,-4,6;1100,-2,8;1110,-9,9;1121,3,22;1150,-24,24;1180,-15,35;1190,-3,8;1200,-5,6;1201,10,20;1211,-5,13;1240,-19,13;1251,3,13;1260,-14,8;1261,12,9;1281,-10,16;1290,-15,5;1291,9,5;1300,-12,7;1301,10,3;1310,-14,3;1311,9,12;1320,-9,-1;1321,3,4;1331,-2,13;1340,7,12;1350,-21,7;1351,7,2;1361,-2,10;1370,-13,7;1371,6,2;1400,-20,27;1430,-11,31;1440,-1,13;1450,-5,9;1470,-6,28;1480,-9,3;1490,-6,10;1500,-5,10;1520,-10,25
rua||altivo ribeiro|niteroi|38840238|9,-1898902,-4631133;20,-19,-10;23,-22,-3;26,23,-2;36,-14,-1;42,-7,-5;58,-3,-1;67,-11,6;74,-10,-14;83,-18,5;89,-2,-4;93,1,11;97,-2,-3;100,8,-14;113,-21,1;116,10,-4;120,-1,1;122,-11,-3;125,-27,-6;128,22,5;135,-10,3;138,8,-9;150,-14,0
rua||alvorada|alvorada|38842260|93,-1899722,-4630759;103,2,6;133,1,13;141,5,15;178,8,45;181,-2,-13;189,5,9;196,-5,15;201,6,-3;210,-5,10;213,4,-8;220,0,18;225,6,-4;229,0,1;234,-5,9;237,6,-1;244,-1,8;283,5,31;286,-9,2;291,13,15;293,-5,-32;296,-1,21;300,-13,24;306,12,-1;307,14,-5;319,-6,11;320,-6,4;331,7,7;332,3,0;377,7,38;387,8,10;395,-43,-216;397,45,222;404,-4,4;414,3,9;415,6,-7;426,-9,13;427,11,2;439,1,1;443,8,34;463,3,20;464,-14,-31;476,5,13;477,14,22;486,-12,-10;487,-63,-274
rua||alvorada|bela vista ii|38842260|178,-1899512,-4629792;720,-87,-394;800,6,36;830,9,33;850,5,28;940,17,74;950,10,10;960,-4,11;970,2,10;1012,9,40;1026,6,11;1036,-1,7;1144,21,109;1156,10,28;1166,-5,-7;1200,5,30;1210,6,12;1220,1,5
rua||alvorada|jardim jb|38842260|517,-1899636,-4630380;520,-11,-9;527,19,28;534,-18,-22;540,6,27;549,13,9;580,5,51;590,5,23;711,23,71;851,22,105;911,11,55;939,7,30;953,5,12;967,4,19;981,5,14;1009,3,34;1091,17,63
rua||alvorada|parque da banheira|38842260|100,-1899798,-4631050
rua||alvorada|village veth|38842260|128,-1899784,-4630995;145,18,39;152,-10,-15;218,8,44;226,-3,9;235,4,6;236,2,2;245,6,11;248,-1,2;254,-2,6;255,4,-4;266,-1,17;276,7,13;371,9,13;381,4,19;390,-9,-14;391,12,23;402,-10,-4;403,8,20;421,5,1;422,-13,-13;430,3,11;435,14,18;438,-16,-11;450,12,17
rua||angico|residencial nova floresta|38844316|1071,-1901097,-4632054;1083,-3,6;1084,-9,-6;1144,-24,60;1167,-3,24;1179,-5,9;1180,-3,-3;1239,-16,55;1251,-4,9;1263,-4,12;1299,-18,31;1300,-5,4;1336,-14,28;1348,-9,11;1383,-1,38;1407,-9,22;1408,-6,-4;1420,-7,7;1444,-13,30;1491,-8,50;1516,-15,15;1540,-7,18;1564,-13,22;1587,5,24;1611,-16,27
rua||antonio alves de queiroz|quintinos|38840001|100,-1886213,-4608485;106,6,-3;126,38,-10;149,32,-14;159,-19,5;161,-4,4;166,48,-16;171,-70,21;175,70,-24;176,11,3;181,-90,21;191,-12,3;193,115,-23;196,4,-3;197,-10,-4;201,-7,1;232,49,-16;252,13,1;262,11,0;265,1,-9;275,9,-5;285,-8,-14;293,18,15;304,15,0;345,34,-17;361,15,-2;373,11,-3;374,12,-2;378,-70,13;385,68,-12;394,0,-1;395,8,-3;463,64,-24;473,5,1;483,16,-7;493,12,-3;503,-43,12;519,-16,14;555,42,-17;625,-21,7;645,30,-6;653,-27,6;655,35,-11;836,24,-6;875,35,-6;877,-10,0;883,-9,3;885,47,-19
rua||antonio atanasio|quintinos|38840001|15,-1886057,-4608642;29,-14,5;30,-5,4;35,12,-8;38,-88,31;46,90,-32;52,9,-1;72,-66,11;82,2,-8
rua||antonio augusto|bela vista ii|38842266|44,-1899825,-4629761;150,95,-18;240,95,-14;245,-6,-11;294,51,3;344,37,-15
rua||antonio augusto|jardim jb|38842266|425,-1899473,-4629845;435,19,-3;450,8,8;460,11,-10;465,-3,-4;475,9,-2;480,31,-1;485,-14,-2;495,13,-2
rua||antonio bernardes|niteroi|38840240|203,-1898918,-4631189;253,-15,-19;290,-27,-37;300,-5,-2;310,4,-6;311,-26,5;321,11,5;331,12,6;353,5,5;359,7,2;363,6,5
rua||antonio costa|alvorada|38842268|10,-1899546,-4630759;24,-4,35;25,5,-9;34,-6,17;37,4,-1;41,6,2;44,-9,10;47,12,-4;61,-1,13;72,-8,0;73,12,5;83,0,8;84,-10,-6;121,18,44;126,-8,-7;132,1,7;133,9,8;142,-8,-2;143,8,14;154,-6,-1;157,7,7;168,-6,3;169,4,10;171,5,2;175,-1,13;238,9,33;240,-3,6;241,9,10;251,-3,6;260,-5,-1;261,11,10;268,-9,-2;278,3,9;281,10,8;288,-8,4;320,8,28
rua||antonio costa|jardim jb|38842268|135,-1899385,-4629958;421,-79,-438;435,-1,18;465,7,31;479,0,13;491,3,13;565,16,75;675,15,85;680,-6,-2;690,0,10;695,10,13;705,-3,8;725,9,11;755,9,45;770,-9,3;784,6,15;795,14,22;798,-10,-7;807,11,19;819,-4,9;831,7,9;901,13,51;925,3,22;973,10,43;1009,3,34;1036,-3,29;1048,10,17;1081,12,19
rua||antonio de deus vieira|niteroi|38840212|194,-1899071,-4631154;1665,-26,-32;1675,8,4;1685,13,10;1695,1,7;1699,3,3;1878,-87,-90;1888,2,8;1895,-9,-7;1898,22,14;1905,-16,-3;1908,16,5;1918,8,8;1928,10,9;1978,32,30;1988,12,10;1998,5,4
rua||antonio do firmo|alto niteroi|38840314|231,-1898650,-4630892;235,-7,9;249,3,-21;460,-11,38;465,6,-14;470,-9,21;480,-6,10;510,4,30;515,8,1;520,-8,12;525,12,-2;575,10,55;585,2,7;595,4,11;605,2,11;610,-6,10;655,18,19;670,-7,43;680,3,10;700,0,25;705,10,-7;710,-20,18;720,8,10;725,19,-3;730,-16,13;735,19,7;740,-16,-2
rua||antonio do firmo|jardim das palmeiras|38840314|775,-1898604,-4630551;780,-9,14;790,6,5;810,-4,34;815,10,-13;820,-9,-8;825,15,22;835,0,5;865,12,36;870,-13,10;875,16,1;879,-2,5
rua||antonio manoel|juscelino kubitschek|38842010|138,-1900189,-4630751;164,1,-5;238,110,-26;267,-329,88;277,-7,1;281,-6,13;287,-7,-11;297,-3,7;400,492,-133;408,-6,3;409,4,26;410,-14,-27;411,-4,14;420,-6,-9;475,-52,22;490,-10,-9;500,-7,5;510,-7,2;554,-51,16;564,-13,-2;565,0,7;577,7,5;578,-11,-10;588,-9,2;589,5,1;600,-19,13;601,13,-8;605,-1,-5;611,-20,4;659,-47,22;668,-10,-1;674,-1,-2;677,0,1;680,-7,3;682,-8,9;683,2,3;690,-8,-15;693,3,11;702,-7,-11;703,-10,15;713,-10,-2;714,7,-7;723,-7,13;724,-1,-12;733,-8,9;734,-8,-6;737,-3,18;744,2,-21;754,-15,6;763,-3,9;764,-2,-5;768,-8,1;771,-12,3;777,9,1;782,-4,-3;783,-16,6;792,4,-3;822,-51,12;894,-65,18;900,-10,5;908,-9,1;918,-1,0;928,79,-18;930,-94,21;938,81,-16
rua||antonio manoel|paraiso|38842010|416,-1900640,-4630626;974,137,-50;980,-6,-4;981,19,9;991,-6,-2;1003,-7,3;1006,-16,0;1010,-7,-1;1015,11,4;1017,-6,-2;1021,-16,13;1023,17,-8;1028,-15,-5;1075,-27,12;1077,-4,4;1080,6,-8;1081,-10,12;1085,-10,5;1086,5,-11;1089,-11,9;1092,-2,-9;1097,-1,6;1100,-6,-2;1101,1,5;1106,-15,-3;1120,-33,10;1123,40,-5;1130,-48,9;1133,45,-3;1140,-48,2
rua||antonio manoel|village veth|38842010|112,-1899679,-4630879;122,-1,0;129,-9,8;132,4,1;139,-16,7;142,-4,-12;149,-3,15;152,-5,-6;159,-3,7;172,-17,-4;182,-21,-7;209,-12,24;215,-11,-1;218,4,-15;226,-10,15;227,-2,0;232,-8,-6;236,3,-2;237,-9,12;242,-10,-13;278,-19,14;279,-5,9;282,2,-6;283,-3,1;289,-4,-1;293,-5,-7;302,-3,8;307,-12,16;316,-1,-16;318,-18,9;321,10,6;328,-7,-12;331,-2,23;338,-10,-17;361,-5,9
rua||antonio marques guimaraes|paranaiba|38846040|9,-1900493,-4632041;27,-25,0;29,-7,2;31,-4,-4;40,-4,-7;41,-4,17;51,-2,-3;54,-7,-11;60,-12,7;61,6,8;62,26,-14;70,-38,0;71,1,12;151,-92,11;660,36,-13
rua||antonio pedro andrade|morro grande|38846140|785,-1900139,-4632405;790,5,0;795,-10,-3;800,7,-10;810,-3,-6;820,-7,-5;836,-7,-17;840,-3,-7;845,-11,-4;855,0,-10;860,3,6;865,-10,-16;870,7,8;875,-14,-17
rua||antonio pedro andrade|santa cruz|38846140|565,-1900044,-4632222;570,7,-5;585,-12,5;615,-9,-24;620,5,-12;625,-12,-4;630,12,-1;635,-17,-1;640,3,-7;645,-7,4;650,7,-14;670,-7,-19;680,-3,-12;685,-11,-3;690,1,-5;695,-6,-5;700,3,-1;720,-3,-16;730,-8,-9
rua||antonio pio de souza ou 16|novo paraiso|38847899|210,-1901128,-4630560;230,-25,14;240,-1,-2;270,-27,10;280,-3,5;300,-20,4;321,-29,15;331,-1,2
rua||aprigio costa|minas gerais|38840286|540,-1899141,-4630799;550,3,21;556,5,5;560,1,6;565,1,-9;570,1,17;575,4,-10;585,2,10;600,-1,30;605,4,-10;610,-4,15;615,9,0;620,-2,10;625,5,-4;630,-6,14;635,6,1;640,-6,12;645,7,-5;650,-7,12;655,9,1;690,3,47;695,9,-2;700,-8,12;705,5,2;710,-4,6;715,10,0;720,-6,19;725,5,-9;743,6,44;745,2,8;755,4,10;760,-17,-26;770,6,16
rua||aprigio pinto|quintinos|38840001|12,-1885952,-4608664;15,-2,11;20,8,-15;25,-2,0;26,-9,7;32,16,-9;70,104,-33;80,-51,19;86,31,-11;88,-3,10;96,1,-7;117,-7,-8;129,15,-6;232,77,-22
rua||aristeu atanasio boaventura|central|38844098|53,-1899944,-4631058;60,23,-10;65,12,14;67,-23,-4;70,27,-5;79,4,13;82,4,-14;83,-11,29;92,15,-31;98,12,-7;114,8,-1;790,-11,10
rua||aristeu atanasio boaventura|juscelino kubitschek|38844098|6,-1899980,-4631049;7,9,5;10,-3,0;17,-10,-3;20,-4,1;25,-4,9;26,-3,-8;37,-5,12;40,1,-8;41,-4,12;50,-8,-11;51,-2,12;60,-184,35;62,173,-45;71,-4,11;72,-7,-12;81,-4,9;84,-11,12;91,3,-15;105,-8,12;111,-15,4;112,6,-8;125,-12,-1;128,0,24;129,-9,-11;136,-4,-1;137,4,22;140,-10,-20;141,9,-12;143,-5,3;145,-2,3;149,-9,9;155,-1,-3;163,-28,5;169,12,1;173,-139,30;187,121,-31;191,-4,3;193,-203,48;218,182,-54;220,1,4;222,-5,7;224,-15,-1;228,9,-6;236,-7,10;254,-15,-1;260,-12,3;297,-31,10;309,-11,14;310,5,-12;320,-8,-8;321,-24,22;331,6,-4;341,11,-1;356,-10,6;360,-1,-1;368,-7,-7;370,-15,5;380,-7,2;390,-10,-1;391,-12,11;401,-4,4;405,-11,-1;420,-6,-11;432,-28,24;438,-10,-16;452,-22,14;453,7,2;469,-21,7;475,-23,1;481,19,-3;485,-32,8;486,-3,-5;495,1,14;496,-9,-11;505,1,4;516,-9,-3;517,-1,0;522,-12,0;525,1,2;526,-10,2;533,4,8;536,-8,-7;543,4,6;559,-28,6;564,-2,-3;567,-5,6;573,-10,2;574,9,-9;582,-8,0;592,-13,5;593,5,-1;602,-15,2;603,-5,11
rua||aristeu atanasio boaventura|paraiso|38844098|637,-1900589,-4630891;643,-16,15;651,2,-17;655,-8,1;656,5,-10;665,-18,10;666,11,-8;669,-11,11;671,2,-1;675,-5,3;676,5,-7;681,-67,22;685,47,-17;688,11,-4;703,-30,16;707,-3,0;708,20,-15;721,-25,16;733,-11,2;753,-24,5;835,-40,0;839,-10,14;843,-2,-1
rua||aroeira|residencial nova floresta|38844312|1110,-1901072,-4632012;1121,-2,16;1133,-1,12;1168,-26,32;1181,6,10;1192,-9,6;1204,-12,14;1216,1,4;1240,-12,26;1265,0,25;1277,-3,8;1288,-15,8;1289,11,3;1301,-8,12;1324,-15,18;1325,9,6;1337,-1,10;1348,-14,7;1361,3,17;1384,-18,16;1385,8,5;1396,-14,8;1397,9,3;1409,-4,16;1480,-38,62;1481,8,5;1493,-7,9;1505,3,12;1529,-13,23;1540,-13,7;1552,1,10;1553,2,0;1577,-5,20;1612,-21,27;1624,-6,10
rua||atanasio dos santos|juscelino kubitschek|38844010|17,-1900121,-4630982;20,-10,-10;21,-11,-65;22,12,78;33,-8,-42;36,11,49;39,-29,-109;45,42,124;46,0,0;49,-45,-128;52,1,9;54,-8,-4;55,54,131;58,4,-8;59,-4,14;61,8,6;62,-10,2;63,-40,-164;64,-13,16;74,-9,-23;75,30,41;82,-23,-45;84,63,180;98,-75,-182;99,2,-5;107,-4,0;110,81,219;112,-85,-224;120,89,234;124,6,1;131,-5,-3;140,-2,12;141,8,1;154,-1,9;177,18,46;186,-3,-4;187,3,4;192,-5,-14;200,4,15;201,1,-1;203,0,0;209,0,0;220,4,18;262,4,34;274,0,16;284,3,11;296,-1,6;304,-2,15;320,4,5;330,13,33;335,5,-11;345,3,16;355,3,5;360,-7,8;365,10,4;370,-6,9;375,8,4;380,-6,1;392,3,10;393,-2,4;407,10,22;410,-11,-7;418,6,2;428,3,11;433,10,6;434,-8,4;437,8,-2;438,-10,8;445,14,4;446,-5,8;457,5,-1;505,8,53;508,-3,0;514,1,8;517,7,4;519,-2,3;520,-4,-3;529,5,13;535,3,11;579,5,12
rua||atanasio dos santos|lagoinha|38844010|106,-1900208,-4631164;108,3,0;125,-12,-4;135,-5,-9;162,-8,-29;165,-7,-1;171,-2,-11;178,6,-8;194,-10,-4;217,-15,-26;226,47,81;234,-49,-86;235,-6,-4;236,51,85;240,-46,-89;245,-13,-8;248,8,0;255,-18,-6;260,11,-7;269,-7,0;276,3,-7;279,-9,-5;286,1,-12;291,-10,-1;301,0,-5;302,3,-3;311,-8,-4;338,-1,-7;342,4,-4
rua||augusto branquinho|alvorada|38840228|703,-1899278,-4630765;715,-10,-14;717,-13,9;723,-29,6;727,-10,-6;731,-5,10;739,50,-8;741,-61,11;743,54,-14;745,-10,8;749,-2,-5;755,-44,15;765,-21,-4;781,-22,0;815,-49,3;827,-5,-3;837,-11,0;847,-12,10;900,-15,-8;910,-25,5;920,-14,2;940,-16,-3;968,-15,14;980,-20,1;982,-3,-2;985,64,0;990,-70,3;995,64,-4;997,12,-7;1000,-83,13;1037,32,5;1047,-9,-4;1056,-64,11;1063,-32,9;1066,15,-8;1069,73,-6;1076,-80,9;1079,73,-9;1087,-9,1;1088,-89,12;1100,-3,3;1103,5,3;1105,8,1;1110,-14,-4;1111,1,3;1137,50,-10;1141,-4,0;1147,-7,7;1159,-6,-1;1165,-80,15;1170,-31,10;1175,40,-7;1185,-4,0;1199,-15,-5;1207,-11,8;1228,-39,4;1234,-7,3;1238,-10,1;1248,-11,3;1258,-8,2;1265,39,-1;1275,-10,1;1285,-7,1;1289,-13,2;1295,-2,0;1298,1,1;1307,-10,0
rua||augusto branquinho|juscelino kubitschek|38840228|1320,-1900335,-4630564;1423,421,-91;1435,-15,-2;1447,-7,3;1494,-27,6;1495,-15,13;1507,-3,-5;1519,-17,12;1530,2,-3;1531,-5,-3;1540,-5,-3;1543,-9,6;1546,39,-17;1593,-89,34;1603,-9,0;1604,4,-10;1615,-9,7;1616,-3,-6;1631,-2,5;1635,-11,4;1636,-2,-1;1640,-6,3;1645,9,1;1695,-45,5;1699,-1,-2;1701,-21,3;1705,-9,-4;1715,-5,15;1725,-6,7;1727,-13,-1;1729,-7,-8;1730,29,-2;1731,-38,8;1741,-5,8;1751,-12,-4;1758,37,-8;1759,-41,10;1761,-4,3;1768,38,-13;1774,-10,10;1780,-1,-7;1786,-8,8;1792,-6,-4;1803,-28,11;1810,16,2;1814,0,-17;1815,-6,13;1816,2,-2;1828,-11,-8;1832,-3,3;1839,-7,14;1840,-3,-16;1845,0,14;1851,-4,-5;1852,-7,-2;1861,-17,7;1912,-44,8;1920,157,-25;1922,-158,26;1925,0,4;1935,-7,3;1942,7,-7;1945,-16,12;1951,-7,4;1952,23,-16;1956,0,0;1957,-27,15;1974,27,-15
rua||augusto branquinho|minas gerais|38840228|199,-1898764,-4630884;211,-11,4;217,-7,-5;227,-11,10;239,-12,-1;253,-13,7;259,-6,2;265,-29,9;267,30,-3;269,-7,-5;273,-4,2;277,-8,2;287,-22,2;325,-9,4;361,-14,6;365,-4,2;371,-5,0;383,-13,1;395,-13,1;425,-29,-3;435,-14,6;445,-14,4;455,-6,-4;465,-11,8;475,-13,3;485,-4,-3;491,-45,11;503,-8,-4;513,-10,14;515,-38,-2;525,32,1;535,-38,1;537,27,-4;541,-10,3;565,-25,8;601,-34,1;611,-6,3;621,-11,0;631,-13,-2;641,-9,11;651,-5,4;661,-9,1;667,-5,-3;671,-5,-2
rua||augusto branquinho|niteroi|38840228|206,-1898767,-4630879;216,-13,-6;222,-8,10;236,-5,-8;252,-18,5;260,-5,1;268,-16,3;270,-5,2;276,-2,0;280,-15,4;302,-5,3;310,-9,-1;319,17,-1;320,-25,3;328,-11,4;338,-9,0;348,-11,1;372,-10,3;374,-2,1;376,-3,1;380,0,-1;390,-23,0;400,-10,9;410,-11,3;420,-9,1;430,-6,-3;440,-13,0;450,-10,4;460,-10,2;470,-10,0;490,-28,6;500,-7,1;506,-14,0;510,-6,3;517,-139,31;520,132,-28;540,-11,0;550,-13,1;560,-8,4;570,-9,1;572,-10,-6;582,-2,9;592,-12,1;608,-22,5;618,-34,12;670,-27,3
rua||augusto branquinho|parque da banheira|38840228|708,-1899269,-4630787;710,-12,10;712,-4,-13;714,-5,12;724,-11,6;732,-10,-9;742,-17,6;818,-65,22
rua||aureliano rodrigues|paranaiba|38846044|19,-1900258,-4631509;29,2,-10;34,6,4;41,-9,-15;46,0,2;55,0,-10;75,-6,-18;89,1,-15;91,6,11;92,-3,-19;99,-4,-2;102,3,1;109,-9,-11;118,3,-4;132,8,-18;172,-13,-27;179,-1,17;180,-1,-25;187,8,6;190,-7,-22;191,-4,19;197,0,-15;204,5,-9;209,-5,1;219,-5,-10;242,3,-27;261,-10,-40;262,5,16;265,5,-3;271,-4,-5;276,2,-1;279,-8,13;281,3,-6;283,3,9;285,-5,-35;289,2,34;291,-2,-53;295,-2,-12;299,9,81;320,-9,-77;328,-2,-8;334,5,-11;335,-14,3;345,7,-6;365,-6,-10;431,-11,-99;442,15,16;443,-12,-1;446,11,-5;447,-12,2;452,8,-13;462,-1,-2;493,-17,-54;499,-2,-1;500,9,10;509,-10,-19;510,11,8;520,-5,-7;523,-7,-12;526,7,2;543,-9,-19;555,-3,-9;560,7,-13;570,0,-6;576,0,-11;578,0,-5;580,2,-8;600,-3,-11;680,-12,-54;681,-9,-2;691,2,-13;711,-4,-29;721,-5,-11;834,75,469
rua||a|morro grande|38847899|30,-1900183,-4632386
rua||a|paranaiba|38847899|11,-1900653,-4631827;12,0,-4;21,-16,3;24,3,-2;31,-8,4;32,-9,0;36,0,0;41,6,-2;48,-9,10;51,-4,-5;60,-10,7;61,4,-3;71,-12,-1;72,-6,4;81,-6,-2;84,-10,2;91,0,1;101,-9,-1;102,2,3;111,-10,-4
rua||a|parque bela vista|38847899|320,-1899447,-4629369;791,-44,-122;801,7,22;811,-1,8;820,-1,14;821,5,-3;830,-3,13;831,5,0;851,4,16;861,0,4;871,2,12;881,4,7;891,6,10;901,-8,9;921,11,18;931,2,10;940,-5,10;941,3,-1;949,2,7;957,6,11;965,-2,6;973,-1,9;981,4,5;991,1,16;1000,0,11;1011,4,0;1021,3,15;1031,2,6;1035,0,0;1051,5,30;1060,-6,0
rua||a|residencial nova floresta|38847899|1120,-1901166,-4632035;1131,4,14;1215,-34,72;1216,-6,-6;1275,-13,59;1276,-8,-6;1347,-19,73;1359,-2,11;1480,-60,112;1588,-42,99
rua||a|santa cruz|38847899|25,-1899582,-4632868;30,1,-3;35,-3,-1;40,2,-10;45,-15,-7;50,11,3;55,-14,-13;60,3,-3;65,-3,5;75,0,-11;79,-2,-3;85,-6,-7
rua||balduino alves|lagoinha|38846028|6,-1900382,-4631361;17,0,-8;18,-4,3;26,1,-12;27,10,4;36,-10,-16;37,10,3;47,-5,-10;48,-6,1;55,8,-10;56,-8,8;66,-5,-19;67,12,-1;74,-12,-9;75,8,1;86,-7,-9
rua||balduino alves|paranaiba|38846028|101,-1900393,-4631468;102,3,7;105,-2,-9;115,-1,-8;125,-1,-18;135,-1,-8;145,-2,-8;167,0,-18;177,1,-12;187,-7,-13;202,16,93;203,-18,-102;213,-1,-15;223,2,-9;252,-14,-38;256,-2,-4;259,17,7;268,-13,-7;269,5,3;279,-2,-10;280,-10,2;282,3,-3;284,2,-10;289,7,-3;294,-11,-6;297,7,2;308,-6,-13;318,-3,-3;322,-2,-11;340,-19,-10;349,26,-11;350,-14,16;358,3,-18;359,1,-7;368,-4,-8;369,5,0;378,-9,-11;387,14,4;398,-12,-36;399,4,2;402,-5,3;405,0,-8;407,-17,-141;409,11,70;412,3,69;418,0,-13;422,1,10;428,-2,-21;429,10,4;438,-11,-12;439,12,2;448,-14,-7;449,4,-1;469,1,-19;479,1,-8;489,-7,-7;499,0,-10;500,-6,-11;501,4,-3;509,-1,-8;519,-9,-10;520,0,1;529,2,-4;530,2,-6;599,-1,-34;609,-2,-13;610,-3,-3;619,6,1;620,-5,-6;629,4,-16;630,-11,4;639,-5,-4;640,3,-7;672,-2,-16;682,-4,-22;683,16,3;692,-20,-14;693,12,2;696,-10,-6;702,6,-6;710,-3,31
rua||belo horizonte|quintinos|38840001|122,-1885972,-4608458;130,-11,2;140,-7,4;155,-76,26;158,64,-25;160,-12,2;165,-18,13;168,5,-12;175,-154,48;179,155,-41;183,20,-4;211,6,0;217,9,-3;486,-183,48;498,-7,1;510,-3,3
rua||boaventura braz|bela vista ii|38842356|109,-1899837,-4630078;195,16,75;205,4,7;228,0,23;252,5,20;299,10,46;337,4,38;385,10,52;411,12,23;457,4,31;507,11,49;521,2,10;522,-9,0;534,8,11;535,5,5;557,2,19;581,-1,29;593,7,7;605,5,14;645,5,31;657,-2,16
rua||boaventura braz|parque bela vista|38842356|803,-1899696,-4629417;858,3,41;868,-1,9;878,-2,14;894,9,17;897,14,4;961,7,50;971,-1,2;980,-9,29;993,12,-2;1003,-2,10;1013,4,6;1014,-6,-1
rua||bonfim|parque do taboao|38846087|4,-1899623,-4631958;23,14,-15;39,5,-12;49,4,-2;81,-49,68;93,8,-11;235,153,-232;285,-148,222;287,4,-4
rua||bonfim|rosario|38846087|18,-1899612,-4631963;20,5,-7;26,5,-5;32,-2,-4
rua||boubon|jardim ouro verde|38847899|25,-1900538,-4630262;35,-11,5;59,-18,2;71,-11,4;85,-12,6;97,-6,0;109,-13,2;121,-11,4
rua||brasilia|parque bela vista|38842358|102,-1899651,-4629331;122,21,4;211,84,-28;217,6,6;221,-2,-5;241,15,-3;250,18,4;251,-4,-7;260,6,4;261,2,-4;270,9,2;271,2,-4;280,8,4;281,1,-12;290,14,5;291,-5,-5
rua||b|alto niteroi|38847899|1045,-1898285,-4630633;1050,9,-2;1055,-7,-4;1060,16,-4;1070,23,-27;1075,-24,17;1085,19,-17;1125,18,-25
rua||b|bela vista ii|38847899|11,-1899656,-4630079;12,-8,2;24,8,12;35,9,13;36,-10,-4;47,14,10;85,4,38;98,-5,8;105,12,12;110,-7,4;115,9,10;122,-11,-4;135,13,30;140,-5,-12
rua||b|morro grande|38847899|30,-1899879,-4632869
rua||b|paranaiba|38847899|22,-1900640,-4631769;29,-28,2;32,11,-6;42,-13,3;43,-13,5;52,6,-4;57,-11,2;62,1,2;67,-17,0;72,5,-6;77,-18,11;82,11,-5;87,-25,8;92,13,-15;102,-7,7;103,-21,11;112,8,-14;119,-13,14;122,6,-9;127,-8,16;132,-6,-12
rua||b|residencial nova floresta|38847899|130,-1901170,-4632149;1090,-33,73;1270,-63,154;1438,-65,158
rua||b|santa cruz|38847899|460,-1899243,-4632574;470,-12,-10;480,-7,-7;490,-9,2;494,-5,-11;495,-13,-4;500,10,4;520,-5,-6;530,3,-20
rua||caetana alves de almeida|novo paraiso|38844208|210,-1901183,-4630692;211,5,1;220,-1,-6;221,-9,11;230,-9,-4;231,1,6;240,-13,-2;241,7,3;251,-10,3;261,-7,4;270,-15,9;271,2,-1;280,-7,-10;281,3,11;290,-7,0;291,-3,4;301,-10,7;311,-2,-1;320,-16,-7
rua||candido lataliza|parque do taboao|38846069|10,-1900009,-4631893;26,78,62;42,-12,-9;52,-11,-11;60,-21,-6;62,10,-1;72,-13,-8;79,-5,5;82,-1,-5;89,-2,-5;92,-6,-11;99,-10,6;102,3,-9;141,-38,-19;150,2,-1;151,-15,-10;160,7,3;165,-18,-14;170,9,4;175,-23,-12;180,17,7;190,-16,-3;197,-10,-15;200,4,4;207,-16,-8;210,4,2;220,0,-5;229,-9,-2;239,0,-4;249,-22,-12
rua||candido lataliza|santa cruz|38846069|260,-1900128,-4631974;270,-9,-7;284,-3,-6;286,-10,2;300,-7,-16;310,13,-26
rua||carine|parque bela vista|38842354|10,-1899584,-4629436;20,7,-1;30,-153,63;40,162,-63;41,0,-4;50,9,3;70,17,-6;80,7,-2;81,4,-7;90,4,5;100,11,-2;101,9,-4;110,-3,3;111,12,-6;121,5,0
rua||catuai|jardim ouro verde|38842134|1028,-1900535,-4630317;1040,12,14;1041,5,-6;1052,-4,19;1053,6,-7;1065,4,14;1077,6,8;1088,-5,16;1089,4,-13;1100,2,29;1101,2,-11;1107,3,10;1112,-10,8;1120,1,10;1126,8,24;1129,11,8;1141,3,24;1144,-8,3;1147,7,7;1150,0,10;1153,6,-3;1160,-4,23;1165,21,3;1175,-8,11;1185,6,21;1205,4,17;1210,-9,2;1215,2,-8;1220,-5,15
rua||cedro|residencial nova floresta|38844304|1020,-1900914,-4632022;1021,5,7;1030,-9,4;1040,-1,11;1041,5,4;1050,-12,4;1060,-4,11;1061,4,7;1070,-10,1;1071,6,5;1080,-11,7;1081,7,8;1090,-7,0;1091,2,9;1100,-6,-1;1101,1,16;1110,-6,-1;1111,5,7;1140,-25,29;1150,-4,12;1151,-2,7;1160,-1,-7;1161,1,14;1171,1,11;1180,-11,3;1190,-2,10;1200,-4,17;1201,3,1;1210,-13,5;1220,-2,9;1221,14,8;1230,-18,4;1231,2,10;1240,-8,2;1251,0,17;1270,-13,12;1280,-1,8;1290,-7,11;1300,-1,11;1310,-6,9;1320,-6,18;1321,11,-1;1330,-14,3;1331,8,8;1340,-10,10;1351,3,12;1361,-8,9;1370,-9,7;1371,6,2;1380,-12,5;1381,9,8;1391,-10,11;1410,-10,13;1420,-3,15;1430,-5,8;1461,-10,35;1470,-10,8;1471,6,6;1490,-12,14;1491,8,2;1500,-8,2;1501,1,15;1521,-10,14
rua||celso resende silva|santa cruz|38846381|1005,-1899345,-4633128;1015,9,2;1025,12,2;1035,6,1;1045,13,5;1055,7,0;1065,10,2;1075,9,3;1085,8,-2;1095,13,5;1105,3,2;1115,11,1;1125,11,4;1135,9,0;1145,34,23;1160,-15,-9;1165,9,-4;1170,-4,5;1175,12,-5;1180,0,9;1185,9,-9;1195,11,5;1205,4,0;1215,7,4;1225,7,5
rua||chico fagundes|niteroi|38840236|81,-1898828,-4630974;93,-3,-7;123,-20,0;139,-7,-4;140,6,1;155,-16,-6;156,4,-3;157,-22,2;159,-7,-5;160,21,-2;170,-6,0;173,-27,-1;180,18,1;183,-30,-7;192,20,2;195,-30,-1;204,13,-7;207,-23,1;219,-15,-5;224,32,7;231,-40,-8;234,35,8;236,-14,-8;240,-7,-2;241,-23,1;251,-5,-5;261,-8,0;262,23,-1;270,-15,-2;271,-10,2;278,-1,-6;281,-5,7;291,-9,-7;300,8,-1;301,-23,-3;310,12,-1;311,-18,-2;321,-10,-2;324,22,4;328,-8,-4;331,-25,-1;334,23,-1;341,-34,-3;342,23,-5;350,-11,6;351,-20,-3;358,3,-5;361,-12,1;371,-10,-3;381,-9,1;394,16,-3;400,-12,-3;410,-10,-2
rua||conceicao resende silva|alto niteroi|38840356|10,-1898570,-4630706;35,6,22;55,7,16;80,3,30;85,8,10;86,-9,3;95,13,9;100,-5,1;105,5,9;110,-4,-9;145,7,60;155,5,6;165,4,11;175,1,5;185,3,12;195,2,10
rua||conceicao resende silva|jardim das palmeiras|38840356|255,-1898507,-4630466;268,-9,13;279,38,12
rua||cornelio amaricano de faria|jardim jb|38847899|126,-1899263,-4629992;160,5,35;171,15,13;222,1,40;279,20,60;291,2,13;303,6,14
rua||cristiano lourenco|paranaiba|38847899|1,-1900176,-4631864;2,0,0;3,1,2;4,1,-2;5,-1,1;6,-1,-2;138,18,-3;148,-18,2;170,-18,4;175,28,5;185,-16,1;383,-139,20;389,-8,6;399,2,21;409,70,-34;540,-120,11;549,0,6;550,-10,-4;560,-16,3;569,17,5;570,-16,-1;579,12,-7;580,-30,6;589,23,0;590,-24,-2;593,21,6;599,-11,0;609,-8,1;614,-27,2;621,-14,4;626,-41,3;629,41,5;630,-38,-13;633,34,12;639,-5,-7;640,-45,-8;644,-6,-7;648,6,17;649,32,1;650,-33,-2;659,23,3;660,-36,-5;669,29,7;674,-51,6;675,48,-2;679,-3,6;689,-14,-4;696,-18,-1;699,10,3;709,-4,1;710,-40,-6;720,-7,4;729,-8,12;730,1,-6;733,-3,4;739,-8,-4;740,3,-1;741,32,0;743,-41,3;747,-2,2;749,-8,-1;751,48,-1;758,-39,-4;759,-23,8;760,18,-4;761,26,2;762,-28,-2;764,-6,0;1068,55,-10
rua||cristiano lourenco|parque do taboao|38847899|5,-1900017,-4631879;25,-29,6;28,4,-7;32,-4,-4;35,-6,8;46,-15,-4;55,3,8;56,-11,-11;66,-9,7;75,7,10;76,-18,-8;81,9,9;86,-16,-12;87,13,11;90,-32,-1;99,25,2;111,-8,-3;135,-33,-1
rua||cristiano marques|paranaiba|38846020|15,-1900204,-4631557;18,4,-8;20,-328,49;25,321,-44;27,2,1;30,-332,45;36,318,-42;40,-333,50;43,322,-50;46,1,3;50,-335,43;56,322,-44;58,-2,6;60,-335,42;68,298,-50;69,-1,12;70,-1,-6;80,-304,52;82,293,-52;89,-6,13;90,-8,-7;91,50,-8;95,44,-10;106,-394,62;115,313,-37;116,-337,48;126,0,0;131,308,-44;136,-322,51;138,283,-49;140,22,-4;142,-5,-2;146,-306,50;147,297,-45;159,-17,0;160,15,-2;165,-22,9;166,-288,42;170,295,-49;174,-5,-4;176,-301,58;177,286,-47;180,15,-8;186,-308,53;206,-29,6;216,-3,2;240,-30,9;254,-14,2;268,-15,5;282,-15,2;295,14,3;300,-26,3;305,18,1;310,-28,0;315,15,1;326,-26,-1
rua||c|morro grande|38847899|400,-1899916,-4632812;410,10,-5;420,-1,-4;430,8,-5;435,1,-6;440,14,2;445,3,-8;450,4,6;455,-1,-9;460,4,2;470,16,-5;475,-10,-2;480,16,-4;485,0,-12;490,6,10;495,0,-8;500,12,1;505,-12,-8;510,16,5;515,-10,-15;520,14,10;525,1,-5;530,11,4;535,0,-5;540,9,-4;580,32,-21
rua||c|residencial nova floresta|38847899|1109,-1901237,-4632091;1385,-103,243;1432,-27,42;1456,-5,24;1468,-8,11
rua||dez|morro grande|38847899|531,-1900136,-4632964;540,-18,-5;560,-35,10;581,8,-4
rua||dez|santa cruz|38847899|515,-1899485,-4632312;545,26,39;555,-5,-68;575,17,-7;585,0,-18;595,8,0;605,14,-31;615,0,9;625,0,0;635,5,-31;665,21,-10;675,-1,-3;685,12,-7;695,-5,-5;705,9,-13;715,5,-12;725,8,-5;735,-2,16;755,15,-31;765,-1,-14;775,12,-5;785,4,-12;795,6,-11;805,5,-1;815,-4,-15;825,9,-12;835,13,-1;845,2,-9;865,15,-20;875,1,-3;885,-9,16
rua||dina do abilio|minas gerais|38840230|535,-1898937,-4630832;540,0,-5;550,2,11;560,7,10;565,-5,-4;570,3,8;575,-5,10;580,9,6;585,-2,0;600,2,17;605,5,6;610,-9,9;615,14,2;620,-11,5;625,11,3;630,-10,9;635,12,-2;640,-10,10;645,10,-4;680,2,49;690,4,11;695,4,1;700,-1,8;705,7,6;710,-4,4;715,10,7;720,-14,4;740,5,19;745,9,11;750,-4,-2;755,9,11;760,-8,-5;765,10,18;770,-11,-5;775,12,21;780,-8,-11;790,3,9
rua||dina do abilio|niteroi|38840230|270,-1898936,-4630869;280,0,-5;290,-1,-14;300,-5,-12;310,-1,0;320,-1,-19;460,-6,13;470,-2,9;482,6,19
rua||divina maria de andrade|morro grande|38847899|189,-1900347,-4632607
rua||do cafe|jardim ouro verde|38842150|22,-1900422,-4630078;32,-23,10
rua||dois|alto niteroi|38847899|20,-1898265,-4630696;25,2,-14;30,3,19;31,9,-5;41,10,9
rua||dois|boaventura braz|38847899|20,-1900690,-4632038;30,-14,-4;35,-12,8;40,5,-12;45,-10,9;50,5,-11;55,-22,3;60,7,-8;95,-30,-6;99,-5,-1;100,5,-4;105,-10,2;110,0,-10;115,-13,8;120,2,-13;125,-10,6;130,3,-6;140,-6,-5;150,-6,-4;160,-5,-4;164,-6,4
rua||dois|morro grande|38847899|61,-1900260,-4632498;71,-10,-3
rua||dos firmino|paraiso|38840001|1444,-1904637,-4628922
rua||dos pocos|amazonas|38844064|340,-1900276,-4630372;355,12,6;374,-4,24;395,9,17;405,3,18;412,1,6;415,5,-2;425,-1,17;435,0,13;491,4,44;514,-17,40;550,24,17;560,-8,2;565,10,25;570,-6,1;585,9,5
rua||dos pocos|juscelino kubitschek|38844064|51,-1900311,-4630698;53,6,44;54,-8,-4;61,6,-28;70,-33,-120;73,31,131;74,-7,50;77,10,-3;80,-30,-192;85,30,154;91,-25,-161;97,26,206;101,6,9;103,-4,-206;104,-7,194;113,14,24;114,-10,-10;116,-34,-259;121,2,-25;125,40,301;126,-4,-2;131,-23,-267;132,-21,-16;137,47,296;141,-39,-285;143,42,285;148,-15,-3;149,30,19;151,-54,-313;155,37,322;161,6,13;162,-8,-5;170,-51,-369;179,8,-8;180,-12,-4;185,65,391;186,-4,8;197,8,6;200,-8,1;209,9,17;210,-7,-7;220,-2,13;223,10,14;232,6,15;234,1,32;243,-1,-24;244,1,24;245,-1,-32;247,-52,-333;253,50,350;254,3,15;257,-95,-595;259,93,588;263,-89,-602;264,91,609;265,-11,-78;267,14,82;273,-80,-623;300,-9,40
rua||dos pocos|lagoinha|38844064|49,-1900397,-4631104;55,-2,-10;56,10,2;60,-4,-9;66,-4,-9;130,-29,-55;152,-12,-17;322,55,126;332,-9,-7;344,3,-16;400,-19,-37;410,-6,-9;462,-18,-52;463,2,8;474,-9,-15;485,1,-5;490,-5,-5;520,-16,-31;540,-9,-17;542,21,44;551,-12,-46;552,-8,-1;558,-7,-18;562,4,11;569,5,-10;571,5,15;572,-21,-20;581,7,6;590,-12,-18;600,-9,-16;621,11,-15;633,-1,-12;636,-12,0;643,13,-11;644,-8,2;652,-2,-6;655,7,-8;660,-12,-6;669,-9,-9;670,-15,15;677,35,-5;679,6,-22;690,-16,1;691,7,1;696,-13,-11
rua||d|morro grande|38847899|80,-1899932,-4632852;100,4,-21;425,17,45
rua||d|niteroi|38847899|15,-1899063,-4630883;25,-5,-1;35,-13,5;40,-11,-5;45,0,4;50,-5,-5;55,-5,4;59,-2,3;60,-7,-4;65,-2,6;70,-3,-8;75,-8,10;80,-4,-9;85,-7,8;86,-11,-7;90,1,-1;95,5,7;148,-43,-6
rua||d|residencial nova floresta|38847899|1280,-1901287,-4632115;1395,-43,119;1448,-16,15;1485,-51,160;1497,-9,24;1512,-17,3
rua||eduardo braz de melo|novo paraiso|38844192|1010,-1901128,-4630973;1011,12,6;1020,-5,12;1021,10,-3;1031,3,9;1041,8,4;1051,-3,11;1060,-6,12;1070,7,7;1071,6,-5;1080,-5,15;1081,8,1;1090,-6,9;1091,10,-4;1100,-3,15;1101,7,-10;1110,-6,17;1111,12,-2;1140,6,37
rua||eduardo braz de queiroz|amazonas|38842118|702,-1900418,-4630339;705,15,13;712,-11,-3;741,14,48;746,-7,-4;751,9,13;752,-4,-1;760,-1,6;761,6,8;771,0,6;781,9,9;782,-12,-9;794,1,8;811,11,41;831,-2,18;852,23,35;891,1,9
rua||eduardo braz de queiroz|paraiso|38842118|6,-1900710,-4631007;27,8,3;28,-12,0;37,16,9;38,-8,3;48,4,10;56,-11,16;57,20,-22;61,0,2;69,1,6;72,-1,16;81,3,-8;84,10,11;93,-6,3;94,-3,11;97,7,-1;100,65,142;102,6,4;106,-66,-141;107,2,0;110,52,133;116,-50,-120;120,49,108;124,-6,-9;126,-44,-100;130,25,106;133,-10,-66;137,31,43;140,-6,5;146,-5,-6;147,12,16;150,-12,-16;151,16,15;157,-10,2;165,-7,-31;166,-13,0;176,6,2;177,10,1;213,18,29;217,2,4;221,3,3;223,-5,-2;227,2,2;233,5,14;234,18,69;249,-12,-59;258,14,59;288,16,23;298,4,9;303,-16,-54;305,2,13;309,7,5;310,12,42;313,-11,-38;316,15,52;328,4,7;340,7,10;375,-11,-35;376,16,54;385,-13,-38;388,17,49;394,12,29;397,-21,-72;398,17,54;406,10,22;407,-18,-66;408,15,55;409,3,-12;421,0,4;429,8,15;438,-3,22;439,3,-18;447,1,3;448,3,27;455,1,-19;458,5,29;461,-2,-19;468,3,24;469,2,-14;477,3,4;478,2,25;485,-3,-11;488,6,12;491,0,-10;497,7,10;498,-6,13;508,3,4;549,41,63;586,5,36;593,11,8;594,-11,-6;598,3,9;603,12,2;604,-9,0;608,1,1;613,10,15;614,-10,-7;620,5,8
rua||edwards batista da silva|alto niteroi|38847899|10,-1898739,-4630663;20,-1,9;25,12,-4;30,-10,14;35,13,-2;40,-8,11;45,5,8;55,3,6;80,1,32;85,7,-3;90,-7,12;115,13,27
rua||edwards batista da silva|jardim das palmeiras|38847899|130,-1898703,-4630546;135,-5,10;140,4,7;145,-2,6;150,-2,13;155,5,-8;160,-8,15;165,8,-7;180,-1,19;190,3,5;200,4,17
rua||etelvina angelica|parque bela vista|38842378|27,-1899693,-4629200;81,67,-20;91,11,1;94,3,11;101,5,-11;111,9,-4;114,-12,11;118,10,-2;121,9,-12;125,8,-3;131,5,1;134,-8,14;141,18,-15;144,-14,10;148,8,-2;151,16,-12;154,-10,13;161,18,-16;165,6,1;173,16,-6;174,-25,17;181,36,-16;184,-31,14;194,19,1;204,-3,-6;227,53,-18;247,12,-3;256,-20,10;257,30,-12;264,-18,9;274,12,-1;284,6,2
rua||eugenio da silva fonseca|alto niteroi|38840244|20,-1898643,-4630917;30,14,12;40,4,-2;50,13,5;60,10,5;69,31,-3;70,-25,3;79,37,3;80,-25,-2;89,35,4;99,9,6;119,14,5;120,-32,-4;130,11,3;140,11,5;150,2,1;159,25,-1;160,-2,5;170,9,5;171,4,-5;185,15,6;210,32,20;215,3,-7;220,-3,8;225,24,0;230,-13,4;235,20,0;241,3,4;245,10,-1;249,5,2;251,7,2;257,5,2;265,9,2;275,11,10;276,-8,2;280,14,4;290,4,2;300,22,10;320,31,13;330,11,2;340,7,3;350,8,5;360,13,0
rua||eugenio da silva fonseca|niteroi|38840244|1,-1898635,-4630914;11,-3,-2;105,21,4
rua||ezequias caetano de almeida|rosario|38840156|15,-1899196,-4631592;25,-6,10;28,-267,335;30,251,-338;40,-6,6;45,13,6;52,-18,-2;64,0,13;74,-13,4;84,-11,11;85,28,-15;91,-17,12;97,-1,11;107,-11,11;120,-14,3;121,-1,6;133,-2,13;144,-10,-5;145,1,10;157,-5,9;173,-12,13;193,-16,20;203,-7,8;213,-8,6;220,8,-25;223,-14,32;228,6,-20;233,-17,25;242,9,-15;243,-7,24;253,-6,13;256,4,-28;262,-6,14;263,-5,17;272,1,-12;282,-8,7;335,-31,56;345,-7,16;369,-15,7;370,12,-22;377,-17,42;380,13,-34;383,-18,39;390,3,-27;410,-7,16;419,-5,25;420,2,-19;430,-12,12;439,-7,31;440,4,-27;449,-11,35;450,40,-70;460,-44,49;470,0,9;473,-7,20;480,-2,-7
rua||e|morro grande|38847899|15,-1899884,-4632545;20,13,3;30,-6,-14;35,-13,-6;40,6,-6;45,-16,-6;50,13,1;55,-14,-9;60,8,-2;70,-4,-11;80,-8,-11;90,1,-4;100,-9,-11
rua||fazenda bravinhos|saida para patrocinio|38840001|1,-1903123,-4637755;3,910,653
rua||fazenda serradao|saida para patrocinio|38840001|6,-1901857,-4636494
rua||firmino de oliveira|morro grande|38846144|785,-1899983,-4632487;800,0,-13;805,-7,-9;810,6,-2;815,-13,-5;820,8,-7;825,-11,-3;829,-6,-7;830,8,-2;835,-6,-1;845,-6,-5;855,-5,-12;860,3,-14;865,-4,5
rua||firmino de oliveira|santa cruz|38846144|520,-1899851,-4632272;530,-11,-1;540,1,-4;575,-28,-27;620,-12,-41;625,-15,0;630,9,-6;635,-12,-3;640,8,-5;645,-10,-1;650,5,-10;665,-11,-16;670,3,-1;675,-8,-5;680,5,-4;685,-10,-8;690,7,0;695,-11,-7;700,1,-3;715,-14,-13;720,13,-5;725,-17,-6;730,8,3;735,-10,-7
rua||francisco de paula pereira|alvorada|38842012|12,-1899639,-4630796;15,9,12;25,3,21;36,-3,11;37,7,-8;40,-37,12;46,32,-1;49,10,3;53,-1,8;56,-9,11;85,12,11;86,-10,7;95,11,4;100,-7,1;109,9,9;110,-8,2;116,-3,-11;120,3,20;132,3,9;137,7,8;138,-2,-1;142,-4,15;155,4,-26;170,6,47;178,2,5;190,0,9;202,3,9;205,4,-22;208,-7,43;214,2,-10;217,9,-24;221,-1,6;228,-6,33;229,8,-25;241,1,10;253,1,10;298,2,56;319,8,-7;329,-1,14;339,0,2;349,5,10;350,-10,-1;354,6,9;359,7,7;360,-6,-9;391,12,35;400,-9,18;409,14,-7;410,-6,10;417,5,-7;425,2,11;488,-14,-50;498,-60,-277
rua||francisco de paula pereira|parque da banheira|38842012|1,-1899653,-4630895;3,6,40;5,0,10;7,6,14;9,4,13;11,0,2
rua||francisco de paula pereira|village veth|38842012|2,-1899650,-4630859;4,7,13;6,-5,10;8,2,17;10,-2,-46;12,-23,-65;20,1,-7;28,-5,37
rua||francisco goulart duarte|paranaiba|38847899|13,-1900420,-4631979;15,-11,1;18,-14,-12;23,8,9;73,-47,7;76,-6,-6;83,-22,7;86,15,-4;90,-13,-1;93,4,5;100,-3,-5;104,-10,1;106,-2,4;113,0,1;116,-4,-3;128,-12,4;133,1,9;140,-7,-10;141,-7,8;147,-6,-1;150,4,-3;160,-6,5;180,-36,-2;183,3,11;185,-10,3;195,-6,-4;199,-1,3;205,-3,1;211,-6,1;220,17,-15;221,-31,15;223,0,0;231,-5,4;309,-42,3;313,-24,18;639,247,-53;1061,13,-13
rua||francisco queiroz|lagoinha|38846032|390,-1900311,-4631378;400,-2,-10;410,-3,-5;411,0,-3;421,0,-10;426,-10,-2;431,11,-9;438,-7,-7;441,2,-22;452,-3,2;453,3,5;456,-2,-8
rua||francisco queiroz|paranaiba|38846032|491,-1900315,-4631483;503,-7,-16;520,-6,-3;525,6,-8;535,-2,-2;536,-5,-2;544,-6,-7;545,10,1;551,-1,-9;555,2,-24;560,0,-3;561,-1,-4;566,-9,-3;569,1,-6;570,-1,-7;583,0,-12;590,-1,-2;657,-13,-170;668,3,134;674,-1,-5;677,-5,-95;682,7,87;683,10,4;687,-17,-82;688,8,80;701,3,-18;704,-6,-4;707,5,0;716,-9,-8;719,12,-5;729,-2,-11;764,-14,-34;765,1,-8;775,4,-14;784,-5,4;825,3,-39;828,-13,4;835,11,-20;838,-5,3;842,-5,-1;848,-1,-9;855,2,3;858,3,-21;862,-1,8;864,-4,-7;865,3,9;888,-3,-36;894,-5,-6;900,1,-7;910,-2,-8;916,3,-15;918,-22,4;919,21,-7;923,1,-27;925,-4,18;928,6,-5;933,-3,-17;937,0,-8;941,-2,-21;950,-1,29;951,1,-39;960,-6,13;967,5,-19;970,-8,3;972,7,55;974,3,-63;980,-7,-7;981,-3,15;982,5,46;988,-37,-85;1008,26,32;1009,-5,-9;1019,-12,-4;1029,-7,-9;1076,-51,-52;1081,13,26;1082,-17,-28;1096,-32,-25;1121,-19,0;1127,-8,-12;1131,-2,0;1141,-6,-3;1151,-8,-9;1160,5,-11;1161,-12,8;1166,4,-10;1171,-7,4;1181,-12,-6;1191,1,-1;1199,-6,-12
rua||franklin mendonca|central|38840056|12,-1899937,-4631296;13,-5,10;15,2,-2;23,18,3;26,-4,-1;28,1,14;30,6,-8;32,-16,4;35,18,-12;36,-1,14;40,3,0;46,7,0;50,4,10;51,-4,-6;60,6,15;63,12,-11;70,4,11;73,2,-5;80,-1,8;90,8,8;91,10,-6;124,25,26;125,-1,-3;136,14,10;137,-6,-2;147,20,-25;149,-11,20;152,2,11;157,9,5;162,-1,-2;167,10,6;176,-4,6;197,15,13
rua||franklin mendonca|parque da banheira|38840056|96,-1899742,-4631142;102,7,2;106,4,6;110,-6,9;120,5,11;224,-40,-59;225,7,4;234,-3,7;237,7,-3;244,0,7;245,15,2;254,-4,6;255,23,-18;314,2,51
rua||gabriel cardoso|jardim das palmeiras|38840224|800,-1898989,-4630541;810,6,-1;825,6,13
rua||gabriel cardoso|minas gerais|38840224|535,-1899038,-4630818;545,-3,9;555,7,7;565,-3,13;575,7,10;585,4,4;600,-2,24;610,4,8;615,6,-4;620,-4,12;625,-2,-4;630,3,16;635,4,-2;640,-1,7;645,0,0;650,4,10;680,3,44;685,6,-7;690,-4,14;695,8,1;700,-10,4;705,11,1;710,-3,16;715,5,-1;720,-3,5;725,6,4;740,-3,32;745,7,-14;750,-3,21;755,5,-5;760,-7,15;765,9,-9;770,-5,17;774,-2,6;775,9,-13;780,-7,23;785,13,-15;795,-3,9
rua||gabriel cardoso|niteroi|38840224|440,-1899057,-4630913;450,2,11;453,7,8;457,1,4;460,-3,-7;465,1,7;469,1,0;474,-2,10;477,4,3;480,-3,1;489,5,12;490,-5,-5
rua||gabriel gontijo|niteroi|38847899|16,-1898785,-4630956;20,-3,-4;21,126,43;30,-139,-46;33,-11,49;35,-18,-80;40,21,92;45,-11,-62;49,-29,-68;50,41,136;66,-4,-95;67,-45,-45;68,41,42;71,-44,-51;76,54,74;81,96,30;84,-133,-94;87,-23,-19;94,18,8;95,-48,-99;99,24,78;101,-14,-37;103,8,21;104,26,36;114,-5,-12;115,-27,-32;121,127,143;122,-108,-119;131,105,119;135,-129,-171;136,21,39;140,-4,-10;142,-4,-10;143,-19,-25;153,-5,-5;164,18,15;191,-19,-43;250,17,28;274,-6,-9;280,-4,-10;286,0,-13;290,1,-4;296,-8,-7;300,4,-12;310,-6,-1;316,-5,-11;322,1,-6;332,-4,-11;341,8,43;347,0,-2;361,-36,-110;376,26,60;378,-4,-10;392,-5,-14;401,8,47;403,-7,-19;409,-1,-10;423,-2,-7;433,-2,-21;434,-10,-36;443,4,17;444,-9,-42;454,2,7;464,-4,-19;467,1,35;474,-4,-41;477,3,37
rua||gabriel resende silva|alto niteroi|38847899|1,-1898400,-4630827;2,-9,0;3,6,13;4,-16,-1;5,5,7;6,-11,-1;7,4,10;8,-13,-1;10,-2,2;11,-1,13;12,-7,-7;13,4,10;14,-10,-2;15,5,13;16,-12,-5;17,5,8;18,-10,-4;27,-32,41;29,-1,-1;31,-13,3;33,-5,4;34,-10,-7;35,2,5;37,-11,3;39,-5,2;42,-21,-1;44,-10,4;46,-11,3;48,-10,2;50,-8,1;52,-12,3;54,-11,3;56,-12,1;64,-35,8;65,1,4;66,-6,-4;70,-18,4;71,24,1;73,-14,3;75,-4,-1;80,-55,7;81,37,5;83,-6,-5;84,-48,8;85,39,0;86,-47,0;88,-8,0;90,-16,4;93,28,-2;95,-9,6;99,-6,1;101,-11,2;103,-17,5
rua||gabriel resende silva|alvorada|38847899|50,-1899652,-4630477;230,330,-76;234,-16,8;240,-8,-1;252,-8,4;257,41,-1;267,-9,1;273,-25,6;277,26,-1;297,-22,0;304,-58,6;309,5,6;314,-7,-6;320,-12,-1;360,-37,11;370,-9,1;390,-10,6;400,-2,-1;402,-9,1;411,-29,16;421,-9,-2;434,-3,-7;437,-13,11;444,-6,-6;453,1,6;454,-5,-1;464,-7,6;465,2,3;501,-34,9;504,-70,2;507,57,0;514,0,-9;517,-7,6;521,-7,4;524,1,-6;527,-8,10;531,1,0;536,1,-11;539,-20,15;544,5,-10;596,-53,12;599,4,1;604,-16,-1;605,8,5;611,-7,9;614,-2,-11;621,-6,13;624,-3,-8;633,-1,6;652,-26,19;653,-11,-9;745,-23,-3;757,-19,8;767,-14,-3
rua||gabriel resende silva|amazonas|38847899|819,-1899845,-4630416;824,-13,-12;825,7,7;836,-19,-4;837,14,7;844,-18,-6;845,4,7;850,-16,-9;853,13,7;857,-6,1;859,-6,6;869,0,2;890,-66,54;898,0,-14;918,14,-16;928,-18,-18;939,-3,3;940,-10,-3;949,3,7;954,-13,-5;959,-3,9;969,-11,0;986,-6,-2;998,-9,2;1008,-14,-2;1012,-1,2;1014,3,-1;1018,-7,4;1022,-13,3;1079,-49,7;1089,-18,13;1099,-13,2;1119,-9,8;1139,-25,7;1147,-12,1;1219,-22,3;1231,-10,2;1253,-16,5;1257,-5,0;1263,-5,0;1273,-10,2;1460,109,-22;1470,-7,3;1480,-16,-6;1490,-16,2;1500,-9,3;1510,-15,3;1520,-3,4;1530,-11,-2;1556,-20,5;1580,-23,5;1621,-32,11;1627,-9,0;1631,-4,10;1641,-13,0;1651,-8,6;1660,36,-17;1661,-50,15;1670,38,-10;1671,-44,12;1681,-9,2;1688,44,-18;1700,-9,6;1701,-58,18;1710,43,-11;1723,-52,15;1731,-24,5;1732,40,-18;1733,-24,14;1740,14,-12;1750,-9,6;1760,-10,2;1768,-31,2;1770,18,0;1778,-27,5;1779,5,5;1791,-23,8;1792,10,-12;1800,-11,2
rua||gabriel resende silva|minas gerais|38847899|47,-1899111,-4630588;57,-8,1;69,-18,5;79,-11,5;89,-10,0;95,-13,2;98,334,-85;104,-19,5;107,-6,9;108,-4,-8;111,-7,10;113,-325,76;115,316,-74;117,-10,2;119,-308,77;124,277,-77;126,-14,3;127,2,10;128,-6,-9;129,-2,9;130,-12,-13;131,6,16;133,-10,3;134,-10,-12;135,0,11;144,-58,10;145,5,9;146,-10,-15;147,-6,9;148,-5,-5;149,-2,8;150,-7,-4;152,-9,0;154,-7,4;155,-12,12;174,-36,-2;182,-4,1;186,-10,2;190,-13,6;194,-6,2;198,-11,-1;206,-6,4
rua||geraldina teixeira braz|alvorada|38842044|21,-1899355,-4630575;30,5,-3;40,9,-2;41,1,-2;2640,14,-1
rua||geraldo braz de araujo|niteroi|38840214|1720,-1899019,-4631315;1730,-13,8;1735,-2,1;1740,2,7;1750,-5,11;1755,-16,-2;1760,15,7;1775,-31,11;1780,13,10;1790,-12,-3;1800,-4,8;1810,-2,7;1825,-26,19;1830,7,-2;1840,-2,9;1850,-5,7;1860,-9,7;1880,-8,13;1890,-8,10;1900,-11,9;1910,1,7;1915,-22,7;1920,10,4;1925,-18,-1;1930,4,6;1935,-9,13;1940,7,0;1950,-7,9;1955,-20,6;1960,8,6;1965,-16,2;1970,1,5;1975,-6,8;1980,8,2;1990,-10,9;1995,-9,-5;2000,1,11
rua||geraldo ferreira do amaral|morro grande|38846242|280,-1900288,-4632517;290,4,-5;300,-8,-13;310,8,-12;320,6,-1;330,-5,-16;340,10,-10;350,-1,-8;360,3,-9;381,-7,-25;391,4,4;410,11,-25;411,-8,-4;421,4,-9;431,-2,-9;441,5,-8;451,2,-8;460,2,-7;461,-4,-6;470,15,-12;471,-11,4;480,4,-10;481,-3,-1;490,11,2;491,-7,-12;500,7,-6;501,-4,-1;510,4,0;511,-5,-6;520,11,-10;521,-9,-2;530,5,-1;540,7,-18;541,-6,1;550,8,-10;551,-3,-4;560,1,3;561,-2,-14;570,9,-2;571,-8,0;581,1,-7;600,11,-16;601,-8,-6;610,10,-4;611,-9,-8;621,6,-11;631,-2,-7;640,7,-9;641,-6,-1;650,9,-7;651,-1,-5;660,9,-8;661,-8,0;670,4,-2;671,-1,1;680,7,-16;681,-8,5;690,3,-8;691,0,-3;700,7,-10;710,-2,-9;711,-6,2;720,13,-2;730,2,-17;731,-12,-1;740,16,-8
rua||geraldo r de moraes|morro grande|38847899|400,-1899904,-4632769;410,11,-8;415,4,-1;420,6,-6;425,0,3;430,6,-2;440,10,-3;445,0,-6;450,10,-2;455,0,0;460,4,0;465,7,-9;470,0,-1;475,1,-6;480,10,4;485,-1,-10;490,12,10;495,-3,-9;500,11,0;505,0,-10;510,9,4;515,-2,1;520,7,-2;525,-2,-3;530,12,-7;535,-3,4;545,-1,-12;555,13,-3
rua||geraldo veloso de oliveira|paranaiba|38846002|2,-1900627,-4631523;3,8,-5;9,-9,4;12,-6,-12;19,-12,15;22,3,-6;29,-3,6;32,-10,-4;39,-4,6;52,-23,-8;59,6,11;69,-7,2;72,3,-7;79,-14,9;82,4,-9;99,-22,7;109,-12,5;116,0,-9;126,-19,4;133,-14,19;136,3,-18;140,-4,0;145,-13,11;148,2,-11;153,-10,12;156,8,-11;163,-13,14;166,-2,-8;173,-13,10;176,7,-13;193,-23,12;196,7,-7;203,-18,10;206,2,-5;213,-15,3;216,13,-2;223,-12,8;226,2,-9
rua||giordano|bela vista ii|38847899|43,-1899805,-4629670;55,11,-2;68,11,-1;125,55,-18;135,4,0;140,0,6;150,15,-8;166,5,1;245,88,-15;265,20,-4;294,20,7;335,43,-22;345,10,-7
rua||giordano|jardim jb|38847899|63,-1899448,-4629749;304,215,-59;455,-196,49;503,26,-2;754,221,-56;790,41,-2;802,18,-8;874,66,-13
rua||guilhermina rosa de jesus|morro grande|38846275|645,-1899739,-4632718;650,10,3;660,7,-7;670,13,-12;690,1,4;695,-2,-30;699,9,22;700,0,2;710,10,-1;720,2,-1;730,10,-8;735,9,-11;740,-2,5;750,11,-1;755,13,-18;760,-1,-1;765,0,-23;770,10,23;775,10,-13;780,-7,17;785,17,-17
rua||guilhermina rosa de jesus|santa cruz|38846275|795,-1899596,-4632796;805,5,-8;810,2,14;815,7,-20;820,2,12;825,6,-12;830,1,5;835,11,-15;840,-24,24;845,28,-25;850,-1,6;855,11,-11;860,-1,5;869,7,-13;875,5,-1;880,1,1;885,9,-3;890,-1,5;895,9,-14;900,-3,12;905,12,-16;906,0,11;910,4,-5;915,10,-9;920,-9,9;925,12,-14;930,1,7;935,5,-6;940,-4,5;950,15,-10;955,2,-3;960,4,0;965,6,-11;975,14,-2;995,8,-12;1005,14,-7;1015,4,-2;1019,5,-2;1020,0,16;1025,10,-23;1030,4,12;1035,-2,-12;1040,0,14;1045,10,-21;1050,4,6;1055,-1,-8;1060,9,2;1065,5,-9;1070,-1,11;1075,7,-13;1079,-11,-28;1080,17,38;1085,3,-15;1090,4,4;1100,6,-7;1110,9,4;1120,7,-8;1130,7,-4
rua||gustavo jose manoel|jardim jb|38842264|35,-1899489,-4629903;40,-1,6;45,4,-8;60,20,-1;65,0,-2;75,13,-2;90,16,2;100,17,-4;110,19,-2
rua||g|morro grande|38847899|50,-1899744,-4632668;60,-4,-7;65,-4,-3;70,-1,-3;75,-6,-4;80,1,-9;85,-6,0;95,0,-16
rua||hilario ribeiro|santa cruz|38846134|565,-1899689,-4632398;575,-26,12;585,12,-8;590,2,10;595,4,-15;600,8,9;605,4,-16;610,3,14;615,8,-17;620,-6,12;625,4,-28;630,6,19;640,13,-3;665,23,-24;675,7,-2;680,-76,45;685,84,-51;689,5,-3;695,10,1;700,3,2;705,7,-8;710,4,1;715,4,-9;720,-99,-45;725,97,47;730,8,1;731,16,-8;735,-18,-4;740,5,12;741,3,-8;745,2,-1;750,2,1;755,20,-8;760,-9,2;765,9,-9;770,-1,6;775,7,-11;780,-2,10;785,9,-19;790,2,9;795,7,-9;799,4,-6;800,2,13;810,1,-5;815,3,-9;820,12,4;825,5,-13;830,2,7;835,3,-7;840,38,-20;841,-4,-9;845,17,10;850,4,3;855,1,-14;860,1,5;865,7,-16;875,10,-5;885,0,0;895,10,-3;905,4,-2;915,12,-11;925,7,-6
rua||h|morro grande|38847899|105,-1899747,-4632778;110,17,4;115,-2,-10;145,-22,-18;150,7,-19;155,-10,-1;160,1,6;165,-5,-16;170,1,6;175,0,-3;180,-2,-8;200,-4,-14;210,-5,-11;215,-11,-7;220,2,-5;225,-5,-2;230,0,-6;245,-9,-11;265,-12,-12;275,0,-14
rua||inacio teixeira da cunha|bela vista ii|38842226|151,-1899796,-4630060;157,-10,10;162,18,-3;262,93,-22;265,3,-12;293,20,-5;340,36,0
rua||inacio teixeira da cunha|jardim jb|38842226|445,-1899539,-4630123;522,61,-8;540,15,0;570,34,-6
rua||ipe amarelo|residencial nova floresta|38844298|12,-1900818,-4631990;41,-1,24;51,-12,16;60,-9,3;71,9,19;72,-11,-9;81,1,18;82,-4,-8;91,-3,18;101,-3,10;111,-2,9;122,-9,4;181,-22,70;182,-6,-2;192,-4,8;211,-5,26;221,0,8;222,-7,-4;231,2,17;241,-6,10;242,-5,-5;252,-4,18;261,2,9;281,-13,16;291,3,9;292,-9,1;302,-4,5;311,-5,20;312,8,2;321,-10,10;322,-1,-8;332,-4,12;341,2,15;342,-10,-7;351,2,16;361,-1,11;362,-8,-5;392,-13,27;401,0,17
rua||ipe|alvorada|38842048|21,-1899330,-4630524;30,-5,8;31,6,1;40,1,9;55,0,14;283,1,-11
rua||iraci do eliseu|paranaiba|38846046|10,-1900214,-4632138;18,-4,8;29,-6,20;39,0,4;49,-10,10;59,6,19;65,-14,-7;68,7,-22;69,-15,27;70,-63,71;75,79,-74;77,-39,25;80,-33,50;87,24,-45;89,-3,6;92,-11,29;94,-4,-1;95,13,-26;97,-8,-4;99,3,1;101,1,8;106,0,10;109,-7,-4;116,16,-6;120,4,-3;126,4,-5;229,46,-66
rua||isaura maria de barros|bela vista ii|38842230|40,-1899880,-4629968;50,11,-3;147,89,-21;244,80,-15;254,5,-3;257,1,-2;264,14,2;271,1,-8;274,5,3;284,20,-6;285,-10,-1;323,28,-6;335,19,-4;365,24,-7;368,12,6;369,-11,-6;375,12,-3;380,4,4;385,0,-4;1071,-269,60
rua||ivan candido domingues|morro grande|38846278|165,-1899857,-4632740;325,-90,46;335,15,-10;340,8,4;345,1,-9;350,9,5;395,36,-33;400,2,7;405,8,-10;410,5,12;415,2,-18;425,5,-5;435,14,-5;445,6,-4;455,2,-2;460,8,-2;465,1,7;470,10,-11;475,1,-1;480,-1,2;485,7,-6;490,11,-3;495,-3,-3;500,14,-2;505,0,-1;510,-1,-2;515,3,-4;520,11,0;525,-3,3;530,8,-9;540,16,-4;575,22,-16;685,82,-57
rua||ivan candido domingues|santa cruz|38846278|65,-1899639,-4632865;69,11,-24;9220,1,4
rua||ivan coutinho|central|38840040|11,-1899628,-4631788;21,-10,-3;31,-8,-10;40,-2,-8;41,-12,2
rua||i|morro grande|38847899|25,-1899935,-4632584;35,1,13;89,-34,11;99,-10,14
rua||i|residencial nova floresta|38847899|195,-1901173,-4632102
rua||jacaranda|residencial nova floresta|38844294|32,-1900775,-4631955;41,6,16;42,-10,-8;51,3,20;52,-10,-8;61,5,17;72,-11,4;81,17,-18;101,-23,60;122,-9,11;132,-10,12;152,-8,18;161,3,18;162,-3,-5;181,-4,22;182,-11,-1;185,7,3;191,-4,11;192,-8,-4;212,-9,23;222,-2,10;231,3,11;232,-5,-4;242,-3,13;251,-8,22;252,0,-10;261,0,12;262,-2,-4;281,-3,29;301,-8,14;302,-9,-1;311,4,15;312,-8,-2;322,-5,11;331,3,14;332,-8,-5;342,-5,5;351,4,20;352,-12,-2;361,11,11;371,-7,8;381,-2,12;392,-15,6;401,3,20
rua||januario gontijo|alto niteroi|38840246|204,-1898548,-4630922;214,11,2;224,8,-6;234,12,-9;246,5,1;258,14,-10
rua||januario gontijo|niteroi|38840246|305,-1898486,-4630973
rua||jequitiba|residencial nova floresta|38844380|322,-1901087,-4631802
rua||joao domingues|novo paraiso|38847899|10,-1901192,-4630787;38,9,26;64,6,25;78,4,12;92,9,21;118,3,13;132,9,11;146,1,12;172,8,28;186,7,7;200,5,12;226,7,23;240,3,11;254,3,11
rua||joao paulo|quintinos|38840001|9,-1885993,-4608613;46,11,82;66,10,24;70,-19,-66;76,23,79;86,4,14;111,3,-12;117,-3,-12;153,10,29;195,22,51;201,-2,0;215,7,-39;230,-51,59;240,-6,4;250,6,9;260,-4,16;280,-4,20;290,-6,1;295,14,5;300,-10,15;305,13,-4;310,-18,35;320,5,-11;325,-5,33;330,2,-31;355,1,17;360,-2,1;365,2,8
rua||joao rosa|niteroi|38840206|1555,-1899237,-4631181;1560,15,5;1565,-3,5;1570,11,1;1575,-4,8;1580,8,2;1585,-5,6;1595,12,4;1605,11,12;1650,40,24;1655,-3,8;1660,12,-5;1665,-8,10;1669,0,2;1670,14,-3;1675,-5,10;1680,0,-4;1685,0,8;1690,13,1;1695,0,8;1700,1,2
rua||joao soares santos|niteroi|38847899|26,-1898985,-4630860;36,-5,-16;45,-6,-6;46,4,-4;55,-8,-4;56,6,1;65,-7,-12;66,7,5
rua||joao vicente de almeida|quintinos|38840001|3,-1885890,-4608842;4,38,53;6,4,21;12,16,51;14,-35,-117;16,33,111;20,-81,-219;38,69,195;43,11,-25;45,5,19;47,-5,15;49,9,20;52,-10,-18;60,-28,-92;90,49,173;100,-2,-4;110,3,14;130,6,15;210,-57,-205;270,-1,-16
rua||joscelim braz de queiroz|paranaiba|38847899|177,-1900194,-4631964;186,-7,0;187,-5,8;196,1,-8;197,-12,7;206,-1,-8;207,1,5;241,-55,15;247,-4,4;250,14,-14;257,-29,15;260,20,-15;263,-25,17;267,2,-5;270,14,-7;276,-5,0;277,-23,22;286,15,-22;297,-23,17;302,4,-15;306,-18,5;307,-6,7;316,-3,-6;317,-3,13;320,0,-11;327,-10,10;330,2,-6;340,-6,0;355,-50,17;365,-17,3;377,63,-10;387,-30,1;396,-2,-4;397,-17,10;401,0,-1;403,-23,2;404,35,-10;407,-50,18;409,-14,-3;412,59,-14;422,-6,2;427,-71,18;432,55,-18;437,-64,24;439,-6,-2;442,65,-20;447,-71,18;450,25,-19;460,-1,10;467,-46,11;470,34,-8;477,-39,11;479,-1,5;480,36,-17;484,-9,4;486,1,-1;487,-32,14;489,-4,4;490,28,-15;499,-29,11;500,18,-16;506,-15,-21;507,-26,36;510,31,-9;518,-2,-3;522,-6,2;530,-6,4;563,-47,15;567,-6,5;568,4,-13;573,-10,13;574,5,-12;575,-7,35;579,2,-6;583,-10,-19;584,6,-6;593,-15,12;594,4,-13;603,-9,13;614,-4,-11;618,-10,4;638,-25,2;642,-5,1;644,-8,6;645,10,1;653,-6,3;663,-20,7;674,7,-16;681,-17,22;684,3,-13;694,-7,0;695,-11,12;704,3,-8;705,-15,8
rua||joscelim braz de queiroz|parque do taboao|38847899|109,-1900150,-4631970
rua||jose albino de oliveira|bela vista ii|38842224|780,-1899716,-4630142;856,-12,27;881,15,-39;884,7,8;895,7,-8;898,7,8;920,26,-6;925,-8,-6;941,13,-6;971,21,-4;995,-104,24;1000,124,-14
rua||jose albino de oliveira|jardim jb|38842224|721,-1899577,-4630185;1060,3,12;1084,29,-9;1105,28,-19;1120,0,12;1125,39,-14;1170,16,1;1247,80,-23;1261,14,-1;1275,12,-2;1330,24,2;1378,35,-13;1392,20,-4;1405,26,-15;1420,8,13;1443,37,-21;1448,-5,12;1451,7,-11;1462,-1,8;1472,12,-1;1482,11,-5
rua||jose amaral|jardim das palmeiras|38847899|260,-1898544,-4630545;270,-5,0;277,-7,15;294,-16,-5;295,2,11;304,-8,-11;309,-11,11;347,-25,4;355,-9,3;360,-7,-5;363,1,10;368,-9,-8;376,-8,-2;384,-10,-2;387,6,11;392,-11,2;399,11,11;400,-16,-14;408,-10,0;411,87,-17;416,-95,24;423,92,-18;471,-133,27;472,-4,1;479,-7,1;480,0,5;487,-3,-5;488,-10,-2;496,-1,1;499,-8,4;510,-3,0;511,0,12;520,-3,-12;523,-1,15;530,-8,-20;537,-15,16;538,6,-6;546,-9,0;549,-10,10;551,-5,1;554,2,-4;562,-3,1;570,-9,-4;580,-4,5;590,-13,3;598,-9,-4
rua||jose barcelos|quintinos|38840001|2,-1886194,-4608653;7,14,-15;151,429,-164;153,6,-3;219,-144,45;238,-25,-23;247,4,34;248,-13,-13;265,11,13;268,-27,-4;270,71,-27;280,-17,5;295,-298,108;300,224,-76;310,-13,-5;330,-9,3;333,14,16;340,-5,-10;341,1,15;347,-41,-4;351,130,-28;361,-106,30;374,-30,-1;377,10,10;403,-67,28;422,0,-23;438,-13,-6;469,-17,8;470,1,1;478,35,-6;494,-56,-11;534,-19,37;539,2,7;548,-2,-11;555,-9,17;558,-11,-8;569,-7,15;575,-7,-5;580,-9,1;583,1,3;597,-14,4;598,5,-13
rua||jose romoaldo|quintinos|38840001|21,-1886043,-4608294;52,-6,67;60,6,-43;64,3,-30;68,1,0;72,1,-9;76,2,-8;80,2,-9;88,4,-21;132,1,-9;134,1,-8;153,-23,-76;155,6,18;157,-7,-21;161,10,40;172,-10,-56;178,3,-9;185,-13,4;190,8,-8;197,-11,-6;213,-1,-9;225,-2,-11;234,4,-8;237,-6,-4;238,4,-4;265,-11,-24;270,-2,-18;283,-14,-20;284,-1,2;286,5,5;304,-6,-13;311,-4,-22;322,7,9;386,-14,-60;393,-7,0;405,0,-17;412,4,-10;415,-41,16;421,-5,-4;441,21,-44;473,22,28;484,-15,-95;494,2,29;511,-12,-8
rua||josias albino|paraiso|38844106|62,-1900936,-4631314;69,-2,10;74,1,1;75,3,-1;80,-8,16;87,13,9;92,-3,14;93,12,-1;102,-4,2;105,4,16;110,0,10;111,4,1;116,-6,9;121,10,8;132,2,36;142,1,-10;152,7,12;160,6,14;176,3,8;192,15,30;196,12,-2;202,-2,16;212,0,10;222,1,10;272,6,16;298,31,6;308,-12,31;318,7,5;328,5,11;332,3,4;338,0,7;348,4,6;358,5,16;445,26,29;457,10,11;465,-2,14;469,0,2;481,5,5;487,4,15;491,5,7;493,-3,-9;529,9,29;539,7,1;859,-39,-82
rua||jovita maria da silva|jardim jb|38842274|141,-1899192,-4630001;144,-6,3;192,8,40;264,16,64;297,15,33;321,9,22
rua||juca cardoso|bela vista ii|38842238|45,-1899864,-4629904;160,142,-27;165,-39,3;276,-59,11
rua||juca da henriqueta|santa cruz|38846142|20,-1900189,-4632220;35,10,3;40,-5,-9;45,13,-8;50,-6,2;55,16,-8;60,-9,8;65,20,-23;70,-4,15;75,3,-14;80,-2,18;90,12,-11;100,6,-4;110,10,-4;115,5,-17;120,3,9;125,6,-10;130,-4,9;135,13,-15;140,-2,10;145,16,-20;150,-16,23;195,52,-45;205,7,0;210,0,12;215,11,-17;220,-8,15;225,9,-17;230,-4,8;235,19,-16;240,-6,17;245,12,-23;250,-5,17;255,9,-19;260,-2,14;265,13,-17;270,-3,12;275,16,-20;280,-12,16;285,14,-20;290,-11,15;295,19,-13;300,-3,10;305,14,-22;310,-9,14;315,16,-18;320,-6,15;325,12,-17;330,-5,15;340,9,-5;375,41,-37;385,9,-1;390,-15,18;395,25,-23;400,-17,18;405,24,-21;415,0,-8;420,-3,19;425,15,-22;430,-5,11;435,5,-19;440,5,18;445,5,-23;450,-1,19;455,9,-22;460,0,17;465,9,-17;470,-2,11;475,14,-23;480,-5,15;485,11,-12;490,-13,24;495,28,-35;500,-9,21;505,13,-22;510,-12,12;515,21,-13;520,-10,9;530,14,-5;575,48,-39;580,-19,13;585,27,-18;590,-12,22;595,16,-30;600,-11,26;605,16,-27;610,-5,19;615,20,-27;620,-14,21;630,13,-3;640,3,0;645,-71,40;665,115,-82;670,6,11;675,-4,-21;680,11,16;685,4,-15;690,10,22;695,-5,-22;700,5,11;705,4,-14;710,4,4;715,7,-11;725,4,-4;730,4,10;735,-1,-13;740,7,13;745,9,-20;750,-6,6;755,10,-8;760,7,8;765,9,-17;770,-3,11;775,6,-14;780,-1,10;785,8,-11;790,5,7;795,3,-12;800,5,8;805,4,-18;810,6,12;815,-2,-10;820,11,0;830,15,-2;844,20,-13;845,2,-21;850,3,17;855,12,-15;860,0,12;865,45,-39;870,-36,36;875,3,-21;880,1,11;885,9,-12;890,2,13;895,1,-20;900,7,17;905,10,-20;910,-1,10;915,1,-16;920,9,11;925,-1,-15;930,10,9;935,4,-13;940,-3,9;945,3,-9;950,7,5;955,2,-17;960,5,10;965,2,-23;970,8,33;975,-4,-38;980,6,25;985,8,-16;990,0,10;995,7,-11;1000,2,6
rua||lagoa dos estulanos|lagoa dos estulanos|38840001|25,-1906779,-4628919;26,63,58;54,83,119;55,-482,-52;57,375,-150;63,-18,57;64,97,131;65,-47,-277;66,1,205;69,-61,-34;71,5,9;72,-120,-29;73,96,8;95,-89,-30;105,-290,-119;135,-51,10;300,1817,-971;3700,-1534,1124
rua||lagoa dourada|bela vista ii|38842244|18,-1899628,-4629786;38,16,37;126,17,132;150,14,42;160,1,12;170,1,8;180,1,6;190,4,11
rua||lagoa dourada|parque bela vista|38842244|71,-1899541,-4629406;251,-12,-68;260,-3,9;261,2,-10;271,2,18;281,3,9;391,25,106;401,-1,5;411,5,12;460,-4,40;470,5,10;480,5,13;520,3,35;530,0,3;540,4,17;550,4,7;560,-4,3
rua||lazaro de deus vieira|niteroi|38840204|1340,-1899272,-4631145;1344,-3,5;1350,1,6;1355,2,14;1360,9,-10;1365,4,14;1370,6,-4;1375,-3,15;1380,9,-6;1385,0,15;1390,6,-10;1395,6,15;1405,4,10;1415,11,7;1435,25,17;1445,-16,-16;1450,18,15;1455,-4,8;1460,8,-9;1465,3,16;1470,4,-5;1475,-3,13;1480,12,-6;1485,-2,9;1490,8,-3;1495,5,11;1500,16,6;1505,-5,12
rua||lazaro hugo guimaraes|jardim jb|38842262|252,-1899481,-4629966;322,55,-11;417,84,-31;447,28,-3;549,93,-23
rua||lazaro jose veloso|santa cruz|38846384|70,-1899199,-4632947;80,7,-8;85,-5,-5;90,7,-2;95,-5,0;100,5,-5;105,-2,-6;120,18,-24;130,6,-6;135,-13,9;140,8,-12;148,0,-2;170,20,-36;175,-10,10;180,11,-18;185,-6,9;190,14,-17;195,-13,7;200,13,-14;205,-6,7;220,15,-24;230,4,-7
rua||leda oliveira queiroz|niteroi|38840216|1567,-1899133,-4631296;1584,13,18;1594,3,9;1597,3,6;1604,7,-4;1607,0,-2;1614,6,9;1617,-4,3;1624,9,3;1634,-1,10;1667,26,18;1674,13,2;1677,-3,10;1684,7,-7;1687,2,10;1694,6,-6
rua||lenheiros|alvorada|38842236|329,-1899886,-4630743;331,5,12;343,1,18;355,-1,9;379,14,13;411,3,41;423,4,5;433,4,10;437,83,-5;443,-81,22;453,-1,2;465,0,13;467,16,10;471,-7,21;475,11,20;483,-5,11;493,6,9;721,25,112;731,1,17;741,1,11;751,7,8
rua||lenheiros|amazonas|38842236|670,-1899832,-4630445;680,-6,8;700,14,14;712,-1,11;734,5,18
rua||lenheiros|bela vista ii|38842236|896,-1899757,-4630189;1033,16,68;1045,5,16;1069,2,21;1092,-7,16;1093,10,8;1104,4,18;1116,-6,12;1141,22,15;1165,-6,22;1177,4,9;1191,1,13;1205,2,17;1210,-12,6;1229,17,14;1255,6,23;1284,-2,35;1296,0,14;1347,21,38;1367,6,14;1371,1,9;1395,-15,13;1405,15,15;1411,-7,9;1415,9,3;1437,17,27;1445,-3,16;1490,3,34;1510,-11,14;1520,-6,8;1615,49,83;1635,2,18;1640,-18,-30;1680,4,41;1685,27,48;1695,2,4;1700,-24,-41;1710,5,15;1720,0,7;1730,1,11;1740,4,21
rua||lenheiros|central|38842236|5,-1899952,-4631041;11,-5,13;13,6,2;15,0,-6;25,7,7;31,9,11;33,-4,-2;38,-11,-48;55,19,85
rua||lenheiros|jardim jb|38842236|772,-1899813,-4630355;784,3,12;785,14,-9;795,3,12;796,-13,16;850,10,46;860,5,7;872,5,13;873,8,-15;886,-7,18;891,23,34;895,-9,-24;900,-14,3;1009,-2,-80;1019,2,9
rua||lenheiros|juscelino kubitschek|38842236|4,-1899962,-4631042;8,5,8;10,0,2;20,2,8;24,3,-2;26,3,8;28,-1,-1;30,-16,9;34,22,-2;36,7,4;38,-3,1;50,-5,11;58,1,12;98,7,33;106,19,11;108,-14,10;120,-1,6;134,1,15;142,1,9;170,3,25;186,7,7;190,3,0;196,0,9;214,0,20;216,-4,3;226,2,1;230,3,14;256,8,11;258,7,12;276,-4,13;278,9,9;306,1,6;308,2,12;320,-5,17;428,27,89;440,4,20;444,-19,-81;454,27,105;500,16,54;620,-131,-554;632,8,17;646,-19,24;656,18,1;668,1,12
rua||lenheiros|matinha|38840001|7,-1895239,-4624088
rua||lenheiros|parque bela vista|38842236|1733,-1899600,-4629462;1741,2,18;1755,5,-3;1765,8,76;1770,-19,-51
rua||lenheiros|village veth|38842236|75,-1899941,-4630974;83,3,11;97,6,13;109,-1,8;113,5,19;117,-2,-9;123,11,9;135,5,20;141,-2,-2;155,3,17;163,2,6;171,-6,4;175,-1,9;179,11,2;181,-7,1;187,7,3;193,-1,15;197,-3,11;203,3,-11;223,0,31;225,10,10;257,4,14;267,2,10;279,-2,5;289,-8,14;291,1,20
rua||madre paulina|morro grande|38847899|565,-1899777,-4632644;575,14,0;585,4,-4;595,11,-4;635,25,-22;655,20,-9;665,6,-2;675,8,-14;685,7,9;695,9,-12;705,5,-1;715,10,0;725,16,-12;735,-3,-4;745,12,-5;755,6,-2;765,12,-7
rua||maira bethania|bela vista ii|38847899|231,-1899572,-4629491;281,57,-8
rua||maira bethania|parque bela vista|38847899|220,-1899580,-4629478;230,10,-9;260,35,-4;280,15,-3;300,20,-4
rua||mangabeira|residencial nova floresta|38844306|1010,-1900968,-4632071;1011,18,27;1020,-17,-4;1030,1,16;1040,-5,9;1041,8,11;1050,-9,-1;1051,8,9;1060,-16,3;1070,-2,12;1071,5,3;1080,-5,2;1081,2,11;1090,-9,3;1091,2,12;1100,-5,-1;1101,4,4;1111,1,12;1140,-24,26;1141,2,10;1151,-3,11;1180,-18,21;1181,5,9;1190,-7,5;1210,-8,22;1211,2,0;1220,-9,7;1230,-1,10;1231,0,11;1240,-3,0;1250,-13,13;1270,-2,21;1280,-4,8;1290,-1,13;1291,-3,1;1301,-7,12;1310,4,14;1311,-5,5;1320,-4,2;1321,8,-14;1330,-14,22;1340,-6,13;1350,-3,3;1360,-6,15;1371,4,12;1381,-6,11;1410,-24,42;1411,10,-7;1429,-4,8;1440,-12,20;1461,2,11;1465,-8,12;1471,-2,7;1480,-11,19;1481,7,-8;1490,-4,6;1500,-15,10;1510,-3,9;1520,-3,10;1531,3,20
rua||manoel camilo|parque do taboao|38846078|81,-1899684,-4631980;84,-7,-5;94,-8,3;261,12,1;280,-151,75;284,14,-4;310,-23,0;320,-8,4;326,-17,0;330,-2,4;333,23,4;335,-13,-2;345,-3,2;650,-26,6
rua||manoel de oliveira gondim|alto niteroi|38842068|1,-1898223,-4630766;2,-18,6;5,8,4;8,-18,11;9,15,-7;17,-16,22;23,-10,6;32,-27,18;36,-9,14;37,11,-6;40,-16,9;44,-8,9;45,15,-7;49,-9,9;53,-7,8;57,-6,9;88,-88,46;96,-4,-11;100,-11,7;104,-10,6;105,4,10;108,-14,-9;109,-3,12;112,-4,-11;113,-25,19;115,15,-6;119,-7,3;120,4,-11;121,-22,11;123,13,7;124,-1,-14;125,-16,9;126,10,0;128,-5,-5;131,-16,4;137,-7,6;139,2,-2;141,-14,2;145,-4,3;147,-3,-2;149,-7,5;156,-14,-5;164,-25,4;168,-10,5;172,-3,0;196,-53,13;200,-11,-2;202,2,6;204,-7,-7;206,-5,2;208,-11,-2;210,-12,15;212,8,-14;216,-18,3;220,-5,-2;228,-25,14;232,-7,7;236,-10,-1;238,-11,9;240,-8,-3;244,-6,2;248,-11,6;252,-13,2;260,-20,4;262,-11,8;264,-8,-3;268,-9,5
rua||manoel de oliveira gondim|amazonas|38842068|1220,-1899889,-4630278;1230,-80,21;1431,-90,20;1435,-9,5;1455,-14,3;1465,-15,1;1475,-10,2;1495,-14,5;1503,-8,-2;1505,4,3;1515,-28,5;1520,25,-14;1540,-14,7;1545,-34,9;1550,12,0;1555,-8,5;1560,0,-10;1570,-8,1;1575,1,4;1580,-13,3;1595,-10,5;1605,-22,6;1610,20,-9;1615,-34,13;1645,-17,7;1655,-9,0;1658,-25,-3;1661,24,5;1665,-12,1;1668,-20,2;1678,-12,1;1685,15,-1;1688,-29,3;1695,18,2;1698,-24,-4;1704,-6,5;1705,18,-1;1708,-23,1;1715,7,4;1718,-17,-1;1725,10,1;1730,-14,-2
rua||manoel de oliveira gondim|jardim das palmeiras|38842068|157,-1898549,-4630576;161,-17,1;167,-9,7;171,-22,0;175,-8,7;185,-17,1;189,-11,0;193,-6,1;195,-2,4;199,-16,3;201,-4,-2;203,-3,5;205,-10,-5;207,-11,1;209,-5,10;227,-74,11;229,-6,0;231,-12,4;235,-16,0;239,-4,0;241,-12,9;243,-4,1;245,-6,1;247,-10,0;249,-11,2;251,-4,0;255,-12,8;288,-30,-5;292,-9,1;296,-9,5;891,37,9;901,2,16
rua||manoel de oliveira gondim|jardim jb|38842068|678,-1899270,-4630418;685,-14,7;701,-14,9;709,-4,-3;717,-10,5;718,-3,-11;745,-49,19;755,-5,6;758,-1,-12;777,-45,18;808,-20,-2;845,-80,27;878,-14,-3;885,3,9;895,-16,0;898,-10,-5;905,8,7;918,-44,-1;955,-54,26;958,-12,-16;967,-12,16;968,8,-15;977,-15,19;978,0,-14;988,-15,4;989,-4,12;1001,-10,2;1010,0,-7;1013,-11,9;1025,-16,6;1030,11,-19;1040,-19,12;1057,-12,10;1137,-80,29;1147,-4,-10;1157,-12,3;1169,-10,2;1594,43,-17;1618,-22,0;1647,-29,4
rua||manoel eugenio mendes|central|38840006|38,-1900048,-4631272;44,-3,-7;46,-3,-4;52,0,-10;54,-7,-5;82,-16,-33;96,6,12;98,-7,-13;106,-7,0;118,-3,-27;128,-2,1;138,-7,-10;140,-12,3;144,1,-9;160,-4,-19;180,-5,-11;200,-4,-16;206,-9,-11;216,-4,-5;226,-1,-13;234,-1,-7;244,-9,-20;254,1,2;260,-10,-8;525,156,297;535,1,3;547,2,15;555,5,6;583,11,19;593,10,2
rua||manoel eugenio mendes|juscelino kubitschek|38840006|554,-1899981,-4631135;556,0,0;560,0,0;562,0,0;564,0,0;570,0,0;592,0,0
rua||manoel eugenio mendes|lagoinha|38840006|11,-1900044,-4631251;15,-4,-7;17,-2,1;21,-2,-6;27,-2,-3;43,-6,-14;57,-1,-9;61,-9,-8;77,-4,-11;79,-2,-4;97,-16,-42;99,14,25;104,-10,-8;111,-2,-7;115,3,1;119,-6,-8;123,2,7;133,-7,-22;201,-29,-56;207,-3,-8;215,-3,-7;225,-7,-8;239,-7,-14;247,-4,-4
rua||manoel ribeiro|lagoinha|38844074|29,-1900652,-4631204;39,-9,4;49,-7,6;53,-8,5;59,-8,3;69,-3,-1
rua||manoel rosa|lagoinha|38844048|22,-1900160,-4631191;23,-12,4;27,0,0;30,2,-14;31,-7,7;34,-2,-30;41,-4,19;44,4,-12;51,-10,1;55,2,-2;59,-3,-8;60,8,-2;65,-9,-3;73,-4,-6;74,9,1;83,-9,-8;91,-2,-14;108,-8,-18;128,-5,-15;129,11,21;135,-14,-22;136,-1,-6;139,2,18;143,-11,-28;150,1,-2;160,2,-5;165,-12,-10;187,-1,-11;203,-10,-18;223,145,610;288,-148,-634
rua||manoel sabino|central|38840028|31,-1899909,-4631483;32,6,0;41,-7,9;51,16,-102;52,-14,126;53,18,-110;62,-26,116;67,25,-145;72,-29,154;75,5,-21;77,-5,8;82,-4,26;87,28,-188;88,1,112;101,-5,-126;112,17,34;113,-28,-51;142,23,-37;152,1,-14;162,-2,-3;198,-2,-12;216,-2,-17;217,-7,25;220,5,-21;231,-4,8;238,7,-55;249,-7,-1;250,5,-8;251,-7,46;264,3,-62;297,-3,12;307,0,-8;317,1,-11;327,-9,-15
rua||manoel sabino|parque do taboao|38840028|377,-1899910,-4631852;387,-2,-6;545,-7,-10;555,2,-10;565,-5,-7;575,6,-11;620,12,45;640,-3,-26
rua||maria angelica|bela vista ii|38842248|230,-1899601,-4629590;240,8,-4
rua||maria c honorio|niteroi|38847899|1560,-1899117,-4631337;1565,-1,1;1570,10,8;1575,-5,-1;1580,10,0;1585,-7,0;1590,16,7;1595,-4,4;1600,7,4;1605,-2,4;1610,17,2;1615,-14,4;1625,10,8;1685,46,41;1690,8,-5
rua||maria clara conceicao|niteroi|38840210|1635,-1899199,-4631220;1645,6,12;1665,7,12;1670,-14,-18;1675,29,29;1680,-19,-21;1690,4,-1;1735,58,61;1745,9,10;1755,7,3;1760,-6,-19;1765,14,32;1770,-13,-25;1775,20,27;1780,-12,-23;1790,4,9;1800,15,5
rua||maria norma de resende|jardim jb|38842090|30,-1899124,-4630129;31,5,1;40,-4,12;50,5,10;51,7,-4;60,-8,9;61,8,4
rua||mario celso do amaral|paranaiba|38846052|21,-1900530,-4632096;31,19,-8;41,7,-1;42,1,12;46,7,-9;51,-3,-7;52,9,6;56,8,-3;60,4,-7;61,-10,-3;70,26,-2;71,-18,-3;81,3,-2;91,10,-3;101,7,-4;104,2,0;110,7,-1;111,9,-10;121,2,-2;131,10,-8;132,-4,15;141,7,-17;142,0,13;151,8,-15;152,1,9;161,9,-16;162,-4,13;169,10,-17;172,2,10;179,5,-12;182,-2,10;187,13,-18;192,-1,8;195,4,-11;202,8,15;212,2,-12;240,34,-16;250,9,-1;260,9,-7;270,7,-6;274,5,-7;279,-3,-4;280,7,12;289,2,-17;299,16,-7;339,34,-22;340,-9,10;1981,14,-4
rua||marlene campos|morro grande|38846239|185,-1900343,-4632644;195,-9,5
rua||martinho jose ferreira|santa cruz|38846152|515,-1899630,-4632381;525,0,-15;535,-9,-3;545,-4,-21;570,-3,-13;575,-14,-9;576,13,3;580,0,-8;590,1,0;595,-19,-12;600,6,-7;615,-17,-11;620,11,0;625,-14,-5;630,7,-5;635,-10,0;640,8,-5;645,-18,-7;650,4,-2;665,-10,-12;670,11,-3;675,-18,-10;680,8,0;685,-10,-5;690,11,-3;695,-13,-10;700,0,4;715,-13,-21;725,-3,-9;735,-1,-6
rua||martinho jose pimenta|quintinos|38840001|3,-1885965,-4608856;5,5,-83;11,-8,95;21,6,13;22,-21,-73;25,-2,5;31,26,79;123,-19,-142;245,36,126;255,-6,8;260,5,80;264,17,26;268,-27,-107;315,-8,-15;319,18,38;320,-14,-2;339,30,67;341,4,-13;349,23,136;359,-7,-69;372,-25,-29;375,11,2;382,-11,4;385,10,-11;391,0,27;394,-2,-1;424,10,40;433,13,11;439,0,13;440,-9,-7;458,5,15;474,2,13;501,6,5;508,5,41;518,8,11;519,-8,-22;528,8,29;538,5,19;545,-2,-17;548,6,31;567,-6,-28
rua||matheus da costa marinho|quintinos|38840001|611,-1886180,-4608457;631,20,-5;641,1,-9;652,-7,9;662,55,13;715,2,-2
rua||mauro ferreira guimaraes|morro grande|38846276|785,-1899627,-4632805;805,31,64;825,-12,-29;835,-7,-8;865,-8,-24
rua||mauro ferreira guimaraes|santa cruz|38846276|515,-1899440,-4632473;540,-22,-27;550,-4,-12;565,-18,-17;570,6,-4;571,-8,6;575,-6,-8;580,9,-6;585,-9,9;589,-3,-13;590,5,-3;595,7,18;615,-31,-36;620,20,-2;625,-14,-4;626,0,-13;630,6,4;635,-14,-1;640,10,-7;645,-16,-12;650,19,21;665,-24,-31;670,-3,-21;675,-6,6;680,13,-3;685,-33,-1;690,34,-4;695,-31,-4;700,16,-1;715,-15,-11;720,21,-5;725,-23,-7;730,8,1;735,-10,-11;740,-1,2;745,-7,-6;765,-19,-35;775,-3,-11;780,8,-1;790,-7,-10;810,-12,-21;820,-1,-6;824,1,-2;860,-18,-27;870,1,-19;880,-7,-7;890,-8,-14;905,-10,-3
rua||miguel domingues|juscelino kubitschek|38844094|169,-1899984,-4630878;370,47,-14;380,-6,-4;391,-9,8;392,10,6;399,-26,-1;410,8,-12;411,-6,19;412,-2,-13;432,-15,5;438,-6,-1;456,-18,0;459,-47,25;462,40,-19;472,-13,4;479,-27,15;484,19,-10;489,-19,10;498,7,-9;499,-7,9;508,2,-11;521,-2,11;522,-12,9;534,-17,0;561,-16,-9;568,-14,14;572,-2,-2;573,10,1;582,-20,1;583,1,5;590,-2,-4;595,0,15;607,-16,-8;608,1,-4;619,-12,2;620,-1,-6;699,-213,64;704,5,0;709,-12,2;714,-2,3;719,-18,2;729,134,-20;739,50,-26;748,-216,56;749,209,-57;750,7,1;757,-232,57;758,6,7;759,204,-55;760,11,-10;764,-10,0;765,-11,17;768,-207,45;769,7,-1;773,-2,0;776,210,-62;777,-219,63;779,-1,-1;783,208,-51;785,0,0;786,-2,-7;787,-214,63;789,-10,1;791,212,-54;856,-42,11;870,-15,7;896,-30,-4;910,-14,10
rua||miguel domingues|paraiso|38844094|849,-1900518,-4630736;850,-11,-9;860,-9,0;861,3,12;865,0,-4;870,-7,-1;873,3,6;880,21,-14;885,-32,13;890,-8,-3;892,-15,0;893,16,11;901,-7,1;920,-28,0;926,-8,3;932,-8,2;945,24,-6;951,-11,4;954,-17,5;957,13,-3;966,-23,1;969,-1,4;975,8,-1;978,-17,2;988,-12,3;993,16,0;1005,-10,22;1026,-30,-17;1029,6,6;1038,-17,-2;1041,11,5;1050,-17,-5;1061,4,7;1062,-15,-3;1071,5,4;1072,-18,4;1082,-5,-1;1085,21,0;1097,-11,3;1098,-13,-3;1109,5,5
rua||miguel domingues|village veth|38844094|65,-1899689,-4630952;68,4,-12;78,-11,11;81,-3,6;88,-2,-6;91,-11,14;98,1,-15;101,-3,10;111,-13,6;121,-9,1;131,-11,5;142,16,-18;148,-16,3;152,-10,5;156,31,-9;180,-51,14;191,-15,10;192,3,-6;201,-9,8;202,-3,-8;207,-6,11;212,-4,-7;219,-13,13;226,3,-14;256,-25,13;259,2,6;269,-16,2;276,-4,-7;279,-4,12;304,-4,-8;309,-8,16;314,-4,-15;319,-2,10;326,1,-12;334,-17,9;342,2,-1
rua||miguel furtado|central|38840034|28,-1899768,-4631693;29,-7,6;37,0,-3;47,4,-12;48,7,1;56,-1,-12;57,-9,1;58,3,-6;60,-4,-10;63,-2,10;73,2,-4;80,1,-6;83,-3,-2
rua||miguel goncalves de moraes|bela vista ii|38842240|101,-1899674,-4629870;155,-58,20;245,85,-26;285,32,-5;327,42,-7;341,5,-2;365,23,-6;1249,-128,28
rua||mirandopolis|alto niteroi|38840322|1,-1898322,-4630781;3,-10,9;7,8,-4;10,-9,-5;11,-3,16;13,-4,4;14,4,-14;15,-8,18;17,-4,2;18,2,-12;19,-4,17;25,-2,3;26,-10,-3;27,7,10;30,-14,-8;31,5,12;34,-9,-6;38,-5,5;39,5,9;41,0,9;42,-14,-15;43,8,18;46,-17,-6;47,10,8;50,-11,-7;51,7,10;55,-7,12;67,-40,20;71,-4,6;75,-9,4;78,-5,-7;79,-2,9;82,-7,-8;83,-2,7;86,-9,-1;87,1,7;90,-15,-6;91,10,1;94,-15,2;95,3,4;98,-9,-5;99,-1,6;102,-11,-7;107,1,8;109,-5,11;110,-7,-12;111,-7,10;114,3,-10;115,-16,10;117,-5,2;130,-16,-4;135,-21,12;161,-43,18;166,-28,-5;167,-3,-4;170,-10,9;171,2,-7;174,-9,4;175,0,3;178,-6,1;179,0,-1;181,-5,6;183,-2,-5;186,-12,4;187,5,5;191,-10,0;195,1,-5;202,-29,3;206,-9,4;209,-5,6;210,-3,-3;217,-10,5;218,-13,-1;219,18,-14;221,-34,22;222,12,-3;226,-9,-5;227,-1,4;228,-2,-2;230,-10,3;233,-12,10;237,-16,1
rua||mirandopolis|alvorada|38840322|530,-1899298,-4630484;540,-8,6;550,-12,-4;632,-10,0;642,-12,7;652,-10,4;718,-150,32;728,-8,-3;738,-10,7;758,-20,5;768,-12,5;890,-18,5;982,-26,5;984,-7,-3;986,-12,1;990,-6,5;994,-247,88;1010,71,-40;1020,33,-21;1052,17,0;1062,1,-1;1072,-14,5;1084,-10,3;1096,-16,-1
rua||mirandopolis|amazonas|38840322|1164,-1899815,-4630366;1194,-19,1;1200,-17,7;1204,-2,4;1212,-8,-3;1214,-6,1;1224,-12,-1;1272,-42,11;1320,-40,10;1332,-8,3;1343,-17,16;1344,-3,-18;1360,-12,15;1380,-11,-1;1450,-67,13;1464,5,8;1468,-12,-11;1480,-12,13;1490,-8,-6;1508,-8,3;1520,-10,1;1522,-1,0;1530,-8,5;1540,-8,2;1545,0,6;1564,-33,5;1567,1,-14;1580,-11,19;1589,-7,-2;1600,-11,-1;1601,10,4;1611,-12,2;1612,-5,-3;1623,-7,9;1624,-1,-9;1627,-14,15;1628,8,-13;1634,-6,4;1635,7,3;1639,-24,3;1700,-28,3;1705,-34,20;1715,-8,-11;1724,21,-6;1725,-33,6;1730,27,-6;1735,-46,18;1736,32,-12;1744,-17,3;1745,-6,12;1750,-4,-10;1752,-13,2;1755,5,4;1772,-12,-3;1782,-13,7;1800,-31,11
rua||mirandopolis|jardim das palmeiras|38840322|271,-1898888,-4630572;275,-3,3;277,-8,-1;281,-10,0;283,-8,4;285,-6,1;287,-3,7;289,-9,-2;293,-6,0;297,-8,0;301,-10,4;317,-44,9;319,-15,5;327,-4,4
rua||mirandopolis|jardim jb|38840322|687,-1899295,-4630482;691,8,-5;697,-13,10;707,-18,1;717,-4,5;727,-10,2;779,-47,6;789,-13,9;799,-10,1;809,-7,0;819,-11,5;829,-9,1;839,-11,2;849,-12,0;859,-16,-2;947,-58,22;957,-14,8;967,-11,-3;975,-11,3;987,-14,5;997,-5,-2;1007,-11,2;1017,-10,5;1051,-88,17;1061,-14,10;1071,-5,-3;1081,-23,7;1091,-12,-1;1111,-33,7;1181,-64,32;1191,-3,-19;1203,-12,-3;1215,-5,12;1227,-11,6;1241,-18,14
rua||mirandopolis|jardim ouro verde|38840322|1850,-1900454,-4630224;1860,-10,9;1871,-8,7
rua||mirandopolis|minas gerais|38840322|276,-1898924,-4630572;278,10,0;286,-16,6;288,-9,-14;298,-23,18;322,-47,20;342,-25,0;352,-7,4;780,33,-12
rua||monte carmelo|paraiso|38844100|151,-1900715,-4630857;160,-6,5;161,8,9;171,16,-2;181,0,16;183,2,5;185,-8,0;189,-1,4;191,4,2;201,7,12;211,3,11;217,8,11;220,-14,-14;221,12,6;226,-10,2;227,14,8;231,-1,-4;240,-8,0;260,0,17;298,23,32;303,8,6;308,-7,-6;309,12,13;346,6,38;356,3,3;359,14,-3;365,37,88;366,-46,-72;369,11,-7;376,-6,14;381,10,-8;392,-9,18;393,11,-6;395,48,72;403,-46,-69;427,19,46;428,-14,-14;434,4,7;437,13,8;440,-15,-4;441,22,17;452,-7,-5;457,11,13;459,1,2;464,-12,-7;465,19,20;476,-16,-11;477,16,16;484,-7,-4;486,-10,-3;487,20,15;490,-14,-12;496,6,9;497,14,7;539,6,15;947,-107,-218
rua||mundo novo|jardim ouro verde|38842142|25,-1900523,-4630203;35,-8,-3;36,-1,-9;48,-11,6;49,5,16;60,-14,-13;61,-1,11;71,-8,2;72,-12,-8;81,3,10;84,-9,-11;95,-3,12;96,-8,-10;108,-9,0;109,-1,12;120,-2,2;121,-6,2;132,-5,-13
rua||negrinho da vila|santa cruz|38846176|855,-1899604,-4632914;865,15,-2;875,11,-5;880,0,7;885,8,-12;890,2,7;895,4,-15;900,5,11;905,3,-11;910,5,3;915,5,-7;919,0,-4;920,6,10;925,4,-13;930,-2,10;935,7,-12;940,4,5;945,1,-15;950,9,7;955,5,-8;960,5,3;965,2,-12;970,-3,12;975,7,-13;977,7,-3;979,3,-1
rua||nenzinho marra|paraiso|38847899|24,-1900904,-4631134;27,-4,11;37,-9,4;38,9,-13;47,-10,8;48,3,-3;57,-14,9;58,2,-7;67,-11,8;77,-11,7;78,3,-11
rua||nilza resende e silva|jardim jb|38842276|154,-1899134,-4630009;190,9,37
rua||nove|santa cruz|38847899|570,-1899695,-4632329;580,10,-12;585,7,-3;590,-6,7;595,16,-12;600,-5,2;605,3,-11;610,13,6;615,0,-11;620,4,11;625,7,-12
rua||oito|santa cruz|38847899|150,-1899183,-4632991;155,14,-28;1300,-38,-20;1305,0,-7;1315,10,6;1360,55,19
rua||oscar niquinha|paraiso|38844110|800,-1900862,-4631063;806,0,1;810,-4,3;821,-4,9;822,-5,-9;831,-5,8;834,-6,0;840,-10,0;841,10,4;848,-24,-4;852,3,0;853,9,3;859,20,-7;861,-26,15;862,-11,-10;867,1,11;871,-2,-1
rua||paltilho fernandes souto|alvorada|38847899|5,-1899413,-4630747;12,-9,1;15,11,11;16,-12,-3;24,6,1;25,7,8;30,-9,-1;36,3,3;48,-5,7;67,9,7;79,6,3;86,3,34;96,1,6;102,5,1;108,-3,15;109,3,-30;114,-1,33;119,9,-15;120,-5,18;126,1,17;127,-3,-30;129,1,7;132,2,26;145,6,-12;207,9,46;217,5,10;218,-11,5;229,10,10;230,-12,-5;238,3,9;239,12,7;249,1,6;250,-13,-4;264,18,11;276,-12,1;280,-1,17;289,13,8;290,-6,7;299,13,7;300,-14,2;309,15,15;310,-10,-10;320,-1,12;330,3,13;386,0,-48
rua||paraiso|lagoinha|38844052|6,-1900185,-4631473;7,7,0;18,-11,6;21,9,-6;29,-10,6;38,-24,0;65,-2,20;77,-9,7;78,-2,-7;89,-1,13;94,-8,-1;98,-7,5;103,3,4;107,-4,8;108,-4,-5;111,-5,7;118,-30,25;128,9,-22;137,9,20;142,-13,-3;151,-3,20;152,-4,-13;161,-7,20;179,-9,5;183,-7,6;185,10,-7;266,-72,49;287,-8,21;297,-12,12;298,2,-9;313,-12,11;314,2,0;319,-8,10;324,-2,-1;325,-12,6;338,3,-5;339,0,14;341,-13,9;348,5,-15;351,-10,22;360,3,-10;382,-3,5;388,-22,12;397,-6,14;402,-3,-6;408,-6,3;411,4,12;421,-14,2;422,0,-5;431,-10,7;432,-4,-5;443,1,12;444,-9,-10;459,41,-10;483,-75,35;484,8,-9;493,-16,18;494,5,-10;508,-7,3;509,-4,14;515,-3,-1;517,0,0;519,-1,-1;523,-1,4;524,0,-8;536,-5,0;537,-4,11;543,-8,12;547,-2,-2;548,0,-8;555,-11,14;558,9,-10;599,-40,28;602,-4,-8;604,-14,-17;609,10,30;614,-17,0;619,10,6;624,-14,0;629,5,2;634,-20,4;639,11,2
rua||patos de minas|alto niteroi|38842028|8,-1898555,-4630811;11,-28,-11;15,29,10;16,-19,-17;19,-30,-15;20,18,8;24,-5,-6;28,-3,-4;31,-20,-8;32,8,-1;36,-3,-1;37,-16,4;40,-1,-4;41,-13,9;44,5,-7;48,-16,2;52,-12,3;61,-15,10;64,-16,-3;65,4,5;69,-14,6;73,-4,-1;77,-10,6;81,-10,1
rua||patos de minas|alvorada|38842028|560,-1899239,-4630715;580,-24,2;591,-21,5;596,11,-6;597,-5,5;603,-10,1;606,3,-6;607,-1,5;611,-16,0;621,0,17;631,-3,-11;641,-11,1;647,-5,25;657,-11,-24;667,-17,1;680,48,-15;687,-63,21;690,54,-19;697,-58,17;700,51,-16;707,-65,26;710,56,-24;720,-6,-1;730,-10,-1;740,-6,3;744,-7,0;750,-8,3;760,-5,0;761,-50,17;762,-2,-7;767,-4,3;770,41,-8;771,-80,15;772,31,-8;773,-1,-1;778,-3,6;779,0,1;781,-9,1;782,4,-1;784,-5,-1;786,-5,-5;788,2,1;795,-16,15;798,11,-8;823,-31,9;833,-8,4;838,2,-3;843,-8,4;848,2,-8;857,-13,8;858,3,-4;861,-12,8;864,6,-7;879,-10,14;883,0,-7;884,9,-10;890,-30,13;900,-21,2;905,13,2;912,-21,-2;917,12,8;922,-21,-7;929,17,11;930,-22,-5;933,14,3;936,-22,-5;941,16,8;957,-9,-3;967,-12,6;980,-36,1;984,-127,25;986,139,-20;992,-26,1;993,35,-4;998,-8,0;1000,-33,5;1010,16,4;1018,-25,-2;1025,14,0;1028,-17,1;1045,58,-7;1046,-78,6;1049,28,7;1055,-5,0;1063,-12,3;1070,-39,0;1073,25,1;1080,-34,1;1090,-13,4;1099,44,3;1100,-50,-2;1109,23,-2;1119,-5,8;1125,8,-5;1129,-24,9;1139,-2,0;1140,-50,5;1149,40,-7;1231,-28,8;1241,-11,-1;1251,-5,4;1252,-6,-2;1261,21,3;1264,-24,-4;1271,-6,6;1276,-10,1;1281,-7,-5
rua||patos de minas|juscelino kubitschek|38842028|1333,-1899870,-4630612;1354,-19,25;1355,-6,13;1361,-7,-6;1363,-5,3;1364,7,-11;1374,-10,9;1377,-2,5;1379,-39,6;1383,32,-6;1384,1,-6;1387,-14,9;1391,-25,8;1403,-7,3;1413,-14,-3;1416,32,-8;1423,-34,5;1425,-15,4;1426,31,-1;1436,-7,-9;1445,-38,15;1448,30,-5;1456,-16,-2;1472,-8,0;1496,-16,4;1509,-28,19;1510,15,-17;1520,-12,5;1531,-10,13;1532,4,-9;1537,-12,21;1545,-9,1;1556,10,-16;1565,-28,3;1566,14,-7;1640,-66,21;1644,-1,-3;1654,-12,-3;1664,-4,6;1674,-10,0;1684,-8,-2;1700,-12,1;1707,6,15;1710,-19,-6;1714,6,1;1717,2,7;1722,-10,-5;1734,0,-1;1737,-3,7;1746,-15,-7;1747,-2,13;1755,-4,0;1757,26,-5;1758,-27,-6;1767,-9,13;1768,-2,-6;1777,-11,17;1778,-2,-15;1787,-5,11;1788,2,-9;1792,-11,3;1799,6,7;1844,-54,-2;1854,-1,57;1861,-8,-43;1866,-14,-4;1873,3,5;1878,-14,-2;1885,-10,8;1894,5,-7
rua||patos de minas|minas gerais|38842028|108,-1898780,-4630822;118,-12,5;128,-7,0;135,6,2;138,-16,-2;148,-3,2;155,0,7;158,-6,-6;165,-3,11;168,-9,-7;175,-3,7;176,-4,0;184,-10,-1;185,9,3;190,-15,-2;195,9,7;200,-14,-7;205,2,5;206,-8,-1;210,-7,7;215,-15,2;217,17,-5;220,-8,-8;225,2,10;230,-19,-6;234,-3,3;237,6,7;240,-14,1;255,-42,7;260,-6,-1;270,-10,3;275,6,3;285,-12,0;290,-12,0;295,1,5;300,-11,-4;305,2,7;310,-12,-4;315,3,5;335,-6,-3;340,-54,15;350,-5,-4;360,-12,4;365,18,1;370,-24,0;375,23,1;385,-16,3;395,-2,4;400,-19,-1;405,6,2;415,-11,3;420,-21,-5;450,-29,8;460,-6,3;465,4,2;470,-12,6;475,5,-2;478,-10,-2;485,-1,7;490,-13,-2;495,1,4;500,-8,-5;504,-7,-1;505,7,6;510,-12,-5;515,6,8;520,-17,-5;525,1,8;530,-5,-2;535,-5,3;540,-5,-7;585,221,-45
rua||patos de minas|paraiso|38842028|1928,-1900380,-4630479;1935,-12,17;1938,0,-13;1945,-8,16;1947,6,26;1948,-7,-39;1951,5,37;1955,-16,-20;1958,1,-12;1965,-6,15;1968,2,-11;1975,-15,11;1978,1,-12;1984,-7,5;1985,-1,9;1994,-7,-7;2009,-15,10;2019,-14,10;2029,-8,1
rua||paulo da c gontijo|rosario|38847899|1061,-1899409,-4631240;1071,8,-7;1081,8,-14;1084,8,-1;1091,-9,-5;1101,10,-5;1111,9,-20;1121,4,-2;1125,-6,-3;1131,11,-7;1134,12,0;1141,-4,-9;1144,7,-3;1151,-4,-8;1154,13,2;1161,-8,0;1164,11,-7;1184,5,-5;1214,20,-33;1221,6,-16;1224,11,5;1231,-4,-15;1234,0,6;1244,8,-8;1251,6,-5;1261,4,-15;1271,5,-8;1274,3,9;1281,1,-21;1284,7,13;1291,7,-15;1301,4,-8
rua||pautilho fernandes|jardim jb|38842042|360,-1899355,-4630452;361,3,-7;367,-7,9;370,5,2;375,4,0;383,-1,12;390,0,12;393,5,-4;400,-5,23;403,5,-11;413,-3,15;430,7,11;433,8,1;440,-3,11;443,2,-13;450,-1,23;453,4,-10;460,0,22;463,-3,-14;473,7,6
rua||pequizeiro|residencial nova floresta|38844290|134,-1901208,-4631513;1599,-133,-72
rua||peroba rosa|residencial nova floresta|38844308|36,-1900793,-4631830;42,-4,0;131,-8,-5;270,-182,-83
rua||p|parque bela vista|38847899|20,-1899570,-4629389;21,-1,-4;31,11,-4;40,0,5;50,14,-4;51,-6,-2;70,15,1;80,14,-7;81,-1,-2;90,9,3;91,1,-3;95,7,-4;100,1,2;101,8,-3;110,3,2;120,10,3
rua||quatorze|santa cruz|38847899|770,-1899278,-4632883;780,-6,-14;790,-6,-9;800,-4,-6
rua||quatro|jardim das palmeiras|38847899|27,-1898405,-4630490;28,-4,-1;36,-1,9;44,6,3;49,4,7
rua||raimundo augusto de lima|novo paraiso|38844196|31,-1901171,-4630860;41,-6,3;51,-9,3;61,-6,3;70,-18,-1;71,8,9;80,-14,-7;81,4,9;90,-9,-5;91,3,6;101,-9,6;110,-8,-2;111,-2,8;121,-5,2;131,-10,-1;140,-8,-4;141,0,8;151,-10,3;170,-27,3;171,6,7;181,-5,1;200,-10,-2;210,-22,7
rua||rio preto|quintinos|38840001|5,-1885985,-4608872;20,85,-14;420,-10,-17;421,12,-5;430,-29,-2;469,18,26;486,-33,-2;500,-15,-7;542,-43,2;554,-6,24;561,2,11;566,-9,-4;578,-15,-31;590,-11,35;602,-11,4;800,-161,45;812,-14,8
rua||ronaldo caetano de almeida|quintinos|38840001|519,-1886216,-4608418;592,16,59
rua||roseno nunes de andrade|quintinos|38840001|1,-1886193,-4608666;582,-30,-81;612,-5,-12;712,-10,-60
rua||rua alfeu g moreira|boaventura braz|38847899|1011,-1900758,-4632010;1020,10,-6;1030,4,-9;1031,-9,4;1041,4,-12;1051,2,-9;1071,9,-22;1081,3,-6;1090,13,-9;1091,-7,0;1101,1,-9;1140,25,-40
rua||rubi|jardim ouro verde|38842144|25,-1900506,-4630148;36,-12,-5;37,1,9;49,-12,1;84,-33,0;85,-4,6;95,-7,0;96,-1,-1;107,-13,6;119,-4,-1;136,-19,-1
rua||salatiel soares siqueira|niteroi|38840088|2,-1898962,-4631333;4,-8,14;6,-15,-22;8,4,40;10,4,-5;18,-12,22;21,21,-30;22,-23,40;28,-1,1;31,13,-17;35,-2,3;40,-16,25;42,-4,8;45,12,-21;52,-15,28;55,12,-13;60,-14,17;76,-5,13;77,5,-2;81,-2,5;88,-7,4;91,8,-1;97,-5,3;104,-5,1;109,1,13;114,-10,5;121,5,3;124,-1,-1;134,-15,16;152,-4,-2;169,-8,22;172,-4,2;173,0,4;179,-3,7;189,-6,5;191,-4,6;195,-11,12;206,4,-9;215,-10,26;224,-13,13;230,4,10;235,1,-8;236,-3,26;245,-2,-14;274,-20,21;284,-3,15;293,-8,12;294,-24,-5;303,28,10;304,-7,-3;313,-1,12;314,-8,5;333,-5,19;340,-9,-2;343,10,5;350,-9,3;353,5,7;356,-2,18;363,1,-12;373,-8,9;383,-4,5;407,0,13;409,-4,4;411,-9,22;413,1,-5;461,-23,26;471,-5,8;487,-6,18;497,-6,8;501,-1,11;507,-35,53;509,22,-43;511,3,-4;515,-5,8;517,0,4;519,-5,11;523,-12,20;527,-5,-8;529,0,19
rua||salatiel soares siqueira|parque da banheira|38840088|480,-1899235,-4630844;490,-1,5;500,-11,15;510,0,5;520,-4,3;530,-5,14
rua||sebastiao augusto dos reis|morro grande|38846245|640,-1900269,-4632811;792,-44,-19
rua||sebastiao bernardes de souza|morro grande|38846236|180,-1900254,-4632461;190,2,-13;191,-5,2;210,9,-18;230,2,-21;231,-2,7;240,5,-11;250,0,-8;251,0,-15;260,4,7;261,-4,-5;270,5,-12;271,-6,0;280,9,-14;290,4,-1;291,-9,1;300,12,-8;301,-11,-6;311,-1,-6;321,6,-8;330,11,-10;331,-5,-3;340,8,-13;341,-11,7;360,10,-20;361,-5,-3;370,6,-8;380,0,-8;390,2,-4;400,3,-11;410,2,-12;411,5,-6;420,-5,-1;421,1,-9;430,8,-3;440,-8,-8;441,0,-8;450,6,-5;451,1,-3;471,4,-19;491,1,-19;501,4,-7;511,0,-10;521,1,-3;531,7,-5;550,6,-21;551,-7,-5;560,17,-7;561,-17,0;570,10,-8;571,-2,-2;580,4,-6;581,-5,-2;591,2,-13;601,-1,-7;610,7,0;611,-2,-17;620,10,-1;621,-13,-5;630,11,-3;631,-4,-3;640,10,-9;641,-12,0;650,7,-9;651,-7,1;661,2,-5;670,4,-3;671,1,-16;680,9,-3;690,0,-8;691,-1,-15;700,-3,7;701,4,-8;710,5,-3;711,-3,-6
rua||sebastiao de sousa barbosa|jardim jb|38842270|124,-1899327,-4629982;131,11,10;167,11,31;191,1,21;201,2,12;208,-9,-7;220,2,26;221,11,4;230,-10,5;241,14,16;251,0,12;260,-8,2;280,7,25;291,14,16
rua||sebastiao vargas de mendonca|morro grande|38846265|5,-1900026,-4632446;10,-7,-27;15,-1,16;20,-3,-19;25,0,6;30,-4,-18;35,-1,10;40,-5,-18;45,0,12;50,-5,-28;55,0,18;60,-5,-15;65,3,6;70,-5,-14;75,-2,0;80,-8,-15;85,6,15;95,-8,-18;105,-3,-4
rua||sem denominacao 1|quintinos|38840001|89,-1886016,-4608951
rua||sem denominacao 8|quintinos|38840001|36,-1885743,-4608775;71,-20,-19
rua||sem denominacao|alto niteroi|38847899|19,-1898542,-4630809;20,28,-6;25,-21,-1;30,29,0;35,-21,-3;40,25,-1;45,-16,-6;50,22,-2;55,-14,-10;60,19,7;70,9,-13
rua||sem denominacao|jardim jb|38847899|35,-1899561,-4630317
rua||sem denominacao|parque do taboao|38847899|1,-1899938,-4632045;2,0,-15;3,-5,-4;4,-6,10;6,-10,-13;200,-25,-17;210,-1,-29;220,29,46
rua||sem denominacao|santa cruz|38847899|95,-1900100,-4632168;100,7,3;110,3,-7;115,7,-5;120,0,5;130,11,-10;135,-2,-2;140,17,-3;145,-3,-10;150,6,6;155,2,-4;159,9,-8;160,4,6;165,-7,-10;210,44,-21;215,-6,7
rua||sete de setembro|juscelino kubitschek|38844104|5,-1900041,-4631233;9,-6,12;11,-8,-2;15,-5,2;23,-3,7;33,0,5;39,-12,-2;45,-3,-1;57,7,-6;71,-28,22;91,-1,-1;103,-18,10;113,-9,10;133,-16,3;137,5,-6;157,-14,9;171,-24,9;177,-9,4;189,40,-12;213,-64,25;215,-15,11;223,-14,10;225,-9,2;229,27,-15;231,-2,30;237,-23,-8;241,-7,4;243,-6,-1;247,-6,3;251,30,-16;287,-66,30;291,13,-3;295,-19,9;309,-15,7;317,20,-9;321,-37,15;325,6,5;331,-20,0;351,-8,9;355,0,0;357,1,2;415,-52,25;461,-53,12;471,-7,4;473,0,4;475,4,-7;483,-11,21;498,-5,1;501,-20,5;513,-8,26;535,-68,-118;543,41,107;555,-2,6;567,-4,4;577,-14,4;587,-5,8;605,-25,2
rua||sete de setembro|lagoinha|38844104|8,-1900043,-4631234;10,-1,-3;12,-6,10;14,2,3;18,-2,-5;28,-16,5;38,-5,10;48,-9,1;54,-11,10;58,-2,0;62,-35,13;68,28,-4;72,-1,-3;88,-10,-4;94,-12,13;110,-6,1;136,-14,5;142,-9,9;172,-31,5;178,-1,12;188,-13,3;208,-15,4;212,-9,9;214,-3,3;216,-3,2;224,-5,-1;226,-8,10;228,3,0;232,-25,8;244,12,-3;254,-10,0;264,-9,4;268,-17,5;288,-13,10;298,7,-7;316,-43,29;320,21,-20;328,-21,20;332,18,-12;338,-29,18;342,-43,18;384,-1,0;394,-12,7;402,-8,2;406,0,2;420,-16,9;428,-8,-1;444,-18,6;446,-4,8;456,1,-7;464,-16,11;470,-1,11;472,-7,-1;490,-6,1;500,-8,8;506,-7,0;512,-9,5;546,-23,10;554,2,11;564,-23,4;574,-6,-5;584,-5,6;596,-5,7;606,-7,0
rua||sete de setembro|paraiso|38844104|625,-1900616,-4630935;636,-7,0;637,0,3;647,1,0;648,-7,-4;649,4,6;652,-2,-5;658,-5,1;659,4,12;668,-21,-4;673,5,5;679,-16,-2;680,7,-2;706,-27,20;709,6,5;718,-12,-4;723,4,12;729,-1,-2;730,-8,-8;732,-4,-1;737,1,9;744,-3,4;753,-10,7;756,-3,-11;770,-10,4;780,-14,7;792,-7,3;840,-25,-3;853,1,29;857,-3,8;863,-9,1;896,-45,11;906,-18,8
rua||sete|morro grande|38847899|480,-1900350,-4632661;490,-1,-14;500,4,-2;510,2,-14;520,0,-12;530,2,-5;540,1,-15;550,3,-1;570,7,-21;580,0,-7;590,4,-15;600,-3,0;610,3,-15;620,2,-12;630,1,-11;631,-8,15;640,5,-19;641,-2,4;650,11,-18;651,-11,9;661,8,-12;700,9,-32;701,-4,-12;710,9,-3
rua||sete|santa cruz|38847899|125,-1899179,-4632992;1265,-43,-4
rua||sizenando amaral|parque do taboao|38846093|306,-1900067,-4632031;330,179,-153;338,-166,129;346,10,-14;362,56,-53;436,28,-24
rua||sizenando amaral|santa cruz|38846093|11,-1900108,-4631974;23,7,-7;35,7,-27;47,-4,16;57,13,-23;61,-19,-11;65,-12,-11;81,39,3;94,-8,11;97,32,-39;107,3,-6;325,-21,26;331,181,-146;335,-177,147;341,183,-155;345,-177,139;365,17,-21;373,24,-17;377,7,-6;381,6,-5;399,202,-137;405,-196,124;425,28,-20;429,185,-114;449,21,-13;455,-187,111;469,252,-145;489,-17,12;505,-186,107;569,184,-114;615,36,-19;637,-134,77;675,180,-97;685,8,-8;765,-73,12
rua||soares|niteroi|38840234|5,-1898775,-4630944;9,-8,-1;13,12,4;23,-31,-8;48,-53,-5;58,-10,1;66,-15,2;92,-22,3;116,-12,3;152,-14,-1;162,-6,3;172,-8,0;182,-10,0;189,47,3;194,-60,0;198,-13,1;201,60,-3;202,-71,2;206,-8,3;213,77,-2;218,-94,1;223,80,0;233,-12,2;265,-25,9;268,-55,-9;275,49,4;295,-21,0;315,-17,-1;325,-3,2;334,-96,5;335,88,-8;344,-91,14;345,77,-9;348,-85,8;354,-3,-1;355,78,-6;364,-87,9;372,-13,1;375,87,-8;382,-89,9;385,74,-7;395,-5,4;405,-10,0;425,-11,2;431,-7,3;445,-23,-5;455,-11,6;465,-6,1;475,-8,4;485,-6,2;495,-13,-2
rua||sucupira|residencial nova floresta|38844384|320,-1901153,-4631659;1401,132,57
rua||supriano ferreira|jardim jb|38847899|1032,-1899559,-4630059;1044,15,-2;1045,1,-5;1072,27,-3;1100,28,-7;1125,18,-10;1128,-6,2;1245,117,-28;1255,17,-3;1271,11,-1;1275,115,-27;1345,-56,13;1375,67,-14;1380,-32,17;1410,25,-6;1435,20,-16;1440,24,3;1460,16,-5;1465,0,-2;1470,12,2;1480,9,-4
rua||tapuias|paranaiba|38846042|9,-1900471,-4632052;19,7,-9;20,3,6;24,5,-3;29,-6,2;30,9,-8;39,2,-5;40,4,6;45,0,-15;49,-1,-1;50,7,11;59,-3,-10;60,18,-4;69,-10,0;70,15,-5;80,7,-3;81,-22,5;89,18,-13;90,2,6;98,14,-5;99,-13,-9;100,18,3;103,-15,-4;109,4,-6;110,14,3;119,-6,-7;120,15,3;129,-12,-5;130,20,0;139,-12,-13;140,16,2;141,-10,-2;149,7,-5;150,10,5;153,-8,-2;163,4,-3;170,16,-8;173,-8,-1;183,4,-8
rua||teodomiro resende vargas|paranaiba|38846008|10,-1900640,-4631720;13,-2,7;24,-16,-2;27,7,7;38,-16,-5;41,-3,1;52,-8,1;55,-3,8;62,-7,-7;65,-1,2;72,-16,1;75,1,3;78,-8,-6;81,-1,7;82,-4,-4;85,-3,5;98,-16,-5;101,6,12;109,-3,-7;114,-8,-1
rua||teofilo de deus|parque da banheira|38840142|349,-1899611,-4631300;359,-1,11;369,-17,11;379,3,12;389,-8,7;399,0,7;405,-11,8;415,-9,14;417,4,-4;418,29,-66;432,-6,11;446,3,18;470,-22,17;496,-16,21
rua||teofilo de deus|rosario|38840142|1,-1899386,-4631633;3,-5,11;6,14,-16;12,-20,15;15,-2,19;16,-2,-13;28,-12,13;33,9,9;41,-8,3;42,-9,0;55,1,16;64,-11,-3;65,6,2;69,-7,20;72,-10,-6;84,-3,14;85,3,7;94,-6,-7;97,2,11;98,-1,-4;108,-9,5;117,2,3;134,-16,16;142,-9,12;143,7,-3;154,-19,15;161,0,38;171,-20,15;181,-8,11;195,-7,10;205,-9,10;215,-3,11;227,-6,8;243,-10,12;255,-4,8;274,5,-38;277,-13,50;288,15,-37;297,-23,47;300,17,-35;305,-22,50;320,13,-39;332,-11,12;350,-5,20
rua||thome gontijo melo|morro grande|38846268|25,-1899937,-4632533;30,1,6;35,-10,-13;40,14,-2;45,-8,-3;50,-2,-1;55,-6,-10;60,-1,2
rua||topazio|jardim ouro verde|38842146|60,-1900521,-4630095;108,-47,16;120,-8,-3;121,-8,-15;132,-9,15
rua||travessa i|parque bela vista|38847899|10,-1899612,-4629326;20,1,12;30,9,30
rua||tres|boaventura braz|38847899|34,-1900666,-4632086;44,-14,-7;53,-12,4;54,2,-7;63,-14,2;64,6,-8;73,-10,4;74,3,-6;93,-18,-1;94,0,-12;103,-10,8;104,6,-7;106,-8,-3;113,-5,9;114,0,-4;123,-11,-6;133,-6,-1;134,5,-6;143,-19,3;144,34,3;153,-37,-12;163,-15,1;164,10,-9;173,-19,5;174,15,-4;559,141,77
rua||tres|jardim das palmeiras|38847899|13,-1898462,-4630487;27,0,9;28,-4,-5;39,8,18;40,-7,0;49,10,5;52,-5,1;64,5,11
rua||tres|santa cruz|38847899|75,-1899198,-4632957;1285,18,17
rua||tupis|santa cruz|38846132|21,-1900060,-4632085;30,0,-15;31,-11,5;41,-5,-12;44,9,3;45,-9,-4;51,0,-4;54,-2,-9;57,-7,4;63,-13,-13;73,-5,-4;74,15,1;84,-14,-4;85,-6,-6;95,-9,-9;104,-4,-8;105,-7,0;110,-5,-9;115,5,7;119,-5,-4;120,-4,-9
rua||tupi|jardim ouro verde|38842138|1030,-1900605,-4630299;1040,24,7;1041,10,3;1061,5,25
rua||um|lagoa dos estulanos|38840001|44,-1906696,-4628848;135,-502,-262;1369,515,42;1386,133,312
rua||um|paraiso|38840001|140,-1901032,-4631314
rua||versol costa|paraiso|38844102|23,-1900722,-4630794;31,2,4;37,-10,-6;40,-11,0;43,5,3;53,-8,1;63,-6,10;73,-15,0;83,-3,6;84,-13,4;93,4,6;94,-17,1;103,11,1
rua||versol jose mendes|novo paraiso|38844206|210,-1901167,-4630645;211,5,-1;220,-10,2;221,0,3;226,-17,-3;230,5,0;231,8,3;236,-18,5;240,-3,-1;241,12,-1;250,-22,3;251,15,5;270,-21,-3;271,1,11;280,-7,-6;281,1,7;290,-13,-3;291,-8,0;300,1,4;301,-3,9;310,-7,-5;311,3,-4
rua||vete braz|santa cruz|38846146|30,-1900194,-4632275;40,16,-1;80,30,-17;90,4,-12;100,5,0;110,8,-3;114,2,-3;120,10,-3;140,11,-14;165,30,-15;170,8,0;175,1,-11;180,7,6;185,5,-10;190,7,6;195,-8,-15;200,13,9;205,-1,-7;210,6,3;215,0,-6;220,13,6;225,0,-11;230,2,5;235,5,-9;240,6,3;245,-2,-11;250,10,2;255,0,-7;260,9,9;265,5,-12;270,1,4;275,0,-9;280,10,12;285,-7,-14;290,13,3;295,3,-11;300,6,12;305,1,-19;345,41,-27;355,10,1;360,-3,9;365,15,-18;370,-6,15;375,11,-16;380,-3,10;385,12,-14;390,-10,14;395,16,-20;400,0,20;405,11,-21;410,-6,9;415,6,-16;420,-1,16;425,9,-20;430,1,12;435,10,-8;440,-3,5;445,9,-16;450,1,14;455,9,-17;460,-4,13;465,10,-20;470,-2,11;475,12,-15;480,0,11;490,6,-7;500,8,-5;505,-13,-1;525,51,-24;535,6,-9;540,-14,19;545,25,-21;550,-18,18;555,27,-23;560,-23,16;565,29,-20;570,-14,16;580,2,-2;590,8,-10;615,35,-25;625,7,-2;635,11,-6;640,0,9;645,5,-14;650,5,5;655,1,-10;660,6,8;665,3,-14;670,3,8;675,9,-12;680,4,9;685,3,-13;690,0,5;695,12,-9;700,-8,6;705,14,-16;710,-2,13;715,11,-11;720,-1,11;725,-238,124;730,241,-130;735,16,-12;740,-8,8;745,10,-10;750,0,2;755,12,-14;760,-7,12;765,17,-19;770,-5,13;775,8,-11;780,-4,3;785,11,-10;790,-1,8;805,49,-31;810,7,6;815,2,-10;820,-1,3;825,7,-8;830,9,2;835,-3,-9;840,12,8;845,0,-16;850,2,11;855,7,-15;860,8,16;865,3,-23;870,2,14;875,-2,-11;880,7,14;885,7,-19;889,2,-1;890,2,26;895,7,-34;900,1,5;905,7,-9;910,3,9;915,5,-12;920,5,11;925,1,-21;930,5,20;935,6,-24;940,3,23;945,-2,-21;950,8,5;955,1,-13;960,3,11
rua||vicentina|alvorada|38842026|286,-1899800,-4630736;290,2,4;296,0,17;306,1,6;309,15,48;321,4,8;323,5,11;325,-2,6;327,4,12;337,-10,-50;352,-1,20;358,6,4;360,-2,7;362,4,20;366,-3,-16;422,6,54;431,8,1;432,-6,14;433,2,-26;443,5,16;444,1,16;451,23,-10;455,-21,8;456,-1,-6;465,3,17;468,-11,30;479,12,-29;491,2,13;500,9,39;508,-1,15;515,11,-28;520,-11,34;527,-3,-23;530,7,32;533,3,-21;540,-3,33;541,16,41;545,-15,-70;557,11,17;569,-6,22;579,10,21;584,-7,8;598,1,14;629,15,-6
rua||vicentina|village veth|38842026|1,-1899848,-4630990;10,5,8;21,-4,16;33,0,0;39,-2,0;44,1,4;49,-1,12;53,3,4;75,11,16;91,7,21;101,-8,6;117,13,19;124,-9,-3;125,12,15;136,-5,4;141,-1,7;148,6,3;151,-2,11;177,8,20;187,0,6;188,-7,1;193,10,7;197,3,7;202,-14,-8;207,11,20;216,-7,-5;217,12,14;229,2,5;230,-18,-10;241,17,15;242,-1,5
rua||vigilato rodrigues|central|38840010|52,-1900032,-4631334;64,-22,0;301,23,-4
rua||vigilato rodrigues|lagoinha|38840010|74,-1900091,-4631316;86,-11,4;91,3,11;96,-8,-9;101,-1,11;105,-8,5;109,29,-16;114,-36,6;131,-16,22;132,2,-13;141,-10,13;152,-6,-10;153,-6,10;155,-23,14;158,26,-18;162,-10,7;163,-6,4;171,-4,3;175,-4,-1;176,4,-8;178,-4,6;191,-12,18;206,-17,-7;217,-7,18;220,0,-19;229,-9,20;232,0,-9;244,-13,0;250,-2,5;272,-24,15;273,-8,7;282,0,-1;283,0,5;292,6,-8;293,-15,9;303,-13,11;306,1,-16;316,-17,19;318,4,-3;344,-18,-1;345,-1,12;351,-4,2;354,-14,4;359,6,-1;361,-2,3;366,-4,-3;372,-6,-3;378,-4,5;387,6,0;388,-14,2;389,5,9;395,-11,6;400,-5,-10;409,1,7;414,-17,0;415,-5,12;427,-5,2;430,5,-13;437,-14,19;442,3,-12;462,-31,13;466,-12,8;472,-2,3;480,-9,-1;481,17,2;488,-26,1;493,13,6;500,-19,1;505,10,0;515,-13,4;520,-8,0;525,7,5;540,-26,3;547,-11,6;548,-1,-3;558,-9,8;567,-13,10;568,3,-5;577,31,-6;578,-40,9;587,-7,7;588,-1,2;597,-14,11;599,53,-36;620,-71,35;621,4,4;643,-9,4;644,-6,0;653,-1,7;661,-56,-16;663,41,22;666,-3,-7;671,0,9;676,-9,-7;686,1,1;696,-11,7
rua||vigilato rodrigues|novo paraiso|38840010|1090,-1900968,-4630912;1180,-73,36;1181,-3,10;1190,-10,-2;1191,2,6;1200,-7,-8;1201,0,13;1210,-10,-4;1211,4,3;1230,-22,2;1240,-11,8;1250,-14,5;1310,-42,19;1320,-7,4;1330,-9,2;1340,-11,1;1350,-7,8;1380,-22,14;1381,-7,9;1390,-4,-5;1391,-2,8;1400,-3,-5;1401,-3,10;1411,-7,0;1421,-14,4;1430,-2,-6;1431,-7,15;1441,-3,-5;1450,-9,0;1451,1,10;1461,-9,4;1471,-11,5;1490,-14,-2
rua||vigilato rodrigues|paraiso|38840010|747,-1900677,-4631036;757,-1,6;763,-24,7;765,-8,-5;767,18,-1;789,-34,19;799,-12,4;809,-4,10;829,-25,1;839,-4,2;849,-8,3;853,13,-3;900,-47,16;912,-6,2;924,-15,1;929,-19,22;936,18,-16;948,-11,6;960,-4,6;970,-10,2;984,-12,3
rua||wiliam rodrigues pinto|novo paraiso|38847899|210,-1901147,-4630606;211,3,6;220,-10,0;221,-1,6;230,-4,-4;231,-6,4;240,-7,-3;250,-5,13;260,-17,-7;290,-17,13;301,-8,10;310,-13,-3
rua||zaida z oliveira|bela vista ii|38847899|140,-1899699,-4629618;147,-2,-8;160,19,-11;1620,28,20
rua||ze martins|novo paraiso|38844218|210,-1901199,-4630739;231,-10,14;240,-16,-8;241,8,7;250,-12,-3;251,0,2;260,-13,-2;270,-6,9;271,-1,3;291,-15,8;300,-11,3;301,4,0;311,-5,14;321,-9,-4
rua||zelma marques|rosario|38847899|35,-1899327,-4631602;36,4,7;44,11,2;51,-2,3;52,10,0;61,-1,8;64,8,-2;71,1,7;78,5,5;92,10,17;111,5,-5;130,-63,-46
sede||fazenda agua limpa do paraiso|estrada serra do santinho|38840001|14,-1910196,-4636082;16,5177,2210
sede||fazenda agua limpa do paraiso|serra do santinho|38840001|4,-1906720,-4635647
sede||happy farm 4|colegio|38840001|17,-1890175,-4629472
sede||sem denominacao|balsamo|38840001|17,-1890113,-4626759
sede||sem denominacao|campo do meio|38840001|38,-1891361,-4631786;1041,-300,1084
sede||sem denominacao|colegio|38840001|7,-1890774,-4628839;11,657,-392;18,-597,-561;19,135,509;21,-610,598;22,76,-218;24,-528,387;51,541,-2
serra||agua limpa|quintinos|38840001|6,-1886413,-4605010;8,-368,-48;19,1617,-2297
serra||fazenda fonseca|saida para patrocinio|38840001|4,-1903900,-4636816
sitio||berrador 2|berrador|38840001|10,-1895643,-4633104
sitio||berrador|berrador|38840001|8,-1895166,-4633438
sitio||campo do meio 6|campo do meio|38840001|2,-1891853,-4631641;5,944,260;7,1151,-984;8,-392,1563;9,165,-1974;10,-554,1347;11,428,-1127;14,-93,128;17,-198,-212;21,-849,342;23,-196,278;30,1145,648;31,18,-162;32,-277,-50;192,-702,299
sitio||das mangueiras|lagoa dos estulanos|38840001|2,-1906264,-4630414
sitio||faz do antonio miranda|fazenda almas|38840001|15,-1898538,-4640028
sitio||fazenda almas|fazenda almas|38840001|14,-1896234,-4633468
travessa||sem denominacao|quintinos|38840001|64,-1886053,-4608525
