alameda||das patativas|cabral|32146039|70,-1987561,-4404589;80,-7,0;90,-21,3;100,-31,-4;112,0,0;174,-35,11;180,-16,3;186,-5,4;201,-6,5;202,-3,-1;218,-18,4;220,2,-6;221,11,-3;233,-17,4;234,-4,-2;245,-10,6;246,1,-4;258,-7,0;269,-8,9;270,-7,-9;275,-1,9;277,4,-11;282,-19,11;291,-3,8;315,-24,-7;322,21,-5;333,-32,19;334,-9,-8;337,-3,8;341,-5,2;346,-3,-9;351,-1,10;358,-9,-7;363,-5,9;368,-1,-9;372,4,1;375,-9,1;384,-12,6
alameda||das perdizes|cabral|32146054|160,-1987338,-4404509;210,-70,16
alameda||dos parlamentares|candida ferreira|32145682|20,-1987617,-4404690;30,0,7;31,-3,-11;32,-11,-11;35,6,11;42,0,-4;43,-4,-1;53,-13,-8;56,7,7;63,-20,-14;72,5,-11;73,5,6;86,-10,-13;91,1,-4;94,-2,-6;98,1,-2;101,-3,-1;106,6,-1;121,-10,-17;126,15,-11;131,-13,-2;136,6,3;141,-5,-5;146,5,-16;151,-9,7;156,7,-7;166,-5,-18;171,-3,4;172,0,-16;226,3,-38;236,-7,-5;256,-4,-22;264,6,-10;268,-3,-7;276,-2,-2;286,3,-15;296,-2,-6;301,-7,-8;306,10,-1;311,-15,-11;312,8,-2;322,2,3;325,-2,-4;326,58,259;336,-51,-273
alameda||dos pelicanos|cabral|32146045|25,-1987568,-4404006;45,5,-16;52,2,6;54,-1,-6;56,4,-7;57,-5,0;58,5,0;68,-2,-5;69,8,-9;81,1,-13;88,-8,-5;95,10,-4;102,-9,-5;107,9,-6;114,-1,-2;126,8,-17;129,-5,9;150,1,-16;176,14,-28;182,2,-6;184,4,-19;187,-16,13;191,11,-15;206,7,-12;207,-5,-2;213,1,-9;217,-4,-3;218,9,12;229,1,-14;230,2,-7;240,4,-9;241,-5,3;245,-6,-8;253,-19,99;255,20,-103;257,0,-4;267,7,-13;279,1,-11;285,-1,-7;291,2,-18;304,10,1;315,-10,-10;316,13,7;335,-6,-25;336,10,0;351,-6,-29;352,8,23;411,4,-51;423,7,-26;430,10,-3;435,-8,-10;436,6,2;447,-9,-18;454,17,-4;459,-13,-1;480,21,-21;500,-1,-7
alameda||dos perdizes|cabral|32146036|61,-1987319,-4404474;95,-125,15
alameda||dos pinheiros|chacara del rey|32046296|5,-1986826,-4408695;15,1,-13;25,-2,-10;35,1,-8;49,2,25;50,2,-16;53,0,-12;57,3,8;60,-7,-1;125,1,49
alameda||dos pinos|condominio nosso rancho|32051078|91,-1980655,-4413279;96,33,-135;120,7,0;121,-15,82;122,-14,63
alameda||dos pintassilgos|cabral|32146021|845,-1987862,-4404520
alameda||dos pintassilgos|cabral|32146033|10,-1988045,-4403884;14,7,-4;18,209,-352;22,-205,352;26,403,-705;30,-396,707;35,-4,-11;49,11,-6;52,3,-7;54,9,-2;59,1,-5;69,4,-10;83,3,-3;95,14,-4;98,318,-682;104,-4,-47;113,-309,711;130,39,15;135,-28,-31;147,8,-11;159,13,-6;165,20,-19;171,-13,17;175,1,-7;195,19,-14;202,17,-4;205,-8,-6;206,8,-3;210,4,6;214,1,-9;215,-11,2;245,14,-21;255,13,-15;286,16,-12;289,-1,-8;292,13,5;304,-1,-1;313,3,-24;317,10,-8;319,2,-5;321,-8,-14;323,0,-1;331,20,-119;333,2,3;335,-31,108;338,5,30;350,2,-12;354,-1,-9;358,3,-9;362,0,-4;368,6,-35;371,-31,103;373,39,-81;375,-41,88;377,41,-88;381,-5,-11;382,-5,1;385,5,-7;408,6,-6;412,-3,-7;416,-4,-16;420,8,5;481,9,-64;485,-3,-18;560,39,-37;605,-34,-57;606,8,-5;610,-1,1;614,-5,-4;625,-1,-7;690,-44,-130;701,16,57;705,-8,-10;718,14,9;730,-8,-22;744,6,-9;811,-26,-61;820,7,-1;822,-5,-6;826,3,-8;854,1,-11;870,19,-34;891,9,-21;902,10,17;914,8,1;915,18,-13;939,15,-3;950,-3,8;951,16,-8;962,-10,12;970,6,-1;976,15,-7;986,8,-1;998,34,-9;1009,2,-4;1021,8,0;1033,9,-8;1045,12,6;1057,22,-10;1068,-5,31;1080,6,8;1081,-2,2
avenida|cardeal|eugenio pacelli|amazonas|32210002|931,-1996337,-4404158
avenida|cardeal|eugenio pacelli|amazonas|32240090|1021,-1996357,-4404200
avenida|cardeal|eugenio pacelli|bandeirantes|32210000|1825,-1996322,-4404900;1841,12,-4
avenida|cardeal|eugenio pacelli|bandeirantes|32210001|1921,-1996258,-4404983;1975,46,-58
avenida|cardeal|eugenio pacelli|cidade industrial|32210000|1445,-1995467,-4402287;1575,-950,-2453;1651,913,2370;1685,-872,-2446;1801,843,2386;1819,-8,-22;1887,-17,-46;2211,-216,-460;3045,-669,-1696
avenida|cardeal|eugenio pacelli|jardim riacho|32210000|2605,-1995907,-4405481;3005,15,1;3255,5,-15;15937,-28,33;15949,-5,6
avenida|cardeal|eugenio pacelli|parque industrial|32210000|8,-1995869,-4403214;36,997,2138;45,-9,-26;1041,-431,-846;1111,-38,-93;1125,-10,-12;1331,-8,-9;1341,-60,-132;1966,-227,-565;1996,-2,-58;2000,-65,-94;9431,747,1739;9447,87,122;9449,-6,-2;9460,29,-7
avenida|cardeal|eugenio pacelli|parque industrial|32210002|139,-1995000,-4401271;735,-181,-417;801,32,77;815,-53,-110;871,3,-75;1000,-65,-175;1052,-45,-58;1336,-116,-234
avenida||alvarenga peixoto|amazonas|32223450|820,-1996803,-4403854;834,-25,-12;846,-33,-8;858,-12,1;918,-39,-9;930,-9,-10;942,-7,11;946,-17,-14;948,-6,-2;988,2,0
avenida||alvarenga peixoto|inconfidentes|32223450|7,-1996053,-4403675;37,75,61;67,-8,3;91,-9,-40;139,-21,-21
avenida||alvarenga peixoto|industrial|32223450|581,-1996645,-4403773;597,-9,-1;599,-7,10;665,-8,-14;671,-9,-10;675,-26,-23;710,-16,-20;723,10,16;755,-24,-17;777,-40,2;781,-18,10;783,2,-18;801,-9,0;803,-28,-17;805,5,-1;845,-17,-10;857,-15,7;869,-6,-7;875,-11,4;881,-2,-8;891,-8,-1;919,-15,-7;929,-21,3;935,-42,-26;937,42,6
avenida||alvarenga peixoto|parque industrial|32223450|30,-1996146,-4403695;50,-19,5;84,-15,-11;86,3,-3;90,-10,-10;134,-27,-5;135,-9,11;147,-9,2;156,-14,-1;170,-8,-8;171,-8,0;173,3,8;186,-12,-3;187,27,1;190,-29,-1;194,-6,-2;197,6,-4;206,-7,11;209,-6,-20;218,-20,4;221,4,5;230,-12,-10;233,2,-1;244,-15,0;245,15,3;247,-9,-2;254,-9,-4;266,-8,-3;269,1,14;271,-18,-4;280,7,-3;281,17,10;305,-38,-19;321,-7,-1;329,-10,2;330,-20,5;348,-26,-13;365,13,7;376,-32,-7;377,16,4;388,-38,-19;389,26,25;400,-38,-16;401,29,6;407,-22,0;413,12,-7;424,-52,-7;425,44,14;431,-2,-7;435,-26,34;437,5,-32;443,-10,3;470,-87,-8;473,72,4;484,-52,-14;485,54,13;490,-42,3;496,-25,-21;497,47,7;508,-68,1;509,54,5;521,-2,-1;532,-78,-6;533,60,0;545,-4,3;557,-25,-8;573,-21,3;586,-67,-41;630,18,13;640,-42,-21;756,-26,-18;757,-4,-6;768,-40,-10
avenida||bueno do prado|jardim laguna|32242340|15,-1989693,-4403879;16,10,-50;17,7,2;18,-12,8;19,3,1;20,-4,20;34,-14,18;35,2,12;51,-1,4;55,1,0;86,-17,36;87,4,6;100,-3,6;101,-3,3;114,1,11;115,3,10;128,-14,1;129,12,-2;136,-30,38;153,16,-4;158,-12,-11;167,8,20;180,-12,21;181,-7,-5;186,6,12;194,-4,1;218,-7,12;232,-3,18;233,-2,1;246,-7,17;247,8,2;258,-11,13;260,8,-28;271,-5,37;279,4,23;284,-18,-14;285,17,14;289,-8,-2;298,-12,14;299,11,8;311,-6,-6;312,5,0;315,-15,8;323,8,27;326,1,-14;340,-26,17;352,-1,3;357,-6,4;360,-8,8;371,10,3;374,-9,10;376,-5,7;380,-21,41;399,35,-39;409,3,5;455,-6,42;465,7,8;500,-4,10
avenida||perimetral|contagem|32180020|135,-1991570,-4406262;149,-20,-10;163,-9,-1;171,-5,-1;201,-24,0;207,-12,-7;215,-2,-4;223,-11,11;231,-10,3;239,-4,-10;247,-12,11;255,-2,1;257,-6,2;263,-2,-7;273,-3,6;281,-6,-11;289,-13,1;297,-11,3;299,-7,2
avenida||perimetral|perobas|32342680|250,-1991646,-4406287
avenida||petrominas|petrolandia|32185100|39,-1992758,-4410400;51,8,-6;63,-16,6;64,-6,-3;73,51,8;86,-59,-7;87,55,15;96,-58,-4;104,-5,-1;115,-19,12;121,8,-2;122,-1,-10;135,-28,19;136,26,-11;141,-16,21;160,14,-21;165,-28,16;170,-12,-3;172,17,-4;173,-17,6;181,-7,4;259,132,-177;461,-1,14;10405,6,-30;10425,-2,-21
avenida||portugal|santa cruz industrial|32342680|60,-1994391,-4404945;61,-9,7;63,12,-4;64,-12,1;73,-43,-36;75,-7,-2;77,1,1;80,-18,20;89,75,12;90,1,2;93,-8,4;100,-56,-2;120,7,5;130,-7,7;135,44,-19;150,-6,39;160,-7,12;166,-47,-47;170,50,52;180,-54,-62
avenida||potiguara|novo eldorado|32072050|2,-1992681,-4405835;4,5,32;6,-1,25;8,8,19;12,8,8;16,-6,106;28,9,-42;32,-5,50;40,-11,9;48,-9,14;78,-6,3;90,-13,17;102,-11,10;110,-2,4;114,2,0;118,54,-161;126,-70,178;130,69,-156;138,-69,159;140,-11,12;150,-5,3;168,-8,10;174,-3,11;194,-7,5;200,-9,14;212,-10,2;222,-10,8;224,-4,1;228,-2,3;236,0,5;246,-5,6;248,-3,-2;300,-28,48;332,-12,14;344,-10,18;356,-6,6;368,-12,13;380,-1,5;386,-1,8;392,-4,-1;404,-4,10;416,-3,12;428,-9,8;440,-11,7;454,-8,19;468,-9,10;470,-16,-1;488,12,10;500,-8,3;502,-4,15;724,-69,179;736,12,23;748,-1,14;750,-27,-85;754,7,23;760,24,68;768,-35,-68;770,43,72;782,9,15;784,-9,3;792,8,10;816,7,17;828,4,3;836,12,7;848,6,14;854,6,2;866,14,12;878,2,9;890,11,10;900,3,5;902,2,-5;918,7,22;930,10,-3;942,7,13;954,8,8;964,9,5;974,10,12;990,6,13;1000,9,10;1014,4,3;1038,9,17;1040,2,1;1050,6,4;1060,13,4;1074,4,9;1134,47,40;1154,-15,318;1158,23,-305;1166,-33,317;1170,37,-298;1176,-33,-46;1178,-12,342;1188,16,-335;1194,62,56;1208,-3,0;1210,4,2;1214,-115,282;1220,117,-279;1228,-130,278;1234,143,-261;1238,-148,264;1246,161,-251;1250,-177,255;1258,113,-325;1260,58,69;1262,-185,257;1264,41,-407;1268,146,154;1272,11,15;1274,-206,241;1276,-4,-5;1286,-4,5;1288,-1,-5;1308,220,-207;1334,14,26;1346,0,8;1362,-1,12;1374,-8,10;1386,-1,9;1400,-3,16;1412,-3,12;1426,-5,12;1438,-1,12;1448,-10,18;1450,-4,-1;1460,-16,14;1478,2,0;1490,-15,21;1502,-2,-6;1514,-14,14;1526,-10,8;1558,-25,8;1560,12,3;1590,-45,1;1610,-11,3
avenida||principal|vila nova esperanca|32050806|8,-1981946,-4414616;10,13,-10;20,10,-9;45,71,-19;47,14,-6;50,-62,29;57,64,-35;60,-59,22;70,326,-89;77,-298,90;79,6,-2;110,-23,-9;165,54,-10;175,11,-5;185,0,-6;215,7,1;303,4,1;313,11,-5;317,10,-6;325,7,-5;327,16,1;335,-4,-4;337,36,-14;341,11,-7;343,9,7;345,1,-3;355,2,-3;395,5,-2;403,9,-2;405,9,0;409,0,0;415,22,-10;420,-38,15;425,47,-15;435,-4,-15;440,-30,25;455,52,-21;460,-42,18;465,42,-12;477,1,2;478,-37,-55;479,-8,100;480,56,-44;481,18,-6;483,4,-2;487,-7,12;490,-62,0;494,1,0;495,89,-10;496,-70,1;500,6,3;505,69,1;520,-52,-6;540,1,1;550,11,6;560,10,1;578,38,-19;580,5,4;582,-2,13;590,7,-3;598,3,2;600,10,-6;610,-10,6;619,3,-2;630,15,-11;640,12,4;650,-3,-10;660,16,10;670,2,-5;690,-26,-2;695,8,0;700,11,-3
avenida||principal|vila nova esperanca|32050833|142,-1981839,-4414663;160,-3,5;200,16,-8;220,1,-1;230,21,-11;270,13,1;280,5,-3;290,4,-3;300,6,0;320,15,-3;322,-7,8;330,8,-14;340,3,0;356,1,-8;360,28,2;380,3,-7;400,-47,25;413,58,-26;440,28,-11;480,8,-2;540,57,-16;550,3,4
avenida||riacho das pedras|jardim riacho|32050072|63,-1996715,-4406170;83,-20,7;155,716,208;167,-8,-2;171,-6,-12;187,-6,5;192,12,-31;199,-26,15;204,31,-16;215,-50,16;216,19,-29;225,-27,26;228,25,-29;240,-14,-10;241,-28,26;250,12,-32;253,-24,31;270,18,-30;271,-20,26;280,-18,-33;290,-13,-6;345,-48,19;363,-17,-4;369,-9,3;372,16,-29;375,-20,27;382,10,-29;393,-24,26;396,3,-25;411,-16,23;420,6,-27;421,-31,15;423,-3,3;429,-14,-2;434,37,-20;447,-1,28;456,-6,-20;465,-45,6;470,30,-13;477,-33,13;480,18,-23;489,-33,17;490,8,-18;498,-69,-17;500,37,6;501,12,28;512,-60,-38;513,45,41;525,-4,0;537,-10,-4;540,-28,-35;548,23,4;549,-4,29;568,-83,-49;590,79,18;630,-37,-10;637,-15,29;649,-14,-3;660,2,-27;663,-21,22;675,-9,-2;703,-27,-2;705,-3,-4;706,26,-21;712,-29,-5;717,-8,23;729,-4,-4;741,-15,9;744,-18,-41;765,-54,7;773,56,21;777,4,3;779,-26,-9;800,8,-23;801,-22,26;809,-30,-10;820,35,-18;836,-18,1;847,-70,-14;855,49,27;870,-8,-30;871,-15,20;879,-55,-45;882,22,-23;885,34,61;890,5,-21;897,-19,17
avenida||virginia graciosi pacelli|alvorada|32041540|20,-1990692,-4407425;50,-11,-8;54,-19,-15;62,-5,-7;68,-15,-4;79,0,4;81,-36,-30;83,13,11;180,-13,-25;190,-11,-19;198,-7,-1;210,-22,-11;223,-10,-5;242,75,62;250,-79,-67;251,-40,-24;252,7,3;288,-11,-15;291,-32,-22;295,2,1;299,1,1;300,18,9;303,-18,-9;307,-45,-34;312,65,34;324,-8,-5;326,-35,-12;330,10,6;334,-6,-5;336,25,3;338,-35,-10;342,-3,1;346,3,0;349,16,7;373,-17,-6;403,-21,-15;410,-18,-20;422,-4,-9;444,-33,-8;455,-7,-19;456,3,6;477,-7,-7;491,-5,-5;505,-12,-6;517,-6,-4;560,-4,-9;2789,381,408;2805,4,12;2815,-4,6;2850,-6,25;2867,19,28;2900,-10,-5;3000,7,19
avenida||virginia graciosi pacelli|tres barras|32041540|2760,-1990713,-4407389
avenida||virginia graciosi pacelli|tres barras|32041610|2774,-1990684,-4407325
beco|coronel|antonio luciano pereira|parque industrial|32230000|1024,-1997400,-4403348;1035,-8,0;1045,2,3;1065,-8,9;1069,-12,-2;1071,-1,7;1073,-13,5;1075,4,-11;1083,-9,9;1085,0,-6;1093,-3,0;1097,31,-4;1099,0,1
beco|coronel|antonio luciano pereira|parque industrial|32235010|55,-1997486,-4403301;65,12,4;71,-6,2;72,6,15;74,4,1;78,12,-59;365,-13,13;367,-7,-11;377,27,1;379,-2,21;615,-80,88;617,-23,12;1040,149,-134;1046,1,15;1049,-19,0;1052,9,1;1053,-2,4;1054,-6,-7;1055,5,-3;1056,-6,9;1060,-17,0;1066,-3,3;1078,-7,-8;1091,-12,3;1093,36,3
beco|sao|paulo|vila urca|32050173|27,-1987232,-4401952;29,-2,-6;31,16,4;33,20,-14;69,-26,48;70,-7,-36;427,5,9
beco|sao|paulo|vila urca|32113235|53,-1987239,-4401949;424,2,17;437,1,-6;439,-15,19;1158,-73,17;1234,-7,-7
beco||acesso rua pindorama|estaleiro|32399899|26,-1982402,-4413838;36,18,0;40,4,3;46,9,-1;48,-26,-2
beco||candido portinari|parque sao joao|32342171|1,-1992281,-4405776;2,-2,-1;4,14,-6;5,-2,-5;6,3,2;7,-1,-11;8,4,10;10,5,-8;11,-1,0;12,6,-2;15,5,-15;20,-3,6;21,8,-4;23,-11,-9;24,-25,83;25,30,-85;26,14,-1;27,-15,1;28,19,-5;29,-9,-1;31,0,-4;37,18,1;38,-1,-3;39,0,5;40,-15,17;41,23,-20;44,2,-5;48,-27,50;49,28,-55;50,-35,53;51,47,-55;52,-82,117;55,71,-115;56,35,-8;57,13,16
beco||da passagem|industrial sao luiz|32073042|11,-1992523,-4412634;17,-5,-2;21,-2,-2;31,-6,4;41,-7,3;42,-11,5
beco||da paz|eldorado|32315340|17,-1994752,-4404298;22,-17,-16;36,8,35;781,8,-13;790,-13,9;791,19,4;792,47,-16
beco||da paz|nova contagem|32210199|53,-1982964,-4415345;240,-68,78;250,18,-23;260,-2,7;270,-10,11;280,-13,24;290,1,-8;297,7,21;302,-13,-23;310,2,9;320,1,9;360,1,-7;382,0,-4
beco||da paz|parque industrial|32210190|14,-1995568,-4403259;150,7,1;154,-2,-1;2086,-8,16;2161,3,16;2162,-1,-10;2163,1,-9;2170,9,-3;2176,-2,-9;2183,21,-30
beco||da paz|vila renascer|32052052|2,-1983177,-4415743;3,-2,-5;4,0,6;5,-9,-10;6,1,-6;10,4,9;12,-20,9;13,-5,-1;127,35,3
beco||da pedra|eldorado|32315390|775,-1994719,-4404374;820,0,2;830,-9,-8;842,11,-5;843,-16,13;844,-6,-11;846,-2,15;849,6,-5
beco||ouro preto|bandeirantes|32240640|106,-1997060,-4405202;107,-1,-7;109,-3,7;119,6,-1;512,-4,7;513,-2,2;514,0,-1
beco||peixoto|nova contagem|32050188|11,-1982633,-4415351;23,-8,-2;25,11,-21;27,-4,5;29,9,-7;31,9,-6;33,0,0;41,-16,18;43,10,-13;45,0,0
beco||perola|parque industrial|32230551|6,-1997540,-4403158;10,15,-1;15,8,-9;20,-17,4;23,-6,-12;25,-1,2;35,-13,5;51,24,17;130,-15,-27
beco||piata|sao mateus|32180650|715,-1985967,-4402965;716,-1,7;730,10,-9;735,-62,-5;737,71,37;741,-7,-18;742,-1,-3;746,4,1;751,23,5
beco||piata|sao mateus|32180670|704,-1985956,-4402960;796,8,29;806,-16,-13;826,8,-6
beco||piedade|vila renascer|32052022|19,-1983066,-4415502;20,11,33;21,-10,2;22,-4,2;23,0,-2;27,-10,-11;28,-2,3;30,1,2;32,0,-7;36,6,-7;38,-1,-6
beco||pinheiro|novo progresso|32140670|4,-1990274,-4403414;10,-5,0;12,-8,1;15,-7,-1;16,8,-2;17,-5,-4;18,8,7;19,1,-1;20,17,-8;25,-21,6
beco||poranga|icaivera|32055160|166,-1985940,-4414265;183,-9,10
beco||porteirinha|bandeirantes|32240296|8,-1996879,-4405342;10,-3,15;11,7,-10;12,14,9;13,-25,-27;14,20,3;15,10,-4;16,-16,7;22,20,-17;113,-8,5;114,13,-1;115,-5,-3;119,-8,4;121,4,27;125,-8,-30;226,-32,22
beco||portugal|eldorado|32315190|21,-1994349,-4404848;119,3,-19;120,6,2;143,-15,-6;1029,11,5;1031,11,3;1032,-2,-8;1034,19,38;1036,-9,-1;1037,-19,-36;1038,18,25;1039,-6,-8;1043,14,-40;1047,-14,48;1141,-13,-22;1290,10,21;1300,-3,-8;1305,0,-5;1310,5,5
beco||portugal|eldorado|32340010|225,-1994348,-4404859;239,5,9;380,-7,-15;383,-6,-3
beco||primavera|nova contagem|32050091|30,-1982731,-4414745;40,0,5;60,-9,2;72,-3,-1;2121,9,-6;2129,2,-3
beco||principal|parque industrial|32210187|18,-1995263,-4402763;20,-53,-21;21,1,-22;22,45,41;23,5,3;24,-27,-31;25,26,19;26,-5,9;28,4,-7;29,-46,-33;30,33,30;32,4,2;33,-1,0;35,1,1;36,3,-2;37,-14,-1;38,6,-1;39,-5,-5;41,1,4;43,-2,-7;44,-7,5;46,6,4;47,-9,-18;48,-11,-3;49,17,10;50,-8,-2;57,-32,-20;60,34,27;61,-4,-8;63,3,9;65,-7,-14;67,-6,2;68,10,1;86,-3,-4;88,-30,16;92,14,-17;93,-8,-9;94,21,-7;96,3,37;97,-21,-28;98,20,-4;99,-14,6;100,-25,0;101,24,5;104,-12,-10;109,7,3;111,-14,6;231,34,-8;701,-26,-2;1958,80,40;1962,-6,13
beco||viela da paz|retiro|32050346|10,-1983426,-4414910;11,20,12;13,20,-12;14,12,0;15,-55,11;16,62,-8;18,7,-10;25,-54,23;30,6,-4;40,-28,-26;45,6,13;140,2,2;142,1,7;144,9,14;167,3,2;419,-22,-46;441,-6,-5;445,9,21
estrada||da pedreira|granja ouro branco|32399899|33,-1988036,-4410318;43,6,4;53,6,8;111,46,126;123,0,-17;200,-11,-29;250,1,17
estrada||de acesso ao perobas|contagem|32399899|59,-1991448,-4406248;69,29,13
passagem||das palmas|eldorado|32315020|758,-1994912,-4403756
passagem||das papoulas|eldorado|32315020|135,-1994794,-4403123
passagem||das parreiras|eldorado|32310400|2283,-1993740,-4403732
passagem||das pimenteiras|eldorado|32315020|21,-1994870,-4403210
passagem||das pimpinelas|novo eldorado|32341020|902,-1992923,-4404918
passagem||das pitangueiras|eldorado|32315030|56,-1994679,-4404270
passagem||das primulas|eldorado|32315020|642,-1994929,-4403598;655,38,-17;656,-9,1
passagem||pedestre|conjunto confisco|32060275|113,-1986623,-4402246;320,-27,16;362,-2,-1;364,-3,-9;480,18,0
praca|irma|maria paula|petrolandia|32073610|25,-1993011,-4411486
praca|sao|pedro|parque recreio|32110290|50,-1988412,-4401712;52,-88,221;60,-36,-155;62,30,28;64,14,-2;70,-10,-34;200,31,28;250,-52,-4
praca||paris|santa cruz industrial|32340460|22,-1994345,-4405676;23,7,-6;44,-14,19;130,39,-23;150,-41,38;170,-5,18;180,9,13;192,16,4;218,48,-56;357,6,24;400,7,15;600,-30,29
rua|capitao|antonio joaquim da paixao|centro|32041230|51,-1991556,-4408115;65,-6,20;90,-1,7;98,3,14;108,-4,4;118,-8,27;123,7,-14;126,-8,20;146,-6,21;147,10,11;158,-13,2;170,1,16;181,10,-12;193,-1,15;203,-6,48;211,-2,12;236,-4,-18;248,9,20;260,-11,15;285,6,0;292,-12,32;295,6,1;303,-5,22;304,-1,-12;316,0,2;328,-7,22;340,3,10;352,-3,6;363,54,-314
rua|coronel|antonio luciano pereira|industrial|32113050|16,-1997288,-4403537;20,2,9;30,-15,4;31,-1,10;39,16,20;44,-10,-33;45,-5,24;77,-16,-3;89,-7,10;101,-6,11;107,-59,44;113,47,-34;114,-18,-1;117,-39,45;119,-2,11;126,58,-63;129,-15,30;130,-31,-17;131,9,29;137,15,-29;143,-13,25;147,-86,51;154,57,-42;166,2,8;170,17,-9;189,-33,22;290,-48,40;300,-4,24;310,-4,10;359,13,-38;920,82,-76
rua|coronel|antonio luciano pereira|parque industrial|32113050|166,-1997504,-4403301;361,-11,14;373,-3,6;385,-8,8;430,-17,39;440,-16,10;452,1,6;464,1,11;476,-11,6;488,0,10;500,-11,8;512,1,14;524,-10,12;536,-1,10;548,-2,1;552,-12,9;560,3,12;572,-3,4;584,-14,8;596,-4,18;620,-6,5
rua|coronel|antonio luciano pereira|parque industrial|32235010|266,-1997497,-4403310;274,-22,48;276,16,-43;286,5,8;298,-11,8;299,57,-86;307,-32,48;309,10,-19;311,7,-8;313,-7,14;319,-7,3;323,28,-25;327,-38,46;337,-8,12;347,8,-15;350,-21,26;357,26,-32;360,-27,41;437,-27,36;447,9,0;449,1,14;451,-24,28;455,6,-22;457,7,-7;461,-16,12;465,7,-7;483,-3,18;485,-11,12;489,-6,4;501,-13,20;511,5,6;513,-1,3;523,-5,11;533,-5,6;543,0,4;555,-7,0;565,9,-5;569,-12,17;573,-8,29;577,7,-18;581,-10,15;583,16,-31;585,-16,33;601,2,-1;603,-4,0;607,29,-72;609,0,5;611,0,0;619,0,-4;621,-42,94;631,-6,8
rua|coronel|antonio pires|bandeirantes|32240260|350,-1996960,-4405449;356,7,5;362,-7,-20;386,10,-20;400,15,-9;410,-12,-8;412,18,-19
rua|coronel|lauro pires|parque xangrila|32372050|26,-1984993,-4401419;32,9,2;65,-6,-8;67,30,30;77,-14,-11
rua|coronel|lauro pires|vila boa vista|32372050|28,-1984967,-4401398;53,-11,-7;70,15,14
rua|coronel|procopio|inconfidentes|32113341|28,-1995235,-4403584;35,-52,52;40,7,-4;49,6,-12;52,-4,10;61,11,-21;83,91,-142;119,-17,29;160,-37,53;177,-11,24;184,18,-36;198,17,-31;200,7,-7;216,-35,57;228,-30,58;229,69,-125;239,-45,99;240,-11,-1;241,73,-119;251,-81,142;252,-1,-16;255,79,-127;264,-80,126;267,90,-138;269,6,-5;271,8,-17;280,-10,24;285,9,-26;288,-134,214;310,13,-15;316,120,-189;317,-133,211;322,54,-100
rua|doutor|aguiar pessoa|bela vista|32115210|8,-1993057,-4407449;12,-21,-16;16,8,30;26,-26,-17;28,10,18;29,18,-6;45,-103,99;46,-10,13;50,-2,-3;70,98,-95;80,-84,80;90,53,-55;128,-14,11;130,8,0;146,-18,17;148,-25,15;149,27,-15;160,-49,22;193,0,24;195,2,-13;215,57,-41;310,4,-11
rua|doutor|mario guerra paixao|industrial|32235340|8,-1997474,-4404465;25,-3,-6;35,-1,1;46,-11,-4;48,1,5;58,-1,4;70,-9,13;71,1,-3;82,-14,11;83,10,-4;89,-63,65;94,44,-49;95,5,-2;106,-10,10;107,1,4;112,-9,5;119,1,-1;126,-9,-3;136,-8,14;138,0,0;139,12,-6;145,-34,-1;160,3,21;167,20,-9;179,-6,9;193,-41,31;195,0,-1;226,-10,7;238,-14,14;250,-5,3;251,22,-13;254,-23,22;259,-6,2;261,7,-9;263,20,-11;265,-38,28;267,-1,5;270,9,-5;271,-19,6;278,2,0;283,0,15;290,-11,-5;295,-1,12;302,-1,-13;313,-1,10;314,-18,-16;319,12,25;324,-12,5;333,-5,4;335,-7,7;339,13,-10;351,-13,9;363,-3,12;370,-11,-6;375,6,10;380,-13,-6;390,-10,13;399,4,8;412,-8,-4;1202,253,-262
rua|marques|de parana|industrial|32050275|35,-1996912,-4403705;94,15,2;95,-5,-21;114,6,-6;124,19,-9;131,-7,-17;134,-1,17;147,18,-23;150,8,-2;168,-4,-5;185,-14,-15;186,26,-9;197,3,-5;198,4,-3;210,1,-9;211,-14,2;218,36,11;222,-15,-17;225,1,-5;230,12,-5;241,-11,-6;801,12,-4
rua|mestre|pedrinho|nossa senhora do carmo|32050190|15,-1991879,-4408603;35,-1,2;43,-8,-33;75,-18,-25;92,-28,-52;98,-3,2;105,7,46;106,-11,-50;107,10,43;108,11,-7;110,-1,3;111,14,30;112,18,27;124,-61,-124;150,25,56;151,-5,-5;153,-1,0;165,-15,-12;177,-12,-29
rua|nossa senhora|da paz|jardim bandeirantes|32050235|22,-1993037,-4403755;44,0,-19;68,0,-10;80,6,-15;84,-3,-8;92,4,-19;116,8,-18;128,6,-5;140,11,-27;182,23,-36;194,5,-13;206,5,-6;218,8,-14;222,-3,-3;230,13,-3;242,12,0;256,-14,-13;268,9,-12;280,7,-10;292,10,-15;304,2,-5
rua|nossa senhora|da paz|jardim das oliveiras|32050235|97,-1993038,-4403815;101,9,-20;107,-5,-5;119,-4,-17;131,26,-6;135,-7,7;137,7,-3;149,-9,-33;211,34,-25;223,7,-14;235,4,-5;247,8,-8;255,-1,-13;259,8,-10;261,6,-2;263,-1,2;283,6,-16;290,44,-58;295,-43,48;302,44,-51;307,-34,38;327,8,-20;370,31,-26;375,-2,-7;389,7,-9;394,4,-10;401,-3,2;406,14,-11;413,-19,-6;418,20,0;425,1,6;430,4,-14;437,-13,-13;442,23,7;449,-6,-5;458,18,-8;461,-20,-18;483,15,2;493,3,-3;497,9,-17;620,19,-18;641,4,-6;644,17,10;650,34,15;655,-45,-26;658,18,-8;659,-4,0;661,2,-8;695,-251,505;731,11,-25;769,2,-7;775,-6,-5;777,-2,-11;779,5,4;785,-1,-32;795,-13,-12
rua|nossa senhora|da paz|parque industrial|32230560|462,-1997440,-4403307;630,63,-10;631,-10,14;632,-3,3;634,-14,-2;636,-6,-4;638,3,11;640,-26,8;641,14,-6;642,-1,4;643,0,8;644,-5,7;646,-4,-3;647,10,-5;648,-18,12;649,7,-26;652,10,12;660,-14,23
rua|sao|paulo|tijuca|32315270|67,-1985828,-4401764;77,16,-5;83,40,-28;101,-27,21;103,9,2;104,7,-18;122,-14,20;124,17,-16;126,-10,5;128,-24,7;135,12,10;155,-13,2;170,52,-36;180,9,-8;184,24,-16;186,-15,15;196,8,-12;198,2,-6
rua|sao|paulo|vila urca|32315270|370,-1987165,-4401906;378,-13,-9;380,-16,1;390,-2,-3;400,5,2;407,-19,-9;408,-4,-9;409,10,1;410,-14,9;411,16,-17;412,-20,23;414,-10,3;415,14,-12;416,-14,12;417,24,-13;419,1,1;420,-34,13;421,11,-7;423,-10,4;426,34,-14;427,-15,17;428,16,-19;429,-50,24;431,31,-8;434,-36,13;448,-2,0;450,-6,3;465,18,-8;467,0,2;470,-28,9;480,-9,2;482,9,-4;490,-7,3;500,-11,3;541,8,7;545,8,-5;547,-2,-2;550,12,-5;556,-27,3;560,-4,5
rua|sao|pedro|recanto da pampulha|32315290|3,-1985938,-4402442;11,2,12;21,-2,3;31,-8,1;35,-5,7;51,1,1;61,-13,-2;487,-15,0;497,-6,6
rua|sao|pedro|tijuca|32315290|2,-1985951,-4402432;47,-3,6;49,-5,12;59,-3,-6
rua|vereador|jose pimenta|industrial|32010710|300,-1996592,-4402357
rua|vereador|jose pimenta|jardim industrial|32010710|49,-1996447,-4402280;56,-143,-86;61,136,76;73,-5,-7;76,-45,-21;85,41,22;88,-31,-18;97,10,10;106,-20,-14;107,7,25;118,-7,-34;119,-8,16;130,-6,-20;131,35,29;142,-46,-51;143,8,45;154,-19,-36;155,0,28;166,6,-10;167,-9,-10;183,-15,1;239,-35,-36;251,-3,7;263,-20,-3;275,-11,-16;287,4,6;299,-25,-15;303,-12,-3;315,-1,-5;331,-22,-7;333,1,-6
rua|visconde|de ouro preto|jardim industrial|32215070|20,-1996183,-4401498;36,-33,21;37,-27,18;51,-7,-7;85,-16,10;105,17,-8;111,-29,7;120,-1,-3;138,9,-2;140,-26,12;160,-18,14;166,12,-6;170,-37,3;171,57,-11;173,-43,19;177,-33,5;185,-8,8;186,6,-27;188,-26,22;201,39,-4;208,-72,22;214,72,-17;248,-136,41;382,-13,17;403,-40,6;404,26,-18;408,-10,8;410,13,-5;413,-34,7;415,-11,-3;427,-1,14;439,-13,-1;450,-15,10;463,-7,0;475,-7,-1;487,-4,8;500,-16,7
rua|visconde|de ouro preto|jardim industrial|32215120|273,-1996398,-4401403
rua||afonso pena|eldorado|32072240|32,-1994533,-4402868;34,8,0;48,-15,-5;50,-4,-6;66,-6,-4;68,-12,-5;82,-3,-10;96,-6,-4;108,-7,-12;114,0,-3;162,-39,-41;174,-7,-3;186,-2,-7;196,-7,-8;206,-8,-7;214,-5,-3;219,-2,-1;221,-9,-4;224,4,-1;234,-1,-6;242,-11,-8;249,-16,-14;252,8,6;258,0,-10;259,1,7;262,-5,-5;269,-5,3;270,-2,1;279,-2,-9;280,-5,-2;288,-4,-3;289,-2,1;299,-4,-11;311,-7,-6
rua||alvarenga peixoto|amazonas|32370210|17,-1996132,-4403689;334,-5,10
rua||alvarenga peixoto|nacional|32370210|14,-1984497,-4402326;15,-145,-501;19,166,560;20,17,3;22,-9,7;29,-22,-52;38,18,47;42,-4,-15;54,-3,-6;66,-4,-17;82,6,-12;94,-13,-9;96,-2,-3;100,-9,-18;107,-5,-3;112,5,-5;122,-8,-5;130,4,-1;143,-24,-23;144,16,-5;152,2,12;201,-19,-47;214,-7,-12;222,-6,-17;227,3,19;231,3,-9;233,-3,-7;239,-1,-7;246,-7,9;250,-10,-25;251,11,5;262,-9,-12;263,5,-2;274,-16,-4;275,13,0;286,-16,-14;287,6,1;297,-7,-12;310,8,-3;321,-12,-7;322,5,-4;323,0,-10;325,-7,-2;334,-2,-14;335,6,6;346,-10,-9;403,-15,-61;411,-1,-3;414,-3,19;415,-6,-31;425,-8,-16;426,13,31;437,-15,-44;438,3,28;439,-8,-24;448,7,24;460,3,-13;468,-10,-6;470,3,-10;472,1,4;476,-10,-10;482,-1,-10;483,-5,-3;488,11,0;494,-5,-3;495,-2,-10;502,-5,-7;507,-4,1;516,27,46;519,-35,-57;520,8,-6;542,0,-25;546,-1,-4;550,4,-5;554,-2,-4;562,-3,-1;564,1,-5;570,-1,-2;574,2,-7;575,-17,-1;579,-4,-3;584,22,-3;587,-9,1;610,4,-9;611,-2,-13;612,4,-1;615,6,1;618,-5,-14;623,0,-5;633,1,10;635,3,-12
rua||americo paulinelli|ressaca|32371050|13,-1988616,-4402991;36,95,-12;39,0,-1;50,-10,2;61,-56,4;70,23,0;75,2,0;76,-17,2;78,22,0;79,-2,-2;117,-32,-1;143,-27,5;155,18,-2;160,81,-7;166,6,-6;167,-77,11;172,83,-11;179,-70,10;181,30,-9;182,41,-2;203,-54,0;211,-45,19
rua||americo santiago piacenza|cinco|32010030|301,-1993190,-4407109;651,-200,-234;695,-164,-141;700,31,11;999,-143,-25;1201,-500,-72;5315,591,76
rua||americo santiago piacenza|cinco|32010090|440,-1993420,-4407400;456,72,69;516,109,106;640,-144,-136
rua||antonia prates|sao sebastiao|32150140|26,-1988697,-4405424;35,44,11;49,80,23;51,19,7;59,23,10;125,23,-4;361,8,15;365,23,6;373,49,15;379,45,18
rua||antonia prates|sao sebastiao|32186190|84,-1988582,-4405383;88,-70,-34;90,4,7;92,5,-6;108,91,42;120,6,2;132,16,4;135,277,98;140,-269,-100;144,12,5;164,15,7;165,233,84;410,-132,-47;525,-173,-62
rua||antonio alves pimenta|tres barras|32210150|28,-1991539,-4407697;38,-28,27;50,6,-10;62,12,-14;68,5,196;235,-31,-163;248,11,39;332,-1,-10;350,-2,-13;368,10,-23;400,8,-19
rua||antonio de matos pinho|darcy ribeiro|32060521|11,-1986185,-4413493;60,-13,123;80,316,-136;90,-11,-8;100,-5,-6;110,-9,-3;113,-7,2;120,-6,-9;121,29,29;127,-29,-29;130,-2,-9;137,-3,5;147,-5,-2;160,-16,-15;170,-10,-7;200,16,18;207,-44,-25;210,10,-3;217,-16,-7;220,6,-3;225,-121,50;227,111,-52;230,4,-1;237,-14,-5;240,6,1;247,-16,-3;250,9,-3;257,-10,-6;259,-136,76;260,135,-74;265,-130,77;267,119,-92;270,12,-4;275,-138,95;277,112,-82;280,8,-10;285,-134,98;287,122,-95;289,-9,1;292,11,-5;296,-8,-2;318,-7,3;319,0,-3;324,-11,10;328,-6,14;338,12,-21;348,-9,18;358,-4,13;368,-10,4;378,-8,5;388,-3,13;398,-7,9;399,-2,5;400,-12,4;402,-2,9;418,-16,1;428,-6,7;435,21,-5;438,-31,10;445,22,-8;448,-28,9;455,21,-2;476,-28,5;488,-10,4;496,-1,2;514,-2,22;524,1,11;534,-1,3;544,4,19;554,0,-2;564,6,18;574,4,7;584,-5,14;594,-22,30;604,9,2;614,-36,37;624,-2,-4;625,56,-80;635,2,-7
rua||antonio de padua pinto|canada|32017130|17,-1992699,-4409449;31,2,-5;70,108,-99;80,-51,50;82,9,-15;84,51,-43;85,-52,41;201,-76,89;280,79,-88;296,-29,33;671,61,-57;675,-1,5;679,-4,3;744,-48,36;754,-11,13;758,-14,9;762,-15,16;775,33,-37;791,-18,33;794,32,-43;799,-50,54
rua||antonio de padua pinto|contagem|32017130|124,-1992558,-4409599;128,5,8;150,15,-17;619,-30,37
rua||antonio de padua pinto|santa helena|32017130|60,-1992207,-4409959;73,-392,426;75,6,-13;85,365,-393;96,6,7;97,18,-39;98,-19,44;101,-12,0;102,0,-1;107,-3,5;109,1,5;111,-8,2;115,1,2;116,3,-7;125,-319,333;155,280,-293;157,90,-98;183,-332,349;184,26,-20;191,-2,22;202,196,-237;205,-203,222;210,-2,2;214,174,-181;215,-156,163;242,166,-183;246,-5,8;261,-136,151;285,112,-122;289,-1,7;294,-213,217;301,207,-216;308,-62,73;320,17,-21;327,21,-28;332,-19,23;333,-22,15;337,31,-28;345,-21,25;348,-20,20;350,1,18;355,-19,7;357,34,-92;383,39,6;397,15,-15;414,-5,8;425,31,-43;426,5,4;427,-4,11;430,-129,112;461,-1,21;473,-5,6;500,161,-177;502,-15,23;505,-167,179;537,205,-234;549,-14,-14;561,41,13;574,-272,280;586,-20,5;625,233,-240;646,-259,275;652,-9,18;655,223,-251;658,-219,249;678,288,-317;682,103,-103;684,4,-11
rua||antonio pereira|tijuca|32115140|10,-1985834,-4402091;20,-9,4;26,1,13;34,-10,-6;46,-5,4;58,-11,11;59,17,10;68,-24,-5;95,-7,8;99,-22,17;300,11,0
rua||antonio pires|bandeirantes|32186340|14,-1997116,-4405330;23,33,-25;25,94,-71;26,-253,180;38,140,-86;44,-15,0;75,-94,59;76,-4,2;80,148,-86;82,4,-12;86,4,-1;89,-186,117;91,11,-7;93,176,-112;97,-30,14;98,-155,104;101,169,-107;105,-149,94;108,10,1;110,165,-112;113,-38,24;115,-11,7;121,45,-37;123,-158,98;129,-2,-12;131,187,-100;137,-199,129;141,165,-110;142,13,-12;149,-186,131;151,218,-140;152,-17,8;154,17,-15;156,-145,100;161,147,-101;162,-14,6;164,32,-25;165,1,9;168,-149,101;170,-30,23;177,187,-134;180,-157,120;182,8,-9;185,-30,7;190,-15,12;192,170,-113;197,-135,84;201,-2,-31;204,-51,78;206,81,-50;209,-15,-6;211,158,-103;215,-151,117;242,36,-29;248,-60,39;254,79,-47;276,-98,64;288,-26,0;294,-16,-26;300,13,36;312,-21,-36;351,252,-135;354,-1,8;363,11,-18;371,0,-6;375,9,-3;381,-6,-4;387,2,-10;397,7,1;399,-5,3;401,5,-4;403,1,-8;407,1,-5;411,9,-32;535,-53,98
rua||antonio pires|santa maria|32186340|19,-1997295,-4405240;418,11,-5;430,-10,13;1217,6,-8
rua||augusto pereira|darcy ribeiro|32060503|20,-1985897,-4413115;23,2,8;25,-2,-9;30,-7,-12;35,-2,2;43,-15,-10;45,11,10;47,-24,-36;49,-10,-4;50,35,29;52,-51,-48;54,4,-16;55,34,65;57,-17,-34;59,8,11;60,5,12;61,10,2;65,-9,2;75,-7,-5;80,-3,-17;85,-4,2;100,-9,-11;123,-8,-2;125,-1,-6;135,70,78;137,-84,-94;143,1,3;145,-3,-4;155,0,-1
rua||carlos prates|estaleiro|32050371|1,-1982538,-4414309;2,0,5;4,-2,21;12,-4,-12;17,8,1;24,-9,10;25,8,7;34,-3,-7;35,4,-10;36,-4,23;48,-3,10;61,9,11;73,-4,18;85,-4,5;87,4,-3;88,-6,8;93,8,10;97,-6,5;98,2,-12;101,-7,8;107,9,14;115,5,5;118,-7,-13;133,5,27;136,-3,-22;148,1,14;158,0,13;182,-8,16;192,5,7;202,9,15;212,-7,7;216,-1,7;227,3,-7;228,-6,21;239,1,13;241,5,0;243,-5,19;245,-4,21;249,3,0;265,-5,-6;285,0,-11;287,-2,11;288,0,8;289,-4,12;301,-3,14;302,5,-17;312,-4,17;313,-3,15;339,2,9;345,2,-3
rua||celso ferreira pinto|central parque|32017040|15,-1991644,-4408645;25,2,10;35,0,15;51,-180,119;52,-4,-19;83,182,-89;99,2,4;104,-3,1;105,-2,-27;107,3,42;109,-4,14;120,-4,-3;125,0,8;139,-8,4;144,-8,8;151,5,7;155,-12,13;157,-14,7;203,-44,25;210,-10,-8;215,-2,6;220,-2,-4;227,-1,11;230,-15,-2;253,0,5;254,-15,-8;270,-6,0;271,7,8;278,-2,-14
rua||da parafina|petrolandia|32072260|71,-1992792,-4412030;72,15,21;75,-27,-37;125,-44,-36;127,8,15;135,-23,-20;143,-22,-29;165,-18,-10;166,9,4
rua||da passarela|perobas|32040671|10,-1991759,-4405688;25,-10,-8;26,-22,-22;27,13,5;28,-24,-23;30,-13,-16;33,5,8;35,-5,-8;43,11,13;47,-27,-32;48,-7,1;50,0,-15;60,-4,2
rua||da paz|colonial|32180450|53,-1990308,-4410997;55,3,-5;57,-9,-8;59,5,-8;61,10,8;70,23,-45;77,-51,99;79,-21,23;82,17,-21;85,1,-1;105,10,-15;110,7,-15;120,0,-6;130,27,-49;218,-18,35;220,1,-17;222,9,-2;260,7,-8;297,-8,8;300,3,-5;303,-3,-6;305,11,-8;306,2,-6;307,-44,88;311,19,-4;317,-1,-26
rua||da paz|darcy ribeiro|32060501|34,-1985984,-4412909;35,27,0;2021,-10,3
rua||da paz|tupa|32399899|480,-1986950,-4414591;500,-522,-105;520,434,89;540,60,2
rua||da prata|sao joaquim|32072260|5,-1988129,-4402217;7,-5,-5;9,0,0;10,5,3;11,-10,-8;80,-7,-6;90,-2,8;112,-204,-149;115,6,-8;174,110,70;176,18,19;178,-18,-22;180,-5,-5;192,0,-5;200,-1,5;217,-91,-58;219,-6,4;220,74,36;229,-49,-28;241,5,-2;253,13,-3;260,14,18;266,-13,-13
rua||das paineiras|chacara del rey|32016020|10,-1986800,-4408275;15,-3,-39;17,-2,28;20,8,-7;25,-2,-30;30,3,18;39,-6,-37;40,8,30;43,-7,-31;45,5,-11;50,2,36;60,-1,-10;63,7,-74;65,-4,13;67,-5,5;71,1,27;76,0,18;80,4,-11;90,13,-164;95,-13,94;100,2,55;105,-2,-74;110,-1,59;115,3,-43;120,-2,38;125,0,-70;130,3,58;132,-6,-4;140,3,-61;141,2,-11;145,-2,-9;155,0,-2;160,4,7;165,-2,-20;170,8,3;180,1,-4;195,-10,-27;200,10,8;205,-1,-29;210,2,17;215,-2,-27;220,1,17;225,-2,-24;230,3,19;235,-13,-27;240,8,16;245,-2,20;249,5,-46;250,8,21;260,-10,-11
rua||das paineiras|condominio estancia san remo|32016020|79,-1986965,-4411290
rua||das paineiras|lucio de abreu|32065320|7,-1992223,-4410113;14,-130,-70;15,126,59;20,-109,-52;25,-46,-3;29,153,46;34,1,8;35,-12,-3;45,-5,-6;46,-2,-6;49,-5,3;58,-21,-23;59,21,18;65,-10,-1;79,-13,-5;85,-1,-2;89,-5,-12;95,20,15;99,-31,-14;101,-7,-5;121,-10,-8;123,7,6;131,-5,0;135,-11,-1;140,-2,-3;143,-2,-8;155,-18,2;156,5,4;167,-13,-1;186,-13,-7;231,-39,-12;242,-17,-15;248,-9,-8;271,-14,0;300,-10,-13;389,-74,-35;393,-8,-3;396,8,1;400,-15,-2;404,-6,-4;436,-9,-1;445,-9,-2;450,-3,-2;457,-20,0
rua||das paletas|estancias imperiais|32065272|1,-1989704,-4412461;21,-3,7;23,25,-35;27,-13,10;29,-12,25;31,3,4;137,-13,26;185,7,-6;195,-6,8;460,5,-6;485,-28,33;520,-7,11;530,-13,9;540,-3,4;555,54,-89;600,-64,100;605,6,-8;615,1,3;635,-7,13;675,-4,1;700,-22,21;777,14,-9;815,0,0;823,-7,9;827,-20,26;839,0,1;844,27,-31;850,-21,12;860,-14,22;890,-6,8;895,6,3;915,-21,22;919,-3,0;1000,-8,6
rua||das palmas|sapucaias|32044260|12,-1992091,-4412430;13,-7,0;22,14,-9;23,-6,-7;32,5,6;33,-2,-3;42,8,-7;43,-2,-9;49,16,-32;52,-6,28;53,10,-42;62,-11,40;72,2,-4
rua||das palmeiras|bom jesus|32044260|202,-1984278,-4403313;203,4,3;204,-3,-10;206,1,-2;207,13,-36;209,-7,23;211,4,-1;222,-9,3;224,3,-11;226,0,-3;245,15,-19;258,-7,2;263,-1,-3;276,3,-21;277,-5,39;284,9,-49;286,3,-1;294,6,-3;296,-7,-11;298,5,-10;300,0,-6;306,-7,-8;348,0,-10;360,-5,-14;400,1,-4;410,5,-10;430,-5,-3;500,16,51;520,-1,-21;521,-33,-54;523,0,0;525,-8,-7;527,-1,-7;530,-2,-16;531,-1,-11;533,-8,-14;534,-7,1;535,1,-6
rua||das palmeiras|chacara contagem|32044260|20,-1991993,-4410426;25,-6,-16;35,3,-2;55,0,-15;60,-13,16;65,13,-32;70,-3,18;72,0,-9;80,4,-5;95,1,-45;100,-6,6;120,11,-7;130,-7,2;138,-1,-11;140,1,-13;143,3,-6;145,0,-9;165,4,-3;170,-6,9;177,9,-26;180,-2,20;200,-6,-7;220,-1,-4;230,3,-11
rua||das palmeiras|liberdade ii|32064001|6,-1983463,-4409561;7,-3,0;10,139,19;12,-64,-12;14,-50,-8;16,-5,0;18,-8,1;20,12,0;40,31,-22;41,-19,22;55,50,18;60,-13,-12;74,41,19
rua||das palmeiras|vila ipe amarelo|32051070|7,-1981227,-4414313;8,-2,11;15,41,-3;16,-33,0;23,48,0;24,-38,-1;32,14,4;36,29,2;40,-20,-3;48,10,5;56,6,1;72,19,-1;80,11,-5;88,13,3
rua||das perobas|cincao|32051055|239,-1990932,-4405033;481,34,-137
rua||das perobas|contagem|32315080|160,-1990783,-4404984;201,-809,-531;250,862,310;730,-4,-53;900,-206,201
rua||das perobas|eldorado|32065272|15,-1994569,-4403418;27,-8,8;37,-6,2;39,2,-2;51,-18,3;63,-9,-13;75,28,14;87,-30,-16;99,19,11;111,-49,-33;113,31,24;123,-27,-14;135,5,3;147,40,20;159,0,0;177,-105,-68
rua||das perobas|vila ipe amarelo|32315080|7,-1981186,-4414239;8,-1,-5;15,6,2;16,-4,8;23,-2,9;24,-2,-1;25,0,21;31,4,-19;32,1,18;39,-7,15;40,0,-13;47,0,23;48,1,-11;55,-1,21;56,-5,-10
rua||das pitangueiras|vila ipe amarelo|32051065|2,-1981296,-4414499;7,-44,-6;9,-36,-15;10,-3,2;11,-3,1;16,74,17;23,52,2;24,-77,-4;32,29,7;40,17,-3;48,1,0;56,-78,-17
rua||das promessas|colonial|32050361|8,-1990202,-4411005;10,-12,20;12,-1,-6;106,-56,57
rua||de portugal|eldorado|32340010|994,-1994269,-4404856;1000,-10,-8;1006,-14,3;1020,0,-8;1024,-14,1;1027,-6,-7;1029,1,2;1032,-10,-33;1033,4,-64;1035,-1,93;1037,4,1;1044,4,-3;1134,62,42;1146,3,-24
rua||dimas perrin|estrela dalva|32113000|6,-1986695,-4402508;9,0,0;10,-13,7;13,10,-3;14,-72,34;16,47,-21;17,14,-16;18,-16,17;19,13,-12;20,-22,20;21,22,-18;25,-4,1;27,-5,0;29,-4,2;30,-6,5;31,-10,5;32,1,2;33,10,-8;35,-17,7;37,6,-2;42,-9,4;46,6,22;47,2,-6;52,-12,-15;53,-12,7;60,24,-10;463,55,-21
rua||dimas perrin|granja vista alegre|32046030|418,-1988236,-4408987
rua||dimas perrin|praia|32046030|349,-1988228,-4409015;357,-3,16;358,5,-16;367,-3,30
rua||dimas perrin|vila italia|32113000|44,-1986744,-4402466;45,1,9;48,0,-11;51,2,13;54,-19,-19
rua||do paraguai|colorado|32143020|10,-1991200,-4403077;20,-14,-31;30,-3,-11;40,-6,-9;723,-1,-5
rua||do paraguai|morro do cabrito|32143020|8,-1991216,-4403129
rua||domingos pereira|alvorada|32044354|219,-1990895,-4407568;235,-122,-5;252,64,-1;255,45,6;271,-43,-1;283,-13,5;319,-36,-6;357,112,1;388,-10,-2;400,-22,3;505,7,-1;517,-18,-1;541,-9,4;572,-38,-7;577,7,4;584,-12,-6;596,-122,-8;603,103,16;615,-16,-6;626,5,-4;627,-4,4;639,-25,2;640,3,-2;652,-16,-6;668,-4,1;677,-21,6;680,6,-9;692,-11,1;705,0,6;706,-6,-6;720,-12,-5;726,4,7
rua||dos pandeiros|estancias imperiais|32065329|4,-1990367,-4412425;52,19,-24
rua||dos pessegueiros|liberdade i|32064530|3,-1982877,-4410002;4,3,1;6,-4,-13;14,52,16;210,76,8
rua||dos pianos|campo alto|32065300|136,-1990743,-4412694;138,-21,-8;156,-30,-18;160,8,3;164,-14,-5
rua||dos pianos|estancias imperiais|32065300|1,-1990750,-4412723;2,249,142;3,6,2;4,-247,-151;5,-3,-2;6,9,-1;7,243,140;8,-245,-146;9,246,140;10,-242,-145;11,16,-20;13,8,-9;17,429,321;30,-434,-250;36,427,242;42,-265,-148;43,162,107;44,74,28;46,27,27;49,-92,-51;50,-31,-16;51,-19,-7;53,100,91;54,-108,-96;55,31,7;56,-44,-13;60,62,18;62,-32,-18;63,-67,-21;64,23,-1;66,-19,-9;68,-6,2;69,-34,-14;70,38,-51;71,-37,7;72,-98,-9;76,261,129;78,-159,-85;80,-144,-25;90,13,-42;93,75,37;96,-90,-41;99,-19,-19;100,-6,11;123,-21,-6;127,1,-16;135,13,-45;139,26,-28;140,-3,-3;141,-39,22;150,-124,-13;151,55,29;156,-44,-21;158,9,10;161,30,8;165,-44,-20;169,-39,-7;171,80,26;181,-2,-3
rua||dos pinheiros|vila ipe amarelo|32051075|7,-1981274,-4414219;8,37,5;15,-28,-7;16,4,4;17,6,-4;23,2,-1;24,-5,5;31,11,-3;32,2,0;39,12,8;40,44,9;47,-45,-9;48,1,-1;55,11,0;56,-10,-1;63,17,-3;65,7,-1;71,44,7;72,-59,2;79,71,-1;87,-42,13;88,18,-11;95,42,2;96,-27,-1;103,36,-1;104,-30,7;111,41,-1;112,-28,-1;120,4,-1;128,8,1;136,13,3;144,8,-1;152,6,-3
rua||dos pintassilgos|solar do madeira|32065040|10,-1989688,-4413442;16,231,240;18,10,-35;28,-126,-84;30,0,-5;32,-22,-20;40,104,118;41,-100,-102;51,-15,-28;78,110,120;98,8,-23;118,-29,-15;155,-18,-11;158,-22,-24;253,-88,-90;255,3,-12;275,-18,-5;279,38,43;296,-19,-22;305,4,-14
rua||dos pioneiros|vila belem|32015105|25,-1991855,-4409831;32,0,8;36,13,1;37,-3,2;46,19,3;51,2,-9;62,4,2;65,1,-1;74,14,-1;75,-3,-3;86,9,2;87,5,-4;90,0,6;98,11,4;101,-2,-5;112,12,-1;113,-3,4;115,5,0;124,0,-9;125,12,0;136,8,-3;137,1,6;138,10,-7;139,21,2;142,-29,0;150,26,-1;151,4,0;161,5,-2;162,-5,3;186,16,-8;190,29,1;191,-25,9;195,11,-4;196,23,-7;197,-14,3;200,17,1;201,-17,0;203,4,2;205,9,-2;207,6,-2;209,5,-2;211,-2,-5;228,4,7;230,0,-2;240,2,5;252,22,-8;256,-21,2;258,23,1;260,-5,0;271,26,2;283,2,-5;295,11,2;319,7,-3;321,8,-2;331,16,0;333,13,3;335,-67,6;346,58,-8;348,6,-1;349,15,-1;353,1,-1;372,1,1
rua||dos planetas|recanto da pampulha|32241140|31,-1986021,-4402302;35,5,-1;70,-39,-21;72,5,4;74,8,1;77,22,18;78,-18,-17;79,10,8;80,-57,-15;85,47,14;90,-43,-21;97,41,20;100,-49,-23;109,29,16;110,-36,-24;119,30,23;135,-42,-14;145,-15,-14;146,18,3;148,-7,4;151,-25,-10;155,59,39;158,-44,-42;160,-8,-5;165,39,28;178,-52,-21;180,-3,-2;231,-1,2;240,137,46
rua||dos poloneses|flamengo|32050718|16,-1996642,-4405588;27,2,-3;28,0,-12;29,-11,-88;40,-3,-14;41,12,93;42,3,-3;48,13,-12;53,-22,-12;63,7,10;65,-13,-56;67,2,9;68,11,1;72,-4,20;75,-1,11;77,-5,-27;80,5,11;84,0,2;87,1,7;90,-1,-26;110,0,-11;124,1,0;136,-3,-20;150,1,-17
rua||dos portugueses|flamengo|32241080|36,-1996319,-4405625;45,5,5;47,-1,-12;48,-7,6;50,8,-13;60,-5,-4;70,4,-12;72,-1,7;82,2,-18;84,-7,4;94,4,-21;106,-2,-10;109,-4,11;115,-3,-8;118,5,-14;139,-6,-8;150,0,6
rua||eduardo lucas pereira|industrial|32241070|26,-1996474,-4402928;38,-15,-2;39,11,7;49,-13,8;63,-9,8;66,-9,-24;69,3,25;73,-9,-2;76,0,-6;84,-5,10;85,-8,2;87,7,-2;96,-13,-6;101,-1,11;112,-50,-10;113,36,7;124,-46,4;125,44,4;137,-12,6;138,-48,17;142,107,-71;145,-87,57;163,0,-2;167,-10,10;199,-19,-1
rua||efigenia matos paixao|fonte grande|32060060|22,-1992388,-4408286;28,-8,-16;39,6,12;58,-14,-15;70,-14,-8;71,-10,-10;89,-12,-9;100,-4,-8;103,-10,-4;117,3,-9;130,-5,-8;160,-39,-25;175,-6,-6;198,-12,-14;203,3,4;214,-1,8;229,-23,-26;234,5,-1;243,-10,-5;244,0,-10;255,-11,6;258,7,-9;272,-10,-9;273,-11,-1;305,-25,-26;322,1,-7;333,-13,-2;343,-5,-12
rua||epitacio pessoa|eldorado|32065364|25,-1994443,-4402833;44,-16,13;45,15,-22;47,11,-4;50,-1,3;62,1,1;63,6,-8;64,5,1;65,2,-7;80,5,-2;81,-3,0;82,7,-8;83,-1,5;98,-1,-5;99,7,-1;100,6,-9;101,-1,4;116,7,-13;117,5,2;118,-3,2;119,11,-5;170,29,-25;171,3,-8;184,9,4;185,-1,-5;186,7,-1;187,-4,-4;202,16,-3;203,-1,-6;204,0,6;205,0,-10;220,6,1;221,7,-4;222,2,0;223,2,-9;238,3,0;239,3,1;240,2,-7;241,-3,6;250,14,-7
rua||epitacio pessoa|nacional|32065364|55,-1984331,-4402825;86,9,36;91,9,18;186,-3,5;193,4,4;195,-1,4;203,3,-28;210,-20,-11;213,23,50;215,-11,-51;216,84,222;218,-75,-168;222,5,11;223,9,8;225,34,106;237,-3,-13;256,-27,-70;260,24,59;262,-14,-34;283,10,23;284,-8,-18;286,-4,-1;310,9,19;321,17,29;322,-13,-11;333,8,1;335,69,155;339,-62,-137;345,8,14;346,-11,-7;347,12,28;358,-7,-13;372,5,3;382,-66,-157;383,5,-13;384,65,191;391,25,57;399,-5,-10;401,-4,-11;403,4,9;405,-99,-260;407,101,257;410,31,52;415,2,9;416,-29,-50;418,-4,6;419,38,34;420,-39,-52;430,44,55;431,3,22;443,10,4
rua||euclides de souza penha|agua branca|32010820|11,-1993459,-4402963;14,-13,-19;21,-3,10;28,-11,-12;31,5,2;40,-18,9;41,0,19;61,-7,-9;62,-7,-9;71,1,10;76,-14,-1;81,4,6;87,-68,25;88,58,-29;91,-7,11;110,-8,-14;121,-4,25;122,-15,-6;131,4,-5;136,-13,6;141,-6,7;146,-21,1;179,-6,17;189,-17,-5;199,-8,3;209,-4,12;250,11,-48
rua||floriano peixoto|milanez|32041350|620,-1990551,-4402776;638,-13,3;640,0,0;656,-51,18;658,-2,-4;660,-5,5;662,-15,0;664,1,2
rua||floriano peixoto|novo progresso|32041350|20,-1990013,-4402934;29,-15,1;32,4,4;40,-6,-4;41,-2,4;43,2,-7;45,-20,8;52,4,-4;60,-5,4;65,-7,5;77,-12,-4;89,-9,6;100,3,1;101,-11,6;110,-2,-5;113,-8,6;120,-3,-1;125,-3,4;127,2,1;134,-4,-5;137,-17,10;146,21,-11;149,-27,14;158,-1,-5;159,-16,10;170,11,-8;173,-19,8;182,1,-5;185,-19,4;187,13,2;194,-4,-4;198,-8,7;200,-12,1;251,-30,14;257,-14,-1;258,12,-2;261,-11,7;273,-9,2;277,-12,2;287,-9,5;288,-1,-10;300,-5,4;303,-5,7;309,-2,1;310,-2,-2;312,-16,4;321,9,1;344,-13,0
rua||francisco passos|nacional|32185090|107,-1985208,-4402246;109,-8,-21;112,29,70;115,-13,-10;119,-22,-71;123,8,0;127,-12,-7;129,-21,2;171,14,-32;197,4,8;203,-25,-48;209,-3,-4;221,-4,-10;243,28,46;255,-9,-7;267,-12,-16;375,-6,-29;379,-6,-15;393,-21,-39;395,17,29;397,-2,-11;399,-16,-9;401,4,-17;403,-4,-11;405,4,24
rua||francisco passos|pedra azul|32185090|128,-1985214,-4402260;136,-28,-66;138,21,46;140,-24,-45;142,40,75;147,-174,-455;160,175,455;166,-43,-95;168,0,-18;170,8,43;172,-3,-12;235,-94,-284;306,80,250;312,0,-13;330,-2,-14;354,-3,-11;376,-11,-18;388,-11,-15;400,10,2;404,-12,-17;406,17,-28;415,-34,-10;449,-117,-315;450,114,305;481,-8,-17;493,-5,-9;496,-54,-154;506,-6,-7;510,1,-7;518,0,-8;600,78,196;614,-25,-54;621,-1,19;622,23,-22;623,-80,-145;626,69,173;630,0,16;631,16,13;641,-32,-41;645,7,-12;648,-17,-30;650,30,73;657,-22,-54;660,-10,-25;665,3,12;668,-53,-140;670,61,124;673,-7,11;680,-53,-148;684,63,166;685,-17,-28;701,-18,-13;703,2,-14;715,-11,-15;725,6,-37;731,-5,11;732,-44,-131;751,21,67;758,-15,-31;775,-14,-35;779,1,16;801,10,10;805,39,89;807,-14,-31;809,-8,-1;811,12,12;813,-21,-45;817,-20,-49;818,19,50;824,-1,-24;1009,13,43
rua||francisco rodrigues pereira|industrial|32017160|18,-1996655,-4403315;44,22,25;47,-13,-8;55,9,22;68,-2,-10;72,-2,6;84,5,13;104,8,22;111,0,0;112,-7,-12;115,16,24;125,-7,-4;143,4,17;148,8,35;157,-2,-27;159,6,9;173,6,9;180,34,126;185,-37,-117;192,-2,22;195,37,89;200,-23,-74;204,-25,-12;205,17,-22;207,17,95;219,5,-15;223,-9,-45;224,-5,11;229,22,63;234,-15,-45;235,-4,-30;236,1,10;237,-8,-22;240,13,26;246,-2,31;252,4,-17;256,-1,-4;259,14,10;271,-7,15;283,6,17;299,4,10;300,-2,7;320,-88,-270;335,118,372;354,-3,-52;356,-8,-20;361,10,35;368,-3,10;380,-4,-10;382,3,42;410,-4,0;420,2,15;426,0,19;432,-2,-3;435,3,-19;444,-8,19;447,7,5;456,-26,18
rua||geraldo parreiras|cinco|32010080|15,-1993534,-4406818;251,-14,-160
rua||geraldo rafael pinto|agua branca|32185040|14,-1993248,-4402672;15,-5,6;24,1,-18;25,-5,2;34,4,-11;35,-5,3;44,5,-10;45,-5,2;54,5,-5;55,-2,-11;105,-12,-39;106,7,4;142,-8,-39;173,-4,-2;210,-4,-34
rua||gil peres|central parque|32310330|14,-1991650,-4408697;17,-24,10;26,10,-17;38,4,-3;50,-9,-11;74,-27,-34;78,-4,14
rua||herondina ferreira pinto|darcy ribeiro|32060504|23,-1985906,-4413046;25,-5,-9;35,-5,-11;45,-6,-4;53,-4,-9;63,-14,-3;75,-2,-7;85,-6,-10;95,-5,-1;105,-5,-11;115,-4,-12;125,-14,-8;133,0,1;145,-12,-14;155,-7,-2;163,-5,-7;165,0,-3;175,-4,-4;185,-3,-3;195,-4,-11;205,-12,-8;215,-8,-6
rua||joao batista costa pio|alvorada|32073490|19,-1990291,-4407723;20,13,-15;35,-6,-6;36,6,0;42,41,-123;48,1,3;49,-46,110;52,7,5;56,35,-103;61,-36,82;63,29,-86;64,-30,88;68,35,-75;73,-33,63;74,8,3;88,5,-9;89,-3,-11;100,7,3;107,-4,-14;117,5,-4;118,7,1;131,-8,-24;136,10,4;155,16,-51;167,-14,16;185,14,-23;200,8,8;595,-10,-1
rua||joao paulo|canada|32140690|19,-1992989,-4409546;22,14,-4;31,-8,-4;34,12,2;41,5,-11;53,3,-9;63,17,-11;67,-2,-9;78,22,-28;88,-5,14;98,-1,6;99,-12,-1;108,4,9;109,3,-20;118,-5,23;123,9,-29;131,5,-10;136,6,3;138,-41,59;143,38,-66
rua||joao pires|bom jesus|32055200|40,-1984079,-4403024;44,0,-5;45,3,15;50,1,-17;54,3,-12;55,-2,8;60,4,-11
rua||joaquim nepomuceno pimenta|inconfidentes|32150070|22,-1994902,-4404166;33,-18,-7;74,-32,-37;77,-10,17;163,-18,-41;181,72,67;250,-87,-69
rua||joaquim nepomuceno pimenta|riacho|32150070|5,-1995002,-4404231;6,10,-15
rua||jose candido palhares|jardim laguna|32150080|8,-1989488,-4402854;12,-60,-26;15,5,-15;26,12,6;51,7,3;52,1,-1;65,21,18;66,-17,-15;77,7,11;84,1,5;89,-8,-12;109,24,19;111,-28,-19;113,-13,-10
rua||jose do patrocinio|jardim industrial|32210001|44,-1997034,-4402212;49,5,-4;51,5,8;95,-56,-25;100,-28,-24;116,-31,-24;117,45,32;118,-52,-36;120,8,11;121,29,18;125,-27,-20;127,-15,-12;128,6,7;130,-10,-8;132,1,-8;137,1,12;159,130,82;168,-90,-64;187,-13,-11;211,36,33
rua||jose do patrocinio|nacional|32185150|30,-1984913,-4402006;40,15,-42;42,3,12;44,-2,-7;50,4,5;52,3,-8;58,-19,12;62,28,-25;68,-4,0;72,13,-12;83,-23,47;86,-23,8;90,6,-6;98,-7,16;100,2,9;116,-11,3;136,-6,22;150,67,-103;160,0,-12;412,0,0
rua||jose gomes pinheiro|industrial|32260030|15,-1996456,-4403077;18,6,-19;30,-11,12;41,-9,15;42,-5,-5;53,-10,6;59,-9,0;62,11,0;65,-29,4;120,-21,11;126,-17,3;140,-6,0;143,-18,18;155,-9,-8;157,-17,6;159,17,-8;170,-9,8;171,-9,4;184,9,-3
rua||jose penido|industrial|32115250|25,-1996390,-4403000;26,-3,-2;37,-1,6;50,-12,-16;51,-1,4;55,0,-8;68,-15,6;81,-3,-1;82,-3,-14
rua||jose pinheiro|riachinho|32040600|41,-1992044,-4407484;154,8,-4;158,-6,6;164,-5,-16;168,12,14;171,2,5;177,16,-18;179,-11,-1;483,24,3;484,-7,-5;488,-15,2;496,23,-3;586,-28,11
rua||luciana carvalho pereira|nossa senhora da conceicao|32041080|12,-1985733,-4403773;15,-9,-29;17,8,8;19,14,30;23,-4,-1;24,-3,15;29,5,-6;35,2,3;47,7,7;55,3,13;150,-4,8;151,10,-1;153,4,8;158,-6,5;168,0,6;206,16,49;221,3,0;228,0,-4;233,5,19;234,-7,-4;245,7,10;246,-1,-6;257,9,13;258,-4,6;269,20,34;270,-23,-15;271,13,-11;281,9,30;282,-20,-18;283,18,7;294,-1,4;295,4,16;296,-1,-12;297,9,20;298,-7,-1;305,9,6;306,-11,-20;312,6,16;317,8,18;318,-6,-6;327,7,-3;328,2,24;330,8,4
rua||maria da conceicao pires|bernardo monteiro|32010690|14,-1993143,-4408540;15,6,9;26,-22,-12;27,3,4;36,-8,-2;37,0,3;46,-8,2;47,-5,-6;56,0,-4;57,-1,2;66,-15,-7;67,1,3
rua||maria izabel da conceicao pereira|tres barras|32240080|3,-1991097,-4407137;9,97,47;10,-83,-36;16,-16,-8;17,101,48;18,-4,2;19,-9,-10;20,-15,-3;21,-11,-10;22,-3,-5;23,4,-3;28,-42,-9;29,-12,-6;31,18,8;34,5,8;45,3,-4;48,12,6;60,5,4;80,23,9;147,-61,-36;176,86,45;180,-19,-9;186,32,19;187,6,-3;196,5,3;200,-3,9;210,2,-3
rua||maria resende do prado|contagem|32042540|29,-1995603,-4404325;47,-11,-8;49,-8,1;71,2,-4;89,-28,-9;107,-18,-7;125,-26,-10;145,1,-2;165,-12,-2;201,-19,-12;213,-2,1
rua||maria resende do prado|inconfidentes|32042540|6,-1995591,-4404307;10,8,-18;14,-12,-4;42,-5,-1;54,-12,-2;66,-11,-11;70,-3,-1;74,-9,-4;86,-7,-3;98,-5,0;102,-9,-5;110,-7,3;122,-17,-9;134,-6,-6;146,-12,-4;158,0,3;172,-17,-16;182,-11,1
rua||maria resende prado|inconfidentes|32235120|243,-1995865,-4404364;247,88,-41;255,-8,-3;259,-2,2;260,-9,-5;263,2,0;272,-12,-6;284,-10,-8;289,14,11;295,-17,-5;311,-15,-4;321,-3,-1;337,-12,-14;343,-16,-1;356,-14,-14;359,-2,8;372,-6,-13;375,-8,-1;391,-15,-1;407,-12,-12
rua||marques de parana|industrial|32010040|30,-1996963,-4403672;54,21,-10;56,7,-10
rua||matos pinho|agua branca|32223560|30,-1992609,-4403576;50,-7,19;87,-13,45;90,4,-9;100,-21,3;111,17,21;112,-6,2;115,11,10;161,-19,41;183,-5,10;195,-10,9;202,-7,1;212,-7,12;213,4,8;224,-13,3;231,5,7;235,-4,4;236,-14,-4;239,9,12;248,3,-2;260,-12,10;261,4,1;272,-8,5;273,2,10;285,-5,9;286,-2,-8;297,-4,23;298,-6,-14;301,-4,17;310,-1,0;313,2,8;322,-10,-8;334,0,12;339,-7,10;346,6,-10;367,-6,17;375,-17,38;385,-17,2;391,-8,28;403,0,2;405,-47,58;415,49,-48;425,-51,58;433,2,-5;435,-6,14;439,36,-62;443,-5,9;447,0,4;451,-2,4;460,4,-10;477,3,20;481,-23,-6;485,4,12;487,166,-353;489,-171,350;524,-10,27;675,86,-112
rua||matos pinho|jardim bandeirantes|32223560|13,-1992616,-4403592;15,6,5;27,-2,5;72,-6,17;76,-3,11
rua||mendes pimentel|bernardo monteiro|32013750|38,-1993224,-4408906;50,22,-27;62,0,0;74,3,-2;86,5,-12;92,4,-2;104,7,-19
rua||mendes pimentel|fonte grande|32013750|53,-1993214,-4408929;65,16,-12;75,-1,-11;85,5,-2;99,7,-7
rua||nilo pecanha|contagem|32060110|219,-1994315,-4402836;221,-1,-6;239,-14,-7;241,2,-2
rua||nilo pecanha|eldorado|32060110|68,-1994229,-4402723;70,-2,-4;88,-10,-8;90,-4,-7;118,-10,-17;119,-2,5;120,-9,-16;121,3,7;138,-6,-13;139,-1,-2;140,-8,-6;141,4,5;168,-13,-19;169,3,-6;170,-6,1;171,2,-1;174,-4,-7;178,0,-1;188,-3,-4;189,-3,9;190,-4,-18;191,0,10;218,2,-25;220,-22,-2;226,7,-2;238,-9,-5;240,-1,-5;242,-6,-3;268,-2,-10;269,-8,-7;270,-5,-7;271,-1,9;288,0,-17;289,-6,2;290,-1,-3;291,-6,-5;318,-14,-29;320,4,10;321,-6,-9;338,0,-6;339,-6,8;340,-1,-13;341,-13,5
rua||nilo pecanha|jk|32060110|18,-1994206,-4402687;20,1,-3;21,-2,4;38,-5,-9;39,-2,1;40,-7,-16;41,1,9;69,-11,-20;71,-10,-4;89,1,-6;91,-29,-6
rua||nova ponte|sao caetano|32183659|16,-1993260,-4411904;24,-85,197;28,82,-195;40,-5,18;52,-7,14;64,4,3;71,3,-21;73,-8,27;75,-10,6;76,5,-2;85,4,12;87,-3,6;88,2,-10;97,-2,21;100,5,-4;111,-11,19;126,-3,5;133,-3,6;137,-165,335;139,198,-454;155,-166,380;161,133,-245;167,6,-7;206,-33,51;208,-12,14;209,10,-10;221,-5,-11;228,-10,17;230,-4,13;233,-2,2;235,-4,22;240,-5,12;242,-4,20;243,-5,-20;244,-5,15;246,8,-5;247,-11,4;256,-1,21;258,-12,-16;259,3,27;271,-32,45;281,-4,11;285,-2,-10;289,7,-14;290,-25,62;293,-2,-10;295,-6,13;297,-2,4;299,0,11;301,43,-81;307,-51,97;312,63,-146;317,-65,165;333,2,16;346,13,-62;347,-13,71;348,11,-65;349,-12,59;357,-1,12;360,2,-64;367,3,76;373,9,49;377,-6,-20;415,15,28;421,-3,4;479,1,3;592,-8,-25;598,-3,9;604,8,8;640,6,34
rua||novo progresso|estaleiro|32050399|2,-1982912,-4414394;3,61,-1;5,-7,-5;6,-24,3;7,-21,2;8,31,-2;9,-4,1;10,7,-4;11,-24,3;12,7,4;13,-13,-5;14,15,4;15,31,-5;18,31,4;20,-35,0;21,35,-3;24,17,-1;25,4,-2;36,-2,5;37,3,-5;42,-30,-1;48,44,4;49,-6,-5;50,8,8;60,5,-4;61,-5,-7;72,8,3;73,2,-3;84,14,1;85,-3,-5
rua||novo progresso|jardim industrial|32241330|13,-1996873,-4402226;29,-19,11;43,-11,-14;56,-8,-6;61,-8,-4;64,-56,-34;68,44,14;76,-53,-16;120,14,-15;156,-14,-6;160,-2,-16;170,-19,-16;177,23,21;294,-12,0
rua||olinda dionisio pires|bom jesus|32185358|1,-1984120,-4403031;2,5,-3;3,-5,-14;4,2,6;5,-3,-11;6,9,0;7,-11,-17;8,11,5;9,0,-5;10,5,-3;11,-2,-6;12,3,0;13,-7,-13;14,10,3;15,-3,-11;16,2,-1
rua||otila costa peres|bela vista|32341200|14,-1993282,-4407740;22,217,251;30,-10,-8;34,0,-7;36,17,20;37,-21,-16;39,-10,-12;43,-54,-67;46,46,48;47,-8,-5;59,17,17;60,1,1;65,-46,-61;69,43,61;73,-51,-46;75,-17,-28;84,7,3;85,-8,-13;106,27,38;110,3,-4;114,-258,-243;116,272,257;174,-42,-45;186,-9,-10;193,4,1;195,-10,10;205,-13,-26;207,0,4;227,-9,-31;234,-6,16;247,-4,-27;251,-19,14;258,16,-7;259,-8,-4;270,-4,-2;271,-14,-2;272,12,-1;280,-6,-15;285,-8,-3;287,7,8;294,-59,-62;333,23,23;345,-10,-18;352,-8,14;354,1,-2;355,3,-11;364,-5,-4;375,-4,-19;395,-14,-9;417,-13,-7;423,-102,-74;430,81,54;438,6,5;440,-5,14;444,5,-4;455,-23,-24;480,4,3;535,-60,-32;539,7,4;550,-18,-17;560,15,12;561,78,43;567,-90,-49;573,-4,-19;579,-14,-9;589,11,17;610,-1,-6;630,44,32
rua||otila costa peres|novo eldorado|32042100|10,-1993268,-4405423;20,2,4;33,6,0;38,2,2;45,3,2;50,60,-11;57,-47,14;62,5,-5;71,9,-12;74,6,6;81,0,-7;88,13,6;93,-2,1;96,9,1;105,-7,-5;112,24,2;117,-8,-3;124,19,10;129,-15,-11;136,31,20;141,-20,-17;148,25,17;153,-18,-12;157,7,10;160,27,16;165,-23,-21;174,23,32;179,-7,-21;186,16,34;191,-11,-33;200,26,34;203,-23,-24;215,12,1;227,6,8;239,1,11;251,4,13;263,5,14;275,0,3;294,1,65;302,1,-25;304,3,10;307,3,-16;323,1,13;335,2,1;347,-5,20;359,0,6;371,-4,11;382,-82,55;383,81,-49;394,-67,51;395,54,-39;406,-78,37;415,79,-36;418,-48,37;425,34,-23;430,-77,27;465,45,-5;470,-62,10;475,51,-4;485,5,8;495,-18,-7;500,-44,4;503,36,6;515,-9,-6;521,-74,-229;539,63,231;541,-10,0
rua||ouro preto|agua branca|32055050|121,-1992558,-4403003;126,3,4;127,8,-11;139,10,-7;142,1,8;144,-11,-11;151,21,1;156,9,-1;163,-1,1;165,17,-14;168,-14,11;175,8,-7;180,7,11;192,6,-8;199,3,-8;204,8,4;211,2,-9;216,11,6;223,1,-10;228,10,5;233,3,-8;240,5,0;243,18,-11;252,-2,9;253,-10,-1;264,15,2;276,12,-5
rua||ouro preto|contagem|32371410|122,-1990856,-4409267;190,-3,-14;192,-4,-17
rua||ouro preto|estaleiro|32371410|200,-1981342,-4411037;999,310,132;1200,-139,5
rua||ouro preto|icaivera|32055050|56,-1985839,-4414856;58,11,-5;68,-38,16;80,-5,6;81,-7,10;91,33,-5;92,-37,-7;101,39,11;104,-62,-20;105,71,4;116,-74,-2;128,-8,15;140,-16,3;152,-12,4;155,6,5;157,-10,-1;181,84,-20;207,44,-16
rua||ouro preto|santa luzia|32017450|78,-1990846,-4409252;84,33,49;88,-19,-23;97,1,-7;98,3,12;111,3,8;127,1,8;129,1,-1
rua||ouro preto|santa luzia|32055050|68,-1990803,-4409158;145,3,4;149,-7,-12;200,14,24
rua||paineiras|chacara contagem|32310380|13,-1991853,-4410242;19,24,77;27,-4,-7;28,1,-6;29,-7,-5;32,3,-14;40,-3,6;48,-9,-14;58,-7,-10;68,14,18;69,-19,-12
rua||paineiras|colonial|32044070|107,-1990509,-4410708;113,66,-29;115,-3,0;117,-40,31;119,14,-6;121,-17,4;123,-9,7;125,-7,-5;129,-16,2;131,-5,-5;133,-15,-12;135,-3,0
rua||paineiras|colonial|32310380|30,-1990558,-4410735;68,16,8;70,2,5;72,22,7;75,4,3;76,6,7;78,8,3;80,-88,-51;86,462,-7;88,-294,12;89,-68,38;90,347,-51;92,-13,-2;94,-20,6;96,-16,-5;100,-265,28;102,264,-26;104,30,2;108,26,-2;122,-297,10;124,-32,-41;130,22,50;150,175,-14;152,3,1;153,14,0;155,76,-11;157,3,1;159,-9,-1;160,-168,9;162,77,2;164,-71,2;165,156,-10;167,-19,-2;168,-127,10;177,131,-9;180,-105,8;186,-1,1;188,94,-10;200,-14,1;227,-19,3;229,-32,0;231,5,-4;233,-25,1;300,212,3;328,38,5;336,-19,-20;338,24,11;348,21,-2;358,1,-4;370,-315,0;375,10,-23;380,-21,20;390,-3,13;440,-33,-83;582,268,78;600,13,-2;602,-15,6;608,-30,-6;650,58,-1;680,31,-6;700,31,-2;710,-4,-78;714,31,78
rua||paineiras|eldorado|32240640|2,-1994123,-4402811;8,11,-5;11,-18,1;13,4,8;30,28,-20;39,-14,2;41,3,-9;42,18,-1;45,-6,1;49,11,-5;54,3,-2;61,8,-16;66,-6,13;73,8,-9;78,8,1;80,-4,4;85,1,-22;88,3,13;90,8,-11;97,3,-7;102,-1,8;109,6,-19;114,2,6;121,3,-20;126,9,7;133,-3,-12;138,12,7;145,-4,-12;150,2,15;162,10,-26;169,3,1;174,-12,8;181,19,-20;186,4,-8;198,1,-5;223,23,-18;235,8,-13;238,-10,-2;247,17,-4;250,-9,4;261,11,-13;262,-1,7;273,16,-12;274,-13,6;285,11,-19;286,0,6;297,8,-21;298,-6,10;309,11,-12;314,-8,3;321,17,-13;322,4,12;333,-2,-20;344,1,3;345,9,-24;348,5,11;360,25,-4;361,-20,-11;372,8,-3;373,-9,-6;384,25,-7;385,-24,-9;396,26,2;397,-5,-10;408,12,9;409,6,-21;420,-1,6;421,-6,-4;432,12,-16;433,0,19;444,9,-20;445,-4,-8;449,4,8;457,9,-25;458,1,12;470,4,-5;473,4,0;482,-1,-13;489,-3,0;494,13,-6;501,-8,-14;506,18,6;513,-4,-12;518,16,6;525,-8,-15;527,0,-19;530,-4,24;540,1,-12;542,9,-6;549,-7,-14;554,5,10;561,11,-22;572,-6,12;573,6,-16;585,-1,-15;599,2,3
rua||paineiras|eldorado|32310380|1019,-1993709,-4403410;1027,-19,-8;1030,-5,-13;1038,-9,-24;1047,5,28;1050,6,-2;1059,-7,-18;1071,-2,-1;1083,-10,-26;1095,-1,-4;1107,-4,-10;1117,-297,-343;1119,297,338;1127,-296,-330;1131,290,313;1135,-296,-332;1143,288,331;1153,-292,-351;1155,293,334;1165,-294,-341;1167,284,335;1181,-3,-23;1187,-287,-263;1191,7,-97;1195,272,365;1217,-17,-29;1231,-12,0;1243,9,-10;1255,-10,-17;1267,-7,-2;1279,-2,-10;1291,-10,-16;1300,35,32;1303,-41,-42;1319,-9,-6;1327,-6,-12;1355,-5,-25;1360,-38,-46;1375,16,27;1389,-3,6;1401,-11,-38;1413,-4,10;1421,4,-10;1443,-25,-9;1444,6,1;1448,-11,-8;1460,-10,2;1461,15,-4;1474,14,14;1481,-45,-20;1499,-22,-9;1500,-37,-22;1521,29,34;1537,-19,-12;1722,-58,-162;1751,4,-29;1761,4,-12;1781,-2,-12;1791,8,-3;1801,2,-3;1811,5,-4;1831,12,-11;1839,3,2;1847,20,-3;1851,9,3;1871,5,2;1881,7,3;1889,7,8;1899,3,20;1911,-8,-27;1921,2,39;1931,15,6;1947,-8,22;1959,5,10;1965,0,4;1971,10,25;1983,-3,-6;1993,3,12;2005,13,12;2010,44,49;2017,-37,-38;2022,51,56;2029,-43,-44;2030,-22,-24;2034,70,69;2039,-47,-44;2042,-14,-15;2051,59,55;2052,10,16;2053,-43,-43;2054,-22,-24;2062,73,77;2063,-44,-46;2064,-20,-13;2068,-3,3;2070,3,5;2072,84,50;2074,-76,-55;2075,21,19;2083,5,1;2086,-16,-15;2098,4,12;2099,64,41;2100,14,1;2111,20,12;2124,-11,-1;2128,8,2;2132,11,4;2146,10,11;2164,9,10;2170,7,5;2171,-48,-39;2181,14,7;2182,38,62;2191,-33,-51;2201,6,7;2223,7,7;2228,92,91;2235,-79,-94;2247,0,9;2257,6,5;2269,2,9;2288,65,72;2295,-40,-48;2308,5,17;2309,-1,-8;2312,45,61;2319,-40,-62;2320,24,32;2324,30,26;2328,-42,-27;2329,-8,-15;2330,2,9;2334,56,23;2339,87,-71;2341,-130,47;2346,50,19;2349,51,-19;2351,-94,9;2358,58,22;2369,-42,-15;2374,52,14;2376,18,-6;2377,-64,-5;2391,11,-2;2403,15,-1;2410,59,-19;2420,4,-4;2424,7,-13;2427,-48,37;2434,49,-38;2440,-13,25;2444,25,-40;2454,-3,-1;2466,14,-16;2478,6,7;2490,10,-21
rua||paineiras|jardim laguna|32310380|2,-1989160,-4403192;10,-5,4;28,-8,-36;29,-19,13;40,-5,-13;41,14,3;52,-21,-3;53,2,-4;64,-11,-4;75,8,4;76,-16,-6;83,1,5;87,-1,4;88,-10,-26;99,8,14;100,-10,-15;111,-14,12;112,-1,-22;113,-16,21;119,-2,-7;124,8,-6;129,-35,-12;130,5,-5;136,14,18;152,-14,-9;160,0,-10;163,0,10
rua||paineiras|novo recanto|32310380|4,-1985998,-4402819;8,128,25;15,-57,13;27,-67,-41;28,25,6;45,15,-6;73,-25,5;74,16,-3;76,27,6;77,0,0;78,2,0;79,12,9;80,-14,-9;85,-49,-4
rua||pains|bernardo monteiro|32044300|20,-1993292,-4408770;25,-12,18;30,13,-6;35,-6,-7;45,0,-12
rua||pains|campo alto|32044300|12,-1991620,-4412212;64,14,79;80,-5,-9;136,11,34;146,-10,13;156,-8,12;166,-3,4;212,-15,15;213,-42,27;224,18,-10;236,-20,-5;239,2,14;243,-2,-3;249,-1,3;261,-10,-5;262,0,-8;271,-8,2;272,4,-2;282,-8,-3;283,-2,-3;284,1,0;286,-11,-3;292,4,-2;294,-1,-2;295,-7,4;298,5,-4;302,-11,1;306,-1,-7;309,0,11;311,3,-4;312,-6,-1;313,-5,4;322,1,-10;327,-3,1;329,-11,-8;332,9,11;336,-9,-11;338,-4,-3;340,1,-1;342,0,0;343,-2,2;354,-11,-7
rua||pains|colorado|32044300|38,-1991192,-4403613;46,5,14;54,-5,12;56,2,3;58,3,23;220,6,-46;439,-6,22;680,7,-29
rua||pains|parque turistas|32110620|18,-1987818,-4401588;31,3,1;33,-39,-131;35,45,121;46,8,-6;61,-47,-90;99,38,91;100,-2,-24;111,-2,16;112,-2,-20;120,-2,-5;122,2,-5;123,-3,19;133,-6,-41;135,4,21;137,1,-5;139,-9,-12;143,-7,-7;153,-10,-38;157,-8,-15;161,-5,-16;173,-3,-11;196,23,25
rua||paiva|novo eldorado|32017140|28,-1993282,-4405903;43,-1,-7;52,-16,176;81,4,-38;85,-2,-15;128,8,-83;178,-2,23;543,-9,131;583,-2,10;605,9,-66;743,-21,-34
rua||paiva|parque turistas|32341520|27,-1987863,-4401551;28,0,-25;36,-9,-8;48,9,-8;49,-9,19;55,-3,-18;59,-1,-6;64,2,-1;68,-2,-29;69,-14,13;76,12,7;80,-6,-36;85,-9,23;91,3,-13;95,0,5;103,-4,-11
rua||paje|vila panama|32310475|108,-1992188,-4409297;110,-4,-13;115,-11,-10;117,2,9;119,-6,-11;121,-8,-9
rua||palermo|europa|32341290|13,-1990110,-4408415;20,-2,-14;21,-4,5;26,8,-5;30,-27,-9;36,5,9;43,-11,-9;48,6,3;49,-6,-3;55,1,1;58,1,-5;62,5,-9;65,-13,11;67,-8,-5;74,2,-3;77,-9,-6;86,9,-16;90,-31,12;97,-2,-2;100,24,7;113,-28,-17;120,-3,-1;125,-2,0;127,-10,-6;130,5,2;131,-4,-7;134,0,5;140,-4,-4;142,0,-5;143,-9,2;146,8,-4;148,-5,3;156,-9,-5;163,-8,-6;168,0,-3;173,-9,-2;183,-10,-4;185,-1,-1;188,10,6;194,-3,-2;197,-4,1;206,-11,-11;218,1,-4;230,-15,0;242,-9,-12
rua||palermo|santa cruz industrial|32043012|20,-1994146,-4405132;28,-6,-8;31,-16,-17;37,-7,9;40,7,2;43,-12,-8;52,-5,-1;55,-6,-8;67,-2,0;76,-9,3;79,-5,-6;88,-6,-6;91,6,-3;95,-11,0;100,2,4;105,-12,-13;112,14,14;115,-23,-22;124,6,9;129,-13,-13;136,4,-4;139,-11,-3;148,4,3;151,-10,-3;160,2,-4;163,-17,-1;165,-8,-1;170,14,-1;175,-20,-8;182,10,-3;187,-16,-1;194,2,-6;199,-15,0;206,11,-6;211,-12,-8;253,-35,-19;273,-23,-2;280,13,-20;285,-17,13;297,-7,-6;306,7,-5;309,-23,-8;318,18,-5;321,-27,2;330,8,-8;333,-4,-5;342,-7,-4;343,0,2;345,-5,4;352,-5,-10;360,-8,-1;365,7,-14
rua||palmares|chacaras del rey|32062225|15,-1982959,-4412371;17,28,12;19,43,10;25,-244,-94;30,143,57;34,-103,-156;36,149,178;38,34,14;54,-98,-148;55,20,4;72,44,8;5000,-307,7;5002,-10,-2
rua||palmares|industrial sao luiz|32062225|19,-1992830,-4412581;31,-3,-7;55,4,-21;60,-8,-9;62,-12,-28;67,-1,22;78,9,-4;79,-6,-5;91,0,2
rua||palmeiras|arcadia|32145612|15,-1991270,-4407922;25,3,-22;30,5,-3;41,-6,-9;52,4,-13;54,6,-7;55,-9,1;66,8,-9;69,-9,-2;93,9,-14;102,5,-12;111,-13,-14;114,9,2;138,13,-28;143,-16,-8;150,17,0;157,-18,47;162,20,-51;170,2,-24;185,3,-32;190,-2,16;191,4,-11;195,-7,13;201,0,9;211,-3,6
rua||palmeiras|colonial|32041340|18,-1989567,-4409336;32,-9,-23;60,-8,-28;76,-4,-6;114,-43,-85;133,11,44;137,-3,-18;141,-3,-11;151,-2,-10;157,-8,-9;162,5,-44;163,-8,34;175,-6,-10;185,-5,-5;197,-2,-29;211,-5,-4;225,-7,-15;234,19,11;250,4,-3;256,6,-8;280,-19,-22;291,-59,-90;328,35,42;337,-6,0;340,-1,-2;359,-13,-13;360,14,3;380,-6,-25;390,-6,-16;408,-12,-31;412,-2,0;415,-3,11;437,-11,-24;455,10,-11;461,-12,-6;470,8,-4;475,-18,-12;496,11,-3;500,-2,-7;535,-27,-40;560,-12,-35;600,8,-21;608,-5,-9;632,-8,-12;640,-1,-8;646,-2,-11;674,-26,-53;690,-5,-7;716,4,-5;748,-7,-20;750,6,4;760,-8,-15;774,-5,-8;780,19,61;790,9,18;794,-32,-93;796,-3,-8;800,-8,-21;820,4,-3;830,-10,-4;850,-8,-85;960,-32,-32;968,15,-78;984,-31,42;994,1,-2;1004,-7,-18;1026,-3,-8;1108,-24,-76;1110,-8,-26;1113,-22,26;1117,-1,2;1119,14,-10;1125,-13,-12;1139,-11,-22;1140,18,3;1156,0,-12;1165,-17,8;1180,8,-25;1185,-18,-2;1200,10,-36;1213,-18,24;1214,11,-23;1229,-6,-4;1230,3,-15;1238,-8,-20;1243,-2,30;1245,-17,4;1246,15,-34;1250,-2,3;1255,-8,15;1290,-4,-66;1298,-2,3;1325,-16,-4;1331,-5,-9;1338,16,-12;1339,-17,-1;1342,11,-20;1354,-17,0;1355,-2,2;1367,-4,-15;1379,-1,-8;1383,-4,-15;1395,-3,-8;1420,11,-11;1445,-20,-3;1450,13,-3;1455,-21,-15;1464,19,4;1467,-24,-13;1486,11,-12;1487,-22,-22;1505,-8,-6;1515,-5,-9;1525,4,-15;1527,-5,-5;1528,21,-1;1530,-4,-11;1532,-9,-6;1545,-13,7;1570,11,-16;1573,-18,-8;1574,14,-3;1585,-2,-9;1600,3,-6
rua||palmeiras|estaleiro|32050361|4,-1982818,-4414325;10,-3,-13;12,-1,-9;16,-32,-298;19,21,302;21,0,-26;24,11,11;30,-4,-3;31,-10,-21;32,10,17;40,-4,-16;41,-8,-10;43,4,-13;81,-5,-13;85,2,-10;87,-3,2;89,14,-3;91,-9,-9;101,3,-5;111,-5,-4;121,4,-17;122,-10,5;131,3,-13;141,-4,-7;151,-1,-11;161,-5,-4;171,3,-15;181,-10,-15;187,0,-3;191,0,2;201,-2,-4;203,3,-5;211,12,-14;213,-11,4;215,10,4;221,-9,-14;225,0,-2;231,-1,-18;235,8,-8;241,-4,-16;251,4,-18;270,-10,-74;271,5,55;329,2,-44;332,-2,0;333,1,-28;341,-2,70;351,-4,-59;361,1,-5
rua||palmeiras|estaleiro|32050364|60,-1982837,-4414414;70,1,-11;80,-2,-18;90,9,-12;100,-2,-9;110,-6,-10;120,-4,-9;130,-2,-6;136,-1,-9;140,-7,-5;160,-7,-87;169,15,38;170,-14,8;174,16,-11;180,-9,-20;190,4,-6;210,0,-22;220,-1,-18;222,4,14;230,20,-5;232,4,5;250,-27,-66;260,-2,2;270,-6,-19
rua||palmeiras|nascentes imperiais|32065220|61,-1990821,-4412296;72,-23,-11;73,62,44;82,-22,-19;97,22,14;101,-18,-9;107,2,2;121,-27,-21;133,43,33;145,4,-4;147,-46,-32;409,43,40
rua||palmeiras|nascentes imperiais|32065222|96,-1990801,-4412236;120,-23,31;136,33,-47;144,-42,65;156,-11,7;157,34,-34;168,-38,34;169,15,-11;180,-19,18;181,6,-5;192,-19,15;193,13,-7;200,-9,9;203,9,-7
rua||palmeiras|retiro|32050370|11,-1983308,-4415468;15,-7,8;19,-5,12;23,-10,4;29,-2,18;41,-13,8;51,-1,16;63,-24,27;64,10,-9;65,4,5;71,-24,14;77,3,-6;83,-20,7;93,-10,12;95,-7,11;101,-5,-2;107,-33,-17
rua||palmeiras|tijuca|32041340|18,-1985741,-4401374;28,-1,14;30,-27,51;36,9,-29;50,7,-14;71,12,21;73,-18,-3;75,4,-12;77,-6,18;80,-9,2;83,3,9;100,-10,-1;107,-5,22;110,-6,-8;122,-12,10;134,-1,16
rua||palmeira|parque maracana|32042570|35,-1989500,-4407490;40,15,-20;45,-22,29;46,-126,101;50,1,15;60,-20,-2;70,-9,7;80,130,-105;85,-131,117;94,113,-108;99,28,-19;129,-18,21;130,-21,12;131,-10,16;135,33,46;137,-54,-30;147,-15,14;160,33,-39;165,-169,155;167,-6,8;170,171,-157;175,-167,204;180,111,-166;190,-38,52;195,-116,88;200,99,-87;209,-121,113;221,-9,12;235,145,-127;239,29,-28;243,-190,194;250,139,-157;253,-148,145;309,157,-145;345,-21,24;350,-12,-8;352,6,-2;355,-11,25;356,8,-23;365,3,11;375,1,1;427,9,-24
rua||palmeira|sapucaias iii|32042570|9,-1992466,-4413242;10,16,-22;23,-13,5;33,7,-4;49,0,-7;51,-4,-17;61,9,-15;66,1,30;68,0,-13;71,-4,-24;76,15,12;86,-11,-29;87,9,8;88,3,4;91,-16,-11;94,-8,7;99,11,-3;104,7,1;108,-11,-10;109,-2,-1;114,9,-3;118,-1,9;119,-11,-16;124,-2,-1;128,1,0;136,6,-9;147,-5,-28;150,10,14;151,-12,-25;155,10,37;156,1,-30;158,1,6;165,8,-10;166,-7,-10;169,9,13;171,-15,6;175,3,-3;181,9,-17;190,-17,-20;191,5,6;194,6,2;199,-1,-12;201,-8,2;204,-11,20;211,13,-20;214,5,28;216,8,-48;219,-42,6;224,31,-4;228,4,-4;231,-4,16;232,2,-19;236,-3,-1;244,0,24
rua||palmeirinha|estaleiro|32050364|6,-1982826,-4414590;10,0,0;20,12,7;30,8,2;40,7,9;50,8,4;60,16,15;70,-14,-14;80,-6,-33;90,-25,16;92,17,4;110,-18,-10;120,-4,0;130,-14,99;210,-3,-102
rua||palmeirinha|industrial|32215250|41,-1997914,-4404118;51,12,6;62,11,31;63,-3,-17;75,4,11;87,7,6;94,8,7;99,-4,4;106,7,12;117,-3,-8;118,12,16;129,0,-4;130,9,11;133,-5,-5;142,16,16;153,-5,-3;154,-3,14;160,36,15;165,-27,-22;181,10,12;200,280,345;280,-216,-258;326,26,34;336,-18,-21;348,-2,0;350,6,-2;368,79,100;380,0,-5;384,-22,-27;385,-62,-77;387,59,72;389,-5,-9;392,0,7;394,14,30;395,-79,-109;398,3,-3;399,81,89;404,-9,11;411,8,0;413,-73,-86;415,-3,-10;419,9,17;421,-8,-3;427,15,8;429,-1,-1;431,80,96;433,-72,-90;436,74,102;437,-76,-98;439,5,7;440,1,-1;441,4,4;443,69,81;444,-120,-143;446,14,3;447,43,61;448,62,94;451,-66,-88;455,44,53;460,36,37;467,4,2;475,-5,15;510,38,32;515,-61,-89;522,62,96;531,-12,-24;536,21,34;543,-11,-20;555,11,10;564,9,20;567,-4,-14;576,13,21;583,-11,-18;585,2,9;587,11,5;588,-3,11;589,10,-2;600,-6,16;601,16,-3;612,-8,13;613,3,-10;620,8,13;624,3,5;636,3,23;648,1,16;655,-228,-325;660,243,307;665,-248,-308;668,-12,-18;670,1,-8;672,276,346;697,0,9;701,-5,-12;713,12,19;717,11,10;725,11,5;728,-3,-14;729,0,19;740,6,-3;741,1,7;750,6,2;753,-2,10;754,6,-7;764,-10,20;765,13,-8;776,0,11;777,5,-2;784,7,13;786,-3,-3;789,9,4;794,7,23;802,2,-11;813,17,13;814,-15,-3;825,6,8;826,8,-1;827,34,46;838,-29,-30;849,-3,-12;850,8,17;861,-2,-6;862,0,16;873,12,-7;874,-24,-15;885,31,22;886,3,23;891,16,-5;898,-17,11;910,-64,-71
rua||panama|estaleiro|32050397|80,-1982710,-4414460;92,-3,2;102,-5,2;104,-16,2;114,-25,-11;122,25,9;144,-34,-4
rua||panama|nova contagem|32050397|67,-1982711,-4414460;68,-20,10;69,-7,-1;94,-10,2
rua||panama|novo boa vista|32145330|19,-1988017,-4404814;35,-27,-13;37,22,3;45,-12,-4;48,-1,10;54,-3,-12;60,-12,-7;65,27,17;72,-40,-24;82,-7,-6
rua||panorama|contagem|32140645|414,-1991463,-4407110;464,1,51;490,3,22;501,2,72;507,164,121;513,-164,-134;520,-9,-20;525,6,18;535,137,138;537,-136,-154;544,-7,29;549,0,-36;561,0,-15;567,105,165;571,-103,-173;573,-11,-3;579,75,153;585,-74,-162;591,103,180;597,-100,-193;602,53,139;604,52,44;605,-9,3;612,4,-3;615,-40,-33;618,17,28;619,5,6;640,-2,-25;644,-7,-4;650,-44,-63;653,30,66;665,-5,-11;677,-10,-13;680,-2,-35;683,29,62;686,-22,-24;688,-19,-32;689,7,28;696,8,-28;700,-2,10;705,-12,8;717,-7,-15;762,-5,-41;794,-3,-30;828,-9,-41;844,1,-4;925,8,-75;933,1,-9;935,-1,-35;945,-16,-50;949,11,151;959,14,-218;963,14,121;995,2,-5;1043,7,-11;1055,1,-22;1067,20,-12;1079,1,-4;1083,146,-174;1091,-134,163;1103,8,-12;1111,11,-20;1133,44,-46;1150,-11,18;1151,-18,12;1178,39,-39;1179,10,-16;1190,21,-22;1192,-22,30;1195,11,-30;1200,16,-4;1201,-13,-3;1204,-9,25;1207,-36,43;1210,59,-65;1231,-10,-6;1237,18,-24;1241,-9,13;1246,4,4;1271,17,-26;1280,2,2;1293,-203,288
rua||panorama|tres barras|32140645|8,-1991083,-4407246;15,3,-6;19,-2,9;21,-4,11;22,-5,-4;27,2,6;29,-6,7;39,0,11;44,0,-10;51,-5,18;60,-3,-10;63,0,19;68,3,2;76,-8,-7;82,-8,30;87,8,-8;99,-4,7;112,-27,23;113,28,-18;118,-7,10;125,2,6;130,-7,-1;134,-4,9;138,6,4;147,3,9;157,-9,9;161,-1,4;169,5,9;195,-18,29;215,-5,12;227,-3,8;239,-3,12;251,-6,13;258,-5,-7;263,0,14;270,-7,-6;274,-5,8;275,6,13;278,-6,-10;299,4,23;310,-4,4;327,-12,23;330,0,-5;334,-1,8;338,8,-2;344,-4,0;345,-12,24;350,19,-53;355,-27,65;356,9,-10;368,-5,8;369,-53,72;371,57,-67;376,-11,9;380,-1,10;381,-56,54;383,60,-63;388,-12,13;395,6,5;396,-14,11;403,8,-7;419,0,9;445,-21,14;455,-228,-232;474,200,245;496,-21,9;500,-168,-275;526,150,279;550,-23,-5;936,-117,-298;960,9,-11;964,2,-12;970,-2,24;974,9,-36;1000,6,-7;1020,-6,-3;1076,13,-6;1090,3,-16;1100,39,-28;1104,-23,26;1122,10,-17;1132,1,-6
rua||papagaios|beija flor|32341570|18,-1992549,-4412489;21,25,2;42,-39,-18;62,-5,-9;71,-6,-13;72,0,4;82,21,30
rua||papagaios|cinco|32341570|85,-1992992,-4406184;250,136,-130;351,22,-71
rua||parafina|europa|32043008|15,-1990239,-4408331;18,7,8;30,1,-5;31,-11,-8;49,-3,-14;50,9,-3;60,-4,-13;73,-9,-14;91,-7,-13;92,6,1;117,-7,-26;129,-8,-11;141,-3,-10;155,1,-9;170,2,19;179,-14,-31;189,-3,-15;193,-4,-1;220,4,-28
rua||parafina|petrolandia|32043008|8,-1992703,-4411967;19,-6,6;20,3,-6;30,-27,-13;31,13,13;40,-23,-16;43,15,11;50,-15,-18;55,9,12;57,2,0;59,-68,-55;60,44,35;64,-40,-23;65,47,40;67,8,6;69,-9,-10;70,-43,-41;160,-64,-64;162,-7,-9;168,-34,-43;174,2,11;176,-2,-6;234,52,49
rua||paraguai|industrial|32145350|89,-1997234,-4403281;149,43,-2;192,-12,0;735,-11,3;822,65,-12;842,14,1
rua||paraguai|jardim do lago|32145350|33,-1988120,-4404802;45,-6,3;59,-9,1;71,2,0;82,-221,-2;83,196,25;95,-10,-11;99,-16,-12;103,0,0;115,-8,-3;131,-6,3;143,-9,3;147,-9,-4;157,-17,-2;179,-15,1;189,-1,1;233,-42,6;241,-4,-2;253,-17,-3;259,-10,1;299,-28,5;357,17,-5;397,-36,3
rua||paraguai|novo boa vista|32145350|2,-1988130,-4404999;3,2,4;4,-1,0;5,-6,-6;12,37,187;22,-9,-11;32,-4,12;44,-3,-16;56,-16,18;65,-150,6;68,133,-5;80,-9,-2;92,-3,-2;104,-20,5;107,144,-174;112,-144,169;116,-14,3;127,142,-184;128,-140,191;129,146,-194;133,-20,4;135,-5,0;136,-136,179;137,127,-183;139,-3,4;141,-8,-11;142,1,2;143,-9,1;144,2,4;145,-6,-1;146,0,1;147,-3,-5;148,-1,6;149,-8,5;150,2,-9;151,-13,7;152,-45,91;153,47,-95;156,30,0;164,-132,190;180,-17,4;200,-34,1;244,-33,-13;256,-15,15;258,3,0;268,-12,0;280,-15,6;292,0,-1;304,-11,1;322,-17,0;336,-5,-1;348,-6,2
rua||paraguai|novo boa vista|32315160|52,-1987973,-4404932;64,-2,-6;76,-13,-7;77,-6,-8;88,-2,3;89,5,5;96,-9,-11;99,-9,8;100,11,-11;108,-16,-9;109,6,-2;111,-13,1;116,5,2;118,-6,-11;124,2,5;125,-15,0;131,6,1
rua||paraguai|parque industrial|32145350|68,-1997267,-4403266;169,77,-8;181,-17,-13;194,11,-11;269,107,-7;665,47,-3;692,-220,37;704,-12,3;712,42,-4;724,4,-5;733,-63,18;736,73,-49;745,-48,42;746,-4,-7;747,3,-1;748,56,-10;784,35,8;796,28,-17;807,95,-11;808,-110,12;820,20,-2;830,33,-12;844,-21,10;850,18,-12;859,-19,13;871,41,-2;873,3,-7;892,25,-4;895,-6,12;1143,-237,29
rua||paragua|buganville ii|32056010|4,-1985493,-4415007;6,2,8;8,13,5;10,9,2;12,11,7;14,13,2;18,22,-8;20,9,-1;77,-3,-10;79,-12,4;102,22,2;114,15,-4;115,-12,-6;126,22,2
rua||paragua|jardim riacho|32110630|30,-1997095,-4405486;38,14,-23;40,-7,9;50,2,9;56,-12,11;90,-13,10;96,-3,7;100,-11,16;120,-3,4;138,-7,23;140,8,-5;150,10,-5;160,6,-9;190,15,-35;200,9,-2;210,7,-20
rua||paragua|portal do sol|32183784|47,-1987008,-4403703;95,-34,38;119,-16,12;155,-30,17;167,-9,-3;179,-13,4;237,-56,1;249,-9,-3;295,183,-348;327,-249,305;351,-2,-17;375,-6,-23;399,1,-20;483,34,77;608,115,-212;632,3,-7;656,12,-30;668,8,-7;680,0,-16;720,13,-32;734,6,-5
rua||paragua|portal do sol|32183830|72,-1987031,-4403683;132,-39,30;148,-20,9;396,-151,-94;554,100,-88
rua||paraiba|petrolandia|32340380|8,-1993290,-4411240;9,1,4;10,6,5;21,-6,-9;60,113,199;65,-104,-181;72,3,4;75,-3,5;82,7,6;84,2,-1;89,11,18;96,8,23;101,18,24;115,-7,-12;120,-2,-2;121,37,67;129,-26,-48;144,16,30;147,-13,-31;155,3,12;167,9,9;179,4,11;191,5,8;203,16,22;219,6,1;225,-4,9;233,8,-1;234,-16,-13;237,28,16;258,-10,19;261,6,12;264,-20,-38;270,19,32;271,2,2;273,0,-37;279,7,46;295,-8,-5;305,0,-8
rua||paraiso|novo progresso|32310190|19,-1990088,-4402751;20,2,-11;23,-2,6;32,0,-12;33,-9,-8;35,0,0;42,4,22;44,6,-20;47,-6,-11;56,-1,-9;59,-8,0;68,4,-13;71,-6,6;92,2,-13
rua||paraju|colonial|32044210|14,-1989702,-4409994;136,-44,-30;150,-16,-17;168,-10,-14;188,-9,-7;228,-46,-50
rua||paraju|colonial|32180040|5,-1989692,-4409959;9,-5,-5;15,-193,-206;49,56,64;75,118,116;103,-21,-15;115,-20,-11;125,16,2;135,-14,-17;145,-7,2;169,-19,-18;171,-5,-9;177,-2,2;183,-4,-6;195,-10,-14;340,-215,-232;358,-4,-2;360,15,18;366,-14,-17;404,-12,-14
rua||paraju|nascentes imperiais|32065230|12,-1990771,-4412217;26,9,0;36,14,13;48,2,0;58,18,11
rua||paraju|sapucaias iii|32180040|15,-1992555,-4413171;25,3,-14;27,4,-8;33,-2,-3;37,-3,-4;49,-2,-10;55,-3,1;57,7,-4;58,7,-7;69,-7,-12;79,-4,-4;81,5,-1;89,-6,-14;99,1,-9;109,-1,-7;110,12,19;118,-4,-35;119,-4,4;128,5,-9;129,-8,1;130,1,25;138,12,-32;139,-13,0;148,8,-8;149,-9,-9;150,12,-1;158,-2,-8;159,-4,5;166,-11,-16;168,17,-28;169,-8,28;178,3,-11;179,1,6;184,-3,-1;188,9,3;189,-12,-12;198,6,-6;243,3,-142;254,0,87;255,-13,0;263,14,-101;264,-3,94;269,-8,33;273,0,-31;274,10,-6;275,-12,12;277,7,-100;285,-1,82;294,8,-16;295,-11,-2;310,12,-7;314,-1,-29;316,-3,-10;317,-10,29;324,14,-14;333,-9,-11;354,8,-19;362,-1,-2;366,6,-7;373,-4,-2;374,4,-8;383,-12,-3;384,8,-6;393,-10,-8;394,9,0;395,-7,-4;403,3,-5;405,-1,-10;413,1,0;417,-1,0;423,0,-17;433,0,-3;445,4,-24;453,1,-9;477,-6,-7;483,8,-24;491,-4,1;495,1,-1;501,-6,23;505,6,-34;507,6,-1;595,2,-16;601,-64,70
rua||paraju|sapucaias ii|32044210|464,-1992539,-4413582;480,-2,-65
rua||paralela|inconfidentes|32180610|28,-1995558,-4404076;40,-10,-17;45,-8,-8;47,2,4;50,0,-7;60,-42,-89;61,26,80;65,5,-18;70,-9,-15;77,-8,42;92,12,-39;108,-10,-9;124,1,-16;128,-4,0;140,-15,-13;155,27,56;156,-25,-64;160,-7,-9;161,4,-1;163,-9,-12;168,3,5;172,1,-2;184,-12,-15;185,1,-1;192,1,1;201,-7,-10;219,-3,-22;237,-10,-12
rua||parana|petrolandia|32140760|235,-1993292,-4411127;240,-3,-5;247,2,-9;248,2,2;250,-8,14;259,12,-23;264,-5,3;271,4,-12;280,19,5;283,3,-18;295,-6,2;307,4,-12;371,17,-34
rua||parana|vila universal|32140760|338,-1993263,-4411197;340,8,-7;345,6,-18
rua||paraopeba|novo progresso|32315100|16,-1988790,-4402562;21,-8,-30;26,3,20;36,2,-9;41,-4,-22;46,4,13;51,-8,-15;56,5,1;61,-8,-13;78,-39,-134;79,31,121;88,-66,-221;90,73,240;91,-7,-25;96,1,-2;101,-7,-16;110,20,38;120,-10,-9;130,-6,-17;133,-4,-18;140,5,16;143,-8,-29;144,5,21;154,-1,-11;164,-2,-11;174,-5,-13;175,1,6;184,13,-18;185,-18,7;189,-2,-6;192,7,2;194,-2,-13;196,-24,-57;199,13,52;200,4,4;203,-5,-10;210,2,-2;220,1,-14;299,-27,-60;300,11,9;309,-12,-16;310,2,1;319,-6,-5;320,6,1;325,-2,-13;330,5,4;333,-12,-13;334,9,-6;339,-15,-3;340,6,-4;349,0,-6;369,-7,-14;379,-4,-10;389,-2,-6;419,0,-10;429,-12,-27;480,-8,-43;482,-10,-19;497,7,34;499,3,-2;500,-10,-38;501,6,22;510,-10,-30;511,2,10;520,-3,-15;521,-2,2;530,0,-11;531,-5,5;540,2,-17;541,-6,1;550,3,-9;551,-6,3;561,-3,-12;570,4,-4;571,-6,-7;580,1,-12;581,-2,7;590,2,-14;593,-7,2;594,1,-16;621,0,-12;631,-11,-7
rua||paraopeba|parque turistas|32315100|7,-1987930,-4401523;12,2,-13;19,-5,-1;20,-151,-531;22,152,523;24,-4,-11;25,2,18;29,-4,0;30,-16,-135;40,-130,-392;46,2,5;49,143,492;50,-115,-467;56,109,432;59,2,24;60,9,9;69,-13,-17;70,2,-21;71,-6,4;72,1,-16;80,10,34;85,-113,-458;89,99,435;98,-91,-421;99,98,410;105,-86,-402;109,78,398;128,-74,-397;130,76,385;140,-39,-333;142,-4,1;143,59,194;146,-48,-211;147,4,5;154,-6,20;159,9,6;166,-5,10;171,0,-10;177,48,170;188,-1,17;199,-6,1;219,-36,-175;231,24,44;243,-16,-22;249,6,18;255,1,5;261,-3,2;279,8,4;283,1,12;294,-17,-37;295,14,27;300,-4,-6;304,-114,-180;306,114,180;315,11,24;319,5,22;331,6,11;332,-12,-11;337,12,17;342,0,-4;343,3,5;350,2,57;370,-6,6;390,-3,16;413,-8,61;424,-68,-331;425,68,317;438,-12,20;486,-2,20;504,-3,-2;535,-143,-426
rua||parati|estrela dalva|32150130|15,-1986090,-4402705
rua||parati|novo recanto|32150130|23,-1986020,-4402828;24,-4,-13;25,-2,16;26,-6,19
rua||parati|sao mateus|32150130|6,-1986074,-4402734;7,-3,8;33,92,-285;34,-1,8;35,1,-2;37,-6,9;40,-56,214;41,3,-3;44,66,-231
rua||parati|sao mateus|32180680|1,-1986075,-4402722;2,0,-11;3,1,15;4,2,-18;5,9,-11;16,16,-122;17,24,-5;18,1,36;19,3,-4;21,-12,-11;29,5,20;39,0,19;45,-9,21;47,-9,14;50,19,-116;60,8,12;74,-38,103;304,-16,37;506,48,-156;658,18,-37;674,3,-6;684,10,-26;685,-15,32;686,15,-20;688,0,4;689,-12,7
rua||particular|estaleiro|32399899|6,-1982439,-4413900
rua||particular|estancias imperiais|32070010|1437,-1990475,-4411754;1487,-11,26
rua||passos|canada|32040220|19,-1992891,-4409451;115,50,-54;130,7,-7;151,-38,43;163,-8,7;178,82,-84;186,13,-10;188,-54,57;189,46,-59;192,17,-7;193,-10,3;194,-61,64;200,25,-21;202,45,-49;204,-49,56;215,66,-80;234,9,-3;245,20,-22;246,-20,7;249,10,20;309,-129,126;671,144,-154;675,2,6;685,-20,0;705,-9,17;745,-27,25;891,-77,92;892,-8,8;903,-10,8;919,2,4
rua||passos|santa helena|32040220|28,-1992702,-4409641;41,18,-19;56,1,-2;60,49,-44;65,299,-318;79,-17,10;82,-312,342;85,34,-47;98,-19,35;105,32,-41;120,253,-261;121,-7,-4;128,-227,248;130,214,-235;135,18,-17;138,-222,244;150,-9,-5;154,-24,23;169,6,-16;170,96,-84;176,105,-111;196,-175,178;221,-15,15;236,43,-38;237,-7,5;248,-7,13;251,10,-25;252,22,10;256,17,-24;263,-23,3;266,-108,100;284,142,-131;292,-21,7;296,28,-18;305,1,-7;309,-13,13;310,6,-2;320,-184,196;321,24,-7;325,164,-187;340,21,-22;348,-193,196;355,199,-207;360,-44,49;377,49,-55;379,166,-175;380,-164,173;384,19,-15;385,1,-4;389,-11,9;395,28,-26;405,11,-12;417,9,-12;456,-166,186;461,196,-215;468,-206,218;500,208,-205;509,19,-35;512,-16,24;535,-269,276;539,-5,-2;545,323,-331;547,-11,5;549,11,-18;580,-241,247;612,244,-241;616,7,-12;617,0,-3;625,-383,417;812,226,-237
rua||patrocinio|vila boa vista|32186410|26,-1984998,-4401339;33,-7,-6;36,-9,-7;39,21,37;41,-34,-44;43,-5,-3;45,24,12;46,-27,-20;57,12,15;90,-20,-25;93,-9,2
rua||paulo pagani|arvoredo|32113175|24,-1987692,-4402506;42,17,-20;57,59,-51;58,-51,45;59,3,-12;68,2,9;71,-2,0;77,52,-48;81,-36,37;85,25,-24;90,-11,12;96,-7,9;108,5,-9;130,30,-20;141,6,-12;151,7,-4;172,11,-4;183,6,-17;195,5,-7;200,-6,8;207,16,-17
rua||pavao|beija flor|32070650|21,-1992443,-4412525;22,5,16;31,-1,-28;32,7,8;41,-10,-16;42,-3,8;62,13,-19;71,-13,-7;72,11,2;77,-6,-11;82,3,-2;85,4,-22;92,1,3
rua||pedestre|fonte grande|32013100|15,-1992996,-4409096;20,-18,1;23,21,0;31,5,-9;38,13,6;39,0,-1;47,5,2;55,6,1;63,3,4
rua||pedestre|pedra azul|32020000|191,-1985946,-4403113;197,13,39
rua||pedralva|parque turistas|32140230|22,-1987955,-4402066;34,-2,13;96,31,58;106,-2,9;118,6,10;132,3,22;144,5,17;166,-3,-2;176,5,21;182,10,6;188,-4,-2;200,14,29;212,-3,3;226,7,-2;238,1,7;250,5,18;264,-2,9
rua||pedralva|sao joaquim|32140230|33,-1987949,-4402053;63,10,24;73,1,3;83,10,24;103,10,26;105,4,23;157,8,7;171,-3,20;203,16,25;223,7,22;233,2,2;237,3,6;243,1,8;255,6,12;271,3,11
rua||pedro pacheco|parque industrial|32140080|29,-1995017,-4401292;30,5,0;112,-16,-10
rua||pegasus|flamengo|32060537|281,-1996795,-4405712;285,-1,7;289,-1,4;297,-3,10;303,-16,17;305,-3,13;317,-5,1;319,-8,13;357,-11,18;359,-11,20;367,-13,11;375,-7,11
rua||pegasus|jardim riacho|32060537|14,-1996724,-4405918;90,-21,71;96,2,11;108,1,7;120,-7,8;132,-12,20;154,0,10;167,-4,20;177,-5,12;182,4,-7;186,-9,5;200,-15,26;246,-7,21;260,-7,25;270,67,-126;276,-77,136;290,77,-142;292,-79,146;300,-10,11;310,81,-151;314,-88,170;330,120,-179;344,-132,197;346,-8,11;348,-10,11;350,141,-250;370,-4,1;390,-1,-18;408,-159,289;410,149,-301;420,-157,312;428,7,-3;442,6,-10;590,-30,22;609,-13,6
rua||pequi|chacara contagem|32110602|4,-1991847,-4410180;14,-13,2;25,-9,8;26,7,-3;34,-4,-3;35,0,4;44,-9,1;45,11,-1;54,-17,6;55,12,-4;56,-20,13;59,4,-8;64,-11,7;65,11,-3;74,-20,7;75,12,-3;85,-12,6;86,7,-4;94,-22,13;99,9,-6;105,-11,8;107,0,0;114,-16,4;124,-12,8;134,-10,-2;135,12,4;144,-17,3;145,14,-5;154,-27,11;155,12,-4;165,-6,-2;180,-13,12;190,-3,3;200,-11,8;205,-35,26;210,23,-18;215,-9,8;220,22,-17;222,-22,16;225,-17,20;230,11,-13;235,12,-7
rua||pequi|colonial|32044080|135,-1990328,-4410554;144,4,7;152,-21,7;155,-6,-3;168,-24,-7;171,-5,-4;174,-5,0;177,-2,-7;188,-4,-1;189,0,-2;192,-5,-6;196,-3,-9;220,-6,-4;222,-3,-6;224,-76,38;380,39,-132;384,-3,10;386,2,-2;390,6,13;400,-24,-41;402,23,47;418,14,28;450,-7,-20;464,-3,-9;466,-2,-8;468,7,26;470,-12,-35;474,4,-1;475,-2,-3;476,13,48;488,-22,-65;501,-12,-17;505,6,6;610,61,131;624,-23,-37
rua||pequi|colonial|32110602|3,-1989880,-4410707;4,24,-7;5,-30,12;6,15,-16;7,-20,14;8,13,2;10,-7,-7;11,-19,7;12,-9,-7;13,-9,7;14,16,-7;15,-26,13;16,18,-8;18,-92,8;20,94,-7;21,-29,7;22,52,-14;24,-36,-6;25,36,31;26,-46,-20;28,-7,1;33,-79,37;36,28,-23;54,-10,11;57,-13,1;59,10,-3;70,-10,-8;130,-283,125;143,198,-84;145,-20,16;147,17,-3;149,-19,2;165,-169,71;172,188,-82;215,-38,18;270,-117,51;280,-23,5;284,36,-16;286,1,6;290,28,-21;292,-66,32;294,43,-18;298,16,-11;300,-74,34;301,79,-36;332,8,0;340,11,8;348,1,-10;350,-49,14;369,110,-41;376,-136,53;385,45,-18;395,72,-40
rua||pequi|jardim laguna|32110602|11,-1989269,-4403734;23,-10,4;30,-11,-38;35,11,38;47,-14,6;50,-10,2;59,0,7;66,-9,1;70,0,6;74,-10,3;78,-7,3;83,-3,9;93,4,-3;95,20,-16;107,-35,20;119,-7,1;122,-22,8;131,11,1;135,-8,10;146,-16,-1;155,10,6;158,-28,-6;167,-4,24;179,10,-7;191,-7,-1;202,-3,-11;203,-14,18;215,-8,10;220,-11,12;222,17,-5;229,-24,1;231,-4,8;242,1,-8;250,-258,147;252,251,-138;262,-13,5;272,-6,0;301,2,14;307,-29,2;309,8,7;319,-11,6;331,-8,1;343,-15,8;355,-9,5;367,-11,7;379,-11,11;391,-7,4;403,-3,1;410,-15,6;415,-3,1;427,-10,7;432,-3,2;439,-8,6;444,-11,-1;455,-4,10;469,0,1;470,-8,-8;475,0,6;485,-3,17;500,-29,-4;509,5,9;532,-15,0;536,-16,3;540,7,6;548,-12,1
rua||perimetral|bernardo monteiro|32113100|39,-1993375,-4408924;40,6,9;60,9,7;62,4,-3;70,0,4;80,12,8;81,-35,-26;91,-6,0;116,72,30;178,-84,-35;649,166,78;659,-16,0;669,-12,-6;670,25,3;689,-28,-18;694,3,10;701,-16,-5;704,8,-2;711,-8,1;716,-1,-6;721,-16,-3;728,13,0;731,-19,0;741,-10,-10;744,9,3;750,-15,-8;751,-1,1;761,-5,-3;770,-11,-7;771,0,5;780,-6,-3;790,-6,-6;817,-30,-11
rua||perobas|colonial|32044230|2,-1989694,-4409991;4,1,-10;5,-19,-29;7,-16,-34;8,24,48;10,-6,-20;17,-29,-61;18,45,114;40,-19,-57;138,-3,-8;150,-10,-22;162,-4,-13;175,-4,1;180,45,217;195,-50,-236;200,-1,-5;211,-8,-5;215,-2,-6;220,11,0;230,-10,-17;242,-4,-6;250,-2,-13
rua||perobas|colonial|32110720|223,-1989771,-4410183;294,3,-11;303,-12,-14;305,-2,-12;306,11,15;307,-11,4;311,-9,-56;323,10,35;338,-7,-5;339,0,1;352,-6,-22;355,4,5;360,-22,-75;371,4,54;380,12,-5;383,-6,-2;384,4,-4;394,-4,-11;414,-4,-8;415,-5,12;422,4,-27;427,-10,5;433,-17,-55;440,16,26;486,-12,-45;500,-4,5;520,-6,-14;533,-34,-24;550,20,-9;561,-13,-14;562,-2,6;585,-1,-19;591,-8,-2;595,-3,-15;600,13,-6;603,-13,3;604,9,-4;607,-8,-5;621,3,5;663,-7,-39;665,-10,0;679,-7,-22;680,4,-10;691,-6,-9;694,-7,-9;714,0,-11;720,-7,-6;731,6,15;734,-7,-30;737,1,13;741,-4,-17;748,1,-6;758,-26,-61;762,17,46;771,-6,-6;777,-2,-6;780,12,9;793,-9,-24;800,-4,13;807,-6,-27;812,1,7;815,-4,-8;821,-7,-11;833,-24,-23;843,-2,-55;853,-16,-6;888,45,77;915,-32,-61;932,13,26;940,2,-13;946,-3,0
rua||perobas|contagem|32110720|107,-1992027,-4405208
rua||perobas|eldorado|32110720|32,-1994562,-4403409;44,-14,-4;56,-12,-3;68,-7,-4;80,-8,0;92,-19,-9;104,-15,-7;118,-1,-14;132,-13,0;144,-7,-5;150,-6,-3;156,-2,2;168,-8,-4;180,1,-23;192,-22,2;204,-13,-12
rua||peroba|jardim laguna|32241380|15,-1989114,-4403288;19,-10,24;28,-14,16;31,7,14;42,-11,11;43,6,-5;55,-2,3;66,1,18;67,-6,-5;69,-6,8;73,6,-2;82,-10,22;85,1,-9;96,-10,21;99,5,-16;105,-4,10;110,-8,17;112,3,5;115,1,-16;120,-2,11;126,-6,7;127,-31,2;139,31,9;151,0,9;163,-1,4;169,1,20;174,-14,-8;175,4,7;176,-3,3;186,-8,6;187,10,-2;199,-11,15;200,-5,10;215,-3,11
rua||peroba|sapucaias iii|32241380|11,-1992387,-4413020;14,12,3;34,-12,7;35,5,2;38,-2,9;46,-10,7;56,-5,6
rua||perola|arvoredo|32056510|14,-1987533,-4402306;23,4,16;28,-3,-11;175,-124,166;197,-7,13;209,-3,2;248,21,-21
rua||perola|parque industrial|32230551|11,-1997492,-4403146;12,-2,3;26,7,3;30,9,-8
rua||perola|parque industrial|32230553|15,-1997508,-4403145;20,3,0;25,-1,2
rua||perola|quintas do jacuba|32065165|3,-1988826,-4411435;13,-1,18;33,-8,30;43,10,-63;63,9,-19;67,4,-18;71,47,-123;75,-56,192;78,1,-9;86,7,-35;97,8,-34;98,7,-12;103,-7,3;110,11,-20;122,6,-16;128,5,-13;134,5,-14;145,-3,2;146,7,-5;151,-3,-10;155,-46,179;157,54,-188;158,2,-1
rua||perola|santa luzia|32056510|21,-1990531,-4409318;25,-15,7;26,14,-3;33,1,-14;45,9,0;46,3,4;52,65,-74;57,-64,57;58,3,10;62,6,-8;64,1,-2;72,8,-6;75,-11,-1;80,9,-4;104,8,-5;112,0,0;113,6,-11;118,8,1;124,14,-14;128,-2,-3;137,1,-4;140,4,-4;149,0,-1;152,5,-12;165,15,-6;177,9,-12;184,-96,109;189,101,-129
rua||perola|sao joaquim|32056510|40,-1987560,-4402258;41,-10,24;42,0,-11;45,-9,16;56,1,-13;58,-13,17;91,-9,27;108,-11,12;112,-105,108;115,96,-98;117,4,-7;118,-3,3;119,-2,7;129,6,-13;139,7,-7;174,-44,57;186,-13,9;241,-22,41;246,-23,4;250,7,4;251,118,-145;252,-108,130;255,-19,36;265,4,-13;278,-15,4
rua||perola|sapucaias ii|32056510|12,-1991870,-4412966;13,-31,50;19,145,-278;23,-155,306;24,0,-5;25,48,-86;30,-44,87;40,9,-13;55,3,-7;60,0,12;65,-1,-21;69,6,-9;72,-4,9;74,0,-6;75,3,-4;84,5,-4;85,3,-6;90,26,-51;95,-21,45;104,-1,-6;105,2,-15;115,1,2;135,13,-20;136,-1,8;145,5,-18;146,-4,8;165,11,-16;170,2,-2;175,2,-12;176,3,-1;185,-4,5;186,28,-17;187,-18,3;209,7,-15;210,8,9;219,-3,-20;220,4,6;229,-1,-18;230,4,8;239,-2,-9;240,7,4;249,-2,-15;250,2,10;259,5,-20;269,4,-10;280,8,0;285,5,-13;290,-1,2;291,3,-16;295,4,-4;300,-4,11;301,8,-20;309,5,-11;310,-13,18;315,13,-13;324,-4,7;326,30,9;336,-21,-21;339,0,-7;349,2,-10;352,5,8;359,-3,-14;363,5,1;372,2,-8;373,2,-7;380,2,2;390,4,-7;392,3,-1;405,-2,-5;416,-12,31
rua||peru|eldorado|32017774|55,-1993472,-4404864;59,2,36;66,1,-52;87,-1,38;99,4,68;111,-6,-15;115,4,-8;117,-2,-3;121,-31,-112;123,28,93;137,-44,-104;151,-15,-14;161,-10,-2;185,-73,-61;231,33,37;233,-23,34;238,115,18;255,-107,-60;265,0,1;274,92,45;281,-127,-74;294,112,63;304,-22,-14;313,-72,45;341,-63,-113;344,116,87;350,-3,-14;355,-123,-71;358,104,53;369,-114,-77;370,102,77;384,-2,-9;387,-99,-61;417,-45,-24;424,131,61;431,-146,-64;436,124,64;448,-12,6;449,-123,-78;454,128,44;472,-21,15;490,-7,-20;514,-25,-5;546,-4,-7;564,-13,2;574,-16,-24;584,-14,-11;604,-23,-2;618,-17,3
rua||peru|gloria|32017774|31,-1993464,-4404720;84,5,-2;87,-11,-29;114,8,-46;134,1,-11;144,-6,-12;154,1,-22;164,1,4;174,0,-18
rua||peru|novo boa vista|32017774|51,-1988078,-4404776;58,5,20;65,-5,-48;68,5,16;71,-5,1;88,-2,-24;90,7,14;102,-3,-43;107,-3,15;115,6,-51;121,-7,38;124,-1,-26;133,-16,16
rua||pessegueiros|parque industrial|32056001|52,-1994866,-4402996;64,-10,-11;70,-9,-7;88,-11,-6;100,-7,-6;112,4,7;122,-21,-15;136,-11,-8;148,-8,-7
rua||pessegueiros|parque industrial|32210220|139,-1994896,-4403013;169,-23,-14;185,9,1;258,-33,-30
rua||petroleo|petrolandia|32340190|2,-1992845,-4411361;8,1,-14;11,-11,-16;15,0,-14;17,-25,-6;20,27,27;23,-2,-34;32,-1,-74;35,-1,59;42,9,27;47,-12,-40;50,7,38;57,-5,-48;60,24,40;66,-20,-2;67,-8,-52;70,9,33;71,-15,-38;80,12,36;83,-12,-53;90,8,39;101,-7,-72;105,-6,-10;111,7,-10;112,2,82;115,-17,-81;118,19,75;125,-20,-94;130,24,78;135,-24,-88;145,2,-9;156,6,49;164,2,-27;165,-13,-56;175,-2,-2;179,-1,-7;180,13,49;185,-14,-47;190,10,42;196,-1,-8;200,0,-6;215,-14,-78;217,4,15;220,-2,45;230,-1,-9;240,2,-23;250,-2,1;252,10,44;258,-12,-5;260,4,-54;270,-7,-20;280,4,-8;290,-3,-8;297,0,53;309,2,-18
rua||petrolina|petrolandia|32042620|37,-1993052,-4411035;49,9,-33;67,-1,-2;68,12,-24;95,0,-14;96,11,-12;97,-10,14;103,5,-9;107,4,-7;108,13,-2;110,-13,-8;114,5,-4;117,-3,5;120,11,-12;127,-1,-7;130,-23,55;132,29,-57;133,2,-18;139,0,6;144,-7,8;151,9,-16;156,5,-1
rua||petropolis|industrial sao luiz|32017260|250,-1992712,-4412926;256,-10,-6;260,22,8;338,19,16;429,68,31;430,-3,5;497,61,28;515,7,11;539,27,11
rua||petropolis|parque industrial|32017260|5,-1997368,-4403072;18,-2,-14;29,-11,8;30,-14,-1;39,-11,15;42,11,-17;53,-17,9;58,7,-8;83,-56,16;85,19,-8;87,-18,11;89,-6,0;115,4,11;119,-9,2;125,-9,2;129,-7,9;135,-4,-3;137,5,1;139,-10,1;145,-1,10;155,-6,-1;165,-3,5;175,-15,5;210,-12,27;220,-4,26;225,0,0
rua||petropolis|parque industrial|32230300|80,-1997441,-4403065;84,-14,3;90,-3,5;100,-7,5;110,-4,-1;118,-4,7;120,-11,4;130,-1,5;140,-5,4;152,-10,2;160,-5,3;170,0,6;180,-10,3;190,0,-2;196,-11,5;200,1,2;210,-4,1
rua||petroquimica|petrolandia|32115010|16,-1992841,-4410879;25,3,-18;28,3,7;40,2,-22;45,-3,-6;49,-8,8;52,11,-11;62,0,-5;71,-6,-17;82,5,-3
rua||petroquisa|petrolandia|32150390|15,-1992770,-4410868;25,4,-18;26,-7,42;32,-2,-3;37,2,-54;42,-2,44;47,-14,-76;56,14,61;60,-3,-12;64,3,9;72,2,-42;78,1,23;84,-2,-37;85,-3,8;87,2,21;90,0,-30;97,-1,-6;107,-2,40
rua||petunia|sao sebastiao|32150200|17,-1989178,-4405358;20,229,-14;23,-201,15;107,-80,0;115,257,-8;138,-76,3;267,-137,10;285,-7,-3;300,-33,1;320,207,-7;340,-253,13;347,58,-5;355,235,-18;377,-76,8;384,-193,6;385,86,0;397,52,-6;502,-43,6
rua||piata|sao mateus|32180650|36,-1986221,-4402963;208,120,30;226,-35,-13;228,48,20;238,11,0;280,-33,-28;301,14,18;302,-5,2;303,16,6;342,11,9;344,18,3;354,-6,-10;360,19,15;366,-6,-3;376,9,-4;386,-2,-2;396,8,6;460,-177,-51;470,6,-1;478,11,3;496,21,10;506,162,47;508,-162,-52;516,169,53;526,12,2;541,6,-3;546,1,1;566,11,2;570,2,-5;572,3,0;574,6,1;578,-2,-1;584,6,-3;588,-1,-3;606,3,-5;610,-196,-35;612,-10,0;616,215,32;618,-198,-33;620,1,0;622,-3,6;626,143,16;645,-74,7;647,13,-2;649,2,8;651,-6,-23;655,28,21;657,-20,-2;659,38,1;661,7,-18;662,-3,3;663,4,0;664,0,0;665,-7,25;675,9,6;679,1,-2;687,29,12;695,5,6;696,26,-28;705,-9,9;715,7,-3;725,-10,-16;755,31,1;765,9,-2
rua||piata|sao mateus|32210140|5,-1986483,-4403041;12,-5,9;15,15,10;20,-14,-27;30,11,1;49,111,32;53,27,3;55,18,10;56,22,12;75,-178,-60;88,-3,-5;104,38,13;105,39,21;107,-13,-9;108,-22,5;110,33,4;111,7,-1;115,5,-7;117,16,-31;120,-30,45;125,39,-1;127,-52,-31;129,-14,10;130,46,17;132,-40,-8;140,51,10;260,15,11;281,66,11;293,1,9;305,22,0;315,12,0;320,12,6;325,7,2;364,-67,-18;368,8,6;399,40,11;430,3,5;440,10,0;447,55,12;448,-107,-34;453,105,30;457,8,7;467,11,2;477,12,-3;487,-37,-17;540,-208,-78;543,256,107;553,8,-8;555,6,9;563,5,-7;567,2,10;575,3,6;577,4,2;750,190,5
rua||picassu|icaivera|32055270|30,-1985730,-4414422;31,6,3;44,-14,-16;51,-12,-7;66,-2,-6;78,-11,-11;90,-5,-10;98,-15,3;108,-3,-2;123,-13,-7;129,-5,0;141,-10,-7;160,-17,-8;174,-13,-3;186,-13,-2;200,-7,-3;240,-19,-7;242,-7,-2;256,-18,-7;258,-11,-1;260,0,0;268,-2,-1;270,-6,-2;272,-4,-3;275,53,25;285,-70,-18;820,229,99
rua||piche|industrial sao luiz|32041720|68,-1992740,-4412394
rua||piche|petrolandia|32041720|19,-1992701,-4412363;47,-24,-7;59,-15,-9
rua||picos|sao caetano|32010280|24,-1993553,-4411349;27,72,-71;29,-2,3;30,6,-2;31,-7,5;33,-7,10;44,0,2;45,-4,6;56,13,-17;58,-16,11;60,-5,5;64,-5,4;73,2,9;74,-3,-6;76,-6,9;90,-19,5;99,6,4;105,-10,1;111,-3,5;112,1,5;124,-4,1;136,-2,3;145,-1,3
rua||piedade|canada|32187020|36,-1992784,-4409312;40,-7,-10;44,1,0;48,-7,-6;60,-8,-7;72,-1,-4;84,-11,-14;96,-4,-2;120,-14,-19;125,-152,-154;132,144,148;144,-13,-4;156,-6,-13;168,-3,-10;180,-13,-2;200,-8,-27;236,-30,-17;254,-4,-9;256,-1,-5;272,-11,6;284,-9,-24;288,-4,-1;306,-9,-8;312,-12,-9;320,-9,-12;324,3,5;326,-12,-12
rua||piedade|fonte grande|32187020|25,-1992775,-4409302;39,-7,-2;83,-41,-45;93,3,-9;95,-7,-6;97,-9,-2;103,-2,-3;113,-9,-7;126,-145,-149;217,132,138;241,-49,-49;245,-12,-16;249,0,4;253,-11,-22;257,-3,-6;297,-18,-14;311,-14,-14;325,-5,-1;335,-2,-8;345,2,-3;381,-11,-4
rua||pindorama|estaleiro|32050369|14,-1982452,-4413989;15,5,11;17,0,0;20,-32,-43;24,58,181;34,-1,-18;37,-23,-8;38,24,5;49,-5,-22;51,-8,-36;61,-7,20;96,2,-27;118,0,-8;349,-5,-25;355,-2,-28
rua||pinheiros|novo recanto|32180732|5,-1985885,-4402521;7,-5,-12;10,-44,-20;12,-138,-59;14,145,55;16,-4,7;18,53,27;20,-53,-35;23,-140,-47;28,183,75;36,-19,-14;49,4,8;58,-9,-7;59,-1,3;61,-6,1;65,-21,-13;67,16,10;68,3,-4;71,-21,-7;73,-1,0;75,4,-1;79,13,8;98,-16,-12;100,-9,-1;106,0,0;109,-8,6;110,14,4;116,-25,-16;119,7,9;123,-3,-6;128,-4,4;129,-8,-3;139,-5,-3;145,-2,1;147,-8,-11;150,15,0;157,-21,-2;160,9,3;167,-18,-2;169,1,-4;170,11,2;178,-10,-4;179,-11,15;189,-7,-14;198,-4,-16;199,-4,11;207,-13,-5;209,-1,-2;210,10,-6;218,-10,-1;228,-7,-2;229,7,9;238,-18,-12;239,0,-2;248,-2,2;255,-9,-8
rua||pinheiro|arvoredo|32140510|35,-1987945,-4403233;36,44,8;48,1,6;60,17,-6;72,0,7;78,11,0;84,10,6;96,4,1;100,11,1;107,117,50;126,-107,-45;144,31,15;156,-2,-7;180,14,22;192,14,2;204,20,2;228,15,4;240,16,6;246,17,10;264,-3,-6;276,14,6;285,89,30;288,-72,-23;300,18,62;312,-12,-59;320,13,3;336,14,5;420,78,27
rua||pinheiro|nascentes imperiais|32065268|12,-1991042,-4412076;15,-18,-11;24,2,3;27,-12,-6;48,-1,-8;55,-67,-44;72,43,31;77,22,-9;84,-25,4;85,15,16;97,-6,-6;108,-25,-20;109,18,12;121,-4,1;133,-6,-5;139,-34,-29;149,78,19;150,-47,8;159,-7,-6;172,-10,-7
rua||pinheiro|ressaca|32140510|137,-1987786,-4403190;215,61,20;235,3,-1;255,27,17
rua||pinheiro|sapucaias iii|32140510|20,-1992507,-4413379;23,-21,9;35,0,2;73,-36,3;85,-16,0;123,-33,-9;127,-7,8;168,-12,-15;224,-7,-4
rua||pinho|colonial|32140670|18,-1989504,-4409588;29,-2,13;45,-8,7;48,-20,-2;49,21,-13;50,-27,19;52,-12,2;54,-3,8;59,38,-15;60,-16,0;61,6,9;73,-326,192;75,317,-189;83,-297,178;85,295,-178;91,-286,167;93,-8,7;104,262,-168;120,-6,7;134,-13,7;135,27,-7;136,-24,10;147,14,-2;148,-34,9;157,6,1;158,-14,6;159,11,-2;162,-19,7;236,-43,23;319,169,-102;400,-388,243;466,37,-34;476,-13,12;500,31,-2
rua||pinho|jardim laguna|32140670|10,-1989010,-4403398;20,-14,4;21,-12,9;32,-1,-4;44,-2,4;45,-11,4;48,2,-8;53,-20,11;60,14,-8;72,-17,5;74,7,-1;77,-2,21;84,-4,-18;91,-4,20;96,-10,-19;103,-12,25;108,-5,-20;120,-4,1;124,-10,5;127,6,-1;159,-41,11;164,-8,-1;167,-19,13;173,17,8;176,-1,-16;179,-19,14;188,2,-10;200,-4,1;209,-21,10;212,11,-12;219,-18,11;226,5,-6;240,-12,-15;246,4,20;250,-17,0;260,-8,3;272,-6,3;394,-14,0
rua||pirajui|sao caetano|32285180|13,-1993335,-4411836;15,-8,0;29,1,-1;31,-14,-1;39,-8,6;46,2,-1;49,-15,-1;50,2,-6;52,-3,-6;63,-3,14;65,-6,-16;66,0,-2;68,-6,-6;77,4,6;79,-16,3;80,3,-2;82,-4,-2;87,0,0;94,-5,0;96,-9,-1;97,2,-5;109,-6,-5;110,-3,9;111,-4,-6;112,-1,-1;123,-7,7;124,7,-4;125,-16,-2;126,3,0;135,-9,-5;140,7,4;142,-4,0;147,-5,-5;156,-14,0;158,-4,-1;159,-4,14;164,-3,-12;581,-13,3
rua||pirapanema|icaivera|32055030|11,-1985506,-4414699;15,2,-13;29,-46,-85;35,37,74;40,1,-15;42,2,-14;46,-3,14;48,3,-18;50,-6,0;79,3,20;82,-8,-32;85,2,24;91,0,-19;93,-6,-4;94,-1,-13;102,-9,-1;103,2,6;106,-1,-14;109,-4,8;115,-4,-7;118,3,-10;130,-5,-8;134,-5,-1;135,-8,1;147,-6,-4;156,-4,-8;157,-11,-5;183,-18,-9;185,12,6;186,-3,1;192,-7,-9;209,-16,-4;244,-33,-17;246,-2,-14;250,-18,-1;274,-3,-7;282,57,39;294,-69,-45;300,67,34;305,-79,-26;306,3,-8;312,71,36;315,-11,2;317,-77,-38;318,7,-5;319,52,23;321,-32,-8;323,9,5;324,40,14;327,-29,-9;329,-54,-26;331,73,38;339,-82,-43;350,12,4;353,-17,-11;360,0,-27;365,-8,18;369,0,-10;379,-1,-11;382,-2,-17;385,-3,9;389,2,-2;390,9,5;397,-5,-9;409,-4,-12;414,4,-2;418,22,64;420,-26,-71
rua||piratininga|bandeirantes|32044260|14,-1996722,-4404868;28,5,-3;31,-1,-3;40,5,-3;43,-1,-1;52,12,-9;56,-2,1;61,4,-19;75,376,-533;89,-366,531;101,6,-10;103,26,-26;113,-22,16;127,29,-24;137,-3,0;165,16,-35;176,-34,53;180,38,-53;182,-4,5;184,0,7;185,13,-17;188,-41,51;190,45,-62;199,4,-14;201,179,-243;205,-190,270;213,19,-33;237,17,-22;240,-11,10;252,5,-8;270,13,-20;279,8,-4;296,11,-15;311,6,-16;322,0,9;323,4,-20;326,2,11;335,5,-16;336,-2,11;340,3,-8;345,7,-6;347,8,-12;350,-7,11;368,20,-32;370,2,-1;386,6,-13;392,-10,24;454,41,-69;468,13,-7;484,6,-9;496,5,-11;542,20,-29;544,9,-13;546,-3,6;550,14,-23;617,21,-42;675,34,-40;687,11,-15;691,-39,52;703,9,-13;715,6,-9;727,5,-6;733,-2,-1;739,-33,40;759,51,-66;761,45,-65;763,15,-7;765,-52,66;787,26,-34;791,10,-12;793,5,-5;795,11,-28;797,6,-9;798,-9,12;800,16,-20;802,1,0;804,-3,-1
rua||pisa|santa cruz industrial|32280020|940,-1994715,-4404866
rua||pitagoras|jardim industrial|32110610|14,-1996802,-4401995;26,3,-17;50,15,-6;62,13,-8;65,-20,10;77,15,-13;85,9,-10;86,8,-3;96,7,-17;98,0,-1;99,-4,10;100,3,-10;101,7,1;110,5,0;113,1,-5;125,8,-15;129,-29,44;137,37,-51;144,-11,22;146,10,-11;149,8,-20;158,16,-3;161,-9,-4;165,-78,92;170,89,-93;173,-5,-10;182,9,1;185,-3,-4;189,8,-4;192,11,-4;195,-6,-3;504,-33,45
rua||pitangua|icaivera|32055150|11,-1985837,-4414475;27,-8,10;39,0,15;63,-10,29;75,-6,0;85,-7,7;90,-36,26;95,30,-16;100,-23,11;107,18,-4;111,-16,12;112,6,-13;121,-18,17;123,-1,0;150,-4,-9;162,-21,-3;163,9,16;173,-5,-7;174,-13,-8;175,-1,9;186,-18,-13;187,6,12;198,-16,-14;199,5,8;207,-5,-1;210,-14,-10;239,-4,5
rua||pitangui|contagem|32340240|11,-1992299,-4406302;21,7,-3;31,9,-5;40,56,-54;45,-52,54;50,17,-13;60,-5,7;70,9,-2;71,-1,-9;80,12,0;81,1,-2;90,10,-4;93,0,-1;98,2,2;100,9,-6;110,10,-9;115,-88,52;131,109,-48;151,6,-13;165,16,-8;175,6,-8;185,4,-13;189,12,14;203,16,-2;208,-19,0;215,23,-1;227,7,-4;239,8,-1;251,-81,30;263,101,-31;271,11,-3;275,3,-5;281,11,7;291,11,-3;307,17,1;315,0,0;317,2,2;327,4,-6;331,17,-1;333,-17,4;335,30,-7;339,-2,3;391,-283,92
rua||pitangui|maria da conceicao|32340240|142,-1992190,-4406355;160,9,-3;178,25,-4;190,21,-10;202,-10,4;210,17,-4;212,-5,2;232,33,-7;235,-71,15;244,62,-11;256,11,-1;268,8,5;278,14,-8;294,0,-4;298,9,-2;300,2,2;318,12,2;328,5,20;332,10,-31;336,1,11;338,8,-5;340,11,-1;342,-16,-5;344,25,6;358,10,-3
rua||planalto|estaleiro|32050403|40,-1982192,-4413914;62,-47,-45;84,44,56;90,-116,-84;91,116,125;92,2,13;95,-3,7;96,0,-31;99,4,-65;100,-1,19;107,5,11;109,-6,17;115,2,31;117,-245,-230;125,246,245;129,-3,15;137,-1,9;141,-2,8;147,-1,5;155,2,-17;180,-6,28;192,-3,17;193,0,-1;203,-3,6;204,2,-1;210,0,0;211,-3,23;228,0,-6;230,1,32;240,-21,-26;245,23,18;256,-9,-4;264,2,25;265,-4,1;266,-2,-16;267,4,7;268,-4,4;274,-2,21;275,-1,1;278,2,0
rua||platina|nacional|32071231|431,-1985387,-4402833;455,-15,10;467,-8,-3;477,20,0;841,-12,0
rua||platina|pedra azul|32071231|22,-1985451,-4402804;26,0,0;28,-5,-6;30,-2,8;32,7,-2;50,-19,2;54,0,5;55,17,-2;60,-12,-3;72,-19,2;100,-26,18;101,8,-6;102,-16,4;103,-47,28;105,58,-15;110,-24,5;120,9,-10;121,6,3;135,-29,-13;166,-27,28;424,181,-78;436,-7,2;444,-7,3;454,-9,14;1264,-142,65;1544,-22,-4;1545,16,-4;1546,-6,15;1548,4,-21;1550,3,4;1560,-5,1;1570,19,8;1584,-9,30;1586,15,-33;1602,13,46;1604,0,-9;1606,3,9;1632,-7,3
rua||poata|novo eldorado|32341010|19,-1992957,-4404445;20,-38,-1;21,7,12;32,-1,-8;33,-6,-3;50,-1,-8;60,-15,-9;70,-4,-9;78,-10,0;80,1,-9;92,-3,-2;99,23,27;104,-34,-36;117,11,7;127,-6,14;130,-12,-22;139,5,8;151,-21,-9;152,5,-8;163,-3,9;164,-7,-14;168,-22,-17;175,17,10;176,0,1;185,-297,-159;187,274,152;188,3,-9;191,-10,-1;195,-11,5;199,7,6;200,4,-18;204,-18,-10;205,-10,0;207,4,-1;209,-14,-2;213,-6,-6;215,30,27;221,-58,-44;234,43,24;235,2,10;238,-6,-16;244,-12,-7;247,-29,-9;249,-6,-22;254,30,25;266,-23,-19;270,10,8;286,-10,-4;294,-4,-6;306,-11,-12;318,-7,4;330,-10,-23;342,-9,-2;345,41,30;347,-20,-1;349,-15,-8;351,-8,-9;353,-9,-11;354,1,-1;355,13,8;357,-18,-17;363,-20,-2;368,22,5;388,-30,-19;411,-12,8;412,3,-16;414,-13,10;423,-3,0;424,7,4;433,-27,-7;436,16,-5;448,-15,2;452,-35,-6;461,17,8;464,12,-8;471,-26,4;484,6,-15;500,-31,-5;504,5,2;508,7,5;511,2,4;519,-28,-3;520,5,-17;521,207,116;529,-221,-107;531,-5,1;532,4,-6;544,-3,-2;555,-10,3;558,-1,-8;567,-13,8;568,-1,-12;573,45,25;579,-50,-18;580,-12,-4;583,78,28;591,-74,-26;594,-7,-8;600,-7,-3;603,1,7;604,-18,0;606,-2,-5;607,10,0;619,-9,-2;774,193,56;778,14,7;1750,304,180
rua||polares|jardim riacho|32070645|22,-1997139,-4405546;28,16,-15;39,-12,36;58,-16,-6;59,2,9;67,4,-6;73,-15,20;87,-4,8;101,-17,16;102,-2,-10;107,-15,38;115,22,-28;118,-8,1;122,-25,21;129,19,-10;132,-3,-9;140,-22,33;142,-2,-1;144,-7,7;148,25,-31;155,-5,20;159,-1,7;175,1,12;179,-15,-6;184,-3,3;185,1,10
rua||polaris|portal do sol|32183780|235,-1987232,-4403786
rua||polaris|portal do sol|32183830|42,-1987132,-4403733;68,-16,-16;234,-130,-64
rua||polar|jardim do lago|32145430|14,-1988198,-4404527;16,-1,2;18,1,1;22,20,5
rua||polux|jardim riacho|32072260|40,-1996505,-4406139;41,-12,-1;54,11,-12;55,-8,-3;69,0,-19;100,23,-47;156,5,-24;700,-8,-18
rua||pompeia|santa cruz industrial|32056010|14,-1994295,-4405066;24,10,-2;36,-3,8;55,-23,-6;69,-12,-6;72,4,-9;84,-16,-13;96,-7,-2;99,-9,9;108,-6,-17;111,-9,-1;112,0,-1;120,5,-1;132,-7,-6;156,-12,-9;186,-29,-18;210,-239,-167;214,217,148;226,-9,-1;240,-19,-11;252,-8,-8;264,-6,4;276,6,-27;327,-62,-14;330,2,0;339,-10,-13;348,-2,-8;360,-1,-1;369,-7,14;372,-8,-24;381,8,24;384,-9,-26;393,-20,-4;396,1,0;401,3,0;405,-8,2;408,-9,-6;417,9,7;420,-14,-19;429,2,6;432,-16,-7;441,5,3;444,-12,-12;453,8,0;456,-7,-4;465,10,-2;468,-20,-5;477,-10,1;480,-5,-7;493,-13,0;510,-35,-31;515,32,22;525,-11,-5;543,-13,-25
rua||pompeu|industrial|32145270|43,-1996719,-4402636;44,-3,-11;45,4,-12;280,-5,26
rua||pontal|estrela dalva|32180544|10,-1986639,-4402332;11,4,4;20,2,6;21,-61,40;30,62,-30;31,3,-1;40,5,11;41,-5,-13;50,1,28;51,-1,-11;58,1,12;60,1,-4;61,-2,-6;70,5,16;71,-2,-6;77,2,10;80,1,10;81,1,-11;90,8,13;91,-9,2;94,2,1;101,0,1;107,0,23;110,5,-9
rua||poranga|icaivera|32055160|15,-1985797,-4414254;29,-19,9;32,1,2;39,1,-3;44,-2,7;49,-21,0;54,4,-2;59,-15,2;66,1,-5;74,-13,1;104,-22,-5;120,15,3;130,-34,-7;132,-2,-1;134,-7,-1;138,-21,1;164,-4,-15;165,65,32;175,-67,-25;180,12,6;181,42,13;192,-48,-19;199,30,13;201,-14,-4;203,7,0
rua||porteirinha|vila belem|32140560|15,-1991938,-4409719;20,-22,-3;22,-33,-20;26,21,20;34,16,1;35,-4,1;39,-1,6;40,-22,-20;43,34,18;45,-34,7;48,-1,-41;49,-2,-1;50,7,-4;51,0,41;52,-22,-40;55,5,40;60,10,-26;70,6,23;80,-2,4;90,-9,-10
rua||porto|riacho|32340590|53,-1994186,-4405910;59,0,2;63,-18,14;77,-2,-13
rua||porto|santa cruz industrial|32180530|50,-1994156,-4405918
rua||portugal|eldorado|32340010|744,-1994065,-4404732;750,-27,-4;786,-20,-20;798,-7,-6;810,-16,-10;834,-26,-2;841,1,20;880,28,-37;1001,-70,-14;1003,22,-2;1004,-12,1;1005,-13,-5;1007,10,14;1008,-18,-21;1009,-4,1;1010,-72,-40;1011,67,32;1012,-42,-14;1013,-3,-2;1015,-26,-19;1016,33,22;1017,-16,-12;1018,12,50;1019,21,-36;1021,10,21;1022,-23,-21;1023,-48,-8;1030,41,32;1050,41,28;1052,-2,1;1054,-16,-9;1055,-8,8;1056,21,-3;1057,-17,-8;1058,5,10;1065,25,10;1066,9,-3;1067,7,7;1070,-18,-8;1071,-1,0;1072,-1,1;1099,-6,-45;1100,-45,13;1103,41,-15;1109,-52,-31;1158,-2,42;1159,2,-6;1190,-7,2;1200,-12,-2;1210,4,-5;1216,-7,-2;1220,4,-1;1230,-6,0;1236,-3,-7;1240,4,-1;2125,23,20;2127,-5,-1;2137,1,0;2146,39,30;2173,27,0
rua||portugal|gloria|32340010|6,-1993148,-4404186;7,-1,4;8,-20,-25;9,2,67;11,-33,-17;13,7,-4;29,-134,-135;31,-8,37;33,139,38;35,-191,-64;40,25,-32;43,159,86;44,-162,-82;50,-53,-38;51,-38,-18;53,247,142;94,-328,-192;102,-29,-16;109,82,50;116,-84,-68;121,66,56;127,210,176;128,-290,-221;130,28,10;131,311,239;133,-252,-199;135,9,18;140,-116,-79;145,123,67;148,-70,-40;151,74,41;162,-47,-29;164,-96,-45;169,158,85;174,-64,-40;176,-101,-57;188,-7,-4;195,236,143;200,-245,-151;205,231,142;212,-237,-141;217,232,138;224,-240,-149;236,-13,-6;290,-49,-18;293,284,165;308,-292,-171;320,-8,-13;329,291,178;332,-295,-181;344,-4,-1;356,-2,-1;368,-4,-3;394,-7,-7;442,-80,-42;454,-12,-10;466,-12,-10;478,-5,2;490,-13,-15;514,-17,-1;530,17,23
rua||portugal|industrial|32230110|25,-1997080,-4403162;26,2,-24;56,-2,10;80,7,28;88,1,10;94,3,1;106,-2,11;112,-9,-48
rua||possua|novo eldorado|32110410|14,-1992967,-4405645;17,21,14;35,-12,-1;65,19,15;73,-9,-1;75,12,18;100,0,5;115,36,31;116,-10,4;128,2,10;131,8,4;140,-6,9;143,1,0;152,3,6;164,2,12;167,1,11;176,-3,1;178,0,-1;180,-2,6;187,3,23;203,4,10;234,-27,14;246,8,20;260,-1,9;270,-5,10;273,8,-4;275,-223,104;282,205,-87;285,17,-14;297,-8,12;298,-21,19;309,13,-12;310,-22,13;317,9,-9;329,-3,13;345,-10,6;358,-29,18;362,-38,11;365,-118,25;367,101,-15;376,-6,2;378,-8,-3;386,-7,0;397,78,-11;427,-84,13;428,-10,8;439,68,-9;445,-84,-2;449,-2,8;455,20,7;459,124,-40;467,-108,29;519,-46,13;527,-14,4;542,34,-6;548,-52,-3;782,228,-110
rua||potiri|icaivera|32055140|29,-1985888,-4414442;41,-7,-2;53,-22,-8;57,-8,1;61,-6,1;67,-1,-3;71,-20,1;91,-12,-2;97,-3,0;101,-4,1;111,-10,-4
rua||primavera|camilo alves|32186410|37,-1991742,-4409302;40,8,-8;57,-22,11;58,2,-2;63,7,3;69,-27,7;74,0,-8;100,-9,15;201,47,-23
rua||primavera|lua nova da pampulha|32186410|187,-1983370,-4403406;280,14,-4;284,12,0;286,8,-4
rua||primavera|nossa senhora do carmo|32186410|91,-1992032,-4408951;92,4,-2;104,0,-5;247,16,68;301,-3,5
rua||primavera|novo progresso|32186410|13,-1990329,-4402662;20,11,29;27,-5,-6;36,5,6;41,-12,-35;43,0,-4;44,15,40;46,-7,-26;52,-8,-14;53,0,0;58,15,41;67,-15,-38;70,13,39;81,-13,-42;82,1,-6;91,-8,-24;94,1,-4;106,19,78;118,9,4;126,-7,-8;131,-27,-83;142,27,83;145,-15,-36;159,0,-4
rua||primavera|vila paris|32186410|69,-1992366,-4402367;71,11,-12;106,24,-15;120,27,-11
rua||propano|petrolandia|32185708|12,-1993006,-4411299;42,-13,48;50,41,-32;56,-15,3;62,25,1;69,-51,-26;74,60,31;75,-55,-23;86,62,47;87,-42,-42;98,58,42;101,-22,-20;108,42,15;111,-16,-19;122,12,29;123,-14,-7;131,38,12;135,-24,-13;143,35,27;144,-11,-6;147,-11,-27;155,36,36;156,-13,-5;158,-31,-16;159,12,-4;167,39,28;170,-22,-17;179,31,30;182,-16,-14;191,24,15
rua||purus|amazonas|32240130|30,-1996874,-4404308;31,-9,-18;32,3,-4;44,-11,-7;55,1,1;56,1,-11;60,-8,-3;68,3,-4;80,-7,-20;83,-4,2;91,-3,-2;92,6,-4;103,-11,-7;104,19,-9;115,-24,-6;116,10,2;136,-8,-15;147,-9,-2;454,48,106
rua||p|agua branca|32073470|17,-1993050,-4402934;28,-13,1;29,-12,9;38,4,-13;39,1,5;48,-9,0;49,-5,-2;58,-4,-1;59,3,-4;60,-21,12;68,20,-2;69,-9,-7;78,-4,-13;79,-3,7;80,-9,1;89,-2,2;128,-36,-8;135,-7,5;143,-6,-4;144,14,-7;151,-13,8;159,-11,-2
rua||p|inconfidentes|32073470|248,-1995780,-4404402;260,-14,-12;272,-12,0;274,-2,-2;284,-9,-3;296,-4,1;308,-13,-9;314,-7,-2;320,-6,-6;332,-7,-5;344,-11,-7;356,-13,-2;372,-9,-9;384,-23,-2;396,-6,5
rua||p|industrial sao luiz|32041630|1,-1993114,-4411900;2,3,2;3,-14,-23;4,7,18;5,-16,-17;6,8,11;8,-4,-6;11,-15,-9;12,3,1;13,-10,0;14,-1,0;16,5,1;39,-94,-23;46,-10,-5;52,94,29;62,-8,-7;64,0,-8;72,-5,3;73,7,3;80,5,4;82,-18,-9;86,-11,3;87,-1,2;88,-7,-8;89,23,10;100,-26,-9;101,4,3;106,-14,-11;118,1,-10;120,-8,16;121,9,3;122,-20,-3;135,4,0;140,-12,-1
rua||p|vila nova esperanca|32399899|10,-1981719,-4414381;12,-25,-2;13,-8,-2;15,36,9;20,-30,-5;21,24,3;22,-65,-16;23,-15,2;30,47,10;38,-10,-4;41,6,3;42,-28,-9;50,-11,1;51,22,1;61,-48,-4;62,18,0;70,-11,-1;79,-17,3;81,-13,3;91,-20,11;100,-1,1;101,-3,1;103,-26,9;105,-12,-3;107,1,0;108,16,2;109,-31,-7;110,23,2;111,-42,32;115,30,-29;118,30,0;119,-97,19;120,58,-30;121,-37,-4;122,45,10;123,27,10;131,-92,-30;133,30,12;140,-5,-4;143,9,6;145,-16,-9;150,100,-1;152,7,0;156,-9,9;177,-28,13;200,-85,-28
rua||recanto dos passaros|liberdade ii|32064040|90,-1983634,-4409729;91,4,-6;94,-32,79;95,-20,17;96,-16,21;98,-21,40;99,-11,15;101,-9,22;102,-21,30;103,2,5;104,-6,13;105,-14,28;106,-7,8;107,-15,29
rua||refinaria alberto pasqualine|petrolandia|32044230|23,-1992728,-4410979;30,-5,-3;41,-11,9;46,-3,0;55,-9,6;57,-1,-3;58,7,-1;69,-14,9;70,2,-11;71,-2,11;82,-2,-9;94,-12,2;106,-16,1;111,-7,-7;115,8,2;117,2,16;118,-15,-17;130,-6,5;131,-7,9;139,-9,-6;142,-2,1;154,-6,-1;166,-17,-17;169,1,23;173,-2,0;177,-10,1;178,4,-10;181,-7,8;188,7,-10;190,-9,-16;195,-4,23;202,-5,4;213,-13,-7;214,-1,2;225,-19,9;226,0,-3;234,-6,1
rua||refinaria gabriel passos|petrolandia|32065165|20,-1992940,-4411618;21,-3,-6;30,28,-47;35,-25,40;47,6,-10;59,-3,-8;60,6,9;65,172,-351;71,-167,331;80,11,-6;81,-6,-2;93,5,-12;127,18,-38;166,14,-16;179,4,-23;184,0,-2;191,-5,6;203,17,-24;215,-7,-11;216,4,2;217,7,-23;218,-10,37;262,21,-48;274,5,-18;287,7,-2;290,-7,-16;294,-94,250;298,107,-253;299,-7,6;310,6,-20;311,8,12;322,20,-20;323,-21,6;333,3,-12;346,9,-7;347,1,-3;352,13,-28;358,4,-13;359,-26,24;371,12,-13;383,4,-15;404,10,-3;405,2,-6;407,-8,5;409,-3,-12;416,13,6;421,-1,-15;428,9,-7;430,2,1;433,-4,-11;437,-2,-4;445,5,-5;457,19,1;475,-4,-11;502,8,-20;511,1,-9;514,3,-1;515,1,-15;516,4,10;526,9,-13;527,-10,-11;539,-2,-10;540,7,9;551,2,-15;552,6,-2;563,-4,-8;572,3,14;575,6,-24;582,8,-4;587,-2,-9;599,6,-3;611,2,-16;612,3,14;623,1,-25;635,20,-14;636,-13,15;647,16,-22;663,-4,-9;671,6,-16;683,0,-2;695,1,-15
rua||refinaria planalto|petrolandia|32013590|35,-1992735,-4411044;43,-17,8;48,6,-4;63,-7,-3;64,8,4;75,-34,0;76,16,-1;87,-10,-5;88,-3,5;99,-11,-5;100,2,9;106,4,-4;111,-8,0;112,-7,0;123,-14,7;124,-1,-3;128,-3,-3;135,-9,0;136,4,1;147,-12,-2;148,2,0;159,-10,4;160,-3,-2;165,-6,5;171,-6,1;172,13,-1;177,-36,3;183,7,0;184,-17,-1;189,-6,3;196,23,-2;203,-30,3;209,2,3;210,11,-4;211,-13,0;215,-12,6;226,3,-7;227,-17,7;244,17,-11;252,-21,9;292,-22,-14;299,-13,17;302,-15,13;304,3,1;306,9,-11;311,-11,5;314,-10,5;323,3,-2;330,-12,0;332,-47,17;333,50,-12;336,-15,-1;343,-8,10;384,8,-11;795,284,-35
rua||retiro das pedras|retiro|32050550|48,-1984186,-4414601;58,13,3;68,-19,-8;70,-11,-2;72,9,0;78,-12,-22;80,15,26
rua||retiro dos padres|retiro|32050610|1,-1983751,-4414278;2,43,-459;11,20,73;23,-10,-28;43,2,10;68,1,-64;140,-4,20;167,5,62;185,10,10;189,-9,15;195,13,-1;197,6,18;199,2,4;223,3,8;227,12,15;231,-3,1;241,9,-7;251,-2,18;261,-2,-8;271,11,-2;281,0,57;291,-4,8;300,-101,251;308,92,-233;312,-7,8;322,-9,11;326,-79,249;350,-8,19;358,-8,1;364,1,14;370,-11,14;372,20,-48;382,-21,48;400,1,19;506,-15,2;510,-6,8;3120,127,-329
rua||ricardo pieri|distrito industrial doutor helio pentagna guimaraes|32145796|50,-1988215,-4403238;88,-21,-4
rua||rio do peixe|sao caetano|32073510|11,-1993287,-4411571;20,-4,-15;23,-2,3;30,-5,-15;35,5,12;42,-33,-94;46,23,58;47,5,13;58,-12,-17;64,-1,-19;74,-5,-5;83,7,19;94,-6,-12;95,0,1;107,-9,-15;115,-4,-13;119,8,6;120,1,-4;131,-13,-18;143,-6,-9;146,8,10
rua||rio paracatu|riacho|32280240|15,-1995354,-4405353;27,1,1;39,-3,-6;51,-11,3;55,-2,-14;105,-47,-2;115,-5,-8;118,7,9;122,-12,-12;123,-3,9;135,-9,8;137,-7,-18;146,2,-2;147,-10,7;149,-4,-9;159,-9,-1;166,-1,-1;182,-18,3;183,0,-8;190,-2,0;194,-5,-3;195,-2,-3;206,-8,12;207,-4,-13;218,9,7;219,-11,-11;231,-15,-5;243,-15,-2;300,-2,-3;307,-65,-9;319,-5,0;337,-14,-4;349,-16,-2;361,-5,-2;367,-10,6;369,-2,-6;371,-4,3;373,-97,-13;375,86,14;397,-10,-9;399,-16,8;417,-10,1;457,-16,-4;465,-7,-2;469,-17,-2;471,-5,18;491,-13,-19;505,-11,4;527,-38,-22;549,-19,-7
rua||rio paraguai|inconfidentes|32265150|8,-1995914,-4404542;10,-3,-1;12,2,-8;14,-3,-6;16,-3,-23;26,3,11;27,-3,-19;28,9,0;29,-10,0;39,2,-20;40,12,9;41,-10,-14;49,6,-4;52,0,12;53,1,-16;57,7,-1;64,2,2;65,-3,-14;76,-1,8;77,6,-25;88,3,14;89,-11,-20;101,18,-9;112,4,9;113,-4,-19;124,4,12;125,-15,-28;136,20,15;137,2,-26;142,5,62;148,12,-42;149,-7,-17;159,2,-13;160,-3,15;174,5,-6;181,-5,-22
rua||rio paraiba|agua branca|32371520|212,-1992055,-4403132;224,-5,6;232,-28,-13;246,-8,-11;260,-9,-16;284,-6,-14;296,-6,-13;320,-7,-18;330,-36,-98;360,21,65;366,-6,-21;373,93,144;375,5,3;378,-102,-157;381,114,170;393,-116,-167;395,117,176;402,-122,-198;413,132,200;415,8,6;416,3,6;425,12,1;426,-171,-257;435,177,265;438,-166,-246;445,175,251;450,-183,-264;451,201,277;455,2,17;460,-204,-294;462,10,15;474,-22,-41;500,206,333;504,19,-18
rua||rio paraiba|eldoradinho|32371520|235,-1992093,-4403149;245,1,4;273,-54,-14;277,32,-12;291,-13,-54;293,2,10;294,-37,35;295,19,-2;297,-17,5;299,4,-4;307,9,-12;325,34,23;335,4,6;345,13,5;355,-2,14;357,13,8;377,-42,-90;379,0,-3;382,-1,5
rua||rio paranagua|novo riacho|32280300|18,-1994745,-4405254;40,17,-28;56,-439,-32;74,403,39;76,10,1;918,-654,-363;935,-26,-25;938,9,4;939,-13,-10;940,10,6;950,1,-7;962,-9,-13;980,-12,-19;985,-3,11;992,1,-22;994,9,21;1016,-19,-39;1034,-5,-32;1037,9,40;1040,-10,-30;1054,-3,17;1093,-20,-35;1121,-6,-19;1127,-11,-4;1129,-11,-9;1145,6,-3;1149,-23,-47;1169,16,29;1184,-106,-95;1193,57,51;1201,-13,-11;1286,-56,-50;1298,-14,-9;1316,0,-6;1350,-20,-16;1354,-10,-19;1363,41,59;1370,56,15;1375,-61,-23;1382,45,21;1394,-4,-3;1395,-62,-44;1406,51,39;1420,-72,-88;1444,-6,-44;1463,0,22;1464,-3,-66;1501,-6,-16;1515,-10,-53
rua||rio paranagua|riacho|32280300|126,-1994799,-4405266;129,-38,13;138,15,-7;150,-28,-6;162,3,1;174,-12,-1;186,-9,-2;200,-9,1;222,-28,-3;234,-6,5;255,46,12;258,-65,-25;270,-14,-2;276,2,-1;282,-14,-4;290,-6,0;296,1,-6;306,-13,1;318,-9,-10;330,-7,0;352,-19,-12;366,-5,-2;374,-20,-12;379,9,16;380,9,-8;386,-30,-11;398,3,0;402,-14,-14;403,16,25;415,-8,-6;427,-1,-6;439,-15,-5;451,-11,-8;452,10,-9;463,-23,3;464,16,-18;467,-14,11;471,0,-2;476,3,-1;487,-15,-9;488,6,0;512,-34,-31;524,-10,-5;536,-15,-8;548,-7,-7;560,-7,1;563,12,24;572,-23,-35;575,20,17;579,23,25;584,-54,-57;587,12,17;591,26,23;596,-36,-42;599,6,20;608,-20,-23;611,11,14;620,-16,-25;632,-15,-3;635,21,6;644,-24,-21;647,14,18;655,11,18;656,-34,-37;659,9,17;668,-24,-28;671,13,11;680,-14,-14;683,-7,18;690,-7,-23;692,-3,-6;695,14,18;696,-19,-21;707,8,15;712,-13,-20;719,5,12;720,36,18;728,-49,-36;731,5,12;740,-23,-31;743,16,23;752,-21,-20;754,-2,-8;755,12,24;767,5,-4;776,-27,-21;777,17,11;779,-13,-4;788,-14,-20;800,-13,-14;812,-4,2;827,5,13;830,-14,-22;839,6,18;842,-17,-32;851,-2,16;854,-3,-19;860,-8,-7;863,11,26;866,-12,-27;875,6,7;887,-2,2;901,-22,-13;915,-1,-9
rua||rio parana|riacho das pedras|32280130|31,-1995052,-4404859;45,-7,-1;49,-9,3;52,-10,11;87,-24,-8;101,-14,10;117,-4,8;129,-20,6
rua||rio parana|riacho|32280130|18,-1995042,-4404862;20,-8,-3;36,-2,8;50,-19,5;86,-31,7;96,-9,8;106,-15,-1;118,-15,10;156,-22,4;172,-22,17;175,12,-18;178,-8,17;188,-14,2
rua||rio paraopeba|inconfidentes|32220460|22,-1994948,-4404417;37,0,7;39,-10,-5;41,-1,3;45,-10,-11;55,-19,4;58,6,-14;64,18,8;68,-2,4;69,-19,1;70,2,-13;81,-32,21;82,27,-22;93,-25,22;94,0,-34;105,-4,1;106,-9,-3;117,-13,3;129,7,-3;141,-20,-24;153,-3,9;165,-14,-5;166,44,17;205,-78,-18;207,-22,-16;239,-6,2;251,-16,-8;263,0,-7;265,-6,0;271,-8,-13;297,-14,7;299,-17,-11;311,7,3;363,-15,-10;375,-17,5;387,-14,8;399,-4,-23;411,-7,3;423,-15,-18;735,-266,-128;741,-18,-6;779,-13,5;791,0,-3;803,-16,-8;815,-12,-9;817,3,2;827,-17,-10;839,-7,0;857,-11,5;863,-10,-9;875,-10,-5;887,-12,-7;899,-9,5;911,-5,-8;923,-13,0;935,-8,-13;947,-10,-5;959,-6,1;971,-16,-5;983,-12,-7;995,-8,-6;1007,-8,2;1019,-18,-17;1059,-23,-6;1071,-18,-9;1083,-9,-2;1095,-23,-8;1107,2,3;1119,-22,-10;1131,-1,-5;1143,-7,-3;1155,-3,-10;1167,-15,4;1179,-2,-17;1191,-32,8;1203,-15,-4;1241,-26,0;1263,-22,14;1277,-22,-6;1293,-9,-3;1307,-17,-3;1322,-36,28;1340,-19,-23;1347,14,12;1352,-17,-9;1361,17,6;1364,-40,-4;1375,18,3;1376,-27,-17;1391,6,21;1411,-16,-6;1412,-20,-3;1420,-10,-8;1424,-3,-9;1435,24,24;1448,-43,-27;1460,-17,-12;1500,-20,-24
rua||rio paraopeba|riacho|32220460|252,-1995136,-4404496;264,-12,-12;276,-4,-10;288,-18,5;300,-5,-8;312,-14,13;324,-3,-17;336,-19,-7;348,-2,-2;360,-18,-8;372,-13,-3;384,-9,-2;427,-32,-18;430,-1,3;442,-24,3;454,-12,-17;466,2,-5;478,-14,-5;481,37,19;490,-50,-10;493,39,7;502,-43,-17;505,34,10;514,-39,-16;517,21,3;526,-35,-10;529,32,17;538,-40,-21;541,29,19;550,-40,-20;553,25,8;562,-38,-17;565,31,15;574,-43,-18;577,30,23;586,-36,-38;589,27,28;596,-27,-26;598,-3,2;601,33,15;607,-14,5;610,-37,-26;613,31,19;622,-39,-23;625,23,21;632,-33,-29;637,20,20;646,-29,-19;649,28,20;665,-15,-3;668,-23,-24;673,12,8;677,-28,-8;685,23,9;697,-7,-3;706,-70,-35;732,2,-6;744,-15,9;756,-10,-10;760,-5,5;768,-13,-6;780,-3,-8;792,-7,1;804,-6,-1;816,-18,-20;828,-10,-4;840,-15,-6;852,-1,6;864,-16,-9;940,-35,-20;1010,-66,-28;1020,24,11;1060,-42,-21;1080,-46,-19;1200,-117,-19;1234,-41,1;1246,-10,-4;1260,-16,7
rua||rio para|riacho|32280180|22,-1995216,-4405172;33,-1,-9;45,5,-20;57,10,-16;85,4,-45;87,-17,-13
rua||rio pardo|inconfidentes|32265190|21,-1995773,-4404360;45,7,-17;87,13,-24;107,18,-33;119,0,-21;149,18,-13;171,4,1;177,13,-17;191,5,3;202,22,-12;226,-17,8;245,47,-32;259,10,-9;284,14,-3;290,14,-12;310,6,-2;317,53,-41;328,-5,7;333,17,-37;357,9,-18;413,-46,68;417,7,-2;419,39,-65
rua||rio pardo|riacho|32265190|325,-1995520,-4404650;345,4,11;386,-12,20;400,26,-60;402,4,-6;409,-2,7;410,-3,-27;421,3,13;474,1,-7;477,5,0;488,2,-22;489,2,14;500,9,-21;527,1,-13;530,13,-19;533,0,9;542,2,-14;554,-11,-7;555,6,2;566,7,-14;567,1,12;577,5,-22;578,1,-2;589,13,-18;590,-9,7;601,-5,-8;602,10,-9;613,5,-4;614,-3,-5;625,2,0;626,12,-2;637,-4,0;638,13,-13;649,-8,9;650,13,-13;661,-9,11;662,18,-20;674,7,-8;686,15,2;698,9,-24;710,23,6;722,3,-10;734,13,3;746,-2,-8;758,15,14
rua||rio pardo|riacho|32265290|705,-1995387,-4404881
rua||rio parnaiba|agua branca|32371380|65,-1992491,-4403178;79,5,2;89,248,-95;95,-231,81;98,219,-86;109,-202,82;112,189,-77;123,-183,73;140,158,-58;152,35,-16;154,-161,85;159,-14,-17;160,146,-54;168,-125,56;173,-12,-7;175,4,5;179,9,-6;180,5,-8;189,8,2;195,10,-4;209,8,-8;223,8,-1;235,35,-15;239,19,-7;259,44,-12;285,20,-17;286,-33,32;295,37,-32;311,22,-8;314,-67,38;323,78,-36;326,-56,27;335,66,-30;336,-64,19;338,0,7;346,7,-7;347,74,-25;350,-61,25;363,74,-25;373,-327,116;380,270,-100;390,8,-3;402,10,-7;426,9,-6;428,11,-7
rua||rio parnaiba|eldoradinho|32371380|200,-1992371,-4403235;240,20,2;279,22,-2
rua||rio piumi|novo riacho|32280290|15,-1995742,-4406057;21,13,4;27,-8,3;80,9,-1;220,17,-14
rua||rio potengi|agua branca|32371550|30,-1992164,-4403235;50,-2,10;56,-18,6;70,-12,2;76,-5,1;86,-12,-3;100,-17,7;110,-4,2
rua||rio potengi|eldoradinho|32371550|29,-1992153,-4403235;41,-1,12;47,-11,-6;53,-18,0;65,-5,2;77,-11,10;79,-5,-3;109,-25,9;111,-9,9
rua||rio poti|novo riacho|32065421|25,-1994657,-4405820;29,-8,0;30,1,-4;33,-11,-20;35,14,26;47,-3,-11;61,-178,-222;64,173,206;73,-150,-213;92,140,177;108,8,0;112,-31,-17;121,-57,-84;130,54,75;135,0,0;136,-11,-3;137,10,-6;141,1,1;145,-12,-9;150,-105,-159;152,108,154;211,-116,-215;233,1,-13;263,5,-9;272,20,130;275,10,32;282,-7,-15;284,-6,-26;286,7,24;289,51,51;291,-50,-57;296,57,64;298,-71,-88;300,-4,-4;301,64,96;302,-4,-21;311,6,3;312,-71,-239;314,50,217;323,-53,-180;324,2,-43;325,4,164;331,-4,2;335,-9,-183;340,8,125;342,2,-47;345,-5,98;347,-2,-140;353,-3,-50;354,18,75;359,-11,-40;360,5,83;363,-7,5;366,-1,-55;418,8,43;430,16,-15;444,-16,-40;477,-10,10;499,2,-44;528,3,-6;538,-1,-12;579,122,354;651,-125,-363;785,43,246;796,61,77
rua||rio poti|riacho|32065421|421,-1994826,-4406312;505,0,-82;506,2,80;517,-1,-92;520,4,85;526,9,-40;529,-12,-61;530,5,1;540,-4,-9;542,2,38;543,0,-41;544,-1,51;550,2,45;555,-9,-113;596,9,39;614,-1,-33;629,4,-19;633,-20,118;635,13,-115;636,18,160;641,-22,-171;645,2,111;657,7,-3;669,-7,-9;670,9,-28;691,-14,22;805,8,40
rua||rio po|inconfidentes|32265050|15,-1996107,-4404714;44,4,-8;56,-3,-14;68,11,-13;70,-9,-26;73,18,90;80,-21,-75;82,-5,-14;92,4,-2;104,3,-6;115,-5,-2
rua||rio prata|novo riacho|32280460|93,-1994762,-4405576;111,-18,-8;140,-16,-8;241,23,13;253,-5,-1;254,-8,-6;255,-4,3
rua||rio prata|riacho das pedras|32280460|46,-1994714,-4405585;55,-8,20;182,2,-14;197,15,-11;198,-1,12;205,0,-10;210,14,3;1781,-1,2
rua||rio purus|riacho|32280030|10,-1994801,-4404787;17,-10,78;29,4,-12;65,-3,-20;68,9,-3;72,-7,-24;77,3,10;107,-3,-39;119,-8,-27;125,-30,-170;131,27,162;143,1,-7;147,5,-5;155,-10,-13;158,6,-6;167,-3,2;179,-5,-12;182,7,-5;191,-10,1;194,7,-9;203,2,-6;206,-5,-2;218,3,-9;220,-3,-15;226,10,-28;227,-26,24;239,3,-2;251,-19,-12;258,47,195;263,-32,-204;275,-4,-15;285,-6,-10;288,1,-12;289,4,18;294,-4,-25;299,0,1;311,-21,-3;462,44,84
rua||riso do prado|eldorado|32060516|25,-1993763,-4403698;45,-5,29;59,7,16;73,13,14;98,34,44;99,24,23;100,1,-3;101,26,40;108,-65,-64;110,28,18;111,-5,-1;112,33,17;113,-65,-54;115,79,80;116,1,-30;118,-22,1;120,-9,-20;131,-36,-18;134,-10,-16;136,73,81;140,6,-3;144,14,16;148,9,15;150,1,0;198,-121,-136;200,-9,-4;210,-15,-23;230,97,119;234,4,3;238,5,-3;242,8,2;262,7,26;272,13,15
rua||sol poente|jardim laguna|32110280|20,-1989476,-4403045;32,-9,-1;44,-8,-5;56,-19,5;68,-5,4;80,-15,1;104,-20,3;116,-14,3;118,4,3;128,-12,-3;140,-12,-4;152,-4,6;162,-4,2;164,-10,-15;176,-14,17;188,-11,7;200,-8,4;212,-18,-2;224,-8,6;226,6,-1;238,-12,-1;240,-12,1;254,-11,8;260,-6,-8;266,-7,3;272,76,-10;290,-87,20
rua||teodoro mendes pires|cinco|32010110|102,-1993987,-4406292
rua||valentim costa pacheco|contagem|32044190|54,-1991428,-4406744;58,4,6;80,-37,-37;172,-37,-50;196,8,-22;220,-32,0;229,86,96;236,-95,-107;289,-9,-15
rua||valentim costa pacheco|tres barras|32041000|25,-1991416,-4406721;31,-226,-247;47,217,238;49,0,1;55,-5,-4;65,-8,-6;69,-1,-2;73,-5,-7;77,-10,-14;79,-8,-6;330,-138,-168;334,-14,-5;342,0,-5;346,-6,-10;355,-8,-9;356,3,3;357,-9,2
rua||vicente ribeiro de paula|quintas coloniais|32015120|120,-1988468,-4408644;143,9,-12;160,107,-32;170,-6,6;174,-13,-6;210,66,43;225,-26,-23;280,39,56;283,0,48;286,-1,-55;287,8,27;289,2,32;293,-3,4;295,-99,-121;300,55,11;303,44,134;311,-184,-121;335,28,-5
travessa||pessegueiros|parque industrial|32210220|64,-1994817,-4403000;66,-8,15;80,-7,3
