avenida|deputado|humberto de almeida|bela vista|37810000|466,-2130818,-4679144;486,4,-1;496,-15,-12;506,-2,-38;510,2,38;514,-11,-3;520,-2,0;546,-19,-10;556,-11,-6;563,19,8;566,-27,-10;576,-17,-10;586,-25,-9;594,-11,-7;604,-8,8;614,-4,-17;622,-8,-10;624,-4,4;640,-9,-16;664,-5,-5;682,-19,-15
avenida|deputado|humberto de almeida|bom jesus|37810000|729,-2131046,-4679269;741,-6,-6;755,-9,-4;769,-8,-7;779,-8,-1;831,-41,-20;843,-10,-4;853,-10,1;865,-7,-1;873,-10,1;893,-11,1;903,-12,1;913,-5,2;957,-47,12;964,-7,-9;969,-8,7;974,-2,-6;979,-4,3;989,-3,2;999,-16,1;1000,13,-1;1027,-36,-1;1030,4,0;1039,-12,0;1060,-18,3;1080,-22,-4;1085,-8,13;1101,-10,1;1123,-13,-3;1145,-30,-2;1146,-14,-4;1165,-4,2;1186,-16,-6;1196,-17,3;1200,-3,-11;1206,-8,2
avenida|deputado|humberto de almeida|centro|37810000|20,-2130433,-4679032;26,-7,-11;28,-6,2;33,-18,8;48,1,-8;49,-1,10;55,2,-5;60,-14,-7;61,11,16;65,1,0;66,-23,-17;81,-12,10;85,-2,4;459,-311,-104;497,-36,-11;509,-13,-9;517,-9,-2;527,-15,-25;537,-1,1;547,-16,9;549,-3,-7;706,-109,-94;716,-9,-2;726,-9,-12;736,-9,2;738,-8,-10;762,-5,-2;772,-14,-15;784,0,-1;796,-9,-8
avenida|deputado|humberto de almeida|distrito industrial|37810000|1370,-2131572,-4679317;1424,-94,-3;1444,-25,-5;1454,-5,3;1468,-15,-2
avenida|deputado|humberto de almeida|jardim 25 de dezembro|37810000|1500,-2131740,-4679328;1510,-5,-2;1566,-24,-5;1576,-7,5;1586,-4,-4;1588,-11,-1;1594,-20,-1;1596,-13,-2;1600,-6,3;1622,-14,-6;1650,-13,12;1660,-9,7;1670,-2,1;1680,-21,-2;1690,-7,7;1700,-10,-1;1710,-1,3
avenida|deputado|humberto de almeida|jardim renovacao iii|37810000|1643,-2131846,-4679320;1651,-15,4;1659,1,-1;1667,-12,3;1677,-6,4;1685,-10,6;1693,-5,-5;1703,-6,5;1711,-4,3
avenida|deputado|humberto de almeida|jardim renovacao ii|37810000|1539,-2131760,-4679316;1547,-4,-2;1557,-8,0;1585,-25,-5;1595,-6,3;1605,-6,-2;1611,-13,-10;1621,-13,8
avenida|deputado|humberto de almeida|jardim renovacao i|37810000|1251,-2131495,-4679292;1281,-18,-5;1347,-59,-3;1367,-18,-1;1375,-12,-1;1385,-11,2;1393,-3,2;1403,-9,-4;1413,-13,-4;1421,-6,1;1429,-6,-2;1439,-12,-1;1495,-50,-4
avenida|deputado|humberto de almeida|vila cruzeiro|37810000|133,-2130558,-4679024;141,0,-6;153,-10,-3;175,-25,-3;187,-11,8;205,1,-14;225,-24,-10;237,-12,-6;241,-12,4;247,-5,1;257,1,-7
avenida|doutor|werter pereira dias|distrito industrial|37810000|1,-2131357,-4679506;11,40,-5;21,21,-7;31,0,-2;41,10,-8;51,15,-26;61,13,2;81,14,1
avenida||fepasa|taquaral|37810000|11,-2130349,-4678426;21,-14,-7;30,-24,37;31,5,-13;40,-11,9;41,19,-36;51,-9,-6;61,-12,-6;71,-5,-1;81,-6,-6;350,-224,-236;370,37,25;432,129,84;442,4,12;462,15,12
avenida||irmaos moraes|residencial junior|37810000|14,-2129782,-4680371;41,5,-21
avenida||jose alcantara de moraes|jardim morada do sol|37810000|338,-2129842,-4681092;340,4,-12;350,4,-11;360,7,-2;370,8,2;386,8,-15;440,31,-45;480,9,-34;502,20,-18
avenida||jose alcantara de moraes|nova guaranesia|37810000|286,-2129869,-4681058
avenida||jose alcantara de moraes|perimetro urbano|37810000|135,-2129931,-4680928;165,4,-18;210,15,-86;251,15,-15;403,71,-104;413,18,-22;449,20,-29;457,7,-7;467,10,-5
avenida||jose alcantara de moraes|varzea|37810000|42,-2129949,-4680769;46,5,-21;51,-11,-9;57,0,-10;70,14,2;75,-11,-15;78,7,2;80,12,-18;87,-14,7;94,10,-7;95,-11,-8;96,19,-7;126,18,-4;132,-10,-27
avenida||maria i d r do valle|characa alto da boa vista|37810000|197,-2129401,-4680727;227,0,0;541,233,252;589,24,21
avenida||nestor da s pereira|doutor joao ribeiro|37810000|251,-2129874,-4679440
avenida||reboucas|centro|37810000|10,-2130150,-4680234;25,-20,4;33,-9,-2;39,-1,-3;44,4,-6;52,-15,-5;72,-17,-6;78,-8,-4;90,-2,-7;91,-9,13;96,4,-15;140,-34,-16;150,-17,2;168,-13,-5;169,-6,3;207,-60,-15;227,12,8;231,-15,1;232,12,-13;245,-16,10;255,-13,-4;256,7,-14;265,-11,14;266,-1,-17;274,-4,5;275,-5,10;278,-1,-13;287,4,7;290,-17,-10;333,-48,0;341,-4,-2;356,4,-21;357,-10,19;373,-11,-3;416,-28,-22;460,-32,-11;461,462,139;475,-16,-1;479,-2,1;480,-470,-144;487,466,144;505,-27,1;521,13,-4
avenida||reboucas|vila nunes|37810000|397,-2130486,-4680326;401,-6,-5;413,-14,-3;425,-7,-2;435,-10,-2;451,-17,-3;465,-13,-6;473,-6,2
estrada|sao|jose do bebedouro|onca|37810000|54,-2128551,-4683176
estrada||antiga para guaxupe|perimetro urbano|37810000|1661,-2130142,-4678727
estrada||bugiu|serrinha|37810000|11,-2124056,-4672864
estrada||corrego da prata|cachoeira|37810000|7,-2125898,-4673764;8,970,-2576;12,1545,1208;13,-1246,232;15,-193,113;17,13,-3
estrada||corrego da prata|corrego da prata|37810000|7,-2126494,-4673824;8,121,-1842
estrada||corrego da prata|sitio bugiu|37810000|12,-2123411,-4675253;17,-409,522;18,58,42
estrada||corrego da prata|ultima casa da estrada|37810000|7,-2125816,-4673929
estrada||do distrito industrial|eco textil|37810000|1001,-2129149,-4679629
estrada||do matao pra guaranesia|matao|37815000|13,-2123038,-4682895;16,3579,2006
estrada||dos dias|matao|37815000|12,-2121394,-4681365
estrada||gordura a bela vista|fazenda|37810000|8,-2138204,-4688006
estrada||guaranesia a cachoeira|cachoeira|37810000|1,-2125179,-4676377;7,-1109,-588;11,2068,3467;12,95,-1243
estrada||guaranesia a cachoeira|corrego da prata|37810000|7,-2126493,-4673824
estrada||guaranesia a cachoeira|recanto da mata|37810000|3,-2129148,-4678092
estrada||guaranesia a graminha|graminha|37810000|14,-2133000,-4680818
estrada||guaranesia a guaxupe|boa esperanca|37810000|1001,-2130441,-4678148
estrada||guaranesia a guaxupe|sitio guarana|37810000|2,-2130212,-4676589
estrada||guaranesia a igarai|morro do sabao|37810000|2,-2132784,-4679745
estrada||guaranesia a igarai|perobas|37810000|5,-2135724,-4677578;6,-94,-116;7,3,-5;8,-15,-31;16,-27,-48;17,-1,-9;18,-11,-34;19,-4,-20;20,-14,-15;22,-10,-20;23,-2,-23;24,-2,-24;27,364,-899
estrada||guaranesia a igarai|santa rosa|37810000|1,-2132732,-4679432;2,16,-11;4,8,-13;5,13,-10;6,22,-24;7,12,-2;8,6,-13;13,67,-56;19,-130,129;21,26,-32;23,36,-30;26,35,-34;28,38,-29;31,57,-53;33,1,2;35,58,-2;70,-27,266;100,-248,-79;130,296,-23
estrada||guaranta|fazenda s nome|37810000|1,-2135984,-4681508;2,14,3;7,240,82;8,0,39;11,41,8
estrada||ipiranga|onca|37810000|2,-2125457,-4684500;6,-290,-87;7,220,67;8,-16,-8;9,-16,0;12,-405,-116;13,-10,8;14,-13,-2;15,-4,-1;17,-9,-11;18,-59,-5;19,-14,-3;20,-23,-5;21,-19,2;25,-42,-17;26,-8,0;30,-39,90;37,-185,-170;45,-66,-274;48,49,-63
estrada||itaiquara|santo antonio da limeira|37810000|5,-2136638,-4680570
estrada||lavrinha|lavrinha|37815000|14,-2121876,-4679651
estrada||matao a fazenda cachoeira|matao|37815000|13,-2121038,-4682648
estrada||matao|paraiso|37810000|2,-2124575,-4680320
estrada||monteiro a guaxupe|sitio barrinha|37810000|4,-2132662,-4677019
estrada||monteiro|fazenda monteiro|37810000|4,-2133614,-4678094;5,17,13;6,19,7;7,20,12;8,-121,-64;9,155,75;51,2502,-328;61,-6,4;71,-9,5;121,-41,23;131,-5,-3;151,-19,23;161,-11,2;191,-19,11
estrada||papagaio|lavrinha|37815000|20,-2118813,-4680220
estrada||para a serrinha|portal do lago|37810000|4,-2129059,-4677569
estrada||para capelinha|santa cruz da prata|37815000|19,-2119416,-4677235
estrada||para mandaguari|matao|37815000|13,-2121396,-4681244;14,899,-167
estrada||prata a monte santo|alto da serra|37815000|21,-2117856,-4678031
estrada||prata matao|santa cruz da prata|37815000|300,-2120175,-4674969
estrada||prata sentido tongo|lavrinha|37815000|3,-2121216,-4678496
estrada||prata sentido tongo|sao jose|37815000|20,-2122556,-4677827
estrada||sem denominacao|nove de julho|37810000|10,-2130211,-4681597;11,2,-1;20,-14,8;71,10,82;110,-51,-12;117,-42,75;130,22,-49;140,-4,4;211,-32,64;221,-8,16
estrada||sem denominacao|prox correnteza e pavao|37810000|60,-2131955,-4687870
estrada||serrinha|serrinha|37810000|7,-2125777,-4672497;9,815,-1569
praca|coronel|jose gabriel pinheiro|centro|37815000|195,-2120352,-4674630;205,-7,12;231,-21,4;245,-2,12;257,25,-34;267,-45,46
praca|coronel|paula ribeiro|centro|37810000|1,-2129939,-4680344;6,-7,-24;8,-97,4;18,46,0;26,29,-3;29,23,51;32,-41,-39;34,-71,-19;40,75,6;46,-4,12;51,32,48;56,-41,-58;75,49,95;76,-99,-26;80,22,-77;90,-11,-10;97,75,125;102,-83,-26;114,1,19;123,78,27;126,-85,-19;138,-9,7;150,18,-93;173,76,95
praca|dona|sinha|centro|37810000|140,-2130008,-4680115;179,28,-64;183,-1,3;193,-7,8;199,4,16;209,1,4;211,-5,2;225,-2,10;233,-3,21;269,-15,13;295,-24,-7;305,0,-63;309,-15,61;312,-18,-79;325,8,49;366,-3,-10;370,-15,-8;374,25,17;380,-3,4;388,-10,11
praca|presidente|getulio vargas|centro|37810000|21,-2130140,-4679867;22,7,-39;83,-18,69;90,-51,-77;99,40,68;110,-54,-76;119,30,73;120,-27,-46;134,2,21;143,21,23
praca||ana candida pinheiro|centro|37815000|96,-2120556,-4674770;106,-1,2;118,-10,21;134,-2,3;144,-3,7
praca||cinco de julho|centro|37810000|16,-2120317,-4674664
praca||joao biela sa silva|bela vista|37810000|818,-2131093,-4679332;828,-8,-10;860,-20,-13
praca||joao biela sa silva|centro|37810000|1420,-2131190,-4679342;1430,0,2;1450,-10,13;1456,-3,6;1460,-9,10
praca||jose gabriel pinheiro|centro|37810000|111,-2120423,-4674595;120,47,-54;130,-6,1;136,0,-4;150,-68,-12;173,2,41;188,20,-51;377,29,83;387,-67,-56
praca||jose teixeira de moraes|centro|37810000|83,-2130618,-4680406;111,2,16;1018,-2,-90
praca||jose teixeira de moraes|cohab|37810000|84,-2130624,-4680411;110,-6,12;120,-6,13;248,-39,116;252,-8,14;260,19,-43;274,-22,57;284,0,10;290,-4,20;342,-5,51;346,0,1
praca||ruy barbosa|centro|37810000|21,-2130131,-4680195;36,-40,27;37,39,-6;40,-7,11;55,9,0;62,-7,9;71,6,6
rodovia||br 491|cachoeira|37810000|7,-2125346,-4675218
rodovia||br 491|corrego da prata|37810000|7,-2126176,-4674446
rodovia||br 491|mirante|37810000|74,-2129719,-4676052
rodovia||br 491|portal do lago|37810000|1,-2129471,-4678019
rodovia||br 491|pra frente do sitio recanto dos passaros|37810000|7,-2126081,-4673634
rodovia||br 491|serrinha|37810000|7,-2125892,-4674913
rua|barao|do rio branco|centro|37810000|7,-2129931,-4679761;21,145,-544;25,2,4;29,1,2;39,-6,12;65,-11,19;74,-9,10;75,6,-4;95,-9,42;101,10,-1;102,-14,-2;119,5,6;120,-5,-6;127,9,17;128,-6,4;137,-5,8;140,-2,-5;150,-2,13;153,9,3;159,-9,19;170,-1,-2;175,5,7;209,-12,32;219,-1,-5;222,-6,8;232,-10,7;237,16,10;247,-16,20;263,0,13;269,21,10;293,-26,17;303,-3,3;314,-11,14;317,10,-2;321,0,10;322,-9,-6;329,4,12;334,-12,3;339,13,4;344,-10,10;350,0,7;355,4,-4;366,-2,26;380,-4,-10;394,-5,16;411,-5,29;412,-6,3;429,6,2;435,-5,18;436,-4,-3;442,-3,22;446,8,7;447,-2,-29;450,-12,35;451,-2,9;454,-1,-2;470,1,21;497,6,-13;521,-14,27;531,2,9;538,-5,5;539,2,3;549,-1,14;550,-1,2;557,1,2;560,-6,11;567,-2,3;570,-6,-3;573,5,5;593,-9,21;608,4,8;609,4,12;618,-10,3;619,-3,1;632,0,8;635,4,4;639,-3,4;642,-8,10;648,-6,2;657,8,12;658,-4,-4;672,-4,15;683,10,11;703,-9,16;712,-10,12;713,3,0;723,-4,9;730,-5,13;745,6,8;752,-9,8;763,4,-1;766,-12,15;788,2,14;798,-6,13
rua|capitao|gabriel|centro|37810000|10,-2129638,-4680065;20,13,-11;26,-23,-2;30,3,-23;36,-7,16;40,51,29;42,-51,-50;56,-26,8;74,14,-33;96,6,-6;114,-18,-41;140,-24,-25;151,-12,7;160,12,-10;165,-18,-10;175,-4,-5;188,8,-6;202,-16,-20;220,0,-14;224,0,-3;238,-11,-11;252,-14,-11;257,-1,-2;258,4,-12;276,-14,-12;296,-4,-19;355,-31,-39;433,-47,-63;445,-11,3;467,-12,-17;496,-46,-24;525,-11,-2;534,2,-13;537,-4,10;542,4,-6;551,-16,-1;557,-8,1;568,25,7;577,-39,-19;578,-1,-16;579,0,15;595,-16,-14;600,3,-9;607,-4,9;614,-2,-9;622,-14,-9;640,2,-2;641,-19,8;645,-2,2;650,17,-17;656,-27,1;668,-4,0;673,-13,-6;680,-2,-2;692,-8,2;693,-8,1;706,6,-17;710,-35,3;722,5,4;732,-8,8;735,-15,-3;742,4,-9;752,-1,4;772,-21,-5;776,-5,4;786,-18,-6;794,-7,7
rua|capitao|gabriel|residencial junior|37810000|360,-2129804,-4680373;368,-6,-7;384,-7,-13;394,2,-4;400,-11,-3
rua|capitao|gomes costa|centro|37810000|4,-2129791,-4680318;6,-7,5;21,-9,0;26,-5,-12;34,-9,8;38,-1,-13;59,-24,4;60,11,-4;75,-27,-1;118,-40,-13;140,-8,-9;317,-156,-30;326,-6,-10;333,-19,4;340,4,-8;380,-31,-25;387,-15,24;390,1,-11;391,-14,4;400,6,-7;409,-13,6
rua|cardeal|carmelo|centro|37810000|6,-2130089,-4680528;35,2,28;42,-6,-1;45,6,11;55,-1,14;65,-2,6;76,-9,3;97,10,22;98,-14,-4;113,0,36;130,-2,5;154,-4,21;168,-2,10;176,1,8;183,7,19;184,-10,-5;185,14,5;189,-8,0;225,-5,43;230,-4,-7;244,-2,9;264,2,26;269,-6,4;270,3,2;277,3,10;284,-6,6;295,4,7;299,-2,5;311,7,6;319,-4,1;396,-59,68;414,-8,11;432,-14,19;447,2,13;457,-11,16;466,-9,-3;469,8,10;489,-9,13;499,-6,13;508,-9,-4;509,2,9;560,-39,30;570,-5,8;588,1,20;590,4,17;597,16,-11;600,-16,5;603,9,6;612,-11,14;624,-3,3;638,-3,18;657,5,30;660,-5,-10;667,8,17;678,-15,2;687,19,6;688,-35,17;700,5,-1;716,14,-4;734,-11,35;762,-11,24;770,-5,13;782,2,6;788,1,18;798,-5,0;800,5,1;808,-5,5;818,-1,12;840,-14,28;850,6,-4;855,11,20;864,-11,-5;876,-4,18;890,-6,6;898,1,17;900,-2,2;915,-12,13;922,3,3;925,4,11;936,-5,2;948,0,10;968,-29,25;976,19,14;984,0,2;992,-6,-1;1018,-3,31;1021,0,5;1046,-1,4;1070,1,43;1078,-15,2;1080,-3,15;1090,-2,3;1126,-11,32;1136,9,6;1146,-5,16;1160,-8,12;1174,3,6;1188,-1,12;1214,-16,26;1224,2,10;1238,-4,6;1240,-3,12;1244,2,2;1321,-15,69;1329,-1,4;1345,-3,16;1350,-8,8;1355,9,6;1371,-10,24;1377,0,-1;1385,0,0;1391,-1,1;1403,-3,16;1413,1,10;1417,-4,11;1433,-2,7;1445,-7,12;1447,21,-66;1449,-17,52;1455,-9,49;1515,-4,21;1525,-2,15;1531,-5,14;1543,-4,9;1599,-6,22;1625,0,9;1635,-3,9;1649,-7,16;1650,-40,39;1657,22,-7;1660,-13,18;1663,9,5;1670,-15,6;1676,11,14;1677,5,-9;1689,4,9;1696,-1,-17;1729,3,49;1732,-4,1;1739,5,10;1740,-4,2;1751,6,9;1752,-2,-1;1760,2,2;1761,3,7;1771,1,16;1772,-3,-9
rua|coronel|misael sandoval|centro|37810000|5,-2129761,-4680035;11,-3,-2;29,-18,10;30,18,-17;39,-25,-2;82,-33,-13;85,-4,6;121,-47,-8;138,1,-11;141,-7,8;154,-8,-13;168,-17,-8;171,11,13;183,-19,-11;226,-39,-11;229,-6,6;236,-9,-8;242,-1,-1;245,-6,4;259,-10,-4
rua|dona|julia perocco|centro|37810000|62,-2130044,-4678995
rua|dona|julia perocco|parque do trevo|37810000|15,-2130067,-4678996;25,3,2;35,13,-5;45,1,-4;53,10,5;65,14,-3;75,2,6;83,14,-2;95,9,-5;107,7,-1
rua|dona|maria jose|centro|37810000|11,-2130178,-4679833;29,-6,16;43,8,17;47,-11,4;61,-4,15;65,-5,7;66,-1,-12;79,5,16;80,-10,-1;379,-16,117
rua|doutor|alberto jose alves|centro|37810000|30,-2130132,-4679357;34,-10,-6;58,-21,2;70,-7,-4;109,-46,-7;123,0,-5;132,-43,-7;133,26,-7;143,-7,10;195,-37,-16;203,-13,-5;213,-6,3;227,-8,-1;236,-8,-3;285,-50,-13;370,-72,-30;373,2,10;380,-9,-9;394,-18,-4;400,3,-3;408,-16,-1;424,-3,-4;430,-38,-1;448,17,3;460,-15,-6;480,-22,-5;486,-8,4;502,-17,-1;522,-14,5;532,-10,-1;538,-10,5;540,1,7;546,-11,-2;556,-8,-1;570,-8,8;576,-2,-6;586,-15,-1;596,-3,20;614,-8,-2;632,-26,3;636,-4,-2;652,-2,6;662,-21,1;676,1,-3;687,17,-7
rua|doutor|alcindo ribeiro lima|bom jesus|37810000|10,-2131020,-4679218;13,8,-11;15,0,17;26,-11,4;36,3,13;37,6,-1;46,-6,9;47,13,3;62,-15,15;66,1,5;76,1,3;86,0,14;96,2,9;104,-6,13;120,15,14;126,-4,2;130,6,6;136,0,7;138,-14,4;152,12,6;247,-6,-17
rua|doutor|alcindo ribeiro lima|centro|37810000|75,-2131010,-4679159;85,0,13;95,-4,4;101,0,13
rua|doutor|alcindo ribeiro lima|vila lopes|37810000|123,-2131020,-4679108;133,3,16
rua|doutor|arnaldo francisco delorenzo antiga rua d|characa alto da boa vista|37810000|67,-2129350,-4680484;95,-1,-152;123,23,-33;145,21,-12;193,7,-8;202,20,-7;219,4,-15;228,4,7;238,14,-23;249,-11,7
rua|doutor|ary monteiro dias|bom jesus|37810000|56,-2130854,-4679129;92,-27,3;98,-6,2;102,-3,0;104,-2,-3;112,2,5;114,-15,-4;124,-8,-3;134,-7,-3;136,-3,4;140,0,-2;146,-11,8;160,-11,-1;168,-13,-1;180,-10,1;190,0,-2;200,-13,-1;251,-49,12;261,-5,-3;263,8,-2;271,-17,2;283,-11,1;288,-2,-9;289,-4,2;294,-2,-1;299,-7,9;305,-11,-1;312,6,-8;322,-5,-1;323,-8,12;324,-3,-10;333,-5,8;352,-14,-5;394,-43,-5;397,-8,7;404,-11,-7;405,3,11;414,-11,-9;415,4,2;423,-13,10;424,4,-8;425,6,-15;434,-17,13;439,1,1;444,-8,3;446,-3,-26;448,1,27;449,4,-2;450,-13,-3;452,-2,3;454,-4,-1;459,4,-9;480,-36,20;488,-2,-10;491,-3,8;494,1,-6;498,-7,-5;507,0,12;512,-5,-15;514,8,6;517,-18,2;522,1,1;527,-9,-1;532,-5,-4;539,2,3;542,-9,-2;545,6,7;552,-12,-6;577,-13,4;613,-39,10;620,4,-21;623,-12,13;626,1,-7;632,-5,3;635,-10,3;647,-12,2;655,-10,2
rua|doutor|ary monteiro dias|jardim renovacao iii|37810000|1159,-2131854,-4679037;1179,-9,20
rua|doutor|ary monteiro dias|jardim renovacao ii|37810000|972,-2131681,-4679076;975,1,9;980,-13,-6;985,9,6;988,-12,-2;993,0,3;998,-10,-3;1001,7,6;1008,-12,-17;1009,5,16;1017,-12,-1;1024,-7,0;1025,-1,3;1033,-5,-4;1034,-5,1;1041,-4,5;1044,-6,-2;1049,-9,9;1057,-1,1;1060,1,-8;1065,-14,6;1068,6,-9;1073,-11,8;1076,1,-1;1081,-7,7;1089,-7,0;1092,-4,-15
rua|doutor|ary monteiro dias|jardim renovacao i|37810000|674,-2131414,-4679124;684,-8,-14;688,1,19;694,-11,-2;702,-7,3;704,9,7;714,-11,-3;732,-27,5;738,0,5;748,-7,-6;751,3,16;756,-16,-12;759,8,12;764,-14,-18;767,2,9;771,-58,16;772,50,-18;780,-12,0;781,5,10;788,-12,-3;789,3,7;796,-9,-10;797,7,8;804,-18,0;805,8,-1;813,-10,0;814,0,-7;821,-9,10;822,1,-2;843,-16,6;844,-2,-8;851,-4,13;852,-1,-7;859,-11,4;860,4,-7;867,-9,8;868,-3,-5;875,0,7;876,-3,-2;883,-6,2;884,-1,-3;891,-8,3;892,0,-3;899,-7,6;900,1,-4;907,-6,2;908,0,-4;916,-11,3;917,4,1;925,-14,5;926,4,-6;933,-11,24;934,3,-22
rua|doutor|ary monteiro dias|vila lopes|37810000|85,-2130861,-4679114;99,-28,-8;117,-16,-11;127,-6,8;135,-10,4;145,-11,-1;155,-6,2;161,-3,-2;171,-15,4;195,-21,-3;205,-11,-1;213,-4,4;222,-1,-1
rua|doutor|francisco monteiro dias|bom jesus|37810000|422,-2131158,-4679044;430,-17,-4;436,-5,3;442,-4,4;444,0,-2;452,-7,3;462,-38,6
rua|doutor|francisco monteiro dias|jardim renovacao i|37810000|627,-2131332,-4679019;641,-17,11;651,-3,-12;657,-17,17;665,-4,-2;673,-2,-8;745,-67,17;755,-13,3;765,-7,-1;773,-18,4;785,1,-4;793,-8,4;803,-2,4;811,-8,-4;819,-10,4;827,-7,-4;837,-13,4;845,-2,4
rua|doutor|francisco monteiro dias|passaro da ilha|37810000|325,-2131079,-4679068;345,-7,-1;351,-5,21;355,-5,-20;357,-8,2;361,-1,9;367,-5,-3;375,-8,-11;381,-2,33;391,-4,-18;403,-14,2;407,-1,1;411,-6,-2;419,-17,14;425,0,0;431,-4,-2;437,-6,-2;459,-14,2;467,-17,10;477,-7,-1;485,0,-8;493,-17,9;513,-30,3;517,-1,-18;529,-11,20;537,4,-11;541,11,3;545,-12,4;571,-24,4;575,1,-11;583,-13,19;591,-10,3;603,-1,-10
rua|doutor|joao pereira dias|bom jesus|37810000|68,-2130980,-4679183;74,-4,-1;82,-14,5;88,-5,5;92,-3,-4;122,-299,-4;128,279,1;132,-12,-2;136,-6,3;137,-5,7;146,-6,-11;147,-3,9;156,-3,-4;157,-8,12;166,-5,-16;181,-11,5;189,-11,-3;193,-5,5;254,-49,-1;255,-4,3;265,-11,0;268,3,-4;275,-12,2;280,4,0;284,-4,-5;285,-12,7;290,9,-8;295,-18,9;296,8,-8;306,-19,6;325,-5,2;353,-33,2;356,6,-8;359,-10,8;366,-4,-9;368,-14,-7;369,12,15;370,-1,-12;378,-9,9;379,-7,5;388,-7,-11;389,5,10;397,-16,-8;398,7,-2;407,-11,16;410,3,-16;419,-15,-2;435,-6,5;477,-46,0;484,18,6;485,-24,0;486,23,0;494,-37,-10;495,6,13;501,-10,-3;507,-6,-6;509,-11,-4;511,-3,6
rua|doutor|joao pereira dias|centro|37810000|3,-2130917,-4679171;9,-12,-5;13,-4,0;19,-8,-4;35,-15,7;45,0,-10;51,-3,-5;59,-13,8;71,-14,-1;81,-23,8;83,3,-4;85,6,-3;87,10,-6;89,1,4
rua|doutor|joao pereira dias|jardim renovacao iii|37810000|980,-2131814,-4679111;988,-10,2;991,0,10;992,-8,-9;1001,0,7;1006,-4,-5;1011,-5,4;1018,-4,-3;1021,-2,7;1028,-7,-9;1036,-2,2;1041,-6,10;1044,-8,-5;1054,-4,-1;1061,-11,10
rua|doutor|joao pereira dias|jardim renovacao ii|37810000|841,-2131687,-4679126;842,-3,-3;849,-11,6;850,4,-10;857,-14,12;860,9,-9;867,-13,8;868,6,-6;877,-13,9;878,2,-9;883,-6,11;884,2,-8;891,-15,7;894,1,-8;900,-2,6;901,-2,2;909,-7,6;910,-9,-12;917,0,10;918,1,-6;925,-9,13;926,-1,-7;933,-5,5;936,-2,-13;944,-4,5;949,-6,5;953,-4,8;954,1,-12;959,-8,8;964,2,-6
rua|doutor|joao pereira dias|jardim renovacao i|37810000|527,-2131396,-4679176;538,-20,-2;539,13,0;546,-28,8;547,-2,7;555,1,-3;556,-2,-8;564,-16,0;569,11,11;572,-1,-25;577,-17,30;580,9,-8;598,-28,7;599,6,9;607,-5,-5;608,-8,-6;615,1,7;616,-2,-10;619,-10,11;622,-2,0;632,-8,-9;639,-3,9;640,-3,-6;647,-1,7;648,-2,-4;655,-5,7;656,-5,-13;664,-10,12;665,8,4;677,-13,-5;678,2,-4;685,-8,9;693,-6,2;694,-3,-10;709,-14,10;710,-1,-8;717,-10,13;718,2,-10;723,-8,8;724,-1,-4;731,-6,8;734,1,-13;741,-10,13;742,3,-5;747,-7,2;748,-7,-6;757,1,16;758,-4,-12;763,-5,4;764,-1,-3;771,-7,9;772,-1,-10;779,-7,9;780,0,-6;789,-6,5;790,-1,-7;797,-8,9;798,0,-5
rua|doutor|lauriston pereira lima|vila lopes|37810000|49,-2130868,-4678936;55,-14,1;69,-10,2;83,-16,2;91,-12,7;109,-16,1;119,-16,1
rua|doutor|pontes|centro|37810000|3,-2130090,-4679444;34,-33,-7;35,-1,12;45,-2,-12;48,-7,4;55,-11,-1;111,-48,-24;114,-2,4;121,-5,3;131,-16,-4;141,-15,9;200,-46,-36;228,21,15;231,-37,-22
rua|doutor|silvio goncalves|centro|37810000|50,-2129778,-4680241;103,-39,-4;112,-13,-14;135,-15,-4;136,-4,-5;143,-6,-1;148,-1,2;157,-11,2;160,-12,-3;210,-40,-24
rua|doutor|werter pereira dias rua a|distrito industrial|37810000|50,-2131310,-4679491;60,-6,-5;140,120,3;150,8,1;152,12,1;160,9,-29;170,-15,-11
rua|major|francisco dias|centro|37810000|8,-2129864,-4679667;14,-18,6;15,-10,14;20,-1,-11;23,-3,7;26,2,-7;27,-3,3;30,-1,-6;31,-8,-2;34,2,-5;35,-12,11;88,-44,-20;112,-16,-3;125,-15,4;133,-15,-7;145,3,-1;185,-46,-4;186,7,-10;206,-12,-8;257,-55,-5;269,-4,-15;289,-15,7;293,8,-4;297,-29,-5;305,3,3;308,23,-3;311,-28,2;346,-21,-20;360,-14,-1;386,-25,2;452,-42,-33;461,-17,12;462,6,-11;469,-18,14;472,2,-6;485,2,-2;497,-15,-2;500,-9,-9;537,-40,-2;538,5,-10;549,-8,9;550,0,-5;567,-21,19;570,11,-28;575,-16,8;576,5,-16;584,-10,5;585,-14,6;590,11,-14;627,-39,8;630,-1,-14;637,-13,10;648,-4,-13;651,-6,8;652,7,-4;654,-11,-1;658,0,-3;672,-9,-1;681,-4,3;682,-3,-29;689,-5,19;694,3,-8;695,-13,13
rua|major|urias|centro|37810000|386,-2130219,-4679855;400,-2,18;408,-10,12;414,2,-2;422,-25,52;432,34,-27;437,-4,0;444,-5,1;460,3,7;462,-15,-4;474,-2,33;505,1,24;524,-11,22;526,2,1;528,-7,-2;548,-4,25;552,-4,1;560,0,6;578,10,17;594,-16,30;600,3,-9;677,-16,76;697,-8,16;713,0,16;725,-1,6;877,-33,152;891,-6,17;909,-1,7;950,-26,38;1003,0,61;1025,-6,17;1035,0,6;1049,-6,17;1059,12,8;1073,-16,10;1089,3,15;1101,-5,10;1143,-1,34;1147,-3,15;1155,4,7;1173,2,14;1205,-5,25;1215,-10,18;1221,6,2;1245,-7,27;1271,-6,36;1275,-3,0;1289,5,8;1303,-4,7;1313,0,13;1325,-2,10;1333,-3,5;1343,-4,9;1353,-1,-2;1363,1,27;1371,1,4
rua|marechal|deodoro da fonseca|centro|37810000|5,-2129815,-4680365;28,-20,-26;80,-46,-13;104,-20,-2;157,-59,-9;168,4,-8;174,-12,2;178,2,-4;185,-21,0;188,14,4;195,-15,-6;198,12,0;208,-14,-1;218,-11,-5;228,-2,1;262,-50,-10;279,-3,4;288,-13,-10;291,-10,6;355,-48,-19;358,-1,-3;373,-19,1;376,5,-3;411,-42,-6;414,0,-14;421,-8,14;424,1,-9;431,-5,8;434,14,-2;441,-40,-7;444,2,-12;451,-16,12;454,13,-8;464,-1,10;474,-18,-17;494,13,10;495,-18,9;502,-11,-18;522,-22,-10;607,-72,-3;621,-18,0;629,-10,1;669,-87,6;679,2,-2;689,-12,-2;699,-7,4;709,-10,13;719,-5,-20;729,-17,5;739,-3,8;749,-8,-3;759,-8,0;769,-21,-6;779,-5,7
rua|marechal|deodoro da fonseca|perimetro urbano|37815000|610,-2130365,-4680517;660,-49,-1;670,-10,1;680,-5,3;690,-11,0;700,-8,2;710,-11,-1;720,-16,5;760,-32,-1
rua|marechal|deodoro da fonseca|varzea|37810000|598,-2130356,-4680551;608,-32,19;620,8,15
rua|marechal|floriano peixoto|centro|37810000|20,-2129869,-4680424;33,1,18;60,-13,27;70,-3,7;77,8,8;80,-8,9;89,-168,779;91,175,-768;115,-11,15;131,2,17;140,-11,8;150,3,4;159,2,17;179,-6,22;195,-2,5;205,-6,19;211,2,9;214,0,-8;228,-8,13;230,4,11;231,-6,-7;239,1,8;240,2,-5;242,-2,0;248,-18,16;254,-4,-4;255,29,6;281,-12,26;293,-9,14;298,-4,4;300,7,11;301,-10,-13;304,12,19;314,-13,-2;315,13,-4;327,-12,17;335,12,9;351,-18,14;358,8,-11;377,-7,34;391,-7,17;398,-6,4;401,13,12;402,-21,1;419,7,10;420,-8,1;429,5,24;438,2,-1;447,0,-5;450,-10,15;455,4,-2;467,-2,25;475,2,-16;503,-11,44;519,-6,14;525,3,1;526,0,-8;540,-6,18;543,3,9;550,-1,-7;559,-5,18;569,-4,15;573,6,15;579,-6,0;600,-10,10;605,10,6;610,-8,-2;611,1,7;620,-6,11;621,1,4;629,0,0;632,-1,0;634,8,7;635,0,1;638,0,9;651,-7,6;656,-11,9;673,12,18;677,-12,11;683,3,1;687,0,6;692,-17,1;699,20,5;701,-7,4;705,3,4;710,-8,1;717,0,15;729,1,2;730,-3,-4;740,-4,12;751,1,15;752,1,3;756,-8,15;788,-22,17;789,24,-7;799,-3,6;806,-6,17;810,0,-5;813,2,8;817,0,-3;826,-5,19;827,-2,1;836,-5,2;839,5,9;843,2,7;855,-7,10;867,-1,9;873,-3,13;880,-6,-4;885,8,8;890,-13,6;936,-1,46;939,2,-4;943,-3,6;945,-1,10;946,4,0;948,-4,-1;950,-3,3;959,1,6;960,-2,-2;968,-10,8;978,-1,10;979,8,10;995,1,-8;1002,-9,23;1011,-9,15;1012,7,-15;1019,-1,19;1026,-5,0;1032,-2,9;1044,-2,5;1051,8,15;1059,1,5;1076,-19,42;1089,0,-17;1090,-1,17;1108,-9,23;1134,-1,2;1168,-8,29;1190,-3,23;1191,8,11;1198,-4,-6;1211,0,16;1212,-7,6;1216,-4,-8;1217,10,12;1223,-5,4;1235,0,9;1245,-7,21;1255,2,4;1276,-13,16;1336,-13,56;1353,7,19;1363,-3,7;1381,-4,28;1414,-8,18;1430,-10,14;1438,4,11;1446,-1,6;1454,-2,7;1467,-7,25;1468,3,-15;1472,1,13;1487,2,11;1490,-7,9;1497,6,-2;1504,-11,13;1511,10,-8;1514,-9,17;1529,4,17;1531,-9,22;1534,3,-30;1542,-5,19;1552,-3,14;1562,-1,-2;1571,0,15;1572,-5,4
rua|professora|lurdes donizete de morais|parque do trevo|37810000|20,-2129882,-4679240;30,7,2;31,-2,-6;40,10,6;41,-2,-5;50,13,10;51,-2,-9;60,10,8;61,1,-5;70,7,4;81,3,-3;83,4,1;90,14,9;91,-7,-7;100,15,7;101,-8,-7;110,19,6;111,-7,-4;120,13,6;121,-8,-4;130,22,10;131,-13,-8;143,15,0
rua|professora|maria conceicao alves silva|jardim renovacao ii|37810000|545,-2131525,-4678847;552,-19,-39;553,-1,6;559,1,-8;560,-2,8;567,-11,1;568,1,-10;576,-5,7;583,0,11;584,-10,-13;587,33,18;591,-44,-5;592,6,-16;599,-12,12;600,0,-6;607,-2,9;608,-8,-12;617,-1,11;618,-4,-1;627,-6,6;633,-5,1;679,-50,5;680,6,-11;686,-2,6;689,-12,-6;696,6,5;699,9,10;704,-29,-8;709,18,1;712,-20,-2;715,-1,10;722,-1,-14;723,-11,16;730,4,-12;731,20,8;740,-29,1;745,4,0;748,-8,-3;753,-17,5;756,6,-3;761,-7,9;764,4,-17;769,-8,25;774,-2,-15;777,3,2;785,-10,8;786,-4,-19;793,-7,18;794,3,-11;803,-9,10;806,1,5;821,-13,14;822,-4,-9;829,-12,-2;830,6,-5;837,-8,0;838,-4,-8;848,-17,17;854,2,-3;855,7,-4;859,-8,6;860,-8,-4;863,-3,6;870,1,-6;873,-4,1;880,-5,12;881,-6,4;890,-5,-14;891,0,5;900,-12,-3;901,7,10;910,-10,-17;911,5,15;920,-18,-4;930,-6,0;931,4,-5;951,-13,12;961,-7,14
rua|professora|maria conceicao alves silva|jardim renovacao i|37810000|316,-2131338,-4678916;319,6,1;326,-13,-10;327,0,10;331,-4,4;335,-3,1;336,2,-5;343,-8,1;346,0,4;351,-9,5;354,5,-5;357,-10,5;362,0,-3;369,-11,5;370,1,-12;377,-17,5;378,10,-2;386,-10,1;387,1,9;393,-7,-1;394,4,-5;402,-13,-2;403,-2,8;410,-2,-4;411,-1,11;431,-15,-1;432,1,-9;441,-7,9;442,-9,-2;449,-1,1;450,2,-7;457,-8,11;458,1,-12;465,-8,11;466,-4,-7;473,-3,11;474,-3,-8;481,-6,5;482,-1,-3;489,18,11;490,-28,-3;497,0,1;498,-3,-8;505,-11,6;506,-1,-7;517,-10,6;518,6,-2;525,-11,4;526,7,-4
rua|professora|maria conceicao alves silva|passaro da ilha|37810000|16,-2131056,-4678965;17,-3,9;25,-9,0;26,7,-3;31,-14,-1;38,1,-1;49,-13,9;50,1,-4;61,-2,6;62,-5,-4;68,-11,-3;71,-1,6;74,-7,2;77,-2,1;80,-7,-1;87,-6,1;107,-19,7;115,-2,-2;127,-14,1;135,-6,3;147,-7,-3;157,-14,4;165,-17,-1;175,-2,1;187,-14,7;205,-8,1;217,-14,0;225,0,-1;233,-21,7;245,-10,-4;257,-2,2;265,-22,3;273,1,1;283,-4,5;286,-6,-8;291,3,7;298,-12,-5;299,-7,6
rua|professora|maria pignatario|cohab|37810000|17,-2130897,-4679816;31,-4,-3
rua|professor|luiz henrique ramos|jardim dos ipes|37810000|1300,-2131096,-4679482;1310,7,31;1320,-10,15;1340,-12,13
rua|santa|barbara|centro|37810000|5,-2129995,-4680096;7,-10,2;9,-3,3;11,6,3;15,-11,5;22,8,-7;25,-13,25;27,1,-5;35,4,4;43,4,1;49,-5,17;51,2,4;55,-1,-2;67,-14,17;79,10,7;84,-4,-3;89,0,10;98,-108,431;99,105,-416;101,-3,0;105,2,5;109,3,0;129,-14,29;130,15,4;134,-10,-15;140,-1,10;152,0,14;153,-10,0;158,3,4;164,-5,12;169,6,0;177,-2,2;182,-15,7;187,12,13;207,-3,13;221,-246,901;233,236,-875;239,0,0;251,-7,15;259,-1,9;267,-5,5;277,-3,4;283,-2,12;303,9,14;315,-11,16;325,1,8;334,-9,5;339,4,6;340,-6,1;345,0,10;354,-1,2;359,3,4;362,-14,12;367,6,11;374,-2,-8;390,-2,20;393,3,-1;435,-8,40;438,-10,4;447,7,8;450,-10,6;457,8,2;460,-9,5;467,9,11;480,-14,9;490,1,4;495,4,10;500,-6,-2;503,1,14;508,-4,-10;511,6,16;523,-4,10;554,-14,34;557,7,-2;564,-9,6;567,8,12;573,1,0;574,-14,-4;577,9,7;586,-12,3;598,-8,18;606,8,3;615,8,11;624,-6,2;627,-6,8;631,-3,8;636,-1,2;639,0,8;643,1,0;650,-5,-5;657,5,23;660,-3,-5;669,-4,7;674,-3,-1;692,-9,30;701,7,-2;713,-2,12;714,-7,-4;719,2,11;727,2,9;741,-6,20;753,-5,9;765,2,-3;789,-2,34;795,-6,10;800,-6,-3;806,-44,75;807,47,-63;812,-9,4;817,4,3;818,-8,-1;821,4,5;822,-6,-1;831,8,16;835,-1,0;836,-7,-6;847,-6,23;852,-1,-10;855,6,10;862,-6,6;863,5,2;872,-9,5;886,-3,7;887,5,5;888,-5,11;902,-4,5;912,6,21;952,-21,30;962,4,7;1008,-11,39;1009,9,8;1031,-9,20;1053,-5,15;1058,-9,0;1061,5,8;1066,-11,8;1071,11,15;1073,-21,2;1078,7,-3;1080,-1,6;1094,-2,8;1099,-2,3;1104,4,1;1106,-1,5;1117,-4,9;1120,-8,12;1125,9,-2;1135,0,11;1144,-10,16;1169,5,16;1175,12,-22;1176,-34,37;1187,16,5;1197,-8,8;1198,-6,-5;1207,30,-43;1210,-33,59;1229,7,20;1230,-10,-10;1242,-2,10;1252,-2,24;1343,32,-97
rua|vereador|aristides jorge|novo horizonte|37810000|10,-2130801,-4679734;18,1,3;26,-22,-36;34,5,16;42,-9,-12;50,-7,9;58,-10,-7;62,-9,8;70,0,-19;73,0,19;77,-8,-9;78,-6,-6;86,1,-9;96,-11,-3
rua|vereador|armando braz|cohab|37810000|20,-2130846,-4679868;31,-14,1;32,2,-8;44,-14,-1;45,-6,8;56,-1,-11;57,-3,8;68,-5,-17;71,-5,11;80,-10,-4;83,-7,7;92,-6,-6;97,-8,-2;104,-1,-1;109,-14,-1;116,0,-3;121,-6,5;128,-7,-5;135,-7,0;140,1,-6
rua|vereador|delmiro alexandre jose|novo horizonte|37810000|20,-2130954,-4679663;27,-15,-11;28,14,3;34,-9,-20;37,-2,13;42,1,2;45,-4,-15;50,-12,4;55,8,-11;63,-2,-3;66,-7,4;71,-7,-3;74,4,-6;79,-7,-3;85,5,-16;92,4,15;93,-14,-20;94,15,0;101,-17,0
rua|vereador|luis minchilo neto|jardim renovacao i|37810000|419,-2131321,-4678817;422,-5,-14;429,-3,13;430,3,-6;437,-13,10;438,6,-5;445,-10,4;446,2,1;453,-9,7;454,1,-15;463,-12,7;464,6,-5;467,-8,10;468,-3,-3;476,-4,0;477,-6,5;488,-2,-6;491,-2,6;496,-9,-4;499,-4,2;504,-6,-1;507,6,-2;512,-8,6;515,3,5;531,-25,2;534,6,-4;539,-12,0;540,4,2;547,-9,4;548,-2,-2;555,-9,5;558,2,-7;565,-8,5;566,5,-6;573,-7,4;574,-2,-4;581,-8,-3;582,1,-1;589,-5,10;590,-5,-4;597,-4,7;598,1,-5;605,-21,6;606,7,0;613,2,3;614,-6,-2;622,-14,-1;623,9,2
rua|vereador|luis minchilo neto|passaro da ilha|37810000|289,-2131218,-4678834;290,-5,-8;299,-5,10;300,0,-5;321,-1,6;322,-3,-2;327,-9,-1;330,2,-4;337,-7,12;338,4,-12;345,-10,12;346,-3,-9;352,-4,1;353,-2,11;362,-2,-12;363,-1,8;369,-14,2;370,-2,-6;378,-3,-1;379,-2,9;385,-6,-1;386,4,-7;393,-8,13;394,2,-9;402,-10,1;403,-5,9
rua|vereador|luiz minchillo neto|jardim renovacao ii|37810000|642,-2131510,-4678794;643,-10,8;651,-13,-3;659,4,0;660,-4,6;667,-8,-4;668,-1,-4;677,-13,9;678,3,-5;684,-7,1;685,0,7;693,3,-12;694,-9,11;703,-5,3;704,-1,-4;711,-6,2;712,-3,-5;719,-2,16;720,1,-11;727,-12,11;728,-9,-10;737,-93,110;738,0,-17;752,73,-90;758,-26,8;774,3,-2;775,-14,-3;786,14,6;787,-1,-5;794,-10,1;795,5,9;802,-11,-2;803,-1,-2;812,-3,-9;813,-4,17;820,-80,-9;821,74,3;828,-6,0;829,-10,5;836,2,-8;837,-3,7;844,-9,0;845,-7,-3;854,3,-1;855,2,3;864,-15,-1;865,-5,2;872,1,-2;873,13,10;880,-27,-6;881,10,7;888,-23,-8;889,13,8;896,-17,-4;897,1,6;911,-3,15;920,-9,-27;923,-12,18;927,8,-39;928,-2,19;931,-10,15;936,3,-6;944,-7,5;947,-8,10;952,-2,-2;955,-8,4;960,4,-7;963,-8,3;968,-1,-7;971,-4,6;975,-12,0;976,8,2;984,-10,-5;987,-3,13;992,-2,-11;997,-5,6;1000,-3,-2;1005,-5,-5;1008,0,3;1015,33,51;1016,-48,-47;1026,-6,-1;1031,-3,7;1036,5,-7;1041,-15,6;1049,-3,3;1056,-12,-3;1057,-13,7;1072,2,-6;1075,-1,4
rua|vereador|luiz minchillo neto|passaro da ilha|37810000|89,-2131043,-4678862;90,6,-23;99,-12,26;100,-5,-1;109,-6,-2;110,1,-15;121,-13,19;122,0,-5;126,-5,5;127,0,3;128,-5,-5;144,-6,6;145,-3,-9;157,-9,9;158,3,-3;167,-7,9;168,-2,-6;189,-27,5;190,7,-7;199,-18,9;200,12,-7;211,-18,9;212,1,-5;218,-6,0;221,-6,10;230,-1,-8;235,-2,8;243,-14,2;244,6,-6;254,0,0;255,-12,3;264,-4,-1;267,-6,6;273,-4,3;274,3,-9
rua|vereador|luiz minchillo neto|vila lopes|37810000|10,-2130976,-4678881;16,0,2;22,-10,2;38,-2,1;50,-15,5;58,-10,3;70,-15,1
rua|vereador|procopio de souza vieira|novo horizonte|37810000|14,-2130867,-4679706;19,3,-3;22,-9,-5;27,6,-5;30,-6,-8;35,-14,5;38,13,14;43,-9,-18;46,5,-7;51,-13,1;54,5,-8;59,-12,-13;62,10,-3;70,2,8;79,-19,-13
rua|vereador|roque delorenzo|jardim renovacao iii|37810000|838,-2131786,-4678896;846,-6,0;856,-12,2;866,-7,5;876,-13,-3;906,-17,4
rua|vereador|roque delorenzo|jardim renovacao ii|37810000|559,-2131546,-4678929;567,-6,-6;579,-9,10;585,-15,3;593,-3,-1;601,-5,-5;607,-10,4;617,-25,27;625,13,-29;635,-5,4;643,-14,-7;660,-24,14;690,-13,-1;697,-10,7;698,4,-5;705,-10,7;708,2,-8;713,-8,15;716,2,-15;724,-8,2;732,-8,-1;739,1,12;740,-12,-5;741,2,11;747,-26,-4;748,15,-3;754,-1,-3;757,-2,5;764,-12,-3;765,6,3;771,-9,0;783,-10,5;784,2,-5;793,-5,10;794,-4,-8;801,-3,0;802,-1,3;809,-18,15;810,10,-13;845,-39,-1;853,-4,9;861,-6,2;869,-2,-10;877,3,0;885,-31,20;893,0,-8;901,-14,-1;909,-4,5;917,-2,2
rua|vereador|roque delorenzo|jardim renovacao i|37810000|331,-2131345,-4678960;339,-7,2;347,-5,-7;355,-13,6;363,0,0;369,-6,-3;373,-3,13;379,-5,-5;387,-9,0;397,-11,-4;405,-2,6;413,-9,-2;421,-8,6;439,-11,4;440,-2,-10;447,-7,4;448,-6,-3;450,-2,6;452,1,-3;455,-2,4;456,-9,-2;463,-5,6;464,-4,-4;472,-3,0;473,7,3;482,-12,0;483,6,5;491,-12,-1;492,-1,-9;499,-5,12;500,2,-9;509,-9,8;510,-1,-8;517,-5,7;518,-7,-3;525,-8,13;526,6,-15;531,-14,13;532,8,-9;552,-20,-2;560,-13,7;570,-1,1;578,-7,-1;586,-14,1;594,-5,5;602,-3,-4;608,-12,2;618,-4,0;626,-6,1;636,-11,2;644,-9,6
rua|vereador|roque delorenzo|passaro da ilha|37810000|16,-2131060,-4679013;17,-6,9;25,-10,2;26,5,-7;36,-7,1;37,-7,8;46,-8,-9;53,-11,10;58,4,-16;67,-15,18;70,2,-6;74,-5,10;77,-3,-5;82,-4,-4;85,1,-2;88,-7,0;108,-18,4;118,-16,7;122,0,-2;128,-4,-1;140,-7,2;148,-11,3;154,-3,-2;156,-3,17;164,-9,-30;176,-9,20;188,-9,-4;194,-3,9;208,-16,-3;220,-9,2;230,-8,3;266,-32,4;276,-10,-3;286,-10,7;296,-5,0;297,-5,8;305,-7,0;316,-9,-4;340,-20,-1;348,-11,5
rua||ab final|cohab|37810000|20,-2130876,-4679828;32,-13,1;44,-5,0;56,-12,-6;59,-12,-1;68,-10,-3;80,-3,-2;92,-17,-1;104,-17,-6;116,3,1
rua||abel favero|centro|37810000|14,-2130520,-4679682;27,2,11;30,-2,-6;35,-5,11;40,-7,-6;41,4,15;53,-10,4;67,-1,10;68,-6,-7;75,-5,8;90,-15,5;101,1,9;111,-25,10;120,4,-17;126,-1,8;135,-10,12;136,3,-10;142,-14,5;152,-4,9;160,-5,5
rua||acacio pereira dias|vila nunes|37810000|14,-2130594,-4680349;23,2,20;51,-11,15;61,-4,19;71,3,3;72,-4,4;75,2,7;82,-10,8;87,6,-2;88,-6,2;90,0,-1;95,2,14;98,-8,-3;108,-2,10;113,4,11;116,-6,-8;123,3,14;126,-1,2;130,-1,1;133,1,7;138,-10,4;143,10,6;152,-14,2;153,7,9;163,1,2;167,-2,15;170,-11,-10;191,2,29;228,-16,28;233,6,6;241,-3,9;249,1,7;254,-7,3;260,-6,9;261,5,0;269,3,6;272,-8,2;277,9,-1;282,-17,10;288,12,1;298,-10,9;326,-9,24;340,0,10;345,1,12;352,-3,-10;355,-2,20;356,-2,-6;363,-7,13;366,5,3;367,0,5;373,1,4;381,3,9;395,-9,10;398,-7,-2;405,0,6;412,-5,1;415,4,6;422,-8,3;423,2,9;430,-8,0;435,2,11;442,-10,0;443,6,9;450,-10,2;459,1,17;462,-6,-10;472,-4,5;475,5,9;485,-4,8;486,-4,-11;495,-4,21;498,-15,-16;505,20,16;508,-6,0;977,91,-243
rua||adalberto minchillo|novo horizonte|37810000|17,-2130844,-4679728;25,-2,-14;33,-5,-8
rua||afonso pena|centro|37810000|9,-2129793,-4679918;10,0,-15;12,-5,3;13,-1,8;25,-10,-2;27,-5,2;28,8,-12;32,-26,-1;43,9,11;112,-67,-33;131,-14,9;132,-5,-14;141,-7,14;150,-2,-18;153,-4,2;156,5,-8;163,-17,11;172,-3,-9;180,-6,2;215,-37,-2;222,-5,-14;235,-13,7;248,-6,-10;295,-52,1;296,8,-6;301,-2,-2;303,-8,-3;309,-6,0;312,6,-2;315,-10,-5;326,2,5;330,-2,-2;331,-6,-2;333,-3,6;335,-1,-1;337,-1,-2;339,-5,-3;370,-26,-13;372,2,9;374,-5,1;376,-5,-3;378,-4,1;389,-17,-4;394,12,4;410,-6,-9;413,-23,0;416,7,-4;418,-10,-5;500,-52,-20;520,-20,-6;549,-38,2;562,-12,-12;573,3,4;601,-47,-14;606,3,-2;611,9,3;643,-48,-4;665,-17,-10;685,-15,-6;697,-12,-1;707,-6,-5;719,-10,-3;731,-12,-4;859,-103,-25
rua||afonso pena|vila nunes|37810000|888,-2130566,-4680150;889,-6,12;896,4,-15;907,-13,9;910,-3,-6;920,-2,-2;941,-23,0;944,6,-8;954,-8,-4;970,-15,-3;999,-30,1;1000,2,-9;1012,-9,-1;1019,-7,7;1022,-2,-10;1029,-8,5;1030,6,-8;1036,-3,1
rua||agenor candido dos santos|jequitiba|37810000|50,-2131240,-4678350;121,22,56
rua||agenor ximenes do prado|alto da boa vista|37810000|116,-2120886,-4674350;209,-44,-88;305,9,1;309,8,23;319,-1,2;329,9,12;393,56,120;394,-28,19
rua||agenor ximenes do prado|passaro da ilha 2|37810000|158,-2120963,-4674554;159,3,3;168,-5,16;169,3,-11;174,-5,5;181,11,10;184,-7,15;193,7,-4;200,-7,-1;201,7,9;209,2,2;212,-8,-2;220,0,16;225,12,4;228,-11,15;234,2,4;244,3,10
rua||agenor ximenes do prado|passaro da ilha 2|37815000|31,-2120974,-4674672;32,-5,7;40,7,-1;41,1,13;52,-7,43;53,8,-42;62,-8,18;63,8,-31;68,-4,36;73,10,4;74,-16,-9;80,6,17;88,3,2;91,7,6;97,-3,12;100,-4,3;109,13,6;110,-8,-2;119,7,14;120,-3,-6;131,2,10;132,-8,1
rua||alberto emiliano|jardim renovacao i|37810000|39,-2131381,-4678963;364,-1,-12
rua||alfredo de carvalho|jardim renovacao ii|37810000|635,-2131521,-4678832;636,-4,-11;643,-8,7;644,3,-7;651,-9,12;652,5,-6;659,-10,13;660,-1,-13;667,-4,9;668,3,-6;675,-20,0;676,-1,-5;683,-1,10;684,1,-9;690,-7,3;691,2,19;698,-11,-19;699,-2,10;709,-4,-2;710,1,-3;717,-12,8;718,2,-7;727,-10,9;728,-1,-6;763,-37,13;770,0,-8;780,-13,6;798,1,-1;800,-6,2;810,-13,0;818,-18,-1;832,0,0;854,-9,-3;866,-16,6;870,-4,3;882,-15,6;883,93,-10;890,-100,16;898,109,-26;899,-128,61;909,-13,-35;916,2,-10;923,-21,19;924,19,-13;929,-23,17;932,19,-6;939,-27,0;940,12,-9;948,-6,2;956,-3,6;964,-8,-1;974,-10,-8;984,-3,8
rua||alfredo de carvalho|jardim renovacao i|37810000|407,-2131335,-4678868;408,2,-4;415,-11,4;416,4,-3;421,0,10;422,-4,-9;431,-6,10;432,-4,-5;440,-8,-2;441,6,6;448,-14,-3;449,4,6;456,-11,-9;457,7,7;467,-14,0;468,4,3;475,-10,1;476,4,-1;480,-9,-1;483,0,1;491,-8,2;492,3,-5;499,-9,4;500,-5,-1;521,-9,5;522,-2,-5;527,-11,11;528,4,-8;538,-9,-2;539,-12,9;547,1,4;548,4,-7;555,-6,9;556,1,-13;565,-12,12;566,3,-9;573,-13,9;574,7,-10;581,-9,12;582,3,-10;589,-18,15;590,8,-14;597,-11,9;598,7,-6;605,-12,16;606,-1,-15;615,-13,10;616,12,-11
rua||alfredo de carvalho|passaro da ilha|37810000|13,-2130979,-4678914;17,-1,-6;21,-5,0;31,-4,-1;35,-11,3;43,-6,4;53,-6,2;65,-11,-1;77,-9,0;95,-20,11;96,6,-16;105,-17,28;106,7,-24;116,-9,1;117,-7,11;125,-10,-3;126,6,-6;135,-13,10;138,8,-11;142,-11,5;147,-12,7;148,10,-7;159,-14,11;160,1,-10;171,-18,7;185,-9,2;186,3,-6;197,-14,10;198,2,-6;209,-14,8;210,6,-7;219,-13,10;222,8,-8;227,-21,4;230,9,-2;245,-14,3;246,-2,0;253,-8,-2;254,4,-3;261,-13,12;262,5,-7;271,-13,10;274,1,-10;297,-16,10;298,4,-7;302,-19,6;305,9,3;306,0,-10;315,-14,12;318,-2,-8;323,1,4;326,-5,-2;331,-3,3;336,-6,-1;339,-4,4;340,1,-1;347,-8,6;348,1,-6;355,-6,6;356,2,-7;364,-7,2;365,0,2;372,-7,-5;373,-7,11;379,-2,-1;380,2,-8;382,-8,4;387,-4,6;388,0,-11;392,-1,0;396,-7,9
rua||altamiro torres|cohab|37810000|34,-2130898,-4680124;37,-5,1;46,-3,-5;58,-8,-8;59,5,12;63,-10,-2;70,-12,-6;82,-14,-8;87,1,13;94,-10,-6;101,-5,1;104,0,-3;111,-3,1
rua||altino ferreira|jardim dos ipes|37810000|3,-2131174,-4679396;5,-2,-5;51,-45,-21
rua||alvaro fiorotto|nova guaranesia|37810000|15,-2129822,-4681068
rua||ana cesarina de oliveira|novo horizonte|37810000|11,-2130711,-4679789;16,4,1;21,-9,-6;26,7,3;33,-15,-9;34,7,8;41,-9,-6;42,-4,6;49,-6,-8;50,3,-2;56,2,-8;57,-15,6;60,7,4;64,-7,-10;65,-6,1;75,8,-4;76,-8,-1;77,0,-4;81,-12,3;84,2,-8;89,-11,1;92,8,-10;97,-7,5;100,2,-3;105,-15,2;106,-4,-12;113,7,9;121,-21,0;122,11,-13;129,-10,10;130,13,4;137,-13,-7;138,-3,12;145,1,-15;150,-2,6;157,-13,-10
rua||ana manbeli de carvalho|jequitiba|37810000|20,-2131052,-4678478;21,0,1;30,-18,8;31,5,-1;41,-4,7;81,-29,15;100,-30,11;101,14,-5;111,-4,7;120,-30,6;121,6,7;141,-22,9;161,-11,8;170,-12,3;180,-11,-3;181,8,8;190,-13,-4;191,4,6;200,-13,2;201,2,2;211,-6,7;230,-18,2;240,-13,5
rua||ana maria da silva|novo horizonte|37810000|16,-2130747,-4679771;19,-17,3;20,14,0;24,-4,4;32,-1,-8;39,-19,3;40,9,1;47,-13,1;48,0,-7;55,-6,4;56,4,-6;63,-13,2;64,2,-7;71,-5,7;72,-1,-8;79,-1,-1;80,3,-2;87,-14,0;88,7,2;95,-13,-16;96,9,3;103,-12,8;104,-2,-11;111,-3,12;112,6,-14;119,-9,5;120,-3,-12;130,-10,1;138,-6,-7
rua||anacleto scardazzi|cohab|37810000|8,-2130807,-4679913;20,-11,-2;21,-5,5;32,-13,-4;33,-3,3;47,-2,2;48,3,-8;59,-17,-1;60,5,-1;72,-12,-2;73,-4,7;84,-2,-7;85,-12,-1;96,0,-3;99,-7,0;108,-3,-4;111,-8,-1;120,-4,3;125,-14,0;132,5,-7;137,-26,4;144,11,-5;151,-10,1;156,2,-3;163,-16,7;166,10,-8
rua||andre torres|nova guaranesia|37810000|26,-2129796,-4680995;28,-17,5;48,27,-5;49,-4,-14;65,11,-14;68,9,7;69,0,-17;78,5,6;88,12,-8;100,6,0;103,-4,-10;115,10,-7;118,-5,8;128,6,-3;129,3,-14;139,12,-7
rua||angelo lopes|distrito industrial|37810000|16,-2131485,-4679357;34,-25,-9;52,-6,-4;140,-91,-18;160,-24,-3
rua||angelo panissa|passaro da ilha|37810000|80,-2131231,-4678958;127,7,32;137,6,24;141,3,-1;298,-9,-3;299,29,147;300,-11,2
rua||anibal claro do amor|bom jesus|37810000|31,-2131019,-4679221;55,-32,-8;63,-7,-3;68,7,-6;73,-14,7;74,2,-11;81,-11,9;84,-2,-11;94,-9,3;132,-34,4;140,-20,1;152,1,-6;164,-5,7;167,-12,-1;170,5,-2;177,-13,3;180,-2,-6;187,0,5;192,-1,-5;197,-10,7;204,-8,-3;207,-5,3;226,-47,-7;250,-3,-6;260,-11,4;264,-10,-1;270,-2,2;275,15,17;277,-5,-9;280,-17,-8;287,5,10;291,-4,-4;297,-9,7;311,-5,-3;320,-12,-7;323,4,7;330,-12,-9;335,4,9;368,-41,-9;380,-3,1;385,-4,5;395,-8,8;396,-4,-14;404,-11,4;405,1,-3;418,-20,3;419,6,-2;424,-15,-3;438,0,1;456,-10,-1
rua||anibal claro do amor|jardim renovacao iii|37810000|935,-2131819,-4679148;936,0,-28;943,-17,12;944,11,-3;951,-15,7;952,8,-6;959,-20,10;960,9,-10;967,-13,12;968,2,-15;978,-8,3;985,-4,13;995,-14,-3;996,2,-8;1003,0,60;1004,-9,-57
rua||anibal claro do amor|jardim renovacao ii|37810000|786,-2131695,-4679188;794,-3,-2;795,0,8;802,-8,-3;803,3,3;810,-10,0;811,0,2;817,-9,3;818,3,-6;827,-11,4;828,2,1;836,-7,-1;837,-1,1;845,-13,0;846,7,-1;853,-6,1;856,-6,0;861,-5,-3;862,2,5;869,-8,1;870,1,-3;878,-13,0;879,6,6;887,-11,0;888,-1,-5;895,-5,7;903,-5,2;906,-8,-3;913,-1,-4;916,-2,4;989,16,-5
rua||anibal claro do amor|jardim renovacao i|37810000|492,-2131432,-4679236;495,-4,11;500,-4,-16;501,4,4;503,-4,13;508,-6,-12;511,-3,14;514,-4,-9;521,-1,4;524,-12,-7;545,-9,17;546,-9,-7;552,-11,4;553,6,4;561,-4,-3;562,0,0;569,-3,5;570,-2,2;577,-11,-7;578,0,3;586,-11,-6;587,6,5;595,-4,8;596,-4,-12;603,-7,10;604,-8,-4;610,0,4;611,0,5;617,-4,6;618,-5,-15;627,-2,12;628,-8,-12;635,-3,13;636,-6,-10;654,-16,1;655,3,9;662,-8,-7;668,-8,5;671,2,5;678,-7,-7;679,0,7;684,-8,-5;685,-2,6;699,-6,2;700,1,-2;707,-6,1;708,-6,-4;715,0,-1;716,-3,0;723,-7,3;726,-4,0;731,-5,3;732,-1,0;739,-6,-8;740,3,5;748,-13,4;749,7,17
rua||antenor peixoto|centro|37810000|27,-2130204,-4679216;57,14,30;83,7,20;88,-6,3;105,14,15;114,-11,20;190,51,98;193,-15,-55;213,7,28;223,6,7;235,3,14;237,-12,-40;242,5,45;245,-19,131;248,24,-129;257,4,2;1394,3,16
rua||antonio batista da silva|centro|37810000|8,-2130113,-4678921;18,-4,0;25,-9,7;32,-6,-6;35,1,8;51,-9,4;64,9706,4177;72,-9731,-4186;77,4870,2098;82,-4875,-2103;85,-8,6;89,9726,4184;97,-6,-3;98,4,-1;105,-9739,-4174;106,9728,4162;115,-9737,-4163;122,-21,-7;125,9737,4172;139,-9744,-4161;142,9732,4144;145,-2,10;150,-18,-22;151,-9715,-4132;159,-14,-1;164,4,-12;171,-9,13;174,-2,-10;180,9728,4133;186,-9744,-4132;187,5,6;192,9731,4128;202,-9750,-4130;209,-24,7;221,9825,4146;256,-9850,-4155;259,3,14;269,-21,-2;272,-4,-9;283,-1,9;289,-5,-2;295,-13,4;311,-10,1;323,-41,1;336,32,-12;345,-34,14;365,-5,-4;375,-3,6;420,-44,-10;437,-34,10;454,-2,-7;457,-3,14;468,-7,-13;471,-3,9;478,-10,-14;484,-9,-8;490,-3,17;491,10,6;492,4,0;500,-23,-8;501,-8,3;515,-8,5;518,-2,-7;527,-6,7;528,-5,-8;538,-10,2;541,2,9;545,-7,0
rua||antonio da silva pinheiro|distrito industrial|37810000|29,-2131375,-4679489;36,-27,12;54,-3,23;59,16,-2;67,-14,19;85,-13,10;110,3,-57;149,-57,118;160,17,-27
rua||antonio de souza pinto|centro|37810000|34,-2120414,-4674779;52,0,11;69,7,7;129,-27,57;269,4,-10
rua||antonio lazaro candido|distrito industrial|37810000|100,-2131474,-4679454;176,-76,-14;188,-18,-4;203,-26,3;208,16,-6;213,-32,5;214,19,-7;218,-15,-1;223,-8,4;232,3,-6
rua||antonio lazaro candido|jardim 25 de dezembro|37810000|50,-2131732,-4679500;103,-52,-1;135,8,-11;136,28,7;157,14,2
rua||antonio matheus de mello|jardim 25 de dezembro|37810000|11,-2131662,-4679586;23,13,4;35,14,1;47,6,8;55,6,2
rua||antonio pereira|jardim dos ipes|37810000|11,-2131242,-4679430;21,-8,8;30,-24,27;31,22,-18;40,-28,23;41,19,-12;50,-23,17;51,18,-9;60,-25,22;61,17,-18;70,-24,19;71,19,-16;80,-20,27;81,18,-22;91,-11,13
rua||antonio porto|doutor joao ribeiro|37810000|11,-2129709,-4679412;12,-5,-9;21,-2,5;26,-11,-13;35,-5,1;38,0,-3;43,-3,5;48,-13,-11;53,6,5;60,-12,-8;67,5,8;74,-8,-9;77,-6,1;88,-9,-6;93,-2,4;102,-9,-8;103,4,5;114,-9,-9;115,1,5;127,-15,-6;128,0,-3;135,-5,1;136,3,-6;145,-12,6;148,-5,-12;153,-2,3;165,-12,-6;177,-6,-1;187,-17,-4
rua||antonio r vilas boas|centro|37810000|11,-2130677,-4680370;20,-28,-28;21,11,0;30,-16,-8;31,5,8;41,4,3;50,-21,-12;60,-8,2;61,-2,-6;70,-8,2;71,2,2;80,-15,-5;91,-3,4;92,-8,4;110,-28,-9;111,11,3;120,-17,-3;121,6,3;130,-17,-7;150,-25,-1;160,-6,-8
rua||antonio r vilas boas|residencial ajs|37810000|121,-2130708,-4680350;133,-19,0
rua||antonio romanelli carvalho|vila lopes|37810000|34,-2130969,-4678901;55,6,25;73,7,23;74,-8,-6;83,4,24;84,-6,-10;129,4,-67
rua||antonio s silveira|distrito industrial|37810000|125,-2129706,-4679113
rua||antonio silverio|centro|37810000|37,-2130944,-4679454;47,-10,16;51,7,12;58,-22,-7;59,8,10;69,-14,0;78,0,-12;81,-2,23;88,-8,-26;91,-1,9;103,-9,-2
rua||archimedes oliva|centro|37810000|11,-2129867,-4679418;21,0,-5;39,12,9;47,12,8;68,15,11;95,33,1;117,17,9;129,10,1;141,10,8;155,2,-2;165,13,4;177,9,7;187,8,-2
rua||archimedes oliva|jardim joao nardi|37810000|10,-2129873,-4679419;28,8,3;38,37,8;48,-16,0;58,18,7;68,11,5;86,8,2;94,13,1;110,4,10;146,24,10;160,35,8
rua||arconides ribeiro da silva|novo horizonte|37810000|57,-2131038,-4679720;58,25,38;65,-26,-41;66,26,50;73,-32,-48;74,22,35;82,-13,3;90,6,-17;98,-2,-15;106,-1,2;118,-1,-21
rua||aristeu emiliano rodrigues|vila margarida|37810000|16,-2130365,-4679723;26,-3,-11
rua||aristides torres|jardim renovacao iii|37810000|150,-2131670,-4679178;158,-2,4;164,4,11;170,1,10;180,1,8;190,0,7;210,2,10;218,1,8;226,3,13;234,-2,6;242,4,5;250,-5,12
rua||aristides torres|jardim renovacao ii|37810000|92,-2131670,-4679228;100,-5,1;108,-1,4;116,-2,16;126,3,4;266,18,134;274,3,9;282,0,10;290,7,5;296,-1,9;304,-4,11;328,2,13;338,0,17;340,2,-4;344,2,10;354,2,10;362,-3,10;382,-1,10;390,7,7;398,1,20;406,-2,-5;414,2,14;434,3,9;442,7,8;450,-3,12;458,5,8;466,-8,10;486,5,12;494,1,12;501,16,8;502,-14,0;510,4,4;518,-6,8;538,10,21;546,-2,12;554,13,37;562,-12,-21;570,12,21;590,-23,-22;602,16,31;608,2,10;618,10,5;630,-15,13;634,-8,-164
rua||aristides torres|jardim renovacao i|37810000|14,-2131694,-4679312;19,0,22;26,6,-8;29,16,8;32,-16,1;40,3,7;41,4,8;48,-7,4;49,9,3;55,-2,8;56,-8,-5;64,2,6;72,3,12;383,55,304
rua||aristides villas boas|bom jesus|37810000|20,-2131255,-4679073;23,-10,4;31,0,-3;40,-11,-9;50,-4,7;57,0,4;60,-10,-8;70,-10,-1
rua||arlindo inacio quirino|bom jesus|37810000|13,-2131434,-4679271;17,3,2;61,21,45;85,6,12;95,3,7;103,-3,9;137,-2,35;139,-1,-3;141,4,2;151,7,16;161,2,7;171,-5,17
rua||arlindo inacio quirino|jardim renovacao i|37810000|78,-2131412,-4679218;88,-1,16;219,-4,121;229,24,5;231,1,11;239,0,2;243,9,3;253,3,6;261,10,10;680,-34,-76
rua||arlindo jose dias|centro|37810000|21,-2129850,-4680452;35,14,-7;59,11,-44;85,25,-12;95,11,-23;103,4,-17;115,7,-5
rua||artichiano paschoalini|centro|37810000|28,-2131001,-4679455;35,-2,6;38,4,9;50,-1,7;66,-16,16;77,13,-7;78,-6,7
rua||atilio perocco|doutor joao ribeiro|37810000|10,-2129690,-4679478;11,4,8;21,-11,-4;26,-1,-4;35,-11,-3;36,-1,-2;47,-2,-1;48,-2,-8;59,-14,-7;60,3,6;71,-6,-1;72,-3,-2;80,-11,-5;81,0,4;93,-11,-2;94,5,-7;108,-14,-6;109,-1,8;119,-6,-2;120,-6,-10;132,-10,-1;133,2,4;145,-6,-1;149,-9,-10
rua||augusta franchi vecchi|centro|37810000|1,-2130804,-4679432;2,1,-7;3,-6,1;4,8,5;23,225,-122;35,-4,23;36,-7,-23;45,-10,19;46,7,-20;56,-10,16;61,-8,10;66,-1,-2;67,-5,7;72,-3,-4;77,1,6;84,-10,-3;97,-3,12;98,-7,-3;108,-7,-6;125,-5,18;139,-26,8;175,-29,12;195,-13,7;204,-10,-6;205,2,8;214,-13,-9;219,-8,14;224,-7,-7;227,2,3;232,-5,4;239,13,14;247,-20,-6;252,-13,-2;257,7,6;270,-21,6;290,-16,12;297,4,-1;307,-2,8
rua||aurora lopes|vila santa barbara|37810000|219,-2130998,-4678726;240,-18,-6;249,-11,12;258,-1,1;259,-9,-1;269,-2,0;270,0,-2;277,-15,6;280,8,1;287,-13,-1;288,6,2;293,-12,1;297,-8,1;298,8,-3;308,-5,0;325,-23,9;338,-14,-5;343,4,5;353,-19,2
rua||avelino domingos alves|passaro da ilha 2|37810000|11,-2120786,-4674594;15,-22,8;21,-14,1;22,9,-10;33,-22,10;41,-10,8;44,5,-11;47,-14,9;57,-7,7;69,-5,-3;79,-15,4;93,-8,4;101,-4,-3;109,-12,2;199,-81,14;203,-4,1
rua||avelino domingos alves|passaro da ilha 2|37815000|154,-2120935,-4674571;204,-48,10;232,-41,3;244,-3,6
rua||bartolomeu lauria|passaro da ilha|37810000|21,-2131135,-4679023;26,-7,-6;60,3,48;87,10,15;110,5,96;170,-6,-41;269,18,88
rua||bartolomeu lauria|vila santa barbara|37810000|318,-2131090,-4678777;328,-17,12;370,9,39;380,5,8
rua||belo horizonte|centro|37810000|33,-2130196,-4679115;55,-17,-9;65,-10,-3;111,-53,-14;126,-11,-13;132,1,6;135,-10,1;189,-38,-6;190,0,-10;199,-17,9;202,-1,-9;208,-4,-4;210,-9,-2;211,6,10;213,-1,0;217,-10,8;221,2,-6
rua||benedito augusto p lima|centro|37810000|13,-2130126,-4679100;25,0,2;40,-4,-4;41,2,8;46,-28,192;60,5,-195
rua||benedito mussolini segretti|jardim morada do sol|37810000|8,-2129817,-4681058;12,0,0;22,6,-1;31,-5,-11;32,21,-5;41,-6,-2;42,18,-10;52,6,1;62,10,-10;74,2,-7;90,11,-9;97,-14,-26;101,-3,22;102,24,-5;131,3,-31;141,8,-8
rua||bernardino baroni|centro|37810000|65,-2129942,-4679440;66,7,5;74,-8,-7;77,-3,6;80,-25,-26;85,10,23;91,-2,-4;101,-10,-7;111,-3,-7;113,-5,-11;120,2,4;132,-3,-6;142,-9,0
rua||bolota|jardim italia|37810000|20,-2131194,-4678623;30,-11,5;40,-10,2;50,-14,2;60,-2,-2;70,-12,3;80,-4,-1;90,-11,2;150,-51,9;160,-12,3;170,-10,1;180,-3,0;190,-9,-2;200,-7,4;210,-17,2;280,-63,9
rua||braz rodrigues de lima|centro|37815000|16,-2120477,-4674809;26,-14,-1;36,-3,1;38,-8,-4;46,-11,5;56,-9,0;66,-10,3;68,-24,-2;76,3,1;106,-9,-3;117,-14,16;127,-7,-3;188,-12,-9;201,-17,7;202,8,-7;211,-10,14;218,-5,-13;223,-7,9;234,-15,-10;235,5,11;243,-13,-4;256,-8,-9;259,4,11;267,-10,1;276,-6,-13;280,-1,19;289,-11,-2;290,-4,-15;299,-7,6;300,-3,-6;311,-4,10;312,0,-13;321,-12,11;322,0,-5;332,-23,-6;335,10,3;342,-8,3;352,-7,-1;364,-14,-3;365,10,6;371,-12,0;376,0,-5;385,-7,10;388,-2,-11;395,-9,2
rua||braz zaccaro|cohab|37810000|8,-2130711,-4680137;11,-3,9;16,-6,-12;23,-8,9;28,0,-9;33,-14,5;36,-4,-5;43,0,1;48,-4,-4;58,-10,-5;59,4,11;68,-14,-11;69,-9,8;81,0,-4;82,2,-7;106,-25,-3;114,-11,-1;128,-9,0;140,-9,-5;154,-20,-6;168,-6,-3;180,-11,1;202,-25,-6;209,4,10;221,-6,-2;232,-7,-9;235,-12,3;245,-5,6;258,-8,-15;259,-7,7;272,-4,-11;273,2,12;285,-14,-6
rua||carmo da silva pedroso|alto da boa vista|37810000|26,-2120968,-4674244;36,10,-9;37,6,-9;43,6,-9;53,5,-3;56,-9,11;73,24,-26;83,7,-7;86,-3,14;93,14,-18;96,-10,5;101,523,-396;106,-513,392;109,498,-391;116,-494,386;121,16,-20;145,24,-2;149,5,-10;166,-11,7;176,8,-11;189,23,-19;199,13,-8;205,16,-11;208,-24,36;218,8,-8;228,2,-7;238,7,-3
rua||celso nardi|vila nunes|37810000|60,-2130628,-4680057;67,-11,5;70,0,-4;77,-5,2;82,-10,-13;87,0,7;92,-7,-5;96,-4,-1;97,6,8;107,-7,-3;145,-29,-9
rua||cinco|jardim botanico|37810000|20,-2130662,-4678412;90,15,60;150,13,59;300,-110,-184;331,24,9;350,16,13;360,7,3;370,3,1;380,14,-5
rua||cinco|taquaral|37810000|30,-2130633,-4678656;31,4,8;40,-4,-4;41,3,18
rua||constancio pereira dias|centro|37810000|331,-2130386,-4679520;339,-1,0;351,-14,1;359,-1,-9;366,-26,-3;373,4,10;376,-5,-21;389,-10,5;392,-1,-5;401,-13,0;402,8,-8;409,-14,14;412,-1,-10;417,-3,10;425,13,-70;426,-23,51;431,3,7;473,-49,-11;474,14,-8;480,-22,-4;483,0,9;490,-7,-8;495,-4,11;504,-4,-20;509,-6,11;514,4,-10;518,-13,2;528,3,1;536,-12,-6;543,-22,3;548,11,-12;551,-11,11;563,-20,-9;593,-14,-13
rua||c|characa alto da boa vista|37810000|111,-2129360,-4680781;150,3,8;170,18,-18
rua||das conferencias|bela vista|37810000|10,-2130706,-4679326;11,-8,12;20,1,-3;30,-5,4;40,-3,10;41,-10,12;60,-7,-1;70,-3,4;81,-23,27;90,5,-6;101,-12,13;111,-1,7;121,-12,7;140,-11,0;141,1,10;150,-5,3;151,-1,3;170,-12,5;180,-4,5;190,-10,5;191,-7,17
rua||davi de souza franco|distrito industrial|37810000|32,-2129494,-4679557;65,0,-2;80,56,-144
rua||dois|jardim botanico|37810000|20,-2130479,-4678408;121,-83,32;131,-10,1;140,-15,-6;180,-31,6
rua||dois|taquaral|37810000|41,-2130723,-4678567;70,60,34;71,-36,-23;80,39,26;81,-37,-23;91,8,4;121,52,25;131,-13,-4;161,37,8;171,5,1;191,15,13;201,11,5
rua||dois|treze de maio|37815000|12,-2120651,-4674560;21,-9,17;22,0,-13;31,-9,13;32,-1,-5;41,-1,8;42,-3,-5;46,-16,-1;51,12,14;84,-36,4;112,-46,13;121,27,-4;122,-33,12;131,41,-15;132,-55,18;137,17,7;142,-30,-1;151,15,3;192,-51,5
rua||domingos moreira de souza|cohab|37810000|8,-2130844,-4679851;10,27,-93;11,95,-130;13,-34,88;19,-87,129;62,128,-244;144,-30,94;164,5,-1;206,-21,26
rua||domingos moreira de souza|vila nunes|37810000|309,-2130677,-4680205
rua||domingos perocco|centro|37810000|7,-2129904,-4680444;12,-17,-16;22,2,15;23,7,0;33,-4,12;34,-11,1;87,-6,53;107,0,21
rua||domingos romanelli|distrito industrial|37810000|37,-2131659,-4679351;71,5,-20;77,5,-17;83,2,-6;111,-28,-24;112,35,6;115,-12,-8;121,6,-13;131,-30,-2;140,35,9;151,-1,-16;170,2,6;177,3,-33;228,15,-46
rua||domingos romanelli|jardim 25 de dezembro|37810000|215,-2131627,-4679517;245,1,-23
rua||eliza torres|nova guaranesia|37810000|38,-2129750,-4680966;43,-8,-4;47,1,-2;48,17,1;53,-10,-8;58,14,2;63,0,-8;68,5,2;78,12,-4;83,-3,-11;88,10,13;98,9,-11;99,-3,-9;109,-1,4
rua||elizeu pardini|cohab|37810000|22,-2130733,-4680093;23,-4,6;34,-4,-10;35,14,5;46,-25,-3;47,-6,4;58,-7,-10;59,-1,10;71,-19,-4;72,4,-5;83,-16,4;84,11,-11
rua||elziro jose de brito|jardim renovacao iii|37810000|40,-2131911,-4679248;50,7,40
rua||emilio mazetti|jardim 25 de dezembro|37810000|30,-2131838,-4679359
rua||emilio mazetti|jardim renovacao iii|37810000|30,-2131837,-4679301;50,-1,13;143,3,30;382,38,242;384,1,13;400,4,24;414,-1,17;480,13,43;490,-2,12;1135,-4,-28
rua||emilio mazetti|jardim renovacao ii|37810000|29,-2131830,-4679290;141,14,104
rua||erico queiroz|cohab|37810000|13,-2130729,-4680034;18,-10,-7;25,-12,2;26,0,-2;33,-7,0;38,-8,-8;43,-3,3;46,-3,-6;57,-12,5;58,-9,-5;71,0,5;72,-2,-7
rua||esmeria eulalia pereira moraes|residencial junior|37810000|10,-2129776,-4680453;11,20,32;12,9,19;50,-51,-83;55,-6,2;61,1,9;71,3,6;81,13,13;91,9,8;101,-5,3;111,7,12;121,3,4;170,36,52;190,12,14;200,2,4;210,4,7;220,4,15
rua||etorre vicente sant eufemia|centro|37810000|34,-2130254,-4679241;47,0,8;57,-6,-4;80,-44,-8;89,-2,4;100,-11,-6;104,-15,1;109,5,1;119,-9,-1;120,-2,-16
rua||fausto augusto pereira lima|centro|37810000|53,-2120298,-4674688;75,8,-4;79,4,-12;95,12,-5
rua||fausto augusto pereira lima|centro|37815000|8,-2120323,-4674643;22,13,-6;32,9,-15;50,4,-14;70,15,-5;92,12,-21;108,5,-9;118,12,-5;126,3,-8;129,-8,-8;137,5,-10;156,15,-6;177,-110,106;200,123,-148;207,-3,-21;217,5,-19;243,1,9;317,13,-55;481,49,-132
rua||fausto augusto pereira lima|santa cruz da prata|37815000|200,-2120214,-4674809
rua||favero|jardim italia|37810000|10,-2131403,-4678729;11,7,2;21,5,5;111,18,102
rua||fechi|jardim italia|37810000|40,-2131223,-4678679;50,-8,2;60,-9,0;70,-11,-2;80,-10,3;151,-53,22;171,-21,2;190,-21,-7
rua||fechi|passaro da ilha|37810000|51,-2131227,-4678668;71,-22,1;81,-10,1;91,-15,-5;101,-10,10;270,-138,17;280,-15,-8;300,-19,14
rua||felice gennacio|distrito industrial|37810000|401,-2129472,-4679422
rua||felipe laudate|cohab|37810000|8,-2130778,-4679957;19,-1,6;20,-12,-6;31,-13,2;34,4,-7;45,-10,6;46,0,-5;57,-16,2;58,-3,-7;69,-9,2;72,3,0;83,-10,2;84,-2,-6;95,-35,0;98,24,4;105,-2,-2;108,-6,-9;119,-9,6;122,2,-5;131,-10,3;145,-13,-4;157,-8,-1;169,-13,0;170,-4,-8;181,-6,5;182,-10,-11;191,0,8;192,-17,-7;214,0,0;226,-6,1;238,-12,-3;250,-13,-6;260,-10,-1;264,-7,1
rua||fernando pitondo|perimetro urbano|37810000|251,-2130171,-4678753;261,-3,10;271,-8,9;281,-4,13;291,-2,14;311,-10,9;331,2,24;341,-23,7;360,-34,78;361,37,-53;371,-18,12;381,-7,8;391,-3,5;401,-5,25;421,-12,9;431,-6,16;470,-42,78;490,-13,13;500,-2,10;510,-8,13;511,30,-41;520,582,-1958;531,-590,1970;541,0,11;551,-9,4;1636,137,-293;1640,-2,-4;1715,11,-1
rua||fernando pitondo|taquaral|37810000|600,-2130393,-4678341
rua||florisbela jorge de sa|nova guaranesia|37810000|41,-2129811,-4680946;71,19,-7;90,-33,35
rua||franchi|jardim renovacao ii|37810000|10,-2131605,-4678667;20,-3,-19
rua||francisco assis silva|centro|37810000|306,-2120514,-4674726;313,-20,49;327,-13,-15;333,-4,-2;341,-3,-1;355,-14,0;367,-13,5;377,-14,-8;389,-8,5;397,-4,-2;405,-8,-2;433,-28,11;435,-12,-6;455,-8,0;465,-11,2;475,-2,2;485,-17,-4;637,-146,30;717,-35,-26;735,-45,0
rua||francisco assis silva|centro|37815000|342,-2120568,-4674706;352,-5,0;378,-23,4;396,-8,1;412,-18,-3;420,-12,2;430,-3,2;450,-20,-2;472,-16,1;484,-16,-3;494,-6,0;506,-16,4;516,-12,4;530,-8,-1;550,-12,3;560,-17,2;580,-20,-3;592,-5,3;610,-15,2;620,-10,-2;730,-62,-5;740,-117,-1;820,-102,0;830,-26,-7;870,-44,3
rua||francisco assis silva|passaro da ilha 2|37815000|791,-2120960,-4674684;799,16,-3;833,-65,-4;1033,-149,-8
rua||francisco lopes filho|distrito industrial|37810000|41,-2130313,-4678694
rua||francisco lopes filho|perimetro urbano|37810000|40,-2130330,-4678695;50,1,13;70,0,23;80,-2,15;100,0,10;120,4,19;141,-1,58;151,0,12;160,-1,-27;161,-3,35;170,1,-24;180,-5,8;181,-8,37;190,3,-25;191,-7,30;200,2,-18;201,-6,29;211,-2,7;220,10,-27;221,-14,35;230,0,-18;231,-3,25;240,0,-20;241,-4,34;251,-6,9;260,2,-24;280,-8,19
rua||francisco monteiro dias|bom jesus|37810000|290,-2131044,-4679075;306,-14,5;314,-2,8;320,-8,2;324,-4,6;326,-3,-1;336,-11,1;340,1,0;344,-5,-2;346,-8,7;348,1,-7;356,-3,-3;370,-9,4;380,-3,3;384,-3,8;386,-6,-5;388,-5,-1;400,0,-5;402,-4,11;404,-7,3;514,-107,4;528,-8,-1;536,-8,6;544,-4,4;548,-10,-4;554,-5,3;562,-10,5;568,-1,-5;590,-10,1;630,-60,7
rua||francisco monteiro dias|jardim renovacao iii|37810000|1151,-2131800,-4678938;1161,-16,6;1171,-8,3;1201,-26,-3;1260,-38,0;1271,-14,8
rua||francisco monteiro dias|jardim renovacao ii|37810000|974,-2131661,-4678968;996,-7,1;997,0,9;1004,-2,-8;1005,-4,12;1006,-6,-5;1012,-2,-4;1013,-4,10;1021,-7,-1;1030,-2,-8;1031,-1,11;1038,-7,-8;1039,0,8;1046,-8,-6;1047,-4,9;1054,-5,-11;1055,-1,10;1063,-10,-1;1064,9,-7;1072,-13,3;1073,1,6;1082,-6,-2;1083,-4,3;1095,-5,3;1098,-6,-7;1106,-9,-2;1107,0,6;1115,-15,10
rua||francisco monteiro dias|jardim renovacao i|37810000|867,-2131543,-4678974;868,0,-18;874,-8,7;875,1,10;883,-9,-1;884,-3,-9;890,-5,-2;891,-3,13;898,-5,-5;899,1,6;907,-8,-1;908,-2,-11;914,-8,7;915,8,4;922,-16,-2;925,-2,5;930,-6,-5;931,6,10;940,-12,-13;941,8,9;948,-13,-2;949,-2,7;954,-5,-6;955,-5,5
rua||francisco monteiro dias|renovacao|37810000|760,-2131451,-4678997;768,2,-11;776,-23,19;788,-4,-28;796,-8,28;804,-5,-7;810,-15,-4;820,-2,8;826,-8,-1;838,-2,5;846,-12,-2
rua||francisco monteiro dias|vila lopes|37810000|14,-2130797,-4679110;130,-101,18;134,-4,6;138,-4,2;148,-8,-2;156,-12,0;160,-3,5;164,-2,-2;168,-7,3;178,-10,-6;186,-6,1;206,-21,3;210,-7,1;212,-3,4;220,6,-7;226,-7,-2;246,-22,9;1860,61,-9
rua||francisco moreno navarro|parque do trevo|37810000|7,-2129912,-4679044;17,12,0;20,-6,10;27,12,-6;30,-4,1;37,16,3;40,-4,-1;47,10,-2;50,-3,6;60,9,-1;69,13,-4;77,3,1
rua||francisco nacarato|bela vista|37810000|12,-2131039,-4679388;20,-10,8;32,-6,14;40,-12,9;50,-3,4;56,-8,5
rua||francisco nacarato|centro|37810000|7,-2131029,-4679386;11,-8,5;21,-11,13;31,0,0;41,-11,15;49,-5,5;59,-1,1
rua||francisco pinheiro|nova cohab|37810000|133,-2131412,-4679607;187,-22,-75;241,16,-60;261,1,0
rua||gabriela teixeira vasconcelos|vila nunes|37810000|10,-2130614,-4680015;15,133,-298;20,-144,293;21,141,-291;23,-1,9;30,-6,-1;38,-5,12;40,0,-1;41,-1,6;48,-3,-1;53,3,13;56,-9,-4;64,-2,10;67,1,7;68,0,-5;80,-11,11;83,11,7;88,-9,-8;92,-3,17;101,6,6;102,-8,3;112,-5,7;115,7,7;122,-9,-4;129,29,25;136,-35,-18;148,0,11;152,-2,5;156,-5,7;170,-2,13;174,-4,8;185,1,-7;211,-11,43;219,-9,8;227,-1,5;240,14,5;245,-14,9;248,-6,-2;252,-7,17;255,12,-3;262,-8,5;265,6,-4;275,-10,20;285,-1,9;295,-3,13;305,-4,5;310,-9,15;315,2,-9;320,-7,23;325,5,-14;335,-4,9;345,0,7
rua||geralda rosendo matoso|vila santa barbara|37810000|348,-2131123,-4678710
rua||geraldo duarte|centro|37810000|36,-2130543,-4679774;48,-8,-11;70,-8,-12;72,-11,4;84,-6,0;96,-11,-15;108,-3,-6;118,-9,2
rua||geraldo duarte|novo horizonte|37810000|37,-2130552,-4679773;49,-6,-7;63,-13,-9;69,-7,-6;79,-11,-1
rua||geraldo lopes|perimetro urbano|37810000|21,-2130269,-4678667;30,-7,-9;31,1,16;40,-3,-3;41,9,15;51,-14,2;61,-4,12;71,-10,13;81,2,6;91,-1,7;101,-6,5;111,-6,10
rua||heloisa helena silveira garson|alto da boa vista|37810000|21,-2120978,-4674309;31,7,-6;41,3,-7;44,1,13;51,14,-20;54,-4,10;61,9,-12;62,42,-37;64,-47,46;71,17,-10;74,-8,1;81,9,-11;84,0,1;94,7,3;101,6,-23;104,0,14;130,35,-28;140,5,-1;150,3,-4;160,8,-7;170,11,-5;171,-10,-2;180,14,-2;181,-6,-9;190,17,7;191,-10,-7;200,16,0;201,-12,-5;210,23,-3;211,-8,-8;221,3,1
rua||honorio albino pires|cohab|37810000|25,-2130789,-4680344;39,-5,2;51,-9,-3;65,-15,3;75,-6,-11;85,-7,-5;97,-10,-1;109,-12,-4;121,-10,-8;133,-9,5;145,-3,-18;157,-13,-3
rua||hylario plinio fioravante antiga rua cinco|jardim renovacao ii|37810000|328,-2131717,-4679254
rua||italia mancini|jequitiba|37810000|11,-2131117,-4678412
rua||italo minchillo|vila nunes|37810000|19,-2130541,-4680327;26,-14,7;29,9,5;37,1,6;38,-13,-9;45,4,13;50,-2,-1;57,-2,14;60,-4,2;70,-3,10;71,7,2;74,-7,8;81,3,-3;82,-6,3;91,9,9;92,-6,-2;99,2,11;108,-8,-3;111,2,11;121,-3,13;122,0,-10;131,-2,14;132,-4,3;139,3,12;150,-9,2;155,8,6;165,-10,6;166,-5,-5;170,0,9;175,6,11;178,-6,-1;181,4,2;185,0,4;190,-8,6;221,-2,34;235,2,10;236,-10,-6;240,-3,2;241,4,0;242,-6,8;246,2,-6;249,9,14;250,-16,4;257,10,8;266,-8,-1;267,8,6;275,-2,11;276,-10,-5;286,-3,7;287,10,6;294,-11,-3;319,-3,48;352,-10,7;362,-7,7;372,-3,13;377,1,16;382,-9,-8;387,8,13;392,-4,-5;397,4,18;402,-8,-7;407,1,12;412,-5,-4;417,6,16;422,-13,-2;427,6,10;432,-8,-12;437,2,19;442,-7,-8;447,6,19;452,-10,-12;457,3,13;462,-8,1;467,4,13;472,-7,-9;477,-2,13;482,-8,-3;487,7,12;492,-9,-1;497,6,8;502,-13,2;507,4,10;512,-7,-6;522,-5,14
rua||izidoro pereira|vila cruzeiro|37810000|3,-2130734,-4678967;11,3,12;16,-17,-1;21,8,5;26,-1,5;31,-1,14;36,-13,3;44,3,2;53,9,24;90,-16,18;91,3,2;99,-2,2;104,-7,13;107,4,-3;117,-6,18;120,-2,-3
rua||jairo paiva|jardim joao nardi|37810000|16,-2129583,-4679154;26,-10,-3;38,-11,-2;49,-18,7;55,-9,-5;78,-5,-8;85,-24,7;88,18,-6;125,-37,1
rua||jamil issac|novo horizonte|37810000|191,-2130679,-4679823;196,-7,-12;199,0,4;204,-7,-9;207,2,10;212,-1,-13;215,-6,3;220,-6,-3;223,2,2;228,-3,-6;231,-7,-2;236,0,0;239,-4,1;247,-10,-5;248,5,-6;254,-4,-2;255,-2,6;262,-11,-9;263,3,2;270,-8,-8;271,4,6;278,-8,-6;279,-5,5;286,-1,-15;287,-2,8;295,-6,-2;303,-13,-4;311,-2,-12;327,-4,0
rua||jamil issac|vila nunes|37810000|304,-2130765,-4679882;308,-7,-3;318,-2,-2;328,-10,-9
rua||jamil issac|wesceslau de almeida|37810000|41,-2130420,-4680045;51,-10,-4;81,-20,-11
rua||janor antonio da silva|centro|37810000|45,-2120539,-4674761;55,4,9;67,-7,4
rua||jany de sa nardii|distrito industrial|37810000|28,-2129610,-4679059;38,2,-1;58,-30,-4;68,-2,1
rua||jany de sa nardii|doutor joao ribeiro|37810000|24,-2129668,-4679507
rua||jany de sa nardii|jardim joao nardi|37810000|11,-2129590,-4679050;21,-13,3
rua||joao antonio fonseca|vila cruzeiro|37810000|11,-2130780,-4678845;15,-6,1;20,-6,-6;25,-12,3;38,1,-11;43,-9,6;48,-4,-10;49,-10,7;55,0,-2;60,-5,-8;75,-19,3;157,82,21
rua||joao batista guimaraes|jardim renovacao i|37810000|105,-2131462,-4679200;110,-9,11;123,13,6;152,1,35;154,-11,22;160,7,-7;344,25,164;382,9,38;386,-5,-5;495,24,158;579,-54,-377;598,-7,-30
rua||joao candido de souza|vila santa barbara|37810000|22,-2130281,-4680198;27,-8,7;46,-4,-14;47,-8,3;56,3,-4;57,-11,0;66,1,-7;67,-8,3;75,-11,-3;76,12,-3;84,-11,-3;85,-10,-1;101,-10,-4;111,-7,-9;121,-3,2;126,-1,-8;133,-9,2;134,3,-3;143,-14,-3;146,0,-7;153,-12,3;154,7,-5;164,-5,-5;165,-9,3;178,-1,-9;181,-13,4;184,2,-7;188,5,3
rua||joao de souza|wesceslau de almeida|37810000|29,-2130460,-4680005;30,24,0;39,-23,-3;49,-13,-8;50,19,6;59,-27,-9;60,18,9
rua||joao delorenzo|parque do trevo|37810000|4,-2129910,-4679217;12,0,14;18,4,11;25,3,27;28,-1,-18;32,-5,7;35,7,11;42,-8,5;44,-2,-6;50,4,-57;52,-4,84;60,-5,9;63,11,2;72,-12,11;73,14,-4;90,-16,20;102,2,3;108,-4,7;112,1,15;115,7,4;117,1,-8;132,-14,13;140,1,4;156,-6,19;157,5,16;164,-6,-11;167,5,16;175,4,16;212,-14,6;224,1,16;227,7,8;233,2,6;234,-10,-5;237,11,11;245,1,5;255,1,14;256,-8,-8;258,3,-4;275,6,34;276,-10,-3;285,6,-13;286,-3,18;287,5,8;288,-9,-64;295,3,74;299,1,2;304,-8,-8;320,-1,-1;329,16,33;339,-1,14
rua||joao felix antiga rua 2|jardim 25 de dezembro|37810000|11,-2131892,-4679380;21,-3,-10;31,-4,-10;41,-1,-10;51,-8,-10;61,2,-3;71,1,-8;81,-11,-17;95,-5,-18
rua||joao ferreira de moraes|centro|37810000|26,-2130406,-4680490;27,10,4;36,-16,0;41,6,14;45,23,14;46,-32,-15;47,6,16;66,-16,-6;67,10,26;69,15,8;71,18,12;73,-11,0;76,-41,-25;85,40,15;86,-42,-4;89,32,2;91,-7,5;95,-10,-11;96,-19,21;99,10,-6;120,-432,-10;126,408,45
rua||joao jorge de sa|nova guaranesia|37810000|40,-2129797,-4680878;52,2,-1;75,0,-4;81,10,-21;91,9,5;92,-3,15;132,34,-22;144,-8,-2;162,19,-12;172,7,-4;179,21,-14;192,5,9;199,6,-25;202,-3,12
rua||joao magalhaes mafra|cohab|37810000|21,-2130755,-4680304;28,-5,-16;31,6,24;41,3,0;51,-1,10;61,-7,7;71,2,1;111,-15,42;121,-3,12;122,-4,-7;131,3,23;134,-6,-13;146,-6,9;158,8,3;178,-5,24;190,-5,7;316,-19,126;338,-7,36
rua||joao minchillo|centro|37810000|40,-2130628,-4679373;100,51,-20;110,4,69;120,-4,17;130,1,1;140,3,7;187,-40,43;240,-28,7;332,-69,74;352,-6,12;372,-14,9
rua||joao paschoalini|jardim italia|37810000|11,-2131494,-4678710
rua||joao perocco|parque do trevo|37810000|25,-2129911,-4678992;33,6,1;36,4,9;41,1,-8;52,7,7;55,8,-4;56,2,6;61,7,-9;65,5,2;66,4,8
rua||joao procopio de araujo|centro|37810000|40,-2131497,-4678669;60,3,7;70,-3,19;80,8,18;90,-1,15;100,2,9;130,2,16
rua||joao procopio de araujo|jardim renovacao ii|37810000|10,-2131503,-4678706;549,-29,-226
rua||joao procopio de araujo|jardim renovacao i|37810000|27,-2131581,-4679281;35,3,5;43,4,17;75,4,21;191,16,111;200,-17,-53;201,5,-2;211,2,7;246,11,113;306,13,55;346,3,47;413,13,48
rua||joao segretti|jardim renovacao iii|37810000|150,-2131843,-4679264;151,-9,11;158,-3,-12;161,0,19;168,-9,-16;169,3,7;178,-6,-8;179,-3,10;186,-2,-8;187,-8,12;194,0,-7;195,-3,4;202,-9,-5;203,-3,7;211,-8,0;212,-1,-11
rua||joao segretti|jardim renovacao ii|37810000|9,-2131726,-4679281;14,4,-4;17,-12,9;24,7,-10;25,-17,12;34,8,-11;35,-16,8;42,5,-3;45,-8,8;52,3,-12;55,-16,11;62,5,-8;63,-12,11;72,7,-11;73,-11,11;80,3,-10;88,-9,4;91,-5,7;96,-6,-7;99,-4,10;106,-1,-9;107,-4,8;116,-4,-6;119,-13,7;122,1,-5;127,-4,6
rua||joaquim antonio franco|vila lopes|37810000|9,-2130978,-4678867;21,-11,-2;26,125,-41;33,-3,8;35,-130,38;38,129,-42;48,-8,3;49,-132,33;53,126,-28;57,-129,39;60,116,-43;65,7,-2;69,-136,43;72,122,-40;75,-3,9;84,-3,-4;85,-2,3;93,-3,2;96,-5,-1;110,-12,2;113,-11,5;116,-9,-3;123,4,2;128,-8,-3
rua||joaquim egidio dos reis|jardim 25 de dezembro|37810000|24,-2131734,-4679376;25,-8,5;28,-3,-7;35,-8,5;38,-1,-1;44,-8,-6;45,0,6;55,-2,1;64,-28,-5;65,17,3;75,-8,1;87,-15,-2;95,-3,-1;105,-11,-1;115,-19,2;155,-43,9;165,0,1;175,-9,0;185,-16,6;200,-7,-6;205,-12,8;215,1,8
rua||joaquim pereira pinto antiga rua 7|jardim 25 de dezembro|37810000|29,-2131733,-4679354;38,9,6;42,-2,-6;44,2,-8;54,-7,-9;64,8,-11;74,4,-8;79,-9,-20;84,10,0;89,-11,-5;94,14,-2;99,-12,-12;104,7,7;114,2,-8;119,-7,-10;124,10,-4;129,-8,-12;134,12,7;135,-13,-18;139,3,3;144,8,-2;149,-7,-8;154,7,1;159,-7,-16;164,5,9;179,2,-26;182,9,8;189,-11,-17;192,4,2;199,-1,-21;202,0,13;212,4,-12;222,1,-9;225,-5,2;232,10,-6;235,-10,-6;242,8,-5;245,-9,-7;250,10,-12;255,-11,6;265,0,-3;1476,-17,238;1480,-1,5
rua||joaquim pinto do nascimento|centro|37810000|68,-2120309,-4674739;75,8,7;82,-12,1;90,-3,8;95,3,17;139,-14,30;160,-18,11;184,-14,7
rua||joaquim ribeiro dias|bom jesus|37810000|13,-2131209,-4679293;17,-2,8;27,-1,17;31,-2,6;36,-8,-11;46,1,7;47,9,7;79,4,14;81,-9,21;86,-10,0;91,12,8;98,-8,-3;101,6,14;102,-11,-2;110,-2,6;111,14,7;122,-19,8;123,19,6;146,-11,12;155,1,14;156,-3,-4;165,-1,14;166,1,-4;175,9,9;176,-16,0;185,12,14;199,4,-3;206,-17,25;207,7,1;211,1,9;212,-8,-5;220,0,8;221,9,4;235,2,5;236,-17,10;238,6,1;245,4,7;246,-7,0;251,10,6;254,-11,3;255,4,0;261,-1,8
rua||jorge de freitas|vila cruzeiro|37810000|14,-2130636,-4679038;18,4,6;26,2,7;27,0,-11;34,1,20;37,-6,-1;46,-5,7;47,7,5;58,-6,3;59,-3,-7;68,-2,20;69,-3,-5;77,-1,11;80,6,3;83,-4,10;144,-14,49;149,-12,26;154,9,-18
rua||jorge jose joao|bela vista|37810000|6,-2130862,-4679371;11,-19,25;23,4,-3;28,-5,-8;33,1,9;40,-13,-3;43,2,9;53,-3,5;58,-10,-5;65,-4,11;68,-6,-5;73,-5,16;75,0,0;77,-3,2;86,-7,-5;96,-6,7;100,-8,3;101,7,4;106,-9,-2;113,-2,13;118,0,-13;125,-6,14;126,0,-7;131,-9,16;132,-11,-3;139,-4,3;146,4,-3;149,1,4;154,-14,4;161,0,10;168,0,-10;177,-9,28
rua||jorge jose joao|bom jesus|37810000|715,-2131018,-4679245
rua||jorge miguel dabul|jardim italia|37810000|10,-2131306,-4678746;11,2,-4;20,-4,8
rua||jorge miguel dabul|passaro da ilha|37810000|27,-2131327,-4678943;33,-2,6;153,13,95
rua||jose alves|vila margarida|37810000|55,-2130362,-4679703
rua||jose antonio guimaraes|parque do trevo|37810000|25,-2129882,-4679141;32,-1,6;35,5,-6;40,4,7;46,4,-4;51,14,1;52,-5,7;55,16,-5;60,-11,3;65,20,-2;70,-7,6;75,13,-5;80,-6,4;85,11,-1
rua||jose antonio naccarato|characa alto da boa vista|37810000|208,-2129233,-4680597;231,12,-18;250,14,-14;299,28,-34
rua||jose anuncio dos santos|jardim dos ipes|37810000|21,-2131244,-4679337;31,-25,-20;40,-5,8;41,-2,-6;51,-13,2;61,-3,-1;71,-13,4;81,-17,-2;91,-8,1;141,-40,5;150,60,-10;151,-70,11;152,60,-11;160,-24,-1;170,-7,3;964,108,27
rua||jose aparecido|nova cohab|37810000|17,-2131464,-4679588;29,-5,-9
rua||jose aprigio soares|jardim dos ipes|37810000|31,-2131306,-4679426;40,-13,5;41,3,3;50,-8,3;51,6,5;61,-1,3;71,-6,2;81,-6,7;91,-12,9;101,-3,11
rua||jose benedito vilas boas|jardim renovacao iii|37810000|389,-2131813,-4678990;394,7,-1;414,-3,1;454,-49,6
rua||jose benedito vilas boas|jardim renovacao ii|37810000|228,-2131674,-4679014;229,-19,19;238,14,-18;239,-11,13;248,2,-11;249,-4,7;257,-6,3;258,5,-8;265,-11,7;268,-2,-2;273,-6,7;276,0,-8;283,-7,2;299,-8,2;300,7,-7;306,-7,3;307,-4,7;312,-6,-6;319,-5,1;321,-6,7;327,-9,0;344,-6,-3;349,-15,7;364,5,-6;374,-14,-1
rua||jose benedito vilas boas|jardim renovacao i|37810000|7,-2131457,-4679045;11,-11,4;14,-4,-5;25,-6,8;26,3,-3;29,-7,2;32,-7,-6;37,-1,10;38,-2,-13;45,-9,13;46,1,-7;53,-10,9;54,3,-9;61,-7,12;62,4,-6;67,-15,-3;68,4,-3;74,-9,6;75,2,10;83,-4,-1;92,-4,-9;102,-16,1;103,-1,9;111,-13,1;112,5,-8;119,-4,1;120,-4,0;127,-6,8;128,-1,-6;137,-9,8;138,-5,-7;144,1,2;145,-1,4;153,-7,3;154,1,-9;164,-10,3;165,-1,9;171,-7,-2;172,0,-5;181,-6,8;182,-1,-9;188,-9,2;189,-1,9;190,-4,-9;199,2,10;200,-5,-8
rua||jose bibiano ramos|cohab|37810000|8,-2130756,-4680003;20,-12,2;31,-6,3;32,-5,-6;44,0,-1;45,-4,7;57,-8,-2;58,-3,-6;69,-14,-2;70,8,1;81,-22,2;93,-9,-3;96,3,3;105,-7,-11;106,-2,3;117,-12,5;120,3,-8;126,-1,6;127,-23,-3;134,10,-2;139,-6,0;140,-22,-10;160,1,5;172,-16,-5;174,-14,-6;175,8,10;176,-7,-9;189,-4,5;190,-3,-5;203,-11,-2;204,-1,-3;217,-10,8;218,-1,-10;231,-6,3;232,-10,-6;245,-6,6;246,-7,-8;253,-4,6;254,-5,-8;263,-2,3
rua||jose carvalhaes|centro|37810000|31,-2120922,-4674664;39,2,11;47,-2,2;65,4,16;73,2,9;83,-4,6;95,7,11;103,-2,1;104,11,34;115,-9,-14
rua||jose carvalhaes|passaro da ilha 2|37810000|156,-2120918,-4674555;168,1,7;169,9,17;178,-7,5;188,0,18;195,9,-15;198,-8,12
rua||jose carvalhaes|passaro da ilha 2|37815000|12,-2120939,-4674689;26,7,21;34,1,6;44,0,14;56,2,7;68,5,16;86,-1,13;100,1,10;108,-1,11;116,3,7;128,0,8
rua||jose g pinheiro|centro|37810000|469,-2130138,-4680320;477,-15,0;480,3,-8;489,-14,9;492,4,-10;493,-10,8;501,-7,-3;502,6,-5
rua||jose galante|cohab|37810000|10,-2130930,-4679779;17,-15,-10;20,2,5;30,-4,-12;31,2,12;40,-9,-18;43,-1,4;52,-10,-27;55,2,20;64,-2,-14;67,-5,3;81,-5,-10
rua||jose lopes|vila santa barbara|37810000|226,-2131027,-4678776;227,-3,8;236,-6,-5;237,-4,3;245,-7,3;246,1,-2;256,-12,-2;257,6,3;265,-12,4;266,1,-2;276,-11,3;277,0,1;286,-9,-1;289,3,8;325,-21,3;326,-14,-4;327,-15,-2;329,13,3
rua||jose manoel de lima|alto da boa vista|37810000|441,-2120990,-4674322;448,-14,-9;458,3,1;468,4,20;478,2,6;488,-1,3;508,8,24;518,4,7;528,4,5;538,4,8;550,1,7;556,2,10;560,4,2;570,5,10;580,-6,10;590,6,11;611,11,12
rua||jose manoel de lima|passaro da ilha 2|37810000|40,-2121173,-4674674;48,-1,8;58,6,10;68,3,13;80,4,3;88,9,15;106,8,3;114,7,15;120,0,5;128,4,6;136,10,19;146,-1,6;158,3,-1;168,13,14;178,1,8;200,5,16;210,4,12;220,8,2;230,8,12;240,6,8;250,1,9;276,5,10;286,5,4;296,4,11;308,10,10;318,-19,13;327,27,-4;330,-6,1;338,3,9;339,17,2;348,-11,6;349,12,2;358,-1,13;368,1,12;380,3,-1;390,5,15;404,6,10;418,-6,10;428,12,13
rua||jose manoel de lima|passaro da ilha 2|37815000|37,-2121158,-4674664;57,4,4;77,11,22;101,22,33;111,-13,-4
rua||jose maria bolcato|centro|37810000|10,-2130855,-4680546;30,-2,18;50,-2,16;60,-1,15;70,-3,13;71,6,-8
rua||jose modestino pereira|cohab|37810000|2,-2130718,-4680256;4,-14,15;5,13,14;6,-24,-18;9,15,12;10,-28,-13;12,-17,0;13,39,7;23,-17,2;26,-38,-11;38,-12,-1;39,-10,1;48,-7,-7;49,0,15;56,-9,-17;64,-15,-7;65,4,16;78,-11,-16;79,-8,12;88,-3,-10;89,-9,6;99,-11,-2;100,8,-16;111,-19,14;116,11,-17;121,-18,10;126,3,-12;135,-17,16;146,12,-26;153,-24,23;163,-12,6;164,21,-32;178,-2,-3;220,-59,-7
rua||jose nacaratto antiga rua 6|jardim 25 de dezembro|37810000|11,-2131778,-4679398;21,1,-5;26,7,9;30,2,-13;31,-8,-4;40,8,-10;41,-6,0;50,9,-12;51,-10,0;61,-3,-5;64,14,-4;67,-8,0;71,1,-9;81,12,-14;84,-4,10;89,-4,-13;94,4,4;95,-6,-12;104,5,1;105,-2,-7;114,2,-2;115,-4,-10;124,3,0;135,8,-20;145,-3,-15;146,6,8;151,-6,-20;156,5,11;165,-5,-18;166,4,3;175,-4,-13;176,8,-8;185,-5,-2;195,1,-6;196,5,9;205,-6,-22;206,9,-1
rua||jose nardi neto|taquaral|37810000|421,-2130636,-4678624;431,18,5;471,88,55;480,-45,-22;490,9,6;510,16,8;570,34,20;580,7,6;590,16,5;600,1,7
rua||jose nardi|centro|37810000|354,-2130296,-4679651;364,-18,8;372,-5,-2;384,-5,-10;390,-4,-2;436,-50,-9;442,1,-1;445,-2,10;451,-8,-9;473,-9,-2;482,-11,-7;488,-5,-9;489,-11,5;501,-1,4;506,-1,-15;552,-53,0;559,-12,-9;560,12,0;566,1,-2;569,-4,5;574,-10,-8;586,-10,-6;591,-24,4;600,11,-2;610,-8,-3;620,-14,1
rua||jose osmar da costa|jardim dos ipes|37810000|10,-2131203,-4679403;11,10,-10;20,-16,13;21,5,-2;30,-10,5;31,1,11;40,-11,3;41,10,-1;50,-13,9;51,5,-1;60,-13,6;61,7,2;70,-14,5;71,6,-1;80,-10,12;81,3,4
rua||jose ozorio vilas boas|centro|37810000|25,-2130670,-4679443;30,7,-10;42,-5,-11;50,-5,-7;94,-36,7;104,15,-48;107,-6,10;114,0,-15;115,-11,-7;123,0,1;124,6,0;125,-15,-4;134,16,-3;142,-3,-7;151,30,50
rua||jose pelaquim|vila cruzeiro|37810000|3,-2130719,-4678965;8,98,22;9,-10,3;12,-2,-7;25,-8,5;26,0,-9;42,-19,-5;43,-3,17;47,-14,-8;57,-12,-3;64,15,-9;67,-20,6;70,14,-7;82,-9,-2;91,-15,3;92,8,-6;95,-16,5;100,11,-3;116,-15,-9;130,-13,-2;142,-10,-5;143,-5,8;146,-3,-7;149,-6,3;155,-10,-4;156,7,-3;171,-17,2;174,9,-5;178,-14,-5;181,-2,3;189,-5,0;192,2,-4;197,-7,5;198,-2,-10;214,-14,-4;215,-7,4
rua||jose rabelo coelho|jardim 25 de dezembro|37810000|14,-2131814,-4679397;24,1,-13;33,-10,6;34,11,-12;43,-13,5;44,9,-9;53,-5,-44;54,8,24;64,1,-9;74,1,-6;84,3,-8;93,-9,-12;94,7,1;104,3,-5;113,-9,-5;114,4,-14;123,-3,6;133,1,-7;134,20,-13;143,-23,1;144,15,-21;153,-8,12;154,9,-18;163,-7,6;164,9,-12;169,-12,4;181,8,-19;184,6,2;200,0,-14
rua||jose rodrigues sanches|centro|37810000|31,-2120542,-4674632;42,-24,13;50,-8,0;80,-21,4;100,-18,7;101,13,3;110,-24,-2;111,19,2;118,97,-130;128,1,3;140,-148,132;141,22,-1;160,-38,1;179,152,-88;189,-5,19;199,-5,-1;201,-171,84;202,160,-80;209,12,7;212,-13,3;221,-168,76;222,163,-73;231,-176,72;260,243,-213;261,-261,219
rua||jose rossetti|parque do trevo|37810000|27,-2129940,-4679016;54,-2,4
rua||jose valentim ambrosio|passaro da ilha 2|37810000|159,-2121010,-4674550;171,4,12;181,5,12;195,3,17;203,1,-2;211,-4,16;223,4,12;233,-1,0;241,2,12;250,-2,2;251,6,12;260,-9,-3;272,4,19;277,8,0;280,-7,11;290,-1,-2
rua||jose valentim ambrosio|passaro da ilha 2|37815000|18,-2121030,-4674677;26,0,-1;33,15,9;40,-11,9;41,9,2;50,-6,7;51,9,1;59,10,7;60,-21,3;69,9,7;70,-2,2;79,6,11;80,-6,2;90,-6,6;91,11,-3;97,1,17;100,-3,0;109,2,9;110,-6,-10;118,4,19;119,5,-1;128,-6,7;129,7,-2;137,18,13
rua||josino berto ribeiro|centro|37810000|364,-2120471,-4674522;378,-7,7;400,-38,27;502,10,6;790,-126,178;800,-41,22
rua||josino berto ribeiro|centro|37815000|109,-2120584,-4674379;283,166,-196;295,-5,11;311,-6,10;333,-18,17;345,-12,8;367,-6,10;385,-14,17;395,37,12;413,-50,1;427,-8,12;439,-2,9;469,17,64;517,-39,2;537,-31,-14;579,-15,13;589,-6,10
rua||jucelino de souza|centro|37810000|40,-2129985,-4679395;50,-2,3;921,2,0
rua||julio tavares|centro|37810000|33,-2129975,-4680728;38,4,14;41,22,29;46,-44,-31;50,12,13;54,3,3;61,14,24;62,-27,-16;71,18,12;79,-8,9;91,-2,10;107,-5,23;113,-2,-58;120,-8,42;123,26,34;132,-34,-10;144,-10,14;145,20,11;155,-2,5;166,-17,4;173,-3,20;182,0,-9;187,-12,5;192,28,2;196,-28,13;201,15,17;210,6,-13;258,-26,49;268,2,13;269,6,1;278,-6,10;283,5,5;295,-5,16;302,2,4;307,2,13;319,-3,1;340,-7,18;345,9,17;350,-8,-7;351,7,4;354,-7,1;374,-9,22;664,-32,283;682,-1,9;688,-1,2;691,5,27;706,-8,-13;711,6,21;716,-9,-9;728,-7,16;746,-5,16;747,12,-1;763,-2,23;781,-17,28;789,-3,5;793,7,7;794,-2,-21;798,-6,9;802,6,6;809,-5,-10;812,0,18;813,-2,21;815,-3,0;827,5,5;828,1,-23;832,0,6;841,-6,38;848,-4,-11;865,3,25;866,-9,-14;965,-16,112;973,-8,-5;974,-1,-3;979,0,3;988,105,-250;989,-98,264;992,-16,7;995,11,-3;1006,-9,10;1009,8,3;1010,-5,-3;1011,-5,10;1015,6,-4;1023,2,12;1024,-12,8;1028,-20,1;1029,30,1;1039,-4,10;1040,-8,-18;1053,6,30;1081,-12,25;1085,1,1;1095,-6,12;1107,2,14;1111,3,-3;1123,-3,12;1131,1,5;1143,-2,10;1155,-9,10;1157,-2,26;1183,-4,2;1219,-11,44;1229,-2,14;1232,-8,4;1249,6,13;1252,-12,-3;1255,8,-1;1265,0,12;1276,-2,-1;1277,0,7;1299,-9,37;1300,-15,-4;1317,6,20;1329,6,1;1342,-7,4;1369,0,36;1379,-6,4;1380,-2,14;1393,-4,1;1401,-6,16;1410,7,4;1411,-4,4;1423,-2,8;1445,-21,27;1450,11,1;1456,1,-16;1459,-4,26;1467,-6,7;1472,4,-1;1477,-1,7;1478,7,-4;1482,-12,7;1485,-3,7;1492,4,-1;1493,-3,6;1506,-5,12;1534,-8,24;1537,11,3;1540,-14,10;1543,8,1;1546,-11,-14;1556,-4,4;1570,9,30;1584,-7,3;1601,-1,34;1621,-3,19;1623,5,-12;1624,-13,2;1640,-4,16;1643,7,-2;1657,0,21;1664,-11,2;1669,3,5;1675,2,16;1678,-12,1;1696,4,25;1720,-10,1;1727,5,16;1732,-6,-6;1739,8,12;1742,-12,-5;1759,7,27;1765,-1,6;1770,-13,-4;1781,10,14;1802,-14,15;1805,12,-3;1811,-8,9;1821,1,12;1822,-8,-10;1830,-1,9;1838,-1,7;1843,-1,10;1857,-3,11;1871,-4,12;1880,-3,10;1885,-3,3;1890,-2,10;1895,1,1;1900,-2,4;1905,3,7;1906,-6,6;1914,-4,8;1925,10,0;1931,-6,14;1948,-5,9;1962,-5,9
rua||julio vicente da silva|alto da boa vista|37810000|31,-2120986,-4674362;32,-2,13;41,7,-25;51,3,-5;52,4,20;61,3,-22;71,5,-6;81,14,1;91,8,-23;103,3,-3
rua||juscemar tadeu de souza|centro|37810000|80,-2130039,-4678845;110,-27,-11;120,-1,2
rua||k9|cohab|37810000|181,-2131512,-4679696
rua||k9|nova cohab|37810000|66,-2131613,-4679618;78,14,-17;86,5,9;98,10,-12
rua||lago paranoa|portal do lago|37810000|25,-2130048,-4678117;41,103,-229;101,-22,59;340,-118,266
rua||lagoa da pampulha|portal do lago|37810000|10,-2130054,-4678070;21,27,3;51,22,3;101,63,20
rua||lagoa rodrigo de freitas|portal do lago|37810000|20,-2130006,-4678128;51,36,8;61,9,-3;80,15,17;110,31,18;120,12,1;140,8,3;160,68,26;240,46,18;351,125,36
rua||lazaro moraes|jequitiba|37810000|11,-2131026,-4678439;20,-18,10;30,2,-3;31,13,3;41,-9,3;51,-5,3;70,-34,13;71,16,-3;100,-39,9;120,-21,13;121,22,-2;130,-31,12;140,-11,3;141,15,3;160,-38,7;170,-5,8;181,7,3;190,-22,1;200,9,-4;201,-5,10;210,-9,-6;211,3,9;220,-18,3;241,-3,13
rua||leonardo vomero|centro|37810000|19,-2129708,-4680158;26,1,-12;33,-8,17;45,1,13;61,-2,6;83,-18,40;108,-3,6;109,6,-5;117,-2,14;121,0,6;124,-2,7;129,-4,8;137,-1,1;140,-2,8;148,-7,2;158,-5,5;165,12,1;173,-11,18;180,-2,10;201,3,23;203,-3,-6;218,-10,6;225,1,13;228,-6,8;233,3,6;246,-10,2;256,-2,11;269,10,14;287,-7,20;290,-6,1;294,-5,4;310,-7,11;318,0,8;332,-8,18;353,12,7;356,-20,15;363,15,2;400,-22,22;409,7,19;415,-3,17;422,-7,-7;423,8,7;428,-12,5;429,4,12;438,2,-5;445,2,13;448,-10,5;454,-6,1;455,3,4;474,-13,30;479,9,1;485,-5,9;488,-3,-8;493,5,17;501,-1,2;515,-3,13;522,-14,-3;531,8,21;544,-10,0;547,8,7;555,-6,1;595,0,17
rua||leonidia maria da silva boturi|nova cohab|37810000|8,-2131506,-4679587;17,-8,-4;18,5,0;29,-10,-19;43,0,6;46,6,4;55,-9,-22;67,-1,-3;79,-8,-26;91,-5,-13
rua||lucas alves da silva|bela vista|37810000|12,-2131051,-4679404;39,312,8;40,-250,18;49,234,-9;59,-5,-2;69,-13,9;79,-1,-5;89,-9,3;99,-12,-2;109,-3,6;119,-12,0;129,-2,0;139,-6,-1;149,-13,1;228,-76,-2;239,-9,0;259,-17,1;289,-22,-1
rua||lucas alves da silva|centro|37810000|60,-2130763,-4679391;70,-5,-5;90,-24,4;100,-7,1
rua||lucio de souza|residencial junior|37810000|11,-2129782,-4680467;20,14,4;21,1,-6;30,-2,10;31,5,-18;40,6,10;41,2,-12;50,8,-2;51,0,-4;80,27,-10;90,6,-6
rua||luiz antonio zerbini|jardim renovacao iii|37810000|435,-2131827,-4679211;436,0,-9;443,-11,11;444,0,-7;452,-6,1;459,-5,5;460,-4,-3;467,-1,2;470,-4,1;471,-5,-2;478,-6,-1;479,-5,5;486,-3,-6;487,1,9;489,-2,-5;495,-11,9;496,1,-8;504,1,1;505,-3,8
rua||luiz antonio zerbini|jardim renovacao ii|37810000|287,-2131701,-4679236;295,-2,8;303,-8,-7;310,-7,-2;311,-1,5;318,-10,-4;321,0,13;328,-5,-13;329,-2,13;337,-6,-3;338,1,-8;345,-9,12;348,5,-10;356,-12,6;363,-7,1;364,2,-5;371,-16,13;374,5,-8;379,-7,10;382,2,-15;389,-12,13;390,4,-9;397,-10,6;400,-1,-6;405,-1,10;410,-10,-8;415,-5,7;420,-14,-9
rua||luiz antonio zerbini|jardim renovacao i|37810000|15,-2131433,-4679289;25,-33,13;33,0,4;41,-6,-11;68,-24,9;69,-1,10;79,-6,-1;80,-7,-6;85,0,8;90,-3,-9;93,-3,10;96,-10,-7;101,1,11;102,-7,-10;105,3,9;108,-9,-8;113,1,8;116,-5,-5;121,-6,8;126,-6,-7;129,0,11;137,-9,-2;145,-4,-2;165,-16,4;166,-5,-5;173,-8,9;174,5,-6;179,-10,8;182,-7,-7;187,-1,6;190,1,-7;197,-6,9;198,-4,-8;205,-5,9;206,-4,-8;213,-2,5;216,-3,0;223,-3,5;226,0,-6;228,-5,0;231,-4,4;239,-7,2;240,0,-6;246,-7,2;247,-4,5;256,-6,-3;257,6,-3;286,-37,4
rua||luiz gonzaga pinti|distrito industrial|37810000|100,-2129382,-4679572
rua||luiz grasseschi de marco|nova cohab|37810000|17,-2131421,-4679629;22,-1,-15;29,-2,11;34,-11,-16;37,2,10;48,-5,-14;49,-5,1;58,-3,-9;59,-5,5;68,-11,-19;69,2,12;78,-4,-13;79,-7,5;88,-1,-10;89,-10,-2;99,-2,0;100,-3,-34;107,-9,21
rua||luiz heluany neto|perimetro urbano|37810000|20,-2130234,-4678680;30,-13,-8;31,-43,-10;40,37,13;41,-47,-17;51,-13,-11;60,49,18;70,-10,-6
rua||luiz heluany|bela vista|37810000|8,-2130728,-4679367;10,-2,2;26,-20,14;27,26,-22;32,-28,29;37,17,-17;46,-25,20;47,24,-10;52,-29,17;62,-10,7;67,30,-11;74,-41,21;77,30,-18;82,-31,19;87,18,-11;88,-19,11;92,-7,9;96,-8,5;100,-7,5;104,-4,7;107,34,-24;108,-50,37;110,-6,9;117,30,-25;127,7,-2;137,-9,7;147,-8,2;157,-12,10;167,-1,8;172,-19,5;180,-7,10;187,8,1;195,-9,6;196,-6,2;197,5,-3;200,-13,7;207,6,-2;217,-7,6;224,-18,14;227,161,-157;229,-148,151;230,-12,11;237,9,-3;240,-25,0;247,8,6
rua||luiz porto|centro|37810000|26,-2130380,-4679724;36,8,11;46,-4,13
rua||luiz porto|vila margarida|37810000|11,-2130360,-4679726;21,-2,8
rua||luiz ramos|centro|37810000|1189,-2131065,-4679475;1199,-5,8;1211,11,7
rua||luiz ribeiro dias neto|nova cohab|37810000|17,-2131418,-4679699;22,-5,-7;29,-5,1;34,-3,-10;37,-8,3;48,-2,-8;49,-7,2;57,-20,-2;60,18,-10
rua||major urias|centro|37810000|90,-2130140,-4680129;106,-5,16;112,1,7;120,1,7;121,-4,7;127,-1,8;130,-2,-5;136,-4,7;138,2,4;145,2,6;150,-2,12;159,-11,7;171,6,10;182,-5,-5;220,-20,55;231,8,6;237,1,4;252,-12,-1;253,6,17;260,-13,-5;261,14,13
rua||manoel libanio|centro|37810000|2,-2130002,-4679561;5,4,10;18,0,-9;30,-10,-1;31,-8,6;41,-12,-6;42,4,-9;52,-10,4;55,-4,4;69,-15,0;121,-38,-17;122,0,-9;132,-9,0;141,-8,1;176,-33,-13;197,-17,6;202,-6,-15;207,-14,8;210,14,-8;216,0,0;227,-20,-2
rua||manoel lopes|vila cruzeiro|37810000|105,-2130809,-4679023;145,-11,48;155,-1,9;169,-3,10;175,-6,6;217,-9,38;227,-3,12;233,-2,10;259,0,16
rua||manoel lopes|vila lopes|37810000|17,-2130848,-4678897;210,5,-23;254,-13,46
rua||manoel rodrigues dos santos|centro|37810000|32,-2120359,-4674765;61,-6,29;72,-16,18;81,19,-13;82,-14,8;113,22,-35;122,-38,57;125,1,26;130,-4,-15;144,-6,10
rua||marciano gerodo|centro|37810000|91,-2120335,-4674762;105,-6,-2;149,-36,-21;156,-16,-3;215,-36,-9;241,-26,-4
rua||marciano gerodo|centro|37815000|18,-2120266,-4674735;36,-12,-8;50,-15,-7;80,-21,-11;108,-21,-15;138,-36,-6;148,2,-3;226,-70,-16;236,-13,-3;246,-4,-5;256,-7,1
rua||marcos antonio de lima minchillo|centro|37810000|11,-2130742,-4680186;15,-10,-5;19,-6,5;23,-12,-4;27,-8,-1
rua||marcos antonio de lima minchillo|cohab|37810000|2,-2130711,-4680179;8,-11,-5;12,-16,-4;16,-2,-5;20,-4,4;22,-9,-3;37,-76,-15;45,-6,5;61,-1,-3;75,-22,2;87,-11,-5;95,-2,-6;107,-13,3;121,-16,-7;131,-49,-5;141,27,-1;147,-2,1;153,-10,1;165,-12,-1
rua||marcos antonio minchillo|cohab|37810000|28,-2130802,-4680208;32,-14,-3;42,-11,4;58,-9,-5;70,-11,0;80,-6,-4;90,-16,-1;102,-11,-1;112,-11,-9;122,-10,4;136,-31,-10;150,-10,-2;162,6,8
rua||marcos paulo nardi|passaro da ilha|37810000|85,-2131027,-4678802
rua||marcos paulo nardi|vila lopes|37810000|319,-2131018,-4678771;329,6,13;339,-2,9;347,3,16
rua||marcos paulo nardi|vila santa barbara|37810000|236,-2131014,-4678755;246,-4,20;285,-2,-58;295,0,10;363,12,67;373,0,7
rua||maria conceicao de jesus|cohab|37810000|28,-2130896,-4680072;38,-10,-6;39,4,6;52,-20,-11;53,4,10;66,-14,-7;67,3,1;80,-15,-3;81,1,2;94,-8,-4;106,-11,0;107,-7,2;116,-5,-4;119,2,2
rua||maria conceicao de jesus|distrito industrial|37810000|80,-2131380,-4679536;371,112,-341
rua||maria franchi delorenzo|parque do trevo|37810000|68,-2129797,-4679166;88,-13,35;108,2,22;118,-12,8;202,-36,85;208,-1,1;276,-24,61;290,3,12;308,-12,15;320,1,4
rua||maria pereira guimaraes fragoso|centro|37810000|6,-2130148,-4679924;10,293,90;15,27,13;16,3,-13;30,-14,-3;31,-7,6;38,-313,-98;45,302,93;46,8,-2;52,-8,-2;54,-320,-94;64,153,47;89,133,47;145,-56,-23;152,0,4;153,-1,-4;165,-16,2;168,-4,-9;219,-40,-2;234,-1,-12;243,0,1;254,-11,-1;320,-72,-23;429,235,33;495,-391,-66;506,-4,-8;545,-42,-2;552,-7,-11;561,-3,0;571,-17,-1;579,-2,-1
rua||mario ribeiro lima|bom jesus|37810000|14,-2131091,-4679298;22,-3,15;30,-1,11;40,-1,4;50,-1,6;60,-9,15;139,-7,81;142,-16,17;147,16,-8;167,-3,17;199,-10,31;209,-2,9;212,-5,-1;217,5,9;218,-6,-5;231,7,15;232,-10,-4;238,-3,7;241,14,1;243,8,-5;248,-21,18;258,-12,6;260,7,8
rua||matias moreno lessa|vila cruzeiro|37810000|20,-2130684,-4678898;30,-14,3;40,-10,-2;50,-7,-2;51,-1,8;61,-9,1;64,1,-13;71,-15,6;72,-24,-12;74,24,8;85,-4,3;104,-23,-18;120,-5,-4;121,-9,6;124,1,-6;133,-11,12;134,4,-16;143,-10,7;144,4,-14;151,-15,11;154,5,-10;158,-7,0;161,-5,7;171,-10,-4
rua||messias venancio de souza|centro|37810000|14,-2129880,-4679375;15,1,4;26,-1,-1;27,4,-3;38,5,9;39,3,-4;50,6,5;63,18,5;64,-10,2;70,11,2;74,3,10;87,14,-7;88,-6,3;100,5,3;103,10,-4;110,6,9;113,1,-5;120,4,17;123,6,-10;132,10,9;133,5,-5;140,-2,11;148,9,-3;165,27,9;170,-12,-1;175,19,-5;180,-9,6
rua||miguel amaro de lima|jardim renovacao ii|37810000|829,-2131770,-4678878;900,19,158
rua||miguel garson|passaro da ilha 2|37815000|21,-2121071,-4674676;22,-7,-6;31,10,14;32,-5,-7;39,7,21;40,-8,-9;51,10,13;52,-11,-4;59,11,16;60,-6,-2;69,7,26;70,-7,-19;77,8,12;78,-10,0;86,2,11;87,11,-2;99,3,8;102,-8,48;109,0,-39;110,0,-3;117,3,8;120,-5,2;121,8,5;132,8,11;140,1,4;141,-5,6;148,-13,4;151,16,6
rua||miguel gibrim|centro|37810000|51,-2130135,-4678968;59,-5,-10;62,4,5;65,-18,2;72,3,-11;80,-15,-5;88,1,3;137,-42,-2;144,-7,-8;145,-5,13;148,-1,-16;152,0,-11;155,-6,22;162,-2,-9;165,-9,12;172,-8,-17;175,-1,5;185,-7,1;193,-7,-4;232,-35,-8;235,-5,2;242,-6,-5;243,-2,1;253,-10,-3;254,2,3;265,12,2;268,-23,-10;279,-12,2;291,-15,3;313,-20,-9;314,2,2;324,-8,-11;335,-10,6
rua||miguel moreno lessa|jardim renovacao ii|37810000|470,-2131622,-4678724;627,104,-16;628,9,-16;637,-20,20;638,5,-7;645,2,7;646,-2,-10;651,-6,11;652,-3,-4;661,-8,17;662,0,-20;669,-11,12;670,-5,-2;678,2,-8;679,-9,18;685,2,-15;686,-2,2;693,-2,3;694,-7,8;701,-4,2;702,-7,-14;710,-3,5;711,-1,-1;721,-2,17;722,-1,-15;743,-31,12;750,-11,-3;751,2,2;759,-8,5;770,6,-9;775,-13,8;778,-7,-4;783,-2,5;786,-3,-5;791,-4,7;794,-8,-6;799,2,2;802,-1,-2;807,-35,-8;812,38,1;817,-24,20;820,7,-9;825,-9,14;832,-2,-9;835,-14,6;842,6,-7;845,-4,6;850,-20,4;855,6,-1;858,7,-7;864,-16,2;875,-2,7;881,-10,-1;905,-27,-14;908,8,13;913,-10,9;916,-2,-13;921,-11,11;924,7,-15;929,-15,20;932,-9,1;937,1,2;940,0,-33;945,-8,25;948,-4,-6;953,-1,21;956,2,-19;961,-6,16;969,-16,-8;972,17,-2;977,-23,8;980,2,-4;985,-12,4;988,11,-1;993,-21,7;996,9,-15;1001,-27,14;1004,16,-8;1009,-16,11;1012,26,-10;1017,-35,14;1020,13,-16;1025,-26,14;1028,19,-8;1033,-34,18;1036,23,-21;1044,-6,5;1052,0,-4
rua||miguel moreno lessa|jardim renovacao i|37810000|398,-2131315,-4678771;406,-7,-5;414,-8,3;428,-4,7;436,-8,-2;444,-7,3;452,-7,1;460,-11,1;468,-6,1;476,-8,0;486,-9,-4;494,-5,3;514,-15,6;522,-6,4;534,-12,0;542,-4,-1;548,-9,3;556,-6,0;564,-10,0;572,-7,-3;584,-6,7;592,-11,-2;600,-7,1;608,-8,-1
rua||miguel moreno lessa|passaro da ilha|37810000|82,-2131037,-4678818;94,-9,2;106,-8,-1;118,-6,-1;128,-21,17;142,0,-3;150,-13,-7;160,-8,0;184,-20,6;187,-6,7;194,2,-3;197,-18,1;204,18,-1;213,-17,5;214,-1,-5;224,-12,1;225,7,4;233,-14,4;234,3,-4;241,-15,6;242,9,-8;249,-11,6;250,2,-3;257,-13,4;260,6,-2;265,-13,8;268,-1,-17;285,-19,20;288,5,-10;293,-5,9;294,-4,-7;301,-6,11;302,0,-11;309,-3,9;310,-4,-11;319,-12,13;320,6,-9;327,-6,9;328,-2,-10;335,-9,12;336,3,-9;342,-9,3;343,0,11;347,-11,2;348,8,-13;356,-7,2;357,-7,8;365,-5,0;366,-2,-8;373,-6,11;382,-14,-8;383,13,8;397,-25,2;405,-4,2;415,-6,-1;427,-10,2;435,-9,2;443,-10,4;451,-1,-10;463,-15,4;467,-1,9;477,-4,-5;485,-13,-2;493,-9,17;513,-8,-7;523,-16,6;533,-4,0;541,-4,-1;545,-9,-1;555,-5,7;563,-12,-2;573,-9,0;583,-9,5;591,-10,-3;599,0,5;607,-13,-1
rua||miguel moreno lessa|vila lopes|37810000|12,-2130975,-4678827;13,-3,9;20,0,-9;29,-12,9;30,-1,-6;38,-2,1;41,-10,5;48,-4,-6;53,-13,10;60,0,-8
rua||miguel moreno lessa|vila santa barbara|37810000|97,-2131050,-4678808;113,-13,2;123,-10,3;135,-15,1;147,-10,2;159,-4,2
rua||minchillo|jardim italia|37810000|5,-2131192,-4678670;70,9,26;80,1,7
rua||misael sandoval|centro|37810000|373,-2130100,-4680124;377,-10,-10;389,-17,2;400,31,-1;439,-73,-8;459,-10,-4
rua||montipo|jardim italia|37810000|20,-2131255,-4678733;30,-9,-1;41,32,0;50,-55,3;61,41,5;71,-11,-1;81,-12,2;91,-10,5;101,-11,-13;130,-63,15;151,24,4;161,-10,2;181,-13,-1;220,-82,6;230,-6,2;240,-8,2;260,-24,6;261,42,-2
rua||montipo|jardim renovacao ii|37810000|320,-2131520,-4678694;340,-16,4;350,-7,1;380,-25,4;440,-62,13;450,-5,1;460,-4,3;480,-15,2;500,-15,1;520,-19,-1;540,-10,2;550,-11,-2;570,-14,6
rua||natale de moraes|jequitiba|37810000|20,-2130998,-4678405;30,-5,5;50,-15,13;60,-5,2;70,-15,9;80,-5,1;100,-16,7;140,-42,25;180,-33,17;190,-14,7;200,-5,4;210,-4,-1;220,-12,11;230,-7,2;240,-9,5;250,-7,4
rua||nicolau antonio nardi|parque do trevo|37810000|15,-2129896,-4679185;41,2,-9;53,0,-3;69,32,7;79,5,4;82,-8,3;87,22,-5;92,-6,3;99,5,-8;102,6,18;105,10,-11;110,-16,4;112,16,6;115,6,-6;122,-3,4;125,12,-4;132,-5,1;135,13,-3;142,3,9
rua||nicolau ciuffi|cohab|37810000|16,-2130862,-4680148;50,-3,20;60,-4,4;70,2,16;80,-2,11;90,-5,9;91,6,24;100,-9,-15;110,5,15;115,3,8;120,-1,0;125,-4,13;130,-5,0;135,-4,11;145,6,-1;170,-13,33;180,4,5;190,-10,19
rua||noemia da silva paulo|characa alto da boa vista|37810000|111,-2129228,-4680375;141,47,-48;151,8,-19;180,-119,138;190,12,-11;200,10,-13;220,41,-44;250,49,-46
rua||nove|jardim botanico|37810000|101,-2130461,-4678355
rua||olavia dias ramos|bom jesus|37810000|19,-2131326,-4679273;20,-5,-51;22,-4,56;27,7,4;37,0,8;59,6,26;62,-10,3;66,-4,7;71,8,-1;74,-7,14;81,11,4;91,-3,9;92,-10,2;100,1,4;101,14,2;106,-10,25;116,1,9;121,7,-10;130,-9,20;133,9,-3;141,-2,15;142,-6,-10;152,1,16;155,5,-1;170,-5,20;180,-3,7;190,-5,15;191,21,-8;200,-12,16;201,3,-7;210,1,17;215,0,1;220,-4,11;230,4,6;235,2,9;240,-4,2;250,-3,9;425,8,-140
rua||olavia dias ramos|passaro da ilha|37810000|283,-2131315,-4679017;302,1,39;310,0,12
rua||onorio alves|parque do trevo|37810000|40,-2129854,-4679287;60,19,4;70,1,2;80,12,0;90,9,-2;100,13,5;110,6,-5;120,9,7;130,11,2
rua||onorio alves|vila moreno|37810000|11,-2129879,-4679296;21,-2,-3;31,10,-1;41,13,3;51,11,5;61,6,-1;71,7,1;81,8,1;101,17,7;111,7,-4;121,6,7;127,10,-4;131,8,2;141,7,3;151,16,3
rua||orestes mancini|centro|37810000|561,-2130624,-4678873;575,0,20;577,-2,-21;579,3,6
rua||orestes mancini|vila cruzeiro|37810000|7,-2130577,-4679027;26,-13,14;38,-4,12;45,7,3;48,-9,4;53,6,11;56,-11,3;68,-1,5;78,-3,11;90,-6,3;93,12,17
rua||osvaldo prado caldeiras|novo horizonte|37810000|11,-2130925,-4679694;14,5,9;19,2,3;26,1,-44;27,-11,30;34,10,-34;35,-13,20;42,10,-3;43,-5,-5;50,2,-2;55,-16,4;58,7,-12;63,-9,-7;66,7,12;71,-2,-8;74,3,12;79,-16,-27;82,10,23
rua||oswaldo acassio ribeiro|alto da boa vista|37810000|20,-2120774,-4674539;27,-131,43;31,120,-48;35,-123,53;41,512,-206;47,-524,215;51,113,-50;61,-6,17;63,-120,44;70,106,-61;77,-110,67;80,107,-66;85,-118,77;90,112,-75;105,-126,88;110,97,-85;115,-97,87;120,94,-82;123,-100,85;133,-7,7;147,-12,8;157,-9,12;165,-8,5;179,-4,3
rua||oswaldo acassio ribeiro|passaro da ilha 2|37810000|33,-2120788,-4674547;41,-10,-1;53,-14,2;65,-2,4;71,-14,-1;81,-2,3;111,-28,3;115,-2,7;121,-10,-2;131,-13,6;141,6,-2;206,-49,39;369,-92,81
rua||paschoal romanelli|centro|37810000|25,-2129965,-4680860;65,-32,-10;74,3,-7;87,-22,4;88,-4,-5;98,-14,-4;122,-12,5;132,-13,2;144,-20,-5;154,2,6;157,2,12;174,-25,-14;180,-4,0;200,-15,12;240,-92,-13;375,-7,47;475,-4,4
rua||pascoalino flamini|bela vista|37810000|3,-2130975,-4679371;7,11,13;9,-5,7;13,-16,3;14,7,-23;21,-11,34;22,5,-11;29,-12,14;30,4,-16;45,-14,22;46,5,-12;51,-7,13;52,-6,-2;62,-6,3;63,-5,7;74,-1,-3
rua||paulo grella|centro|37810000|4,-2130121,-4679200;5,-16,6;14,20,-7;30,0,-6;35,-78,14;59,40,-2;70,-17,-4;75,3,1;85,-15,-1;86,8,4;94,-8,-2
rua||paulo lopes|vila lopes|37810000|42,-2130876,-4678857;58,-9,0;72,-11,4;86,-14,5;106,-16,6;114,-3,1;129,-33,20;135,51,-21;145,-8,2;165,-14,5;175,-6,-1;185,-7,5
rua||pedro lopes filho|centro|37810000|20,-2130697,-4680448;21,7,2;31,-8,2;41,-11,-10;51,-8,6;61,-9,0;71,-7,-2;81,-13,-2;91,-14,-4;101,-8,4;111,-17,-6;120,3,-5;121,-6,4;150,-18,-7;151,-20,6;170,-1,-8;200,-25,4
rua||pedro lopes|centro|37810000|41,-2130702,-4680495;51,-10,-2;70,-38,-13;71,17,10;160,-91,-18;180,-24,-2;181,20,8;191,-10,-1;201,-8,1
rua||pedro mian|cohab|37810000|16,-2130766,-4680298;17,-2,8;27,-20,-6;36,4,-12;37,-12,15;47,-9,-2;50,5,-8;61,-20,2;74,-1,-10;75,-7,7;88,-8,-7;89,-2,5;97,-9,2;100,1,-13;109,-8,9;120,-9,-15;121,-7,8;133,-2,-5;136,9,0;148,-13,-13;151,-13,2;161,-5,-4;164,4,-10;171,-15,6;174,3,-9;186,-6,-7
rua||pedro paula pereira|centro|37810000|47,-2120351,-4674677;65,-9,-6;66,-5,-9;80,-4,-7;86,-10,-3;100,-16,-11;115,-20,2
rua||perocco|jardim italia|37810000|30,-2131314,-4678718;40,16,20;41,8,-6;51,0,18;60,-1,5;80,-1,43;81,8,1;101,13,27
rua||prudente de moraes|centro|37810000|5,-2129662,-4680096;15,-9,-3;23,-10,3;37,-22,-16;59,-21,3;81,-6,-16;93,-25,32;110,-1,-35;115,-4,3;120,-7,-12;125,-2,5;160,-24,-24;174,-7,6;203,-42,-9;207,0,2;208,5,1;215,-14,2;220,3,-7;224,-3,-1;227,-8,11;228,2,-3;234,-4,-7;245,-8,1;253,-21,-4;260,8,5;265,-10,-11;270,-24,-17;271,22,18;275,-6,-5;281,-5,3;285,5,-4;313,-34,-3;322,-1,-5;323,-10,-6;326,-1,3;328,5,-11;334,-9,3;350,-7,3;470,-124,-21;500,-7,-5;516,-15,-5;522,1,1;528,0,4
rua||prudente de moraes|perimetro urbano|37810000|99,-2129547,-4680043;143,52,-7
rua||quatro|distrito industrial|37810000|150,-2129450,-4679510
rua||quatro|jardim dos ipes|37810000|81,-2131264,-4679432;91,-8,-3;101,-9,-5;111,-7,-7;131,-12,-12;141,-3,0;151,-9,-9
rua||quatro|taquaral|37810000|60,-2130616,-4678552;70,-5,7;71,23,-27;81,-3,6;111,-17,21;141,-14,45;151,-7,9;161,1,6;181,-15,18;191,2,12;201,-10,13;450,50,-120
rua||quatro|treze de maio|37815000|10,-2120758,-4674592;20,-5,-10;80,11,61;97,17,46;106,-2,5
rua||quintino bocaiuva|centro|37810000|32,-2130160,-4680504;49,15,21;52,-8,-3;62,-9,5;82,-1,27;92,-5,12;102,-1,9;135,-326,933;142,319,-924;146,-13,15;155,12,11;166,-7,-3;176,-8,20;186,-6,13;200,-1,14;212,-4,8;220,-7,10;232,-3,6;243,10,16;247,-12,6;264,-7,6;265,2,10;296,-15,20;324,-6,31;349,-3,30;352,-5,-18;359,3,25;360,-12,-9;366,-1,15;367,7,3;380,-8,4;383,10,6;413,-17,36;418,-3,-12;429,2,20;461,-9,24;471,-3,8;479,-6,12;480,-5,-4;488,-11,2;491,13,12;496,-9,-1;501,6,8;510,-10,0;530,-8,27;536,-2,4;537,5,12;544,-8,-6;547,6,6;550,-9,1;554,-2,5;559,0,10;570,-1,2;577,-1,13;584,-4,1;591,3,5;592,-4,-3;598,-2,6;601,3,11;604,-5,-2;611,-1,12;638,-12,14;653,3,22;676,-17,18;686,-1,3;710,-10,27;719,3,23;726,-6,-7;735,5,15;740,-10,-3;750,-2,8;755,6,21;758,-14,-14;759,0,18;779,11,0;780,-11,-7;783,-8,18;785,11,-8;798,-11,16;822,-13,21;830,0,8;840,2,9;841,2,4;844,-4,0;859,3,21;868,-5,0;871,2,0;876,-13,8;881,8,13;886,-19,-7;901,12,7;904,-11,17;921,10,16;950,-24,25;969,1,14;978,-7,-1;979,7,12;990,-20,14;1009,11,3;1010,-13,8;1016,-4,7;1027,5,6;1031,0,15;1034,-11,-5;1038,-4,5;1041,13,26;1042,-15,-16;1054,-2,7;1065,0,9;1092,-12,21;1102,-8,-4;1103,14,16;1115,12,6;1125,-17,12;1145,-5,16;1159,-9,17;1170,-12,2
rua||raul de sa|nova guaranesia|37810000|10,-2129860,-4681009;15,-16,-26;25,9,1;35,4,9;81,73,57;101,27,19;110,4,18
rua||reni jorge sa|distrito industrial|37810000|11,-2129586,-4679101;27,-18,-4;35,-4,0;47,-5,0;57,-11,3;67,-4,-4;77,-20,1;87,-12,-3
rua||reni jorge sa|jardim joao nardi|37810000|32,-2129618,-4679105;42,-14,-5;62,-11,-4;82,-19,1
rua||ricardo segretti|residencial junior|37810000|20,-2129738,-4680424;21,-8,4;30,4,-6;31,3,4;40,17,-3;41,-8,-4;50,15,3;51,-7,-9;60,-3,-3;61,4,0;70,10,-3;71,3,2;80,11,-12;81,-3,0
rua||romulo amadeu segretti|parque do trevo|37810000|5,-2130027,-4678989;17,-7,4;26,5,15;29,-1,0;39,-5,13;44,-5,8;49,12,-1;56,-13,11;59,8,-5;66,-4,15;75,1,-5;80,-3,5;81,2,13;90,-9,-4;99,10,16
rua||roque talibertti|residencial junior|37810000|11,-2129733,-4680377;21,13,0;26,12,13;31,-7,-16;36,16,6;41,4,-6;46,2,10;51,11,-12;61,4,-7;66,6,3;71,3,-8;81,19,8
rua||rosa nunes segretti|jardim 25 de dezembro|37810000|9,-2131927,-4679320;29,1,-9;39,-7,-14;64,-7,-33;74,-6,-9;79,1,0;84,-2,-6;94,4,-11;99,-5,9;104,0,-18;111,-6,10;114,3,-17;119,-7,3;134,4,-23
rua||rosseti|jardim renovacao ii|37810000|11,-2131742,-4678670;21,10,15
rua||sebastiao cardoso de padua|parque do trevo|37810000|50,-2129988,-4678977;60,-1,13;94,1,22;100,-1,21;110,-4,1;120,4,17;132,6,5;140,-10,8
rua||sebastiao de souza|wesceslau de almeida|37810000|40,-2130405,-4680052;50,-13,-5;60,-2,0;80,-22,-5;90,1,-4;100,-13,-9
rua||sebastiao franchi|centro|37810000|101,-2130015,-4678873
rua||sebastiao franchi|parque do trevo|37810000|60,-2130051,-4678904;70,7,4;80,5,10;92,5,9;101,26,-1;102,-17,-7;112,7,11;116,12,3;122,12,10
rua||sem denominacao 1|cohab|37810000|186,-2130904,-4680367
rua||sem denominacao 2|centro|37810000|30,-2120671,-4674184;31,-13,6;40,-9,0;51,-18,6;70,1,-1;120,-64,19;121,-33,13;130,-26,-6;151,-14,21;181,-45,11;210,4,-5;220,-11,-2;221,-24,17;230,4,-3
rua||sem denominacao|distrito industrial|37810000|90,-2131155,-4679922
rua||serafina barbara de jesus|novo horizonte|37810000|25,-2130995,-4679648;30,1,-10;33,-6,0;40,2,-1;41,-2,-15;49,-12,23;50,-1,-6;57,2,11;65,-7,-31;73,-14,23;89,-13,-29;97,-3,-5;100,10,0;105,-7,-1;113,-19,-2;114,5,5;121,-3,-4;129,-11,-4;137,-2,-12;140,7,-7;145,-18,11;153,-10,-10;156,19,-11;161,-23,8
rua||sete de setembro|centro|37810000|14,-2129749,-4680274;44,-13,47;47,-6,-3;89,-11,53;96,2,-9;99,1,11;106,-9,-7;111,-2,18;118,1,7;159,-7,29;181,-5,23;185,3,-7;190,-4,12;195,-4,17;209,-5,3;210,-4,-5;219,7,-5;225,-4,29;245,-10,25;262,-12,17;267,2,0;268,3,-3;270,-6,12;284,-6,10;297,3,13;302,3,-3;307,2,8;319,-4,12;320,-6,-2;323,4,1;324,0,-4;333,-8,22;336,-1,-11;340,-5,8;343,7,8;383,-18,44;392,0,-5;415,-3,27;429,-16,7;450,2,12;471,-3,28;483,0,11;493,0,11;507,-3,14;513,-10,15;514,-8,6;527,4,13;545,0,3;547,-6,8;553,2,0;563,0,9;575,-5,12;593,-2,19;603,0,10;604,-12,-5;615,-1,13;625,4,14;637,-6,9;661,-11,25;675,-3,17;709,-14,33;733,-18,12;753,5,19;769,-7,8;771,1,13;773,32,19;795,-38,-17;797,-8,20;800,40,-94;812,-49,82;815,7,20;820,-12,-4;823,7,9;828,-12,0;829,5,7;840,-12,3;844,1,6;849,6,-2;858,-10,7;867,-4,19;870,-6,-7;875,8,3;885,-6,20;888,-9,-12;889,3,13;895,-2,-2;900,-10,4;903,7,5;911,-2,9;922,-13,-1;931,-5,11;950,-14,20;955,15,-5;959,-11,16;971,-12,0;976,-6,2;977,8,7;985,-9,7;995,-3,7;1009,-3,14;1015,-4,6;1029,-12,10;1035,-9,9;1045,10,-1;1059,6,26;1079,1,8;1080,-2,15;1089,3,7;1100,-4,12;1111,1,11;1122,3,7;1139,-2,-10;1142,3,11;1152,-1,16;1165,4,23;1188,-12,29;1189,13,-19;1199,3,22;1208,-11,16;1226,2,10;1231,6,5;1241,1,3;1252,-23,18;1253,1,-180;1261,26,186;1271,-4,6;1281,1,13;1297,-1,15;1304,-7,2;1314,2,12;1317,7,6;1320,-4,4;1327,7,13;1333,3,10;1346,-9,6;1348,-32,36;1350,33,-20;1351,6,0;1365,-5,13;1368,-1,-5;1389,23,31;1394,-26,-25;1399,12,26;1410,-26,6;1425,26,19;1430,-80,54;1435,109,-60;1436,-109,59;1453,60,-39;1479,37,22;1493,-41,9;1510,-81,-158;1541,61,66;1554,-31,97;1574,18,65;1584,-21,9
rua||silvestre robilota|centro|37810000|231,-2129852,-4679609;245,-1,-11
rua||silvestre robilota|doutor joao ribeiro|37810000|11,-2129666,-4679525;20,-12,-13;23,4,7;30,-9,-10;35,-6,4;40,-5,-8;47,-2,4;50,-5,-5;59,-9,-2;60,1,-3;70,-11,-5;71,2,8;81,-10,-5;90,-9,-8;95,1,4;107,-19,-3;119,-3,-3;120,-10,-13;131,1,10;140,-9,-6
rua||silvio bolota|perimetro urbano|37810000|21,-2130289,-4678560;31,-14,-2;81,-51,-18;91,-1,-2
rua||tereza f minchillo|novo horizonte|37810000|118,-2130722,-4679750;158,-63,20
rua||tiradentes|centro|37810000|15,-2129941,-4679778;25,-11,-8;28,6,-3;29,-6,7;31,-3,0;36,-8,-10;41,3,8;45,-10,-2;48,1,-13;51,-2,13;59,-11,-3;60,1,-8;115,-40,-5;120,-5,-9;135,-15,-2;145,-12,-7;173,-18,-4;179,-14,0;189,-2,-1;201,-14,-1;207,-15,-7;225,-1,-7;235,6,-2;339,-126,-20;357,-9,-5;379,-22,-5;449,-62,-24;450,7,2;458,2,-5;459,-16,3;468,2,-4;469,-1,10;479,-17,-3;518,-32,-26;523,-11,8;532,1,-7;535,-3,9;556,-15,-13;569,-23,3
rua||tres|taquaral|37810000|300,-2130721,-4678663;310,5,10;311,7,-10;350,22,22;351,19,7;360,-9,-7;380,14,10;400,17,11
rua||tres|treze de maio|37815000|151,-2120742,-4674508
rua||umbelina barbosa|centro|37810000|254,-2120482,-4674706;267,-6,5;268,-5,-15
rua||um|centro|37810000|40,-2131599,-4678650;371,63,-33;401,-26,3;431,-14,8;471,-40,4;481,-23,-1;491,9,2;501,-14,1;511,-7,1
rua||um|jardim botanico|37810000|61,-2130523,-4678444;81,-24,6;110,-35,0
rua||um|treze de maio|37815000|201,-2120701,-4674584;221,-14,8;231,-9,0
rua||urias belarmino de souza|parque do trevo|37810000|5,-2129904,-4679093;11,6,0;17,8,2;28,-17,-1;36,18,6;44,8,-1;47,7,-5;57,14,6;58,-10,5;68,8,-2;76,7,1;77,13,-4;89,11,3;99,0,-1
rua||valdemar panissa|residencial junior|37810000|41,-2129762,-4680528;51,8,5
rua||valdovino alves ferreira|passaro da ilha 2|37815000|15,-2121114,-4674691;29,3,13;34,-11,10;39,7,4;42,-6,10;47,5,-4;55,13,11;56,-17,6;67,10,4;68,-7,5;79,5,-8;89,9,16;99,-4,17;111,2,5;127,4,24;139,-1,3;149,4,12;157,9,11
rua||varcilio jose dos santos bin|centro|37810000|447,-2130476,-4679794
rua||venceslau de almeida|centro|37810000|6,-2130279,-4680150;22,-15,11;34,-6,10;74,-28,28
rua||vera silva de marco|nova cohab|37810000|20,-2131408,-4679583;30,-17,3;40,-7,-7;41,-41,-29;50,33,26;60,-12,-8;70,-3,-10;80,-12,-8;90,-4,-8;100,-15,-4;101,2,-1;110,-7,-9;113,1,7;120,-12,-17;125,3,11;130,-6,-12;140,-8,-8;149,5,15;150,-21,-26
rua||victor jose de mattos|nova cohab|37810000|8,-2131555,-4679588;19,-11,-11;20,9,-3;32,-5,-3;33,-10,-14;44,7,4;56,-2,-7;64,-3,-15
rua||vilma delorenzo alexandre|perimetro urbano|37810000|120,-2129998,-4680953;530,68,-123
rua||vilma delorenzo alexandre|varzea|37810000|35,-2129980,-4680902;53,-24,-7;85,-2,-7;121,3,-43;133,40,63;141,-39,-70;441,24,-31;530,53,-82
rua||vilmar marangoni|characa alto da boa vista|37810000|115,-2129221,-4680464;245,72,-84;250,28,-5;295,40,-57;300,-25,28
rua||vitor dos santos|bom jesus|37810000|25,-2131321,-4679354
rua||wenceslau de almeida|centro|37810000|117,-2130342,-4680072;126,-18,13;129,6,-1;136,-12,3;141,8,10;146,-14,-2;163,0,17;182,-15,3;185,3,8;192,-6,-4;193,2,12;200,-4,-3;213,-10,17;219,-6,7;245,-1,5;253,-9,10;286,-13,3;294,-5,5;295,10,2;303,-6,10;304,-7,-7;316,-6,8;330,1,11;338,-8,8;339,-7,35;355,-5,19;360,6,-36;363,-6,44;367,-7,7;370,6,-43;371,-5,53;380,5,-47;390,-5,12;420,-5,33;440,-11,25;457,-10,46;460,-5,-15;465,1,21;468,-55,-45;470,42,35;476,-3,3;478,-2,8;500,-17,11;501,21,28;505,-8,-14;514,-14,16;515,4,11;524,-9,-6;530,-3,12;548,-7,8;560,-18,18;580,-6,10;601,-6,20;611,-8,12;642,-6,7;650,-13,14;668,-18,19;676,-2,1;684,-34,43;703,26,-19;706,-12,-7;713,4,10;726,-21,13;743,-6,10;753,-7,0;754,-8,-5;765,-4,14;774,-4,-4;775,-3,10;810,-32,14;834,-14,-2;841,5,11;844,-22,3;853,30,7;858,-35,-6;865,7,10;872,-10,-6;875,0,16;885,-7,-2;895,-11,12;905,-12,9;911,-12,0;921,1,-2;929,-13,14;930,16,-26;939,-21,22;949,-12,7;952,-5,-5;956,-5,-2;977,2,9;984,-137,-15;999,122,24;1003,-16,7;1013,-13,-12;1019,-31,-2;1023,0,-9;1033,-9,9;1051,0,-7;1063,-1,6;1075,-25,-7;1089,-10,2;1097,-6,-6;1121,-19,-1;1132,-12,-6;1135,-6,4;1139,-3,7;1142,-15,-12;1157,-6,2;1165,-2,-2
rua||wenceslau de almeida|distrito industrial|37810000|79,-2131542,-4679578
rua||wenceslau de almeida|nova cohab|37810000|17,-2131523,-4679585
travessa|marechal|deodoro da fonseca|centro|37810000|25,-2130448,-4680477;46,-24,25;55,-2,-5;56,0,-1;65,-10,0;66,0,-1;75,-5,6;85,-10,3;86,-5,-14;95,-4,10;96,-1,-7;105,-3,12;106,-9,-9;116,-4,0;125,-11,7;126,-2,-14;145,-8,7;155,-3,3;165,-1,-10;175,0,-4;185,1,-13
travessa||sete de setembro|centro|37810000|43,-2130064,-4679290;101,48,13;1071,-61,-21
travessa||sete de setembro|parque do trevo|37810000|10,-2129932,-4679266;20,-1,0;30,13,2
