alto||do quilombo|quilombo do ambrosio|38950000|35,-1945696,-4631958;70,38,22;193,42,-106;507,-139,-124;593,8,59
alto||do quilombo|quilombo|38950000|2,-1945547,-4632025;18,-51,55;26,-11,8;35,-126,-106;42,40,117;51,30,23;59,41,-20;85,-24,-30;87,46,9;104,-43,-5;115,17,-18;139,-66,62;150,71,-54;169,-70,75;185,3,10;190,103,-103;191,-80,114;194,-113,-312;201,177,197;203,-25,56;209,30,-58;210,20,-3;215,-8,-4;217,-29,13;220,6,7;225,0,-7;230,45,-15;235,-9,-31;249,-40,84;491,-172,-244;705,54,199;715,-4,20
assentamento|santa|tereza|larga|38950000|5,-1943717,-4653112
assentamento||sitio santo antonio|morro alto|38950000|3,-1935447,-4667186
avenida|doutor|carlos fulgencio|bairro jardim|38950000|41,-1948265,-4654527;53,33,-28;74,-45,42;90,-10,10;98,22,-25;100,-22,34;118,-13,22;130,0,3
avenida|doutor|carlos fulgencio|bairro santa cruz|38950000|65,-1948257,-4654515;85,-13,15;95,-4,7;107,1,11;117,-9,9;131,-9,14;180,-31,9;186,-4,14;200,-8,18;206,3,10;218,-9,7;230,-3,8;238,-5,8;246,-2,1
avenida|doutor|carlos fulgencio|centro|38950000|285,-1948365,-4654340;295,-6,8;305,-6,8;315,-2,9;396,-95,132;430,28,-49;436,-1,5;440,-1,-3;446,-3,15;475,-16,32;497,-5,11;526,-28,19;531,12,12;549,-9,13;555,-5,9;558,-18,5;563,14,-3;580,-18,9;598,-9,12;611,10,18;616,-15,-13;619,5,20;628,-19,-5;633,14,15;654,-23,7;660,3,20;677,-6,13;862,-75,22;863,1,31
avenida|doutor|carlos fulgencio|santa cruz|38950000|168,-1948397,-4654310;174,1,4;190,-12,10;306,26,-31;322,-9,7
avenida|madre|maria de jesus|centro|38950000|13,-1947483,-4653704;16,-125,-78;17,-64,-22;24,190,72;42,-11,-8;50,-4,-6;82,-13,-8;90,-15,-10;100,-13,-8;113,48,55;114,-58,-65;124,-9,-11;138,-12,-7;141,-7,32;166,-19,-48;188,-3,-5;204,-20,-18;209,-13,14;214,13,-7;232,-18,-14;242,-20,-16;256,-1,-5
avenida|presidente|tancredo neves|bairro jardim|38950000|6,-1948546,-4655056;26,0,22;108,8,65;111,10,9;124,-10,-4;129,16,9;137,3,0;155,1,24;157,-2,1
avenida||bartolomeu ribeiro de paiva|deolinda mendes|38950000|72,-1949427,-4654927;80,-26,4;84,-13,2;110,-13,-2;116,-9,2;124,-10,-3;198,-68,3;204,-14,2;218,-10,1;230,-10,-1;304,-86,5;320,-11,5;330,-10,-2;334,-2,-1;372,-26,2;388,-17,0;412,-24,3;446,-29,-31;508,-56,40;528,0,0;624,-90,-3;640,-12,-2;680,-54,1;822,-82,-19;826,-3,-7;850,-12,-9;934,-62,-57;950,-4,-5;1050,-27,-40;1118,-36,-89;1124,-2,-12;1198,-28,-60;1236,-14,-38
avenida||bartolomeu ribeiro de paiva|nossa senhora de lourdes|38950000|807,-1950090,-4654906;821,-22,-4;835,28,9;853,-53,-4;897,-27,-31;935,-23,-45;965,-18,-19;975,-7,-11;997,0,-1;999,0,0;1001,-6,-13;1027,-10,-31;1035,-7,-9;1043,0,0;1051,4,-10;1063,-3,-1;1077,-15,-16;1079,-5,-8
avenida||bartolomeu ribeiro de paiva|sao benedito|38950000|67,-1949422,-4654901;69,-9,-3;71,-5,4;73,-9,2;85,-13,-2;101,-12,4;111,-8,24;117,-16,-28;127,-13,6;179,-39,-7;203,-34,4;223,-13,7;263,-30,-1;275,0,-1;283,-27,3;319,-41,-5;341,-10,6;401,-55,3;411,-21,2;413,-4,11;435,-8,-15;445,-19,17;451,-7,-13;467,-5,2;481,-17,-3;501,-8,3;539,-38,1;541,-14,6;551,-1,0;567,-7,-12
avenida||b|risoleta neves|38950000|25,-1948710,-4653675;26,-28,1;39,32,7;40,-32,-6;51,39,19;52,-36,13;53,37,-5;54,-32,14;95,42,17;96,-38,9;107,36,4;108,-31,2;121,40,-1;122,-37,10;133,40,-1;134,-34,17;145,35,-4;146,-33,15;151,38,-8;152,-37,11;163,32,3;164,-28,8;187,43,8;188,-40,2;194,4,24;277,52,31;329,21,82;330,-37,-1;341,41,-1;342,-35,12;357,36,9;358,-35,1;369,37,0;370,-31,8;383,36,5;384,-34,10;397,38,0;398,-36,13;411,38,4;412,-35,7;420,3,6;426,5,19
avenida||getulio vargas|bairro jardim|38950000|22,-1948748,-4654970;23,0,-12;25,-1,-14;35,7,3;36,5,17;51,17,-12;52,-3,14;64,24,13;65,-4,-37;74,0,19;76,30,1;77,-19,-24;85,0,4;86,22,20;93,-13,-20;97,8,-4;100,22,19;141,5,-20;156,70,13;162,-50,8;165,19,-26;192,5,20;202,12,-7;223,26,-15;227,2,-2;231,-9,2;389,83,-4;400,12,18;401,1,-26;413,10,1;425,31,21;437,-11,-20;449,12,-6;461,18,-1;472,-5,28;737,325,-58;745,7,0;759,38,-3;800,-62,32;883,82,-33;898,0,27;903,22,-29;910,-9,27;922,9,-2;928,88,-11;936,-69,10;940,77,-11;952,6,2;962,11,5;975,32,-33;985,-75,12;1027,81,-12;1050,46,18;1060,23,-1;1070,4,-8;1080,12,3;1083,-80,-13;1090,87,16;1100,12,-5;1110,5,1;1120,8,-2;1130,9,1;1140,9,0;1150,10,-4;1159,-69,-13;1169,13,3;1181,6,-9;1201,27,1;1203,45,-7
avenida||getulio vargas|dona maroca|38950000|500,-1948389,-4655007;543,41,-18;546,3,16;555,5,11;569,12,2;570,-13,-2;605,36,39;623,22,-80;637,27,-2;663,22,1;687,14,-57;720,39,41;721,-5,32;733,8,-15;742,-1,23;747,-15,-25;754,22,19;755,25,-20
avenida||getulio vargas|jardim universitario|38950000|1252,-1947620,-4655074
avenida||jose cambraia|bairro santa cruz|38950000|434,-1948792,-4654524;438,-2,0;442,-14,-3;448,4,-6;500,-36,-10;542,-12,-26;548,-11,-2;566,-13,-5;572,4,-3;578,-5,-1;640,-45,-36;660,-23,-30;688,-42,-14;712,-14,-15;720,-7,-13;730,-12,7;738,-9,-3;740,79,-8;750,-96,-12;758,2,1;770,-4,-7;794,-52,-24;814,16,0;828,-14,-3;832,-1,-1;838,-3,-4;850,-19,-3;862,-3,-9;876,-17,-7
avenida||jose cambraia|centro|38950000|7,-1948437,-4654256;13,-2,-7;25,-10,-8;39,-15,3;51,-15,-14;63,-9,-3;73,-2,0;247,-132,-104;249,-1,-10;261,-11,3;265,-6,-4;287,-16,-11;307,-9,-5;321,-9,-15
avenida||jose cambraia|deolinda mendes|38950000|6,-1949353,-4654878;906,191,99;914,-4,-5;926,-8,-4;930,-4,-4;932,-8,-2;934,-76,-98;946,60,87;950,0,-3;960,0,0;968,-14,-7;980,1,-9;988,-12,2;1000,-18,-16;1021,-13,18;1049,-28,-26;1059,-8,-4;1061,-12,1;1140,-46,-59;1145,40,49;1149,-14,-7;1251,-115,-83;1271,-16,-7;1272,37,-3;1281,-37,-3;1301,-14,-13;1315,-11,-7;1327,-21,-2;1381,-47,-39;1395,-9,-6;1396,18,-16;1400,24,18;1404,-31,-21;1411,-22,9;1412,47,9;1415,-54,-9;1418,18,-14;1420,0,-1
avenida||jose cambraia|santa cruz|38950000|6,-1948420,-4654274;14,-9,0;26,-16,-6;34,0,-4;38,0,0;46,-9,-7;66,-15,-7;68,-9,0;74,-8,2;82,-7,-4;94,-1,-5;114,-19,-33;124,-11,-4;140,-4,-4;146,-7,-5;148,-3,-1;170,-12,-8;182,-13,-10;194,-14,-7;200,6,1;212,-26,-20;218,23,17;224,-19,-12;252,-40,-25;254,-18,-12;264,12,9;276,-22,-18;280,-9,-4;296,-9,-12;310,-16,-13;316,-8,-4;334,-19,-13;336,0,0;346,-8,-8;362,-35,-22;370,28,13;376,-10,-5;390,-7,-8;402,-11,0;519,-80,-24;529,-6,-11;541,-11,-2;553,-8,-1;565,-6,-16;575,-17,-5;595,-19,-10;641,-35,-27;661,-24,-12;667,-8,-5;691,-20,-20;709,-3,-7;713,-7,-8;719,-18,-3;725,-7,-5;753,-17,-11;799,-40,-24;809,-4,-1;823,-8,-10;835,-9,-8;841,-9,-5;851,-2,-3;857,-7,-4;863,-4,-2;871,-12,-6;883,-10,-5
avenida||jose cambraia|sao benedito|38950000|21,-1949389,-4654891;903,216,133;913,-15,-5;931,0,-13;943,-10,-5;961,-14,-5;965,-12,-11;975,-3,-20
avenida||nestle|sao dimas|38950000|6,-1947743,-4653498;18,-15,-3;30,-12,3
avenida||tancredo neves|bairro jardim|38950000|5,-1948522,-4654902;27,-105,164;41,90,-136;51,-76,112;53,66,-106;54,-27,-13;61,27,24;71,-54,93;83,-2,-11;92,-19,-23;97,29,7;127,12,-14;130,-3,-15;140,-2,-15;141,15,12;150,-13,-24;151,14,17;177,61,-80;195,-11,13;222,-32,12;232,-14,12;311,-20,75;340,-51,26;399,3,44;403,-12,22;415,5,-4
avenida||tancredo neves|bairro santa cruz|38950000|10,-1948684,-4654689;18,-10,9;19,28,10;30,-28,-1;44,-1,16;116,-53,61;128,-1,13;142,6,5;208,75,-142;220,-1,7;224,-7,9;235,16,21;245,-2,3;263,-10,19;281,-13,13;335,-5,15;348,-20,-13;355,9,28;367,-6,13
avenida||tancredo neves|centro|38950000|663,-1948861,-4654359;779,-51,78
avenida||tancredo neves|ibia|38950000|933,-1949470,-4653699
avenida||tancredo neves|santa cruz|38950000|86,-1948723,-4654578;115,8,-13;171,-25,38;179,-7,9;185,-6,10;445,10,-13
avenida||tancredo neves|sao benedito|38950000|272,-1948817,-4654467;300,-7,10;308,-12,3;338,-5,7;342,1,20;360,-16,17;370,-2,8;382,-2,12;394,-10,10;403,-14,18;434,-5,16;444,-8,10
avenida||tatao palhares|bairro jardim|38950000|8,-1948562,-4654919;23,-154,10;33,11,-1;45,16,-2;49,18,-2;51,21,-6;61,8,6;70,24,6;71,-14,-7;97,28,-3;135,37,-4;147,13,0;160,-118,26;161,128,-28;216,53,5;217,-3,-10;226,11,13;233,20,-13;241,-9,-1;257,9,-1;258,-124,20;273,140,-21;309,29,-4;366,59,5;370,-61,6;416,98,-8;430,25,1;444,3,-11;528,41,2;534,29,3;661,108,-24;670,33,11;676,25,-9;692,-50,11;695,24,-14;704,91,-2;711,-76,-3;721,10,4;730,29,3;732,12,1;734,13,1;735,-41,-5;740,51,-3;747,-39,0;760,83,-9;851,2,-4;867,21,-4;877,18,-3;887,5,2;901,13,-1;945,31,-4;957,21,-2;977,14,-1;993,12,4;1007,11,-3;1025,10,-2;1031,15,1;1041,8,0;1051,8,-3;1061,10,-2;1071,2,0;1081,14,-3;1091,9,-2;1101,13,3;1111,10,-1;1121,8,-2;1135,12,-3
avenida||tatao palhares|bairro solar|38950000|1040,-1947784,-4654982;1068,38,-2;1088,39,-9;1118,24,0;1132,14,-2
avenida||tatao palhares|dona maroca|38950000|325,-1948392,-4654938;343,10,-2;365,23,-1;377,10,-4;389,9,-3;401,13,-1;415,9,1;417,-4,0;441,34,-4;471,31,4;485,3,-4;515,25,-1;525,5,-4;535,9,-27;537,11,33;553,8,-5;571,8,-2;585,16,-1;595,10,-4;615,8,5;639,14,3
avenida||tatao palhares|jardim universitario|38950000|1212,-1947599,-4654999;1220,11,0;1236,9,-3;1243,14,-13;1392,44,9;1400,12,-4;1438,31,-2;1450,6,0;1462,11,0;1474,12,2;1502,24,-5;1536,49,-4;1548,84,-9;1564,-66,8;1568,-14,2;1648,75,-7;1654,37,-6;1690,30,-2;1700,10,1;1770,68,-12;1771,2,-10;1777,15,-2;1791,9,2;1794,-11,9;1805,14,-9;1938,112,-2;1952,9,2
beco||do amor|tobati|38953000|2,-1959937,-4638814;3,-59,-43
beira||corrego morro alto|morro alto|38950000|22,-1965772,-4647028
bloco||novo goias|ibia|38950000|665,-1957979,-4671155
chacara|santa|luzia|quilombo|38950000|325,-1945822,-4632334
chacara|vovo|curto|morro da mesa|38950000|2,-1964225,-4672785
chacara||limeira|cachoeira do servo|38953000|37,-1965608,-4648604
corrego||morro alto|morro alto|38950000|7,-1966558,-4645570
corrego||ourives|morro alto|38950000|33,-1962674,-4648456
estrada||acesso a rodovia 262|java|38950000|8,-1953691,-4650415;12,-3112,2043
estrada||acesso a rodovia 262|morro alto|38955000|22,-1964361,-4648991
estrada||apos a tragedia a esquerda|tragedia|38953000|12,-1979466,-4674167
estrada||apos a tragedia a esquerda|trajedia|38955000|3,-1980213,-4678670;10,8,-47;85,1,7;192,30,17
estrada||araxa ibia estrada velha|ibia|38950000|22,-1952307,-4656760;4542,922,610
estrada||cachoeira do cervo|cahoeira do cervo|38953000|47,-1965469,-4650628
estrada||de terra|sao dimas|38950000|2,-1946922,-4653002
estrada||para argenita|serra da bocaina|38953000|2,-1970619,-4675091
fazenda|nossa senhora|aparecida|trajedia|38955000|100,-1982698,-4673648
fazenda|nossa senhora|das gracas|tobati|38950000|609,-1959238,-4629356
fazenda|santa|ines|paraiso|38955000|125,-1946687,-4639940
fazenda|santa|monica 2|estevao lobo|38950000|16,-1962669,-4667389
fazenda|santa|rita|ibia|38950000|2,-1955428,-4675921
fazenda|santa|tereza 20|tobati|38950000|3,-1962982,-4637207
fazenda|santa|tereza|pratinha|38953000|7,-1969639,-4642590
fazenda|santo|antonio 10|tobati|38950000|10,-1960454,-4630493
fazenda|santo|antonio 13|tobati|38950000|610,-1959663,-4629873
fazenda|santo|antonio 2|bugio|38950000|27,-1968780,-4642387
fazenda|santo|antonio 5|tobati|38950000|20,-1962849,-4633251
fazenda|santo|antonio 6|morro alto|38955000|13,-1968262,-4642337
fazenda|santo|antonio 8|tobati|38950000|605,-1961072,-4631630
fazenda|santo|antonio|morro alto|38950000|14,-1967875,-4642237
fazenda|sao|francisco|ibia|38950000|1,-1947153,-4686979
fazenda|sao|joao 7|sao joao|38950000|38,-1971236,-4669850
fazenda|sao|jose casa grande|valo velho|38950000|13,-1965577,-4657188
fazenda|sao|jose|ibia|38950000|134,-1942336,-4645017
fazenda|sao|jose|lagoa seca|38950000|4,-1986424,-4665047
fazenda|sao|jose|valo velho|38950000|10,-1965096,-4656890
fazenda|sao|mateuznho|estevao lobo|38950000|2,-1959002,-4666909;3,-10,3
fazenda||angico|tobati|38950000|610,-1959829,-4630592
fazenda||aras 3r|paraiso|38950000|136,-1945486,-4647535
fazenda||bananal 2|sao mateus|38950000|2,-1960464,-4672648
fazenda||baranca|ritiro do gado|38955000|100,-1979064,-4664576;102,0,0;120,0,0
fazenda||bela vista|chumbado|38950000|12,-1953082,-4641099
fazenda||boa esperanca|lagoa seca|38950000|120,-1985194,-4668144
fazenda||boa vista|cachoeira grande|38950000|10,-1969042,-4674301
fazenda||boa vista|quilombo|38950000|120,-1945674,-4634788
fazenda||cachoeira do cervo|morro alto|38950000|7,-1963501,-4648205;10,-5354,5239
fazenda||cachoeira grande 2|estrada araxa argenita|38955000|3,-1971975,-4675261
fazenda||cachoeira grande 3|serra da bocaina|38950000|4,-1972842,-4675966;5,221,-9
fazenda||cachoeira grande|estrada araxa argenita|38955000|2,-1970663,-4675096
fazenda||cachoeira grande|serra da bocaina|38950000|1,-1971883,-4676860
fazenda||caico|paraiso|38950000|132,-1942798,-4645927
fazenda||campinho|tobati|38950000|2,-1963047,-4637302
fazenda||cedro|tobati|38950000|615,-1959163,-4630482
fazenda||chapadao das emas 2|terra viva|38953000|8,-1989407,-4668228;9,-10,5
fazenda||chapadao das emas|lagoa seca|38950000|156,-1989223,-4668107
fazenda||chapadao das emas|terra viva|38950000|3,-1989336,-4668145
fazenda||chapadao das emas|terra viva|38955000|6,-1989342,-4668185
fazenda||chapadao do bandera|lagoa seca|38950000|150,-1987356,-4669570
fazenda||chumbado 2|chumbado|38950000|19,-1952132,-4637482
fazenda||corrego fundo|ibia|38950000|12,-1958825,-4677975
fazenda||da larga 2|sobra|38950000|434,-1942252,-4658092
fazenda||da serra|trajedia|38955000|17,-1981246,-4669062
fazenda||da sobra|sitio heartland|38953000|9,-1947555,-4659350
fazenda||diamante|tobati|38950000|631,-1959508,-4634018
fazenda||el chaparral|morro alto|38950000|47,-1964103,-4649462
fazenda||espigao do cainho|ritiro do gado|38955000|130,-1979460,-4666966
fazenda||fazendinha|ibia|38950000|125,-1944508,-4638851
fazenda||garcia|ibia|38950000|125,-1944622,-4641629
fazenda||guariba|morro alto|38950000|31,-1965063,-4647642
fazenda||jr|valo velho|38950000|19,-1960862,-4652023
fazenda||lagoa seca 1|lagoa seca|38950000|5,-1985277,-4665957
fazenda||lagoa seca 2|lagoa seca|38950000|180,-1989522,-4660696
fazenda||lagoa seca 4|lagoa seca|38950000|180,-1990041,-4661149
fazenda||lagoa seca 5|lagoa seca|38950000|180,-1990055,-4661147
fazenda||lagoa seca 6|lagoa seca|38950000|15,-1982859,-4670254;16,0,0;17,0,0;18,0,0;180,0,0
fazenda||lagoa seca 7|lagoa seca|38950000|6,-1981869,-4666130;7,0,0
fazenda||lira nova|dos pimenta|38950000|16,-1966565,-4659344
fazenda||lira nova|dos pimenta|38955000|18,-1967167,-4658579
fazenda||macaubas|olihos da agua|38955000|15,-1971025,-4669839
fazenda||matinha|serra da bocaina|38950000|1,-1971147,-4678904;2,77,122
fazenda||morada do sol|sao mateus|38955000|2,-1961640,-4671638;3,52,-22
fazenda||morro alto 10|morro alto|38950000|11,-1966074,-4645343
fazenda||morro alto 12|morro alto|38950000|9,-1966450,-4645330
fazenda||morro alto 13|morro alto|38950000|5,-1966605,-4644812
fazenda||morro alto 4|morro alto|38950000|21,-1965261,-4646482
fazenda||morro alto 4|morro alto|38955000|11,-1965456,-4644642
fazenda||morro alto|morro alto|38950000|14,-1965551,-4646360;19,754,120
fazenda||morro branco|paraiso|38950000|119,-1939422,-4632460
fazenda||nova casa branca|ibia|38950000|126,-1946706,-4642327
fazenda||olhos d agua|ibia|38950000|3,-1946858,-4685587
fazenda||ourives|morro alto|38950000|29,-1962038,-4648892
fazenda||ouro branco|lagoa seca|38950000|7,-1984501,-4663760;189,352,-566
fazenda||paraiso 2|paraiso|38950000|13,-1938810,-4647331
fazenda||paraiso|ibia|38950000|114,-1941327,-4642864;125,-3264,3174
fazenda||paraiso|paraiso|38950000|122,-1944353,-4636624;123,577,-1173;130,480,-4894
fazenda||pe da serra 1|trajedia|38955000|20,-1981093,-4668170;180,-4,-404
fazenda||pe da serra|trajedia|38955000|120,-1980956,-4668831
fazenda||ponte alta|ponte alta|38950000|2,-1949044,-4647572
fazenda||ponte pedra|caratinga|38953000|6,-1973072,-4655108
fazenda||potreiro|santa tereza|38950000|6,-1962275,-4636528
fazenda||prado|sao mateus|38950000|2,-1960901,-4673893
fazenda||quebra anzol|santa rosa|38955000|9,-1971126,-4661116
fazenda||quilombo|quilombo do ambrosio|38950000|119,-1946437,-4629945
fazenda||quilombo|quilombo|38950000|119,-1946429,-4629972
fazenda||retiro do gado 10|ritiro do gado|38955000|3,-1977809,-4662679;4,87,69
fazenda||retiro do gado 11|ritiro do gado|38955000|120,-1977461,-4660936
fazenda||retiro do gado 1|ritiro do gado|38955000|100,-1981608,-4664678
fazenda||retiro do gado 3|ritiro do gado|38955000|4,-1980319,-4660965;5,-2,7
fazenda||retiro do gado 5|ritiro do gado|38955000|2,-1979146,-4660479;3,1,2
fazenda||retiro do gado4|ritiro do gado|38955000|6,-1979439,-4661456
fazenda||retiro do gado|ritiro do gado|38955000|1,-1981473,-4664408
fazenda||sem denominacao 12|morro alto|38950000|29,-1965430,-4647628
fazenda||serrinha|tobati|38950000|614,-1957708,-4634359
fazenda||serrote|serrote|38955000|7,-1963265,-4660737
fazenda||topazio|tobati|38950000|39,-1959893,-4638031;233,-15,-7
ferrovia||fca|bela vista|38950000|130,-1947976,-4652764;132,0,-2;133,-30,-75;134,3,-15;135,5,-16;168,80,-105
limite||de setor|dona maroca|38950000|1258,-1948958,-4655511;1276,-9,-3;1282,-8,-2;1312,-22,-13;1330,-17,-10;1340,-6,-6;1350,-7,-4;1414,-25,-30;1434,-9,-13;1460,-19,-32;1466,-1,-9;1482,-10,-32;1492,-5,-14;1500,7,-9;1510,-4,-10;1534,-1,-22;1544,0,-5;1568,3,-19;1572,3,-11;1584,-3,27;1594,-1,-47;1596,3,-5;1630,-10,-33;1642,9,-9;1650,5,-13;1660,0,-11;1666,0,-10;1670,2,-4;1678,6,-7;1702,-8,-26;1712,3,-1;1732,-1,-18;1760,-1,-39;1782,-3,-28;1800,-2,-8;1814,4,-17
pedreira||aterpa|ibia|38950000|365,-1958751,-4661875
praca|sao|geraldo|tobati|38953000|160,-1959776,-4639055;168,-6,13;190,-12,18
praca|sao|joao batista|argenita|38955000|3,-1967226,-4668065;17,-223,35;59,198,-20;73,-157,18;105,115,-14;129,-32,-1;145,-11,2;159,-7,7;177,-19,-4;199,-22,2;256,-74,-29;258,-12,15
praca|sao|joao|sao joao|38950000|72,-1948570,-4652219;75,-6,-7
praca|sao|pedro|centro|38950000|8,-1947676,-4653828;15,-33,-1;29,-10,-2;32,45,-12;37,-45,0;40,42,-34;49,-59,38;56,65,-34;63,-78,14;69,-4,17;80,57,-52;85,-63,32;92,53,-38;98,-4,-2;99,-59,26;112,46,-35;115,-64,33;132,50,-42;133,-53,30;143,-1,-5;148,47,-29;154,-3,0;195,-74,-2;201,7,1;213,4,-9;225,8,-15
praca||antonio leocadio ferreira pca da biblia|bairro santa cruz|38950000|15,-1948797,-4654873;18,17,20;19,-32,-90;30,41,83;38,16,-14;66,3,-2;247,-46,32
praca||joao vinte e tres|deolinda mendes|38950000|13,-1949241,-4654856;25,3,-5;47,12,-23;49,2,15;51,21,-51;61,-6,11;71,-5,13;79,-3,9
praca||mario alves de paiva|argenita|38955000|2,-1967369,-4668082;22,133,-24;44,-18,1;128,-72,13;134,-11,4;156,-17,2;194,-28,7;222,-23,2
praca||olimpio de souza|centro|38950000|61,-1947872,-4653796;85,-10,24
praca||osorio xavier|tobati|38953000|165,-1959612,-4638986
praca||padre eustaquio|sao dimas|38950000|9,-1947711,-4653476;17,11,-7;25,-3,-6;31,5,6;39,9,4;47,-3,16;57,12,5;59,-25,8;67,37,11;142,10,90;146,-40,-33;154,19,0;167,45,5;172,-21,16;183,28,4;195,3,14;211,4,7;225,11,22;241,5,11;249,-1,5;255,-1,4;263,3,7
praca||santa cruz|centro|38950000|80,-1948332,-4654270;96,-19,-6;132,-16,-23
rancho||alegre|lagoa seca|38950000|170,-1986757,-4664449
rancho||quebra anzol|sao mateuzinho|38950000|125,-1955720,-4681592
recanto||fazenda morro alto|morro alto|38950000|12,-1966133,-4646131
rodovia||262|java|38950000|631,-1959182,-4648925
rodovia||262|tobati|38950000|617,-1960454,-4630493
rodovia||262|tobati|38955000|609,-1959469,-4630205
rodovia||br 262|ibia|38950000|20,-1958223,-4670629;368,572,16433;629,573,-1642;637,39,949;639,-41,-942;644,-1092,-4869
rodovia||dib 070|distrito industrial|38950000|2,-1951125,-4655973;70,403,171;101,278,488
rodovia||lmg 827|morro alto|38950000|99,-1966355,-4644528;105,2794,-3108;109,4015,-1439
rodovia||mg 187|ibia|38950000|637,-1949464,-4656440;638,458,38
rodovia||mg 187|terreno industrial|38950000|66,-1952109,-4653059
rodovia||mg 235|corrego da mandioca|38955000|135,-1944718,-4648543
rodovia||mg 235|ibia|38950000|135,-1944922,-4648499
rodovia||mg 235|quilombo|38950000|123,-1946984,-4635158
rodovia||mg187|distrito industrial|38950000|647,-1950270,-4655808;700,-540,1070
rua|doutor|ivo mendes rua 8|centro|38950000|25,-1947844,-4653916;32,0,-16;33,-8,7;47,-3,-10;54,-59,-29;63,44,24;70,-9,-6;77,-2,4;86,-10,-19;91,4,4;101,-19,0;115,-10,1;139,-22,-3;149,-4,-2;167,119,61;170,-154,-68;178,-4,3;185,-3,17;189,12,-11;190,-19,-13;191,5,11;203,-8,-3;216,0,-21;229,-30,23;238,3,-10;246,-14,-2;249,-6,8;260,-8,-11;262,-21,-6;275,12,18;299,-21,-3;300,-9,-5;308,-11,9;320,3,-10;323,-6,6;333,-14,-4;343,-5,1;348,6,2;353,-18,-1;367,-6,-3;372,-7,-7;373,-2,8;386,-11,-11;394,-7,-5;395,5,17;410,-18,-14;411,-6,9;433,-18,0;441,-18,-1;461,-16,-1;468,11,-8;473,-20,36;489,-9,-29;491,-9,-1;497,-14,2;502,16,-10;509,-18,10;522,-5,-9;535,-21,10;536,5,-13;550,-5,4;555,-14,-3;562,3,-7;563,-19,12;568,8,-2;570,-14,4;573,9,30;589,-10,-29;605,-26,-9;635,-33,10;641,-13,-3;642,1,-14;658,-14,10;666,-16,-7;671,8,8;710,-28,-14;735,-11,9;736,-19,-11;741,19,11;749,-5,-2;762,-41,-11;770,-3,-1;821,-20,5;831,-10,-6;837,-23,-5;853,-15,8;860,-95,-31;862,42,22;863,13,54
rua|prefeito|arlindo carrazza|centro|38950000|29,-1947815,-4653597;61,10,-22;75,9,-11;85,5,-6;91,4,-17;120,24,-4;135,0,-24;138,9,9;154,16,-45;159,-20,28;162,15,-11;174,3,-8;175,-4,-6;179,-2,14;180,14,-32;187,-7,7;188,20,-26;189,-17,13;192,5,12;216,6,-11;221,1,-13;238,5,-12;239,-2,3;257,4,-17;267,13,-12;281,3,-13
rua|prefeito|noe dias dos reis r 3|centro|38950000|3,-1947957,-4653890;4,-1,-1;6,5,-29;18,24,-66;25,-5,-7;38,10,0;40,9,-16;57,-7,8;61,4,-7;73,-2,-7;152,26,-33;164,17,-20;165,-7,-6;174,19,-2;190,1,-7;193,-9,-7;376,-99,198
rua||aleimar antonio carneiro r 203|bairro dona maroca|38950000|38,-1948779,-4655082;56,0,-21;64,-2,-9;74,4,-9;84,1,49;106,-13,-85;120,8,-9;130,-2,-12;138,7,44;146,-6,-58;151,5,46;154,2,79;156,-7,-139;166,-13,2;184,15,129
rua||aleimar antonio carneiro r 203|bairro jardim|38950000|106,-1948776,-4655022;118,-1,-7;139,0,-17
rua||alexandre h ribeiro franca r165|nossa sra de fatima|38950000|18,-1948408,-4653532;30,-8,-19;42,1,-3;58,-10,-22;66,2,-3;82,-5,-7;94,-8,-22;112,15,-11;128,-21,-17;136,0,-12;152,-6,-10;158,-2,-4;174,-6,-8;237,0,-17;298,42,145
rua||alexandre h ribeiro franca rua 165|centro|38950000|503,-1948444,-4653981
rua||alexandre h ribeiro franca rua 165|nossa sra de fatima|38950000|436,-1948446,-4653898;450,0,-27;476,2,-13;484,-7,-9;496,9,-12
rua||alfredo rodrigues alves|argenita|38955000|6,-1967331,-4668200;8,-13,-3;20,-16,-1;32,-8,5;61,-14,9;72,-1,-5;80,-11,0;85,-6,12;92,29,-16;94,-43,9;98,19,-4;105,-25,9;158,-38,16;175,-23,-7
rua||alonso jose de aguiar r 16|centro|38950000|5,-1948568,-4654179;7,429,-9;11,-9,2;17,-3,-3;21,-1,3;25,-3,2;27,-434,-16;34,422,9;37,-429,-14;40,424,14;41,1,7;46,-5,-6;51,-428,-13;52,428,13;57,-6,3;58,-21,3;63,-410,-28;80,420,24;86,-17,5;87,-411,-37;88,407,32;93,-17,7;99,-415,-52;100,417,49;105,-1,0;109,-427,-58;120,418,61;123,-7,0;125,-412,-70;128,411,71;131,-426,-73;132,421,78;133,-10,3;145,-412,-90;149,400,87;151,-3,-12;159,-12,1;169,-17,5;181,0,8;188,-6,-2;190,-4,0;201,-8,-5;208,-4,4;215,-8,14;220,1,-12;222,-5,1;229,-14,10;239,-4,5;242,6,-16;251,-22,-1;265,-11,19;268,7,-9;283,-17,11;287,-9,-6;288,4,-7;297,-8,12;298,-4,-12;307,-7,13;310,-7,-16;313,2,14;322,-2,-7;327,-13,13;330,2,-10;346,-16,0;353,-3,11;355,-16,1;369,-15,3;404,-6,-36;415,-12,0;416,4,-2;427,-23,-3;434,2,-16;435,-13,-10;444,7,7;449,-15,-4;456,10,-4;460,-4,3;489,-42,17
rua||antonio batista duarte r26|bairro jardim|38950000|1230,-1948321,-4654464;1240,-15,-8;1256,-4,-1;1262,-13,-29;1270,-17,14;1286,-7,-10;1318,-22,-19;1458,-105,-66;1464,-1,-10;1472,-11,-9;1486,-2,0;1598,-84,-57;1600,-24,-14;1612,-5,-8;1660,-27,-18
rua||antonio batista duarte r26|bairro santa cruz|38950000|1080,-1948215,-4654390;1092,-14,-3;1102,-1,-2;1112,-13,-5;1124,-34,-24;1126,22,14;1132,-27,-20;1140,14,9;1174,-20,-12;1251,-30,-21;1253,-12,0;1255,0,0;1263,-25,-18;1281,-10,-13;1349,-57,-28;1361,-20,6;1367,11,-22;1379,-8,6;1385,-11,-6;1395,-2,-17;1403,-8,1;1409,-13,-18;1475,-42,-29;1489,-10,-9;1491,-10,-1;1505,-9,-5;1509,-8,-6;1607,-84,-49;1609,24,4
rua||antonio batista duarte r26|centro|38950000|44,-1947476,-4653772;54,-18,-16;100,-26,-23;121,-14,-7;128,-9,-11;135,-4,1;144,6,0;154,-20,-7;169,-22,-7;172,11,-14;188,-10,-2;196,-5,3;199,-22,-32;248,-6,0;252,-9,-9;255,21,18;258,-31,-24;270,-8,-14;292,-11,-1;300,-7,-10;310,-11,1;322,-6,-13;325,2,4;330,-8,-6;333,-5,-1;348,-5,-10;368,-5,2;370,-7,-7;376,-9,-9;400,-14,-9;406,-11,-12;428,-8,-20;449,-18,0;452,0,-12;458,-7,-5;459,-2,6;477,-11,-5;484,-4,-22;494,1,0;514,-17,-13;515,-8,1;526,-2,-13;534,-6,-5;539,0,10;542,-5,-14;556,-14,-2;568,-7,-14;569,-21,-17;576,16,8;579,-24,-18;584,22,15;596,-8,-7;611,-18,-8;620,4,-8;625,-16,-11;637,-16,-2;642,14,-8;647,-12,2;648,12,-5;654,-3,-3;671,-46,-27;683,-3,-7;685,17,19;704,3,-8;712,-6,0;720,-4,-10;726,-6,-6;741,-25,2;747,-3,-12;752,7,2;761,-13,-6;764,4,-11;767,-9,5;777,-3,-1;787,-12,-11;788,10,-4;808,-7,-5;828,-15,-18;831,-17,5;836,9,-12;837,-16,4;848,6,-10;851,-20,-1;860,10,-5;874,-9,-8;875,-12,5;882,0,-13;889,-7,5;895,-14,2;902,9,-20;916,-19,-12;920,-6,-6;933,-24,3;934,12,-5;938,-3,-4;941,-9,9;950,-5,-16;953,-8,10;961,0,0;971,-8,-5;975,-9,-4;980,7,-11;981,-10,4;992,-2,-10;1001,-13,0;1018,4,-7;1026,-11,-4;1027,-16,1;1034,8,-5;1042,-6,-4;1054,-11,-5
rua||antonio batista duarte r26|rosa maria|38950000|150,-1947403,-4653714
rua||antonio braz|argenita|38955000|37,-1967322,-4667988;38,-4,-9;49,-12,5;65,-24,1;90,-9,-1;117,-29,13;127,-18,-11;156,-44,21;162,-4,-5;170,-13,4;192,33,-16;247,-37,27
rua||antonio hipolito da cruz r 24|centro|38950000|18,-1948126,-4654285;19,3,-3;27,-12,-3;28,7,2;37,-14,-2;38,3,-7;52,-6,-4;56,-9,-4;63,2,6;73,-6,-2;74,-9,-13;83,0,2;86,-14,-6;91,7,5;93,-12,-4;102,1,-9;105,-7,9;108,-2,-14;126,-10,-2;127,-5,-6;144,-11,-8
rua||antonio juvencio|argenita|38955000|29,-1967428,-4667993;113,-5,-87;122,14,-4;129,-17,-15;140,14,-1;141,-19,-9;150,20,-10;186,-16,-39;192,2,-14;271,-12,40;377,39,139;405,-14,3
rua||antonio pereira borges|argenita|38955000|30,-1967309,-4668011;34,-9,-101;51,-10,-80;75,15,91;85,-17,-74;106,98,113;108,-98,-127;131,0,14;136,-3,18;142,14,25;145,-12,-33;201,28,163
rua||a|ibia|38950000|298,-1949279,-4653986;315,31,-37;396,-93,86;496,-68,65
rua||a|nossa sra de fatima|38950000|9,-1948584,-4653281;10,-74,94;11,-18,24
rua||a|sonia maria de avila|38950000|288,-1948656,-4653202
rua||bartolomeu ribeiro de paiva|argenita|38955000|8,-1967229,-4668156;48,-64,104;70,33,-95;74,-22,-8;84,-30,16;91,-31,8;92,44,-23;160,-18,-1;164,-45,7;165,7,12;174,-13,-3;184,-7,1;189,-9,8;194,-5,-10;202,-103,10;214,85,-8;220,170,76;228,-181,-74;240,-12,2;285,-36,21;295,-12,1;309,-14,-3;420,-52,2
rua||b|bairro jardim|38950000|52,-1948053,-4654861;62,-6,19
rua||b|ibia|38950000|117,-1949280,-4654058
rua||cantidio duarte|tobati|38953000|123,-1960044,-4639026;145,-12,-5
rua||carmino jose ribeiro r81|sao benedito|38950000|8,-1949915,-4654806;20,-4,25;32,-1,1;44,7,-12;56,1,-10;68,0,-10;80,3,-14;92,7,-22;115,-28,130;132,-3,-8;152,-1,13;155,-2,6;164,-1,6;173,1,10;178,-6,1;183,2,9;186,-5,3;195,0,16;204,-1,-3;211,-1,14;220,0,16;221,-2,-2;223,0,4;232,0,-1;237,-3,13;248,-2,0;251,18,5;262,-19,6;268,-4,10;288,-2,6;290,-4,21;299,9,-19;305,-13,52;317,-1,6;327,-12,27;344,9,-22;345,-1,19;356,-5,-18;380,-10,31;407,6,23;408,-118,-357;419,113,371;420,7,-6;432,-10,16
rua||cem|sao dimas|38950000|18,-1947644,-4653476;31,1,-4;41,-8,-7;50,-6,-12;51,1,5;63,-6,-19;68,14,-10;83,-23,-4;86,-3,-19;93,1,16;96,5,-1
rua||cento e cinco|bela vista|38950000|206,-1947663,-4652988;209,-6,11;222,-2,-3;225,-16,20;235,-16,20;242,20,-24;243,-42,42;247,-1,6;252,32,-41;258,-3,4;265,-40,47;270,-1,-4;285,-5,11;286,-7,-2;291,-6,13;295,-5,8;303,-15,11;304,14,-21;327,-17,29;339,-19,13
rua||cento e cinco|sao dimas|38950000|1,-1947547,-4653082;17,-11,3;25,97,-63;31,7,-4;39,-107,100;48,154,-106;52,-165,77;53,-7,17;79,-14,15;87,0,14;94,-13,-10;97,-3,13;109,-6,-2;112,-9,4;125,-2,14;126,-2,-11;174,118,-112;198,-6,7
rua||cento e cinquenta e cinco|nossa sra de fatima|38950000|16,-1948242,-4653748;17,8,30;27,4,11;30,0,-11;32,8,26;39,-10,-17;56,7,30;60,-8,-51;74,0,-9;81,-3,-14;86,2,6;89,-2,-21;94,0,-3;97,-2,-8;100,15,1;107,-11,-9;112,5,-1;117,-3,-11;124,1,-5
rua||cento e cinquenta e dois|nossa sra de fatima|38950000|89,-1948186,-4653815;111,-22,-4;129,-27,-3;145,-11,4;149,-14,1;159,1,-5;169,-26,5;185,-16,0;189,1,-4;197,-25,3;200,14,-2;209,-26,0;241,-34,8;242,9,-6;257,-25,-1;261,-6,5;303,-44,-3
rua||cento e cinquenta e nove|nossa sra de fatima|38950000|19,-1948300,-4653623;29,-6,-12;34,-2,-5;39,2,0;44,3,-14;49,-8,-9;56,1,-1;61,2,0;69,-1,-20;73,-7,4;80,2,-6;84,-13,-50;87,4,45;88,9,-5;89,-7,-21;99,-7,11;115,-2,-8;130,3,-24;143,-5,4;149,7,-19;156,5,-15;165,-8,3;166,8,-2;172,-3,-11;173,1,-2;179,-1,-11;190,0,7
rua||cento e cinquenta e oito|nossa sra de fatima|38950000|78,-1948252,-4653658;108,-14,20;132,-11,9;144,137,-134;162,-172,163;168,164,-150;169,0,10;174,-3,0;181,-5,10;188,-9,-6;193,2,7;205,-12,13;217,-11,8;222,-158,137;229,162,-131;242,-177,146;243,160,-136;253,-11,7;265,-4,7;287,-8,7;299,-18,17;311,-3,0;323,-2,8;335,-17,6;347,-15,15;359,-2,4;371,-10,10;383,0,0;393,-11,12;405,-11,6;417,-3,9;429,-10,4;441,-10,7;453,-4,7;465,-17,12;477,-5,3
rua||cento e cinquenta e oito|risoleta neves|38950000|326,-1948550,-4653444;333,-198,68;1157,-174,55
rua||cento e cinquenta e quatro|nossa sra de fatima|38950000|112,-1948350,-4653725;132,-15,2;135,0,8;162,-28,-3;234,-60,25
rua||cento e cinquenta e seis|risoleta neves|38950000|91,-1949236,-4653352;533,385,-118
rua||cento e cinquenta e tres|nossa sra de fatima|38950000|22,-1948196,-4653712;23,3,-6;26,0,-5;35,-2,-15;47,4,-1;59,-1,-19;71,4,-9;74,1,-3;83,-2,-11;86,-3,-1;95,5,-10;96,-2,0;107,1,-9;108,12,-3;120,-6,-12
rua||cento e cinquenta e um|centro|38950000|6,-1948131,-4653912;34,0,30
rua||cento e dezesseis|sao dimas|38950000|17,-1947388,-4652907;27,-8,7;33,-4,0;71,-30,27;218,-3,-9;322,-3,9
rua||cento e dezessete|sao dimas|38950000|372,-1947366,-4653080;384,22,1;400,58,-11;440,-11,-7;448,10,-4;453,-24,1;480,21,4;486,19,-3
rua||cento e dezoito|sao dimas|38950000|15,-1947589,-4653235;23,4,11;29,-2,5;109,119,43;147,-24,-5;165,339,396;227,-248,-390;235,10,9;525,201,106;569,33,51;579,0,4;597,1,17;613,11,25;619,-6,12;629,6,6;671,12,91;937,26,377
rua||cento e dez|bela vista|38950000|26,-1947711,-4653078;32,8,6;40,10,13;56,1,0;90,26,25;100,10,14;103,15,9;144,5,13;150,1,4;168,15,17;184,11,7;192,5,9;208,11,12;238,13,33;250,12,-2;260,9,5;270,5,9;282,5,3;302,13,15;318,8,7;332,16,15;344,-2,14;356,16,0;380,24,14;398,1,8;416,12,14;434,14,15;444,10,3;456,4,12;464,9,6;472,8,3;474,-5,3;484,9,5;494,7,2;506,10,15;518,10,6;530,8,4;538,4,0;556,1,10;570,20,12;588,16,15;600,-12,2;602,18,7;616,6,13;626,11,6;640,7,14;660,11,13;678,12,12;686,5,3;694,4,7;700,7,12;712,10,2;726,-1,6;734,12,8;744,1,1;750,1,7;764,13,11;776,11,17;786,4,-1;808,11,27;838,19,8;848,4,10;856,12,10;866,15,17;868,-8,-8;882,15,23;884,-2,2;886,14,4;938,2,6;946,11,20;956,9,-5;964,8,20;984,1,5;994,2,19;1004,6,18;1008,2,19;1012,7,10
rua||cento e dez|sao dimas|38950000|35,-1947696,-4653081;55,16,26;67,-2,10;81,11,1;93,284,300;107,-256,-281;159,22,29;163,10,12;183,8,20;195,9,-4;249,37,36;259,7,13;267,6,0;279,0,12;291,5,6;301,15,8;315,10,10;331,6,18;341,5,-4;349,9,8;359,5,3;367,18,1;383,-11,11;387,9,11;391,0,5;403,10,11;411,3,4;421,14,5;439,14,8;449,6,11;469,7,10;479,11,10;493,9,0;505,7,14;513,5,1;551,29,28;563,7,12;565,4,-1;583,3,6;589,12,15;603,-1,-1;619,12,9;625,11,10;761,86,98;775,6,4;809,22,28;821,7,6;827,5,10;843,6,5;851,8,9;875,16,15;885,9,12;897,6,4;909,8,5;915,2,6;937,6,6
rua||cento e dois|bela vista|38950000|3,-1948006,-4652812;4,-31,-21;14,-1,5;15,19,12;26,-21,-3;36,-2,14;46,2,11;56,9,13;74,5,8;80,10,6;90,1,-4;91,-2,-5;100,13,-5;105,8,-7;110,-1,1
rua||cento e doze|bela vista|38950000|29,-1947768,-4652996;30,-6,-3;42,8,13;43,2,-6;50,39,48;55,-31,-41;61,7,8;64,-4,6;83,15,10;94,484,87;97,-476,-78;109,7,8;112,5,10;119,-25,-34;155,47,52;158,-2,10;171,14,18;172,0,-2;182,8,12;184,21,25;187,-23,-27
rua||cento e noventa e cinco|risoleta neves|38950000|1,-1949220,-4653388;140,16,75
rua||cento e noventa e sete|risoleta neves|38950000|189,-1949232,-4653267
rua||cento e nove|sao joao|38950000|15,-1948498,-4652498;18,-2,3;26,-42,62;38,25,-49;40,-9,3;41,15,1;44,-67,240;52,57,-230;57,-2,2;66,-33,101;72,-19,159;73,42,-244;84,-4,7;96,-9,9;105,-1,7;110,-10,9;115,5,-3;125,-10,13;130,-4,0;154,-16,25;190,-6,47;202,-1,-21;224,2,29;240,3,19;250,-1,5
rua||cento e oitenta e cinco|risoleta neves|38950000|105,-1948951,-4653540;117,7,19;131,3,14;143,2,12;155,3,7;161,3,10;173,5,14;179,2,7;193,-18,106;203,24,-82;209,5,13;215,-8,49;221,16,-29;227,7,9;233,0,12;239,1,11;245,1,14;247,-36,51;251,41,-52;277,7,26;283,4,10;289,2,11;295,7,18;301,-5,7;307,5,11;313,6,5;319,8,17;321,-48,16;325,50,2
rua||cento e oitenta e sete|risoleta neves|38950000|240,-1949000,-4653322;310,33,102
rua||cento e oitenta e tres|risoleta neves|38950000|103,-1948902,-4653551;104,-7,3;106,-52,9;115,60,0;116,-7,2;118,-46,18;129,60,-3;130,-11,-8;132,-44,23;141,54,-12;142,-5,-1;144,-47,23;153,57,-7;154,-5,-2;156,-48,21;159,63,-7;160,-15,-7;162,-46,25;171,61,0;172,-8,-5;174,-51,7;177,55,-10;178,-2,10;180,-48,19;201,64,0;202,-11,-2;204,-45,13;207,62,5;208,-13,-3;210,-46,21;213,63,-5;214,-11,2;216,-47,13;219,59,-3;220,-10,-7;222,-47,22;225,62,-5;226,-13,1;228,-41,11;231,55,-2;232,-8,2;234,-46,10;237,58,-1;238,-8,0;243,10,8;244,-10,0;246,-45,3;249,67,4;250,-43,4;252,-18,8;275,57,12;276,-9,-1;278,-45,15;280,26,92;281,32,-96;282,-11,-3;284,-44,20;287,58,-7;288,-8,-3;290,-43,26;293,57,-8;294,-11,0;296,-43,18;299,56,-7;300,-33,12;305,35,1;306,-6,-6;310,-48,24;311,56,-10;312,-7,-4;317,11,13;318,-8,-9;323,10,16;324,-8,5;349,20,21;350,-33,11;355,34,0;361,7,8;373,2,24;385,-3,10;386,-55,-1;391,60,3;405,12,18;417,-4,10
rua||cento e oitenta e um|risoleta neves|38950000|102,-1948867,-4653567;114,5,11;128,5,11;140,3,17;152,5,8;158,-1,12;170,3,7;180,3,9;200,6,20;206,10,16;212,0,18;218,8,7;224,0,8;230,7,14;236,4,10;242,3,5;248,-1,7;326,9,39;332,7,16;334,5,14;338,-2,-7;350,-8,60;356,14,-34;362,6,19;368,6,13;394,2,22;400,4,13;406,4,6;412,4,11;418,7,14;448,-1,21
rua||cento e oito|sao dimas|38950000|7,-1947675,-4653162;20,-3,-2;23,9,10;28,256,295;30,-257,-289;40,273,284;43,6,3;50,3,13;51,-56,-49;56,-210,-225;60,278,285;67,-2,-13;70,0,20;71,4,2;81,-260,-284;82,12,16;88,-9,-4;93,7,-2;97,261,272;98,-265,-264;104,268,277;105,-261,-277;110,-3,9;114,267,280;119,-254,-278;123,6,8;133,10,3;138,-15,3;148,273,281;149,14,-2;152,-271,-267;162,264,275;163,12,8;176,-6,1;177,17,4;182,-10,3;188,7,12;193,-260,-279;194,267,286;197,-258,-279;200,266,287;204,-269,-286;206,279,301;212,-276,-289;214,278,295;220,5,8;221,8,2;222,-285,-298;223,8,-8;228,280,314;229,6,3;235,-285,-315;237,295,326;238,-292,-308;262,12,13;273,16,13;278,-9,-3;287,9,3;290,-1,6;304,10,11;310,6,5;311,-4,-4;319,50,48;320,-24,-21;324,32,31;329,-38,-41;330,26,33;331,-14,-25;341,27,29;347,1,0;426,31,23
rua||cento e quarenta|bela vista|38950000|11,-1947749,-4652962;23,-11,14;32,-12,-1;35,5,9;46,-12,-3;61,-13,19;77,-8,8;83,-8,7;102,-11,4;114,-6,9;120,-7,8;125,12,12;140,-28,-6
rua||cento e quatorze|sao joao|38950000|4,-1948443,-4652471;14,-4,4;17,2,8;26,-15,9;37,6,2;40,-7,4;46,-8,6;72,-16,20;88,-3,6;92,-38,53;98,25,-40;116,-8,16;128,-8,8;130,11,-10;140,-20,19;142,28,-26;158,11,-14;167,2,-7;176,10,-11;182,2,-2
rua||cento e quatro|sao dimas|38950000|8,-1947489,-4653137;34,12,15;48,9,13;53,10,-1;58,0,9;70,4,9;80,2,6;102,18,20;114,4,8;125,19,-2;126,-7,9;138,5,5;141,14,6;149,-6,7;150,2,3;153,9,-5;156,-5,2;161,0,0;167,14,10;168,-9,-3;178,11,13
rua||cento e quinze|sao joao|38950000|28,-1948555,-4652369;37,-14,7;46,-10,-17;49,1,16;70,-14,-8;84,-12,1;85,1,11
rua||cento e seis|sao dimas|38950000|1,-1947531,-4653073;22,11,-2;26,-82,-137;29,82,132;34,4,10;41,8,-1;42,-2,6;44,-99,-125;51,59,61;53,-41,-63;56,-11,11;60,103,130;62,-92,-122;63,99,122;68,-4,12;79,14,-11;90,-98,-112;95,108,142;104,-116,-122;110,119,127;114,-108,-123;118,112,132;121,0,-6;126,-103,-112;132,112,127;133,2,-7;138,-101,-110;142,107,127;145,6,-9;156,-109,-109;159,108,107;165,2,10;173,5,19;178,10,6;181,2,-7;202,9,14;213,9,0;214,-5,9;235,15,10;236,-7,2;238,9,12;282,29,32;308,21,24;322,11,8;336,-3,8
rua||cento e sessenta e cinco|risoleta neves|38950000|1,-1948409,-4653512;3,-1,-8;5,-1,-2;17,-4,-6;29,-3,-15;41,0,-8;53,-5,-15;65,-4,-9;77,-2,1;89,-4,-15;101,-5,-11;123,-4,-16;135,-2,-17;147,-5,-13;159,1,-9;171,-7,-12;183,-3,-11;195,-2,-14;217,-8,-27;229,4,-11;241,-3,-12;253,2,-9;265,2,-13;277,3,-11
rua||cento e sessenta e nove|risoleta neves|38950000|22,-1948577,-4653719;33,10,0;36,-8,13;47,13,11;48,-9,-1;59,13,10;60,-13,5;87,18,7;88,-2,14;99,7,-1;100,-6,10;111,5,10;112,-1,1;123,0,4;124,3,7;135,13,7;136,-9,1;147,0,20;148,2,-9;159,5,12;160,-1,2;171,4,11;172,0,0;197,11,18;200,2,4;209,0,5;212,-9,11;221,15,7;224,-24,2;233,26,1;236,-5,8;245,9,5;250,-9,-2;257,9,11;260,6,-9;269,-2,19;272,-6,1;281,6,-1;284,4,7;293,12,24;296,-14,-1
rua||cento e sessenta e sete|risoleta neves|38950000|11,-1948514,-4653716;21,7,14;22,-16,-18;34,4,19;45,11,14;57,4,22;62,-7,-11;69,15,21;74,-11,-11;81,12,18;88,1,-5;93,3,16;102,-12,-6;105,12,8;112,-4,3;117,7,9;124,-7,4;129,11,7;136,-6,-1;148,15,10;149,1,19;159,2,1;169,4,23;174,-5,-15;179,9,18;186,-10,-12;189,10,13;198,-7,0;201,13,11;210,-12,-5;213,20,41;222,-18,-33;225,16,24;234,-13,-16;237,17,35;246,-16,-22;249,18,27;258,-11,-19;270,4,27
rua||cento e sessenta e tres|nossa sra de fatima|38950000|21,-1948380,-4653571;29,2,5;32,1,-9;43,-7,-8;44,5,-2;50,-2,-17;51,-9,10;67,-3,-18;68,6,5;79,-8,-17;80,-1,1;92,6,-7;97,-10,-7;102,1,-6;114,-3,-10;121,-7,-12;128,7,4;137,-4,-10;140,-2,-4;151,-5,-6;152,4,-2;161,-7,-9;182,-8,-30;185,9,23;212,-1,-45;215,-3,41;224,11,-45;234,0,-19;242,-4,1;243,-11,43;247,5,-55;260,8,-13;274,36,239;280,-40,-256;295,0,-4
rua||cento e sessenta e um|nossa sra de fatima|38950000|21,-1948341,-4653604;22,8,7;33,-16,-21;34,9,5;45,-7,-13;46,-5,2;57,-2,-9;58,8,2;69,-6,-7;70,-1,-11;81,-4,-5;82,1,-2;93,-4,-12;94,1,-4;99,-4,0;106,5,-2;117,-13,-16;118,9,7;129,-8,-10;132,-1,-37;135,4,33;162,-7,-29;165,0,21;169,-4,-34;177,2,-3;180,8,0;188,-2,-12;195,-3,-7;200,9,-5;203,-7,2;212,5,-12;216,36,184;219,-40,-190;228,6,-10
rua||cento e sessenta|nossa sra de fatima|38950000|455,-1948713,-4653266
rua||cento e sessenta|risoleta neves|38950000|290,-1948876,-4653226;354,334,-181
rua||cento e setenta e cinco|nossa sra de fatima|38950000|27,-1948781,-4653657;43,4,15;53,8,13;55,0,8
rua||cento e setenta e cinco|risoleta neves|38950000|97,-1948759,-4653593;98,-14,0;109,13,15;110,-8,12;123,14,-4;124,-10,5;135,13,4;136,-9,2;147,12,10;148,-10,2;153,15,11;154,-12,-1;165,15,8;166,-11,-4;189,11,9;190,-9,-2;195,20,35;196,-11,-2;331,43,113;332,-9,-8;343,9,8;344,-7,2;359,9,14;360,-5,3;371,7,6;372,-3,4;385,12,17;386,-6,-5;399,6,5;400,-8,1;413,13,16;414,-9,-5;421,11,14;422,-9,-8;427,14,25;428,-8,-6;454,6,21;460,4,8
rua||cento e setenta e nove|risoleta neves|38950000|101,-1948856,-4653563;113,6,3;127,4,20;139,-4,4;151,10,11;157,0,8;169,8,17;193,7,15;199,4,21;319,32,111;325,3,19;331,3,8;337,4,10;343,4,12;349,3,8;355,-3,8;361,2,5;367,4,19;393,10,20;399,3,12;405,6,16;411,3,12;417,1,1
rua||cento e setenta e sete|risoleta neves|38950000|99,-1948810,-4653587;100,-4,6;111,9,15;112,-8,-2;125,13,20;126,-14,-10;137,15,13;138,-16,-7;149,18,17;150,-10,1;155,13,12;156,-8,1;167,10,6;168,-7,2;191,15,10;192,-10,5;197,12,15;198,-6,-2;333,43,117;344,-6,4;345,9,5;350,3,30;361,-1,-21;362,-3,4;373,7,13;374,-7,-4;387,5,9;393,27,67;399,1,-1;401,-19,-56;415,-3,18;423,9,5;429,8,18;456,-4,17;461,10,12;462,-7,-3;467,7,19;468,-1,-4;473,7,8;474,-7,-4;480,3,9
rua||cento e setenta e tres|risoleta neves|38950000|23,-1948660,-4653693;26,-4,7;37,8,3;40,-7,5;51,10,10;52,-3,5;64,-3,7;65,9,1;93,12,31;94,-6,-6;105,5,6;106,-2,6;119,5,8;120,-4,4;131,5,2;132,-2,-2;143,7,9;144,-3,9;149,5,3;150,-5,7;161,8,5;162,-8,-5;185,19,23;186,-14,1;205,18,19;206,-5,3;213,9,13;214,-16,-9;225,14,8;226,-8,-1;237,14,15;238,-12,-2;251,15,10;252,-7,8;267,13,10;268,-10,-8;279,11,18;280,-9,-6;285,13,14;286,-11,-2;297,13,10;298,-6,9;325,12,13;328,-8,4;339,11,9;340,-10,-2;353,14,16;356,-13,-6;367,17,23;368,-12,-8;382,5,10;390,4,18
rua||cento e setenta e um|risoleta neves|38950000|21,-1948618,-4653715;24,1,2;35,3,21;38,-4,-16;49,8,18;50,-4,-2;62,3,20;63,5,-4;90,3,29;91,7,-10;103,2,12;104,-8,10;115,15,9;116,-9,1;127,8,1;128,-4,12;139,9,-3;140,-7,7;145,12,14;152,-8,3;159,8,1;164,-7,5;169,12,5;176,-7,6;199,10,20;204,-3,8;211,5,-1;216,-1,7;223,5,5;228,0,6;235,9,9;240,-4,-4;249,5,15;254,-5,-18;261,9,26;264,-8,-12;271,9,24;276,-7,-5;283,21,25;288,-16,-9;295,10,8;300,-5,5;340,9,37
rua||cento e sete|bela vista|38950000|65,-1947635,-4652920;281,49,-17;303,-21,21;308,1,-6;317,-9,18;319,0,1;329,-3,0;350,-20,12;353,-1,5;354,-12,3;355,5,7;358,-30,15;382,-14,16;390,-4,4;398,-4,7;403,2,10;408,-6,-10;413,3,14;427,-13,5;434,-11,4;437,48,-37;439,-40,40
rua||cento e sete|sao dimas|38950000|71,-1947459,-4653056;86,-12,1;89,3,12;127,-16,25;141,-5,-6;151,-18,14;161,5,-3;171,-24,22;181,0,1;225,-23,35;240,-19,-5
rua||cento e tres|sao dimas|38950000|23,-1947609,-4653143;31,-12,9
rua||cento e trinta e cinco|sao dimas|38950000|14,-1947275,-4652643;15,-10,-8;26,10,-3;27,4,-6;38,8,-1;39,-3,-2;50,-363,-754;51,377,743;74,13,-10;82,14,-6;88,6,-7;89,-13,-1;94,18,-8;95,-3,0;101,4,-11;107,12,-10;110,8,6;113,-4,-6;116,13,-3;128,12,-14
rua||cento e trinta e dois|sao dimas|38950000|8,-1947248,-4652848;14,2,11;15,4,-15;28,0,17;84,42,55;92,9,5;94,-76,-127;97,72,112;100,13,32
rua||cento e trinta e quatro|sao dimas|38950000|94,-1947195,-4652694
rua||cento e trinta e sete|sao dimas|38950000|15,-1947240,-4652612;27,1,-6;34,18,-5;39,-10,2;46,14,-10;51,-9,4;52,18,-7;60,7,-9;68,3,-1;75,-7,3;83,13,-20;89,2,5;92,2,4;95,10,-22;98,4,8;111,10,-23;117,11,-5;118,-12,15;123,12,-25;129,0,2
rua||cento e trinta|bela vista|38950000|25,-1947791,-4652888;41,11,13;132,10,31;137,24,13;138,-10,5;152,8,3
rua||cento e um|bela vista|38950000|217,-1947742,-4653069;225,-8,6;245,-5,10;259,-8,8;271,-5,7;273,-5,6;291,-14,8;311,-12,16;327,-8,5;337,-9,11;349,-4,3;363,-9,13;377,-14,15;393,-5,4;407,-10,13;415,-10,5;437,-8,13;449,-8,8;502,-47,38;505,11,4;521,-33,34;525,11,-16;526,0,-8;537,-18,44;551,20,-34;555,-25,37;573,7,16;581,-3,13;585,21,25;623,-2,38
rua||cento e um|sao dimas|38950000|1,-1947664,-4653176;17,27,-41;27,-6,-2;51,-10,28;77,-8,4;168,-53,49
rua||cento e vinte e dois|sao dimas|38950000|43,-1947346,-4653023;55,-7,-16;348,-58,-48;356,27,9;360,6,0
rua||cento e vinte e nove|sao dimas|38950000|2,-1947571,-4653247;9,14,-57;10,-3,-22;11,55,79;15,-54,-95;18,-1,46;19,2,-35;26,39,87;48,-41,-74;69,9,32;81,2,17;325,-36,-9
rua||cento e vinte e quatro|sao dimas|38950000|14,-1947289,-4653012;22,1,5;28,8,10;38,5,6;39,-2,0;46,5,2;50,3,12;59,-10,-23;60,16,28;68,8,9;82,11,15;94,-6,7;100,8,3;120,14,14;132,6,18
rua||cento e vinte e seis|sao dimas|38950000|183,-1947149,-4653333
rua||cento e vinte e sete|sao dimas|38950000|30,-1947258,-4652731;36,12,-10;42,7,-9;48,9,-6;54,5,-3
rua||cento e vinte e tres|sao dimas|38950000|36,-1947257,-4652812;42,-5,4;48,-12,7;54,-3,3;71,-28,46
rua||cento e vinte e um|sao dimas|38950000|9,-1947234,-4652894;40,-123,121;77,27,-31;87,5,-4;90,14,-7;96,5,-1;102,16,-10;108,-2,-9;114,7,-6;120,9,-16;131,69,-64;167,-31,51;177,-6,-13;187,-7,-22;225,48,-17;251,1,2;291,11,-11;584,12,-13
rua||cento e vinte|bela vista|38950000|5,-1947676,-4652963;25,17,16;37,1,10;53,7,13;54,-3,9;70,8,-4;77,10,4
rua||christiano teixeira da silva r6|centro|38950000|30,-1947871,-4653824;46,3,16;56,-6,8;393,20,-31;401,7,-8;411,3,-9;463,18,-21
rua||christiano teixeira da silva r6|sao dimas|38950000|10,-1947739,-4653504;18,5,-7
rua||chumbado|ibia|38953000|618,-1956026,-4638433
rua||cinco|centro|38950000|20,-1948069,-4654008;21,-7,1;36,14,-11;41,-16,-3;48,7,-11;58,-1,-6;59,-10,-7;79,18,-14;89,-20,-17;118,8,-30;132,-5,18;146,9,6
rua||cinquenta e cinco|deolinda mendes|38950000|36,-1949376,-4654860;41,2,5;49,-14,6;65,-2,19;99,-2,2;101,-17,27;103,13,20;105,-24,-3;117,3,-8;127,-10,18;135,-3,2
rua||cinquenta e cinco|sao benedito|38950000|38,-1949377,-4654861;44,-2,1;48,-8,10;64,-6,12;66,-7,3;86,3,18;96,-17,5;104,-3,8;108,-11,4;112,0,9;134,-6,4;144,-5,15;152,-6,7;154,0,4;164,-7,6;205,0,27;209,-16,11;218,-10,7;221,6,8;226,-6,-5;230,-5,0;239,1,18;240,-3,-10;245,3,10;254,-13,1;264,-4,7;265,6,4;274,-13,5;308,-17,32;315,2,11;322,-9,-1;335,-4,20;349,-10,10;352,9,-16;360,-16,20;372,-6,0;384,-7,18;390,-9,14;398,-2,4;415,-12,14;427,1,15;434,-7,0;464,-9,9
rua||cinquenta e dois|sao benedito|38950000|5,-1949681,-4654570;15,-13,3;16,13,-12;20,-11,-1;22,94,15;29,-101,-3;33,91,2;34,5,-3;36,-95,-10;41,102,15;43,-114,-1;46,-8,-7;51,0,8;61,-16,1;62,8,-8;68,-15,-1;73,1,10;82,-6,-8;87,-3,8;89,-23,-1;90,17,-8;93,-3,8;94,-1,-7;140,-38,0;150,-15,5;158,-14,-5;173,-5,10;174,2,-8;183,12,8;188,-30,-3;189,4,7;193,13,-2;199,-31,6;211,-3,-1;212,-4,-11;225,-8,10;227,620,52;228,-630,-58;233,611,56;234,14,-9;235,-629,-40;240,600,37;244,-610,-46;245,618,56;246,-6,-13;247,-618,-30;251,600,30;252,3,2;263,-617,-38;287,-5,-41;292,-14,36;294,466,13;298,126,19;300,-595,-30;310,-4,-1;312,491,10;320,8,7;322,89,12;323,-87,-15;331,85,21;332,-613,-29;333,526,8;339,90,22;344,-630,-44;346,508,26;351,105,14;352,7,-3;356,-623,-33;360,619,31;361,-632,-29;362,623,33;364,-632,-41;365,628,43;373,-625,-37;375,608,35;376,-611,-42;433,-55,-5;436,-7,-9;441,-1,3;446,-6,-4;449,-29,-4;451,30,7;456,-6,-10;461,-10,7;466,-5,-4;478,-1,0;484,-13,-3
rua||cinquenta e nove|bairro santa cruz|38950000|148,-1949075,-4654966;151,-2,-5;161,9,-1;168,2,10;175,5,-12;180,4,5;185,12,-9;192,7,10;197,14,-16;210,-1,19;211,3,-11;228,46,5;239,-25,-6;240,-1,12;247,14,-14;263,4,-3;280,19,5;287,18,-9;288,-66,15;296,64,2;311,13,-13;317,9,-3;326,-13,19;343,24,-25;357,16,5;365,4,3;366,7,4;372,12,4;373,-7,-9;385,13,-4;388,3,8;397,12,-16;400,-8,13;417,26,-6;421,9,-3;433,2,1;439,6,0;449,33,-1;451,-13,0;457,3,-3;464,-7,15;477,25,-15
rua||cinquenta e nove|deolinda mendes|38950000|11,-1949208,-4654969;15,11,-3;35,16,4;51,7,-3;56,12,8;61,-1,-10;66,13,9;78,13,-2;79,5,-4;82,5,23;83,-15,-28;86,14,10;89,2,-7;101,16,2;108,-3,9;116,12,-3;196,5,1;544,-160,-3;564,-20,0;572,-4,2;588,-13,1;600,-12,1;612,-13,0;620,-7,0;662,-27,2;677,-27,2;707,-24,-1
rua||cinquenta e oito|deolinda mendes|38950000|4,-1949231,-4654984;20,-11,-13;36,1,-9;42,-11,-16;44,5,6;48,-2,-10;56,-2,-6;65,-11,-1;68,9,-8;71,-9,-2;82,5,-12;85,-12,-1;100,12,-12;113,-19,-9;123,-1,-6;124,7,-5;135,-16,-18;136,-1,-14;153,-8,-17;160,12,16;172,-5,-15;180,0,-5
rua||cinquenta e quatro|deolinda mendes|38950000|6,-1949323,-4654865;47,-23,18;61,0,7;64,28,74;66,-20,-58;77,8,1;79,3,12;80,-17,-19;87,27,41;93,-3,-5;98,-18,-7;109,24,23;141,2,12;153,-1,14;165,4,6
rua||cinquenta e quatro|sao benedito|38950000|320,-1949255,-4654537;402,18,58;436,11,37;441,7,6;446,-6,3;451,16,3
rua||cinquenta e seis|sao benedito|38950000|9,-1949556,-4654653;17,-2,4;33,-9,10;45,-12,8;59,-2,17;65,-13,1;73,-4,9;81,-8,1;85,-11,10;131,-20,17;145,-9,11;155,-7,7;164,-35,34;169,23,-24;183,-11,11;193,-6,3;217,-19,22;227,-3,3;229,-3,1;247,-10,9;261,-12,19;275,-9,4;285,-8,8;299,-14,9;329,-6,9;387,-9,8
rua||cinquenta e sete|deolinda mendes|38950000|21,-1949632,-4654930;35,10,-7;39,26,-22;53,-3,4;65,8,-5;74,11,-1;75,-7,-3;90,19,-5;95,-5,-9;97,6,-1;108,11,-2;109,-12,1;111,30,-27;120,-11,24;138,196,-146;191,-142,84;197,-2,3;199,-2,3;209,9,-5;221,6,-8;245,14,-11;260,22,-4;265,-2,-11;277,11,-10;281,8,-6;285,1,2;297,2,-2;315,22,-18;352,32,-7;358,4,-1;376,15,-8;377,-9,-7;386,14,3;400,14,-5;410,8,-1;418,10,-5;424,5,3;460,61,-7;472,10,-3;488,11,2;498,11,6;514,8,4;532,21,0;533,11,1;554,-18,28;556,33,-26;616,48,19;630,8,3;636,11,5
rua||cinquenta e sete|gameleiras|38950000|36,-1949104,-4655122;377,-257,-13;391,11,-3;415,38,-10;435,9,-2;445,17,1;455,12,0;551,102,10;563,13,3
rua||cinquenta e tres|deolinda mendes|38950000|44,-1949285,-4654789;58,3,11;70,-14,18
rua||cinquenta e tres|sao benedito|38950000|166,-1949331,-4654686;178,-8,10;181,-138,243;187,104,-159;188,27,-78;191,-30,88;199,-110,160;200,136,-237;209,-35,79;212,29,-62;230,-7,6;280,-21,45;290,-5,9;304,-7,8;311,10,18;314,-16,-9;321,3,9;322,-6,1;332,-4,7;335,-4,10;355,-1,20;368,-6,-11;377,3,13;378,-18,-1;388,3,6;389,-1,1;396,0,2;398,-7,7;400,-14,27;402,-10,17;404,15,-29;501,-36,67;509,-10,11;555,-41,13;575,-15,5;581,-14,4;591,-3,2;596,6,-8;603,-11,8;611,-10,3
rua||cinquenta e um|bairro santa cruz|38950000|20,-1948740,-4654675;33,-11,26;41,4,-14;44,9,-3;49,-13,-3;55,-2,-11;65,-2,-8;76,11,-4;79,-12,-7;91,-5,-3;92,5,-10;100,4,-2;102,-18,-78;105,8,67;112,5,-6;115,-8,-4;126,6,-9;135,-8,-6;138,-2,-2;139,1,1;141,-4,-17;157,1,30;169,-9,-47;170,12,18;178,-2,-7;179,-14,-21;186,16,6;193,-21,-13;200,12,2;209,-11,-8;214,10,-18;215,-13,-1;232,9,-4;240,-9,-13
rua||cinquenta|centro|38950000|20,-1948626,-4654138;23,9,15;32,-17,-17;39,-8,4;47,-6,-10;48,8,-3;59,-17,1;60,13,-5;73,-17,-5;74,6,-3;83,-14,-9;90,5,-1;95,-18,-10;96,8,-3;108,-7,-8;113,-9,4;120,2,0;123,-8,-7;132,-2,-22;148,-5,1;169,-23,-8;187,-12,-10;190,-4,-20;197,-8,10;204,8,-5;211,-13,-5;220,6,-8;221,-17,0;231,1,2;239,-4,-2;244,1,-17;245,-13,8;264,6,-9;272,-2,-4
rua||cinquenta|nossa senhora de lourdes|38950000|1770,-1950091,-4654806;1818,-36,-1;1887,-65,-7;1906,-18,-9;1918,-21,-7;1919,6,18;1937,-14,-14;1948,-12,-12;1958,-14,-1;1970,7,-21;1975,-20,27;1978,4,-9;1981,-18,13;1994,2,-15;2010,-14,-3;2047,-34,14;2058,-5,-29;2063,-11,8;2071,-16,-2;2077,-35,21;2084,31,-29;2096,-11,1;2097,-4,22;2106,-7,-27;2122,-8,-2;2132,-13,-2;2145,-12,8;2181,-28,-7;2205,-20,-4;2208,14,-3;2235,-51,-5;2244,30,-7;2245,-33,7;2250,19,-9;2258,-28,-10;2266,20,6;2268,-36,-5;2279,-1,7;2291,-15,14
rua||cinquenta|sao benedito|38950000|114,-1949066,-4654470;414,177,84;417,-14,5;430,-5,-5;435,-3,1;442,-7,-5;449,-27,-8;450,27,0;451,-7,8;462,-13,-3;467,-8,-4;472,2,-22;480,-3,11;481,-6,4;490,-8,-11;495,-4,12;500,-4,-15;536,-34,-8;548,-5,-7;556,1,-5;564,-15,-6;570,-26,-10;580,10,2;602,-12,-15;603,-156,-94;609,6,2;613,-18,-9;615,28,30;651,45,27;659,40,21;667,-15,-6;668,11,3;677,-18,-3;678,13,-8;691,-15,2;700,-7,-12;712,-10,-4;713,1,7;725,-14,-19;726,5,7;786,-52,-38;806,-10,-9;812,-2,-2;815,-8,5;825,-14,-11;830,10,2;840,-16,-6;842,2,1;844,-4,-10;861,-19,-3;867,1,-2;893,-13,-2;895,-15,2;909,-14,-9;923,-8,0;935,-6,0;953,-10,-10;963,-16,0;967,-10,-1;988,-24,-13;995,8,3;998,-8,-3;1010,-10,-3;1016,-6,2;1023,-7,3;1028,-14,-10;1036,3,-11;1043,-10,18;1044,-6,-10;1057,-4,5;1062,-13,-8;1067,-2,6;1072,-6,-6;1073,-6,5;1076,6,-5;1087,-15,-5;1098,-2,-3;1101,-1,4;1110,-14,-3;1164,-47,-22;1173,-8,9;1223,-46,-9;1224,6,2;1225,-14,-5;1232,5,-4;1235,-16,5;1250,-3,-8;1253,-2,7;1261,-9,-7;1264,-2,-6;1265,-7,6;1278,-2,2;1281,-10,-3;1315,-28,-6;1327,-17,-5;1343,-10,-2;1363,-18,-8;1379,-8,2;1380,5,-7;1383,-9,3;1391,-9,1;1392,13,-11;1393,-19,13;1404,11,-14;1416,-11,-3;1423,-27,5;1425,-3,-1;1428,18,-5;1437,-37,3;1440,23,-4;1449,-31,3;1452,18,-9;1461,-30,5;1473,-11,-1;1479,-13,-6;1491,-11,1;1495,2,-8;1539,-32,-1;1543,-8,-2;1551,-8,1;1563,-7,-3;1583,-17,-2;1603,-19,-8;1613,-17,-4;1635,-19,-6;1643,-8,0;1654,53,3;1666,-13,0;1678,-8,-4;1685,-62,-6;1690,49,0;1702,-10,-1;1714,-13,-3;1726,-15,-10;1755,-24,10;1758,1,-11;1767,-13,7;1777,-9,-3;1787,-13,-6
rua||cristino teixeira|centro|38950000|11,-1947770,-4653636;14,-55,-185;136,71,204;142,2,-2;148,4,-26;161,-26,15;188,-13,-68;234,-41,-112;242,33,102;248,-28,-114;249,16,116;250,15,-10;260,-10,-10;291,-12,-20;321,-2,-41;339,-17,-6;349,-18,-7;363,3,-7;422,16,-46;458,7,-20
rua||c|bairro jardim|38950000|39,-1947976,-4654835
rua||c|ibia|38950000|109,-1949485,-4653943;127,18,-16;137,6,-10;215,52,-51;218,7,8;221,-2,-14;224,9,6;230,3,-5
rua||c|joao ferreira|38950000|106,-1947180,-4652060;1036,-20,-15;1054,13,12;1066,16,7;1072,8,3;1090,14,8;1096,5,7;1102,14,7;1108,4,0;1126,21,10;1132,9,7;1138,8,2;1144,12,10;1162,17,5;1168,5,11;1174,5,0;1180,12,8;1198,16,6;1204,8,2
rua||daul naves avelar rua 46|centro|38950000|116,-1947462,-4653966;156,-20,-21;170,-45,-26;186,22,14;196,-19,-14;218,26,19;260,23,22;264,8,16;280,19,8;294,11,4;310,6,13;350,27,7;364,11,3
rua||daul naves avelar rua 46|rosa maria|38950000|22,-1947633,-4654094;23,-22,-15;34,36,26;72,21,16;88,11,8;108,9,9;183,64,39;201,10,5;209,6,10;216,11,6;221,3,3;231,13,8;243,1,-1;257,11,10;267,3,6;269,14,4;299,12,12;327,-187,-135;398,-45,-38
rua||dezessete|centro|38950000|9,-1948066,-4654166;15,8,-10;16,2,16;20,7,-12;30,1,-2;33,-5,-1;43,7,-17;55,1,-4;60,14,2;67,-11,-6;71,4,-11;85,13,-10;88,2,9;100,5,-7;150,19,-40;155,2,-20;157,2,-1;164,7,8;171,1,-22;183,13,-16;190,6,5;213,11,-13;217,3,-23;247,10,-15;250,14,-12;259,-7,3;262,5,7;271,-8,-7;278,16,1;322,22,-37;340,3,-11;356,8,-10;364,6,-6;372,11,-4;400,12,-28;410,6,-6
rua||dezoito|centro|38950000|23,-1947461,-4653710;36,-25,24;40,7,9;45,21,-39;46,-25,41;62,19,15;72,9,2;110,11,22;127,7,16;128,-6,-4;132,1,5;148,5,12
rua||dez|centro|38950000|5,-1947985,-4654069;9,1,-4;13,-16,1;36,-11,-1;39,1,-1;46,-3,3;59,-8,-2;77,-12,5;99,-22,-1;100,0,-2;227,78,-4
rua||do progresso|tobati|38953000|9,-1959808,-4638893;27,-8,-14
rua||dois|centro|38950000|9,-1947822,-4653578;19,-9,-2;27,-4,-7;37,-24,-14;46,15,-4;51,-11,11
rua||doze|centro|38950000|10,-1948091,-4654085;13,3,11;29,-16,7;47,-6,-5;57,-19,3;58,2,-14;65,-18,13;80,-5,-10;108,-19,11;109,-12,3;111,8,-2;112,-3,0;133,-29,2;145,-10,0;146,6,-16;153,-12,18;154,2,-13;170,-11,1;188,-14,-5;201,-9,19;208,-5,-10;214,-8,1;219,-5,10;225,-17,1;233,-7,0;238,5,-6;243,-16,8;244,31,-14;250,-27,4;263,-18,13;268,3,-13;275,-14,12;282,-5,-11;287,-11,5;300,1,0;332,-43,12;333,-3,-7;342,-8,1;343,-2,3;358,-6,-5;360,-4,-2;365,-4,9;372,-6,-6;375,-4,4;380,-8,-3;383,-9,2;398,-11,2;432,-25,1;440,6,-2;451,-31,7;454,12,-2;465,-23,2;468,12,5;473,-17,1;489,-20,2;548,-46,-21;562,-11,-2;571,-14,2;585,-6,-5;593,-11,-10;601,0,-1;611,-12,-6;618,1,-10;625,-7,3;628,-4,-20;633,-2,16;638,-26,-32;642,18,8;645,-2,14;652,-11,-23;664,4,5;668,-14,-11;678,1,4;688,-9,-9;690,-3,-2;704,-4,-6;724,-16,-11;753,42,41;765,-12,-4;767,-79,-64;775,70,52;785,-12,-10;795,-62,-54;796,-2,0;797,0,-2;810,-15,-13;811,0,9;820,-5,-16;832,-5,-6;842,-16,-8;847,-5,7;899,-35,-25;923,-14,-15;927,-21,-15;935,8,3;947,-11,-8
rua||doze|sao benedito|38950000|557,-1949018,-4654426;567,-8,-8;577,-19,-13;589,-6,-2;1024,112,113;1029,-18,-5;1052,9,-16;1062,-3,-3;1070,-11,-12;1075,2,16;1080,0,-16;1083,-6,2;1096,-9,-15;1125,-21,-6;1155,-17,-26
rua||duzentos e cinco|bairro dona maroca|38950000|17,-1948655,-4655086;28,6,-2;33,-6,-2;34,6,-6;43,-4,-6;54,-12,-16;61,9,-2;64,4,-4;67,-5,-6;74,14,5;77,-15,-17;82,2,-8;87,-4,9;110,5,-32;120,-1,-2;121,-4,-3;130,0,-14;131,-5,5;134,3,-19;144,2,-6;147,-2,4;152,0,-12;157,4,8;165,-6,-9;175,-1,-9;190,0,-24;193,-1,10;201,1,-14;208,-1,-18;209,0,9;213,-3,-5;218,3,-17;228,-3,-13;238,-4,-7;239,3,20;248,-2,-31;249,-2,17;251,4,-17;257,-3,-10;268,5,-5;280,-4,-10;295,-3,-3
rua||duzentos e cinquenta e dois|bairro solar|38950000|144,-1947520,-4654434;145,32,-17
rua||duzentos e cinquenta e oito|bairro solar|38950000|157,-1947590,-4654741
rua||duzentos e cinquenta e sete|bairro solar|38950000|35,-1947573,-4654770
rua||duzentos e cinquenta e sete|jardim universitario|38950000|46,-1947612,-4654949
rua||duzentos e cinquenta e tres|bairro solar|38950000|62,-1947697,-4654784;120,3,-37
rua||duzentos e cinquenta e um|bairro solar|38950000|244,-1947585,-4654615;292,-147,-98;526,-52,-243
rua||duzentos e dezenove|bairro dona maroca|38950000|6,-1947799,-4655150;11,-35,-330;16,32,320;36,1,-20;44,1,-15;70,2,-18;76,11,-9;94,-20,-44;104,-2,18;114,4,-13;142,-3,-29;155,-4,-1;178,2,-17;196,2,-20;224,-1,-25;252,-4,-39;262,-3,-6;1040,1,130;1060,-2,-47
rua||duzentos e dezenove|bairro jardim|38950000|1049,-1947810,-4655152
rua||duzentos e dezesseis|bairro dona maroca|38950000|9,-1948415,-4655349;13,11,-3;16,12,-3;27,1,5;37,10,-2;39,-362,-14;42,340,15;44,39,-5;47,-182,-2;49,-184,-8;52,339,20;58,1,-6;63,-293,-3;65,329,-5;68,-28,4;75,38,-4;78,-195,9;83,204,-11;88,-32,5;94,14,5;95,24,-14;96,-26,11;99,52,-18;100,-43,20;102,12,-4;105,-314,0;107,338,-26;110,-7,22;120,4,1;155,41,-20;172,2,8;182,2,-1;189,13,-8;197,11,-5;205,10,-3;212,8,4;213,3,-9;221,1,-1;224,-18,11;229,36,-8;237,3,-4;242,-9,10;247,17,-12;250,-2,6;255,3,-9;260,-9,11;268,19,-7
rua||duzentos e dezessete|bairro dona maroca|38950000|8,-1947913,-4655342;18,15,183;19,-4,4;23,2,-7;63,-11,-19;71,-1,-23;115,12,-49;119,-4,11;125,-4,-12;147,-4,-24;151,2,-10;159,-6,4;165,0,-15;190,5,-26;201,-4,-15;204,3,-22;208,0,-11;215,-19,25
rua||duzentos e dezoito|bairro dona maroca|38950000|16,-1947897,-4655355;25,3,-5;26,-2,9;33,19,-12;34,-10,8;44,16,-2;45,-9,-7;48,9,12;52,4,-4;59,10,-5;68,0,5;76,10,-2;77,5,-6;86,8,6;95,6,2
rua||duzentos e dez|bairro dona maroca|38950000|15,-1948777,-4655232;28,10,2;29,-1,-2;36,9,2;37,4,-4;44,14,4;45,-7,-4;54,15,4;55,-1,-10;64,7,10;69,-4,-10;74,8,10;75,0,-11;82,11,2;83,2,-1;85,7,-2;86,-2,4;102,11,-8;103,-1,2;110,3,10;115,46,-13;125,15,-5;154,-20,6;155,-1,-1;166,8,3;172,-144,17;176,153,-15;179,75,-5;186,-67,4;200,13,2;210,9,0;218,10,-3;223,5,-7;226,7,4;236,6,2;244,6,-2;305,41,-10;319,29,-1;329,8,-1;335,8,-2;345,8,2;357,3,-5;367,8,-1;375,8,-1;385,13,2;725,296,-24;735,9,-2;738,5,5;742,7,5;745,1,-10;748,10,2;749,-6,-4;752,13,3;759,-4,-1;762,15,0;769,-11,-2;772,18,3;773,-7,-3;779,10,-1;780,4,5;789,3,-7;790,3,1;795,3,-3;799,7,0;800,0,-1;805,14,-2;809,3,0;810,-12,8;838,60,-6;839,-17,-6;845,5,2;848,6,-4;855,-2,1;858,16,9;861,0,-7;868,6,-7;871,1,8;876,10,-5;888,6,1;893,-11,4;898,17,-8;901,-13,4;903,7,-3;908,20,6;918,2,-7;919,-7,2;925,5,1;928,19,-1;933,-14,-3;951,18,-1;961,8,-2;978,26,54;988,7,-46;991,-4,-6;998,9,1;1001,-4,-2;1002,19,4;1007,-6,-7;1012,10,0;1022,6,10;1023,-10,-10;1032,17,2;1033,-8,-4;1042,24,0;1049,-15,1;1050,17,5;1059,-9,-4;1063,17,1;1073,-11,4
rua||duzentos e dez|dona maroca|38950000|312,-1948515,-4655250;322,5,0;332,10,0;342,12,3;350,2,-10;368,22,-3;378,6,0;388,7,-2;398,15,1;445,45,-7;454,4,7;455,-2,-12;464,6,11;473,8,-11;475,-3,4;478,9,3;483,6,-6;488,-3,9;493,9,-13;496,-1,10;501,11,-9;504,-5,8;509,-29,-1;512,45,1;521,3,-9;522,-1,7;532,18,2;536,3,-3;568,37,-11;573,13,-15;581,-2,-7;582,20,52;587,26,-15;590,-31,20;598,1,-27;599,10,-9;610,-4,8;611,32,-1;619,-12,-11;622,-11,16;627,14,-23;639,52,18;644,-56,0;648,10,-21;657,14,10;658,7,10;666,-8,-9;667,13,3
rua||duzentos e doze|bairro dona maroca|38950000|7,-1948756,-4655278;8,2,-4;19,-26,6;24,10,3;36,17,-3;54,4,1;64,17,1;74,6,2;84,6,-4;92,8,-2;102,8,-5;105,7,0;110,2,1;161,48,-9;162,-1,4;166,9,-4;171,7,1;181,0,-4
rua||duzentos e nove|bairro dona maroca|38950000|181,-1948416,-4655281;201,-7,-20;215,1,-15;225,-4,-12;228,12,7;233,-8,-10;235,-5,-9;238,5,17;245,-5,-40;248,9,33;285,-11,-68
rua||duzentos e nove|dona maroca|38950000|20,-1948399,-4655106;23,-4,-3;28,2,-10;33,4,4;38,-2,-7;41,-6,-5;44,-3,-10;54,4,-16;55,-5,11;62,8,-16;65,-10,4;71,2,-4;72,3,-7;97,-4,-31;100,5,1;114,0,-7;115,-7,-5;120,4,-9;121,-8,5;130,10,-18;131,-7,-18;140,7,11;141,-8,0;150,0,-5;151,0,-4;160,4,-10;170,-5,8;194,-2,-22;198,3,-9;202,-1,-9;206,-2,-4
rua||duzentos e oitenta e cinco|gameleiras|38950000|15,-1949251,-4655159;25,3,-10;35,-2,-9;45,-1,-13;71,4,-24;81,-6,-9;91,1,-8;101,1,-17;127,3,-23;128,6,-3;137,-9,-26;138,6,22
rua||duzentos e oitenta e dois|bairro santa cruz|38950000|172,-1949043,-4655152
rua||duzentos e oitenta e dois|gameleiras|38950000|35,-1949167,-4655197;36,-6,7;45,22,-1;46,-7,3;55,10,-5;56,-4,11;121,65,8;122,1,7;131,10,-3;141,14,5;151,2,-2;161,17,7;171,11,2
rua||duzentos e oitenta e quatro|dona maroca|38950000|367,-1949067,-4655230;377,7,2;387,12,4;397,12,1;407,6,6;417,7,-2;427,10,4
rua||duzentos e oitenta e quatro|gameleiras|38950000|55,-1949380,-4655247;56,15,2;79,3,-8;80,8,8;119,59,-24;120,-5,15;129,15,-12;130,-8,8;139,16,-8;140,4,4;205,58,-5;215,12,4;281,62,12;282,-19,0;291,21,4;292,-3,3;301,19,-5;302,-13,6;368,57,20;378,12,3;388,8,3;398,16,2;408,9,3;418,13,6;428,11,3
rua||duzentos e oitenta e sete|gameleiras|38950000|26,-1949203,-4655165;36,8,-9;46,1,-9;72,8,-29;82,1,-4;92,3,-16;102,7,-13;127,-7,-26;128,9,1;137,-5,-5;138,6,-4
rua||duzentos e oitenta e tres|gameleiras|38950000|21,-1949331,-4655161;27,-1,-7;36,5,-10;37,-6,-2;46,16,-19;51,-15,7;71,5,-24;72,5,6;81,-5,-17;82,5,7;92,-3,-21;102,3,-2;103,-6,0;127,-3,-24;128,8,-1;138,1,-13;139,-10,3;409,-2,130
rua||duzentos e oitenta e um|gameleiras|38950000|26,-1949366,-4655156;84,-18,-48;98,-7,-14
rua||duzentos e oitenta|gameleiras|38950000|26,-1949366,-4655186;31,4,-7;32,1,0;97,64,-14;98,6,7;107,3,-11;108,-7,12;117,20,-8;118,-10,7
rua||duzentos e oito|bairro dona maroca|38950000|147,-1947927,-4655269;708,-225,25;730,14,-9;740,11,4;748,10,6;749,-4,-6;758,12,6;759,0,-8;762,11,5;763,-2,-8;768,13,5;771,-7,-6;772,33,5;780,-24,-1;783,1,-5;790,8,9;797,8,-3;800,2,-4;807,11,-3;832,41,2;838,6,-1;841,-3,-4;851,10,-1;852,-3,4;862,13,2;870,10,-5;871,-9,-3;878,17,6;881,-8,-7;888,19,2;898,3,4;899,-11,-6;907,16,-5;908,9,6;916,1,0;917,-1,-6;926,16,9;929,-10,-7;939,-16,-11;968,46,19;969,-1,-41;979,16,28;987,10,-1;988,-2,7;998,15,-5;999,-6,-1;1004,9,0;1005,-3,-1;1009,5,0;1010,0,8;1020,13,2;1028,11,-10;1030,-1,-2;1038,15,14;1040,13,-13;1115,-41,0;1117,12,0;1125,9,-3;1135,1,1;1137,18,-9
rua||duzentos e oito|dona maroca|38950000|131,-1948426,-4655221;213,-81,7;302,-17,4;303,19,-5;304,-8,4;316,15,3;321,4,-10;326,4,5;329,0,-1;350,12,0;351,1,-4;360,9,7;361,-4,-7;369,11,-1;372,-1,7;379,9,-8;382,-4,10;387,12,-8;388,0,0;395,8,-2;398,-3,6;441,59,-10;451,5,-2;463,7,-2;473,2,0;501,10,4;507,15,1;513,2,-2;523,16,-4;535,14,-1;547,17,-1;581,33,-4;584,12,-1;589,5,-18;594,-16,20;599,20,-3;600,-22,9;604,20,3;605,18,-15;610,-25,9;615,17,-14;630,12,23;640,11,-24;650,-4,-26;651,8,30;660,5,7;661,-3,-8;668,3,8;671,-3,-8;681,14,-2
rua||duzentos e onze|bairro dona maroca|38950000|130,-1948296,-4655352;150,3,-4;193,-5,22;194,7,-1;200,-1,-7;201,0,-2;206,1,22;208,-1,-25
rua||duzentos e onze|dona maroca|38950000|9,-1948276,-4655105;17,-1,-11;27,1,-14;34,3,-5;35,-5,-2;37,4,10;52,2,-29;56,-1,-2;57,-8,-2;65,0,-8;66,2,-5;74,3,-6;90,-36,-82;98,28,55;101,0,4;102,11,-8;106,-19,-14;111,10,21;121,2,-22;131,-1,0;144,-9,-12;154,89,-39;157,-92,24;164,-4,-8;167,4,-2;190,36,-14;191,-38,-20;198,34,-5;199,-31,-2;203,1,2;204,-1,-8
rua||duzentos e quarenta e cinci|jardim universitario|38950000|26,-1947439,-4654997;36,1,15;40,2,11;78,5,25;88,0,12
rua||duzentos e quarenta e cinco|jardim universitario|38950000|27,-1947427,-4654993
rua||duzentos e quarenta e nove|jardim universitario|38950000|49,-1946981,-4655025;87,2,41;147,6,88;168,-7,1;175,9,14;223,0,19
rua||duzentos e quarenta e sete|jardim universitario|38950000|40,-1947206,-4655074;59,14,21;63,2,67;106,-15,-31;125,13,18
rua||duzentos e quarenta e tres|jardim universitario|38950000|22,-1947492,-4654934;67,-3,-36;68,-2,-10;73,5,18;80,-3,-4;89,1,12;90,-2,-3;97,3,13;100,0,-4;110,2,10;120,0,9
rua||duzentos e quatorze|bairro dona maroca|38950000|7,-1948265,-4655326;23,-127,15;33,10,-1;41,7,-4;57,8,0;67,3,-2;73,9,1;81,12,2;95,5,-1;103,5,-4;129,34,-6;165,32,3;199,32,-4;307,-240,21;393,26,-2;401,-9,2;409,-8,0;412,25,4;418,-10,-1;440,-7,1;446,-25,4;448,14,-4;450,-10,2;454,-7,-1
rua||duzentos e quatorze|dona maroca|38950000|22,-1948385,-4655313;42,6,3;56,9,3;66,9,-4;76,17,5;87,-60,2;96,74,-8;104,6,-5;164,59,-6;174,0,-6;182,107,156;192,-87,-148;200,7,3;206,2,4;216,22,-10;232,20,5;440,-196,97;450,19,0;460,3,-1;474,11,-3;490,1,3;500,20,-3;508,1,5;514,5,-5;524,11,1;534,17,-4;668,105,-97
rua||duzentos e quatro|bairro dona maroca|38950000|46,-1948012,-4655170;702,-128,11;712,8,-8;721,10,3;722,2,12;733,4,-18;737,6,4;738,-5,1;748,9,3;751,7,-2;755,13,-1;756,-4,7;766,1,0;769,5,-11;770,6,6;779,4,-6;785,4,2;786,11,-1;789,0,-1;791,4,-4;792,2,8;805,13,-2;809,15,22;847,26,-31;853,2,0;856,-5,7;865,22,-6;874,-7,3;882,9,4;885,10,-7;890,-11,3;900,9,2;906,30,-9;907,-17,5;908,-3,-2;915,9,-1;916,7,1;926,3,-7;935,-17,8;938,25,2;945,-17,5;946,26,-5;971,31,-9;978,2,8;980,9,0;987,1,-9;988,10,5;995,3,-3;1000,3,1;1005,-5,-3;1008,24,-4;1011,-13,1;1016,18,2;1021,-3,-4;1024,4,6;1029,5,-4;1032,-1,10;1041,11,-12;1042,-7,9;1049,12,-13;1050,8,8
rua||duzentos e quatro|dona maroca|38950000|38,-1948387,-4655138;296,-117,17;297,-1,-8;300,11,8;301,-6,-7;315,11,0;316,9,4;326,-4,0;333,9,-6;334,0,6;337,7,-4;338,-2,1;346,17,0;355,-3,-5;356,7,9;360,13,-2;363,-12,-7;366,16,5;373,-6,-2;395,6,-6;435,56,-3;436,3,0;444,3,4;445,-5,-7;453,12,2;454,-3,5;459,14,-4;464,-2,2;473,5,-1;474,0,2;482,7,-1;483,3,-4;490,8,3;491,6,-2;500,10,-2;501,-8,2;509,10,1;510,-1,-4;518,7,5;519,-1,-6;527,24,-3;539,11,-19;543,70,38;544,-49,-22;552,7,2;553,55,12;592,-43,-11;600,5,-1;605,20,-4;610,-12,1;613,2,-3;620,0,5;623,-70,-2;633,91,12;634,0,-15;643,1,2;646,8,7;650,4,0;653,-3,-12;658,9,2;663,6,-7
rua||duzentos e quinze|bairro dona maroca|38950000|9,-1948022,-4655133;13,0,-8;14,5,-3;24,-3,-3;31,-12,-12;32,7,0;47,-28,-12;55,26,-18;56,2,3;61,-5,-8;64,5,8;71,-5,-17;74,4,3;91,-8,-23;94,9,3;107,-9,-6;108,4,-8;110,2,-7;115,-4,0;120,3,-4;122,-3,-15;127,-10,9;138,8,-13;155,2,-14;158,-4,2;165,-4,0;166,7,-11;175,-6,1
rua||duzentos e seis|bairro dona maroca|38950000|79,-1947921,-4655217;720,-209,17;721,-4,-6;730,10,0;731,2,2;740,7,-1;741,0,2;747,8,0;749,16,-4;750,-15,-2;753,39,-4;763,3,-1;764,-21,11;766,8,-3;768,8,5;773,11,-9;778,-6,-6;788,16,14;832,39,-15;851,-1,2;859,8,-1;867,5,1;868,3,5;872,0,-1;875,11,-6;885,6,-2;886,-9,0;895,16,-2;896,-10,7;901,31,-9;904,-27,11;910,19,-3;911,9,-8;919,13,0;925,4,0;932,-13,11;937,19,-23;942,-9,19;950,12,-7;959,29,-3;967,6,0;975,9,-3;983,4,4;984,-10,-2;993,18,0;994,-22,4;1002,20,-4;1009,12,-3;1012,-8,7;1016,5,-3;1020,10,0;1021,-3,-4;1022,9,6;1023,1,-10;1029,10,3;1032,-6,1;1035,13,-1;1042,-3,6;1043,13,-5;1048,1,2
rua||duzentos e seis|bairro santa cruz|38950000|9,-1948822,-4655138;18,5,-2;21,1,-2;22,2,3
rua||duzentos e seis|dona maroca|38950000|296,-1948509,-4655170;300,9,7;307,-3,-11;315,12,2;316,-1,3;326,5,5;327,-1,-12;349,13,2;351,2,1;352,-6,4;359,9,-9;362,2,10;369,10,-6;372,-2,6;379,8,-8;380,1,6;385,12,-8;386,-3,4;394,11,-1;395,-5,-5;412,13,6;419,8,-5;435,15,-2;440,16,4;441,0,-6;444,13,7;445,-1,-9;450,9,9;455,2,-7;456,6,1;463,1,8;464,8,-7;471,-1,-4;474,7,7;475,2,-8;478,6,2;483,4,0;493,10,-6;501,6,3;506,-5,6;511,12,-9;516,-7,5;544,53,-5;545,13,-16;551,-1,10;552,-1,3;564,10,5;565,3,1;570,2,-3;571,54,69;580,-43,-73;583,-9,0;620,20,-3;625,-9,0;634,4,2;635,15,-1;642,1,-2;645,-1,-16;652,12,19;653,-8,-35;660,-2,47;667,22,-23;677,13,1
rua||duzentos e sessenta e dois|jardim universitario|38950000|10,-1947583,-4654910;179,128,-11
rua||duzentos e sessenta e quatro|jardim universitario|38950000|16,-1947371,-4654900;19,-23,-7;30,46,8;31,-35,-10;32,22,8;38,19,-1;42,3,-1;43,-30,-5;49,0,0;55,16,-1;57,35,-2;77,28,-1;99,3,0;100,-13,6;105,23,-7;144,-12,5;164,20,1;176,7,-1;185,18,-7
rua||duzentos e sessenta e seis|jardim universitario|38950000|23,-1947401,-4654964;32,10,7;37,-1,-6;49,14,-3;78,19,6;83,11,-1;90,14,-4;95,-3,-3;102,3,3;106,6,-4;107,-8,10;114,14,-7;135,17,-5;138,-7,7;141,19,-7;144,-9,4;149,15,-5;150,-5,5;151,6,-5;156,12,3;165,4,-6;169,11,-1;175,0,0;186,8,6;212,24,-3;217,1,-3;235,64,-9;375,75,-6;399,23,-3;407,13,-2;419,11,-1;422,8,9
rua||duzentos e sessenta|bairro solar|38950000|89,-1947667,-4654808;97,9,0;103,131,-8;155,-107,10;163,38,-13;171,-56,9
rua||duzentos e sete|bairro dona maroca|38950000|11,-1948528,-4655091;21,-1,-7;31,-4,-8;41,-2,-11;61,3,-30;69,14,5;79,-17,-17;111,-2,-28;121,0,-3;127,-5,-10;157,0,-30;167,1,-3
rua||duzentos e sete|dona maroca|38950000|12,-1948523,-4655083;22,-1,-10;30,1,-8;32,-4,-15;58,3,-14;68,-6,-9;76,2,-6;86,0,1;100,-5,-27;112,2,-11;120,-5,-7;126,1,-10;144,1,-13;154,-1,-10;162,-1,-11;174,-1,-11
rua||duzentos e treze|bairro dona maroca|38950000|12,-1948153,-4655118;22,0,-11;30,1,-7;33,56,-275;40,-58,263;54,2,-17;102,-2,-9;108,2,-4;118,4,-12;134,-1,-14;144,-4,-19;154,-2,-4;180,-4,-28;198,-3,-13;208,2,-14;210,-4,-28;222,1,-14;232,3,-3;237,-12,-10;243,2,-9;246,4,3;255,-5,-14;256,5,4;259,-9,-65;263,4,51;264,2,6;272,-1,-10;275,2,-37;280,-6,20;290,2,-4;322,2,-30;376,-1,-40
rua||duzentos e treze|dona maroca|38950000|23,-1948150,-4655131;33,1,-9;37,-3,-9;57,-9,-45;61,2,25;71,-55,-41;81,58,2;145,6,6;153,-4,-16;157,-16,-18;173,-12,-19;181,18,-7;187,6,0;203,-7,-56;209,-2,2;215,0,-2
rua||duzentos e trinta e cinco|bairro jardim|38950000|19,-1947825,-4655125;99,3,90;109,-1,7;121,5,6;140,-7,-112
rua||duzentos e trinta e sete|bairro jardim|38950000|44,-1947687,-4655124;88,5,65;100,-1,7;110,-1,3;123,-1,-80;147,-2,-12
rua||duzentos e trinta e sete|jardim universitario|38950000|130,-1947649,-4655125
rua||duzentos e trinta e tres|bairro jardim|38950000|112,-1947982,-4655017
rua||duzentos e trinta e um|dona maroca|38950000|30,-1949118,-4655682;40,-10,3;50,-8,2;1495,27,0
rua||duzentos e um|bairro santa cruz|38950000|23,-1948842,-4655081;27,2,4;48,0,-29;51,0,17;60,-2,-19;63,0,5;72,2,-22;73,-9,13;83,4,-4;127,5,-24
rua||duzentos e vinte e cinco|bairro dona maroca|38950000|8,-1948240,-4655331;19,-11,-7;29,-3,-10;30,3,0;40,3,-9;50,-2,-8
rua||duzentos e vinte e dois|dona maroca|38950000|1243,-1948945,-4655499;1263,-21,-12;1265,4,5;1269,-21,-3;1287,3,-3;1295,-14,-6;1305,-4,-5;1315,-12,-5;1325,-5,-3;1335,-2,-6;1345,-13,-2;1389,-27,-25;1397,-4,-16;1403,-1,-5;1413,-7,-11;1421,-3,-5;1431,-6,-13;1443,-5,-7;1453,-3,-10;1461,-6,-11;1465,0,-5;1485,-3,-20;1529,-5,-24;1533,1,-8;1545,-1,-9;1553,1,-10;1561,0,-7;1577,0,-21;1589,0,-4;1599,3,-11;1615,0,-16;1619,5,-11;1621,-2,-10;1623,0,-9;1680,7,-58;1731,-4,-57;1901,-11,-91
rua||duzentos e vinte e nove|bairro dona maroca|38950000|41,-1949066,-4655546
rua||duzentos e vinte e nove|dona maroca|38950000|16,-1949078,-4655544;40,14,2;41,-17,3;1389,21,-20
rua||duzentos e vinte e quatro|dona maroca|38950000|17,-1949082,-4655537;26,-4,-18;35,-7,4;45,-6,-17;46,0,-3;63,-16,-19;64,8,8;74,-5,-10;83,-13,-20;92,3,0;104,-3,-11;116,-5,-11;121,-2,-5;138,-3,-14;149,-2,-5;159,1,-10
rua||duzentos e vinte e sete|bairro dona maroca|38950000|10,-1948205,-4655338;19,-7,0;20,-2,-8;27,0,-5;30,1,-4;33,4,-6;40,-1,-1;222,-3,-1
rua||duzentos e vinte e tres|bairro dona maroca|38950000|9,-1948713,-4655288;18,3,-15;19,-6,8;22,8,-6;27,-6,-6;32,6,-4;37,-10,-19;43,4,14;45,-1,-5;50,7,-4;55,-9,-12;56,8,1;75,-8,-14
rua||duzentos e vinte e um|bairro dona maroca|38950000|8,-1948747,-4655282;17,-11,-13;18,9,3;25,-10,-9;26,12,0;35,-13,-8;36,10,-1;45,-11,-5;46,10,-2;53,-7,-10;54,4,-4;58,2,-2;61,-7,-2;72,6,-16
rua||duzentos e vinte|bairro dona maroca|38950000|9,-1947920,-4655410;15,18,6;16,-2,8;23,4,-5;26,9,4;37,4,-7;38,-1,4;44,9,3;45,5,-5;52,3,-1;55,-3,1;60,19,3;64,-8,5;68,7,-7;69,5,-7;76,1,10;77,6,-11;84,2,5;85,6,-4;94,7,2;95,4,-4;1040,11,158
rua||duzentos|bairro gameleiras|38950000|1,-1948849,-4655187;3,16,6;11,-150,-21;96,105,7
rua||duzentos|bairro santa cruz|38950000|4,-1948819,-4655179;12,3,-6;376,-180,-17
rua||d|joao ferreira|38950000|1076,-1947259,-4651978;1082,4,3;1100,13,9;1106,9,5;1112,10,2;1118,8,7;1136,22,12;1142,4,8;1148,3,-2;1154,11,2;1172,17,32;1178,3,-10;1184,8,12;1190,8,3;1208,21,7;1214,9,3;1220,6,7;1226,3,0;1244,16,11;1250,16,1;1256,4,9;1262,-1,12;1280,37,-11;1292,14,30
rua||emerenciana almeida ferreira rua 4|centro|38950000|11,-1947783,-4653676;23,-11,3;51,-20,-16;67,-9,-6;77,-9,-7;84,6,-8;87,-6,7;105,-20,-12;118,-2,-8;130,-10,-8;148,-11,-2;409,-170,-165;444,-4,-4;495,-38,1;504,-12,-13
rua||espirito santo r 203|bairro dona maroca|38950000|210,-1948784,-4655249;226,-5,-15;248,-6,-24;258,2,-10;268,-1,-9;282,-5,-10;298,4,-5;328,9,64;493,12,-192;594,4,-4;1051,-2,-7
rua||espirito santo r 203|bairro gameleiras|38950000|193,-1948791,-4655196;203,4,2;211,-5,-17;219,-3,-13;233,0,-13;243,7,-3;251,-9,-17;261,1,-10;271,2,-9;281,-6,-1;289,2,-12;303,-7,-9;307,3,-13;327,1,-20;333,1,-1
rua||espirito santo r 203|bairro santa cruz|38950000|9,-1948813,-4655099;10,-7,8;11,42,25;19,-30,-39;36,-16,8;45,50,146;59,-14,-156;67,-4,-9;75,5,-5;87,-1,-9;113,-6,-23;115,15,133;125,-23,-3;127,12,-151;143,10,134;165,-1,-16
rua||e|joao ferreira|38950000|1,-1947132,-4652201;35,51,-76;41,0,-1;46,-10,-6;47,8,15;52,-13,-2;53,5,13;58,-10,-4;59,-1,11;64,-5,-4;65,4,15;70,-9,-3;71,2,15;76,-6,-12;77,2,18;82,-1,-8;83,-3,14;88,-1,-5;89,-6,14;94,2,-9;95,-7,20;100,-1,-16;101,-4,23;106,4,-9;107,-4,17;112,-21,-10;125,12,31;130,-5,-16;131,2,18;136,-9,-8;137,4,21;143,-3,1;148,-9,3;149,3,9;154,-6,0;155,4,6;160,-7,-7;161,3,15;166,-4,-8;167,-5,17;172,-3,-6;173,-1,12;178,3,-1;179,-6,11;184,-7,2;185,7,4;190,0,-3;207,-18,40;213,11,17;219,4,16;220,-22,-37;225,-5,30;226,2,-22;231,-9,31;232,7,-22;237,-13,29;238,4,-18;243,-3,29;244,-3,-17;249,-1,23;250,0,-20;255,-1,28;256,-6,-20;268,-8,21
rua||e|nossa sra de fatima|38950000|211,-1948416,-4653009;213,25,-28
rua||francisco diogo|tobati|38953000|5,-1959715,-4638944;53,-8,7;54,-31,18;55,30,-6;69,-140,67;102,16,-8;111,49,-24;131,-29,18;323,130,-93;343,-4,13;369,12,-25;385,8,-19;411,4,-10
rua||francisco lucio rodrigues r56|deolinda mendes|38950000|12,-1949520,-4654987;30,-1,21;42,-3,9;43,9,4;48,-11,1
rua||francisco lucio rodrigues r56|sao benedito|38950000|16,-1949904,-4654452;28,163,-90;44,168,-125;46,-14,32;58,-7,9;68,-6,6;80,-8,2;92,-9,11;104,-3,6;108,81,-291;112,-91,298;120,-5,7;126,101,-293;133,4,11;136,-9,4;145,7,13;157,0,1;162,-11,3;167,13,22;170,-14,1;181,10,-5;184,-14,12;190,-136,281;193,146,-286;202,-83,154;203,79,-133;211,-1,9;214,-157,268;220,-9,8;244,162,-274;262,-178,287;263,172,-236;266,-165,230;272,-14,14;273,183,-244;274,-12,0;282,-192,262;286,190,-251;287,12,7;294,-183,231;297,180,-224;298,-202,243;306,8,-11;307,193,-220;308,-12,1;314,1,10;325,9,-4;326,-15,7;332,-214,242;339,226,-233;340,-202,216;353,-159,-16;359,103,36;369,-2,-3;379,-6,-2;388,261,-269;389,-273,264;399,-11,-5;415,-5,-3;416,-9,-3;423,-3,-2;426,-13,0;435,2,-2;440,-16,0;456,-4,-3;467,-38,-5;468,23,1;476,44,11;481,-44,-12;493,-19,-1;516,-44,-22;530,9,9;583,-41,-8;588,-4,3;602,-22,-19;612,-1,11;669,-54,-9;678,5,-1;685,-13,-2;698,-3,-6
rua||f|bairro jardim|38950000|348,-1947949,-4654843
rua||f|centro|38950000|7,-1947396,-4653579
rua||f|joao ferreira|38950000|8,-1947050,-4652266;14,4,10;20,-2,6;21,2,15;26,-7,-8;27,1,14;32,-6,-5;33,3,6;38,-19,8;39,9,5;44,-9,1;45,11,6;50,-14,2;51,10,7;56,-10,1;57,2,6;62,-8,3;63,8,7;68,-12,-1;69,6,10;74,-12,-4;75,9,12;80,-18,-3;81,17,8;98,-24,13;99,1,10;104,6,-1;105,-7,9;110,0,-2;111,-7,16;116,-1,-4;117,-3,11;122,-4,-7;123,6,12;128,1,-6;129,-3,2;134,-12,11;135,3,1;140,-11,6;141,4,14;146,-8,-3;147,4,10;152,-8,-7;153,7,9;158,-9,2;159,5,3;180,-25,32;181,5,5;186,-10,5;187,4,-1;192,-3,8;193,4,2;198,-10,5;199,-3,10;204,-1,-1;205,-2,2;210,-2,6;211,2,3;216,-2,4;217,-4,4;222,2,4;223,-1,10;228,-8,3;229,2,0
rua||geraldo rachel pereira r 21|bairro jardim|38950000|239,-1948152,-4654480;249,8,-10;257,6,-8;271,2,-8;283,6,-9;297,8,-12;307,2,4
rua||geraldo rachel pereira r 21|bairro santa cruz|38950000|23,-1948261,-4654305;27,12,-3;35,-4,-10;41,9,-12;55,7,0;69,11,-6;77,-7,-13;83,8,-10;93,1,-2;145,16,-47;163,19,-10;173,5,-9;187,1,-10;203,12,-16
rua||geraldo ribeiro w4|bairro jardim|38950000|31,-1948503,-4654869;41,10,3;48,0,4;51,11,-1;62,-1,10;67,2,-7;72,-1,0;183,71,42;195,7,4;214,9,15;221,14,-9;283,41,32;299,4,12;302,8,0;312,14,4;343,18,17;355,15,5;364,4,-8;376,11,14
rua||geraldo rochael pereira r 21|centro|38950000|3,-1948273,-4654271;6,-22,-17;10,-11,49;19,21,-22;26,192,-245;31,-201,255;32,50,-61;34,-56,35;35,223,-225;36,-220,266;44,219,-262;48,-161,182;54,63,-73;61,-127,161;71,5,5;146,108,-181;154,8,-11;164,0,0;182,19,-24;278,39,-68;282,2,1;658,-14,20;673,55,-18
rua||gleide maria da costa r 19|centro|38950000|5,-1948140,-4654212;9,3,-4;11,2,-3;13,1,-11;21,7,-8;26,-4,13;30,2,-1;36,3,-8;47,-2,-25;48,10,18;54,12,-8;59,-15,-7;60,11,-2;70,5,-5;98,12,-25;99,-13,11;107,-2,-10;117,11,-8;121,0,0;153,22,-40;156,9,9;165,0,-26;170,6,22;177,-7,-19;180,11,6;188,5,-6;191,3,-21;198,4,14;205,-2,-18;217,7,-7;218,-4,19;228,8,-10;270,14,-36;276,22,-49;290,-30,51;304,5,-9;910,-54,96
rua||g|joao ferreira|38950000|5,-1947054,-4652136;8,39,-85;14,-3,3;17,3,21;20,1,-17;23,-8,22;26,-4,-7;29,0,17;32,-5,-10;35,0,14;41,-1,5;44,-8,0;47,1,11;50,-2,-5;53,-3,15;56,-5,-6;59,-2,20;62,-1,-11;68,-4,10;83,3,22;86,-15,-2;89,3,11;92,-4,-9;95,-2,15;98,-4,-1;101,-1,13;104,-4,-5;107,1,9;110,-7,-11;113,6,21;116,-9,-10;119,2,17;122,-10,-10;125,5,16;128,-5,-2;134,-8,4;137,11,12;140,-15,-4;141,-11,55;143,22,-37;146,-8,-6;149,-18,49;155,-3,6;161,-7,13;164,-1,-16;167,-3,20;170,5,-25;173,-9,32;176,14,-41;179,-15,48;182,-1,-19;185,-5,29;188,3,-24;191,-5,29;200,-2,-14;206,-5,6;212,-3,8
rua||g|nossa sra de fatima|38950000|16,-1948520,-4653332;23,8,8;37,1,-2;40,20,24;44,4,6
rua||h|joao ferreira|38950000|5,-1947018,-4652090;6,-9,-6;11,8,11;12,-7,-16;17,0,22;18,-7,-2;23,6,12;24,-13,-3;29,10,0;30,-10,6;35,2,15;41,-3,12;42,-13,-13;47,7,16;48,-6,-7;53,3,12;54,-8,-1;59,0,16;60,-5,-8;65,5,9;66,-11,-2;83,-13,45;84,-1,-10;89,0,10;90,-6,-2;95,3,20;96,-5,-13;105,0,18;106,-6,-5;107,-1,10;113,-1,12;119,-3,3;122,4,-21;125,-8,33;131,-6,9;136,9,-35;148,-12,16;154,-3,11
rua||h|nossa sra de fatima|38950000|12,-1948562,-4653299;19,20,9;25,4,7;31,8,-3;36,-14,11;37,23,4;42,-6,4;43,14,0;48,-15,-3;49,21,8;54,-8,6;55,15,-2;60,-8,7
rua||isaias alves fernandes filho r11|centro|38950000|20,-1947645,-4653883;29,6,-8;30,-7,3;144,62,-82;162,28,-40
rua||isaias alves fernandes filho r11|rosa maria|38950000|11,-1947479,-4654112;53,-149,184;74,11,2;90,15,-12;100,1,-1;108,-4,-6;120,3,1;123,9,-18;133,15,-15;139,6,-21;145,-1,11;151,7,-12;161,4,-7;175,7,1;186,14,-27;213,9,-13;237,16,-31;260,-1,7
rua||i|bairro jardim|38950000|123,-1948092,-4654899;133,17,-3;139,3,4;239,71,-23;290,62,1;367,77,-15
rua||i|joao ferreira|38950000|16,-1947042,-4651961;22,-3,10;25,7,-1;28,-7,8;31,-1,6;34,-2,8;37,1,-8;40,-2,15;43,-3,-5;46,-10,11;49,7,-1;52,-11,5;55,7,1;58,-17,5;61,13,5;64,-18,12;67,15,-5;73,-6,8
rua||i|nossa sra de fatima|38950000|15,-1948583,-4653262;21,8,8;39,1,5;118,102,94;122,13,11;124,6,9;130,9,4;148,10,10;154,5,10;172,24,16;203,-3,-9;215,11,13;312,143,121
rua||i|sonia maria de avila|38950000|28,-1948557,-4653236;40,3,2;46,-4,-2
rua||januario martins ferreira|tobati|38953000|6,-1959804,-4638992;21,4,4;30,80,35;35,-116,-61;43,-3,-6;53,-35,-26;58,45,19;68,-18,-12;71,-16,2;85,-24,-15;90,17,0;97,-28,-10;106,11,-3;133,-16,3;239,116,75;253,9,6;289,30,13;309,11,2
rua||joao braz neto r 111|sao joao|38950000|34,-1948004,-4652602;36,-27,10;38,-19,10;40,-50,33;42,-25,19;43,-427,30;44,420,-25;46,-14,18;47,-427,19;48,411,-13;50,1,12;51,-432,16;52,418,-1;53,-4,10;54,-5,8;56,117,-118;57,-556,159;58,421,-16;62,-39,-64;70,-175,34;72,165,-55;74,-181,39;76,-6,-7;78,-6,-7;80,-2,-3;84,-82,-27;86,-10,2;88,-4,-1;89,-18,8;90,-3,2;92,-77,144;94,54,-132;100,-15,16;102,128,-26;104,-131,28;106,-15,22;108,-17,70;110,67,-120;114,-39,34;122,-31,112;200,7,-49;925,16,-18
rua||joao calixto r 113|sao joao|38950000|31,-1948009,-4652561;33,-35,19;40,42,-34;58,-26,26;65,-7,9;74,-3,-5;83,-10,18;97,-8,9;113,-11,9;118,18,-24;129,-27,34;143,-6,7;148,-1,-7;161,-14,19;164,3,-6;175,-10,12;184,-8,2;191,-3,11;196,-3,1;205,-7,9;230,-18,12;235,4,6;244,-12,3;253,1,7;260,-13,2;263,-5,17;276,-3,-5;277,1,13;284,-12,-2;297,1,6;304,-10,3;311,-1,12;318,-11,0;323,-1,10;330,-7,-2;340,-10,9;354,11,-2;355,-17,12;364,-10,3;371,5,-2;393,-21,19;442,-38,15;450,-8,7;456,-3,4;494,-21,9;496,-8,2;498,-5,2;526,-25,16;533,5,10;538,-27,2;566,-71,-29;572,47,21;584,-9,-4;598,-10,-2;676,-61,-31;724,-44,-25;729,225,35;745,-16,8;755,-8,8;765,-6,2;770,-9,-5;781,2,11;797,-18,8
rua||joao p dos santos r 125|sao dimas|38950000|9,-1947373,-4653016;30,-25,42;44,8,-12;45,-3,2;46,7,2;62,8,-10;79,82,-41;89,5,-5;103,11,-5;104,-67,33;118,8,-4;123,-63,46;127,65,-49;129,77,-29;133,-68,17;134,1,12;139,6,-7;143,74,-29;144,-67,30;147,-3,-5;151,74,-27;171,17,-2;187,-174,71
rua||joaquim gouveia|tobati|38953000|2,-1959896,-4639115;55,9,13;91,-29,47;94,12,-32;100,-7,18;107,-4,21;114,-7,-5;145,-20,22
rua||joaquim luiz da silva r62|sao benedito|38950000|172,-1949768,-4654682;186,-8,23;198,1,2;210,1,9;220,-3,16;230,5,8;242,-4,7;258,-2,18;264,0,0;320,-18,51;338,-6,30;340,1,-6;358,1,28;376,-15,10
rua||joaquim pia r 13|centro|38950000|18,-1947752,-4653951;33,7,-11;38,11,-2
rua||joaquim pia r 13|rosa maria|38950000|76,-1947421,-4653941;101,-287,-73;111,6,-1;123,4,-19;130,10,-2;141,2,-10;153,2,-7;158,-1,-7;174,15,-6;175,2,-18;180,4,8;186,6,-15;200,6,-7;248,13,-35;249,10,-5;259,0,-5;260,7,3
rua||jose afonso mendes de carvalho r 202|bairro dona maroca|38950000|27,-1948738,-4655064;37,-7,2;47,19,-2;57,4,2;65,6,2;73,5,-5;79,8,2;85,5,-5;93,6,2;97,6,1;108,911,-84;117,-901,85;129,20,-5;137,16,-4;139,11,-3;147,10,4;154,-132,8;155,140,-12;165,10,-1;195,11,-1;205,12,1;215,0,-1;223,12,1;233,8,-3;247,-27,0;861,459,-43;881,20,1;887,3,3;901,16,-4;905,4,-1;909,17,0;913,4,-2;919,-2,-1;925,22,0;945,125,-11;959,11,0;967,-107,9;969,125,-8;977,1,-4;981,-105,11;987,121,-14;991,-118,11;997,123,-9;1005,-99,6;1015,111,-7;1021,-106,8;1025,127,-8;1029,-120,8;1031,5,-1;1035,112,-4;1039,-99,3;1043,114,-8;1047,-106,6;1049,113,-5;1097,46,-6;2007,16,-2
rua||jose afonso mendes de carvalho r 202|bairro jardim|38950000|4,-1948717,-4655055;42,-32,-1;52,25,4;64,1,-5;90,23,-5;104,11,4;114,10,-4;140,31,-1;150,6,-3;164,21,6;178,5,-2;190,14,-8;220,20,2;224,12,-4;300,49,-6;302,23,-1;318,24,1;354,10,-3;370,20,-1;380,-4,-1;732,337,-29;748,16,-3;766,8,1;776,5,0;808,44,-4;882,101,-9;946,9,-1;948,6,-1;956,4,1;980,19,-3;986,12,-2;996,9,2;1006,12,-3;1056,54,-7;1114,56,-4;1132,24,-1;1152,18,-2
rua||jose afonso mendes de carvalho r 202|bairro santa cruz|38950000|25,-1948840,-4655051;28,4,13;38,4,-12;43,15,-2;45,-7,-1;56,7,8;59,19,-13;69,-8,2;70,-40,-2;80,41,8;88,9,-3
rua||jose afonso mendes de carvalho r 202|dona maroca|38950000|9,-1948278,-4655098;13,122,-18;301,-349,31;311,18,0;317,10,0;351,15,-2;371,15,-3;377,13,0;381,17,-3;391,11,-2;415,32,-1;416,-40,11;422,11,31;425,36,-42;434,-27,7;465,34,-11;475,13,2;481,5,4;493,40,-5;500,-27,6;503,19,-7;509,-4,0;514,-12,9;523,43,-13;531,25,-1;536,5,7;539,5,-13;544,-75,39;545,71,-42;573,20,5;576,16,3;584,-136,10;592,154,2;594,-8,-18;601,-14,1;604,44,3;613,-34,-3;621,1,-3;633,13,-2;641,4,5;651,2,-2;654,3,35;661,12,-38;674,12,3;688,25,11;698,-3,-7
rua||jose alfenas avila|tobati|38953000|12,-1959691,-4638986;81,-73,-151;86,75,152;157,-93,-226;167,-6,-16
rua||jose jacinto gouveia|tobati|38953000|5,-1960043,-4639050;23,64,11;55,-16,-1;77,-16,-4;93,-3,1;145,-12,1
rua||jose joaquim andrade|tobati|38953000|1,-1959907,-4638952;15,50,-59;30,-17,13;41,0,9;51,-1,-2;58,-15,5;61,4,10;76,-12,7;90,-6,9
rua||jose mariano da silva r25|bairro jardim|38950000|218,-1948126,-4654923;249,-26,32;259,-5,0;269,-9,9;279,-2,13;296,-6,21;298,0,4;323,-8,2;331,-5,9;343,-8,9;354,10,5;358,-25,20;360,8,-6;370,-1,7;390,-12,4;418,-14,38;425,-1,-6;430,-9,12;431,-5,3;444,4,8;445,-7,-5;459,-6,10
rua||jose mariano da silva r25|jardim universitario|38950000|272,-1948148,-4654885;280,-15,16
rua||jose osvaldo de almeida r 204|bairro dona maroca|38950000|22,-1948760,-4655100;25,5,-3;35,4,-5;36,1,7;44,6,-1;45,6,-2;55,15,-4;60,-6,4;63,11,-4;64,-11,5;73,16,-7;74,-3,6;83,14,-5;84,-7,6;87,11,-7;94,-1,6;98,6,-2;101,7,-6;109,11,1;112,-6,0;116,6,7;134,36,-4;137,15,-14;138,-12,12;147,22,-10;148,-14,9;157,16,-8;158,-8,3;166,7,0;167,6,-3;186,18,4;195,-9,-5;215,12,0;216,2,3;225,19,-6;226,-17,5;236,12,-1;237,12,-3;246,0,5;247,3,-5;265,16,0
rua||jose pereira da silva r222|bairro dona maroca|38950000|62,-1948433,-4655413;76,430,-91;84,28,2;86,-8,0;96,-13,1;98,-713,32;100,684,-30;127,84,-6;265,-107,11;268,7,-3;275,-27,5;285,10,1;286,4,-7;288,-6,2;301,-18,3;303,-11,5;307,-12,0;312,18,-7;320,-10,3;323,-16,7;330,8,-6;333,-13,5;336,42,-8;342,-38,0;350,-9,0;355,-11,11;362,2,-14;363,-12,16;368,2,-8;370,-9,0;373,3,4;374,-11,-3;381,-2,6;384,-9,1;392,-4,-2;404,-11,-3;405,-74,13;412,60,-9;423,-6,3;424,2,-9;445,-12,11;450,-5,-7;451,14,2;458,-21,4;461,-1,3;462,-4,-2;463,-1,2;464,-36,-3;473,26,4;476,2,-10;477,-14,11;480,7,-3;481,-14,-6;497,-3,11;500,-14,-9;513,-11,11;523,-8,0;528,-2,-10;533,-4,10;534,-3,-10;544,-6,5;551,-19,7;554,10,-6;564,-16,4;579,-19,2;580,8,-6;583,-16,11;595,-10,-1;603,-3,1;608,3,-5;616,-7,1;624,-10,-2;634,-8,5;642,-4,-3;648,-8,-1;650,-8,3;651,-211,14;654,201,-11;661,-214,7;663,-1,4;669,206,-5;676,-6,-7;677,-212,10;686,201,-5;687,-206,-1;689,-8,0;695,-9,2;698,209,-9;712,-3,8;722,-6,-4;736,-11,2;739,-224,-3;742,222,6;748,-1,4;759,-245,-14;762,225,7;763,-234,-7;770,225,8;786,-8,0;796,-221,-12;804,197,20;850,-33,-2;860,-13,1;868,-2,-7;870,-19,-1;880,0,4;890,-10,-7;902,-17,2;912,-7,-4;948,-32,-1;972,-16,-2;984,-7,-3;1000,-20,2;1012,-12,-3;1020,-16,8;1021,-11,-6;1028,11,1;1038,-14,-9;1048,-2,-1;1051,-2,8;1056,-1,-9;1064,-10,-3;1072,-7,2;1077,0,7;1082,-10,-9;1087,-8,4;1099,-4,1;1106,-7,-8;1122,-14,-2;1130,-7,-2;1131,-5,8;1140,0,-9;1148,27,14;1149,-52,-10;1158,15,-4;1159,-19,5;1164,10,-5;1173,-18,1;1177,-8,2;1186,17,-3;1187,-28,1;1192,8,-6;1195,-21,6;1202,14,-10;1203,-17,7;1211,-6,-1;1222,6,-7;1230,-8,0;1242,-10,-2;1243,-14,2;1263,-19,-6;1265,9,0;1269,-20,-6;1287,-6,-2;1295,-7,-6;1305,-8,-5;1315,-7,-3;1325,-8,-4;1335,-5,-7;1345,-9,-6;1680,154,54
rua||jose severino do prado r 15|centro|38950000|120,-1947908,-4654182;134,4,-3;168,16,-28;174,4,-2;188,3,-12;192,0,-5;196,3,-1;200,10,-14;212,1,0;228,6,-26;250,11,-14;258,6,-9;268,4,-11;272,7,-11;284,1,-4
rua||j|joao ferreira|38950000|10,-1947003,-4651923;16,-5,-5;22,-2,14;28,-11,12;34,1,9;40,-8,9;46,-5,7;52,-8,18
rua||j|nossa sra de fatima|38950000|71,-1948498,-4653127;111,-7,-7;123,19,13;129,7,4;135,8,5;141,5,6;147,10,11;153,4,2;159,4,9;165,11,4;171,2,3;177,2,18;183,7,4;189,7,-1;195,8,12;212,36,33;218,-17,-14;219,8,-4;224,2,15;225,2,-8;230,6,9;231,2,-3;236,3,16
rua||j|sonia maria de avila|38950000|20,-1948612,-4653208;26,8,3;32,10,5;38,6,6;42,0,6;48,12,5;56,6,8;62,12,2;68,3,7;74,2,8;80,12,6;84,-32,36;86,39,-36;91,17,6;92,-9,-1;93,12,1;110,2,21;116,3,2;117,-35,-49;122,45,59;128,1,8;134,7,-1;140,16,17;146,3,3;152,2,3;158,10,4;164,10,11;170,6,5;176,9,6;182,23,-2;188,-9,19;194,3,-1
rua||k|nossa sra de fatima|38950000|109,-1948533,-4653093;112,2,5;115,7,3;118,0,4;121,4,-2;124,-5,4;126,3,7;127,10,-5;130,-10,14;133,14,-15;136,-5,17;139,13,-7;142,0,15;145,1,-5;148,-9,-2;151,21,4;154,-7,4;157,18,6;163,9,6;169,3,7;175,8,3;181,5,4;187,10,13;193,12,11;217,12,11;223,12,11;229,5,5
rua||k|sonia maria de avila|38950000|7,-1948648,-4653198;13,10,13;16,-2,1;19,11,4;22,-12,4;25,20,1;28,-8,1;31,12,3;34,-4,7;37,12,6;40,-7,-4;43,17,22;46,-9,-12;49,15,1;54,-8,0;55,11,4;60,-3,7;61,13,1;66,-11,1;67,15,10;72,-8,-1;73,15,7;78,-10,4;79,13,2;84,-6,4;85,13,-8;90,2,14;91,5,-1;96,-7,5
rua||limirio rodrigues pereira|tobati|38953000|9,-1959948,-4639030;75,-1,-26;95,36,204;140,-3,-56;147,-8,-7;162,7,4;165,-8,-14;185,-4,-27;198,8,-1;214,-7,-21;231,-9,-24;238,4,4;252,-6,-14;255,-13,1
rua||linha ferrea|tobati|38953000|28,-1959611,-4639020;47,40,-24;55,16,-10;59,2,-20;61,-63,51;65,-20,2;69,-5,-23;113,93,-45
rua||luiz servulo gotlieb r 9|centro|38950000|10,-1948356,-4654005;20,3,-9;29,-13,-4;30,7,-14;57,-11,-24;77,10,-14;84,0,-19;89,3,8;93,-3,-8;99,-5,-9;116,1,-17;124,3,-11;145,-10,-4;201,-2,-47;219,-7,-28;222,13,16;234,-10,-17
rua||l|nossa sra de fatima|38950000|89,-1948584,-4653067
rua||l|sonia maria de avila|38950000|10,-1948679,-4653146;16,5,6;17,7,-11;22,-6,16;23,11,-12;28,-8,23;29,16,-16;34,-6,17;35,8,-11;40,1,19;41,9,-7;46,-6,13;47,13,-13;52,-1,21;53,10,-16;58,-1,22;59,6,-13;64,-6,21;65,17,-10;70,-4,14;71,10,-7;76,-7,12;77,13,-4;82,-10,5;83,15,-12;88,-3,25;89,7,-16;95,10,1;119,19,30;125,11,7;131,9,4;137,5,4;143,5,14;149,13,1;155,5,2
rua||maria abadia vilaca|rosa maria|38950000|22,-1947595,-4654135;28,2,-1;54,11,14;66,17,2;76,1,16;85,18,-1;93,5,2;96,-6,-5;104,9,17;131,25,10;143,13,12;146,1,6;150,1,3;151,2,-3;160,9,8;169,8,1;170,-1,6;180,14,3;187,-4,-1;190,8,9;197,6,1;200,4,5;210,0,1;211,22,12;220,-11,-3;221,17,8;230,-5,2;231,15,5;241,10,5;246,-20,-2
rua||maria conceicao de brito|rosa maria|38950000|7,-1947694,-4654008;14,3,4;20,1,2;23,10,4;38,3,8;51,15,2;62,6,4;74,7,12;75,7,-1;85,7,2;86,-7,6;100,10,5;109,-4,54;112,81,-104;113,-63,59
rua||maria julia caja rua 157|nossa sra de fatima|38950000|23,-1948271,-4653663;35,-2,-15;36,-6,-65;38,32,85;39,-29,-58;42,6,17;45,-3,14;57,-8,-13;60,7,-7;64,-15,-27;67,8,20;69,8,6;115,-14,-43;124,9,-10;129,-6,4;138,11,-17;141,-9,2;150,11,-16;153,-11,9;158,0,-15
rua||maria xavier dias rua 5|centro|38950000|87,-1948075,-4653921;111,6,-21
rua||maristela bispo gemonond costa r 208|bairro dona maroca|38950000|28,-1948756,-4655184;31,-6,-9;38,9,8;39,-3,-5;48,2,9;54,18,1;55,1,-13;62,12,7;65,-12,4;73,19,-14;74,-9,12;82,8,0;92,10,0;93,11,-14;101,7,-2;102,-12,2;108,20,-1;131,-4,9;138,46,-9;155,-3,-3;165,10,-2;176,1,5;177,11,-5;184,-3,6;185,-19,-4;186,29,2;188,7,-4;192,8,0;202,12,1;205,-17,-3;221,21,0;231,8,-1;232,-2,3;241,7,-5;242,-5,2;248,10,-2;251,5,-2
rua||mello viana|tobati|38953000|4,-1959659,-4639023;8,-176,-77;34,148,64;46,-135,-50;50,-1,2;58,10,-7;68,-49,-12;73,32,11;93,-12,-5;96,102,38;100,-109,-50;108,100,47;126,-120,-61;132,103,56;166,-124,-62;204,-32,-17
rua||moacir purcina r 29|bairro jardim|38950000|5,-1948390,-4654925;15,2,13;29,-14,11;45,-7,13;65,-11,12;68,-10,-2;75,7,14;76,-7,-8;79,0,18;90,-17,-10;91,7,20;100,-6,-12;116,33,-119;127,-33,149;130,-12,1;159,-5,27;174,-5,-1;183,-10,28;210,60,-290;223,-81,309;233,8,-1;234,-5,-7
rua||noventa e cinco|nossa senhora de lourdes|38950000|107,-1950426,-4654858;179,-3,10;239,-10,74;288,-26,31;295,4,13
rua||noventa e dois|nossa senhora de lourdes|38950000|7,-1950291,-4655184;10,-53,-16
rua||noventa e oito|bairro jardim|38950000|54,-1948716,-4654863;167,24,67;184,10,15;187,-14,-31
rua||noventa e oito|bairro santa cruz|38950000|154,-1948686,-4654782;162,-6,-10;184,1,-9;192,4,32;206,-21,-74;232,-12,-22;270,50,120;280,-5,-20
rua||noventa e quatro|bairro jardim|38950000|288,-1948702,-4654875;300,0,-15;310,15,-6
rua||noventa e seis|bairro santa cruz|38950000|48,-1948728,-4654797;186,-34,6;194,37,-21;202,-19,22;203,-9,-4;209,15,-5;212,2,5;232,20,-11;233,-6,-3;243,4,-7;251,10,-7
rua||noventa e sete|nossa senhora de lourdes|38950000|47,-1950383,-4655162;155,4,19;348,-71,86
rua||noventa e tres|nossa senhora de lourdes|38950000|24,-1950322,-4655092;140,-17,39
rua||noventa e um|nossa senhora de lourdes|38950000|64,-1950227,-4654958;106,-34,35;138,-10,12;155,77,145;163,-95,-122;168,25,-23;239,-62,87;245,-2,12;259,-72,96;265,71,-84;275,12,-80;325,-69,122;326,-5,2;456,-40,148;2019,105,-219
rua||noventa|nossa senhora de lourdes|38950000|5,-1950262,-4655096;53,-17,7;70,-66,-30;91,18,-6;146,-61,3
rua||oitenta e cinco|nossa senhora de lourdes|38950000|7,-1950067,-4654797;30,32,-63;35,-16,30;47,2,-3;59,3,-16;74,-10,29;81,20,-45;84,-26,57;212,-26,64;280,-36,102;300,-6,23;320,-2,23;328,2,8;356,4,31;408,6,25;428,6,36;442,-1,3;450,2,16
rua||oitenta e nove|nossa senhora de lourdes|38950000|5,-1950206,-4654944;31,14,-1;85,-42,15;97,-19,8;126,75,65;156,-6,74;172,-18,25;182,7,35;188,-13,-16;198,9,36;203,-9,-14
rua||oitenta e oito|nossa senhora de lourdes|38950000|11,-1950230,-4655028;15,8,20;35,-40,-36;56,-4,-15;72,-26,-3;85,-16,19;93,-7,-16;95,6,16;104,-11,-9;107,2,-2;131,-24,-3;143,-19,1;158,-4,-1;189,-33,-9;196,-7,-9;197,-3,10;213,-22,-7;228,35,7
rua||oitenta e quatro|nossa senhora de lourdes|38950000|88,-1950200,-4654899;97,-12,10;100,-1,-18;111,-30,11;118,23,-22;126,45,43;127,-83,-26;143,-7,-1;147,-11,-3;188,-25,-16;215,-26,1;216,10,-18;225,-21,22;236,-14,-9;237,3,7;250,3,-9;262,-22,-19;297,-32,13;300,13,-8;317,-90,-7;330,52,1;345,-14,7;358,-8,-9;370,-17,-8;383,-20,4;386,5,-6;419,-25,5;435,-17,-3
rua||oitenta e seis|nossa senhora de lourdes|38950000|80,-1950239,-4654979;89,-10,-5;92,-15,3;103,0,17;104,8,5;111,-18,-6;126,-2,-9;127,-4,6;140,5,-13;162,-38,-4;189,-15,0;190,0,-11;203,-10,17;215,-16,-12;221,-11,-1;223,15,-3;226,-25,5;233,3,-1;236,-22,-25;252,-24,7;299,0,-6;315,-21,14;318,0,-4;327,0,-9;339,-23,4;348,-10,31
rua||oitenta e sete|nossa senhora de lourdes|38950000|30,-1950083,-4654860;38,-2,21;42,-1,-3;55,2,6
rua||oitenta e tres|sao benedito|38950000|9,-1950011,-4654781;16,16,-73;21,-7,56;33,-3,-10;45,3,-10;57,3,-14;64,-3,16;79,4,20;117,-12,42;128,-4,0;131,-3,12;138,2,0;141,0,7;152,-5,9;159,3,12;170,-6,0;171,3,8;174,-5,4;182,-1,4;183,4,9;195,-2,4;202,-4,4;219,-3,25;243,0,11;255,-2,14;267,-4,8;285,-7,24;297,4,16;298,-4,-14;308,-5,13;331,-2,18;338,-6,12;341,4,0;355,-1,10;367,-4,20;368,-3,-6;381,1,11;398,-8,15;406,-9,8;411,12,1;434,-7,22;443,5,-11;448,-7,0
rua||oitenta|sao benedito|38950000|7,-1949926,-4654806;19,-8,-2;20,-7,-10;31,-3,7;32,4,-4;43,-10,1;44,-4,-2;55,-7,1;56,-2,-5;67,-13,3;68,7,-5;79,-25,4;80,5,-8
rua||pedro braz borges r85|sao benedito|38950000|8,-1950053,-4654790;20,0,-11;22,202,387;25,-176,-444;26,189,450;32,-210,-405;34,191,397;44,-183,-403;56,13,-19;58,-71,140;62,215,280;147,-200,-326;167,-3,-1;210,198,326;241,-220,-257;249,-14,35;259,0,13;267,-4,1;279,4,-5;349,-2,62;381,3,28;413,8,38;414,39,45;433,-40,-30;440,59,35;461,-49,-20;486,62,23;487,-5,-6;501,11,4;517,15,7;534,17,3;556,17,7;584,29,6;587,-2,-4;591,0,6;595,15,-1;613,8,2;671,61,9;672,2,4;682,10,5;701,23,-1
rua||pedro j goulart|argenita|38955000|65,-1967216,-4668106;81,7,13
rua||pedro rodrigues|tobati|38953000|23,-1959825,-4638965;37,8,1;45,-8,7;62,-13,4;80,-6,10;88,-9,10;92,-17,17;119,-2,4;125,65,35;132,-75,-32;138,-9,10;141,91,25;154,-103,-3
rua||projetada 01|tobati|38953000|31,-1960036,-4639073;57,11,-6;58,61,3;61,-62,1;63,-19,-6;78,62,9;94,-11,-4;104,-23,-5;108,-11,-3
rua||projetada 02|tobati|38953000|9,-1960061,-4639050;35,1,-28;96,10,-48;108,-6,16;111,3,-9
rua||projetada|sao dimas|38950000|6,-1947429,-4653215;10,-27,0
rua||quarenta e cinco|rosa maria|38950000|37,-1947399,-4653972
rua||quarenta e dois|bairro gameleiras|38950000|394,-1948997,-4655209;408,2,-16
rua||quarenta e dois|bairro santa cruz|38950000|8,-1949009,-4654851;12,0,-18;15,-18,-8;22,11,-6;31,-6,3;32,12,-13;41,-12,-5;48,9,6;53,-29,-23;60,29,0;66,-1,6;70,12,-12;73,-23,0;79,-2,-6;82,14,-3;85,-2,0;91,-1,-17;94,2,9;100,-2,-9;103,1,0;111,8,-16;150,-4,-41;159,-5,3;160,11,-11;171,-7,-1;178,5,-5;179,-11,-12;180,24,-1;190,-12,-1;193,-9,-10;200,11,-10;215,-12,5;216,17,-17;239,-20,-10;251,16,-15;252,-4,6;264,1,-15;269,-3,-1;272,5,-13;275,-6,3;285,-2,-10;290,12,-6;295,-8,-5;296,4,-12;314,5,-7;326,-2,-10;344,-1,-21;370,6,-6
rua||quarenta e dois|dona maroca|38950000|345,-1948998,-4655233;427,-4,19
rua||quarenta e dois|gameleiras|38950000|325,-1949007,-4655159;335,3,-11;341,-2,-8
rua||quarenta e nove|deolinda mendes|38950000|2,-1949090,-4654984;10,-11,-8;28,-9,-6;38,-9,-5;45,-11,3;46,5,-6;58,-4,-5;70,-12,-9;75,-9,1;82,-4,-10;84,-2,-5;89,-4,11;93,-8,-8;94,10,-2;108,-17,-7;150,-16,-9;159,-23,-5;162,9,-5;173,-11,0;174,9,-1;185,-22,-7;186,9,-3;198,-13,-5;199,-2,-3;210,-5,-4;258,-9,-6;274,-14,-13;284,-3,-2;296,-9,-7
rua||quarenta e oito|centro|38950000|3,-1948685,-4654297;15,-2,-5;20,0,-5;25,-7,4;30,-1,-6;35,-3,0;46,-8,-12;51,-8,-1;58,1,-5;75,-24,3;84,1,-19;85,-3,7;663,-57,-40
rua||quarenta e seis|rosa maria|38950000|27,-1947626,-4654092;45,16,7;75,17,15;87,3,6;99,19,-1;111,13,13;123,5,14;287,-85,-68;314,39,30
rua||quarenta e sete|bairro santa cruz|38950000|13,-1949062,-4655159;21,-15,27;23,14,56;27,-8,-54;39,-8,86;45,-2,5;81,4,17;93,0,7;95,1,8;103,-1,17;171,-3,-105;177,6,-12;179,-7,172;187,7,-84;197,-11,108;207,4,9;217,8,13;219,-12,5;269,-11,28;279,-11,5;289,0,23;297,-7,0;305,-5,11;319,-8,10;335,-7,11
rua||quarenta e sete|deolinda mendes|38950000|10,-1949083,-4655091;16,-1,11;34,-1,13;44,-2,7;50,-2,5;58,3,13;80,-1,21;174,-6,87;178,-1,-16;182,2,27;186,-4,-34;194,4,37;206,2,12;256,-10,41;282,-15,26;292,-2,6;308,-2,4;322,-13,15;336,-2,6
rua||quarenta e sete|gameleiras|38950000|8,-1949071,-4655159;12,-3,13;20,0,3;30,-3,12;36,-5,9
rua||quarenta e sete|santa cruz|38950000|435,-1949184,-4654718;443,-2,4;449,-8,5;463,-3,16
rua||quarenta e sete|sao benedito|38950000|33,-1949259,-4654790;49,-10,15;63,-8,8;77,0,17;95,-16,11;103,2,5;416,113,2;432,-3,2;442,-9,10;466,-9,18;476,-13,12;515,4,26;523,-12,13;537,-6,10;555,-10,12;564,-9,14;565,8,-5;579,-12,16
rua||quarenta e um|deolinda mendes|38950000|25,-1949216,-4654994;26,3,0;33,1,-7;39,0,-2;49,8,-8;55,-1,-5;65,5,-8;66,1,5;70,4,-6;78,10,-7;102,14,-31;108,4,-1;115,-6,-6;137,2,-2;145,9,-15;161,3,-5;164,5,0;167,1,-10;176,5,1;179,0,-10
rua||quarenta e um|dona maroca|38950000|297,-1949101,-4655243;298,5,4;302,6,-22;303,-12,8
rua||quarenta e um|gameleiras|38950000|208,-1949123,-4655130;209,-9,-10;214,10,-8;215,-7,0;220,16,-10;221,-12,-1;226,11,-6;227,-9,1;252,12,-22;253,-8,-10;258,10,4;259,-4,-18;265,0,2;266,2,0;270,11,-10;271,-8,-1
rua||quarenta|centro|38950000|45,-1947656,-4653808
rua||quatorze|centro|38950000|9,-1948072,-4654134;27,-15,-2;31,-4,6;55,-16,-4;62,-5,-5;63,-5,4;70,-3,-3;71,-14,8;76,8,-4;88,-11,2;98,-12,-4;101,-4,5;104,-9,-3;105,2,2;107,-11,9;116,0,-9;119,-12,9;130,3,-5;157,-37,12;162,-2,-16;165,-4,16;178,-13,-12;187,-5,15;190,-6,-12;214,-31,1;217,18,8;222,-24,-5;229,3,8;241,-15,1;250,-4,-2;251,-1,0;262,-10,-4;264,-2,5;271,-2,5;276,-13,-7;290,-11,3;295,15,6;307,-16,-3;314,-60,6;319,51,-2;350,-55,6;363,15,-5;365,-21,6;368,6,-5;379,-14,3;386,-4,-7;398,-8,4;417,-10,6;420,-2,-2;429,-7,0;434,-1,-1;441,-8,0;455,-9,4;456,-1,-31;474,-13,30;475,-9,4;485,-7,4;490,2,-1;497,-15,3;504,2,-5
rua||quatrocentos e dois|sao benedito|38950000|10,-1949130,-4654447;13,-24,1;14,-14,5;23,1,7;27,-6,-12;32,1,1;36,-12,-5;50,-15,0;62,-8,-1;113,-31,-3;116,-14,-12;119,-2,12;125,-9,0;126,-4,-11;131,-13,7;132,5,-4;137,-14,4;138,6,-10;143,-13,8;144,-6,-14;149,-8,10;150,5,-6
rua||quatrocentos e quarenta e um|nossa sra de fatima|38950000|464,-1948668,-4653243
rua||quatrocentos e quarenta e um|risoleta neves|38950000|460,-1948740,-4653155;536,-15,2
rua||quatrocentos e quarenta e um|sonia maria de avila|38950000|191,-1948637,-4653252;225,-44,38;293,-42,52
rua||quatrocentos e quatro|sao benedito|38950000|12,-1949165,-4654402;26,-15,3;38,-4,0;92,-57,-9;100,-17,0;105,-6,4;106,6,-14;111,-19,13;112,-3,-6;118,-16,-8;123,1,7;124,5,-3;130,-20,-8;133,-7,7;136,-5,-4;143,-7,4;159,-15,-3;454,122,15
rua||quatrocentos e trinta e dois|ibia|38950000|84,-1949526,-4653447
rua||quatrocentos e trinta e oito|ibia|38950000|83,-1949387,-4653363
rua||quatrocentos e trinta e seis|ibia|38950000|31,-1949387,-4653432
rua||quatrocentos e trinta|ibia|38950000|250,-1949632,-4653416;302,-23,35;312,-5,-6
rua||quatrocentos e um|sao benedito|38950000|7,-1949315,-4654552;13,-5,14;19,3,1;45,-5,25;51,-3,14;54,-15,-5;59,6,11;60,-8,32;72,4,-16;89,4,24;95,-3,2;96,-9,-2;103,3,14;108,-7,2;110,8,1;159,0,35;166,-13,4;175,7,2
rua||quatrocentos e vinte e oito|ibia|38950000|1,-1949236,-4653870;58,-302,294;484,278,-271;559,-51,61;716,-103,89;727,1,10
rua||quatrocentos e vinte e oito|risoleta neves|38950000|93,-1949008,-4654078;196,-55,51;203,-2,3
rua||quatrocentos e vinte e quatro|risoleta neves|38950000|134,-1948920,-4654028;175,-52,62
rua||quatrocentos e vinte e quatro|terreno industrial|38953000|398,-1949140,-4653815
rua||quatrocentos e vinte e seis|risoleta neves|38950000|136,-1948991,-4654027
rua||quatrocentos e vinte e um|risoleta neves|38950000|228,-1948821,-4653991;334,-75,-94
rua||quatrocentos|sao benedito|38950000|11,-1949159,-4654483;31,-27,-6;41,-10,1;90,-19,-21;96,-6,-9;102,-9,-5;108,-8,-5
rua||quinhentos e dois|nossa senhora de lourdes|38950000|52,-1950148,-4654681;68,-18,-6;82,-20,-5;88,-23,-7;118,-41,-30;124,-4,14;127,-15,7;128,5,-6;133,0,6;134,-9,-9;139,-4,17;140,-7,-5;146,-1,-13;147,-1,8;154,-17,-4;163,0,5;172,-17,-10;178,-11,-3;184,-6,1;190,-7,-11;198,-12,4;202,114,25;208,-121,-32;211,26,27;222,-78,-6;225,80,-11;230,-89,1;232,-25,-5;237,99,17;241,-8,21;249,-11,-41;255,-14,4;259,-13,-4;279,-21,-3;287,-8,-8;295,-7,6;311,-13,-6;317,-6,-3
rua||quinhentos|nossa senhora de lourdes|38950000|46,-1950126,-4654736;50,0,-2;53,-29,3;56,19,-2;62,-18,-2;65,-6,1;68,-3,-5;73,-5,5;74,-1,-9;81,-5,3;87,-23,-4;111,-28,-9;116,-9,-5;121,3,12;122,-5,-14;127,-2,25;136,-28,-19;139,10,-10;146,-17,-4;153,-12,10;159,-18,-2;160,20,-17;165,-20,17;166,-6,-11;170,-7,-6;178,-16,-25;183,-1,22;189,-16,28;197,-16,-31;205,2,8;235,-20,-5;253,-9,-3;269,-20,-9;275,-6,-1;295,-14,49;304,34,-49;319,-65,-6;338,-25,-18;353,-7,8;386,-24,-16;400,-14,3;416,-25,-9;475,-54,-7
rua||quinze|centro|38950000|7,-1947963,-4654090;12,1,-3;18,2,1;22,9,-6;26,0,-4;42,3,-5;43,-4,-5;45,9,-16;57,-3,-4;60,6,11;65,1,-12;70,6,-1;71,-2,2;79,7,-15;80,-1,4;85,3,-16;88,9,-1;117,4,-20;123,3,-3;135,0,-7;151,2,-11;167,6,-26;187,18,-9;199,-4,-1;209,6,-12;223,5,-11;237,19,-23;247,3,-3;255,12,-27;275,6,-7
rua||ramiro cassimiro de freitas r 48|sao benedito|38950000|258,-1948875,-4654432;267,-7,1;270,-92,-31;272,82,20;280,-4,-5;281,3,8;293,-15,-2;298,3,-11;307,-6,-1;308,-3,-6;317,-10,0;321,-4,-3;327,-11,1;337,-4,-7;349,-7,1;381,-34,-19;386,6,-12;393,-17,8;396,5,-11;405,-18,4;408,-2,-13;417,-2,13;428,-7,-17;429,-3,8;436,-3,-9;457,-11,-5;493,-32,-14;503,-12,-11;524,5,3;527,-25,-14;531,-31,-20;543,-11,2;547,28,11
rua||rita alexandre|argenita|38955000|63,-1967512,-4668169;70,-4,-123;83,11,110;94,211,128;106,-210,-158;118,-3,-18;130,1,-12;142,-2,-10;154,0,-9;170,-4,-16;241,4,74;255,-7,-18
rua||ronaldo martins vidal r27|bairro jardim|38950000|111,-1948316,-4654849;145,-35,42;149,28,-15;161,61,-118;183,-13,26;188,0,-3;199,-4,4;202,-15,1;218,-2,15;223,12,0;235,-1,13;255,-21,15;257,-6,18;262,-2,-21;274,-5,14;314,-19,31;321,2,11;324,-9,-3;338,-31,58;340,38,-40;384,-32,34;393,7,11;403,-12,7;406,-9,-8;412,20,-32;419,-27,50;422,4,-13;424,-9,23;435,-4,11;436,0,10;451,-7,-4;463,-11,19;512,72,-88
rua||rui barbosa r63|sao benedito|38950000|33,-1949869,-4654698;60,-5,-3;62,-5,11;64,-2,10;84,-10,21;143,22,-61;150,-3,9;154,-2,1;173,-4,20;185,1,7;193,-2,15;201,-5,26;211,1,-18;213,-5,24;214,-2,-12;224,-4,11;225,4,8;230,-6,3;248,-1,15;249,1,-2;254,-4,13;263,0,0;266,-9,8;268,-5,31;275,10,-20;280,-3,-1;315,-11,57;316,-6,2;326,-4,11;329,9,-1;339,-7,11;340,-5,-1;353,6,15
rua||santina lopes teixeira|centro|38950000|1,-1947492,-4653887;2,-75,-68;25,-3,5;26,13,-6;36,-8,10;39,5,-7;49,16,8;56,-1,11;63,11,-3;68,-16,17;75,19,-7;82,1,4;86,6,11;87,5,1;101,8,-2;106,0,15;113,6,-6;130,17,17;144,7,5;155,3,-4;160,3,8;173,13,0;178,3,13;183,13,-1;202,2,16
rua||seiscentos e vinte e dois|tobati|38950000|619,-1959588,-4633079
rua||sem denominacao 1|sao joao|38950000|3,-1947958,-4652562
rua||sem denominacao 2|ibia|38950000|253,-1949356,-4654020
rua||sem denominacao 2|sao dimas|38950000|12,-1947635,-4653250;20,-3,-6;36,-16,7;60,-31,29;78,1,-4;90,-18,11;144,-54,42
rua||sem denominacao 3|sao joao|38950000|17,-1948236,-4652366;58,-14,-36;60,-8,-10
rua||sem denominacao|ibia|38950000|326,-1949526,-4653879;329,-26,-33
rua||sem denominacao|ibia|38953000|123,-1951009,-4642750;618,-5013,4317
rua||sessenta e cinco|ibia|38950000|315,-1949474,-4654305
rua||sessenta e cinco|sao benedito|38950000|63,-1949539,-4654540;73,2,6;85,1,14;88,-4,5;97,9,8;105,7,16;109,1,5;121,0,16;126,-3,-5;133,5,15;138,10,-3;145,-3,19;158,-2,-8;170,6,15;173,-6,4;178,13,5;181,-5,8;190,5,0;226,-1,29;231,13,2;236,-10,9;245,10,5;256,-2,13;259,7,0;282,-8,9;527,-18,-46
rua||sessenta e dois|sao benedito|38950000|20,-1949730,-4654868;25,8,3;35,-3,7;44,-14,30;49,4,-10;163,-21,148;171,-3,14;185,-1,11;211,-3,16;235,-7,26;253,0,16;259,-3,14;283,-3,8;321,-4,55;333,-8,9;351,-2,11;359,-2,10;371,-3,16;385,1,2;391,-2,7;401,0,7
rua||sessenta e nove|sao benedito|38950000|25,-1949602,-4654485;39,-5,6;51,-7,7;74,-12,4;87,5,25;98,0,-10;99,14,20;110,-10,-3;113,11,16;117,-2,3;127,-5,-5;129,5,15;136,-4,-1;139,6,7;142,-4,2;148,7,5;149,1,8;156,-2,0;157,3,0;170,2,13
rua||sessenta e oito|bairro santa cruz|38950000|7,-1949051,-4655068;20,3,38;28,-9,-18;34,13,-7;37,-3,-10;40,11,3;47,7,-9;84,132,-13;97,-95,13;106,11,3;111,-1,-5;112,3,-4;119,11,-5;122,7,9;130,2,-1;141,11,-44;147,15,-10;165,15,30;177,7,4;192,13,11;246,-92,12
rua||sessenta e quatro|centro|38950000|35,-1948669,-4654375;45,0,0;51,-7,-5;60,-2,-5;61,-14,2
rua||sessenta e seis|sao benedito|38950000|37,-1950001,-4654669;42,4,12;45,-3,-13;50,3,10;54,20,5;63,-7,-9;65,6,3;68,14,9;71,-9,-8
rua||sessenta e sete|sao benedito|38950000|9,-1949587,-4654494;27,16,20;30,-10,-2;41,12,11;47,4,9;50,-10,-2;56,1,9;59,10,4;68,-5,4;69,8,9;75,1,3;78,-6,-3;85,14,17;88,-12,-9;97,12,17;98,-6,1;107,7,7;122,-7,0
rua||sessenta e um|sao benedito|38950000|26,-1949650,-4654863;30,1,10;33,7,-1;36,-7,-7;45,4,20;61,1,9;62,-10,4;70,2,7;135,6,64;143,-4,16;155,-2,5;163,2,8;171,5,5;193,-11,22;214,-4,13;218,5,27;228,-3,-12;230,-2,5;233,10,15;247,-4,7;248,-6,-12;255,6,28;256,-9,-14;266,0,12;271,8,9;280,-8,5;281,3,13;287,3,12;290,-5,-16;300,-2,7;301,6,18
rua||sessenta|deolinda mendes|38950000|626,-1949337,-4654714;632,-6,-1;640,2,-35;646,-15,16;654,-9,9;682,-22,-10;698,8,13;700,-21,-8;710,-14,3;718,-3,-18
rua||sessenta|santa cruz|38950000|206,-1948964,-4654575;208,-162,-61;222,144,50;272,-44,-12;276,-3,-3;286,-11,-10;294,-5,1;302,-12,-6;328,-19,-7;344,-12,-4;364,-17,-6;420,-49,-16;432,-9,-7;440,-7,-5;448,-5,-4;452,0,0;469,-11,-1;470,-1,-2;480,-12,-7;565,313,131
rua||sessenta|sao benedito|38950000|61,-1948827,-4654510;65,-22,-12;75,-18,5;81,7,-7;85,-9,-8;93,-8,-5;115,-17,2;121,-7,-11;149,-24,-5;161,-11,-8;169,-33,-8;175,24,-1;185,-12,-5;187,1,7;221,-38,-20;229,-5,6;235,-7,-10;239,-3,-1;240,198,88;393,-315,-132;397,-9,0;401,-3,-4;417,-13,-4;423,-4,-2;429,-7,-1;443,-12,-9;451,-3,1;461,-11,-5;471,-3,2;502,-46,-29;514,-8,-6;520,-5,3;526,-7,-5;574,-12,-1;586,-5,-3;602,-11,-1;635,-50,-13;655,-19,-1;663,-13,-4;687,-23,-1;701,-6,3;711,-16,-8;723,-7,-3;737,-9,-4;753,-22,0;772,-15,-19;781,-4,10;788,-4,-13;794,-185,-46;798,179,47;799,-9,6;800,-178,-50;806,179,44;808,-190,-52;812,187,47;820,-194,-50;827,168,55;828,-189,-54;832,185,46;833,-111,-29;835,111,35;841,-8,-2;845,-177,-50;848,183,36;850,-9,4;856,-5,3;857,-179,-44;860,0,-5;861,180,53;862,-189,-54;869,1,4;876,163,37;879,2,-9;881,-178,-31;892,162,37;893,-171,-33;900,134,29;905,-37,-8;907,58,12;915,-3,-4;916,-180,-47;918,177,45;925,-9,-6;927,-178,-36;928,175,34;937,-12,7;938,-173,-50;941,-2,8;950,-3,-10;955,-9,7;957,173,42;958,-174,-52;964,2,2;972,173,47;976,-187,-47;1010,-31,-7;1020,-11,-13;1050,-27,-1;1077,-30,2;1088,8,-7;1089,-18,5;1101,-8,-4;1113,-9,-1;1125,-9,7;1137,-12,-15;1189,-9,1
rua||setenta e cinco|sao benedito|38950000|13,-1949794,-4654737;25,4,-10;37,0,-7;49,8,-9;61,2,-16;69,-5,4;73,10,-11
rua||setenta e dois|centro|38950000|23,-1948093,-4654510;26,2,1;35,12,1;36,-2,6;44,12,3;54,3,5;307,-49,-35
rua||setenta e nove|sao benedito|38950000|10,-1949886,-4654756;21,8,-9;22,-10,6;33,15,-16;34,1,1;45,7,-11;46,-7,2;57,-1,-10;58,1,-11;69,1,-9;79,-9,62;81,15,-69;93,0,-12
rua||setenta e oito|sao benedito|38950000|15,-1949835,-4654801;57,6,-1
rua||setenta e quatro|centro|38950000|15,-1948072,-4654363;25,-11,-3;32,1,-6;35,-9,-1;46,0,-4;55,-7,-3;62,-10,-5;67,-10,-6;72,6,0;75,-6,0;84,-7,-5;87,0,0;97,-7,-5;102,-7,-7;107,0,0;114,-12,-8;115,2,3
rua||setenta e seis|sao benedito|38950000|7,-1949709,-4654753;10,11,-2;19,-23,3;22,6,-7;31,-21,-1;34,13,0;43,-19,0;46,5,-7;55,-10,6;58,0,-7;67,-12,6;70,3,-9;79,-23,11;82,8,-16
rua||setenta e sete|sao benedito|38950000|9,-1949839,-4654741;21,7,-10;33,-2,-14;45,2,-13
rua||setenta e um|sao benedito|38950000|3,-1949888,-4654473;16,-17,24;21,9,2;22,-12,9;28,3,-2;29,5,-2;36,-9,0;39,6,8
rua||setenta|sao benedito|38950000|35,-1949561,-4654506;40,-18,14;51,31,-3;58,-10,0;68,7,7;76,8,7;80,7,-3;433,-34,-26
rua||sete|centro|38950000|17,-1948196,-4654002;27,6,-16;40,-4,-5;41,2,-7;54,2,-9;57,-4,-6;63,5,-9;75,-13,-114;91,7,85;103,8,7;109,-10,-32;110,7,18;135,-5,-22;161,-12,-38;173,10,0
rua||travessa|nossa sra de fatima|38950000|15,-1948802,-4653443;21,-1,1;27,21,-8
rua||travessa|risoleta neves|38950000|53,-1948756,-4653455;59,11,-4;65,7,1;91,28,-16;97,15,-1;103,7,-7
rua||trezentos e cinco|distrito industrial|38950000|177,-1950721,-4655896;221,18,-68;257,38,-73;323,-9,-72
rua||trezentos e quatro|distrito industrial|38950000|360,-1950637,-4656097;398,91,50;725,300,288
rua||trezentos e seis|distrito industrial|38950000|78,-1950521,-4656140;124,29,4;248,1,2
rua||trinta e cinco|bairro santa cruz|38950000|4,-1948923,-4654746;14,-15,16;26,-2,10;38,-7,6;54,-10,16;62,5,-7;68,-12,24;77,7,4;80,-27,-9
rua||trinta e cinco|santa cruz|38950000|158,-1949005,-4654625;166,-8,15;172,0,5;691,10,-16
rua||trinta e cinco|sao benedito|38950000|205,-1949026,-4654575;206,-4,-7;213,3,17;218,-5,-6;228,-7,10;229,8,5;232,-12,0;238,-8,13;243,11,-3;251,0,8;274,-20,20;288,-11,5;291,3,12;298,-10,6;311,1,13;345,-25,22
rua||trinta e dois|bairro jardim|38950000|69,-1948236,-4654534;496,53,37;518,-17,-13;532,-9,-8;536,-6,-2;598,-58,-36;603,-7,0;608,5,-3;611,-15,12;618,13,-16;631,-12,9
rua||trinta e dois|bairro santa cruz|38950000|447,-1948160,-4654468;465,-15,-11;473,-4,-5;487,-13,-5;497,-3,-11;511,-11,-6;523,-17,-1;527,0,-8
rua||trinta e dois|centro|38950000|8,-1947834,-4654247;11,0,10;12,2,-17;19,-14,10;27,1,-7;78,-43,-27;83,-6,-2;84,12,26;93,-24,-33;94,11,-7;101,-11,4;107,-5,-8;108,15,0;116,16,81;125,-43,-85;128,10,-7;138,38,94;139,-57,-97;155,7,1;160,-17,-20;208,-38,-24;213,-6,19;215,-8,-14;218,-30,-38;223,152,128;233,-122,-94;234,-3,-16;249,-16,2;252,2,-10;303,-37,-16;314,-4,-16;315,-6,3;329,-13,-1;334,4,-13;341,-17,1;350,5,-10;353,-13,17;361,0,-15;368,-3,-9;371,-7,8;383,-4,-9;393,-12,-6;403,-6,-5;411,-7,-5;646,23,4
rua||trinta e nove|bairro santa cruz|38950000|13,-1948999,-4654860;21,-32,21;22,30,-20;27,-10,-7;30,25,-1;32,3,17;37,0,-20;46,13,3;61,3,-10;98,34,1;105,6,-11;108,-4,8;117,7,-6;118,7,1;132,16,-6
rua||trinta e oito|bairro santa cruz|38950000|2,-1948911,-4654744;12,0,-2;26,-4,-13;34,-5,-15;41,-14,-27;44,10,21;54,-14,-50;59,2,30;62,15,-5;73,-20,-7;76,12,2;85,-13,-5;86,5,-7;90,-3,-15;93,-13,-5;95,9,14;108,3,-18;117,-14,-13;118,10,8;125,-14,-10;163,-15,-39;171,7,-5;177,-4,-14;187,1,5;190,16,6;207,-22,-27;210,5,-2
rua||trinta e quatro|centro|38950000|347,-1947876,-4654349;357,-9,-9;369,-15,-5;383,5,-5;443,-57,-19;455,-18,6;471,-6,-19
rua||trinta e seis|bairro santa cruz|38950000|12,-1948778,-4654544;22,-8,-16;36,-5,-14;54,5,-8;74,-17,-28;84,5,-7;94,-3,-6;95,-8,5;103,-2,-13;109,-5,-13;116,12,4;117,-11,-6;124,9,6;127,-17,-24;131,-132,-420;143,127,413;164,6,-23;167,-32,-89;174,26,84;177,-37,-82;188,36,69;198,2,-11;212,-3,-11;219,-10,4;221,-6,-11;224,8,-11;237,-12,4;251,-6,-24;259,4,6;281,-15,-32;287,-2,-5;305,-2,-17;317,-23,-90;324,29,71;327,-13,1;339,-4,-6;344,12,-5;347,-16,-8;361,-1,-10;362,15,5;364,0,6;366,-2,-17;367,-17,5;378,8,-16;394,14,-14;405,-34,-3;410,26,-9;412,-41,-99;419,20,93;424,10,-7;438,-4,-8;444,-5,-7;449,-29,-1;450,27,-15;459,-16,5;460,15,-10;468,-5,-7;502,-14,-31;512,1,-8;517,-10,-1;532,16,-20;539,-36,-5;541,-1,-4;546,27,-9;562,-14,-4;563,-10,-12;576,5,-17;625,-19,-33;635,-6,-4;637,-1,-11;640,2,-35;641,-3,24;643,-14,-8;664,15,-6;680,-1,-32;684,-16,11
rua||trinta e sete|bairro santa cruz|38950000|15,-1949009,-4654789;16,-6,-7;25,1,17;31,-4,7;32,-7,-8;42,-2,-2;45,3,16;55,-11,6;58,1,-4;69,-6,20;74,-5,-2;77,-10,31;81,12,-10
rua||trinta e sete|santa cruz|38950000|162,-1949093,-4654672;171,7,-4;173,-16,19;185,-1,4;188,-7,-1;197,0,9;200,-10,7
rua||trinta e sete|sao benedito|38950000|220,-1949132,-4654622;240,0,4;256,-6,15;278,-14,9;284,-15,-7;288,11,25;297,2,6;304,-15,1;317,4,19;322,-9,-7;377,-24,44;401,-23,29;433,-7,16
rua||trinta e tres|bairro santa cruz|38950000|2,-1948840,-4654748;4,2,-6;16,-1,-24;24,4,-8;35,-7,-6;38,11,-2;45,-9,0;58,10,-28;66,7,3;75,-1,-13;87,-1,-11;101,3,-17;117,-1,-68;121,1,52;135,8,-15;147,0,0;153,-6,-17;159,1,-7;181,-14,-15;184,10,-8;197,-16,2;207,7,-14;212,12,1;215,-17,-15;219,4,-2;272,-27,-52;277,-8,7;278,18,7;279,-12,-8;282,10,-19;285,-13,8;304,-4,-25;309,-4,10;311,1,-7;315,-1,-11;322,-1,-10;323,-10,7;333,6,-14;336,3,-6;339,-8,7;346,2,-15;352,3,-12;359,-14,10;361,4,-30;365,-6,-6;368,5,22;374,3,-8;375,-28,-29;386,19,22;388,10,-11;389,-9,-19;401,-3,-13
rua||trinta e um|bairro santa cruz|38950000|28,-1948858,-4654647;39,6,6;57,-6,9;71,-8,16;79,-4,9;81,-6,0;86,-2,-7
rua||trinta e um|santa cruz|38950000|146,-1948909,-4654564
rua||trinta e um|sao benedito|38950000|173,-1948918,-4654536;180,-16,3;189,11,10;198,-14,-3;199,1,11;204,-13,3;220,-3,7;226,-2,11;229,12,6;235,-9,-3;237,10,-9;256,-31,27;270,-1,8;285,1,12;287,-2,10;291,-3,1;292,-10,-9;295,16,14;305,-6,19;325,-14,0
rua||trinta|centro|38950000|17,-1947906,-4654227;26,-4,-8;30,-1,-4;33,-7,-7;44,-6,-3;45,0,5;55,-14,-13;58,6,4;67,-15,-6;74,5,-1;80,-8,-13;85,-5,6;90,13,-1;106,-29,-19
rua||valdevino delfino r 206|bairro dona maroca|38950000|28,-1948757,-4655138;29,4,-12;37,2,2;38,9,-1;44,6,6;45,-7,-8;55,7,-1;56,8,7;61,-1,-1;64,5,0;65,4,-11;77,11,3;82,-6,5;85,9,-8;92,4,14;99,14,-11;100,-11,6;109,24,-3;110,-9,1;119,8,-5;129,6,-3;138,34,4;148,13,2;156,4,-3;157,-14,-3;163,5,-2;166,15,4;171,-11,-9;176,24,9;179,-18,-6;183,26,-4;204,-2,10;213,12,-8;224,9,7;231,-2,-9;236,8,9;241,8,-10;246,-1,9;247,14,-19;256,-6,10;261,20,-19
rua||vinte e cinco|bairro jardim|38950000|145,-1948126,-4654988
rua||vinte e cinco|bairro santa cruz|38950000|139,-1948439,-4654443;142,11,-14;147,-4,6;152,1,1;159,3,-10;167,0,-4;168,4,14;182,16,-18;187,-7,-17;196,6,1;199,1,-2;208,9,-5
rua||vinte e cinco|centro|38950000|15,-1948558,-4654175;25,-2,1;41,17,-22;42,-38,35;54,-1,5;60,-3,5;61,7,8;74,-12,5;75,7,7;83,-9,13;86,-6,-12;95,3,22;106,-12,1;111,0,13;121,-4,4;122,-12,-9;447,72,-90
rua||vinte e cinco|dona maroca|38950000|28,-1948153,-4655067
rua||vinte e cinco|santa cruz|38950000|17,-1948498,-4654338;18,2,2;23,4,-14;26,2,3;33,4,-10;36,1,4;45,1,-13;59,3,-10;65,4,-3;66,4,-3;76,6,-3;77,-1,-1
rua||vinte e dois|centro|38950000|8,-1948265,-4654185;22,-10,-5;34,-6,-3;46,-13,-11;48,-3,-2;93,-8,6;97,-11,-6;103,-8,-11;109,-7,2;111,-1,1;125,0,-12;143,-21,-3;175,-43,9;199,4,-3;211,-16,3;227,-26,2;237,18,0
rua||vinte e nove|bairro santa cruz|38950000|6,-1948592,-4654616;18,2,4;32,-4,10;393,20,-12;409,-9,14;421,-8,10;433,-2,8
rua||vinte e nove|centro|38950000|253,-1948739,-4654367;263,8,-16;267,-11,5;283,24,-18;375,-51,72;387,-11,9;397,5,-4;423,-25,40;439,-6,12;451,-4,5;461,-7,11
rua||vinte e nove|dona maroca|38950000|115,-1948405,-4654975;125,0,8;215,-3,-68
rua||vinte e nove|santa cruz|38950000|133,-1948643,-4654506;154,-14,0;160,-7,9;165,20,-4;172,-30,21;173,20,-8;188,-20,8;194,-5,9;197,9,2;432,25,-54;442,0,3;1117,-28,42
rua||vinte e sete|bairro santa cruz|38950000|45,-1948509,-4654560;54,5,-10;74,-11,20;75,8,5;86,-8,0;87,5,2;91,-1,9;96,-8,-1;103,-1,14;106,-9,-9;125,-5,16
rua||vinte e sete|centro|38950000|146,-1948699,-4654224;306,67,-124;342,-15,20;350,-6,3;358,-9,18;420,-28,38;434,-9,16;446,0,3;449,5,4;457,0,19;458,-12,-13;466,-14,12;497,1,30;506,-16,-5;519,2,14;528,-9,-5;531,7,13
rua||vinte e sete|dona maroca|38950000|11,-1948283,-4655100;19,-2,19;27,7,30
rua||vinte e sete|santa cruz|38950000|176,-1948562,-4654472;186,0,0;187,1,10;197,-5,7;198,-11,7;207,-1,21;210,-2,-11;216,0,0;227,11,-7;239,-14,32;249,-5,1
rua||vinte e tres|centro|38950000|7,-1947746,-4654330;21,12,-10;39,12,-12;45,1,0;59,8,-5;65,9,-5;71,8,-6;87,1,-5;94,-1,15;105,22,-24;108,6,6;142,33,31
rua||vinte|bairro santa cruz|38950000|22,-1948934,-4654775;630,667,476;632,-7,2;634,-4,-2;650,-9,-6;770,-78,-58;774,-22,-13;788,5,-2;792,-13,-5;810,-7,-3;824,-9,-6;836,-11,-8;844,-16,-16;856,11,-5;882,-29,-6;902,-22,-12;914,-2,-7;926,14,-33;932,-36,28;946,-2,-19;968,-22,0;988,-13,-9;1024,-15,-16;1036,-10,-9;1048,-7,-8;1060,56,45;1062,-62,-47;1088,-25,-10;1102,-14,-16;1108,-3,8;1114,-18,-22;1188,-54,-36;1251,-85,-46;1259,12,-2;1261,-5,-3;1302,0,-1;1312,-13,-7;1328,-17,-17;1332,-230,-154;1342,226,152;1404,-46,-32;1411,-19,-8;1422,8,-3;1434,-4,-3;1446,-13,-11;1460,-7,0;1463,-13,-2;1519,-39,-25;1531,-10,-10;1547,-13,-9;1550,1,-14;1560,-5,-1;1565,-12,14;1574,6,-19;1577,-7,4;1578,-2,-13;1579,14,8;1596,-26,-19;1604,1,5;1608,-8,-7;1611,-25,-4;1623,-4,-7;1628,15,7;1649,-29,-7;1658,-10,-22;1664,0,-3;1673,19,19;1688,-27,-25;1689,-11,8;1698,10,-8;1701,-7,8;1705,-7,-6;1708,3,-8;1713,-9,2;1718,2,-9
rua||vinte|centro|38950000|8,-1947802,-4653961;10,0,-4;13,-18,-9;20,15,18;26,-6,-20;31,-2,14;32,-2,-16;33,-9,4;40,0,-8;45,-6,1;49,-1,-4;50,-2,-5;53,0,1;56,-1,1;57,-6,0;59,-6,-3;67,-6,1;78,9,-19;80,-11,5;83,-7,10;88,2,-8;98,-15,-10;106,-12,0;107,6,-3;112,-7,-1;127,-11,-1;138,14,-6;152,-28,-11;155,-4,-3;161,-5,-5;165,-7,-12;166,10,12;169,-10,-1;170,80,51;177,-80,-63;180,153,107;186,-160,-104;191,-8,-6;192,55,34;194,-54,-38;195,-14,4;199,12,-1;204,-9,-5;206,170,94;211,-169,-98;215,-5,-5;220,-7,3;223,-6,-1;238,-10,-15;242,-7,2;257,-12,-9;258,5,-4;259,-7,-5;264,1,5;269,-3,-26;275,-11,12;280,7,1;281,-17,2;290,11,-9;293,-21,5;300,17,-6;317,-17,-11;321,-11,-2;322,4,-4;326,-2,-1;331,-6,-4;336,-3,2;346,-3,-5;352,-2,-4;363,-36,-19;365,-1,4;376,17,-1;383,-26,-8;390,15,5;393,-22,-9;394,18,16;396,-8,-16;402,-12,-6;408,0,5;410,2,-7;415,-13,-9;420,8,10;421,4,7;427,-6,0;436,-8,-15;437,-5,3;448,0,-11;454,-7,-1;472,-13,0;475,1,-19;476,-8,16;480,-4,-6;487,0,-14;488,-4,7;493,-2,-12;502,-6,10;505,-3,-1;510,-1,-5;517,-5,-5;526,-12,-5;531,-7,5;546,1,-10;547,-7,-3;555,-9,-5;558,10,5;566,-9,-5;569,-13,-8;570,3,-3;578,-8,-1;579,0,-7;580,-1,-2;590,-6,-1;591,0,6;600,-4,-4;610,-12,-13;707,-84,-56
rua||vinte|deolinda mendes|38950000|1750,-1949104,-4654884;1756,-5,-6;1765,-6,3;1774,-1,-9;1777,-8,4;1783,-10,-7;1788,6,-7;1795,-8,4;1798,-3,-13;1809,-10,9;1812,4,-11;1815,-15,5;1827,-10,-1;1828,13,-16;1839,-17,10;1840,11,-13;1848,-6,-1;1857,-22,-2;1860,8,5;1963,-82,-67;1970,5,-4;1975,-13,-2;1982,1,-6;1996,-11,-5;1999,2,9;2005,-9,-6;2006,-4,-11;2019,-4,6;2024,-6,-17;2029,-4,7;2032,0,-8;2041,-9,5;2044,-2,-13;2051,-4,10;2054,-5,-15;2057,-10,3;2066,0,-3;2080,-16,-11;2087,0,3;2096,2,-9;2110,-12,-10;2126,-9,-10;20005,82,70
rua||vinte|santa cruz|38950000|777,-1948376,-4654360;787,-11,-7;799,-4,-11;803,-6,5;823,-19,-13;835,-8,-3;845,-6,-7;857,-16,-11;891,-18,-16;893,-4,-5;907,-11,-4;923,-3,-2;937,-14,-14;953,-15,-7;961,-9,-6;967,-8,-3;1027,-35,-27;1039,-18,-15;1137,-59,-46;1155,-16,-2;1163,0,0;1185,-26,-24;1209,-18,-12
rua||w1|bairro jardim|38950000|12,-1948596,-4654736;21,-8,3;168,-59,-33;174,-17,-20
rua||w2|bairro jardim|38950000|55,-1948685,-4654852;58,-13,0;71,31,4;72,-26,0;80,15,3;81,25,9;91,7,4;96,-19,-10;100,10,9;111,14,15;122,-7,-9;173,94,51;186,-2,-5;233,25,18;319,59,37;337,8,12;347,10,7;379,27,8
rua||w3|bairro jardim|38950000|14,-1948646,-4654883;19,-22,-152;29,2,-2;30,27,150;44,5,11;54,14,-2;57,-2,-5;71,2,-2;115,-40,-78;118,-4,2;138,123,133;140,-128,-222;147,137,225;152,-1,5;157,7,-14;165,2,16;166,6,0;177,13,6;180,-12,2;252,63,38;253,8,0;257,-3,6;268,17,3;285,2,4;355,63,21
rua||w5|bairro jardim|38950000|28,-1948458,-4654909;38,13,6;45,27,27;107,33,-6;110,-5,14;113,10,-7;120,2,17;127,9,-4;137,15,7;140,0,7;152,-8,0;187,39,24;195,5,-1;200,3,8;205,7,-1;217,8,7;230,8,2;233,3,-4;240,11,18;247,6,-14;270,10,16;293,24,6
rua||w6|bairro jardim|38950000|34,-1948359,-4654900;46,11,2;59,4,-3;60,0,6;74,20,-2;77,-8,-3;95,18,0;144,42,48;157,2,-14;186,27,25;202,15,8;213,11,-4;259,-14,-1
rua||w7|bairro jardim|38950000|21,-1948250,-4654921;31,7,13;41,10,7;44,-6,-2
rua||zico pia r34|centro|38950000|62,-1947612,-4654272;220,-149,-52;230,-9,-5;234,-9,-3;253,95,279;256,-110,-281;261,-15,14;270,1,-17;286,-13,-4;296,-10,-6;306,-3,-1;316,-7,-2;326,-7,-5;338,-16,-4;348,-10,-4;360,-10,-4;370,-14,-1;378,-14,-10;425,-17,-9;442,-21,-12;452,-6,-1;462,-8,-2;470,-4,-2;500,-36,-19;546,-36,-14;554,-5,-2;557,5,8;562,-16,-12;565,6,6;572,-13,-8;580,-2,-4;594,-14,-5;608,-8,-3;624,-23,-13;638,-2,3;648,-10,-4
saida||262|tobati|38950000|617,-1958781,-4630950
sitio|nossa senhora|da abadia|corrego da mandioca|38950000|137,-1945758,-4649357
sitio||das pedras|morro alto|38950000|41,-1965799,-4649944
