avenida|ministro|gabriel passos|alto do rosario|35550000|191,-2047335,-4511694;211,3,4;217,-4,7;223,1,4;229,2,7;235,-1,6;249,-6,13;259,4,10;271,1,3;281,-8,34;307,-13,14;321,-7,9;333,1,10;343,-2,8;357,-2,7;375,-8,26;385,-3,6;387,-1,-1;393,0,7;401,-3,2;411,-5,15;417,-1,7;429,-6,5;503,-8,25
avenida|ministro|gabriel passos|bom jesus|35550000|520,-2047422,-4511408;662,-27,151;668,2,8;674,-3,10;686,17,3;696,-4,8;710,13,16;762,151,315;770,34,19;774,-16,-107;775,-136,-198;776,151,307;784,-4,-109;794,-4,21;796,43,112;802,-35,2;806,30,-4;811,-153,-304;812,15,43;823,-9,-37;834,127,321;837,-123,-299;840,122,306;842,-17,-96;847,-102,-216;859,1,14;873,15,14;883,1,6;886,99,327;901,-77,-312;902,68,125;908,17,193;910,-37,-240;916,-8,1;918,44,245;922,-37,-234;926,34,251;936,8,11;944,-1,13;958,-4,1;971,-59,-329;985,10,16;995,2,2;1000,47,323;1003,-49,-311;1009,9,12;1010,44,304;1016,1,11;1022,3,31;1023,-35,-326;1030,32,332;1031,-24,-320;1043,-1,2;1066,26,339;1067,-30,-325;1076,30,338;1077,-14,-323;1086,9,338;1094,-1,13;1102,9,2;1106,-17,-350;1107,12,37;1119,0,31;1125,-4,-11;1142,6,348;1148,8,-35;1150,4,25;1152,-5,8;1257,-36,-432
avenida|ministro|gabriel passos|centro|35550000|17,-2047348,-4511869;43,2,27;57,8,4;77,-2,13;107,-5,34;115,3,14;121,0,15;125,-4,-2;139,4,7;153,1,13;161,0,8;321,3,-208;335,3,17;345,-4,3;353,-9,10;361,18,14;371,3,6
avenida|ministro|gabriel passos|rosario|35550000|4,-2047338,-4511863;30,-13,-4;46,2,13;52,0,12;74,-3,21;84,8,12;94,-4,15;104,-4,-95;106,-1,103;118,-2,16;134,-1,18;150,-2,12;164,3,3;172,5,20;182,-2,10;192,-1,1;202,-1,11;203,-8,-182;212,6,180;217,26,19;218,-21,2;230,-9,23;248,-3,6;262,7,10;276,-2,14;301,27,-273;303,-26,11;304,-9,5;306,6,292;324,-2,7;326,8,-16;348,-21,50;426,-31,75;440,-2,0
avenida|nossa senhora|aparecida|boa viagem|35550000|48,-2048545,-4512002;55,19,2;80,-62,21;89,47,-14;99,-6,4;109,-12,10;119,-19,-3;345,258,-209;365,101,19;373,-100,-7;385,105,1;389,-85,-9;395,101,17;400,-120,-28;403,-3,17;410,32,-5;440,31,2;458,-96,-18;567,-12,18;747,-23,42;757,-15,12;787,-14,14;806,-22,20;807,21,2;819,-32,20;846,-18,12;866,-20,9;880,-54,10;890,29,-2;900,-20,12;7350,144,-117
avenida|presidente|tancredo de almeida neves|bom jesus|35550000|1247,-2047220,-4510741;1253,7,0;1392,5,466;1404,-2,13;1416,0,18;1440,0,-182;1442,-1,197
avenida|presidente|tancredo neves|parque industrial|35550000|2070,-2047052,-4509390
avenida|vovo|madalena|lamounier|35551000|11,-2047436,-4503693;15,5,5;19,5,-9;20,21,7;25,-3,-9;30,9,11;45,-2,-55;50,21,29;55,-21,13;62,12,-31;70,5,-12;75,-13,13;80,9,-16;90,0,-14;95,-19,7;100,13,-17;105,-18,1;112,14,-9;115,-15,6;122,4,-20;125,-5,8;135,-4,-13;145,-1,-1
avenida||alfa|marilandia|35550000|19,-2036988,-4492176;100,-33,66;111,-125,276;124,117,-260;174,-18,36;183,-11,30;198,-5,-9;261,-14,72;285,-9,25
avenida||amazonas|lamounier|35551000|42,-2047331,-4503671;45,10,3;48,-7,0;51,1,-23;60,-1,36;63,4,-3;65,-17,-40;70,17,56;73,2,-5;83,0,3;95,-2,14;99,1,2;115,-3,8;147,8,59;159,5,1;162,-14,10;165,9,-11;171,0,17;172,-12,-4;173,24,6;182,-15,9;188,-1,12;197,8,-3;209,4,10
avenida||central|marilandia|35550000|13,-2036025,-4492311;19,14,-46;41,-6,43;45,3,21;50,5,42;175,133,183;240,-86,-74;545,33,-246
avenida||dos andradas|marilandia|35550000|2,-2036200,-4492718;20,150,229;25,-59,-112;27,6,10;31,-72,-113;43,4,14;52,232,435;60,-243,-497;65,232,456;91,-198,-364;96,202,388;101,-190,-381;103,55,91;113,13,20;119,0,7;132,110,230;155,-152,-311;176,90,156;210,29,46;237,-83,-135;333,232,431;341,0,0;350,-101,-171;365,-57,-147;367,19,29;393,15,25;463,11,39;496,-8,14;523,7,28;670,70,159;698,4,-13;705,43,45;710,50,68;738,-65,-75;749,-37,-44;797,31,30;841,67,76;842,-170,-245
avenida||idalino candido rabelo|bela vista|35550000|2,-2047091,-4511897;4,-3,-7;69,86,62;80,-46,-48;93,40,54;94,-6,-28;96,-18,-24;101,23,57;104,0,-22;109,-4,44;110,5,-74;114,-3,38;115,4,37;121,10,8;130,-16,-27;133,5,45;140,-6,-51;143,5,56;153,4,17;204,-12,2;275,-6,-140;285,22,-11;300,-12,244;312,31,24;325,32,23;335,16,8;341,2,3;350,-1,1;351,14,2;364,-52,-21;365,59,23;375,9,1;385,7,16;395,3,-5;400,-5,7;415,31,5;424,-79,-31;425,86,37;426,-86,-37;435,87,45;445,13,2;454,-69,-32;455,76,40;459,7,9;465,0,-5;478,-59,-34;485,76,38;489,10,6;490,19,24;502,-86,-52;514,18,0;537,75,47;538,-64,-32;549,73,38;556,-2,-4;562,8,4;572,-188,-114;590,158,109;601,70,28
avenida||idalino candido rabelo|jardim alvorada|35550000|688,-2046736,-4511480
avenida||ipiranga|lamounier|35550000|567,-2047436,-4503508;577,1,-26;581,-2,-6;595,-3,-4;603,-2,-17;647,22,226;657,2,18;685,2,19;695,3,15;705,5,20
avenida||ipiranga|lamounier|35551000|5,-2047413,-4504091;7,-11,802;20,-73,-704;25,57,-62;51,-9,14;204,-6,300;206,1,-5;208,-1,-6;213,-4,-107;218,3,96;220,1,34;229,-7,-140;230,3,92;231,-1,-56;257,8,133;367,-9,70;389,-12,-307;442,9,-27;444,14,439;454,2,7;462,-2,-23;507,21,80;515,-2,11;531,-3,9;539,8,9;556,-30,-236;557,27,258;575,-9,-4;586,-23,-265;598,7,2;610,-6,-42;646,14,383;666,10,27;683,1,-312;689,-3,19;719,-9,-52;727,13,355;749,5,20;896,-51,-526;906,13,-11;918,-7,-17;930,6,-16;960,-7,-47;980,-1,-25;990,0,-11;1000,-2,-6;1028,-7,-35
avenida||jose francisco de barros|lamounier|35550000|60,-2047551,-4503469;65,-36,3;87,-29,7;135,-8,0
avenida||jose francisco de barros|lamounier|35551000|19,-2047530,-4503461;123,-74,-1;163,12,4;305,50,-4;320,11,-5;405,-95,12
avenida||lava pes|marilandia|35550000|7,-2037334,-4491723;25,16,-181;274,121,-266;310,17,-44;405,-66,161
avenida||maria jose madeira|marilandia|35550000|7,-2036078,-4492649;11,12,8;28,45,70;66,21,39;99,-21,-48;103,-107,-171;111,114,184;115,-98,-152;127,16,21;141,30,46;163,-39,-44;169,129,177;181,0,6;193,7,13;210,-94,-142;217,100,156;223,-92,-148;250,41,74;277,83,127;290,-112,-171;337,9,14;341,61,94;347,31,25;351,-42,-23;359,-51,-89;361,87,116;369,1,13;385,6,15;393,53,101;409,-45,-89;485,38,87;505,-8,-11;525,19,63;527,-8,-28;537,24,86;545,-42,-144;557,-1,0;671,62,168;711,25,23;733,19,19;747,-53,-121;848,109,190;860,1,2
avenida||principal|marilandia|35550000|8,-2036989,-4492314;26,-50,39;38,33,-28;40,-41,30;50,-13,13;76,-23,-16;95,9,45;181,-52,64;205,-4,19;216,-8,-20;217,6,38;241,-10,12;265,-12,14;270,4,7;277,20,27;545,-121,192;900,-31,24
avenida||ribeiro pena|centro|35550000|3,-2047186,-4512406;4,90,70;6,-4,1;10,-1,-3;14,-6,-1;16,-5,3;18,-1,-14;19,5,-2;20,-8,9;23,8,-14;25,-3,-8;28,-9,20;31,3,-17;35,-4,0;38,-10,17;43,5,-23;71,-24,-10;74,4,4;77,-8,-5;78,0,5;81,1,-7;84,-5,3;87,-1,-4;88,11,-9;92,-17,12;93,5,-3;94,-2,-13;98,-6,1;100,6,7;102,-3,-5;104,-19,-11;106,4,7;111,9,0;121,-5,-9;129,-10,-2;137,-3,-5;147,-4,1;151,-15,-15;155,-4,-1;156,7,15;159,-13,-18;161,-2,1;163,-1,-3;166,2,2;167,-7,-13;170,0,14;174,-1,-4;175,3,-9;176,-4,10;186,-8,-10;196,-3,2;198,-126,-117;207,97,85;213,19,13;239,-19,-20;249,-9,-6;254,2,9;255,-6,-5;266,-14,-8;280,-5,-6;290,-11,-1;291,12,-11;300,-12,0;301,-5,2;311,-9,-11;316,-1,1;323,-10,-4;328,7,-1;339,-15,-8;340,3,-4;352,-5,-1;355,-4,-1;371,-12,-12
avenida||ribeiro pena|marilandia|35550000|3,-2036151,-4493068;10,-13,29;13,17,-27;17,11,-1;18,31,50;20,-20,-48;29,-2,5;30,-25,7;36,-34,1;37,57,-22;49,12,-13;54,-37,13;58,53,-11;64,-101,56;68,106,-70;74,-89,62;75,-10,20;87,-3,8;88,-27,-31;93,7,38;94,135,-106;96,-151,78;104,158,-88;117,-167,116;123,7,14;128,-20,-33;135,18,34;146,-30,-23;148,2,7;150,196,-127;151,-182,156;160,193,-165;163,-199,163;168,-24,-9;174,-10,3;175,33,24;194,-43,-13;212,-10,10;216,-12,3;221,32,28;230,-34,-21;231,26,11;240,-31,-3;241,11,16;244,-19,-13;249,22,29;253,-21,19;260,-12,-37;264,-5,12;268,-4,0;274,-2,-3;280,-3,7;283,7,38;293,3,6;298,-13,-33;306,-7,2;311,-12,38;312,9,-30;316,-7,7;326,-6,5;339,-4,29;340,-7,-19;365,-23,32;370,16,-32;374,-20,7;394,-19,6;408,-3,0;422,-19,13;434,-12,-5;452,-23,-20
avenida||severo augusto ribeiro|agua limpa|35550000|7,-2046512,-4515379
avenida||severo augusto ribeiro|alto alegre|35550000|1369,-2047215,-4513877;1395,-2,-23;1409,0,-11
avenida||severo augusto ribeiro|barreiro|35550000|6,-2047372,-4514309;159,-556,-978
avenida||severo augusto ribeiro|candonga|35550000|3,-2046213,-4516844;8,-1328,2252;17,-260,-408;19,-60,-275;300,325,690;310,-108,-142;320,-10,-13;330,-16,-15;350,-7,-15;360,-16,-15;370,8,-11;1376,-13,-3
avenida||severo augusto ribeiro|centro|35550000|8,-2047176,-4512680;16,2,-5;20,2,-4;25,-9,9;26,14,-9;36,9,-15;41,-20,4;42,23,-2;61,-8,-7;70,29,-2;81,-25,-9;91,16,-12;97,-4,-11;125,15,-30;129,-42,70;130,53,-67;142,0,-7;172,-1,-20;186,9,-22;206,11,-23;214,0,-6;224,-1,-14;234,6,1;244,-6,-15;266,9,-18;274,5,-15;288,3,-7;300,4,-18;310,-16,2;314,5,-9;324,19,-12
avenida||severo augusto ribeiro|nossa das gracas|35550000|665,-2047004,-4513278;673,-1,7;689,-3,-18;701,-5,-3;711,-2,-11;723,2,-13;731,-1,-8;743,-1,-19;753,-1,0;765,-2,-12;775,-2,-5;785,-11,-17;801,2,-14;817,1,-6;827,0,-21;837,-8,-13;855,-3,-21;865,-2,17;875,3,-21;885,-5,-15
avenida||severo augusto ribeiro|nossa senhora das gracas|35550000|349,-2047078,-4512970;355,3,-15;369,4,-10;381,2,-11;386,9,5;395,-3,-16;415,3,-12;430,10,-14;436,2,-2;455,0,-25;476,7,-17;485,-1,-19;486,5,11;489,-5,-18;496,12,11;497,-3,-33;507,2,4;508,3,26;516,0,-19;522,-8,0;534,11,-11;539,-3,-17;542,4,4;558,0,-10;559,-3,1;569,2,-22;579,11,-11;581,-3,-3;586,4,16;591,3,-28;596,-2,10;610,10,-11;622,0,-18;658,12,-26;664,-7,-2;674,0,-8;728,-8,-60;738,-8,-20;748,0,0;754,-2,-5;766,3,-11;776,-6,-14;794,-2,-10;802,3,-10;810,-7,-9;812,-3,-13;820,0,-4;842,-11,-28;856,7,-6;903,-12,-45;915,-1,-4;927,-2,-4;934,5,-12;937,5,-7;942,-5,-2;947,-8,-7;952,4,5;957,-9,-6;958,2,-11;964,-2,-5;980,2,-8;987,-5,4;997,-8,-9;1002,-17,-39;1004,14,19;1007,-11,2;1020,2,-29;1025,-4,24;1026,-8,-24;1035,-3,0;1037,14,36;1038,-11,-51;1050,-4,-5;1057,-10,18;1064,3,-24;1074,-3,-10;1077,-1,16;1085,-14,-15;1087,11,12;1107,-16,-27;1131,-32,-35;1140,20,1;1148,0,0;1149,-5,-10;1159,-16,-15;1160,21,25;1170,0,0;1171,-27,-30;1182,27,30;1183,-41,-40;1190,41,40;1195,-46,-41;1200,46,41;1205,-42,-56;1210,42,56;1215,-52,-61;1234,24,23;1250,-39,-72;1254,0,0;1270,0,0;1317,-10,-30;1320,10,30;1323,-11,-37;1330,10,36;1338,0,0;1347,-14,-59;1419,-3,-66;1459,-3,-29;1463,1,-14;1465,-12,-46;1469,11,70;1480,0,14;1485,-8,-84;1495,0,6;1505,-4,-2;1508,-2,-20;1515,2,17;1535,-12,-36;1545,6,-7;1555,-9,-7;1585,-7,-27;1593,-13,0;1615,4,-19;1619,1,7;1627,-3,-18;1637,-6,-10;1657,-3,-7;1664,-5,-10;1667,3,0;1678,-12,-20;1685,-10,-21;1691,2,4;1697,-6,-5;1703,1,0;1709,-6,-9;1721,-1,-12;1723,-6,-10;1739,-4,-16;1745,4,2;1749,1,11;1755,-8,-18;1769,-4,-11
avenida||severo augusto ribeiro|oliveira moraes|35550000|111,-2047137,-4512748;127,3,-16;133,1,-8;139,-3,-1;151,3,-5;161,-4,-20;167,4,-1;179,10,-13;259,27,-81;269,3,-3;279,3,-13;291,0,-7;301,2,-11;313,4,-7;319,3,-7;331,3,-23
comunidade||para bucaina|bucaina|35550000|1,-2041440,-4518293;4,-9,-772;5,697,-33;6,-565,620;7,-204,291;8,-637,-730;9,-36,-5;11,48,-70;12,-91,15;13,107,-189;14,1386,-404;15,-1050,3628;17,1067,-3767;18,7,1157;19,-203,-1211;20,-20,6;21,-73,19;22,-55,32;23,-131,22;26,72,-205;27,-119,-90;28,170,78;29,150,-48;30,223,-561;31,227,-20
comunidade||para bucaina|comunidade agua limpa|35550000|2,-2041525,-4518235;3,-75,-194
comunidade||para cafofo de baixo|cafofo de baixo|35550000|2,-2043662,-4518682;3,122,-1001;5,202,1147;8,32,37;9,10,121;10,94,-80;11,27,-40;12,-22,-58;13,-23,101;14,-11,-37;15,1642,1278;17,-1698,-1369;19,-59,-162;20,9,-79;23,-103,-96;25,322,237;28,115,497;32,-266,-144;38,-104,180;44,227,287;145,-193,-611;180,173,11;200,-31,-69;245,-75,-16;280,-23,-60;475,-20,-247;515,-49,-79
comunidade||para cafofo de cima|comunidade cafofo de cima|35550000|5,-2044132,-4517114;6,-155,205;8,728,-241;10,41,-4;11,10,28;12,-1,85;14,37,147;15,71,0;16,95,-1243;18,-344,1198;22,-35,83;23,-9,42;24,-25,49;25,-302,209;26,-7,38;29,-156,78;30,-49,-36;31,-285,194;33,502,-942;34,-285,421;35,270,-459;36,743,-939;37,-1571,1923;38,742,-949;39,-773,881;40,-57,-107;41,828,-679;42,-848,976;43,-41,30;44,-58,-62;45,430,-583;48,-440,817;49,-57,-10;50,-121,91;51,-30,168
comunidade||para gama de cima|comunidade agua limpa|35550000|1,-2044447,-4513150;2,470,-396;3,-563,-644;4,313,929;5,254,-334;6,-190,35;7,-11,-1;8,207,-89;11,1201,-1531;14,387,-1133;15,-134,91;16,-306,-663;19,-1301,2929;21,19,-1039;22,-137,-349
comunidade||para pelado|bucaina|35550000|13,-2040929,-4515483
comunidade||para pelado|pelado ou vendinha|35550000|4,-2041909,-4514628;7,64,-192;9,-29,-13;10,18,10;12,714,-1269;13,-60,15;14,-28,-47
comunidade||para ponte nova|ponte nova|35550000|1,-2044686,-4518393;3,-624,-925;4,1436,-388;5,-1214,559;6,-288,-119;7,-209,-94;8,817,493;9,517,-437;11,-192,-361
entrada||para capoeira|lameus|35550000|1,-2052463,-4504302
estrada||cachoeira do guacho 1|cachoeira do guacho|35550000|3,-2056168,-4509422;4,3,-761;5,252,-309;7,85,-43;9,-45,-334
estrada||cachoeira do guaxo|piao|35552000|1,-2036578,-4520415;2,-1216,-118;4,1520,1234;5,-612,-33;7,-540,-610;8,297,-737;9,1417,-210;10,485,-97;13,-2873,1010;15,1385,2790;16,-3592,1140
estrada||cachoerinha para o ribeirao|ribeirao|35550000|23,-2055760,-4519980;25,-531,-137
estrada||capivara para formiga|capivara|35550000|6,-2043858,-4531108;64,740,503;66,-395,-686;67,24,492
estrada||capoeiras|furtados|35550000|1,-2054106,-4513449;10,158,637;12,-305,351;16,-559,469;19,-122,-105;22,-574,117;24,1252,-909
estrada||da lagoa|lagoa|35550000|2,-2053714,-4503875;3,149,-871;4,-855,3493;8,179,-2066;12,-936,1721;14,-570,-2815;19,-200,2285;28,-592,-1824;34,-730,1349;55,4588,-3758
estrada||da lagoa|lameus|35550000|10,-2052960,-4505971;40,-967,-92
estrada||da lagoa|lamounier|35551000|1,-2048278,-4503176;3,-387,-236;4,-433,126;8,-828,122;10,-524,-209;2525,464,-711
estrada||da prata|prata|35550000|6,-2050762,-4512894
estrada||do bomba|lameus|35550000|7,-2052202,-4506024
estrada||do gama 1|gama|35550000|16,-2049759,-4510629;18,-316,-199;36,-885,3639;43,1604,-5;45,143,-114;47,-168,-20;48,-106,-153;50,-241,-527;51,-68,-116;52,27,-219
estrada||espraiado 1|aldeia|35550000|1,-2040505,-4508232;3,-194,-24;4,-348,18;5,-2,-19;7,-105,-17;8,-38,-33;9,-12,-17;10,-7,-10;13,-36,-18;14,-5,-18;15,-14,-20;18,-16,-54;19,-8,40;21,-423,41;30,640,177;220,29,-92
estrada||espraiado|espraiado|35550000|3,-2047701,-4507338;7,66,-530;10,-333,-61;12,395,-279;17,122,-722
estrada||furtados|furtados|35550000|1,-2052362,-4513213;3,-912,-375;4,-244,758
estrada||gama de baixo|correios|35551000|18,-2048241,-4506230;19,17,-629;20,-263,-145;22,60,-199;23,-149,106;24,-1,108;26,109,1068;27,-323,-478;28,-244,-157;29,-189,-328;31,-1113,120
estrada||gama de baixo|gama|35550000|37,-2051033,-4507247;40,1011,-474;44,837,285;46,65,-24;48,-258,-74;49,-331,-386;52,-55,-414
estrada||gama de baixo|lamounier|35551000|2,-2047800,-4504249;6,-617,-375;7,-366,-123;10,818,20;13,-490,-664;14,-147,-157;15,-487,112;16,434,-328;17,83,-44
estrada||gama de cima 1|cachoeira do guacho|35550000|5,-2052625,-4510784
estrada||gama de cima 1|furtados|35550000|1,-2051166,-4508676;5,470,-621;6,53,-555
estrada||gama de cima 1|gama|35550000|2,-2051785,-4511860;3,-237,250;16,2349,1002;17,-324,-202;18,-70,-17;19,-559,-969;20,422,1000;21,23,-287;24,844,-592
estrada||gama de cima 1|jacuba|35550000|10,-2048336,-4509995;12,-169,-1206
estrada||guacho 1|cachoeira do guacho|35550000|6,-2052651,-4511050;13,-1859,224
estrada||guacho 1|furtados|35550000|8,-2054031,-4510976;12,-477,146;14,1404,-619;15,0,0
estrada||guacho 1|prata|35550000|1,-2051069,-4511516
estrada||itapecerica para capivara|capivara|35550000|3,-2038994,-4527393;5,-91,-310;8,-368,-451
estrada||itapecerica para capivara|catirina|35550000|1,-2039099,-4526427
estrada||lameus 1|lameus|35550000|7,-2052109,-4506081;18,-593,-611;22,-145,-265;49,-2209,267;56,-208,-364;59,690,257
estrada||lameus 1|lameus|35551000|12,-2052641,-4506294;14,-49,-84;15,-8,-44;20,-146,-533;23,126,-143;25,-290,-227;26,-166,-214;28,784,346;29,-472,760;30,7,-14;36,-110,24;55,-2299,-631
estrada||lavrinha para rodovia br 494|marilandia|35550000|839,-2035510,-4494909;1215,177,-265
estrada||mg 164 para ribeirao|barreiro|35550000|8,-2055905,-4516688;18,-823,-78;25,-543,433
estrada||mg 164 para ribeirao|cachoerinha|35550000|19,-2056712,-4516930;21,227,-640
estrada||paa raiz|afonsos|35550000|14,-2061076,-4521958
estrada||paa raiz|raiz|35550000|26,-2060522,-4523090
estrada||palmeiras 1|jacuba|35550000|1,-2052792,-4508331;2,287,-49;11,-771,-931;17,1083,259;18,-269,-149;19,-779,-603
estrada||para adolfo correa|espinho|35550000|13,-2037146,-4508900
estrada||para adolfo correa|partidario|35550000|4,-2038375,-4505341;5,19,-203
estrada||para afonsos|afonsos|35550000|21,-2059969,-4524299
estrada||para agua limpa|comunidade agua limpa|35550000|13,-2042432,-4516067;22,-1805,722
estrada||para aguada|comunidade da aguada|35550000|5,-2047096,-4519622;6,-12,519;10,-204,1112;11,-102,104;13,-404,-19;16,1450,114;17,-1001,4;18,-248,98;19,-28,266;20,-85,61;155,1243,-187
estrada||para aquiles lobo|aquiles lobo|35550000|9,-2028190,-4491494
estrada||para aquiles lobo|aquiles lobo|35553000|4,-2027989,-4491400;5,16,0;6,-129,-45;7,-24,-18
estrada||para aquiles lobo|trindade|35550000|1,-2028841,-4493554;4,-139,149;5,110,-59;8,64,6;9,-50,-4;11,-43,-4;12,0,0;13,116,89;14,-47,42;16,-89,-71;18,0,0;20,-20,54;23,-98,2;24,-20,-2;25,12,64;27,-99,0;29,130,14;30,60,3;31,9,1;33,61,5;72,-279,-25;73,7,52;93,16,3;113,13,1;122,-2,8;156,331,-225;174,-276,170;187,303,-177;228,-121,244;362,-14,6;430,161,-196;434,-94,149;552,96,44
estrada||para bambuzinho|bambuzinho|35550000|1,-2043361,-4490376;2,575,334;3,415,0;4,762,-708;5,671,207;6,-1801,423;9,3405,-138;12,-4047,-95;19,3410,597;20,27,32
estrada||para barreado|corrego da areia|35550000|30,-2043953,-4523635
estrada||para barreado|potreiro|35550000|10,-2045202,-4527651
estrada||para barreiro|barreiro|35550000|1,-2050563,-4514496;3,1160,-759;4,943,-694;5,0,0;7,-101,-259;8,-3076,1620;9,3041,-1440;10,-260,58;11,-80,145;12,-2583,681;14,-1046,-250;15,1169,-461;16,2420,-430;17,-14,-153;18,-2155,768;19,1436,-1118;20,487,412;21,-45,-237;22,-104,-95;23,101,-158;24,-1135,-125;25,1135,125;26,-63,818;27,-1525,879;28,-1326,-2308;29,1331,1734;30,-583,928;31,-217,-158;33,551,-383;35,590,-124;36,-1466,-607;37,492,-615;39,-8,346;41,0,0;43,962,901;44,-1309,-962;46,-137,330;47,-201,-1387;48,1214,2078;49,-597,-1066;50,1030,1007;54,336,-1737;55,-30,-91;58,-1095,-203;59,1680,48;60,-544,-659;64,-2660,3363;68,1249,427;71,628,-1087;176,1701,-1219
estrada||para barreiro|povoado ponte pedra|35550000|8,-2048504,-4519751;9,175,-407
estrada||para barreiro|serra do barreiro|35550000|2,-2048524,-4518699;30,491,2639;31,-659,-647;34,126,-1524
estrada||para bixiga|comunidade da aguada|35550000|2,-2046241,-4516800;4,33,457
estrada||para boa viagem|boa viagem|35550000|14,-2048938,-4510324;15,-471,-68;26,687,-1261;48,-22,-7;53,-9,-3;58,-10,-5;68,-11,-2;76,2,-1;110,-28,-9
estrada||para bom sucesso|bom sucesso|35553000|1,-2043162,-4497335;2,35,104;3,797,-641;4,93,320;5,151,151;8,-1333,207;11,217,283;14,-756,1128;16,659,-1421;19,-340,428;21,97,56;22,0,4;23,-490,-45;25,-856,7;27,-359,901;28,1434,-144;29,-1234,216
estrada||para brucutu|brucutu|35550000|6,-2048574,-4513084;7,110,-559;8,130,-354;9,-90,334
estrada||para bucaina|bucaina|35550000|5,-2042227,-4518839;6,1299,730;8,-1226,-808;20,1207,-842;21,-69,21;23,-186,58;28,124,-219
estrada||para bucaina|comunidade agua limpa|35550000|14,-2042379,-4516310;15,-134,84
estrada||para cacau|cacau|35551000|3,-2062382,-4504760;4,133,46;12,561,1;13,-499,148;14,147,225;15,146,-72;16,-259,534;17,-53,75;18,-303,-254;19,-76,33;20,-221,-96;21,400,458;23,160,125;25,29,229;27,171,30;28,-46,-92;29,-19,-106;30,26,-128;31,-20,-36;32,18,-120;33,39,-100;34,16,-44;35,-176,721;37,-186,-102;41,-256,312;42,-54,29;43,4,-73;51,-512,-1527
estrada||para cachoeira da pedraca|cachoeira|35553000|3,-2036970,-4499570
estrada||para cachoeira da pedraca|partidario|35550000|3,-2036749,-4499868;13,-638,-1019;16,284,1037;18,-405,-1184;25,-495,-1410;30,41,-808;33,396,-344
estrada||para cachoeira do guacho|cachoeira do guacho|35550000|4,-2056165,-4510183;5,253,-311;6,52,-25;7,124,27;8,-99,-250;9,18,-150;34,39,355
estrada||para cachoeira|cachoeira|35553000|1,-2035857,-4498638
estrada||para cachoeirinha|cachoerinha|35550000|1,-2051757,-4510040;2,-4736,-7526;4,-556,1235;5,151,-3;6,-373,-5;7,415,30;8,944,-374;9,-225,490;10,-332,-71;11,199,67;12,407,65;13,246,47;15,-492,412;16,6352,9368;17,-6989,-10398;18,18,-63;19,16,-164;20,117,-492;32,14488,22120;2223,-13747,-22215
estrada||para cafofo de baixo|cafofo de baixo|35550000|2,-2043665,-4518685;3,129,45;4,89,47;19,91,-153;28,353,565
estrada||para cafofo de cima|comunidade cafofo de cima|35550000|2,-2044013,-4517358;32,-546,956
estrada||para cafofo|comunidade cafofo de cima|35550000|1,-2043618,-4517411;6,-602,422;11,1454,1808;15,-182,-2171;16,135,454;22,-871,41;25,-324,307;27,-63,74;28,67,107;32,-414,150;45,431,-1687
estrada||para caixa dagua|caixa dagua|35550000|40,-2047209,-4507053;42,23,-144;43,-62,-51;44,47,19;45,15,113
estrada||para caixa dagua|caixa dagua|35551000|1,-2046953,-4505396;3,291,963;5,-508,-1533;19,-172,-463;21,27,26;22,20,54;23,30,53;25,-142,-297;26,45,27;27,65,-40;31,311,61;32,38,-97;34,-449,-61;36,0,1;38,79,-118;39,57,-97;42,-141,185;46,34,-105;66,-22,123
estrada||para caixa dagua|correios|35551000|6,-2047440,-4504933;13,-303,-1561;17,240,81
estrada||para caixa dagua|gama|35551000|16,-2047480,-4506570
estrada||para calambau|calambau|35550000|3,-2058300,-4504059;4,-21,-758;5,-821,-918;6,718,710
estrada||para calambau|calambau|35551000|2,-2058051,-4504086;7,-875,-2014
estrada||para camacho|furtado|35550000|4,-2054592,-4514096;10,-739,-609;12,1658,727
estrada||para camacho|matinha|35550000|3,-2051081,-4512943;6,2452,-167;11,-6389,-1157;13,1306,288
estrada||para campo alegre|campo alegre|35550000|2,-2045482,-4490437;3,29,63;6,250,46;7,1588,-481;8,-1703,235;9,-20,41;10,133,25;11,116,-34;1701,-98,-895;1702,46,-94
estrada||para capao dos porcos|capao dos porcos|35550000|5,-2041909,-4491079;6,-490,-1733;7,-1138,612;9,730,177;10,-901,868;11,270,-3642;15,1752,3185;16,708,-90;18,-1951,557;20,836,176;23,4,-4;27,-137,-695;28,-486,-571;29,81,121;32,-424,32;33,15,42;41,254,741;42,-1,-2;46,375,-1575
estrada||para capivara|bucaina|35550000|29,-2040749,-4520506
estrada||para capivara|capivara|35550000|9,-2039590,-4528245;11,-54,-71;17,-191,-1048;20,6,907;21,-36,-37;25,-745,1126;32,-760,-1320;33,-5,5;34,359,-690;41,483,-761;46,-624,27;49,-54,507;50,-272,-31;52,-1184,862;56,345,-538;57,-68,66;61,340,-1164;62,-562,344;63,-169,-239;64,740,516
estrada||para capivara|catirina|35550000|1,-2039266,-4526532
estrada||para capivara|comunidade agua limpa|35550000|2,-2041516,-4518286
estrada||para capoeiras|afonsos|35550000|3,-2058556,-4519417;4,166,-212;7,-1628,-916;8,160,-320;9,-559,233;12,-461,-466
estrada||para capoeiras|capoeiras|35550000|8,-2054022,-4512390;10,66,-419;11,-42,-7;12,-255,355;14,154,142;15,-556,156;16,-272,63;19,-7,3;21,-137,-316;23,-686,755;24,1476,-1230
estrada||para capoeiras|raiz|35550000|1,-2057589,-4525186;2,466,1246;3,1637,1048;10,-2987,671;14,-2597,263;15,69,-307;19,-1173,-2377;20,-81,11;21,1508,295;24,599,1151;25,119,217;32,1746,860;33,-9,-42;34,638,-608;35,81,70;38,539,172
estrada||para casa queimada|casa queimada|35551000|1,-2044684,-4501298;2,45,0;3,-1811,-1065;4,2117,1541;5,-1478,-635;6,165,19;7,1620,-206;9,-1358,173;10,-25,-406;13,-212,-422;15,-89,-209;16,0,0;17,-59,-579;19,261,-76;20,278,1014;22,85,-104;23,1215,-3921;24,-1136,3855;26,118,-76;27,-3,-73;28,39,-54;29,17,-30;30,181,-181;32,68,-74;33,91,-46;34,-38,17;35,-720,533;36,-43,-5;37,35,-11;39,58,-84;40,99,-46;42,88,-86;43,41,-100;46,230,-275;47,11,-88;48,64,-90;50,-5,-2;52,-706,712;53,-73,-147;54,5,-62;55,-2,-2;56,-62,-175;58,51,-347;59,18,-48;62,176,-276;63,-393,120;64,2,-63;68,-71,-343;70,379,-265;72,255,-284;75,-627,189;76,-182,-421;78,264,-518;81,-924,1858;83,269,-377;84,-114,281
estrada||para casa queimada|tres lagoas|35551000|1,-2045645,-4501477;2,962,176;6,-794,-161;8,4972,-1048;17,-1167,-590;18,-2553,711;21,-969,170;25,1922,-916;26,-3,8;27,-212,1;31,-1238,358;32,87,-55;33,84,-25;70,-861,-1143;77,-446,-762;78,-480,-645;81,-284,2236;85,92,-707
estrada||para catirina|catirina|35550000|2,-2039669,-4526716;8,-431,1148;9,-76,-119;14,-1354,-646;16,61,-349;20,-332,-674;23,1003,535;32,-882,-1302
estrada||para chaves|chaves|35550000|1,-2051296,-4529188;2,-1780,3155;3,937,-3355;4,-127,-233;5,-35,-157;6,-3797,5848;7,3341,-4406;10,1691,1486;11,-2581,891;13,-106,-72;14,-255,124;15,370,151;16,-149,180;17,-136,108;19,711,261;21,-42,239;23,116,216;28,-647,472;29,-132,-86;30,-18,154;32,-227,384;33,-115,-172
estrada||para chico piris|chica piris|35550000|2,-2036762,-4506934;7,63,-354;9,39,-287
estrada||para chico piris|partidario|35550000|9,-2036660,-4507572
estrada||para corego fundo|barreado|35550000|4,-2043580,-4525999
estrada||para corego fundo|corrego fundo|35550000|2,-2042966,-4526218;5,1838,2088;12,-1146,-4;13,82,-389;14,95,-30;21,-206,-148;23,-262,473;24,888,-972;29,-501,385;32,-378,-513;34,-6,-194;36,-341,-214
estrada||para corego fundo|potreiro|35550000|1,-2043616,-4526934
estrada||para corrego da areia|corrego da areia|35550000|1,-2041103,-4522100;2,-891,363;3,372,-328;4,-438,-26;5,-3666,1177;6,1372,-770;7,1270,-935;9,-400,-838;11,219,288;12,123,595;13,-597,791;14,-42,274;15,105,329;16,-703,617;17,81,-19;18,640,-1170;19,32,-185;20,-123,90;21,-804,-298;22,-266,907;25,3169,-1050;26,327,-82;27,-671,-541;28,-207,42;29,2460,375;32,-732,1001;33,190,105;34,-686,220;101,-938,-527
estrada||para corrego da areia|povoado ponte pedra|35550000|23,-2045504,-4522509
estrada||para corrego do areado|coorego areado|35550000|1,-2037911,-4496003;2,-854,-511;3,1464,908;4,223,233;5,-1754,-1157;6,7,54;7,-194,6;15,-120,413;16,-166,263;86,1909,96
estrada||para correios|correio|35550000|4,-2060017,-4504503
estrada||para correios|correio|35551000|1,-2060053,-4503665;2,-341,-40;3,235,-661;4,142,-138;10,-87,2184;11,-172,-251;13,-32,-77;14,138,-136;15,-282,37;16,-34,-77;17,-43,-67;18,10,-489;19,-143,334;21,89,61;23,-46,-208;25,18,-17;26,-8,-29;27,21,-103;29,-248,233;30,-148,-158;31,84,263;33,-64,-186;34,-48,-144;35,-158,212;36,-74,-205;37,-49,-186;38,-69,-160
estrada||para costas|ribeirao|35550000|25,-2056834,-4520241
estrada||para diamante|neolandia|35552000|2,-2034215,-4514139;3,-243,538;4,-191,-665
estrada||para engenheiro berredo|bom sucesso|35553000|3,-2045056,-4495783
estrada||para engenheiro berredo|engenheiro berredo|35550000|3,-2045625,-4497764;4,161,-212;6,178,-241;7,-1,0;10,-805,931;17,-459,1348
estrada||para engenheiro berredo|engenheiro berredo|35551000|2,-2045557,-4498888;3,-70,1148;4,147,-352;6,191,-128;8,-547,609;10,-287,705;12,-676,226;14,-248,294;15,640,104;17,-150,284
estrada||para ermo|ermo|35550000|2,-2037970,-4528284;5,-208,398;6,107,276;8,181,-292;10,106,558;11,120,-8;16,256,-668;19,-208,-330;21,-179,-155;22,499,139;23,-150,-514;31,806,67;33,894,-2084
estrada||para espinho|piao|35552000|2,-2038902,-4515081;3,3200,1981;4,-96,-175;5,-394,-222;6,1096,-1745;9,-5026,-472;17,-81,-508;26,2076,1640;27,34,-19;28,-550,513;9999,-1520,-1196
estrada||para espraiado|espraiado|35550000|3,-2047610,-4507410;5,-99,75;6,-5203,-3809;7,5332,3368;8,-55,-92;9,-34,-8;10,-137,-29;12,104,-241;14,174,-257;15,5,-178;18,-448,-667;19,-625,384;26,1015,1087
estrada||para estiva|estiva|35550000|17,-2045173,-4491652;19,-103,-719
estrada||para estiva|estiva|35553000|4,-2045118,-4491451;18,-23,-281;26,-236,-1265;28,-319,-37;29,-146,-17
estrada||para estiva|neolandia|35552000|3,-2033820,-4514587;5,-643,163
estrada||para fazenda palestina|palestina|35550000|6,-2046226,-4509994
estrada||para fazenda santa barbara|raiz|35550000|37,-2056353,-4521928
estrada||para fazenda santa barbara|ribeirao|35550000|35,-2056418,-4521878
estrada||para fazenda santa cruz|raiz|35550000|18,-2062189,-4524661
estrada||para furtados|bambuzinho|35550000|39,-2043962,-4490510
estrada||para furtados|furtados|35550000|2,-2053755,-4513416;3,-893,-319;4,1173,761;5,0,0;6,0,0;8,253,-1137;9,0,0;11,-373,205
estrada||para furtado|furtado|35550000|4,-2054592,-4514096;12,1147,28
estrada||para gama de cima|gama|35550000|5,-2050742,-4509292;9,1236,-302;19,-3166,-4652
estrada||para gama|correios|35551000|10,-2047595,-4506352;28,-1570,-382;29,-911,-136
estrada||para gama|gama|35550000|1,-2050423,-4510858;2,-11,-71;3,-1351,-934;8,1434,2224;9,1668,-307;10,361,-246;11,680,50;16,-4624,-1740;17,2266,1119;19,-574,-1029;20,-806,-773;21,1199,1482;22,276,-256;23,258,-252
estrada||para gama|gama|35551000|4,-2048081,-4504312;12,419,-2108;13,-9,-105;15,140,-81;16,-1241,881;18,531,-504;19,13,-627;20,-262,-149;21,114,-142;23,-37,82;24,-167,72;26,110,1072;28,-564,-637;29,-480,-386
estrada||para gama|lamounier|35551000|1,-2047544,-4504148;2,-263,-67;4,-208,-68;5,-294,-163;7,-716,-68;9,817,-91;11,-64,-608;12,-181,-142;13,-2,-34;14,-149,-158;66,1092,1516
estrada||para gameleira|gameleira|35550000|3,-2050064,-4523639;4,-559,612;6,112,710;7,364,-103;8,474,-19;10,290,1092
estrada||para goncalves ferreira|goncalves ferreira|35550000|1,-2045242,-4489510;3,168,-12;10,-44,30;12,145,208;13,-36,-19;16,33,-217;17,-26,31;18,-24,-17;20,-65,-20;100,92,32
estrada||para guaxo|boa vista|35550000|2,-2045627,-4489636
estrada||para guaxo|boa vista|35553000|1,-2047125,-4490572;9,-3,1
estrada||para guaxo|cachoeira do guacho|35550000|9,-2055872,-4510867
estrada||para inacio caetano|inacio caetano|35551000|1,-2043490,-4503970;4,69,-198;6,-96,-109;8,-1690,-1975;9,1328,2075;10,110,-1118;11,201,914;12,133,-75;13,19,-54;14,-22,-97;15,-524,-1521;16,43,-57;17,-5,6;22,-48,52;23,27,-24;25,-28,26;26,357,1179;27,-104,-163;28,13,-47;29,17,-86;30,-303,-624;31,-31,243;32,-163,8;33,-258,113;34,268,-244;35,115,-214;36,-213,208;37,-565,-143;39,-88,143;40,456,-276;41,-739,56;43,-267,-162;44,-141,-55;45,884,-62;46,660,396;47,162,-375;48,-460,127;49,458,-141;52,-77,120;53,36,-57;54,32,3;56,-37,40;57,-23,-32;60,48,-73;62,-34,63;63,21,-14;67,-41,-2;68,-39,-16;73,91,88;78,34,-88;81,-6,19;82,-24,5;83,-16,-27;85,21,-5;86,-49,33;92,79,-59;96,-44,8;97,-10,-4;98,-110,-127;99,-56,-129;100,-88,-74;105,245,349;115,-21,6;120,-14,-15;125,11,12
estrada||para inacio caetano|tres lagoas|35551000|28,-2043742,-4503112
estrada||para incaio caetano|agua limpa|35550000|14,-2044871,-4508248
estrada||para incaio caetano|cachoeira|35550000|15,-2043273,-4504797;17,-3,14;20,550,-618;24,-309,-397;89,-701,-506;90,-15,-55;98,-304,-59;103,193,-166;105,366,-409;107,-519,275
estrada||para incaio caetano|inacio caetano|35550000|3,-2043160,-4505890;7,-790,-2996;16,620,4044;17,420,-353;18,-279,431;19,0,0;20,463,-637;21,-580,-425;22,71,12;23,33,-48;79,-593,-414;89,57,-17;90,-13,-64;103,-99,-229;107,-165,-132
estrada||para lago azul|lago azul|35550000|12,-2039606,-4493003;18,-1099,1066
estrada||para lagoa|lagoa|35551000|1,-2053953,-4501428;2,-442,303;3,236,-1350;4,655,-2479;5,4367,1504;6,-188,-161;10,-5484,2149;11,-149,108;13,-653,-2763;14,-138,-301;15,4293,707;17,-4415,1370;19,-96,197;20,-114,-69;23,-401,-1345;24,-44,-113;25,-45,-83;28,28,-197;32,568,1590;35,-1040,-1813
estrada||para lagoa|lamounier|35551000|4,-2048952,-4503566;5,-180,114;8,-806,295;13,-530,-111
estrada||para lagoa|partidario|35550000|9,-2037492,-4506906
estrada||para lameus|bom sucesso|35553000|2,-2044153,-4494876;16,757,-2030;27,-1489,165
estrada||para lameus|lameus|35550000|16,-2052708,-4506627;17,4,-22;19,-12,-107;20,-128,-199;26,-326,-606;28,688,206;29,-362,922;32,-31,-29;38,-596,-56;45,1133,-1166;50,-3172,1451;52,347,-765;193,2316,41
estrada||para lameus|lameus|35551000|1,-2052155,-4504422;3,375,-1016;5,-2132,313;6,1761,-159;8,-984,-423;9,112,87;11,863,810;16,525,-86;23,-5279,-712;29,528,241;40,2512,-743
estrada||para lameus|lamounier|35551000|3,-2048665,-4503412
estrada||para lavapes|lavapes|35553000|6,-2037646,-4491268;7,-326,256;11,-618,-974;15,1265,414;16,-247,-420;25,-16,-8;27,-948,-163;28,-43,-42;30,-75,-61;31,13,-35
estrada||para lavrinha|lavrinha|35553000|1,-2035729,-4496725;2,43,63;3,90,172;5,-238,-38;6,35,-120;7,-54,104;8,406,191;9,-39,-326;10,-283,102;11,-1224,1214;15,2730,-1090;21,-2613,2992;41,1870,-2166;43,341,-113;45,277,145;46,0,3;47,-436,440;49,-101,491;50,-105,-30;52,-285,-1233;54,-13,736
estrada||para macedo|macedo|35550000|2,-2039313,-4503327;4,-159,360;5,-220,346;9,349,-886;13,-36,-119;19,-200,-227;24,-115,-68;27,279,-161;41,-99,1168;65,305,-312;100,-61,-80
estrada||para macedo|partidario|35550000|7,-2039190,-4503214;15,750,-1293;22,-1092,607;24,-92,5;70,262,695
estrada||para macoco|lameus|35550000|9,-2053016,-4505622
estrada||para magros|bom sucesso|35553000|6,-2043535,-4494573;8,-223,-53;9,300,-210
estrada||para malhada|lavrinha|35553000|1,-2034779,-4498969;3,548,1465;6,-41,-241
estrada||para marilandia|lavrinha|35553000|1,-2037539,-4490199;2,-31,-178;6,-1690,-54
estrada||para matinha|matinha|35550000|2,-2054506,-4514006;6,-807,-179;7,281,-76;8,-222,-273;11,-264,-162
estrada||para morro do ype|palestina|35550000|5,-2046789,-4509427
estrada||para neolandia|cachoeirinha|35552000|4,-2034521,-4516036;7,-604,-138;8,-239,145;11,269,-463;12,-325,-228;13,-624,-204
estrada||para o morro cavado|capivara|35550000|36,-2040652,-4529547
estrada||para olhos dagua|olhos agua|35550000|1,-2052930,-4516282;4,-1373,-2000;5,1240,-690;8,-1555,1848;36,3820,1570;40,-3974,-1406
estrada||para palmeira|palmeiras|35550000|1,-2052802,-4508354;2,302,-45;11,-776,-912;13,1192,984;15,-873,-1417;16,413,407;17,359,280;18,-626,-432;19,-405,-309;20,443,264;228,434,1219
estrada||para partidario|partidario|35550000|2,-2037934,-4505275;8,862,52;19,-389,-44;21,-75,-6;22,-3,-8;23,41,55;24,-15,-152;26,-299,820;27,308,-838;30,-60,16;31,-269,916;33,324,-779;34,-14,2;40,-47,-55;42,0,29;44,14,15;46,27,9;50,-5,-68;55,11,-61;60,1,3;61,225,89;67,-1145,-1497;70,893,1478;73,-239,1941;80,247,-2031;92,-29,124;100,84,-111;102,-72,91;116,-6,33;178,183,8;191,-57,0;204,-18,-16;215,15,2;225,11,-4;235,-2,-3;244,-44,64;245,-50,-41;254,70,10;260,9,5;271,62,-3;284,58,7;293,-83,-24;294,104,23;297,-87,-43;320,78,39;321,-72,-14;341,35,-15;352,36,15
estrada||para partidario|partidario|35551000|285,-2037412,-4505270
estrada||para pau do monjolo|pau do monjolo|35550000|20,-2042370,-4503945
estrada||para pedra preta|cachoeira|35550000|1,-2046882,-4507506;3,-9,57;5,9763,7572;6,-762,-882;7,347,-408;11,-6,718;15,-7779,-7573;17,-395,306;19,28,-167;21,25,-79;22,7864,6035;40,-7982,-5488;118,13,-156
estrada||para pedra preta|pedra preta|35550000|6,-2050907,-4510403;7,-253,540;8,-101,34;10,-195,-159;13,-634,-593;14,-94,268;18,728,325
estrada||para pedraca|lavrinha|35553000|2,-2035610,-4499858;3,297,1424;6,1043,688;13,-797,1087;16,-587,-5804;29,2094,2077;31,745,-391;34,-510,-449
estrada||para piao|piao|35550000|13,-2037440,-4514459;21,-584,-840
estrada||para piao|piao|35552000|3,-2039089,-4515180;4,3,-33;5,-280,-234;8,-161,-194;9,-188,-41;11,2589,1173;17,-653,-221;18,-84,-32;20,-100,-134;22,-270,-1212;23,330,816;24,7,-354;25,453,-287;30,-791,914;338,444,273
estrada||para poco|poco|35550000|8,-2043947,-4508898;9,-647,21
estrada||para ponte alta|pau do mojolo|35550000|1,-2041050,-4506358;2,273,-270;3,-84,-165;5,-99,-160;8,393,322
estrada||para ponte alta|ponte alta|35550000|11,-2040119,-4506618;12,713,-246;24,-344,54;25,-176,170
estrada||para ponte de pedra|ponte de pedra|35550000|1,-2049423,-4523565;2,1427,1034;3,219,-2246;4,-533,-1105;5,458,-72;7,-16,-139;9,414,630
estrada||para ponte nova|ponte nova|35550000|1,-2043914,-4519383;2,-1045,1265;3,4,-484;4,-333,-917;5,205,374;9,832,-159;10,0,-336
estrada||para pouso alegre|chaves|35550000|2,-2049175,-4527677;4,2532,-949;7,-511,-475;8,-4775,1292
estrada||para pouso alegre|formiga|35550000|16,-2049875,-4529518;17,164,163
estrada||para pouso alegre|ponte de pedra|35550000|10,-2047235,-4524964
estrada||para pouso alegre|pouso alegre|35550000|1,-2049258,-4527592;2,123,-158;3,628,342;4,-452,-141;5,1078,-1109;8,-4041,869;9,4468,2326;10,887,-3515;11,-38,40;14,-2367,-874;15,2328,2572;17,-255,13;18,2,-2;21,234,77;22,-238,712;24,-309,-155
estrada||para pouso alegre|teles|35550000|11,-2046259,-4530098
estrada||para prata|prata|35550000|4,-2050841,-4513371;8,1251,-155
estrada||para raiz|raiz|35550000|2,-2059470,-4528221;3,-131,50;4,-27,323;5,-56,406;6,1201,39;7,37,144;8,-800,641;9,573,-607;10,-159,132;12,-150,25;14,-32,-17;16,-57,547;18,-331,84;19,-199,-72;20,-268,392;21,-5,70;22,-150,13;23,307,-156;24,43,-167;41,611,-226
estrada||para rasgao|rasgao|35550000|5,-2049351,-4520259;6,-763,-202;7,120,-242;9,319,-934
estrada||para ribeirao|afonsos|35550000|6,-2059298,-4520385;9,-1120,-246;10,-178,-220
estrada||para ribeirao|raiz|35550000|2,-2057965,-4524827;3,-6,278;33,168,1985
estrada||para ribeirao|ribeirao|35550000|1,-2055177,-4519696;2,-342,79;3,-548,337;4,529,-427;5,-333,-664;6,589,-748;7,-1118,2518;8,-101,94;9,-776,-855;10,793,136;11,195,132;12,-152,-194;13,-6,-9;14,38,27;15,152,-49;16,473,-313;17,118,13;18,-12,-89;19,498,-280;20,125,52;22,-952,105;24,-1232,2104;26,35,-3039;27,20,-49
estrada||para sabarazinho|sabarazinho|35553000|2,-2045513,-4493656;4,-271,-836;7,-542,44;8,-357,330;9,-1,1;15,-243,-601;21,-42,87;23,222,45;25,-142,-54;27,85,-39;29,-114,57;30,3,-11;35,155,1282;40,-306,-1262;47,94,-73;54,-1096,604;63,1214,-514;65,-52,-123;93,-25,54;95,22,-13;100,-24,85;120,63,-100;129,-47,-39;130,11,137;160,35,7;166,-46,-127;191,96,116;200,-13,33;226,29,-8;235,-77,-46;244,-6,-68;266,99,109;289,-96,-73;300,63,25;315,85,3;329,-120,-49;330,12,12;331,107,-2;99999,-165,62
estrada||para samambaia|candonga|35550000|1,-2047011,-4514646;5,1331,-1346;6,11,-70;7,-15,-16;52,144,334;53,137,146
estrada||para samambaia|samambaia|35550000|1,-2045920,-4513450;8,-386,-1642
estrada||para santo antonio|lamounier|35551000|27,-2047806,-4498815;28,-21,-83;29,-96,-18;30,-169,0;32,126,919;33,43,-252;34,-159,-228;35,-88,274;36,-63,-156;37,-9,-18;39,-77,-48;40,-13,-5;702,714,-528
estrada||para santo antonio|santo antonio|35551000|2,-2045075,-4499810;3,-1370,644;4,-683,195;5,-678,157;6,269,-110;7,-179,147;8,13,-292;9,-6,109;10,-16,-22;11,37,-22;12,29,-4;13,-40,-58;14,28,26;15,-17,168;16,7,-39;17,-22,7;18,-24,0;20,-21,-45;21,-2,-14;25,11,32;26,58,20;27,-125,96;28,0,-2;42,996,789;44,1,21;45,-361,52;47,409,-147;49,228,-132;50,-40,-26
estrada||para sao francisco de paula|cafofo de cima|35551000|35,-2062206,-4503179
estrada||para sao francisco de paula|valentim|35550000|43,-2062702,-4503023
estrada||para sera dos gomes|serra dos gomes|35550000|3,-2040164,-4508302;4,-356,-503;5,378,522;6,11,25;7,10,-56;8,79,-94;9,8,-11;11,260,-326;12,96,-84;13,78,-177;14,75,-179;17,423,-968;18,99,23;19,18,-195;21,-1124,765;22,1781,-1615;23,-89,-319;24,3,-221;25,207,410;26,119,-200;27,174,-167
estrada||para sera dos gomes|serra dos lopes|35550000|51,-2041324,-4511180
estrada||para serra do calado|agua limpa|35550000|2,-2045962,-4513757;4,-48,-306;415,-541,202
estrada||para serra dos lopes|serra dos lopes|35550000|1,-2038826,-4512154;3,-1661,2832;7,937,-5073;9,-1688,4978;10,-132,44;13,96,-1014;15,25,-30;17,-3,-33;19,42,3;22,-54,70;23,-553,1365;24,47,-5;25,562,-1377;26,-540,1761;29,907,-1684;31,-264,1722;32,855,-1951;33,-39,-157;34,277,-368;35,-320,130;36,-152,-92;37,-160,448;38,68,-156;39,-126,-276;42,-226,-508;49,-523,-629;52,-44,1090;53,-42,-28;54,-240,-109;59,-736,-21
estrada||para sitio primavera|raiz|35550000|37,-2056879,-4522436
estrada||para sucupira|lamounier|35551000|1,-2047786,-4501290;3,-56,-870;4,-652,458;5,366,735;6,17,50;7,-25,32;8,-98,100;9,-188,-40;10,40,258;11,-149,-1;12,-753,-385;20,1053,998;21,82,80;31,500,-1514;32,3,-19;33,-242,-148;34,-134,-72;35,-517,-380;36,-79,56;6934,825,195;40596,128,147
estrada||para sucupira|sucupira|35550000|35,-2048599,-4501968
estrada||para sucupira|sucupira|35551000|1,-2044717,-4499629;2,-358,-181;3,-898,-203;4,146,-45;6,-440,-536;7,-201,88;8,-157,-186;10,-1509,491;11,425,-37;14,-1256,-522;15,1715,-528;16,6,19;18,-885,1018;19,24,65;21,911,-1020;23,-26,10;25,24,47;28,-411,-45;44,539,-321;216,-269,-1283;260,-290,2313;350,413,-709;381,34,-7
estrada||para sumidouro|pau do mojolo|35550000|1,-2042094,-4506701;2,-56,72;4,-351,-200;91,302,-30
estrada||para sumidouro|sumidiro|35550000|5,-2042507,-4506833
estrada||para tabocas|tabocas|35550000|1,-2046976,-4491101;2,58,-28;5,142,-401;7,-70,-349;12,-1237,662;13,-142,-148;28,2063,474;32,-469,-1675
estrada||para tabocas|tabocas|35553000|33,-2046824,-4492884;34,-1,3;36,175,-378
estrada||para taquara|barreiro|35550000|2,-2050947,-4519918
estrada||para taquara|taquara|35550000|1,-2050980,-4521003;2,-181,643;3,-1202,-430;4,1099,656;5,-1127,-370;6,1407,-1733;7,-1673,2385;8,-20,-1895;9,-187,8;10,-12,7;11,-325,43;13,-161,656;16,-784,-1187;17,1472,349;18,57,7;19,50,-9;20,14,-2;21,52,-3;22,31,-41;23,17,-25;24,62,-1324;25,230,-1617;28,-299,2763;29,10,3;31,2003,2668;32,-415,-1449;33,-566,-1337;34,-1027,-89;35,-128,-89;37,-391,-362;38,69,-299;39,-224,-423;40,623,520;41,-134,-80;42,257,-450;1970,2092,3475
estrada||para teles|teles|35550000|2,-2045681,-4530398;3,479,-817;4,-276,933;5,967,-755;8,-2479,1567
estrada||para terra queimada|terra queimada|35550000|1,-2056863,-4509142;2,-201,78;3,686,-231
estrada||para tres lagoas|tres lagoas|35550000|4,-2040010,-4500311;12,-1780,-3613;18,-417,452;20,540,-428;29,-586,483
estrada||para tres lagoas|tres lagoas|35551000|2,-2040079,-4500055;3,13,-14;4,-54,-240
estrada||para usina|ponte nova|35550000|7,-2045636,-4520174
estrada||para usina|povoado ponte pedra|35550000|3,-2046881,-4520651
estrada||para usina|usina|35550000|5,-2045725,-4520915
estrada||para valentim|valentim|35550000|5,-2062016,-4505172;7,967,-390;8,17,103;12,128,-1115;13,-186,584
estrada||para valentim|valentim|35551000|5,-2062014,-4505163;6,116,-83;7,862,-359;8,-23,166;10,-114,-393;11,-231,484;12,499,-1226;13,-187,584
estrada||para vila santo antonio|comunidade agua limpa|35550000|4,-2044203,-4513006
estrada||pedra preta|furtados|35550000|7,-2051183,-4509874;9,-58,-10;10,-206,-113
estrada||terra queimada 1|cachoeira do guacho|35550000|1,-2056863,-4509142;3,378,-86
largo||de sao francisco|centro|35550000|99,-2046908,-4512342;107,-2,-11;115,10,-1;123,4,-5
povoado||para barreado|barreado|35550000|1,-2043047,-4525900;2,101,-324;3,-348,121;6,-595,548;9,-628,1240;10,-1037,-1333;15,57,190
povoado||para cachoeirinha|cachoerinha|35550000|1,-2042828,-4494923;4,507,463;8,118,-990;9,740,959;11,190,-1263;14,1299,-786;16,-2723,534;17,1680,53;18,-1071,87;19,-80,-17;20,78,20
povoado||para cachoeirinha|partidario|35550000|9,-2037543,-4500769;15,-141,-820;21,-462,576;22,530,-715;26,-470,-774
povoado||para capivara|capivara|35550000|1,-2039157,-4526461;3,255,-1013;4,-117,-148;5,-54,-69;6,-129,-165;7,-194,-166;9,-177,-229;10,-54,-39;12,257,-260;13,186,-224;15,-695,-39;17,44,-569;18,-361,214;20,367,708;21,-37,-35;22,-323,-311;23,-248,-20;25,-88,1074;26,13,-1118;27,17,583;28,-10,-544;29,-42,191;30,-70,285;31,-65,-296;32,155,-181;33,-289,-192;34,-200,-349;35,274,-256;36,138,91;40,581,-239;41,-590,-284;42,69,-66;43,-399,68;44,-141,-92;45,-90,-88;46,18,131;47,2641,3576;49,-2752,-3037;50,-87,-87;52,-1314,884;53,862,-793;55,-162,74;56,-356,182;57,-63,72;58,573,-524;59,-223,-121;60,71,-440;61,-80,-84;62,-566,347;64,-442,-428;65,139,-115;66,-327,-281;67,-242,79;68,-375,-303;69,436,-191
povoado||para catirina|catirina|35550000|1,-2040062,-4525042;2,298,-162;5,-209,-430;7,8,-159;8,70,51;9,-282,56;10,-822,-966;11,-213,236;12,58,-150;13,-373,236;14,107,-105;15,41,-233;16,-80,-49;17,-227,-295;19,78,-128;20,-74,-134;22,286,439;23,598,14;24,53,-359;40,1260,1832;41,307,-616;43,146,431;44,123,-35;45,-12,-241;46,180,-56
povoado||para corrego fundo|corrego fundo|35550000|1,-2040823,-4523794;2,123,-463;5,-420,128;6,-154,-120;9,-260,17;10,-87,11;11,-385,-135;12,-260,200;13,83,-369;14,75,-22;15,-40,-177;17,-67,-53;18,-8,47;19,-3,-17;20,-102,36;21,-89,110;22,-63,225;23,-83,151;24,785,-589;25,82,-366;27,179,449;28,98,73;29,-839,-289;31,654,973;32,-594,-881;33,-459,-644;34,78,-47;35,-190,26;36,-137,-220
povoado||para ermo|ermo|35550000|1,-2038090,-4528089;2,118,-204;3,139,94;4,137,20;6,-626,1127;7,156,-478;8,276,-374;9,-53,-28;10,157,593;12,282,-618;13,-21,-79;14,61,19;15,-23,-49;16,82,45;17,95,-345;18,-28,-28;19,-278,41;20,70,-142;21,-281,16;22,187,-157;23,194,-243;24,128,-178;25,109,-69;26,73,-240;27,428,-763;29,-356,1356;30,-121,23;31,546,-60;32,441,-1536;33,452,-550;48,-2623,3978
povoado||para ponte alta|ponte alta|35550000|1,-2040730,-4506351;3,-123,-435;4,-96,-154;5,-315,158;6,-230,268;7,0,0;8,672,-324;9,179,131;10,-48,185
povoado||para ponte de pedra|povoado ponte pedra|35550000|1,-2047445,-4521234;2,-116,473;3,1082,-1099;24,836,-1158
povoado||para potreiro|potreiro|35550000|1,-2043618,-4526932;2,-396,-151;4,-206,-134;5,56,-12;6,-425,-578;7,-395,547;8,11,138;9,257,-754;10,-207,-24;11,-399,230;12,459,-769;13,410,347;14,52,4;15,-8,-76;19,988,725;20,-93,-83;22,17,-255;23,231,-890;25,-442,51;26,-760,-590;27,785,221;28,-85,-549
povoado||para pouso alegre|barreado|35550000|9,-2044628,-4524518
povoado||para pouso alegre|polso alegre|35550000|4,-2046103,-4524012;5,248,-5;7,-575,-510;13,0,-2612
praca|dom|jose medeiros leite|centro|35550000|6,-2047057,-4512440;13,8,-13;27,0,0;33,0,0;51,-4,12;71,-7,4;75,-10,13;91,-18,-14;95,4,8;99,-6,-2;101,6,6;105,2,15;107,11,-9;109,-10,3;115,-23,-19;121,22,7;125,-6,-10;129,7,-7;137,0,-4;163,2,-21;171,12,-8;173,-1,3;177,1,-6;219,-33,70
praca|dom|pedro i|bom jesus|35550000|47,-2046995,-4510870;59,-8,6;73,16,9;111,-5,27;117,-27,-6;123,11,8;159,22,-24;169,4,12;179,-2,10;187,6,21;201,4,0;209,-7,17;217,14,9;227,-15,-1;237,21,4
praca|dona|cotinha|centro|35550000|20,-2047266,-4512582;30,-7,-8;48,-1,-6;155,-4,42;167,-14,-13;185,-11,-6
praca|dona|cotinha|ingas|35550000|84,-2047294,-4512608;100,-4,3;115,-17,8;124,-5,-4
praca|doutor|clovis cordeiro|ingas|35550000|11,-2047561,-4512604;474,13,-12;482,-11,-7;506,-13,-3;516,1,2
praca|nossa senhora|das gracas|nossa senhora das gracas|35550000|507,-2047051,-4513818;515,3,-3;535,-3,-3;545,0,3;555,0,2;565,4,-3;587,-8,-6;715,-4,-30
praca|presidente|kennedy|centro|35550000|157,-2047213,-4512234;167,-1,1;199,-33,-18
praca|santa|cruz|centro|35550000|6,-2047451,-4512062;14,5,-6;24,-3,-18;28,-1,-9;38,12,1;88,-2,-13;96,-16,-3;110,-3,4;122,-14,20;128,3,-6;142,-6,7
praca|santa|cruz|rosario|35550000|15,-2047469,-4512051;200,-20,-10
praca|sao|bento|centro|35550000|5,-2047134,-4512557;17,-3,-10;25,-71,-95;45,40,94;54,34,-30;65,-40,16;72,33,-32;83,-43,26;99,-7,-17;108,19,-51;115,-31,36;118,22,-53;128,0,5;133,-35,38;141,3,-2
praca|sao|francisco|centro|35550000|10,-2046935,-4512247;15,-8,-15;32,18,3;35,-7,-19;44,23,4;45,-16,-12;51,5,-1;57,-5,-11;61,3,-12;71,4,-13;83,2,-7;140,79,26;143,-47,-54;153,18,8;154,45,52;159,-48,-50;167,7,-7;177,17,10;191,8,-5
praca||alexandre szundy|centro|35550000|2,-2047160,-4512337;6,4,3;10,-5,-6;14,4,15;15,-8,7;18,13,6;22,-3,0;24,-3,1;36,-8,12;45,2,5;60,-20,6;70,1,2;77,7,14;81,2,17;88,-26,-16;91,10,9;97,7,16;100,-21,-14;105,11,16
praca||a|marilandia|35550000|2,-2036048,-4493158;20,13,-8
praca||beija flor|marilandia|35550000|20,-2037138,-4492251;38,-26,46;42,25,-19;45,19,-13;60,-11,52;61,21,-42;93,18,36;105,0,-5;115,12,17
praca||brigida nascimento|neolandia|35552000|18,-2034174,-4515279;28,4,3;31,26,-21;42,-9,36;49,7,-40;55,11,18;58,-10,34;66,10,-1;67,6,-26;78,-7,36;79,13,-26;83,-4,-4;87,16,11;94,-10,43;101,21,-29;107,10,13;112,-23,29;117,28,-20;118,-31,23;127,38,-15;128,-33,19;150,20,15;159,29,-15;164,-26,27;169,-72,-100;180,93,110;187,22,-1;196,-16,14;197,17,-8;207,4,5;208,-11,7;215,19,1;222,-13,11;227,21,-2;232,-17,6;237,20,0;242,-16,8;245,21,-4;252,-5,14;261,17,-8
praca||b|marilandia|35550000|18,-2036029,-4493159;42,23,13;46,-6,-2;52,8,16
praca||da estacao|lamounier|35551000|8,-2047232,-4503543;20,2,11;21,70,-107;32,-67,110;35,62,-98;43,-2,34;60,-53,89;87,42,-64;103,-36,80;133,35,-58;143,-13,20
praca||da igreja|lamounier|35551000|6,-2047446,-4503486;19,-14,35;25,-9,2;34,-3,-40;35,-6,39;45,-9,1;522,37,-1
praca||da matriz nossa senhora do desterro|marilandia|35550000|66,-2036512,-4492851;92,-17,4;96,-11,3;120,-16,-13;134,-10,31
praca||da matriz|marilandia|35550000|5,-2036432,-4492834;39,-22,11;63,-28,6;87,-19,17
praca||do pelourinho|centro|35550000|114,-2047226,-4512259;130,-17,-8;138,-9,-9
praca||do rosario|centro|35550000|6,-2047449,-4512067;10,106,77;20,2,-9;28,-3,-1;46,-34,-5;64,0,-10;76,1,-12;84,-18,6;96,-4,-9;112,-11,-5;122,-5,-22;130,-17,13;144,-8,-5;154,-7,-5
praca||do rosario|rosario|35550000|107,-2047415,-4512029
praca||dos expedicionarios|centro|35550000|3,-2047164,-4512469;7,-3,4;8,10,6;11,-7,-1;12,8,3;15,-3,3;20,-4,2;25,0,3;35,-10,29;36,7,-23;47,-5,18;51,1,5;67,-10,4;72,-16,7
praca||geraldo correa|centro|35550000|9,-2047325,-4512427;40,-5,7;66,3,-2;102,48,23;118,-18,-9;134,-5,-2;146,-12,-10;156,-1,-5
praca||julio cesar de carvalho lamounier|centro|35550000|26,-2047262,-4512831;32,18,-44;36,-23,45;39,-37,17;42,54,-38;46,-5,-4;49,-55,34;54,66,21;57,-73,-26;62,81,-56
praca||julio cesar de carvalho lamounier|ingas|35550000|25,-2047244,-4512891;27,-9,8;77,4,-348;81,-12,359
praca||lico camilo|marilandia|35550000|32,-2035890,-4492246;45,-4,9;47,-28,63;52,-16,-52;59,22,36;72,-2,-39;77,19,33;89,2,7;101,12,-27;110,-91,0;111,36,58;339,52,-72
praca||lincoln da luz ribeiro|centro|35550000|2,-2047093,-4512327;4,4,4;6,-2,0;7,0,-11;8,1,15;11,16,41;17,-3,-48;19,4,0;20,-15,54;22,8,-32;23,8,-24;28,-11,38;46,-5,6;54,4,3;55,37,-30;60,-43,33;64,1,11;66,0,-2;70,-9,5;73,34,-32;76,-28,34;81,37,-29;89,-5,8;93,-1,-1;100,-26,39;101,22,-31;103,1,5;105,-3,7;110,-22,39;113,36,-41;117,-9,11;131,5,2;133,-22,39;139,17,-25;145,1,15;147,-4,23;149,-1,-30;159,-1,16;167,-27,15
praca||mariano alves toledo|alto alegre|35550000|25,-2047387,-4513965;26,3,-85;85,11,82
praca||michel moussa slailati|centro|35550000|25,-2047056,-4512330;43,8,-22;49,3,24;56,-1,-23;94,-1,-14
praca||michel moussa slailat|centro|35550000|15,-2047058,-4512341;19,3,3;27,7,-7;35,4,-17;41,-10,-2
praca||necesio pedro dos reis|lamounier|35551000|26,-2047471,-4503600;36,-17,-1;56,-12,-7;65,12,56;66,-59,-46;75,58,42;198,-27,-41;328,-2,46;334,-33,-48
praca||severo ribeiro|centro|35550000|3,-2046968,-4512754;16,14,-6;28,0,-11;32,-6,-21;38,6,12;44,5,-11
rodovia||br 494|condominio campo grande|35553000|2,-2027608,-4492140;3,0,0;6,-918,-1044;8,439,1761;10,-3379,-2301;11,618,-446;12,-9,6;14,-462,-406;15,-13,-6;16,-14,-12;17,-3549,-2054;18,2965,1766;19,-17,-17;20,-2131,214;21,1954,679;23,-54,676;24,-54,117;25,14,-96;46,384,68;47,3332,159;335,-3508,-188
rodovia||br 494|marilandia|35550000|495,-2036101,-4493618;513,-17,-6;525,-12,-1;537,-3,-13
rodovia||br 494|sucupira|35550000|9,-2048425,-4500831;11,-382,-51;12,-468,-71;13,665,267;15,-654,-31;17,1013,465;21,105,383
rodovia||br 494|trindade|35550000|1,-2033178,-4491704;2,2188,-907;3,-2198,859;6,-270,-565
rodovia||mg 164|andreza|35550000|1820,-2047225,-4510010
rodovia||mg 164|barreiro|35550000|3,-2048269,-4515838;19,-953,-538
rodovia||mg 164|dom antonio|35550000|34,-2047019,-4509160
rodovia||mg 164|furtados|35550000|2,-2054497,-4514032;8,-826,-248;11,1729,384
rodovia||mg 164|prata|35550000|1,-2050961,-4512804;6,489,-253
rodovia||mg 260|espraiado|35550000|2,-2047254,-4507272
rodovia||mg 260|lamounier|35551000|10,-2048549,-4496276;30,451,-2644;32,122,926;35,-195,-209
rodovia||mg 260|rodovia|35550000|3151,-2046911,-4508650
rodovia||mg 264|furtados|35550000|9,-2053230,-4514115
rodovia||mg 264|prata|35550000|7,-2050961,-4512817
rodovia||para nacional grafite|nossa senhora das gracas|35550000|108,-2044237,-4506888
rodovia||para nacional grafite|serra dos lopes|35550000|1,-2040798,-4509184;6,-339,-147;7,95,-264;14,-205,-816;40,507,-676;48,-577,-478;52,-108,501
rua|capitao|mor|centro|35550000|6,-2047408,-4512335;11,18,-33;14,-17,23;20,1,-7;30,2,-4;33,4,0;43,2,14;53,-6,10;63,-3,6;73,2,15;80,-13,-2;83,19,11
rua|comendador|belarmino beirigo|centro|35550000|14,-2047095,-4512977;16,31,25;22,7,0;26,5,-3;32,18,8;44,-88,-27;56,92,31;68,9,-1;80,-1,-3;92,27,11;104,18,0;114,-1,6;122,16,-3;134,2,7
rua|comendador|belarmino beirigo|nossa senhora das gracas|35550000|17,-2047056,-4512960;33,-46,-25;35,-7,6;37,69,23;43,7,1;47,-115,-24;53,125,26;65,12,4;71,-137,-30;79,148,30;83,-151,-32;91,161,38;109,18,6;119,5,0;133,9,1
rua|conego|cesario|centro|35550000|12,-2047145,-4512474;28,214,130;34,-18,-3;35,5,11;40,-5,-7;45,-5,3;46,6,-6;52,-15,-2;55,-4,9;75,-36,-20;80,18,4;85,-16,3;90,1,-5;98,-9,-3;105,0,4;108,0,-2;114,1,-11;117,-13,1;120,14,2;121,13,22;169,-62,-33;170,-7,-2;177,-3,-15;180,-3,11;185,2,-4;245,-51,-39;254,5,-7;261,-16,-12;268,0,0;274,-4,-5;282,-3,0;291,-3,-2;296,4,-12;297,-5,6;299,-1,-7
rua|conego|domiciano|centro|35550000|4,-2046944,-4512250;17,-16,5;42,-27,6;79,-27,14;91,-12,13;100,-5,-11;101,-8,13;117,1,8;118,3,-12;196,-92,21;201,2,1;210,-15,-5;217,8,-2;232,-23,-3;233,3,2;243,-7,-2;244,-9,-10;255,-11,1;262,-3,-5;265,4,10;277,-8,-12
rua|coronel|carvalho|andreza|35550000|13,-2047350,-4510519;14,-6,3;23,-4,7;33,-12,-1;34,-2,-1;44,-11,-2;45,2,-2;53,-10,-1;54,-2,-2;61,-6,4;64,1,-2;69,-12,10;72,3,-8;77,-2,5;80,-1,-1;83,-7,-4;88,-1,1;91,-9,2;94,1,5;99,-1,-8;100,-5,7;109,-6,0;117,-7,-1;177,-37,0;189,-14,6;197,0,-4;205,-13,-4;213,2,5;219,-30,-3;222,-8,-8;231,-2,12;232,-1,-14;241,-15,18;242,7,-10;247,-16,1;255,6,3;256,-9,-6;270,-12,3;285,-7,5;290,-16,-7
rua|coronel|epaminondas|centro|35550000|42,-2047270,-4512609;44,17,-11;47,-3,6;53,11,-22;59,1,3;65,13,-7
rua|coronel|leopoldo|centro|35550000|6,-2046840,-4512471;9,-13,-5;10,3,2;16,-10,-4;19,-1,2;26,-2,-10;29,-6,6;36,-13,-18;39,5,14;49,-12,-8;75,-14,-9;85,-9,-3;89,-6,-7;95,-2,-1;111,-23,0;120,20,-4;122,-6,-3;145,-31,-14;154,5,-3;155,-18,-2;162,5,-1;163,-2,0;168,4,-2;173,-19,-12;185,-7,-9;186,6,11;194,-4,-6;204,-11,-4;249,-27,-17;264,89,54;268,-114,-62;269,1,-4;270,-1,7;272,-3,-6;281,-10,2;288,-1,-16
rua|coronel|zirico malaquias|centro|35550000|14,-2047109,-4512256;18,-1,-5;19,0,1;30,-10,-1;31,8,-3;39,-17,-3;45,-31,-24;54,19,14;64,-10,-1
rua|coronel|ziriquinho|areao|35550000|28,-2047542,-4512337;38,-14,-7;43,0,9;56,-17,-3;66,-31,-9;100,-15,0;112,-2,-2;124,-17,0;133,-22,1;136,19,3;161,-19,0;185,-5,-3;188,-34,-2;196,-1,-5
rua|dona|cotinha barros|lamounier|35551000|18,-2047487,-4503410;21,-11,5;30,11,-9;31,-10,-1;43,-3,-9;48,14,3;55,-11,-14;59,-1,-10;71,-7,-15;106,-3,-56;135,-3,6
rua|dona|margarida melo malaquias|areao|35550000|12,-2047562,-4512464;27,-39,-5;45,37,-1;59,-37,7;74,-11,-17;75,10,16;93,-19,-16;94,-8,-6;104,-8,-2;115,6,6;124,-22,-20;133,3,16;149,-11,-10;154,-10,-15;159,8,2
rua|dona|rosa augusta da costa|neolandia|35552000|4,-2034075,-4515018;41,-80,-124;50,-2,6;60,5,10;76,-46,-67;100,66,93;116,6,16;121,12,3;130,-69,-91;132,64,86;143,13,14;144,-3,7;161,55,88;162,-48,-66;167,7,-6;171,61,-31;180,-62,39;196,11,20;208,14,16;218,18,40;234,-10,-27;245,0,-8;255,8,16;264,7,27;265,-1,-17;266,-71,-101;275,77,116;278,11,22;285,0,-7;295,10,13;301,34,57;315,-27,-45;325,6,9;335,6,15;345,8,7;354,-228,-358;365,239,384;367,-226,-373;379,235,383;380,-30,-24;381,-200,-349;399,13,17;400,202,342;416,12,26;420,17,9;424,-23,-23;425,14,11;431,10,17;439,4,6;445,5,8;457,9,21;459,1,7;480,-16,-28
rua|dona|santa pedrosa|centro|35550000|11,-2046893,-4512369;21,4,-14;35,-1,-3;37,7,-4;41,-21,-20;61,30,2;64,7,2;71,-3,-16;75,0,2;87,11,-15;88,0,21;99,9,-31;102,15,-1;105,-23,-4;108,13,3;111,2,-11;118,-1,5;137,11,-21;138,-2,0;145,9,-13;150,0,-4;151,-3,2;155,9,-11;166,16,4;178,-5,-8;188,0,-14;191,12,-34;195,-13,33;198,11,-5;201,-2,0;204,3,-14;209,-3,-3;211,-1,-5;221,3,-14
rua|doutor|ezequiel|centro|35550000|16,-2046893,-4512546;19,7,7;30,-22,-8;36,3,-10;52,-17,-12
rua|doutor|jefferson ribeiro filho|nova ita|35550000|60,-2047339,-4513562;75,-4,22;78,-10,4;87,16,11;90,-14,-5;96,14,-20;100,-19,38;101,-4,3;108,-5,-4;121,1,17;127,65,-193;192,-38,125;198,4,-12;207,-1,11;213,4,-3;218,-1,-17;225,-1,3;230,-1,3;246,12,-35;252,-1,-5;258,5,-6;264,4,-6;279,-6,-1;296,13,-25;320,7,-26;542,-66,185
rua|doutor|joaquim daniel pereira de melo|areao|35550000|25,-2047712,-4512376;35,2,-8;40,12,-18;45,-4,11;54,1,-30;61,-4,3;74,10,-12;84,8,-4;85,-12,-7;102,7,-12;110,4,-14;120,2,-2
rua|doutor|juca ribeiro|centro|35550000|17,-2046836,-4512447;27,16,8;37,-7,6;41,20,7;46,-11,-6;49,12,7;52,5,-1;62,9,10;65,2,0;72,6,-8;75,-6,3;81,8,7;84,-1,1;89,19,-9;94,-1,14;97,9,-10;101,2,7;102,-1,0;103,2,-5;114,2,3;115,12,4;124,-4,3;130,23,-26;131,-12,11;143,5,-11;146,6,0;153,-23,-12;156,24,8
rua|doutor|leopoldo|nossa senhora das gracas|35550000|61,-2046857,-4513372;71,6,-9;88,8,-10;98,2,-8;103,-13,-14;108,11,5;117,-10,-10;122,4,-6;123,-6,-11;138,2,-1;149,-9,-10;158,5,-11;168,-1,-7;176,-7,-9;186,5,-8;187,-9,-15;195,11,97;197,-12,-107;200,13,19;210,-2,-10;222,-8,-19;229,-7,-11;232,7,7;238,0,-8;239,-11,-14;251,-5,-5;258,10,5;261,-13,-17;262,11,6;269,-19,-24;270,17,24;280,-3,-15;283,-19,-12;288,14,1;293,-22,-5;305,2,-5;306,11,5;310,-5,-5;317,-14,-12;322,11,-4;336,-8,-1;341,-16,-18;348,6,10;354,-2,-4;357,-16,-13;358,20,14;364,-13,-13;367,-13,-12;370,9,6;376,0,0;381,-11,-10;386,5,6;391,-3,-3;394,1,-5;405,-27,-20;410,18,7;422,-4,-3;433,-28,-23;434,15,-1;446,-8,-2;447,-12,-14;453,0,1;458,8,6;459,-8,-7;465,-5,-6;471,-5,-11;474,9,10;487,-14,-16;490,13,4;500,-14,-13;514,-4,-8;528,-8,-13;544,-3,-10;598,-9,-57;600,-5,-27;610,7,26;624,-3,-20;678,-22,-39;758,9,20
rua|doutor|levi antonio beirigo malaquias|dom antonio|35550000|55,-2046932,-4508387;65,-13,9;66,1,-23;76,-11,8;77,-2,21;86,-8,-19;87,0,21;98,-7,-15;99,2,22;108,-11,-21;120,-17,10;130,-9,-1;143,5,29;152,-11,-26;155,1,41;162,-17,-35;167,4,38;172,-4,-38;179,-6,47;182,-7,-41;192,-14,4;195,10,41;202,-18,-37;207,5,49;212,-14,-49;219,4,54;230,-17,-44;231,9,52;240,-21,-46;250,-11,-3;253,24,49;260,-32,-38;265,13,53;269,28,-25;270,-41,6;277,9,27;280,-31,-56;289,25,58;290,-32,-54;300,-4,-1;313,19,62;322,-34,-60;325,15,79;334,-23,-69;337,20,73;346,-31,-71;349,22,76;358,-28,-68
rua|doutor|luiz mosqueira pereira de melo|areao|35550000|30,-2047649,-4512380;33,-6,3;50,5,-25;61,4,-6;72,4,-10;80,-3,-8;84,3,-4;91,-3,-3;94,3,-5;110,6,-22;111,-9,10;121,6,-22
rua|doutor|severo mendes|centro|35550000|21,-2047285,-4512228;29,-8,7;39,-7,2;44,-5,-1;50,-6,-1;57,0,9;60,-4,6;72,-56,35;80,35,-27;100,-16,13;110,-5,10;120,-5,-1;150,-17,18;160,-15,4;164,-2,8;175,-11,8;185,-4,5;192,-12,2;195,10,15;205,-18,-11
rua|doutor|severo ribeiro da silva|alto alegre|35550000|15,-2047412,-4514056;27,-1,-1;30,7,-15;39,-18,1;40,8,-3;51,-9,-15;80,7,-3;85,-10,-4;92,1,-17;95,-1,12;103,-6,-17;110,4,2;115,12,43;119,-22,-60;120,8,6;127,-22,-14;134,16,6;135,-13,-19;140,9,7;147,-15,-17;154,12,4;185,-30,-12
rua|irma|cecilia|nova ita|35550000|8,-2047268,-4513636;14,-4,-4;32,-13,-7;39,-7,7;47,-8,-4;79,-30,-12;89,-3,-7;99,-26,-5;109,5,-2
rua|major|egidio luis de cerqueira|centro|35550000|14,-2047165,-4512507;21,-25,-5;32,13,-2;42,-15,-6;55,-9,-4;69,-5,-9;73,-15,-1;77,4,-5;78,2,1;82,-3,2;87,-7,5;99,-16,-7;111,-5,-14;114,4,-1;119,-7,-1;133,-16,-6;333,114,82
rua|major|egidio luis de cerqueira|ingas|35550000|237,-2047341,-4512596;239,-8,0;247,-7,-7;257,-12,-1;273,-5,-8;285,-16,-5;307,-21,5;321,-11,-6;329,-6,-1;337,-5,1;345,-9,-4;359,-16,2;373,-10,-1;385,-9,-1;393,-8,3;405,-20,6;419,-12,-3;431,71,-11;439,-86,13;445,-3,-1;453,-4,5;459,-6,-4
rua|major|egidio luiz de cerqueira|ingas|35550000|230,-2047348,-4512596;244,-5,-6;256,-2,-2;264,-15,-4;274,-5,-3;284,-11,1;294,-6,-9;300,-12,3;312,4,-4;322,-23,-5;332,-7,3;358,-32,-2;384,-6,-2;402,-15,1;408,-8,2;448,-21,2
rua|monsenhor|cerqueira|centro|35550000|1,-2047058,-4512186;20,-1,15;32,-11,2;37,15,3;44,-9,6;56,-4,11;67,10,-10;72,-14,24;77,11,-8;96,-16,27;99,13,2;114,-15,17;115,12,1;124,-17,10;125,13,1;128,-15,14;134,-2,13;143,13,-8;153,-1,8;159,0,6;166,80,129;177,-82,-111;180,-9,-10;191,2,21;194,-14,11;203,14,2;215,-9,8;220,-14,7;226,0,2;231,3,9;234,-5,5;240,21,7;243,-8,-1;246,-14,5;266,1,10;288,-13,16;302,-8,24;318,0,17;326,-2,3;344,4,18;348,-8,-3;351,35,-94;352,-35,105;355,10,-22;358,-6,27;361,26,-104;363,-11,41;365,-12,54;371,25,-79;372,-38,95;375,12,-5;377,19,-76;381,-15,57;382,-11,37;392,-1,5;394,-2,4;405,14,2;411,-23,31;413,26,-90;416,-24,74;420,-16,13;423,15,13;436,-10,-1;453,6,19;456,6,7;460,-13,6;467,11,6;478,-19,8;481,7,7;490,2,2;494,-9,8;495,4,-4;496,16,-91;500,-31,90;503,10,13;511,7,7;512,-16,-14;519,11,16;523,-6,9;527,-3,5;531,10,4;532,-25,-6;533,10,2;541,-11,15;542,7,-17;546,-9,3;556,-4,8;561,4,4;579,-21,21;585,6,12;599,-9,19;607,-15,18
rua|monsenhor|lucas rabelo malaquias|centro|35550000|9,-2047414,-4512324;16,-10,-8;21,-6,1;35,-15,1;40,2,0;45,-10,5;48,9,-4;58,-23,-1;94,-28,8;99,34,0;119,-9,-2;129,-6,-2;139,-15,3;150,10,0
rua|padre|belarmino|ingas|35550000|528,-2047607,-4512628;539,6,0;540,-9,-2;546,-12,-3;549,-88,46;551,0,0;555,70,-39;558,10,-12;564,-20,-1;572,9,7;580,-4,-4;585,-24,6;588,13,-8;596,-2,4;598,2,-2;605,-26,18;621,-12,-1;631,-10,18;641,-11,-4;697,-25,8;712,-14,1;717,-3,3;718,-11,2;727,4,1;728,-5,-4;735,-10,15;736,-1,-5;737,26,-10;741,-30,11;746,-1,-1;756,-11,-5;766,-12,-2;770,-3,16;776,47,-19;784,-63,25;791,34,-17;794,28,-9;801,-34,23;810,-44,9;811,38,-8;815,-6,-1;827,-10,9;837,-8,1;840,-21,5;847,22,-6;851,-15,7;852,-20,3;857,42,-11;867,-42,11;877,-4,8;887,-7,25;898,-5,-25
rua|padre|joao vitor correa|bom jesus|35550000|10,-2047398,-4511262;15,-7,-25;21,397,383;31,-382,-352;33,384,359;35,-375,-356;45,5,5;55,8,5;85,2,5;95,4,10;104,11,12;105,4,-6;110,-11,12;115,19,-7;118,-6,11;124,17,15;127,-7,-17;135,9,10;142,1,-4;143,8,11;155,9,7;165,4,4;172,-8,4;175,8,0;185,2,15;186,0,-3;193,11,5;198,-3,9;203,11,-3;205,21,22;206,-21,-31;213,5,10;216,10,16;223,-4,-6;233,8,9;236,-4,5;240,13,16;246,-5,-10;256,15,16;257,-7,-11;273,9,3;282,-2,16;283,9,-11;290,7,15;293,-188,-315;295,190,310;296,-5,15;301,-88,-164;304,95,163;314,-44,36;315,-160,-326;319,223,284;326,-10,13;329,-220,-290;331,242,279;336,-10,13;358,22,15;361,-246,-295;364,257,288;371,-251,-272;372,254,275;378,-1,4;390,18,2;404,8,-1;411,25,0;419,8,7;421,-308,-249;425,310,245;426,-16,14;428,-12,12;434,26,-7;437,5,-9;452,-1,25;469,20,-13;470,-4,19;477,7,-16;483,10,10;486,-5,18;493,2,-22;500,-3,39;501,19,-22;511,2,4;512,-7,10;514,-1,22;523,24,-20;535,-13,15;536,3,7;545,9,-3;552,-19,22;555,18,-16;564,-20,20;565,20,-13;570,-6,26;575,14,-8;576,-10,27;583,13,-29;595,6,17;598,-20,22;606,7,10;617,19,-18;618,-21,24;648,9,44;660,-1,8;662,-10,-3;670,2,8;678,-4,11;688,-2,6;699,24,-16;706,-35,24;710,2,6;711,22,-20;716,-18,29;722,-1,6;725,15,21;736,-12,-13;752,-3,15;762,-1,13;765,19,-19;768,-20,27;777,17,-14;787,9,14;793,-5,-1;859,-20,54;869,7,16;879,-1,9;889,-19,-14;899,16,38
rua|padre|jose mariano|centro|35550000|9,-2047232,-4511888;35,-4,26;51,-15,16;65,2,13;71,2,1;81,-1,12;99,-4,-2;101,2,21;109,-9,11;111,79,-269;121,-78,262;131,-10,17;141,-1,3;161,-4,21;165,-2,19;216,38,-123;230,-2,-13;242,3,4;250,-6,5;262,-5,12;280,-2,11;292,-7,16;302,0,3;320,-8,29;344,-11,25;354,3,12;364,4,14;382,-10,-1;408,-15,34
rua|padre|manoel xavier|centro|35550000|11,-2047208,-4512833;21,1,6;86,-5,8;111,-3,-29;136,11,40;160,-17,-87;216,-136,-176;232,-6,10;246,-18,-17
rua|padre|manoel xavier|ingas|35550000|31,-2047252,-4512915;65,-24,-32;101,-22,-27;187,-45,-61;251,-42,-50;275,35,-60
rua|padre|manoel xavier|oliveira moraes|35550000|174,-2047417,-4513128;372,-40,-32;444,-63,-18;445,-9,-3;457,-11,-3;480,-8,-7;481,-18,15;492,10,-16
rua|padre|teixeira|centro|35550000|12,-2047246,-4512436;15,-6,13;26,2,7;31,2,-5;42,-9,10;46,11,2;76,-10,43;94,5,10;110,-2,11;124,0,18;131,-6,12;136,5,-1
rua|professora|geralda melo malaquias|areao|35550000|51,-2047572,-4512443;57,2,4;64,-16,-1;65,13,9;72,-14,-2;73,9,13;83,-2,9;94,-5,-3;112,-2,17;127,1,46
rua|professor|cesario mendes|centro|35550000|28,-2047178,-4512760;29,9,5;35,-1,-2;45,-5,-8;46,-5,0;55,12,-12
rua|santa|marta|silvio dias|35550000|71,-2046690,-4512489;81,2,-1;84,5,2;95,3,-21;135,27,-35;172,22,-26;176,-77,138;192,154,-246;202,-79,92;243,32,-37;311,41,-71
rua|santa|rita de cassia|bom jesus|35550000|15,-2047279,-4510520;24,40,-14;25,-52,15;269,-9,5
rua|sao|bento|alto do rosario|35550000|10,-2047748,-4512028;11,-17,14;14,5,-7;31,11,29;40,-17,-28;41,4,5;48,-9,-1;51,2,2;56,-6,0;61,-3,4;66,-10,-4;70,-2,12;71,5,-3;76,-17,-1;77,17,0;80,-9,-10;81,-6,14;91,-2,3;98,-5,-21;100,4,17;111,-20,7;112,-11,-1;150,19,-2;160,-11,1;164,-11,2;177,30,-3;190,-31,13;210,-14,-3;220,-14,2;222,18,-7;230,-17,9
rua|sao|jorge|neolandia|35552000|18,-2034367,-4515430;28,0,-12;31,-6,11;32,-17,-21;38,11,7;41,1,7;59,-8,-6;74,-22,-36;75,19,28;78,2,-7;81,-13,4;88,2,-14;95,-26,-18;103,2,13;105,-14,-24;116,31,23;120,-14,-48;123,7,12;128,-7,15;157,2,13;176,92,51;189,80,146;191,-57,-81;256,-37,-69;268,79,130;306,10,22
rua|sao|jose|neolandia|35552000|11,-2034180,-4515303;27,-20,-22;40,13,-9;46,8,6;49,-31,-5;52,15,-6;57,35,39;59,-49,-36;76,-8,-25;79,-15,-3;88,25,9;89,-35,-13;96,17,-5;99,-24,-6;111,-7,-2;114,17,-4;123,-89,-70;124,79,65;132,-6,-8;133,-72,-59;142,65,52;143,-64,-52;153,46,47;163,-6,-2;182,1,-14;200,-9,-10;201,-18,-1;211,-53,-59;217,39,42;221,-34,-36;224,-53,-55;225,58,56;226,-17,-15;228,8,2;230,2,2;231,14,18;236,-9,-17;241,21,38;242,11,-3;252,-8,-11;260,-6,-2;268,-6,-8;290,339,408;292,-376,-442;297,383,443
rua|sao|jose|rosario|35550000|14,-2047519,-4512139;22,-11,-7;25,-5,4;31,0,2;32,2,-3;41,-354,12;43,348,-3;44,-6,-7;53,-7,7;65,-5,-2;70,-13,-6;84,-12,-1;85,9,5;104,-31,-4;119,-12,-3;120,3,10;130,-8,1;131,-8,-4;142,-1,3;147,-17,3;152,0,-12;153,2,4;164,-8,2;167,-8,5;174,1,-8;175,-8,19;183,-4,-19;190,-1,3;197,-3,8;198,-12,-8;207,-6,5;210,3,-7;213,-11,7;218,1,-8;225,-14,10;226,5,-8;233,-9,30;234,2,-29;237,1,3;248,-4,3;251,-8,1;254,-6,-4;259,-6,7;266,-3,-10;267,-3,2;279,-11,4;280,6,-9;289,-21,8;294,6,-3;301,-12,4;306,1,-4;307,-14,4;318,3,-3;322,-12,-4;328,6,8;332,-20,2;351,-7,0;354,3,-8;361,-21,11;371,-3,-5;374,8,-2;381,-17,4;384,16,-6;396,-14,3;406,-13,-2;416,-4,-5;430,-10,9
rua|sao|sebastiao do oeste|alto do rosario|35550000|99,-2047521,-4511737;105,-4,16;108,-2,-25;118,2,28;127,-19,-5
rua|sao|sebastiao do oeste|magnolia|35550000|161,-2047563,-4511701;164,-4,-7;167,-10,9;182,-25,-13;188,9,19;195,-16,14;202,5,-14;222,-17,10;227,5,5
rua|sao|sebastiao do oeste|rosario|35550000|3,-2047428,-4511756;4,-5,-11;5,-6,11;8,-4,-8;15,-3,6;20,-8,4;25,-2,10;30,-10,-8;46,-8,5;510,48,-18
rua|sao|sebastiao|neolandia|35552000|3,-2033961,-4515121;17,-26,-35;18,7,7;28,-5,-8;29,-11,-5;38,4,-4;44,-14,-16;49,7,13;61,-4,-2;150,25,23;172,21,25
rua|sao|vicente|neolandia|35552000|7,-2034113,-4515020;8,51,-28;18,-3,-5;29,-2,-1;32,19,-10;39,-59,61;44,70,-64;56,0,-5;66,13,-13;69,-8,3;78,12,-4;110,18,-10;114,0,-7;116,14,-13;118,-1,1;124,-76,74;126,13,-19;139,63,-67;146,13,1;151,-2,-9;154,-122,120;162,135,-122;186,5,-9;198,12,-11;201,5,-6;210,5,6;215,-20,4;220,23,-12;225,5,-7;228,7,-22;238,2,19;250,7,-8;269,5,-9;279,12,-8;280,2,1
rua|senador|soares|centro|35550000|2,-2046938,-4512794;11,-17,2;12,7,-5;16,0,-10;25,-14,41;32,19,-49;37,-8,-16;38,5,-1;44,2,2;49,-12,-3;50,13,-1;53,-3,-7;56,7,5;70,1,-31;74,-7,-3;81,5,2;89,9,-12;97,-7,-2;106,2,-12;109,11,3;115,-1,-7;118,-3,9;128,8,-14;131,-10,-5;134,7,-8;140,3,-4;156,0,-16;162,1,6;168,10,-13;176,-4,-11;186,5,-9;200,-1,-11;212,5,-14;218,3,-6;232,2,-3;238,0,-9;246,1,-10;258,11,-102;266,-4,83;286,-1,-16;294,3,-7;306,-48,184;320,48,-212;326,0,-8;348,10,-14;358,-7,-12;364,2,-10;370,4,1
rua|senador|soares|nossa senhora das gracas|35550000|131,-2046930,-4512918;151,4,-19;157,15,-1;159,-7,-8;167,1,-9;177,4,-4;189,-6,-11;193,6,9;209,5,-26;227,7,-18;233,1,-7;243,-3,-12;253,5,1;289,4,-33;295,6,-14;309,-19,-14;317,21,-9;335,-8,-18;347,1,0;353,0,-9;361,1,9;384,10,-39;391,-61,-32;401,13,-7;411,2,3;416,46,12;423,-9,-18;433,3,-5;450,4,-13;466,-4,-14;478,2,-13;491,-1,-11;494,-2,-2;499,-7,-7;503,-1,-8;508,6,1;519,-4,-3;522,4,-9;533,-6,-11;534,4,-8;546,0,-5;551,-1,-1;556,-6,-16
rua|vigario|antunes|centro|35550000|3,-2047165,-4512339;4,13,1;7,5,-6;8,-7,1;11,12,-3;14,-10,-7;17,10,0;23,2,-4;27,0,-3;43,8,-5;44,-4,-2;47,8,-3;51,3,-5;54,3,-16;56,-40,9;59,44,0;65,2,-12;70,18,7;74,-14,-5;75,-6,-6;81,7,-2;86,1,-2;91,-4,-6;183,48,-79;184,4,3;190,3,-17;199,6,0;200,2,0;206,-1,-3;211,14,-30;221,-11,19;222,6,1;243,5,-20;244,10,2;249,-14,-10;250,8,11;259,-5,-5;267,16,-15;276,0,-17;279,-2,-5;288,7,1;291,-7,-3;306,14,-9;315,-2,-9;316,24,-3;317,-18,-3;329,-3,-4;330,7,3;333,-2,-11;334,7,-1;338,4,4;345,-13,-9;350,18,-12;358,8,-8;359,-12,5;368,8,-8;377,-6,-11;378,7,3;392,8,-11;413,6,-22;416,-2,-1;419,-17,26;431,12,-32;434,6,-4;435,-8,-16;442,10,1;444,3,0;449,-10,-3;459,11,-6;466,24,-9;476,-21,-15;479,-5,9
rua||02|cidade jardim|35550000|30,-2047024,-4511211
rua||04|cidade jardim|35550000|22,-2046993,-4511176;23,-3,-1;35,10,-5;60,13,-4
rua||1|ingas|35550000|5,-2047833,-4512681;11,6,-9;21,11,6;31,12,-10;41,9,-2;51,-8,2;119,71,-32;122,-8,14;132,9,-4;137,-6,-14;142,15,4;151,-5,-4;152,16,9;163,-4,-15;169,3,4;170,5,-9;180,15,10;188,21,-16;190,-6,19;198,15,-19;215,1,-13;233,34,-10;239,2,3
rua||1|lamounier|35551000|22,-2047313,-4503447;44,-5,10;46,11,44;56,12,9;63,1,-7;76,5,15;86,13,11;87,1,-5;88,-10,-3;97,14,8;100,3,11;111,3,-5;112,-5,4;120,10,11;123,-34,-47;134,46,57
rua||2|ingas|35550000|47,-2047700,-4512692;117,-51,-81;127,-1,-1;192,-57,28;198,35,15;208,105,-67;212,6,-1;225,-163,60;235,-25,9;237,158,-72;238,-58,29;245,-109,63;247,157,-88;262,-34,25;263,25,-25;272,-7,22;273,-5,-18;279,-11,8;282,20,-8;283,-33,17;307,-18,5;317,-17,-2
rua||3|lamounier|35550000|11,-2047337,-4503407;21,17,2
rua||3|lamounier|35551000|10,-2047337,-4503404;20,9,2;30,11,2
rua||afonso francisco ribeiro|marilandia|35550000|10,-2036092,-4493429;18,17,-71;26,51,-4;30,-7,4;40,-15,-1;50,4,-9;60,-7,1;80,-21,0;121,99,28;151,24,10;163,22,-9;181,2,-3;187,9,7
rua||afonso pena|areao|35550000|294,-2047516,-4512225;306,-10,-5;314,-12,3;320,-12,-6;342,-14,5;364,-17,-5;374,-8,3;382,-10,0;384,-7,-2;396,-7,1;410,-12,-2;420,-3,3;454,-24,-8;462,-23,1;482,-18,-1;490,-11,0;500,-10,1;510,-19,-4;774,-103,-17
rua||afonso pena|centro|35550000|10,-2047272,-4512246;22,2,-7;29,-8,6;35,-5,-5;46,-21,-2;51,-511,150;58,511,-147;68,-12,8;71,-8,-1;75,-7,0;77,-1,3;78,-2,-3;85,-8,-2;88,5,-3;105,-12,6;106,-6,0;115,-1,4;118,-6,1;128,-5,-2;129,-6,3;137,-1,1;141,-10,5;142,-5,-1;150,-9,-5;159,4,1;166,-18,2;169,4,8;183,-11,-4;186,-6,-6;189,4,7;204,-11,-4;207,-1,3;211,-8,3;214,-4,-1;221,-14,-2;226,7,3;231,-14,1;237,-6,0;238,7,4;245,-14,0;256,-6,-2;257,0,5;262,-1,-5;265,-10,4
rua||afonso pena|rosario|35550000|301,-2047525,-4512212;305,-2,4;319,-12,-2;321,-4,-4;323,-19,4;333,11,2;355,-22,-7;375,-16,-1;387,-9,-11;403,-12,8;411,-11,25;415,-17,-31;421,2,-1;431,5,3;457,-38,-2;467,-2,2;475,-11,1;489,-9,-5;557,-46,-9;565,-23,5;585,-21,-8;595,-7,5;637,-39,-11
rua||agda mendes rabelo|bela vista|35550000|31,-2046871,-4511574;43,132,71;102,-29,32;108,-3,6
rua||agda mendes rabelo|jardim alvorada|35550000|69,-2046756,-4511486;77,-4,6;87,3,3;97,-5,4;144,-24,39;156,-6,16;166,-4,1;176,-7,19
rua||alcebiades ribeiro da silva|nova ita|35550000|44,-2047277,-4513470;51,9,16;54,-23,-19;59,-5,5;68,-7,-8;71,8,9;79,-12,-11;80,3,3;91,-15,-7;92,3,4;102,-10,-11;112,-12,2;115,-5,7;161,-39,-19;173,-5,-3;178,-2,-5;181,-13,-2;187,1,6;193,-5,-9;199,-8,6;211,-6,-4;223,-8,-4;229,-2,2;238,-12,-13
rua||alipio da cruz de souza|ingas|35550000|16,-2047426,-4512833;38,3,-25;54,-1,27;64,20,-49
rua||altina pope de morais|nossa senhora das gracas|35550000|32,-2047069,-4513113;44,-20,-3;64,-10,-8
rua||altina pope de morais|oliveira moraes|35550000|35,-2047073,-4513102;39,-5,-9;65,-18,6;75,-7,10
rua||amazonas|andreza|35550000|7,-2047452,-4510804;30,-26,-1;31,0,5;43,-16,-1
rua||americo barbosa malachias|magnolia|35550000|21,-2047534,-4511628;22,0,1;33,-10,3;34,-8,-6;45,-14,3;59,-6,-1;60,-2,2
rua||americo vespucio|marilandia|35550000|33,-2036200,-4492908;51,7,-2;54,4,-1;61,6,-9;68,2,7;74,6,-5;75,-2,-5;80,15,-8;81,-9,-10;88,21,2;91,-7,-14;96,8,-1;100,151,-251;104,-143,248;110,143,-267;114,-126,248;121,95,-108;148,45,-183;149,6,-27;163,2,-14;220,-1,-11;264,-5,162;267,-50,80;306,42,-29;326,14,-33;408,225,-167;440,9,-28
rua||amoreiras|lamounier|35551000|11,-2047479,-4503672;27,-9,1;30,0,-2;41,-13,9;44,-6,-10;51,1,6;91,-33,3;97,-13,0
rua||anesio carneiro sobrinho|nossa senhora das gracas|35550000|240,-2047462,-4513590
rua||anesio carneiro sobrinho|nova ita|35550000|6,-2047258,-4513523;12,-14,-3;29,-1,9;34,-13,-13;41,4,7;48,-1,-13;54,-15,2;60,-2,-4;65,-16,43;66,10,-47;72,-5,3;75,-3,9;84,-7,-15;130,-42,-9;166,-24,-13;171,-7,1;179,-7,5;195,-14,-10;201,-3,-4;206,-4,-3;209,-5,5;255,-37,-19;367,23,15
rua||anesio mariquita|sao geraldo|35550000|10,-2047384,-4511398;11,-14,2;15,5,2;33,11,13;47,4,4;92,39,36;94,9,17;95,32,37;96,-28,-29;100,25,36;106,-21,-27;107,15,10;117,-30,-48;118,22,52;131,20,15;141,9,8;147,-50,-95;175,90,122
rua||antenor rabelo|neolandia|35552000|5,-2034100,-4514872;21,-4,-10;46,76,124;51,-75,-111;105,37,59;106,-18,-34;160,49,82;201,-23,-40
rua||antonio anga|jardim alvorada|35550000|38,-2046971,-4511294;63,20,-52;75,-10,13;113,24,-36;232,-47,84
rua||antonio barreto|marilandia|35550000|22,-2036499,-4492868;32,-4,-10;40,-3,-17;44,10,8;96,-5,-73;104,-4,17
rua||antonio cerqueira|neolandia|35552000|12,-2033953,-4515216;37,-21,26;39,7,-5;43,6,-6;53,5,-1;54,-33,20;60,13,-12;74,10,-5;230,20,-9
rua||antonio claret araujo|andreza|35550000|24,-2047363,-4510472;46,-19,4;56,-11,3;87,-23,2;95,4,-7;103,-19,3;166,-81,14;178,9,-4;218,-34,-3;230,-11,3;242,-9,4;254,-13,-1;271,-26,5;288,-6,-7;310,-19,-1
rua||antonio diniz dias|neolandia|35552000|16,-2034122,-4515114;20,184,-165;30,-75,71;52,-80,67;60,-57,38;62,52,-48;68,13,7;70,-17,-1;80,-12,14;90,-9,5;100,-7,10;128,81,-64;149,91,-86;159,7,-4;178,-55,57;188,4,-8;190,-83,77;198,90,-86;208,9,-3;220,7,-8;240,20,-14;253,15,-23;260,3,6
rua||antonio diniz dias|nossa senhora das gracas|35550000|4,-2047038,-4513066;13,7,-10;14,6,10;27,7,-2;28,-7,9;37,15,-9;40,1,9;50,14,-2;53,-2,-6;61,12,5;64,-11,10;72,15,-2;75,4,-4;82,4,11;85,11,-10;95,5,-3;96,-10,8;102,16,6;115,15,-4;116,-6,6;121,9,-4;127,7,0;133,7,-2;159,17,20
rua||antonio ferreira silva|boa viagem|35550000|3,-2048492,-4512014;5,12,15;12,3,33;31,2,-19;32,-2,26;100,-37,147;120,-8,16;131,26,-62;133,-6,17;141,22,-54;151,-24,56;161,-3,15;165,16,-54;171,-19,63;181,1,-1;191,-10,11;201,2,3;210,-6,18;220,-14,2;227,9,6;230,-14,-2
rua||antonio goncalves rodrigues|neolandia|35552000|10,-2034071,-4514943;24,-1,-18;40,39,124;51,-33,-80;110,7,26;170,7,20;190,26,56;200,2,-5;220,14,18
rua||antonio manoel|marilandia|35550000|5,-2037132,-4492291;10,547,-508;51,21,212;77,-29,-190;81,-73,24;91,104,167;93,-102,-154;105,21,55;107,66,-95;111,-23,153;112,91,-7;114,-154,-104;121,-66,84;146,10,-27;149,32,-23;164,-49,40;167,396,104;169,-348,-135;172,257,65;174,-267,-67;183,1,7;184,-9,3;201,-2,13;243,-28,25;253,-18,21;263,-14,13;291,480,20;300,-499,-32;308,18,4;356,-31,34;362,-5,5;363,38,-27;371,-50,47;376,0,-4;386,-23,29;389,14,-9;390,-26,2;392,-2,-10;396,16,10;400,-23,28;406,-13,10;407,23,-23;427,-17,29;431,9,-10;441,-4,6;537,-66,73;549,-7,10;559,-9,8;586,0,-8;596,-14,0;597,70,-53;605,-6,10;606,-73,57;616,-15,5;619,23,0;629,45,-45;649,-67,66;659,-6,-7;669,-15,10;679,-6,2;689,-1,12;692,18,-34;699,-40,40;704,29,-18;711,-35,28;714,25,-29;726,0,17;735,-49,31;741,-16,4;743,8,-4;745,-33,25;757,10,-6;775,-24,8;805,3,7
rua||antonio mendes cunha|centro|35550000|141,-2047329,-4513070;154,13,-7;189,19,-19
rua||antonio mendes cunha|ingas|35550000|12,-2047425,-4512986;19,9,-3;23,2,-1;29,8,-8;43,18,-14;57,7,-9;71,-5,-13;80,20,2;81,-4,0
rua||antonio miguel da silva|nossa senhora das gracas|35550000|119,-2047116,-4513431;131,-8,21;145,3,4;155,-1,15;165,9,4;177,-1,9
rua||antonio miguel da silva|nova ita|35550000|16,-2047144,-4513536;17,20,56;21,-9,-18;24,-7,-26;25,13,16;34,-12,-6;35,4,-8;48,-4,11;55,14,-39;58,-10,52;65,-6,-55;100,3,105;108,9,17;110,4,-9;120,-6,22;144,4,8;154,4,15;166,2,14;174,-1,19
rua||antonio patrocinio|alto alegre|35550000|30,-2047457,-4514062;31,-8,3;41,-1,-1;47,7,-9;51,-7,2;54,2,-9;55,-11,-7;66,5,-8;71,-10,-8;80,1,-13;89,-6,6;90,2,-15;100,-2,-7;101,-4,5;123,-10,-10;147,-1,-14;150,2,-13;160,-8,-16;167,-2,10;179,-6,-12
rua||antonio ribeiro avelar|oliveira moraes|35550000|8,-2047532,-4513297;29,-28,6;35,2,2;42,0,3;46,-10,0;58,-5,26;77,1,5;89,-2,14;149,-21,71;176,-7,-4
rua||antonio siqueira|centro|35550000|23,-2047056,-4512682;28,-14,7;35,0,-8;40,-9,1;45,-3,-4;50,8,3;60,-12,-17;65,-6,0;70,-3,6;75,-6,-8;80,1,2;85,-15,-8;88,4,-3;102,-6,-9;112,-8,-12;126,-1,-4
rua||aparecida maria da costa diniz|jardim alvorada|35550000|6,-2046943,-4511480
rua||areao|marilandia|35550000|25,-2037010,-4492607;46,28,26;61,10,18;66,11,-7
rua||arranha ceu|nossa senhora das gracas|35550000|2,-2047073,-4514044;27,-74,34;38,-11,-2;41,3,3;49,-11,7;50,-6,-6;55,3,9;77,-19,-7;78,-4,-18;87,-1,10;829,68,-17
rua||aureliano moreira|alto do rosario|35550000|189,-2047603,-4512026;191,4,-16;210,-2,26;211,2,-2;219,-3,16;220,-6,-8;230,1,10;233,21,22;239,4,-8;245,-21,0;255,0,13;262,-3,4;265,2,-5;274,-3,11;280,2,14;293,-5,45;349,-3,13;351,1,-5;352,4,-86;382,-5,33;412,-2,18;414,0,7;424,-1,9;436,0,9;446,1,14
rua||aureliano moreira|rosario|35550000|25,-2047581,-4512188;28,-6,-1;35,6,10;38,-7,-1;45,-7,17;52,12,1;62,-6,10;99,-1,36;106,-14,5;107,-5,-16;109,15,19;116,-5,7;123,4,3;126,-6,6;131,7,3;134,-4,4;143,3,5;144,-2,-14
rua||a|neolandia|35552000|21,-2033991,-4514811;33,-5,-4;34,0,-5;38,-9,8
rua||bahia|andreza|35550000|6,-2047604,-4510657;18,16,16;19,2,6;36,-1,12;43,6,9;54,-4,8;55,2,5;62,-3,13;65,11,-7;71,-7,4
rua||belarmino malachias|alto do rosario|35550000|363,-2047620,-4511886;375,4,16;450,8,35;460,6,18;470,9,11;480,2,4;498,-36,-71;546,58,107;550,6,6;556,5,7;564,0,10;566,10,28;576,-4,-7;606,17,34;608,14,60;610,-10,-53;616,-7,11;636,11,5;646,5,21;776,-119,-278
rua||belarmino malachias|magnolia|35550000|7,-2047426,-4511447;17,-4,-9;25,-1,-3;43,-7,-15;51,-4,-7;61,-5,-12;71,-9,-6;81,-4,-8;91,1,-7;113,-16,-27;127,0,0;159,-6,-28;171,-7,-18;195,-12,-15;207,-6,-15;263,-3,-6;275,-5,-3;311,-12,-24;317,0,-14;329,-8,-10;347,-10,-14;359,-3,-14;381,-8,-13;383,-12,-50;393,5,36;395,-16,-47;405,10,36;415,-1,-11;419,-14,-49;441,-14,-10;453,-3,-8;465,-2,-17;477,-5,-7
rua||belarmino malachias|rosario|35550000|14,-2047433,-4511472;440,8,12
rua||belmiro marcal da silva|bela vista|35550000|8,-2046934,-4511674;25,-8,-21;32,18,14;41,-4,-6;44,10,12;53,19,10;72,-47,-28;73,54,30;76,-5,4;79,30,8;80,15,17;87,-32,-25;94,9,13;125,7,-3;126,62,32;136,-40,-13;144,12,7;154,14,10;155,-35,-27;160,37,26;165,-245,-158;175,236,152;185,29,13;191,11,6;195,-17,-12
rua||belo horizonte|andreza|35550000|7,-2047368,-4510683;15,-6,-7;52,-19,-3;64,-15,3;101,-40,10;125,-28,8;140,11,-11;151,-30,19;163,-2,0;186,-17,-8;196,-18,2;213,-17,7;225,-8,4;243,-15,2;253,-11,-3
rua||belo horizonte|lamounier|35550000|107,-2047320,-4503482;131,-28,7
rua||belo horizonte|lamounier|35551000|30,-2047275,-4503491;50,3,1;62,-5,3;71,-19,3;86,-3,-4;116,-31,-4;128,-1,3;138,-6,2;156,-25,2;161,-10,10;166,5,-11;172,-13,4;175,-22,9;178,18,2;185,-15,-2;201,-10,1;220,-17,-8;230,7,-2;507,-12,5
rua||benedita santos ribeiro|ingas|35550000|171,-2047455,-4513128
rua||benedita santos ribeiro|oliveira moraes|35550000|26,-2047358,-4513228;38,-8,14;52,-13,4;64,-2,5;76,-12,12;88,-3,7;100,-15,3;112,-7,19;354,-15,10
rua||benedito carreiro|ingas|35550000|2,-2047870,-4512600;3,13,-16;4,146,30;6,-178,-10;8,16,-4;9,34,-17;10,8,1;15,8,-7;16,-17,11;20,12,-9;21,12,-2;24,-27,11;30,33,-10;40,99,36;43,-89,-43;46,-61,31;49,81,-42;50,69,54;59,-67,-51;60,-13,5;61,-87,30;119,111,-41
rua||bento duarte|lamounier|35551000|12,-2047524,-4503389;25,44,9;49,78,-21;50,-112,12;55,6,16;61,110,-36;62,15,-18;69,-8,11;71,-131,33;79,139,-37;80,-21,11;83,-130,26;123,-49,-2;136,12,-6;146,-11,-6;170,-8,1;195,-38,10;210,7,-7;222,-22,-1;230,-10,-2;340,195,6;547,47,-8
rua||bento ribeiro da silva|bela vista|35550000|5,-2047064,-4511772;19,1,-3;20,2,10;21,14,-8;26,5,10;30,-1,-2;45,3,-10;52,11,3
rua||berlink araujo|alto do rosario|35550000|18,-2047215,-4511669;28,-8,19;38,1,8;54,-4,16;66,-14,7;74,-2,7;84,-6,9;98,-7,17;112,-5,8;120,-5,-11;126,1,17;130,-3,4;136,-9,2;150,1,9;156,-7,5;166,-2,10;176,-15,5;186,-39,44;200,27,-32;218,-18,18;240,-14,11;252,-3,9;274,-16,15
rua||berlink araujo|sao geraldo|35550000|1,-2047229,-4511612;11,-4,9;21,-3,-3;23,-18,12;25,-2,3;35,3,10;63,-12,9;65,-9,4;83,-20,34;93,9,-11;101,-2,4;119,-9,11;129,-7,9;137,-9,5;153,-7,5;157,-7,21;169,-37,-5;187,-76,20;193,92,-5;211,-6,6;221,-16,21;231,-8,-1;243,0,7;273,-25,24
rua||bernardo monteiro|ranulfo mendes|35550000|15,-2046620,-4512420;29,-21,4;39,3,0;49,-2,0;50,-15,0;59,3,8;60,-13,4;72,-7,-4;102,-19,10
rua||bilico ribeiro|alto do rosario|35550000|200,-2047524,-4511927;201,-2,8;210,-8,-12;211,-3,7;220,-9,-9;221,5,8;232,-12,-8;233,-2,6;243,-8,-1;244,-2,-9;253,-7,8;258,-11,-4;265,1,1;268,-5,-6;270,-5,3;273,0,3;283,-13,-3;325,-25,-3;348,-9,-1
rua||bilico ribeiro|rosario|35550000|2,-2047392,-4511906;7,19,3;13,-6,-8;21,21,10;30,-17,-5;31,-3,5;41,-8,-1;47,-2,-2;51,-8,7;70,-23,-9;75,1,-4;84,-4,0;89,-6,4;97,-11,-10;100,1,0;113,-8,7;114,10,-7;130,-14,-5;137,-22,3;152,-8,-7
rua||bingue ribeiro|centro|35550000|39,-2046860,-4512556;40,10,-3;50,5,-17;62,5,-15;70,11,0;77,-8,-4;80,0,-6;100,9,-13;105,-8,-10;113,7,1;116,-4,3;121,1,-9;122,7,6;125,-29,60;126,24,-68;129,-3,-14;133,-11,59;139,10,-65;149,7,2;153,-3,-7;169,-4,-15;185,-1,-3
rua||bom jesus|bom jesus|35550000|30,-2047423,-4511243;47,256,375;77,-217,-347;174,45,40;180,-15,-8;191,41,40;201,2,7;205,7,3;211,1,17;219,6,1;231,4,9;243,6,14;244,11,-12;248,6,27;261,-2,-7;271,11,4;287,14,18;288,0,3;303,14,10;308,-8,2;312,60,16;318,-53,-15;319,2,-6;330,11,10;331,5,-4;335,-1,-11;339,12,8;346,-9,15;348,11,4;350,13,10;355,-6,-14;359,5,2;360,1,-6;370,7,26;371,12,2;378,-4,-8;379,0,-3;388,8,5;389,-10,9;398,1,3;405,5,1;409,8,-4;412,-6,6;415,2,9;416,-4,3;422,6,6;431,1,7;436,-8,6;444,-60,-14;449,67,17;456,-2,17;459,0,1;478,-33,19;488,30,9;489,16,-7;498,-17,21;499,10,-10;517,3,8;518,0,23;523,-6,-3;527,7,5
rua||brigida rabelo candido|nossa das gracas|35550000|6,-2047098,-4513355;14,-3,7
rua||brigida rabelo candido|nova ita|35550000|7,-2047099,-4513354;10,-33,-13;19,23,12;28,-34,-16;31,16,18;38,-30,-19;41,-10,2;43,36,16;53,-43,-18;55,33,8;59,-39,-7;65,-11,-5;77,-4,-4;95,-7,-2;101,-21,-7;110,11,-1;120,-9,-4;130,-9,-1;135,-23,-7;136,10,2;151,-29,-4;171,-23,-8;191,-7,-8;200,11,1;210,-15,-6;217,-9,6;248,-15,-16;260,-15,-7;272,-12,3;284,-14,-4;285,0,5;307,-14,-6;316,-16,-6;320,-23,-16;330,20,3;340,-8,4;343,-1,0;355,-27,-1;366,10,-4;367,-7,3;371,-30,-13;377,20,6;390,-5,-4;402,-13,-8
rua||brigida rabelo candido|oliveira moraes|35550000|355,-2047435,-4513451
rua||bruno alves ferreira|rosario|35550000|15,-2047878,-4512064;25,0,-147;31,6,17;35,-1,115;47,1,-16;73,-4,-13;75,7,-52;131,-6,55;141,-1,10;151,0,11;161,9,3;521,-3,-40;598,-1,71
rua||b|boa viagem|35550000|30,-2048532,-4511954;40,2,13;50,2,13
rua||b|marilandia|35550000|45,-2035592,-4494883;60,26,-123;85,-21,81;120,13,-51;125,4,-9;145,-3,28;215,17,-86;240,-20,109;250,-1,2;345,46,-212;346,-25,-39;415,33,-33
rua||b|neolandia|35552000|30,-2033966,-4514776;32,2,-5;498,9,-2
rua||california|marilandia|35550000|8,-2035936,-4493402;18,-119,-23;28,-2,0;34,78,12;38,-86,-21;40,-11,9;41,-11,-18;53,30,10;60,175,63;62,-220,-58;65,35,-10;89,19,8;131,63,5;149,18,11;165,1,9;195,45,-3;231,27,11;241,4,2;265,21,-1;288,18,14;300,8,4;312,5,-2;321,5,-20;322,16,20;334,9,5;348,3,0;395,-228,-51
rua||camacho|alto do rosario|35550000|20,-2047515,-4511888;25,-2,-7;27,-10,15;32,6,-15;39,-15,25;44,5,-18;50,0,3;51,-14,14;56,66,-37;59,-71,35;62,-4,-9;69,-7,14;76,3,-7;86,-16,5;91,-6,6;99,-6,-2;102,5,-2;111,-16,17;119,-6,-8;122,7,-2;132,-18,5;204,-55,19
rua||camacho|magnolia|35550000|171,-2047650,-4511834;183,-7,12;193,-2,-2;201,-12,0
rua||chico garrafao|boa viagem|35550000|142,-2048469,-4512257;151,-8,-3;152,-15,-22;161,-33,13;165,17,-22;169,-4,-1;171,14,-14;175,-10,40;257,5,-63;331,-38,-61;353,-12,-16;365,-11,-15;370,195,243;401,-198,-256
rua||cinco|dom antonio|35550000|7,-2046982,-4508353;17,-2,13;22,-6,5;25,8,5;32,-3,10;35,9,-3;42,1,12;45,7,5;52,-6,1;62,1,5;72,7,9;82,8,9;87,3,1;92,-2,7;97,7,2;102,-6,3;112,11,11;113,1,-2;122,2,6;132,10,13
rua||cinco|marilandia|35550000|29,-2035787,-4492096;43,-14,9;540,30,-41;830,4,21
rua||cinco|neolandia|35552000|26,-2034069,-4515368;27,-8,1;37,-6,-3;39,20,11;45,-31,-1;49,39,10;70,19,11;203,-22,-20;250,122,145;260,-2,-5;270,-67,-81;275,-5,-11;280,11,35;285,-7,-29;295,3,8;303,18,18;376,59,81;377,-6,1
rua||clara ferreira nascimento|ingas|35550000|5,-2047527,-4512911;6,5,-7;9,2,-40;12,3,29;34,16,-3;151,3,-110;154,6,0;176,2,-9
rua||claudio manoel|alto do rosario|35550000|32,-2047304,-4511701;46,9,-4;50,0,0;60,11,-1;72,10,2;82,18,4;96,-5,6
rua||claudio manoel|centro|35550000|15,-2047331,-4511714;23,11,6;67,35,-2;87,23,8;97,11,-3;179,-85,-14
rua||constanca ramos moraes|oliveira moraes|35550000|15,-2047272,-4513211;23,-14,10;35,-9,3;47,-10,12;59,-7,7;71,-7,4;83,-17,24
rua||cristiano machado|lamounier|35551000|7,-2047285,-4503768;10,144,100;20,-15,-12;56,-20,-18;61,-22,-5;77,-20,-12;96,3,-13;115,-24,0;116,5,-14;125,-10,6;132,-104,-85;147,93,76;166,-37,-43;173,14,24;207,-133,-113;221,91,88;235,-5,-11;245,-8,-8;255,-7,-5;275,-16,-12;287,-48,-48;294,16,8;306,20,18;307,-5,4;320,-21,-37;330,-9,-2;346,63,49;349,-85,-61;358,78,60;366,36,27;370,-102,-87;380,-12,-11;399,-30,-27;400,20,15;401,-1,5;404,-9,-20;405,4,10;407,-6,4;412,6,-6;418,-12,-22;430,-4,-8;749,33,65
rua||curitiba|andreza|35550000|5,-2047360,-4510565;10,6,-10;19,-12,17;55,-33,-8;65,-12,3;77,-9,1;86,56,1;87,-67,-3;97,-6,-1;98,44,-4;109,-52,1;142,-29,6;148,-10,-3;151,0,-1;156,-10,-1;165,-6,8;179,-21,1;203,-14,-9;213,-5,7;219,-8,-3;220,0,-3;227,-9,6;230,-5,-10;240,-8,2;249,-3,6;259,-13,2;269,-1,0;270,-23,-8;273,9,8;281,-5,-4;291,-8,4
rua||c|marilandia|35550000|239,-2035658,-4495041;254,10,-24;293,-6,14;303,5,-33;375,-7,-27;505,35,-94;565,9,-76;624,16,-46;744,22,-114;745,-10,9;782,21,-33;837,0,-46;874,13,-49;877,-1,4;913,7,-34
rua||c|nossa senhora das gracas|35550000|5,-2046793,-4513708;25,14,81;35,-15,-44;45,5,4;55,9,24;113,28,81;119,-8,-4;129,-11,-20;154,0,-36;174,2,12;175,-3,35;185,-6,-3;190,4,-14;220,1,0;250,2,-8
rua||da fonte|marilandia|35550000|5,-2036304,-4493109;85,-6,10;359,-31,-230
rua||da pedreira|boa viagem|35550000|20,-2048564,-4512050;30,-9,-6;40,-10,-11;45,-6,2;55,-14,-20;60,6,3;61,40,52;69,-2,0;110,-59,-86;155,6,27;165,-7,-30;183,-11,8
rua||da prata|alto alegre|35550000|16,-2047347,-4513958;30,-8,-9;35,37,7;44,-28,2;45,17,0;54,-9,-7;55,21,5;72,-37,-4;177,51,-4
rua||dada goncalves|ingas|35550000|15,-2047382,-4512807;49,14,-18;55,8,-19
rua||dada malaquias|areao|35550000|17,-2047509,-4512249;27,-8,-6;37,3,-12;137,1,-95;147,-5,-4;167,-2,-24;177,1,-10;187,0,-20;197,-5,-4;241,18,-25;245,-10,-6
rua||dada malaquias|centro|35550000|8,-2047508,-4512250;46,2,-232;54,6,-7;62,-17,182;64,20,-187;72,-13,181;76,24,-187;80,10,-1;88,6,-5;96,-45,161;106,54,-167;108,-53,158;118,63,-161;120,-70,153;126,75,-156;136,9,-9;148,4,-3;166,16,-4;176,12,-8;188,7,1;198,0,-3;224,33,-16;232,11,-4;240,5,-4;252,12,-3
rua||dada malaquias|ingas|35550000|7,-2047545,-4512474;23,8,-3;25,21,-10;55,11,-14;69,8,-4;85,17,-9;97,8,-1;105,42,-22;115,-18,-9;125,-6,10;133,-9,19;175,48,-29;181,14,1;217,30,-24;223,2,1;235,9,-6;273,11,-8
rua||das acacias|lamounier|35550000|16,-2047544,-4503838;30,-9,4;42,-13,3;54,-3,1;66,-12,9;76,-16,9;87,-2,11;99,-15,1;111,-8,4;112,4,-9;118,-6,5;124,-5,-3;150,-21,16;196,-40,19;202,-4,4;228,-24,12;234,-1,4;245,-5,12;246,-8,-7;258,-5,0;263,-30,24;294,2,-4;297,-5,15;306,-12,-7;328,-4,0;333,-19,18;338,5,-7;345,-6,14
rua||das camelias|lamounier|35550000|21,-2047733,-4503719;26,-12,16;31,11,-2;36,-13,15;41,16,-2;60,-7,24;72,3,8
rua||das hortencias|lamounier|35550000|6,-2047670,-4503647;16,-3,-16;26,-12,-85;58,3,37;84,2,25;100,3,21;105,5,-6;106,-8,9;112,-7,16
rua||das orquideas|lamounier|35550000|32,-2047602,-4503705;33,3,13;44,-11,-15;55,-19,9;57,49,-11;67,-52,11;91,-26,5;92,0,-6;105,-15,5
rua||das palmas|lamounier|35550000|79,-2047521,-4503754;101,-8,-12;113,7,-22
rua||dez|dom antonio|35550000|10,-2047034,-4508417;11,17,13;20,-31,-5;30,-8,4;34,-6,-7;40,-5,14;42,1,-9;50,-12,8;52,4,-7;60,-16,7;62,-11,5;72,-3,0;82,-13,7
rua||dez|marilandia|35550000|358,-2035506,-4495496;834,-22,-8;850,-169,-36;1078,83,15
rua||dionisio h nascimento|neolandia|35552000|11,-2034139,-4515220;16,50,-34;21,-4,-10;26,8,2;31,0,-18;33,-65,73;36,-4,-6;41,-9,15;42,45,-44;48,-50,43;50,98,-83;51,-98,90;56,-7,-6;59,112,-96;71,5,-10;72,4,9;73,-18,12;76,-123,97;80,145,-117;83,-6,1;89,13,-8;92,11,2;97,-10,-13
rua||do campo|marilandia|35550000|65,-2036973,-4492535;75,-18,16
rua||do campo|neolandia|35552000|51,-2034116,-4514990;73,-6,22;95,0,20
rua||do rosario|lamounier|35551000|21,-2047608,-4503436;26,9,18;30,-11,-12;36,12,-1;40,-9,9;50,0,15;198,-1,-3
rua||do rosario|neolandia|35552000|1,-2034214,-4515266;3,10,-12;8,7,-10;9,-1,-3;10,-1,13;12,-9,8;18,78,-99;21,-57,73;22,-28,28;23,82,-93;32,-117,120;34,126,-137;35,-120,142;45,-22,8;50,148,-161;57,-25,31;60,16,-10;66,14,-34;77,-42,69;85,-127,118;87,132,-129
rua||dois|bom jesus|35550000|15,-2047236,-4510669;23,-5,12;26,-7,-7;36,-2,0;54,-18,10;64,-7,-8
rua||dois|dom antonio|35550000|22,-2047123,-4508248;23,12,4;32,5,20;33,-1,-10;43,4,5;50,-3,14;51,8,-3;60,-2,8;61,7,-3;70,-3,8;71,4,-3;78,-2,15;79,14,-1;88,-7,8;89,6,-5;98,2,11;99,4,-2;108,1,10;109,3,-4;119,9,4
rua||dois|ingas|35550000|13,-2047552,-4512505;20,-2,-7;23,-14,-6;32,12,1;38,-13,-9;45,-12,-2;57,-6,-4;65,-8,2;77,-1,-6;85,-30,-2;87,14,-3;97,-6,-1
rua||dois|marilandia|35550000|6,-2037220,-4492085;24,1169,-585;63,26,-59;69,2,-4
rua||dois|parque industrial|35550000|101,-2047091,-4509105;154,-90,58
rua||domingos cecilio dos santos|cidade jardim|35550000|14,-2046866,-4510954;35,-62,-92;45,13,9;65,45,90;595,-63,-115;685,50,81;701,27,53
rua||domingos cecilio dos santos|jardim alvorada|35550000|14,-2047198,-4511522;63,-2,4;87,-4,137;97,-7,-109;99,-8,11;103,43,-78;107,-33,70;115,-14,24;117,26,33;119,17,96;127,7,11;133,-59,-113;137,66,108;143,9,8;153,7,18;167,2,6;187,15,10;191,8,8;211,9,9;217,15,7;233,11,9;235,0,2;237,6,13;249,6,10;257,8,4;285,7,8
rua||domingos cecilio dos santos|sao geraldo|35550000|10,-2047252,-4511546;20,12,2;25,-7,7;30,29,39;37,-25,-36;40,31,14;110,-9,40;118,-12,20;128,1,12;150,-25,43;160,-1,-13;165,24,4;166,80,108;177,-85,-89;180,98,106;188,-95,-97;194,98,103;200,-85,-100;210,-3,11;270,10,6;317,85,91;338,8,11;348,21,6;362,2,11;374,4,7;376,-15,23;378,1,-3;382,14,-9;386,15,1;396,2,8;596,136,146;708,67,128
rua||donana arantes|centro|35550000|29,-2047422,-4512168
rua||dos coqueiros|lamounier|35550000|35,-2047579,-4503690;54,12,-30;66,0,-11;69,-3,17;78,0,-29;88,3,-10;93,-7,3;102,4,-19;114,-8,-19;117,0,11;126,6,-18;127,-11,10;139,7,-11;151,-7,-15
rua||dos ipes|lamounier|35550000|11,-2047663,-4503633;31,-22,-3;46,-10,-6;60,-15,-19;65,11,23;73,-18,0;84,-27,1;96,-19,1;115,8,2;125,-6,5;137,-19,4
rua||dos pinheiros|lamounier|35550000|18,-2047619,-4503723;66,-3,-49
rua||dulce morais malachias|alto do rosario|35550000|19,-2047735,-4511928;29,5,4;41,2,15
rua||dulce morais malachias|magnolia|35550000|101,-2047574,-4511540;113,-7,-21;177,-100,-231;190,0,7;199,6,-5;202,1,15;209,8,6;214,0,0;281,26,61;293,3,11;303,15,10;327,3,23;339,9,11;351,-1,6;358,-5,9;363,15,9;370,-9,2;375,10,0;378,-9,2;382,5,3;392,-3,12;397,14,4;404,-4,6;419,7,1;423,0,0;424,3,17;431,4,-1;433,3,12;437,5,4;447,-2,1;472,23,37;480,-11,-2;493,9,6;506,6,24;511,-3,-15;523,5,10
rua||d|marilandia|35550000|1,-2035615,-4495733;7,5,-36;11,-23,115;54,35,-166;70,23,-192;329,-277,1454;571,105,-526;761,30,-164;858,31,-102;891,111,-682;923,-115,657;1144,50,-243;1304,53,-149;1324,-7,-51;1356,4,-31;1471,30,-192;1507,14,-30;1628,-20,84;1928,20,-85
rua||edmar diniz de oliveira|alto alegre|35550000|15,-2047488,-4514007;25,25,-9;41,209,-7;46,-84,-2;57,71,1;85,-76,2;86,65,-2;96,8,9;101,-15,-14;119,-43,8;127,7,5;129,1,-8;130,-16,1;139,-24,8;140,14,-22
rua||edson morais malachias|magnolia|35550000|14,-2047504,-4511584;21,0,1;22,-7,2;27,-10,7;34,-4,-4;39,-5,3;43,-2,1;46,-6,3;47,-2,4;60,-15,0;66,4,7;73,-13,7;122,-34,17;126,-6,3;132,-1,-4
rua||elder valerio de carvalho|andreza|35550000|11,-2047507,-4510920;22,-9,16;29,6,21;34,2,5;41,2,2;44,-5,5;65,7,23;77,1,4;91,3,7;94,0,-23;101,3,33;102,-5,-21;105,7,37;126,-10,-7;140,6,7;141,35,247;147,-26,-214;158,-12,29;159,14,-17;222,-9,36;225,10,-5;237,2,8;244,-3,23;249,11,-2;304,-3,54;316,-8,13;340,7,22;352,0,10;523,36,150;580,-7,74;586,7,-5;608,-1,24;616,-2,-1
rua||elidio honorato de almeida|bom jesus|35550000|8,-2047263,-4510657;19,13,22;20,-26,-5;26,7,6;27,10,2;31,0,-26;36,-12,43;41,11,-4;48,5,10;58,0,3;63,-9,-3;67,9,18;68,-5,-7;77,4,18;78,10,-3;98,-5,8;99,0,15;115,2,6;118,1,-13;128,-6,10;138,-11,5;150,19,23
rua||elisio nunes de souza|ingas|35550000|6,-2047285,-4512615;68,-32,-64;70,30,55;74,-4,-16;79,40,-590;82,-69,543;90,27,47;91,42,-589;94,-66,533;102,5,39;106,-29,-41;118,0,-14;121,-7,0;132,-9,-37;139,11,39;142,-7,-16;182,-9,-43;200,-22,-9;216,-35,-34;230,-21,-17;296,-25,-32;320,-27,-15;330,-11,-6;394,-50,-21
rua||elpidio couto|centro|35550000|16,-2047275,-4511798;26,-69,-6;54,21,4
rua||ernestino cesar oliveira|nossa senhora das gracas|35550000|18,-2047112,-4513090;30,-28,-16;44,-16,-5;56,-3,-11;72,-9,-2;82,-6,-10;92,-9,-7;102,-2,-2;118,-7,-17;122,-2,10;132,-7,-18;138,-5,-5
rua||ernestino cesar oliveira|oliveira moraes|35550000|5,-2047116,-4513091;15,-14,-8;27,-8,8
rua||espirito santo|andreza|35550000|5,-2047568,-4510877;6,-4,-31;11,9,48;14,-15,-36;24,3,5;56,9,36;68,-5,15;92,34,38;93,-16,-22;104,12,25;105,-14,17;146,-3,7;158,1,18;165,11,1;170,-7,9;180,1,9;189,11,0;190,-16,11;211,20,14;223,-3,13;226,-2,7;235,8,7;278,-6,41;292,6,18;304,0,13;334,1,18;344,4,10;354,-2,8;384,8,30;391,6,10;392,-7,8;402,1,5
rua||estacao velha|marilandia|35550000|25,-2036866,-4492466;39,91,534;101,-66,-523;105,-4,39;111,3,24;119,10,3;121,-8,3;133,5,10;138,4,-2;141,-2,12;148,2,24;151,-3,-5;153,-1,12;159,5,4;166,2,10;300,29,201;312,-7,4;370,2,37;428,14,123
rua||e|alto alegre|35550000|10,-2047510,-4514058;12,13,43;18,-13,-44;30,1,-1;31,-3,-6;35,16,74;49,-18,-40;60,-4,-10;70,-1,-87;72,1,72;78,8,-2;90,-5,-30;95,-19,-2;111,-4,-11;114,17,-12;136,-17,-11;147,-8,15;157,-4,5;185,3,-29;190,0,-16;195,-7,2
rua||e|marilandia|35550000|6,-2035964,-4494535;32,200,-1016;42,-190,1005;54,282,-1307;107,-285,1290;117,11,-61;138,7,-4;149,-12,-22;454,87,-440;473,-15,136;521,192,-898;546,-195,844;551,13,-30;566,7,7;569,161,-811;571,-167,823;596,4,-36;633,10,-36;872,65,-248;880,124,-513;890,-2,-4;954,-109,429;975,-9,21;998,87,-444;1050,-55,293;1055,-10,64;1070,68,-357;1090,-13,34;1145,-54,263;1185,-1,2;1225,83,-291;1325,0,-58;1365,-25,85;1440,74,-353;1445,-63,308;1485,4,-40;1491,42,-248;1538,-19,201;1670,22,-156;1837,7,-8
rua||fonte grande|bela vista|35550000|16,-2046999,-4511902;54,-3,-17;120,-3,-16;305,7,18
rua||francisca maria da costa tavares|jardim alvorada|35550000|6,-2047052,-4511476;19,19,-24;41,-62,102;81,33,-43;92,-3,10
rua||francisco barbosa malachias|nossa senhora das gracas|35550000|336,-2047441,-4513610;344,0,6
rua||francisco barbosa malachias|nova ita|35550000|134,-2047468,-4513523;271,45,-128;282,-80,255;321,69,-226;337,-12,22;345,1,11;370,-8,8;377,1,18;380,1,-2;387,0,9;390,-5,-3;397,1,15;405,-1,3;410,1,-1;437,-15,30
rua||francisco barbosa malachias|oliveira moraes|35550000|87,-2047370,-4513341;145,-113,-106;147,-18,57;553,1,-11
rua||francisco goncalves beirigo|bom jesus|35550000|8,-2047152,-4510930;20,3,-4;24,69,-14;28,-50,22;30,-2,-6;34,56,-17;40,-20,12;43,26,-5;46,-34,4;53,25,-3;63,-16,-19;73,-1,22;79,-14,-5;80,-6,5;85,8,-7;88,-12,13;91,5,-4;95,-19,2;96,2,-4;105,-8,0;107,-13,5;116,-128,10;131,97,-22;141,-6,8;160,-1,10;213,-61,-1;230,-15,2;231,9,-5;552,201,-11;1033,-172,3
rua||francisco severino tavares|alto do rosario|35550000|19,-2047514,-4512073;20,-230,32;29,214,-19;39,-11,6;49,-2,3;59,-16,-9;71,-8,-1;83,-10,1;85,-14,2;89,1,0;117,-11,3;125,-22,3;135,-1,-5;149,-11,6;159,-17,-3;167,2,-1;177,-11,5;187,-12,6;217,-19,5;235,-24,-8;245,-12,7;259,-6,-2;277,-23,-7;287,-5,-1;293,-12,-6;301,0,7;307,-6,-7;317,-9,11;327,-4,-1;335,-10,-2;541,-11,1;553,-5,-3;559,-7,2;563,-11,4;571,-19,4;575,7,-3;581,-12,2;595,-11,-1;603,-6,0;605,-3,5;609,-9,0;615,-9,26;625,-13,11;635,-8,8;645,0,4
rua||francisco severino tavares|rosario|35550000|20,-2047554,-4512035;32,20,-33;40,-15,22;54,-5,-20;60,-7,0;72,-3,2;80,-11,-12;96,-17,12;120,-24,-2;128,0,-1;136,-9,3;152,-14,0;156,36,-4;160,-42,3;170,-10,2;182,-19,-2;192,2,0;200,-9,3;208,-8,1;218,-14,4;228,-4,0;240,-10,-3;248,-9,2;256,-7,0;264,-10,7;278,-8,-2;290,-14,0;320,-12,0;548,-57,7;568,-12,0;578,-14,-3;610,-21,0
rua||f|alto alegre|35550000|20,-2047311,-4514163;120,-68,21
rua||f|marilandia|35550000|9,-2035759,-4496052;10,-18,115;156,-220,1079;166,-55,319;206,-18,51;222,23,-86;288,21,-72;332,9,-58;538,41,-203;598,9,-81;659,9,-67;718,12,-42;889,33,-157;910,-9,20;977,26,-97;1019,16,-61;1028,-15,50;1055,14,-68;1217,74,-388;1535,14,-79;1550,5,25;1594,2,-45;1680,22,-76
rua||geralda moraes carvalho|bom jesus|35550000|15,-2047206,-4510736;35,19,12;45,6,4;55,13,-1;115,4,-11;125,7,17;129,5,-9;135,12,1;171,44,-8
rua||geralda ribeiro rios|rosario|35550000|3,-2047819,-4512053;8,2,-8;16,3,-8;20,-1,-31;26,0,20;30,-3,-31;34,0,23;35,-3,8;44,0,-67;45,1,65;51,-1,-12;54,2,-66;55,-2,51;64,6,-66;125,-4,-5;135,-3,-5;145,1,-9;148,2,7;155,-3,-14;160,3,-2;165,-5,-7;351,8,93
rua||geraldina marta|boa viagem|35550000|23,-2048646,-4512100;42,-18,18;160,8,0
rua||geraldo alessandro|alto alegre|35550000|11,-2047419,-4513984;15,-1,-52;18,-4,106;20,-16,-102;30,16,79;43,11,19;47,-12,-36;48,1,17;53,9,7;54,-7,28;63,-4,-57;64,4,64;65,-3,-57;356,11,64
rua||gilberto silveira cunha|centro|35550000|63,-2047232,-4513005;77,-8,7;87,-8,-27;101,-11,-2
rua||gilberto silveira cunha|nossa senhora das gracas|35550000|76,-2047227,-4513011;114,-29,-25;126,-5,-4;138,-9,-16;150,-8,-6;174,-6,-2
rua||gleyzer rezende tavares|centro|35550000|50,-2046663,-4512332;136,-94,-5;140,1,1;146,0,-7;150,13,6;156,-2,3;160,7,-3;170,20,5
rua||gleyzer rezende tavares|ranulfo mendes|35550000|15,-2046690,-4512334;25,2,-2;55,17,-1;79,24,-1;89,8,-2;111,10,5;203,-205,-8;209,14,0;231,8,-5;241,17,-4;253,9,13;265,2,7;275,6,-10;285,17,3;295,9,1;305,13,-12;319,5,19;329,13,-4;343,9,3
rua||herculano belarmino rios|alto do rosario|35550000|2,-2047495,-4511907;160,-8,-157;176,-4,22;186,13,14;194,-4,13;204,0,7;220,-4,18;228,2,6;242,-1,5;258,-6,17;262,1,11;284,7,123;288,-3,-98;334,6,38;344,2,3;354,1,17;364,-3,5;376,-7,19;380,7,5;426,5,54;432,1,0;442,-2,1;452,0,3;454,1,2;460,-3,9;472,2,13;482,-3,8;488,1,5;512,-3,20;522,16,18;538,-6,6;544,-8,11;556,1,11;566,0,8;584,1,17;592,-24,5;602,22,4;610,7,15
rua||herculano belarmino rios|centro|35550000|17,-2047502,-4512188;27,0,3;37,0,16;57,1,21;67,6,9;81,-3,11;95,0,7;99,-2,9;109,3,2;190,-1,-1;301,17,-21
rua||herculano belarmino rios|rosario|35550000|2,-2047504,-4512199;22,4,4;23,5,219;34,-2,-207;42,-2,16;50,-3,19;62,3,0;80,-6,22;94,0,9;104,5,17;114,1,9;128,2,1;138,3,-2;201,-6,129;229,15,-26;245,-9,18;255,-5,10;265,5,9;273,-1,15;307,-4,26;317,-3,5;327,0,13;339,10,21;351,7,14;361,-11,-9;371,6,19;383,-3,11;389,0,4;411,6,19;419,0,6;431,-4,17;445,0,14;457,-4,13;467,-1,4;477,-1,9;501,8,34;527,5,13;535,-5,8;549,2,17;565,3,9;609,-5,40;615,3,11;625,3,1;637,1,14
rua||hermano ferreira de carvalho|areao|35550000|253,-2047534,-4512476
rua||hermano ferreira de carvalho|centro|35550000|36,-2047236,-4512397;37,7,2;43,-20,15;45,2,-8;57,-1,6;95,-43,2;111,-7,-2;121,-2,1;131,-20,4;153,2,6;169,-32,-7;179,-10,-1;189,-14,2;213,-4,-2;235,-30,-21;245,-6,-4;255,-14,-1;265,-5,-13;276,-9,5;279,3,1;290,-7,-13;301,6,14;310,-24,-23;324,-11,-7;336,-11,-5;346,-7,-13;358,-11,-7;368,-4,-3;376,0,0
rua||hynde fonseca lisboa|nova ita|35550000|20,-2047233,-4513466;27,-20,33;30,16,-41;38,-23,-196;39,14,221;40,11,-43;50,-4,-15;52,-12,-170;53,16,-47;60,4,211;63,-11,57;65,-1,-259;75,-2,6;77,-14,227;83,18,-219;85,-7,77;87,4,-68;91,2,206;93,9,-202;103,-10,188;106,-20,-120;114,0,10;115,15,-55;122,-33,60;132,15,16;145,12,-51;149,-7,6;155,18,77;157,-17,-64;171,-3,8;192,2,35;195,-7,-22;203,9,16;227,4,12
rua||ignacia ferreira de jesus|marilandia|35550000|31,-2036024,-4492512;37,1,-6;40,-1,13;50,5,-5;60,11,-14
rua||ilma antunes fonseca|alto alegre|35550000|33,-2047275,-4513848;41,-1,0;43,1,-3;46,4,16;56,-10,-26;65,0,-11;75,-1,-20;92,6,-11;95,-7,-13;115,-52,-223;123,27,71;132,30,132;137,-8,-45;139,-22,-87;144,32,120;145,-7,18;147,-7,-62;153,-62,-184;155,29,106;157,37,132;160,10,-11;164,-21,-108;165,-23,-34;167,35,143;172,4,-18;173,-43,-126;176,20,22;182,26,96;185,-68,-121;186,46,19;188,16,95;190,1,-10;195,-43,-125;197,3,-4;203,-10,-8;207,42,133;208,-20,-91;210,-29,-70;216,18,44;222,0,0;228,-4,-10;231,-27,-42;232,22,42;235,38,112;242,-42,-133;243,-22,-17;248,10,-5;253,-5,-16;263,-31,-14;273,2,0;294,32,14;300,-14,-28;320,7,7;348,-9,-16
rua||irene correa malachias|nossa senhora das gracas|35550000|174,-2047200,-4513213;188,-10,8;198,7,-8
rua||irene correa malachias|nova ita|35550000|41,-2047160,-4513344;51,-1,12
rua||irene correa malachias|oliveira moraes|35550000|20,-2047165,-4513340;30,-1,9;50,-2,31;75,-3,2;183,-32,89;195,2,-4;218,39,-98;227,-30,64
rua||jacuba 1|jacuba|35550000|11,-2048505,-4511201;431,-188,-473;485,-19,25;495,0,0;541,36,121;561,1,23;642,-7,-3;647,23,42;652,147,276;791,-101,-275
rua||janete ribeiro pena pereira|nossa senhora das gracas|35550000|211,-2047066,-4513465;233,2,-8;245,17,-9;255,-52,21;265,0,-8;285,-15,7
rua||janete ribeiro pena pereira|nova ita|35550000|18,-2047296,-4513589;30,-1,-6;42,-13,-1;53,6,-1;105,-55,-15;117,-7,0;127,1,-4;132,87,29;133,-97,-33;139,-3,5;153,-12,-5;160,154,177;162,-177,-196;169,13,16;170,-20,-14;171,12,7;175,-9,-1;185,-3,-1;201,218,173;220,138,-21;230,-6,-6;238,-89,-32;240,64,39;254,-11,13;264,-13,0;305,-14,-2;306,7,4;317,-28,9;318,4,-4;329,-19,7;332,6,-4;347,-27,5;366,-40,-7;371,18,4;378,45,-3;390,-35,-2;402,-14,7;411,-7,15;903,177,-51
rua||jk|lamounier|35550000|1,-2047405,-4503991;111,32,-42
rua||jk|lamounier|35551000|3,-2047386,-4504079;18,15,26;30,-13,10;40,-18,73;42,14,-59;52,-2,70;70,-15,-21;80,24,45;131,-12,-88;141,16,-44
rua||joao augusto correa|rosario|35550000|16,-2047405,-4511948;30,5,9;35,-1,15;50,-10,79;52,14,-72;83,-44,324;93,-5,3;99,5,-9;103,-3,25;155,27,-180;165,-6,12;169,-4,70;179,11,-7;185,-4,-45;195,-6,31;205,5,-13;215,-1,-3;395,19,-176;427,-1,41;450,-16,117;456,-19,22;473,17,-92;474,-26,93;478,27,-101;480,-8,109;485,10,-92;488,-2,-4;500,11,8;505,-7,16;515,-9,-11;590,-4,98;600,-3,0;610,2,15;617,-1,4;620,1,-1;630,-1,7;650,-11,24;657,11,9;662,-7,-5;667,2,16;674,-6,-7;677,-6,55;686,9,-40;687,-2,41;693,-9,9;694,9,-48;705,-2,64;708,-2,-47;710,-2,6;712,0,10;722,-5,14;732,-6,14
rua||joao calixto|nossa das gracas|35550000|12,-2047050,-4513132;26,-12,-5;38,-6,1;44,-2,-3;54,-18,-1;64,-2,-6;76,-6,-3;88,-14,-1;94,-6,-9;106,-11,-5;126,-12,-6;132,-10,7;146,1,-7;156,-32,-11;165,39,13
rua||joao calixto|nossa senhora das gracas|35550000|19,-2047056,-4513125;31,-6,0;37,-6,-6;49,-7,-2;61,-11,-5;71,-16,1;79,-1,-9;89,-2,-4;99,-16,-12;109,-11,8;121,0,-9;131,-11,-8;141,-7,5;151,-11,-9
rua||joao calixto|nova ita|35550000|540,-2047495,-4513303;552,-11,-14;570,-18,-3;576,-9,1;616,-19,-7;620,-17,3;624,-6,-14
rua||joao calixto|oliveira moraes|35550000|213,-2047214,-4513196;217,-9,0;231,-12,-8;244,-151,-51;251,142,42;252,0,4;260,-13,-30;262,-15,14;274,-18,1;288,-7,-11;310,-7,1;320,-6,-7;326,0,-5;340,-14,1;371,-24,-8;382,-20,-8;390,-6,5;403,1,3;420,-25,-9;421,7,-1;437,-10,-5;440,-15,-11;495,-41,-5;500,-10,-9;510,-13,-9;513,9,12;631,-103,-41;641,-7,1
rua||joao da costa lobo|bela vista|35550000|10,-2046960,-4511641;34,14,-15;77,-12,-47;95,5,-24;102,-2,18
rua||joao faisca|ranulfo mendes|35550000|4,-2046594,-4512398;22,1,10;37,-13,-18;48,5,-15;60,0,-24;83,2,0
rua||joao ferreira maia|centro|35550000|23,-2047161,-4512072;30,-15,-14;35,2,30;45,-8,11;65,0,12;75,-6,22;95,-1,4;105,-6,15;115,1,8;127,2,13;137,-12,-2;157,-6,31;165,-2,23;167,-1,-18;177,3,13;195,-10,15
rua||joao hilario|nossa senhora das gracas|35550000|33,-2047042,-4513717;36,-6,3;43,0,4;53,-4,-2;54,2,-7;63,-15,14;64,15,-14;73,-19,18;74,19,-18;89,-32,24;106,-14,4;109,-1,7;114,1,-7;121,-3,10;126,3,-9;136,0,0;162,-47,34;179,-20,9;180,8,-10;189,-11,17;200,-5,-4;206,-6,6;209,-1,7;216,-10,-5;217,-3,6;226,0,-1;227,-9,12;239,-4,-2;243,8,-6;246,-14,7;249,-10,16;260,4,-10;278,-20,10
rua||joao jose araujo|centro|35550000|5,-2047216,-4511903;38,-67,-28;52,6,7;66,11,3;78,14,4;197,49,23;330,-2,-5;344,15,15;350,4,-2
rua||joao jose de araujo|centro|35550000|259,-2047152,-4511867;271,1,3
rua||joao lourenco siqueira|bom jesus|35550000|57,-2047272,-4511056;71,12,21;85,20,8;93,10,15;101,6,17;103,-18,-21;113,39,106;123,-13,-93;131,5,8;141,-10,24;153,7,5;163,-1,2;173,9,8;176,-1,8;179,3,-4;180,-161,-232;186,163,177;187,2,75;205,-6,16;223,1,10;231,-8,-2;239,-2,19;249,-1,5;259,11,23
rua||joao tavares|alto do rosario|35550000|2,-2047264,-4511655;6,-3,-3;8,-3,0;32,2,-12;41,-18,18;53,-4,12;59,-3,5;69,-6,9;102,-4,6;111,-6,-1;115,-41,136;117,43,-134;123,-15,-5;127,-4,21
rua||joaquim atanasio teixeira|marilandia|35550000|95,-2036072,-4493150;115,0,10;123,-7,16;129,-7,4;139,-8,8;179,27,-81;180,46,-115;185,-43,100;192,38,-107;197,-40,95;202,36,-108;203,-20,107;208,-3,-46;215,-4,38;216,8,-49;220,-1,54;226,2,-62;232,17,37;236,-12,-61;238,-3,62;242,-5,36;246,8,-99;252,8,23;256,-3,-27;266,-4,-11;270,9,-15;332,5,-44;346,9,-16;348,-5,10;383,6,-45;393,0,-26;395,2,46;396,8,-12;403,1,-42;408,-13,76;412,16,-46;478,-2,-22;488,5,5;491,10,-83;500,-3,37;503,-8,3;509,1,-6
rua||joaquim barbosa|marilandia|35550000|24,-2036132,-4493325;34,4,-19;70,-1,188;72,1,21;73,-5,15;81,9,-98;93,-12,56;103,1,-13;114,13,-20;123,-9,15;133,-1,-32;163,32,-279;173,-29,240;215,-12,-46;225,3,-4;305,21,-108;353,-22,58;442,61,-202;447,-7,3;448,2,-13;468,7,-13;469,-8,6;473,3,-19;476,-2,-6;483,2,-9
rua||joaquim eleoterio|nossa senhora das gracas|35550000|21,-2047044,-4513166;30,-18,-10;31,13,8;40,-8,-14;45,-3,6;50,0,-4;51,-10,0;57,-8,-5;60,0,3;69,-6,-11;70,-1,-3;80,-4,-12;81,-5,9;90,-7,-14;91,4,17;101,-10,-7;108,-1,-4;111,-11,-4;118,2,-9;121,-2,8;128,-8,-8;131,0,6;142,-9,-21;154,-5,-1;163,-4,4;172,-9,-5;173,-1,5;179,-10,-14;182,-9,-4
rua||joaquim eleoterio|oliveira moraes|35550000|227,-2047221,-4513259;279,-17,-9;291,-7,-1;308,-31,-12;315,-4,-3;319,-11,-5;327,-15,-1;342,81,18;344,-83,-26;368,-22,-10;380,-6,4;383,4,9;392,-15,-19;404,-7,0;419,-13,5;435,0,-3;451,-16,-3;452,126,97;467,-138,-109;484,-38,-14;495,-13,-2;496,2,-3;556,-47,-17;567,12,11;570,-17,-25
rua||joaquim olavo|nossa das gracas|35550000|4,-2047083,-4513250;8,65,0;18,-8,4;28,-5,-2;40,-9,-4;52,-10,-2;60,-203,24;64,202,-27;72,-14,-6;82,-9,-3;92,-6,-4;100,-2,-2;102,-19,-9
rua||joaquim olavo|nossa senhora das gracas|35550000|3,-2047011,-4513235;13,-13,3;25,-9,-8;31,1,-4;45,-16,1;53,-9,-1;63,-6,-7;69,-3,-7;77,-9,6;83,-11,-6;91,-2,-13
rua||jonas carvalho|lamounier|35551000|50,-2047434,-4504004;61,-1,-6
rua||jorge malaquias do couto|andreza|35550000|51,-2047499,-4510938;68,-2,2;78,-4,3;81,8,4;122,-31,13;126,-7,6;130,-2,2;131,9,4;134,-18,6;139,7,-3;146,-17,17
rua||josafa barbosa mesquita|silvio dias|35550000|17,-2046620,-4512756;167,90,55;212,-2,11;236,13,-12;248,16,-6;284,30,-14
rua||jose alcebiades da costa|jardim alvorada|35550000|14,-2047127,-4511577;40,12,-6;85,44,31;97,12,6;109,9,8;133,15,4;145,11,16;183,29,9;200,8,12;205,13,3;212,0,4;248,26,18;258,10,1;264,-2,-4;271,21,18;287,11,0;293,3,5;308,0,-1;315,17,7;319,-1,-2;347,24,17;353,9,5;356,-14,-4;359,20,9;371,7,1;377,5,2;387,3,4;420,26,23;457,29,12;499,9,7
rua||jose antunes campos|neolandia|35552000|4,-2034020,-4514859;6,-14,2;8,-23,13;11,-6,5;15,-46,34;23,51,-36;111,-1,6;145,-27,19
rua||jose apolinario dias|nossa senhora das gracas|35550000|22,-2047125,-4513970;32,-4,0;37,-11,4;42,12,-8;49,-22,10;51,-6,-1;52,3,-1;62,-12,3;72,-13,-2;82,-9,9;761,80,-14
rua||jose beirigo araujo|ranulfo mendes|35550000|90,-2046570,-4512469;92,-35,6;102,42,-12;138,36,-10;150,6,-7;160,20,2;174,6,-2
rua||jose beirigo araujo|silvio dias|35550000|5,-2046640,-4512456;29,15,-3;37,-1,0;41,19,-4;89,40,-14;101,8,-6;113,14,0;149,26,-8;163,12,-6;175,15,7;187,-7,-30
rua||jose bonifacio|lamounier|35551000|7,-2047307,-4503758;13,-90,151;15,-1,11;16,-1,29;26,3,21;29,84,-206;30,-9,1;31,-29,59;41,-10,14;42,-30,152;44,64,-222;50,-66,221;56,58,-207;80,-12,2;85,-47,196;88,44,-178;95,-40,184;100,14,-95;115,-9,117;118,26,-188;122,-7,15;128,-13,-4;133,-16,111;135,20,-91;144,-6,-5;148,4,7;158,-7,7;165,6,16;166,-9,-10;171,8,5;174,-15,2;184,1,157;188,-8,-150;193,-8,11;211,98,-147;274,-72,116
rua||jose candido dias|ingas|35550000|23,-2047590,-4512660;35,-2,0;47,0,-4;48,4,-7;52,11,-44;58,-3,33;65,-6,7;74,10,-37;79,-5,10;84,4,6;89,-4,-19;96,11,-21;99,-6,20;106,2,1;115,-4,-19;117,0,-2;127,6,-11;136,2,5;137,2,-11;143,-1,-12;146,4,10;148,1,6;155,-6,-23;156,6,8;166,-3,-8;167,-1,-1;170,12,-12;181,-5,-2;182,9,-11;186,-6,12;193,1,-4;205,0,-15;206,8,3;216,2,-14;225,4,-14;226,-2,10;232,4,-10
rua||jose da silva rocha|jardim alvorada|35550000|43,-2047134,-4511369;142,82,92;143,1,-12;151,6,13;184,14,13
rua||jose de moraes|nossa senhora das gracas|35550000|7,-2046912,-4513333;10,12,-9;22,4,-3;23,-8,-1;34,-2,-15;41,-9,0;50,-6,-27;51,0,18;54,15,-3;55,-24,-54;59,-2,52;60,6,-20;63,-6,6;70,14,-10;71,-9,7;75,4,-2;80,1,-18;87,-1,8;90,6,-17;97,-4,9;100,-20,-52;107,7,48;110,6,-23;117,0,11;122,-12,-16;133,4,3;141,-8,-11;144,5,0;153,-6,-3;163,-4,-16;173,-2,-10
rua||jose dos anjos|sao geraldo|35550000|10,-2047168,-4511317;13,-8,16;18,-1,-2;25,-4,9;30,-4,-4;31,-1,12;40,-5,-9;42,-19,29;50,6,-21;52,1,12;53,2,8;67,0,2;69,-4,-3;78,-4,8;79,-5,8;86,3,-7;291,6,-14
rua||jose gominho|bom jesus|35550000|6,-2047234,-4510811;20,-19,11;37,-10,14;45,11,-3;54,114,-18;55,31,-6;59,-140,9;60,86,-15;62,14,17;69,-11,-15;72,4,7;77,14,-9;89,-29,6;99,-7,-5;123,78,4;130,3,-2;133,-1,-9;147,12,11;148,-1,-2;153,11,4;156,-3,0;159,3,-2;165,17,15;166,-11,-6
rua||jose gominho|lamounier|35551000|9,-2047552,-4503403;21,3,-7;32,3,-38;44,3,14;46,-12,-10;70,6,24;98,7,20;127,-17,-50
rua||jose guiguinho|magnolia|35550000|7,-2047669,-4511654;31,1,-9
rua||jose libanio|nossa senhora das gracas|35550000|27,-2046767,-4513477;58,13,-56;70,-2,27;73,2,-48;80,-8,29;91,-5,67;140,33,-182;145,-3,37;151,-11,-47;157,4,-9;164,20,-7;169,-19,55;177,-1,-3;187,4,-12;196,-22,-64;208,12,-18;225,-7,17;226,-10,-34;234,-7,-4;244,-5,-17;254,-2,-7;264,-2,-9;273,15,55;278,19,60;283,-28,-81;286,-9,-48;288,32,102;293,-27,-61;296,-9,-55;306,-2,-14;313,10,56;316,-45,-171;326,31,111;333,6,35;336,-9,-53;343,5,43;346,-8,-46;353,6,38;356,-13,-53;363,4,31;366,1,-39;373,5,54;376,-5,-69;386,-8,0;396,0,-11;401,10,58;406,-22,-73;411,20,63;413,-6,-6;416,-5,-60;426,-8,-8;433,9,44;436,-13,-60;446,-5,-12;453,14,51;456,-10,-51;466,-1,-17;476,-5,-6;486,-1,-11;503,6,53;506,-11,-75;513,5,62;516,-6,-72;523,6,60;526,-12,-66;536,4,-5;543,5,59;546,-13,-70;593,1,16;613,-1,-7;653,-17,-45;663,-3,-28;683,-4,-3
rua||jose lobo|rosario|35550000|2,-2047473,-4511652;3,2,-4;5,110,42;6,-103,-35;7,38,10;10,-34,-8;12,41,17;15,-1,-9;22,7,9;25,-51,-20;27,53,14;31,5,3;35,-47,-14;37,59,23;42,-8,-2;47,6,8;54,9,-1;59,7,2;67,5,-3
rua||jose loures fonseca|bela vista|35550000|7,-2047045,-4511598;31,36,13;43,110,68;63,30,17;69,-148,-89;75,145,95;79,-104,-80;81,114,69;83,-112,-68;149,166,107;155,5,5
rua||jose loures fonseca|jardim alvorada|35550000|18,-2046995,-4511570;44,105,77;60,23,-1;66,3,5;76,9,3;116,32,18;122,9,6;128,-1,-1;134,2,0;202,57,37
rua||jose mendes|centro|35550000|25,-2047282,-4512816;28,84,118;29,-15,-2;38,9,-6;39,-10,-1;48,3,-13;61,-12,-4;62,12,-4;75,-22,4;84,10,-15;85,-10,-1;93,-6,-10;101,-10,-7;107,4,-11;121,-14,-13;125,-4,-11;136,7,0;149,-12,-7;152,19,-10;162,-16,-6;167,-6,4;172,8,-6;182,-9,-13
rua||jose pires b morais|centro|35550000|31,-2047218,-4512116;49,-24,-12;67,54,21;73,6,2;89,2,19;103,30,0;104,-8,-4;117,14,1;126,0,7;137,15,-2;138,-3,5
rua||josefino ferreira da costa|ingas|35550000|207,-2047834,-4512740;222,-28,14;248,-1,3;257,0,3
rua||josefino ferreira da costa|neolandia|35552000|10,-2034324,-4515426;20,-16,-14;30,-11,-11;70,287,25;99,-341,18;109,0,-7;119,-16,-1;128,28,3;129,-33,-7;139,-19,0;149,-13,10;163,151,-11;203,75,-10;242,-34,6;243,23,1;263,19,-4;273,12,-2;283,8,5
rua||josias diniz melo|ranulfo mendes|35550000|18,-2046579,-4512409;30,13,0;31,0,-7;43,14,2;48,-50,-7;54,57,3;55,-3,-1;69,6,-2;80,12,0;81,10,-5;90,5,0;91,1,-4;103,5,-2;104,10,1;115,6,-7
rua||julio toledo|bom jesus|35550000|13,-2047272,-4510797;20,8,-21;21,-7,1;31,-6,-11;51,0,-14;59,-4,-20;60,19,54;69,-19,-55;80,1,-16;82,-15,-143;85,15,146;90,-2,-13;95,2,3;100,12,-11;107,-18,-2;115,0,-6;119,6,-3;123,-7,-10;129,6,-15;131,-11,6;133,2,-21;134,-1,-63;143,6,70;144,-13,-37;153,3,25;154,9,-13;164,-4,0;169,-11,-3;174,14,33;179,-3,-58;203,-13,-8;225,-5,-19;235,2,-8;245,7,-8;255,-3,-9;916,11,40
rua||juscelino kubitschek|centro|35550000|11,-2047201,-4512214;15,0,15;19,-10,-5;23,-1,-3;29,-4,12;39,2,9;40,-4,-7;47,-4,18;50,-5,-5;57,2,10;77,-6,11;81,-5,8;85,-1,13;96,4,-26;97,-11,33;108,-10,8;125,6,9;131,-9,10;134,-2,-3;143,-1,12;147,53,-122;155,-57,130;163,-10,4;166,-5,-4;183,-1,13;185,-1,3;192,-9,10;197,4,9;200,6,26;207,-10,-21;219,-3,-5;226,-2,20;231,-5,7;234,-5,2;241,5,6;246,-7,6;247,5,11;252,-9,-7;262,2,11;263,4,0;269,-5,8;279,-7,10;291,-1,-10;301,-13,25;305,8,7
rua||juscelino kubitschek|rosario|35550000|340,-2047347,-4511931;352,-10,13;358,12,0;362,2,8
rua||lamounier godofredo|centro|35550000|73,-2047019,-4512389;83,1,-4;98,-15,5;99,4,-19;102,14,14;103,-11,2;104,-2,1;107,3,-15;112,-10,13;114,9,-6;116,-7,0;118,1,-1;122,8,-13;125,12,-13;127,59,-89;132,-67,94;134,-18,42;137,33,-42;142,3,-12;149,2,-13;158,1,17;163,4,-28;166,9,19;167,-1,-21;179,2,-17;184,1,19;193,8,-30;201,-46,93;202,25,-48;203,-21,47;204,0,0;207,55,-104;210,-10,23;216,4,-9;218,0,-4;230,5,-3;236,4,-9;244,68,-125;260,1,-4;264,-57,101;273,12,4;282,50,-128;288,-28,54;295,-16,39;296,41,-101;300,-42,102;301,1,-10;305,-22,2;308,64,-110;314,0,-5;315,-44,87;320,49,-100;325,-28,107;326,25,-115;335,-15,77;344,13,-85;358,-3,-8;370,-1,-5;382,6,-24;392,0,-4;402,-3,-21;407,-17,139;410,18,-158;433,-1,132;451,-2,-13;462,3,-136;465,-1,113;472,3,-118;473,-11,101;480,13,-129;486,1,15;492,-11,-27;502,7,-17;508,-2,14;514,-1,-18;524,3,-13;595,-5,164;627,3,-49;639,-26,9;649,22,-24;661,1,-14;671,-2,-17;721,-2,-42;725,10,-11;731,1,-17;741,-3,-1;751,-3,8;755,6,-10
rua||lamounier godofredo|marilandia|35550000|20,-2036034,-4493361;40,-46,-19;50,9,3;87,22,24;93,-14,-14;99,-14,3;107,-5,-9;111,266,51;117,-283,-39;118,4,-24;128,-8,13;139,-2,1;140,-5,-7;180,240,52;200,8,-6;250,51,10;260,12,9;287,-46,-16;400,-14,18
rua||leopoldo correa|marilandia|35550000|21,-2036254,-4493041;26,8,-17;32,275,-420;43,-286,419;44,1,-7;61,-10,-16;64,2,-6;66,-5,0;74,-9,-25;85,2,9;96,50,75;149,-65,-129;150,1,1;152,330,-293;153,-353,286;156,364,-307;157,-357,290;159,-15,-5;160,394,-281;258,-371,203;492,317,-221
rua||leticia pena pereira|silvio dias|35550000|12,-2046706,-4512472;17,-20,-3;20,7,-22;27,-6,27;40,-1,-33;50,3,-5;60,15,-11;61,-24,18;71,3,-10;84,15,-33;85,-13,10;109,5,-23;158,16,-55;164,6,-6;170,3,-5;176,7,-3
rua||lincoln s ribeiro|boa viagem|35550000|150,-2048369,-4512301
rua||lindolfo nascimento|bom jesus|35550000|11,-2047117,-4511008;16,-7,9;26,-2,-1;35,-20,0;37,18,7;38,-11,-7;45,-18,9;46,5,-6;462,30,-17
rua||lindolfo tavares filho|marilandia|35550000|15,-2036074,-4493262
rua||lindolfo tavares|marilandia|35550000|35,-2036056,-4493535;42,3,12;47,5,-24;64,5,-23;67,-7,14;79,8,-18
rua||luis francino oliveira|boa viagem|35550000|4,-2048581,-4511955;10,-64,-98;14,78,103;15,12,3;17,-14,6;20,-66,-111;24,69,119;29,12,4;30,-69,-103;34,53,112;40,-48,-111;48,-8,-13;50,7,25;51,-29,-44;55,8,6;60,40,52;61,-33,-33;70,40,47;72,8,-1;78,-6,-11;88,-22,-25;98,14,5;160,-55,-54;161,-8,6;171,4,-7
rua||luiz carlos souza vieira|jardim alvorada|35550000|100,-2047117,-4511431
rua||luiz fonseca|alto alegre|35550000|28,-2047354,-4514067;30,-15,-31;40,1,0;41,-14,-15;50,15,1;60,-10,-10;65,11,42;73,8,149;75,-10,-150;83,-4,-10;95,-17,-41;105,-3,-3;111,10,22;129,-7,-19;130,4,-16;136,-5,-5;140,-2,-5;146,41,231;150,-40,-243;151,-11,-4;160,-2,-3;170,-1,-11;177,47,202;272,-8,-58;290,6,-32
rua||manoel chico|centro|35550000|26,-2046869,-4513133;36,8,2;46,16,-2;80,32,1;122,20,-6;134,17,-8;146,10,-14;160,10,-8;168,28,-9;174,-6,-4;206,0,-9;216,7,-20;220,9,-6;230,1,-4;252,16,-22;262,13,-12;264,-15,11;270,7,-15;278,7,-11;282,20,25;294,-13,-32;300,10,0;310,-2,-15;318,0,-1;344,6,-16;352,4,-9;368,-1,-12;374,1,-13;386,22,-6;396,-12,-20;406,8,-5;414,4,-7;450,24,-16;460,2,-3;466,6,-8;468,2,-8;510,31,-39;534,12,-1;544,2,-11;556,25,-8;566,9,0;576,7,-1;586,8,-1;596,1,3;606,15,-7;612,5,-2
rua||manoel chico|nossa senhora das gracas|35550000|25,-2046862,-4513141;75,48,-3;87,3,12;91,4,-13;103,13,-1;111,10,-2;121,2,-14;131,10,3;143,4,-7;153,4,-18;169,14,-8;187,10,-2;197,8,-13;221,10,-24;231,0,1;241,8,-11;257,14,-17;267,6,-6;277,4,-6;287,1,-5;315,14,-25;325,10,-10;333,-6,-13;345,3,-1;355,3,-19;359,-7,-6;369,-12,-1;373,20,-6;377,1,-4;397,7,-8;417,15,-11;427,10,-11;429,7,-5;431,7,-11;457,4,-2;469,14,-16;549,53,-49;571,13,-4;581,4,-3;601,23,-2;611,16,-7
rua||manoel da vo|nossa senhora das gracas|35550000|10,-2047206,-4513767;66,-50,46;94,-19,8;114,-7,6;124,-10,6;134,-15,3;144,9,-6
rua||manoel da vo|nova ita|35550000|31,-2047220,-4513748;41,-6,10;91,-41,28;99,-6,0;107,-7,4;117,-2,-2;121,-79,35;129,-13,5;133,-12,3;261,-23,5
rua||manoel luiz da costa lobo|bela vista|35550000|17,-2046800,-4511557;30,14,2;44,4,-16;50,-3,-5;211,13,-15
rua||manoel rafael|ingas|35550000|2,-2047743,-4512656;4,22,68;8,-14,-3;25,-24,-109;26,25,61;28,29,61;34,-2,1;38,-1,-6;51,2,4;63,-63,-159;75,3,-2;85,-14,-8;90,39,59;102,-8,-21;133,-4,35;135,-11,-53;141,3,21;345,-7,-23
rua||manuel arantes|silvio dias|35550000|67,-2046675,-4512732
rua||maria candida|nossa senhora das gracas|35550000|20,-2046926,-4513147;26,-18,0;27,-5,41;30,11,-46;37,-11,3;47,-7,-10;56,-1,12;57,-7,-21;67,-16,17;77,-2,-11;87,-11,2;88,-6,-12
rua||maria clara|sao geraldo|35550000|23,-2047269,-4511379;33,1,-3;43,-15,21;53,2,-7;63,-5,11;73,-10,10;83,-8,10;93,-12,13;103,-1,10;104,10,-18;164,44,-63;196,-3,3;210,-12,10;228,-9,21;240,-9,11;250,-8,14
rua||maria da conceicao arantes|sao geraldo|35550000|10,-2047219,-4511351;25,-6,15;30,-3,-4;35,-1,11;54,-16,11;60,-5,-1;61,5,6;70,-11,5;71,5,1;80,35,-39;82,-42,39;85,1,10;92,-7,3;100,-8,6;101,1,6;114,-5,-2
rua||maria da conceicao correa costa|jardim alvorada|35550000|33,-2047108,-4511552;89,6,48;107,13,7;111,4,12;195,69,35;307,84,48
rua||maria da conceicao de assis|jardim alvorada|35550000|84,-2047016,-4511416;95,-50,75;96,34,-50;112,-73,90;126,91,-121;131,-32,50;165,20,-34
rua||maria de lourdes medeiros|nossa senhora das gracas|35550000|16,-2046838,-4513431;78,58,-11;96,-82,37;104,99,-33;107,14,-8;112,1,10;119,-4,-10;122,13,5;127,7,-10;131,0,7;134,-3,3;138,-79,6;145,97,-14;148,-6,-2;158,12,5;161,11,-8;164,-5,2;171,5,-15;178,4,9;181,9,-18;186,-4,9;196,3,-8;199,16,-9;209,-13,4;210,8,-5;215,6,-8;220,0,1;223,11,-9;231,0,-7;256,10,-7;261,11,-9;264,-3,0;273,7,-11;276,0,4;280,7,-3;292,8,-9;321,5,-16;322,5,8;335,10,-25;344,16,-10;358,1,-4;398,19,-23;573,20,-41
rua||maria de lourdes medeiros|samambaia|35550000|6,-2046202,-4514041
rua||maria do carmo gondim|nossa senhora das gracas|35550000|40,-2047099,-4513739;42,62,107;52,-2,-8;68,-69,-113;78,56,98;88,2,-13;103,-8,15;108,-7,-25;110,61,93;115,-55,-74;130,49,64;140,-12,-12;161,-13,-11;171,-5,-4;183,0,-6;193,-9,-4;227,-11,-28;237,-6,-13;287,-26,-51;297,-12,-8;300,1,-8;305,-11,6;315,1,-18;497,-7,-5;519,0,-13
rua||maria do carmo silva gondim|nova ita|35550000|35,-2047174,-4513420;43,1,9;55,3,13;65,39,-3
rua||maria garbocci|lamounier|35550000|163,-2047195,-4503441;173,3,19;185,4,16;190,-2,8;191,-10,44;195,10,-27;201,-1,-14;213,-17,52;215,-11,6;225,-5,13;227,-3,2;237,-7,6;241,-10,16;245,1,-4
rua||maria garbocci|lamounier|35551000|10,-2047175,-4503677;36,-19,28;60,-2,28;74,3,-8;86,-25,143;122,2,-86;268,9,131;304,7,13
rua||maria jose dianese|alto do rosario|35550000|21,-2047632,-4511636;45,-18,11;53,-3,1;94,9,-3
rua||maria jose dianese|magnolia|35550000|68,-2047666,-4511617
rua||maria luzia|nossa senhora das gracas|35550000|33,-2046895,-4513501;41,-12,6;53,-9,1;63,-13,2;73,-13,2;83,-3,2;131,-43,8;140,-11,-15;141,-1,10;150,-10,-2;160,-6,2;161,-2,-5;168,-15,2;217,162,-31
rua||maria mansa|alto do rosario|35550000|5,-2047283,-4511571;7,-8,2;11,-19,-19;25,12,8;27,3,2;37,-13,-6;51,-6,-6
rua||maria mansa|rosario|35550000|13,-2047310,-4511591;25,10,17;29,-6,2
rua||maria maria madalena de oliveira|oliveira moraes|35550000|4,-2047514,-4513210;54,20,-81;67,-10,25;71,10,-20;88,-14,22;89,7,-6;95,7,-2;112,-22,28;116,5,6;124,56,-74;125,92,30;128,-112,-36;139,7,-19
rua||maria rita|ingas|35550000|70,-2047450,-4513068;197,-53,-35
rua||maria rita|oliveira moraes|35550000|188,-2047520,-4513117;246,-46,-14;248,-11,-3;272,30,8
rua||maria silva gondim|nova ita|35550000|76,-2047184,-4513500;85,-25,-6;86,20,5;123,-1,7;135,0,-4;378,-10,35
rua||mariinha toledo|jardim alvorada|35550000|10,-2047040,-4511283;74,34,-51;82,5,-14;83,-1,-7;90,0,4;95,0,-9;109,5,-3;115,7,1;124,3,-23;131,9,-13;138,-12,12
rua||marilandia|rosario|35550000|3,-2047428,-4511681;4,36,-15;11,-10,20;14,5,-24
rua||marta maria de jesus|ingas|35550000|5,-2047408,-4512942;11,-5,-1;17,4,-11;25,-12,1;31,-7,-5;37,5,-8;43,-12,0;49,-5,-6;57,-5,-6;62,12,6;69,-20,-10;81,-7,-12;84,5,-1;90,-10,1;114,-14,-17;122,-8,-7;132,1,0
rua||martinho afonso lamounier|centro|35550000|32,-2047002,-4512778;40,-10,-6;59,-4,6;66,-8,-11;71,-1,5;74,-6,-8;83,-6,5;84,-1,-7;89,-10,8;100,1,-10;101,-14,2;103,8,5;110,-2,-8;118,-6,-8;121,-6,6;127,-10,-1;130,11,-1;137,-25,-6;140,11,7;150,-1,-11;162,-15,-5
rua||mary rosa de souza|ingas|35550000|18,-2047432,-4512901;28,6,5;38,-20,-15;80,-17,-23;96,-20,-10;101,-5,5;110,-5,-12;111,2,5;122,-8,-7;123,-2,0;132,-3,-8
rua||matias candido arantes|alto alegre|35550000|50,-2047258,-4513859;82,-4,-2;199,15,0;208,13,-1;209,-15,2;232,-14,3;274,-44,0;285,5,5;295,-9,1
rua||matias candido arantes|nossa senhora das gracas|35550000|6,-2047079,-4513884;11,-56,18;22,50,-16;25,-50,16;32,45,-20;42,-18,9;43,-27,11;55,15,-3;62,5,-3;69,-20,6;75,0,-1;85,-2,-1;86,-4,-4;89,2,2;96,-17,4;99,-15,4;106,15,-10;125,-16,9;132,2,-4;138,-14,4
rua||mauricio dos santos rosa|andreza|35550000|66,-2047355,-4510627;76,9,10;100,-5,30;124,-4,-81;156,15,132;166,3,21;192,19,7
rua||miguel dianese|bela vista|35550000|10,-2047082,-4511885;20,9,14;25,-12,15;38,8,-3;47,-1,3;57,0,11;70,0,12;75,-4,0;77,0,-484;89,-1,489;90,0,6;99,4,14;109,-3,10;119,-4,2;125,9,36;135,-2,14;144,0,-8;149,-1,19;155,-3,2;156,0,-75;165,5,93;166,-6,-20;176,0,6;190,2,16;193,1,5;200,-8,0;201,7,20;211,-6,8;220,1,-16;221,0,26;230,-8,-15;236,12,-100;280,-1,7
rua||miguel dianese|jardim alvorada|35550000|52,-2047098,-4511557;307,12,-29;321,1,16;345,-13,29;378,-18,15
rua||minas gerais|lamounier|35551000|5,-2047242,-4503557;15,-2,-6;30,3,-22;31,-12,12;49,-3,-18;53,-12,-17;56,14,4;63,-10,-2;70,7,-7;84,-15,-22;91,-4,4;103,-1,-14;106,7,3;111,-15,-3;113,-31,-63;116,36,59;123,-9,-5;126,3,-12;136,-1,-8;137,-11,8;145,-3,-6;148,8,-4;150,-4,-12;155,-8,-1;160,1,-14;173,-11,-2;184,10,-6;196,-8,-13
rua||moreiras|lamounier|35550000|80,-2047556,-4503671
rua||necesio dos santos|centro|35550000|13,-2047082,-4512880;20,179,32;28,-166,-29;33,4,-8;38,5,3;42,-16,-7;45,26,-5;46,1,17;53,5,-3;66,3,5;71,11,4;72,-3,2;79,12,-8;84,1,10;98,1,16;99,16,-19;106,1,7;113,8,-8;114,-2,13;123,10,-8;128,0,8;135,12,-6;142,8,10;152,6,16;179,23,-6;187,-2,7;191,11,-10;195,9,4;205,13,-3;215,9,-3;220,0,7
rua||necesio guimaraes|marilandia|35550000|33,-2036266,-4492934;43,13,15;53,4,9;63,4,8;96,1,31;100,-12,-18;102,23,18;106,10,13;115,16,-12;122,-13,17;136,14,9;142,1,0;152,6,10;160,3,1;171,17,0;172,-6,23;176,-37,-70;186,48,76;198,-41,-88;208,-22,-5;218,66,105;221,13,-11;241,33,45;242,-24,-21;257,28,3;261,6,36;271,7,11;273,0,8
rua||necesio tavares|centro|35550000|13,-2047116,-4512177;15,-1,5;22,4,5;29,-5,13;44,2,9;47,-1,8;55,-2,2;58,-7,12;68,4,-1;69,8,7;77,-5,3;78,1,1;84,-177,-32;93,175,39;97,3,12;115,7,22;125,-11,1;135,0,11;143,3,-9;153,-16,23;154,12,0;164,-7,6;178,-7,16;179,-2,9;191,-13,22;199,45,-188;200,-31,174;209,-5,18;210,-5,9;216,-7,6;217,3,-12;225,22,-24;242,-32,41;253,3,10;262,-8,16;273,0,1;285,1,18;288,0,-13;298,-9,25;304,-1,-3;307,1,7;314,-10,9;321,5,-3;328,-20,10;357,23,23;369,-1,12;370,8,-8;381,-9,18;386,3,-5;389,-7,19;401,2,4;402,14,-10;412,0,-25;413,-17,49;420,-5,-6;423,-1,13;433,-7,10;436,13,-10;456,-15,25;459,0,-3;468,-13,-1;473,11,13;474,-9,0;480,23,-39;481,-20,51;493,0,2;494,-8,10;506,2,6;509,-2,0;516,16,-19;519,-19,27;520,-9,9;521,105,-342;532,-106,343;537,2,8;547,1,10;558,-10,2
rua||nenego araujo|rosario|35550000|29,-2047371,-4511950;41,-12,-5;55,-6,-12;75,-24,-3;99,-20,-7;104,5,-6;114,-7,-2;141,-30,-9;159,-14,0;167,-5,3
rua||niquinha caseca|ingas|35550000|30,-2047612,-4512590;43,185,9;51,-177,-2;61,12,-5;100,68,8;101,16,-4;124,-21,2;147,-48,-5;183,-31,4;190,-9,-4;195,-16,15;205,-1,7;214,-2,-14;217,-3,12;222,-11,-4;227,2,14;234,0,-15;237,-8,8;246,-26,-1;247,23,6;256,-15,-6;257,15,4;266,-28,4;300,-12,-5;310,-46,29;406,356,-37;411,-22,-6;416,8,8;422,-15,-16;434,-28,3;463,-9,9;477,-9,-8;489,-9,4;500,-287,52;501,282,-53;510,-126,24;511,109,-23;520,-265,47;525,254,-48;528,-248,51;541,242,-53
rua||nova|boa viagem|35550000|15,-2048516,-4511760
rua||nove|marilandia|35550000|20,-2035338,-4495055;65,-344,-95;81,-186,-24;466,122,21;561,-112,-19;611,-52,-15;700,-88,-20;703,28,14;711,170,36;735,-25,-5;736,-149,-41
rua||novo espaco|bom jesus|35550000|16,-2047281,-4510273;19,7,0;21,-7,-6;23,0,-4;26,-3,3;32,-3,-16;33,6,7;43,3,-12;44,-12,-2;52,4,-6;54,-1,1;55,7,-2;64,-10,-18;67,10,12;74,-13,-19;77,12,9;84,-10,-25;87,8,11;94,-12,-13;97,12,1;104,-12,-14;107,10,7;114,-12,-12;117,6,0;124,-6,-12;127,9,8;134,-9,-13;137,7,-3;144,-9,-13;147,8,9;154,-9,-17;157,7,7;164,-6,-17;167,5,5;171,0,5;174,-8,-11;177,3,-5;184,-2,-11;187,6,6;194,-12,-9;197,15,-6;204,-10,-12;207,6,3;214,-10,-12;224,-4,-8;226,6,-8;227,3,21;228,-10,-24;237,11,13;238,-13,-28;247,10,21;257,3,-14;264,-15,-12;274,1,-8
rua||odilon augusto de castro|alto do rosario|35550000|7,-2047654,-4511920;55,-34,5;58,-19,-17;62,-13,34;68,16,-3
rua||oito|dom antonio|35550000|22,-2047155,-4508329;23,-3,-3;33,-5,-10;43,-7,-10;53,-7,-14;63,2,-13
rua||oito|marilandia|35550000|208,-2035810,-4494758;209,-82,-17;306,-2,-4;330,28,3;351,54,14
rua||onze|marilandia|35550000|30,-2035536,-4495947;33,-5,-13;54,17,13
rua||para pedra do pato|andreza|35550000|3,-2047254,-4510217;4,-72,-8;5,-125,-48;7,-73,33;8,4,7;9,-3,-53;10,-37,-9;901,10,24
rua||para pedra do pato|inacio caetano|35551000|1,-2043489,-4503970;33,-955,-1539;99,324,-992
rua||para pedra do pato|marilandia|35550000|300,-2035908,-4491972
rua||para pedra do pato|neolandia|35552000|4,-2038348,-4512660;6,4420,-2759;11,-5561,-494;12,409,-478;17,2935,-1263;18,655,580
rua||para pedra do pato|partidario|35550000|31,-2037913,-4503603
rua||para pedra do pato|piao|35552000|1,-2040498,-4519774;2,18,299;12,1877,1706;17,-1352,-344;32,-263,-2513
rua||para pedra do pato|silvio dias|35550000|190,-2046430,-4512558;217,-29,15
rua||para pedra do pato|tres lagoas|35550000|5,-2043409,-4504221
rua||pedra do indaia|alto do rosario|35550000|49,-2047512,-4511815;60,-1,-1;68,-11,5;69,2,1;77,-2,1;78,-6,-1;83,-8,11;90,0,-5;95,-2,10;97,-8,0;100,-4,-5;107,-6,9;112,4,-5;122,-7,2;134,-10,3
rua||pedra do indaia|magnolia|35550000|173,-2047601,-4511772;188,-12,11;211,-18,6;238,11,-1;242,-9,-3;290,-71,34;308,-5,13;311,13,-10;317,-23,27;320,7,-10;358,-29,35;367,9,4;381,-10,15;382,0,-3;391,2,6;396,2,3;397,-2,-7;426,18,-40;500,57,-51;510,-9,1;520,-8,10
rua||pedra do indaia|rosario|35550000|9,-2047470,-4511831;10,1,-5;11,9,-5;23,7,3
rua||pedro amaro|marilandia|35550000|43,-2036536,-4492914;63,-30,-1;80,73,-7;120,-73,12
rua||pedro faustino|neolandia|35552000|2,-2034054,-4515069;3,-6,-2;17,-8,-9;18,5,-2;28,-7,-11;31,-10,1;32,-25,-31;38,29,19;43,-9,6;45,-12,-17;46,15,4;52,-17,-20;55,11,26
rua||projetada|neolandia|35552000|19,-2034450,-4515441;35,-3,1;41,-8,-11;54,11,3;146,-56,10
rua||quatro bicas|magnolia|35550000|45,-2047528,-4511506
rua||quatro|dom antonio|35550000|22,-2047042,-4508298;23,15,-3;32,-3,10;33,8,-4;42,-3,7;43,11,3;50,-8,12;53,11,-2;60,-2,5;63,4,-1;70,-2,9;73,7,-1;78,-3,8;83,9,-1;88,0,7;93,4,0;98,1,10;103,8,-2;108,-8,10;113,10,-3;123,6,12;133,4,8;138,-3,7;143,7,-1;148,0,8;153,6,6;158,4,3;163,3,2
rua||quatro|marilandia|35550000|9,-2037214,-4491769;200,53,31
rua||quatro|parque industrial|35550000|25,-2047055,-4508969;101,-54,19;135,-29,8;180,87,142
rua||raimundo de oliveira moraes|nova ita|35550000|134,-2047370,-4513480;135,3,-1;160,-8,17;163,9,-2;170,-13,15
rua||raimundo de oliveira moraes|oliveira moraes|35550000|19,-2047413,-4513320;29,-42,101;53,5,-23;83,18,3;105,-10,16;113,11,-67;125,6,-10;128,4,-10;137,0,-2;138,-31,116;151,34,-130;215,24,-82;216,3,-6;221,5,7;253,2,6;264,-20,31;265,9,6;272,-9,1;279,5,11
rua||raimundo lopes de araujo|nossa senhora das gracas|35550000|15,-2046611,-4513669;29,-7,-10;41,-4,-2;51,-9,-12;70,26,19;122,-31,-44;131,-53,-3;152,29,-3;162,-10,0;167,-56,-10;187,-15,-3;193,-4,-9;196,44,13;203,-48,-19;213,1,-8;245,-11,-22;255,-1,-14;285,-8,-28;290,11,36;295,-15,-42;315,-4,-22;325,-2,-14;355,-9,-24;365,0,-6;375,-5,-7;380,18,29;385,-19,-48;395,-8,-9;405,3,-7;535,-30,-118;545,-3,-12;570,11,13;590,-6,-19;611,-21,-54;631,-7,-26
rua||rio de janeiro|andreza|35550000|12,-2047392,-4510680;18,-1,18;30,3,7;31,3,0;42,2,8;53,14,19;54,-16,-10;65,6,12;77,4,16;87,-1,6;90,-5,5;108,-1,5;111,8,12;225,-14,-54;373,5,28
rua||rita marcos correa|silvio dias|35550000|10,-2046669,-4512711;21,-57,-55;45,10,24;60,-1,11;129,75,43;154,7,8;161,22,-10;302,78,72;317,32,-26;341,32,-4
rua||rodrigues pereira|centro|35550000|5,-2046972,-4512757;12,-180,274;16,-3,-6;34,20,-25;50,1,-11;86,17,-32;101,2,-26;102,-1,22;108,8,-15;111,8,-11;114,-10,7;122,3,-9;127,6,-4;137,2,-15;140,9,11;145,6,-14;155,0,-1;181,12,-21;191,12,-11;201,6,-4;226,21,-23;227,-4,-1;244,4,0;245,11,-10;256,-2,1;264,4,-9;265,6,-8;271,0,-4;276,-1,6;284,0,-5;285,0,-5;293,11,-18;296,0,20;301,9,-25;308,5,-8;313,4,2;320,-6,7;326,-1,-9;327,12,-3;332,-10,2;337,17,-15;338,-16,12
rua||roma|marilandia|35550000|10,-2035919,-4493351;14,10,-106;20,-7,101;32,-2,-113;40,0,106;46,9,-18;50,-2,-4;96,9,-40;100,3,-23;125,-2,-8;136,7,-5
rua||rosalina romano dianese|andreza|35550000|200,-2047400,-4510947;212,-6,9;224,4,10;236,4,16;242,1,10;248,5,2;260,-2,7;272,-5,14;290,5,10;294,-1,8;298,3,9;310,0,9;394,7,85;420,3,17;426,1,14;438,4,10;446,1,14
rua||rosalina romano dianese|bom jesus|35550000|55,-2047365,-4511093;75,-5,31;135,-32,67;147,0,12;171,1,15;231,6,19;261,-1,25;303,11,81;321,-6,15;333,-2,18;339,6,9;357,-1,23;369,3,8;383,1,13;391,7,-5;425,-4,24;437,7,41;451,2,-11
rua||rosangela maria lamounier|centro|35550000|6,-2047276,-4512287;21,13,-3;46,-19,-4;49,-11,1;52,13,-3;58,-24,1;59,5,0;66,-12,-4;67,1,-5;68,16,9;77,-25,-6;78,-2,9;88,-5,-2;91,-3,8;102,-7,-10;119,-15,2;123,-22,9;131,14,-11;143,-21,10;155,-13,-4;169,-2,3;201,37,-6
rua||satiro|alto alegre|35550000|124,-2047267,-4513916;183,-1,1;190,15,-6;195,21,6;198,-23,-5;203,-11,-4;245,-51,19;250,7,-4;255,-7,10;261,-10,0;262,15,-10;271,-32,13;272,13,-13;282,-6,0;297,-20,16;325,1,-4;336,-12,-3;346,-13,-4
rua||satiro|nossa senhora das gracas|35550000|31,-2047107,-4513918;39,-8,2;40,-4,0;46,-15,-2;49,4,6;54,-12,-4;59,-5,-1;72,-14,4;75,6,-1;80,4,-2;90,-8,-2;93,-3,2;103,-8,2;104,0,-5;106,0,1;115,-12,7;118,-1,-4;121,-5,-3;128,-5,-1;129,0,0;1426,-15,-3
rua||sebastiao irineu de melo|ingas|35550000|30,-2047808,-4512682;42,-1,4;52,16,-12
rua||sebastiao rafael|silvio dias|35550000|39,-2046709,-4512657;99,13,10;123,9,9;154,22,23;159,-15,-7;202,51,30;236,14,12;248,18,4;250,1,10;252,6,-6;253,6,10;277,16,9;284,-12,-1
rua||seis|dom antonio|35550000|8,-2046959,-4508308;20,10,-2;29,1,-9;34,5,3;41,1,-13;46,8,-7;51,0,-2;56,14,7;63,-1,-7;73,9,-15
rua||seis|marilandia|35550000|33,-2035475,-4494942;51,10,-55;52,14,-58;200,7,-15;223,15,-63;292,13,-60;520,-7,65
rua||sem denominacao 1|centro|35550000|17,-2047327,-4512802
rua||sem denominacao 1|trindade|35550000|8,-2028297,-4492926;9,-28,131;10,171,-93;11,133,491;12,3,65;13,-1169,-498;15,1,-77;41,49,57
rua||sempre viva|lamounier|35550000|8,-2047796,-4503694;22,2,20;23,12,1;29,-11,-7;37,17,16;54,-16,12
rua||sergio gondim|nossa senhora das gracas|35550000|16,-2046868,-4513326;19,-42,28;21,32,-43;29,2,-6;38,-52,45;39,65,-52;49,14,-13;66,-97,88;74,-13,6;75,1,7;83,0,8;84,-2,-12;94,-8,11;97,1,7;102,-9,-1;109,2,8;119,-8,5
rua||sete|dom antonio|35550000|5,-2047201,-4508304;15,-5,-7;22,11,-12;25,-19,5;32,9,-9;35,-13,1;42,2,-9;45,0,-3;52,0,-3;55,-6,-1
rua||sete|marilandia|35550000|8,-2036138,-4494773;23,48,344;50,-67,-244;175,68,245
rua||severo augusto|nossa senhora das gracas|35550000|1265,-2047325,-4514264;1360,117,386;1370,-6,-22;1400,0,-11;1430,3,-26;1452,-7,-20;1464,1,-8;1466,-2,-29;1474,4,20;1478,-6,-14;1500,-1,-14;1516,-2,-1;1522,-6,-20;1562,-32,-88;1568,-6,-15;1580,38,81;1590,-10,-7;1600,-3,-5;1604,-33,-90;1618,26,68;1630,-19,-52;1648,-15,-40;1704,-16,-41;1754,-8,-15;1814,-85,-104
rua||severo rios|centro|35550000|15,-2047310,-4512464;16,-10,23;27,7,-29;39,6,25;51,-10,-1;76,-12,-8;90,14,-18;265,9,-32
rua||silvio dias filho|silvio dias|35550000|6,-2046623,-4512502;23,17,-18;26,-9,7;36,10,-3;49,31,-16;50,-27,18;82,39,-16;96,25,7;105,-3,-25;115,-38,18;125,49,-24;172,26,-20;189,42,-5
rua||tavico araujo|nossa senhora das gracas|35550000|685,-2047064,-4513894;695,-16,-19;704,16,8;708,-4,-7;713,-16,-10;727,-7,-17;741,-3,-8;751,1,-14;758,5,11;764,-2,1;779,-14,-33;783,-3,-4;786,5,8;791,-8,-25;801,1,-7;808,2,9;811,-13,-9;820,7,-7;829,-21,-21;855,-9,-23;862,19,19;872,-6,-7;884,-13,-11;917,-40,-37;920,29,6;937,-61,-23;938,47,17;947,-36,-30;951,-3,-12;954,28,29;974,-16,-16;979,-17,-19;993,-10,-4;997,-1,-5;1011,-8,-19;1041,-12,-15;1081,-13,-28;1085,-8,-17;1252,-13,-46;1270,-2,-9;1274,-3,1;1277,13,33;1290,-15,-50;1300,-15,-14;1358,-30,-31
rua||teodoro afonso lamounier|bom jesus|35550000|11,-2047205,-4510856;14,-60,6;23,76,-5;24,-73,2;31,73,-9;34,-57,22;35,-24,3;39,102,-33;45,-94,27;52,88,-20;59,19,-6;60,0,10;75,14,-10;84,5,15;85,-8,-7;94,7,13;95,7,-12;100,25,-21;103,-15,13;112,0,19;113,6,-22;123,12,2;130,20,0;135,-7,-5;136,-10,-2;139,10,4;140,16,-2;145,-10,3;148,18,-5;158,15,-8;159,-26,11;161,13,-9;163,0,0;227,75,-2;229,5,-5;237,14,2;245,2,-10;257,13,3;258,-26,5;266,6,3;269,28,-16;276,-16,15;283,30,-11;296,-12,11;306,12,-9;316,4,4
rua||teodoro francino|boa viagem|35550000|4,-2048476,-4511922;8,21,8;15,-11,-12;18,35,29;25,-26,-16;62,-72,-10;65,104,23;69,-4,-6;198,108,93;201,-18,-42
rua||tiradentes|rosario|35550000|18,-2047440,-4512017;25,-7,1;33,-5,21;58,-5,19;70,3,21;73,4,-12;80,-12,18;83,9,-8;88,-6,11;104,-16,26
rua||tony mesquita|silvio dias|35550000|5,-2046714,-4512577;10,-6,15;25,13,-4;64,35,35;66,34,24;93,-14,-28;105,11,11
rua||tres|dom antonio|35550000|11,-2047078,-4508285;22,1,12;23,3,-3;32,9,18;33,-7,-16;43,11,13;51,3,12;61,13,19;89,5,7;99,12,18;109,6,7;118,-8,0;119,12,7;128,5,9;129,3,-16;139,4,31
rua||tres|marilandia|35550000|122,-2037135,-4492024;123,17,-21;134,8,9;157,14,-2;223,72,17;236,1,13;358,-196,-74
rua||tres|neolandia|35552000|3,-2034143,-4515358;11,23,24;12,23,29;21,-19,-22;22,8,15;30,-5,-6;31,3,0;33,-46,-49;38,-5,-11;41,58,67;50,-58,-67;51,71,90;53,-84,-97;63,-13,-17;73,-13,-12;83,-6,-5
rua||tres|nossa senhora das gracas|35550000|59,-2046740,-4513788;63,9,-3;223,-31,18
rua||tres|parque industrial|35550000|220,-2047068,-4509135
rua||tres|rosario|35550000|21,-2047800,-4512182;26,8,2;31,9,-7;38,-6,7;41,4,-7;46,11,6;56,8,-1;66,8,-1
rua||tupinambas|lamounier|35551000|22,-2047290,-4503611;31,-9,14;34,2,-15;40,-7,10;41,0,10;77,-35,13;82,-4,-13;87,-7,8;97,-11,4;101,-2,0;114,23,-10;118,-43,3;120,-4,-5;145,-26,16;149,-16,2
rua||um|bom jesus|35550000|17,-2047118,-4510841;24,-3,2;25,-12,5;36,4,13;37,20,-4;65,-8,24;75,-6,0;78,-5,7;85,17,16;88,-13,6;94,-4,-88;97,21,81;100,-19,17;107,12,-2;117,2,11;118,-5,-6;129,-5,22
rua||um|dom antonio|35550000|4,-2047179,-4508222;14,17,3;23,9,7;24,-5,-4;33,12,11;34,-5,3;43,13,14;44,-7,-6;53,7,12;54,-3,-3;63,9,12;64,-6,-5;73,14,11;74,-9,9;83,12,3
rua||um|ingas|35550000|41,-2047587,-4512554;50,-1,9
rua||um|marilandia|35550000|134,-2037074,-4492160;144,19,0;155,27,1;158,-20,3;184,11,4
rua||um|parque industrial|35550000|75,-2047210,-4509159;135,11,4
rua||valeria garboci|lamounier|35551000|8,-2047305,-4503424;31,29,-3;40,5,1;58,12,3;74,10,7;100,16,20;131,24,20
rua||vevero malaquias|ingas|35550000|14,-2047512,-4512515;24,-8,-6;27,-4,1;40,1,-12;43,-6,0;54,-3,-13;55,-5,6;68,-6,-52;69,1,38;76,2,-13;81,-8,8;95,-9,-21;115,18,1
rua||vicente gomes de carvalho|andreza|35550000|10,-2047463,-4510947;13,5,-4;22,-1,18;25,3,4;34,-8,5;37,6,-4;44,-1,19;47,-3,-12;56,7,27;61,0,-5;73,2,7;80,5,20;85,0,-9;94,1,20;100,-11,12;106,8,4;109,3,-26;130,4,40;133,10,-1;140,-14,15;147,5,-3;161,0,14;186,-2,24;187,10,-3;201,3,14;214,-5,21;215,3,-11;218,3,28;229,5,-19;236,-9,29;241,6,-12;246,-6,23;253,3,-11;286,2,47;298,2,10;301,7,-16;310,-11,31;322,6,17;334,4,4;335,2,-6;349,4,8;356,-2,12;361,5,2;368,0,9;373,-2,4;385,-13,-1;390,13,21
rua||waldemar viana|sao geraldo|35550000|29,-2047145,-4511251;38,-4,12;39,12,-1;49,-9,7;58,-13,3;59,1,2;68,-6,3;71,-4,11;78,3,-3;83,-3,8;88,-4,8;93,1,1;98,-10,2;105,-1,4;108,-6,-1;115,0,15;124,-7,-3;125,-5,16;134,-2,-4
rua||walter arantes|nova ita|35550000|6,-2047180,-4513322;18,-5,-1;28,-10,-1;34,0,1;56,-77,-27;68,51,15;170,-97,-35;176,-4,0;186,0,-3;201,-53,-18;220,17,11;226,-5,-2
rua||walter arantes|oliveira moraes|35550000|39,-2047289,-4513350;89,40,14;243,-125,-122;253,-14,69;287,16,-71;289,-73,57;296,-10,-4;299,83,-52;360,-105,41;399,-5,1
rua||wanterville barreto|marilandia|35550000|37,-2036013,-4492677;48,185,385;52,-190,-379;53,10,4;64,-27,-8;88,46,36;136,20,31;148,2,16;172,17,16;210,21,46;246,12,8;247,11,8;269,12,33;329,24,29;403,23,72;418,-2,14;442,11,34;454,0,6;478,6,25;490,7,8;496,5,21
rua||wantuir alves camargos|marilandia|35550000|63,-2036202,-4493353;88,-22,-16
travessa|major|egidio luiz de cerqueira|ingas|35550000|26,-2047457,-4512655;38,7,-13;72,-3,-34;84,2,-2;94,1,-16
travessa|monsenhor|cerqueira|centro|35550000|413,-2047166,-4511814
travessa|padre|jose mariano|centro|35550000|25,-2047276,-4511850;34,-2,-4;45,-12,3;46,-1,-11
travessa|padre|manoel xavier|centro|35550000|32,-2047216,-4512754;40,10,-7;46,0,-7;62,-2,22;77,14,-43;87,8,-21;103,4,1
travessa|professor|alberto couto|centro|35550000|41,-2047258,-4512203;46,0,6;56,-3,-20;57,-2,7;65,-4,-6
travessa||1|ingas|35550000|6,-2047679,-4512750;18,-11,-23;22,6,11;26,-5,-12
travessa||2|ingas|35550000|11,-2047626,-4512781;20,-69,32;21,60,-42
travessa||adolfino avelar|lamounier|35551000|20,-2047406,-4503833;21,10,-7;27,-1,3;30,-11,8;31,7,-2;40,-15,3
travessa||antonio manoel|marilandia|35550000|174,-2036755,-4492663;292,-5,-2;304,-20,-3
travessa||aureliano moreira|alto do rosario|35550000|125,-2047616,-4512027;135,-3,-4;136,-2,1;139,-17,5;192,33,-3
travessa||a|marilandia|35550000|36,-2037106,-4492106;54,9,6;72,4,2;84,25,9;249,7,-4
travessa||bom jesus|bom jesus|35550000|20,-2047194,-4510829;39,2,10;58,3,-33
travessa||b|marilandia|35550000|72,-2037139,-4491968;75,5,-4;82,14,5
travessa||chico pedro|lamounier|35551000|10,-2047453,-4503818;23,17,-4
travessa||c|marilandia|35550000|247,-2037080,-4491877
travessa||do campo|neolandia|35552000|4,-2034080,-4514904
travessa||do rosario|neolandia|35552000|19,-2034426,-4515368;69,41,-4;81,12,-3;93,5,-1;111,8,17;129,-63,-59;192,114,123;196,-3,-3;210,19,20;254,2,32
travessa||domingos cecilio dos santos|jardim alvorada|35550000|115,-2047200,-4511447;117,16,8
travessa||d|marilandia|35550000|50,-2037055,-4492178;62,22,-7;547,-211,318
travessa||joaquim barbosa|marilandia|35550000|17,-2036174,-4493109
travessa||joaquim olavo|nossa senhora das gracas|35550000|25,-2047130,-4513253;31,-1,2;34,21,-3;39,1,-3;42,-4,2;51,8,-5;52,-10,-5;61,4,-8;90,-2,-4;104,6,-12;108,-1,-8;117,8,-12;120,-3,5;127,15,-18;132,-12,8;133,2,12;137,8,-34;142,-6,19;147,6,-22;153,2,-9
travessa||jose pires b morais|centro|35550000|26,-2047217,-4512096;170,-53,133
travessa||lindolfo tavares|marilandia|35550000|13,-2036070,-4493176;23,-7,-22;33,-4,0;45,-9,-11;57,-4,-9;81,3,-10
travessa||manoel chico|centro|35550000|106,-2046789,-4513123;108,19,14
travessa||manoel chico|nossa senhora das gracas|35550000|16,-2046803,-4513367;21,5,5;26,2,6;31,18,-5;34,-10,5;39,20,2;45,11,6;48,-24,-6;62,9,16;72,8,-3;75,8,-3;80,5,6;85,14,-6;90,-13,6;99,23,-5;100,-11,6;108,10,-5;109,6,4;118,0,3;123,11,-15;128,-2,12;131,8,-19;137,15,8;140,-15,4;150,21,2
travessa||maria candida|nossa senhora das gracas|35550000|16,-2046957,-4513174;22,-3,-3;41,4,-13;49,6,-2;50,6,-12;61,-4,-2;70,3,-12;73,-4,1;85,1,-12
travessa||necesio tavares|centro|35550000|20,-2047125,-4512010
travessa||sebastiao luis|nossa senhora das gracas|35550000|15,-2046845,-4513496;23,8,0;40,10,-12;52,18,16
travessa||teodoro francino|boa viagem|35550000|8,-2048447,-4511898;24,-7,45;26,-5,-36;34,2,27;36,-1,-4;42,10,10;46,-7,3;52,-1,-1;54,-27,3;62,32,24;64,-4,-12;72,-3,19;98,-6,-2;112,-1,30;118,-4,-7;149,2,9
travessa||wantuir alves camargos|marilandia|35550000|40,-2036168,-4493275;62,-15,-17
vila||rn|rosario|35550000|25,-2047420,-4511591;91,0,-3;99,-3,8;102,0,-2;105,-1,13;113,-8,8;129,5,-9
vila||vicentina|ingas|35550000|2,-2047519,-4512633;3,-5,-9;4,4,-8;5,-2,-7;6,1,-8;7,0,-15;8,2,-10;9,-7,10;10,-6,6;11,4,9;12,-8,4;13,8,27;14,-3,-17;15,-14,1;18,5,4;19,12,0;20,-1,11;21,4,-10
