acesso||primeiro|barbosa lage|36085000|15,-2171226,-4340863;25,-32,-22
acesso||principal|monte verde|36010000|71,-2191777,-4351822
alameda||das paineiras|fontesville|36084120|10,-2173830,-4342146;11,86,-124;14,-77,290;22,114,-334;23,-118,126
alameda||das palmeiras|fontesville|36084120|12,-2173810,-4341541;13,7,-160;14,95,-171;15,44,-45;16,-47,55;17,-72,101;18,-22,129
alameda||das palmeiras|hipico residencial caracol|36092009|1,-2169703,-4346722;4,50,-26;12,201,-159;13,22,-2;14,8,1;15,50,-1;23,163,2;24,6,1;27,57,-7;29,43,-15;30,36,-13;32,20,-1;34,-61,25;35,-33,6;36,-22,6;37,-20,1;40,-92,4;41,-12,0;42,-26,3
alameda||das pedras|condominio vilella vilage|36073130|1,-2176982,-4327941;2,32,227;3,-178,-258;4,74,56;5,38,-444;6,-51,460;7,168,286;8,3,28;130,-320,-494;3195,51,108
alameda||das pitangas|fontesville|36084120|19,-2173528,-4342338;20,105,102;21,-56,-53;22,-87,-120
alameda||dos pinheiros|hipico residencial caracol|36099899|223,-2169166,-4347069;224,63,17;225,5,7;226,9,1;227,18,7;231,139,195;232,19,36;233,29,10;235,30,8;9999,-325,-301
alameda||passaros da polonia|sao mateus|36030711|43,-2178334,-4335764;45,-2,47;185,1,56;195,1,15
alameda||passaros da polonia|teixeiras|36033318|126,-2178293,-4335843;128,-5,16;130,-2,-2;132,-3,2;134,-14,28;146,-11,20;148,-5,30;150,21,9;154,-24,-18;156,6,11;160,8,63;168,3,-25;170,0,19;190,-5,47;192,-1,16
avenida|engenheiro|jose marcio paschoalino|santa efigenia|36032190|2,-2180184,-4336008;5,51,72;7,2,-13;10,-21,-18;11,-59,-68;12,-22,-37;15,117,141;17,-53,-67;18,2,6;20,15,11;22,-92,-96;34,117,-42;36,-35,19;38,48,-12;46,-174,-30;86,90,122;87,26,9;88,-21,-6;89,7,3;90,-32,-27;92,13,19;93,13,3;94,-25,-19;96,-11,-8;97,25,9;98,-31,-22;100,8,9;123,24,27;131,-26,-25;161,-20,-18;163,4,-6;173,-1,-11;180,-7,3;183,1,-7;188,-8,-2;190,2,3;195,-11,-15;197,-2,-4;198,4,8;211,-12,-8;225,-10,-19;227,4,-9;239,10,-32;285,-4,19;480,-2,-20;500,4,-3;520,12,-10;522,-8,10;552,21,-16;617,8,4;627,11,3;637,0,3;647,12,0;652,4,5;662,-5,2;665,14,2;667,9,2;670,-11,-3;672,7,11;694,15,3;704,4,2;714,20,8;724,1,3;734,11,9;740,0,3;744,7,2;746,1,8;785,39,13;790,6,9;795,-2,-4;800,7,7;805,1,13;810,3,-12;815,10,9;820,3,-5;825,6,7;830,-6,1;835,13,4;840,1,-2;845,3,4;850,6,11;855,-3,0
avenida|senhor|dos passos|caicaras|36037490|15,-2175959,-4338947;28,-164,9;295,236,3;305,4,3;315,-16,0;325,-1,5;335,-16,4;345,-5,-11;355,-4,5;365,-14,7;375,-9,-7;385,-6,-9;395,-2,13;405,-17,-7;415,-7,7;425,-9,1;435,-6,1;445,-8,-2;455,-8,3;465,-5,0
avenida|senhor|dos passos|sao pedro|36037490|1290,-2176820,-4338770;1316,8,-6;1995,-687,44;2001,21,-8;2007,-1,-6;2008,-4,-13;2010,3,-2;2016,-6,-19;2017,-10,17;2021,-3,-6;2025,12,-15;2026,10,-12;2031,-20,-1;2035,9,-15;2036,11,-7;2045,-11,0;2055,1,-19;2064,3,-16;2065,-6,6;2075,-3,-20;2083,1,1;2085,-6,-12;2095,1,-14;2099,-2,-5;2100,1,-18;2102,-9,-31;2107,6,49;2111,-9,-18;2125,3,-10;2137,-9,-25;2139,0,-6;2149,-7,-8;2159,1,-9;2162,7,-5;2163,-9,-9;2165,0,-9;2169,-7,-7;2171,1,-5;2175,-2,-6;2177,4,-24;2179,-5,-13;2180,10,30;2181,-9,-43;2182,9,29;2183,-6,-43;2185,2,-5;2189,1,-12;2191,-1,13;2277,-1,-43;2319,6,-35;2321,4,7;2329,2,-22;2339,7,-5;2379,12,-5;2380,60,92;2381,-56,-103;2385,21,-10;2390,32,81;2400,-70,-30;2410,15,-18;2420,30,-26;2422,7,-13;2424,7,-8;2426,-4,-4;2430,27,-12;2446,35,-2;2485,-77,-27;2491,-12,-12;2497,-17,-12;2507,-7,-5;2537,-13,-13;2547,-4,-3;2557,1,-12;2558,-3,2;2559,-7,-5;2567,-8,-5;2568,16,6;2580,-9,-15;2590,-9,-13;2600,5,-18;2610,0,-5;2612,-1,-17;2616,10,-19;2708,-18,-42;2710,-3,-7;2714,-3,-3;2760,-16,-56;2921,-5,-40;2923,-64,-95
avenida||antonio guimaraes peralva|barbosa lage|36085170|2,-2171406,-4340522;3,-293,512;4,11,-12;5,6,6;6,-3,-33;8,6,-37;9,2,-11;11,7,-33;12,3,-8;14,73,-218;15,8,-22;16,6,-5;17,13,-18;19,25,-21;20,7,-13;21,22,-20;22,31,-26;23,7,-21;24,7,-2;25,226,-335;26,-204,311;27,7,-17;28,39,-53;29,13,-13;30,5,-3;31,0,-12;45,204,-285;55,6,-12;61,15,-34;65,-7,6;68,42,-54;85,9,-35;97,9,-8;101,-412,578;103,-132,215;105,6,-12;108,-6,12;110,-30,143;113,7,-88;118,5,19;128,19,-74;130,536,-776;400,-455,640;1503,344,-440;14215,-192,261;14325,80,-104;14345,59,-65;14350,12,-16;14351,8,-10;14355,6,-12
avenida||contorno das pedras|fontesville|36084075|1,-2175181,-4341640;2,-165,-41;5,-157,-148;6,-68,-199;7,-75,-91;8,28,-79;9,179,-53;10,111,24;11,94,67;12,82,58;13,47,168;14,45,151;20,-536,-365;21,146,-81;22,148,17;23,115,148;25,87,162;26,33,154
avenida||contorno das pedras|fontesville|36084079|17,-2175400,-4341710;18,-81,-114
avenida||garcia rodrigues paes|araujo|36090185|235,-2169017,-4342995;485,65,-125
avenida||garcia rodrigues paes|barbosa lage|36081500|13,-2172184,-4339454;17,400,-414;41,22,-35;51,-9,24;144,-42,77;515,-1,-6;575,23,-46;585,-5,28;597,-5,-2;605,5,-6;609,1,-18;615,14,-22;619,-4,22;659,11,-32;663,1,-6;695,17,-21;705,3,-2;12515,-485,477;12531,6,-49;12555,15,44;12591,30,-6;16701,1215,-1555
avenida||garcia rodrigues paes|barbosa lage|36085680|86,-2171120,-4340981;15016,184,39
avenida||garcia rodrigues paes|benfica|36090185|1,-2168018,-4343351;6,-14,49;8,-16,26;9,-12,11;124,-384,0;696,-148,44;1810,515,-43;4254,60,-63
avenida||garcia rodrigues paes|ceramica|36081500|91,-2173677,-4338693;103,37,-15;115,-18,4;127,13,0;143,1,-10;159,13,2;163,4,-3;8105,-39,10;10615,-27,16;10620,11,28;10625,-9,-18;10721,64,-32
avenida||garcia rodrigues paes|industrial|36081500|12,-2173095,-4339209;175,-484,464;185,18,-1;285,112,-16;295,4,-3;297,-11,-4;699,269,-284;701,4,-16;703,2,-9;705,-1,-7;715,-2,-3;725,13,-13;795,7,-25;1099,108,-116;1199,23,-39;8225,-525,541;9113,402,-411;9117,6,-9;9124,0,1;9125,1,-11;9127,-13,-14;9129,23,11;9131,3,-5;9133,0,-4;9153,18,-3;10791,-428,433;10801,24,13;11041,225,-172;11045,66,-58;11052,-57,46;11100,-122,122;11105,4,-5;11115,0,-5;11121,14,-1;11249,34,-41;11251,6,4;11255,10,21;11259,-13,-30;11261,3,2;11275,19,-22;11289,11,-6;11301,9,9;11805,321,-411;12311,-174,198;12313,-19,-5;12395,287,-177;14900,-478,440;14920,6,-9
avenida||garcia rodrigues paes|jockey clube|36081500|12045,-2172750,-4339236;12255,82,3;12415,-46,-385
avenida||pedro afonso pinheiro|santa efigenia|36032280|2,-2180097,-4335885;26,128,351;34,4,-4;37,-132,-347;44,125,331;47,-16,18;55,16,-28;56,-1,3;57,-11,-7;68,8,3;73,-9,-13;76,9,-2;77,-9,-5;85,4,-14;88,-6,9;96,-7,-25;99,-5,14;100,0,-19;104,13,-1;105,-16,8;108,6,-20;109,-2,9;110,-1,-24;115,-8,17;119,4,-23;120,3,1;129,-13,-2;130,3,-17;133,-6,4;147,-5,-31;150,1,17;180,-39,-19;199,24,-15;201,-4,-7;207,-5,-13;210,11,11;212,-15,-26;215,0,10;216,-14,-34;225,9,13;226,-5,-9;255,0,11;257,-7,-17;264,-14,-34;272,-35,18;280,22,-51;353,-6,-44;357,0,-26;359,-3,0;380,17,-13;465,-42,-95;480,85,55;485,0,-14;500,18,0;501,-3,-4;521,30,3;523,5,4;540,16,-17;542,-17,31;585,37,-20;593,19,-36;602,-1,79;603,-32,-40;604,35,26;606,4,-25;610,46,-8;617,-35,2;618,8,4;619,5,-29;620,20,22;621,6,-9;626,-34,46;671,44,-45;673,2,-10;701,22,-8;712,2,17;722,10,-14;727,10,-5;728,-2,3;730,22,-12;731,-13,2;738,31,-15;740,-13,10;741,-15,6;742,21,-11;743,7,-1;744,-1,2;745,15,-10;746,-12,1;747,21,-5;749,2,-7;753,12,-3;754,9,4;755,-1,-6;757,6,-2;759,4,3;761,16,-4;762,-5,4;763,12,-6;765,13,6;767,8,-8;770,-23,-1;772,10,2;776,9,7;778,6,-6
avenida||prosperidade|cruzeiro de santo antonio|36037855|51,-2176899,-4342480
avenida||rubens pinto|teixeiras|36034050|505,-2179833,-4336602
avenida||senhor dos passos|sao pedro|36037490|4,-2176887,-4338737;7,-444,-158;10,-2,-3;19,67,14;991,980,-94;996,-102,7;1001,78,-5;1012,-5,0;1017,-9,53;1018,-574,562;1025,367,-517;1026,199,-88;1029,-137,68;1033,79,-34;1034,42,-19;1036,-11,9;1038,20,-23;1039,-26,28;1047,-9,7;1049,-11,15;1051,1,-12;1055,0,3;1065,-11,9;1069,-14,5;1072,-19,-11;1073,5,4;1074,9,-15;1075,-22,13;1077,22,1;1078,-15,-11;1080,0,7;1081,-20,13;1082,5,-20;1083,12,34;1085,-16,-5;1086,-4,-43;1092,-13,29;1095,1,7;1097,-24,13;1098,15,-19;1100,-3,8;1104,-4,-2;1105,-8,14;1106,-69,-6;1115,64,1;1123,-33,16;1125,12,0;1136,-14,-6;1139,-13,26;1140,4,-17;1142,-5,3;1143,-6,-4;1144,-11,-66;1151,6,102;1152,-2,-32;1153,197,-64;1155,-235,77;1156,31,-10;1157,-31,14;1158,27,-9;1164,-17,-4;1170,-9,4;1174,4,13;1176,-52,-1;1178,7,-18;1179,21,32;1182,5,-35;1186,-8,4;1189,17,12;1195,-16,18;1196,-18,-8;1197,59,49;1199,-60,-54;1201,-5,24;1203,-5,-3;1205,325,-75;1206,-347,29;1207,33,32;1211,-16,13;1215,-8,38;1216,-13,-34;1217,-36,29;1218,38,-33;1219,12,25;1225,-14,-11;1226,-7,-22;1228,-6,46;1236,-6,-30;1239,-8,9;1245,-22,11;1246,24,-18;1247,-36,11;1249,16,5;1269,-14,-3;1277,-3,6;1279,15,-11;1285,-26,23;1286,31,-22;1295,-42,22;1297,8,-2;1311,38,41;1315,-67,-30;1330,-125,40;1335,56,11;1340,-30,-14;1342,3,-4;1344,0,0;1345,4,9;1346,-7,9;1364,-17,0;1366,0,0;1386,16,-1;1388,-3,-5;1393,-35,38;1395,4,-3;1411,16,-47;1420,-47,36;1438,-10,3;1440,-4,4;1442,0,2;1450,-8,6;1480,-33,18;1484,-5,-1;1486,32,-16;1490,-4,1;1494,-4,5;1498,-2,9;1500,-27,1;1510,5,-3;1511,37,-9;1520,-66,14;1521,-45,27;1530,9,-14;1531,-29,22;1542,-1,-10;1560,-9,2;1562,-14,8;1566,-7,10;1585,11,3;1592,-44,-1;1596,-7,9;1597,-7,23;1618,-21,-1;1625,-32,7;1628,14,-4;1635,-12,6;1645,-13,11;1648,6,-6;1655,-5,10;1668,-28,-7;1675,-28,16;1676,17,5;1680,-1,-11;1684,-2,-8;1685,-26,18;1687,-6,-15;1688,27,1;1700,-5,13;1720,-18,-5;1726,-20,11;1750,-24,2;1754,-4,-2;1755,34,2;1765,-14,7;1775,-11,0;1777,0,0;1785,-12,0;1787,1,4;1805,-8,-4;1815,-27,7;1825,-2,-21;1835,-7,0;1836,3,-15;1845,-10,1;1846,4,-7;1855,-9,8;1856,10,-9;1865,-8,-6;1866,-9,-8;1875,-10,-5;1876,3,-19;1880,-18,7;1884,126,55;1885,-92,-29;1893,-36,-21;1895,0,-5;1896,-3,2;1905,-4,-14;1906,3,0;1916,8,-24;1920,44,-35;1928,-84,29;1938,34,-23;1945,2,26;1948,-2,-35;1955,19,19;1957,-28,-9;1958,19,-17;1960,-8,-12;1961,-53,47;1965,33,-37;1971,2,2;1975,-2,-7;1983,23,108;1985,-62,-106;2000,29,-28;2102,139,-169
beco||principal|monte verde|36010000|135,-2191802,-4351851
escada||entre alberto guedes e a henrique pimenta|jardim esperanca|36072280|220,-2176830,-4329282;482,40,-12
escada||o sem denominacao acesso jandira ate limpo pinheiro|ipiranga|36032450|289,-2179481,-4335440
escada||o sem denominacao acesso jandira ate limpo pinheiro|ipiranga|36032470|239,-2179473,-4335358;257,0,-36;271,-16,-17;301,15,-44;311,-15,-20
estrada||de bias forte e rio do peixe|valadares|36101000|5,-2174224,-4364495;6,117,590
estrada||de pequeri|sarandira|36104000|11,-2183152,-4318665;15,25,-2;26,75,-13;80,-24,-6;108,-154,26;109,17,-5;110,29,3;112,-75,8
estrada||fazenda aurora e paraiso|caete|36104000|12,-2180274,-4325460;14,27,4;15,16,0;18,55,21;22,107,56;175,165,364;1300,186,-1
estrada||penido|valadares|36101000|135,-2174810,-4357694
estrada||pires|pires|36107500|7,-2192507,-4353420;29,-4761,-3300
estrada||ribeirao do carmo e povoado|valadares|36101000|14,-2176902,-4355594;777,887,-2666
estrada||rio preto|monte verde|36081624|110,-2187668,-4346193
estrada||vale dos peoes|linhares|36000001|2,-2171500,-4328815;8,448,103;18,-364,-22;23,-61,-61
estrada||vale dos peoes|linhares|36060700|3,-2171100,-4328966;10,-665,-25;11,557,-111;12,-16,-30;13,-473,254;14,5,-5;15,588,-246;16,-470,291;17,-39,-1;19,181,93;21,11,22;22,-14,-39;23,-20,-6;24,-42,-51;25,-175,-44;155,529,-309;160,-2,-6;510,-1019,211;3000,88,-13;5000,-101,18;5013,192,21;5155,-44,-18;5320,-115,-14;5400,1170,102;6000,-1015,-95;6500,51,-11;6735,42,-6;6755,47,8;7000,-375,34
fazenda||penalva|caete|36101000|3,-2177484,-4361944
praca|doutor|joao penido|centro|36010130|2,-2175926,-4334405;6,-2,-3;20,-3,-2;22,-3,-1;26,-13,-2;38,-12,11;44,-2,2;48,4,20;52,-8,-27;56,-3,2;62,-10,6;74,-11,-3
praca|monsenhor|bilac pinto|retiro|36073130|41,-2177329,-4329137;2619,-19,13;2621,-5,-2;2720,67,-41;2730,10,18;2740,8,-2;2750,1,7;2760,40,7
praca||joao pessoa|centro|36010150|4,-2176130,-4334790;11,13,-3
praca||ministro bilac pinto|retiro|36072320|2622,-2177378,-4329229
prolongamento|engenheiro|leger palmer|jardim casablanca|36036270|212,-2176646,-4337026;233,-4,-16;235,12,-7
rua|coronel|alcindo nunes pereira|araujo|36090140|57,-2169346,-4342989;65,7,9;66,-30,19;72,20,-10;73,10,-5;81,1,12;84,0,8;89,8,-9;94,-2,13;97,-3,2;105,9,5;110,3,7;113,6,-7;121,3,9;128,-5,12;129,11,-13;136,-14,17;139,11,-5;146,7,16;156,0,3;159,18,-4;164,-9,18;167,6,-14;172,-3,14;175,-8,3;180,11,4;183,10,-4;190,6,11;191,-5,-7;199,15,3;200,-10,11;207,2,-2;215,17,4;220,-12,11;223,7,-5;230,2,10;231,8,-6;233,-8,11;240,4,5;245,2,9;250,1,-4;255,1,2;260,3,4;261,6,4;262,-4,-4;263,6,11;266,2,9;268,17,14;270,-3,-8;276,-18,10;281,12,-21;293,1,8;303,10,9;313,1,16;323,13,2
rua|coronel|pacheco|sao mateus|36025210|28,-2177460,-4335350;32,29,-15;42,-37,-20;48,22,5;60,-8,-12;68,12,-12;70,0,-12;78,25,2;84,-11,-4;92,-4,-13;98,0,-11;110,6,-2;124,18,-3
rua|coronel|pedro porto|monte castelo|36081170|41,-2174630,-4338464;47,6,-36;50,2,42;60,10,-8;62,-40,5;65,41,-7;70,9,-6;75,-1,12;76,12,-11;80,7,7;83,-12,1;85,17,-3;90,7,-9;98,-6,-4;100,10,2;105,13,3;110,-2,8;115,23,-10;120,-5,-1;125,6,-7;126,-12,4;130,6,-1;135,19,-7;140,-11,12;145,17,-25;150,-7,22;155,15,-20;160,-9,17;170,9,-19;175,50,-43;180,-39,35;190,9,4;193,-3,-4;195,3,-8;200,-5,-12;205,21,15;215,6,-19;220,-6,8;225,2,-11;230,-6,9;234,5,-3;239,16,-16;240,14,-4;244,-2,4;245,-3,0;255,2,-6
rua|dom|altivo pacheco|sao mateus|36025300|15,-2177433,-4335820;27,3,4;40,8,21;46,16,16;49,-9,-3;60,-1,7
rua|dom|geraldo maria de moraes penido|residencial miguel marinho|36092578|11,-2167929,-4342869;13,-6,-9;21,15,18;31,14,3;41,10,-1;51,10,10;61,0,1;71,17,2;81,10,9;91,10,-4;101,8,-1;111,7,19;121,17,-11;131,10,1;141,11,3
rua|doutora|dulce palmer|nossa senhora de lourdes|36070620|15,-2177092,-4332554;25,-29,13;35,1,20;45,-12,-8;55,-9,9;65,-1,12;75,-11,-10;85,-11,8;95,-4,1;105,-10,0;115,-6,9;125,-4,-1;137,-15,9;145,-1,1;155,-15,19;165,-8,-5;175,-7,3;177,-10,3;185,-8,7;195,-9,8;197,-1,0;205,4,11;215,-22,-2;225,-3,4;235,-22,13;245,-1,-2;255,-6,0;260,8,-6;265,-18,16;275,-8,11;285,-2,1;290,-25,18;495,-16,-28;498,8,49;500,1,-10;511,2,17;512,-16,32;967,5,6;968,7,-16;969,5,-11;970,1,-16;971,4,-8;972,3,-12;1020,55,-44
rua|doutor|alvino de paula|carlos chagas|36081280|7,-2174533,-4338989;20,-137,-159;30,-6,-5;65,160,171;80,-192,-207;85,-10,-12;90,-2,3;95,-6,-9;100,-2,0;105,-1,-6;110,-2,-3;115,-6,-9;120,2,3;125,-6,-5;130,-11,-14;135,2,6;140,0,-7;145,-6,5;150,-1,-9;152,-4,-7;155,-6,8;160,4,-2;310,188,242;440,-91,-135
rua|doutor|constantino paleta|centro|36015450|25,-2176004,-4335170;30,-56,-78;50,53,48;55,-13,-4;60,-1,-8;70,-5,-28;83,-37,11;90,36,-11;95,-5,-10;100,-14,18;105,10,-30;108,3,-3;111,-15,0;120,17,-15;123,-8,7;129,-1,-13;130,6,15;134,-8,-12;138,-9,-6;143,7,-9;153,-5,-8;158,7,11;159,-4,-13;161,-4,1;170,3,-6;171,0,2;174,-4,0;179,6,-15;180,31,7;188,-24,-27;192,2,8;203,-14,-10;210,-3,-14;219,-5,8;224,1,-26;226,1,10;229,5,-2;231,-5,10;267,-10,-48;270,-36,0;286,34,-18;287,3,11;296,-16,-22;297,22,15;308,-7,-24;309,3,4;317,2,-4;327,-9,-10;336,-1,10;342,-7,-18;349,0,-12
rua|doutor|constantino paleta|jardim paineiras|36015450|381,-2176089,-4335510;385,9,1;389,-6,-17;390,-2,12;403,-3,-12;411,-6,-10;413,1,5;415,2,-11;425,-4,-4
rua|doutor|cosme pace|granjas santo antonio|36020785|140,-2178738,-4333137;142,6,-2;143,5,44;144,18,15;145,-1,36
rua|doutor|dirceu da silva pinto|condominio via do sol|36038014|36,-2177898,-4339044;45,-14,-5;65,3,-7;85,-29,-18;105,-15,-4;120,74,49;200,8,13
rua|doutor|donato pinto|morro do imperador|36036340|9,-2175904,-4336908;20,-33,-5;21,1,179;34,17,16;35,-1,12;110,43,-312;120,-13,3;140,-18,6;160,-20,3;200,-14,11;260,-20,167;272,1,19;290,16,46;324,7,13;411,79,-168;468,-60,21;530,45,-18;575,-11,10;598,-56,0
rua|doutor|edgard carlos pereira|poco rico|36020200|10,-2176673,-4333518;20,-5,17;22,3,-12;28,6,0;32,-11,21;40,-4,6;52,-9,9;58,7,3;64,4,2;74,-9,17;76,-5,10;78,1,5
rua|doutor|edgard carlos pereira|santa tereza|36020200|13,-2176776,-4333350;16,18,-84;26,-4,15;27,89,-81;37,-4,17;44,-15,92;45,-50,-1;47,-4,6;49,65,-83;51,-67,75;68,55,24;71,4,-1;81,3,12;93,5,19;100,-7,-10;110,2,12;111,-11,-74;112,5,5;115,13,76;117,-11,-72;119,0,8;125,0,10;128,9,65;134,1,9;136,10,6;150,-6,9;170,6,23;200,22,71;226,-34,-162;230,26,113;260,-2,15;290,1,9;600,23,83;625,-84,-49;627,-8,-17;635,2,-5;639,-7,-23;651,-5,-5;653,-2,-10;655,4,-7;657,-14,-4;697,-8,-57;698,2,7;704,5,-26;706,8,-19;708,-12,23;709,2,-3;710,-2,20;745,3,-40;755,3,-30;767,-7,-2;895,-6,-19
rua|doutor|felicio pifano|santa cruz|36088492|1,-2170948,-4342957;2,88,5;8,141,9;9,89,-14;10,-146,17;11,-15,-4;12,-7,-2;13,-15,2;14,-9,-4;15,-5,-3;18,-44,0;28,-95,-10;29,42,0;30,16,-1;32,23,1;33,12,-4;35,27,13;36,4,-3;37,15,4;38,12,-3;39,14,0;40,144,21;41,-122,-21;42,102,22;45,-68,-18;46,5,4;47,18,-2;48,16,4;49,3,-1;52,29,3;99,-101,-3;102,118,1;126,-137,-6;170,-47,-2;180,-16,-2;329,-43,225;333,20,-217
rua|doutor|geraldo palleta|santa rita de cassia|36051410|9,-2174107,-4334264;22,-65,-54;26,5,5;28,2,6;30,2,-1;32,-4,1;35,5,2;44,9,3;45,-3,10;54,24,-19;89,18,38;92,-1,15;97,11,2;98,0,-2;99,6,5;102,-11,13;104,5,-4;125,8,-4;126,11,2;127,1,3;136,-2,4;175,147,-354;190,-104,360;192,10,-4;200,3,8;210,10,-7;220,5,-1;230,4,5;266,52,4;267,2,1;290,17,1;295,4,1;300,3,17;306,19,-10;309,2,-2;328,16,6;336,6,6;339,14,-6;340,-10,4;352,35,4;353,-18,-5;373,16,-10;390,6,15;399,16,8;400,-26,7;409,25,-1;412,4,12;420,8,-24;421,-49,113;424,47,-109;427,-2,17;436,-5,6;446,24,-2;450,-2,3;456,12,29;457,-15,-25;460,1,39;465,5,10;470,-14,9;473,14,7;475,0,-19;550,-2,46;576,13,6;588,10,0;600,10,2;612,7,-1;616,4,-4;636,17,14;638,3,5;641,-34,-20;644,53,33;648,11,5;661,-19,-27;669,11,15;673,7,21;712,-20,16;720,4,3;722,30,-5;776,12,6;779,20,15;780,-12,-5;781,-5,-15;784,18,29;789,-11,4;794,8,8;809,-1,5;819,0,8;829,19,11;834,-3,-11;836,-2,2;840,4,36;841,8,-29;850,15,12;853,-6,-7;860,-3,30;865,13,-8;873,7,-5;874,8,7;884,6,9;885,-3,2;902,3,12;906,8,12;910,12,8;921,-10,-12;931,12,6;937,-25,-15;941,31,30
rua|doutor|joao pinheiro|jardim gloria|36015040|91,-2175399,-4335432;95,18,-31;98,-13,-18;105,10,3;106,11,-33;112,-5,23;118,7,-4;125,9,13;127,10,3;128,-15,-21;134,3,-1;135,3,-7;136,3,-2;137,10,18;140,-6,-13;141,-3,1;148,11,-13;150,-1,-1;151,2,6;159,-1,-14;160,-8,-9;163,9,14;170,0,-16;173,3,-2;183,12,-1;184,-13,-1;186,2,-9;190,6,-8;191,0,7;194,-2,-15;200,-45,90;201,48,-82;204,1,-11;211,-1,6;214,0,-6;217,7,7;218,-8,-19;221,11,8;222,7,-23;226,1,-1;227,-3,18;239,3,-17;251,6,7;255,8,-26;258,-6,14;260,-4,-2;264,10,6;265,-4,-15;276,2,-11;277,5,-12;282,-11,0;293,10,-6;296,7,-2;306,-6,-9;307,5,-2;317,-1,-17;318,-4,2;328,8,-3;345,3,-9;350,1,-7;356,-1,-13;357,-1,4;366,-3,-18;371,-9,-4;379,17,1;380,-3,-3;383,-25,-4;384,23,-4;389,-6,-7;399,-10,-5;400,5,2;410,-16,-12;415,13,-9;420,-11,-10;423,3,1;432,-6,-18;435,0,8;451,-14,-4;452,11,-7;481,-10,-29;503,-15,-7;509,-9,-6;511,-6,-2;525,-2,0;537,-12,-14;552,3,-12;555,-10,-6;559,-15,2;567,-12,-9;568,25,8;582,-16,-15;584,-1,4;587,-10,2;588,4,3;597,-9,-13;600,8,3;605,-13,-7;606,10,4;611,-4,1;620,-14,-5;624,-2,-4;627,-11,-18;629,7,0;630,-3,-16;637,-6,11;647,-2,-10;653,-4,-10;675,18,-11;695,-43,-59;711,19,-15;731,-1,17;755,9,-18;769,-4,-15;777,3,-8;793,0,-17;803,11,-30;815,-6,2;829,-1,-7
rua|doutor|joao pinheiro|jardim santa helena|36015040|6,-2175472,-4335440;7,24,25;8,-3,-40;9,41,-15;16,-51,25;23,24,16;26,3,-13;37,-1,4;44,11,-18;46,-4,1;49,-4,-1;50,-20,59;51,24,-48;59,11,-13;64,11,-4;67,2,-2;70,-6,15;74,-11,-18;78,1,0;82,10,7
rua|doutor|luiz antonio vieira penna|alto dos passos|36026300|6,-2177500,-4335109;8,2,-19;52,-1,-2;56,6,-11;60,-2,-9;62,0,0;66,2,-4;74,5,-8;86,11,-8;100,-6,-14;110,4,-10;126,-4,-18;138,-5,-3;150,2,-12;160,-1,-11;162,1,2;178,6,-6;180,-10,-6;196,-10,9;208,-7,-6;216,-12,-2;222,-4,6;236,-7,-3;242,-8,1;246,-4,10;248,-7,1;258,-12,-15;262,-5,13;268,-2,-2;278,-10,14;290,-7,4;300,-18,9
rua|doutor|luiz antonio vieira penna|mundo novo|36026300|375,-2177620,-4335211;383,-16,0;384,1,2;391,-1,-3;393,-5,10;403,-7,-9;404,-12,3;405,-8,-2;407,5,17;410,-21,11;415,-60,5;416,46,-15;418,9,10;420,-10,-11;421,-2,10;423,6,-4;424,-8,-9;426,-7,11;431,-2,-9;441,-7,12;442,4,14;451,-16,-12;460,5,12;463,-321,240;466,307,-266;473,-6,22;478,-11,-51;480,15,27;483,-8,22;486,-6,3;492,-9,-20;493,10,13;497,-9,11;502,0,-9;503,-16,12;504,11,-6;506,0,-4;510,-4,6;513,-1,-5;515,-3,13;520,0,-10;530,-11,2;545,-16,6;550,-11,1;555,8,-1;556,-6,3;565,-7,2;566,-2,-9;575,-9,12;576,2,-6;580,-8,-18;585,-15,27;586,15,0;595,-14,8;596,2,-10;599,-6,8;600,-19,1;610,0,0;615,-2,0;616,3,4;620,-18,-22;625,0,22;630,4,20;640,-21,-5;652,-2,7;660,0,0;666,-1,-1;670,-12,9;674,-2,6;678,-4,-1;680,2,3;720,-51,35;730,12,-24;740,4,18;741,-10,22;750,5,-14;760,-8,8;765,-16,26;769,-3,13;770,11,-36;782,-6,12;794,-5,15;804,-5,5;815,-3,-2;825,15,-4;828,-18,12;829,-1,14;831,-3,4;855,-16,20;863,-5,15;866,14,-23;876,-11,12;886,-4,23;887,-11,3;914,-26,15;920,5,4;922,1,-4;925,-60,33;926,60,-37;931,-14,11;933,-12,8;936,17,-9;943,-29,20;946,28,-14;947,-64,51;949,37,-37;951,-7,4;954,24,-9;964,-16,-5;965,-42,50;975,-20,8;976,54,-49;985,-21,9;987,0,0;993,-64,57
rua|doutor|luiz antonio vieira penna|sao mateus|36026300|1,-2177508,-4335109;27,17,-35;35,-10,13;51,5,-13;55,0,0;63,5,-10;79,12,-6;87,-10,-8;95,6,-9;101,0,-4;117,0,1;129,11,-42;131,-1,14;139,-23,11;151,59,-65;159,-57,12;169,0,5;177,-7,-2;185,5,3;197,-24,36;201,-12,-43;215,-2,-1;219,-6,19;223,-7,2;233,-7,1;243,-6,6;257,-6,-3;263,446,177;287,-472,-182;293,-4,4
rua|doutor|luiz paleta|araujo|36090210|14,-2169285,-4342918;15,1,-14;16,6,-1;25,5,-10;40,-3,9;74,31,-31;75,4,-3;79,7,2;80,4,2;84,4,-10;85,-1,10;95,10,-27;130,26,-11;140,1,-7;150,7,4;156,9,-11;157,61,-60;159,-179,166;160,122,-110;175,-2,1;205,19,-25;208,17,1;210,0,-4;275,58,-53;277,-9,9;285,-21,13;295,34,-27;300,-19,18;305,22,-19;315,5,-7;320,9,-2;325,1,-6;326,39,-9;330,-37,15;335,5,-14;337,6,-2;345,1,-3;348,-2,9;355,15,-19;356,-2,5;358,-1,0;365,6,-7;370,-3,0;374,46,4;375,-34,-14;376,5,2;385,3,-8;421,33,-7;430,1,2;440,11,-9;445,-7,6;447,13,-3;449,8,-5;450,-8,5;460,8,-3;470,14,0;475,2,-4;485,5,-1;495,9,12;519,3,-2
rua|doutor|pedro peters|sao pedro|36037280|7,-2177454,-4337864;23,6,7;25,-6,13;26,10,-4;38,-1,13;40,3,13;48,4,5;50,0,8;56,5,3;58,-6,8;67,-2,-7;71,6,7;76,18,11;81,-19,-3;107,-11,-70
rua|engenheiro|giacomo polito|fontesville|36083782|2,-2173869,-4340599;4,5,3;7,52,158;8,-25,-96;10,6,23;11,14,81;12,-6,-62;13,19,66;16,2,-14;28,-30,-65;29,-4,-10;34,-19,-65;35,-5,-14;36,-12,-1;37,-1,-11;38,-5,1;50,53,143;55,27,45;60,-8,-31;62,0,-2;64,4,-7;80,-27,-8;81,28,75;82,-24,-82;84,15,-12;100,-24,-37;104,-4,-7;106,-4,0;108,18,2;120,10,33
rua|engenheiro|leger palmer|jardim casablanca|36036270|5,-2176670,-4336985;56,-4,-8;68,33,76;70,-17,-6;74,-9,-17;82,15,33;83,19,14;84,4,-4;85,11,8;86,13,1;87,5,4;88,16,3;89,12,-5;90,-57,-11;91,77,4;93,-90,-18;98,-12,-4;115,89,28;131,-86,-40;141,18,36;145,14,7;151,-39,-50;156,96,53;161,-99,-53;162,-5,-11;176,-3,-8;186,1,-9;196,-6,-12;201,8,-2;214,-16,-41;221,7,11;222,19,-15;223,-1,-13;224,5,1;232,6,-16;234,8,-6;250,-20,31
rua|irmao|procopio|grama|36048310|1,-2169058,-4334269;2,6,-1;3,14,-4;5,58,10;7,-28,-3;8,-7,-3;9,37,6;10,6,-1;11,1,1;12,0,0;81,-21,-3;121,-28,-1;776,-26,0;777,-25,-4
rua|marechal|floriano peixoto|centro|36013080|11,-2175792,-4334610;15,0,0;27,-2,-14;28,7,32;36,-19,-8;37,11,-22;40,-8,19;42,-4,-12;43,14,-7;45,-5,-7;46,-4,5;47,2,-19;50,-18,19;55,21,-17;68,-3,9;75,2,-10;77,-10,3;78,-2,-13;79,21,-1;81,-9,-3;83,6,-8;84,-20,-1;87,18,-2;88,-22,2;90,4,0;91,13,-9;95,-3,-3;96,-17,8;99,13,-7;103,-12,-6;111,0,-12;115,-1,-4;116,12,7;119,-15,-18;120,10,16;126,-6,-9;132,-5,-6;135,7,-8;138,-10,6;140,3,-8;142,-5,1;143,13,-6;145,4,-6;150,-24,15;151,25,-19;153,6,0;157,0,0;160,-33,10;163,23,-17;171,-21,-4;185,8,-34;194,-11,11;199,3,-12;200,1,12;204,-3,-11;208,1,2;209,1,-7;216,-3,0;218,3,-4;219,-1,1;221,-8,-8;222,5,-1;223,-7,-5;226,7,6;227,9,1;230,-11,-2;232,-5,-6;233,-9,7;234,14,-4;237,3,3;238,-11,-10;242,0,0;243,7,-4;244,-7,4;245,15,-9;247,-9,-4;249,-1,2;251,-9,9;252,1,-9;253,7,-3;254,-11,1;256,-1,-6;258,-3,-3;259,8,0;260,-7,-5;262,-7,1;265,19,4;266,-14,-5;270,-3,-8;271,18,10;273,-6,-6;315,-5,-36;325,-4,-17;329,-3,-1;333,-9,-6;335,1,0;337,34,5;341,-24,-9;345,6,-6;347,-2,-12;351,-15,-2;357,2,-8;362,-69,75;363,68,-75;366,-26,30;367,30,-30;369,-6,-8;370,-19,12;375,12,-11;383,0,-16;390,-100,82;416,57,-59;420,37,-58;424,20,16;435,-21,-26;438,-3,-26;440,-4,-8;442,0,0;443,11,23
rua|marechal|floriano peixoto|centro|36015440|509,-2175913,-4335034;515,-1,-54;521,2,-3;522,-7,12;526,-22,9;531,23,-29;535,8,12;536,-11,-10;539,27,-2;543,-20,2;549,11,-7;550,-24,-6;554,2,2;559,13,10;561,5,-9;563,-1,-10;569,0,-2;571,-10,8;576,-4,-9;582,12,14;585,-11,-24;587,10,-7;589,38,-6;591,12,-9;593,0,-1;595,1,-6;597,-7,0;606,-79,16;610,18,-25;637,19,-22;641,-4,5;643,-27,6;649,-5,-17;650,7,6;656,1,-15;661,-16,1;670,9,-7;672,6,-4;673,-20,-5;674,22,8;676,-10,-5;681,4,-29;688,-9,11;697,-7,3;700,-7,4;715,3,-15;716,2,40;723,6,-36;725,-11,-9;726,0,63;731,6,-87;732,-8,-2;741,-12,-24;746,14,2;756,-11,-4;763,10,-8;768,-17,-5;771,18,-4;778,11,-7;788,-19,-5;789,-1,-4;796,-26,11;818,24,-5;823,1,-33;826,0,2;833,-4,-19;836,-1,7;840,-12,-8;847,-3,-14;864,7,-1;886,0,-16;887,-11,13;912,7,-46;916,-10,-7;919,-2,-8;920,-4,5;927,2,-9;937,-3,-5;938,2,10;950,1,-15;951,-1,28
rua|padre|alfredo piquet|santos anjos|36062400|40,-2175375,-4334305;60,1,13;80,5,-8;86,10,-3;96,10,1;110,19,8;207,15,-4;211,8,-2;225,12,7;237,-3,-9;241,12,7;249,2,1
rua|padre|geraldo pelzers|santa luzia|36030270|1,-2178693,-4334316;3,-15,-37;4,-3,1;8,-8,6;10,3,5;12,2,13;14,-9,5;149,-2,-3
rua|padre|pio|barbosa lage|36085080|8,-2172005,-4339712;10,3,33;17,0,-10;20,2,35;21,9,-21;26,14,18;30,0,10;31,15,5;34,-10,-3;36,3,19;137,33,19;138,0,-7;144,11,12;146,-6,-3;147,1,3;148,3,4;170,5,7;179,5,7
rua|prefeito|luiz penna|chacaras passos del rey|36039420|25,-2179240,-4341751;35,-25,-15;40,17,-27;60,-10,-33;90,-17,-35;95,-6,1;100,5,1;145,-12,-13;155,-12,-26;156,12,6;168,-8,-14;175,-24,-41;186,-17,-41;190,80,250;195,-104,-290;215,-31,-55;225,0,-7;276,43,79;286,-11,-31;350,-34,-61;404,-8,-16;457,-26,-55;460,-4,-6;464,145,306;467,-162,-321;480,-5,-23;513,-36,-27;515,0,-3;520,4,-2;540,-12,-18;555,-24,-23;560,10,-5;570,-17,-33;580,-7,-6;660,-43,-109;680,-15,-14;792,-59,20;829,5,22;849,-23,-4;880,-30,22;915,27,-17;935,-49,24;943,466,653;947,-498,-641;957,-14,4;1000,-17,1;1015,-151,60;1050,277,-112
rua|professora|conceicao pereira|santo antonio|36071230|3,-2177012,-4331600;5,12,17;12,79,52;19,-26,-32;29,35,21;30,-38,-22;36,43,17;39,32,-34;42,-2,-3;43,-17,24;46,4,1;47,13,-12;52,-7,10;59,-2,-17;64,-107,-1;66,107,8;74,-101,-1;76,101,-6;78,17,-20;83,-121,13;84,10,13;85,-2,5;86,113,-35;89,7,9;91,0,0;94,-116,23;100,116,-45;104,-107,58;110,116,-64;114,-108,63;116,99,-66;118,-100,74;124,4,-1;125,99,-55;134,-94,68;135,2,-14;137,-10,1;139,98,-95;140,5,4;141,8,-11;144,-92,123;145,7,-17;149,6,17;150,82,-131;160,0,-40;169,-5,39;170,4,-44;172,9,-10;174,-3,1;176,2,-4;197,-13,37;199,-1,-12;201,6,-17;203,2,0;229,-1,-17;239,13,-3
rua|professor|irineu jose de paula|previdenciarios|36031360|20,-2180388,-4334700;30,-7,14;34,-55,124;37,45,-48;38,8,-18;39,14,-16;65,-28,37
rua|professor|irineu jose de paula|sao geraldo|36031360|200,-2180482,-4334587
rua|professor|joao panisset|ipiranga|36032520|1,-2179398,-4335578;3,2,8;5,-10,-65;6,10,69;7,1,22;8,-1,-6;10,-3,-40;14,-1,-7;15,0,-8;16,-4,-12;17,3,-11;18,-2,-10;19,5,42;21,-7,-38;22,-1,12;23,1,6;24,-2,2;25,5,8;27,5,9;30,-3,-45;33,-5,-11;37,-1,6;100,8,65;110,9,5;120,-7,9;135,-5,-107;139,4,-4
rua|professor|thompson palhares|santa luzia|36030185|11,-2178871,-4334171;21,-23,-4;25,29,6;40,139,-32;54,-68,20;55,-25,9;58,38,-15;109,-115,15;115,0,5;170,25,-2;180,8,0;190,9,5;220,73,-23;230,20,-9;242,35,-22;250,-54,28;270,4,3;278,8,-8;280,34,1;290,-24,-7;310,31,-3;345,23,-60;350,-24,58;360,3,-18
rua|santa|paulina|santa terezinha|36045228|1,-2174175,-4335803;8,-19,-54;11,-7,-4;16,26,1;17,-15,14;20,16,-4;23,-9,16;29,-14,-5;32,19,5;35,0,6;37,3,-2;38,-4,2;41,-1,5;44,7,-11;45,26,10;74,-36,-19;90,-3,-35
rua|sao|francisco de paula|torreoes|36107000|16,-2186343,-4353769;42,-6,-46;44,-29,-16;46,14,17;48,48,5;51,-54,21;704,63,-21
rua|sao|pancracio|meggliolario|36052054|35,-2174157,-4334669;37,3,-3;45,-1,14;55,3,12;57,3,5;59,1,0;61,-9,10;65,1,-3;66,3,-2;73,-3,14;75,-15,-14;79,21,3;110,-36,15;111,-2,31;121,-6,3;130,1,-14;132,-5,12;153,-1,-7;155,-1,13;158,12,16;159,-18,11;165,-1,-27;178,1,52;180,6,-28;188,-16,28;190,24,-12;206,-33,29;208,9,3;217,1,-2;218,-48,64;230,34,-61;248,-11,16;274,-11,20;275,49,-49;276,-41,33;284,-9,15;286,-14,8;302,3,14;308,11,14
rua|sao|pancracio|nossa senhora aparecida|36052054|102,-2174286,-4334294;365,22,-106;372,-25,21;375,18,-5;393,-16,-21;401,14,38;402,4,6;420,-13,11;430,4,6;450,-4,16;457,18,-46;507,-17,115;510,-3,12;519,-8,12;520,-11,14;550,49,69;552,-24,-47;562,17,15;572,8,6;584,10,5;586,-11,14;588,-14,-63;600,23,69;620,5,5;630,-18,-22;632,31,27;635,-11,-34;640,19,34;650,-13,-32;651,-2,-3;653,-1,4;655,-13,-5;660,42,18;670,-2,-13;682,1,-10;690,14,-3;700,4,-5
rua|sao|paulo|grama|36048110|45,-2169198,-4335012;58,14,-7;77,-32,3;78,3,6;88,-3,-3;98,-21,-1;115,-18,14;125,-17,20;142,9,-20;145,-31,1;148,2,-3;150,-2,3;160,-17,3;165,-17,-5;170,6,7;180,-18,8;190,-3,-10;215,-27,14;231,-28,6;232,98,-22;233,-11,-5;235,-23,14;261,-55,11;330,-72,6;340,-4,0;350,-4,3;360,-11,-3;370,-12,5;395,5,7;415,-7,0;416,2,-1
rua|sao|paulo|paineiras|36016090|15,-2176685,-4335238;20,10,-20;25,-14,26;36,-5,12;40,-7,2;45,6,-8;48,-11,9;55,-7,-3
rua|senador|feliciano penna|mariano procopio|36080030|14,-2174707,-4336231;16,1,3;19,-14,-26;25,16,25;33,6,0;41,9,1;43,3,5;44,-9,6;53,11,-5;56,1,8;63,11,-6;64,-7,16;68,12,-4;71,5,-13;73,-6,12;82,7,8;88,-4,-4;91,5,-4;93,18,-3;95,-17,19;97,21,-14;102,-5,3;108,3,6;111,3,-2;114,2,6;118,3,7;119,2,-9;121,10,-5;128,4,16;129,5,-7;133,-10,10;143,15,-8;144,-7,14;148,10,-6;149,4,-4;151,-5,6;159,7,-16;160,10,14;162,1,12;165,-9,3;167,3,-6;168,3,0;180,9,0;182,11,3;187,-8,-4;188,10,6;190,5,8;192,9,4;195,-48,-35;203,44,22;208,3,4;213,3,2;214,8,4;215,5,-18;223,-7,24;224,3,-5;227,1,7;230,11,-2;233,0,16;237,5,-17;240,-1,-2;241,13,2;250,-17,4;251,26,13;257,0,-3;258,-4,-14;261,7,11;262,-2,-8;263,8,4;266,-7,3;270,1,4;275,12,3;282,-1,-9;283,-75,-13;284,81,17;286,-1,2;296,1,15;298,5,-4
rua|subtenente|omar pereira|bandeirantes|36047150|19,-2172193,-4335386;25,6,-4;29,7,-1;37,4,7;47,4,2;55,30,-13;75,-5,23;85,56,30;105,-49,-24;406,-66,-24
rua|subtenente|omar pereira|vale dos bandeirantes|36047190|10,-2172209,-4335396;22,12,-5;36,16,14;40,5,7;46,5,-2;50,1,-4;56,3,7;68,3,23;73,32,-6;74,-10,-12;80,8,15;90,13,-2;100,9,20;110,6,-8;124,12,15;146,22,8;148,-10,-8;150,8,4;214,13,29;215,33,-3;217,6,11;221,23,-9;231,-6,2;240,19,21;243,-16,-11;265,24,16;296,22,6;300,15,-5;322,3,4;323,2,5;331,-10,-3;332,34,7;335,-2,7;347,3,2;348,-2,3;349,21,-8;355,-1,4;358,-13,20;365,24,-12;378,-12,13;405,35,3;418,7,-2;419,3,5;428,8,5;436,3,2
rua|tenente|marcio pinto|bom pastor|36021020|18,-2177660,-4334066;52,-42,5;54,-16,11;66,0,-8;79,-7,11;82,1,-11;99,-12,12;100,0,-9;111,-20,14
rua|vereador|francisco pinheiro|benfica|36091110|22,-2169839,-4344276;23,10,-21;40,79,70;50,-8,-12;60,-7,1;64,0,3;70,-2,-16;80,-1,-22;115,6,3;117,7,12;122,-95,-16;125,16,-32;127,81,51;129,-74,-100;133,66,59;134,-28,-80;135,23,28;136,28,129;140,-18,-86;142,7,-25;143,-1,7;145,-9,23;146,-2,16;149,12,-93;155,3,65;160,-21,82;175,12,-88;178,10,-28;193,-1,-4;239,-5,-28;240,-13,-15;310,-63,45;313,7,0;315,-7,16;320,-4,7;325,0,7;352,-13,50;360,2,-13;365,-4,55;371,0,0;373,3,-7;380,-17,26;385,17,-22;386,-9,8;388,-10,23;395,-49,-42;400,51,54;430,6,-39
rua|vereador|wilson sales portilho|reserva sao pedro|36038434|6,-2178449,-4339311;13,93,-39
rua||abel rafael pinto|benfica|36091100|26,-2169878,-4344139;27,-30,21;125,126,-108;170,-127,101;450,36,-37
rua||acacia do paraibuna|bom pastor|36021720|15,-2177955,-4333872;25,-5,30;31,4,-45;45,1,-16;65,5,-26;67,-3,12;75,8,-17;94,7,-19
rua||acacio paulino pinto|sao benedito|36061260|10,-2175282,-4332715;20,-4,-4;30,11,-21;40,-5,0;50,3,-6;53,92,-148;60,-76,134;70,-5,-8;90,1,-3;100,10,-13;120,17,-19;130,-5,-11;140,5,-11;170,39,-57;190,-6,4;200,9,-2;210,9,-18;270,8,-8;280,26,-63;300,-17,42;344,13,-20;350,15,-14;356,1,3;364,11,-9;372,4,-33;390,-5,-1;392,12,-14;394,-6,20;396,9,-19;398,3,-11;400,-4,-17;402,0,-2;406,3,-25;420,4,11;436,-1,-20;440,0,27;446,5,-39;450,2,-22;460,-1,-3;470,-6,-6;474,4,-1;476,-13,-10;478,-6,-3;480,1,-5;482,-20,-8;484,-37,118
rua||acacio paulino pinto|sao bernardo|36061300|5,-2175248,-4332796;35,-27,45;45,9,-9;55,7,-12;65,2,-10;68,84,-127;75,-76,118;105,-1,-14;125,12,-20;135,1,-6;145,13,-12;147,4,-7;175,15,-10;185,9,-10;193,7,-14;195,-1,-9;220,16,-4;285,9,-19;295,-1,-16;309,6,-1;311,15,-13;321,1,-2;323,4,-7;325,0,-3;385,18,-20;395,3,-10;397,6,-22;399,0,-7;401,9,-7;403,3,-23;405,-11,-3;425,-9,42;435,13,-71;445,7,-11;455,-5,-12;465,0,-8
rua||afonso pena|manoel honorio|36045030|9,-2174397,-4335291;11,3,10;21,-18,1;43,-10,14;55,-10,-5;56,-2,-11;61,0,8;65,-5,8;66,-1,-17;67,-16,21;70,12,-8;74,-7,2;77,-22,7;80,10,-7
rua||alberto pinto|sao pedro|36037040|8,-2177269,-4337218;10,-19,1;40,1,-18;50,-25,19;60,-4,-37;70,-6,-9;80,-6,-8;85,30,25;86,-30,-27;95,-3,15;197,-3,-26;203,-11,-1;205,2,-2;209,-1,-9;215,-12,0;225,-11,-10;227,-5,-7;230,18,-2;240,-11,-18;260,-23,-11;270,-3,-4;275,-10,-11;277,-13,-5;279,4,-1;285,-16,-14;300,11,11;315,5,-12;320,-1,5;326,-13,-32;330,4,-5;334,-10,14;340,9,12
rua||alem paraiba|cruzeiro de santo antonio|36037894|16,-2177254,-4342546;30,-4,10;31,12,4;40,-18,8;90,-42,43;100,-10,8;115,5,13;250,-110,54
rua||alfredo ferreira pinto|santa luzia|36030680|1,-2179313,-4334743;2,-2,33;4,-5,65;5,2,-13;6,4,-108;30,-5,77
rua||americo pernisa|nova era|36087280|7,-2170216,-4342202;20,10,-2;100,-21,-30;106,-7,-5;110,-9,-11;120,-6,-4;126,-21,-34;135,27,39;136,-34,-48;145,5,8;155,-9,-4;160,1,1
rua||antonio armando pereira|jockey clube|36083730|17,-2172275,-4339925;18,3,0;19,-5,-3;20,9,-3;21,2,-5;22,9,8;23,7,-5;24,14,4;25,-6,5;27,20,5;47,6,-17;100,-79,263;120,5,-52;140,5,-31;144,5,-30;145,-3,17;155,-3,-19;156,3,-15;165,-12,-2;166,16,-5;175,-15,-5;176,17,-7;185,-13,0;186,17,-8;195,-15,-6;196,17,-6;204,-1,-5;205,-11,7;214,11,-7;215,-12,-16;225,1,-13;230,12,9;235,-4,-33;244,10,18;245,-8,-33;256,10,27;266,-1,-10;276,-3,-9;286,1,-12
rua||antonio carlos pereira|tiguera|36071120|1,-2177137,-4331954;3,-92,106;4,79,-66;5,-88,65;6,87,-55;21,6,-34;22,14,-41;23,-25,70;29,-37,46;40,50,-84;41,0,11;77,-142,73;110,107,-23;113,-115,19;206,-13,-5;297,-30,-13;328,40,18;350,-24,-12;360,-26,-13;363,14,9
rua||antonio cunha pereira|filgueiras|36048656|35,-2166489,-4331271;36,-1,1;39,-22,56;40,5,-1;42,23,-47;43,67,-44;50,166,-80;51,-201,10;55,-84,244;59,-12,-23;60,304,-285;65,-277,244;69,83,-219;75,-1,5;92,22,-58;93,0,3
rua||antonio dos passos|barreira do triunfo|36092430|15,-2166221,-4343137;20,16,-1
rua||antonio jacob da paixao|sao pedro|36035760|2,-2176422,-4337723;3,0,0;40,14,8;615,14,6
rua||antonio passarela|sao mateus|36025230|17,-2177643,-4335525;27,12,-24;28,-7,0;38,7,-2;46,6,-11;47,-4,2;48,5,9;53,5,-23;54,2,14;78,8,-8;94,11,-20;106,4,-11;109,-2,-7;116,10,-4;123,9,4;125,13,-4;135,4,-6;145,4,-6;185,1,-30;187,7,4;189,-4,19;191,-34,-82;193,40,44;195,-1,1;197,-4,-11;200,-3,8;203,6,-21;210,-3,5;216,6,-11;221,3,-5;222,11,1;231,1,-11;240,5,-5;241,-4,6;243,4,-16;257,3,-2;263,9,-19;297,11,-3;300,8,-21;301,3,-2;303,-2,20;305,2,-13;307,0,12;309,4,-25;311,3,20;312,-2,-21;325,9,-15;330,-6,1;342,11,-6;345,2,-6;346,12,-7;352,2,-15;365,-3,6;369,-1,-6;401,0,-22;406,22,6;407,-10,-10;413,8,-5;414,12,-1;418,2,-4;421,-9,-9;426,12,1;428,3,-3;430,1,-1;431,-5,-10;441,-4,-10
rua||antonio pinto pereira|sao mateus|36016570|18,-2177381,-4335643;35,4,-4;195,-17,-28;205,8,9;215,3,6;265,14,23;266,1,9;268,3,-2;275,1,9;285,18,42;295,-6,-31
rua||armando perniza|vila ideal|36020705|46,-2177826,-4332314;66,-8,2;78,-3,19;86,-7,2;98,-9,11;106,-2,6;128,-5,2;150,-13,17;160,-4,8;170,-9,9;172,-3,5;190,-8,9;2900,-9,8
rua||arthur angelo petrato|progresso|36050240|10,-2173414,-4334692;16,27,7;31,-11,-7;33,-8,-5;34,-3,22;35,0,-17;37,5,5;38,-37,-6;39,26,9;41,-1,-6;43,-6,2;45,-1,5;49,-14,-3;50,5,-4;55,-13,5;72,-6,-3;82,-11,20;83,5,-18;91,-7,1;101,-8,-9;110,-28,-8;115,16,-3;120,-7,-6;125,5,-2;128,-12,11;129,5,-17;200,-7,0;220,-4,-7;225,-6,-9;230,7,-4;235,-20,1;240,8,-5;250,-3,-9;255,-18,10;295,6,-16;299,-15,-7;306,15,3;316,-7,-5;320,-1,-5;2387,156,90
rua||arthur goncalves pinto|caicaras|36010000|21,-2175903,-4339193;31,3,-3;41,3,-10;51,1,-4;61,10,-8;71,-7,-6;81,6,-6;91,3,-11;101,3,-4;111,-3,-4;121,4,-4;131,3,-8;141,6,-7;151,-1,-6;161,1,-5;171,5,-10;181,0,-2;191,6,-7;201,-2,-7;211,4,-10;221,2,-3;231,-1,-8;241,6,-6
rua||arthur goncalves pinto|caicaras|36010001|20,-2175896,-4339202;30,0,-1;40,4,-9;50,-1,-4;60,7,-9;70,0,-3;80,5,-12;90,-1,-10;100,8,-5;110,-3,-3;120,2,-4;130,5,-4;140,2,-9;150,3,-7;160,2,-6;170,3,-6;180,1,-4;190,3,-8;200,-2,-6;210,7,-9;220,3,-6;230,-4,-10;240,6,1
rua||artur peters|martelos|36036310|1,-2176698,-4337145;12,-38,88;22,35,-78;30,-7,21;31,6,-10;35,-33,75;37,43,-102;43,-71,182;45,2,-5;60,50,-131;65,-7,2;69,-36,119;75,30,-93;77,-1,-5;79,-6,26;83,-4,5;405,-7,37;491,7,-24;1210,40,-123;1226,1,4
rua||atilio pastorini|sao pedro|36037190|10,-2177248,-4337894;12,11,-8;35,-7,5;41,24,-3;55,30,1;67,5,6
rua||augustinho guerra pontes|santa efigenia|36032480|12,-2179609,-4335677;13,41,10;24,-56,-11;31,69,15;34,-51,-7;37,21,1;39,-5,-14;55,-21,12;56,16,4;57,-40,-26;60,9,11;63,-5,11;65,-26,-34;75,9,17;76,22,16;85,-36,-28;92,23,23;95,-28,-20;102,11,3;112,-1,-4
rua||augusto olimpio pascini|santos anjos|36062370|70,-2175319,-4334181;78,6,-5;79,19,-36;80,-16,61;90,3,-17;100,23,2
rua||b vila paraiso|santa cruz|36088213|1,-2171215,-4344203;2,-25,0;3,2,-14;4,-4,1;5,0,0
rua||benedito pinto|sao mateus|36016490|22,-2177267,-4335623;101,-6,-78;111,4,-15;119,-6,-5;123,2,47;129,-6,-61;130,11,73;132,1,-68;135,-12,-6;140,13,63;145,-20,-76;146,16,-5;152,-18,10;153,2,-5;161,-3,-9;162,1,-7;169,-4,3;174,4,-9;175,-4,-10;178,1,7;180,26,131;195,-33,-151;199,2,-8;200,28,184;202,-25,-160;205,-4,-22;210,-9,1;211,3,-21;221,6,-10;234,-6,16
rua||bernardino purgato|santa rita de cassia|36051280|13,-2173354,-4333971;23,19,-23;25,0,-2;28,1,8;30,7,-7;40,11,7;45,-13,-9;47,2,5;50,6,-12;60,7,2;70,-4,-2
rua||bertha halfeld paleta|francisco bernardino|36081610|30,-2173574,-4339169;34,-6,1;52,26,31;54,-14,-18;55,31,-57;56,-27,51;68,-9,-4;95,25,-35;125,42,-43;170,61,-87;201,29,-27;205,8,-8;207,-1,0;275,28,-25;1554,-208,250;1560,9,3;1572,-23,-23;1580,12,-2;1582,1,6;1592,-4,21;1610,35,-35;1612,0,-2;1626,11,-24;1634,8,-4;1644,12,1;1645,15,-21;1646,-20,12;1656,5,-14;1658,2,3;1660,-4,-5;1662,8,2;1690,19,-24;1697,6,1;1699,0,-5;1709,8,2;1717,6,-7;1733,2,-9;1745,14,-8;1757,11,-18;1783,17,-21;1785,28,-56;1793,11,-6;1797,3,-11;1803,15,-19
rua||caminho das pedras|fontesville|36084075|7,-2175724,-4342179
rua||caminho das pedras|fontesville|36084079|8,-2175728,-4342184
rua||candido portinari|meggliolario|36052420|17,-2174666,-4334932;29,-9,0;39,-11,8;48,-8,-7;49,-2,-1;59,-4,8;60,1,-7;70,9,2;72,-21,1;75,2,10;77,-8,-7;80,-9,-1;89,5,12;90,-7,-8;99,-5,13;100,-6,-6;110,-1,3;111,1,-2;112,-10,3;121,-5,10;124,14,-12;131,-21,19;136,-5,-2;139,1,5;147,-13,1;148,5,-8;152,-11,2;158,-1,7;159,4,8;166,-12,0;169,-5,-1
rua||carlita assis pereira|bosque dos pinheiros|36062050|9,-2175588,-4333095;25,-13,12;45,-11,13;55,-11,4;65,-5,8;75,-4,8;85,-10,10;125,-30,19
rua||carlita assis pereira|sao bernardo|36062050|30,-2175630,-4333058;40,0,0;50,0,0;60,0,4;100,-23,14
rua||carlos horacio pradez|recanto dos lagos|36047628|100,-2170759,-4335517;110,-1,5;150,-4,42
rua||carlos palmer|vila furtado de menezes|36020320|21,-2177042,-4333538;33,-13,-6;40,21,15;45,-32,-12;50,12,0;60,-3,-5;63,-19,8;65,-4,2;76,17,-9;80,-6,-5;81,-18,13;90,5,-13;101,-14,22;110,-6,6;120,-22,-1;121,15,3;125,-22,-5;145,3,2;243,99,-8
rua||carlos palmer|vila ozanan|36020320|157,-2177148,-4333531;161,-4,10;167,-11,-5;170,6,-29;183,-13,25;189,-4,0;195,-10,-10;201,-11,-7;219,-1,-3;221,-14,-6;223,8,-12;225,-8,-8;227,-4,-6;243,-5,-9;244,-7,16;246,7,-23;247,1,2;250,-8,-12;255,-1,-6;264,0,-7;270,-1,-11;275,8,17;280,-9,-28;290,1,-11;295,-14,-7;300,19,1;310,-3,-16;320,-4,-4;330,-2,-18;340,-8,42;350,14,-62;380,-6,-8;390,0,-22;400,-4,-16;401,-61,-11;405,61,55;410,-4,-48;450,-34,-62;460,-16,-4;490,-7,-14;500,-21,8;510,-10,-14;520,-1,-30;530,-16,-16;540,-11,-13;550,-15,-4;566,5,-26;570,-3,-7;578,-13,-13;588,-12,-23;647,12,38
rua||carlos tavares de pinho|retiro|36072370|46,-2177770,-4329107;60,328,-185;234,-125,-5;235,2,-9;250,-10,12;260,-4,4;265,-1,10;267,-8,12;280,-6,9;282,-5,-10;290,12,6;305,-15,12
rua||carlota penaforte|ipiranga|36031450|12,-2179670,-4334932;14,4,7;15,-7,-16;35,31,70;95,-2,-7;96,-19,-32;101,5,-37;116,6,32;910,15,72
rua||claudia lamarca pereira|milho branco|36036000|15,-2174484,-4340949;35,-3,-13;45,-2,-10;52,4,16;55,-30,-105;56,19,68;75,7,21;85,-13,-43;95,1,3;105,-3,-8;107,2,-12;109,-6,-13;115,2,-12;125,-3,-11;135,-4,-7;145,-7,-9;233,5,0
rua||claudia lamarca pereira|milho branco|36083006|13,-2174486,-4340946;20,-1,6;28,-1,-14;30,6,-7;40,-4,-12;44,-2,-12;50,-2,-12;60,-14,-12;62,11,-1;80,-7,-16;90,-3,-13;100,0,0;110,-2,-19;120,-2,-2;130,-10,-11;140,-3,-6
rua||da passagem|grama|36048340|4,-2169633,-4335522;6,-6,-11;10,603,547;16,-614,-568;55,614,571;58,-590,-517;68,-7,-8;125,676,445;219,-685,-485;240,-15,-35;260,-9,3;270,11,7;282,-3,11
rua||da passagem|paula lima|36048340|26,-2158126,-4348860;38,-2,-2;46,1,7;47,2,-17;50,0,2;56,-9,-10;65,9,43;66,2,-70;70,-8,18;75,1,-1;77,1,-8;78,6,-15;85,-4,7
rua||da passagem|progresso|36048340|41,-2172626,-4334914;51,3,-20;61,0,-14;71,-1,-10;81,1,-17
rua||da passagem|progresso|36050375|12,-2172596,-4334874;20,-15,-28;25,6,0;27,-11,-8;28,0,6;34,-4,-21;38,1,17;40,-8,-14;42,27,-2;44,-18,-15;52,-7,-2
rua||da passagem|retiro|36048340|26,-2178088,-4329529;28,-2,-17
rua||da paz|santa terezinha|36045570|11,-2173989,-4336664;38,-67,2;307,65,4
rua||da penetracao|ponte preta|36092080|352,-2167374,-4343988
rua||da penha|torreoes|36107000|20,-2186260,-4354251;22,-48,-3;25,9,21;35,-13,-15;60,-21,-36;65,2,-2;66,-10,-6;70,-24,-21;75,20,23;79,-11,-4;85,-1,-11;87,-3,1;90,-17,-11;95,7,-2;99,-7,7;101,-9,-13;105,5,-4;106,-7,1;109,-5,5;110,-16,-20;115,197,749;119,-45,58;120,-92,-394;122,74,291;125,-133,-696;129,-6,-3;135,-10,-12;145,-16,-6;155,-12,-2;159,0,-4;162,18,8;170,-49,-18;180,4,-6;200,-16,-14;201,-21,5;203,-12,-8;204,26,-4;210,3,-8;216,-25,-9;217,-14,-2;220,17,-5;222,-74,-37;230,63,32;240,-17,-18;243,-17,-8;245,-15,-5;270,-10,-13;280,-7,-14;290,-2,-6;300,-8,-6;307,-11,19;309,5,10;311,6,9;315,23,12;320,-21,-81
rua||da piscina|bosque dias tavares|36099899|191,-2164880,-4349236;192,-32,1;193,-33,7;194,-51,28;195,-5,4;196,-16,4;198,-72,50;200,-65,65;201,-38,32;202,-13,19;204,-19,38;207,312,-243;208,-35,6;209,-36,26;216,-226,187;217,-13,22;218,-4,11;718,-21,81;785,-219,145;787,-46,-65;792,-23,-36;852,229,11;853,-35,9;857,-77,70;858,-25,19;957,161,-119;959,40,-59
rua||da ponte|monte verde|36107000|40,-2191606,-4351868;50,-15,-3;60,-15,1;70,-4,-4;100,-106,30;130,1,-5
rua||daniel antonio pinto|recanto dos lagos|36048744|55,-2170299,-4333510;60,-28,13;90,-32,17;125,95,-37
rua||daniele lamarca pereira|francisco bernardino|36083000|13,-2174539,-4340814;14,3,-1;15,-3,-7;58,9,13
rua||daniele lamarca pereira|francisco bernardino|36083006|52,-2174576,-4340906
rua||daniele lamarca pereira|milho branco|36030000|17,-2174578,-4340937;80,-29,-3;304,19,5;306,-16,-3
rua||daniele lamarca pereira|milho branco|36083000|19,-2174498,-4340932;21,-26,0;24,-3,0;31,11,-3;33,-18,8;37,-20,-1;39,-1,-5;40,-48,-36;42,-7,-5;43,-23,-7;44,18,5;50,-1,0;53,55,44;55,-1,0;62,-62,-43;98,-46,-27;100,26,18;102,-41,-18;108,23,11;109,10,3;112,-40,-6;122,-5,-2;132,-11,7;136,0,-1;142,6,8
rua||daniele lamarca pereira|milho branco|36083006|1,-2174558,-4340933;2,-3,9;6,107,23;9,-210,-53;10,208,50;12,1,2;13,1,0;14,22,38;16,-86,-68;20,-36,-1;22,6,2;23,13,-18;24,-26,-3;25,42,16;29,-68,-52;30,-8,6;32,12,-23;35,-4,-9;36,-4,7;37,1,-18;38,-2,2;42,-41,90;43,37,-120;45,-14,115;47,-68,-54;54,97,98;55,-68,-70;56,83,40;58,-106,-68;63,2,38;64,40,15;65,14,21;66,3,7;70,-48,-33;71,-3,3;73,60,43;75,-84,-62;78,45,-9;86,-5,4;130,85,4;143,-125,5;150,72,-18;180,34,7;181,-2,70;182,-36,-17;200,0,-54;254,17,75;500,80,-36;777,-72,-117
rua||das palmeiras|amazonia|36083045|55,-2174879,-4340135;60,11,32;70,5,9;80,3,10;90,4,7;100,3,5;110,1,2;120,2,12;130,7,8;140,3,9;150,4,7;160,2,7;170,0,-1;180,5,12;185,3,10;190,7,6;195,9,11;200,-9,-7;210,5,5;220,-2,-1;230,7,19;501,-44,-104;503,10,13;505,1,8;515,16,36
rua||das palmeiras|benfica|36083045|3,-2167989,-4343303;4,120,29;5,-118,-37;12,-4,9;20,10,-4;47,27,19;48,6,-28;59,2,31;60,-1,0;62,27,15;65,-24,-24;75,-45,-6;85,68,18;104,8,2;114,25,35;115,-14,-16;119,10,-14;124,2,17;127,8,-12;134,2,17;135,14,-3;136,-5,14;138,14,-8;203,-5,4
rua||das palmeiras|bosque dias tavares|36083045|73,-2164679,-4349622;76,-69,-86;78,-20,-47;79,-28,17;81,-29,-12;82,-42,-12;83,-11,-4;84,-39,-6;315,250,173;316,-18,-25;317,-27,-28;319,-24,-34;327,-88,-53;328,-54,-17
rua||das perolas|marilandia|36039380|10,-2178526,-4339180;30,-7,-18;40,4,12;44,12,71;45,-2,20;50,-19,-92;51,7,-24;52,-15,11;53,12,6;65,24,112;70,-88,-63;73,92,48;75,6,25;76,-41,-148;100,16,88;110,13,21;120,4,2;130,-9,14;140,-1,-5
rua||das petunias|novo horizonte|36038520|12,-2179958,-4338735;15,-67,-39;16,36,13;25,-106,-75;26,139,82;34,-135,-110;40,-20,-11;45,-9,-23;55,-10,-50;56,10,-7;60,10,31;65,-22,-30;70,-16,-70;80,2,-66;95,-11,55;100,11,-55;122,75,262;262,-56,-150
rua||das pitangueira|loteamento fazenda do tanque|36099899|20,-2169853,-4351849
rua||das platinas|marilandia|36039410|1,-2178684,-4338918;2,-15,-13;3,-7,3;4,-9,1;5,-2,5;7,-4,1;8,-18,1;9,92,-22;10,-109,32;12,-25,8;155,245,-65;170,-36,6;186,-24,6;200,6,-2;209,34,4;210,-20,-4;215,-19,-3;219,-77,24;300,-144,43;311,39,-20
rua||do pedestre|nova era|36087085|1,-2171095,-4342523;3,-11,9;5,-14,-13;7,-6,5;9,-2,-2;11,-6,3;12,1,2;13,-13,-1;14,-39,84;15,35,-83;17,-4,11;19,-8,-6;21,-6,6;23,-7,-8;25,-3,9;27,-9,-2;31,-14,3;33,-5,0;114,7,2
rua||do planalto|progresso|36050250|1,-2173453,-4334892;2,10,5;3,-1,-10;7,-23,21;26,-21,37;27,7,-12;28,-2,-13;30,18,-7;32,-7,-6;36,15,16;39,-7,-8;59,-14,24;70,3,-27;73,0,17;79,-16,34;80,3,-11;83,0,-14;90,-12,32;147,27,11;150,-6,10;154,-12,-15;160,7,8;380,24,10;400,5,7;410,16,-3;420,-1,-11;430,22,-7;450,-13,-18;460,-5,-3;470,-17,9
rua||dos palmares|monte castelo|36081030|12,-2174655,-4338167;13,-1,-1;20,8,8;21,2,-1;32,4,-3;33,7,9;35,1,5;42,2,-3;56,10,23;62,7,-20;78,8,21;79,-2,-2;91,15,3;111,9,6;122,-3,14;126,-1,2;131,9,-10;143,4,3;152,11,9;153,-11,-3;185,30,23;193,3,13;213,-6,8;216,0,-18;225,11,28;226,-1,-8;236,-1,29;237,-7,-4;238,4,-4;247,2,8;260,2,-1;270,-7,18;271,4,-8;281,2,16;282,-8,8;291,9,-5;292,-9,3;300,2,14;307,5,-1;317,-11,11;328,-3,-10;329,-2,9;337,-17,11;338,16,-6;347,-5,8;348,1,10;355,-9,3;360,-1,-1;370,6,-7;371,-6,11;380,-11,9;381,-4,1;390,-8,13;433,-13,-1;445,-1,5;450,-6,6;457,-13,9;466,36,-4;469,-40,1;481,-25,-3;488,3,0;489,-1,-1;500,-14,-3;501,0,7;528,-25,-21;529,1,1;535,-6,-4;536,5,-1;545,-10,-13;546,0,8;556,-7,-13;566,-4,-2;575,-9,2;576,6,-5;586,-15,-3;590,-17,-17;597,4,9;623,-26,-19;626,-4,-2;627,-6,2;630,6,-10;631,-13,4;640,5,-2;649,-15,-6;652,4,2;660,-24,-20;661,13,13;671,-18,-3;672,11,2;677,-12,-3;680,10,-4;687,-11,3
rua||dos passaros|salvaterra|36107000|4,-2186912,-4344247;5,359,-109;6,198,-117;7,-66,-3;8,-241,-108;14,107,220;16,-160,105;17,-145,63;18,-182,-13;19,-76,-127;20,-26,11
rua||dos pinheirais|novo horizonte|36038460|10,-2179939,-4338884;17,-16,-12;38,31,17;131,-42,-5;139,200,10;140,-131,-2;146,23,4;160,50,-4;170,34,8;233,135,3;240,249,-100;255,-169,88;260,5,14;270,30,-15;290,167,-106;295,-190,103;315,47,-27;316,103,-56;320,-83,66;366,29,-29;374,60,-45;390,-16,17;395,-11,2;420,26,-14;430,8,3;450,-2,-1;455,19,-19;461,30,-20;485,39,-21;560,79,-31;650,7,-2;690,43,-31;725,20,-15;729,-12,3;735,19,-12
rua||dulce palmer|nossa senhora de lourdes|36070620|6,-2177097,-4332550;14,-9,7;44,-31,11;60,17,-9;64,-34,23;74,-6,2;90,-11,1;94,-7,8;110,-14,1;112,-8,7;134,-3,-7
rua||eley de souza pontes|sagrado coracao de jesus|36032023|3,-2181326,-4336360;14,39,16
rua||eloi praxedes|grajau|36052300|4,-2174971,-4334602;50,-44,10;55,25,-19;59,-2,18;60,-82,60;64,83,-59;69,2,-1;70,-5,11;72,0,0;80,22,0;85,4,-6;90,-3,-5;100,12,12
rua||eraldo guerra peixe|nova era|36087320|10,-2170024,-4342338;20,-13,-10;21,13,12;23,-13,-29;25,-6,-9;50,3,-4;60,-9,-12;86,-17,-6;92,-10,-19;96,6,11;102,-11,-9;112,2,-5;113,1,6;115,-2,3;117,2,-19
rua||ernestina carvalho pereira|nossa senhora de lourdes|36070452|34,-2176697,-4332501;35,8,-3;40,7,7;45,17,2;65,11,9;75,-2,8
rua||ernesto baptista pereira|alto sao geraldo|36031250|9,-2180293,-4334105;10,27,3;18,-98,76;19,77,-88;20,-66,83;22,95,-106;23,5,12;24,-67,73;25,84,-63;26,-47,1;28,6,-2;30,-24,17;33,-35,62;35,32,-54;37,29,-29;38,16,-16;50,-65,74;55,1,2;60,-9,-2;67,-2,4;107,23,-19;115,-58,31;129,-1,18;135,77,-80;145,-127,82;150,173,-98;151,-54,26;249,-111,147
rua||ernesto baptista pereira|sao geraldo|36031250|92,-2180382,-4334024;93,-21,8;94,-9,-3;96,-16,14;108,7,32;160,-10,-41;164,8,21;168,-1,6;170,-2,17;246,0,0;248,2,10;249,9,-12;250,-11,26
rua||ernesto pancini|santa cruz|36087570|3,-2170606,-4343180;4,1,-3;5,14,-35;10,8,-28;15,4,-7;20,-1,3;21,-9,33;24,3,-38;25,14,-9;31,-23,60;35,23,-69;40,2,-1;45,3,-9;50,2,2;55,6,-9;60,-7,-3;65,13,-7;70,-5,-10;75,3,-4;80,-3,2;85,12,-14;94,-3,7;95,2,-12;100,5,0;104,1,-10;105,-1,-4;106,3,5;110,6,-2;115,-10,-9;120,4,4;125,8,-9;130,-8,-4;135,12,-9;140,-3,5;174,14,-21;175,6,-9;184,1,-4;185,-6,4;194,3,-3;195,7,12;204,5,-33;211,-1,4;214,4,-12;215,-9,-6;224,15,0;225,-8,-3;234,8,-5;235,-1,-4;236,2,0;244,3,-3;245,1,-4;254,8,-15;255,-9,1;264,12,-9;265,-3,-2;274,2,-6;275,4,5;284,4,-13;285,1,6;294,5,-22;295,-5,9;304,6,-13;305,-5,-1;314,11,-20;315,3,1;324,6,-9;325,-6,2;334,6,-23;335,-3,9;344,13,-11;345,-11,-1;354,13,-11;355,-10,4;364,11,-10;365,0,0;373,7,-7;374,-1,-2;375,-1,-4;384,4,-8;385,-7,4;389,7,-11;394,4,5;395,0,-8
rua||ernesto pancini|sao judas tadeu|36087570|45,-2170395,-4343682;448,1,15;450,-3,-8
rua||ernesto pancini|verbo divino|36087570|415,-2170407,-4343645;425,9,-23
rua||euclides pezarini|sao pedro|36037155|10,-2176826,-4339306;15,-26,12;32,-9,-4;36,-17,1;40,-8,3;42,32,-6;50,-43,28;54,-14,-10;58,-3,4;59,31,-1;60,-39,-5;63,30,-9;65,2,-5;70,-41,20;71,15,-7;72,-13,6;73,6,6;80,-24,0;90,-4,1;108,-17,6;115,42,-3;117,-16,0;118,-32,9;123,32,-4;128,-49,6;132,0,2;133,42,-14;135,-13,15;140,-45,8;145,30,-5;150,-41,7;155,35,-6;165,-2,-2;168,-52,13;175,34,-5;178,-47,15;185,46,-12;190,-42,9;195,23,2;200,-39,1;202,-13,10;204,-10,-1;205,43,-10;206,-50,11;215,72,22;216,-62,-18;247,-15,-31;309,9,33;347,-35,4;448,264,-93;449,32,-9;450,-49,28;454,-27,-3
rua||eurico da silva pacheco|granjas betania|36047370|4,-2171066,-4336052;5,2,14;6,-3,-8;14,71,-42;15,-71,30;25,9,1;30,-5,-13;45,-4,6;75,37,-42;85,8,11;100,-2,5;105,17,-5;110,-1,14;120,10,-8;125,10,1;130,-2,-7;135,6,5;140,1,3;145,11,-1;150,4,23;155,3,-16;156,8,7;157,-6,-7;159,-17,-7;160,31,36;161,2,-17;170,9,10;175,4,-7;180,9,32;182,4,-5;185,-3,-5;187,8,9;189,-64,-56;213,70,67
rua||flores de ouro preto|estrela sul|36030718|17,-2178634,-4335326;25,-121,-370;26,114,83;27,12,16;29,-159,-104;31,100,316;35,90,-103;37,8,3;41,-89,101;50,3,-14;51,-26,0;60,130,-120;61,-137,114;70,14,-29;71,-16,21;80,27,-40;81,-20,14;90,15,-20;91,-21,9;100,21,-15;101,-12,5;111,5,-21;120,14,-6;140,8,-4;150,-8,-16;160,-10,-25;161,-36,-10;170,-7,-4;181,-11,-14;190,37,20;191,-43,-25;200,31,9;201,-49,-20;210,39,19;211,-50,-22;221,-7,-4;230,39,8;240,-14,-13;241,-47,-16;250,36,13;251,-51,-21;260,44,18;271,-53,-34;280,31,28;281,-30,-47;290,21,32;291,-13,-58;311,3,0;321,13,-18;330,4,14;340,28,-17;380,45,27;381,-12,-22;391,12,-2;400,24,38;410,11,0;411,-33,-34;420,51,48;421,-19,-24;431,16,9;440,13,28;441,-9,-23;450,26,44;451,-8,-31;460,22,47;461,-13,-46;471,3,11;480,18,50;490,18,19;500,-4,9;501,3,-53;510,2,56;511,-3,-40;521,-13,28;530,29,43;531,-6,-45;540,38,83;541,-28,-77;560,-11,79;570,-4,12;580,122,-86;581,-101,64;591,-10,34;600,-14,19;601,5,-1;621,-9,43;640,-40,6;660,14,58;661,22,-30;671,-6,7;680,-16,33;690,-11,13;691,13,-24;700,-8,34;710,-3,14;711,18,-12;713,11,-8;721,-19,20;895,17,-121
rua||francisco pereira|cantinho do ceu|36071520|476,-2177776,-4330917
rua||francisco pereira|cantinho do ceu|36071575|1,-2177777,-4330908;3,2,4;4,3,-2;5,-3,-2;8,0,0;474,2,2;477,-1,-9;480,8,5
rua||francisco pereira|santo antonio|36071410|27,-2177398,-4331095;37,6,2;47,-23,-8;54,-9,1;57,-3,-6;67,-6,2;69,-10,24;87,-13,-29;107,-17,25;117,-14,-12;127,-8,-9;169,-53,4;187,-7,4;191,-16,-2;193,-21,21;754,56,-24;755,7,0;757,22,4;761,42,-2;763,24,-4
rua||francisco pereira|santo antonio|36071520|20,-2177651,-4331008;30,263,-84;40,-11,-3;47,-20,-6;50,-310,170;180,279,-166;190,-22,0;207,0,-3;210,-99,0;220,-4,12;230,-15,-9;240,-4,20;250,-3,6;260,-8,15;280,10,-2;290,-2,28;300,-19,9;305,11,-13;310,-19,0;315,-9,2;317,1,18;320,-6,0;336,-11,6;346,-15,11;347,156,-101;356,-166,121;376,-2,-1;384,-2,5;396,-5,4;416,-10,-6;419,-5,16;420,-2,8;421,-5,-4;422,-3,7;425,-27,18;435,0,6;445,-10,2;451,-5,-1;453,0,8;456,29,-29;459,-41,33;460,20,-6;463,-25,10;465,6,-15;466,48,-17;467,-19,-1;474,-28,13;479,-11,22;483,-15,29;486,47,-51;489,-39,33;496,14,-31;499,-14,38;530,-16,-1;755,266,-211;763,81,-10;793,-240,130;795,2,17
rua||franscisco costa pires|nova jerusalem|36091212|2,-2173404,-4347380;5,-92,-4;6,-48,-33;263,212,25;264,12,6
rua||gabriel sales pimenta|sao geraldo|36032008|9,-2180472,-4335505;11,0,3;12,-16,18;22,5,-6;27,4,2;31,-7,6;32,12,-21;41,-17,24;61,-7,10;62,-2,-4;79,-20,14;111,-13,1;121,-13,8;131,-12,5;141,5,5
rua||galileu picorelli|distrito industrial|36092010|60,-2168229,-4343700;140,-79,-35;215,189,90;216,10,22;300,97,62;320,-203,-139
rua||geraldina carvalho pinto|jardim de ala|36030525|16,-2179088,-4334468
rua||geraldina carvalho pinto|santa luzia|36030525|2,-2179114,-4334478;21,9,-2;27,2,-5;31,7,3;35,8,-10;39,-6,-5;107,-33,20;109,-6,-1;207,8,1;209,-9,9;750,35,-7;830,-72,-3
rua||geraldo dias passos|terras altas|36073208|2,-2177310,-4329589;3,86,-6;4,4,5;5,9,-10;10,425,-31;33,172,175;38,-28,-25;40,-4,-8;41,-5,-3;42,-5,-13;49,-43,-39;51,-12,-12;56,-20,-33;57,-5,-2;58,-3,0;59,-8,-8;60,-7,-5;65,-38,-22;75,-71,-8;76,-17,-6;85,-61,2;86,-4,-1;88,-18,2;92,154,3;125,-374,40;200,77,-22;230,30,-3;340,82,-8;380,-37,-4;433,-257,39;435,8,1;443,9,2;445,15,1;451,21,-2;461,-2,-4;465,-79,4;470,413,-48;471,-304,52;485,-114,-1;510,402,-53;511,198,56;550,-125,-47;590,32,8;651,488,-7;660,-452,7;671,460,-25;691,-418,42;730,11,29;750,11,10;810,18,41;820,11,1;830,0,9;841,14,-7;850,8,16;891,19,15;892,-12,-14;901,17,18;921,-158,-148;940,181,177;960,9,9;961,6,-10;1000,22,19;1200,126,14;1210,5,-2;1220,10,3;1221,2,-6;1230,8,4;1231,0,-8;1240,2,7;1260,16,-2;1261,9,-10;1280,6,6;1281,-42,2
rua||herculano pena|poco rico|36020040|7,-2176441,-4333949;13,1,-3;15,-4,-6;17,5,14;29,9,3;31,-2,19;37,5,3;40,-16,-90;43,22,88;80,39,24;88,4,6;91,-4,4;97,-8,1
rua||hildo pinto|sagrado coracao de jesus|36032083|3,-2181059,-4335863;6,11,-56;10,25,-62;21,-39,130
rua||ines de lima prata|linhares|36060390|20,-2173871,-4333582;40,17,-3;50,1,-3
rua||ingracia pinheiro|santa luzia|36030740|20,-2178875,-4334477;30,-7,31;31,-157,-72;32,151,71;42,12,16;84,-1,38;88,19,-8;89,2,7;91,5,2;92,-3,-3;95,-2,18;98,-2,-15;110,9,8;114,4,-6;116,9,-4;128,6,18;137,-4,14;141,1,4;145,13,7;155,-2,4;160,28,33;169,-21,-26;177,10,4;181,-6,20;185,39,-1;189,-13,2;195,9,2
rua||irene tavares pires|sao geraldo|36031220|1,-2180428,-4334324;2,3,-6;3,8,-5;7,27,-27;9,-38,37;10,11,-10;11,15,-8;14,16,-14;90,-19,6
rua||ismerita barbosa pires|novo triunfo 2|36092274|10,-2166392,-4343033;15,-5,-4;20,-10,-13;25,6,10;30,-13,-20;35,10,18;40,-13,-18;45,7,8;50,-16,-13;55,10,8;60,-17,-12;65,7,5;70,-4,-16;75,4,10;80,-14,-16;85,2,14;90,-6,-19;95,0,16;105,-4,-7
rua||jair oliveira pires|santa cruz|36087590|70,-2170642,-4343383;75,1,7;80,4,-23;85,-4,13;90,10,-19;95,-7,7;100,12,-18;105,4,5;115,-5,8;125,6,-17;127,-5,2;135,11,-11;145,1,-15;155,4,-9;162,4,0;165,-3,-7;172,6,-1;175,-3,-19;182,-1,4;185,8,-8;192,-1,3;195,8,-11;200,2,8;201,14,-39;202,-11,29;204,3,-7;205,-4,7;206,9,-20;210,3,-2;215,0,17;220,-2,-35;225,2,17;230,7,-24;240,5,-8;250,4,-9;255,-4,3;265,-1,-15;270,15,-9;275,-1,1;280,8,-13;285,-6,2;290,5,-4;295,42,-106;300,-37,90;305,-4,1;310,11,-9;315,-2,3;320,5,-14;325,0,-2;330,3,-7;335,2,3;340,-2,-16;345,3,3;350,1,-16;355,-1,8;360,7,-9;365,-2,0;370,9,-12;375,-3,1;380,8,-8;385,-7,-2;390,13,-12;391,-4,2;395,-1,-1;405,6,-5;415,1,-11
rua||jair pereira|santos dumont|36038020|9,-2177768,-4338506;10,-18,-5;20,21,14;25,2,0;30,7,7;34,9,5;35,-3,-7;44,13,8;45,2,-7;46,2,13;55,8,2;60,-7,4;65,7,-4;70,2,8;75,15,4;85,-10,22
rua||jandira limp pinheiro|ipiranga|36032470|7,-2179303,-4335208;10,33,-35;11,-2,4;13,-88,47;15,0,-28;16,-52,1;19,125,-1;33,-7,9;51,-169,-316;75,123,338;77,24,-10;80,-5,4;85,0,-1;86,-102,-16;90,94,18;102,-17,2;106,-23,-2;110,16,-2;114,-2,6;128,-11,-4;130,-12,-4;143,-31,1;144,15,-12;145,-7,7;147,-20,-2;153,13,-11;155,-3,-9;159,-5,-2;160,24,13;162,-24,-14;165,-5,-10;167,-1,-11;170,-9,-6;171,-11,19;172,7,-26;173,0,2;181,-9,5;186,-5,-24;189,4,-2;194,-1,10;195,-6,-10;200,-7,-4;208,9,-21;213,-10,17;219,1,-18;221,12,-10;223,-7,-7;225,-12,-3;227,15,4;228,-3,-16;231,-9,-2;234,8,-61;239,-6,20;247,7,15;249,-3,-2;250,1,-5;253,0,-12;257,-16,0;259,16,-15;265,1,12;269,-6,-29;270,7,86;271,-5,-96;275,0,5;278,1,-16;281,0,7;289,-17,8;300,16,-20;301,-6,-15;305,1,-5;311,2,-8;312,4,11;320,0,-40;321,-7,22;341,-4,-18;391,12,194;397,-8,-208;401,-1,-11;508,82,327;743,-70,-220
rua||jarcil firmino pinheiro|nova era|36087340|13,-2170191,-4342566;23,-9,8;63,-8,9;71,-11,4;81,-5,9;109,-64,77;110,54,-61;120,-13,1;130,-11,16;140,-7,3;150,-10,10;160,14,12;165,-26,4;170,3,1;173,-8,-3;175,4,7;180,16,10;190,34,-121;195,-68,127;200,-7,5;205,-4,5;210,-3,-3;225,-11,14;230,1,13;235,-3,-5;240,6,11;245,-22,-1;250,-3,2;255,11,-10;260,-13,12;270,-12,12;280,-6,4;290,-10,14;295,12,0;300,-19,4;305,-1,1;310,-7,4;315,-3,10;325,1,5;330,0,-25;335,-9,32;345,-13,10;360,-12,0;365,4,7;370,-3,2;375,-9,13;380,-4,-1;385,-11,8;390,1,4;395,-1,5;400,-2,-7;415,16,-18;420,-32,28;430,-10,16
rua||joao batista de paula|milho branco|36083220|15,-2174236,-4340674;18,5,-1;40,-14,-28;70,4,-29;80,-16,-11;90,0,-3;129,-10,-91;131,-62,-38;201,65,115;263,-14,-112;265,0,11;301,25,105
rua||joao de deus pereira|santo antonio|36071490|15,-2177591,-4331317;70,106,398;80,16,-1;104,-116,-11;133,-102,-156;152,174,-346;156,-112,501;207,-56,-190;208,-1,-6;209,1,-12;210,0,-13;212,4,-11;213,2,-19;214,-5,-7;215,-4,16;216,13,-47;219,5,-24;221,7,-30;222,5,-3;229,45,-76;232,27,-6;234,-108,295;243,1,-13;272,1,-33;274,4,11;315,11,-107;490,-5,45;550,1,-56;595,23,-69;600,-4,-3;610,18,-10;615,16,368;620,9,0;625,-19,-2;629,2,2;630,7,-386;635,-20,388;640,19,-388;645,-30,379;655,32,-389;705,22,-22;712,1,-4;717,4,3;722,9,4;741,0,-11;742,14,-1;752,4,-25;762,14,1;770,11,-8;772,-18,458;773,-21,-2;774,-9,5;775,-6,6;776,-7,1;780,-48,-21;781,-4,13;782,37,-149;783,-81,145;785,20,2;792,157,-483;799,-140,472;800,13,8;805,128,-480;820,76,493;821,14,-3;822,-10,29;823,10,5;824,17,0;831,-266,-51;833,-9,9;835,24,-19;842,254,68;858,-104,-39;859,20,0;864,43,-5;865,16,6;866,-1,-2;867,18,19;868,4,1;870,1,16;888,-251,-338;945,28,-75;951,0,-4;977,-23,38;1014,32,-45;1120,19,-18;1134,-72,233;1136,0,-20;1137,-1,-15;1139,6,-22;1140,-2,-14;1141,6,-1;1142,-6,-12;1144,-18,-28;1145,21,-9;1146,2,-9;1147,5,-8;1148,3,-10;1149,2,-11;1150,0,-5;1157,33,-57;1160,17,-18;1164,38,-27;1225,42,-43
rua||joao de deus pereira|santo antonio|36071506|85,-2177568,-4330916;95,-6,-12;125,72,6;806,-99,-4;807,13,0;810,31,-2;812,26,4;814,20,-1;816,18,-9;817,4,6;818,8,3;819,24,12
rua||joao diniz pipa|benfica|36090436|10,-2169325,-4343660;20,1,-13;30,0,0;40,-6,-7;43,4,15;45,0,-3;47,-12,-15;49,-31,8;50,37,-17;51,-10,8;53,8,-13;55,2,-2;57,-6,1;59,-8,-5;60,15,14;63,-41,-25;70,39,16;80,-4,-3;90,-11,-16;110,1,10
rua||joao evangelista pereira|caicaras|36037808|93,-2176208,-4339124;94,5,1;95,-2,-6;96,-16,-9;97,1,-18;98,0,0;99,-7,3;100,3,-5;101,-2,-8;102,12,-2;103,-18,-10;104,0,21;105,10,-1;106,-4,17;107,5,-3;108,2,5;109,0,7;110,0,10;111,9,-9;112,0,27;122,-15,-75;158,30,115;159,-4,-10;160,-3,0;161,-2,-10;162,11,-17;163,-11,11;164,0,3;165,2,7;166,2,9;167,0,0
rua||joao leopoldo pires|democrata|36035280|13,-2174957,-4336673;15,-15,5;25,-20,7;32,-9,-4;35,6,5;45,-2,-2;55,-25,0;65,8,15;67,-11,7;70,-1,-1;85,-5,7;95,-7,6;100,13,-10;105,-18,12;110,7,-10;115,-14,11;116,7,-3;120,-8,4;140,-8,10;150,-9,9;155,6,-6;157,-4,-9;159,-2,16;160,-12,4;161,6,6;165,-7,3;169,-5,-5;170,2,-2
rua||joao pedro pizeli|filgueiras|36048650|9,-2166524,-4330865;100,29,-25;110,28,-13;120,-25,15;250,-57,35
rua||joaquim belmiro pereira|vila esperanca|36090722|20,-2168896,-4344266;21,-4,35;22,-2,-1;25,16,-17;30,-33,9;37,31,-8;40,-33,34;45,29,-25;48,-41,-1;58,-7,4;60,18,7;62,-17,-7;90,64,27;100,4,18;107,-3,-5;109,5,4;112,1,10;119,-1,-1;128,22,12;133,-22,3;135,2,10;136,9,-9;138,-8,16;145,-1,-2;148,1,0;155,-1,8;160,-6,1;161,5,6;175,-4,13;178,0,-10;188,1,9;195,1,19;205,-1,3;210,0,7;215,3,-12;233,-18,-113
rua||joaquim borges pereira|granjas betania|36047420|30,-2170952,-4336625;65,63,-177;115,-26,114;117,3,-4;125,0,-23;135,20,-8;140,0,8;145,-3,-19;150,0,5;155,1,0;181,17,-23;189,-49,113;190,19,-31;198,0,-1;200,7,-15;202,-2,-8;209,17,-59;211,-34,74;213,22,-97;215,26,12;216,6,-5;217,24,-33;218,-10,18;221,-69,118;314,60,-116;350,-19,28;354,16,-13;364,13,-27;365,12,-8;380,-53,114;427,127,50;495,-62,-104;501,12,2;504,-14,62;505,9,21;550,-21,87;562,3,-182;582,48,137;590,4,-7;675,48,-6;680,-4,18;685,15,-5;690,-43,-33;700,61,111;780,11,-1;825,37,24;855,26,13
rua||joel pena|sao benedito|36061502|15,-2175200,-4333032;25,-6,12;35,8,-20;51,-44,11;53,17,-5;65,-12,-2;456,62,20
rua||joel pena|sao bernardo|36061502|10,-2175186,-4333019;20,-6,4;30,-6,-2;40,-20,-8;50,-9,-2;60,-9,-3;70,-7,-4
rua||jose afonso pinheiro|ipiranga|36031040|52,-2178810,-4334843;54,-10,-13;58,-9,-11;402,9,27
rua||jose afonso pinheiro|santa luzia|36031040|4,-2178877,-4334738;30,24,-5;33,14,-20;41,16,-11;43,2,-2;51,-8,-56;65,-77,-82;70,93,138;106,38,44;138,-134,-160;152,-55,-23;160,109,169;176,-157,-188
rua||jose aragao prado|santo antonio|36071340|1,-2177076,-4331250;2,-5,-7;6,-15,-1;8,-4,-12;11,-1,13;12,-2,-12;16,-5,-9;21,2,14;24,-5,-12;25,-7,-1;31,9,10;32,-32,-22;70,-20,-8;71,3,24;73,16,-9;75,-7,-3;322,-27,-35;324,4,-1;350,-9,0;596,-4,-4;597,-13,-9;598,-7,-18;599,-7,1;600,-15,-13;601,-6,4;602,-1,7;603,11,-1;604,39,8;605,-30,6;607,24,10
rua||jose augusto de paula|sao geraldo|36032002|42,-2180386,-4335494;43,5,-56;47,-31,18;49,-32,-28;58,22,-10;68,1,17;78,7,15;88,10,6;98,9,10;132,3,39;142,-4,19;152,-7,-7
rua||jose de almeida portes|carlos chagas|36081290|20,-2174401,-4339134;30,-3,-4;40,-20,-4;50,-7,-7;60,-6,-1;70,-13,-6;80,-1,-7;90,-13,-1;100,-9,-3;110,-1,0;120,-9,-6;140,-19,0;150,-12,-16;175,-26,1;180,-18,-12;185,8,4;190,-18,3;195,0,-2;200,-3,1;205,-4,-4;210,-6,2;215,1,4;220,-7,0;225,-3,-2;230,-9,2;235,-2,-1;240,-4,1;245,2,2;250,-4,-3;255,-12,0;260,-8,-2;265,3,3;270,-16,-3;275,1,2;280,-3,-3;285,-3,8;290,-13,-6;295,0,2;300,-6,0;305,-6,0;310,-2,-2;315,-5,-11;320,-5,14;330,-7,-2;365,-23,15;375,-6,6;385,-22,0;390,1,5;395,-5,2;400,-4,1;405,-3,2;410,-25,16;415,19,-3;420,-3,-9;425,-7,10;430,-8,-7;435,13,14;440,-13,-7;450,3,-3;460,-5,4
rua||jose do patrocinio|mundo novo|36026340|8,-2177649,-4335087;10,-13,-2;13,-3,-3;15,4,-2;18,-7,11;28,-17,-10;37,5,11;38,-8,-3;42,-7,1;47,1,5;52,-9,-1;53,3,6;62,-6,0;65,2,-4;66,-15,5;72,-7,1;73,8,-13;81,-9,15;82,0,1;92,-8,1;95,0,1;107,-12,-6;108,0,16;115,-4,-18;118,-5,15;123,-4,2;128,4,-2;133,-23,-1;136,12,-1;139,-7,6;141,-7,9;150,-13,-7;151,9,2;160,-9,5;165,-8,-4;167,-5,2;174,-10,2;179,11,-3;184,-7,-2;194,-2,5;204,-15,9;210,-7,-8;216,-30,18;220,-13,16;231,45,-16;241,-15,-3;251,-5,-3;255,-20,4;265,-26,33;280,14,-17;310,-18,9;318,0,31;322,-40,-38;338,-4,8;346,17,19;356,-6,0;358,5,10;361,-2,-25;363,-13,22;366,14,17;368,-14,15;370,5,-5;388,2,12;390,-11,0;400,6,11
rua||jose gaspar prata|verbo divino|36087726|10,-2170408,-4343817;30,-5,11;35,-1,-1;45,2,-17;65,-1,-19;220,-6,-10;402,9,33
rua||jose jacinto pavao|nossa senhora de lourdes|36070510|66,-2177310,-4332825;77,-2,1;138,-41,-20;140,3,-4;582,97,34;641,-79,-20;642,-6,-3;645,50,17;906,-34,-13
rua||jose machado penido|aeroporto|36033600|10,-2179536,-4338011;15,10,4;20,2,283;25,5,-254;30,-3,7;32,126,234;33,-3,33;35,-107,-71;36,51,149;38,-24,38;39,-5,17;41,-20,53;42,-1,8;43,-13,54;45,11,-489;46,19,34;50,-21,427;51,2,-10;53,12,-38;54,69,-120;55,5,-6;58,30,-61;59,1,-9;60,-112,-185;61,107,147;62,-1,-21;65,-14,-57;66,-87,-69;67,67,53;68,-95,-139;69,60,115;70,-23,-14;71,-3,-18;75,12,16;80,0,13;95,63,33;220,-75,302;225,31,-59;233,-24,56
rua||jose nunes pereira|jardim natal|36083440|5,-2173325,-4340107;8,-7,169;9,-1,-9;10,9,-154;15,1,4;20,-7,11;25,0,-10;32,7,41;35,4,-16;40,-7,-8;50,-5,11;55,13,65;58,-5,-30;80,5,-1;90,-1,17;95,7,18;105,-8,5;110,1,-13;152,-2,20;153,0,-1;160,-9,14;175,12,-10;176,28,79;179,-36,-70;180,-6,7;190,0,20;200,7,2;210,-7,14;220,5,4;232,9,14;242,5,6;252,7,3;255,-4,-8;262,20,8;272,20,-3;275,-31,-3;276,8,5;277,10,-7;292,21,5;312,15,-7
rua||jose pina|spina ville|36037785|10,-2178000,-4339783;11,23,24;16,-38,-9;25,-5,2;43,-27,-54;60,8,63;63,-420,188;70,399,-178;75,-5,-4;90,-43,23;110,-1,-2;120,-102,49;130,72,-33;140,-7,7;150,4,-29;170,-42,46;175,6,-1;185,-1,5;195,-21,12;215,-36,22;220,4,-9;225,-10,17;230,-8,-1;235,4,18;240,-24,-9;260,-7,15;265,7,27;275,-13,2;280,-18,-2;285,9,-3;290,-32,11;310,-29,4;315,6,8;320,-27,-6;325,20,5;340,-1,-72;350,-51,66;360,-16,4;380,-32,-12;400,-15,10;435,-59,-3;440,-17,-4;450,-17,7;460,-6,-1;580,72,-4
rua||judith de paula|aeroporto|36038360|4,-2178942,-4337855;7,-21,56;9,-11,38;10,5,5;15,79,-217;16,-71,188;20,91,-225;21,6,-20;26,4,-60;28,1,-22;29,-1,-21;35,-114,371;36,44,-107;37,37,-101;39,-13,36;40,-5,2;41,-32,53;44,29,-47;55,-48,126;75,3,-14;80,1,18;105,20,-59;110,-1,-7;115,-3,-10;116,11,2;119,-10,-12;120,11,4;130,4,-5;160,12,-30;162,4,-9;170,7,-11;180,0,0;185,-1,-15;190,8,-1;200,0,0;204,0,0;215,7,-41;235,8,-5;240,9,-5;245,-7,-5;250,9,-5;255,-5,-29;275,18,-20;280,-11,19;290,12,-13;300,2,-21;330,-5,-38;335,-3,-28;352,3,28;360,-2,-26;364,0,0;370,-2,-8
rua||julio cesar soares de paiva|linhares|36060425|2,-2173636,-4333584;3,5,14;7,34,6;10,-39,-9;25,66,24;30,-11,-8;35,0,-2;40,-9,1;45,0,-4;50,-7,2;60,-11,-4;65,4,-10;70,-14,12;80,-10,-2;85,14,-5
rua||laura candida de paula|aeroporto|36038308|60,-2177731,-4337698
rua||leopoldina pina|spina ville|36037750|33,-2177988,-4339732;105,-12,10;140,23,-83;150,-7,-14;175,-14,-8;324,-63,-72;416,60,52
rua||lourdes fonseca pinto|santa luzia|36030580|5,-2179390,-4334430;7,-1,32;10,-18,-78;15,22,46;20,-30,-68;35,22,62;39,9,2;40,-31,2;69,4,-42;79,-5,-12;87,-7,-6
rua||luiz perry|jardim santa helena|36015380|11,-2175477,-4335306;13,-4,-5;14,-3,9;15,0,-12;16,23,6;18,-26,-4;19,0,-1;20,12,-3;21,-10,4;23,11,-4;25,2,2;26,-21,-2;35,5,-5;36,-6,-4;44,-6,-13;48,12,-5;54,-36,15;61,33,-10;65,-16,-14;67,0,-10;111,-4,-23;123,-21,-5;125,8,2;129,-4,-13;133,-8,11;143,4,-20;151,-1,-16;152,-4,16;160,-7,-31;165,13,2;170,-7,-9;177,-4,-2;180,-9,-10;183,1,-2;189,6,-10;194,-10,6;198,-4,-11;200,4,6;208,27,16;212,-37,-28;217,8,5;220,-8,-18;227,-4,4;237,-33,31;238,31,-43;248,-8,-16;282,2,-18;286,-5,-3;287,6,21;290,-8,-24;292,-2,-8;296,-2,-8;306,-1,-4;308,-2,-4;309,8,15;316,-16,-15;323,-1,-4;332,3,-13;335,-17,-5;374,0,-22;382,-8,-25;391,-10,-2;399,-6,-7;400,7,-3;407,-10,1;410,13,-11;414,2,-8;417,-1,2;422,-7,-10;427,-5,3;434,-1,-12;435,-13,-7;438,10,6;442,19,-15;448,-51,-74;451,23,72;454,5,0;455,-27,-54;457,-9,-17;458,4,-17;459,-16,33;460,45,48;466,-8,-10;488,-34,-86;494,-10,-7;496,-4,-9;498,1,-5;501,2,-10;510,-4,-19;511,-10,10;514,45,86;518,-35,-73;544,18,41
rua||luiz poggianella|barbosa lage|36085763|3,-2170995,-4340647;10,48,8;11,-50,-13;13,39,20;14,-14,-8;15,-3,1;16,32,7;17,62,-1;18,-113,-6;19,2,-7;20,10,-8;22,13,2;23,1,-3;26,26,15;29,23,3;30,-3,-1;31,11,0;32,13,4;34,-54,1;44,25,-4;55,33,1;58,-56,-10;64,0,5;67,-1,9;82,15,-7;85,7,6;115,24,8;123,8,-4
rua||luiz tomaz vila paraiso|santa cruz|36088212|3,-2171197,-4344080;5,-42,-105;6,-19,1;7,13,-2;8,-4,6;9,-1,4;11,9,14;12,4,-11;14,18,52;15,14,5;16,-7,1;17,3,10;18,5,10;19,6,11;21,-21,-12;22,20,29;23,-23,-29;25,-4,-44;26,23,71;27,-33,-51;28,26,30;29,-29,-25;30,23,26;31,-36,-32;32,33,35;33,-19,-63;34,11,59;35,-22,-46;36,17,34;37,-36,-47;38,30,41;39,-24,-36;40,20,31;41,-27,-34;42,29,29;43,-35,-35;44,30,27;45,-33,-30;46,28,30;48,-8,-4;50,-9,-32;52,9,22;54,-15,-7;56,-9,-6;58,0,-9;61,66,77;68,13,-32;70,-13,8
rua||manoel goncalves pinto|jockey clube|36083610|30,-2172452,-4340117;50,-4,4;58,-11,-4;66,-7,7;94,-14,-5;104,-8,0;110,-8,1;114,-11,1;124,0,-2;134,8,0;154,-36,-10
rua||manoel goncalves pinto|jockey clube|36083620|33,-2172452,-4340109;43,-14,6;47,-2,-7;67,-12,-2;77,-7,8;87,-9,1;107,-8,-6;113,-7,3;115,-7,-8;123,-11,19;133,-3,-6;143,-4,-12;147,-5,2;181,-50,1;184,4,0;188,-14,4;190,-3,-2;194,-8,5;200,-3,-3;240,-12,1;538,-13,-13;540,-3,-11;550,-9,22
rua||manoel goncalves pinto|jockey club|36083620|191,-2172580,-4340104;235,-46,20;245,-2,-13;251,23,1;255,-56,-5;261,48,-1;436,23,-10;437,-6,1
rua||manoel jose de paula|parque independencia|36048392|1,-2168322,-4335611;2,-3,-7;8,-255,133;10,195,-120;11,51,14;12,-229,73;13,-11,65;14,134,-75;16,-151,110;17,23,-101;18,222,-67;19,11,-2;20,-199,213;21,3,-23;22,-15,12;23,199,-193;24,-182,189;25,8,-7;26,72,-75;27,-55,65;28,5,-2;29,11,-14;31,8,-9;35,43,-28;40,78,-109;41,-53,74;43,-15,6;44,67,-68;49,-65,74;50,55,-65;56,-228,100;59,169,-25;61,68,-81;63,3,-1;70,-24,33;80,-1,2;88,-42,32;90,10,-5;92,-18,9;98,-11,26;140,9,-23;145,9,-8;190,-67,40;200,7,25;209,-71,43;213,-7,1;240,59,-39;260,-51,26;303,17,-198;320,66,152;330,9,-6;335,-74,64;340,91,-73;370,-149,42;420,18,-51;450,6,-22;470,4,-35;480,35,5;485,-25,-23;490,10,-5;498,-21,31;500,33,-69;502,2,-3;509,-38,80;520,24,-61;545,-18,33;555,0,2;609,54,-135;615,-22,65;640,39,-102;643,1,0;650,32,2;653,-36,9;656,17,7;660,-9,5;663,-15,-3;665,-16,32;667,11,-18;673,-8,-40;789,-29,119;790,28,-21;800,-15,30;803,8,-61;806,10,4;816,19,6;818,-9,-21;820,-2,0;822,-2,-13
rua||marcelo alex passos|sao benedito|36061504|47,-2175284,-4333006;48,2,1;49,0,0;50,17,-11;65,-3,-5
rua||marcelo alex passos|sao bernardo|36061504|5,-2175204,-4333365;6,-3,14;7,7,14;8,-3,5;9,-1,13;11,4,15;12,-5,8;14,-7,24;15,-1,9;17,8,18;19,-8,24;20,6,13;26,5,51;27,7,9;28,-2,14;31,-2,22;32,-16,8;33,1,12;36,-23,15;37,6,16;38,-10,5;39,-4,7;40,-10,5;55,61,-108;84,-4,25;86,-1,-10
rua||marciano pinto|sagrado coracao de jesus|36032010|6,-2181664,-4335712;11,-2,-1;20,44,-156;21,-109,160;22,65,-7;202,1158,-69;302,24,83;340,-1440,-965;345,-6,1;347,12,-19;349,12,-32;360,90,-12;388,-68,-15;403,1396,1032;404,-7,-40;501,24,47;680,81,-103;740,-93,80;994,-260,-100;995,29,-14;996,-26,11;998,-1,-9;1000,-24,17;1001,45,-14;1002,-47,-10;1004,-20,4;1006,-4,-4;1055,49,16;1110,-64,-40;1111,61,38;1125,-9,-6;1135,-26,1;1145,-2,-10;1155,-1,-4;1161,-9,-14;1165,-11,1;1175,-19,-3;1185,-7,-3;1190,7,-15;1200,-9,7;1210,-3,-7;1220,-4,-30;1240,-27,3;1260,-15,-13;1270,-2,-2;1280,-13,-3;1285,18,-10;1290,-10,6;1295,-13,-18;1300,-2,9;1305,-6,-18;1310,5,-2;1320,-15,-5;1346,-1,-23;1348,-9,1;1350,-6,-10;1360,-18,-13;1370,-9,-6;1380,-7,-11;1381,17,22;1385,-9,-21;1390,-16,-6;1400,-8,-11;1405,8,1;1415,-12,7;1419,3,-1;1420,-32,-46;1425,6,4;1434,-7,-6;1435,2,0;1445,-7,-8;1460,-16,-1;1462,-18,-6;1465,-11,-8;1470,4,14;1474,-7,1;1475,-6,-12;1476,-1,12;1478,-14,-5;1480,-11,-3;1485,13,-3;1490,-27,31;1495,24,-23;1505,-19,-3;1509,-14,3;1511,-4,-2;1515,-5,-2;1517,-20,-7;1530,-13,-1;1535,0,-1;1540,-9,-6;1545,14,7;1550,-30,-13;1555,19,11;1560,-25,-4;1565,-44,-23;1568,45,23;1575,-76,-38;1580,-6,-41;1583,-4,43;1585,-4,5;1593,-8,2;1595,-2,7;1597,-12,2;1615,-18,28;1620,-412,453;1621,392,-421;1625,23,-41;1628,-30,47;1635,-81,121;1640,182,-197;1655,-421,440;1902,-68,-331;1988,33,-13;1989,8,3;1996,77,-9;1997,-313,-63;2030,267,380;2310,-160,-816;2311,-91,-3;2321,0,-30;2330,2,-44;2600,89,414;3357,117,-342;3370,1,-1
rua||marciano pinto|santa efigenia|36032010|26,-2180288,-4335540;208,-364,-246;334,582,206;340,-3,15;370,-39,-7;380,-8,4;390,-12,4;400,-13,-6;406,5,-6;410,-18,1;411,-126,20;413,-33,-13;417,188,-12;419,53,-3;420,-82,11;421,-111,41;423,173,-47;425,-13,-7;426,-181,42;427,-14,-7;429,-22,-20;430,151,1;431,-9,5;433,21,-1;435,2,-10;437,-171,6;439,135,4;440,9,9;441,-24,-6;443,83,-4;445,-217,-8;447,200,-11;448,-47,32;450,-16,-8;460,-4,-3;470,-5,0;480,-7,11;491,-159,-60;530,87,71;540,-10,-15;550,-13,7;556,-224,-175;559,318,163;560,-105,-3;565,98,0;568,-18,5;570,17,-1;571,-7,2;573,-10,11;576,-307,-185;580,299,172;584,-22,11;590,-55,-18;592,64,17;610,-72,-19;615,-18,5;625,9,-12;627,1,-12;629,-4,-5;630,2,13;631,-13,-11;633,4,-8;640,-8,12;645,-1,-13;650,-4,6;655,-14,-19;664,5,8;670,-18,-20;678,-26,-14;680,0,-80;685,1,90;687,-2,1;689,-4,-5;691,-4,0;695,0,-2;715,-10,-20;717,-15,-9;731,-7,-8;765,-41,-30;775,-5,-2;790,-56,-36;792,-5,-7;793,-46,-10;795,0,-5;796,19,3;798,-1,-9;799,-20,4;805,-8,-4;806,1,-7;810,-11,-6;812,-16,-15;815,223,163;816,-110,-96;817,-21,-4;819,-110,-55;822,7,-11;825,92,63;827,-20,-13;855,-80,-50;875,31,22;885,-7,-4;895,-8,-10;917,196,125;920,-206,-139;926,0,-2;928,-10,10;930,-6,-20;935,-18,23;940,8,-14;941,3,-13;947,-11,2
rua||maria perpetua|manoel honorio|36052560|126,-2174854,-4335131;130,8,7;134,-5,-3;136,-2,-11;138,-5,-6;142,14,10;150,7,3;152,-3,-3;153,68,-183;159,16,-68;160,-78,248;163,78,-269;165,-1,-12;168,-67,274;171,5,10;174,0,-6;183,3,-3;184,11,-4;189,-1,8;191,4,-5;193,0,-1;195,2,0;199,0,-1;208,5,-12;215,-4,8;216,19,30;217,-7,-179;218,12,157;222,1,-12;234,19,6;252,2,-9;258,10,-3;260,11,-9;264,1,3;268,3,8;270,6,0;278,3,-1;288,10,-11;300,19,-8;310,-4,0;322,10,-9;336,18,12;340,4,-1;342,-4,-4;352,19,-2;356,1,1;364,10,6;376,5,0;378,0,-9;450,80,-33;468,-1,3;478,8,-18;488,8,3;502,12,-3;512,8,-7;540,3,-3
rua||maria perpetua|vitorino braga|36052560|44,-2174952,-4335093;55,12,-26;61,25,2;72,11,6;77,24,-20;84,-9,14;85,-14,-16;89,3,3;91,1,-6;96,22,5;97,-17,-10;98,16,18;99,-12,-16;101,15,5;108,5,18
rua||maria pires|jardim de ala|36030520|5,-2179213,-4334422;6,-11,-22;19,-10,10;20,-12,3;21,-3,-3;29,-21,6;41,52,-45;43,-17,29;293,-28,9;884,18,-4;910,14,-7
rua||maria pires|santa luzia|36030520|18,-2179215,-4334446;26,1,-5;36,-10,-4;38,1,-7
rua||mariano procopio|mariano procopio|36035780|80,-2174688,-4335447;82,5,1;86,-4,-3;98,3,11;231,-320,153;232,2,9;270,20,-51;276,6,-8;280,4,-2;284,26,14;288,-5,0;294,9,-2;380,48,-32;400,13,-6;420,0,-13;438,31,-12;444,5,3;454,4,-22;460,8,5;478,21,-2;510,23,-19;514,-2,-1;516,0,-1;589,34,-37;593,3,2;597,1,0;601,-1,-7;603,6,3;609,18,1;619,14,-8;629,2,-11;639,-2,-34;651,3,37;710,9,-80;716,5,-16;722,9,-7;730,3,-4;740,5,-3;744,5,-8;746,-14,-19;750,18,1;752,5,2;777,-11,-7;782,7,-19;795,0,7;805,2,-27;809,0,-10;810,4,3;814,5,-14;815,-7,14;820,8,-39;827,-8,30;829,3,-8;830,-1,-23;839,-2,13;843,2,0;853,3,-5;857,9,-2;861,-23,-4;869,6,-15;871,4,-11;875,-7,5;885,2,-1;889,9,-18;895,-25,12;897,4,-9;909,10,-13;917,4,-1;927,-8,-11;930,-2,-6;935,-6,-12;939,0,4;947,-6,-7;957,-5,1;970,-5,-26;973,-79,-278;975,43,201;985,27,70;987,3,21;995,9,-38;1001,-20,9;1007,5,-19;1025,-11,-2;1031,1,-6;1043,-20,4;1049,-19,-1;1059,19,-27;1073,-21,-2;1081,8,-25;1093,-21,0;1100,21,-225;1107,-30,224;1113,5,-8;1115,0,-6;1121,-7,0
rua||mariano procopio|mariano procopio|36080010|1386,-2174755,-4336337;1396,40,-91;1406,-12,269;1422,-16,-32;1426,-3,-2;1440,14,-18;1444,-1,0;1452,1,-13;1480,-27,-42;1490,45,13;1498,48,16;1504,-57,-33;1510,0,0;1518,9,-5;1536,-5,-18
rua||mariano procopio|morro da gloria|36035780|4,-2175218,-4335338;6,14,20;16,11,8;40,6,9;46,10,-5;48,7,0;50,0,-5;51,-8,-39;52,17,47;60,-7,-1;65,12,17;70,-6,-15;75,31,48;80,-19,-49;88,1,6;90,12,5;97,6,-4;107,8,6;117,9,-2;118,-3,7;125,5,-1;128,6,-5;138,12,7;140,5,5;141,-8,-27;143,22,36;145,-4,-4;157,17,-18;207,37,-12;225,19,-12;235,12,3;245,2,-9;255,14,-6;265,5,-5;275,14,-9;659,231,-202;669,10,-6;679,-3,-3;681,8,-19;705,5,-7;715,-6,11
rua||miguel marcos peres|jardim natal|36083520|20,-2173059,-4339837;26,-111,-60;28,34,-16;55,-31,26;57,4,-2;75,1,-29;76,2,26;78,-17,22;79,-2,7;85,26,-54;95,6,6;100,18,-6;105,-6,-15;110,24,21;115,-20,11;117,9,9;120,12,-14;121,6,20;125,3,-3;130,9,42;135,5,-46;145,2,-6;150,6,21;155,5,-13;156,5,30;160,-17,20;165,16,-41;195,11,32;200,-11,26;205,11,-21;210,1,21;211,4,17;220,-3,21;229,-3,-11;235,2,24;250,-26,23
rua||misael ricardo pereira|valadares|36101000|21,-2176152,-4360702;60,4,1;61,18,0;68,23,-3;70,-20,-2;71,1,-5;610,-40,9
rua||natalino jose de paula|costa carvalho|36070260|128,-2176297,-4332748;140,7,-5;191,4,-326;193,20,-3;195,-11,-5;197,9,-1;220,26,31;288,-58,380;296,16,-75;300,57,-25;308,-20,9;310,-51,19;312,50,-16;314,-33,24;316,12,-18;318,-2,7;320,-6,1;322,15,-9;324,-11,12;326,1,-8;332,-23,84;340,-11,-37;342,-3,-31;354,-25,4;356,3,1;358,11,26;360,-35,-16;362,4,3;364,30,16;370,16,23;372,-43,-40;376,-11,11;378,62,36;412,10,9
rua||natalino jose de paula|parque jardim burnier|36070260|7,-2176223,-4333049;9,69,124;11,-73,-135;20,-9,3;50,55,12;56,1,14;58,6,9;70,3,1;74,15,12;78,-1,6;82,-4,9;86,5,-4;90,0,13;94,-3,1;98,7,25;100,6,11;101,-7,-6;102,10,10;104,-9,-6;105,25,72;106,-28,-48;108,3,-23;110,11,12;112,-2,-8;113,-20,-56;115,6,4;117,1,8;125,-6,20;127,5,18;131,7,-3;133,-1,40;141,-39,-129;145,40,151;161,4,-2;165,-10,17;172,9,-66;175,-20,27;195,-1,22;205,-6,58;221,-97,-234;268,125,124;271,-56,165;273,-16,9;275,-16,4;277,-26,27;278,109,-209;287,-64,168;303,-81,38;305,15,54;307,-7,-68;309,-9,5;317,26,-4;319,-12,3;333,-12,6;335,-22,1;337,-29,-19;339,129,19;365,-85,49;375,24,2;385,-22,6;395,-34,-32;402,56,54;409,-8,15;413,6,8;419,13,16;421,-2,-19;423,-1,25;425,-2,-2
rua||ney jacinto pereira|milho branco|36083190|5,-2174243,-4340719;6,-14,-9;11,-3,-1;12,-6,-9;17,-20,18;18,8,-8;20,-10,-3;23,10,-1;24,-6,6;29,-5,2;30,-9,-4;35,0,-1;36,3,-10;37,-10,9;41,0,0;42,3,3;47,-11,-3;48,-1,-8;54,-3,7;60,-19,8;63,-12,3;66,8,-4;69,-11,1;72,8,-2;75,-22,7;78,11,-6;81,-13,3;84,7,-5;87,-14,5;90,8,-2;93,-8,13;96,-1,-4;99,-15,-2;102,5,0;105,-17,2;108,10,0;109,-13,7;114,-1,6;115,-6,4;120,8,-9;121,-11,11;126,-2,-2;127,-12,8;132,5,-12;133,-10,10;138,4,-1;139,-12,7;144,7,-8;145,-20,7;150,14,-2;151,-20,8;156,15,-2;157,-17,9;162,9,-4;163,-18,18;168,25,-14
rua||nilo pecanha|santa cruz|36088210|21,-2171176,-4344068;25,19,37;26,-18,-3;27,0,2;28,-5,-8;29,7,2;30,0,-13;31,1,14;33,1,-34;35,-12,15;36,23,10;37,-25,-30;42,8,16;44,6,-4;45,-15,-85;47,-4,8;48,-2,-1;49,4,-14;50,-14,-6;51,0,-7;53,-6,-7;55,4,-6;56,20,110;57,-26,-123;59,-1,-7;60,11,-18;61,-24,-16;85,30,62;86,-15,-86;87,21,152;107,7,-11;125,1,10;130,5,33;132,-6,-9;136,11,-6;142,0,-10;143,117,-360;146,66,1;147,-4,-3;149,-18,-7;150,-10,-6;151,-11,10;152,-12,-5;153,3,-9;158,-56,31;160,-4,28;162,-5,6;163,-11,2;164,-21,9;165,14,26;166,-7,-1;169,-38,41;172,-12,15;173,30,-39;174,-44,58;176,-9,28;179,-11,34;180,145,-211;181,-146,203;183,122,-170;186,-18,20;187,-3,25;189,-7,12;190,11,-26;191,-47,42;192,-1,6;196,-14,68;197,-15,-37;200,-16,111;203,12,-12;204,10,11;206,-14,19;207,13,16;209,-10,25;210,5,-23;211,12,-121;212,-8,172;213,-16,-14;214,11,3;215,97,-285;219,-105,284;220,5,-11;221,6,8;222,57,-256;232,-79,155;234,2,-6;236,0,0;277,-2,-65;353,266,-137;381,-2,-9;383,5,3;393,11,-4;410,6,-1;468,-191,49;473,10,-20;480,19,-18;484,10,-3;493,-14,11;500,27,-26;582,30,-21;653,75,23
rua||odilon rezende pedrosa|santos dumont|36038145|157,-2178217,-4338877;158,0,6;185,8,-23;186,-1,3;188,0,0;189,7,-13
rua||odorico filgueiras pinto|santa cruz|36088400|14,-2171546,-4344192;15,-10,2;17,-5,-7;45,74,10;53,43,9;63,-6,11;83,-18,-12;88,-45,-6;89,5,1;91,26,3;95,50,4;96,6,9;100,-23,-14;135,-93,-8;155,14,0
rua||olegario pinto|vila ideal|36020560|23,-2177805,-4332777;25,-9,1;39,-8,-1;47,-8,-2;50,9,2;57,-18,-14;60,11,-17;71,-19,19;72,0,-14;73,-1,14;81,-9,-10;82,-7,9;91,1,-9;94,-7,8;96,-6,-19;100,6,-12;104,-10,22;114,-4,-17;123,-11,12;124,-12,-2;133,-1,-3;143,-2,0;145,-6,0;153,-2,-5;163,-11,-4;165,-3,5;176,-5,-20;177,-2,23;185,-5,-9;191,-11,-2;221,-3,8;225,-26,-22;228,-8,-6;230,-7,1;235,-4,17;240,-10,-28;249,12,12;256,-12,5;259,-4,-6;266,-4,-11;267,-2,10;284,-4,-6;297,-25,-22;298,19,10;308,-3,-33;310,-15,10;311,4,2;325,-7,-5;328,-5,-7;337,-5,20;338,0,-35;339,-8,12
rua||ondina fortini pradez|recanto dos lagos|36047604|17,-2170434,-4335810;21,-20,137;30,8,-4;41,-4,-25;52,2,-21;100,10,-46;101,-9,-6;121,5,-23;131,3,-7;141,-3,-17;151,2,-11;161,-1,-12;171,0,-11;181,2,-17;200,-14,181
rua||orestes pereira|sao pedro|36037300|15,-2177319,-4337793;25,-3,-18;30,14,2;35,-3,-7;40,-5,2;45,-14,-12;50,15,2;60,-11,-22;65,-16,-4;70,12,0;75,-7,-19;80,8,7;85,-14,-17;88,6,5;90,-3,-10;95,-5,5;110,-4,-43;181,-1,23
rua||oscavo gonzaga prata|teixeiras|36033220|15,-2178688,-4336179;73,20,6;78,213,353;85,-183,-338;95,4,4;100,28,37;115,-13,-18;120,34,26;130,2,9;135,6,-8;140,7,7;150,3,6;153,7,12;157,8,-11;159,3,12;171,-34,46;175,65,-18;183,2,15;185,1,2;189,3,9;195,-3,-4;199,-1,17;201,3,14;235,7,9;260,-7,-47;265,25,77;270,-22,-72;284,47,132;285,-37,-54;288,-8,-59;290,6,25;293,33,76;300,-24,-96;310,-10,31;320,23,40;350,21,36;353,-1,-4;370,17,13;372,-5,37;374,6,23;376,-2,8;380,0,26
rua||oswaldo garcia pereira|santa cecilia|36026075|6,-2178462,-4335430;7,27,12;9,-25,-9;10,14,-1;11,-13,-5
rua||ouro preto|santa terezinha|36045350|9,-2173964,-4336016;10,2,-8;15,-8,7;22,6,-2;23,0,6;28,-7,-8;33,-9,4;37,8,-3;40,-10,2;49,-4,-12;50,5,6;57,-16,9;60,-3,-9;67,-9,5;69,7,0;70,-2,-3;110,-32,5;111,-10,-17;112,-2,1;119,-6,13;122,8,-34;127,-24,34;132,-5,-24;133,1,23;141,-3,-1;142,4,-6;148,-11,-6;151,-6,8;152,2,-30;161,-20,33;162,-6,-9;172,-7,7;177,9,5;189,-9,6;373,-11,-23
rua||paissandu|manoel honorio|36045140|21,-2174068,-4335561;22,-18,-1;28,29,0;29,-14,9;30,13,-2;33,-6,2;48,13,-4;49,0,6;58,13,-26;59,-2,15;63,0,-2;67,12,-6;68,3,6;78,11,-9;79,-14,6;82,13,-17;89,8,15;96,-2,-2;101,12,-18;106,6,12;113,1,3;115,7,-3;118,-10,1;121,17,-8;131,11,0;134,-1,4;159,11,2;161,6,-5;163,6,0;165,19,-12;170,-9,-12;174,6,23;203,17,-17
rua||palmira pessoa|cesario alvim|36062310|2,-2175538,-4334019;50,16,9;70,3,-4;170,-33,-166;180,-3,6
rua||palmira pessoa|santos anjos|36062310|31,-2175519,-4334018;57,-17,-76;61,19,68;65,-11,-11;79,5,1;81,-5,-4;83,28,-11;85,-15,-11;89,-5,-21;91,-1,-8;95,40,13;97,-23,2;110,-11,-4;120,-1,-1;130,-13,-6;151,-18,-71;161,-2,-6;171,-4,-9;175,5,-8
rua||pantanal|martelos|36036310|1156,-2176744,-4337138;1162,4,9;1170,5,20;1172,-2,-12;1174,3,-8;1176,-8,-21
rua||paracatu|nossa senhora das gracas|36046040|9,-2173486,-4335840;13,12,17;15,-12,-17;21,8,10;31,16,5;49,-2,1;59,14,16;61,1,7;63,19,9;113,1,-1;121,11,2;127,15,3;133,-3,0;141,22,8;143,-5,3;145,4,-2;155,18,3
rua||paracatu|quintas da avenida|36046040|444,-2173154,-4335656;500,100,-2;542,10,-3;546,-2,-1;550,7,14;552,1,-2;554,11,-5;558,-1,5;562,-4,-4;568,-2,-6;572,20,22;627,68,-1;656,9,-11;662,3,10;672,23,0
rua||paracatu|quintas da avenida|36047040|900,-2172745,-4335598;990,22,121;1000,-13,18;1114,50,54;1250,156,142;1260,-19,-4;1270,10,38;1274,-6,-7;1280,1,4;1300,-56,-233;1320,45,243;1340,2,-224;1360,-4,15;1366,59,23;1400,-59,207;1402,-9,0;1404,-1,4;1450,35,-144;1510,-35,154;1530,16,33
rua||paracatu|santa terezinha|36046040|205,-2173326,-4335753;211,-3,1;221,5,2;243,16,15;253,7,6;265,7,-12;275,2,27;285,35,-7;290,-13,26;291,22,-35;295,-22,23;299,20,9;300,-24,6;320,4,-4;329,30,1;345,20,10;349,15,14;359,-3,2;361,7,25;369,4,-15;379,18,-13;405,13,4;419,11,0;425,6,-3;429,9,8;441,-2,0;443,26,1;455,-3,-5;467,7,-2;477,6,5;487,17,2;489,-3,1;497,3,-1;503,14,-1;539,35,7;553,8,-3;563,10,-7;573,10,1;585,5,1;595,9,-1;643,13,1;645,19,16;647,-5,-7;653,2,9;663,51,-17
rua||paracatu|santa terezinha|36047040|124,-2173373,-4335717;138,-66,-32;152,26,-18;166,11,14;180,32,10;194,0,-5;610,-128,-64;626,18,1;636,7,-3
rua||paracatu|vale dos bandeirantes|36047040|22,-2172518,-4335044;450,-229,-574;883,7,16;909,24,2;921,-7,0;925,5,5;927,6,2;961,7,9;963,1,4;965,1,8;983,-3,26;993,6,9;999,-2,5;1000,-26,99;1001,24,-89;1003,10,4;1005,-5,0;1007,14,8;1010,-39,56;1011,21,-57;1020,-17,54;1021,9,-41;1031,3,3;1043,-6,16;1055,-8,3;1057,44,0;1059,-34,-4;1061,-4,19;1071,54,20;1100,-42,7;1110,21,34;1253,41,-55;1254,-10,-29;1255,-4,-3;1257,13,0;1259,-6,2;1275,35,-22;1301,22,1;1327,14,-9;1328,4,15;1355,12,9;1365,8,33;1383,39,56;1385,-14,8;1395,-3,17;1415,15,69;1519,-36,158;1529,-3,9;1541,20,10;1553,-2,30;1567,15,-6;1581,7,17;1592,-14,9;1595,13,-2;1641,34,74;1642,13,-15;1646,7,6;1651,-5,32;1663,15,-18;1700,30,23;1710,-109,-117;1717,159,95;1933,507,-109;1977,8,1;1980,11,2;1981,4,0;2300,27,45;2513,-231,-8;2520,7,-9;2525,10,-3
rua||paraisopolis|manoel honorio|36051530|1,-2174408,-4335081;6,65,250;9,-56,-251;11,-1,11;29,5,11;39,4,9;45,-5,7;59,13,-2;69,-11,16;71,2,9;73,2,1;74,10,-3;76,-11,9;80,2,16;90,2,7;92,-1,-5;94,6,-7;105,-2,20;106,-7,0;110,9,15;130,-1,8;135,12,13;140,-7,3;145,7,7;150,-1,0;151,-6,4;152,4,4;154,2,15;159,-1,-2;210,8,20;220,7,11;223,-11,-4;230,13,12;233,0,-7;241,3,8;243,-6,19;244,2,-9;245,4,-3;246,1,9;260,11,20;265,-13,-10;275,-2,12;289,12,12;290,5,2;306,-11,10;307,6,4;309,8,3;310,1,9;317,-4,-5;319,-11,13;321,14,6
rua||paraiso|vila esperanca|36090615|20,-2169194,-4344401;30,7,-14;31,8,-3;40,1,-3;50,9,-7;60,7,-14
rua||paraju|amazonia|36083110|1,-2174677,-4340267;5,-5,-48;10,-4,4;15,8,0;17,0,26;25,-1,-11;35,-1,4;40,-10,19;50,9,6;53,0,-3;55,-5,-7;60,4,21;65,-5,-33
rua||parana|poco rico|36020090|35,-2176300,-4333781;49,-13,18;63,-5,21;68,5,-10;75,-5,6;112,0,28;115,-21,-6;117,3,2;119,0,11;120,-17,3;121,11,4;166,-21,32;167,-6,-1;171,-3,7;173,-17,15;176,16,-20;181,-16,11;187,2,11;190,-7,-12;198,-8,23;199,-6,2;203,-4,-2;204,4,5;208,-2,9;209,-4,-9;214,-3,4;215,9,8;221,-2,-2;230,-4,16;237,4,-22
rua||passos|cruzeiro de santo antonio|36037868|60,-2176687,-4342855;80,1,-12;130,3,-70
rua||pasteur|jardim santa helena|36015284|290,-2175928,-4335448;299,32,-11;305,5,-29;310,-20,10;315,-5,-18;328,1,-2;340,-9,-5;350,-4,-23;405,-13,-51;414,4,-4;422,-7,-13;425,7,11;445,-11,-24;447,1,-9
rua||pasteur|jardim santa helena|36015420|6,-2175834,-4335215;26,-7,2;33,-1,-27;36,6,16;45,-7,-21;54,-2,0;65,-4,-13;70,0,0;71,0,-22;80,-3,14;87,-9,-1;88,7,-22;91,-10,-25;100,10,1;110,20,-18;125,-42,-15;151,-7,-19;164,20,-5;180,9,34;181,-11,-60;210,-30,1;214,-1,-19;215,21,-3;225,-40,-6
rua||pedra preciosa|fontesville|36084075|17,-2175298,-4341848;19,-27,-59;23,-29,-92;24,66,158;26,63,136
rua||pedro araujo porto|retiro|36072470|60,-2177316,-4329909;77,-34,0;78,25,4;79,11,3;80,-37,-11;83,-2,2;85,51,-9;88,3,-2;90,-62,2;95,81,-10;98,-18,8;100,-65,-7;108,67,0;110,-69,-5;115,91,4;118,-3,5;125,18,-1;128,-13,-1;133,-87,4;135,108,2;137,-110,-7;139,-14,12;140,121,-8;141,-119,-1;145,140,9;150,-17,-3;151,-128,-20;160,123,32;170,22,-1;180,3,0;187,15,6;190,-14,-7;192,2,5;200,14,4;210,1,3;230,8,-9;240,3,-9;388,5,-5
rua||pedro paulo pereira|nautico|36092404|9,-2165579,-4342120;15,-24,16
rua||pedro paulo|manoel honorio|36045100|11,-2173944,-4335499;17,-5,11;20,-4,11;40,15,15;45,-18,20;70,12,9;80,13,16;85,-6,4;97,20,36;145,-9,16;168,16,21;170,-13,28;171,14,-38;180,-15,18;190,0,5;240,1,-29
rua||pedro ribeiro pereira|barreira do triunfo|36092392|6,-2166286,-4341879;9,-80,-81;16,-176,-154;17,36,120;24,176,94;25,51,-20;26,6,47;160,-274,-218;200,8,50;290,27,43;309,64,-15;320,-50,99;380,72,-30;410,5,0;425,23,-14;435,17,18;983,50,48;1405,7,-10
rua||pedro von de pol|borboleta|36035770|2,-2175490,-4338296;3,-23,8;4,3,0;5,-6,3;6,-2,-5;39,10,6;86,-24,-7;96,-8,0;99,-3,0;100,-15,-8;244,7,47;247,32,-12;257,-21,-16;265,24,-13;267,-11,5;322,-42,50;323,15,6;325,4,-12;326,-15,39;327,10,-10;328,-16,27;329,21,-12;330,-42,26;331,23,-25;332,1,-10;333,13,-12;334,-8,-3;337,1,33;343,-7,12;640,-25,-21;645,-17,26;650,2,2;655,-10,-1;656,-7,-2;665,-43,-29;670,25,19;675,-170,-92;680,180,105;685,-164,-111;690,102,49;692,27,37;694,-3,-8;695,-15,-27;696,-2,9;697,3,-13;700,34,26;705,-51,-27;713,-43,-30;720,33,19;724,3,-8;725,-5,10;727,-10,-8;729,-12,-10;731,-59,-14;733,52,12;734,19,12;740,-5,-12;744,-10,5;750,14,5;760,8,-2;765,-82,-31;770,44,1;777,-48,13;778,3,-5;779,6,-1;780,20,4;787,-56,-23;790,45,15;800,-5,-3;807,-37,9;810,40,-51;814,-30,43;830,-5,1;834,-10,4;840,-14,-9;860,-85,51;880,48,-32;881,24,-26;883,2,10;886,-1,-1;888,-8,-4;890,60,23;894,-81,-23
rua||pequia|amazonia|36083075|8,-2174721,-4340086;10,-6,-13
rua||pernambuco|poco rico|36020150|2,-2176487,-4333651;16,6,2;17,-1,21;22,5,-13;25,-6,-10;31,18,16;32,-12,-4;35,15,-2;36,1,8;39,-10,7;43,3,8;46,11,-37;47,-1,49;49,4,-9;55,8,-3;60,-6,-6;74,6,19;76,-11,-2;92,55,-22;98,-28,35;110,7,-4;115,6,10;118,-6,5;123,7,3;132,7,10;135,-1,-4;138,1,3;143,6,3;144,6,23;146,-4,-10;154,3,14;165,9,6;168,7,-8;172,-2,18;180,4,-6;182,7,18
rua||piaui|sao bernardo|36062130|8,-2175619,-4333869;12,1,8;14,-3,0;20,-12,6;30,-236,26;38,225,-6;40,1,-3;48,-3,8;56,6,0;66,11,2;76,20,18;84,-15,7;88,-10,17;95,6,1;98,23,-1;105,-20,14;106,9,0;111,-2,-2;116,-4,11;123,-2,15;126,7,8;133,-15,-19;135,0,8;136,-14,2;137,5,-3;139,9,4;141,3,5;319,13,-199;321,2,5;325,4,5;327,-6,0;333,-8,8;343,12,3;349,-10,3;353,-16,-12;359,12,28;383,-6,16;387,0,0;393,0,2;399,1,9;559,-7,154;567,-3,8;568,-2,-10;572,1,13;580,-10,5;583,0,-15;586,8,22;591,-7,6;596,-7,1;606,0,1;616,-1,8;626,-7,18;636,0,9;646,0,3
rua||pirapora|dom bosco|36025530|40,-2178035,-4336196;42,14,5;57,-9,-18;59,-1,-40;67,9,17;77,0,-16;97,-11,-11;115,-1,-7;117,-16,-17;123,29,-3;127,2,-8;145,4,5;146,0,-27;148,4,12;152,-3,14;156,3,-38;167,-3,-5;189,-2,-17;195,-2,-1;199,-4,-23;200,12,3;201,-16,-7;211,8,-7;212,1,-4;219,-3,-11;222,-9,17;227,9,-35;230,5,62;240,-4,-54;242,-4,19;245,-2,-26;253,6,-2;260,-3,13
rua||pitangui|eldorado|36046170|400,-2173276,-4336350;410,18,-6;428,17,1
rua||pitangui|nossa senhora das gracas|36046170|29,-2173457,-4336001;40,13,-16;41,-5,-3;48,11,-8;51,-8,-2;53,0,-11;55,26,1;58,-10,7;62,0,-9;80,24,-35;82,3,-8;87,-5,3;89,-2,-14;92,12,0;97,-10,-8;101,12,-4;105,-5,-9;110,3,2;115,4,-2;120,6,0;126,20,-5;129,-9,-13;130,3,0;132,0,-3;135,-3,-7;137,13,-3;139,-1,1;143,9,-9;145,9,-8;149,-3,-4;210,17,-18;223,-12,-1;224,8,-29;226,-13,8;227,10,3;229,2,2;230,11,1;234,7,-20;237,2,67;238,-2,-66;239,-16,8;245,9,2;248,8,-12;249,0,-9;264,-7,-10;267,-4,14;277,9,-21;280,8,1;285,-5,5;290,18,-10;291,-12,-1;300,28,2;306,-22,-11;309,4,2;310,15,-13;311,-11,7;313,9,-7;319,-4,-10;320,3,11;325,-4,-15;326,5,-8;332,13,2;333,23,17;342,-13,-22;343,-12,-14;352,19,14
rua||primavera|novo horizonte|36038550|17,-2179564,-4339133;20,-325,-53;25,77,16;26,-182,-39;29,87,13;30,-26,2;31,-13,-6;125,73,10;187,65,23;201,34,3;203,15,-9;205,30,9;275,30,16;285,29,1;289,66,6;307,-12,5;347,-34,-4;365,38,14;380,22,1;397,81,-34;400,-75,36;420,48,7;425,9,-12;480,-20,14
rua||primavera|santa cruz|36088435|1,-2170547,-4344036;2,-14,3;5,14,10;75,3,-12
rua||principal|angolinha|36107500|55,-2191759,-4355715;58,-39,-36
rua||principal|bosque dias tavares|36092511|6,-2164638,-4349435;156,112,-154;172,5,3;175,490,-1625;176,-2,-3;243,-448,1557;244,25,-101;245,10,-12;246,2,-45;250,76,-147;253,31,-79;257,66,-120;258,4,-45;260,14,-44;266,-414,851;275,474,-1121;295,119,-805;442,-411,1668;445,32,-123;448,22,-73;457,81,-161;462,34,-73;463,35,-46;466,14,-95;469,32,-54;611,30,-693;641,-122,-89;695,99,58;698,129,171;699,2,-3;782,-311,-454;848,16,111;972,254,547;973,1,3
rua||principal|centro|36107000|130,-2191764,-4351861;152,-7,-18;160,2,-13;162,3,0;172,-4,-6;182,1,-7;202,-1,-14;210,-1,3;212,-4,-15;222,2,-10;232,-4,-6;242,3,-14;246,-3,-5;250,0,-8;272,4,-4;273,-3,-10;320,1,-22;332,-3,-18;342,-1,-7;352,-7,-11;362,1,-8;372,-2,-9;376,-9,-7;380,2,-14;410,-27,16;420,-20,1;422,51,-55;424,-10,-10
rua||principal|monte verde|36010000|173,-2191770,-4351895;183,1,-6;193,-4,-7;195,2,-9;221,-2,-10;231,-8,-18;241,4,-9;243,7,-11;263,-17,-6;271,9,-10;281,-5,-6;311,2,-17;321,-1,2;423,-24,-130;425,-2,-22
rua||principal|monte verde|36107000|2,-2191767,-4351851;8,-38,76;10,59,-12;13,-65,13;15,-20,-7;20,82,-16;23,-48,11;31,18,-9;40,28,-8;41,-47,-6;50,35,-12;72,23,-15;100,-30,-3;395,4,42
rua||principal|penido|36092511|8,-2172405,-4354134;20,-4,-12;32,-3,-4;44,7,-14;52,-18,-14;62,12,-28;63,-69,-57;64,50,72;66,-3,-23;156,-33,-34;220,150,283
rua||principal|penido|36106800|1,-2172342,-4354066;2,68,155;3,-208,-311;4,187,191;7,-79,-87;13,115,68;15,-94,-20;17,78,72;23,-11,60;27,-215,-280;30,1,-24;33,135,151;34,-47,-45;43,-24,-1;47,-4,-10;57,68,68;70,-109,-133;71,26,2;72,4,52;168,-5,-10;195,-8,-19;196,-2,-10;290,-78,-77;605,279,254
rua||principal|rosario de minas|36106000|1,-2170619,-4361940;2,157,28;5,-21,-59;8,-33,32;10,-12,4;11,38,-1;43,-568,204;46,12,-6;47,4,5;48,-30,-9;49,-16,5;54,-5,9;60,586,-240;70,-668,266;82,240,-40;98,-281,70;150,197,-67;160,6,5;170,14,-6;173,11,8;175,13,-16;212,44,-13;220,202,-106;221,-182,107;230,23,-5;250,328,-196;284,42,-23;285,-35,22;287,25,-2;300,-138,60;310,-206,133;311,135,-103;315,-128,64;330,5,30;350,24,-12;355,132,-95;380,-131,88;385,20,-16;390,-9,13;432,116,-77;440,-83,55;449,0,-2;450,6,-2;490,26,-21;500,-278,116;505,292,-124;507,12,-12;510,-8,12;530,14,-20;533,-51,46;541,67,-45;543,-18,2;545,8,3;550,-34,6;551,-3,29;553,-22,-2;560,81,-46;561,2,-13;570,7,1;580,9,-5;600,10,-7;612,10,-8;614,15,11;636,21,-19;1002,-342,195
rua||principal|toledos|36107000|1,-2179200,-4358884;3,8,32;15,4,-40;25,33,124;35,-6,-11;45,-10,-14;58,62,-38;75,-75,-2;80,6,22;86,50,19;95,-66,-67;105,-61,-25;241,-98,-7;243,-5,1;245,-19,-33;337,90,26;348,-144,-3;375,-38,-16;385,-23,-16;390,17,7;396,-43,-10;397,17,-11;400,-26,-17;402,-13,-4;415,-4,11;425,100,33;443,51,35;485,-189,-89;486,15,5;490,-24,-7;498,-10,-9;500,-29,-16;510,-18,-35;522,-44,9
rua||principal|torreoes|36107000|3,-2186604,-4354114;4,162,277;5,-8,-32;7,-8,51;8,-2,3;11,50,-149;14,-103,191;16,81,-147;19,-10,8;21,-3,12;35,55,-86;48,-26,36;50,22,-39;56,-59,107;60,103,-152;64,12,0;80,7,-7;90,8,2;92,3,-6;100,15,-2;110,24,-1;130,7,-3;164,-222,457;190,243,-461;210,26,-23;296,26,-1;300,1,-15;310,-13,-4;320,-6,-6;326,-3,-4;330,-5,-4;350,-11,-19;380,-8,-18;390,1,-11;400,0,-7;410,-2,-10;420,-18,-4;430,0,-2;440,-9,-11;450,-5,-3;460,0,-13;470,0,-8;480,-5,0;490,4,-11;540,-4,18;554,-17,4;590,-4,23;600,-7,8;610,3,16;620,-9,1;640,6,8;642,-4,9;644,-7,-1;650,-1,7;660,-3,14;670,-7,23;690,-2,25;700,6,2
rua||projetada|ceramica|36091125|40,-2173724,-4338029;70,1,-2;580,-78,-23
rua||projetada|igrejinha|36091125|10,-2170807,-4348953;21,-8,-3;22,-15,-1;25,17,-23;26,-19,-3;27,-6,-9;54,4,2;56,-3,-11;57,-5,5;58,-8,-8;67,1,2;77,2,-10;83,-6,-4;370,80,102;450,-14,-17;462,-13,-11;470,3,4;502,0,-78;503,-14,34;504,-3,5;506,245,6;507,-242,-22
rua||projetada|monte verde|36091125|8,-2191812,-4352020;11,14,-16;50,-15,33;61,-5,16;66,11,24;68,2,19;71,-1,-37;81,-19,13;93,27,24;95,-7,-32;97,-5,26;98,-1,-55;100,2,26;101,1,42;107,4,7;113,1,11;115,1,1;116,-6,6;117,5,1;118,-3,-1;121,-4,14;123,3,6;127,5,-3;129,1,19;131,6,5;140,-3,-11
rua||projetada|progresso|36091125|8,-2172497,-4334703
rua||projetada|teixeiras|36091231|3,-2179588,-4335928;5,4,23;15,-11,-12;37,-13,-71;41,8,52;51,-2,-12;53,-3,-11
rua||p|marumbi|36060380|56,-2173093,-4333640;229,-11,-6;700,-18,-11
rua||raimundo pinto|grama|36048330|10,-2169144,-4334947;20,-8,1;30,-16,3;124,-66,15;125,-1,2;126,-13,-2;128,-12,8;130,-2,-5;140,-6,-4;150,-8,4;151,13,-1;152,-19,8;161,16,-2;181,-28,3;193,-100,19;195,-6,2;210,55,-16;220,9,-1;230,-19,-2;235,2,14;240,-16,-18;260,-7,9;307,-67,20;315,-5,-5;320,60,-11;335,-70,19;356,97,-12;358,-1,4;360,-30,-9;368,62,0;370,-128,12;380,-15,4;400,-1,2;402,-19,11;404,-2,-2;410,8,-4;421,44,-12;439,-28,4;445,-12,8;457,1,1
rua||raphael ozorio pereira|parque das aguas|36081782|5,-2175145,-4338920;15,-10,-20;25,1,-11;35,-4,-10;45,-7,-5;55,-1,-1;65,0,0;75,5,-4;85,-4,-5;95,-10,-16;105,-1,-8;115,1,-5;125,-11,-9
rua||raphael ozorio pereira|parque das aguas|36081810|10,-2175138,-4338920;20,-4,-16;30,1,-4;40,-14,-12;50,9,-1;60,-3,-8;70,-6,-9;75,-7,-3;80,8,-4;90,-4,-9;100,-3,-7;110,-3,-9;120,-2,-3
rua||raquel prado|bairu|36050150|14,-2173786,-4334892;30,22,1;37,4,-3;40,2,9;50,15,14;55,9,-4;60,-1,3;65,6,4
rua||recanto dos pomares|recanto dos pomares|36039080|1,-2174513,-4344717
rua||renato pandolfi|ipiranga|36031160|14,-2179722,-4334713;19,1,-5;34,-19,15;54,-23,10;70,-19,25;74,1,-16;78,9,2;92,-17,18;112,-5,-3;120,-5,-1;329,302,-136;470,182,-2;480,-6,-6;571,-18,-5;573,-2,-8;575,-26,3;580,42,2;583,-51,-12;584,17,-5;592,-18,4;600,10,-2;604,-11,11;606,-14,-7;610,22,0;617,-29,4;619,-1,8;633,-17,4;641,-5,10;665,-4,1;675,-20,-7;690,25,9;692,-10,-6;693,-16,6;703,-11,-1;715,-9,4;725,-13,-4;737,-14,-1;747,-2,-4;753,-16,0;767,-9,4;773,-5,5;789,-21,2;793,-2,11;801,-4,-1;804,-8,1;810,4,2;811,-9,11;816,-5,4;819,0,2;830,-3,-2;831,-2,7;843,-10,20;850,1,-5;865,-2,-6;867,-8,7;870,-41,19;877,33,-5;885,-14,-4;888,-18,4;895,11,4;910,-28,-1;915,22,3;922,-32,-8;923,12,-7;925,1,11;930,-24,-2;936,-3,3;945,4,-6;949,-5,8;951,-19,-3;961,-2,-1;990,-39,17
rua||renato pandolfi|ipiranga|36031210|27,-2179737,-4334701;29,-10,6;51,-4,5;55,-2,0;61,-11,5;71,-8,3;81,-7,7;90,43,-34;91,-50,37;101,-6,5;111,-11,9;121,-2,6
rua||roberto procopio|grama|36048520|19,-2168503,-4334635;21,1,3;28,7,-6;29,6,9;30,-1,5;32,1,-1;35,6,0;42,5,13;52,11,0;53,0,7;55,14,1;62,-10,3
rua||rodrigo lemos de paula|santa cecilia|36026040|10,-2178006,-4335415;20,-8,-4;30,-14,7;40,-9,0;41,-5,-3;79,-36,-1;81,-13,-12;83,2,-4;86,23,7;88,-18,0;90,-11,-14;93,-1,4;100,-8,-3;103,7,-3;107,-14,5;111,-8,-16;120,0,10;121,4,-10;130,-10,2;135,27,-5;137,-41,-4;149,-4,3;156,7,-8;158,-9,-2;160,-10,-4;170,-6,-10;175,3,15;189,-1,-9;191,-5,3;193,-4,-3;195,-12,-18;199,-3,5
rua||romeu pastori|bom jardim|36060450|5,-2173470,-4333335;10,148,235;13,-28,-86;15,-44,-67;16,50,107;18,5,57;19,-96,-201;20,73,94;21,30,105;22,8,-23;23,-11,-46;24,-6,-12;25,-126,-140;26,119,128;28,4,12;29,-15,-37;30,1,42;31,-4,-68;32,-6,-2;33,-6,-14;35,20,149;40,17,-6;41,-141,-193;45,104,176;61,-96,-169;69,16,6;71,-24,6;72,-3,-11;82,-4,23;83,0,64;92,-4,-47;93,7,4;103,9,38;110,-24,-35;113,16,23;120,-24,-13;125,16,6;135,-10,5;140,0,3;145,7,14;147,-13,-2;155,14,13;160,8,-2;170,-13,11;175,29,6;178,-17,5;184,7,4;185,6,-9;195,25,20;204,-20,-12;226,11,-6;228,19,-4;234,32,6;236,-31,-4;244,27,-8;246,2,9;248,5,14;250,-5,27;254,2,-51;256,10,32;258,11,27;264,-39,-57;266,-23,77;284,49,-58;285,1,16;286,22,23;287,-13,-8;293,11,11;295,13,9;300,10,7;324,-95,-91;326,-8,-11;327,-6,-8;329,7,-15;330,10,5;335,-8,-15;340,15,-7;345,-10,3;350,15,-7;351,2,-8;355,-5,-5;365,6,-11;380,-4,22;382,18,-23;383,0,-4;384,-3,9;388,12,-6;395,-3,-5;400,14,1;405,-5,2;415,8,-3;420,9,2;425,-11,-26;430,7,23;435,-12,9;440,45,-16;441,-23,-13;450,15,25
rua||romulo quinhoes pereira|vila esperanca|36090716|1,-2168993,-4344381;7,-3,-8;13,-6,-7;16,-86,-120;25,83,111;29,-6,2;35,1,-8;43,-10,-1;44,-2,-1;48,6,-8;54,-33,-117;55,21,112;60,5,1;68,-13,-10;71,-44,-109;80,46,108;81,-3,-1;88,-1,-13;93,-6,6;100,-8,-11;108,1,-3;109,-9,-5;118,41,33;128,-47,-43;133,-8,-2;140,4,-9;150,-6,-10;153,6,19;155,-3,1;156,-5,-11
rua||roque picorelli|grajau|36052330|15,-2174865,-4334502;20,-9,9;29,2,-24;34,5,-13;43,-6,6;45,1,2;48,9,-12;55,-6,7;58,4,-12;62,-10,-20;64,-2,-8;67,6,22;68,1,-27;70,12,6;79,-10,0;82,0,-2;91,1,4;94,2,-28;95,-2,18;103,-4,-16;104,12,-17;113,-18,13;126,-3,-36;128,10,17;129,4,5;130,9,-12;141,-8,2;155,-1,-12;167,9,-8;175,-5,-18;180,-2,12;189,27,-11;200,6,0;205,10,15;209,-5,-13;212,6,-1;223,-1,1;233,43,-24;284,6,19;286,20,-6;292,6,7;302,-5,-5
rua||sebastiao clemente pereira|bom jardim|36060398|9,-2173311,-4333226;10,-4,25
rua||sebastiao santo pilato|martelos|36036570|11,-2176945,-4336712;35,-15,-8;36,-49,-40;45,54,40;46,-52,-38;48,14,5;50,-7,14;52,12,2;54,0,13;56,22,0;60,7,8;62,11,5;70,4,8;75,3,0;85,9,7;230,15,7;235,-6,16;240,15,-11;245,-22,4
rua||senhorinha pires|barbosa lage|36085120|19,-2171732,-4339968;23,-4,-10;27,2,-20;31,-7,-3;39,-6,-5;43,-4,12
rua||senhorinha pires|barbosa lage|36085130|1,-2171735,-4339973;13,-42,-25;25,2,3;37,16,10;49,16,1;61,-3,0
rua||silvestre de araujo porto|marumbi|36050580|3,-2172600,-4333823;19,-57,15;21,-171,-113;30,20,-78;40,4,-7;41,-6,83;42,-5,23;45,184,103;47,-13,-9;50,-42,-84;51,-11,18;52,-8,4;53,9,19;54,9,15;56,13,0;57,7,17;58,7,3;59,11,4;60,19,13;61,-167,-215;62,174,225;63,5,4;67,-48,-31;70,-16,-12;73,79,46;77,2,0;80,-69,-46;83,72,60;87,7,-3;107,-45,-32;137,-30,-20;139,-28,8;145,-6,-24;151,-23,-16;154,1,-2;155,10,5;172,59,46;175,-77,-59;179,-2,-4;181,-2,-3;185,-12,1;187,-31,-172;193,-4,166;195,6,13;200,-48,-70;201,6,5;206,-7,-17;210,15,-28;211,-2,-10;226,26,112;230,23,-19;234,-88,-458;237,30,310;238,23,35;240,21,30;242,-28,26;244,33,-84;245,-18,6;246,8,-16;247,67,-37;248,-76,25;249,7,-10;250,4,-103;253,-43,245;255,37,-116;260,6,-114;265,-7,103;270,-12,157;275,10,-3;277,-8,-10;285,-10,-48;295,29,-165;304,-4,10;320,-6,20;326,-6,2;330,17,9;342,-23,-180;351,12,201;403,4,-43;425,3,-35;427,1,16;436,1,50;438,4,-12;439,-4,-46;448,4,33;456,3,-13;469,-11,-73;476,8,54;477,-26,128;479,19,-188;480,-12,-6;492,18,49;493,-10,-53;509,-4,-17;513,-18,-67;520,26,109;530,2,-7;540,3,0;541,-18,-47;542,13,32;546,-1,-13;553,-16,-35;560,-9,-35;563,4,32;570,-3,-44;572,16,62;579,-10,-29;580,-10,-40;590,-2,-4;591,3,11;596,-9,-13;600,23,61;601,-28,-67;602,0,-4;611,-3,-1;612,31,72;620,-7,-23;621,-30,-60;639,-5,-2;645,-10,-16;651,-5,-8;692,26,30;702,-2,-8;712,-5,-1;718,-13,-13;739,168,509;796,35,39;801,-211,-565;826,243,578
rua||stelina jesus de oliveira ponciano|linhares|36060571|2,-2173719,-4332598;3,-12,-8;4,-10,-7;5,2,1;6,3,-27;7,-15,4;9,-8,-11;10,-3,-7;11,-11,-15;12,-5,-7;13,-9,-12;14,-10,-4;15,-19,-1;17,-23,-9;18,-14,9;19,-6,-16;20,-6,0;21,-11,-7;22,-2,-1;23,18,6;24,22,16;25,1,0;26,-2,-5;27,11,-48;28,28,57;29,8,10;30,-104,-21;60,169,97
rua||uacari preto|alta vista|36031394|16,-2180247,-4334861;23,99,61;33,-10,-43;44,-3,41;45,5,-15;46,15,33;47,11,2;48,-20,2;51,-4,-44;55,20,48;63,1,23;68,13,-8;75,-1,8;76,5,-2;83,3,-2;84,-3,7;85,-54,-53;105,-24,-4;115,-18,-107;125,9,101;154,-40,-32;163,9,17;199,-17,-11;209,4,-22
rua||ubaldina de morais pereira|tiguera|36071560|5,-2177229,-4332063;8,12,-30;9,8,-14;11,7,-14;12,149,-9;16,73,-21;20,-207,70;24,-36,17;26,231,-88;27,0,7;37,-3,7;47,-37,-5;78,2,24;80,6,-10;86,16,-14;87,-42,13;88,-3,-5;98,-8,-6;107,1,3;118,-18,-13;126,-12,-12;133,-11,9;176,-24,7;236,-29,23;246,-12,1;256,-3,2;266,-8,-1;323,-51,66;344,4,-20
rua||valdemar henriques pinto|sao pedro|36037600|141,-2176493,-4339255;180,-19,0;183,36,-4;250,-10,3;255,-14,-6;259,-18,6
rua||venicio del pratte|teixeiras|36033014|6,-2179551,-4335886;20,19,-43;21,-5,4;23,-6,25;24,8,-27;29,-17,24;30,9,-16;31,5,7
rua||vera lucia barros de paula|distrito industrial|36091040|155,-2168033,-4345256;185,-32,-27
rua||vera lucia barros de paula|distrito industrial|36092006|195,-2168253,-4345380;196,24,-31;199,-21,23
rua||vitorio perobelli|benfica|36090500|5,-2169141,-4343892;22,16,29;23,-14,-11;28,-38,-50;43,52,65;44,-4,18;55,11,3;57,-2,-9;95,5,15;100,-8,-8;120,-4,17;140,-9,-31;142,-8,-24;144,6,4;148,-36,-42;150,-15,-4;167,18,2;172,-19,-20;177,-5,-13;179,4,1;180,-12,3;185,4,-11;195,-4,-10;197,-10,-9;200,-1,5;225,-6,-13
rua||vulmar coelho pinto|nova era|36087030|36,-2170689,-4341964;38,5,5;40,-8,-18
rua||vulmar coelho pinto|nova era|36087140|15,-2170689,-4341957;25,-2,-9;35,4,10;75,-24,-59;90,5,-12;95,-19,-19;100,12,12;111,-16,-33;112,-9,-19;119,0,10;135,3,0;140,-6,-4;150,-8,-23;165,-8,-8;219,10,14
rua||waldemar pereira|santa luzia|36030180|22,-2178939,-4334259;26,0,10;32,-2,11;35,0,3;37,8,4;42,-3,5;50,9,3;52,-3,3;62,-2,18;63,2,-16;65,-7,-21;72,8,45;73,0,-6;82,-5,11
travessa|doutor|prisco|centro|36010330|10,-2176043,-4334274;11,15,-1;13,-4,-7;15,-5,-1;17,-3,-5;19,2,-7;20,-10,5;21,0,4;23,-1,-8;24,-6,-6;25,6,8;27,-3,-9;29,-7,-6;31,-1,3;54,-15,-1
travessa|engenheiro|luiz fernandes pinto|jardim gloria|36015210|1,-2175517,-4335953;3,-10,-2;4,-7,4;5,-2,-1;6,15,-2;7,-27,-1;8,21,5
travessa|nossa senhora|da penha|jardim gloria|36015110|2,-2175334,-4335790;56,-33,17;66,-11,5
travessa||antonio guimaraes peralva|barbosa lage|36085000|5,-2171242,-4340843;15,6,13;102,-13,-11
travessa||divina providencia|dom bosco|36025600|3,-2177997,-4336594;41,5,17;90,0,7;96,0,11;127,-4,-18;128,0,0;165,2,-3
travessa||ernesto padovani|sao mateus|36025002|1130,-2177752,-4335651
travessa||isolina augusta stoppa petrato|progresso|36050380|15,-2173159,-4334655;92,18,-83;100,-1,31
travessa||maria geralda pereira|sao mateus|36025295|280,-2177466,-4335556
travessa||nativa gripp pereira|centro|36062460|132,-2175619,-4334030
travessa||pedro von de pol|borboleta|36035770|1,-2175650,-4338112;5,0,0;8,-50,-35;10,-100,53;11,141,-44;13,4,21;15,5,5;17,-3,6;19,24,12;23,-17,13;25,1,15;26,4,0;27,10,-2
travessa||pitangui|eldorado|36046165|137,-2173245,-4336309;139,-17,0;149,17,-3;159,12,2;167,-1,16;179,4,10;201,-4,14;343,-51,-56;376,145,145;502,10,-31;622,-15,22
travessa||pitangui|nossa senhora das gracas|36046165|125,-2173146,-4336186;170,-65,-159;180,-2,11;190,-21,54;200,12,10;220,12,11;255,91,93;270,-88,-70;275,9,9;280,-10,-6;282,2,0;288,12,16;289,2,-2;311,7,7;320,2,-6;323,12,8;330,6,6;335,-3,-4;370,31,23;380,10,8;390,5,7
travessa||venicio del prate|teixeiras|36033014|1,-2179423,-4336045;2,1,-45;3,6,8;4,-13,0;5,-1,5;6,-9,16;7,3,9;8,-23,5;9,-21,38;10,8,-11;11,4,-5;12,-8,21;15,-23,29;16,-7,5;17,-5,8;320,115,-164
