acesso|sao|sebastiao|sitio do buraco|33239304|13,-1968626,-4385634
acesso||avenida vieira|campinho|33239304|30,-1957172,-4391927;38,-38,-3
alameda|doutora|vilma edeweiss santos|centro|33241899|65,-1962919,-4390202;115,50,-43;201,-17,13
alameda|engenheiro|henrique drumont|lundceia|33239110|259,-1963361,-4390609;350,33,-121;360,5,24;455,-52,103
alameda|engenheiro|henrique dumont|lundcea|33239110|10,-1963333,-4391140;20,3,21;40,2,16;50,-3,19;60,0,7;70,3,25;80,-1,-4;90,-2,38;190,0,96;200,0,5;210,0,18;220,3,6;240,-6,43;241,-130,355;250,134,-321;260,6,-23;560,-102,297;570,-7,4;590,-13,17
alameda|engenheiro|henrique dumont|lundceia|33239110|5,-1963324,-4391132;35,0,25;37,6,7;41,-5,14;45,-6,-80;53,5,92;55,3,-4;65,-5,14;75,-1,16;85,3,12;95,2,10;105,-3,12;107,5,1;115,-3,13;127,-4,12;135,4,29;143,3,-12;151,-5,14;155,0,16;157,-1,26;159,8,-37;165,-6,54;237,1,45;252,-4,15;269,4,14;275,-2,13;295,8,8;305,-8,13;355,0,58;365,5,9;375,4,16;385,-6,3;395,0,17;399,14,5
alameda|governador|magalhaes pinto|lundcea|33239084|3,-1963339,-4390272;5,7,3;350,-90,-81
alameda|nossa senhora|do perpetuo socorro|lundcea|33239070|160,-1963163,-4390128;165,-4,-8;166,4,-1;215,-9,-79;245,12,-7;255,-4,-15;290,6,-43;295,-5,7;300,3,-16;305,-5,-15
alameda|principe|de monaco|lundcea|33239074|36,-1963001,-4390250;37,-9,10;58,-47,-6;59,14,8;70,-18,-8;79,-13,1;89,-4,-3;99,-4,5;125,-11,2;135,-13,-5;140,-1,-4;147,-12,6;165,-11,-6;171,-9,0;210,-9,-5;220,-28,2;226,-22,-1;230,-6,-4;235,-3,10;240,-17,-12;245,6,12;250,-15,-16;255,41,21;275,-33,-11;285,-8,-7
alameda|sao|francisco de assis|lundcea|33239122|7,-1963559,-4390558;8,-34,-22
alameda|sao|francisco|lundcea|33239122|24,-1963463,-4390371;26,-7,-25;170,-42,-120;180,-11,-14
alameda|sao|jose|lundceia|33239100|20,-1963195,-4390768;25,1,14;30,-6,2;35,-16,25;44,4,-20;55,-6,24;60,-11,-3;62,12,-12;65,-8,32;67,-10,2;70,-2,-12;75,-3,17
alameda||agassis|lundceia|33239098|185,-1963264,-4390853;195,5,15;215,-2,16;225,5,3;235,-2,13;245,-1,14;257,4,10;265,0,8;275,0,21;285,0,7;293,1,26;295,-1,-21
alameda||agassiz jadim|lundceia|33239098|10,-1963281,-4391117;22,17,20;25,27,-3;30,-26,8;35,11,24;40,-16,-7;45,12,17;50,-17,-18;55,19,24;60,-17,0;65,19,13;70,-13,-3;75,8,6;80,-7,6;85,11,19;90,-16,-9;95,14,24;100,-9,-22;105,8,29;110,-6,-18;115,7,61;120,4,-47;125,-3,23;130,-15,-3;135,64,-137;140,-59,146;142,2,6;151,5,32;155,1,8;160,-6,-29;175,9,53;180,-9,24;218,4,27;230,-6,15;240,2,6;250,-3,13;256,6,7;262,-1,23;276,-8,3;278,7,19;280,-1,7;286,6,15;290,-1,-1;300,3,60;310,-1,-4;320,0,0;330,-3,-5
alameda||andromeda|promissao|33231220|17,-1962438,-4391704;97,170,-299;177,-135,165;227,51,-60;231,26,-22;241,-13,14;253,6,-8;274,28,-25;280,3,-4;290,39,-69;375,-8,19;383,2,-9;395,5,-10
alameda||antonio boto|lundceia|33239144|10,-1963463,-4391270;25,-2,-15;40,1,2;44,2,-12;45,-7,7;75,3,-14;77,0,-18;105,0,-15;106,4,-2;110,2,-11;115,-3,0;117,-2,-12;120,6,11;122,1,-12;125,-2,-11;130,-1,5;136,10,-4
alameda||antonio martins|campinho|33239304|97,-1956432,-4391652;130,216,-190;138,-3,-16;245,-185,176;255,10,-4;275,33,-29;295,20,-12;305,28,-25;313,17,-13;315,-1,-4
alameda||antonio nobre|bela vista|33239132|28,-1963672,-4390753;30,-4,0;40,13,-8;50,10,-7;165,113,-81
alameda||antonio nobre|lundcea|33239132|190,-1963448,-4390897;200,15,-6;210,-108,65;215,70,-53;220,-70,53;225,96,-66;240,-61,46;245,72,-54;250,-55,42
alameda||araras|joa|33233324|5,-1963673,-4387205;9,135,9;15,-117,-10;23,128,27;25,-106,-18;35,17,-4;45,22,2;55,4,6;65,24,5;195,-6,4
alameda||araucaria|francisco pereira|33236330|35,-1965986,-4387369;45,-11,29;65,-12,27;70,-5,4;75,1,1;85,-12,31;95,-2,7;105,-10,18;115,-6,14;135,-12,32
alameda||araucaria|francisco pereira|33236342|80,-1966039,-4387295;90,7,21;100,-7,26;110,-5,1;125,18,24;130,-38,10
alameda||armindo rodrigues|bela vista|33239116|270,-1963513,-4390925;500,-5,-12;512,17,-94;566,2,-7;590,-7,123;630,14,25
alameda||armindo rodrigues|lundcea|33239116|405,-1963364,-4391157;407,-1,10;415,-12,-1;417,-3,-7;425,-5,5;427,-3,2;435,-10,-1;437,-5,2;445,-21,5;505,-20,38;555,-82,150;625,17,20;627,-2,3;635,4,8;649,15,18;651,21,37;660,5,22;661,3,-3;670,3,20;680,8,12;690,0,-2;700,6,18;713,-3,-17;725,12,13;755,35,18;765,11,5;775,21,-1;795,25,-2
alameda||armindo rodrigues|lundceia|33239116|23,-1963195,-4390901;27,5,-11;75,0,-18;91,-8,-21;101,4,-9;105,-5,0;109,0,0;111,0,-13;121,1,-10;131,-2,-15;161,-5,-22;165,4,-11;171,1,-17;195,0,-1;201,-1,-15;211,-1,-7;221,3,-12;225,3,178;365,-100,-227
alameda||aroeiras|francisco pereira|33236332|25,-1965801,-4387486;110,13,25;125,26,24;130,0,14;175,33,51
alameda||barbanson|lundcea|33239118|75,-1963521,-4390607;95,22,-33;180,24,-36;190,0,-8;235,19,-37;265,8,-24
alameda||belgica|lundceia|33239092|5,-1963216,-4390470;10,2,23;25,1,-21;30,-16,-14;55,-17,-11;122,117,173;145,-168,-232;150,8,0;160,-10,-8;165,-17,-13;170,96,103;175,-98,-111;200,173,147;220,-53,-27;250,25,10;255,-166,-150;259,-15,-16
alameda||borba gato|lundcea|33239150|31,-1963520,-4391393;85,4,5;105,26,2;115,18,-4;135,32,6;145,12,-1
alameda||borba gato|lundceia|33239150|20,-1963529,-4391383;50,1,-1;90,14,-2;100,17,4;120,58,4;126,0,0;130,7,2;140,14,0;150,8,-2;163,6,0;165,19,-4;170,6,10;180,5,-3;185,3,-3;190,11,6;200,17,2
alameda||brant|centro|33239076|30,-1962921,-4390373;40,14,-3;50,-3,-10
alameda||brant|lundcea|33239076|11,-1963013,-4390316;22,-10,-1;25,-15,6;36,5,-5;37,-16,2;42,1,-6;45,-6,14;55,-12,-6;65,-10,-1;75,-10,-2;82,-2,-4;102,-14,0;105,-40,7;122,13,-12;265,9,16
alameda||cajueiros|francisco pereira|33236344|15,-1966088,-4387379;25,-7,15;30,-8,5;45,-29,76;55,13,-25;60,-12,14;70,-4,13;80,-6,14;100,-15,31;105,10,-10
alameda||canada|lundcea|33239086|70,-1963458,-4390458;77,28,23;80,88,88;88,-97,-85;90,9,2;92,-2,2;96,95,77;100,-86,-63;102,3,-1;255,136,93
alameda||carvalho|manancial|33239846|25,-1965180,-4391692;45,-8,-29;65,-2,-15;77,-1,-26
alameda||cedro de libano|jardim ipe|33239840|125,-1965395,-4391644
alameda||cedro do libano|jardim ipe|33239840|10,-1965222,-4391662;17,9,1;18,4,-11;30,8,0;40,20,-4;70,9,-1;76,120,-14;100,-94,9;110,11,4;112,-6,-5;136,39,-3;148,12,1;160,15,-6;161,-146,15
alameda||copaibas|joa|33233330|15,-1963540,-4387136;20,-3,-21;21,7,22;29,0,19;35,16,29;40,-22,-45;69,12,82;83,2,22;90,-14,-70;93,18,80;125,-3,32;140,-4,-2;145,12,26;165,-1,26
alameda||couto de magalhaes|lundcea|33239156|7,-1963624,-4391537;15,10,1;30,76,11;35,23,4;40,-17,-5;42,10,-1;50,3,3;52,7,0;60,17,-1;95,-33,-1;125,17,-2
alameda||couto de magalhaes|lundceia|33239156|20,-1963593,-4391519;80,127,4;90,21,-4
alameda||da franca|bela vista|33239090|520,-1963664,-4390650;525,40,-10;540,-15,-5;565,-29,18;575,-11,8;585,-10,5
alameda||da franca|lundcea|33239090|330,-1963378,-4390513;340,-7,-25;350,-9,-4;455,-147,-104;500,-32,-15
alameda||da franca|lundceia|33239090|390,-1963430,-4390611;400,-38,6
alameda||da varzea|lagoinha de fora|33234570|175,-1968495,-4384782;195,-18,10;205,-7,7;225,-22,9;255,15,-12
alameda||da varzea|lagoinha de fora|33246000|21,-1968323,-4384921;73,-27,30;90,-12,9;132,-17,8;133,29,-17;134,-63,51;143,-8,9;148,-7,4;168,-12,5;178,-7,4;220,-97,64;260,-32,18;285,-72,96
alameda||das agapantos|bouganville|33240016|18,-1965530,-4392086;20,23,-30;40,-40,38;45,17,1;55,-32,20;60,-25,7;286,51,-27
alameda||das alamandas|bouganville|33240018|75,-1965584,-4391992;105,-41,-46;185,30,-131;195,-14,15;205,-7,35;220,-37,20;225,13,34;235,59,-122;240,-59,120;250,5,21;260,5,12;270,24,26;280,4,8;290,12,12;300,17,11;303,18,-6;305,25,18;318,-29,-12;325,43,14;326,-17,-4;330,9,8;340,23,6;350,13,11
alameda||das alamandas|condados do bougainville|33240018|25,-1965499,-4392264;35,-14,18
alameda||das aroeiras|condominio jaquesville|33231290|65,-1960524,-4391525;75,7,2;85,-3,17;95,15,22;100,-20,-21;110,-13,29
alameda||das aroeiras|parque residencial vivendas|33239334|20,-1964428,-4390726;21,58,-3;34,26,8;60,3,-15;65,-16,9;70,33,-2;75,-7,-1;85,44,4;86,-22,49;100,16,-52;105,23,-15;145,-10,9;150,4,15;170,11,-11;180,75,-8;190,-25,0;200,95,-27;203,-72,28;210,-1,6;213,17,-10;223,24,2;280,8,-3;313,20,-22;314,24,-4;333,-6,1;350,39,-4;370,-1,1;388,9,-21;416,9,-18;436,-17,-23;448,-12,-22;456,-3,-33;466,2,1;480,42,-40;484,1,-12;488,-6,-34;490,2,-21;519,-37,91;520,40,-100
alameda||das azaleias|condados do bougainville|33240026|5,-1965122,-4391970;25,-140,-150;35,-144,-162;40,-34,9;45,220,171;50,-156,-169;55,159,187;60,-151,-164;65,25,-8;75,1,1;85,6,10;90,4,12;100,13,34;115,23,-11;120,13,19;125,-4,9;130,15,22;140,2,14;155,20,8;165,11,12;175,12,22;195,23,21;205,23,35;210,-13,-4;215,26,8;230,7,30;240,14,18;245,-3,-6;250,-4,37;280,0,16;285,22,41;295,-14,29;305,-6,24;315,-1,17;320,-31,20;335,-177,23;370,157,-18;375,-11,65;380,-27,-46;385,-19,15;400,-37,-11;405,33,10;415,-33,3;425,-11,5;430,-6,-40;435,-21,38;445,-6,0;460,4,-27
alameda||das bandeiras|lundcea|33239142|13,-1963623,-4391265;15,46,-31;16,-42,39;20,6,1;28,60,7;30,6,-1;32,13,-2;50,11,2;105,80,3;115,18,0;125,23,3;135,1,-2;143,16,1;145,-1,2;153,15,-3
alameda||das bandeiras|lundceia|33239142|35,-1963534,-4391254;45,12,-1;55,6,2;65,15,-1
alameda||das braunas|condominio jaquesville|33231326|50,-1960221,-4391691;56,-11,-14;60,-3,-14;64,-8,-15;67,-25,8;68,19,-21;72,-1,-19;77,-6,-2;78,0,-26;80,-4,-12;84,3,-31;88,0,0;107,-5,17;148,2,-35;155,0,-3;268,6,-44;286,-2,23;300,5,-24
alameda||das bromelias|bouganville|33240014|110,-1965468,-4392076;150,-4,38;160,12,26;180,-4,29;195,-10,41;200,9,-25;205,13,41;215,-22,-16
alameda||das bromelias|condados do bougainville|33240014|55,-1965530,-4392191;85,40,51;135,39,86;150,-20,31;155,27,7;195,-13,76;205,-5,21;225,-6,38;235,1,25;245,-4,7;255,-4,15;265,-3,23;275,-1,14;285,7,30;305,-13,3;335,-2,35
alameda||das candeias|palmital 3|33234220|14,-1959910,-4389294;20,-2,12;27,0,18;30,4,22;40,-4,-14
alameda||das candeias|visao|33234220|285,-1967546,-4389083;295,-11,8;300,11,-3;305,-25,14;306,1,-47;308,-1,30;310,-14,21;316,9,-8;320,-16,9;325,10,4;328,-20,6;330,-2,1;355,-48,34;361,29,-17;365,-4,6;435,-76,35;460,-39,-5;480,-15,4;485,-7,9;490,-11,-7;495,-2,9;497,-2,0;500,-9,-7;505,-6,7;510,3,-7;511,-12,11;515,-5,0;517,-5,-2;530,-3,-6;535,-18,10;540,21,-8;542,-18,2;545,-7,6;557,-5,-4;560,1,-4
alameda||das candeias|visao|33236512|25,-1967352,-4389305;30,-77,36;42,79,-42;50,-11,1;60,-8,1;63,15,3;65,-9,1;70,-17,-3;80,-13,-1;84,-3,5;89,20,2;90,46,-12;91,-62,15;93,-11,1;95,-10,8;97,-9,10;98,-1,-44;100,7,17;110,-5,20;111,-9,16;114,10,-18;115,-10,30;119,1,5;120,1,-17;121,-10,24;127,-4,0;135,-600,557;137,596,-547;140,14,-24;150,-9,22;155,-13,35;160,6,-26;165,-22,51;185,-3,7;195,-9,15;200,9,-24;205,-14,35;210,5,-28;215,-13,33;220,9,-23;230,-9,23;234,-4,-4;235,-5,23;240,3,-11;243,-10,17;247,-6,3;250,9,-16;252,-5,11;265,-15,22;270,-1,-11;279,6,3;280,-15,6;290,2,2;595,-366,142;605,0,0;606,0,-14;608,6,0;610,-4,5;626,-19,19;630,-5,1;631,-4,19;634,5,-17;635,-8,23;640,0,-13;675,0,13;682,-33,32;684,-6,1;690,-12,11;710,-7,12;725,-1,8;735,-7,10;740,-7,10;743,7,-2;745,-7,9;750,-3,-7;754,-3,16;755,7,-9;757,-4,6;760,-1,9;770,0,5;775,0,3;777,-4,10;790,-2,6;795,-4,8;800,1,18;803,0,-20;805,-1,17;810,-4,-1;812,-1,8;815,-2,-3;819,5,4;820,-7,2;822,-1,8;830,0,0;840,-5,15;850,6,1;855,-3,15
alameda||das carnaubas|palmital|33234432|25,-1958767,-4388782;37,82,-92;45,-35,78;50,4,-13;67,16,-24;69,-37,65;70,10,-10;76,34,-71;78,3,-15;80,-4,16;85,-103,95;90,106,-102;234,-236,55
alameda||das caviunas|palmital 3|33234298|5,-1960029,-4389348;11,9,-75;19,-15,29;21,-2,6;23,-2,3;30,0,36
alameda||das cerejeiras|palmital|33234430|3,-1958950,-4388814;35,-907,316;37,1172,-383;45,-393,5;55,-809,381;103,1088,-186;115,-246,-173;135,21,4;234,89,95;380,131,21;430,66,26
alameda||das cibipirunas|condominio jaquesville|33231320|90,-1960658,-4391713;100,5,-29;263,-18,35;265,55,-134;285,-15,31;445,41,-81;500,92,-107;550,9,-8;562,-43,80
alameda||das embaubas|jacquesville|33231295|998,-1960761,-4391341
alameda||das embaubas|jacquesville|33231310|69,-1959525,-4391449;72,-7,-52;75,1,42;85,-17,-59;461,-83,-209;520,-6,-49;545,-19,-32;650,-34,-100;655,18,46;660,-1,6;665,-21,-57
alameda||das embaubas|jardim dos pintassilgos|33230001|40,-1960994,-4391269
alameda||das figueiras|visao|33236522|15,-1967345,-4389373;35,-19,-2;37,0,0;45,-16,6;47,-2,-1;50,4,-7;60,-7,1;65,-15,6;67,-6,3;75,-5,-4;80,3,-7;85,-12,10;90,-9,-1;110,-10,13;115,-14,2;117,-1,3;125,-12,9;130,8,-15;132,-3,6;135,-14,26;138,13,-21;140,-5,7;150,-8,14;155,1,4;160,-5,1;165,-4,22;167,-2,3;170,3,-17;175,-5,28;180,-16,-25;185,12,30;187,-1,4;195,-5,3;197,-4,8;200,8,-25;202,-4,3;204,8,-9;205,4,1;220,-15,30;230,-11,19;245,-6,10;260,-1,11;270,-2,-35;290,48,-79;295,-72,160;300,1,-37;310,8,-21;320,-2,6;322,-4,21;335,-24,53;337,-2,0;340,-29,25;342,-12,6;345,37,-4;350,-41,6;355,30,-13;360,-36,21;368,-13,8;373,15,-7;380,-22,10;385,17,-6;390,-23,10;394,-11,6;400,-5,6;405,30,-17;410,-33,17;415,23,-10;420,-31,16;422,-4,2;425,29,-10;431,-2,0;450,-47,18;455,27,-8;458,-43,14;460,-1,1;461,31,-7;463,6,-4;470,-75,21;475,57,-11;479,-7,-1;481,-9,5;485,-7,3;490,-68,4;492,-7,0;494,-1,10;495,68,-10;510,-74,3;515,41,1;520,-53,-2;525,46,4;530,-58,-3;535,46,3;545,6,-2;550,-74,0;555,44,1;560,-49,0;565,40,6;580,-67,-4;585,44,5;590,-51,-4;592,-7,-1;595,52,8;602,-50,-9;604,-14,3;644,-35,22;650,-5,0;660,-8,9;680,-10,22;690,-7,3;704,-9,10;715,5,0;725,0,-2;740,-35,33;742,-8,9;780,-31,24;784,4,14;785,16,-16;800,-30,22;802,-2,3;810,-1,4;811,-1,7;816,-3,10;818,-1,6;820,-8,43;822,-3,10;825,12,-63;827,2,0;830,-3,16;835,-2,2;837,5,-5;840,-7,13;845,4,-15;847,-3,21;850,0,1;853,-2,4;855,-3,7;865,-2,9;880,-6,9;885,-2,11;915,-5,33
alameda||das gameleiras|visao|33236496|95,-1967884,-4388621;135,33,-6;145,-5,-2;235,-98,36;247,0,0
alameda||das imbuias|palmital 3|33234230|5,-1960028,-4389349;10,137,13;13,-22,7;14,4,-5;16,-69,8;18,-3,-1;19,33,1;21,-35,-5;25,-20,-7;30,-34,-14
alameda||das lilazes|lundceia|33239094|35,-1963177,-4390508;40,-11,1;50,71,-50;65,-61,37;71,13,-6;75,-2,-5;85,12,-12;95,6,-3;100,-40,40;115,-16,13;120,-18,17
alameda||das macaubas|jacquesville|33231054|30,-1961023,-4391290
alameda||das macaubas|jacquesville|33231295|200,-1960050,-4391291;215,-38,40;265,-63,-6;355,-115,-5;509,-58,-30;667,-139,-22;861,-120,-5;870,-89,-70;921,29,77
alameda||das macaubas|jardim dos pintassilgos|33231295|60,-1961037,-4391203;64,46,-29;70,-56,22;80,4,-19;90,-25,-4;100,-8,-1;110,-4,-7;120,-14,-7;130,-3,-16;140,-13,-2;200,-47,-17;208,0,-1;220,-12,12;230,-4,9;240,1,4;447,176,3
alameda||das margaridas|condados do bougainville|33240012|27,-1965421,-4391972;30,18,-8;65,-1,6
alameda||das paineiras|condominio jaquesville|33231290|30,-1960209,-4391652;46,199,30;58,-30,-2;70,-6,-8;90,-29,-2;110,-14,-5;130,17,5;170,-53,-6;180,-40,-5;220,2,-3;250,-38,-4;500,-262,86;580,-54,-22;600,-34,-12;610,-89,-21;620,4,-3;650,-14,-5
alameda||das palmeiras|palmital|33234434|14,-1959034,-4388644;24,120,-82;29,-96,115;85,-48,-88;150,94,68;155,6,-1;175,14,-18;180,-6,-2;185,-98,-66;190,105,53;195,12,-33;200,-6,21;210,17,-7;250,21,-59;270,-6,8
alameda||das palmeiras|visao|33234434|15,-1967811,-4388847;45,-116,-217;85,40,65;99,-4,-11;305,206,184;315,2,-2;335,-1,2;450,-96,-18;715,-157,-250
alameda||das palmeiras|visao|33236510|70,-1967890,-4388996;80,7,10;100,15,23;106,6,10;150,1,2;152,9,15
alameda||das perobas|visao|33236526|5,-1967310,-4389232;7,1,-7;10,-16,-190;19,-1,-3;30,-2,22;31,15,5;32,-14,14;35,4,-13;37,2,10;45,2,7;47,-10,2;55,6,6;60,-1,4;69,4,11;71,3,9;73,-3,15;85,3,7;95,2,16;97,0,-2;110,6,56;115,-3,-43;117,-2,0;120,-7,11;122,6,9;125,1,-14;165,5,47;175,3,13;185,4,11;189,-6,10;200,-3,12;205,8,-1;210,-8,1;211,10,7;215,-1,-1;220,-6,5;225,3,11;226,2,0;228,1,-5;245,5,25;260,-4,53;295,9,6
alameda||das petunias|condados do bougainville|33240022|40,-1965244,-4392024;55,10,-1;60,-11,55;65,4,-22;70,-25,15;75,34,-8;87,-11,19;90,-26,29;105,21,3;110,-23,40;115,21,-19;125,2,15;132,-20,23;135,21,-10;145,-10,10;160,-14,25;390,11,22
alameda||das roseiras|palmital|33234366|455,-1957528,-4390518;459,-4,-1;700,-150,190;725,9,-19;735,12,20;755,44,-31;777,-18,52;780,359,393;805,-346,-386;815,6,22;865,-8,6;885,39,32;937,25,32;995,152,197;1000,-97,-101;1001,7,-14;1195,164,168;1201,182,34;1236,280,159;1250,-106,288;1253,10,-499;1421,-640,-486;1445,-12,11;1465,-15,9;2101,1004,293
alameda||dinamarca|centro|33239054|285,-1962884,-4390147;305,-36,-24;309,-1,2;311,-8,-6;345,-7,1;353,-3,6;363,-40,-6
alameda||dinamarca|lundcea|33239054|445,-1963011,-4390174;450,-21,-4;457,-33,4;460,13,-8;469,13,9;480,-31,-7;481,22,5;491,-10,3;503,-8,-2;515,-10,-3;519,-18,-1;520,-5,-4;525,3,5;540,-21,-9;560,-12,-4;565,-33,21;605,-81,-20;615,-50,-22;617,1,-3
alameda||do araguaia|lundceia|33239154|35,-1963413,-4391519;37,1,11;60,-8,13;70,4,5;75,6,10;89,3,7;90,-12,-3;93,13,9;94,-14,2;95,11,4;100,-14,-1;105,13,14;110,-9,4;115,11,5;116,-8,-4;125,5,15;126,-13,5;130,6,1;140,8,14;145,0,-2
alameda||do ipe amarelo|visao|33236500|15,-1967828,-4388724;22,-26,-4;25,30,21;26,-20,-51;30,-20,31;35,12,23;40,1,-6;43,-31,17;50,3,-3;60,18,-9;70,-31,12;75,-14,9;80,8,-5;85,-17,15;86,16,-18;87,-19,15;90,8,-13;95,-24,20;100,-2,-3;102,7,-13;105,13,8;107,-23,6;110,-1,-5;115,-2,12;120,-2,-8;125,-17,9;127,-1,4;137,-9,2;540,119,-48
alameda||do ype branco|visao|33236520|15,-1967374,-4389196;25,14,3;35,-9,12;45,8,15;55,-2,7;57,-3,7;65,5,0;75,-6,2
alameda||do ype rosa|visao|33236486|20,-1967487,-4388992;25,9,11;35,2,3;37,0,0;40,-1,-1;50,-1,0;51,9,12;65,6,16;70,-1,-2;80,6,11;90,-81,175;100,12,-55;105,77,-109;110,5,27;115,-2,-23;120,0,24;125,7,-12;126,8,16;127,-7,-13;130,2,18;135,8,-1;140,-2,15;145,12,1;175,-75,-137;215,95,171;220,-5,5;225,8,1;227,4,5;230,-119,10;234,118,-1;235,3,6;240,-2,-2;250,0,3;255,12,18;260,-9,21;263,11,-21;265,-7,16;275,-6,15;277,0,0;285,0,0;287,-2,7;290,-7,12;295,7,-12;297,-1,2;300,-9,11;304,1,6;305,7,-9;307,-3,8;310,-11,9;317,6,1;320,-7,9;322,-4,7;330,0,11;335,4,-10;337,0,1;340,-4,14;350,-4,11;362,-12,24;365,13,-2;367,-5,7;435,-193,-519
alameda||dos alecrins|visao|33236482|15,-1967443,-4389054;20,5,18;25,12,21;30,-9,-16;32,5,3;35,9,7;37,7,13;40,-12,-10;45,10,20;50,-6,-15;55,4,19;57,9,9;60,-10,-20;64,6,9;65,6,15;67,12,0;70,-14,-6;72,5,2;80,2,5;89,4,5;90,5,11;95,2,-5;100,0,11;110,3,10;115,1,-16;120,7,31;125,-6,-17;126,8,18;130,4,11;135,-8,-24;137,3,9;140,13,24;145,-9,-10;150,24,42;160,7,10;162,4,4;193,-6,-8;195,-2,-7;197,7,10;200,40,-26;205,-33,41;215,8,14;220,-2,-2;225,13,16
alameda||dos angicos|visao|33236490|15,-1967456,-4388807;65,1,31;67,3,1;85,-7,16;87,-1,9;105,-16,-22;111,13,36;115,-7,10;125,0,-5;127,4,11;133,-13,21;143,-6,12
alameda||dos bororos|lundceia|33239146|8,-1963453,-4391311;20,13,-2;25,6,-2;30,0,0;32,6,1;35,12,1;40,2,-2;45,8,-1;52,-4,5;54,4,2;55,5,-6;60,10,5;63,7,-2;65,9,-1;67,4,-2;70,-20,3;85,22,-2;90,4,7;95,4,-7;100,20,6
alameda||dos botanicos|bela vista|33239120|460,-1963621,-4390824;470,-35,-15;486,-25,-19;488,-4,-1;490,20,4;492,-17,0;494,-2,8;496,5,-6;498,9,-3;500,-21,-3;502,3,-1
alameda||dos botanicos|centro|33239120|103,-1962717,-4390261;201,-58,-26;202,28,18;301,-2,-9;302,31,48;303,-97,-94;570,143,124;573,-4,-11;575,55,204;585,-74,-210;586,14,6;590,-3,-9;595,-12,-8;600,0,-8;605,-9,-7;610,6,0;620,-15,-6;625,-2,-10;670,-32,-46;675,2,-1;679,-14,-10;680,29,27;685,-42,-31;711,-44,-8;715,3,-20
alameda||dos botanicos|lundcea|33239120|70,-1963340,-4390676;90,-12,-4;140,-18,-12;166,-19,-11;170,-10,-4;266,-151,-76;270,69,29;271,11,17;277,-20,-7;285,-4,-6;300,-12,-10
alameda||dos botanicos|lundceia|33239120|15,-1963253,-4390625;20,-31,-15;25,26,12;30,-38,-20;31,32,14;35,-14,-1;40,-19,-16;45,3,8;55,-10,-5
alameda||dos cedros|jacquesville|33231305|20,-1959644,-4391355;40,58,-21;80,-228,101;200,83,-34;205,-42,-73;400,190,8;500,75,-29;560,30,-13;575,-6,-3;585,33,-30;588,116,21
alameda||dos cedros|palmital 3|33234210|11,-1960015,-4389314;13,5,-24;15,-8,32;18,1,29;19,-5,4
alameda||dos cedros|parque residencial vivendas|33239340|13,-1964417,-4390898;23,27,-3;30,12,8;50,14,-12;55,-9,4;60,37,-5;65,-87,178;70,105,-170;71,-25,-24;80,41,29;85,-6,-11;95,14,-1;105,10,-18;110,11,49;115,13,-52;140,32,42;240,12,-2;245,-2,-45;255,11,15;260,14,10;265,3,-9;280,17,9;295,37,-9;300,-15,30;310,17,-29;320,19,0;405,-13,-6;415,22,-26;425,28,-4;435,11,24;445,17,16
alameda||dos cedros|visao|33231305|20,-1967359,-4388911;27,57,60;95,-36,-158;105,10,-13;120,-2,12;125,10,-19;127,0,-1;135,-1,1;137,13,6;140,10,14;145,-5,-9;151,25,24;160,-6,-7;170,5,37;175,7,-14;185,1,-5;190,-11,25;192,1,0;197,3,-8;220,-9,41;250,-4,27;252,-3,7;263,2,15;265,-2,5;280,-12,51;310,25,-102;320,0,0;330,0,0;340,-48,169;348,47,-163;350,-55,183;360,-6,14;370,0,-3;380,0,3;384,-1,8;390,-12,19;394,-3,2;410,-23,-18;420,-11,14
alameda||dos cedros|visao|33236480|233,-1967332,-4388730;235,-2,12;245,44,-137;263,6,-14;275,-12,44;277,-2,9;285,-4,16;313,-7,8;315,-2,4;325,-3,14;335,-3,6;337,-2,4;345,-2,4;347,-1,3;365,-9,28;435,-35,43;445,-15,4;453,-7,-3;455,-6,1;465,-6,4;467,-3,0
alameda||dos coqueiros|parque residencial vivendas|33239344|40,-1964525,-4390984;45,27,-7;64,17,11;65,12,-4
alameda||dos coqueiros|visao|33236514|10,-1967771,-4389098;30,13,16;35,6,1;50,12,35;80,10,26;85,21,19;118,-21,-19
alameda||dos emboabas|visao|33236516|65,-1967481,-4389219;80,-13,-6;84,7,2;95,34,16;97,16,7;105,11,7;120,6,8;123,-9,-9;125,21,6;135,3,4;155,-40,-12;240,-66,-116;250,-34,54;345,1,-2;347,-32,-19
alameda||dos geranios|condados do bougainville|33240024|25,-1965306,-4392078;35,19,-5;40,-35,29;45,45,-23;50,-15,14
alameda||dos ingas|visao|33236518|15,-1967332,-4389239;20,0,-6;23,-2,6;25,-13,-2;30,-2,0;40,-5,7;80,-27,13;130,-29,65;140,-8,14;150,2,6;170,-20,20;172,2,-16;180,-37,-85;182,39,115;200,-7,11;220,-35,15
alameda||dos ipes|jacquesville|33231510|25,-1959596,-4391605;45,-48,-3;50,-27,10;53,25,-8;80,-82,31;85,47,-18;90,-63,21;95,54,-10;135,-49,16;155,-4,2
alameda||dos ipes|parque residencial vivendas|33239336|8,-1964568,-4390800;10,-6,10;15,-14,-27;20,24,29;30,14,-10;35,2,-30;40,22,28;45,-3,-24;50,18,30;67,11,-19;68,-5,12;80,16,0;90,32,10;155,56,-17;167,19,-8;170,16,28;177,-7,-26;180,17,32;187,-29,-32;190,63,15;199,-10,-19;225,16,1;240,4,16;245,16,-15;260,12,4;265,6,-20;270,16,17;271,14,-32;379,22,24;380,3,3;389,21,-15;390,-6,19;400,7,-3;409,5,-27;420,41,22;425,-5,-4;451,7,-15;471,23,12;480,34,1;495,-8,1;513,13,-1
alameda||dos jaborandis|visao|33236502|15,-1967848,-4388776;30,9,-6;32,-6,1;35,-3,5;40,-12,-10;45,-10,18;55,-4,-2;70,-3,-6;78,-21,15;80,23,-10;85,-29,10;90,3,2;95,-18,9;100,9,-8;103,-12,7;105,-5,4;115,-4,-2;117,-6,3;120,16,-8;121,-22,12;125,-2,7
alameda||dos jacarandas|condominio jaquesville|33231030|860,-1959944,-4391553;870,-30,-68;890,25,70;1085,-55,-141;1105,-23,-75;1133,16,61;1155,-13,-36;1175,-3,1;1180,-13,-53;1210,-25,-67;1230,13,36;1285,11,29;1303,-13,-25;1305,-10,-23;1325,-11,-16
alameda||dos jacarandas|jacquesville|33231300|254,-1959944,-4390961;264,-1,-3;274,-1,-13;284,8,-8;308,18,-33;470,7,-164;477,-2,-7;490,2,-25
alameda||dos jacarandas|vale dos pintagois|33231030|15,-1960020,-4390761;25,2,-7;40,5,-58;75,29,-46;85,8,-42;210,12,-19;290,34,-85;311,-3,-2;333,7,-36;477,11,-131
alameda||dos jacarandas|visao|33236484|5,-1967366,-4388890;15,-15,11;20,-395,216;25,371,-201;30,4,-4;34,17,-14;56,-36,31;65,-9,2;67,-5,6;70,-14,0;75,4,4;80,-9,1;84,-5,2;85,6,3;90,-10,-3;94,-2,5;95,-12,15;100,4,-11;115,-8,12;120,-7,4;125,-2,2;130,-16,-8;135,4,15;137,-3,1;140,-6,2;142,-2,0;145,4,4;150,-12,-3;152,-5,5;155,6,5;160,-13,2;165,-2,2;185,-5,9;190,-16,-1;200,-17,11;205,22,-6;209,-6,4;210,66,-41;213,-75,52;215,0,9;240,-26,-3;255,-29,26
alameda||dos jatobas|parque residencial vivendas|33239338|32,-1964228,-4390753;233,-21,-171;280,-12,-30;360,6,-96;375,-8,-19;385,3,-11;395,1,-27;405,30,4
alameda||dos jatobas|visao|33236508|25,-1967827,-4388856;27,-15,5;30,-9,-4;35,-5,12;45,-3,0;50,-136,-46;55,129,52;57,-10,5;64,-20,-2;65,16,1;66,-125,-68;67,123,74;68,-38,-1;75,36,-4;85,-18,4;87,1,-3;115,-35,12;162,-35,-37;166,15,6;170,8,16
alameda||dos jatobas|visao|33239338|770,-1968059,-4388968
alameda||dos jenipapos|visao|33236528|39,-1967387,-4389438;59,35,-4;75,-5,-2;95,-19,5;125,-37,2;135,-15,3;145,-11,2;225,-70,46;235,-3,16;245,-4,2;255,-7,11;275,-7,12;285,-12,25;305,-13,24;315,-4,8;355,-18,36;365,-9,9;367,0,4;385,-11,13;405,-17,22;481,-83,60;505,9,-1;517,-10,2;519,-7,7;535,-16,6;553,-28,11;565,-5,3;585,-34,2;595,-11,-2;605,-8,4;625,-25,-2;635,-10,2;765,-145,48;775,-18,7;785,-7,9;787,6,6;795,-3,-3;797,-4,8;805,-6,6;811,-4,14;825,3,4;845,-4,-1;855,-34,33;875,-13,14;955,-55,90
alameda||dos olmos|condominio jaquesville|33231503|57,-1959706,-4391894;66,-25,9;67,2,9;77,-23,3;92,-8,2;99,-76,26;140,2,5;155,4,4;177,-2,0
alameda||dos pequizeiros|visao|33231520|195,-1967503,-4389016;201,-15,8;205,-17,13;215,-11,2;245,-15,10;255,-8,11;265,-6,4;275,-18,15;285,-6,0;295,-6,6;305,-8,7;315,-13,-8;325,-5,16;345,-36,20;353,-147,142;355,150,-142;365,-14,4;375,-13,12;425,27,-17;435,-92,60;515,-54,110;520,-11,-12;525,11,12;530,-11,-2;535,7,17;545,4,9;547,-2,4;557,1,8;565,-3,9;577,-2,27
alameda||dos pequizeiros|visao|33236498|10,-1967417,-4389067;95,6,-4;105,-9,4;125,-33,11;135,1,10;150,-23,-1;155,9,10;164,-31,8;165,17,-1;169,-7,3;175,-17,6;178,-16,-8;186,-3,4;210,-22,18;220,-9,9;230,-8,4;240,-8,6;242,-6,2;250,2,1;260,-16,11;266,-11,8;270,-5,4;276,-8,2;278,-7,7;280,-4,1;315,-1,12;330,-44,20;450,-83,54;486,-69,46;490,-3,9
alameda||dos pinheiros|palmital|33234436|50,-1958860,-4388706;93,42,20;103,18,10
alameda||dos salgueiros|condominio jaquesville|33231506|90,-1959776,-4391976;115,-14,12;120,3,3;146,-53,15;171,28,-16;190,-38,20;195,9,-3;208,-36,12;220,-3,-7
alameda||dos salgueiro|visao|33231506|40,-1967499,-4388944;41,2,-4;50,-13,14;60,-12,-2;70,-6,15;100,-36,16;110,-3,8;112,-3,-5;120,-10,18;130,-5,-6;140,-38,29;180,-15,-1;190,-46,26;210,24,-6;240,153,32;250,-195,-4;280,-3,8;310,55,-7;330,-76,17
alameda||dos vinhaticos|parque residencial vivendas|33239330|10,-1964466,-4390701;15,2,-13;20,6,21;25,6,-8
alameda||dos vinhaticos|visao|33236504|50,-1967868,-4388908;54,-4,13;70,-10,4;74,-2,9;80,-6,0;90,-4,10;96,-7,6;100,-3,3;106,0,7;110,-15,5;120,-8,15;130,-3,1;136,-3,7;140,-10,18;145,-4,11;146,12,-18;150,-4,11;160,-9,12;164,2,6;170,-4,7;180,-5,2;190,5,17;200,-4,15;225,-1,-14;229,-1,11;243,-3,27;250,0,-7;254,4,7;258,-14,8;276,-6,30;278,-3,16;280,-5,0;290,167,-34
alameda||dos xavantes|lundcea|33239152|15,-1963399,-4391541;35,0,3;41,12,10;45,2,-1;55,6,15;65,4,10;85,14,29;95,16,14
alameda||dos xavantes|lundceia|33239152|40,-1963381,-4391508;44,0,-1;60,9,27;70,6,5;80,-4,10;84,18,12;88,5,0;90,7,9;92,0,4
alameda||embaubas|condominio jaquesville|33231310|650,-1959684,-4391899;655,14,34;664,-28,-59;665,6,10;666,-7,-21;685,-23,-50;686,13,31;764,-24,-77;785,0,0
alameda||feliciano castilho|lundcea|33241899|56,-1963477,-4391416;60,9,-9;70,-3,-8;80,3,-10;100,-1,-26;110,-1,-24;120,1,0
alameda||feliciano castilho|lundceia|33239158|45,-1963490,-4391420;65,13,-9;67,2,-10;75,-4,-11;85,0,-4;87,-2,-1;95,3,-12;105,4,-19;115,-4,-16;125,-2,-12
alameda||fernando de melo|lundcea|33239104|5,-1963359,-4391063;10,2,0;20,-6,-6;30,-10,5;35,-1,16;45,-10,2;65,-10,14;75,-1,2;77,-11,7;80,-16,24;84,-8,13;85,13,-15;86,0,-6;88,-15,29;120,0,17;140,7,20;145,20,16;160,20,50;165,-16,-35;170,7,21;175,3,-3;180,1,6;185,10,0;190,-5,16;200,2,0;210,10,1;260,14,-3
alameda||fernando de melo|lundceia|33239104|295,-1963219,-4390882;340,-78,17;350,7,-9;370,51,0;795,43,8
alameda||fernao dias|lundcea|33239160|10,-1963611,-4391599;20,14,2;30,27,5;45,55,-3;50,-5,5;55,9,-6;62,8,6;67,6,-6;68,-6,6;77,22,-5;95,1,-2;105,23,3;140,46,12;145,2,-10;147,-5,1;152,22,9;154,7,2;155,0,-10;156,2,5;164,14,7;168,5,0;195,-4,-14;205,22,-24
alameda||fernao dias|lundceia|33239160|25,-1963595,-4391603;27,4,-1
alameda||franca|lundcea|33239090|100,-1963489,-4390613;135,204,210;235,17,29;333,-108,-133;355,-19,-24;415,-80,-75
alameda||jose jeorges fonte boa|jardim ipe|33239790|183,-1964987,-4390877;225,20,-38;255,-20,-31;275,-46,-38
alameda||jose jeorges fonte boa|santos dumont|33239790|179,-1964989,-4390852;183,-2,-30;186,3,36;190,7,-17;198,6,-11;225,0,-39;255,-41,-50;295,-23,-28
alameda||lotus|manancial|33239844|35,-1965120,-4391727;40,3,-9;60,-2,-29;77,-7,1;92,7,-1;95,-7,-6;104,2,-9;117,9,71
alameda||luciano da rocha|bela vista|33239136|40,-1963537,-4391106
alameda||luciano da rocha|lundcea|33239136|30,-1963425,-4391038;32,-1,2;42,-2,-6;44,-4,-4;45,-23,-17;50,16,18;141,-15,-11;635,22,14;637,1,3
alameda||magnolias|recanto do poeta|33239780|68,-1964566,-4391659;94,-20,3;95,11,28;104,-31,-19;113,7,17;123,-3,-1;179,-66,13;193,-17,8;220,-16,-16;270,-37,-70;327,21,85;330,-57,1;335,35,5;345,-57,-1;361,-13,32;370,9,-28
alameda||marieta viana|centro|33230133|60,-1962599,-4388921;62,3,-26;64,-12,15
alameda||noruega|centro|33239058|5,-1962684,-4390072;9,-17,-12;10,12,0;20,-7,-16;23,-4,15;25,2,-2;40,-10,-21;49,-1,5;50,0,-9;90,-19,-36;100,-8,-2;110,-4,-8;120,-10,-11;130,-6,-9;135,-9,12;140,-1,-22;154,-4,-2;155,0,9;162,18,17;165,-20,-23;172,-11,-23;175,-4,6;203,-57,-52;222,-5,-13;300,170,189;310,-241,-243;360,-53,-38;612,338,343;628,-14,-12;636,6,-2;650,-23,-25;675,-16,33;680,-123,-179
alameda||orquideas|francisco pereira|33236338|15,-1966243,-4387283;40,398,-190;70,-67,23;80,-98,46;95,90,-35;105,29,-10;110,-85,35;120,-13,-6;130,-62,20;135,63,-8;148,-59,1;154,-16,-4;185,30,8;190,-97,-19;215,13,8;265,-71,43;275,196,-34;285,-224,73;295,-7,9;305,-9,23;315,149,-99
alameda||paineiras|condominio jaquesville|33230001|411,-1960309,-4391604;445,-174,30;449,134,1;495,-84,18;575,-72,-1;625,-66,-46;631,-92,-24
alameda||palmas|francisco pereira|33236334|10,-1965758,-4387384;35,-1,61;40,-10,-44;44,-8,19;45,-2,16;50,-7,-6;55,5,5;60,-9,3;62,-9,32;70,-7,18;75,6,-8;80,12,-41;100,3,-1;125,-38,104;130,-11,9;131,15,9;140,-28,3;145,9,13;150,-15,4;155,10,14;160,-16,12;165,4,2;175,-4,11;180,-21,15
alameda||pau brasil|francisco pereira|33236336|10,-1965817,-4387507;15,-121,302;25,101,-229;30,-115,229;35,99,-216;40,13,-36;50,-22,55;55,-57,-42;60,47,66;61,1,2;65,-9,14;70,1,-9;75,-9,27;80,3,-12;95,-4,57;100,-6,-34;105,-11,42;110,4,-28;115,-12,43;130,3,-24;135,-23,68;145,1,5;180,2,-15;190,16,-45;200,-5,19;210,-23,49
alameda||pequis|joa|33233326|25,-1963642,-4387139;55,4,56;65,8,-25;75,-2,71;105,-5,-66;150,6,159;195,3,-53;200,-1,100;225,5,-46
alameda||pequis|varzea|33233326|20,-1963647,-4387177;60,6,64;80,4,35;90,1,19
alameda||pequizeiro|jacquesville|33231520|80,-1959383,-4391550;105,-67,62;120,72,-28;145,-2,0;155,-82,35;165,78,-66;200,-81,69
alameda||pintassilgos|joa|33233328|10,-1963661,-4386960;30,4,-6;50,-21,18;77,-20,32;80,5,-16;87,-14,22;95,-13,8;100,-18,11;101,4,4;104,7,4;115,-20,11;135,-22,28;147,-16,13;155,-18,16;165,-4,5
alameda||ricardo borgatti|santos dumont|33239795|100,-1964967,-4390803;110,10,8;172,5,0;182,-65,-29;185,-10,-3;195,-23,-11;205,-10,0;207,-4,-2;215,-11,-11;225,-12,-2;230,13,-5;245,-27,-4;250,5,-6;265,-12,-1;270,-9,-11
alameda||rodon|lundcea|33230001|360,-1963329,-4391694
alameda||rondon|lundcea|33239046|180,-1963348,-4391579;215,10,66;225,0,-18;235,-7,-24;237,5,4;245,-3,-17
alameda||rondon|lundceia 2|33239046|218,-1963210,-4391639
alameda||rondon|lundceia|33239046|166,-1963243,-4391547;205,-103,-70
alameda||rondon|lundceia|33239148|25,-1963332,-4391245;35,-2,-16;37,1,-10;45,1,-7;55,-1,-8;85,2,-36;95,-5,-13;105,-7,-24;115,-33,-85;145,41,32;155,-3,-8
alameda||rondon|ovideo guerra|33239186|120,-1963325,-4391338;1020,12,-4
alameda||roseiral|jardim ipe|33239842|97,-1965060,-4391754;121,-1,-14;131,-1,-18
alameda||sapucaias|joa|33233322|49,-1963696,-4387165;55,3,25;77,-8,20;113,-5,17;153,-10,28;165,-10,27;197,-9,29;215,-3,12;235,-5,16;255,-5,24;275,11,21;295,-25,14;395,-62,145;405,-9,21;435,-28,48
alameda||serra dayres|lundcea|33241899|95,-1963398,-4390970
alameda||siriemas|joa|33233332|10,-1963541,-4386936;35,-21,29;63,-15,16;75,-25,41;95,-20,-6;120,-19,19;130,-15,11;180,-10,12;190,-33,21;195,7,7;200,-42,32;210,29,-24;250,-47,42;255,28,-14;310,-65,51;328,-14,16;338,-22,19;350,-10,16;370,-7,10;405,34,-25;409,43,-41;415,-71,67;445,-4,9;455,-41,17;465,9,24
alameda||universitario de lisboa|bela vista|33239134|10,-1963543,-4390981;20,-95,0;25,-5,12;30,-18,-16;31,27,14
alameda||warming|centro|33239064|25,-1962851,-4390343;28,0,-3;32,-8,4;38,9,-2;52,-26,14;60,-8,10;72,-10,7
avenida|academico|nilo figueiredo|jardim ipe|33239878|3390,-1965234,-4390818;3406,7,1;3430,-25,-14;3466,-23,-10;3496,-22,-33;3556,-71,-6;3566,-6,-11;3600,-12,-3;3614,-3,-17;3620,-18,0;3634,-15,-10;3646,10,-7;3666,-31,6;3750,-12,-9;3760,-18,-12;3790,-61,-30;3840,-27,-46;4240,-101,-36;4244,35,16;4400,-139,-33
avenida|academico|nilo figueiredo|santos dumont|33239310|2832,-1964746,-4390537;2836,-4,-13;2838,-10,2;2840,8,-12;2850,-8,0;2868,-18,-1;2888,-20,-22;2900,-12,6;2908,-6,-2;2910,0,-2;2912,-3,-5;2914,1,-9;2916,-2,-6;2952,-26,-7;2972,-7,-5;2978,-4,-3;3004,-5,0;3008,0,4;3130,-1,-1;3140,0,-2;3170,-122,-65;3180,-17,-16;3220,-17,-7;3250,-61,-34;3260,-11,-4;3280,-17,-10;3300,-21,-19;3320,-6,-2;3340,-38,-15;3350,-7,-1;3360,-17,-8
avenida|bandeirantes|felipe rodrigues|palmital|33233094|300,-1959713,-4390143
avenida|bandeirante|felipe rodrigues|jardim imperial|33230751|1160,-1959992,-4389849;1170,-2,14;1220,15,40;1240,6,2;1260,25,38;1280,1,40;1290,-7,11
avenida|bandeirante|felipe rodrigues|palmital|33230751|205,-1959549,-4390032;503,-30,-41;604,-15,-9;703,10,71
avenida|bandeirante|felipe rodrigues|palmital|33234240|99,-1959389,-4390095;101,-9,-6;105,-26,3;109,1,6;111,11,-5;113,-8,-3;121,-15,1;133,-17,2;153,-19,15;165,-20,-14;185,23,-1
avenida|bandeirante|felipe rodrigues|palmital|33234540|535,-1959657,-4390076
avenida|bandeirante|felipe rodrigues|trilhas do sol|33230751|1561,-1961017,-4389871;1577,-4,2;1591,5,-3;1605,19,-12
avenida|bandeirante|felipe rodrigues|valle verde ii|33230751|2055,-1960350,-4390209
avenida|conde|dolabela portela|francisco pereira|33236312|4615,-1965783,-4386912;4619,-3,11;4625,-5,9;4635,3,14;4645,-8,22;4650,0,-18;4665,-14,60;4670,-1,-22;4686,-6,40;4690,-7,7;4700,-22,10;4710,1,48;4726,-1,7;4728,-2,3;4736,-8,11;4738,1,8;4740,-6,4;4760,-13,22;4780,-5,25;4829,54,-107;4839,-12,30;4849,-5,11;4877,-18,35;4891,-4,11;4919,-6,8;4939,-13,36;4951,-17,31;4960,9,-17;4970,-12,11;5000,-4,9
avenida|conde|moutinho|condados da lagoa|33240290|5,-1965737,-4393861;45,279,1410;71,-19,-10;80,4,65;100,8,-42;110,4,-13;120,2,-15;125,0,-36;130,6,18;135,9,-52;140,10,30;150,8,-20;165,3,-45;170,3,31;180,18,-24;200,32,-43;210,0,-10;254,70,-337;280,-10,289;290,-77,73;320,96,-107;600,16,-168;603,-14,14;695,-15,-89;715,-21,-27;730,25,14;735,-30,-20;750,-8,-29;755,-17,-3;803,-5,-22;850,16,-31;880,6,-39;883,-31,25;903,6,-27;905,1,-30;935,-7,-37;955,-1,-16;965,-1,-10;999,-3,-27;1001,-5,-86;1025,6,54;1045,-2,-71;1085,-35,-120;1214,-15,-69;1271,-16,11;1281,-12,-24;1301,-14,-33;1469,-8,-20;1540,-21,-77;1560,-15,-16;1569,-29,-12;1570,19,0;1586,-29,-34;1590,-16,-8;1680,-86,-80;1690,19,5;1709,-5,17;1713,-5,-11;1720,-50,-58;1760,-4,7;1835,-9,1;1845,-16,-3;1860,6,-22;1888,-22,-16;1900,-5,-15;1939,-56,-21;1945,-6,-15;1965,-9,-7
avenida|coronel|carlos orleans guimaraes|varzea|33233012|107,-1964357,-4388513;109,-5,8;111,-4,2;113,4,11;127,1,24;135,0,0;147,-3,20;153,2,3;155,-1,11;157,1,18;171,-1,6;179,-1,32;191,9,8;193,20,-2;241,-28,16;265,-5,22;269,-3,111;279,1,-93;285,20,29;355,-19,19;361,-6,25;369,6,12
avenida|coronel|modestino goncalves|bela vista|33239190|1010,-1964573,-4390654;1020,-15,4;1030,-9,0
avenida|coronel|modestino goncalves|conjunto ovidio guerra|33239190|90,-1964555,-4390657;280,590,-32;290,-18,7;300,-11,-2;318,-9,1
avenida|doutor|antonio de abreu junior|lundcea|33239088|345,-1963431,-4390366;381,27,-5;384,40,-32;405,16,-53
avenida|doutor|antonio de abreu|lundceia|33239088|520,-1963292,-4390499;555,29,-53;557,3,0;565,11,-13;625,46,-56;630,25,-10;640,2,-11;645,-4,-1;650,15,-8;655,-15,3;660,19,-12;665,-5,-3;675,2,-6;685,-6,-21
avenida|pastor|luciano borges|promissao|33231222|7,-1962164,-4391740;10,710,-367;20,-392,241;25,-60,103;30,414,-316;35,-408,327;40,92,-125;45,-80,145;50,77,-127;60,-193,116;61,191,-47;70,283,-268;80,-275,234;85,-115,17;90,-133,211;95,329,-256;96,164,-186;100,-407,383;105,47,-139;110,106,11;115,-4,-4;120,-173,113;125,73,-98;130,-28,155;135,-117,-135;140,137,158;145,72,-190;146,-130,286;150,76,-85;155,-62,89;165,149,-230;175,2,8;180,-130,237;195,24,-89;206,211,-369;209,-11,3;215,-205,339;220,196,-348;233,-291,167;234,274,-146;235,-181,321;245,-39,-109;250,83,62;255,-104,-157;260,39,164;265,-17,-15;270,7,2;275,83,-132;280,-92,116;285,10,-75;290,-16,57;295,21,-75;296,-27,59;305,28,-67;315,-62,38;316,5,-3;325,-14,-9;345,149,-77;348,2,6;355,6,-6;370,65,-61;375,64,-329;395,-77,332;400,264,-476;405,-261,476;415,127,-388;425,-105,353;460,179,-394;475,-155,357;485,21,-44;495,176,-367;497,-179,359;500,15,-9;505,178,-365;525,38,-20;577,-253,461;616,0,-193;630,35,-67;640,-31,54;751,53,-102;754,-51,81;771,67,-89;811,32,-24;831,6,-15;871,39,-16;879,11,-18;900,-2,22;911,17,-32;931,11,-16;940,-152,147;960,38,-21;970,65,-70;983,-91,74;990,74,-48;1000,108,-104;1035,26,-39;1040,24,17;1075,-15,-35;1085,24,-1;1105,19,-13;1115,8,-18;1120,-42,59;1125,46,-66;1823,-974,785;1985,69,-55
avenida|prefeito|joao daher|antonio jose salomao|33230196|30,-1962431,-4389481;63,-47,-1;77,-13,-8;87,-14,-27;88,51,15;97,-200,12;98,189,-21;107,-46,-6;108,36,-2;118,-8,-8;128,-15,2;148,-31,-30;199,-27,-7;202,10,-5
avenida|prefeito|joao daher|bela vista|33239050|706,-1963746,-4390465;1670,14,3;1700,-2,0;1710,-23,4;1720,-3,-2;1730,-5,-6;1740,-5,-2;1744,-8,1
avenida|prefeito|joao daher|centro|33230196|10,-1962812,-4389903;33,377,444;53,-12,-19;644,-394,-457;646,5,-5;648,-7,2;650,10,-7;660,-24,-5;678,-1,-5;686,-3,-10;755,-59,-41;758,44,18;770,-17,-23;778,-26,-12;787,-11,-25;788,12,15;790,-9,-6;792,0,0;794,-16,3;798,-3,-22;800,1,-2;888,-19,-46;917,-40,19;937,-19,-11;941,-17,5;1021,-35,1;1023,-16,0;1025,8,-14;1027,-15,10;1035,2,2;1045,-1,12;1065,0,-7;1075,-56,-1;1099,-24,-8;1107,-11,2;1109,-1,-1;1111,-8,-3;1113,0,8
avenida|prefeito|joao daher|centro|33230294|9,-1962847,-4389876;13,-4,-12;15,12,-24;420,127,139;432,0,-7;444,-9,-6;450,-2,0;453,-9,23;459,-9,-12;460,8,-22;474,-15,-24;485,-7,26;757,-138,-155
avenida|prefeito|joao daher|lundcea|33230196|111,-1963079,-4390141;112,2,7;202,-16,12;209,8,-8;210,8,6;214,-4,4;920,76,13;930,-21,-8;932,4,-8;934,5,3;936,-2,2;940,-13,6;954,-17,-6;970,-29,-4;980,2,9;1000,-8,-13;1010,-20,11;1020,-12,4;1066,-61,-7;1090,-70,-6;1096,-2,-3;1118,-31,-11;1128,-29,-14;1130,189,54;1132,-3,-19;1134,-4,6;1250,-237,-93;1256,-12,3;1260,-8,-17;1320,-8,-5;1450,-24,-45;1460,-7,0;1500,-6,-19
avenida|prefeito|joao daher|santos dumont|33230196|1233,-1963380,-4390183;1277,-33,-22;1555,-67,-129
avenida|prefeito|joao daher|santos dumont|33239050|1117,-1963292,-4390116;1125,-28,-14;1195,-20,-16;1213,-2,-3
avenida|prefeito|joao daher|vila joana darc|33230196|1530,-1963539,-4390417;1550,-44,-17
avenida|prefeito|joao daher|vila pinto coelho|33230196|233,-1962599,-4389598;245,-4,-3;318,-51,-90;332,-5,-16;336,-6,-3;358,-26,-29;374,9,8;382,-13,-13;392,-2,-7
avenida|prefeito|joao daher|vila santa cecilia|33230196|210,-1962579,-4389600;220,14,12;238,-7,-4;252,-36,-43;275,-22,18;280,10,-29;290,3,4;296,-7,-12;300,-4,-13
avenida|presidente|castelo branco|vila militar|33239880|2,-1965854,-4390990;4,13,-13;6,10,-5;8,14,-7;10,11,-4;12,14,-5;14,12,-2;16,15,-3;18,14,3;20,13,2;22,12,-8;24,13,6;26,11,5;28,14,4;30,14,8;32,12,4;34,12,7;36,27,11;38,12,10;40,11,4;42,12,9;44,17,-1;46,9,14;48,7,8;50,16,5;52,13,6;54,12,9;56,24,6;58,16,8;60,7,13;62,20,4;64,4,5;66,12,9;68,11,6;70,17,7;72,8,6;74,12,3
avenida|presidente|costa e silva|vila militar|33239884|1,-1965838,-4390934;2,186,10;3,-173,-20;4,184,29;5,-173,-35;6,185,40;7,-173,-48;8,187,57;9,-175,-58;10,388,156;11,-371,-158;12,181,71;13,-172,-78;14,183,85;15,-169,-83;16,181,88;17,-170,-90;18,180,100;19,-163,-96;20,175,101;21,-168,-101;22,189,121;23,-170,-113;24,183,116;25,-174,-111;27,15,8;28,-8,9;29,28,2;30,-40,-10;31,54,16;32,-72,-23;33,86,30;34,-98,-32;35,108,41;36,-125,-48;37,138,55;38,-151,-53;39,165,57;40,-182,-58;41,193,64;42,-204,-53;43,217,60;44,-239,-57;45,249,66;46,-262,-61;47,274,68;48,-287,-57;49,305,74;50,-318,-65;51,333,65;52,-346,-55;53,358,64;54,-375,-53;55,385,61;56,-404,-52;57,422,58;58,-427,-56;59,432,66;60,96,59;61,-80,-60;62,117,76;63,-104,-67;65,7,10;67,16,8
avenida|presidente|getulio vargas|vila militar|33236020|29,-1964511,-4389686;33,4,-2;3150,-18,51;3177,-1,16;3198,1,17;3213,6,24;3234,6,17;3280,14,40;3302,8,26;3405,29,82;3427,7,23;3450,7,16;3469,5,23;3526,14,50;3572,4,39
avenida|presidente|kenedy|varzea do lobo|33241899|1157,-1963494,-4392080
avenida|sao|sebastiao|campinho|33234730|1348,-1957616,-4391799;1360,35,-3;1430,48,-3;1438,5,3;1458,19,2;1462,20,17;1468,1,9;1474,8,-32;1500,25,0;1520,7,-7;1522,24,41;1526,-4,-10;1528,-6,2;1536,3,-22;1550,24,-11;1556,5,1;1562,2,6;1570,17,-1;1650,69,21;1654,-187,-12;1726,235,-35;1728,8,-2;1796,14,3;1814,51,6;1816,-33,-3;1818,65,8;1820,12,1;1822,3,1;1826,-29,-6;1830,51,19;1833,44,-26;1835,25,9;1839,37,11;1840,-108,-7;1850,7,2;1862,26,6;1966,75,14;1995,33,-10;2000,-1,17;2002,9,-16;2003,-2,-4;2005,-4,11;2009,23,-7;2010,-34,78;2015,35,-121;2021,205,79;2025,-206,-44;2036,71,28;2040,-60,-1;2045,84,-5;2055,-31,-6;2100,1,12;2115,35,-57;2121,-11,54;2125,15,-3;2137,3,-3;2957,41,14;3000,37,66;3010,46,-46;3019,-77,-22;3021,17,3;3025,13,-3;3037,16,7;3057,14,2;3065,15,-5;3070,24,30;3296,209,171;3300,16,-3;3400,32,39;3404,96,7;3406,7,31;3408,-10,16;3410,93,-13;4012,-35,-16;4013,322,24
avenida|sao|sebastiao|campinho|33239304|1799,-1957198,-4391838;1829,82,-12;1845,-58,16;1856,30,-6;2099,475,83;2219,161,32;2539,11,91;3069,-212,-126;3075,0,0
avenida|sao|sebastiao|canto do riacho|33234730|30,-1958876,-4391305;98,78,-49;140,-16,24;160,23,-25;170,23,-9;190,37,1;200,15,12;306,33,-25;316,43,104;318,-40,-108;320,10,0;400,73,-20;416,85,-22;458,29,8
avenida||3|francisco pereira|33239304|2255,-1966988,-4387160
avenida||3|residencial real mont ville|33230001|70,-1965954,-4386496;74,3,7;2261,-1000,-546;5100,794,751;5160,106,-28;5262,22,-36;5290,-55,56;5296,45,-37;5306,-16,17;5308,-5,5;5372,-59,38;5400,-21,2;5580,-105,67;5582,-12,6;5640,-19,11;5642,-12,8
avenida||abigail pinto coelho|condominio lagoa santa park residence|33236746|1133,-1965380,-4386194;1357,-70,284
avenida||abigail pinto coelho|joa|33236746|103,-1964986,-4386929;145,-13,-6;185,-30,65;235,-10,60
avenida||abigail pinto coelho|lagoa mansoes|33236746|10,-1964951,-4387127;70,-326,710;356,207,-381;400,159,-408;460,-22,52;470,-186,451;475,55,-18;490,-8,-45;500,-68,103;540,-39,65;555,40,-43;585,-81,118;600,-5,6;835,-42,105;870,-43,50;940,-26,62;995,-18,56;1120,-24,24
avenida||academico nilo figueiredo|bela vista|33239310|2048,-1964027,-4390413;2050,-5,18;2056,-10,1;2058,-2,-7;2060,-6,-19;2064,-6,-1;2066,-9,-2;2070,-8,-7;2090,-13,-2;2100,-12,-26;2110,-23,6
avenida||academico nilo figueiredo|francisco pereira|33230055|1225,-1963510,-4390132
avenida||academico nilo figueiredo|santos dumont|33230055|1117,-1963429,-4390029;1371,-159,-223
avenida||academico nilo figueiredo|santos dumont|33230058|1366,-1963566,-4390249;1368,1,1;1388,-30,-33
avenida||academico nilo figueiredo|santos dumont|33239210|2049,-1964153,-4390458;2057,134,96;2097,-86,-64;2303,-217,-30;2349,-16,7;2367,-15,-3;2377,-21,4;2425,-35,2;2447,-25,1;2557,405,64
avenida||academico nilo figueiredo|santos dumont|33239212|1000,-1963386,-4389987;1030,3,-2;1052,1,1;1100,2,2;1150,-84,-99
avenida||academico nilo figueiredo|santos dumont|33239308|2265,-1964259,-4390454;2271,-4,-2;2281,-18,1;2491,-287,3;2493,-10,-1;2495,23,13;2499,-16,-15;2501,-10,4;2503,-7,-17;2505,16,12;2515,-22,-13;2525,2,1;2551,-30,-12;2557,-16,8;2563,-14,-2
avenida||academico nilo figueiredo|santos dumont|33239310|83,-1964096,-4390490;150,-86,-3;2150,22,14;2350,-215,-2;2400,-94,13;2600,-107,-3;2656,-7,-1;2666,-16,-8;2682,-2,0;2686,-16,-5;2700,-14,7;2720,-9,-17;2730,-10,-5;2746,-12,-9;2766,-12,-3;2776,-12,-7;2788,-4,-9;2800,-18,-1;2806,1,4;2808,-14,-3;2814,-3,-3
avenida||academico nilo figueiredo|vila joana darc|33239210|1455,-1963625,-4390352;1456,3,16;1723,-153,-109;2001,-157,33;2033,-39,25
avenida||academico nilo figueiredo|vila joana darc|33239310|1743,-1963822,-4390460
avenida||adelia issa|lagoa santa|33240160|999,-1969700,-4391315
avenida||alvaro brandao apocalypse|condados do bougainville|33240010|5,-1965495,-4392334;70,47,90;80,6,6;90,22,25;95,12,0;115,18,25;125,13,24;126,-40,-5;130,31,12;145,20,14;150,-6,20;155,13,-2;160,-5,11;170,7,18;175,15,19;182,-17,13;200,6,26;240,-3,37;245,16,-23;250,-23,81;255,23,-48;260,-28,92;265,27,-77;275,-22,133;285,11,-84;290,-25,46;295,26,-31;300,-20,39;305,14,-18;310,-24,43;315,22,-22;320,-22,46;325,19,-36;330,-20,49;350,-10,38;360,2,29;380,-22,19;415,21,13
avenida||alvaro jose dos santos|bela vista|33239138|15,-1963613,-4390599;35,3,-36;485,9,-191;535,4,-108;600,21,-71;640,-2,-53;735,-17,47;785,8,-65;795,1,-9;805,-1,-17;938,16,57;948,-1,-2;950,-2,-2
avenida||alvaro jose dos santos|lundcea|33239138|195,-1963564,-4391512;875,-19,314;877,4,-8;879,0,0;881,-2,0;885,4,-6;895,-6,-20;905,-1,-16;985,9,-116;1125,12,-68;1155,1,-42;1165,-4,-12;1185,-18,320;1225,16,-375;1235,6,-6;1270,17,-68;1280,3,-23;1290,2,-12;1315,-17,-27;1317,1,-21;1319,-1,3;1321,-2,-3;1323,-2,-1;1510,122,-181
avenida||alvaro jose dos santos|lundceia|33239138|925,-1963576,-4391265;945,-2,-29;1010,10,86;1020,-4,-14;1250,18,-360;1285,-2,-58;1295,-2,-16;1310,19,-41;1375,-10,-49;1385,-2,-15;1395,-1,-18;1405,4,-10;1415,0,29
avenida||alvaro santos|bela vista|33239138|5,-1963629,-4390481
avenida||alvaro santos|vila joana darc|33241899|20,-1963609,-4390470
avenida||aquarela do brasil|moradas da lapinha|33231532|35,-1959984,-4390772;45,10,-4;55,-1,-7;65,-2,-11;75,3,-9;80,9,1;85,-5,-13;90,14,6;95,-12,-12;100,15,8;105,-9,-15;107,0,0;110,17,3;120,7,12;125,-19,-30;130,-11,2;135,7,-2;140,15,-5;145,-6,-10;150,11,10;155,-19,-13;160,30,0;165,-22,-14;175,3,-6;185,17,-5;190,7,-6;195,-8,-10;205,15,-53;210,-7,53;215,-5,-7;220,18,-18;225,-16,9;230,16,-20;235,-15,11;245,3,-7;255,0,-16;265,2,-2;270,23,-12;275,-16,-1;280,25,6;285,-20,-15;290,8,-23;295,-9,15;300,20,-19;305,-18,9;307,1,0;309,12,-11;311,-2,-5;313,6,-16;323,7,2
avenida||aramita de matos pinho|conjunto vila maria|33230870|25,-1960111,-4390427;35,6,-20;45,-4,-2;55,-7,-8;65,-2,-18;75,0,-20;85,10,17;95,-13,-23;105,7,-8;115,-11,-15;125,2,-4;135,1,-19;145,-5,-5;185,-4,-17;195,-2,-18;205,-5,-6;215,-2,-14;225,1,-8;235,-12,-8;245,5,-15;255,-1,-10;265,0,-4;275,-1,-8;285,-5,-8;295,0,-17;305,-1,-6;315,0,3;325,1,6
avenida||ary augusto de matos|morro do cruzeiro|33239304|435,-1961154,-4387928;1500,-235,-79;1665,249,118;1685,-13,-5;1715,-83,-114;1725,-36,31;1765,52,28
avenida||asas|aeronautas|33236464|80,-1967066,-4389479;130,59,-19;400,335,37;450,45,-88;490,-22,-63;720,-11,-69;740,12,54
avenida||asas|visao|33236464|35,-1967311,-4389444;50,205,-28
avenida||asas|visao|33239304|20,-1966527,-4390193;25,-614,697;35,13,10;45,23,-1;65,19,-7;85,25,-2;95,11,-10;115,18,-2;125,14,-5;135,11,3;145,17,-8;155,4,8;165,3,8;171,22,-4;1020,-1133,542
avenida||a|ipe|33236854|170,-1967141,-4388682;190,-7,12;211,-27,79;241,-43,30
avenida||bandeirante felipe rodrigues|sobradinho|33230751|20,-1959189,-4390095;40,-51,-9;50,-4,4;90,-162,-14;100,-13,4;122,14,-48;139,110,42;141,4,7;145,-38,3;149,-25,-9;152,-118,-11;154,1,-1;156,1,0;158,-2,15;178,-24,-4;180,25,-92;190,-52,92;300,-159,-2
avenida||bandeirante|palmital|33230751|35,-1958229,-4390233;40,49,64;45,-81,-61;185,-160,-16
avenida||brasil|joa|33233188|15,-1964938,-4387108;22,345,-956;42,-1,12;82,-25,43;105,-350,980;125,-17,36
avenida||brasil|varzea|33233188|420,-1964722,-4387623
avenida||carlos orleans guimaraes|joa|33233012|665,-1964374,-4387860
avenida||carlos orleans guimaraes|joa|33233180|387,-1964369,-4388189;399,1,26;422,-17,49;444,1,35;450,8,28;494,-5,34;501,1,-37;555,-2,29;605,2,75;610,-6,-8;620,-1,21;743,4,165;860,-13,105;865,12,-3;999,4,86;1003,-6,10;1015,-1,33;1067,-10,163;1246,-7,-29;1250,-1,0;1270,1,107;1280,-2,18;1281,55,26;1285,27,2;1293,-73,24;1297,-3,-9;1330,9,-7;1387,-11,74;1388,-6,-9;1395,5,16;1400,-10,0;1405,9,14;1410,-3,-1;1443,5,54;1543,-8,108;1643,1,69;1645,2,-66;1653,1,78;1660,-12,-71;1661,5,98;1665,5,-40;1670,-11,-50;1710,-7,84
avenida||carlos orleans guimaraes|varzea|33233180|110,-1964355,-4388482;112,-1,-11;114,-7,-3;116,2,12;146,-3,16;184,-13,67;188,2,13;190,5,29;194,-8,1;230,2,9;240,3,12;248,-3,4;258,-2,-19;268,-1,52;278,-4,7;288,2,7;298,1,5;308,5,11;318,-2,26;342,-1,11;354,-2,15;650,-4,302;680,-4,30;720,-2,40;732,-1,-5;780,-4,59;800,5,42;816,-3,24;844,-3,26
avenida||carlos orleans guimaraes|varzea|33233258|1500,-1964418,-4387039;1600,-7,107;1670,7,-39;1681,-12,89;1710,9,-17
avenida||carlos orleans magalhaes|novo santos dumont|33233012|38,-1964370,-4388558
avenida||coracao de estudante|moradas da lapinha|33231568|10,-1959317,-4390932;55,10,-21;57,8,-5;60,24,-8;65,-27,-17;70,78,-82;101,-23,-157;125,-29,220;135,12,-24;145,-4,7;152,17,2;154,-1,-1;158,8,-12;160,-4,-2;165,-11,0;195,20,-54;215,3,11;220,100,-86;235,-92,75;237,3,-6;245,9,-13;279,-45,-77;301,-13,9;302,-21,-50;4873,247,23;4879,24,-4
avenida||da constelacao|portal do sol|33234190|90,-1960277,-4389298;100,-3,-14;120,-8,-16;185,39,84
avenida||da constelacao|portal do sol|33239304|105,-1960279,-4389346;125,8,32;127,3,1;165,-10,11
avenida||da intgracao|sobradinho|33230246|145,-1961675,-4389526;202,-7,49;400,24,-99;925,-78,206;1025,44,-94;1055,16,-27;1105,6,-46
avenida||das acacias|aeronautas|33236402|10,-1966764,-4388423;40,4,14;50,2,15;67,16,9;70,4,15;84,0,0;90,5,14;100,0,-1;110,3,12;120,11,18;130,6,1;135,-5,-4;225,79,110
avenida||das acacias|aeronautas|33239304|160,-1966697,-4388294;180,8,21;190,11,19;200,12,13;202,1,4;210,6,12
avenida||das americas|joa|33233124|15,-1963946,-4388094;25,23,25;57,39,38;135,5,110;330,25,80;338,8,10;340,3,15;344,0,10
avenida||das americas|varzea|33233058|7,-1963976,-4388144
avenida||das americas|varzea|33233124|2,-1964000,-4388192;4,3,12;26,28,58;30,-30,57;50,55,20;72,10,21
avenida||das arvores|jardim ipe|33239876|95,-1965543,-4391058;160,84,33;170,-67,-96;180,4,-27;184,2,-10;194,-5,-12;200,12,-19;220,9,-10;250,-4,-18;274,0,-33;290,27,-308;296,-22,280;344,1,0;386,6,-77;394,2,-6;402,-1,-8;405,1,-37;412,4,4;416,11,-40;420,-3,8;476,-1,-27;496,7,-33;580,1,-22;606,4,-20;640,-2,16;650,11,-84;660,0,1;3800,30,610
avenida||das bandeiras|recanto do poeta|33239786|15,-1964328,-4391546;35,157,-6;55,-377,-150;67,1,-39;77,-16,-14;79,-9,-5;83,-8,-6;105,-15,-19;115,-24,-15;125,-1,-7;345,-117,-96;355,-4,-6
avenida||das bandeiras|recanto do poeta|33241899|380,-1964767,-4391952
avenida||das begonias|condados do ipe|33239852|18,-1965037,-4391462;600,-50,14
avenida||das begonias|jardim ipe|33239852|30,-1965315,-4390919;40,-1,-3;54,0,5;370,46,-364;400,4,-37;420,1,-27;432,2,-15;510,7,-51;720,20,-149
avenida||das palmeiras|recanto do poeta|33239770|50,-1964541,-4391593;60,-31,290;62,51,-269;75,11,28;88,-27,23;95,-34,209;100,31,-181;150,-10,28;155,19,5;165,-1,24;240,-62,90;250,12,-20;296,-46,138;312,67,-134;480,-86,186;490,1,-18;510,-3,24;540,-7,19;580,-5,35;620,-55,34;648,-65,-18;678,-34,-13;698,-7,-8;706,-16,3;716,-15,-18;720,-11,-4;728,23,16;750,-38,-18;830,-5,-8
avenida||de integracao|sobradinho|33234520|160,-1961192,-4389249
avenida||dois|condominio gran royalle|33237018|20,-1966577,-4385860;50,62,26;55,19,6;70,-7,10;80,3,12;100,17,33;105,5,-19;110,3,18;135,7,-14;150,14,69;165,-12,-44;177,20,19;262,69,88;355,48,-40;375,20,-20
avenida||dois|novo santos dumont|33236094|200,-1964816,-4388712
avenida||dois|ovideo guerra|33230446|19,-1962919,-4391778;100,143,58;150,-106,-40;195,-43,-15;205,-11,-6
avenida||dois|recanto da lagoa|33230446|20,-1965018,-4388470;45,76,-169;66,256,-7;74,-32,-16;85,-8,9;100,-262,111;110,-12,52;114,250,-188;157,-677,-183;181,645,181;271,-91,-20;305,-29,10;325,0,11;370,-47,13;412,-31,15;432,-31,7;510,-89,2;511,9,15;518,-12,-13;521,-11,10;540,-15,-11;621,-79,-31;643,-18,-13;715,-50,-25;755,-18,-24;760,22,12;800,-24,-20;815,-14,-1;910,-43,-40;950,-89,-106;960,169,172
avenida||dois|recanto da lagoa|33236094|155,-1965441,-4389129;203,-36,29;233,-11,17;259,-11,23;271,5,46;410,-35,11;835,184,227;845,-5,-5;865,-16,-10;1019,-121,-172
avenida||dos pequis|parque residencial vivendas|33239342|80,-1964432,-4390820;85,-9,-5;90,30,-32;95,-30,28;105,-1,-29;115,0,-22;125,-2,-17;135,0,-11;360,32,-71;365,-41,-17;375,37,6;380,18,1;385,10,-2;390,16,-1;395,-15,-2;400,36,3;405,-9,-5;409,19,0;410,6,4;415,7,-7;420,6,10;425,8,-13;435,31,1;440,-8,6;445,13,-3;450,17,39;467,34,-45;470,1,8;477,10,-31;480,17,30;502,11,-7;595,3,-24;611,28,0;616,-3,55;621,16,-69;626,11,49;633,8,-15;636,10,40;646,8,-33;648,23,-1;650,12,1;651,-36,-11;675,20,-1;687,15,-5;700,18,14
avenida||edson ramos|jardim imperial|33234160|4,-1960183,-4389801;8,3,-2;10,-48,-9;11,-60,-378;20,6,54;23,57,0;29,20,11;30,-30,330;40,-7,21;45,72,-276;50,-74,102;55,84,-57;56,-72,-106;58,-7,351;60,9,8;62,-6,3;63,13,-23;64,-12,27;65,70,-244;67,-15,-114;69,-43,337;70,19,-326;73,33,-8;75,-17,290;77,21,-50;79,-56,108;80,-12,9;82,3,14;90,-4,2;92,-2,3;95,44,-188;97,0,6;100,11,-168;104,4,5;105,29,-21;107,-66,373;110,48,-349;114,5,-6;120,-2,7;124,7,3;125,-61,363;130,-8,14;134,86,-360;145,-65,379;150,60,-289;152,-78,305;160,16,8;164,-9,5;170,40,-183;172,55,-192;174,5,6;175,-97,385;176,93,-376;177,-87,377;180,33,-183;182,-60,192;200,119,-349;206,-5,3;215,-115,389;216,105,-388;218,5,9;225,-115,380;226,-12,5;227,11,1;230,-16,1;240,-2,7;242,-3,4;250,48,-168;535,-45,202;537,-5,1
avenida||genesco aparecido de oliveira|joa|33233230|2,-1964530,-4387523;5,-147,-63;8,131,62;13,-73,-55;15,4,26;25,52,39;29,-157,20;35,147,-28;41,-125,442;45,105,-443;52,-99,-35;60,-15,19;65,-30,70;66,40,378;70,-17,-435;82,-12,17;100,-18,33;110,-8,22;130,-13,27;140,-7,18;154,-15,40;155,6,20;160,-10,-7;195,29,102;230,-5,12;240,2,13;270,13,56;280,6,19;300,6,28;310,6,20;320,7,23;330,16,11
avenida||geraldo de abreu primo|recanto da lagoa|33236120|70,-1965136,-4388460;80,-26,2;85,-6,8;180,-98,-27;205,140,27;350,-355,-186;370,-22,-20;385,23,43;386,-52,-72;405,15,37;425,-10,-16;560,-45,-83;580,-23,-70;600,-1,-36
avenida||getulio vargas|centro|33230010|8,-1962849,-4388896;48,-15,-32;58,-5,-39;68,-3,-18;100,-66,-34;230,-36,-56;270,-34,-48;314,0,-3;340,-6,-20;352,-4,-5;377,-4,-22;394,-14,-39;424,-4,-20;454,-34,-19;500,14,-41;640,-152,25;710,-52,-55;780,-37,-39;818,-18,-14;842,-10,-19;864,-8,-26;906,-12,-45;940,-6,-14;950,-12,-21;980,-15,-33;1000,-8,-13;1060,-21,-52;1100,-5,-12;1122,-21,-32;1140,-22,-14;1178,-31,-26;1200,0,-6;1266,-36,-60;1280,-8,-5;1290,9,-42
avenida||getulio vargas|praia angelica|33236000|2806,-1964343,-4389896
avenida||getulio vargas|recanto da lagoa|33230010|4210,-1964637,-4388611;4240,7,-123;4256,-6,14;4266,-7,47;4298,147,129;4400,3,-1;4444,52,-30
avenida||getulio vargas|recanto da lagoa|33236040|3664,-1964410,-4389154;3700,-5,78;3760,-50,0;3770,48,43;3818,1,1;3864,-7,38;3870,-36,97;3876,-17,38;3880,-8,25;4040,-13,23;4100,-18,5;4120,-43,17;4130,-2,3;4150,-14,8
avenida||getulio vargas|santos dumont|33230010|1300,-1963560,-4389808;1384,-7,-12;1398,-18,-33;1460,-31,-57;1500,-19,-21;1540,-21,-26;1562,-19,-16;1580,-5,-38;1666,-100,-35;1692,0,5;1712,-11,-8;1732,-8,-4
avenida||getulio vargas|santos dumont|33239250|2202,-1964176,-4390250;2212,-47,-8;2222,-3,-1;2264,-9,1;2270,-11,0;2290,-29,-9;2300,-24,-2;2342,-29,10;2384,-14,14;2400,-17,21;2424,-5,17;2440,-3,31;2476,-17,20;2480,19,14;2486,0,4;2490,18,16;2494,6,3;2496,5,5;2498,8,6;2500,13,16;2502,1,0;2508,18,1;2512,11,40;2556,7,47;2578,-9,10;2600,-5,14;2630,-15,24;2636,-13,8
avenida||getulio vargas|varzea|33233024|4668,-1964305,-4388609;4718,49,-11;4730,9,7;4778,36,-16;4788,5,-7;4800,16,-4;4840,23,-31;4950,68,-87;4954,4,-13;5002,-15,35;5140,84,-96;5200,-9,5;5242,100,-50;5252,24,4;5300,76,21;5350,-183,2;5454,252,35;5460,14,34;5472,10,-27;5480,11,3;5512,23,19;5554,34,7;5574,12,-2;5584,17,-1;5632,45,-8;5644,7,-3;5734,83,0;5880,127,37;5914,30,-1;5960,37,-7;5980,42,-4;6000,44,-8;6130,50,-3;6150,34,-1;6276,85,-15;6284,17,-8;6300,6,-1;6340,27,4;6378,37,-18;6386,1,-1;6390,19,2;6392,6,9
avenida||getulio vargas|vila joana darc|33239224|1778,-1963843,-4390066;1796,-3,-2;1852,-72,-24;1894,-22,-25;2000,-82,-72;2040,-25,-19;2062,-51,-19;2130,-22,-5;2140,-7,-2;2172,-29,-8
avenida||hum|joa|33233292|20,-1964647,-4387077;815,49,5;825,-2,-3;875,-25,-1
avenida||jerusalemm|francisco pereira|33233078|196,-1966038,-4386735;200,-303,-661;208,331,706;250,-303,-719
avenida||jerusalemm|francisco pereira|33234570|200,-1966345,-4387396
avenida||jerusalemm|francisco pereira|33236712|20,-1965808,-4386944;40,-38,-26
avenida||jerusalem|francisco pereira|33236712|25,-1965856,-4386894;27,-13,15;45,-74,47;55,-23,11;65,-3,4;75,-5,0;80,116,-97;85,-121,105;95,-7,-2;100,98,-76;102,-6,2;105,-94,86;108,86,-85;115,-100,88;125,5,5;126,47,-52;128,3,6;130,-15,2;132,-5,2;134,0,3;135,-42,44;138,31,-40;140,-2,6;142,-2,-2;143,-27,40;144,19,-34;145,-41,45;149,-11,8;150,58,-36;160,-25,-1;162,-2,3;170,-7,1;172,-4,-2;180,-5,10;200,-29,24;202,-14,6;204,-11,7
avenida||joao azeredo coutinho|jardim ipe|33240000|75,-1965814,-4391207;100,15,41;105,-24,24;277,11,-122;315,16,-115;341,24,-122;374,22,-16;375,-18,4;380,5,40;403,-12,-55;500,19,-2
avenida||joaquina de paula correa|recanto da lagoa|33236092|20,-1964620,-4388777;30,-16,6;148,-78,-40;158,-8,-8;160,-15,-9;170,-3,-6;200,-7,2;203,-323,-126;210,299,116;222,-3,-9;230,-12,-4;238,-8,-6;240,-8,-8;242,-14,9;244,-14,-25;248,-2,9;254,-6,-9;280,-26,-6;364,-14,-6;376,-8,-6;382,-12,-6;400,-26,-13;418,-7,-8;425,-12,4;430,5,-4;435,-18,-7;440,22,8;460,-41,-20;470,21,10;587,-77,-37;620,-48,-28;640,-25,-10;660,-18,-14;667,-13,5;680,-16,-18;681,7,13;700,-18,-17;877,-86,-41;880,90,39;887,-109,-42;900,-20,-18;904,-29,-21;910,-15,-6;911,26,16;931,-36,-7;961,-86,-56;970,39,14;1000,-30,-17;1029,-29,-13;1030,-3,-7;1099,-78,-30;1100,-1,-3
avenida||jose abreu primo|recanto da lagoa|33236074|5,-1964988,-4388513;7,-115,246;9,54,-149;11,-57,154;65,201,-20;73,-242,24;99,178,-224;100,16,69;110,-11,28;120,11,103;142,-83,4;146,51,-3;162,-27,1;165,4,-145;194,-10,144;204,-17,4;219,6,3;221,-16,1;225,12,-97;235,-29,99;237,-2,-1;239,-7,2;245,33,-83;267,-37,54;277,10,-26;350,-67,0;380,-21,49;386,-18,7;420,-5,1;456,-42,13;466,-13,1
avenida||jose de abreu primo|recanto da lagoa|33236074|514,-1965287,-4388252;600,-87,0;610,-9,-8;625,-10,26;630,-11,-39;640,-18,-3;675,-19,13;736,-82,-65;775,21,30;776,2,-13;825,-86,-54;835,-11,-8
avenida||julio clovis lacerda|centro|33230142|11,-1962836,-4388846;15,10,2;55,20,6;67,29,-15;120,92,-4;300,29,16;470,57,-7;471,13,-19;475,45,-12;491,-25,3;520,3,22;550,45,-4;570,22,-6;675,10,-21;683,29,-29;703,48,-22;710,30,-5;715,-24,-11;725,8,-4;730,52,-4
avenida||juquita goncalves|campinho|33234705|157,-1957630,-4391631;167,4,13;171,-14,0;181,6,12;191,-14,7;203,10,30;325,-1,150;363,0,33
avenida||juquita goncalves|residencial eldorado|33234705|1,-1957694,-4390799;115,203,133;270,-176,-804;282,1,2;304,9,11;340,6,49;356,0,15;400,9,64;480,8,55;510,2,36;512,-5,7;520,-1,10;522,1,2;530,2,11;532,-3,9;540,-1,6;542,4,6;580,-3,40;590,0,7;592,-4,14;620,3,46;990,-59,301;1000,7,17;1070,17,39;1100,14,22;1120,25,41;1130,-17,-28;1150,42,62;1160,-3,0;1170,9,10;1180,26,32;1210,-47,42;1230,73,5;1240,3,5
avenida||lagoinha de fora|aeronautas|33236448|30,-1966905,-4389173;233,90,97;235,2,23;245,2,4;260,7,14;277,18,36;340,-8,38;350,16,14;360,-12,14;370,8,19;375,34,221;390,-20,-205;392,-11,-3;394,0,0;400,4,13;450,12,49;460,8,19;525,18,53;530,-9,-2;540,-5,9;545,13,24;560,-6,1
avenida||lagoinha de fora|aeronautas|33236570|233,-1966809,-4389077;235,-2,18;245,-2,12;260,2,12;277,22,29;567,-2,17
avenida||magnolias|recanto do poeta|33239780|400,-1964849,-4391585;420,-12,5;423,30,29;425,-51,-4;450,-17,-30;455,-2,33;490,-43,-10;500,-2,24;505,4,-2;515,-4,7
avenida||manoel antonio de abreu|recanto da lagoa|33236140|55,-1965573,-4388978;80,-94,420;120,6,-26;140,9,-58;350,63,-260;370,12,-40;400,3,-22
avenida||mansoes|comdominio lagoa santa park residence|33236758|510,-1965042,-4386301;550,50,5;560,15,2;610,25,1
avenida||mansoes|lagoa mansoes|33233096|340,-1965640,-4386349;580,151,-33;595,32,-23;605,-3,-2
avenida||mansoes|lagoa mansoes|33236758|40,-1965909,-4386347;60,30,13;285,127,-4;405,133,-21;425,421,-3;445,-2,1;455,32,14;465,8,8;470,78,27;475,-55,-14;485,11,2;500,64,20;505,-10,-10;535,58,4;545,45,5;675,-376,-103;688,-71,11;805,191,23;918,50,42
avenida||monteiro lobato|bela vista|33239130|665,-1963693,-4391086;675,5,-20;707,6,-35;711,2,2;713,-14,8;715,-2,-4;725,15,-18;815,9,-38;825,-9,-16;855,13,-34
avenida||monteiro lobato|conjunto bela vista|33239193|37,-1963715,-4390727;49,-3,-17;61,-1,-11;73,1,-8;85,0,-19;97,5,-13;109,-1,-5;121,-3,-10;201,15,-78;213,2,-15;225,2,-10;237,-2,-15;249,5,-6;261,-4,-11;273,9,-21;285,-14,-5;297,13,-7;309,1,-11
avenida||monteiro lobato|conjunto ovidio guerra|33239130|201,-1963665,-4391280;302,-1,-8;525,33,-267;595,11,-63;599,8,-4;609,-7,-11;613,-1,-9;623,2,-2;627,4,-7;639,-9,-1;643,1,-8;895,-39,383;905,1,-14;925,1,-21;935,4,-5;955,55,-451;977,1,4;999,-51,396;1055,7,-51;1065,0,-19;1077,4,-6;1165,5,-74;1485,48,-321
avenida||monteiro lobato|lundcea|33239130|640,-1963627,-4391559;650,4,-13;660,4,-61;674,2,-6;770,-55,492;800,3,-29;820,1,-18;830,2,-24;840,1,-13;850,0,-9;860,1,-10;886,7,-31;900,4,-24;920,-1,-11;930,0,-6;1000,9,-89;1074,174,-690;1080,-168,660;1090,0,-4;1100,2,-11;1116,204,-674;1140,21,-3;1200,64,-11;1300,5,-2;1480,-243,321;1500,-11,-28;1520,179,-279
avenida||monteiro lobato|ovideo guerra|33239130|749,-1963613,-4391713;768,7,-12;789,8,-43;968,-6,-1;978,5,-31
avenida||olegario maciel|bela vista|33239196|20,-1963650,-4390559;32,-57,-20
avenida||olegario maciel|santos dumont|33239196|38,-1963763,-4390607;57,7,20;170,-762,39;262,552,-41;300,-67,0;330,-1,-1;335,-38,19;354,-132,-6;362,64,-63;370,346,33;580,-425,31;700,-101,10;800,-118,6;812,-40,2;816,-13,3;820,-1,7;824,1,12;828,-6,-5;832,-3,15;836,-5,3
avenida||paulo ferreira da costa|vista alegre|33240152|65,-1966427,-4391490;80,-408,77;100,-132,36;150,61,-20;200,14,-6;228,131,-18;268,48,-5;288,121,-35;440,89,-43;445,-646,173;500,705,-76;520,-1410,269;530,-2,0;553,707,-193;555,-379,174;577,129,-76;595,499,-178;598,-1030,327;605,427,-133;610,-380,97;628,-71,48;630,-2,9;636,-40,17;638,33,-16;640,-7,6;646,-21,11;648,40,-23;705,441,-147;719,1038,-169
avenida||pinto alves|portal do vinhatico|33230180|1301,-1961742,-4390284;1341,-4,43;1409,74,-109;1449,21,-14
avenida||pinto alves|vila maria|33230180|1736,-1961385,-4390502
avenida||portugal|lundcea|33239080|100,-1963191,-4390319;199,-164,127;200,15,9;220,7,-17;230,20,-20;237,-3,-33;262,58,11;297,-7,-61;310,24,7
avenida||portugal|lundceia|33239080|480,-1963114,-4390429;505,-17,-34;580,34,-7;582,4,-5;600,7,-10;605,-20,0;620,24,-10;628,2,1
avenida||portugal|santos dumont|33239080|100,-1963405,-4390111
avenida||principal|aeronautas|33236390|128,-1966378,-4388238
avenida||principal|condominio amendoeiras|33240032|269,-1965855,-4392321;271,42,-42;389,-59,-137;480,108,290;550,-224,-437;570,-90,-71;585,196,181;600,-247,-225;650,-79,-55
avenida||principal|estancia das amendoeiras|33240032|89,-1965753,-4391677;135,-8,75;145,14,-129;165,4,-35;175,4,-3;189,6,-21;251,-28,188;253,31,-219
avenida||principal|vila fagundes|33231588|2,-1959181,-4390627;225,-13,-37;255,13,25;260,-7,-15;265,9,-3;270,7,24;275,-6,-13;280,15,14;283,-3,6;285,6,1;290,2,5;305,4,-3;310,2,12;325,17,7;330,13,11;345,12,4;360,15,18;385,7,3;390,20,18;395,-12,-14;405,28,15;413,6,3;421,4,11;425,1,1;430,26,13;445,-3,-1;455,6,7;465,9,4;495,45,-39;500,-22,56
avenida||principal|vila jose facundes|33231588|5,-1959279,-4390800;60,-45,-76;65,47,58;70,-27,-39;80,9,8;85,16,45;95,4,6;100,-9,-35;110,-6,0;115,19,49;120,-14,-56;125,20,60;130,-13,-45;135,17,55;137,3,2;140,-28,-47;150,9,13;155,22,42;160,13,32;165,-11,-26;170,-16,-30;174,-2,1;177,21,37;178,8,27;180,-26,-53;185,24,40;190,-17,-27;195,20,31;200,-12,-20;215,36,58;235,7,13;250,2,-2;255,12,13
avenida||quatro|novo santos drumond|33230448|567,-1965330,-4388241;579,6,0
avenida||rodoviaria|centro|33230423|22,-1962975,-4390130;40,0,-24;90,-4,-58;124,3,-12;186,1,104;200,-9,-202
avenida||rodoviaria|conjunto residencial lagoa santa|33230423|10,-1962889,-4391173;855,-102,51;865,5,-3;875,5,-2;915,30,-16;925,6,-4;957,33,-17;1065,37,-18
avenida||rodoviaria|lundcea|33230423|55,-1962989,-4390135;135,-9,-118;145,0,41;155,-4,-74;185,4,97;775,-205,-641;783,16,27;1225,407,-412;1277,-25,-83;1313,41,70
avenida||rodoviaria|lundceia|33230423|20,-1963032,-4391077;30,-4,-1;40,-8,-11;189,39,758;215,-3,-7;235,-1,-32;305,-7,-49;315,-10,-14;325,-2,-13;345,-3,-12;375,-31,-51
avenida||rodoviaria|lundceia|33239102|665,-1963140,-4390722;671,0,-4;675,-28,-21
avenida||rodoviaria|promissao iii|33230423|8,-1963034,-4390481;94,19,28;320,9,31;370,-22,-53;390,-13,-22;400,-3,-13;420,-1,-5;440,-3,-6;450,-9,-14;460,-16,-32;470,-2,-7;530,-1,-7
avenida||rodoviaria|promissao ii|33230423|560,-1963097,-4390624;570,-16,-18;580,3,-15;600,-10,-15;610,2,-11;620,-4,-2;636,-7,-17;650,-1,-7;660,-6,-13;670,-4,-4;684,-2,-7;694,-7,-13;698,-2,-3;700,-3,-16;710,-2,-13;750,-24,-50;760,-2,-1;770,-2,-30;780,3,-19;788,13,-21;810,21,-7;820,17,-23;830,8,-15;890,51,-52;900,6,-4;1020,161,-154;1030,2,2;1040,18,1;1050,11,-20;1060,1,0
avenida||rodoviaria|promissao|33231220|1722,-1962596,-4391606;1725,-1,2
avenida||rodoviaria|promissao|33239102|1180,-1962804,-4391194;1200,8,-4;1204,7,-5;1214,15,-5;1224,5,-3;1234,9,-5;1254,38,-16;1274,3,7;1284,3,5;1296,20,-34;1304,6,-8;1316,7,-1;1326,7,-20;1356,3,-30;1376,-3,-29;1414,-8,-12;1420,-3,-3;1426,-2,-23
avenida||rodoviaria|residencia lagoa santa|33230423|691,-1963092,-4391011;701,21,-2;765,32,-35;777,7,-7;853,-66,71;863,10,-11
avenida||rosa de hiroshima|moradas da lapinha|33231566|166,-1959247,-4391233;279,32,65
avenida||salgado filho|vila asas|33240051|3,-1966125,-4390752;5,7,2;7,16,-21;9,5,-9;11,21,-28;13,11,-11;15,18,-20;17,9,-15;19,10,-16;21,-1,0;23,23,-17;25,2,-4;27,19,-20;29,0,0
avenida||sanitaria|vale verde ville|33230236|35,-1961998,-4389396;115,38,-117;125,-1,-4
avenida||sao sebastiao|campinho|33234730|73,-1958906,-4391487;93,50,146;99,38,-63;395,262,-35;526,114,5;600,148,-38;640,0,1;650,7,-3;662,2,39;710,22,-46;720,64,6;730,9,20;810,213,-12;815,-199,-99;825,39,-4;835,11,-17;850,33,-25;875,9,-31;895,26,-27;900,21,1;960,76,-72;1007,-65,20;1075,42,-33;1105,72,-37;1150,35,-27;1175,41,19;1205,42,-1;1225,26,-4;1246,-128,31;1265,173,-35;1305,29,-3;1311,20,-3;1325,56,9;1355,12,-6;1362,-127,20;1366,91,-2;1437,107,-15;1449,4,-4;1469,34,-3;1485,16,-1;1495,22,0;1555,51,-7;1615,53,7;1619,-23,-8;1635,47,2;1643,25,-11;1645,5,5;1647,5,-4
avenida||segunda|vista alegre|33240130|490,-1967454,-4391553;500,11,-9;555,-535,83;557,6,0;563,5,1;565,14,12;567,-1,1;569,18,3;575,-67,-18;577,-7,-6;595,-7,4;600,40,2;604,-19,-7;605,7,10;606,2,-9;608,-12,0;612,-12,-2;618,-8,2;638,-9,-5;640,-3,3;644,-7,0;648,-8,-2;650,-6,4;656,-8,-1;658,-1,1;679,27,2;681,-48,-9;685,9,3;686,-7,1;688,-9,-3;695,62,6;699,-63,5;700,0,-9;706,-8,-4;710,-9,-2;720,-6,8;730,-4,2;742,-6,-1;744,-8,-4;754,-2,11;764,-10,2;776,-8,6;780,-6,6;784,1,-5;3011,-12,13;3041,-14,8;3087,27,-53
avenida||seis|novo santos drumond|33240146|25,-1965727,-4388418;35,46,-55;55,10,-65;85,2,-30;105,5,-14;115,1,-10;125,5,-18;155,1,-18;165,3,-26;225,5,-50;235,8,-31;245,4,-12;255,14,-61;366,46,-294;505,-53,319;565,13,-41;725,47,-176
avenida||sem denoninacao 1|palmital|33234585|303,-1958486,-4390908;321,-20,12;449,-87,60;525,-25,97
avenida||tiradentes|joa|33233132|18,-1964161,-4388008;94,-6,-33;128,4,38;240,15,126;260,-4,85;349,42,29;350,-14,-20;399,25,92;400,-9,-3;523,37,120;543,8,42;548,-15,-2;560,3,14
avenida||tiradentes|varzea|33233132|59,-1964166,-4388078;93,5,44;139,31,40;235,-3,114;291,5,-9;301,6,59
avenida||tres|condominio gran royalle|33237018|45,-1966578,-4385780;50,9,64;65,3,-35;85,-6,1;205,56,107;275,64,128;340,-12,75;370,3,2;410,-31,48;495,15,88;553,-6,33;560,-15,32;575,8,-3;590,-34,21;605,31,1
avenida||um|condominio gran royalle|33237012|40,-1966592,-4385781
avenida||um|jardim imperial|33236850|270,-1960389,-4389524;280,47,8
avenida||um|joa|33233300|10,-1963923,-4387068;15,10,5;25,1,7;35,-3,16;85,-10,42
avenida||um|portal do sol|33234190|85,-1960286,-4389370
avenida||um|recanto da lagoa|33230686|584,-1965059,-4388985;587,-4,-1;617,-15,-10
avenida||um|residencial montreal|33234628|4091,-1958509,-4390234;4661,-81,12;4671,21,-7;4729,33,-1;4739,10,-3
avenida||vieira|campinho|33234520|2,-1957233,-4391868;4,4,22
avenida||vieira|campinho|33234760|7,-1957261,-4391891;55,-23,-73;147,-41,-59;149,-9,-12;235,-32,-51
avenida||vieira|campinho|33234766|125,-1957311,-4392240;700,305,248
avenida||vieira|campinho|33239304|10,-1957247,-4391909;50,-22,-31;128,-37,-64;149,-8,-270;156,-4,239;202,-24,-77;208,1,2;210,38,-122;226,-135,-70;232,-1,14;240,66,59;352,-80,-87
beco||da servidao|lapinha|33242000|1084,-1956764,-4394651;1094,29,-85
beco||de servidao na sao sebastiao|campinho|33234730|1576,-1957369,-4391788;1578,0,-1
beco||do tiago|lagoinha de fora|33234570|45,-1968809,-4384826;55,-8,8;75,-8,12;85,-15,12;87,-29,50;99,-27,23;101,-1,-1
beco||do tiago|lagoinha de fora|33246000|20,-1968796,-4384834;30,-13,-1;36,-56,86;60,-30,-49
beco||dos operarios|santos dumont|33239262|54,-1964643,-4390244;58,15,-44;64,4,66;68,-2,50;72,-22,-54;80,17,-6
beco||jose monteiro de oliveira|recanto da lagoa|33236052|1474,-1964659,-4388895;1501,16,-2;1505,-21,-17
beco||sem denominacao|recanto da lagoa|33236122|1063,-1964561,-4389077;1083,27,9;1513,-107,152
estrada||b|morro do cruzeiro|33234100|1847,-1961219,-4388068
estrada||b|vale dos sonhos|33234100|90,-1960986,-4388613;130,64,-3;1750,-154,443;1850,22,-200;1900,12,-45;2000,-9,-20;2040,5,-42;2230,-12,-208;2400,3,-127;2500,6,-96
estrada||da lapinha|lapinha|33242000|2,-1954979,-4393372;473,-1454,-818;487,10,24;2637,1539,736
estrada||edson antonio caldeira|sobradinho|33234520|25,-1961594,-4388975;96,23,-5;105,15,-10;135,32,-19
estrada||erico soares caldeira|sobradinho|33233096|65,-1961367,-4389227;585,520,279
estrada||erico soares caldeira|sobradinho|33234120|65,-1961365,-4389224;75,1,-1;95,24,-18;100,16,24
estrada||joao batista reis|vale dos sonhos|33234136|100,-1960812,-4389837;123,-2,3;630,-42,21
estrada||joao bruzaferro|vale dos sonhos|33234128|440,-1960854,-4389689;560,-23,-89;660,-22,-66;670,-6,-8
estrada||josefina medeiros|vale dos sonhos|33234132|5,-1960834,-4389631;20,12,-1;33,10,-12;155,102,-42;195,69,-12;200,-114,46;210,99,-31
estrada||maria auxiliadora de paula|sobradinho|33234116|40,-1961376,-4389135;316,-189,-100
estrada||para fazenda sao sebastiao|lagoinha de fora|33239304|500,-1968923,-4384828
estrada||para goiabal|lapinha|33233036|4,-1956259,-4394464;10,-24,-9;15,141,202;25,-22,-26;26,-45,-136;51,28,88;63,-15,-29;85,-64,-84
estrada||para goiabal|lapinha|33242000|250,-1955833,-4394312
estrada||para lagoinha de fora|lagoinha de fora|33239304|372,-1968198,-4385370;2300,722,-1564
extensao||josefina goncalves silva|palmital|33234360|1,-1959176,-4389862;8,-2,0;10,0,-3;13,-9,-2;16,-17,-1;25,16,0;26,1,3
praca|dom|pedro ii|centro|33230303|5,-1962795,-4389822;12,-13,-80;15,-16,68;16,33,-69
praca|doutor|lindouro avelar|recanto da lagoa|33236144|200,-1965520,-4389129
praca|doutor|lund|centro|33230076|18,-1962758,-4389095;20,0,-5;33,-26,-25;36,26,13;56,-1,-14;61,-34,-5;71,-3,-17;84,37,-10;85,-42,-10;89,-10,-20;91,-21,-6;97,0,5;109,9,-5;179,-2,-34;205,7,-16;209,26,16;215,6,-18;221,-6,6;225,9,-6
praca|doutor|lund|lagoa santa|33230076|18,-1962753,-4389103;20,-7,4
praca|marechal|floriano peixoto|centro|33230094|23,-1962751,-4389410;25,-6,-12;29,-7,-2;37,-10,-3;49,-7,-7;135,36,46
praca|praca|efigenio de freitas|morro do cruzeiro|33239304|1400,-1961450,-4387988;1420,47,-16
praca|prefeito|jorge alcici|conjunto bela vista|33239180|15,-1963810,-4390860;33,-1,-30;51,-4,-2;67,-5,-25
praca||adro de fatima|lundcea|33239112|20,-1963338,-4391002;40,-17,28
praca||do cafe|conjunto ovidio guerra|33239788|20,-1964438,-4391616
praca||do cafe|recanto do poeta|33239788|5,-1964498,-4391636;10,-8,-50
praca||do cafe|recanto do poeta|33241899|15,-1964414,-4391646;80,3,-44
praca||dr lund|centro|33230091|160,-1962764,-4389176
praca||lavrador|bela vista|33239138|45,-1963628,-4390569;55,-13,7
rodovia|engenheiro|joao cataldo pinto|vista alegre|33240100|18,-1967136,-4391353;55,98,-90;60,162,-27;301,1,213;400,-353,-144;555,425,133
rodovia||mg 010 aeroporto confins|condominio metropolitan business center|33230001|120,-1967170,-4393254;410,-44,78
rodovia||mg 010|condominio metropolitan business center|33230001|27,-1966240,-4393466
rodovia||mg 10|vila maria|33241899|1301,-1961742,-4390288;1331,-10,22;1409,74,-82;1449,26,-26
rua|academico|nilo figueiredo|centro|33230055|203,-1962842,-4389648;211,-2,-18;215,-1,-11;223,-15,-3;233,3,-6;243,-7,-19;255,-3,-4;263,1,-11;265,6,5;327,-14,-42;341,-7,-8;345,-6,-24;355,-18,-3;375,8,-16;381,-5,-9;393,-7,-18;409,-2,-6;431,-7,-9;435,4,-19;445,-2,-7;455,-9,-8;467,-5,-7;479,0,-4;489,-16,-10;531,-25,-23;555,-20,-12;565,-12,-10;647,-78,18;669,-8,-39;681,-20,2;691,-7,30;695,-12,-28;745,-23,21;755,-3,-14;761,-16,1;763,-7,6;771,-12,27;772,6,-28;773,0,-2;775,114,-9;777,-123,17;779,-2,19;781,-2,-25;801,-15,2;815,-10,10;817,8,-2;821,0,-8;827,-11,12;829,-79,10;831,77,-17;845,-11,6;847,-4,23;857,-6,-2;899,-22,-13;911,-40,4;923,-2,-3
rua|academico|nilo figueiredo|centro|33230058|198,-1962836,-4389656;200,-56,-16;202,39,10;204,3,-2;206,-3,-5;236,6,-15;256,-14,-31;326,-13,-50;334,-1,-15;358,-13,-14;360,3,-3;362,-2,-6;368,2,-2;372,-5,-9;406,-10,-24;420,-6,-17;658,-184,-128;660,2,-2;668,-12,3;712,3,4;720,-15,2;732,-10,3;736,-8,-1;740,0,2;742,-8,-2;776,-46,11;786,-7,2;872,-100,19;880,124,-23
rua|academico|nilo figueiredo|centro|33239210|41,-1962794,-4389520;51,0,3;55,6,-1;57,-7,-5;58,33,39;59,-36,-43;61,-2,15;62,16,5;63,-16,-21;65,-1,-12;71,4,3;85,-9,-10;90,20,20;92,-3,-13;94,-8,-9;97,9,64;102,-14,-99;106,-17,2;111,4,12;121,-8,-16;130,27,-8;133,-27,2;138,6,-7;143,-5,-7;152,4,4;153,-9,-23;154,5,24;155,-8,-23;165,3,2;170,7,6;176,-3,-5;186,-11,-14
rua|academico|nilo figueiredo|centro|33239212|542,-1962957,-4389939;610,-58,-25;620,-18,-6;630,-9,-5;632,1,2;634,1,0;636,-5,-1;640,-13,-1;642,0,0;644,0,0;648,0,0
rua|academico|nilo figueiredo|santos dumont|33239008|3419,-1965211,-4390792;3435,-9,7;3445,7,-12;3447,-12,-1;3471,-40,-19;3475,27,3;3483,-39,-12;3499,-21,-16;3513,-3,10;3519,-12,-21;3529,-1,3
rua|academico|nilo figueiredo|santos dumont|33239308|99,-1965068,-4390713;2829,314,179;2837,-10,-16;2847,-9,-9;2849,1,-11;2853,2,18;2855,6,-6;2859,2,-1;2863,-42,6;2865,17,-15;2869,-17,13;2929,-14,-21;2971,59,17;2977,-99,-41;2997,-13,-20;3001,-29,7;3023,-2,-6;3025,-2,-2;3035,33,-3;3055,-40,-16;3143,-49,-27;3169,193,119;3181,-237,-139;3187,-1,21;3193,-14,-16;3195,0,-1;3197,-3,-5;3199,-27,-10;3213,20,11;3235,-40,-26;3239,-4,1;3261,-22,-20;3273,-18,-8;3275,-5,-10;3287,-24,-1;3377,-10,-5;3399,-19,-11;3403,-14,-3;3409,-10,-2
rua|barao|de macaubas|francisco pereira|33236306|25,-1965767,-4386899;35,1,15;45,4,9;47,-2,8;50,-4,2;60,1,30;80,0,14;83,6,-32;85,7,28;95,-10,2;107,3,15;115,11,7;122,-23,-7;145,18,44;155,3,27;195,3,27;197,-7,-7;205,-4,17;215,9,6;216,-12,-1;217,11,9;220,-8,13;225,4,-7;230,-6,2;235,6,3;245,2,18;250,-8,41;255,10,-32;257,2,6;260,-8,3;275,3,3;285,4,28;290,-6,5;295,2,12;300,-4,5;305,14,5;315,1,15;4615,-27,-339
rua|barao|do rio branco|centro|33230091|11,-1962784,-4389189;12,15,-58;17,-1,-16;18,5,-15;21,-8,9;25,-6,-2;35,11,-17;44,-6,-2;45,-17,2;63,20,-20;73,-3,-6;75,4,-4;78,1,4;86,6,-17;91,-22,5;93,24,-20;95,1,-1;102,11,13;104,-1,-18;105,-20,-10;106,19,22;108,-5,-17;110,14,0;118,-9,-2;146,9,-23;252,-45,165;266,32,-7;272,-34,-8;276,14,-5;280,19,1;284,-32,11;288,26,-7
rua|barao|faria|condados da lagoa|33240342|25,-1965350,-4393412;45,2,10
rua|barao|rufino barbosa|condados da lagoa|33240338|70,-1965330,-4393152;76,12,-7;80,117,-31;100,-78,28;120,48,-27
rua|barao|siqueira|condados da lagoa|33240346|10,-1965434,-4393594
rua|capitao|kirck|vila asas|33240062|2,-1966288,-4391158;4,20,-7;6,13,-5;8,11,-9;10,25,-22;12,8,-16;14,11,-5;16,4,-7;18,22,-13;20,-4,-17
rua|comandante|victor|santos dumont|33239258|60,-1964411,-4390182;95,-2,11;100,-12,-15;103,-14,-3;106,-5,-15;115,-16,3;160,0,-19;167,-9,7;170,-3,-24;190,2,-43;199,-10,65;205,-14,-31;206,2,-39;209,-1,37;213,-7,-6;217,-34,-52;220,15,13;223,-12,25;230,10,-36;233,-13,3;235,3,6;253,-9,-19;260,1,-10;267,-11,-5;273,3,6;276,-59,-83;326,44,45;333,-35,-23;336,18,13;346,-18,-5;361,-16,-17;376,8,-11;381,11,19;385,-13,-8;390,-9,-17;391,4,6;447,-60,-67;455,25,36;467,-9,-7;487,-15,-19;551,-47,-57;553,-3,-4;555,0,-2;557,0,0
rua|condessa|hermany|condados da lagoa|33240302|100,-1965349,-4392887;105,31,-6;107,-36,15;109,-23,9;116,46,-22;118,-5,1;120,-59,25;125,-11,12;140,4,-8;145,-25,17;165,-22,10;200,-2,-4;220,-25,10;231,11,5;235,-13,4;280,-31,7;320,-39,18;325,30,-5;340,-35,7;345,-12,14
rua|conde|barcelos|condados da lagoa|33240350|23,-1964623,-4392688;43,-1,-7;95,-27,1;110,-36,-14;121,19,7;147,-60,-13;227,-50,-35;237,-23,-8;247,-12,-12;257,-23,-8;277,-19,-8;380,-76,-47;385,-20,-3;420,-3,-25;444,-22,-17;472,-12,-93;545,-52,22;565,-13,-32;580,26,26;585,-36,-36;640,-17,-44;680,-16,-12;700,-26,-34;715,23,35;735,-28,-37;740,-15,-24;767,1,0;777,-18,-16;780,11,0;789,-25,-25;790,1,-7;799,-12,-3;800,4,-6;820,-5,-18;840,-11,-13;882,-6,-22;900,-3,-12;960,-24,-58;980,-16,-34;1000,-5,-5;1100,-23,-45;1140,-4,-35;1160,-2,-11;1170,2,-25;1180,-1,-23;1195,-12,6;1200,9,-21;1205,-3,-9;1210,1,-24;1220,-9,-29;1260,-6,-9;1320,-12,-18;1340,16,-76;1360,-36,49;1380,-12,-11;1400,-16,-19;1420,-10,-10;1440,-8,-10;1490,-27,-41;1491,4,10;1496,-10,-17;1500,-4,-19;1550,-23,-34;1555,-17,-18;1570,-14,-20;1626,-2,1;1630,-21,-25;1635,-3,7;1640,-16,-24;1662,0,-3;1665,-9,-2;1688,-16,-16;1715,-19,-18;1740,-27,-22;1770,-19,-26;1790,-31,-30;1805,11,15;1807,-22,-18;1815,-23,-13;1820,17,4;1845,-40,-1;1857,-15,0;1870,16,-7;1920,-64,1;1923,-14,2;1940,4,-4;1960,-16,0;1980,-25,0
rua|conde|cabral|condados da lagoa|33240294|115,-1965504,-4392581;125,-15,45;155,-53,21;195,20,68
rua|conde|carvalho silva|condados da lagoa|33240314|44,-1965405,-4393270;64,-8,6;65,9,1;75,-18,6;84,-19,6;105,2,5;115,-23,12;142,-5,-3;146,-18,12;155,-28,15;185,-20,9;204,-19,2;205,12,2;225,-22,9;245,-12,6;250,-26,12;255,-2,-1
rua|conde|diniz|condados da lagoa|33240370|50,-1965772,-4393875;160,-24,16;180,-19,30;200,1,9;215,23,-21;234,-28,47;235,10,-18;246,-24,54;247,-11,54;267,-3,26;279,28,-94;299,-36,112;300,-10,-15;350,-47,55;365,33,-9;385,-8,23;405,-11,30;408,-1,-17;425,-7,39;445,-11,33;490,-6,-27;495,-5,42;500,-16,-15;595,-15,97;600,5,-17;615,-18,42;620,0,-11;670,-18,21;680,-5,21;690,-11,28;700,-4,51;701,6,-18
rua|conde|dolabela portela|centro|33230088|16,-1962771,-4389070;26,21,3;28,0,0;30,-8,11;40,-4,3;42,-2,-13;44,11,21;46,-1,4;48,-13,1;56,6,7;60,7,2;90,1,5;92,-11,13;94,0,7;122,3376,-1152;140,-3392,1180;141,-2740,-4334;150,2690,4400;186,-14,48
rua|conde|dolabela portela|varzea|33233044|436,-1962979,-4388782;452,-19,-3;468,-21,0;470,-1,17;476,-13,4;498,-16,-3;540,-5,16;546,-19,23;550,-4,-6;566,-26,-9;590,-36,36;592,-7,-9;640,-30,4;758,-81,36;831,-123,30;854,23,-3;858,-5,-6;891,-23,19;893,-2,2;921,-19,6;942,-23,10;961,-7,-2;964,-11,-4;971,-1,5;973,-2,1;975,-2,1;981,-4,5;985,-13,-3;1002,-20,0;1003,3,10;1014,-18,-1;1025,-1,30;1040,-11,-25;1048,-5,-1;1072,-30,7;1077,7,-2;1080,-7,5;1092,-7,5;1097,1,9;1101,-17,-6;1117,-7,-6;1118,-6,1;1134,0,6;1144,-27,3;1151,9,15;1171,-19,-3;1172,-16,-8;1179,0,22;1197,-8,-6;1199,-10,-2;1209,-14,3;1231,-6,3;1242,25,-14;1252,-49,16;1264,-3,3;1276,-13,2;1278,1,0;1282,-6,4;1310,-22,9;1336,-23,3;1337,-13,-3;1347,16,3;1356,-34,1;1367,3,1;1378,-19,-5;1379,-3,6;1388,-3,-1;1395,-14,13;1405,-6,-4;1406,4,-13;1407,-7,4;1419,-11,4;1420,4,-8;1429,-13,13;1432,6,-12;1433,-3,12;1440,-10,-13;1448,-7,-6;1455,0,22;1461,-6,-9;1464,-2,-10;1471,-13,10;1481,-24,4;1494,-15,-13;1527,94,5;1543,-110,-1;1566,-42,-3;1572,19,4;1596,-50,-4;1608,-8,-2;1626,-2,-3;1638,-9,6;1648,-9,1;1650,-12,0;1666,-7,3;1668,-11,8;1700,-9,-14;1710,-8,-3;1722,-13,5;1738,-13,7;1750,-8,-4;1758,-10,2;1760,-14,-4;1770,-13,4
rua|conde|dolabela|centro|33230088|5,-1962763,-4389095;7,15,13;9,-18,6;11,-10,16;25,19,-4;43,-6,13;53,4,14;55,-1,6;71,5,-3;89,2,30;97,-8,8;111,-8,10;143,-7,17;153,-23,20;183,-17,26;203,-13,17;211,-5,6;221,-2,8;237,-5,17;247,-5,8
rua|conde|dolabela|francisco pereira|33236252|3260,-1965292,-4387789;3264,19,26;3268,-51,-29;3272,49,61;3274,-38,24;3300,10,-4;3310,-33,-6;3311,3,-50;3312,-14,43;3325,-20,11;3338,20,-11;3356,-25,13;3382,-22,69;3395,29,-77;3397,3,-19;3425,-19,56;3452,-5,22;3465,25,-78;3469,-21,66;3482,-19,40;3497,11,-30;3508,-21,36;3509,13,-16;3522,-27,31;3532,-22,25;3548,-14,21;3549,23,-18;3558,-26,17;3618,-14,14;3626,-14,6;3648,-6,4;3668,-20,19;3671,-9,13;3674,0,-4;3677,-4,19;3680,4,-11;3688,-25,33;3713,2,-1;3721,-5,12;4000,-10,4;4001,-12,29;4023,-3,3;4065,-31,15;4075,9,7;4101,-24,21;4103,-16,5;4104,-4,5;4107,0,5;4110,-4,0;4112,-3,0;4130,-9,15;4140,1,2;4160,-16,31;4168,-26,-4;4171,31,15;4180,-18,11;4190,-11,27;4200,2,2;4231,12,-11;4241,-1,14;4247,-9,1;4251,5,9;4280,-24,12;4284,1,8;4290,-6,13;4300,-6,7;4310,2,2;4320,-14,20;4350,-46,27;4351,34,10;4390,-34,88;4455,25,-66;4467,-8,26;4477,-5,13;4485,-6,21;4500,-9,15;4505,8,1;4515,-4,8;4527,0,25;4554,-8,24;4571,9,24;4575,4,12;4585,0,0;4587,0,7;4597,1,20
rua|conde|dolabela|ipanema|33233044|2475,-1964790,-4388249;2485,-10,-21;2495,-9,-1;2505,-9,-2;2525,-7,8;2641,-73,36;2673,-35,34;2695,-30,29;2725,-7,3
rua|conde|dolabela|ipanema|33239304|2767,-1965004,-4388160;2787,-1,1
rua|conde|dolabela|novo santos drumond|33230088|2904,-1965129,-4388073;2928,-7,12;2964,-36,51;2970,-10,11;2972,-6,11;2982,-3,4;3130,16,-18;3150,-42,56;3154,-136,40;3220,143,-56
rua|conde|dolabela|recanto da lagoa|33230088|2010,-1964402,-4388500;2020,-25,10;2078,-61,23;2182,-29,43;2222,-44,34;2260,-24,10;2318,-28,21;2322,-75,37;2326,-51,50;2328,41,-57;2330,-41,57;2332,58,-42;2336,5,5;2338,-19,-25;2340,0,2;2376,-34,48;2380,-9,12;2386,-2,1;2388,-6,-17;2390,8,16;2396,0,1;2400,6,-45;2440,-28,39;2450,-22,9;2460,-1,-1;2470,-10,-3;2480,-7,0;2494,-7,-2;2500,-33,-9;2580,-46,40;2590,6,-1;2620,-36,37;2638,-25,19;2640,-61,18;2658,55,-16;2670,-15,2;2704,-49,27;2749,-10,-49;2794,2,16;2800,-13,50;2810,-15,-13;2820,-19,-27;2824,6,30;2834,-5,22;2864,-49,41;2904,-13,18;2916,-5,4;2928,-4,2;2938,-10,12;2944,-1,7;2954,-13,16
rua|conde|dolabela|varzea|33233044|1245,-1963700,-4388549;1265,-2,2;1275,-9,4;1281,-13,5;1291,-8,3;1301,1,1;1303,-21,-2;1305,-2,8;1561,-208,-5;1565,-17,30;1571,-4,28;1575,-5,19;1585,-11,-65;1629,-12,-6;1639,-27,2;1649,-15,0;1655,-15,35;1711,-36,-35;1717,-22,9;1743,52,20;1796,-114,-37;1800,-18,4;1810,-8,5;1830,-22,-2;1839,-1,11;1845,-10,-13;1855,-6,0;1857,-3,97;1866,-26,-108;1889,-3,11;1900,-22,-6;1903,3,21;1905,6,-7;1907,-1,1;1911,-5,-2;1915,2,4;1917,-12,-2;1933,-3,-6;1945,-38,11;1955,8,-2;1957,3,3;1961,-3,-5;2007,-32,2;2013,-3,0;2033,-19,21;2035,-59,34;2063,25,-24;2101,-22,19;2121,-26,15;2123,-12,15;2125,4,0;2129,-4,0;2133,4,1;2137,1,1;2139,-3,-2;2145,-5,4;2159,-21,14;2167,-9,12;2191,-25,20;2201,-19,28;2235,-24,-2;2257,0,-1;2265,-16,14;2289,-15,13;2299,-6,0;2311,-18,12;2323,-1,25;2369,-40,30
rua|conde|dolabela|varzea|33233046|367,-1962912,-4388807;381,-12,1;407,-18,9;425,-20,5;451,-30,22;457,-10,11;481,-29,-10;505,-11,4;515,-17,26;537,-12,4;541,0,0;575,-40,19;589,-11,12;597,-8,-4;615,-19,12
rua|conde|dolabela|varzea|33236252|671,-1963187,-4388674;685,-33,-8;707,-4,7;717,-10,-3;725,-12,5;735,-2,4;755,-44,7;771,-31,9;793,-10,2
rua|conde|freitas|condados da lagoa|33240318|60,-1965409,-4393380;77,-26,24;91,-26,10;101,-29,17;130,1,-2;141,-30,20;150,15,-18;180,-48,29;199,-51,19;200,28,-10
rua|conde|gomes de souza|condados da lagoa|33240334|44,-1965294,-4393026;77,1,-6;87,16,0;97,41,-9;125,31,-2;126,-20,4;135,40,3;155,23,-2;156,-13,3;166,19,2;176,9,1;190,20,2;200,21,4
rua|conde|goncalves|condados da lagoa|33240322|34,-1965218,-4392792;45,42,-2;55,3,2;85,-42,-6;145,102,14;165,28,12;185,99,60;195,10,4;199,134,73;205,-121,-67;215,16,13;255,48,27;265,13,13;275,15,5;525,72,29;533,-3,-7;555,46,18;585,31,3;645,13,9;657,20,8;685,38,3;705,56,-41
rua|conde|marques neto|condados da lagoa|33240354|50,-1965875,-4393940;69,-4,23;70,-53,9;79,42,19;80,-16,1;90,-9,13;100,10,31;140,-1,27;161,13,-56;201,-5,48;210,-22,26;211,12,11;230,-13,8;250,-9,17;270,-6,25;318,-160,342;325,167,-331;335,0,18;340,-17,-19;375,10,33;400,-31,14;405,11,20;415,-1,20;420,-16,-30;435,5,62;440,-6,-30;460,0,30;475,2,17;480,-20,19;500,-8,8;510,-12,25;515,28,-28;520,-46,38;540,3,15;547,25,-18;551,253,-2;557,-257,4;600,-34,35;610,-11,20;611,265,229;615,-261,-229;628,-5,4;645,-17,34;648,-21,23;685,2,10;715,-33,43;756,-82,32;780,69,-25;784,24,-36;800,-14,18;821,338,114;860,-4,143;880,-284,-144;900,50,12;905,-35,-11;930,42,15;950,36,17;970,17,11;980,11,14;1000,14,5;1037,-10,-17;1050,27,23;1100,12,5;1130,18,9;1144,21,14;1158,15,13;1170,26,22;1200,11,5;1365,41,-171;1375,3,-14;1385,6,-28;1395,3,-44;1455,-14,-125;1503,46,-58;1657,13,-15;1667,12,-12;1677,17,-30;1687,15,-14;1775,49,-70;1825,24,-21
rua|conde|montalvao|condados da lagoa|33240306|50,-1965598,-4392900;76,14,-6;104,45,-21;107,-20,5;117,6,-2;127,32,-17;147,14,-6;155,20,-8;160,-29,14;180,40,-16;191,20,-17;220,5,4;225,0,-2;230,4,2;240,28,-18;245,-25,9;265,24,-11;275,23,-13;280,-2,6;315,-91,37
rua|conde|noviello|condados da lagoa|33240366|10,-1965817,-4393406;55,-31,-10;105,28,13;145,-71,-35;165,-26,-11;225,-73,-35;235,-31,-7;236,42,4
rua|conde|rodrigues costa|condados da lagoa|33240298|70,-1965311,-4392796;80,-35,14;100,-26,14;112,-13,-5;124,-27,21;206,-12,9;216,-28,13;226,-6,4;256,-24,18;286,-77,12;619,-47,-116;631,-7,-24;645,-5,-28
rua|conde|tamietti|condados da lagoa|33240330|160,-1965185,-4392914;185,10,-5;186,17,9;195,-8,-10;200,-9,6;205,30,-2;215,23,2;225,7,3;236,42,26;245,2,-20;246,18,11;255,20,-1;256,-1,5;445,22,4;485,-218,-30;486,-10,4;493,34,-6;517,122,9
rua|conde|torres moreira|condados da lagoa|33240326|30,-1965026,-4392768;45,-3,4;55,12,-13;60,6,6;85,22,-12;110,21,-1;125,4,-4;130,20,-1;150,8,-1;155,7,-8;297,25,4
rua|conde|vaz de oliveira|condados da lagoa|33240362|53,-1965694,-4393790;56,-10,-5;63,-1,11;78,-18,11;136,-3,6;144,-17,33;155,1,2;200,-9,17;225,-4,13;230,-19,20;235,12,-4;243,-12,17;252,-3,1;263,-16,37;272,-21,-8;300,-3,43;310,-8,34;315,21,-37;320,-22,45;335,5,-32;434,-28,98;439,-7,40;500,-13,61;550,-5,14;575,6,0;580,-16,38;595,8,-9;605,-2,16;615,-10,27;625,-3,12;640,-5,-3;644,-14,62;645,7,-22;655,-1,-2
rua|conde|zeppelin|aeronautas|33236426|265,-1966289,-4388602;275,-1,12;285,-1,15;290,3,-6;300,-7,13;305,5,0;310,-6,8;315,6,11;320,-4,-4;325,5,15;330,-6,-3;335,2,17;345,3,16;355,3,10;360,-6,-19
rua|conego|calasans|santos dumont|33239236|30,-1964358,-4390373;40,-3,-18;43,-1,7;50,-10,-18;57,-5,-8;67,-3,-20
rua|coronel|benjamin pinto alves|vila joana darc|33239222|11,-1963966,-4390244;163,14,-52;191,16,-38;201,4,-12
rua|coronel|dirceu paiva guimaraes|aeronautas|33236440|11,-1966623,-4389142;21,-2,25;30,-3,13;31,-1,5;40,-1,12;41,1,-1;46,-1,13;51,3,3;79,1,5;82,2,7;99,-4,126;102,2,-105;113,-3,12;121,2,-14;122,-5,13;131,3,14;132,5,2;143,-4,19;180,2,56;182,-1,-17;215,-2,6;235,3,26;240,3,-8;245,-2,10;250,0,28;255,2,-8;260,-4,12;265,3,3;275,-1,0;280,-11,10;283,14,4;285,-1,3;310,2,8;315,2,21;317,-9,-69;318,3,61;320,-1,14;370,1,46;400,5,21;402,2,14;412,-3,6;421,-6,22;450,6,12;460,6,18;470,-6,1;478,-2,43;480,2,-21;488,-1,10;490,5,10;641,9,211;650,-6,3;700,-9,51;705,15,-17;715,-1,25
rua|coronel|dirceu paiva guimaraes|santos dumont|33236440|399,-1966616,-4388770;405,-2,-7;415,-1,30;425,5,12;439,-7,7;443,3,11;449,1,4;459,-2,15;469,7,12;479,-9,0;489,0,19;499,3,20;540,1,60;550,6,17;560,-9,11;570,-1,3;575,11,6;580,-10,14;585,7,-2;590,-7,16;595,9,-4;605,4,13;615,-2,6;620,-12,6;625,5,3;630,-2,5
rua|coronel|inacio carlos moreira murta|jardim imperial|33234174|2,-1960173,-4389810;12,16,2;36,19,12;40,16,4;45,-7,-3;49,4,3;52,7,4;55,2,-1;60,6,6;85,27,8;95,6,6;100,-3,6;105,9,1;107,9,2;115,4,-1;126,-32,-5
rua|coronel|lucas gouveia|vila joana darc|33239218|111,-1963884,-4390272;112,2,1;166,31,-53;176,-1,-7;190,12,-20;200,6,-16;271,20,-47
rua|coronel|modestino goncalves|bela vista|33239192|16,-1963727,-4390701;36,-14,-4;54,-15,3;70,-26,4;118,-40,-2;130,-9,6;142,-15,2;154,-12,-2;166,-10,-2;178,-10,0;190,-7,-1;202,-12,4;214,-12,2
rua|coronel|modestino goncalves|santos dumont|33230190|1031,-1964609,-4390644
rua|coronel|modestino goncalves|santos dumont|33239190|63,-1963758,-4390695;157,-88,-1;165,-11,8;211,-19,6;295,-131,5;315,-22,1;325,-24,2;335,-15,-2;355,-30,2;463,-80,6;555,-70,7;577,-22,8;621,-24,-9;635,-69,12;700,11,-4;855,-104,4;921,-53,3
rua|coronel|modestino goncalves|santos dumont|33239318|90,-1964510,-4390653;1010,-66,-23;1020,-21,27;1030,-4,5
rua|coronel|nery|vila militar|33236036|1,-1964621,-4389472;2,3,22;3,0,29;4,21,15;5,7,25;6,4,18;210,23,61;220,15,60
rua|dona|ieda|francisco pereira|33236294|25,-1965589,-4387401;34,9,1;50,-12,22;59,-2,22;60,-2,-20;72,-1,21;94,9,25;128,2,47;138,-6,5;146,1,1;149,-61,78;150,60,-78;153,8,-11;155,-2,17;163,-63,87;165,62,-70;170,-9,-14;173,-53,91;175,68,-67;183,-72,87;193,5,0;203,2,22;208,53,-64;210,3,7;215,-55,63;225,-3,7;231,62,-64;235,-56,74;241,58,-72;243,2,7;244,-15,16;245,13,-7;251,4,3;253,0,8;255,-33,41;257,32,-27;259,-1,1;261,7,12;265,-25,40;267,26,-19;273,-73,38;276,61,-40;279,10,69;280,-7,-46;295,-62,52;296,59,-48;306,2,7;316,1,13;330,9,17;332,-8,-3;342,2,11;350,-3,2;352,1,16;409,11,-6;455,-3,42;465,-2,12;475,3,17;485,3,3;487,-2,-2;488,-5,7;515,8,37;520,-8,1;525,10,-1;530,-7,19;540,-1,14;554,-4,3;555,12,-8;566,-5,31;567,4,-21;569,0,13;571,3,20;586,-5,-1;602,-2,30;608,5,23;614,0,0
rua|dona|nozinha|jardim imperial|33234162|1,-1960277,-4390181;2,2,-8;3,8,-10;8,41,-22;12,51,2;13,-8,0;60,-76,5;70,13,-16;80,0,-2;90,1,0
rua|dona|quita|recanto da lagoa|33236116|33,-1965158,-4388624;45,-2,16;60,-11,15;75,-6,28;80,-3,-6;85,-6,23;95,4,19;105,-13,14;115,-2,17;151,-14,44;160,10,-29;221,-6,38;230,-3,43;231,0,-15;240,-12,24;261,-8,31;271,1,24;286,0,-11;290,-11,39;291,7,-6;345,-7,35
rua|dona|santinha ferreira|recanto da lagoa|33236136|520,-1965405,-4389071;540,-2,-3;620,3,-7
rua|dona|titina|lagoa mansoes|33236756|60,-1965167,-4386459;75,-4,-18;80,38,37;85,-19,-19;90,29,27;100,12,3;110,27,15;130,31,-5;135,-66,-19;140,101,28;160,21,4;165,-89,-22;175,40,4;179,21,1;180,58,21;185,-33,-12;205,23,-1
rua|doutor|antonio abreu jr|santos dumont|33239088|73,-1963540,-4390242;80,30,-6;99,9,-31;103,-14,17;121,37,-43;139,-70,85
rua|doutor|geraldo nassif|jardim ipe|33239805|15,-1965302,-4390948;35,15,1;45,13,12;65,8,6;85,36,12;95,4,3;100,2,14;105,18,-10;120,11,21
rua|doutor|heraldo dias ribeiro|bela vista|33239350|10,-1963696,-4391117;20,-17,3;25,0,0;35,-15,9;38,4,-13;39,-7,7;40,3,-5;45,-8,0;50,-12,-8;55,-1,8;70,-13,-7;74,-2,-2;85,-10,5;87,-7,-2;90,-1,-3;94,-7,-1;95,4,5;96,-10,-10;97,5,9;98,-8,-5;105,-1,1;115,-32,1;125,11,3;130,-3,-15;135,-8,11;140,-13,-5;145,-2,7;150,-8,-14;160,0,2;165,-5,3;167,-3,1;170,-7,-6;178,-7,5;200,-37,-13;210,-13,2;220,-12,-6
rua|doutor|lund|bela vista|33239202|155,-1964011,-4390481;227,52,-1;229,-2,-5;231,7,-2;233,0,1;235,0,-1;239,7,6;241,1,3;245,13,-1;247,4,-7;249,1,4;265,88,-20;330,-67,17;400,131,-35;1620,94,40
rua|doutor|rodolfo raush silva|varzea|33233390|7,-1963212,-4387166;20,21,7;41,-9,-31;61,0,-39;70,12,-23;71,-9,12;101,4,-25;121,-2,-20;141,5,-9;150,8,-11;158,3,-21;161,-5,-8;175,0,-6;185,2,-26;195,3,-16;211,-2,-20;217,4,-18;310,56,-43;321,-49,-9;340,5,-12;350,1,-4;351,-29,-22;360,80,6;361,-59,-18;366,12,-1;370,-2,-11;372,-2,-24;380,-8,-5;391,9,-62;400,2,36;444,10,-46;450,-9,-16;451,-5,-5;481,-65,-106;489,-2,16;490,-8,8;500,2,15;501,5,2;511,-4,30;525,4,-6;590,-10,16;599,0,33;610,-4,6;611,6,-26;630,-9,39;641,3,12;650,-6,3;660,1,11;661,4,0;680,-6,23;681,0,8;700,-5,15;710,2,19;715,-2,-8;720,-4,32;735,2,-15;755,13,31;760,-19,-10;765,5,25;780,-6,8;785,-1,29;800,4,-30;821,1,34;830,-9,28;850,-3,17;861,6,1;881,-1,24;900,-8,-18;901,2,36;950,-3,-10;960,0,12;980,-8,28;1000,3,10;1011,7,-21;1020,-13,45;1021,9,-35;1031,-1,25;1051,1,27;1061,-18,137;1121,10,-100;1161,-4,28;1200,2,-52;1205,-4,84;1220,1,-58;1221,1,72;1230,-1,-59;1240,-24,17;1241,17,60;1250,-6,-33;1260,8,20;1261,-2,44;1270,-9,-19;1280,0,8;1281,37,16;1301,-10,56;1311,1,42
rua|duque|de caxias|santos dumont|33239234|48,-1964281,-4390398;137,-11,5;147,4,-9;153,6,-7;154,-1,1;169,-5,-10
rua|engenheiro|vicente de freitas|promissao ii|33230390|90,-1963088,-4390766;120,-1,7;130,9,1;140,6,18;142,-2,11;148,1,-4;150,7,7;160,-1,5;170,0,19;180,16,1;190,-5,19;200,4,9
rua|jornalista|joaquim brum de almeida|conjunto bela vista|33239182|13,-1963711,-4390856;16,1,1;31,-35,-2;34,10,-7;49,-6,8;54,-13,-1;67,-14,4;74,7,-6;121,-60,11;143,-10,4;155,-10,-1;156,-2,-5;167,-12,5;179,-4,1;180,-6,-5;191,-3,6;192,1,-6;203,-11,10;204,3,-9;215,-14,5;216,-5,-2;227,-8,6;228,5,-10;239,-17,9;240,6,-6
rua|major|vaz|nossa senhora de lourdes|33233212|232,-1965000,-4387513;235,6,6;242,-9,2;245,2,3;250,-5,10;252,-6,5;255,8,-3;282,-14,20;285,-1,15;286,-3,-1;287,0,8;315,-15,39;333,-7,15;340,-1,-8;345,-2,13;350,-7,3;360,-2,-1;365,6,12;372,-12,13;384,-7,12;396,-1,6;400,-3,10;405,6,-2
rua|major|vaz|varzea|33233212|9,-1964949,-4387626;19,-4,7;29,-1,13;33,-4,3;34,-7,7;35,7,-2;44,-16,15;55,7,-5;67,-6,9;74,-18,25;75,17,-18
rua|marechal|deodoro da fonseca|centro|33230040|1,-1962856,-4389210;27,-5,-42;44,0,-1;55,-11,-4;56,11,-6;61,-14,-4;74,8,-24;83,-16,6;100,2,-15;111,-19,-6;128,3,-14;131,-20,0;141,27,23;142,-16,-36;143,83,135;144,-102,-169;145,85,161;187,-94,-163;197,-1,-16;245,-31,-41;270,-2,-10;280,2,-2;283,-25,-18;290,11,-2;345,-20,-17;361,-25,-32;370,1,-10;374,-9,-11;381,-1,1;400,3,-2;401,-10,-4;410,0,-8;413,-12,-6;419,-4,-5;426,2,-5;436,27,-26;437,-33,25;456,33,-25;466,-71,-49;469,17,47;479,-8,-12;483,0,-3;495,-12,-8;507,0,-10;519,-3,-10;539,-25,-32;548,9,3;555,1,-3;560,-10,-9;561,7,11;570,-12,-22;577,-7,5;586,-7,-13;590,2,0;595,-2,0;600,-12,-15;610,8,0;622,-7,-10;630,-10,-5;642,4,-15;660,-15,-12;669,6,21;683,-22,-26;685,-9,-13;688,14,14;690,-10,-5;694,-3,-10;701,-10,-10;708,-2,1;717,-5,-11;728,-3,-10;733,-7,-5;742,0,-7;756,-6,-6;767,-17,-17;768,32,33;777,-33,-20;780,-8,-5;815,-14,-28;834,-6,-28;862,-25,-26;864,3,2;865,-10,11;885,-14,-10;901,-4,-17;927,-12,0;945,-19,-13;965,-2,-2;967,-11,-11
rua|ministro|salgado filho|aeronautas|33236442|103,-1966680,-4389056;107,0,2;127,-2,22;136,-12,20;138,2,2;147,0,9;148,-3,3;157,12,11;159,-11,8;181,3,68;185,7,8;230,-9,-47;248,3,6;255,3,23;258,-1,-3;285,-1,36;288,-13,-10;295,6,14;305,5,17;353,-3,20;399,6,32;400,1,60;405,4,-7;410,-9,7;415,4,7;425,6,20;435,-3,2;445,5,13;460,-18,95;465,18,-81;470,-8,1;477,4,10;486,-1,15;500,2,129;518,-5,-108;519,-3,-271;528,7,285;529,-7,26;610,-4,43;620,12,19;650,0,26;660,-1,11;670,-1,17;680,3,3;700,5,17;710,-1,16;770,1,16
rua|ministro|salgado filho|santos dumont|33236442|549,-1966680,-4388607;589,1,26;599,0,7;609,-2,10;637,1,24;641,3,3;651,-1,21;655,1,10;657,0,3;671,-4,7;685,4,26;687,-1,-15
rua|nossa senhora|aparecida|por do sol|33231018|26,-1960592,-4390797;36,5,0;52,-1,-17;56,5,-8;66,3,-9;80,1,-18;92,3,-6;96,4,-4;128,0,-12;130,2,-11;140,1,-5;156,1,-11;168,1,-12;174,1,0;178,1,-4;190,4,-12;210,-2,-7;220,3,-11
rua|nossa senhora|aparecida|recanto da lagoa|33236060|4,-1964683,-4388817;6,-13,-23;13,-7,-14;15,0,-11;17,-10,-13;18,12,5;19,-2,-2;20,0,8;22,-7,-13;23,-3,-4;35,-12,-10;90,12,-10;100,-21,0;117,-4,0;122,0,-3;127,-9,-5;139,-14,-12;146,17,12;147,-21,-26;148,12,18;160,-10,-17;165,-12,-1;170,3,-9;190,-4,-4;198,-10,-19;200,2,1;202,-8,6;214,-7,-5;245,-19,-3;247,-11,-20;250,23,15;255,-12,-5;256,8,-2;257,-26,-15;260,66,-7;262,-6,3;270,17,-26;310,28,-48;1343,44,247
rua|nossa senhora|aparecida|santos dumont|33239264|10,-1964685,-4390431;14,-3,8;20,-2,4;21,13,23;25,1,2;30,-8,-18;32,1,4;34,1,11;44,3,5;52,-2,6;54,-10,4;56,10,5;60,1,2;100,0,0;110,4,15;118,0,0;120,-1,2;130,-25,20;137,25,-10;140,-7,11;142,1,-1;146,1,19;163,4,47;175,4,-19;180,-1,14;191,-1,5;199,2,12;203,2,6;205,0,3;220,-18,3;225,38,3;265,-18,19;270,-2,30;274,-2,-13;275,6,-5;280,-3,13;282,1,7;290,0,5;295,0,-12;315,2,23
rua|nossa senhora|aparecida|varzea|33233054|4,-1963825,-4388432;12,3,11;15,-27,18;36,2,6;60,-15,18;72,-5,-1;85,-10,20;86,2,-11;106,-18,22;123,5,5;125,-10,1;126,-10,9;135,-4,10;145,1,8;148,-3,-8;164,-8,11;167,-1,6;168,-6,-1;178,-13,15;179,15,-4;189,-6,7;198,1,-2;208,-19,-13;215,1,47;225,-4,27;226,-11,-82;230,-10,40;235,3,40;257,-4,30;305,-30,3;335,-5,11;345,-25,18;375,-11,12;385,-3,6
rua|nossa senhora|aparecida|vila maria 2|33231018|11,-1960593,-4390800;19,3,-1;25,0,-16;55,4,-13;65,2,-10;75,3,-13;79,5,-3;97,2,-10;103,2,-20;123,0,-7;133,2,-1;165,-1,-21;175,0,-5;191,5,-14;201,3,-8;211,-1,-3;217,2,-9
rua|nossa senhora|da conceicao|joa|33233262|1,-1964123,-4386996;3,5,4;26,-1,-8;42,-31,0;45,-19,2;55,-15,4;60,26,-4;69,-27,4;70,15,-6;80,-14,2;85,-22,3;95,19,-4;100,-3,-2;130,-25,-1;180,249,34;190,-15,1;200,-278,-35;201,267,40;205,-277,-35;207,249,39;210,21,-9;215,-279,-28;216,1,-9;220,287,36;225,-298,-30;226,-6,-8;230,-13,0;242,273,27;250,-281,-26;252,266,29;255,-1,4;262,-274,-34;270,231,13;272,-238,-15;274,-14,3;275,181,22;280,59,-13;285,23,13;730,-356,-22;731,-3,5;740,-11,-10;741,-6,9;779,-17,-5;780,-1,-8;781,-18,10;795,-22,-1;805,-10,-2;810,2,-7;812,4,0;815,-10,9;816,29,-7;820,3,-1;825,-48,5;830,-16,-75;835,-4,77;940,-64,-9;945,-8,5;950,1,-3
rua|nossa senhora|da conceicao|sobradinho|33233740|35,-1961521,-4388096;53,47,34;55,7,0;57,7,1;59,5,-3;65,8,-15;67,13,33;85,3,3
rua|nossa senhora|da saude|centro|33230130|40,-1962688,-4388977;46,3,11;55,4,13;56,-3,-4;66,5,13;75,-1,3;76,2,3;86,-1,5;95,7,15;96,-5,-5;106,5,1;113,1,12;126,-3,1;128,-3,4;129,14,9
rua|nossa senhora|da saude|vila maria 2|33230130|25,-1960636,-4390794;29,1,-9;33,1,-14;34,3,9;39,1,-15;40,-1,6;41,2,-17;44,3,9;45,-1,-11;54,4,-3;55,-1,-16;64,5,-2;65,-6,3;76,3,-8;77,3,-12;81,-1,-8;86,1,13;91,1,-23;94,1,15;105,3,-27;108,-1,6;120,3,-5;136,4,-5;145,-4,-7;148,3,-8;151,-3,4;160,4,-11;161,3,-4;170,-1,-5;171,2,-2;179,2,-14;180,0,6;185,-1,-13;200,2,-3;215,0,5
rua|nossa senhora|das gracas|por do sol|33231024|21,-1960491,-4390861;39,2,-8;99,1,-15;111,2,0;123,4,-11;133,1,-6;143,2,-16;147,3,-5
rua|nossa senhora|das gracas|santos dumont|33239280|65,-1964752,-4390511;75,-2,10;77,0,12;80,-7,-20;84,2,9;86,-4,4;87,3,14;89,-2,4;90,-2,1;99,-2,5;100,-11,8;102,0,2;105,36,5;106,-34,1;108,-25,13;109,32,-14;111,-55,21;113,1,-3;118,-6,-3;120,1,5;122,12,-6;124,-26,-6;125,60,-1;126,-37,7;133,-38,8;141,-21,5;143,103,-5;147,7,23;160,36,14;163,4,-27;164,-17,9;165,0,0;167,-55,-28;168,41,34;170,-103,-19;171,-29,9;172,13,-12;175,143,12;176,-148,-2;182,-6,-4;183,-15,9;184,-2,-2;186,7,-6;188,-21,14;189,4,-5;195,69,9;199,83,9;208,-163,-14;211,163,15;215,1,6;217,-168,-21;221,172,26;223,0,2;225,2,6;227,-184,-28;229,185,28;230,-17,-29;235,-192,5;240,13,-5;244,0,-2;248,-10,8;255,-7,-1;256,-8,-3;260,1,0;269,194,28;270,-209,-32;273,26,5;281,180,40;290,10,-40;291,-14,47;298,-197,-50;300,199,25;303,-7,37;306,-212,-46;307,10,-3;308,-10,6;310,223,5;315,2,62;330,-11,-28;335,21,37;338,-29,-27;341,54,24;343,3,-1;345,-11,-1;348,-49,-21;358,4,5;360,2,22
rua|nossa senhora|das gracas|vila maria 2|33231024|100,-1960483,-4390877
rua|nossa senhora|de fatima|recanto da lagoa|33236048|10,-1964789,-4389095;24,2,-14;30,2,-3;36,-3,-11;80,9,-37;91,2,-19;92,0,9;96,3,-21;101,0,-1;102,4,-1
rua|nossa senhora|de lourdes|nossa senhora de lourdes|33233206|4,-1965075,-4387581;12,-39,-20;24,19,10;34,7,4;44,11,4;55,-7,-9;58,16,13;59,-17,-14;65,9,5;67,8,-1;146,12,13;156,24,12;170,12,2;180,2,7;190,14,5;194,38,18;196,-34,-15;200,55,25;260,48,23;280,9,6;300,10,-1;310,16,8;330,13,6;360,34,19
rua|nossa senhora|de lourdes|varzea|33233206|151,-1965039,-4387575;161,16,9;163,13,7;223,45,22;241,14,7;253,15,2;255,-20,-6;265,66,27;275,-30,-17;325,66,35;333,38,19;335,-22,-10;345,7,6
rua|nossa senhora|do perpetuo socorro|centro|33239070|33,-1963157,-4389993;34,8,-17;44,-3,-16;55,-6,8;67,1,-21;68,2,2;70,1,0;76,-2,-15;78,2,-7;80,-4,-6;82,0,-4;85,-8,13;90,6,-14;95,-3,-1
rua|nossa senhora|do rosario|lapinha|33242000|15,-1957215,-4395515;23,78,-29;25,-32,13;40,16,8;62,19,-9;93,13,-20;99,13,-4;113,-61,27;129,105,-43;149,-11,7;171,11,-7;181,25,-4;189,4,0;201,3,-2;211,17,-9;225,17,-6;227,13,-1;235,12,-6;256,-23,16;276,52,-10;333,13,-18;425,99,24;651,221,-18;667,4,-10;831,78,-51;858,-7,122;877,34,-168;1127,75,-236;1155,11,-5
rua|padre|agnaldo leal|bela vista|33239172|14,-1963693,-4391043;26,-19,-3;38,-18,1;50,-8,2;62,-8,-1;74,-15,-5;86,-12,-1;98,2,0;110,-12,-1;122,-12,2;134,-6,-1;146,-18,-8;158,-9,4;170,-8,-5;175,-5,12;182,-12,-11;187,-3,8;194,-3,-10;199,-11,10;206,1,-8;215,-8,5;218,2,-3;229,-19,3
rua|padre|agnaldo leal|conjunto bela vista|33239172|13,-1963696,-4391031;27,-18,-3;39,-12,-2;53,-15,0;67,-8,8;95,-21,-12;107,-8,0;121,-13,0;133,-13,-6;145,-16,-4
rua|padre|jose mendes de aguiar|centro|33230043|15,-1963074,-4389628;36,17,-2;46,10,3;47,-4,-10;57,11,-1;62,-8,8;67,34,-20;82,-17,13
rua|presidente|antonio carlos|centro|33230046|22,-1962948,-4389567;29,-10,-11;34,2,-9;39,10,27;41,-24,-33;45,-7,-15;57,7,5;80,-4,-19;87,-11,0;97,0,-6;107,-4,-16;116,7,7;124,-7,-23;133,-24,6;136,20,-9;140,-6,-11;150,-2,-7;153,-5,-3;156,4,-2;158,-4,-12;165,-15,-6;170,10,-10;172,-7,-5;173,2,14;181,-2,-14;182,3,-3;188,2,-6;189,-6,4;195,-9,-12;205,-20,-2;206,33,3;210,-2,-10;216,8,181;226,-13,-193;227,-4,2;237,42,58;242,-52,-79;245,5,11;246,2,-19;249,-5,11;259,-3,-3;273,-5,-14;335,-20,-56;341,-6,-7;342,4,-12;345,1,2;347,-3,-5;349,-2,1;357,7,-17;372,2,-20;377,2,7;387,5,-22;394,-4,29;405,-5,-34;415,10,-17;525,-15,115
rua|presidente|medici|vila militar|33239888|1,-1965452,-4390723;2,-4,-1;3,-7,1;4,2,-12;5,-11,-4;6,-4,3;7,-3,-8;8,-6,-1;9,-11,-4;10,-2,-1;11,-7,-6;12,-5,3;13,-9,-8;14,2,-2;15,-10,-5;16,-1,4;17,-14,-12;18,1,2;19,-10,-2;20,3,-4;21,-27,-24;22,-6,-4;23,-7,1;24,4,2;25,-17,-13;26,-6,2;27,-5,4;28,-4,-1;29,-8,-16;30,0,0;31,-5,-4;32,-4,-3;33,-16,0;34,-5,-3;35,-11,2;36,2,-5;37,-7,-2;38,0,-8;39,-9,-7;40,-3,11;41,182,108;42,-1,-6;43,-8,-4;44,-2,0;45,-10,-6;46,-2,-1;47,4,-5;48,-16,-2;49,-7,-5;50,-1,-4;51,-11,-2;52,-4,-2;53,-28,-11;54,-2,-3;55,-9,-10;56,-3,0;57,-5,3;58,-6,-5;59,-3,-9;60,-9,1;61,-11,3;62,-2,-11;63,-8,-2;64,-3,-3;65,-2,-10;66,-8,4;67,-6,-4;68,-1,1;69,-13,-5;70,-5,-2;71,-4,-4;72,-6,-2;100,223,122;110,76,36;120,41,25;130,40,31
rua|princesa|elizabete|francisco pereira|33236282|75,-1965494,-4387369;112,12,0;120,-33,-13;125,11,2;130,-25,-3;140,-14,0;150,-11,3;170,-11,-4;180,-7,-5;182,0,0;190,-4,8
rua|professora|portela|bela vista|33239226|226,-1963923,-4390468
rua|professora|portela|santos dumont|33239194|206,-1963897,-4390517;329,12,-32;340,5,18
rua|professora|portela|vila joana darc|33239226|80,-1964004,-4390319;90,29,-50
rua|professor|candido de almeida|santos dumont|33239230|43,-1964147,-4390300;110,20,-20;123,-5,-43;128,10,-11;143,-2,-15;144,5,0
rua|professor|candido de almeida|vila joana darc|33239230|50,-1964146,-4390280
rua|professor|hilton rocha|praia angelica ii|33236010|20,-1964767,-4389919;25,-9,6;40,-10,-15;65,52,-23;75,-187,-217;77,123,245;85,-126,-271;115,-11,-30;117,93,281;120,-86,-313;127,61,306;130,-72,-310;140,-25,-8;141,94,316;145,-63,-295;147,51,289;154,-85,-319;164,-13,-13;177,18,23;185,-14,-14;195,-15,-11;200,213,120;217,-123,182;227,-2,-8;230,17,-2;234,-122,-315;237,107,305;241,-116,-301;242,0,-8;244,-19,-19;250,149,313;254,-153,-316;260,-12,-12;267,143,308;270,20,-2;275,-151,-270;277,146,268;290,8,-13;292,0,-9;295,-193,-259;300,193,229;301,-198,-229;303,189,238;305,-208,-245;310,221,225;315,-192,-255;316,2,-1;317,168,248;320,-177,-257;322,-13,-9;326,-16,-15;328,-7,-9;330,236,272;333,-247,-211;335,-14,-19;336,17,-47;337,215,267;345,-202,-194;346,-26,-83;351,8,77;355,-6,-8;356,-10,-73;360,269,284;361,-270,-220;370,272,194;375,-280,-196;376,-3,-67;377,276,244;380,10,-12;381,-8,-9;384,-290,-222;385,8,44;395,-1,-6;400,5,0;411,-11,-11;421,-2,-7;435,280,177;447,21,11;455,4,7;470,47,27;475,-21,-18;515,32,17;545,37,19;557,11,2;603,16,13;615,24,22;645,-3,22;650,2,4;653,-2,8;665,5,23;680,-2,7;685,-2,16;695,-1,18;705,-8,5;710,6,-24;725,2,48;735,-6,11;756,-5,-20;780,-4,73;815,2,22;825,-4,21
rua|professor|jose eduardo|centro|33230097|8,-1962744,-4389417;9,45,56;13,30,158;15,-4,-1;18,29,-12;19,-28,7;20,-73,-215;21,71,215;24,-76,-226;28,72,148;33,-3,55;34,-69,-211;42,-3,-3;45,79,177;46,-84,-182;48,93,209;51,-15,-40;52,-72,-170;54,86,166;58,-11,4;67,2,36;70,-6,-58;81,-3,0;101,-2,-22;103,-7,-22;128,-6,-12;133,1,-14;158,-4,10;162,-5,-12;175,-7,-12;184,-6,-8;200,-4,-18;210,-7,4
rua|professor|raimundo correia|santos dumont|33239240|45,-1964540,-4390391;64,3,-5;65,0,-25;1832,-3,56
rua|professor|ubiratan viana novais|conjunto vila maria|33230812|20,-1960197,-4390412;25,-9,-2;30,-3,-12;35,-10,-3;40,5,-10;45,-3,3;50,2,-8;55,-1,-4;60,0,-6;65,-6,8;70,1,-21;75,-6,23;78,8,-20;80,2,-6;85,-3,0;90,-4,-12;95,-9,-37;100,7,29;105,-1,3;110,4,-17;115,-7,2;120,7,-6;125,-7,2;130,5,-10;132,0,-6;135,-8,-5;140,7,1;145,-7,-4;150,25,-18;155,-30,8;165,-3,-11;175,1,-8;180,7,6;185,-7,-14;190,5,11;195,-2,-20;200,-2,6;205,-5,-18;210,4,3;215,-5,-4;220,5,-4;225,-9,-13;230,5,-2;235,-6,-7;240,6,-1;245,-6,-9;250,10,-3;255,-15,-26;260,8,16;265,-5,-11;270,5,8;275,-5,-8;280,6,3;285,-12,-17;290,8,6;295,-6,-16;300,6,1;305,6,84;315,-18,-97
rua|professor|walter passos|conjunto bela vista|33239170|15,-1963792,-4390711;35,0,-15;48,6,-13;55,-4,-2;60,13,-21;67,-7,-6;72,6,2;84,0,-9;96,1,-10;99,-19,6;108,20,-18;119,-9,-13;120,11,1;132,1,-13;139,-12,-4;151,1,-9;212,18,-69;224,1,-12;236,1,-9;248,0,-6;260,0,-3;272,2,-16;275,-15,-12;284,15,-3;285,-8,-7;296,9,2;299,-9,-16;308,7,3;309,-3,-12;320,7,-6;321,-9,-11
rua|santa|catarina|joa|33233140|5,-1964167,-4388142;12,-22,1;15,-3,3;35,-23,-1;100,-34,-8;105,23,4;125,-64,-2;130,4,0;140,-8,7;150,-21,-10;170,-3,0;176,-7,-4;245,-8,11;400,-90,-9
rua|santa|cecilia|centro|33234520|30,-1962088,-4389548;50,-7,0;52,-2,-3;68,-30,-12;70,-3,-4;72,-4,-3;80,-10,-6;110,-11,-5;126,-13,-4
rua|santa|cecilia|centro|33239304|150,-1962217,-4389609;180,-9,-8;190,-10,0
rua|santa|cecilia|sobradinho|33230260|5,-1962076,-4389542;53,7,2;55,-37,-12;65,-9,-6;75,-8,-4;85,-18,-8;95,4,-1;111,-17,-8;129,-25,-8;185,-32,-25;193,-10,-5;195,-9,3;201,-10,-4;207,0,-2;211,-15,-7
rua|santa|cruz|palmital 3|33234294|1165,-1959946,-4389752;1175,5,22;1191,-11,41;1201,-8,29;1280,14,-55;1290,-8,13
rua|santa|cruz|palmital 3|33234310|28,-1959695,-4389338;30,121,-10
rua|santa|cruz|palmital|33234294|100,-1959304,-4390045
rua|santa|cruz|palmital|33234540|1,-1959257,-4390036;3,-129,19;95,-5,-50;100,7,-7;115,-4,21;155,-89,32;160,-3,-15;170,1,-1;435,602,-183;455,3,-5;457,-4,6;461,16,-6;463,6,-3;493,9,-1;505,21,1;515,11,-31;525,0,-16;585,16,42;589,22,-24;595,4,-23;597,18,41;599,4,0;605,8,3;611,11,-1;613,4,18;615,4,5;621,19,-11;625,7,-29;627,6,28;635,-9,-11;647,42,2;651,22,-14;661,-3,4;697,20,-20;707,15,10;716,-1249,241;717,1257,-241;727,8,-13;902,-1392,344;954,173,-99
rua|santa|helena|santos dumont|33239288|8,-1964839,-4390423;12,1,-1;16,-2,12;26,15,20;27,-6,-19;31,3,10;34,-1,27;35,6,-14;41,11,27;42,-18,-15;53,17,6;77,9,22;105,-71,-102;125,-17,-20;129,-3,2;135,-8,8;150,54,16;155,-385,-183;160,372,182;168,-10,-14;180,-18,-6;204,-13,-9;205,-2,-3;209,-11,1;214,-1,-6;219,-9,-7;220,-2,4;229,-6,-4;240,-189,-104;245,182,101;246,-1,-5;255,-13,2;261,4,-2;264,-3,-5;265,-18,2;280,9,-7;295,-13,-5;300,0,-2;312,-11,0;337,-104,-55;339,105,51;343,-9,-1;344,-9,-12;345,-1,1;347,-86,-36;354,89,37;355,-110,-45;368,105,44;378,-12,-8;381,-38,-12;385,0,0;411,-94,-31;414,90,23;416,-156,-52;417,60,6;419,-2,-2;432,82,40;440,0,2;445,-104,-38;447,-6,-3;450,97,29;451,-120,-34;453,0,13;455,-4,-9;461,-5,9;467,7,-4;471,-6,-3;475,0,-4;481,-3,-5;498,47,5;499,-59,-10;500,119,37;502,-62,-23;504,-5,2;506,-3,-6;508,-6,-3;517,-25,-10
rua|santa|ines|santos dumont|33239266|181,-1964692,-4390273;189,-1,10;211,-17,15;221,-2,25;223,-2,11;228,-3,4
rua|santa|inez|santos dumont|33239266|40,-1964649,-4390387;51,-2,6;65,-6,11;74,-10,26;75,10,-14;113,-4,10;115,11,-62;127,-19,82;153,-5,23;158,-12,18;166,-6,6;180,-30,1;196,-8,-13;200,11,34;204,1,-4;208,15,16;210,-2,3;212,-15,-22;218,10,35;222,-26,-64
rua|santa|isabel|santos dumont|33239256|18,-1964531,-4390119;21,70,11;22,-31,-6;26,29,8;28,-68,-13;30,0,1;31,62,17;35,0,4;37,-11,-2;47,18,3;50,-25,-12;55,-9,2;70,-12,-5;73,-3,-1;80,-17,0;87,17,4;90,-33,-14;91,29,19;93,-8,3;100,-27,-24;102,0,0;112,-2,2;113,16,8;114,-73,-52;115,70,49;121,-7,1;125,-8,-13;131,-6,-1;140,-2,-10;141,-3,-1;144,1,-22;150,-2,3;160,-4,-9;182,-31,1;201,31,0;211,-20,-1;223,-11,4;235,-5,-3;247,-16,1;259,-18,6;265,-4,-4;280,22,-3;288,-4,3;290,-12,-14;300,-13,15
rua|santa|luzia|conjunto ovidio guerra|33233020|22,-1963782,-4391309;27,-11,-4;37,-2,-3;38,11,-2;47,-9,-4;50,8,-10;54,6,-14;77,-3,-11;81,-4,-9;97,6,-14;106,7,-3;107,-5,-4;110,8,5;111,-7,-18;121,-5,-11;122,11,13;125,-1,-15;163,-6,-28;170,9,2;180,-1,-6;184,3,-10;185,-2,-12;194,6,1;198,0,-12;222,0,-23;226,-1,-5;236,-2,-1;240,13,-10;241,-16,5;250,11,-13;251,-12,11;254,13,-18;261,-10,-2;266,8,-6;270,4,-8;279,2,-25;309,-4,-7;321,4,-13;333,0,-14;345,-6,3;361,8,-33;365,-9,-7;368,8,1;369,0,3;380,5,-3;381,-5,-2;384,11,-8;385,-9,-1;394,6,-10;395,-11,14;398,15,-19;399,-12,-3;410,10,-2;411,-1,-4;414,2,0;415,-3,-2;436,10,-19;437,-15,-4;440,15,-4;441,-12,-4;453,8,-15;456,2,10;457,-6,5;466,7,-15;467,-5,0;470,7,-10;471,-9,-6;482,6,2;486,1,-8;487,-6,-6;490,13,-21;500,-4,3;509,-5,1;513,4,-9;523,1,-3;526,2,-6;527,7,-7;536,-4,-8;539,-7,5;540,7,-2;543,-2,-7;550,3,-6;555,-2,1
rua|santa|luzia|varzea|33233020|20,-1964193,-4388584;36,22,168;60,-6,-49;100,4,20;105,-2,8;109,-1,1;115,29,9;125,-27,9;145,-2,13;155,42,8;171,-42,21;181,2,17;193,2,2;199,0,14;200,1,15;256,30,29;266,1,15;307,8,1;308,0,19;313,3,-8;318,-2,21;414,43,87
rua|santa|maria|santos dumont|33239294|2,-1965072,-4390552;8,-3,1;16,-6,11;18,-1,3;38,2,0;45,-3,9;51,-7,11;52,3,-5;64,-16,10;67,4,12;70,-5,9;81,1,-18;83,10,18;86,-11,3;89,-10,-4
rua|santa|rita|nossa senhora de lourdes|33233220|15,-1965092,-4387516;18,-3,-2;20,2,1;22,10,5
rua|santa|rita|santos dumont|33239304|8,-1965247,-4390737;12,18,-7;18,12,-13;26,-6,7;27,5,3;31,-10,3
rua|santo|antonio do monte|recanto da lagoa|33236046|76,-1964615,-4389079;82,25,2;85,-37,42;86,21,-5;87,-30,-4;90,15,2;104,0,-3;106,-7,2;107,-14,-4;116,7,1;126,-13,-20;128,-1,12;136,-10,2;141,-5,0;142,-8,-7;160,-12,1;162,7,0;171,-21,0;177,-12,-12;179,-4,6;182,-1,-6;190,-2,-2;192,-5,7;194,-14,-17;195,9,12;196,-13,-12;205,-5,11;208,-7,-12;209,0,4;216,-10,-4;220,-7,-5;248,-5,-3;250,-2,2;275,-30,-8;285,-15,1;295,-10,-2;305,-6,0;315,-12,-3;325,-20,1;335,-4,1
rua|santo|antonio|recanto da lagoa|33239272|66,-1964774,-4388389;76,-7,7;80,-8,17;123,-8,20;132,-3,14;133,-4,4;143,-11,8;153,-5,17;163,-12,2;166,-1,-10;173,5,11;190,-27,15
rua|santo|antonio|santos dumont|33239242|55,-1964813,-4390357;61,-10,1;81,-29,20
rua|santo|antonio|santos dumont|33239272|51,-1965224,-4390687;52,405,326;61,-421,-341;68,403,351;70,-3,3;71,-398,-366;74,394,372;80,-11,9;83,-393,-392;84,390,391;109,-17,12;110,12,-8;117,-37,19;118,28,-18;119,-385,-400;120,375,407;122,-10,6;123,-369,-422;124,355,435;127,-5,1;129,-348,-439;135,-4,3
rua|santo|antonio|santos dumont|33239304|74,-1965245,-4390720;84,0,-1;96,-17,-18
rua|sao|benedito|santos dumont|33239298|35,-1965172,-4390712;44,14,26;45,3,-5;52,3,15;59,2,-7;60,17,43;61,-46,-79;63,29,36;67,4,10;69,10,10;79,8,21;95,9,4
rua|sao|cosme e damiao|nossa senhora de lourdes|33233224|7,-1965121,-4387344;20,-5,-8;30,21,11;33,68,38;35,7,4;38,-46,-25;50,42,34;77,41,26;80,-14,-8;100,35,25;120,5,6;140,20,18;142,-13,-11;144,3,1;146,0,0;148,3,4;150,2,2;237,19,4;245,7,7
rua|sao|cristovao|promissao iii|33230359|486,-1962679,-4390473;488,-9,4;490,-3,-7;506,-8,-4;509,2,4;514,-8,-6;524,-20,-12;525,12,8;535,-16,-9;538,0,-1;543,-5,2;545,-5,-6;555,-7,1;560,3,-3;564,-7,-2;565,-10,-5;570,-3,-1;573,-5,-4;575,-4,-4;583,-23,9;585,2,-14;590,25,0;592,-3,7;595,-28,-15;602,22,13;616,-20,-10;618,-1,-1;624,-2,0;632,-8,-26;642,-24,8;658,-13,-8
rua|sao|cristovao|promissao|33230359|31,-1962344,-4390289;50,14,8;55,-13,-1;57,-3,-4;60,2,-6;71,-20,-4;72,3,-5;80,-12,-10;81,2,14;90,-7,-16;100,-14,-5;101,10,9;115,-6,-4;177,-59,-33;180,9,1;187,-11,-2;192,-3,-8;197,-17,3;207,-15,-21;208,7,12;210,28,16;220,0,0;247,-37,-27;251,0,0;270,-30,-17;274,-3,4;280,-29,-18;287,-9,-8;352,-23,-13;366,-17,-28;380,-3,14;398,-23,0;404,-7,-6;420,-13,-7;424,0,-3;462,-4,1;466,-14,-12
rua|sao|francisco|santos dumont|33239290|71,-1964985,-4390482;81,5,3;86,-13,0;88,-23,6;90,3,26;91,17,-23;94,-7,7;95,-10,17;98,9,-7;115,-3,-5;120,1,10;125,-13,9;135,-1,5;143,-2,13;160,-4,-2
rua|sao|geraldo|centro|33230347|325,-1962623,-4390265;329,-2,-11;335,-6,-4;345,-10,0;355,-13,-3;435,-53,-30;605,-160,-78
rua|sao|geraldo|promissao iii|33230347|530,-1962793,-4390363;540,-8,0;560,-21,-10;570,-15,-7;580,-1,2;590,-14,-11;600,-13,-7;610,-27,-6;612,12,5;620,-2,-19;622,-8,12
rua|sao|geraldo|promissao|33230347|46,-1962395,-4390132;55,-17,-18;66,-3,-15;67,-11,14;75,-20,-16;78,15,2;86,-8,-3;87,-3,-1;90,-1,-1;95,-36,-10;100,35,-12;105,-20,15;118,1,-17;173,14,118;175,-64,-132;180,-5,-8;190,-8,-5;198,-5,-3;200,2,-1;205,36,88;220,-74,-112;240,1,-4;245,6,11;280,-53,-27;360,-33,-21;370,-10,-14;376,-12,0;380,20,13;390,-39,-16
rua|sao|geraldo|recanto da lagoa|33236056|12,-1964679,-4389053;27,-2,39;41,-13,8;51,-3,2;66,7,0;70,-12,5;82,-17,17;84,-33,-5;86,-4,-1;88,12,4;92,21,11;104,-4,6;113,0,19;114,-10,-7;127,-8,7;130,4,4;137,5,-3
rua|sao|joao|centro|33230103|23,-1962544,-4389298;38,0,-12;45,-26,-16;50,6,7;144,-57,-83;156,0,0;165,-7,-4;185,-3,-1;193,17,18;203,-27,-79;220,-4,19;226,2,-4;235,-6,1;241,-3,-5;247,-19,-21;285,2,-23;290,25,47;303,-33,-56;353,-10,-23
rua|sao|joao|lapinha|33242000|20,-1956857,-4394715;35,0,-15;45,10,10;55,105,-25;65,-101,24;75,14,6;78,-30,-2;80,28,4;85,15,7;88,-4,4;121,-31,-12;138,69,2;265,15,-23
rua|sao|joao|recanto da lagoa|33236058|20,-1964760,-4389055;30,-1,8;46,4,11;51,2,-17;53,-7,-15;55,11,28;59,6,9;60,4,4;61,5,-3;63,-1,7;65,6,-11;67,-4,10;68,-5,11;78,20,-4;95,17,-2
rua|sao|jose|lapinha|33242000|61,-1956985,-4395651;77,-6,-13;95,-14,-18;99,0,-15;107,-9,-15;113,-21,-48;114,23,34;117,-24,-38;146,14,18;218,-25,-58;402,-35,-78;442,-12,-13
rua|sao|jose|recanto da lagoa|33236054|26,-1964707,-4388976;36,12,7;43,11,0;44,-1,9;45,2,-9;47,-6,5;51,27,17;53,1,-15;56,-14,6;58,7,7;61,-31,-37;63,56,27;67,-7,12;68,-11,-1;76,2,4
rua|sao|jose|santos dumont|33239276|9,-1964945,-4390393;10,0,1;20,4,22;33,1,-8;34,5,17;35,-6,-6;37,6,2;47,-3,3;60,4,23;66,0,8;70,2,7;77,3,2;89,6,12;93,0,0;99,7,8
rua|sao|judas tadeu|nossa senhora de lourdes|33233222|15,-1965082,-4387449;20,1,-2;28,9,6;31,4,-5;36,4,9;41,13,-2;50,-7,5;51,11,0;85,26,12;95,13,5;105,14,5;120,-14,0;125,30,8;140,-7,1;161,23,9;164,-4,4;171,17,6;174,4,4;181,8,-3;241,49,18;251,5,9;254,-15,-4;255,26,7;264,-19,-4;274,11,5
rua|sao|paulo|joa|33233146|56,-1964597,-4388031;68,265,7;78,26,-1;88,5,1;103,45,-7;118,15,17;125,0,-16;133,17,4;143,3,-1;146,-13,9;156,30,23;157,8,-33;166,-6,6;186,29,-1;361,-236,-12;371,-1,-1;378,-17,6;401,-17,-5;420,-21,0;421,-2,-2;468,-29,3;478,-10,1;488,-26,-3;499,-7,-1;500,4,0;502,-2,1;504,-8,2;506,-7,-10;544,-2,11;554,-23,-2;557,-42,-8;586,-30,6;596,-13,0
rua|sao|paulo|varzea|33233146|241,-1964151,-4388034;245,20,-6;253,11,-7;265,1,-9;266,14,9;276,23,7;280,-7,-17;290,0,0
rua|sao|rafael|campinho|33234775|2,-1956718,-4391756;12,2,14;40,-18,21;50,17,7;64,3,16
rua|sao|raimundo|francisco pereira|33236284|20,-1965469,-4387350;30,3,10;37,5,1;39,2,10;40,-13,-11;50,3,14;53,16,11;60,-14,8;70,-8,4;80,3,27;90,0,2;99,22,8;109,-5,11
rua|sao|sebastiao|campinho|33239304|422,-1956479,-4391596;3415,9,11;3425,0,0
rua|sao|sebastiao|lagoinha de fora|33230001|557,-1968904,-4384798;565,-5,22;587,-40,12;607,-9,19;627,-35,25;645,-14,5
rua|sao|sebastiao|lagoinha de fora|33233400|90,-1968339,-4385304;162,-93,63
rua|sao|sebastiao|lagoinha de fora|33239304|370,-1968183,-4385359
rua|sao|sebastiao|lagoinha de fora|33246000|117,-1968348,-4385290;121,-21,38;283,-151,67;309,-84,63;341,-1,51;342,-45,-19;415,-87,110;453,-65,19;467,-9,8
rua|sao|sebastiao|lapinha|33232000|85,-1957509,-4394914;103,-137,502;711,1,321;725,0,-2;733,6,-14;735,1,-9;765,0,-18;769,3,-14;773,-1,-48;787,8,14;805,5,0;815,2,-16;835,5,-39;845,2,-1;855,0,-10;949,6,-24;961,5,-35;971,9,-17;1011,15,-26;1031,1,-49;1043,23,-12;1047,1,6;1055,-1,-2;1069,23,-19;1101,16,-25;1111,51,-184;1573,1,-116;1585,-26,-18;1605,12,-1;1615,2,-28;1625,10,-20;1657,-5,-26;1667,-1,-10;1677,12,-16;1731,1,-26;1751,-1,-11;1755,4,-13;1761,-90,-18;1781,98,-2;1787,4,-22;1789,3,-8;1791,2,-10;1795,1,-3;1803,5,-23;1855,3,-22;1875,2,-10;1895,-4,-41;1915,-23,-139;1925,1,-14;1945,0,0
rua|sao|sebastiao|lapinha|33233036|597,-1957724,-4394025;607,37,-7;617,4,5;627,4,-10;675,17,-18;1887,206,-1241;1955,1,38;1965,-7,-5;1977,6,-17;2177,21,-165;2181,-4,-15;2191,1,-4;2211,-5,-10;2225,-4,-27;2355,-6,195;2471,8,-45
rua|sao|sebastiao|lapinha|33242000|2,-1957801,-4393633;3,272,163;4,-265,-153;12,376,-1818;42,-442,1789;80,421,35;100,-439,-83;104,4,-4;122,-9,-19;126,9,-73;146,8,49;156,-22,1;166,2,-13;174,-2,-9;188,-5,-5;216,17,-23;218,-25,13;222,24,-37;240,-27,-2;246,-6,-28;347,62,210;352,-41,-259;358,-3,-23;368,5,-28;384,-2,20;413,16,-59;414,-7,42;420,15,-26;446,16,-19;448,1,-1;458,23,0;478,-8,-4;600,111,-12;610,28,-15;640,-24,14;688,102,-36;698,-7,-13;718,-11,-34;730,-2,-9;756,11,-38;784,-2,-4;1040,59,-218;1044,-13,80;1078,88,-169;1120,22,-27;1200,11,-80;1650,4,-272;1700,-15,6;1750,6,-58;1944,17,-338;1954,-2,-28;1980,2,-39;2050,11,-61;2102,10,-24;2108,-6,-64;2110,-1,-2
rua|sao|sebastiao|residencial real garden|33233036|130,-1968382,-4385282;168,-55,44;180,-29,17;190,-11,8;208,-28,19;300,-58,39;304,-22,11;310,-25,23;320,-11,8;330,-16,13;360,-43,28;390,-38,26;410,-21,26;420,-16,6
rua|sao|sebastiao|sangradouro|33230001|61,-1957826,-4393410;143,-78,-306;237,-4,-84;255,-20,-27
rua|sao|sebastiao|sangradouro|33242000|269,-1957982,-4393842;277,60,-21;307,23,-49;311,-10,10;327,7,-14
rua|sao|sebastiao|varzea|33233036|52,-1963897,-4388559;62,2,-13;72,2,-12;513,0,-50;515,-4,35;525,-3,-8;533,-3,-18
rua|sao|vicente|lapinha|33242000|15,-1956892,-4394758;51,65,-32;81,-34,10;91,-14,4;122,-32,25;130,69,-51;181,-86,66
rua|sao|vicente|santos dumont|33239278|16,-1964832,-4390403;45,-15,19;54,12,-21;64,-9,19;72,-8,3;78,-6,7;81,0,5;83,-5,2;90,-7,1;95,-2,6;96,-2,-6;100,-3,4;120,-16,14;170,-21,4
rua|senador|modestino goncalves|centro|33230028|1,-1963528,-4389790;100,45,-36;120,17,-22;134,-28,60;142,50,-91;144,4,-10;180,32,-35;200,14,-2;412,72,-90;422,20,-11;434,11,-10;448,6,-5
rua|senador|modestino goncalves|santos dumont|33230028|81,-1963502,-4389840;99,32,-25;115,3,5;159,25,-32;185,15,-16;201,14,-15;215,7,-5;225,13,-18
rua|senador|modestino goncalves|santos dumont|33239072|145,-1963450,-4389879;327,110,-124;367,2,-1;375,0,-5;395,14,-14;405,11,-9;415,13,-9
rua|tabeliao|jose camilo|antonio jose salomao|33230190|86,-1962615,-4389509;98,7,19;185,-49,-4;195,-1,23
rua|tabeliao|jose camilo|centro|33230190|172,-1962623,-4389397;212,125,-15
rua|tabeliao|jose camilo|vila pinto coelho|33230190|15,-1962663,-4389538;35,26,22;45,4,-8
rua|tenente|aureliano sampaio|aeronautas|33236424|20,-1966675,-4388461;26,7,5;30,22,-2;79,267,-9;80,-226,8;90,18,-5;100,20,4;110,6,-2;114,-2,0;185,111,-1;190,-14,4;195,9,-5;224,35,4;234,-1,-2;236,-22,-2;240,-31,1;250,80,13;255,-8,-14;260,0,2;265,12,1;275,10,-8;285,14,-3;295,74,-18;330,-41,27;340,3,0;343,7,0;350,15,-7;355,-10,-2;360,56,31;395,4,-25;396,-39,2;405,46,-5
rua|tenente|aureliano sampaio|santos dumont|33236424|25,-1966663,-4388466;37,3,0;47,24,4;57,-3,6;97,47,-8;105,15,3;165,77,-6
rua|tenente|jonatas r cordeiro|aeronautas|33236458|129,-1967001,-4389312;135,28,-4
rua|tenente|jonatas r cordeiro|aeronautas|33236460|82,-1967067,-4389301;85,0,7;87,23,-14;96,-3,14;114,94,-10;126,-37,0;140,16,-9
rua|tenente|luiz dorneles|aeronautas|33236456|6,-1967111,-4389128;18,7,-2;70,58,-1;94,-6,-1;170,40,3
rua|tenente|luiz l dorneles|aeronautas|33236456|81,-1967055,-4389131;89,7,-8;91,3,2;125,15,1;155,37,-5;165,5,3
rua|vereador|geraldo avelar|santos dumont|33239296|20,-1965072,-4390682;33,-8,5;40,-4,5;51,-1,10;53,1,-6;57,2,-1;70,-20,10;75,6,15;84,-3,13;85,-4,4;95,-5,10;140,-16,0;141,-2,21;165,-6,27;169,-2,11;173,-9,6;177,19,-26;184,-14,3;186,-15,21;189,3,15;190,-3,-10;192,-5,13;198,-18,-13;210,12,29;216,-5,1
rua||1|condominio lagoa santa park residence|33241899|33,-1965414,-4385568;85,0,176;90,-5,5;95,5,11;146,-7,65;175,1,52;195,-2,38;214,49,18
rua||1|palmital|33234660|150,-1957440,-4390331;192,-19,-28
rua||abnego felipe de souza|vila maria 2|33231012|25,-1960701,-4390786;30,-1,-14;35,-1,8;45,8,-6;46,1,-8;55,0,-5;65,1,-3;75,-4,-6;85,9,-7;95,0,-6;105,4,-11;115,-1,-9;120,0,-9;125,-1,3;130,9,-1;135,-5,-10;144,1,3;145,1,-8;155,6,0;165,-5,-17;175,2,-3;185,6,-13;195,-1,-5;204,1,-6;205,-1,-6;215,2,-6;225,6,-19;230,-4,13;235,6,-28;236,-3,21;240,11,-29;245,-7,1;255,2,-4
rua||abner silva|praia angelica i|33236003|64,-1964568,-4389843;84,-13,-13;94,-4,-6;95,-6,-4;107,-8,-12;110,-2,-6;119,-17,-14;132,-1,-12;144,-10,-13;155,-6,0;165,-7,-14;275,-6,-16
rua||acacio c dolabella|praia angelica i|33236004|37,-1964499,-4389844;99,13,-57;150,11,-5;207,-39,-21;230,-39,-41;235,-4,11;236,-4,-17;244,31,25;250,-7,-5;262,-49,-33;275,6,13;286,-10,-26;295,-9,8;300,0,-10;312,-15,-15;317,-22,-25;322,15,10;331,-10,-12;339,-3,-15;365,-4,-20;370,8,12;390,4,-28;399,-8,-19;409,6,-12
rua||achiles antonio de abreu|recanto da lagoa|33236122|25,-1965190,-4389032;55,-19,49;60,-11,-13;70,-212,662;83,2,-40;90,105,-295;100,95,-306;105,15,-17;110,-21,35;115,12,-7;125,-9,14;140,-32,35;157,14,-6;180,-18,22;201,0,31;202,-28,-33;209,30,33;222,-18,-1;229,10,9;269,-19,43;388,-51,93;420,1,18;425,4,-2;480,-22,57;500,-17,54;585,14,-21;610,-37,101;670,-16,83;680,2,-10;830,-35,152;435480,104,-384
rua||acre|joa|33233178|25,-1963846,-4387177;50,-15,-9;60,-3,0;65,-2,11;70,4,-8;75,-21,4;80,-9,-7;95,-26,6;115,-23,-16;130,19,6;230,-103,-4;240,-24,1;245,87,9;265,-20,2;275,-28,-12;285,-22,5;295,-22,-4;300,14,5;305,-33,-4;330,-40,0;333,-3,-4;340,-13,-2;350,-19,0;370,-17,3;375,24,-2;385,-50,2;395,-14,-3;396,17,-3;450,-17,0;475,-2,-4;490,-23,8;495,4,1;510,-27,1;515,-15,-2;530,-6,-3;540,-24,-1;545,-4,1;550,-11,-2;555,-8,-1;560,-6,-1;565,-2,-2;569,-7,3;575,-17,1;580,2,-5;585,-6,7;599,-15,0;600,29,-5;625,-50,5;657,-46,-7;670,-10,-16;680,-21,13;685,28,14;700,-4,-10;727,-27,9;740,-8,-15;743,3,10;753,-5,2;759,-36,-10;760,15,-2;773,-23,2
rua||acucena|sobradinho|33230246|10,-1961773,-4389484;15,0,0;25,13,-14;35,0,5;56,25,1;74,4,-2;85,4,-10;90,9,11;100,1,-1;101,16,2;102,4,0;120,9,-5;125,-10,-19;201,-10,23
rua||adalberto mourao|centro|33230164|17,-1962429,-4389216;20,-2,7
rua||adelino amorim|centro|33230109|46,-1962670,-4389179;54,22,-10;72,-94,21;90,-10,14;94,9,-7;102,21,-3;106,4,-3;130,20,-9;150,105,-22;160,4,-8;165,1,5;178,14,4;190,36,12
rua||aeronautas|aeronautas|33236428|45,-1966358,-4388604;55,5,21;70,-5,12;100,-3,3;105,7,-6;110,-10,16;120,5,16;125,2,-5;132,2,9;135,-4,-4;145,3,12;147,0,12;149,2,-4;152,-1,4;157,3,5;162,-5,0;165,6,13;336,-5,84;340,0,-11;345,1,-19;355,-3,57;360,6,-10;370,-10,-11;400,8,44;403,5,-18;421,-5,-1;425,-2,5;435,3,10
rua||aeroporto|aeronautas|33236444|12,-1967118,-4388967;15,18,3;54,25,12;78,14,-9;83,20,0;90,1,1;100,8,-5;115,229,0;130,-181,-2;140,-10,-5;145,11,7;150,15,7;176,2,-7;190,36,-1;200,132,9;201,-147,-49;208,76,40;211,4,-2;219,-60,-1;223,21,-12;255,64,4;267,8,-4;275,-42,7;284,16,27;285,-2,-30;286,-5,9;287,-3,2;288,9,1;290,1,-5;300,15,3;380,124,-5;385,2,1;390,23,4;415,28,-9;420,-3,8;430,13,-3;435,1,-4;437,18,0;450,27,4;480,2,2;482,15,-1;483,8,-10;485,-11,5;488,5,9;490,21,-3;493,-12,-11;505,16,-4;560,24,13;565,-195,2;567,-39,-2;579,260,-3
rua||agenor martins fernandes|recanto da lagoa|33236130|35,-1965459,-4388236;125,-86,-31;805,6,-37
rua||agnaldo figueiredo|vila joana darc|33239216|80,-1963773,-4390383;100,0,0
rua||agnaldo oliveira|vila fagundes|33231570|10,-1959344,-4390774;20,-1,1;30,-1,13;40,4,2;50,0,7;70,7,13;80,-1,6;100,5,17;120,4,9;130,5,5;140,1,7;150,0,4;160,5,5;170,3,9;175,8,2;180,-8,3;181,10,2;185,6,3;195,-1,7;200,-4,6;210,-3,-2;215,7,-4;220,-8,8;225,14,18;230,-7,-6;235,9,6;240,-9,1;245,8,12;250,-3,-6;255,6,7;260,-4,-4;265,12,9;270,-8,-3;275,8,3;280,-7,2;285,9,9;290,0,0;295,4,7;300,-4,1;305,7,6;310,-4,7;315,4,-7;320,-3,2;325,5,8;330,-4,1;340,2,6;350,1,8;355,10,5;360,-10,-4;365,10,15;370,-5,-6;375,6,13;380,-5,-4;385,9,4;390,1,0;395,-1,9;400,1,-1;405,2,12;415,5,3;420,-3,-9;425,6,14;435,2,5;440,-2,-8;450,-3,17;455,12,2;460,-6,-1;470,2,1;475,-1,8;480,7,1;485,4,9;490,-5,-7;495,11,14;500,-6,-5;510,5,13;515,4,0;525,3,11;530,-5,-7;535,8,10;540,-6,-7;545,6,13;550,-2,-4;555,4,6;560,3,2;565,1,-2;570,-4,9;575,-1,1
rua||agnaldo oliveira|vila jose facundes|33231570|15,-1959342,-4390778;25,-4,16;45,3,10;55,3,12;65,4,1;75,2,8;85,2,2;95,3,8;105,-1,9;115,8,6;125,0,3;135,7,15;145,-5,-2;155,5,6
rua||aguas de marco|moradas da lapinha|33231542|5,-1959856,-4391041;10,3,13;15,8,-2;20,7,4;25,3,-2;30,0,-5;35,3,-1;40,9,7;45,-1,-10;50,0,6;55,9,-12;60,10,0;65,1,-6;70,3,5;75,-1,-5;80,9,5;85,-6,-20;90,8,18;95,8,-4;100,13,-3;105,-2,-2;110,-7,4;115,9,-7;120,-5,-14;125,17,10;130,-11,4;134,10,-1;135,9,-4;140,0,1;145,4,-6;150,15,24;163,-11,-32;165,9,5;167,0,-6;175,6,-1;185,4,-4
rua||alagoas|joa|33233158|16,-1963843,-4387859;17,-4,9;50,-56,21;51,19,-9;60,-28,15;85,-23,69;95,-3,-58;99,-1,11;110,-9,-7;120,-32,14;155,-6,8;164,-10,0;165,-20,12;175,-4,6;187,-16,5;189,-17,7;191,-13,7;192,46,-26;197,-63,35;212,43,-27;214,-20,9;255,-34,24;450,-64,0;460,-13,0;470,-32,-3;480,-9,3;520,-52,-1;527,-4,2;530,-14,-7;537,-46,4;550,10,-5;651,-44,11;725,-94,-8;743,71,-19;765,-117,17;845,14,-6;905,-42,22;930,-60,-22;940,-6,-2;955,2,0;1205,-45,3
rua||alagoas|varzea|33233158|10,-1964926,-4387652;113,-57,-11;129,15,7;139,9,2;140,-41,-21;157,52,19;662,499,-94;670,28,-45;740,-53,52;742,-6,-1;750,-20,0;1041,-246,3;1046,16,-10;1051,-46,18;1056,98,-15;1066,-35,-6;1071,-99,46;1157,-84,43;1163,-9,-1;1171,-9,8;1295,95,-56;1300,-42,21;1790,-80,37
rua||alaide antonio da silva|lagoinha de fora|33246000|11,-1968497,-4384995;47,-47,7;53,-12,-9;60,-9,-5;75,-51,-10;118,16,-27;128,19,32;136,-28,-57;148,-50,48;165,-13,-3
rua||alamanda|sobradinho|33230242|11,-1961910,-4389471;20,7,7;30,9,22;32,1,0;35,3,5;40,-1,4;45,11,12;50,-11,-5;51,10,12;53,-3,4;60,2,14;63,10,8;70,-11,7;80,-3,10;82,-6,5;84,4,5;92,2,11
rua||alameda armindo rodrigues|lundcea|33239116|750,-1963401,-4390777;760,8,-1;770,18,2;780,17,-6
rua||alameda soares|lapinha|33242000|33,-1957853,-4393882;70,5,-6
rua||alberto gomes|campinho|33230001|130,-1957186,-4392096;161,171,146;163,-10,-12;167,-1,1;179,2,-3;189,-7,-27;194,17,-1;295,-149,-105;325,-23,-7;343,-30,-4;355,-11,-8;365,-5,0;405,-35,4;495,-17,11;522,210,88
rua||alberto gomes|campinho|33239304|12,-1957306,-4392082;163,276,116;173,15,-5;189,-10,-18;190,-4,1;192,-10,-5;205,11,-23;215,-6,-6;405,-235,-87;495,-10,8;1835,261,169
rua||alcides marques|acacias|33230770|7,-1960662,-4390624;9,-1,8;35,10,16;45,13,21;55,-6,3;67,12,17;79,9,21;105,3,3;133,4,13
rua||alcides marques|vila santa helena|33230770|16,-1960602,-4390495;30,-62,-102;40,10,12;50,5,14;100,20,46;158,22,32;162,2,4;163,9,-1;173,6,17;183,4,12
rua||aleomar baleeiro|centro|33230124|15,-1962312,-4388972;87,-255,-287;109,203,234;112,-4,-11;114,18,-21;116,-14,11;121,-6,11;135,-15,-12;143,1,-3;148,9,3;155,-22,-13;158,11,2;166,-18,-16;167,2,7;179,-7,-9;182,32,-76;200,-33,61;205,-5,5;220,-2,-34;230,-16,-12;235,-1,32;242,-12,-33;255,1,18;286,-6,-21;291,-19,3;302,5,-11;310,0,-5;315,-13,1;316,-2,-17;334,-8,-3;345,-10,-4;358,-4,-16;363,-7,-14;372,4,12;382,-4,-14;392,-20,-10;408,-8,-9;417,-1,3;422,6,-15;427,-13,4;458,-19,-30;460,0,6;462,-6,-3;474,-6,-7;492,-1,-13;506,-15,-10;518,-6,-3;530,-14,-12;537,-15,-20;540,13,13;547,-32,-17;552,30,14;579,-23,-17;580,2,-17;590,-2,-4;594,-13,7;600,1,1;608,-8,2;610,12,-6
rua||alexandria|francisco pereira|33236710|25,-1965883,-4386944
rua||alexandrina de paula|por do sol|33231000|30,-1960596,-4390712;40,-30,6;56,15,1;66,-11,7;76,-12,-10;80,-16,2;88,-15,5;105,4,5;107,-1,2;124,-20,-3;134,-23,-1;135,7,4;144,20,-3;160,-37,3;226,-14,0;236,-3,-3;246,-22,-1;270,-16,11;281,-11,5;282,9,-8;296,13,6;298,-35,-7;306,-13,5;318,-4,-1;328,-11,1
rua||alexandrina de paula|vila maria|33231000|385,-1960876,-4390670;414,-11,-3;420,-11,0;421,7,12;425,-24,1;432,5,-12;441,-13,7;444,3,-4;464,-33,8;502,-13,-2;505,-3,8
rua||alfredo de abreu|joa|33233064|602,-1963834,-4387908;620,3,11
rua||alfredo de abreu|joa|33233120|499,-1963844,-4388061;503,-6,30;515,6,25;531,0,1;541,-1,12;571,17,64;615,2,36;687,0,32
rua||alfredo de abreu|varzea|33233064|30,-1963692,-4388515;40,-2,-17;43,-3,19;48,8,-4;56,-4,6;71,-11,30;79,6,11;90,-8,-6;95,5,17;99,-4,11;107,-5,6;112,22,-88;115,-25,117;129,-11,9;161,26,25;208,-38,31;267,-62,78;273,28,-38;283,-12,-2;300,-16,13;310,1,15;320,-11,22;344,-12,5;345,7,21;354,-11,-5;360,-1,8;372,-1,24;385,4,-3;388,-21,22;443,57,24;445,-52,7;456,-8,-4;459,3,22;460,-5,4;463,2,1;469,3,19;472,-11,-6;482,3,5
rua||alice de paula araujo|sobradinho|33230226|12,-1962295,-4389446;15,9,-23;22,37,80;25,-25,-60;30,3,39;45,22,-24;50,-11,15;60,14,5;65,14,-9;85,14,12;100,11,21;105,11,-10;110,-10,16
rua||allan kardec|centro|33230264|30,-1962226,-4389661;42,26,-6;48,3,1;56,7,5
rua||allan kardec|centro|33234520|65,-1962180,-4389662;75,13,3;77,1,-6;85,-5,16;87,10,-13;95,14,6;97,2,4;115,5,11;125,2,-7;135,-1,6;139,8,1;185,56,29;187,-1,2;197,3,-6;299,-2,17
rua||allan kardec|centro|33234570|90,-1962152,-4389652;110,5,5;150,52,26;152,9,9;160,-4,0;162,0,-2;500,16,8
rua||alpha|portal do sol|33233096|25,-1960128,-4389331;27,-8,3;35,-1,-2;37,-6,4;97,-62,25;115,-21,-8;125,-8,13;127,0,1;205,-77,21;207,-6,0;215,0,1;225,-11,6;265,-52,15;345,-77,42;375,-22,14;377,-5,4;415,-36,20;465,-46,33
rua||alpha|portal do sol|33234200|170,-1960296,-4389284;172,-4,3;180,-4,2;210,-41,10;220,-18,5;300,-65,28;310,3,-1;320,-12,13;340,-14,6;346,-8,5;350,-7,0;352,0,4;360,1,10;400,-46,16;410,-15,5;420,-4,9;426,-5,3;430,-4,1;436,-7,5;440,-15,3
rua||alpha|portal do sol|33234520|40,-1960125,-4389333;50,-9,-1;60,-9,9;64,-4,-8;126,-58,24
rua||alvaro alvim|francisco pereira|33236310|10,-1965828,-4386695;20,4,19;25,10,20;44,-10,8;45,10,9;46,-8,-1;50,-2,15;55,11,5;60,-11,-10;65,9,30;70,-3,4;75,2,3;85,6,4;95,-8,4
rua||alvaro carvalho|palmital|33234555|10,-1958783,-4390277;14,10,-2;20,31,-8;30,0,0;40,6,6;41,4,-33;51,-8,24;70,15,-49;80,-17,52;86,0,0;92,0,0;95,1,-27;96,-6,26;98,0,0;100,0,0;102,0,0;106,0,0;110,0,0;115,17,-40;129,0,-36;130,-6,76
rua||amador lopes de souza|conjunto vila maria|33230858|153,-1959746,-4390501;183,-16,-42;187,-7,-3;193,19,-20;203,-14,-12;213,-8,-12
rua||amador lopes de souza|vila rica|33230858|1,-1959723,-4390352;2,7,30;3,-20,-12;7,8,11;10,-22,-191;13,20,135;15,5,37;23,-8,-61;32,17,56;33,-16,-10;42,11,-8;43,-9,-7;45,-2,-6;52,6,-11;53,-73,-36;62,67,26;63,0,2;72,4,-13;82,-5,-15;83,-3,4;92,2,-10;93,-3,-2;100,-2,-1;103,3,-6;112,5,-20;113,-6,15;123,-4,-7;150,-6,-35;156,-2,-26;158,3,2;160,-2,-7;170,-8,-14;172,2,2;182,5,-10;192,-3,-15;202,2,-18;212,-7,-5;222,2,-14;232,-1,-1;242,1,-21;252,-9,-15
rua||amazonas|joa|33233176|5,-1964109,-4387262;10,0,-11;20,-20,5;95,-17,1;120,-39,-4;123,11,-1;140,-27,2;143,-12,-1;150,-26,-1;190,-42,-1;523,-22,12;550,13,-12;555,-36,9;560,20,-10;570,-21,-4;580,-19,-1;590,-21,3;605,14,11;650,-85,-13;665,-5,4;675,7,-2;680,-35,-8;695,13,10;750,-43,-10
rua||ambrozio mendes|lapinha|33242000|10,-1957620,-4394155;46,23,-15;66,4,-6;70,8,-8;80,7,-3;85,6,-6;87,14,-15;90,1,8;100,1,-5;124,14,-12;126,4,1
rua||amendoeiras|acacias|33230792|10,-1960438,-4390608;20,15,-1;40,9,0;50,12,2;55,12,-13;65,5,1
rua||amold evangelista teixeira|reidencial lagoa santa|33241899|5,-1963010,-4391108;15,-8,-8;25,1,-4;45,-42,96;55,34,-113;65,-2,-11;75,-10,-11;85,1,-9;95,-3,-7;105,-3,-8;115,-6,-1;125,-4,-12
rua||ana costa viana|jardim imperial|33234150|180,-1960281,-4389855;200,-17,25;212,0,8;230,-6,18;232,-2,6;238,2,3
rua||ana da costa viana|jardim imperial|33234150|5,-1960249,-4390050;8,-6,9;10,4,5;11,12,-14;20,-14,20;22,12,-3;25,4,-15;27,8,16;35,4,4;40,2,6;42,7,-3;45,-3,1;47,5,4;50,6,4;52,3,2;55,-3,-3;57,4,0;60,0,10;64,-1,1;65,6,-3;70,1,7;75,7,-1;80,2,35;85,5,-33;87,5,7;92,-19,39;93,17,-32;95,3,-4;100,-28,45;105,25,-34;113,-5,10;115,2,9;120,-38,39;125,38,-38;127,-6,5;130,-40,41;132,-7,-2;135,43,-30;137,-3,-2;140,-44,44;142,-34,-4;144,19,1;145,55,-32;147,-2,3;150,-56,52;154,9,48;155,41,-91;160,-59,51;165,53,-43;167,-10,7;175,0,1;195,-14,18;197,0,-3;205,-8,8;207,-4,-1;225,-39,51;233,4,8;235,-7,3;245,-2,6;247,-6,9;265,8,18;270,-10,63;272,5,12;280,-2,-26;282,-19,7;285,18,-37;289,0,1;291,3,11;295,-1,5;300,5,46;302,-4,-3;305,0,-31;310,8,55;312,1,-9;315,-3,-30;325,2,8;330,-1,47;332,11,12;335,-5,-24;345,-2,-13;347,0,4;353,0,4;355,1,7;375,2,23;380,-18,59;400,-15,21;405,35,-68;407,-2,15;411,-5,0;435,-8,31;437,-2,3;455,-12,20;457,1,1;485,-2,12
rua||ana goncalves|palmital|33234550|5,-1959139,-4390090;15,7,-10;54,655,-160;60,4,-5;120,-576,162;308,35,68;367,211,-333;580,82,250;644,48,-115;654,110,-15;656,-85,7;658,-11,1;666,26,-7;670,8,0;672,-17,25;674,21,-28;720,30,-6;732,16,5;734,4,-24;741,18,-1;754,2,5;760,8,1;761,-7,-19;765,5,9;766,11,9;768,3,-4;771,-6,-7;774,15,3;776,9,-6;779,-10,-5;789,16,-5;791,20,-7;795,12,-20;797,7,-28;801,-3,-10;803,3,24;805,-21,-32;809,21,33;811,-10,-41;823,7,1;923,120,32;925,-22,2;1015,79,-7;1025,1,2;1065,20,-2;1075,18,-7;1085,-4,12;1095,13,9;1105,14,4;1108,-116,-43;1109,189,-3;1110,-30,32;1113,-33,11;1117,19,-12;1120,33,-9;1130,17,-11;1135,-34,3;1152,76,3;1165,0,-38;1170,53,34;1185,-11,-49;1200,43,-5;1220,32,-13;1295,34,-24;1315,17,-3;1328,16,14;1345,6,-13;1375,13,-11
rua||angelina cury|centro|33230170|35,-1962353,-4389264;45,9,6;47,3,4;52,-25,-15;54,25,17;55,4,-1;65,18,15;71,3,-6;75,7,-1;79,9,11;85,2,-1;90,-2,19;95,23,6;105,-1,-11;110,37,30;115,-2,-4;125,-11,-7;135,21,18;140,18,12;150,-23,-15
rua||angelo veronezzi|centro|33230034|33,-1963181,-4389529;40,-3,0;41,-8,9;50,-25,-22;100,-50,26;103,42,0
rua||anita alvarenga|nossa senhora de lourdes|33233208|190,-1964877,-4387468;245,-1,15;255,-6,3;263,-2,15;270,-14,21;273,4,-3;276,-11,16;277,3,16;280,-8,-7;326,-17,39;340,-3,19;355,14,-15;366,-20,31;369,15,-21;379,-4,8;388,-15,15;401,4,13;411,-4,11;421,-7,18
rua||anita alvarenga|varzea|33233208|45,-1964799,-4387646;50,-12,21;55,3,-1;60,-16,24;63,11,-2;75,-3,8;80,-12,-1;90,-4,15;95,5,17;102,-8,-9;115,-10,8;120,6,3;123,0,4;130,-7,9;135,8,-1;140,-9,9;155,3,16;160,-13,6;165,12,8
rua||anita salomao kaey|antonio jose salomao|33241899|15,-1962558,-4389471;25,9,-10
rua||anita salomao kahey|antonio jose salomao|33230194|140,-1962484,-4389563;150,10,-14;153,-12,1;162,19,-7;165,-12,-6;167,12,-8;172,3,5;175,4,-18;182,5,-1;185,9,-16;190,-4,15;200,4,-5;204,7,-17;208,7,-6;212,4,-5;222,14,-16;269,-24,2
rua||antares|antares|33234204|796,-1960256,-4389222
rua||antares|palmital|33234204|690,-1960358,-4389193;780,81,-17;782,0,1;794,23,-17;804,-5,3;876,78,-22;878,3,-2;890,6,3;920,34,-12;930,11,-5
rua||antares|portal do sol|33234204|875,-1960222,-4389234;881,8,-1;883,3,-2;885,8,-6;895,3,1;901,11,0;933,38,-10;935,-1,0;945,1,-9;955,15,-5;965,6,2
rua||antares|portal do sol|33234570|485,-1960474,-4389126;555,-19,13;561,-7,1;595,41,-22;599,7,0;605,6,-8;607,-9,11;695,97,-55;697,57,-23;705,-53,7;745,43,-9
rua||antares|promissao|33231220|10,-1962219,-4391915;15,-8,1;19,-28,-21;24,29,3;30,-8,10;42,-1,-10;46,-15,-1;60,-16,-5;124,-55,-38;140,-7,-4;159,0,8;166,-26,-19;169,8,7;178,-13,-10;185,-3,-2;192,-8,-7;216,-10,-4
rua||antonio basilio goncalves|palmital|33234575|80,-1958655,-4390445;84,-9,0;85,34,-41;90,-7,29;96,-1,-21;100,3,0;108,16,-12;110,12,-7;112,-15,11
rua||antonio da costa viana|palmital|33234535|30,-1959379,-4390489;33,43,-13;34,-35,11;35,-1,-5;50,23,4;60,26,-5;68,15,6;70,6,-8;75,17,-9;90,12,6;95,-6,-8;100,10,3
rua||antonio de castro figueiredo|conjunto ovidio guerra|33239406|6,-1964432,-4391283;20,-11,14;27,15,-6;30,-8,22;37,0,-6;45,-8,8;50,-4,3;54,-2,-1;55,6,6;56,-4,2;58,-5,13;60,-3,4;65,4,-6;75,2,10;80,-7,5;85,8,6;86,15,-67;95,-29,80;105,9,28;115,10,-76
rua||antonio dias|palmital|33234580|450,-1958275,-4390925;730,14,-51;745,-14,57;785,-13,9;795,-25,30;802,-12,3;805,7,10;810,-6,-7;815,-22,50;837,-6,10;841,-11,12;845,-1,8;847,-9,19;855,-4,7;1340,-54,101;1346,26,-67;1348,-11,35;1350,-50,71;1360,-13,4;1370,44,-43;1375,15,-8;1378,-129,79;1380,111,-71;1385,8,3;1388,-116,66;1397,44,-4;1399,-3,3;1400,-60,8;1405,124,-52;1417,-68,26;1425,42,-16;1429,-70,26;1438,-33,22;1445,17,-10;1450,-21,13;1458,2,3;1464,-1,10;1465,7,5;1475,42,-3;1480,-45,7;1490,4,13;1500,2,8;1506,7,6;1507,6,1;1509,64,-76;1510,-70,76;1520,26,26;1530,19,2;1531,-5,-31;1533,-5,16;1540,2,22;1543,-7,-6;1546,9,9;1547,2,-1;1549,1,5;1550,-2,10;1551,13,-1;1553,3,7;1554,-21,-29;1555,30,24;1557,9,9;1561,7,14;1602,-60,-194;1610,-7,40;1660,41,133;1705,37,35;1707,6,2;1715,8,5;1731,5,7;1782,5,15;1853,64,37;1861,12,-23;1865,16,-30;1881,-8,57;1900,-7,1;1921,27,-3;1922,-6,12;1923,10,0;1930,0,6;1931,22,-1;1933,-1,1
rua||antonio fernandes|joa|33233250|15,-1963845,-4387078;20,-7,-7;25,0,4;28,-721,-35;35,711,34;40,-2,-11;55,-32,10;100,-3,-9;130,-27,-10;145,-16,4;155,-10,-3;165,-9,1;175,-14,-3;180,-9,-7;185,7,6;190,-43,-12;220,-14,-4;225,-10,3;232,-2,-3;235,2,2;248,-20,-5;300,-13,-3;316,-27,-5;374,-48,-3;385,0,6;386,-41,-12;395,21,6;396,-47,-5;405,20,7;445,-35,0;455,-16,1;460,-7,-2;465,-8,0;470,-19,-4;475,6,2;480,-19,-2;485,14,3;490,-19,-4;502,-11,-2;505,16,6;512,-35,-5;555,11,5;623,-5,-1;638,-24,-7;643,-2,8;650,-17,-7;663,4,3;673,-8,2;756,-62,-7;766,7,-2;768,-60,-1;770,3,1;777,26,6;780,-41,-8;795,29,8;835,-55,0;836,11,-7;845,-5,8;846,-5,-8;856,-10,3;880,-22,0;977,5,-1
rua||antonio freitas|lapinha|33233036|14,-1957913,-4393988;30,-15,-19;40,-19,-17
rua||antonio goncalves teixeira|lapinha|33242000|20,-1957439,-4394567;100,46,-5;120,3,3;200,60,14;220,14,9
rua||antonio izidoro|lapinha|33242000|30,-1957664,-4394014;42,6,131;50,-20,-120;60,8,15;80,7,26;84,3,13;85,8,34;86,-11,-13;100,9,1;104,0,20;106,-26,-3;108,26,0;111,13,29;123,-13,-35;160,-5,54;170,12,10;180,14,13;186,6,-28;192,16,3;195,20,-10;200,-6,10;222,18,-17
rua||antonio jose salomao|antonio jose salomao|33230198|8,-1962577,-4389544;30,-28,26;38,24,-26;140,48,-57;150,18,-16;180,7,-10;190,12,-11;200,10,-6
rua||antonio jose salomao|centro|33230198|35,-1962588,-4389547
rua||antonio jose salomao|vila santa cecilia|33230198|135,-1962536,-4389607;149,5,-8;161,17,-11
rua||antonio martins|campinho|33234778|110,-1956239,-4391796
rua||antonio martins|campinho|33239304|10,-1956470,-4391604;80,0,-11;82,15,-11;87,10,-14;92,31,18;102,13,-10;122,8,-45;142,12,-9;144,44,33;152,-34,-42;162,9,-10;170,22,-17;295,8,-14;300,18,-4;302,7,-15;310,26,-20;312,9,-12;330,18,-12
rua||antonio pereira carvalho|sobradinho|33230145|2,-1962259,-4389003;10,-21,12;20,17,-16;80,42,-30
rua||antonio pinto coelho|centro|33233400|4,-1962187,-4389631;6,-9,12
rua||antonio pinto coelho|centro|33234570|5,-1962179,-4389648;9,-10,36
rua||antonio pinto coelho|centro|33234716|684,-1962210,-4389706;694,-10,-4;752,19,-18
rua||antonio pinto coelho|sobradinho|33230228|15,-1962345,-4389423;27,142,-160;33,-127,154;40,19,11;44,10,-36;47,-26,5;63,84,-104;123,-46,63;124,6,7;133,-4,-13;143,9,-6;184,37,-34;215,10,-32;219,8,-9;225,2,-10
rua||antonio pinto fonseca|palmital|33234240|21,-1959930,-4389964;35,17,14
rua||antonio rodrigues de freitas|sangradouro|33242000|9,-1958145,-4393971;11,-13,7;13,-3,1;15,-7,6;63,-33,17;64,-10,4;65,26,-5;80,-61,18;145,-28,130;400,-158,65;475,-3,15;485,-31,31;495,0,0;515,-18,44;525,5,-18;560,-25,102;660,-6,20
rua||antonio torquato|lagoinha de fora|33234570|295,-1968396,-4384688;311,29,18
rua||antonio torquato|lagoinha de fora|33246000|41,-1968534,-4384881;51,8,24;71,21,25;80,-21,-18;98,4,14;175,51,67;280,73,78;290,12,13;292,-1,0
rua||antonio vieira de fretas|campinho|33232000|600,-1958356,-4393146
rua||aquiles de lisboa|centro|33230306|57,-1962939,-4389955;101,249,-198;102,1,2;132,-167,138;135,-3,-10;136,17,-7;160,4,5;165,4,-8;243,19,-30;258,44,-14;267,-6,-17;270,17,0;284,10,-7;289,-24,6;292,38,-24;333,-32,17;345,22,-9;353,-1,-9;382,29,-9;383,-4,-10;389,1,-9;391,16,-3;393,-2,1;396,-7,11;406,14,-11;413,16,-14;431,-5,1;471,42,-31;481,31,-27;491,19,-31
rua||aquiles de lisboa|promissao|33230350|280,-1962588,-4390276;590,0,13;600,5,-17;610,-2,-1;615,3,-3;620,12,-8;630,9,-15
rua||aquiles lisboa|promissao|33230350|243,-1962590,-4390248
rua||aquileu de oliveira|varzea|33233026|16,-1963948,-4388872;23,11,35;31,-3,3;37,-3,-7;39,5,19;41,0,7;43,-2,2;45,6,30;50,-1,-16
rua||arachid gabriel salomao|varzea|33233082|15,-1963172,-4388333;35,-50,10;60,-47,35;65,21,-9;68,-41,19;97,-73,22;98,12,-2;120,-10,2;140,-18,-7;340,233,-112
rua||aramita de matos pinho|conjunto vila maria|33241899|120,-1960106,-4390539;126,-3,-9;132,-1,-8;138,-4,-1;144,3,-14;150,0,-5;156,-2,0;162,-1,-14;166,2,-4;168,-2,0;174,-10,-7;180,1,-12;186,1,-1;194,-3,-10;200,4,4;206,-5,-13;212,-3,-8;218,0,-6;224,1,-14;230,4,-3;236,-1,-7;242,-10,-6;250,3,-7
rua||aramita de matos pinho|vila maria 2|33241899|80,-1960086,-4390484
rua||aramita de matos pinho|vila rica|33230818|20,-1960091,-4390436;30,3,-12;40,-2,-5;50,-4,-13
rua||araxa|conjunto ovidio guerra|33239370|13,-1964039,-4391485;20,-284,66;30,126,8;40,-28,-10;42,-4,3;56,319,-138;66,-14,9;78,-12,3;90,-12,8;94,-9,3;104,-3,-5;108,-3,13;120,-16,9;124,1,-3;125,44,-2;127,-23,-2;131,-14,7;135,-8,6;138,-19,-6;150,-1,6;154,-17,4;174,-5,9;185,5,7;195,-27,4;236,-25,16;240,-3,1;252,-3,0;256,-10,10;266,-7,1;270,-4,5;292,-13,7;296,-12,-4;308,-2,10;312,-4,1;324,-6,6;328,-10,4;338,-4,12;342,-12,-3;352,-24,3;365,23,20;367,-8,-11;369,-7,12;371,8,-14;374,-17,-6;375,4,3;377,-5,11;378,-1,-18;385,0,6;387,4,-2;390,-17,0;399,-10,0;404,6,-7;408,-10,7
rua||argentina|ipanema|33233190|10,-1964979,-4388149;12,6,7;16,7,14;74,14,33;79,8,-4;89,5,17;95,0,-2;96,-2,10;106,2,-1;109,9,10;116,1,9;125,4,-1;126,-2,12;135,7,-1;140,-6,6;145,14,10;150,-6,-1;160,7,18;161,2,-10;165,11,17;169,-1,0;170,-9,1;171,9,5;179,3,8;180,-10,-7;190,10,12;194,0,3;205,9,4;215,-3,7
rua||argentina|ipanema|33233200|9,-1964961,-4388144
rua||argentina|joa|33233190|218,-1964877,-4387934;220,12,14;224,-3,4;228,7,9;230,1,0;232,3,13;250,7,10;430,38,84;440,-1,1
rua||argentina|lapinha|33242000|55,-1956901,-4395266;105,57,-19;110,-48,23;150,87,-16;163,36,-97;180,9,84;196,7,-1;206,-20,-30;216,2,-20;226,3,-21;236,9,-35;245,-65,17;315,65,-28;347,43,-35;405,13,6;415,30,16;422,-7,-2;445,28,13;496,30,43;566,38,41;570,-2,17;574,-6,-26;576,9,36;588,-4,14;599,11,-40;656,-12,76;668,-1,22;678,-1,10
rua||argentina|varzea|33233190|36,-1964763,-4387641;40,5,9;44,-6,1;60,-2,11;88,2,43;92,-6,11;96,-26,56;110,40,-146;255,-86,-226;265,4,12;275,-3,4;285,5,5;295,8,12;305,-1,5;1175,34,74
rua||argentina|varzea|33233200|15,-1964754,-4387670;1061,-26,-53
rua||ari augusto de matos|recanto da lagoa|33236096|151,-1964748,-4388625;205,-46,113;225,6,-9;245,8,-15;255,0,0;261,2,-12;265,-18,33;275,28,-56
rua||armando trompowsky|aeronautas|33236446|4,-1966756,-4389046;10,-7,9;20,8,4;34,-6,25;35,12,-2;95,-1,63;96,5,-5;97,-2,-3;105,-1,11;115,-4,20;145,-4,20;155,6,10;167,3,18;177,-4,10;185,4,7;209,2,13;317,3,24;455,2,-17
rua||arnaldo barros ribeiro|sobradinho|33233096|25,-1961809,-4389220
rua||arnaldo barros ribeiro|sobradinho|33234100|255,-1961654,-4388980;345,20,43;385,14,31;455,22,107;485,-1,-3;1255,126,695;1305,58,34;1335,46,14;1525,156,-37;1553,-122,38;1705,185,-80;1750,69,-35;1755,-29,21;1800,45,-119;1850,12,-83;1900,8,-63;2000,-5,-31;2230,-8,-234;2375,-12,-118;2385,-14,-20;2395,23,-15;2425,-30,-27;2500,37,-36;2535,-65,-52;2580,79,-63;2595,-6,-19;2630,8,-20;2640,-1,-31;2950,22,-102;3000,-4,-55
rua||arnaldo barros ribeiro|sobradinho|33234112|65,-1961723,-4389230;135,-14,8;145,2,-2;165,13,-22;215,70,-5;220,-34,-4;270,92,22;290,28,31;300,13,16;305,16,-46;310,-12,65;320,-2,-4;340,65,-51;380,34,10;389,-73,-19;415,54,11;455,47,17
rua||arnaldo barros ribeiro|sobradinho|33234520|1267,-1961430,-4388077;2040,379,-412;2400,-5,-335
rua||arnaldo barroso ribeiro|vale dos sonhos|33234112|40,-1961786,-4389221
rua||aroeiras|condominio portal do vinhatico|33231028|83,-1959006,-4390929;93,26,18;133,19,22;134,-7,-5;144,5,-1;152,36,35
rua||artur roberto paula|lapinha|33233036|3,-1957248,-4395511;17,-161,-8;19,-5,-1;25,12,-5;69,25,-4;79,15,0;83,12,-1;105,18,6;158,-46,-5;185,69,9;197,20,2;215,0,0;219,27,11
rua||artur roberto paula|lapinha|33242000|28,-1957408,-4395516;36,7,-2;58,34,8;80,7,-9;94,26,6;96,1,-2;104,5,3;114,14,5
rua||azaleias|sobradinho|33230240|15,-1961963,-4389362;25,-2,2
rua||babilonia|francisco pereira|33236704|26,-1966202,-4386995;80,13,30;125,108,162;126,-69,-98;127,78,101;128,-66,-90;130,-7,2;132,6,2;134,7,-5;135,60,95;136,-58,-86;137,64,96;140,-64,-87;145,68,95;147,10,11;150,-80,-93;151,-42,-89;152,44,95;170,31,27;172,-19,8;174,15,-15;176,-1,-4;195,105,149;197,-13,-11;200,-64,-91;205,97,141;207,11,12;209,-1,-2;211,13,15;213,-3,17;219,10,3;229,-1,7;239,7,4
rua||babilonia|residencial real mont ville|33236704|50,-1965932,-4386529;215,-129,-218;236,86,107;241,-89,-107;250,108,145;260,4,10
rua||bagatelle|aeronautas|33236450|28,-1966823,-4389063;48,-2,18;50,1,29;56,2,-22;66,-3,14;70,5,8;84,-4,5;94,-6,22;115,12,34;117,5,3;123,-2,4;133,-6,18;154,1,-14;161,6,24;166,-6,-19;176,-4,6;179,11,29;183,1,11;186,-9,-21;189,6,35;196,-8,-25;198,0,7;205,10,30;209,4,-3;210,-22,-16;218,2,10;220,2,20;221,13,3;226,-2,-11;232,-2,16;233,4,7;245,-4,15;246,-4,-5;247,7,-3;267,-9,-157;274,8,178;275,-2,-7;285,4,12;302,-8,18;305,7,16;315,3,14;322,-7,-5;349,5,27;357,-1,7;359,4,13;378,-13,-12
rua||bagdade|francisco pereira|33236722|65,-1966257,-4386887
rua||bagdade|residencial real mont ville|33230001|60,-1966166,-4386417;105,-28,-32;135,-40,-36
rua||bagdad|francisco pereira|33233096|130,-1966137,-4386385;5260,109,19
rua||bagdad|francisco pereira|33234624|90,-1966100,-4386401;212,98,-277
rua||bagdad|francisco pereira|33236700|250,-1966258,-4386904
rua||bagdad|residencial real mont ville|33236700|79,-1966185,-4386777;83,-5,-9;99,-21,-30;210,206,131;215,-53,-65;241,0,-2
rua||bahia|joa|33233152|8,-1963709,-4388029;20,-14,10;54,-14,5;64,-9,4;65,-3,13;76,-6,-8;88,-10,1;100,-13,1;105,-10,13;110,-1,-8;115,-8,10;120,2,-3;125,-27,15;140,-53,3;145,10,6;155,-12,3;160,-14,-5;195,-429,118;265,0,0;415,176,8;418,-15,-8;419,1,6;420,14,-8;424,-43,2;425,3,-2;428,-17,7;449,-8,-6;455,-15,-2;458,-13,0;465,19,3;468,-44,-7;475,16,6;478,-27,-2;485,0,5;545,-50,0;565,489,-124;775,-687,128;797,-13,-9;817,18,-9;835,-63,2;845,-18,1;855,-9,1;875,-21,-2;1215,-266,63;1230,35,-32;1250,-5,10;1260,-29,16;1295,-19,12;1310,-35,14;1314,-10,6;1361,-26,28
rua||bahia|varzea|33233152|200,-1963915,-4387941;220,-16,-3;240,-19,12;260,-14,7;280,-19,3;330,-68,36;340,13,-8;345,-4,3;350,-10,6;365,0,2;380,-23,4;385,-12,16;649,-343,8;710,7,-5;720,-19,-3;730,-17,-1;740,-9,-4;790,-71,2;802,-6,0;818,-13,0;828,-23,-2;840,-33,0;960,-160,12;980,0,0;999,-41,18
rua||baldim|francisco pereira|33236320|55,-1965659,-4387415;103,-9,-13;107,-9,-20;115,-9,-4;120,13,-12;123,-23,-4;133,-7,-5;140,-4,-23;153,-24,-21;163,-8,-12;173,-12,-14;190,-2,-27
rua||barao de maua|promissao ii|33230405|60,-1962870,-4390959;70,-4,-1;75,-19,-16;80,11,10;82,-4,-7;83,-8,-2;85,-5,-10;92,-1,-2;95,-2,-1;99,-3,-4;104,11,1;108,-4,-8;120,-9,-17;123,-4,1;130,-4,-8;170,-10,-50;172,14,10;182,-25,-12;192,-2,-15;205,-12,-18;435,153,154
rua||barbacena|conjunto ovidio guerra|33239422|15,-1963671,-4391404;30,2,-10;41,-15,12;42,9,-6;46,-17,-4;55,-7,6;56,2,-7;59,-6,9;60,-7,-11;65,1,13;69,-8,-3;70,5,-9;72,-11,0;80,2,-4;82,-11,2;85,10,8;95,-10,-2;99,-6,7;124,-4,-16;183,-75,-2;187,-8,3;190,6,-13;199,-11,6;200,-2,-7;213,-2,7;217,-15,3;220,3,-14;1045,198,19
rua||barbacena|lundcea|33239422|7,-1963596,-4391394;9,-15,6;10,-5,-8;11,-9,0;12,7,-5;31,-6,7;35,-10,1
rua||bartolomeu bueno gusmao|aeronautas|33236454|45,-1966951,-4389458;47,19,-28;50,-27,30;60,0,14;73,1,4;80,2,14;83,-1,1;90,-5,4;93,8,14;100,-5,0;107,3,4;110,-4,7;117,11,6;119,-6,1;127,4,2;130,-13,13;140,8,3;152,-2,9;156,-3,12;170,-3,48;171,11,-62;176,4,411;177,-3,-395;180,-12,56;185,6,-52;195,12,21;213,-11,16;215,3,2;219,0,10;225,15,5;230,-26,15;231,11,-3;235,4,1;237,-8,31;239,10,13;258,-15,-37;262,1,14;270,1,17;280,1,15;290,-1,12;291,9,-14;300,-8,27;310,0,19;330,0,0;335,5,24;341,4,0;350,-2,-9;360,-8,13;361,11,7;381,2,23;383,0,0;389,-5,2;391,4,17;413,-3,7;417,1,10;422,-2,1;433,2,11;441,0,16;446,-9,-13;456,2,15;457,9,24;458,-8,-11;465,20,20;467,-9,-4;488,-6,-4;490,-2,6;493,20,0;500,-19,5;503,7,4;505,0,7;526,-7,3;536,-1,12;565,8,43;573,-3,18;585,0,15;593,5,2;594,-8,-34;596,1,21;605,5,37;616,-5,-8;625,6,4;626,-8,7;635,4,14;636,-4,-7;645,12,18;646,-9,0;661,9,11;670,-10,18;680,3,19;681,0,5;684,-4,4;688,1,31;761,6,12;771,-1,9;780,-5,-5;781,5,20;791,3,16;800,-8,-8
rua||bela vista|lapinha|33242000|51,-1956894,-4395139
rua||belarmino de oliveira|santos dumont|33239254|14,-1964445,-4390150;24,-6,-24;28,0,11;32,-29,3;36,13,1;38,8,0;40,3,3;48,2,4;52,5,14;56,4,-12;58,-1,19;60,0,11;62,2,-4;82,2,21;88,-30,10;94,19,-4;95,25,8;98,-24,12;100,16,-1;102,4,-12;103,-3,11;105,2,3;114,-5,9;129,3,5;138,4,4;158,5,-9;163,0,18;177,2,4;178,-3,0;180,-3,1;185,4,8;195,-4,13;200,3,6
rua||belmiro da costa|lapinha|33242000|25,-1957643,-4394036;31,25,7;35,7,7;39,17,5;60,-4,-2;100,22,-17;110,12,-16;120,-1,-5;670,-69,22
rua||belo horizonte|ipanema|33233006|30,-1964788,-4388241;40,-3,12;50,-1,1;59,13,2;60,-13,11;70,-2,-3;80,1,11;90,-1,11;100,-25,28;109,34,-1;119,2,-4;147,-7,164;150,-4,-121;210,-6,52;220,9,27
rua||belo horizonte|vila militar|33236032|28,-1964494,-4389427
rua||benedino de oliveira|estancia dos jasmins|33234650|25,-1957676,-4390462;35,-17,-39;40,15,28;95,-41,-52;115,-33,-40;140,30,34;145,-71,-37;147,-3,-37;155,-19,-14;159,-13,-18;169,4,-5;185,-20,-13;200,83,84;240,-21,-28;260,-18,-11;290,-20,-13
rua||benedito goncalves de melo|vila santa helena|33230766|7,-1960794,-4390540;11,2,5;15,0,7;19,3,8;25,6,1;41,0,11;43,8,13;59,14,25;60,-4,2;69,12,6;70,-3,16;89,12,21;99,10,7;117,21,27;121,-13,-7
rua||benjamim arruda|lapinha|33242000|22,-1956987,-4395194;57,23,3;65,-41,35;67,29,-22;69,7,-5
rua||benjamim vieira|santos dumont|33239238|10,-1964267,-4390340;16,4,-2;43,-113,-57;57,-87,-20;60,147,41;67,-142,-40
rua||benjamin araujo|conjunto vila maria|33241899|68,-1960157,-4390558;128,-52,12;150,33,-7;155,-24,3
rua||bernardino f sodre|centro|33230121|20,-1962471,-4389052;29,-12,-15;30,6,6;51,-3,-18;59,5,-18;60,-5,-16
rua||bolivia|joa|33233182|30,-1964480,-4388122;195,-4,124;243,-2,52;244,-4,10
rua||bom jesus|bela vista|33239316|108,-1964629,-4390657;118,-2,-5;126,-2,-15;130,-4,-8;140,2,-7;150,-13,-10;174,0,-26;184,-1,-1;236,-20,-56;238,-1,0
rua||bom jesus|santos dumont|33239316|1,-1964606,-4390578;4,6,9;6,-18,-48;14,2,-5;15,-10,0;91,-6,-21;107,-4,-7;121,-1,1;161,-3,-52;255,-32,-68;290,-5,-40;297,-2,13;300,1,-26;301,-61,91;311,48,-101;320,10,-3;338,-3,-6;346,-16,-28;358,8,1;366,-8,-10
rua||bonanca|novo santos drumond|33241899|33,-1966157,-4388690;77,-2,-37;101,0,30
rua||bonanza|aeronautas|33236420|30,-1966160,-4388786;60,-7,29;66,6,23
rua||bonifacio duarte staut|centro|33230300|30,-1962825,-4389731;40,3,5;42,3,-6;44,3,-1;46,2,-3;58,5,-11;61,-23,25;67,27,-38;76,5,5;84,4,-5;85,-8,-2;103,10,-16;119,13,-20;127,8,-14;132,-2,16
rua||brasileirinhas|moradas da lapinha|33231564|20,-1959364,-4391201;30,-9,-2;40,5,4;50,1,-6;60,14,16;70,10,5;80,3,2;90,8,6;100,8,4;110,1,5;120,12,-1;130,12,7;134,-2,-2;140,4,1;150,8,6;160,2,4;170,2,0;180,14,10;190,5,5;194,0,0;200,10,5;210,1,0;214,3,6;220,8,-2
rua||b|campinho|33234724|5,-1957004,-4391712;13,-15,-9;17,-15,-3;19,-12,1;50,-3,-1;60,-8,2;61,-9,-4;85,-24,-3
rua||b|condominio amendoeiras|33240268|86,-1965747,-4392728
rua||b|condominio amendoeiras|33240280|136,-1965839,-4392256;155,29,-13;186,-73,51;226,-85,5;312,-109,10;362,-26,1;401,-58,42;422,32,-47;452,-45,28;473,-83,45;482,15,-20
rua||b|condominio gran royalle|33237002|25,-1966479,-4385908;40,13,23;60,12,17;80,16,-16;100,9,1;120,25,8;145,-2,-21;170,56,34;175,-36,-27;195,12,4;235,24,5;255,15,3;275,15,-2;310,109,35;355,-22,-13;360,102,21;375,-107,-26;380,120,33;395,-112,-37;455,47,4;480,148,83;495,-106,-60;500,103,52;520,-19,-8;535,-65,-42;560,129,91;575,-115,-83;675,58,33;715,18,11;970,30,75
rua||b|estancia das amendoeiras|33240036|20,-1965757,-4391611;50,217,-29;51,-22,-24;70,17,1;71,-211,51;90,202,-84;93,-2,-16;100,-201,99;105,205,-115;110,4,-21;115,-2,-14;120,-1,-7;123,1,-12;139,1,-11;148,-203,182;168,-4,0;188,204,-236;200,-204,237;246,-1,-1;252,0,0;280,162,-261;290,-22,-7;296,-135,272;300,114,-282;350,-34,-18;360,-19,37
rua||b|jardim ipe|33239830|15,-1965058,-4391570;36,18,-13;42,-6,10;45,-2,-35;50,39,4;51,24,-3;60,11,14;70,-4,24
rua||b|morro do cruzeiro|33234100|1500,-1961207,-4388094;1955,71,-54
rua||b|novo santos drumond|33241899|36,-1965184,-4388050;60,2,-4
rua||b|palmital|33234404|35,-1958825,-4389343;38,-20,20;45,9,9
rua||b|palmital|33234530|10,-1958618,-4389088;20,-5,19;25,2,11
rua||b|quebra|33230560|220,-1962566,-4390826;230,-3,-3;250,51,16;260,6,4;265,12,-5;270,0,7;275,8,-5;280,14,16;285,3,-5;290,10,7;320,85,116;325,-56,-97;330,0,17;380,40,45;430,-25,-32
rua||b|recanto da lagoa|33241899|3,-1965141,-4388087;10,281,-451;30,12,-16;40,6,-9;50,-1,-5;310,-35,20
rua||b|vale dos sonhos|33234100|175,-1960894,-4388614;1800,-171,342;2550,23,-723
rua||b|vale verde ville|33230730|20,-1960798,-4389944;30,160,-32;40,-165,35;50,276,-51;115,-88,26;135,-21,24;145,-7,3;155,-23,25;165,-6,4;167,-6,2;200,-80,-9;217,-8,3;225,-14,-10;231,-21,-9;235,-16,6;240,-18,-9;245,-2,20;260,-30,8;285,-20,13;287,12,5;289,-4,-10;291,6,6;295,-18,0;305,-11,15;315,-6,5
rua||caicara|centro|33230279|104,-1962601,-4390100;301,-22,18;302,-10,-43;306,12,69;375,103,79;387,6,-9;393,-5,-9;399,-6,-7;402,-72,-86;405,-29,32;409,100,56;413,-27,0;421,11,-17;567,-104,-131
rua||caicara|promissao|33239062|366,-1962484,-4389951;380,-11,-25;444,-72,-94
rua||caicara|vila pinto coelho|33230279|55,-1962284,-4389683;60,-9,4;61,-12,3;64,0,-55;70,13,20;77,-6,9;84,2,-24;87,-9,23;89,1,-8;97,-12,-16;112,12,-1;126,-27,-22;150,-22,-42;155,7,25;170,-14,-36;180,-16,-18;194,-2,-5;195,10,29;209,-18,-21;210,-7,-24;216,1,-10;227,-5,26;231,-15,-25;232,3,-14;237,10,28;281,-38,-42;298,3,-20;309,-32,0;312,21,-11
rua||candido avelar|joa|33233266|10,-1964871,-4386876;17,594,-56;47,-33,1;58,16,-7;67,-72,3;76,38,-2;77,-41,2;98,18,-3;118,-20,0;128,3,-3;138,-34,-2;170,151,-23;260,-208,28;262,5,-4;270,-16,1;275,-1,6;280,-11,-5;290,-14,-2;301,247,-12;315,-282,12;320,16,-1;335,-21,5;340,-8,-7;341,-9,6;349,-18,3;355,-11,-4;360,-16,-9;365,-65,7;370,46,-4;408,-23,-1;418,-18,-2;435,-21,6;1600,255,7
rua||candido vieira|jardim imperial|33234180|12,-1960197,-4390373;30,7,-2;40,14,2;42,7,-1;44,8,4;48,2,32;50,16,-24;52,-26,-7;54,69,5;56,12,6;58,9,5;60,53,-3;62,-36,-7;63,9,6;64,9,2;68,44,0;70,25,-40;78,-3,33
rua||canopus|promissao|33231220|12,-1962397,-4391998;24,-6,12
rua||carinhoso|moradas da lapinha|33231536|15,-1959883,-4390941;25,4,6;30,-3,7;35,15,-6;40,-15,13;45,17,-5;50,-5,8;55,14,-5;60,0,6;65,6,-3;70,-2,6;75,12,4;80,-3,4;85,6,-4;90,0,9;95,7,-3;100,3,15;105,2,-10;110,1,5;115,7,-2;120,4,7;125,9,1;130,-6,2;135,13,2;140,0,6;145,6,-2;150,-3,6;155,3,-10;160,9,16;165,6,-4;170,-8,5;175,10,-6;180,2,11;185,4,-5;190,6,14;195,3,-7;200,4,9;205,7,-4;215,6,1;225,2,16;235,16,-7;245,0,0;255,22,13
rua||carlindo jose da silva|varzea|33233046|45,-1963958,-4388490;55,-2,21;234,3,24
rua||carlindo jose silva|varzea|33233046|155,-1963939,-4388387;165,0,13;176,-1,-1;177,14,18;178,0,3;188,2,-1;189,0,1
rua||carlos bicalho de goulart|praia angelica iii|33236002|274,-1964791,-4389871;695,-191,-158;700,11,-7;705,-8,-14;710,8,2;720,0,-17;730,2,-10;740,-1,-13;750,-6,-8;765,1,11;770,-5,-34;775,-1,16;795,-6,-30;805,-5,-1;835,-11,-29;885,-5,-25;890,6,-3;897,-12,-12;900,6,0;905,-15,-25;910,12,12;930,-23,-32;940,-7,-12;950,1,19;960,-13,-1;970,-13,0;990,-17,4;1000,-5,11;1010,-9,3;1020,3,12;1025,5,-6;1030,-11,4;1040,4,14;1050,5,14;1055,9,5;1060,-10,3;1080,8,18;1095,6,14;1100,-5,4;1125,9,9;1130,-8,0;1145,13,20;1150,-2,-3;1160,1,9;1170,2,12;1190,5,28;1195,16,9;1200,-6,13;1250,14,12;1270,0,3;1276,7,12;1277,2,-13;1300,38,71
rua||carlos bicalho de goulart|praia angelica ii|33236002|160,-1964650,-4389815;244,-66,-61
rua||carlos dias ribeiro|joa|33233070|670,-1963701,-4387982;680,-2,32;690,-4,22;1050,-63,377;1059,16,20;1060,-3,14;1063,5,-4;1065,-3,19;1069,0,12;1079,1,6;1089,-7,15;1090,-1,14;1091,0,-8;1095,1,13;1100,-1,-5;1105,-3,25;1110,-10,-5;1115,14,13;1120,-6,3;1121,1,3;1123,12,19;1127,-17,2;1130,-4,-15;1135,0,33;1140,-11,12;1145,9,4;1150,-7,-11;1175,-3,60;1185,-7,20;1195,1,3;1205,1,13;1215,-3,7;1225,-15,74;1227,38,-202;1495,-30,162;1515,-6,28;1535,2,28;1541,-12,-4;1543,2,2;1545,29,3;1547,-33,8;1595,-1,42;1600,-5,-38;1601,0,54;1605,0,3;1622,-5,-33;1623,8,51;1625,-5,3;1633,6,2;1635,-6,6;1644,-7,-42;1649,8,50;1655,-6,23;1670,-16,38;1677,51,-8;1685,-27,-90
rua||carlos dias ribeiro|mirante do rio|33230001|5,-1961259,-4382060;6,31,-48;7,19,-39;8,22,-38
rua||carlos dias ribeiro|varzea|33233070|15,-1963590,-4388556;59,1,26;67,8,33;79,3,6;87,2,42;130,-9,-14;164,0,21;170,-1,9;180,3,1;187,5,1;190,-5,-1;194,-2,30;217,5,15;222,-7,-1;227,5,9;233,2,5;248,-11,17;251,11,-37;253,-2,32;261,32,17;263,-12,0;279,-9,17;280,-16,-18;288,-2,14;298,3,9;299,8,-2;300,0,15;303,0,-7;325,1,2;328,-5,23;345,3,19;351,-40,98;353,34,-79;370,2,-35;371,-7,40;380,-1,-16;383,2,24;390,-9,-14;397,1,31;399,-1,7;400,0,-24;410,-9,19;420,-3,18;421,2,2;427,-4,15;433,2,-1;440,-21,29;450,-39,-26;500,6,72;537,29,-31;545,-33,62;550,-5,6;585,-10,25;590,-4,-2;597,-7,15;607,2,7;623,-4,15;629,1,20;630,-6,-15;643,4,28;651,6,6;659,-5,5;667,-5,17;669,-3,-5;677,2,19;679,13,-4;681,-14,-1;689,-1,13;699,1,8;709,6,13;729,-9,39;731,-1,9;737,2,0;741,-2,16;769,0,37;779,3,10;787,29,16;789,-31,-1;799,-4,15;809,-1,12;819,-1,9;829,-4,9;835,2,5;839,3,5;849,-2,18;859,-9,12;869,0,8;879,-3,17;889,-4,9;899,-1,9;911,-9,17;919,-1,5;929,-2,17;933,-10,2;949,3,20;959,-3,14;969,-3,8;1049,2,15
rua||carlos drummond de andrade|associacao do jardim ipe|33239820|5,-1964948,-4391360;15,-24,-31;20,-2,-7;25,-8,6;30,-6,-6;35,-18,1;40,13,4;45,-25,0;50,-4,-3;70,-25,-6;75,-8,18;79,-4,2;80,4,-8;85,-16,9;90,5,-4;95,-25,2;100,22,2;105,-43,-4;110,18,-2;115,-28,12;120,13,-9;125,-30,2;130,15,-2;135,-38,7;140,22,-3;150,-10,-2;160,-15,1;165,-33,7;170,21,-3;180,-10,1;195,-27,3;200,-1,1;202,-42,14;225,7,-7;432,-10,8
rua||carlos drumont de andrade|vista alegre|33239820|10,-1967903,-4391296;14,-4,-1;22,-4,0;27,-17,4;30,12,-1;35,-19,6;40,0,0;50,-6,-1;65,-13,11;72,-8,-2;100,-8,-1;110,-10,2;120,-14,2;126,-7,3;130,-1,4;132,5,-5;135,-3,12;137,-1,-3;140,-11,-5;142,-10,2;145,5,5;147,8,2;167,-19,7;169,8,-2;175,-10,7;305,80,-35;385,-44,14
rua||carlos lindemberg|aeronautas|33236452|10,-1966894,-4389122;50,1,6;57,5,42;60,-5,-36;67,10,36;75,-6,-18;79,7,34;81,-4,3;87,5,15;88,-5,-44;89,5,35;92,-8,-18;112,-6,9;124,5,17;125,9,3;128,-10,-5;130,4,2;139,4,47;150,-8,-30;160,-21,14;176,28,13;180,-17,-1;195,19,-1;210,-8,37;211,7,14;220,-7,0;221,7,0;230,-5,7;231,6,-1;240,-7,25;249,10,3;250,-3,10;257,2,3;270,-8,10;275,-3,-93;280,3,108;290,-4,8;300,3,13;301,8,3;311,4,6;312,-14,4;320,3,10;321,0,-4;330,-5,21;350,8,42;360,6,13;370,-4,-3;375,4,6;377,1,2;390,-6,22;392,1,9
rua||carlos moura murta filho|jardim imperial|33234168|10,-1960189,-4389671;16,5,2;22,7,-3;25,-6,-5;27,12,-2;30,31,-3;32,-33,8;50,23,-5;52,5,-3;69,-16,-1;79,13,2;80,30,-17;90,-3,-11;92,0,-5;99,-3,1;100,12,-7;102,-9,7;108,6,-15;114,1,-6;120,1,0;122,3,-8;124,6,-14
rua||carlota lelis|francisco pereira|33236298|15,-1965656,-4387329;45,5,25;50,-6,14;55,4,0;65,5,13;75,-3,14;77,1,3;80,-9,-10;86,0,3;96,-1,10;160,6,73;170,-1,10;172,2,0;180,-3,11;200,2,21;210,-2,19;240,7,29;250,0,12;260,-10,1;270,8,16;280,5,33;380,-1,68;385,14,73;395,-3,15;420,104,-214;430,-60,107;455,-43,125;465,6,28;470,-10,-4;486,70,-170;490,-49,84;495,-12,132
rua||carlota lelis|lagoa mansoes|33241899|550,-1965631,-4386740;555,5,-11;565,-1,-1;575,2,24;580,-6,20;585,4,12;600,-13,16;630,-5,13;640,0,-4
rua||carvalho de lima|nossa senhora de lourdes|33233216|28,-1965016,-4387656;40,-3,19;60,-3,10;70,-7,16;74,-4,5;120,-7,11
rua||carvalho de souza|nossa senhora de lourdes|33233204|274,-1964868,-4387320;280,-2,0;290,-7,26;320,-12,25;330,-3,5;340,-4,4;350,-3,11;360,-13,27
rua||carvalho de souza|nossa senhora de lourdes|33241899|200,-1964822,-4387426;204,-5,9;208,-11,14;220,-1,16
rua||carvalho de souza|varzea|33233204|98,-1964783,-4387522;100,3,-1;104,-8,3;108,4,11;118,2,4;138,-16,21
rua||carvalho lima|nossa senhora de lourdes|33233216|146,-1965052,-4387554;160,-6,15;163,6,-9;183,-6,17;190,-2,0;195,1,21;200,-6,-12;201,-4,17;205,-5,17;220,-1,-17;227,-3,21;230,0,-7;232,-2,1;240,-8,20;254,8,-7;270,-15,21;275,-3,26;280,-6,-2;285,2,9;290,-8,5;295,4,0;297,-4,4;300,-3,10;320,-11,30;325,11,-32;335,-4,20;355,-5,11;368,-76,51;397,38,-8;403,-20,10
rua||carvalho lima|varzea|33233216|75,-1965030,-4387603;85,-3,8
rua||castanheiras|acacias|33230790|90,-1960361,-4390669;105,50,-18;110,-42,24;115,6,-4;120,8,3;135,8,-2;140,-8,2;145,26,-10
rua||castro figueiredo|centro|33230202|110,-1962864,-4390143;430,221,290;436,7,0;440,-11,-3;456,-20,-32;476,17,43;486,-35,-61;490,-2,-4;620,-58,-71;644,-4,-12;660,-8,-12;670,-20,-16;680,-13,-20;690,-9,-11;746,-21,-36;756,-10,-7;760,-7,-9;766,-27,-39;770,17,21;780,-7,-7
rua||castro figueiredo|centro|33230288|433,-1962655,-4389856;443,-5,-5;459,-4,-9;475,-11,-13;481,4,-9;491,-15,-10;607,-33,-14;611,-28,-65;633,-12,-7;647,0,-13;661,-25,-18;663,-10,14;665,1,-5;667,10,-9;775,-63,-89
rua||castro figueiredo|vila pinto coelho|33230202|225,-1962549,-4389719;311,-2,9;325,-3,-9;380,-25,-50;381,-6,7;390,-10,-30;393,-7,7;405,-9,-10;406,11,0;409,-16,-8;412,-1,8
rua||castro figueiredo|vila pinto coelho|33230288|300,-1962536,-4389714
rua||catalina|aeronautas|33236422|104,-1966233,-4388658;114,-2,-103;115,4,10;125,-2,9;127,1,78;138,2,-70;144,-4,19;145,-3,-43;154,4,-27;155,3,82;164,-3,13;167,2,-7;174,-6,15;177,5,8;194,0,10;230,2,63;235,22,-26;240,-18,45;245,0,6;274,1,39;275,-2,-7;284,-3,2;293,5,18;304,-2,4;305,-2,4;314,1,12;315,0,-3;324,-3,17;335,8,6;555,-9,-148
rua||caxambu|conjunto ovidio guerra|33239438|5,-1963992,-4391582;11,-14,10;15,5,8;37,-27,6;41,0,-1;113,-62,28;123,1,4;127,-11,7;139,-4,2;153,-22,3;157,1,6;181,-16,12;185,-2,4;195,-9,-1;199,-3,1;211,-13,2;215,14,5;219,-8,0;223,-13,6;227,-13,-2;231,-4,2;233,-8,3;241,-2,0;257,-36,3
rua||ceara|joa|33233166|20,-1963827,-4387609;25,2,1;31,-3,1;35,-8,3;36,-4,1;45,-5,6;55,-11,9;130,-33,1;135,-19,17;140,-17,5;150,-2,3;160,-21,4;170,-6,7;180,-19,6;188,-13,9;195,19,-1;200,-33,6;205,-2,7;210,-17,2;220,-17,10;225,31,-11;230,-55,21;235,49,-16;245,-13,4;255,-19,10;345,-201,-2;355,115,-3;356,3,7;360,22,0;362,-21,-4;365,20,13;375,-67,-4;380,28,-6;385,-50,6;395,47,-2;400,-5,-2;405,-47,2;410,23,-2;415,-71,4;417,23,0;420,34,-6;536,-80,-6;555,-26,8;700,-122,-6;720,-23,-7;730,-24,3;740,-9,-2;745,-18,4
rua||cecilia dolabela portela|centro|33230085|30,-1962821,-4389061;70,-4,2;100,-18,27;125,-12,-9;141,-13,28;146,1,-1;147,-12,-2;164,-1,12;165,-12,10;175,7,-13
rua||cecilia marcelino de abreu|recanto da lagoa|33236072|15,-1965025,-4389159;22,-13,18;30,-12,30;45,-7,23;55,1,-2;60,-13,17;65,1,14;71,-6,-2
rua||cecilia meireles|vista alegre|33239820|22,-1967889,-4391231;25,4,6;32,-16,-6;35,-5,8;37,6,2;45,-12,0;53,-7,0;55,-1,0;65,-17,9;75,-9,4;80,40,-20;82,-7,6;85,-40,22;90,31,-22;92,5,-4;95,-40,25;96,-3,-9;97,-3,7;100,33,-18;105,-44,21;108,15,-12;110,21,-4;115,-45,19;117,1,0;118,8,-15;120,0,1;121,95,-22;125,-106,30;128,3,-3;130,-8,4;131,-19,14;132,18,-13;142,-17,-1;145,12,0;154,-34,-2
rua||cedro do libano|jardim ipe|33239840|416,-1965386,-4391693;420,-3,8
rua||cedro do libano|manancial|33239840|54,-1965180,-4391718;55,24,29;80,-26,-57;90,-6,-14;91,38,64;97,89,-54;121,-1,-9;131,-4,-37;137,-25,97;161,19,-6
rua||cedro|bela vista|33239410|35,-1963620,-4391069;40,-18,4;42,-4,0;45,25,1
rua||cento e dois|vista alegre|33240132|16,-1967850,-4391202;103,-37,-130;105,-5,-4;133,-14,-49;137,-1,-6;155,0,-23;157,-7,-1;250,47,168;280,-2,-26
rua||cento e dois|vista alegre|33240146|35,-1967850,-4391173
rua||cento e onze|vista alegre|33240136|2,-1968055,-4391463;4,6,-1;10,-6,-17;15,12,25;20,4,32;30,-9,-25;35,8,18;40,-6,-15;50,1,18
rua||cento e seis|vista alegre|33240146|20,-1967878,-4391164;35,12,-1;45,-10,9;50,-16,-10;60,0,7;62,-12,-4;68,6,8;70,-5,-2;75,-2,4;80,-14,0;81,47,-109;83,-1,-9;85,-1,0;90,-49,112;92,-7,9;95,52,-126;100,-54,133;104,-9,-5;105,-15,12;110,8,6;112,0,-6;116,-4,-2;120,-9,0;130,-8,1;131,99,-123;140,-111,121;141,113,-114;150,-122,118;151,-5,10;152,2,-8;160,-4,-1;162,-6,-7;163,-5,21;175,-12,3
rua||cerejeiras|acacias|33230794|25,-1960342,-4390590;35,4,-1
rua||cerejeiras|aeronautas|33230794|10,-1966648,-4388247;40,17,-33;50,1,-5;52,13,-5;60,-16,-7;62,11,-3;70,4,-2;80,-5,-24;100,16,-12;102,3,-9;110,14,-7
rua||chacara santa quiteria|lapinha|33233036|75,-1956910,-4394386;77,10,6;183,8,8;203,14,6;213,57,43;215,14,20;235,21,13;326,135,116;400,-69,108
rua||chacara santa quiteria|lapinha|33242000|8,-1956805,-4394248;9,39,-14;20,-277,-73;124,69,-11;150,201,79
rua||chafir alcici|joa|33233234|5,-1964513,-4387352;10,4,-9;20,-20,-2;35,-37,0;45,-21,-3;55,-18,-7;65,-15,-1;75,-13,1;85,-37,-16;87,-18,-1;100,12,-1;105,-28,-3;125,-19,-4;130,2,-3;135,-22,0
rua||chile|joa|33233186|50,-1964529,-4387769;765,5,62
rua||chile|varzea|33233186|45,-1964526,-4387760
rua||cinco champagne|condominio champagne|33233078|35,-1966533,-4387667
rua||cinco champagne|condominio champagne|33234520|50,-1966474,-4387498;70,-20,-53;110,-17,-55;150,-12,-93;160,-4,-10;195,1,-19;197,-13,-52
rua||cinco|condominio lagoa santa park residence|33241899|30,-1965238,-4385513;31,8,15;41,-11,-2;60,-35,-26;91,-66,71
rua||cinco|ovideo guerra|33230450|60,-1962759,-4391567;110,-39,-29;130,-20,-8;675,64,42
rua||cinco|palmital|33234512|1,-1959944,-4388972;17,571,-74;22,7,2;23,-15,8;45,-751,214;46,119,-139;47,-67,9;48,-64,68;50,-56,70;175,-14,26;207,-34,15;239,-4,38;480,63,-80;539,-95,130
rua||cinco|por do sol|33231006|5,-1960744,-4390909;16,-15,-3;28,-17,-7;30,-10,-4;40,47,0;120,22,-60
rua||cinco|promissao iii|33230386|20,-1963080,-4390612;40,10,1;50,14,-10;60,20,-11;76,14,-10;90,13,-7;110,13,-6;120,-1,-3;136,37,-16;146,8,-6;162,15,-8;172,5,-2
rua||cinco|promissao ii|33230386|39,-1963045,-4390634;43,-13,18;55,-13,-2;73,55,-39;85,12,-1;101,16,-8;145,27,-20;205,16,3
rua||cinco|redencao|33234570|20,-1960423,-4389526;25,-8,20;35,-18,9;115,-42,57
rua||cinco|trilhas do sol|33230718|15,-1961056,-4389903;17,-10,-11;20,9,0;25,-7,-11;27,4,-7;30,6,-14;32,-2,-9;35,-7,18;37,0,-13;45,0,-8;47,1,1;50,9,-21;51,-2,-16;54,1,7;60,2,-8;62,-3,-9;70,-1,-10;74,5,-6;80,2,-12;82,0,-4;86,-2,-13;88,2,-11;92,0,-3;94,1,-10;100,1,-6;110,-1,-3;118,2,-17;120,-3,-6;130,2,0;132,1,-8
rua||cinco|varzea do lobo|33230019|25,-1963472,-4393347;55,-23,25;85,23,-26
rua||cinco|varzea do lobo|33230022|50,-1963468,-4393350;170,-2,0
rua||cinco|varzea do lobo|33239682|285,-1963538,-4392991;305,1,2
rua||cinco|varzea do lobo|33239690|130,-1963600,-4392898;144,8,-13
rua||cinco|vila jose facundes|33230386|3,-1959203,-4390841;5,2,9;10,-20,-5;15,30,14;20,-12,-8;30,6,10;35,9,20;40,-10,-12;50,3,6;60,1,3;70,5,1;80,-1,10;90,7,7;100,-1,6;110,0,8;115,7,6;120,0,-3;125,19,31;130,-16,-21;140,-2,9;150,3,6;160,-2,-1
rua||cinco|village do gramado|33241899|100,-1966073,-4387636;110,37,-42;120,-20,31;130,5,-4;140,10,-17;150,22,-35;170,18,-31;180,4,-5;190,10,-16;200,10,-19;205,-31,48;209,7,-18;215,20,-34;225,9,-16
rua||cintilandia|francisco pereira|33236264|21,-1965413,-4387231;23,-14,-1;25,0,7;45,-15,-4;55,-3,0;80,-26,-8;90,-18,6;100,-15,-1;130,-18,4;135,56,2;141,-7,-2;151,-5,1;161,3,1;180,-122,-5;190,-21,3;200,-9,-3
rua||cintilandia|francisco pereira|33236292|20,-1965408,-4387236;30,103,-6;40,-126,4;42,5,0;60,-25,2;126,-114,12;142,38,-9;171,-19,11;180,7,2;181,-30,-4;191,-13,4;207,-15,2;221,-18,-2;290,-53,-4;291,5,8;300,-19,-7;301,7,7;303,-8,-3;313,-3,4;323,-15,-1
rua||cio da terra|moradas da lapinha|33231548|35,-1959964,-4390786;45,44,0;50,-15,9;65,38,-12;72,-12,-1;75,25,2;95,6,-11;135,23,-5;155,1,4;185,75,-18;193,5,6;195,12,-4;197,9,-4;205,5,0;255,46,-5;265,12,-5;285,33,-12;295,7,3;305,8,5;307,17,-15;405,28,1;485,114,-21;505,60,-9;535,13,-12;541,12,-2;555,12,-8;565,14,-4;575,17,-8
rua||ciro de matos mariano|joa|33233238|10,-1964562,-4387261;20,-19,-5;30,-20,1;50,-30,-11;65,-37,-2;75,-26,1;80,72,5;90,-80,-21;100,-22,-1;105,9,5;110,-26,-10;130,-14,-5
rua||claude monet|francisco pereira|33236274|14,-1965594,-4387604;70,29,36;77,11,0
rua||clemente faria|vista alegre|33240154|12,-1967999,-4391005;122,25,111
rua||clotildes de moura|varzea|33233052|30,-1964005,-4388252;46,1,-11;55,-26,-34;62,9,4;75,-2,-17;85,-16,-5;105,-4,-15;115,-2,-7;119,-3,0;125,14,-15;157,8,25
rua||clovis moreira|lapinha|33242000|15,-1956831,-4395315;25,1,1;35,-1,-30;45,4,-12;100,12,-60;161,-13,101;163,1,-20
rua||colibri|ipe|33236546|155,-1967374,-4388384
rua||colibri|ipe|33236550|150,-1967381,-4388394;180,0,42;200,-4,31;230,-8,52
rua||colibri|vila dos ipes|33236546|10,-1967449,-4388595;50,33,47;70,11,23;80,6,20;90,2,11
rua||colibri|vila dos ipes|33236548|280,-1967422,-4388201;290,-7,18
rua||conceicao de matos moura|varzea|33233406|3,-1963151,-4387821;9,-11,-31;11,12,3;13,1,-6;15,-2,-12;17,5,-10;20,-16,-52;25,13,48;26,-6,-65;30,-4,-6;35,6,58;40,-9,-70;45,9,62;50,-16,-79;54,7,-4;55,8,63;70,-15,-112;75,7,85;85,-3,-29;90,-9,-78;105,4,62;115,-8,-10;117,6,-16;125,3,-17;150,-18,-52;180,-8,-28
rua||conceicao do mato dentro|joa|33233232|4,-1964630,-4387577;20,-20,53;30,3,46;35,5,0;40,-10,15;50,-4,22;55,15,-47;65,-12,53;75,-4,29
rua||conde zepelin|aeronautas|33236426|105,-1966291,-4388759;135,-3,29;150,-3,27;155,1,-8;170,0,-10;175,5,53;180,-6,-7;185,7,13;190,-9,-40;195,10,42;200,-4,5
rua||congonhas|centro|33230052|23,-1963018,-4389850;50,16,-25;51,-2,-1;53,12,-13;62,-6,-1;73,12,-6
rua||contorno|palmital|33234430|60,-1958658,-4389012;548,-144,36;560,42,-34;572,-21,10;590,44,-21
rua||contorno|palmital|33234530|1,-1958503,-4389028;13,-75,-51;18,-609,199;40,1,-2;47,-1,2;50,214,-78;57,-214,78;63,-1,-6;115,635,-174;120,-18,-14;130,-22,-13;140,-9,-7;150,-9,-7;160,-33,-19;170,-16,-8;180,-16,-8;210,-2,-1;215,-38,-16;245,38,25;256,-28,-24;280,-14,-8;285,-90,75;290,72,-82;545,-44,162;749,172,30;760,-8,1;800,35,77;820,-9,25;840,-14,-6;845,65,10;865,0,2;935,33,-16;1031,47,-48
rua||coqueiros|acacias|33230798|10,-1960441,-4390501;15,3,-5;20,8,0;30,0,0;40,8,-5;50,0,-6;60,22,-3
rua||coqueiros|aeronautas|33236400|20,-1966657,-4388413;45,24,13;60,-31,-16;80,31,25;110,54,51;117,3,-1;716,-2,-2;717,-4,-3
rua||coronel duroes|santos dumont|33239192|2500,-1964518,-4390478
rua||coronel duroes|santos dumont|33239206|166,-1964529,-4390566;168,0,0;172,0,0;174,-12,-2;176,-2,-3;178,-3,-1;180,-6,-20
rua||cristo rei|acacias|33230764|223,-1960615,-4390583;243,13,-5;244,-5,13;247,11,-16;255,14,-7;264,12,2;266,-14,4;284,29,-16;286,-15,1;290,3,6;292,-1,-2;310,26,-12;320,6,-2;322,-7,1;330,19,-10;350,20,-8
rua||cristo rei|vila santa helena|33230764|23,-1960810,-4390483;40,-18,23;42,3,-2;60,-35,25;62,99,-53;67,8,1;72,10,-4;75,-99,39;83,16,-11;92,99,-43;101,-23,0;102,24,-4;110,-71,45;114,85,-50;126,9,-3;138,8,-8;144,22,-7;150,4,-5;180,19,-9
rua||cruzeiro do sul|jardim imperial|33234192|35,-1960240,-4389438;45,-28,-4;47,9,4;55,8,-1;57,0,1;75,21,-10;77,1,2;95,22,-1;105,4,-8;107,17,4;115,7,-10;125,-2,-4;131,8,-2;135,3,0;145,11,-1;147,3,-4;155,4,0;159,6,-3;165,5,-2;171,7,3;175,8,-6;177,4,-2;185,4,0;195,9,4;201,-1,-9;205,16,-3;209,0,2;215,9,-3;219,7,-7;231,5,1;233,1,3;235,4,-4;237,5,-1;245,7,-1;247,2,0;255,10,-4;261,2,4;265,2,-2;267,8,-5;285,23,-1;287,-3,0
rua||curvelo|lundcea|33239040|20,-1963584,-4391664;33,-8,-5;35,7,-3;41,4,0;55,74,8;60,-9,8;70,28,0;76,13,0;80,5,1;83,-4,-9;90,24,9;142,28,1;143,6,-5;152,1,6;155,7,-8;164,29,10;172,2,0;173,-6,-11;174,15,11;177,-12,-10;182,27,10;183,-17,-4
rua||custodio goncalves|campinho|33234605|25,-1958416,-4391374;51,37,2;61,-9,20;95,25,14;145,65,16;147,-19,47
rua||custodio goncalves|canto do riacho|33234605|100,-1958557,-4390949;160,297,-254;192,35,62;240,16,81;252,-10,35;266,-59,-9
rua||custodio goncalves|palmital|33234605|130,-1958202,-4390934;140,4,43;150,-3,37;164,-25,12;170,32,-8;180,10,21;190,-14,15;196,24,15;200,-24,-7;210,23,8;220,-8,18;235,25,-117;353,17,286;354,-31,-24;355,33,27;360,29,97;375,-16,-65;387,15,6;397,-11,39;405,18,-49;445,-21,41;450,12,90;455,-24,-162;495,39,131;525,6,-2;530,-13,5;540,-6,26;548,-4,8;566,-9,34;576,0,0;1091,11,-115
rua||custodio goncalves|palmital|33234620|15,-1958144,-4390949;20,-17,76;29,209,-51;45,-208,53;59,-3,-4;95,45,-121;108,-47,116;215,-4,-165;225,-32,80;235,33,87;245,89,38
rua||c|condominio amendoeiras|33240274|25,-1966550,-4392130;50,-6,-7;85,-31,25;90,-46,10;95,12,10;160,709,-954;185,17,42;225,6,51;240,-15,-93;265,35,198;360,-12,-26;372,0,1;375,9,45;405,2,8;440,5,70;445,1,19;485,-9,35;550,-36,102;555,23,-70;600,-47,127;615,4,5;680,-15,49;685,-17,81;750,-11,20;755,4,4;820,-42,45;825,31,-19;925,-90,41;955,-44,5;994,-5,-3;1039,-52,14;1049,-29,10;1080,15,-11;1135,-62,30;1185,-36,18;1220,-85,44;1225,-1,5;1250,-70,16;1255,44,-6;1285,-35,8;1325,-47,11;1365,-37,11;1375,-30,-40;1410,4,-28;1415,-7,8;1535,-89,-135;1545,-50,33;1566,130,0;1568,-19,-79;1600,-41,37;1615,-122,98;1630,313,-63;1660,-232,-26;1670,-64,57;1680,-80,103;1695,25,-20;1720,-66,80
rua||c|condominio gran royalle|33237004|20,-1966281,-4385908;45,-3,7;305,-1,8
rua||c|palmital|33234410|26,-1958822,-4389232;35,16,29;47,-71,68;128,43,-71;130,-17,27;137,-23,27;207,-10,36;215,-15,19
rua||c|palmital|33234530|27,-1959725,-4388840;65,974,-253;85,8,43
rua||c|quebra|33230562|10,-1962536,-4390828;30,20,-31;40,-4,6;130,-127,-42
rua||c|vale verde ville|33230738|5,-1960471,-4389970;25,-22,19;45,-26,28;55,-10,22;65,-17,10;75,-6,15;77,-3,8;80,8,-14;85,-16,24;95,-8,21;100,-14,-8;108,-2,9;110,-13,-2;112,3,2;114,3,6;115,-6,13;125,5,-4;147,89,-124
rua||da assembleia|santos dumont|33239322|8,-1964827,-4390685;18,5,-8;28,2,-18;37,-9,4;47,3,-11;48,6,1;58,3,-11;59,-5,5;63,3,-18;66,8,1;84,3,-12;93,-5,-12;95,-4,6;96,12,2;103,-7,-19;104,8,8;116,7,-11;119,-12,-8;127,3,-11;130,10,-1;137,-5,-9;146,12,-2;148,-2,-3;157,-4,-23;160,7,13;170,3,-21
rua||da copasa|jardim ipe|33240004|19,-1965818,-4391556;20,-17,11;27,1,-13;30,35,0;34,-8,12;38,7,-2;48,23,-5;50,-13,11;58,11,0
rua||da divisa segunda tratex|estancia das amendoeiras|33240032|30,-1965665,-4391605
rua||da harmonia|residencia lagoa santa|33239016|20,-1963135,-4390960;30,-18,-72;35,-9,-12;52,28,36;62,-3,-6;72,10,-13;82,-19,5;92,-6,-8;112,-11,-14;170,-17,-35
rua||da lagoa|lapinha|33242000|20,-1956875,-4395128;295,135,-36;315,14,-11;345,76,-15;355,22,3;365,14,4;370,-148,23;385,172,-32;390,39,31;400,12,-1;401,-32,-13
rua||da lapinha|lapinha|33234716|765,-1955719,-4392117
rua||da lapinha|lapinha|33234796|753,-1955906,-4391999;754,-20,10;755,24,-23
rua||da lapinha|lapinha|33242000|1100,-1956185,-4393826
rua||da nascente|promissao ii|33230411|30,-1962898,-4391166;40,6,2;44,60,7;50,4,17;54,4,0;60,0,1
rua||da nascente|promissao|33230411|25,-1962818,-4391159;27,0,0;35,10,21;37,-2,2
rua||dalmiro felismino aires|conjunto vila maria|33241899|31,-1959875,-4390624;41,1,-8;51,-4,-9;61,-3,-12;71,-2,-13;81,2,-7;91,0,-1
rua||dalmiro felismino aires|vila maria 3|33241899|20,-1959865,-4390620;30,-6,-7;40,-1,-7;50,-1,-9;60,1,-13;70,-1,-3;80,-6,-17;90,-1,-5
rua||dalva dos santos ferreira mendonca|mariposas|33230430|1567,-1961613,-4390591
rua||dalva dos santos ferreira mendonca|parque lagoa do ouro|33230430|155,-1961662,-4390582
rua||das acacias|acacias|33230782|35,-1960314,-4390419;45,-4,-13;55,-4,-4;70,-9,-50;75,1,28;85,-4,-5;95,4,-19;175,-33,-63;230,-3,-85;235,-2,5;265,-9,-48;275,-4,-16;277,-3,-2;283,7,-15;285,-3,6
rua||das acacias|conjunto vila maria|33230782|20,-1960309,-4390408;30,1,-5;50,-8,-23
rua||das aguias|ipe|33236542|25,-1967380,-4388627;35,9,17;40,-5,-1;50,8,15;135,175,250;145,-12,-2;165,51,6;177,-106,-24;217,72,-48;235,11,6;315,63,-1;330,20,3;340,17,3;342,4,1;423,-257,-118
rua||das araras|ipe|33236538|67,-1967012,-4388460;69,27,7;79,-27,-7;95,-22,-7;139,-41,-5;164,-155,-28;168,6,4;170,15,8;180,14,6;230,15,5;235,66,-5;240,-56,7;250,12,1;265,-17,-10;280,-14,4;350,87,6
rua||das araras|ipe|33237242|30,-1967306,-4388631;35,10,19;407,13,42
rua||das begonias|jardim ipe|33239852|17,-1965316,-4390914;275,28,-270;295,4,-32;365,3,-49;385,5,-3;415,8,-71;685,-101,16
rua||das camelias|jardim ipe|33239872|33,-1965324,-4391021;45,-26,-11;57,1,-9;67,-11,-15;75,-11,13;81,-10,-18;101,-8,-5;115,-7,2;125,-15,-12;137,-14,-5;153,-1,-1;165,-21,-3;175,-8,-2;204,-17,-25;205,-24,-9;213,16,26;214,5,-23;216,-10,-2;222,-8,-6;225,4,26;234,-12,-36;235,-3,33
rua||das castanheiras|acacias|33230790|20,-1960431,-4390662;25,-6,0;30,19,2;45,10,-4;55,4,0;60,11,4;65,-3,-5
rua||das castanheiras|jardim ipe|33239856|17,-1965256,-4391589;25,-15,0;33,-6,-1;47,-11,-7;55,-12,2;63,-6,0;77,-22,-6;85,-2,1;93,-5,-2;105,-17,-3;112,-3,-2;117,-14,-2;128,-39,-14;131,54,14;132,-66,-13;145,50,10;153,-31,0;165,0,0;177,-4,0;189,-12,-2;199,-28,-7
rua||das dalias|jardim ipe|33239858|15,-1965260,-4391516;16,-10,-13;27,-4,9;28,-3,-8;39,-3,8;40,-7,-12;41,-9,11;52,4,-17;53,-19,14;64,4,-15;65,-12,13;72,1,-7;77,-6,7;82,-4,-10;89,-7,11;94,-48,-17;101,37,11;104,-6,-10;111,-26,5;112,14,-4;121,-2,8;125,-14,-7;126,16,-2;134,-19,-3;135,-24,4;137,-3,1;139,-14,-7;145,0,0;146,38,2;155,-42,1;158,26,-3;168,-6,-8;178,-9,1;188,-13,0;200,-11,-2
rua||das estrelas|varzea|33233105|5,-1963376,-4388376;15,9,13;17,5,2;25,0,6;45,-3,15;65,-21,12;75,-13,-5;85,-13,4;95,-8,3
rua||das flores|varzea|33233420|10,-1963093,-4387950;20,0,-20;30,27,-29;55,2,7;60,1,-10;65,26,-15;70,-24,18;80,37,3;90,8,-8;96,-3,-5;100,7,7
rua||das framboesas|jardim ipe|33239862|13,-1965284,-4391371;18,-2,-8;25,-16,3;30,2,-14;37,10,9;42,-25,0;49,-16,-4;54,12,-3;61,-8,6;70,-22,-15;73,29,19;80,-29,-20;85,4,8;92,-7,-9;97,25,15;133,-61,-7;145,-9,4;157,-11,-6;162,33,-1;167,-46,-2;172,32,-3;177,-45,3;182,32,0;187,-40,-2;194,33,-8;200,-20,-1;206,21,5;212,-52,-5;222,-5,0;385,188,121;515,16,-128
rua||das garcas|ipe|33236532|6,-1966954,-4388452;10,-4,-2;65,-144,-116;75,9,13;195,47,54;225,37,28;580,-130,-160
rua||das garcas|visao|33236532|200,-1967058,-4388508
rua||das gardenias|jardim ipe|33239864|20,-1965289,-4391316;21,-6,13;32,-6,-20;33,2,16;45,-7,-3;52,-5,-10;57,-16,13;60,5,-16;69,-5,13;72,-13,-14;81,-4,11;82,-8,-6;92,-6,-10;93,3,14;102,-9,-13;105,3,13;114,-28,-9;115,16,8;129,-20,-3;130,1,-11;141,-1,11;153,-11,-2;161,-17,-3;164,29,-7;171,-37,7;174,5,-13;175,-14,3;184,4,-5;187,-7,9;194,0,-9;200,-14,-2;210,-10,-1
rua||das gaviotas|ipe|33236534|19,-1967105,-4388545;40,-129,-68;177,5,13;215,46,45;221,61,6
rua||das hortencias|jardim ipe|33239866|20,-1965304,-4391241;29,-9,16;30,6,-20;41,-6,14;53,-15,-7;65,-15,-3;66,10,-10;77,-24,7;86,-5,-2;89,-3,13;96,6,-16;101,-13,8;103,0,0;106,-8,-15;113,-1,12;115,0,0;116,-10,-16;125,1,12;126,-8,-6;136,-13,-4;150,7,4;156,-27,-1;160,-3,-10;190,-18,-9;195,-8,17;200,2,-4;210,-14,-13;220,-23,5
rua||das laranjeiras|recanto do poeta|33239774|23,-1964630,-4391260;100,-95,-19;109,-3,-4;110,-13,-5;200,-83,-20;245,39,13;250,-43,-16;280,-54,-3;285,8,4;302,-23,-9;313,-16,1;333,-18,-6
rua||das mangueiras|recanto do poeta|33239772|35,-1964738,-4391116;40,6,18;60,-4,-16;80,1,-24;85,-5,-2;110,-4,-23;117,-10,-21;120,5,-6;137,-5,-19;140,0,-8;156,-1,-27;160,-11,-16;175,2,2;300,-9,-67;320,-14,-29;325,3,8;360,-4,-40;363,-5,-10;373,6,4;420,-21,-79;450,-13,-56;594,-19,-117;630,-7,-37;660,-1,-20;686,0,-10;700,-19,-79;720,-16,-28;740,2,-10;766,-3,-21
rua||das margaridas|campinho|33239304|35,-1956432,-4391931;40,-2,3;45,-10,12;55,-9,19;65,-10,19;70,-23,22;75,18,-16;85,-6,35
rua||das oliveiras|recanto do poeta|33239784|45,-1964780,-4391926;85,-34,-7;95,-23,6;105,-9,8;110,23,-16;130,-49,13;150,-25,9;170,-13,2;180,0,4;190,-29,15;200,-18,-5;230,-63,22
rua||das rosas|campinho|33234730|20,-1957011,-4391824;38,-8,-39;70,3,-15;80,-8,-7;86,56,0;90,-43,-14;120,-6,-17;140,1,-16
rua||das rosas|campinho|33239304|30,-1956362,-4391858;50,-13,20;55,1,0;60,-8,4;68,-7,12;70,-8,16;71,23,-17;75,-8,11
rua||das violetas|campinho|33230001|15,-1956942,-4391983;73,110,8;359,69,-37;363,190,-50;400,64,-1
rua||das violetas|campinho|33239304|15,-1956401,-4391776;25,-24,-12;28,-3,-11;31,-14,-9;35,-3,-1;36,-2,-12;50,-12,-6;55,-21,-8;60,-5,-14;65,-10,8;75,-14,-15;80,-7,-8;85,100,70;100,-114,-86;105,10,21;115,-32,-23;120,-9,-10;125,-10,5;127,-11,-12;130,8,1;135,-24,-6;140,18,-8;145,-24,6
rua||davino luiz de almeida|sobradinho|33230232|15,-1962219,-4389543;25,16,1;26,-4,7;45,4,-3;54,5,10;55,11,-7;56,-10,9;60,19,6;70,20,9;71,-10,-19;135,23,27;158,4,8;159,6,-5;168,12,8;175,2,-3
rua||del prett|aeronautas|33236438|646,-1966552,-4388447;652,2,12;745,29,3;747,29,-31;750,-62,36
rua||del pret|aeronautas|33236438|10,-1966566,-4389121;12,6,-6;16,-6,21;40,-1,15;52,3,16;61,-3,17;77,3,-43;87,0,47;97,1,13;107,4,5;117,1,12;120,-6,-3;130,-2,13;140,2,14;148,-1,13;160,5,-13;243,2,63;253,1,12;263,2,4;273,-2,14;274,-3,8;280,-7,-11;283,13,11;295,-4,16;305,2,14;309,-1,5;310,-8,-3;319,8,19;327,4,14;329,-4,-4;505,-9,-76;550,8,-51
rua||del pret|santos dumont|33236438|346,-1966563,-4388796;348,6,11;353,2,2;361,0,8;363,3,11;374,-8,-5;375,5,13;385,-1,5;394,0,-1;395,2,15;400,-5,-11;404,1,8;420,0,31;426,4,-3;434,-2,21;445,6,-9;454,-6,27;464,1,20;465,1,6;475,6,7;512,-4,44;517,3,5;522,-4,5;529,5,25;532,-5,-13;542,0,12;552,1,8;562,4,19;570,-7,21;572,4,-14;587,4,25;592,-4,-3;599,3,5;602,1,16;609,1,8;610,-6,0
rua||dely goncalves|palmital|33234595|22,-1958209,-4390373;23,8,11;33,3,-32;65,-13,-72;85,4,-2;95,2,-16;100,4,96;110,-10,-29;112,-2,-25;120,6,-18;131,-7,-28;133,-13,-28;134,-7,0;136,18,10;137,-35,-20;139,-7,4;141,2,-11;145,-6,-6;150,16,22;160,-4,2;197,42,34
rua||deodoro a batista|varzea|33230001|10,-1963138,-4388025;20,-4,11;40,4,30;50,1,-1
rua||deodoro goncalves bastos|centro|33230001|60,-1963295,-4389809;70,-14,7;90,-16,13;95,-7,11;100,4,0;105,-15,14;106,-8,-6;115,-12,17;125,5,1;135,-8,0;137,-8,4
rua||detalhes|moradas da lapinha|33231560|20,-1959459,-4391172;23,19,2;30,-6,10;40,4,3;55,19,-4;75,6,3;82,-14,2;84,3,7;85,19,-1;89,7,-3;95,-3,6;105,4,3;109,5,4;115,8,5;120,-18,-4;125,21,3;129,2,4;130,-17,0;135,25,5;140,-7,1;145,17,0;149,1,0;150,-16,2;155,23,2;160,-19,3;164,13,3;168,6,6;170,7,2;171,6,-6;175,5,5;180,9,4;185,-6,-3;190,12,17;191,-3,-13;195,2,2;200,2,12;205,3,-9;210,0,10;211,8,-9;215,2,5;225,4,0;230,-3,9;234,4,0;235,6,-2;238,0,2;240,6,5;245,6,3;250,-3,-2;255,12,6;260,-7,2;265,7,-3;270,1,9;275,13,-3;280,4,12;285,7,-6
rua||dezenove|vila fagundes|33231584|10,-1959134,-4390584;15,5,1;20,-10,2;25,12,-3;30,-20,7;35,9,-3;40,-10,3;45,6,0;55,-2,7;60,-17,4;70,-8,-6;80,2,5;85,7,1
rua||dezesseis|promissao ii|33230390|15,-1963146,-4390891;25,5,15;27,19,38;50,-22,-34;60,16,15;65,-8,-13;67,7,-4;70,5,34;75,-5,-26;80,5,26;84,4,3;85,-7,-15;86,11,24;95,-4,-12;101,14,21;115,27,25;119,-14,16;135,9,28;145,6,0;153,0,12;155,-16,-47;165,25,56;175,-4,17;177,6,4;185,6,8;195,1,3;205,8,11;207,0,8
rua||dezesseis|vila fagundes|33231612|5,-1959029,-4390697;15,-25,15;40,33,11
rua||dezessete|vila fagundes|33231614|2,-1958992,-4390669;4,-2,-2;5,15,-15;10,2,11;14,-20,-5;15,10,4;20,-16,6;25,17,0;30,-16,2;35,5,1;45,-8,3;55,-7,0;60,-10,-3;65,8,7;75,-8,1;80,-20,10;85,-6,2;90,1,-1;95,18,-3;100,-20,7;105,10,-8;110,-16,8;115,8,-3;120,-14,11;125,10,-8;130,-17,2;140,-3,0;145,12,0;150,-22,4;155,13,-1;160,-17,5;165,11,1;167,-14,1;169,7,5;170,-11,-7;180,-5,1;185,1,4;190,-5,0;195,-4,3;200,-8,-7;205,2,11;210,-7,-5;220,-3,3;230,-6,6;235,6,-5;240,-12,8;245,9,-4;250,-17,-1;255,6,6
rua||dezoito|vila fagundes|33231616|5,-1958978,-4390649
rua||dez|bela vista|33240158|10,-1963956,-4391160;20,1,-12;30,3,-6;34,0,-5;50,3,-28;454,-26,-31
rua||dez|condominio lagoa santa park residence|33240158|11,-1965120,-4385398;30,4,49;31,5,-7;40,-25,39;52,-17,7;83,-7,21;152,-18,172;191,-17,63;219,8,-58;239,-52,88;251,-4,3
rua||dez|promissao ii|33230402|25,-1962970,-4391006;30,-2,-4;40,-8,2;45,15,20;50,-4,3;55,5,2;57,8,6;60,-7,-2;61,4,6;70,-3,7;72,0,4;80,4,9;90,2,2;94,8,26;100,-4,-10;104,4,-1;105,1,-20;111,3,22;112,9,21;115,1,-7;117,3,8;132,-9,14
rua||dez|promissao|33230402|40,-1962300,-4390351;50,-9,-18;57,-7,13;70,-9,-13;73,-5,9;85,-10,-6;86,5,-8;94,-12,-7;106,-9,-7;115,8,14;116,-16,-20
rua||dez|vila jose facundes|33231584|40,-1959109,-4390723;45,-6,-16
rua||dez|village do gramado|33240158|10,-1966027,-4387794;15,-12,-32;30,9,11;35,-4,-17;40,0,15;45,-7,-16;50,7,-1;55,-8,-6;65,-2,-15;70,4,-3;85,-11,-21;90,1,0;95,-3,-9;100,1,-8;105,-7,-9;110,9,5;115,-10,-11;120,5,0;125,-7,-16;135,-5,-13;140,11,20;145,-16,-33;150,11,18;160,-3,-21;165,-6,5;170,2,-13;175,-10,-7;185,3,-20;190,4,0;195,-20,-15;200,21,12
rua||diamante|por do sol|33231056|21,-1961015,-4391182;31,-8,-5;41,-9,-10;51,-9,-5;65,-3,-2;71,-8,-8;81,-10,-9;91,-7,-10;93,-8,-4;101,-4,-1;111,-4,-4;121,-13,-9;171,-17,-11;175,-6,-2;181,-8,1;185,1,-7;191,-3,-7
rua||dirceu portela azeredo|centro|33230115|4,-1962742,-4389100;15,10,11;17,2,3;19,4,3;23,8,-12;35,9,-7;78,23,4;79,3,5;82,12,-5;91,-5,4;96,7,-1;103,28,-9;104,-18,4
rua||divisa|condominio amendoeiras|33240276|190,-1966245,-4392600;191,7,18;235,-25,17;275,-24,-3;315,-63,-6;385,-55,-112
rua||do baldo|lapinha|33242000|15,-1956154,-4394268
rua||do caju|campinho|33239304|145,-1956165,-4391878;175,-40,-25;195,-61,-44;200,22,22;205,-30,-59;220,-10,60
rua||do campo|lapinha|33233036|310,-1958152,-4394007;340,-14,-17;346,3,-9;350,-17,-11;360,-5,-6;384,-8,-19;390,-3,-4;400,-6,-11;410,0,-16;420,12,-10;454,-32,-20;540,-46,-37
rua||do cascalho|lapinha|33242000|56,-1956957,-4394894;70,7,0;155,28,43;159,-28,-8;165,-4,12;167,47,-1;185,-35,41;190,-10,96;195,7,-77;200,-8,128;205,7,-102;207,0,2;211,-7,79;213,-5,16;217,6,-44;221,-1,56;222,-6,12;223,0,2;225,5,35;237,1,-1;239,19,8;241,-21,-41;245,-10,38;315,18,13;317,-23,-15;319,8,3;400,-64,-42;465,-106,172;481,30,-22;483,-1,2;485,49,-33;487,1,-4;495,-106,67;500,37,-106;600,-61,143;675,-49,-12;695,-28,-2;703,-14,-2;705,-84,-17;713,64,11;716,0,-17;718,-2,-8;740,-25,19;743,-26,6;760,2,-32;770,-22,-26;780,-17,-31;800,8,39;810,-27,20;815,-42,15;820,14,-19;830,-21,14;846,-35,11
rua||do cruzeiro|lagoinha de fora|33233560|17,-1968280,-4384930;33,21,17
rua||do cruzeiro|lagoinha de fora|33234520|8,-1968289,-4384932;28,14,12;38,30,5;48,-4,10;96,-1,22;106,26,10;112,12,8;118,-2,27;198,-3,49;346,-100,114
rua||do cruzeiro|lagoinha de fora|33234570|17,-1968240,-4384888;33,20,39;51,-12,-44;81,20,38;93,-12,-33
rua||do cruzeiro|lagoinha de fora|33246000|257,-1968265,-4384723;267,2,1;287,-45,13;335,-1,7;345,-5,25;355,-2,14;386,-8,31;400,0,-2;410,7,22;430,20,8;437,-17,-26;497,50,65;595,110,115;623,13,15;625,9,-10;627,2,14;635,0,10;640,-5,-2;645,14,11;647,-6,-1;656,-5,-5;657,38,34;658,-28,-19;671,19,9;681,30,34;682,-30,-32;698,0,0;700,19,21;710,7,11;725,21,22;730,-12,-14;735,29,45;740,-13,-16;750,-3,6;760,-303,-348;770,301,363;791,-46,-89;800,48,194;806,11,-24;810,-1,-16;826,-2,18;830,1,5;832,-1,2;840,2,21;850,1,8
rua||do cruzeiro|palmital|33234310|17,-1960020,-4388301;25,-19,-123;27,65,144;30,-149,-58;35,66,2;45,-203,160
rua||do engenho|lapinha|33242000|35,-1957206,-4395546;45,16,34;65,-15,-51;75,1,-22;177,-5,-40;183,-4,-19;193,6,27;215,-13,-113;245,-5,34;333,31,-86;385,1,-52;395,0,0;901,-240,-591;1039,27,-33;1541,-217,-407
rua||do minerio|por do sol|33231050|5,-1960518,-4391097;15,19,3;25,0,2;35,14,6;37,5,-1;41,8,-3;45,5,2;55,0,-12;65,23,14;75,16,-10;85,-3,14;95,15,6;115,18,-18;125,8,21;145,27,0;165,17,-17;175,9,26;180,14,3;185,1,-4;200,28,11;215,0,0;217,1,-1;225,9,3;235,15,-1;240,7,1;244,14,6;250,4,1;255,-2,-6;260,18,10;265,-14,-11;275,13,3;280,38,21;285,-25,-18;290,15,11;295,3,-7;315,12,0;330,0,20;345,16,6;355,6,10;360,-10,9
rua||do ouro|por do sol|33231058|135,-1961165,-4391261;145,-4,10;155,-2,5;165,-7,12;171,16,-32
rua||do rosario|centro|33230067|20,-1963195,-4389681
rua||do rubi|por do sol|33231042|11,-1960022,-4391013;12,-16,-14;14,3,13;22,-1,13;23,8,5;25,1,5;32,-8,3;35,2,12;42,-5,-7;43,1,15;44,1,-11;45,0,13;51,-3,7;52,-7,-7;53,4,8;55,-3,10;57,0,7;75,-1,8;81,-6,10;91,-2,3;130,-30,84
rua||do sumidouro|campinho|33239304|162,-1956321,-4391675
rua||do sumidouro|lapinha|33230001|5,-1955342,-4392263;16,36,-193;50,293,707;55,14,-4;60,-281,-347;61,-99,-218;110,107,292;155,66,24;160,114,114;180,186,217;205,-250,-298;238,268,347;240,-310,-301;248,312,313;255,-293,-288;260,10,26;295,22,39;300,-38,36;315,45,-20;360,13,41;405,21,59;440,243,284;450,-247,-277;455,8,12;465,240,336;480,-2,-33;505,-215,-226;520,211,277;555,-208,-264;560,79,155;600,-73,-109;610,189,252;621,-181,-252;715,14,98;755,1,35;805,-7,51;810,-2,-21;855,0,108;860,-24,-40;955,33,113;1000,10,37;1005,17,55;1050,-67,3;1055,102,112;1100,-42,-111;1105,68,158;1155,42,17;1200,-71,-27;1250,60,17;1254,26,39;1258,24,-17;1275,5,-3;1315,71,27;1345,-550,-1385;1352,617,1384;1355,22,-1;1405,33,5;1455,83,-18;1610,-93,17;1650,38,9;1710,32,-6;1740,9,-9
rua||dois champagne|condominio champagne|33234570|45,-1966460,-4387442;55,-26,31;65,11,-8;105,-60,38;115,-9,10
rua||dois champagne|condominio champagne|33239304|90,-1966537,-4387382;110,-36,26;140,-72,-14
rua||dois morada do sol|condominio morada do sol|33239304|20,-1966924,-4387441;30,-2,-2;40,-9,-15;50,-10,-21;60,-15,-14;70,-17,-24
rua||dois|bela vista 2|33239350|215,-1963932,-4391140;225,-20,-2;235,-26,-6;245,6,1;255,-13,2;267,8,-3;271,-35,1;345,15,-59;355,5,0;365,11,-1;375,7,-17;385,7,-10;445,29,-49;465,26,2
rua||dois|campos da liberdade|33234730|1632,-1957315,-4391734;1680,-7,-22
rua||dois|joa|33233302|20,-1963915,-4386893;30,-17,5;40,-8,-7;70,-39,4;80,-12,0;90,-8,-6
rua||dois|joa|33233312|45,-1963946,-4386878;55,-8,-11;75,-25,0;95,-20,-1;115,-14,-3
rua||dois|lundceia|33230022|30,-1963328,-4393357;40,-29,-27;70,29,27
rua||dois|palmital|33234310|15,-1959120,-4388862;23,-972,517
rua||dois|palmital|33234430|30,-1959120,-4388877
rua||dois|palmital|33234522|25,-1958473,-4390257;55,0,0;175,0,0
rua||dois|palmital|33234530|22,-1959707,-4388466;23,-13,-312;24,-3,-75;2747,616,-222
rua||dois|portal do sol|33234196|25,-1960259,-4389367;35,5,0;37,4,-4;55,15,-3;60,-6,-66;62,4,2;65,12,60;67,3,-2;75,9,-3;77,-1,1;100,12,-68;105,29,54;115,-1,0;117,2,-4;125,10,1;127,7,-2;135,5,0;137,5,1;145,14,0;147,-2,-2;155,21,-1;157,12,0;175,-3,-10;185,10,3;203,14,-11;205,6,5
rua||dois|portal do sol|33239304|26,-1960266,-4389355;40,24,-11;50,5,1;90,53,-15;100,-1,0;110,11,-5;112,9,-2;120,4,-2;122,7,-2;160,33,-11;162,8,5;170,6,-7;172,0,-2
rua||dois|promissao|33230341|40,-1962439,-4390086;49,3,2;50,-18,-8;55,0,28;60,9,-8;70,-15,-13;85,-4,8;97,-13,-20;109,-17,-11
rua||dois|trilhas do sol|33230724|15,-1960930,-4390007;17,3,-11;190,-2,31;192,-1,3;195,-4,-8;197,4,1;200,-1,-1;206,4,5;210,5,-30;220,1,-4;222,1,-7;223,-9,-22;229,1,-9;230,9,17;232,-4,7;235,-3,-30;245,4,-28;247,-3,18;250,6,5;252,-1,-14;255,-7,-10;257,0,-4;260,5,6;262,7,-6;265,-11,-9;267,7,-1
rua||dois|varzea do lobo|33230022|30,-1963442,-4392589;230,-45,-197;330,-18,-138
rua||dois|varzea|33233386|80,-1963349,-4387109;81,43,39
rua||dois|vila jose facundes|33231129|5,-1959303,-4390804;10,87,-42;20,0,6;30,-2,2;40,-10,4;50,-8,9;60,-4,-4;70,-1,-1;80,-4,2;85,-33,22;90,15,-17;100,3,-1;110,-14,10;120,3,-2;130,1,1;135,18,-6;140,-43,8;145,69,-27;150,-81,39;160,-8,2;170,-4,-3;179,-11,6;180,8,-1;190,-10,5;200,-5,2;210,-3,2;220,-6,5;230,-10,-5;240,-3,9;250,-6,1;260,7,-2
rua||dois|village do gramado|33241899|20,-1965982,-4387628;30,-1,-4;40,-11,-14;50,2,-2;60,0,-9;80,-6,-26;90,-3,-17
rua||dolly rocha|recanto da lagoa|33236114|105,-1965041,-4388884;125,-2,-3;126,-54,128;135,-21,31;136,11,-10;145,-12,13;150,4,5;157,-23,9;160,126,-227;176,-121,258
rua||dolores das neves|varzea|33233078|4,-1963379,-4388741;10,13,12;14,1,7;18,4,14;22,-3,17;28,8,8;36,2,13;150,6,108;175,9,-46;183,-4,21;195,6,-1;220,-59,107;222,-9,21;225,-14,25;226,4,-11;230,-8,12;239,-1,2;241,-8,17;244,-3,4;249,-9,15;257,58,-104;260,-62,102;261,-3,9;308,-26,31;368,-36,41;378,-9,6;394,-9,6;404,-13,14;577,3,0;599,-18,14
rua||dona santinha ferreira|recanto da lagoa|33236136|50,-1965610,-4388430;70,14,-32;76,5,-23;80,11,-42;100,3,-18;125,3,-13;160,13,-59;165,-1,0;185,3,-25;210,29,-78;250,11,-49;270,12,-27;280,-2,-8;310,24,-66;320,5,-9;333,-5,-10;345,1,-21;363,10,-9;545,54,-120
rua||dos aeronautas|aeronautas|33236428|10,-1966364,-4388771;20,2,21;23,3,-13;33,0,15;40,-3,1;43,0,0;44,0,12;65,-6,19;67,14,-1;80,-8,39;86,-2,-9;90,3,17;95,1,-2;105,14,-3;115,6,14;128,-27,-3;630,4,-68
rua||dos eucaliptos|jardim ipe|33239860|14,-1965266,-4391454;19,-6,11;26,-12,-16;31,-3,9;38,-11,-12;43,6,7;50,-19,-5;55,2,6;62,-3,-6;67,2,3;74,-9,-6;79,-7,3;88,-12,-4;91,4,11;98,-16,-12;103,10,15;116,-29,-18;127,-4,8;130,-4,-12;139,-6,10;151,-13,-2;160,-15,-14;163,33,8;170,-31,-6;175,-13,14;187,0,-5;209,-19,-3;210,-1,-9;224,-7,-6
rua||dos ipes amarelos|varzea do lobo|33241899|158,-1962046,-4393434;160,2,-1;162,1,2;168,-3,9;170,7,-1;218,20,42;230,6,7;242,1,10
rua||dos ipes|acacias|33230784|5,-1960307,-4390693;25,0,10;35,7,14;55,-1,19;65,1,2;75,-2,18;80,-3,-20;85,10,23;95,1,8;105,2,17;115,-2,5;155,-9,-29
rua||dos ipes|jardim ipe|33239868|44,-1965336,-4391175;54,-2,4;55,-97,-9;66,80,-2;76,-1,-2;86,-12,1;96,-23,1;100,-5,-8;107,-2,13;116,2,-8
rua||dos jasmins|jardim ipe|33239870|51,-1965459,-4391161;65,6,-8;85,5,-34;91,4,-23;105,-8,-11
rua||dos lirios|jardim ipe|33239874|10,-1965335,-4390958;17,4,14;27,-8,-13;30,-9,-6;33,-1,9;35,-14,-16;40,5,1;45,-8,4;50,4,-4;60,-13,-6;65,-18,11;75,-9,-23;80,25,-3;100,-17,4;110,-3,-4;116,-18,-21;123,-17,34;133,-1,-14;138,19,-1;142,-13,-21;145,-13,7;155,-12,2;158,12,-14;162,-33,-9;166,10,-1;171,-4,27;176,1,-29;187,-5,9;195,-8,-5;208,-4,-20;216,-18,-5;217,24,21;220,-33,-28;251,-16,3
rua||dos machados|varzea|33233050|14,-1964484,-4388179;18,-8,-11;32,-6,4;48,-12,-24;60,0,1;65,-8,-13;68,-3,-2;75,-2,0;88,-12,-24
rua||dos operarios|santos dumont|33230019|40,-1963390,-4389963;54,-30,-10;65,-9,-5;66,-14,8;75,17,-2;80,-19,-23;87,11,15;90,-12,-14;100,-24,-8;107,-22,-10;125,21,14;137,-14,-10;149,-4,0;236,-82,-63;380,-141,-70;381,11,15
rua||dos operarios|santos dumont|33239220|1304,-1964487,-4390351;1429,285,17;1495,-30,-8;1505,49,14;1510,16,-14;1515,-33,8;1520,-31,-14;1545,-52,9;1550,19,-13;1555,-5,8;1565,-43,-4;1586,1,-3;1601,-21,8;1617,-21,-7;1641,-80,4;1687,-74,-8;1769,16,11;1809,-19,-12;1829,-16,8
rua||dos operarios|santos dumont|33239260|49,-1964575,-4390315;51,-2,4;71,-4,5;77,-8,25;79,-16,14;97,-5,16;99,-4,5;109,-11,20;110,7,-13;112,-6,6;119,-3,14;125,-10,1;129,-7,1;139,-10,11;142,13,-11;147,-23,33;152,20,-29
rua||dos operarios|vila joana darc|33239220|463,-1963769,-4390160;494,-15,-17;497,-8,-1;504,-8,0;519,2,3;581,-15,-39;725,-211,-73;735,-23,-3;833,-56,-12;1924,193,73
rua||dos pinheiros|aeronautas|33236404|10,-1966688,-4388308;20,7,-5;25,2,-8;30,19,1;35,-16,4;40,26,-8;45,-6,0;50,14,-6;55,-9,-3;60,8,4;65,-4,0;85,22,-8
rua||dos pinheiros|recanto do poeta|33236404|70,-1964614,-4391448;100,-11,-4;138,-30,7;158,-20,-4;168,-30,-30;178,-4,30;200,-32,7;224,-8,-4;350,-115,13;370,35,0;400,-2,-1;410,-82,10;420,-34,4
rua||dos pinheiros|recanto do poeta|33239778|67,-1964625,-4391449;97,5,10;145,-46,0;173,-40,2;195,97,-6;235,-139,9;515,-120,7;523,3,1;555,-36,5
rua||dos vinhaticos|varzea do lobo|33239650|15,-1963366,-4392924;20,0,0;25,0,-6;35,0,6;45,8,-24;55,3,-2;85,37,-49;95,8,2;135,54,1;155,29,-7
rua||doze|promissao iii|33231608|7,-1962915,-4390657
rua||doze|promissao ii|33230396|35,-1962933,-4390739;40,-105,-243;45,102,246;50,-106,-227;60,4,8;65,10,-6;70,-6,15;75,52,91;80,-38,-90;85,10,3;89,2,23;90,-10,-11;93,7,-2;100,-1,8;120,0,16;125,10,-2;126,-5,10;130,7,-4;135,0,10;136,-12,9;140,4,-3;260,65,142
rua||doze|promissao|33230396|15,-1962269,-4390415;25,-9,-9;35,-17,-5;55,-6,-4;67,-6,-9;187,-21,-13
rua||duarte da fonseca|centro|33230139|34,-1962484,-4389007;43,7,7;44,-5,20;69,5,2;82,0,16;83,2,-3;94,-1,22;105,6,1;106,-5,5;117,6,9;120,-5,11;160,1,7;170,-53,-35
rua||d|condominio amendoeiras|33240268|220,-1965817,-4392922;430,62,337;480,7,-55;520,5,-44;600,14,-80
rua||d|condominio amendoeiras|33240270|25,-1966931,-4392208;30,-7,13;85,49,-68;110,13,-16;135,25,-36;210,24,-36;215,12,-20;305,45,-55;310,-22,39;359,74,-97;360,-7,19;450,33,-38;507,43,-91;549,-17,29;550,46,-46;555,-23,9;571,610,-28;609,-579,-12;660,43,5;667,3,-4;705,25,11;760,18,76;799,17,10;850,9,83;855,-8,-45;1010,163,142;1045,-114,-40;1050,6,22;1080,126,3;1090,-103,16;1130,56,23;1175,8,-29;1205,102,-40;1245,55,-29;1260,44,-6;1355,26,-32;1360,48,-30;1395,20,-56;1420,48,-35;1600,18,-128;1730,2,-145;1800,-10,-108;1805,-1,15;1830,10,19;1850,-35,-97;1855,-19,-19;1895,-85,-72;1900,33,3;1905,-1,-28
rua||d|condominio gran royalle|33237000|40,-1966500,-4385943;55,-14,24;60,44,-47;75,-51,39;80,67,-25;160,52,0;210,34,4;230,0,12;235,-49,-26;250,79,19;270,9,21;275,-83,-51;290,105,26;310,3,3;340,45,-1;355,-89,-12;360,107,22;395,-85,-18;445,36,4;480,133,31;545,-62,-33;565,7,14;590,139,42;605,-120,-39;610,133,48;625,-103,-40;630,119,50;650,7,11;670,9,-3;715,-98,-48;730,129,68;735,-96,-59;750,105,63;755,-94,-54;795,28,10;815,5,6;835,18,11;905,32,15;945,20,19;970,-24,124;1015,43,-110;1040,-102,132;1055,110,-112;1070,-181,46;1075,185,-28;1125,-11,28;1130,-201,-24;1140,46,56;1150,-57,-62;1165,201,53;1200,-177,-36;1265,133,88;1285,-11,19;1315,-28,-3;1415,-48,-55;1525,-76,-97
rua||d|condominio gran royalle|33237010|30,-1966420,-4385737;40,-1,-8;75,9,-53;80,12,5;90,-8,-11;95,-2,-2;100,14,-20;110,-2,-10;120,7,-19
rua||d|estancia das amendoeiras|33240268|20,-1965655,-4391610;39,-94,0;40,-4,2;55,75,-36;75,-77,32;78,81,-81;85,-86,78;110,0,9;125,94,-122;140,-91,116;145,91,-133;165,3,-7;170,3,-12;195,1,-12;200,-95,165;205,98,-186;210,-1,-6;218,8,-8;255,-107,199;272,102,-222;295,-102,221;305,103,-222
rua||d|jardim ipe|33239835|15,-1965215,-4391581;74,24,13;75,32,-18;78,-28,10;84,19,3;94,24,-5;99,14,-7;118,0,0;136,21,-8;149,-1,-30;151,19,-1;155,23,-2
rua||d|novo santos drumond|33241899|27,-1965252,-4388018;45,49,-13;50,-17,-13;70,-3,-5;95,-18,-1
rua||d|palmital|33234402|10,-1958973,-4389289;12,11,-25;15,-2,42;17,-80,89;20,516,191;22,-391,-394;25,22,-21;38,-1065,1134;66,1394,-706;505,-1163,509;1460,909,-1014;2467,-295,431;2500,-615,558;2507,604,-517
rua||d|quebra|33230564|95,-1962676,-4390945;105,1,0;115,27,10;145,50,17;155,11,-1;175,26,6;195,33,21;205,9,1;225,31,8;235,4,4;270,38,40;275,1,-8;280,15,15;290,15,11;300,15,21;320,2,2;355,13,8;365,-99,-88;375,99,88;380,17,34;390,8,10;395,4,-14;400,9,30;425,-452,-226;435,6,-9;465,476,284
rua||d|quebra|33230568|10,-1962366,-4390779
rua||d|vale verde ville|33230734|8,-1960597,-4389720;10,3,-11;12,-5,-15;14,-7,-2;16,24,-12;18,-20,8;20,-1,-20;45,-44,-39;70,-7,-15;75,9,17;135,34,29;137,3,11;139,2,5;141,0,16;143,4,7;145,0,0;147,-3,5;149,0,30;187,-130,-180;353,29,26
rua||edgar alcantara|lagoinha de fora|33246000|32,-1968239,-4384982;35,-23,-3;37,14,-5;45,12,-4;63,40,-20;73,-14,2;88,8,7;94,9,-5;96,4,-3
rua||edgar pinto alves|promissao|33230335|37,-1962048,-4389993;51,-11,-13;55,-6,-3;58,9,15;61,-22,-25;70,250,153;73,-256,-163;78,247,175;125,-273,-188;133,-12,-13;145,-14,-7;155,-9,-5;165,-9,-13;170,53,49;175,-77,-57;185,-12,-13;199,-15,-9;200,53,30;204,-2,-3;240,-30,-23;250,-13,-7;255,-19,-5;265,10,8;279,-22,-17;297,-20,-19;305,-11,-3;323,-5,-4;335,-13,-10;353,-10,-3;365,-44,-24
rua||efigenio mendes bastos|lapinha|33242000|30,-1956437,-4394715;40,12,7;50,0,8;490,38,36
rua||elias alcici|promissao|33230344|35,-1962509,-4390163;45,11,-6;55,3,-27;89,15,-18;100,23,-36;110,-7,27;112,4,-9;115,-7,3;125,2,-11;231,28,-51;244,1,8;246,1,-3;250,12,-12;263,-13,11;300,37,-54;314,3,-19;317,-1,-9;327,7,-10;332,-1,14;340,11,-14;370,10,-45
rua||elias martins|lagoinha de fora|33246000|100,-1968733,-4384935;105,37,-16;115,-8,-1;123,-9,9;125,-13,5;157,-15,12;169,-2,12;182,-41,-5
rua||elias matoso|lagoa mansoes|33230852|40,-1965211,-4386758;60,-18,42;65,1,-13;90,-27,57;100,-10,26;125,-5,19;165,6,-11
rua||elias matoso|vila rica|33230852|1,-1959914,-4390304;2,-3,-2;3,1,-4;5,-13,-4;7,8,14;9,-12,-14;11,4,0;15,-13,0;19,6,-4;23,9,-1;29,-6,-8;30,31,1;35,-23,6;40,11,-26;41,-4,0;45,-1,-14;50,6,-2;52,-3,10;55,0,-17;60,4,7;65,-12,-13;70,8,-3;75,-3,37;80,5,-50;85,-18,-4;90,12,-4;95,-5,-14;100,5,-6;105,-5,-2;110,6,-2;115,-9,3;135,-3,-50;145,-4,-25;155,1,-8;160,-2,1;165,-7,-15;175,3,-14;180,14,-4;185,-20,10;187,-4,-23
rua||elidio paes|promissao|33230332|30,-1962095,-4389952;44,-1,0;49,-4,-6;60,-5,-2;72,-19,-16;96,-3,0;100,-15,-16;102,-19,-11;130,-15,-3;142,0,-6;150,-16,-4;160,-6,-14;233,-44,17;234,4,-49;259,-18,-1;260,7,-8;273,-9,4;278,2,-5;285,-20,13;288,12,-13;294,-11,-18;295,-62,13;299,46,-11;300,11,-9;305,-17,6;318,10,-11;332,-11,-10;335,1,15;340,-12,-22;343,-2,17;350,-9,-20;353,-3,9;358,11,-18;369,-18,16;370,-6,-20
rua||elidio paes|vila pinto coelho|33230332|45,-1962100,-4389945;50,-2,-5;62,-13,-11;74,-9,-2;85,-11,-14;94,-8,-1;105,-10,-13;129,-21,-13;135,-3,2;139,0,0;145,-17,-10
rua||elvira pereira da silva|conjunto vila maria|33230824|70,-1960204,-4390390
rua||elvira pereira da silva|vila rica|33230824|35,-1960018,-4390441;45,5,-9;55,-22,13;65,-10,4;75,-7,-14;85,-12,11;180,15,6
rua||elza egg dos santos|palmital|33234600|6,-1958222,-4390394;10,-5,1;15,10,2;29,-25,-7;30,7,0;35,-18,-9;40,6,5;45,-22,-7;50,14,0;55,-2,4;60,-60,-35;61,43,30;65,-18,-10;70,9,-8;75,-15,4;78,1,7;80,2,-2;85,-7,-7;90,-7,-5;95,-5,6;100,2,-1;115,-9,-12;120,-1,11
rua||elza goncalves|campinho|33234702|30,-1957697,-4391499;35,-19,9;87,-46,8;105,-24,-3;119,5,-9;275,103,-3
rua||elza santana duarte|joa|33233240|15,-1964656,-4387173;35,-37,-3
rua||esmeraldas|por do sol|33231044|5,-1960792,-4391059;11,3,-12;27,3,-10;47,11,-18;50,-8,17;53,21,-20;54,-17,11;60,22,-8;65,1,-1;67,-4,0;70,12,1;77,13,7;80,9,-6;87,-2,-4;89,-6,1;90,9,13;97,7,-11;100,9,15;107,-2,-10;110,5,11;112,2,5;117,10,-13;120,3,11;127,4,-6;130,5,11;137,6,-9;140,4,8;149,5,0;150,7,3;153,-3,-6;170,19,19;180,21,3;190,1,1;200,18,5;210,0,-7;227,10,4;235,16,4;240,1,8;277,57,16;280,-10,5;290,18,0;292,4,4;297,9,-5;307,4,4;310,4,4;317,13,2;320,-11,5;322,3,-1;330,15,0;337,13,2;340,-8,4;345,22,2;350,-9,-2;352,3,1;355,2,5;357,14,-3;367,8,4;370,-4,5;377,9,-3;380,2,6;387,12,-1;394,8,7;397,12,-6;400,-9,9;405,14,2;420,20,9;425,-8,-9;427,4,3;430,11,7;440,12,2;447,-1,-1;457,3,-3;467,17,13;470,23,15;477,-14,-14;490,24,15;495,-2,-6;507,9,2;508,12,13;520,11,5;527,-5,-13;540,29,17;547,-9,-9;550,18,14;551,-16,-17;552,14,17;553,-1,-8;557,13,-3;565,10,5;570,-1,11;572,7,3;580,9,2;587,-1,-4;590,7,6;595,5,0;597,-1,0;607,6,3;609,4,-2;617,10,1;630,15,12;635,6,-4;637,1,-1;640,4,9;650,18,6;660,0,2;667,11,4;670,2,-6;673,9,4;675,7,3;677,14,1
rua||espigao|village do gramado|33236350|15,-1965808,-4387626;23,-4,-23;40,7,-79;60,-10,55;80,-13,-28;85,3,7;100,10,15;110,-13,-37;125,1,1;135,-6,-13;165,-10,-34;180,10,0;185,-16,-42;195,-1,-1;200,2,0;205,-6,-33;225,-8,-10;250,14,17;255,-19,-52;260,15,43;280,-7,-27;285,-8,-8;290,7,-8;300,-10,-24;312,-3,-13;330,2,10;335,-9,13;359,-4,-39;365,-1,-4;400,-2,-7
rua||espirito santo|joa|33233150|38,-1963818,-4388052;50,-46,13;53,59,-20;54,-2,2;55,8,-8;57,-69,37;60,83,-32;65,-9,-9;67,-92,55;70,5,-18;72,147,-52;75,-42,10;93,30,-13;115,27,-4;187,-469,183;320,-87,0;340,106,-6;355,-31,4;360,2,1;375,-24,0;526,-91,-7;529,-17,3;530,-20,-6;535,0,11;600,-57,-10;620,-18,2;678,-20,-1;768,-119,-7;778,-17,2;798,-5,-2;930,-100,-8;940,-4,6;950,-5,2;980,-56,2;1000,-25,8;1170,-99,36;1181,-31,18;1184,-9,3;1194,-19,5;1201,-12,14
rua||espirito santo|varzea|33233150|123,-1963940,-4388003;143,-13,12;150,0,-6;160,-21,12;163,9,-1;166,-10,-2;180,-17,7;183,8,5;190,-16,3;203,0,4;238,-13,-2;243,-36,27;246,17,-18;255,-244,35;256,233,-32;260,-31,-22;262,11,37;264,-3,-6;266,-13,9;268,-9,1;274,-15,10;280,-10,7;300,-14,9;655,-316,-3;695,-17,3;935,-202,-6;955,-35,-3;1015,-61,9
rua||estancias da lapinha|lapinha|33242000|9,-1958580,-4393932
rua||ester pinto de matos|centro|33230220|30,-1962392,-4389409;48,-1,-14;56,31,22;66,19,3;78,15,12;90,11,7;100,58,39;110,-41,-29;120,9,7;130,8,9;140,8,2;144,3,3;150,12,7;170,28,17;198,-20,53
rua||ester pinto de matos|sobradinho|33230220|25,-1962383,-4389428;33,11,5;77,38,25;87,7,8;101,11,11;141,20,8;151,13,0;163,16,8;167,-4,6;185,13,9;195,7,7;223,34,4;245,10,19;275,0,0
rua||estilandia|francisco pereira|33236296|7,-1965471,-4387012;15,-16,1;20,12,0;24,-9,-4;28,1,-2;30,-9,-1;35,42,121;235,-5,-54;255,-2,35;3912,-34,-90
rua||etilandia|francisco pereira|33236296|38,-1965530,-4387011;42,-22,-3;51,-13,10;120,-33,-2;130,-12,-2;135,-3,6;140,-50,-6;145,61,4;150,-78,-3;153,9,6;160,-29,-3;163,1,2;184,-28,4;195,4,-2;200,-9,0;202,-13,0;204,-4,-4;205,4,4;210,-6,-1
rua||etil|nossa senhora de lourdes|33233218|15,-1965097,-4387621;25,1,-1;29,-2,-3;36,5,1;48,-4,-4;60,12,-11
rua||euclides moreira da silva|lapinha|33242000|21,-1957295,-4394419;31,-4,1;43,0,26;51,-16,10;55,5,-14;73,-2,10;83,-2,28;85,-10,-1
rua||eurita rodrigues mariano|promissao|33230320|35,-1962389,-4390015;41,2,14;53,11,8;55,13,9;67,-2,-4;83,10,7;105,57,27;117,-32,-17;127,32,17;137,-28,-17;153,29,3;157,5,9;161,11,3
rua||eurita rodrigues mariano|vila pinto coelho|33230320|26,-1962394,-4390001;172,119,53
rua||expedicionarios|centro|33230061|112,-1963155,-4389377;115,-2,-4;175,54,-38;200,7,-1;215,2,-15;216,11,1;227,7,-12;239,4,-5;240,110,-29;248,-84,16;255,-2,-8;258,9,2;283,46,4;354,-11,-41;377,14,-12;386,3,-1;389,30,-21;395,-1,-5;402,5,3;416,5,-6;429,14,-17;859,323,-278;865,8,-1;891,12,-9;915,35,-34;925,-6,7;935,3,-1;937,2,-9;939,0,9;955,21,-20;965,11,-9;985,27,-19;991,-11,15;1003,13,-17;1031,-6,-2
rua||expedicionarios|centro|33230297|435,-1962906,-4389586;453,0,2;465,22,-24;473,10,-11;481,9,-6;483,6,-5;493,10,-7;499,5,-6;535,34,-26;611,5,-2;621,6,-8;633,20,-19;635,8,-1;637,-4,-7;639,4,5;641,3,0;643,-3,-3;645,4,-4;649,9,-5;675,13,-15;699,15,-8;759,39,-35;793,15,-11;797,0,-3;805,22,-15;815,5,-6;833,3,-10
rua||expedicionarios|promissao|33230061|470,-1962898,-4389587;480,29,-25;506,18,-20
rua||expedicionarios|promissao|33230338|1055,-1962454,-4390088;1065,1,111;1075,5,-100;1162,45,24;1164,0,2;1166,5,-8;1172,-1,-7;1173,-3,-8;1174,5,3;1175,-60,11;1185,4,-2;1187,60,-32;1197,4,-9;1199,3,-11;1200,15,5;1201,-14,-1;1209,3,-4;1210,16,3;1276,6,-15;1300,13,-31;1304,4,-5;1305,13,-47;1316,-3,24;1325,13,-31;1357,-135,243;1385,139,-272;1387,-126,174;1395,133,-188;1405,8,-12;1415,3,-11;1425,11,-14;1435,8,-14;1485,17,-35;1495,5,-18;1505,10,-13;1515,7,-20
rua||expedicionarios|vila pinto coelho|33230061|592,-1962813,-4389659;762,133,-114;778,8,-6;786,3,-6;802,11,-4;810,3,-9;822,13,-6;834,14,-8;856,17,-21;880,10,-7;888,5,-3;892,6,-6;918,22,-19;930,0,2;950,16,-11
rua||expedicionarios|vila pinto coelho|33230297|990,-1962514,-4389910;1060,59,-50
rua||expedicionarios|vila pinto coelho|33230338|1098,-1962439,-4389979
rua||e|campinho|33234748|30,-1957607,-4391958;36,-4,-1;40,-5,0;46,-4,-4;50,-17,3;56,1,-2;60,1,1
rua||e|condominio amendoeiras|33240032|12,-1966200,-4393266
rua||e|condominio amendoeiras|33240262|12,-1966221,-4393236;50,-7,148;55,3,-27;70,56,133;80,11,18;95,29,117;115,-30,173;155,-9,20;190,-30,20;191,-16,33;235,-39,66;275,-26,-31;315,-67,-1;385,-59,-118;649,-60,-88;660,-4,-10;699,-64,-63;753,-71,-40;783,-26,-2;800,-20,-3;870,-27,4;909,-32,24;960,-8,-11;1285,-97,218;1300,23,-110;1350,-18,90;1355,16,-21;1375,-6,37;1380,-31,90;1410,-42,65;1415,53,-77;1495,-26,45;1505,-43,59;1512,-13,17;1516,-7,17;1520,-44,41;1600,-32,31;1605,8,21;1665,-41,42;1700,-61,30;1705,15,-9
rua||e|condominio gran royalle|33237008|45,-1966362,-4385705;55,5,-17;60,-3,9;85,10,-48;105,14,-14;115,9,-9;120,-11,-15;125,-6,-2;135,17,-23;140,-7,-5;145,12,-7;325,-41,128
rua||e|conjunto residencial lagoa santa|33241899|30,-1963018,-4391134;40,2,-5;50,-4,-6;60,-7,-13;70,-4,-3;80,-5,-9;90,-1,-5;100,-10,-5;110,2,-7;120,-3,-9
rua||e|palmital|33234408|56,-1958909,-4389321;77,0,-7;80,5,9;100,32,17;112,11,8;122,12,8;132,36,14
rua||e|vista alegre|33240262|63,-1968276,-4391498;65,2,0;95,15,19;125,12,6;135,17,1;145,5,4;167,17,1;175,7,2
rua||felixlandia|francisco pereira|33236300|10,-1965521,-4386790;12,-1,5;20,-14,-3;32,-14,9;92,-31,-15;100,-17,8;104,-4,-17;110,-15,16;152,-36,2;164,31,-30;166,-38,30;200,-20,8;208,-6,-4;220,-23,5;230,-2,1;233,-9,4;236,-1,-6;237,-11,7;240,-7,-4;242,9,5;245,-2,-15;250,-5,15;251,-11,-2;252,6,3;260,-10,-7
rua||felixlandia|lagoa mansoes|33236300|41,-1965497,-4386782;43,-41,0;47,11,4;51,-6,-2;61,-22,-1;73,-16,0;85,-14,2;105,-14,2;115,-20,-3;169,-37,6;181,-6,-5;189,2,13;199,-24,-14
rua||fernando franca campos|conjunto bela vista|33239184|34,-1963819,-4390783;46,-9,8;47,-6,6;58,-6,-8;59,-8,9;70,-6,-6;71,4,4;82,-15,-3;83,6,4;94,-15,-3;95,-4,2;106,-6,-4;107,0,7;118,-2,-7;119,-1,3;130,-13,-1;131,2,6;142,44,-7;143,-61,8
rua||ferreira de oliveira|recanto da lagoa|33236134|20,-1965530,-4388364;30,8,-27;46,12,-43;60,8,-33;65,-5,17;70,154,-489;71,-152,467;73,120,-402;75,-118,382;83,50,-190;85,-47,176;95,4,-14;105,4,-7;140,35,-127;145,3,-19;148,1,2;150,18,-59;163,73,-193;170,85,-177;173,-58,117;185,-97,239;190,7,-12;200,14,-36;203,81,-208;215,-94,228;223,103,-247;225,-90,224;233,102,-257;235,-87,245;236,90,-228;273,-1,-1
rua||ferreira neuenscwander|condados da lagoa|33240310|12,-1965619,-4393027;30,17,-7;80,12,-5;83,6,-7;90,11,5;110,14,-11;115,13,-24;130,10,16;150,30,-17;152,-3,8;155,1,-14;160,20,1;170,26,-13;172,30,-17;180,5,-4;197,-28,-7;245,25,3
rua||ficus|palmital|33234530|5,-1958774,-4388596;23,29,-79;62,-18,59
rua||firmino goncalves|palmital|33230863|25,-1959348,-4390689
rua||firmino goncalves|palmital|33234530|5,-1957704,-4389203;6,27,-13;7,-122,56;9,-1548,789;10,-25,55;25,-20,-2357;36,289,1557;71,47,-88;117,-52,81;120,88,-167;150,-3,11;160,4,-3;170,-14,44;185,-11,511;250,-162,-999;285,-207,-836;295,-1,12;305,-2,-2;325,-1,53;345,15,69;411,15,33;885,1,-10;1000,-7,132;1025,21,-6;1085,325,18;1100,81,920;1115,-4,-920;1117,-242,10;1201,32,22;1300,-14,0;1460,2,189;1580,56,141;1630,-39,115;1640,2,29;1645,17,-305;1650,-661,2130;1660,700,-1947;1675,0,-3;1685,22,22;1690,53,25;1691,-48,-24;1695,54,29;1712,78,149;1715,-38,-150;2060,358,466;2061,232,100;2167,-594,18;2170,-95,88;2416,-33,121;2447,19,-36;2467,-3,19;2486,-16,31;2500,-134,160;2507,136,-146;2547,-2,-2;2560,-19,30;2567,11,-2;2592,-20,43;2732,-1073,867;2740,2,11;2750,3,10;2900,998,-530;3100,36,-133;3400,-25,107;3700,-548,629
rua||firmino goncalves|vila rica|33230001|30,-1959429,-4390744;88,13,1;120,-50,49;126,24,17;130,-3,22;140,-22,27;150,-137,49;250,67,-7;860,124,141;880,9,21
rua||flavio fonseca viana|joa|33233071|5,-1963694,-4387252;10,-9,13;16,162,-22;17,-23,-3;18,-22,-1;19,-15,-3;20,-15,0;21,-20,3;22,-19,-12;23,-17,1;24,-9,-3;25,48,-58;27,28,-5;28,12,5;29,22,11;30,-133,118;31,158,-126;32,17,-1;33,-114,51;37,67,4;40,-42,48;50,-89,56;60,-1,24;70,-2,15;80,-5,29;355,38,-313;520,-2,-41;570,-23,113;1015,18,17
rua||flora antonia|lagoinha de fora|33246000|4,-1968420,-4385148;5,34,111;7,-16,-210;13,15,210;14,-13,-215;17,10,21;22,-19,18;23,17,147;25,2,-135;30,-24,12;36,-2,27;65,2,45
rua||formiga|lundcea|33239048|16,-1963579,-4391805;25,28,0;30,-7,7;31,2,-10;45,59,1;57,12,7;67,15,-2;77,17,-1;91,19,8;99,13,-3;105,13,-3;109,4,4;119,30,10;183,2,-9;185,8,-6;189,-3,7
rua||formiga|lundceia|33239048|50,-1963513,-4391798;60,20,2;70,19,1;150,47,2;160,21,5;162,10,-1;170,17,2;186,8,-2
rua||franca|lapinha|33242000|200,-1956534,-4395520;230,-28,6;240,-4,2;250,-12,1;260,-12,-1;336,-219,16;346,7,4;366,26,5
rua||francisca cassiana|francisco pereira|33236290|17,-1965529,-4387364;35,6,32;43,-1,6;53,3,1;65,1,16;69,-11,19;73,7,7;90,-5,1;100,0,1;110,2,7;155,1,0;165,1,16;175,5,-3;195,-3,58;197,1,6;200,-9,0;201,6,-15;205,7,45;230,-4,-21;240,-3,10;250,-1,16;260,2,6;270,4,15;275,4,6;280,-9,5;281,11,16;283,0,0;285,0,0;290,-9,-2;293,5,-5;305,7,24;310,-10,9;313,9,-9;315,4,2;321,-10,27;323,5,1;325,1,1;331,1,0;332,-6,5;333,42,-2;335,-34,8;344,-10,32;345,8,-34;355,0,6;357,3,8;391,-4,57;417,-3,42;432,-3,-31;433,9,31;435,4,2;441,0,10;444,-10,-22;451,9,38;456,-9,-24;461,12,34;468,-13,-17;470,4,3;471,8,18;500,-5,-3;510,1,59;525,5,-42
rua||francisco alexandre de matos|conjunto ovidio guerra|33239402|15,-1964260,-4391433;75,-22,17;85,3,0;150,-6,98;200,-24,57;230,3,58;240,1,12;250,-1,7;415,79,-253
rua||francisco botelho|santos dumont|33239300|33,-1965176,-4390734;45,16,42;54,-20,-39;60,-2,3;61,-6,10;68,-6,-1;79,-1,-1;82,9,10;83,-17,16;85,-4,-12;86,-2,13;93,-2,9;99,3,13;107,-11,-4;108,-10,-5;117,12,8;120,-17,5;128,6,-5;130,-3,13;131,-7,-4;132,-8,5;134,11,-4;137,8,6;140,-12,-5;145,-10,14;148,9,-14;156,-24,15;163,9,12
rua||francisco bras|santos dumont|33239286|10,-1964780,-4390477;15,-8,2;23,-6,-3;40,-6,-5;57,-23,-6;60,0,-4;65,-19,5;70,12,-6;71,-11,6;74,4,-8;82,-6,1;85,-4,-1;95,-16,2;100,12,-5;104,-14,1;110,-14,4;115,13,-3;122,-18,-2;125,12,3;134,-23,-8;137,-3,12;140,2,-16;144,-6,1;168,44,25;180,-33,-1
rua||francisco da silva|canto do riacho|33231650|46,-1958638,-4390557;48,6,5;115,26,52
rua||francisco leite|santos dumont|33239306|8,-1965264,-4390808;40,-1,2;49,-12,26;55,-8,11;60,10,-12;61,-14,18;71,0,0;200,2,3
rua||francisco rodrigues gomes|vila pinto coelho|33230323|116,-1962242,-4390009;122,0,0;128,-5,13;162,-13,30;172,3,-3
rua||francisco romao|lagoinha de fora|33246000|45,-1968454,-4385086;48,12,-70;52,-40,58;60,10,1;61,-10,9;64,-3,1;71,-15,21;74,6,-7;76,0,6;81,-6,2;96,-6,37;100,14,-37;101,-15,40;105,-6,12;115,216,-226;119,-10,-1;122,8,-11;125,-21,13;140,7,6;144,-10,7;145,-5,10;150,-14,5;152,7,-3;155,-7,8;165,-4,1
rua||francisco sanches rocha|varzea|33233116|25,-1963861,-4388202;26,-8,-2;40,-11,-7;48,0,2;52,-15,-9;56,7,-2;59,6,6;63,-13,-6
rua||f|centro|33233390|220,-1962099,-4389480;230,3,-5;240,13,-9;250,6,-11;260,8,-13;270,-2,-3;280,15,-9;300,-2,0;310,26,-30
rua||f|condominio amendoeiras|33240266|50,-1966330,-4393057;135,35,69;165,38,171;180,-182,-82;185,192,43;210,-148,28;225,-40,-85;245,96,-166;280,84,190;310,-24,-97;315,-206,46;320,180,-86;490,-40,236
rua||f|condominio gran royalle|33237006|10,-1966283,-4385734;15,7,0;35,-7,-13;45,13,-15;55,2,-12;65,-1,-15;70,11,16;95,-2,-60;130,19,-19;262,-11,18
rua||f|conjunto residencial lagoa santa|33241899|15,-1962981,-4391155;20,11,10;25,-14,-10;30,12,2;35,-20,-16;40,16,13;45,-16,-17;50,8,1;55,-13,-11;60,11,8;65,-16,-13;70,15,6;75,-20,-17;80,15,14;85,-18,-19;90,16,10;95,-24,-11;100,17,5;105,-15,-11;110,17,4;120,-9,-15
rua||f|palmital|33234408|34,-1958949,-4389221;74,9,2;82,26,16;102,-20,39;122,38,-27;182,16,7
rua||f|palmital|33234412|75,-1958944,-4389232;85,14,11;95,27,17;115,-5,0;125,18,12;135,17,12
rua||f|vale dos sonhos|33234124|2580,-1961042,-4388995;2630,5,-70;2950,14,-116;2990,24,-96;3000,-10,8
rua||f|vale verde ville|33230736|5,-1960683,-4389901
rua||gameleira|aeronautas|33236408|10,-1966742,-4388429;15,-22,-28;25,28,20;30,14,1;35,-15,2;40,16,-4;45,-13,-2;50,22,-3;55,-12,-1
rua||geralda de oliveira lara|recanto da lagoa|33236118|95,-1965147,-4388894;103,15,-38;120,-7,16;138,-5,20;140,-23,50;150,6,-32;160,-4,15;161,-6,15;170,1,-1;182,-4,19;270,-18,22;275,-6,29;302,-8,12;315,-8,15;320,-6,10;330,-4,10;332,-13,19;426,-21,61;444,-12,54;456,1,-6;466,-4,11;470,-7,15;475,10,2;485,-9,17;486,-3,-2;495,-4,19;500,0,1;515,0,13;546,-5,1;565,-11,50;707,-11,40;710,3,-15;720,-4,19
rua||geraldo barbosa|novo santos dumont|33236126|130,-1965632,-4388223;160,122,105;170,-4,-2
rua||geraldo barbosa|recanto da lagoa|33236126|50,-1965384,-4388183;80,-35,29;85,-216,-157;95,-2,17;110,201,149;115,-200,-117;210,-3,13;250,3,-74
rua||geraldo luis dos santos|recanto da lagoa|33241899|141,-1964801,-4388680;337,-26,38;395,-35,42;405,-3,-1
rua||geraldo paula de araujo|jardim imperial|33234152|4,-1960334,-4389780;22,1,5;24,-29,24;25,31,-26;26,-3,-1;27,0,8;31,-17,6;35,-8,10;60,-4,1;70,-14,16;72,7,-2;75,-10,33;80,9,-28;82,-6,5;85,10,2;95,-5,12;97,-7,4;110,-4,14;112,-17,12;115,16,32;117,5,25;140,-7,-27;160,-3,11;162,3,6;165,10,28;169,7,10;175,14,8;185,-1,9;195,8,2;220,-10,-2;250,31,23;252,2,-11;258,1,17;260,3,-3;270,14,7;272,-5,2;275,3,0;276,9,9;278,5,3;280,-10,-13;282,0,9;295,-37,-41;300,50,49
rua||geraldo raimundo batista|residencial lagoa santa|33239010|20,-1963027,-4391086;25,12,10;35,-15,5;45,-2,-16;50,-11,-6;55,-4,-19;60,-2,9;65,-3,-6;70,1,5;75,-1,-6;85,-6,-7;90,-1,-8;95,-2,-18;100,1,16;105,-10,-8;110,1,-6;115,2,5;125,-8,-11;135,2,-6;140,-2,-6;145,-3,-12;150,-2,0;155,-3,5;165,3,-11
rua||geraldo raimundo batista|resiencial lagoa santa|33239010|20,-1963032,-4391060;30,-1,-23;40,-3,-4;50,-5,-11;60,-2,-12;70,-5,0;80,-13,-8;100,4,-18;110,-12,-2;120,-1,-4;130,-2,-16;140,-3,-1;160,-5,-11
rua||germano costa|campinho|33230001|15,-1957262,-4392056;25,4,6;45,148,204;55,-141,-186;60,142,137;63,-121,-127;65,-9,-2;70,127,131;76,-2,-5;93,-88,-86;238,51,-36
rua||germano costa|campinho|33239304|8,-1957301,-4392047;45,188,196;61,-1,-24;84,-129,-156;94,41,47;114,19,23
rua||gerson da costa viana|centro|33233550|355,-1962440,-4388806;400,-6,28;420,6,28;460,33,140;470,-72,-86;490,71,102;495,0,-11;500,13,29;515,1,-9;525,6,25;535,8,12;597,29,62
rua||goias|joa|33233126|20,-1963931,-4388135;23,3,-1;40,-14,5
rua||goias|varzea|33233126|30,-1963988,-4388091;34,-4,7;44,-4,9;60,-13,16;64,-6,6;76,-4,7;86,-24,2;92,3,-8;95,19,7;96,-28,6;110,-3,17;120,-6,6;139,-60,48;343,64,-41;365,-27,17;393,-36,21
rua||governador mario covas|promissao ii|33230393|20,-1962973,-4390679;22,-9,-21;32,-6,-7;50,0,-5;60,-7,-13;65,7,22;70,-11,-28;75,-1,18;85,5,-10;95,-7,-6;105,-8,-14;110,-10,-15;115,5,1;125,-2,0;135,-1,-7;145,-8,-14;150,7,-9;155,-6,4;160,-4,-19;242,-32,-71;245,-25,-30;262,14,11;263,0,30;273,5,-15;277,2,-7;280,-8,-26;290,-5,-13;300,0,-11;303,-7,11;314,-3,-25;315,-7,12;322,-4,-23
rua||graciliano ramos|vista alegre|33240152|28,-1968010,-4391056;31,-103,-405;38,97,393;45,-95,-380;46,92,368;66,-17,-48;70,-1,-6;72,-1,-19;80,1,1;88,-2,-10;90,-65,-243;100,61,233;230,-26,-103;470,-36,-163;480,-3,-1
rua||grajau|ipanema|33236223|10,-1964891,-4388130;31,8,17;34,10,32;41,-6,-30;46,0,4;51,7,13;54,-2,0;57,1,1;64,2,3;65,10,2;75,1,10;76,-5,9;81,23,37;84,-18,-30;103,10,11;106,-7,-5;111,12,15;114,-8,6;121,13,5;122,-4,-2;132,-5,17;137,15,-4;141,1,4;144,-34,-18
rua||guilhermina pereira freitas|lapinha|33242000|44,-1957223,-4395494;56,14,11;69,59,6;129,16,12;157,594,779;277,-466,-748;280,-20,1;298,14,6;299,25,7;390,29,55;409,18,53;423,-2,12;459,2,22;460,1,-17;472,-6,33;474,-1,-16;476,0,28;480,-1,-5;481,2,17;500,-7,-11;501,8,29;510,-14,-6;518,-9,7;542,31,28;548,-2,6;554,-1,2;581,5,16;586,-8,1;588,6,13;591,6,10;596,-5,-8;610,-2,26;619,9,5;629,-7,56;678,-6,-5;692,-6,13;709,13,-8;720,-12,27;725,8,8;736,33,69;739,-24,-38;745,0,2;765,16,21;775,3,1;777,10,18;785,1,-2;794,32,55;800,-6,-12;807,0,-11;814,-10,4;820,20,21;826,6,5;848,13,89;857,-14,-100;866,60,72;867,-50,-63;869,2,3;875,31,35;885,-16,-27;933,37,40;934,9,15;935,-11,-11;937,-3,3;941,37,1;944,-28,42;959,39,-25;969,24,-6;974,-53,26;983,71,0;1004,-48,7;1013,48,16;1029,14,10;1053,25,29;1079,5,5;1091,9,13;1105,-8,9;1165,-120,-204;1170,151,226;1179,7,3;1180,23,19;1199,13,-7;1209,12,-2;1227,20,4;1229,12,-3
rua||gustavo barbi|francisco pereira|33236270|290,-1965602,-4387518;310,-10,10;330,-5,2;350,-17,10;352,-2,1;370,-8,7;372,-2,7;3678,88,-74
rua||g|condominio amendoeiras|33240264|62,-1966304,-4393131;150,-72,38;215,-38,28;260,-98,76;315,-43,68;350,-15,-4;800,-78,35;870,-34,4;960,-54,24;1300,-53,98
rua||g|condominio gran royalle|33237014|265,-1966233,-4385449;285,-7,15;305,-4,27;325,-3,8;410,28,42;415,15,-37;430,-1,16;435,8,-27;450,-2,23;490,14,-22;510,5,-17;565,36,-78;585,7,-11;635,-3,-61;655,-4,0;660,26,80;675,-36,-88;680,27,72;695,-37,-81;760,49,20;780,-10,3;860,-58,-38;880,-13,1;930,-13,-11;950,-9,-24;990,-43,-32
rua||g|conjunto residencial lagoa santa|33241899|10,-1962934,-4391166;15,-8,-4;20,-5,-5;25,1,-6;30,5,4;35,-9,-8;40,6,0;45,-5,-5;50,0,-1;55,-3,-5;60,-2,1;65,-2,-13;70,-2,0;75,-3,-1;80,0,3;85,-5,-6;90,3,-4;95,2,-16;100,-7,6;105,-2,-6;110,-4,3;115,-6,-15;120,7,7
rua||g|palmital|33234414|40,-1959026,-4389145;43,99,28;45,7,33;60,7,2;80,-78,-42;85,-2,-8;91,24,8;160,-14,2;190,36,25;215,69,37;220,-14,-3
rua||helena antipoff|varzea|33233030|30,-1963842,-4388683;40,0,-12;43,-5,5;53,3,1;56,4,-18;61,-4,10;63,-3,-12;68,2,-2;76,-7,-13;77,-1,2;78,-8,-8;100,-15,-13;113,12,19;122,-36,-32;123,19,18;125,-32,-14;133,14,6;137,0,-1;144,-13,-9;150,-6,-4;151,0,3;155,-22,14;160,-4,-4;189,-1,-3;210,-15,12;214,-10,2;216,1,-2;240,-20,2;244,-42,25;253,36,1;284,-52,6;285,7,-2;310,-3,5;342,-42,18;345,9,20;351,3,6;355,2,25;365,3,18;375,1,7;379,-3,1
rua||heli goncalves|campinho|33234690|15,-1957657,-4391095;17,-18,-7;25,14,-4;27,-5,1;35,-16,-8;58,-6,-10;60,-4,1;85,-23,-11;91,-2,9;95,-20,-12;125,-34,-14;127,-5,-3;131,-24,-16;135,-10,-1;137,-4,-1;150,12,-5;155,-21,-2;157,-2,-2;160,15,-2;165,-22,4;175,-17,-10;180,15,-3;182,3,2;185,-26,-2;187,-9,-5;199,-5,-6;200,22,7;204,-55,-19;205,24,9;210,15,0
rua||henrique antonio de abreu|recanto da lagoa|33233004|10,-1964656,-4388390;12,66,8;30,-22,-1;106,-43,-13;160,-27,-11;166,-82,-308;182,51,280;184,-31,-299;185,1,302;190,0,-5;195,-19,2;205,-7,-9;206,9,-4;213,-16,-6;262,-11,-13;263,-19,0;282,6,-7;302,-32,-18;304,-42,-69;310,5,26;312,24,31;314,-28,-72;326,29,-43;340,-13,96;341,-15,7;355,-1,-5;505,147,-236;565,-24,30
rua||henrique antonio de abreu|recanto da lagoa|33236042|4,-1964649,-4388627;1005,105,-408;1081,10,-26;1083,3,-13;1085,5,-1;1095,-15,33;1313,-128,231;1330,25,-4;1353,6,-22;1395,7,-10;1405,4,-13;1415,-3,-6;1495,3,-13;1507,3,-15;1512,37,-55;1513,-35,43;1541,11,-5;1551,10,-18;1555,-16,-6;1561,16,-1;1580,20,-34;1591,-11,21;1593,13,-28;1630,34,-47;1680,26,-5;2600,-50,37
rua||henrique candido|lagoinha de fora|33239304|2,-1968132,-4385614;372,-66,244;382,6,-14;390,0,0;405,10,-19;446,1,7;460,3,-11;465,-1,-8;484,8,-11;486,14,-10;504,4,-8;514,15,-23;524,0,4;534,10,-21
rua||henrique candido|lagoinha de fora|33246000|26,-1968297,-4384983;36,-25,-50;40,0,68;46,3,-95;50,-5,98;52,5,-121;64,-1,-11;70,9,-32;104,24,-29;144,38,-5;145,-59,-9;149,-1,-5;153,9,-11;163,2,2;177,3,-17;195,6,-4;199,-1,-4;203,3,-10;213,10,-18;223,6,-10;261,14,-29;281,19,-46;310,21,-21;320,15,-7;330,1,-3;340,0,-2;390,19,-33
rua||henrique cota|sangradouro|33242000|25,-1958078,-4393953;65,-3,6;70,9,9;75,-3,0;80,-1,10;85,4,2;90,2,15;95,0,-2;104,-1,14;107,4,1;110,-4,12;120,4,-6;122,-1,8;127,8,7;141,13,27;148,-19,-17;150,-1,3;151,22,21;157,-14,11;170,7,-14;180,-21,5;200,21,10;240,10,1;335,34,30;336,12,-26;340,18,4;345,-38,-23;350,49,18;355,-28,15;360,33,3;365,-19,-29;375,15,18
rua||hercilio da costa viana|conjunto vila maria|33230816|20,-1960159,-4390420;25,-9,6;30,9,-29;35,-1,9;40,-1,-14;45,4,9;50,-3,-9;55,-5,-9;60,0,-9;65,1,2;75,-4,-14;80,-2,4;85,0,-12;90,3,2;95,-4,-11;100,0,-7;105,-3,-1;110,4,-7;115,-3,-4;120,1,-7;125,-4,2;130,3,-15;135,-9,4;140,21,-6;145,-22,-1;155,-5,-15;180,10,-16;185,-9,8;190,7,-15;195,-7,-3;200,2,-6;205,-4,-6;210,4,0;215,-4,-5;220,-1,-7;225,2,-8;230,-2,0;235,-12,-43;240,12,34;245,-8,-6;255,-2,-1;260,3,-11;265,-5,-7;270,2,-7;275,-2,-2;280,6,-6;285,-8,-5;290,5,-8;295,-5,-2;305,-4,-6;555,-1,-8;631,-1,2;655,-1,-15
rua||h|centro|33234520|45,-1962069,-4389466;63,3,4;75,17,-39;144,19,18
rua||h|condominio amendoeiras|33240260|50,-1966893,-4392766;105,71,18;165,-41,-13;307,-94,53;363,-70,110;393,-9,13;435,-37,54;455,-29,55;503,-14,37
rua||h|condominio gran royalle|33237020|15,-1966611,-4385746;20,2,-17;40,-17,15;55,-11,17;60,9,9;80,-38,-3;95,-5,18;100,-2,-25;175,-42,58;190,-41,4;205,20,42;230,-36,-13;250,-14,-7;265,2,50;325,-44,47;330,3,-36;390,-31,60;395,1,11;430,-18,36;470,-14,12;490,-11,23;495,3,47;515,-7,23;520,-6,-47;535,3,58;555,-7,26;560,-13,-56;580,4,30;620,4,37;660,-5,37;700,3,52;725,15,71;730,-19,-50;765,17,92;770,-16,-55;890,-6,131;910,-35,7
rua||h|conjunto residencial lagoa santa|33241899|5,-1962912,-4391192;15,7,3;20,4,-9;25,-10,-1;30,7,-1;35,-10,-3;40,5,3;45,-8,-9;50,5,1;55,-7,-8;60,-1,2;65,-2,-9;70,-1,-1;75,-5,-6;80,3,0;85,-6,-12;90,0,3;95,-4,-3;100,6,-1;105,-7,-3;110,-4,-12;115,-2,1;120,7,-6;130,-8,-5
rua||icaro|aeronautas|33236430|14,-1966730,-4388610;30,9,-8;50,26,3;111,59,-5;120,35,2;135,356,-11;142,-348,11;152,9,-2;300,118,0;308,7,0;318,13,-1;324,4,-1;336,4,2;351,-45,-4;357,33,-5;399,63,8;400,-2,-1;404,1,-4;414,22,0;445,-2,0;450,34,11;470,9,-10;480,17,-1;510,48,2;515,-4,-9;519,17,-1;520,-13,8;526,7,1;535,11,-10;537,-499,-39;545,-2,-60;555,271,59;565,270,37;567,-542,-68;570,543,80;575,3,-7;577,-545,-73;580,542,80;623,-545,-69;635,9,22;645,0,18
rua||icaro|santos dumont|33236430|90,-1966648,-4388612;151,66,-14;190,35,0;195,6,4;200,4,2;215,24,-1
rua||icaro|vila militar|33236032|1,-1964487,-4389211;2,2,-13;3,-3,-14;4,-2,-19;5,3,2;6,-5,-31;7,-12,-39;8,-11,-15;9,5,-7;10,-8,-18;11,-5,-11;12,0,-16;13,-16,-36;14,-6,-16;15,-12,-35;16,-3,-8;17,-14,-55;18,-9,-26;19,-6,-25;20,-3,-18;21,2,-30;22,13,-23
rua||ildeu viana matos|centro|33230037|40,-1963187,-4389697;50,-4,-5;62,1,-14;273,235,557;301,-24,-37;305,15,20;307,-7,-1;317,-5,-15;357,-11,-15;365,-7,-10;380,-14,-20;444,-28,-26;460,-16,-25;464,2,-13;503,-15,-17;515,-15,-16;521,-25,-40;529,26,33;545,-13,-21;577,-11,-18;597,-23,-40;601,-5,-59;611,-8,53;613,-3,0;636,14,3;638,-2,-4;640,3,-8;643,-16,-5;668,5,-27;675,-6,15;681,4,-19;687,-2,-3;697,-6,-16;700,6,12;704,4,0;711,-10,-22;723,-6,-12;730,12,19;748,-7,-42;749,-6,18;752,2,-21;760,-10,-35;761,5,31;764,-1,-10;769,-4,0;775,-5,-7;780,1,-35;813,-4,6;823,1,-13;825,-3,-1;826,-4,-20;835,-2,1;841,-3,-7;842,7,7;849,-10,-19;855,-2,-13;867,-3,0;869,3,-6;871,2,-11
rua||inconfidencia|vila asas|33240056|1,-1966260,-4391047;3,14,-9;5,14,-8;7,8,-7;9,15,-14;11,10,-8;13,12,-12;15,8,-8
rua||inconfidencia|vila asas|33240058|2,-1966262,-4391038;4,12,-6;6,19,-8;8,6,-6;10,13,-12;12,13,-9;14,17,-19;16,8,-6;17,20,-37;19,9,-8;21,8,-15;23,13,-9;25,7,-16;27,8,-13;29,13,-19;31,8,-11;33,8,-5;35,8,-16
rua||independencia|varzea|33233074|45,-1963534,-4388440;53,6,11;61,0,8;73,55,-15;100,-27,45;115,10,8;139,9,11;140,6,4
rua||interna cinco|campos da liberdade|33234714|35,-1957431,-4391519;40,-19,-4;55,8,7
rua||interna dois|campinho|33234710|5,-1957608,-4391692;55,190,-9;85,-71,1;155,-115,6
rua||interna dois|campinho|33234730|1133,-1957845,-4391885
rua||interna dois|campos da liberdade|33234710|15,-1957335,-4391724;25,-30,19;40,-27,-11;70,-36,5;110,-79,7;120,-28,-4
rua||interna dois|estancia real|33233096|5,-1966103,-4388266;15,323,-39;55,-99,100;65,-88,5;95,156,-56;105,-15,1;115,-9,126;125,-11,-4;135,17,-133;155,-74,41;165,-20,8;175,-21,3;201,209,-63;325,-286,74
rua||interna dois|novo santos drumond|33241899|10,-1966058,-4388218;45,26,9;80,51,9;90,211,38;120,-120,-62;130,26,-4;140,20,-11;195,138,-40;205,-93,-15;250,102,27;325,-400,30
rua||interna dois|palmital|33234550|346,-1958948,-4390283;347,-1,60;348,-4,-35;350,-24,-5;351,22,45;352,-20,-23;354,-16,-19;355,7,51;356,2,-27;358,-27,-21;359,11,59;360,-22,-34;362,-22,-20;364,5,23;366,-18,-12;368,-3,33;369,36,3;503,2,10
rua||interna quatro|campos da liberdade|33234712|40,-1957497,-4391641;70,-2,57;90,-28,42;100,30,22;105,5,-79;125,0,29
rua||interna quatro|estancia real|33233096|10,-1965690,-4388108;20,-19,4;25,-20,2;55,-32,-14;60,-86,-21;110,17,7;115,3,2;145,-30,-8;155,-32,-13;160,-6,0;165,-1,2;185,-30,-9;240,-121,-38;245,10,3;255,-14,-2;265,-20,1;275,-19,-5
rua||interna quatro|novo santos drumond|33241899|5,-1965675,-4388097;35,-56,-11;47,-6,-1;77,-36,-6;85,-16,-6;95,-12,0;115,-22,-6;125,62,-4
rua||interna tres|campinho|33234730|1133,-1957711,-4391894
rua||interna tres|campos da liberdade|33234716|15,-1957393,-4391674;20,-5,7;25,6,30;30,-7,-15;50,4,41;75,6,70;90,-8,-28;95,3,45;100,-2,-19
rua||interna tres|estancia real|33233096|15,-1965707,-4388190;25,-5,6;30,-17,-1;40,19,-4;70,-44,7
rua||interna um|campinho|33234730|1133,-1958000,-4391841
rua||interna um|estancia real|33233096|30,-1965864,-4388231;70,79,18;200,-13,208;210,38,-1;240,44,9;250,15,4;255,54,-13;300,-39,10
rua||interna um|estancia real|33234520|75,-1965780,-4388218
rua||interna um|estancia real|33239304|15,-1966070,-4388240;145,202,151;175,78,82;185,20,1;200,-28,-3;205,-7,-1;220,60,21;225,36,-11;230,-19,2;235,33,-13;250,-15,14;300,26,3
rua||interna um|novo santos drumond|33241899|70,-1965786,-4388229;80,15,83;90,1,-27;102,-7,2;185,5,166;195,27,0;215,9,0;225,8,2;235,25,1
rua||interna veredas das aroeiras|varzea do lobo|33239662|15,-1963133,-4393365;25,-2,1;35,28,1;45,13,1;50,76,5;55,-64,1;65,47,-3;75,9,0;85,8,-1;90,8,8;95,9,-6;105,20,2
rua||interna veredas das macaubas|varzea do lobo|33239665|20,-1963064,-4393072;25,-2,5;30,12,-32;35,-7,13;40,15,-27;45,-9,13;55,5,-15;60,17,-37;65,-9,22;70,14,-39;75,-5,16;80,-11,31;85,22,-58;90,8,-25;95,-14,37;100,18,-46;105,2,-8;110,4,-11;115,0,-3;120,11,-26;125,-9,18;132,-38,107;135,46,-121;144,13,-29;145,-5,9;150,14,-37;155,-7,20;160,8,-29;165,-5,21;170,15,-39;200,5,-13;215,14,-38
rua||interna veredas dos buritis|varzea do lobo|33239659|10,-1963176,-4393059;15,-5,3;30,10,-17;35,-1,1;40,-6,15;45,8,-18;50,1,-1;55,0,0;65,2,-5;75,23,-68;85,10,-21;90,11,-20;95,-10,19;100,22,-47;105,-22,39;110,7,-15;120,21,-40;125,-29,57;130,32,-66;145,5,-28;150,9,5;155,0,-24;160,-1,5;165,13,-29;170,-19,39
rua||interna veredas dos pequis|varzea do lobo|33239656|40,-1963056,-4393360;60,3,0;80,-243,332;100,10,-14;115,-16,12;125,-6,-9;135,16,-11;140,12,-14;145,-1,-4;150,8,-12;155,-8,2;160,25,-23;165,-17,12;170,36,-78;185,-30,58;190,30,-47;200,-1,-26;205,-8,33;210,19,-53;215,-16,31;220,24,-36;225,-24,40;230,25,-55;235,-18,31;240,27,-64;245,-23,51;250,33,-78;255,-40,86;260,40,-90;265,-7,29;270,20,-44;277,-17,45;283,-3,-12;295,5,-15;315,8,-19;335,12,-30;355,8,-23;365,4,-11;375,5,-7
rua||ipanema|ipanema|33236220|9,-1964802,-4388179;95,-49,24;100,29,-12
rua||ipanema|ipanema|33236223|135,-1964917,-4388133;145,-6,6;155,1,1
rua||ipe amarelo|aeronautas|33236412|45,-1966809,-4388381;55,9,7;65,-3,5;67,10,10;75,6,10;95,15,18;97,14,16
rua||ipe amarelo|aeronautas|33239304|20,-1966831,-4388413;30,2,7;40,0,15;44,9,5;50,3,6;54,3,4;70,12,19;150,69,61
rua||ipe roxo|aeronautas|33236414|25,-1966804,-4388427;45,-13,2
rua||ipe|bela vista|33239412|10,-1963653,-4391130;30,9,12;50,21,-1
rua||ipe|lundcea|33236412|27,-1963653,-4391130;37,15,1
rua||iracema salomao de sales|joa|33233236|5,-1964542,-4387470;17,-5,22;27,-10,36;30,3,-38;37,-6,67;40,3,-55;50,1,24;60,-6,22;70,-3,11
rua||irene viana de matos|jardim imperial|33234154|5,-1960370,-4389680;18,16,20;20,6,8;25,9,-10;30,5,14;34,3,3;45,-8,-5;50,23,14;70,12,10
rua||ismael alvarenga carvalho|conjunto vila maria|33230822|9,-1960066,-4390551;15,2,-3;21,-7,-8;27,2,-9;30,3,11;33,-8,-16;39,0,-8;40,6,8;45,-9,-13;50,0,10;51,-1,-19;57,-2,-8;60,10,8;63,-7,-20;69,-2,1;70,6,15;75,-8,-24;80,22,91;81,-19,-90;87,-4,-16;90,-34,48;93,33,-49;99,-5,-8;100,10,8;105,-8,-16;110,6,6;111,-14,-16;117,-1,-3;120,13,4;123,-10,-16;129,-1,-12;130,11,21;135,-10,-20
rua||ismael carmo madeira|vila rica|33230854|4,-1959841,-4390269;13,-4,-12;14,3,0;23,-2,-3;24,2,-2;33,-15,-20;34,12,6;43,-17,-31;44,18,21;53,-17,-16;54,16,4;63,-26,0;64,24,-9;69,-11,-15;70,5,-5;71,-29,16;75,26,-9;77,1,-22;83,-1,1;84,3,10;93,-6,-26;103,5,-8;104,-7,-20;113,5,11;114,-4,-12;123,-4,3;124,3,-20;134,-2,3;144,-4,-28;163,-6,-41;164,6,5;173,-5,-19;174,0,5;183,1,-21;184,2,10;193,-2,-10;194,0,-5;203,-7,-15;213,0,-4;214,17,-16;217,-20,8;220,13,-7
rua||ismar francisco santos|vila rica|33230850|4,-1959718,-4390487;10,-1,1;20,-38,1;30,-11,3;122,51,1;130,-122,10;132,34,-2;164,-40,4;174,-12,5;191,-32,10;205,85,-19;206,-88,11;216,-17,10;225,4,6;226,-18,-16;251,-14,2;256,-13,12
rua||israel pinheiro|santos dumont|33239082|8,-1963443,-4390212;28,-4,5;45,10,-1;55,-5,6;56,-16,-7;65,-6,14;85,-8,11
rua||itajuba|bela vista|33239416|45,-1963695,-4391265;55,-15,7;65,-8,-14;75,9,14;79,-10,-17;81,-7,2;95,-8,-1;105,-16,-2;107,1,1;111,-5,1;113,-6,-3;121,-4,1;123,-12,-2;125,-5,0;135,-6,-2;145,-15,2;147,0,-4;163,-9,-2;165,-3,2;175,-5,-2;185,-9,-3;195,-12,-3;205,-8,1;215,-11,-2
rua||itajuba|conjunto ovidio guerra|33239416|42,-1963700,-4391276;54,-9,-3;64,-15,6;78,-5,-4;80,-5,-2;90,-12,-4;120,-37,-6;186,-39,-3;190,-12,0;200,-11,-2;204,-4,-3;210,-16,1
rua||itu|lundcea|33239414|20,-1963644,-4391186;43,19,-7;45,7,1;51,23,-1
rua||ivone alcici|promissao ii|33230420|10,-1963032,-4391002;20,10,-8;26,1,2;30,12,0;32,5,-9;35,-18,5;45,4,1;55,5,-8;65,25,-5;75,14,0;85,-5,-7;90,7,3;97,-1,-10;100,8,10;107,2,-16;110,15,4;111,-1,-5;115,6,-2;140,47,-15;150,13,-13;155,-3,-1;172,-27,11
rua||izidio arruda|lapinha|33242000|35,-1956993,-4395555;50,4,15;66,23,11;106,12,11;127,44,28;141,20,9;167,-51,-32;175,90,72;197,-188,-108;315,283,127
rua||i|condominio gran royalle|33237022|492,-1966815,-4385248;510,-5,-50;530,-1,2;550,0,31;600,12,65;640,-4,23;680,7,39
rua||i|condominio gran royalle|33237024|50,-1966585,-4385638;90,-26,11;105,-13,19;125,-14,10;165,-38,20;190,3,-6;245,-54,68;260,16,-25;285,-26,55;305,-14,2;320,13,-19;325,-27,53;345,-5,22;375,-23,11;395,6,38;475,-30,77;515,12,34;535,11,24;625,-10,67;665,-7,52
rua||i|sobradinho|33230236|5,-1961968,-4389391;10,308,-211;15,-285,202;20,828,-588;30,-480,1014;36,499,-1029;45,-857,582;46,834,-556;75,1,62;81,1,5;85,-814,464;95,0,-13;101,1,-5;105,816,-472;109,-9,-3;115,-800,466;125,6,-12;135,0,-10;145,7,-15;150,933,-430;152,15,-11;160,-4,-1;162,8,-5;170,4,-1;172,11,-14;180,-426,198;182,441,-196;235,-907,389;245,-71,78;255,84,-85;257,8,0;275,16,-2;285,2,-6;290,14,4;305,130,-30;375,-73,0;385,15,-2;455,60,-14
rua||i|trilhas do sol|33230712|5,-1961165,-4389847;45,5,-1;55,50,-18;75,37,-17;77,-11,6;125,35,-20;135,25,-13;137,2,-6;141,7,-8;143,5,-4
rua||i|trilhas do sol|33230724|145,-1960956,-4389966;147,9,-9;165,-18,1
rua||jaboticatubas|varzea|33233016|45,-1964174,-4388398;46,-33,7;48,0,8;58,-9,8;73,-15,15;76,2,-1;77,-10,8;82,11,-3;84,-17,9;85,5,-7;92,-14,4;109,-5,4;110,-22,-2;120,11,7;136,-12,-22;154,-17,17;195,-20,6;263,-31,6;267,4,-19;280,25,18;286,-2,-12
rua||jacarandas|acacias|33230780|10,-1960444,-4390544;36,2,120;146,-5,-54;156,1,-54;176,9,-31;186,-18,-23;216,3,-38;226,10,-6;236,4,-11;246,-6,-5;276,0,-41;286,-6,4
rua||jacaranda|aeronautas|33236406|20,-1966705,-4388370;22,3,0;25,-16,-11;30,18,7;35,-6,-4;45,15,-6;50,14,2;54,1,-2;55,-6,1;60,15,-2;64,3,-3;65,-2,-8;70,12,2;75,-7,-1;76,2,7
rua||jacinto machado|varzea|33233010|10,-1964568,-4388370;20,3,24;35,33,34;48,-32,-22;60,24,20;64,12,13;65,19,7;66,-14,-7;72,17,17;75,14,5;150,-3,5;158,6,10;162,6,-1;163,1,-1;172,5,17;175,32,6;180,-20,1;184,10,7;188,-10,1;200,22,6;218,13,6
rua||jair goncalves bastos|jardim ipe|33239800|15,-1965205,-4390814;25,9,-15;54,6,-9;63,3,-9;64,15,-17;75,-12,15;88,16,-17;100,-1,-14;112,14,-16;115,-10,14;125,6,-22;126,7,-6;135,2,-11;136,-1,8;145,6,-23;148,2,9;160,5,-6;165,-2,-6;172,4,-1;195,4,-13
rua||jk|praia angelica ii|33236016|60,-1965139,-4390304;70,-8,20;355,1,13
rua||joana darc|santos dumont|33239252|24,-1964387,-4390061;52,94,12;55,-31,3;56,17,4;76,-23,0;80,-21,-5;83,4,3;90,-11,-2;119,-17,-3;120,1,4;121,23,4;123,-35,-12;125,37,11;126,-70,-72;128,44,43;129,-20,17;130,18,-20;132,-8,-9;133,-6,10;135,1,-8;139,1,-5;151,-4,-4;163,-7,-6;183,-11,-21;193,-19,7;197,-5,2
rua||joana de abreu|novo santos drumond|33236210|6,-1965164,-4388100;90,-31,16
rua||joana fernandes afonso|conjunto vila maria|33230826|20,-1960005,-4390494;22,13,26;25,-7,11;34,20,-18;35,-23,-6;44,-1,-8;66,3,-27;130,-19,-53;135,-7,-12;140,2,-1;143,-2,0;145,-1,-13;150,3,5;155,-2,-11;160,-2,2;165,-2,-9;170,0,8;175,-4,-21;180,4,9;185,-6,-26;190,7,10;195,-10,-16;200,8,13;205,-3,-26;210,-1,13;215,-6,-27;225,-6,-7;230,8,8;235,4,-23;240,-5,16;260,1,-10
rua||joana fernandes|varzea|33233086|30,-1963129,-4388754
rua||joao adriao gomes|varzea|33233114|35,-1963762,-4388259;45,-2,4;47,14,-12;55,-6,18;65,2,7
rua||joao amancio ferreira|bela vista|33239176|20,-1963880,-4391256;44,-32,289;56,5,-17;65,-2,23;68,2,-23;80,0,-12;92,4,-5;104,0,-13;165,9,-155;169,4,-14;170,-1,2;172,3,-1;175,-3,-10;180,4,-3;185,-2,-2;195,-10,43;197,-6,41;205,0,-9;229,2,96;230,21,-214;232,-3,-42
rua||joao batista alves|centro|33230365|4,-1962976,-4390396;22,11,-4;26,29,-16;34,-7,1
rua||joao batista alves|lundceia|33230365|380,-1963037,-4390389;381,9,11;391,-9,-3;392,-14,-9;405,-1,7;412,-27,-9;415,19,9;422,-24,-4;425,6,3;432,-14,-4;435,4,2
rua||joao batista alves|promissao iii|33230365|15,-1962968,-4390406;23,16,-7;25,-2,-2;35,12,-5;42,45,-29;95,-17,9;105,10,-8;115,3,-13;125,6,-22;140,21,-21;145,-2,-12;155,13,-19;156,1,6;158,11,-14;200,8,-24;216,8,-8;222,20,-27
rua||joao batista de assis|francisco pereira|33236273|155,-1965376,-4387790;165,-2,1;175,-25,19;185,22,-11;187,-39,21;219,-33,26;243,-7,8
rua||joao batista de assis|francisco pereira|33236322|305,-1965518,-4387705;365,-102,40;367,-15,1;369,0,0;371,-9,5;373,-3,1;375,-7,8;385,-22,7
rua||joao batista de assis|francisco pereira|33236352|695,-1965818,-4387595;705,2,-5;715,-1,9;745,-40,12;755,-1,9;765,-22,14;775,-21,-5;785,14,-6;805,-44,26;815,-24,7;835,-14,6;845,-16,-1;855,-4,5;857,-8,11;877,-23,1;905,-33,3;985,-179,4
rua||joao batista de assis|lagoinha de fora|33233096|1000,-1966311,-4387400
rua||joao batista de assis|lagoinha de fora|33239304|2323,-1967048,-4386883;2325,11,21
rua||joao batista de assis|novo santos drumond|33236322|408,-1965681,-4387823;508,13,170;3352,314,-149
rua||joao batista|varzea|33233018|66,-1964230,-4388494;90,-1,21;100,2,11;126,-3,16;133,-1,18;137,-1,2;138,3,-10;141,0,18;148,-8,3;150,2,12;151,-15,9;158,3,3;163,11,-3;168,-4,12;173,4,-8;183,-6,6;188,3,2
rua||joao bento guimaraes|por do sol|33231026|77,-1960332,-4390848;80,5,-12;87,2,-4
rua||joao bruzaferro|sobradinho|33234128|120,-1960772,-4389331;165,10,34;175,-14,-59;210,-10,-35;225,23,106;315,-62,-184
rua||joao buzaferro|vale dos sonhos|33234520|90,-1960761,-4389320;100,-9,-62;120,8,52;180,-16,-56
rua||joao da costa|lagoinha de fora|33234600|62,-1968393,-4385020;76,-20,26;110,-46,12;120,-30,-5
rua||joao da costa|lagoinha de fora|33239304|68,-1967277,-4383170
rua||joao da costa|lagoinha de fora|33246000|15,-1968335,-4385008;18,3,-11;20,74,19;37,-110,25;83,-48,-15;95,-16,10;123,-61,8;127,-11,10;145,8,-13;148,-33,44;155,-9,14;160,-11,19;170,-20,10;173,19,-1;175,-19,11;180,-25,3;185,0,14;187,-6,-8;190,-22,6;200,-11,6;226,-40,15;254,-26,9;270,-31,29;282,-26,41;283,-1,-5;286,-9,8;292,-2,16;304,-76,-16;316,73,60;325,5,50;326,-5,-27;330,-21,9;333,19,14;334,-7,-14;337,6,11;340,-68,-98
rua||joao de carvalho|recanto da lagoa|33236112|35,-1965141,-4388310;179,107,-308;190,-57,132;240,27,-86;249,-20,25;269,11,-17;350,47,-112;355,-17,31;360,25,-46;369,-13,15;389,6,-9;429,19,-44;439,25,-39;444,-2,-9;460,10,-17;480,5,-18;490,18,-32;501,-5,6;525,19,-40;530,1,2
rua||joao de paula pereira de carvalho|santa helena|33230890|115,-1960904,-4390548;120,8,-27;125,-8,12;130,7,-22;135,-3,2;140,-5,-28;145,3,9;150,-7,-15
rua||joao domingos pereira|varzea|33233068|30,-1963692,-4388423;40,5,5;41,-4,-3;45,16,-3;47,10,3;50,-9,1;53,13,-9;56,-2,11;70,19,1;80,17,7;85,2,-10;115,14,3;120,-7,15;130,0,11;140,24,-9
rua||joao francisco avelar|lapinha|33242000|30,-1956483,-4394369;56,-13,-128;66,-1,33;68,27,34;69,-39,-38;70,9,-19;80,4,-7;94,11,-18;99,-25,28;105,-66,0;150,84,-98;185,-58,130;211,16,27;265,40,24;290,-2,51;292,4,13;294,-127,44;295,135,-51;300,-57,31;320,59,2;325,12,0;331,-2,1;333,5,1;337,-3,4;350,18,52;473,25,34;487,-75,-178;1082,-231,-344;1092,17,2;1094,3,45;1096,22,13;1105,17,-17;1134,6,26;1148,-4,13;1151,9,4;1160,-1,7;1161,7,20;1171,4,10;1180,-3,-4;1185,29,20;1190,-44,33;1208,21,-36
rua||joao goncalves da silva|vila rica|33234726|57,-1959459,-4390777;207,-45,20;217,-20,11;222,-53,26;224,-34,20;230,25,-16;234,-34,18;242,12,-6;252,112,-54;260,-124,64;272,-12,6;287,-6,-2;297,-33,63;327,-44,-26
rua||joao machado|promissao|33230312|25,-1962627,-4390141;50,42,-23;66,-6,-37;70,11,24
rua||joao paulo ii|acacias|33234178|10,-1960228,-4390390
rua||joao paulo ii|vale verde ville|33234178|45,-1960370,-4390159;80,-50,69;109,19,-18;120,-59,102;300,81,-169;304,13,29;369,-62,87;371,1,28;373,-1,-2;375,-12,-1;420,-19,-35;450,25,5;460,48,-78;470,-13,28;480,14,-26
rua||joao pereira|centro|33230230|155,-1962102,-4389417
rua||joao pereira|centro|33234570|243,-1962085,-4389408
rua||joao pereira|sobradinho|33230230|9,-1962251,-4389515;14,12,24;20,-4,-4;25,10,-14;30,225,128;40,-223,-107;46,6,2;49,19,-7;64,-3,18;76,8,3;90,7,4;96,2,4;100,8,4;103,3,-6;115,14,5;160,31,27;254,63,38;264,5,6;274,15,4;284,10,8
rua||joao pessoa|santos dumont|33239200|582,-1964263,-4390624
rua||joao pinheiro|vila pinto coelho|33230291|5,-1962780,-4389549;9,2,-9;11,0,0;17,0,5;18,20,-33;23,-15,32;29,4,0;43,6,-18;59,98,-100;257,59,-38;260,-5,15;269,1,-13;270,11,-2;280,-1,2;283,7,-8;290,2,2;294,10,-8;300,5,-2;312,0,0;380,44,-38;385,1,-6;392,2,-5;395,11,-10;410,10,0;417,5,-4;430,10,-8;445,26,-28;480,7,-1;490,10,-10;500,7,-6;505,-6,0;639,60,-51;640,6,1;642,2,-1;652,8,-4;655,-4,2;682,31,-27;695,6,-11;697,17,-12
rua||joao pinheiro|vila santa cecilia|33230291|102,-1962727,-4389600;114,7,-4;130,12,-8;176,9,-11
rua||joao tome fernandes|varzea|33233038|47,-1963828,-4388573;57,-1,-17;84,5,-27;94,3,-9;104,-3,-3
rua||joao xxiii|centro|33230127|100,-1962654,-4389021;108,8,29;146,21,-30;160,21,7;218,49,-3;260,26,-7;268,17,-7;280,9,-4;328,38,10;331,5,-21;344,12,20;378,29,6;384,14,2;400,9,2;403,-4,-3;408,18,11;420,15,-4
rua||joao xxiii|lagoa santa|33230127|22,-1962736,-4389008;34,13,2;51,2,-12;54,11,10
rua||joao xxiii|luiz toledo|33230127|95,-1962650,-4389035;111,8,20;195,69,-15;253,14,0;271,43,-9;285,14,-3;295,14,-4
rua||joaquim alves de moura|recanto da lagoa|33236050|10,-1964867,-4389166;49,-10,-30;61,26,17;65,2,4;75,7,-5;77,17,-11;95,-5,15;111,22,4;117,2,2;119,9,0
rua||joaquim andre|varzea|33230842|40,-1963044,-4388698;50,2,0
rua||joaquim andre|vila maria 3|33230842|10,-1959653,-4390720;20,7,27
rua||joaquim andre|vila rica|33230842|41,-1959648,-4390720;53,-1,13;61,5,10
rua||joaquim carlos martins|campinho|33234790|335,-1956499,-4391992;345,-11,-11
rua||joaquim carlos martins|campinho|33239304|110,-1956203,-4391778;130,-44,-37;140,1,-3;150,-15,-14;160,-4,-1;175,-6,7;190,-29,-26;195,0,9;200,-12,-25;205,-19,-9;210,-11,-15;225,-21,-3;230,-49,-47;235,37,40;245,-19,-18;261,-10,-9;320,-84,-65;340,-32,-16;370,-30,-13;420,-9,-3
rua||joaquim de paula correa|novo santos dumont|33236092|7,-1964678,-4388784
rua||joaquim de paula correa|recanto da lagoa|33241899|251,-1964853,-4388808;275,36,-50;365,-71,-36
rua||joaquim de paula pereira carvalho|por do sol|33231002|25,-1960555,-4390788;26,-3,5;30,-16,-2
rua||joaquim de paula pereira de carvalho|por do sol|33231002|100,-1960606,-4390781;126,-24,5;148,-17,0;172,-16,6
rua||joaquim de paula pereira de carvalho|vila maria 2|33231002|160,-1960688,-4390774;194,-3,-5;198,-14,13;210,-22,5;220,1,-7
rua||joaquim eleoterio|palmital|33230064|100,-1958206,-4391214
rua||joaquim eleoterio|palmital|33234610|125,-1958161,-4391190;154,134,44;156,-31,-27;158,9,21;165,-20,-14;168,29,34;180,-6,-4;200,-27,54
rua||joaquim goncalves da silva|promissao|33230326|180,-1962283,-4390004;231,13,18;280,-15,-22;285,4,5;300,-14,-15;311,-4,3;318,-4,-6;323,-15,0;326,12,-8;332,-17,-9;333,-4,3;343,-10,-7;354,16,-6;364,-23,-6;370,1,1;374,-3,-9;379,1,11;383,-14,0;387,-8,7;390,19,-13;400,-21,-18;401,-5,7
rua||joaquim goncalves da silva|vila pinto coelho|33230326|64,-1962131,-4389908;75,12,1;78,-19,-5;87,-21,1;90,24,-7;91,-30,6;103,-7,-8;108,26,12;111,-87,-58;112,53,33;122,-7,-6;138,-4,8;139,-2,1;141,7,-10;167,-19,-2;170,-11,-10;177,3,4;182,41,29;187,-47,-35;192,-16,-17;196,7,9;205,-1,4
rua||joaquim hilario fernandes|lagoinha de fora|33233030|71,-1968778,-4384856;83,-20,-4;93,-23,-46;181,-13,-23
rua||joaquim hilario fernandes|lagoinha de fora|33234520|61,-1968769,-4384848
rua||joaquim hilario fernandes|lagoinha de fora|33246000|98,-1968800,-4384892;290,-28,-33
rua||joaquim paula carvalho|por do sol|33231002|23,-1960623,-4390772;31,39,-4;45,-10,7;65,-6,-4;77,-24,5;117,5,-4;125,-36,5;127,-2,3;129,-10,-1;135,-3,-1;155,-9,-1;165,-9,-3;175,-16,5;203,3,-3;215,-16,12;217,7,-3;225,-19,2;238,31,-6;239,-40,6;249,-18,2;260,-4,-29;261,-4,30;285,-21,-3;307,-25,6;317,-9,0;321,-34,40;387,-49,-24;397,-11,2;417,-15,21;437,-14,-17;439,-6,2
rua||joaquim roberto de paula|lapinha|33242000|26,-1957020,-4395476
rua||joaquim viana|vila santa helena|33230762|27,-1960925,-4390455;37,9,12;49,8,18;2400,-19,-33
rua||jorge francisco|varzea|33233066|10,-1963685,-4388504;20,10,8;58,14,6;63,17,7;65,-2,1;66,-5,0;70,7,2;74,13,9;75,5,-5;87,5,5;104,-5,-3;108,10,7
rua||jose a da silva|lagoinha de fora|33246000|29,-1968791,-4384927;72,54,-48;88,3,3;119,19,-58
rua||jose alcici|acacias|33230768|35,-1960574,-4390526;45,11,-9;55,19,-12;75,18,-11;77,6,5;79,6,-9;85,6,-3;87,8,-7
rua||jose alcici|vila santa helena|33230768|5,-1960784,-4390417;11,10,-4;15,2,0;22,192,-101;30,12,-6;40,15,-8;64,22,-9;88,20,-14;223,-193,100;320,48,-20
rua||jose alcides de matos|centro|33230064|30,-1962974,-4389419;58,-38,25;65,-2,6;70,-6,2;80,-5,1;86,-6,8;98,-6,0;100,-8,12;139,-16,19;429,137,-219
rua||jose alves teixeira|recanto da lagoa|33236110|30,-1964899,-4388721;85,26,-46;90,17,-47;164,-46,92;180,-11,15
rua||jose avelino da silva|santos dumont|33239312|10,-1964737,-4390552;28,13,-10;30,4,-20;44,1,2;110,20,-56;120,3,-13;122,0,-1;124,0,0;140,4,-11;146,0,-1;154,18,-59;172,-3,16;188,1,-12
rua||jose avelino|santos dumont|33239312|9,-1964730,-4390556;13,0,-6;25,6,-19;47,6,-7;51,-1,-7;53,-5,-5;55,10,0;59,-1,-7;103,11,-34;121,2,-4;129,5,-19;135,6,-7;151,0,-13;171,7,-21;187,5,-18;211,8,-22;221,2,-6
rua||jose barbosa de faria|sangradouro|33242000|266,-1958043,-4393827;275,31,71
rua||jose bispo lisboa|por do sol|33231040|131,-1961173,-4391226;133,16,9;141,4,1;143,2,2;150,-34,-24;151,42,31;175,19,13;197,19,14;207,1,5;237,36,26;247,3,3;260,-2,-3;271,17,14;275,15,9;277,7,6;289,16,6;327,13,16;337,17,2;347,8,0;351,5,2;367,19,6;377,10,2;387,7,2;417,34,15;457,46,13;467,-1,0;487,27,9;497,12,3;507,15,0;815,268,89;825,0,0;835,15,4;845,5,5;850,13,11;855,1,-9;860,9,10;865,8,-2;875,2,1;899,29,7;907,3,7;935,9,3;945,12,1;957,6,3;965,21,7;975,2,0;983,14,3;985,5,1;995,4,4;1000,26,11;1005,-17,-7;1015,19,3;1045,32,12;1055,9,4;1065,6,4;1075,16,2;1105,12,1;1109,9,9;1115,21,1;1175,18,8;1185,0,3;1187,11,4;1190,1,3;1200,11,4;1215,11,-2;1220,16,13;1225,-9,-11;1230,14,15;1235,-6,-12;1240,19,15;1245,-6,-11;1250,20,16;1255,-11,-13;1265,9,6;1270,21,17;1275,-9,-14;1285,10,5;1292,14,11;1295,3,-5;1298,31,17;1300,-18,-10;1330,32,7
rua||jose bispo lisboa|vila maria 2|33231040|1301,-1960088,-4390800;1320,29,14
rua||jose bispos lisboa|por do sol|33231040|140,-1960720,-4391005;565,-70,-30;575,28,8;585,7,5;595,12,2;605,9,3;615,11,5;640,16,5;645,14,4;650,21,11;655,-9,-10;660,21,17;677,1,-12;687,11,3;695,9,0;704,22,15;705,-4,-12;710,3,8;715,3,-8;725,11,5;735,11,-1;755,4,10;765,13,2;767,-4,5
rua||jose cristino leite|residencia lagoa santa|33239014|3,-1963095,-4391016;20,-1,-5;23,-1,6;30,-9,-18;33,6,12;40,-5,-10;43,1,-4;50,-30,-45;60,21,37;65,3,0;70,-30,-48;73,29,43;80,-5,-18;83,-1,16;90,-7,-17;93,0,9;97,-4,-13;99,2,-2;100,0,-5;101,1,-6;107,-10,-2;110,3,0;113,-7,-11;120,2,9;130,-8,-3;140,1,-13;145,-2,12;150,0,-16;155,0,1;160,-8,-11;165,6,4;170,-7,-11;175,1,7;180,4,15;185,-7,-22
rua||jose da cunha|palmital|33234290|14,-1959167,-4389962;24,-15,5;45,16,-8;125,-59,49;155,-60,35;165,-12,11;180,-3,-15;185,-1,22;197,0,-4;207,-12,17;217,-13,1;370,1,-3;540,10,-3;546,-555,-15;554,-16,-1
rua||jose de abreu primo|recanto da lagoa|33236044|20,-1965135,-4389143;35,-22,22;65,-2,5
rua||jose de magalhaes pinto|conjunto ovidio guerra|33239408|10,-1964648,-4390780;144,141,-469;250,-85,310;426,56,-220;470,47,-80;502,-17,-26;504,15,-12;526,-6,-10;536,5,8;564,10,-18;605,76,-121;645,-22,14;647,2,1
rua||jose de moura correia|vila pinto coelho|33230276|5,-1962261,-4389818;18,-84,-69;21,82,107;29,-27,-16;33,-67,-104;44,12,13;55,-11,-14
rua||jose dias de souza|varzea|33233076|63,-1963422,-4388501;67,-24,22;73,-29,47;79,27,-36;83,-23,18;89,14,-3;90,-15,-23;98,-4,47;112,-20,21;122,-2,8;143,13,-18
rua||jose e maria nascimento|nossa senhora de lourdes|33241899|35,-1965210,-4387480;45,5,7;75,26,15;85,24,19;95,7,7
rua||jose egidio|santos dumont|33230025|30,-1963474,-4389896;56,-18,-10;58,6,3;84,-22,-27
rua||jose erotildes ribeiro|conjunto ovidio guerra|33241899|9,-1964367,-4391269;20,-10,14;30,-7,6;40,-9,23;45,18,-20;50,-12,30;55,551,-422;66,-553,418;75,-1,24;76,-7,5;86,-18,-3;96,12,21
rua||jose fernandes|campinho|33234757|29,-1957370,-4391964;49,4,32;51,-2,4
rua||jose fernandes|lapinha|33234757|20,-1957372,-4391940;44,2,-4;50,4,21;51,8,4;56,2,-6
rua||jose guido trindade|joa|33233244|8,-1964627,-4387171;15,75,-85;18,-101,85;20,112,-151;25,-14,73;28,-124,72;35,132,-87;38,-148,84;45,132,-61;48,-151,55;58,-9,-4;65,133,-17;75,-18,22;85,-3,5;95,-30,35;115,-32,41
rua||jose jovino de melo|sangradouro|33242000|3,-1958324,-4393630;11,54,65;14,210,253;15,-313,-375
rua||jose marcos filho|promissao iii|33230382|19,-1962900,-4390498;29,-2,-9;39,-4,-2;44,-5,-24;47,-3,10;56,0,-10;67,-1,-1;79,-8,-19;80,7,4;83,-10,-1;86,7,-8;99,-24,0;100,16,-15;121,-11,0;130,10,-2;134,-6,-11;135,-5,3;140,1,-11;143,-7,-3;150,-5,-15;153,4,4;160,-10,-12;165,4,8;185,-13,-25;200,10,12;210,-6,-17
rua||jose maria de carvalho|francisco pereira|33236254|30,-1965164,-4387692;95,-94,-78;163,80,48;170,34,42
rua||jose nicolau|nossa senhora de lourdes|33233210|268,-1964930,-4387503;270,-7,9;278,1,-4;288,-3,14;323,5,4;326,-13,4;346,-4,10;358,-5,13;373,0,19;374,1,-16;383,-7,28;455,-14,42;475,-4,10;485,-5,8;488,-8,-2;495,3,17;498,-7,-6;508,-7,17;515,9,-1;536,-16,16
rua||jose nicolau|varzea|33233210|10,-1964871,-4387655;11,19,-32;13,-3,3;20,-21,39;23,9,-7;30,-11,13;40,-7,11;42,-6,3;52,0,13;170,-8,27;180,1,1;190,-12,19;200,1,1;210,-5,8;220,-2,7;229,22,-42;230,-23,48;234,1,-34;237,17,3;241,-5,12;253,-7,17
rua||jose pinto|centro|33230174|110,-1962334,-4389310;150,29,20;160,5,-4;162,8,10;180,15,4;182,11,8;184,5,-2;190,15,13;220,23,21;230,6,-2
rua||jose pinto|centro|33230220|57,-1962373,-4389346;65,8,-2;75,7,3;81,-1,11;95,16,7;99,-1,5;121,12,13;131,12,4;141,18,7;145,-2,-2;151,9,12;175,29,14
rua||jose pio|lapinha|33242000|40,-1956658,-4394590;50,-24,22;57,2,31;100,-32,17;120,-21,15;150,-49,21;170,-40,20;180,-25,4;190,-7,2;213,103,61;223,-94,-53;245,4,-1;330,-94,-2;390,-7,2;440,-126,54;450,-4,-2;490,-34,4;621,-81,-14;625,8,3;645,-23,-11;655,-12,-15
rua||jose projojenes|lagoinha de fora|33230001|40,-1968594,-4384632;48,3,5;60,-7,21;70,-8,8;80,6,15;90,-4,9;94,-12,11;102,10,11
rua||jose projojenes|lagoinha de fora|33234570|85,-1968616,-4384657;89,16,89;92,8,-51;95,-3,19;107,-5,13;113,4,2;117,7,5;119,-3,14;125,-6,16;143,-10,-1
rua||jose salomao filho|centro|33230079|445,-1962738,-4389498;455,6,19
rua||jose salomao filho|vila pinto coelho|33230079|259,-1962618,-4389607;261,-1,5;263,-1,0;265,-2,2;267,-3,1;269,-3,3;283,-5,1;285,-4,-1;287,-1,3;289,19,-7;307,-27,21;319,-13,5;329,-7,4;337,-2,1;339,0,9;341,-1,0;343,28,-28
rua||jose salomao filho|vila pinto coelho|33230285|69,-1962458,-4389722;70,-1,-3;79,-6,4;80,-7,2;87,-7,8;89,-4,4;90,3,-7;94,-4,5;100,-7,1;110,-7,4;117,4,1;122,-21,9;199,62,-33
rua||jose salomao filho|vila santa cecilia|33230079|169,-1962529,-4389679;170,-52,44;181,46,-36;190,-46,26;191,39,-15;196,-21,5;206,6,-9;207,-19,26;220,29,-31;225,-35,37;227,-9,1;284,-49,40;294,-9,4;308,-13,13;366,-7,5;386,-14,17;398,-24,16;412,-10,8;420,-1,4;428,-7,5;440,-10,10;446,-3,5
rua||jose viana de matos|centro|33233540|116,-1962577,-4388788;122,-6,4;123,2,0;128,3,20;137,5,7;160,-6,12;170,0,-1;190,3,5;368,-48,1
rua||jose vital|conjunto vila maria|33230838|20,-1960048,-4390542;21,163,-58;25,98,-22;45,-13,7;73,-20,-3;83,-12,10;107,-26,6;117,-8,6;125,-170,50;135,150,-44;160,-10,-4;161,0,13;170,-17,-7;173,6,9;187,-17,-6;197,-4,3;201,-23,5;203,-1,-4;207,-13,9;211,0,0;217,-10,4;221,-4,1;237,-10,11;250,2,-13
rua||jose vital|vila maria 3|33230838|30,-1959792,-4390630;40,-2,9;60,-43,6
rua||josefina goncalves silva|palmital|33234360|15,-1959210,-4389878;20,-4,22;26,4,95;35,-3,-133;51,0,39;165,-4,46;170,6,51;175,-13,-52;185,5,4;196,7,47;255,-75,51;275,-11,6;300,43,-31
rua||josefina viana|centro|33230082|27,-1962848,-4389172;35,-9,9;66,-79,60;96,25,-33;99,5,4;100,8,7;103,-10,-7;104,12,-12;113,12,-6;135,22,-15;153,6,-4;155,-6,-5;157,6,6;161,21,-25;163,-146,126;175,141,-114;177,-3,3;220,-113,89;221,-9,-4
rua||josino rodrigues|varzea|33233056|23,-1964011,-4388153;26,-2,-3;29,9,14;30,-9,-6;34,-8,21;46,20,-3;48,-13,9;54,17,0;60,1,15;64,-16,21;67,22,-30;68,-1,6;74,1,9
rua||juca alves|campinho|33234742|30,-1957604,-4391651;38,13,22;44,-3,20;56,6,14;60,5,-56;80,8,-4;155,-44,9;157,2,-6
rua||jucelino mendes|lapinha|33242000|22,-1957574,-4394105;26,-2,-4;30,0,18;40,18,-13;50,6,0;75,8,-11;83,2,-31;85,6,34;90,5,7
rua||julieta alvarenga|centro|33230031|10,-1963295,-4389495;33,73,114;58,-5,-11;68,-9,-11;69,-16,-23;70,3,-2;114,-9,-13;142,-30,-42;146,22,29;170,-28,-58;269,-6,6;279,-24,-36;325,-10,-20;330,19,21;335,-23,-26;340,4,-8;347,-3,5;400,-6,-23;430,-12,-32;440,-9,-6;482,-17,-27;484,0,0;490,-7,-15;495,7,21;504,-14,-27;516,-5,-10;522,-14,-5;526,8,-5;528,-8,-1;530,38,-13;567,-72,-14;600,-2,-13;609,-8,6;620,-14,-29;637,-18,-9;640,4,-5;650,-6,-7;651,-16,-5;818,244,363;842,-8,-16;864,-2,-20;906,-26,-32
rua||julieta alves da silva|varzea|33233112|34,-1963712,-4388361;46,14,7;60,12,7;80,16,10;110,0,29
rua||julio clovis lacerda|campinho|33234748|41,-1957580,-4391838;48,6,-6;51,-7,-7;56,5,-5;76,-4,-13;77,-4,0;92,10,-20;103,-17,-28;104,8,14;110,-4,-19;111,-6,-6;123,-2,-12;133,2,-9;145,-5,-52;150,10,60;155,-10,-75;165,12,26;166,-3,42;170,0,-13;175,14,-28;180,-16,8;185,35,-11;189,10,4;195,1,0;196,-45,-38;198,43,40;205,11,-6;208,10,7;218,-3,6;220,5,9;238,15,-2;248,0,-7;258,11,-5
rua||julio verne|aeronautas|33236462|27,-1967084,-4388990;50,-198,67;52,186,-508;75,8,23;85,0,18;87,1,-3;95,0,8;105,-1,7;116,-3,-10;125,4,30;126,-5,-5;130,-190,435;145,196,-406;146,-11,-2;147,13,20;148,-7,-13;165,15,72;168,-14,-60;175,10,43;178,-8,-34;185,4,43;187,-3,13;190,-3,-44;195,13,54;202,-19,-46;214,8,17;226,1,18;240,-5,10;260,2,22;280,3,27;287,0,0;300,-2,17;307,4,10;323,-23,-5;326,16,6;345,11,46;355,2,19;360,-8,8;361,5,-8;397,4,40;409,-1,12;425,1,5;430,-7,1;435,9,19;445,0,3;454,-10,11;455,8,5;464,-5,-3;465,6,20;535,2,14;590,-10,44;600,3,13;601,5,-19;610,-2,41;611,7,-9;618,-9,6;620,6,15;621,8,-6;627,-5,19;631,-3,-23;680,-7,28;681,8,23;682,-4,-10;684,-1,6;713,21,33;723,4,7
rua||juquita de bastos|bela vista|33239198|25,-1964064,-4390447;45,40,-30;75,-15,10;120,-31,4
rua||juquita de bastos|santos dumont|33239198|100,-1963984,-4390635;123,-61,128;300,72,-132;315,-50,81
rua||juvenal batista|conjunto vila maria|33230830|15,-1959925,-4390604;25,3,-9;30,-2,-9;35,-5,0;40,5,-10;45,-7,-2;50,3,-7;55,1,22;60,-3,-26;65,-4,-5;70,0,-7;75,-4,-6;80,5,-3;85,-7,-5;95,0,-8;105,-2,-15
rua||j|condominio gran royalle|33237028|130,-1966594,-4385528;195,-69,90;235,-22,34;240,8,-18;295,-29,79;330,-3,-13;385,-2,108;405,34,4;410,-74,-34;430,29,2;445,12,64;465,3,34;470,-5,-36;510,13,36;530,-5,9;550,4,32;570,8,26
rua||j|conjunto residencial lagoa santa|33241899|10,-1962918,-4391308;20,-9,22;30,-8,0;40,-5,5;60,-20,9;62,-1,19;70,-11,2;90,-23,1;92,-1,6;100,-8,6;110,-6,6;120,-6,2;130,-11,9;150,-12,8;190,-48,23;202,-2,3;210,-16,13;220,-12,8;230,-1,2;240,-11,4
rua||j|novo santos drumond|33241899|13,-1965358,-4388210;65,-21,22;80,-264,-114;90,2,12;95,238,132;127,-25,12;130,-208,-71
rua||k|condominio gran royalle|33237030|40,-1966599,-4385463;43,63,9;60,-50,-2;65,22,16
rua||k|conjunto residencial lagoa santa|33241899|5,-1962868,-4391207;15,-3,-9;25,-11,-16;35,4,2;45,-5,-6;55,-1,-6;65,-7,-6;75,-4,0;85,-7,-13;95,0,-5;105,-1,-9;115,-6,-8;125,-2,-6
rua||k|lundceia|33239102|1151,-1962889,-4391255
rua||laci sales viana|santos dumont|33239274|30,-1964857,-4390302;31,3,-10;35,9,15;40,-6,9;45,7,4;47,8,1;50,-12,3;55,9,5;60,-9,5;66,12,3;79,17,-5;80,1,5;83,-33,-43;87,40,33
rua||lagoa santa|francisco pereira|33236286|40,-1965424,-4387166;50,-22,-7;60,-2,0;70,-4,4;74,-7,0;84,7,0;85,-6,9;88,-14,-3;90,-5,0;94,-3,-4;95,14,5;104,-19,-6;110,-6,12;114,0,0;115,10,-1;120,83,-37;125,-100,34
rua||lagoa santa|joa|33233172|15,-1964566,-4387113;35,-5,9;125,3,67;160,-10,53;170,-1,17;180,-1,-6;181,-1,-10;194,-2,22;195,10,-1;209,0,8
rua||lagoa santa|lapinha|33233252|75,-1957875,-4394145;77,-272,-315;87,-8,-14;95,218,179;97,-220,-181;355,150,145;401,-45,45;431,-13,-31;435,-13,0;439,-4,-2;443,-12,3;445,-12,0;453,-31,0;463,28,-3;477,-18,-28;487,6,-23;613,16,-91;619,-22,-46;623,-8,-1;677,17,-17;705,-7,-24;715,-3,-29;801,-20,-46;811,-6,-28;1209,108,-390;1978,421,-470;2004,11,1;2122,98,15;2134,23,-17;2140,-18,0;2146,39,-2;2150,0,0
rua||lagoa santa|lapinha|33242000|250,-1957902,-4394252;266,-8,-14;510,-187,-103;522,-1,-19;554,2,-15;558,-1,-15;570,0,-7;604,0,-33;622,-6,-24;654,-8,-24;676,-2,-20;704,-12,-7;714,3,-36;730,-25,-67;860,-20,-48;900,-11,-27;980,17,-98;1054,40,-63;1168,37,-72;1250,49,-82;1355,41,-113;2001,379,-392
rua||lagoinha de fora|francisco pereira|33236280|105,-1965813,-4386562;410,16,-2;500,-48,-1;510,-5,-5;520,-5,5;530,-12,-5
rua||lavras|conjunto ovidio guerra|33239446|50,-1963645,-4391750;60,-4,-4;70,-16,0;80,-5,-2;81,-13,11;84,9,-10;94,-18,0;95,-1,3;98,-1,-6;99,-9,8;171,-58,-14;176,1,2;183,-13,0;186,7,-3;187,-9,5;190,3,-8;199,-18,6;203,-3,0;204,6,-8;213,-16,6;216,0,-9;217,-13,7;220,12,-5;225,-14,3
rua||lecy lobato|conjunto ovidio guerra|33239400|106,-1964417,-4391162;115,-27,4;155,61,-8;165,-62,8;175,90,-9;205,-5,0;225,15,1
rua||legionarios|vila pinto coelho|33230273|31,-1962210,-4389780;41,-47,-41;42,8,6;54,24,22;64,-11,-13;67,2,8;142,-37,-37;152,-2,-2;162,-13,-9;172,-2,-1;180,-17,-11;186,-9,-8;190,-11,-6;200,-7,-9;226,-16,-9;240,-7,-8;270,-19,-18;280,-9,-3;281,-8,3;285,-1,-7;302,1,-4;305,-8,-3;314,-10,-12;340,-6,-7;350,-15,-13
rua||leonardo da vinci|aeronautas|33236458|19,-1967023,-4389468;29,-12,11;40,10,16;45,0,-2;50,-2,6;55,6,6;65,-12,7;70,3,19;75,1,-6;80,9,-8;85,-9,18;87,12,7;90,-19,3;95,12,-3;97,0,9;100,-4,4;114,6,98;120,1,8;130,2,-167;145,0,113;164,-8,3;193,12,50;205,2,15;214,-20,-37;215,15,46;225,1,-10;235,-6,38;245,13,7;264,-15,-4;274,-2,0;277,9,13;284,-8,1;295,11,24;300,-13,2;305,10,14;325,0,2;382,1,41;390,1,18;400,-4,16;405,8,9;415,0,14;416,-9,-17;426,1,10;430,7,26;433,-4,4;440,0,5;448,0,1;450,2,27;455,5,-15;460,-9,16;469,4,-9;472,-8,28;479,8,-3;490,0,14;580,0,19;600,0,33;605,6,14;610,-7,6;625,0,-2;630,2,9;640,-3,12;645,3,7;655,0,9;660,0,11;670,1,5;671,-2,2;673,3,12;675,-1,1;685,4,15;690,-10,1;695,10,10;700,-8,-5;710,3,18;753,1,15;755,1,32
rua||leontino batista|varzea|33233022|29,-1964137,-4388204;64,-33,2;65,23,-2;67,-16,6;73,-12,7
rua||levi pereira da costa|sangradouro|33242000|35,-1958016,-4393920;50,3,-2;60,-7,18;62,9,2
rua||lilas|moradas da lapinha|33231554|15,-1959502,-4391046;25,8,5;40,14,8;42,3,6;45,-10,-10;50,11,17;55,-7,-12;60,10,19;65,2,-14;70,1,13;72,9,8;75,-3,-18;80,2,20;82,5,6;85,-5,-23;90,1,9;95,10,-5;105,10,7;110,1,17;120,0,-8;125,17,9;126,-6,5;130,7,-4;135,8,1;145,8,1;150,-1,10;155,11,-1;160,0,14;175,3,-12;185,10,2;200,7,27;205,4,-15;210,2,13;215,8,-11;225,4,2;229,7,4;230,8,22
rua||lindolfo da costa viana|centro|33233080|705,-1963114,-4387949
rua||lindolfo da costa viana|varzea|33233080|45,-1963147,-4388644;85,23,25;113,-20,15;120,3,-4;123,13,29;141,5,28;153,-1,3;161,2,9;169,1,14;175,1,7;195,7,-2;222,-9,3;225,4,20;233,2,26;255,-8,70;300,-5,-3;327,10,17;339,-4,19;348,-5,12;350,0,12;353,-4,-2;354,6,3;363,6,3;368,-2,-2;370,-8,20;377,4,0;384,2,19;387,2,418;390,-7,-417;394,-1,-8;396,-2,27;404,-5,1;417,13,5;426,-2,10;430,13,18;437,-12,-17;438,-6,30;450,8,0;465,6,3;468,-10,11;480,-5,3;489,8,-8;492,-10,22;494,-1,12;500,0,9;527,4,-9;530,5,34;540,-9,10;550,-1,20;560,11,2;566,7,20;570,-54,-12;580,30,-2;586,26,18;590,-1,5;600,2,5;612,0,22;618,-1,1;628,7,15;634,-13,14;642,9,6;645,10,25;648,-8,0;658,-3,7;670,-2,9;690,-2,20;700,-1,10;706,-5,23;750,4,53;910,0,176;922,-9,-78;930,0,5;940,2,9;941,92,-100;942,-121,135;961,41,-11;971,3,40;1001,7,59;1010,-11,-49;1020,0,12;1030,-3,3;1034,3,13;1038,1,8;1042,4,12;1046,2,-1;1050,-1,17;1255,214,124
rua||lorival de abreu|recanto da lagoa|33236070|15,-1965170,-4389173;35,190,144;40,-14,26;109,29,-61;123,7,-10;130,-55,-87;140,-27,-1;160,-51,-9;165,131,24;170,-142,-30;180,-6,2;190,-31,1;200,-5,0;205,-49,-7;230,-26,-1;250,-22,7;265,-15,19;270,-3,10
rua||lourenco pinto coelho|centro|33230282|101,-1962676,-4390054;104,-2,1;105,0,0;214,2,-1;304,-1,-2;311,-1,1;404,1,-1;446,124,143;456,-11,-12;470,-6,-7;471,7,25;473,-13,-17;500,-8,-29;525,-13,-5;526,6,-3;539,-15,-5;540,3,-11;550,-5,-5;566,-5,-7;660,-63,-78;935,115,163
rua||lourenco pinto coelho|vila pinto coelho|33230282|34,-1962330,-4389615;59,-22,-16;70,-6,-15;84,-4,-12;92,-5,-2;95,-4,4;114,-4,-19;115,-16,-11;144,-3,-11;155,-13,-7;175,-12,-21;187,-13,-3;218,-4,-25;230,-6,-10;243,-10,-1;244,4,-8;255,-16,-6;269,-1,-11;278,-3,-7;284,-3,-8;286,2,0;315,-42,-35;316,31,23;336,-6,-9;343,-25,-14;346,13,2;355,-25,-17;356,15,1;358,-2,2
rua||lua|varzea|33233100|30,-1963435,-4388310;32,3,12;35,8,-2;100,-23,-37
rua||lucas de matos pinho|centro|33233556|31,-1962377,-4388635;41,3,22;45,14,9;55,0,10;65,2,5;95,23,37
rua||lucas evangelista|bela vista|33239365|15,-1963687,-4391184;25,-20,0;30,-2,-7;35,-12,5;40,-3,-4;45,5,8;50,-13,-13;55,-1,8;60,-5,-11;70,-20,0;72,31,18;75,-17,1;80,-19,-20;85,-5,5;90,-3,-9;95,-5,9;100,-7,-10;105,-6,8;109,-3,0;110,-3,-8;115,-1,5;117,-11,0;120,-1,-7;130,-21,-1;135,12,3;140,-12,-3;145,-7,5;150,-2,-6;155,-5,-3;160,-7,0;165,-3,5;168,-5,-5;170,-11,-5;173,14,9;175,-5,3;815,174,16
rua||ludmila de abreu|novo santos drumond|33241899|1925,-1966082,-4388895;1999,-2,39;2021,-5,24;2035,-1,18;2049,-6,8;2057,-2,14;2059,-5,15;2061,-3,12;2263,-4,14
rua||luiz carlos dos santos|jardim imperial|33234176|5,-1960131,-4390090;20,8,-12;22,-1,9;30,0,-11;32,-1,1;42,5,-8;44,2,-2;45,-6,-3;47,11,-18;50,-6,11;54,7,-7;56,0,-3;57,-6,3;59,1,-16;60,7,5;62,4,-13;70,7,-8;75,-14,1;77,3,4;90,13,-13;92,7,-7;97,-10,8;105,16,-15;107,-5,6;110,17,-8;111,-9,-3;112,7,0;120,-1,-10;122,9,0;125,-11,-12;130,15,7;133,3,-10;135,3,-7;136,1,15;137,2,-19;139,2,-3;140,31,40;145,-30,-43;147,15,8;155,5,-1;157,6,1;165,9,2;167,-1,0;175,8,-1;177,-2,3
rua||luiz francisco silva|palmital|33231650|25,-1958627,-4390541;45,3,-2;55,-2,-8;57,-15,-19;58,6,-1;60,-7,-22;68,-5,-38;70,-4,3;77,-2,0;100,10,-42;110,4,-2;120,-9,20;125,-18,23;155,14,-17;175,8,59;220,0,-101;380,-31,61;400,1,-2
rua||luiz matoso da costa|palmital|33234585|10,-1958313,-4390528;15,25,10;50,-2,8;55,12,-1;60,3,32;65,-22,-48;70,2,21;75,9,4;77,-24,21;100,-34,-31;110,37,33;170,-136,-380;197,-40,129;199,22,-112;215,-7,17;225,-6,6;226,-2,22;236,0,6;246,11,-39;248,-12,43;291,3,14;295,1,-8;300,-108,66;305,106,-30;310,-57,141;327,64,-71;347,7,16;400,16,37;429,-16,-38;448,14,42;450,7,4;453,6,-2;455,0,-12;456,7,18;457,12,3;460,-33,-41;480,10,68;482,43,16;488,1,2;499,-59,-88;500,70,93;507,-13,-20;510,29,34;525,-2,-7;535,9,22
rua||luiz toledo|centro|33230160|35,-1962490,-4389271;38,-26,-24;40,26,31;51,12,-5;53,-6,-5;60,16,10;65,5,1;80,0,9;83,21,-1;90,-3,2;100,3,6;125,20,-2;140,26,27;145,-9,-3;151,11,6;157,6,3;160,-5,3;161,11,1;177,15,10;180,3,13;182,-16,-13;187,19,3;205,11,11;215,6,3;218,-32,-20;240,21,15;250,11,6;265,19,7;266,-7,3;281,31,13;283,-6,-4;288,4,15;298,6,8;299,8,-4;311,-1,5;312,1,6;322,5,5;325,15,0;332,8,13;335,-9,-12
rua||l|condominio gran royalle|33237034|10,-1966535,-4385195;30,2,20;145,-107,55;185,-16,13;225,-42,16;245,-7,5;265,-26,13;285,-5,33;395,-114,-6;415,-5,-1;435,-6,2;455,-26,3;495,-36,28
rua||l|sobradinho|33234570|390,-1961857,-4389242;430,-3,16;434,8,9;436,0,0;440,-5,-4
rua||mademoiselle|aeronautas|33236468|23,-1967122,-4389502
rua||mademoiselle|visao|33236468|47,-1967040,-4389567
rua||mademoiselle|visao|33239304|13,-1967017,-4389565;30,-22,-4;33,0,4;35,-3,0;40,-12,-3;45,7,4;50,-15,-2;60,-13,0;75,-9,7;77,-4,1;85,-7,1;95,-9,0;97,-4,3;145,-26,40;147,2,-1
rua||mangueiras|acacias|33230808|20,-1960285,-4390390;40,14,-6;50,13,-7;70,11,-1
rua||mangueiras|conjunto vila maria|33230808|43,-1960274,-4390398;63,18,-10;65,5,0;67,32,4;71,-18,-9;95,-4,15
rua||mangueiras|recanto do poeta|33239772|435,-1964815,-4391505;445,-1,0;585,-29,-122;615,-5,-19;625,0,-14;655,-10,-46;695,-24,-90;715,-2,-20;745,-3,-20;755,-2,-18;765,-3,-12
rua||manoel batista costa|lagoinha de fora|33230001|35,-1968650,-4384633;55,-7,7;65,-14,17;66,4,-18;70,-3,12;90,-13,17
rua||manoel costa viana|centro|33230118|26,-1962612,-4389056;44,2,-4;47,-9,-1;57,-7,-23;58,8,-3;80,-1,-19;98,11,-17;117,-22,-15;132,6,-15
rua||manoel de paula|bela vista|33239128|460,-1963695,-4390518;470,10,-14;480,2,-10
rua||manoel de paula|vila joana darc|33239128|37,-1963882,-4390120;50,-3,-15;120,34,-36;200,28,-63;206,12,-25;210,0,-1;220,6,-3;241,6,-19;250,5,-15;263,-14,0;280,33,-36;283,-11,3;318,22,-24;340,11,-30;353,-18,0
rua||manoel guerra|centro|33239056|15,-1962937,-4390102;20,2,7;30,17,-7;34,3,1;40,16,-15;45,-38,14;49,17,-18;55,18,-10;60,2,11;110,54,-47;140,6,-4;147,-10,-6;150,14,5;151,-7,-16;152,3,12;164,7,-3;172,18,1;175,6,-18;205,-12,-3;222,47,-29;224,4,-13;235,-9,2;236,17,-8;242,13,-8;245,-18,9;255,12,-11;259,2,-3;265,8,-5
rua||manoel jesus|joa|33233270|48,-1964348,-4386894;61,-2,26
rua||manoel nunes dos anjos|lapinha|33230001|157,-1956535,-4394682;175,27,-17;205,9,-18;311,85,-59;313,-15,12;333,43,-39;355,9,-9;371,-1,3;427,49,-10;463,1,-9;565,127,-44;745,105,-53
rua||manoel nunes dos anjos|lapinha|33242000|51,-1956617,-4394605;52,13,-7;61,9,-6;64,1,13;74,3,-20;77,-6,3;84,6,-7;85,14,-25;150,39,-14;170,24,-19;180,4,-7;200,18,-4;210,13,-9;220,4,-5;244,27,-19;444,93,-81;456,56,-13;460,-2,-7;486,28,-6;496,17,-4;498,2,3;510,23,-13;516,5,-3;530,12,-6;588,17,3;604,-3,0;648,20,-6
rua||manuel bandeira|associacao do jardim ipe|33239825|5,-1964959,-4391292;15,-71,-14;16,-24,0;17,16,3;20,48,0;30,3,-5;40,-8,9;45,-9,3;50,10,-10;55,-16,7;60,-10,-6;80,-22,-1;85,-6,1;90,-3,1;95,-8,0;100,-32,-7;105,12,5;115,-8,-4;120,-18,-6;125,2,3;130,-29,-7;135,14,5;140,-34,-8;145,20,4;150,-23,-7;155,10,10;160,-41,-5;165,24,1;170,-52,-12;175,44,11;185,-20,-11;195,-17,11;205,0,-8;215,-18,-1
rua||maranhao|joa|33233172|5,-1964045,-4387376;15,253,-118;20,-1,-5;22,-142,145;23,4,2;35,108,-126;45,-100,60;50,-293,31;63,159,8;74,-77,-8;75,27,5;84,-43,-4;85,33,8;100,-103,-9;105,319,-58;107,-230,64;110,-235,-9;111,225,6;120,-71,-6;125,31,6;135,98,-54;137,-125,54;140,-38,-5;145,21,8;170,259,-39;175,-9,11;180,13,-9;200,-324,31;205,-7,2;210,-10,-4;260,201,5;265,-253,-9;270,50,7;299,-73,-1;310,-58,-10;325,-13,0;332,0,-1;335,-26,16;795,207,-6
rua||marcolino cruz|vila santa helena|33230772|28,-1960603,-4390435;41,61,-37;51,30,-14
rua||maria conceicao oliveira|palmital|33234624|205,-1957822,-4390296
rua||maria conceicao oliveira|palmital|33234646|10,-1957714,-4390363;36,-45,59;40,9,-11;60,-127,-77;70,96,114;75,-96,-94;91,-9,34;180,27,22;220,25,20;240,37,25;245,20,-12;250,-16,14
rua||maria da saude antero|vila fagundes|33231576|10,-1959232,-4390700;20,6,3;30,0,18;40,0,-3;50,1,11;60,5,3;70,4,4;80,-3,5;90,3,11;95,9,5;100,-5,-2;105,6,4;110,-3,1;115,5,5;120,-1,-1;125,3,15;130,-3,-7;135,7,6;140,-7,2;145,7,2;150,-2,7;160,2,-1;165,14,34;190,-5,-10;200,4,8;210,2,8;220,-1,0;230,8,5;232,0,0;240,0,5;250,0,6;251,9,-20;255,1,31;260,-6,-3;265,9,14;270,-5,-5;280,-8,6;285,29,29;290,-17,-29;300,4,15;310,-2,2;320,9,9;330,-3,6;360,12,14;370,-2,6;385,11,21;390,-3,-3;400,4,10
rua||maria goncalves|residencial eldorado|33234699|7,-1957730,-4391479;11,4,29;13,-4,13;15,7,2;16,-32,-14;17,31,33;19,2,1;21,3,9;23,4,17;25,-1,15;40,1,30;41,5,8;43,4,-22;45,-2,16;46,-7,1;48,5,20;59,8,46;61,3,3;81,-7,48;85,1,9;99,-10,47
rua||maria joana|francisco pereira|33236256|20,-1965525,-4387482;34,12,4;46,20,4;55,-2,-3;60,10,5;65,12,2;70,-11,-2;80,21,7;81,2,-3;96,4,-1;100,8,-1;105,4,5;110,10,-3;125,3,0;140,21,12
rua||maria junqueira|centro|33230309|25,-1962764,-4389896;26,4,36;35,14,-43;36,-9,39;60,4,-12;90,15,-17;95,38,-47;100,-26,34;116,35,-26;118,-1,-2;120,2,-5;121,7,-7;122,-3,-1;124,-1,-2;126,7,0;128,-5,1;130,11,2;131,-8,-27;136,24,28;143,-8,-22;150,11,3;151,-16,-8;155,16,-12;160,-93,140;165,97,-133;166,14,7;171,-39,22;226,62,-56;228,-2,-12;230,13,13;232,9,-17;245,6,-12;246,6,4;282,13,-8
rua||maria lucia|centro|33230162|15,-1962289,-4389215;25,-15,20;35,0,11;53,-2,13;55,-13,10;58,-14,10;65,0,15;68,-2,-8;78,-13,22;277,42,-53
rua||maria pinto alves|centro|33230112|8,-1962690,-4389042;34,-3,-8;50,3,-10;68,0,-29;72,3,-2;88,-3,-3;100,-12,-25;107,-11,-7;109,24,13;111,-10,-3;113,10,-5;115,-10,-9;116,4,6;121,-1,-8;140,-17,-16;146,10,-16
rua||maria pinto alves|lagoa santa|33230112|37,-1962699,-4389044;65,6,-29;73,-13,-22
rua||maria raimunda de jesus|joa|33233254|15,-1963958,-4387027;16,23,-3;25,-36,3;40,14,-7;50,-11,0;55,-18,0;60,8,1;65,-22,-1;70,14,-4;80,-12,-2;87,-15,6;97,-11,-3;100,-2,-8;106,-10,0;107,1,6;108,-41,-15;110,3,2;117,27,15;155,-30,-7;165,-4,-6;205,-49,-11;215,-4,1;240,-85,-8;245,38,7;255,-8,0;265,-19,-2;335,-55,-3;560,-54,-3;575,-23,7;579,-10,-9;585,-7,-1;595,36,6;603,-34,-6;610,-9,-4;620,-21,5;670,-51,-3;700,-23,-4;710,-14,-1;730,-19,1;740,-7,0;750,-17,-4;770,-35,-1;780,-12,2
rua||maria raimunda de jesus|joa|33233292|28,-1964621,-4387086;800,32,7;810,-15,-2;820,-10,2
rua||maria raimunda de jesus|varzea|33233254|603,-1964450,-4387073;723,-35,-1;735,-11,1;745,-8,2;755,-18,1;785,0,2;805,-29,-5;811,-10,-2
rua||maria rosa alves|promissao iii|33230380|3,-1962946,-4390464;35,-5,12;45,-3,-13;46,17,5;55,-26,-14;56,10,-2;75,-16,-11;76,7,1;88,-2,-6;93,-16,-22;96,13,12;100,0,-4;105,-10,-2;119,-12,-20;120,15,13;121,-13,-13;130,9,5;136,-4,-11;145,-14,-16;146,11,11;155,-31,-5;165,9,-14;168,6,-14;175,-7,2;180,1,-17;185,-4,6;188,0,-13;195,-8,5;198,-1,-22;208,-1,-2;231,-11,-2
rua||maria salvina|palmital|33234565|31,-1958670,-4390275;33,0,0;35,3,-6;40,1,15;50,5,-10;70,7,-19;80,-2,-15;86,4,-10;95,-12,31;115,8,-31;125,-1,1
rua||maria santiago guimaraes|lagoa mansoes|33236750|10,-1965080,-4387218;50,-12,23;75,-2,35;160,-36,71
rua||marilia de dirceu|vila asas|33240052|1,-1966235,-4390801;4,12,5;10,79,-82;12,8,-10;14,9,-14;16,11,-9;18,11,-14;20,9,-10;22,14,-18;24,6,-7;26,12,-16;28,11,-7
rua||mario mangerotti|promissao iii|33230368|477,-1962658,-4390539;499,-32,0;517,-15,-25;555,-1,1;575,-49,-20;605,-20,-1;625,-17,-20
rua||mario mangerotti|promissao|33230368|177,-1962409,-4390402;193,-5,-10;205,-15,-10;219,-31,-4;229,-20,-15;245,-6,-14;355,-63,-23;375,-14,-9;385,-29,-22;399,-3,-5;407,-30,3
rua||maristela avelar|praia angelica ii|33236013|40,-1964810,-4389977;50,2,-12;70,2,-29;97,-8,-2;111,2,-14;120,9,7;132,3,-36;142,-2,-10;145,-4,13;152,8,-23;155,-10,7;162,9,-18;165,-7,-1;175,2,-21;182,9,-8;185,0,-13;195,-5,6;205,-1,-14
rua||mariza|campinho|33234754|145,-1957475,-4391954;152,-70,53;153,0,-5;155,10,-3;156,-5,8;160,11,-3;162,10,-4;165,-8,-2;169,6,-2;175,8,-3;176,8,4;178,11,-4;180,31,-5;182,-11,32;185,-27,-29;190,31,7;195,-22,-7;205,17,-16;215,4,-14;234,0,13;235,4,-19;236,-5,16;240,10,-19;245,-7,-18;247,17,12;250,14,16;257,-7,-21;259,13,2;260,11,-3;261,-7,0;263,10,-3;265,11,-8;280,16,11;287,-3,-12;288,0,-24;289,-6,-1;295,5,-6;299,8,19;309,8,4;310,14,7;312,7,-3;319,-3,-8;323,-2,-24;325,6,23;337,15,-5
rua||mariza|centro|33234754|45,-1962410,-4389240;55,1,-12;65,6,-25;66,4,4;75,3,9
rua||mato grosso|joa|33233148|5,-1964193,-4387957;11,-3,-4;20,13,-10;21,-33,10;30,2,-4;43,-19,-2;62,14,5;65,-35,-2;75,-19,0;115,-23,6;120,48,-16;130,-36,2;135,-28,18;140,-6,-14;150,2,-7;155,-14,5;160,-10,-5;170,-36,5;175,31,4;295,-78,-5;298,-11,-1;315,6,-9;325,-16,10;345,-66,-3;350,6,-6;355,7,6;360,-17,-5;365,-41,2;370,34,4;380,-20,-2;390,-20,-7;395,-7,4;400,-15,-5;410,-10,5;415,3,5;422,-27,-32;505,-43,22;649,-94,3;657,-19,4
rua||mauro caiana|centro|33239066|19,-1962999,-4389980;55,3,-8;65,7,-17;85,8,-24;95,10,-3;115,2,-17;135,-11,-32
rua||mauro tavares|recanto da lagoa|33236062|38,-1964879,-4388930;48,30,2;57,-1,5;65,-5,-23;76,-2,-4;77,-3,-6;81,-1,-8;85,-3,0;90,6,6;95,-6,-12;122,-1,-19;125,-8,-9;173,-4,-29;175,5,13;177,-2,-2;179,0,0;185,-6,-19;187,-3,-31;190,6,5;196,0,-4;197,-2,-1;206,-1,-16;210,0,-3;213,-5,8;221,-8,-21;225,-5,-9;242,-3,1;245,1,-9;252,7,-7;255,-8,-9;260,0,-6;262,0,-1;264,-5,-3;265,-1,9;270,-1,-14;275,-7,4;279,-3,-15;280,1,-13;289,-1,-5;291,2,3;314,-3,-5;326,23,16;328,-25,-27;334,1,-11;350,-5,-4
rua||melo viana|varzea|33233034|181,-1963575,-4388698;188,-12,-5;191,-13,1;215,-25,14;235,-5,4;250,-3,-9;261,-10,9;306,-48,3;322,-6,4;347,-19,6;348,8,-2;357,-17,2;358,-2,-4;366,-16,3;377,12,6;380,-14,-5;382,-11,-13;386,-2,18;389,5,2;420,-42,-14;440,0,15;449,-20,16;450,4,-4;452,-4,-3;459,15,4;464,-20,-10;479,-19,16;482,7,-9;484,-6,0;489,-10,5;490,-19,2;491,11,6;492,-5,-6;493,-5,11;494,12,-8;495,-13,3;502,-15,-3;513,-9,15;524,-19,-5;530,5,-4;536,-16,3;537,-8,10;538,1,-4;540,2,5;592,-16,-5;604,-15,2;639,252,-49;641,-340,88;645,54,-20;651,-17,8;661,-4,-1;662,2,-8;669,-3,6;670,-13,0;672,-5,-19;674,5,19;685,-5,10;686,-9,-49;687,5,56;688,-9,-13;698,-15,10;781,-13,10;787,-1,-7;807,-35,16;813,-12,3;821,-9,-3;822,45,-6;823,-41,14;826,4,-11;830,-14,0;840,-48,11;856,44,-17;858,-11,12;860,-39,16;867,37,-15;875,-2,6;877,-8,-2;878,-38,8;888,-4,-7;908,-22,8;920,-16,5;932,-6,3;938,-21,11
rua||mendes junior|santos dumont|33239292|2,-1964946,-4390325;4,-38,-34;6,0,-5;10,-14,-7;12,42,41;13,-10,-10;14,13,10;16,-62,-59;18,-8,-3;20,-164,-150;22,156,145;30,-169,-143;35,176,154;40,-181,-158;44,-2,4;45,170,147;54,-183,-165;55,180,156;64,-187,-158;68,-2,0;72,-9,-8;78,-2,-8;80,170,144;88,-182,-147;90,4,-5;96,-12,-12;98,161,139;100,82,-72;102,-243,-76;105,171,168;106,2,-3;115,-18,-12;118,10,-2;120,-182,-205;121,171,208;125,-10,-10;127,-6,-7;130,-68,-97;150,-91,-114;160,-4,-11;168,-1,-10;180,-9,-19;190,-11,-24;200,17,-13;216,106,231;222,-121,-246;224,-8,-5;240,-11,-25;250,34,93;260,-31,-103;270,0,-27;280,10,1;331,156,346;332,16,1;333,-22,-8;373,-29,-26;375,-5,-2;385,-9,-4;387,-5,-2;391,10,2;395,-11,-14;405,-3,1;415,-6,-2;425,-11,-10;435,-14,-12
rua||messias pinto|santos dumont|33230022|22,-1963577,-4389912;62,19,-29;84,1,-10;85,7,-10;131,26,-28;140,-1,-12;210,55,-61
rua||mexico|varzea|33233128|62,-1964033,-4388000;63,14,-25;76,-9,31;155,53,122;160,-7,-16;165,5,14;170,-16,20
rua||miguel antonio salomao|centro|33230073|13,-1962792,-4389317;23,-4,-8;28,4,3;40,-7,-16;49,15,19;70,-28,-47;88,-14,-7;102,-9,-15;123,6,24;133,3,-20;135,-10,-4
rua||miguel dos anjos|palmital|33234310|15,-1960043,-4388408;47,697,-588
rua||milton campos|centro|33230070|30,-1962989,-4389288;44,175,-185;58,-15,-28;67,-168,221;68,-6,2;69,7,-10;80,9,-4;89,4,-3;100,10,-3;109,2,-9;110,8,4;122,128,-113;128,-116,100;154,67,-228;200,3,172;209,-4,-14;355,58,-48;357,7,-7;359,-192,175;361,199,-180
rua||minas gerais|joa|33233122|34,-1963817,-4388116;44,12,-2;59,-8,-3;70,10,1;71,11,-5;80,44,-17;84,7,-5;109,-17,10;120,-118,44;123,6,-7;133,-8,12;135,-5,2;137,-7,0;138,-4,-4;145,0,16;148,-9,-17;160,-15,11
rua||minas gerais|varzea|33233122|200,-1963989,-4388044
rua||modestino esteves da cruz|lapinha|33242000|25,-1957452,-4395530;44,12,-15;60,216,-227;66,-8,8;70,-7,3;74,-17,7;75,-95,80;78,86,-77;80,-10,5;125,-108,87;127,-58,40;131,1,-6;133,2,-3;135,1,-15;147,-1,-35;153,0,0;158,5,41;165,5,-43;185,25,-31;225,2,-4;243,16,-23;306,25,-48;326,8,-28
rua||monte sinai|francisco pereira|33236706|60,-1965993,-4386940;70,-10,8;80,-15,10;90,-1,4;102,-25,13;116,1,2;125,29,-14;127,-8,5;128,-34,18;129,33,-16;131,-5,2;135,-5,0;137,-1,1;139,-11,10;140,-23,6;147,10,-1
rua||monte tabor|francisco pereira|33236714|10,-1965931,-4386796;20,-9,19;25,30,-57;27,1,7;30,-25,57;35,13,-75;40,-19,81;50,-9,8;60,-2,10;70,-2,6;80,-7,11;90,-4,12;100,-6,14;110,1,2;120,-13,26;205,16,-20;223,-7,13
rua||monteiro lobato|bela vista|33239130|150,-1963722,-4390606;204,4,-52;210,-1,-13;230,2,-17;504,18,-176;506,1,-2;510,7,-14;550,11,-43;570,-10,-22;576,-1,2;580,0,-4;590,15,-29;606,-7,-25;622,-4,4;628,-6,-19;632,13,1;636,-4,6;642,0,-32;654,-2,-5;664,6,-11;670,0,-20;680,3,-33;690,3,-10
rua||monteiro lobato|bela vista|33239193|15,-1963745,-4390535;96,40,27;140,-29,-44
rua||monteiro lobato|santos dumont|33239130|175,-1963730,-4390623;179,-1,-3;181,-1,3;185,0,-7;195,2,-11;205,3,-16;215,-1,-3;225,2,-18;235,3,-16
rua||monteiro lobato|vista alegre|33239130|10,-1967927,-4391439;25,8,3;41,-18,15;51,-14,1;53,9,8;57,-20,-17;61,-2,-2;62,0,6;70,-9,2;71,-2,9;72,-13,-6;75,14,6;81,-3,-1;90,-21,-3;94,0,-1;95,7,7;99,7,-4;105,-13,7;127,-23,5;132,17,-7;135,-26,4;140,9,-4;145,-20,23;149,-10,-6;164,-17,3;180,-15,-1
rua||morro do cruzeiro|brumado|33233560|886,-1961724,-4388463;990,49,103;1332,151,270;1906,364,31;1944,23,-60
rua||morro do cruzeiro|morro do cruzeiro|33233096|1332,-1961525,-4388093;1340,15,20
rua||morro do cruzeiro|morro do cruzeiro|33233560|2,-1962309,-4388948;6,1112,846;62,-1103,-813;72,3,13;74,-10,10;80,-6,22;90,14,23;134,81,27;154,33,42;350,82,52;360,59,10;620,149,10;622,16,2;712,45,47;716,7,11;732,-4,4;760,6,25;770,11,12;780,4,8;788,6,23;800,-15,21;810,39,-12;812,11,1;814,0,8;818,1,7;830,13,-1;852,39,78;856,-3,0;886,3,0;888,5,18;900,6,12;912,4,11;1520,501,333;1905,1,-2;1906,20,10;1908,14,-4;1924,6,-8;1938,11,-9;1944,12,-7;1952,8,-5;1984,0,0;1987,19,-11;1991,6,-4;2005,13,-10;2006,3,3;2007,6,-1;2035,39,-3;2045,-7,-6;2050,2,2;2052,4,5;2066,38,-3;2076,13,8;2080,6,-5
rua||morro do cruzeiro|morro do cruzeiro|33233578|1987,-1961127,-4388142;1997,26,-9;2064,0,-5
rua||morro do cruzeiro|morro do cruzeiro|33239304|900,-1961709,-4388453;922,14,38;936,1,11;946,6,10;1010,16,46;1014,3,5;1020,2,13;1030,4,9;1040,0,0;1046,12,24;1052,-1,5;1110,17,22;1114,7,10;1120,2,6;1136,7,9;1140,3,7;1146,3,5;1150,7,9;1201,33,48;1250,-1,22;1254,9,9;1266,0,-1;1270,7,13;1296,22,23;1298,3,6;1350,24,42;1380,15,18;1535,24,150;1545,-7,11;1650,123,-122;1656,22,5;1660,-34,-15;1728,31,-8;1796,72,-15;1850,39,-19;1900,26,-16;1906,28,-9;1908,-2,-13;1922,14,23;1924,-8,-28;1938,4,2;1944,22,-10;1954,6,-9;1984,8,-3;2010,-25,14;2030,90,-45;2050,9,0;2054,5,2;2060,25,1;2064,5,2;2066,16,0;2068,-8,6;2070,13,-6;2076,6,0;2080,10,17;2086,-8,-16
rua||morro do cruzeiro|palmital|33233560|35,-1960063,-4388341;45,-85,19
rua||morro do cruzeiro|sobradinho|33233560|10,-1962292,-4388951;20,-24,0;83,24,66;95,9,16;99,8,2;105,9,19;128,896,830;143,-876,-822;145,-9,5;159,68,14;183,-33,-4;195,9,5;205,8,8;263,26,34;273,15,13;295,16,12;307,5,5;309,4,6;313,13,8;319,8,-1;325,20,11;335,4,-6;341,1,5;349,13,-3;713,262,67;765,2,38;809,34,47;815,18,14;823,9,12;825,10,19;827,-7,4;865,20,6;867,-5,14;871,9,0;873,3,-19;875,15,21;881,-5,9;882,-2,24;883,12,5;885,-1,23;887,3,7;901,8,8;903,-1,21;904,1,-18;913,10,-3;915,-9,-1;917,-1,11;923,21,0;925,-15,11;981,11,34;987,5,10;997,-8,9;1023,9,4;1043,25,36;1059,-4,16;1061,1,3;1081,5,17;1085,13,5;1089,1,5;1111,4,7;1119,3,15;1121,11,5;1123,-1,-5;1125,5,12;1133,1,3;1163,8,4;1173,2,11;1179,2,9;1183,6,16;1195,5,9;1201,-3,5;1205,9,8;1225,4,8;1245,12,21;1283,17,20;1293,6,7;1295,6,7;1605,147,88;1635,28,-1;1700,47,-13;1717,22,-8;1791,31,-7;1793,-6,-4;1795,6,4;1799,9,-2;1801,0,3;1809,14,-11
rua||morro do cruzeiro|vale dos sonhos|33234100|1955,-1961130,-4388140
rua||murilo mendes|associacao do jardim ipe|33239818|15,-1965257,-4391259;25,5,4;35,10,-7;45,13,3;55,13,3;65,0,0;75,12,7;85,13,-2;95,10,3;105,13,2;115,11,-4;125,11,5;145,18,4;155,16,1;185,25,8;195,36,1;201,43,11;219,-6,-1;225,13,-3;231,8,1;235,9,5;245,11,-4;255,22,4;265,0,1;267,-1,-1;275,11,12
rua||murilo mendes|jardim ipe|33239318|10,-1965258,-4391253;20,-1,0;22,13,1;30,13,0;40,5,2
rua||murilo mendes|jardim ipe|33239818|60,-1965196,-4391251;66,8,2;70,8,3;110,31,34;130,42,-19
rua||m|condominio gran royalle|33237032|55,-1966577,-4385365;120,-23,37;128,11,17;145,-3,25;165,-14,31;170,-2,-33;185,6,45;210,-7,13;245,23,29;250,-20,-7;270,-2,28
rua||m|palmital|33234406|5,-1959070,-4389062;33,59,37;35,18,8;51,-44,-22;55,57,32;60,-54,-26;65,29,86;70,-7,23;75,40,-79
rua||nassif jose dagher|centro|33239068|25,-1963084,-4390015;28,18,13;35,-7,-8;38,8,4;45,-9,-15;48,6,3;55,-6,-16;58,9,10;86,1,-28;90,0,-8;95,-7,-2;98,5,-5;105,-4,-7;110,4,-2
rua||natal maria|palmital|33239889|13,-1957898,-4390464;15,3,3;16,-6,-3;41,3,0;82,0,0;96,0,0
rua||natal|vila militar|33239889|10,-1965403,-4390733;20,41,32;30,49,25
rua||nazare|francisco pereira|33236708|35,-1966047,-4386940;100,-23,-44;102,-3,-4;104,-5,-10;120,-7,-1;122,-2,-11;124,-5,-5;126,-2,-5
rua||nelson candido guimaraes|jardim imperial|33234170|13,-1960114,-4389678;15,5,4;17,13,12;20,-18,-15;22,-25,52;25,51,-29;30,-23,2;36,9,-9;40,6,5;60,30,32;67,2,4;68,7,6;69,1,-3;70,3,6;71,6,6;75,9,7;80,-10,-6
rua||nelson guimaraes|morro do cruzeiro|33233566|15,-1961852,-4388619;19,-3,1;27,-5,27;35,-12,-32;40,12,0;45,-13,-1;50,13,0;55,-32,0;60,1,-28;65,-2,28;69,-11,-1;70,13,-40;79,-19,40;80,19,4;132,-20,-7;142,-2,3;148,-12,-3;150,5,-9;152,-20,10
rua||nelson guimaraes|vila maria 3|33230840|20,-1959662,-4390698;30,1,7;40,-18,12;50,-9,-4;60,-8,2;70,-9,1;80,-19,3;90,0,1;100,-10,4;110,-10,-3;120,-9,3;130,-11,0
rua||nero moura|jardim ipe|33239816|15,-1965230,-4391148;25,3,-16;40,7,-13;45,-9,11;50,10,-14;55,-4,-4;60,4,-9;65,-1,-3;70,7,-14;75,-7,6;80,2,-16;85,-2,4
rua||nivea resende salomao|campinho|33234751|45,-1957638,-4391896;55,8,-2;65,4,-1;75,3,2;85,12,-12;95,10,14;105,11,-5
rua||nivea resende salomao|lapinha|33234751|78,-1957604,-4391895;80,-29,2;98,20,-3
rua||nivea rezende salomao|vila maria 3|33230834|15,-1959820,-4390630;25,-4,-9;35,-2,-6;40,2,1;45,-5,-15;50,8,-16;55,-8,10;60,5,-7;65,-6,3;70,5,-17;75,-7,0;80,3,-6;85,-3,-2;90,13,-11
rua||norma mucci barak|novo santos drumond|33241899|22,-1965584,-4389228
rua||norma mucci barak|recanto da lagoa|33236146|25,-1965581,-4389229
rua||nove|condominio lagoa santa park residence|33241899|110,-1965359,-4385443
rua||nove|ovideo guerra|33230444|55,-1962936,-4391686
rua||nove|varzea do lobo|33230022|100,-1963440,-4392597
rua||nove|vila jose facundes|33230444|1,-1959101,-4390758;3,-3,-5;5,-18,6;8,10,-6;10,-5,7;20,-11,3;25,-5,5;30,5,-7;40,-9,4;45,16,-1;47,-32,15;50,6,-13;55,3,6;60,-5,-3;65,-2,7;70,-6,-2;75,5,6;85,-5,-2;105,-16,2;115,-10,9;125,2,6;135,-8,-2;145,-7,0;155,0,10;160,73,-42;165,-87,40;175,0,2
rua||nove|village do gramado|33241899|10,-1966090,-4387796;15,-11,-11;20,3,-15;25,-6,3;30,6,-1;35,-10,-9;45,-1,-10;50,7,-8;55,-14,-7;60,6,-3;70,4,-7;90,-7,-25;95,-3,5;125,-14,-45;135,-5,-13;170,1,-20;175,-9,-26;180,5,12;185,-8,-19;200,10,7;210,-4,-6
rua||odete de oliveira costa|sobradinho|33230234|125,-1962173,-4389395;145,18,-22;224,-56,66;245,12,1
rua||odilia maia dos santos|vila maria 3|33241899|20,-1959780,-4390646;31,4,-18;41,-2,-10;51,4,-7;61,-5,-12;71,-3,-3;81,-4,-12;135,2,-11
rua||oito|condominio lagoa santa park residence|33241899|11,-1965169,-4385384;12,-14,25;24,-7,4;33,10,4;53,-27,32;83,-27,54;114,-9,60
rua||oito|residencial parque dos buritis|33234510|55,-1958500,-4390159;165,24,-98;185,0,0;270,0,1;315,-115,412;325,0,0;445,85,152
rua||oito|village do gramado|33241899|20,-1966161,-4387819;25,-14,-5;34,10,-2;40,0,-9;50,-4,-15;55,-11,-10;60,3,0;65,-7,-8;70,4,-8;75,-6,-3;85,-6,-13;90,11,3;95,-9,-20;100,1,4;105,1,-6;110,1,-8
rua||olavo bilac|jardim ipe|33239814|30,-1965162,-4391151;35,0,-3;40,4,-9;45,-6,-3;50,7,-12;55,-1,0;60,-2,5;75,2,-34;80,6,1;87,-9,-12;90,10,-3;95,-5,-15
rua||olavo bilac|vista alegre|33239814|10,-1967925,-4391436;22,-1,75;30,0,0;31,4,2;40,-22,-2;45,8,8;50,-17,-4;55,1,8;60,14,-11;65,-19,11;67,0,-1;75,-4,6;80,2,-8;85,-17,19;90,-1,-21;95,-19,12;100,14,-2;105,-13,5;110,6,-6;112,-11,3;115,-16,10;120,-1,-6;130,-6,3;132,-9,5;140,7,-2;145,-7,4;148,-9,-4;149,-1,9;150,12,-10;155,-2,5;159,-7,3;160,-4,-4
rua||olegario lelis|francisco pereira|33236302|15,-1965715,-4387193;25,1,9;35,-1,18;45,0,0;55,1,18;77,0,15;90,-5,5;105,6,6;109,2,3;114,-5,12;115,9,2;122,-8,14;125,3,-1;132,-4,12;135,6,0;144,-7,13;154,1,14;155,5,1;164,-5,8;185,24,37;188,-22,-19;192,-4,30;194,1,1;200,7,39;210,-1,14;260,2,14;262,7,16;270,-2,12;280,-2,22;290,3,14;300,1,7;310,-4,13;320,-1,4;330,1,8;335,8,31;340,9,149;350,-13,-149;352,4,74;354,1,31;356,1,-4;358,2,6;360,-3,20;362,2,-7;364,4,13;368,-7,5;370,4,6;380,3,17;390,-4,16;400,-7,9;410,8,8
rua||olegario lelis|lagoa mansoes|33241899|305,-1965685,-4386730;315,-5,14;320,-5,24;325,3,-20;343,0,-46;345,5,67;349,-4,-50;355,-2,67;375,-1,26;585,5,16;595,-1,27
rua||olga pinto ribeiro|palmital|33234644|15,-1957776,-4390334;17,6,3;39,9,17;60,-35,-34
rua||olhos dagua|jardim ipe|33240002|155,-1965793,-4391487;165,-5,-2;175,-10,-9;195,-6,-4;205,-18,-8;305,10,-19;329,4,3;355,-18,-5;367,3,-28
rua||olimpio de carvalho|santos dumont|33230016|60,-1963676,-4390054;70,-3,-6;83,12,-20;115,29,-41;185,26,-21;231,36,-46;232,-4,18;245,7,-23
rua||oliveira lima|varzea|33233202|20,-1964876,-4387606;30,16,-7;32,7,-7;50,9,-9;63,-28,9;65,11,-3;75,27,-19;85,7,-3;95,11,-5;105,10,-10;110,21,3;115,-10,-6;125,19,-5
rua||oliveiras|conjunto vila maria|33230804|40,-1960278,-4390444;55,13,-14;60,-5,9;65,-12,-3;70,34,-3;75,-8,4
rua||oliveiras|recanto do poeta|33239784|195,-1964921,-4391889;215,-32,2;235,27,-13;255,-34,14;275,-53,18
rua||onofre aureliana da silva|jardim imperial|33234166|5,-1960078,-4389926;6,-17,0;9,13,-1;15,14,10;20,-16,1;22,2,-4;26,8,5;35,10,-2;37,3,6;40,-11,-1;44,6,0;47,15,3;65,17,12;70,0,8;73,3,-7;75,8,5;77,-2,-3;80,-3,25;90,0,6;95,4,-10;97,1,4;105,-3,11;112,-12,48;115,10,-42;120,-11,61;125,11,-43;128,-21,103;130,-1,7;155,14,-39;157,0,6;160,-13,41;165,9,-32;167,-7,10;175,2,5;177,-3,8;180,-11,13;182,3,8;185,8,-17;187,-3,9;225,-12,47;227,-1,3;235,9,-32;245,0,5;247,-1,4;250,-6,3;255,-5,0;258,4,4;262,-6,9;263,2,14;265,-25,23;267,21,-18;270,1,-7;275,-14,28;277,-11,1;295,-6,3;297,-5,-2;300,1,-2;305,-4,11;309,6,4;310,-9,-13;315,-5,13;317,-13,-1;320,8,-7;325,-6,4;326,1,-4;330,-9,5;335,-3,5;340,-11,-6;345,2,12;348,-10,-10;350,-4,4;360,-5,2;370,-9,4;372,-9,1;374,-12,-1;435,-12,0;465,51,2;467,-11,-4;471,19,5;473,-5,1;475,-16,-1;477,-8,1;485,-3,3;487,-4,7
rua||onze|condominio lagoa santa park residence|33241899|7,-1965278,-4384950;40,174,-233;58,-8,52;102,-28,98;122,-29,24;243,-121,25
rua||onze|promissao|33230323|39,-1962174,-4390088;40,-30,29
rua||onze|vila fagundes|33231606|1,-1959060,-4390729;3,-2,-1;5,-15,2;15,-3,1;25,-6,4;33,-3,2;45,-9,4;55,-4,-5;65,-11,6;85,2,14;95,-12,-7;105,-2,-1;115,-10,6;125,-4,2;135,-8,5;145,-7,2;155,-3,-1;165,-9,8;175,-12,1;185,-16,18;195,12,-14;205,-10,3
rua||onze|vila jose facundes|33231606|10,-1959082,-4390728;20,-4,3;30,-5,1;40,-6,0;60,-9,6;70,-15,9;80,3,-4;90,-9,10;100,-9,-2;110,-8,3;120,-2,-5;130,-8,11;140,-4,-2;150,-4,6;180,-15,2;200,-7,8;210,-11,-4
rua||oricuris|recanto do poeta|33239782|33,-1964671,-4391816;80,-24,0;100,-96,32;105,82,-2;115,-37,-13;120,-17,9;125,1,7;130,-39,1;135,15,8;145,-32,8
rua||orion|portal do sol|33234198|15,-1960382,-4389260;25,3,1;27,0,-13;55,18,-19;75,26,-17;85,4,-6;86,-18,19;95,21,-25;97,8,-1;105,3,-6;107,5,-2;125,2,-9;126,12,-8;135,0,4;139,3,-13
rua||orlando braz da cruz|promissao|33230356|25,-1962607,-4390307;35,7,-15;36,21,36;155,26,-132;170,15,-15
rua||orlando da costa|joa|33233260|30,-1964645,-4386976;50,-30,18;60,-25,8
rua||orlando sales|bela vista|33239174|19,-1963841,-4390947;29,1,-4;38,7,-8;41,-2,-13;50,-1,0;53,-4,-5;62,12,-11;65,-10,-4;74,7,-2;77,-7,-1;86,7,-14;89,-9,-3
rua||ornelio rodrigues|lapinha|33242000|25,-1956527,-4394655;37,3,12;40,7,28;45,7,-14;55,-3,1;61,16,21;103,41,-3;105,31,-24;115,-51,57;157,4,4;161,8,12;165,2,2;167,-2,0;174,22,38;177,-12,-27;184,11,24;194,-10,-9;197,15,15;207,6,11;210,-16,-6;212,6,-2;216,3,2;220,9,11;226,1,5;228,20,18;230,2,-6;231,-9,-9;252,25,10;262,23,-6;317,32,-4;318,16,-1;342,2,-37;345,-2,-33;350,0,48;365,1,-59;418,13,-11;424,9,-11;425,1,-3;429,-75,-40;431,39,15;434,53,13;440,-12,-7;448,-9,-2;450,9,5;454,-4,16;460,-25,-28;475,-38,-4;480,19,-20;485,-18,21;490,-125,40;491,63,-45;495,0,37;510,-34,-30;511,3,2;513,-10,10;520,-4,-1
rua||otaviano labertosa|vista alegre|33240156|31,-1966877,-4391460;177,1,0
rua||ouricuri|recanto do poeta|33239782|412,-1964920,-4391738;465,-16,5;480,26,-9;485,-61,25;505,4,63;515,-13,-58
rua||ouro preto|francisco pereira|33236258|99,-1965263,-4386968;1396,99,-678;1500,-18,22;1560,-23,34;1570,-8,16;1600,-9,10;1616,-4,18;1938,-12,110;1948,-19,58;1960,-7,27;2063,-5,91
rua||ouro preto|ipanema|33233048|980,-1964633,-4388073;1120,-277,151;1134,-17,6;1136,0,0;1140,-15,7;1158,0,-1;1168,-23,16;1170,0,0;1250,-79,104;1270,-31,48;1280,-3,6;1930,171,-190
rua||ouro preto|joa|33233048|617,-1964294,-4388238;645,-17,5;681,-487,267;685,474,-259;707,-18,6;767,-66,23;815,-52,20;885,-28,17;895,-31,14;901,-14,1;935,-28,32;975,-118,102;995,-32,-17;1085,-113,66;1135,-91,37;1145,-19,17;1155,-25,13;1175,-14,12;1185,-7,12;1205,-13,15;1211,243,-150;1215,-256,171;1249,8,-8
rua||ouro preto|nossa senhora de lourdes|33233048|1275,-1965082,-4387732;1315,-14,18;1365,-29,34;1401,-40,40
rua||ouro preto|varzea|33233048|11,-1963774,-4388502;15,-14,-1;21,1,3;33,-5,5;39,-9,7;59,-14,6;64,-12,2;78,-13,4;84,-10,6;99,-3,13;102,-9,-7;105,2,4;115,-18,10;124,9,-12;134,-14,13;139,-9,6;144,7,-11;180,-28,9;188,-20,7;191,13,-1;201,-13,16;211,-13,-16;221,16,17;243,-33,6;258,-18,3;259,2,6;294,-22,2;310,-41,9;312,-22,-66;314,37,75;324,-13,-1;328,-14,-9;330,2,21;353,-11,15;355,-6,0;363,-71,32;388,74,-42;392,-5,8;394,-4,8;398,-23,7;400,-10,7;403,-10,0;411,-9,8;414,-1,-2;430,-19,10;511,-46,30;521,-13,1;532,-5,1;544,-10,4;558,-1,2;570,-16,9;585,-3,27;595,-9,3;597,-8,-4;658,-40,10;670,-3,-2;682,-20,3;690,0,6;794,-104,30;812,-32,16;814,-3,6;874,-34,19;890,-19,5;900,-21,14;930,-39,29
rua||ouro preto|vila asas|33240050|4,-1966197,-4391160
rua||ouro preto|vila nossa senhora de lourdes|33240050|1401,-1965162,-4387637;1423,-3,8;1439,-8,8;1555,-30,37;1561,29,44;1599,-47,-13;1617,-5,4;1683,3,21;1699,0,8;1711,-4,15;1723,0,38;1843,-2,15;1901,15,51;1937,-41,9;1960,66,8;1963,-64,23
rua||ouro|conjunto ovidio guerra|33239442|40,-1964115,-4391484;56,-3,-2
rua||ouvidio guerra|santos dumont|33239232|23,-1964209,-4390384;52,7,7;56,-4,-15;60,8,-16;61,-8,1;65,-1,-5;75,5,-21
rua||o|condominio gran royalle|33237022|11,-1966824,-4385431;40,7,5
rua||palmeiras|acacias|33230796|10,-1960438,-4390558;15,21,-7;20,-7,4;25,17,-5;30,-22,7;35,30,-10;40,-7,7;45,19,-8;50,-8,9;55,10,-5;65,9,3
rua||palmeiras|village do gramado|33230796|5,-1965854,-4387646;12,-8,-15;15,13,13;20,-46,-2;45,13,18;55,-16,7;65,-25,3;75,-19,12;83,-29,28;85,-6,2;94,-14,-16;95,-1,6;100,-14,4;105,-33,-21;115,18,26;124,6,-9;125,-21,5;165,-33,-11;273,21,15
rua||palmira|santos dumont|33239320|33,-1964770,-4390664;35,3,-14;36,30,-51;46,-29,57;47,6,-12;51,1,-10;52,22,-34;60,-1,2;63,-12,14;68,0,-8;89,1,-7;90,12,1;99,-16,2;100,12,-9;105,-3,-17;110,4,-4;122,1,-4;130,3,-13;135,5,-30;140,0,9;145,-4,7;155,6,-21;156,3,5;158,5,-17;171,1,-30;188,9,15;191,1,-39
rua||palmital ii|palmital|33234310|11,-1959830,-4388918;15,-196,237;24,194,-233;30,-345,626;40,682,-731;42,-131,-26;43,-167,97;45,-184,209;47,634,-261;55,-588,193;57,309,-114;59,-455,320;60,98,-124;63,650,-277;75,16,17;79,7,-1;101,4,7;107,36,17;110,-818,514;111,249,-458;117,619,-35;931,-791,247;1685,1481,-617
rua||palmital|palmital 3|33234310|25,-1959962,-4389464
rua||palmital|palmital 3|33234530|3,-1959379,-4390056;28,157,173;30,-175,271
rua||papagaio|ipe|33236544|45,-1967420,-4388571;65,10,27;80,195,195;85,-193,-191;95,9,24;115,21,41;125,8,11;180,100,18;215,169,105;225,4,-2
rua||paracatu|conjunto ovidio guerra|33239432|41,-1963650,-4391675;54,-10,-10;55,-3,9;58,2,-7;59,-13,8;65,-10,-1;72,17,-7;84,-17,-3;85,-11,11;88,-2,-16;95,-12,15;98,13,-16;99,-13,9;111,-6,-1;170,-48,-12;180,-6,-4;183,-9,10;187,-12,-1;190,4,-7;199,-13,2;200,2,-9;203,0,7;213,-11,3;217,-4,0;220,9,-1
rua||paraguai|joa|33233156|235,-1964247,-4387657;240,-6,-2;305,4,73;365,-8,130;455,6,8;490,16,-296;530,-33,534
rua||paraiba|joa|33233162|25,-1963838,-4387728;30,1,-4;45,-26,15;62,-8,-1;72,-29,13;75,18,0;82,-30,7;92,11,-7;130,-12,6;300,-31,13;333,-9,15;345,-9,-2;346,-80,34;365,18,-1;418,-45,13;438,-77,10;444,-13,-3;449,35,8;458,-60,-11;459,46,7;475,-47,3;480,-28,-7;485,13,5;500,-35,-4;525,-28,3;540,-6,0;551,-16,1;560,4,-8;561,-12,3;566,-3,-1;590,-31,-4;595,-3,-2;600,-18,0;605,1,5;645,-68,1;685,-14,-3;705,-3,-1;725,-52,0;730,-25,1;735,4,-4;746,-3,-12;755,-23,12;765,-4,0;784,10,-7;791,-30,10;800,19,-7;808,-13,4;811,-3,7;820,-12,-11;835,24,2;840,-32,-7
rua||paraiso|ipanema|33236226|15,-1964824,-4388153;42,2,19;45,4,-8;54,2,16;60,4,4;65,5,4;66,1,10
rua||parana|joa|33233142|246,-1964360,-4388091;280,98,9;305,18,1;310,15,1;312,14,1;324,15,0;334,11,1;435,-232,-12;450,-100,-5;460,-10,1;465,14,5;485,-11,-2;550,-18,1
rua||parana|varzea|33233072|26,-1963531,-4388632;36,-13,2;46,13,79;51,-18,-111;52,7,8;54,16,127;56,-19,-140;60,-19,-57;61,14,60;67,25,140;70,-27,-154;71,-7,6;73,35,152;75,-36,-170;80,3,-8;83,32,183;85,-2,11;93,-4,17;97,-2,1;98,6,-30;100,-30,-207;105,23,240;115,-10,11;120,-6,6;374,-600,377;384,2,-1;394,14,-10;419,68,-33;429,-6,20;439,-28,-3;449,-12,18
rua||parana|varzea|33233142|325,-1964246,-4388087;335,18,3;345,21,-2;355,19,2;365,13,-1;375,46,-19;422,49,-27;432,-23,15
rua||para|joa|33233174|11,-1963871,-4387278;40,-232,-46;44,310,-112;49,-327,111;50,-1,-1;53,-8,1;55,-7,5;56,81,5;60,-80,-13;85,-25,1;95,5,1;100,-25,-1;115,-18,5;121,-12,-2;135,-17,0;160,23,-5;170,-30,0;180,-8,-8;205,-28,13;210,-12,-7;225,-10,4;230,0,-3;245,-23,1;566,-23,-1;576,-19,2;616,-20,-6;650,-36,-1;660,-34,-2;680,-23,-3;685,-4,4
rua||pau brasil|lagoa mansoes|33231630|41,-1965412,-4386484;70,26,4;100,-10,-28;135,-85,-118;140,80,82;150,-3,-21;155,-119,-101;160,110,85;165,-114,-91;170,106,75;180,-15,-16;185,-154,-58;190,142,43;195,-38,17;200,19,-37;205,-137,-15;210,131,10;230,-26,-24;254,-13,-1
rua||paula pinto|por do sol|33231004|5,-1960746,-4390908;10,-104,235;16,88,-243;20,22,4;30,1,3;60,4,-20;70,2,-11;110,8,-32;156,-126,262;222,12,-105;260,7,-32;270,6,-23;280,6,-24;298,-1,-8;305,0,-3;308,-35,167
rua||paula pinto|vila maria|33230895|15,-1960849,-4390544;25,0,-13;35,2,-13;43,1,-8;65,-6,-12;75,-2,-7;87,3,-19;115,4,-20;137,-3,-24;143,-7,-25;147,1,-25;151,-4,-9;185,1,-47;205,13,-56;235,7,-37;265,5,-29;285,10,-34;401,15,-83
rua||paulo ferreira|joa|33233266|37,-1964482,-4386906;295,-3,-6
rua||paulo ferreira|joa|33233268|27,-1964480,-4386903
rua||paulo mendes campos|jardim ipe|33239812|21,-1965105,-4391140;31,-9,-15;61,12,-14;71,7,-23;81,1,-9;91,-4,-5
rua||pavao|ipe|33236540|37,-1967129,-4388434
rua||pe horacio marques|santos dumont|33239228|3,-1964070,-4390334;9,8,-1;57,3,-21
rua||pedro henrique pereira de carvalho|sobradinho|33230244|9,-1961819,-4389549;10,-3,1;11,7,7;15,10,12;20,-13,-14;30,3,7;40,-1,12;50,3,6;65,7,-2;70,-1,18;80,3,14;90,6,13;120,4,7;185,2,69;229,2,29;230,-26,26;250,-21,34;260,1,-5;275,33,-27;280,-42,37;295,26,-24;305,-5,0;307,0,22;340,-20,8;350,-7,12;360,-1,8;390,-55,44;420,47,31;430,3,-15;434,12,34;436,-1,9;440,2,7
rua||pedro leopoldo|lapinha|33242000|20,-1957069,-4395610;40,0,0;45,-8,-21;146,-25,-62;152,-16,-21;175,41,97;236,-70,-140
rua||pedro paula carvalho|centro|33230150|16,-1962465,-4389469;21,-12,-1;37,-42,55;47,-142,-82;53,112,118;57,6,1;67,-5,6;69,13,-28;71,5,-9;77,-22,47;85,-7,1;87,-11,17;89,3,-10;91,0,0
rua||pegazo|acacias|33230786|5,-1960452,-4390689;7,3,-5;15,16,-10;17,3,9;20,6,-11;21,-6,-3;25,3,13;30,15,-12;37,2,-11;56,20,7;60,-8,0
rua||pelicano frade|visao|33239304|19,-1966958,-4389516;37,-36,-34;39,-10,-6
rua||pequi|condominio portal do vinhatico|33231028|180,-1958980,-4390907;210,26,83;245,14,76;250,-38,-153;279,-101,26;286,114,26;300,-9,-55;309,-125,21;315,3,-5;450,128,5
rua||periquito|ipe|33236552|38,-1967112,-4388266;42,-10,0;130,-110,28;132,-10,0
rua||pernambuco|joa|33233160|23,-1963831,-4387793;55,-21,8;60,-16,4;72,-159,77;85,140,-64;95,-16,10;105,-32,9;110,-19,7;115,44,-16;153,-103,50;180,-6,-4;220,-27,12;250,-10,7;300,-557,6;302,544,1;315,2,-2;320,-224,10;358,70,5;381,80,0;383,-17,-1;415,-21,3;800,-286,-11;820,-26,-4;855,-40,1;857,15,0;859,-2,3;860,106,0;861,-115,-2;863,-13,-3;869,-8,2;888,-18,-7;899,5,4
rua||pernambuco|varzea|33233160|720,-1964427,-4387686;832,-48,-1;836,-5,-2
rua||pernambuco|varzea|33233202|915,-1964689,-4387691;920,-13,-4;965,-21,6
rua||perobas|acacias|33230806|10,-1960422,-4390386;30,59,8;31,-31,-9;37,10,5;40,44,-5;45,-29,7;50,36,-8;55,-29,9;60,29,-8;70,30,3;75,-37,-9;85,10,-7
rua||perola|por do sol|33231048|20,-1960495,-4391083;40,27,6;50,8,4;60,12,5;80,14,11;82,-1,-5;90,12,3;100,10,3;110,19,0;112,-8,5;122,4,3;130,21,5;135,-6,-9;140,8,8;150,10,6;155,12,-5;160,0,9;165,4,-7;167,13,5;170,-4,8;175,16,-4;180,-9,7;190,7,1;200,17,6;205,12,-10;230,14,22;240,21,1;250,-2,4;252,9,3;255,1,-10;257,2,-3;260,6,15;275,12,-3;280,3,8;285,13,-3;287,7,5;290,-13,1;295,23,0;300,-6,16;304,-11,-19;305,20,5;310,-6,7;315,21,0;320,-11,-1;325,25,2;330,-12,5;340,6,1;344,10,4;350,5,-15;360,10,23;370,11,5;390,16,4;395,10,-5;400,10,10;404,0,-2;405,9,-2;410,-7,4;412,8,3;415,4,-2;420,2,8;421,11,-5;422,-4,1;425,18,6;430,-15,-5;434,3,3;440,11,3
rua||peru|joa|33233130|120,-1963880,-4387548;126,2,9;160,-68,-161;177,7,4;191,23,51;205,9,15;207,6,27;225,4,11;340,48,136;345,19,21;350,-3,7
rua||petalas|moradas da lapinha|33231534|15,-1959919,-4390866;25,21,2;30,3,3;35,2,3;40,-1,13;41,3,-15;50,3,13;55,3,3;60,20,7;65,-7,-13;69,-3,2;70,23,19;75,-33,-19;80,47,30;85,-21,-27;89,5,7;95,5,4;105,4,-1;115,5,6;119,1,4;125,1,1;135,28,8;145,-9,4
rua||petropolis|conjunto ovidio guerra|33239430|32,-1963656,-4391611;41,-52,-5;42,53,3;54,-8,-3;58,-11,-2;68,-5,0;72,-6,3;84,-10,-5;88,0,0;98,-9,4;102,-12,1;185,-56,-12;186,-11,-5;190,-9,-2;195,6,7;200,-12,-8;204,-10,-2;205,18,-3;215,-7,10;216,-18,-6;220,-5,-2;225,19,11;230,-27,-5;235,-48,-6;255,-6,11;274,-19,-22;286,-17,9;298,-45,-15;309,44,13;315,-6,-3;325,-22,-3;335,-22,-2;352,-22,-8;555,-3,0
rua||piaui|joa|33233168|65,-1963795,-4387561;70,-12,3;80,-15,9;85,16,0;95,-21,12;105,-16,3;115,-15,36;135,-16,-20;142,-17,0;145,-30,21;160,9,-11;165,-38,27;182,23,-18;185,-47,26;192,24,-15;200,-21,9;220,-7,6;237,-306,27;255,298,-21;260,-129,24;270,-15,1;271,125,-13;277,-269,15;280,120,-2;290,-6,0;300,-26,-5;310,-18,10;330,-45,-11;350,-16,-4;371,174,9;373,-26,6;385,-297,-9;390,-52,-15;391,35,11;395,-8,2;420,-33,-8;435,-13,7;630,261,-3;638,-78,0;640,-32,7;650,-32,-7;670,-19,-3;750,-97,0
rua||pinheiros|acacias|33230800|10,-1960444,-4390442;15,7,-10;20,-2,2;25,16,-8;30,-2,3;35,8,-5;40,-3,-1;45,17,-7;50,-4,7;55,8,-4;60,3,-1;65,7,-11;70,-4,6;75,11,-9;80,-3,8;85,8,-9;90,-3,11;95,16,-19;100,-4,9;110,22,-8
rua||pinto alves|acacias|33231028|2630,-1960658,-4390631;2650,18,-12;2654,21,7;2656,2,-23;2670,22,-10;2680,22,-20;2700,5,8;2710,11,1;2720,-23,2;2730,46,-18;2742,7,-4;2752,7,-13;2754,4,3;2764,36,-14;2770,-118,57;2774,100,-52;2910,82,-22;2916,20,-3;2920,-11,-3
rua||pinto alves|campinho|33231028|4880,-1958930,-4391149;4900,-4,-81
rua||pinto alves|centro|33230106|17,-1962618,-4389205;45,12,-8;57,16,-9;65,1,-6;87,16,-16;100,31,-6;102,3,-7;104,12,-1;134,16,-30;163,-5,-15;179,-41,-57;189,56,32;205,14,-12;235,-2,-8;247,11,-8;253,9,-7;265,18,-35;269,17,8;283,-21,-18;305,28,-3;310,6,24;330,5,-34;338,3,-5;840,286,-347
rua||pinto alves|centro|33230166|172,-1962499,-4389300;176,-15,-13;190,24,-12;194,7,-8;232,33,-39
rua||pinto alves|centro|33230329|614,-1962258,-4389644;634,14,-11;642,2,-2;644,4,-11;646,-2,5;652,2,-5;1345,556,-652;1395,31,5;1405,21,-2;1460,45,3;1465,-9,-7;1475,26,0;1497,-129,-9;1543,0,0;1638,131,12
rua||pinto alves|centro|33233256|1490,-1961660,-4390348;1526,-27,27;1538,29,-29;1558,106,-81;1567,-48,32;1570,-47,36
rua||pinto alves|centro|33234520|930,-1962110,-4389871;1034,27,-25;1038,41,-49;1300,299,-214;1314,9,-25;1360,4,-97
rua||pinto alves|centro|33234570|1840,-1961426,-4390471;1860,50,-12;1872,12,1;1888,27,2;1894,20,3;1926,15,-7;1934,10,-18;1944,-8,3;2030,14,-3;2050,54,-31;2070,110,32;2100,3,3;2390,160,23;2394,19,-2
rua||pinto alves|moradas da lapinha|33231530|3936,-1959386,-4390828;3966,21,-10;3976,-1,-3;3998,8,-3;4006,2,-3;4020,11,-5;4040,5,-6;4060,5,-1;4100,50,-41;4120,1,-3;4140,12,3;4435,-10,-19;4555,18,-21;4567,14,-7;4605,15,-19;4645,43,-35;4655,2,-3;4675,5,-30;4685,42,-18;4795,75,-56;4815,-2,-45;4855,42,3;4885,19,-30;4905,30,-29;4915,-37,-75
rua||pinto alves|por do sol|33231028|2425,-1960826,-4390548;2427,12,-4;2587,129,-75;2617,18,-9;2627,14,-12;2635,13,-3;2645,12,-3;2667,6,-9;3081,362,-93;3101,20,-1;3121,22,1;3133,3,4;3145,16,0;3171,27,8;3181,13,2;3185,6,-5;3191,-26,-1;3197,42,17;3201,-1,-5;3211,13,-2;3215,7,-17;3217,6,11;3221,15,-5;3245,11,2;3275,17,-3;3285,10,1;3293,7,5;3313,20,-12
rua||pinto alves|portal do vinhatico|33230180|4784,-1959054,-4391097;4810,-7,-1;4870,63,-60
rua||pinto alves|promissao|33230329|1059,-1962002,-4389989;1069,2,-31;1089,15,-2;1095,2,6;1109,30,-11;1133,48,-8;1169,15,-20;1295,104,-73
rua||pinto alves|promissao|33231028|1041,-1962058,-4389940;1043,2,0;1055,8,-17;1067,11,-10
rua||pinto alves|santa helena|33230880|2415,-1960886,-4390512;2423,19,-17
rua||pinto alves|sobradinho|33230106|370,-1962402,-4389456
rua||pinto alves|sobradinho|33230222|400,-1962364,-4389501;422,15,-26;484,14,-2;524,24,-42;542,11,-17;552,4,-9;574,6,-8;576,0,-4;596,12,-13
rua||pinto alves|vila maria 2|33230180|2390,-1960972,-4390451;2402,53,-28;2406,13,-7;2410,2,8;2414,38,-24;2420,17,-4;2440,-13,-8;2454,18,-3;2464,35,-37;2474,29,-8;2480,17,-8;2490,11,-8;2500,-1,-2;2510,14,-2;2530,2,-4;2550,25,-16;2570,15,-2;2590,6,-10;2735,161,-96;2771,12,-5;2775,4,-7;2777,8,5;2779,4,-2;2781,10,-7;2783,4,-5;2785,-1,1;2865,42,-18;2885,14,-3;2897,18,-1;2899,5,4;2901,3,1;2907,18,-10;2924,104,8;2967,-63,-8;2981,12,-1;3000,10,2;3010,42,2;3030,12,3;3060,21,4;3108,43,2;3140,-1,3
rua||pinto alves|vila maria 3|33230180|3200,-1960140,-4390738;3224,27,-7;3232,19,5;3260,2,2;3276,13,2;3286,19,0;3306,15,4;3314,4,8;3326,-3,-12;3330,16,9;3340,5,5;3350,5,-12;3360,15,-1;3380,20,-2;3388,31,14;3400,5,-11;3476,57,-1;3500,28,-7;3512,6,31;3522,18,-29;3544,6,-12;3548,10,25;3560,29,-32;3562,35,-2;3564,-27,7;3570,41,-9;3580,13,5;3640,13,-10;3650,-1,-7;3656,11,0;3716,34,2;3726,4,-3
rua||pinto alves|vila maria|33230180|2251,-1960976,-4390479;2255,24,-1;2305,18,-6;2315,24,-13;2401,3,1;3435,957,-244;3437,8,-3;3445,10,5;3455,30,-5;3475,5,-5;3485,16,1;3495,4,-5;3505,3,-4;3515,16,-1;3525,10,3;3545,31,-6;3555,3,2;3565,15,-15;3575,-4,-10;3585,20,14;3597,15,-2;3605,9,-10;3615,16,10;3625,4,3;3635,3,-17;3645,25,-3;3675,23,-11;3695,22,11;3705,12,-4;3715,14,-1;3735,10,-1;3755,74,-8;3835,-284,46;3841,328,-55;3851,19,-9;3885,9,2;3887,9,-5;3889,-2,-4;3899,11,6;3915,9,-3;3945,2,-2;3957,64,-16;3975,8,-8;3979,15,-9;3985,1,3
rua||pinto alves|vila pinto coelho|33230270|395,-1962382,-4389488;415,15,-23;425,6,-7;445,4,-7;505,28,-39;581,36,-54;589,7,-9;595,2,0;615,14,-22;641,14,-20;647,12,-12;653,0,-7;675,8,-3;707,11,-31;719,7,-10;731,22,-20;779,1,3
rua||pinto alves|vila pinto coelho|33230329|787,-1962179,-4389773;821,20,-31;841,33,-49;859,-19,28;873,15,-15;883,6,-10;903,-4,-23;907,11,6;1027,42,-53
rua||pinto alves|vila rica|33230850|3726,-1959646,-4390780;3766,19,-2;3800,14,-8;3806,11,2;3816,15,-5;3826,11,0;3836,16,-2;3846,4,7;3878,23,-6;3886,15,-8;3890,20,5
rua||pleiades|promissao|33231220|40,-1962195,-4391997;41,0,1;42,-1,1;47,29,15;56,-44,-21;66,-15,-10;70,-10,-7;93,-1,10;141,-44,-27;153,-18,-7;162,-6,-12;167,2,5;172,-16,-12;175,41,20
rua||porto velho|vila militar|33236038|10,-1964687,-4389792;20,-15,46;30,-9,51;40,-9,50;50,1,53;60,0,46;70,24,41;210,62,184;220,19,64
rua||possiano figueiredo|lapinha|33242000|64,-1957561,-4394258;95,39,-23;115,6,-4;125,7,-4;130,7,12
rua||pouso alegre|conjunto ovidio guerra|33239434|21,-1963879,-4391309;27,-2,-12;29,2,-20;34,1,19;38,1,2;39,-6,-21;86,3,-40;89,-10,5;106,13,-32;110,-3,1;125,-8,-7;126,4,-10;139,3,-25;160,-1,1;169,2,-14;172,5,8;177,-5,-17;180,-4,6;194,12,-18;198,-2,-3;215,-4,-8;222,9,-27;225,-7,27;236,10,-32;240,2,-4;250,12,-134;285,-15,65;364,12,-55;380,4,-7;384,0,-5;394,0,-4;398,3,-21;410,-4,9;436,11,-36;440,-12,2;445,5,-21;452,-2,14;456,0,-5;466,2,-19;475,-1,-10;486,6,0;520,3,-34
rua||prata|conjunto ovidio guerra|33231052|21,-1964273,-4391456;31,3,12;245,54,-12
rua||prata|por do sol|33231052|15,-1960545,-4390993;25,-1,-15;30,-6,30;95,23,-68;105,1,-3;115,4,-16;116,-8,14;125,12,-30;777,-45,95
rua||primavera|moradas da lapinha|33231552|10,-1959521,-4390968;15,3,-8;20,7,14;25,14,5;30,0,4;35,-15,-11;45,26,11;50,3,10;55,5,-1;60,6,6;65,2,-1;70,8,-2;75,-5,7;80,5,2;85,-3,3;90,8,2;95,3,-3;100,4,5;105,8,-3;110,8,14;115,-10,-12;120,10,11;130,6,-1
rua||p|condominio gran royalle|33237036|50,-1966481,-4385138;75,43,20
rua||p|novo santos drumond|33241899|10,-1965653,-4389160;70,-81,8;330,-73,82;340,-9,7;580,187,-93
rua||quartzo|conjunto ovidio guerra|33239440|12,-1964036,-4391496;13,-6,3;16,8,-4;17,-10,0;26,7,-5;27,-10,-4;31,-2,-5;40,7,-6;41,-10,1;44,2,-9;45,-6,3;56,2,-8;57,-8,0;60,8,2
rua||quatoze|sangradouro|33242000|13,-1958133,-4393322;14,-142,-222
rua||quatro champagne|condominio champagne|33233096|11,-1966509,-4387466;35,-23,0;65,-61,13
rua||quatro champagne|condominio champagne|33234520|20,-1966524,-4387470;60,-80,14
rua||quatro morada do sol|condominio morada do sol|33234570|10,-1966856,-4387360
rua||quatro|condominio lagoa santa park residence|33241899|15,-1965353,-4385412;25,2,12;29,-9,-157;39,8,3;50,-10,10;60,4,9;85,7,318;95,0,8;110,-10,-234;202,0,222
rua||quatro|francisco pereira|33236352|45,-1965921,-4387524;60,3,17
rua||quatro|joa|33233310|20,-1964008,-4386761;30,-6,-8;35,1,13;40,1,-2;45,-17,-10
rua||quatro|lundceia|33230022|192,-1963372,-4393314
rua||quatro|ovideo guerra|33230448|45,-1962775,-4391650;65,31,7
rua||quatro|por do sol|33231008|10,-1960748,-4390908;20,8,0;30,-2,2;40,3,-16;50,7,-18;70,-2,3;80,3,-14;90,-1,-1;100,6,-14;110,-3,-9;120,3,-9;130,4,2
rua||quatro|portal do sol|33234194|80,-1960061,-4389433;85,-6,-4;86,12,0;87,-11,-19;100,13,-2;120,7,-25
rua||quatro|residencial parque dos buritis|33234518|115,-1958318,-4390123
rua||quatro|trilhas do sol|33230720|9,-1960998,-4389946;15,-2,-6;25,2,-10;30,14,-9;35,-11,0;37,-3,-17;40,9,-1;42,-1,-10;45,-7,4;47,-3,-3;50,11,-14;55,-10,3;56,10,-2;57,-5,-7;59,-2,-13;65,1,-14;70,8,1;74,-6,-4;75,4,8;77,-5,-8;85,2,-12;87,-1,-8;90,6,-8;92,0,-6;95,-5,-2;97,0,-6;100,5,1;104,0,-11;105,-6,6;107,3,-8;110,5,-6;112,2,-14
rua||quatro|varzea do lobo|33230019|30,-1963592,-4392748;60,19,-26;70,1,-2
rua||quatro|varzea do lobo|33230022|47,-1963590,-4392747;57,11,-23;75,38,-49;89,0,2
rua||quatro|varzea|33233386|11,-1963409,-4386934;28,1,-62;45,-4,-12;50,4,8;55,-9,-21;67,-1,-15;75,3,-16;80,4,28;85,-7,-62;90,8,50;101,-7,54;110,2,-104;120,-3,-14;140,-2,-40;145,-1,32;170,0,-95;175,-1,101;195,-27,-107
rua||quatro|varzea|33239690|135,-1963427,-4393237;205,66,-91;290,9,-21
rua||quatro|vila jose facundes|33230448|3,-1959139,-4390790;5,-8,7;10,-12,-5;15,11,2;20,-11,-4;25,1,2;30,0,5;35,-9,0;40,-1,0;45,-3,1;50,2,5
rua||quatro|village do gramado|33241899|260,-1965904,-4387917;272,-55,-9
rua||quintino bocaiuva|jardim ipe|33239810|20,-1965273,-4391134;25,7,3;30,6,-1;35,7,2;40,6,0;50,11,4;65,20,-2;80,9,3;90,14,5;95,15,-2;100,-5,7;110,12,-5;115,18,1;170,29,10;226,-28,-5;235,9,-7;236,1,8;245,11,-5;250,-9,5;255,24,1;260,-19,0;280,14,2
rua||quintino bocaiuva|por do sol|33231020|61,-1960564,-4390739;67,-1,2;69,0,0;116,34,-38;141,10,-49;240,31,-2;242,1,-1;272,23,3;276,11,5;280,4,7;284,11,0;294,40,13;306,7,-5;346,37,18
rua||quintino bocaiuva|vila maria 2|33231020|287,-1960431,-4390814;291,14,4;293,5,5;345,5,-1;355,7,6;377,62,14;425,26,0;435,2,2
rua||quinze de agosto|sobradinho|33230224|22,-1962300,-4389567;38,13,6;44,7,10;49,-11,-16;51,9,10;53,4,3;55,5,2;57,3,6;63,7,0
rua||quinze|vila fagundes|33231586|15,-1959166,-4390608;20,-19,1;25,16,4;35,-7,-7;45,-6,7;55,-9,5;65,-15,3;70,-11,-2;160,21,-2;325,-16,11
rua||q|novo santos drumond|33241899|20,-1965673,-4389285;30,-387,600;85,370,-600;95,-34,5;100,44,-1;105,-35,7;110,7,-11;115,17,1;120,-38,4;130,-11,2;161,-67,28;170,-9,9;203,-1,-2;205,-18,38;225,-10,-11;270,-77,104;285,34,-51;300,-56,145;305,38,-114;335,-13,22;345,-17,73;493,-5,24;515,1,40;560,-44,148;600,24,-19;602,2,11;604,-2,-23;680,-3,37;682,-1,1;688,-34,36;690,-52,33;699,14,-6;700,66,-10;701,-74,13;702,76,-3;705,-99,39;712,5,-20;790,-18,35;860,60,34;1615,97,-445;1623,-11,51;1635,-3,14;1765,-8,81
rua||raimunda coelho pinto|residencia lagoa santa|33239012|5,-1963071,-4391042;10,14,-1;15,-14,-5;20,7,5;25,-9,-1;30,7,-19;35,-11,1;40,1,-8;45,-6,5;50,2,0;55,6,13;60,10,4;65,-20,-15;70,21,13;75,-31,-27;80,-26,-50;85,27,39;90,-23,-40;95,20,38;100,-4,-15;105,8,16;110,-26,-41;115,18,27;120,-7,-29;125,4,24;130,-11,-20;140,3,-3;145,-7,-1;150,38,56;155,-37,-59;159,12,-6;160,-17,0;165,7,13;170,5,6;175,-5,-5
rua||raimunda isolina de bastos|conjunto vila maria|33241899|20,-1959970,-4390591;25,-9,-7;30,7,-6;35,-11,10;40,14,-10;45,-4,0;50,-14,-88;55,6,65;60,-9,-68;65,9,59;70,-4,-55;75,0,49;80,9,53;85,-10,-65;90,2,-5;95,-4,3;100,0,-2;105,-1,-9;110,13,-30;115,-14,13
rua||raimunda mariano|francisco pereira|33236276|305,-1965493,-4387698;321,-24,14;360,-31,16;361,16,-4;370,-26,17;380,-25,23;381,38,-25;390,-53,37;400,-20,13;405,34,-19;410,-41,30;450,-7,11;503,19,-11;549,-41,37;559,32,-31;565,-60,64;570,22,-22;575,-16,11;580,13,-10;590,-23,11;595,-6,19;600,-21,-15;604,18,11
rua||raimundo francisco de moura|acacias|33230810|715,-1960286,-4390712
rua||raimundo francisco de moura|conjunto vila maria|33230810|20,-1960373,-4390712;30,16,-1;40,11,0;50,16,-6;60,3,3;101,435,16;110,-82,8;125,-122,-8;140,23,1;215,103,12;235,-95,-13;250,56,1;260,-15,3;295,104,0;305,-11,7;575,-233,-11;577,-2,-4;579,-4,-5;581,11,3;583,-20,4;591,-1,-7;615,-4,10;671,-50,-10;685,-4,1;695,-14,0
rua||raimundo francisco de moura|vila maria 3|33230810|15,-1959656,-4390727;25,-24,-12;30,4,-3;35,-5,14;45,-13,-11;55,-4,7;60,-9,-5;65,-3,9;75,-9,1;85,-10,-2;95,-60,15;105,43,-12;115,-10,4;125,-1,-2;165,-108,18;210,46,-10;220,-2,-1;280,-69,10;356,-59,9;360,-17,-4;500,-98,-3;510,-12,8;530,-22,-11
rua||raimundo gomes de rezende|conjunto ovidio guerra|33241899|50,-1964381,-4391288;52,-7,-3;60,-28,-12;70,18,5;97,-53,-18;161,9,0
rua||raimundo gomes de rezende|coronel ovidio guerra|33239403|56,-1964423,-4391309;160,-28,-15
rua||revenopolis|francisco pereira|33236288|330,-1965695,-4386580;340,-3,8;344,-5,4;350,-6,9;360,-22,16;366,-7,-10
rua||rezende|conjunto ovidio guerra|33230834|41,-1963678,-4391535;55,0,-9;59,-18,1;65,-6,-4;69,2,2;85,-23,0;95,4,-5;99,-3,4;125,-14,-5;170,-46,-9;172,0,0;180,-17,-8;183,1,15;187,-3,-6;190,-1,-9;194,-3,2;199,-1,5;203,-5,-1;213,-7,-2;217,-6,-2;265,64,14;275,-7,-11;287,-85,-4;371,-108,-12;383,-14,-1
rua||rio grande do norte|joa|33233164|15,-1963829,-4387668;23,-8,3;30,13,-12;33,-28,17;40,16,-13;60,-40,21;106,-12,5;135,-35,24;141,-18,8;157,-28,17;173,-21,9;180,11,-12;213,-22,15;250,-34,10;253,-7,10;263,-12,5;330,-77,1;340,10,-1;345,3,7;365,-27,-3;375,-12,2;385,-14,-1;390,3,-3;395,-13,-1;401,-45,5;405,16,-4;450,30,-1;540,-56,-3;542,17,-2;545,-22,8;560,-20,-6;565,-15,7;566,-21,-65;570,19,58;590,-26,-3;595,-28,2;600,4,-2;609,-8,6;610,-12,-8;619,-17,7;675,-62,-4;685,-50,-5;695,51,4;720,-8,-4;730,-23,7;745,9,-18;760,-20,15
rua||rio grande do sul|joa|33233138|11,-1964190,-4388193;39,-21,2;41,-13,-5;45,-10,-3;55,-18,0;80,-33,-10;85,-14,12;115,-23,-5;125,-14,3
rua||rio grande do sul|varzea|33233138|12,-1964204,-4388202;24,-11,2;44,-18,-5;60,-29,2
rua||rita de cassia saborido|varzea do lobo|33241899|1515,-1962192,-4393566;1580,-22,26;1670,64,-53;1700,33,10;1730,14,0;1950,-155,71
rua||rita teixeira|palmital|33234570|15,-1958609,-4390298;18,30,24;19,-28,-47;20,24,42;22,-5,-15;26,-12,-16;29,8,4;129,-26,-40;132,30,-26;135,-51,21;139,-26,5;144,35,-12;149,-14,-20;153,-7,-16;168,19,27;170,-17,-28;177,1,0;182,8,-15;187,-53,11;189,71,60;197,-67,-82;200,15,-8;230,9,11;237,-32,-27;257,-1,0;275,3,2
rua||rodrigues costa|condados da lagoa|33240298|585,-1965630,-4393186;669,-4,200;709,0,3;789,4,-96;1180,49,-282;1200,23,-21;1245,20,-29;1250,13,7;1267,-4,-35;1297,21,14;1300,16,5;1313,-3,-11;1317,5,-5;1325,14,-6;1345,35,-22
rua||romaria|moradas da lapinha|33231556|15,-1959489,-4391117;21,10,2;25,6,4;30,0,14;35,17,-3;36,33,30;40,-42,-24;45,2,-11;50,1,16;51,-1,-9;55,7,-5;60,6,20;65,4,-11;70,-6,20;75,12,-14;80,-6,2;81,6,-1;85,8,3;90,0,11;93,4,-9;100,-1,12;101,8,-8;105,1,1;110,3,14;115,1,-11;119,6,5;122,3,6;125,2,-2;126,0,0;130,2,8;135,1,-9;136,0,9;139,6,-6;140,5,16;145,4,-12;150,-3,9;155,10,-1;160,-2,7;165,7,-4;170,0,11;175,-1,-9;180,10,10;181,2,-8;185,2,1;186,1,9;190,7,5;195,1,-8;200,-5,20;210,13,-2;215,4,-11;220,3,16;225,-6,-14;230,19,9;235,0,-1;240,5,14;245,1,-8;250,0,11;255,6,-8;260,0,16;265,9,-12;279,4,1
rua||ronan andrade de oliveira|conjunto bela vista|33239186|14,-1963945,-4390694;28,0,-12;42,-4,-16;56,0,-18;68,-3,-13;96,4,-18;110,-2,-13;124,-2,-17;136,-1,-15;152,4,-9;176,-7,-18;190,1,-26;204,-1,-3;218,-2,-22;230,2,-12
rua||ronan andrade de oliveira|santos dumont|33239186|13,-1963955,-4390696;23,-1,-11;37,-2,-13;49,-3,-4;61,2,-21;73,7,-13;85,-9,-14;97,1,-10;109,3,-10;121,-8,-4;133,7,-9;145,1,-8;157,0,-6;169,-6,-23;181,-2,-8;193,7,-22;205,-7,-7;217,0,-19;231,-3,-12;245,1,-4
rua||rosa miguel salomao|antonio jose salomao|33230192|30,-1962444,-4389504;46,10,-14;50,5,-6;55,3,-20;60,3,10;69,-1,-11;70,6,5;82,10,-14;83,-3,-6;92,8,-2;98,8,-18;99,-7,13;125,3,-9
rua||rouxinol|ipe|33236536|80,-1967236,-4388660;120,-44,0;130,-18,3;140,-8,-1;200,-48,-1;255,-69,24
rua||rubens vaz|aeronautas|33236432|60,-1966427,-4388720;65,10,-12;75,-6,-55;95,-3,78;105,3,26;115,3,10;135,1,7;201,2,97;208,-8,-41;218,0,25;221,5,12;224,-1,11;230,-5,-4;238,-1,8;250,16,8;268,-4,16;285,-1,7;290,-7,9;295,8,-6;299,-3,13;307,2,22;317,-2,-1;320,-4,8;327,-1,6;360,4,39;365,4,10;375,1,-4;380,-5,11;385,2,6
rua||rui barbosa|varzea|33233032|10,-1963960,-4388721;18,-1,8;23,11,-1;30,-8,10;39,10,11;48,-5,6;59,7,11;60,-2,-1;71,5,5;72,1,5;73,-2,11;76,8,1
rua||sabara|varzea|33233014|3,-1964328,-4388507;5,1,12;7,2,-2;13,9,12;20,-9,-18;63,19,33;67,-18,-6;77,1,20;89,-1,9;93,-6,10;95,6,6;102,-6,-24;103,14,42;107,-10,3;117,-29,32;122,24,-46;127,2,24;132,-3,-4;143,-14,6;148,3,-2;159,-13,2;227,-42,3;237,-8,1;238,8,-1;250,-12,3;260,-10,-2;278,-17,5
rua||sabia|ipe|33236558|150,-1967308,-4388093;300,78,-62
rua||sacadura cabral|aeronautas|33236434|50,-1966501,-4389026;80,-1,6;105,8,11;115,4,171;125,-2,-117;130,-2,15;131,5,5;140,-5,-2;150,-3,19;160,-3,2;162,16,461;170,-14,-425;180,3,8;210,1,17;215,0,15;220,-3,-3;225,2,73;255,9,-42;275,-3,27;285,-5,17;295,26,80;299,-24,-63;305,0,8;339,4,99;391,-2,17;441,8,69;457,-10,-32;465,28,-30;475,-16,-2;491,-8,77;589,-6,-459;591,8,469;607,0,16;614,10,90;620,-12,-4;627,4,-81;657,4,22
rua||sacadura cabral|santos dumont|33236434|262,-1966494,-4388780;296,2,30;326,-2,38;336,-3,0;460,8,135;470,0,14;480,-1,6;540,-4,37;556,3,19;566,-2,-6
rua||safira|por do sol|33231054|7,-1961001,-4391171;25,19,-115;35,-1,9;45,-4,7;65,-6,16;67,5,11;75,-6,9;95,8,16;105,-9,19;115,-1,18;125,-1,5;140,0,19;145,0,8;154,0,30
rua||said alcici|centro|33230152|20,-1962610,-4389419;71,11,-20;74,-1,6;76,6,-2;81,2,-5;90,0,-7;100,10,-6;111,-4,-4;116,7,-5
rua||sandro cardoso de souza|jardim imperial|33234156|5,-1960305,-4389982;140,-1,29;142,-3,3;155,5,-12;157,3,15;165,2,12;167,0,1;175,10,12;180,-3,38;190,-9,-36;192,3,6;195,6,13;197,-1,12;205,11,9;210,-11,-10;230,-1,0;232,3,8;245,35,26;247,7,-1;249,15,14;251,18,6;255,-18,-14;260,-27,-5;262,4,6;268,-5,-7;270,17,13;280,3,3;282,7,0
rua||santana|lapinha|33233036|16,-1957905,-4393979
rua||santana|lapinha|33242000|62,-1957936,-4393983;78,-33,2;180,-91,-9;308,-140,2;333,-204,-304;403,191,188;413,-20,4;415,12,-21;445,0,1;459,-12,-20;469,-16,-9;474,-7,143;475,-12,-11;476,4,-16;479,11,-117;488,-34,120;499,10,-131;509,-20,-3;542,-47,118
rua||santana|sangradouro|33242000|1,-1958757,-4393378;4,95,-293;6,39,-117;8,36,-118;9,-48,-48;11,238,-95;15,-210,241;17,-71,206;18,-24,75;19,-25,63;20,-24,79;45,822,-605;69,-17,9;81,-51,53;89,1,-27;91,70,-20;100,-628,-18;109,84,1;112,-88,10;120,26,-84;130,-35,107;132,-10,39;225,536,-63;255,-35,-2;269,-22,7;271,-5,3;275,-21,-9;297,0,3;299,-17,6;301,-50,-5;317,-13,-2;375,-20,-6;383,328,21;429,-335,-27;735,-204,-65;999,-215,-31;1127,-94,48;1133,-136,-29
rua||santos boschi|santos dumont|33230013|36,-1963791,-4390089;56,27,-28;76,9,-17;100,3,-2;160,32,-39;196,27,-35;236,29,-40;256,11,-30;312,31,-14
rua||santos boschi|vila joana darc|33230013|169,-1963741,-4390166;171,18,-10;179,15,-25;187,1,-11;209,32,-33;231,18,-23;257,10,-4
rua||santos dumont|aeronautas|33233092|300,-1966797,-4388797;310,-2,-1;320,17,3;330,16,-1
rua||santos dumont|aeronautas|33236436|2,-1966240,-4388812;15,22,-28;20,-815,47;25,-8,-3;54,71,7;57,-30,-4;67,19,-4;77,17,-1;84,-33,6;130,50,12;137,40,-20;140,-17,8;144,12,-2;155,717,-17;305,-578,10;315,268,-3;370,-213,8;375,82,-4;380,-64,4;399,26,-10;409,9,-6;419,9,6;439,35,6;517,88,-7;527,21,-3;626,112,27;630,-7,1;640,23,-3;645,116,-35;660,-153,31;675,90,-20;695,10,-4;712,63,-1;725,8,-3;728,28,10;755,9,-9;765,14,3
rua||santos dumont|conjunto ovidio guerra|33233092|41,-1963678,-4391466;42,6,-10;53,-15,2;54,5,-10;58,-10,11;68,0,0;69,-11,0;72,0,-9;79,-15,6;84,12,-2;88,-10,-1;89,0,3;98,-5,-8;101,-14,2;102,-1,-4;112,-3,-3;115,3,10;170,-44,-13;183,-25,0;186,-3,-8;187,-8,12;190,8,-6;197,21,7;199,-32,-4;200,7,-6;203,-15,8;204,5,-12;213,-10,7;216,-5,-5;217,-6,7
rua||santos dumont|lundcea|33241899|15,-1963594,-4391461;25,-9,-1;35,-6,1
rua||santos dumont|novo santos drumond|33233092|755,-1966149,-4388815;777,0,0
rua||santos dumont|novo santos drumont|33233092|670,-1966139,-4388814
rua||santos dumont|ovideo guerra|33239424|22,-1963581,-4391464;28,-25,1;30,3,-8;34,-2,-3
rua||santos dumont|palmital|33233092|345,-1958960,-4390233;361,8,-78;365,-33,117
rua||santos dumont|santos dumont|33236436|472,-1966620,-4388801;482,22,-2;486,3,0;492,8,3;496,6,-6;522,29,10;532,18,-6;542,15,0
rua||santos dumont|varzea|33233092|39,-1962969,-4388613;70,8,-8;80,-8,-6;96,3,14;100,61,-141;112,-42,80;120,-31,89;128,60,-142;140,-11,17;172,-78,159;182,-3,27;222,1,-3;223,11,31;250,-40,-18;254,6,-1;260,-9,-1;263,-11,-3;264,9,5;274,-6,-2;284,-8,-3;285,-14,7;290,-3,-14;296,-4,9;365,13,116
rua||santos dumont|vila asas|33240054|25,-1966150,-4390863
rua||seis champagne|condominio champagne|33234520|15,-1966376,-4387433;55,-146,-358;65,51,-12;95,92,380
rua||seis|joa|33233312|15,-1964061,-4386874;20,4,95;25,-14,-90;45,26,48;75,0,46;80,-8,21;105,12,45;115,9,22
rua||seis|lundceia|33230022|380,-1963696,-4392953;400,50,-40;410,7,-4
rua||seis|promissao ii|33230408|20,-1962814,-4390968;25,-7,4;29,-1,-12;34,3,3;35,-4,-5;39,0,-2;45,-9,-13;46,3,11;47,13,-8;49,-13,-2;50,-4,6;53,3,-11;59,2,-6
rua||seis|residencial parque dos buritis|33234526|92,-1958444,-4390049
rua||seis|varzea do lobo|33239690|135,-1963709,-4392750;185,-5,-11
rua||seis|vila jose facundes|33230408|15,-1959239,-4390816;23,2,5;30,3,-2;35,-3,9;40,-1,1;45,6,4;50,-2,4;55,6,3;60,-6,3;65,7,2;70,-1,1;75,9,3;80,-6,8;85,4,-1;90,-1,8;95,6,2;100,-8,3;105,3,4;110,4,3;120,1,0;125,-17,-48;130,19,55;140,-3,9;145,12,5;150,-5,-5;155,8,11;160,-3,5
rua||seis|village do gramado|33241899|1,-1966143,-4387723;13,4,-4;15,8,-1;16,54,21;25,-39,-19;40,20,13;55,12,-5;60,7,8;65,6,-3;70,13,5;75,-2,-1;80,-2,9
rua||sem denominacao 12|trilhas do sol|33234136|2140,-1960893,-4389930
rua||sem denominacao 1|campinho|33239304|45,-1956719,-4391802;50,5,-7;55,-3,-2;2291,3,-5;2293,-5,23;3065,-2,5
rua||sem denominacao 1|mariposas|33230430|1567,-1961616,-4390495
rua||sem denominacao 1|palmital|33234310|1000,-1959724,-4388560
rua||sem denominacao 1|palmital|33234530|14,-1959032,-4388655;28,8,31;85,-20,-13
rua||sem denominacao 1|vale dos sonhos|33233096|653,-1960882,-4389772;657,0,0;675,-7,-27;677,-5,-7
rua||sem denominacao 1|vale dos sonhos|33239304|65,-1961205,-4389518;67,4,-2;70,-96,-125;74,2,1;135,83,-53;137,0,0;205,127,-59
rua||sem denominacao 2|palmital|33234310|17,-1959745,-4388298;18,11,-14;19,35,-49;31,-273,81;2500,257,-238
rua||sem denominacao 2|redencao|33233096|85,-1960363,-4389382;108,-23,19
rua||sem denominacao 2|redencao|33234520|44,-1960352,-4389407;88,-5,15;98,-11,0;112,-6,10
rua||sem denominacao 2|vale dos sonhos|33239304|285,-1960972,-4389709;287,4,-1
rua||sem denominacao 3|redencao|33234144|87,-1960417,-4389431
rua||sem denominacao 4|redencao|33234520|20,-1960434,-4389342;135,-54,-49
rua||sem denominacao 4|redencao|33239304|59,-1960461,-4389377
rua||sem denominacao 5|redencao|33233096|105,-1960508,-4389501
rua||sem denominacao|campinho|33230001|8,-1957306,-4392051;10,8,-3;14,9,-4
rua||sem denominacao|campinho|33231028|4872,-1958953,-4391145;4874,-8,86;4876,13,-85
rua||sem denominacao|campinho|33232000|363,-1958319,-4392757
rua||sem denominacao|condominio amendoeiras|33240032|165,-1965636,-4392285
rua||sem denominacao|conjunto ovidio guerra|33241899|35,-1963969,-4391614
rua||sem denominacao|lapinha|33233036|35,-1956922,-4395396
rua||sem denominacao|lapinha|33242000|50,-1956896,-4395407;60,0,0;70,8,-12;80,2,2;395,-56,40
rua||sem denominacao|palmital|33234310|27,-1959730,-4388829;29,3,221
rua||sem denominacao|palmital|33234406|28,-1959726,-4388802;30,9,210;65,715,-350;100,-4,-1;105,14,-18;120,-23,40
rua||sem denominacao|palmital|33234530|1,-1959229,-4388879;26,-357,-149
rua||sem denominacao|sobradinho|33239304|265,-1961565,-4389238
rua||sergipe|joa|33233154|5,-1963846,-4387916;12,90,-45;15,-16,17;16,-13,-8;18,-15,1;22,-61,36;45,-36,25;65,-13,5;315,51,4;460,-299,91;470,-32,1;485,13,8;500,-40,-11;505,0,4;510,-25,-2;515,10,-1;520,-37,-2;530,6,-9;535,-7,12;538,-11,-6;567,-15,5;587,-22,1;865,-106,0;885,-45,-2;975,-124,-10;979,-6,-2;985,-5,1;1000,-28,-58
rua||sergipe|varzea|33233154|50,-1963896,-4387900;58,-29,16;150,-77,38;210,-24,10;220,-10,1;742,-818,77;754,-34,13;760,-20,11;780,-16,9;1020,250,-89;1045,-8,10;1057,-37,0;1058,11,-8;1111,-63,19;1180,-17,1;1205,-33,21;1275,-64,37;1295,-5,5;1311,-12,-7;1313,-6,14;1315,-11,-2;1317,1,5
rua||seringueiras|acacias|33230802|5,-1960422,-4390409;15,7,-7;25,0,0;26,7,8;35,11,-12;36,-2,5;40,13,-4;45,-5,-3;50,9,4;55,-4,-3;60,17,-1;65,-4,-9;70,2,3;75,7,-2;80,10,-1;85,-2,-11;90,4,12
rua||servidao manoel de souza|lagoinha de fora|33233096|34,-1968227,-4384706;57,10,3
rua||sete de setembro|francisco pereira|33236304|40,-1965749,-4386928;50,11,1;55,-8,-1;60,20,-2;65,6,0;70,6,2;260,-1,-2
rua||sete|condominio lagoa santa park residence|33241899|12,-1965238,-4385391;24,49,39;39,-45,-11;49,-19,4;118,-45,95;123,6,71;133,1,5;143,-1,13;156,1,-15;171,2,18;176,-3,24;200,-6,43;228,10,57
rua||sete|ovideo guerra|33230440|80,-1963027,-4391677;150,-77,-89;170,-17,-11
rua||sete|promissao iii|33230362|15,-1962735,-4390342;31,10,-15;123,35,-68;133,3,-7;143,4,-14
rua||sete|promissao|33230362|36,-1962715,-4390368;46,9,-16;164,38,-98;168,9,-4;170,13,-18
rua||sete|residencial parque dos buritis|33234524|210,-1958520,-4389986;345,1,150;375,-3,32;385,-2,20
rua||sete|trilhas do sol|33230712|15,-1961132,-4389882;25,-1,-16;27,1,-7
rua||sete|trilhas do sol|33230714|10,-1961098,-4389952;20,-6,-40;36,16,-12;46,-21,15;75,-12,85;77,-1,-10;81,3,-9;89,0,-8;105,-2,-7;109,5,-6
rua||sete|varzea do lobo|33230022|25,-1963535,-4392616;75,-55,-45;85,-31,-31;105,-26,-21;127,-41,-35
rua||sete|vila fagundes|33231570|520,-1959187,-4390472;530,4,7;540,3,6;550,-2,2;560,6,11;570,2,7
rua||sete|vila fagundes|33231574|157,-1959269,-4390685;180,-4,-1;185,10,15;190,-2,-3;192,-3,4;205,8,4;210,-6,0;215,-1,8;220,-2,-6;225,9,12;230,-8,0;235,13,5;240,-3,1;245,6,4;250,-5,4;253,13,6;255,-2,-8;260,-4,2;265,5,11;270,-7,-4;275,14,6;280,-2,5;285,-5,0;290,9,4;295,-4,8;300,4,-3;310,5,5;315,-2,8;320,5,-2;330,-2,10;345,1,4;350,-2,8;355,4,7;360,-2,1;365,4,9;370,1,-3;375,0,5;380,0,-2;385,1,6;390,2,2;395,1,7;400,-2,-3;405,7,8;410,-1,0;415,1,3;420,3,1;425,3,9;430,1,-2;435,2,10;440,1,-3;445,0,10;450,-4,-1;460,8,1;465,4,13;475,2,5;480,0,-4;485,2,8;490,-2,-5;495,16,10;500,-9,5;515,5,4;525,2,6;535,5,9;545,-10,14;555,14,9;565,3,-5
rua||sete|vila jose facundes|33230362|10,-1959311,-4390789;15,-1,4;20,4,6;25,-2,-9;35,7,12;40,-1,0;45,6,6;50,-4,3;55,3,3;60,-2,1;65,2,11;70,-2,3;75,5,3;80,-6,-6;85,10,11;90,-4,-3;93,4,6;95,5,9;100,-4,-4;110,3,-3;115,2,16;120,-4,-10;135,6,9;145,10,16;150,-4,-2;155,4,3
rua||sete|village do gramado|33241899|15,-1966137,-4387801;16,-21,-3;26,13,3;30,15,-5;40,24,18;50,-9,-7;60,20,8;80,21,7;85,-27,-9;94,38,13;100,3,-3;105,11,1;110,1,5;120,15,3;140,22,3;145,1,-2
rua||silva bastos|residencial eldorado|33234696|15,-1957667,-4391301;26,-3,-5;36,-3,-2;55,-72,4;75,-17,-2;77,-4,2;80,26,-7
rua||silverio alves|lagoinha de fora|33246000|55,-1968138,-4385146;56,4,-8;60,-114,-2;70,5,4;90,14,0;100,14,4;105,30,-6;120,8,10
rua||silvianopolis|francisco pereira|33236308|15,-1965824,-4386708;25,16,12
rua||silvio pena salles|palmital|33234250|7,-1959749,-4390028;14,-10,6;54,-13,44;94,-8,16;107,0,15;120,-8,7;146,-9,18;170,-11,29;190,-7,13;195,2,16;205,15,-35;227,-29,69;228,-3,-10;240,-8,21;285,1,24;302,-4,-7;304,-11,39;306,-6,13;319,11,-10;329,-9,4;339,-9,18;354,-3,12;359,-6,15;371,-1,-3;374,3,-4;394,-10,24;425,-3,28;426,1,8
rua||sirius|portal do sol|33230040|55,-1960089,-4389354;57,12,-25
rua||sirius|portal do sol|33233096|204,-1960102,-4389283;222,0,-13
rua||sirius|portal do sol|33234194|20,-1960100,-4389278;30,21,-104;58,14,-33;60,3,-3;80,1,-13;86,1,-10;100,8,-13;120,6,-24;940,-50,155;960,10,-9;964,-2,-5;970,2,-9;972,-1,-6
rua||sol|varzea|33233105|7,-1963362,-4388389;10,4,-11;30,-15,11;40,-10,11;50,-7,7;60,-10,4;70,-12,13;90,-13,13;120,-27,26;130,-8,3;135,6,6;140,-20,3;145,8,2;150,-17,16;155,9,-6;165,-10,10;170,-8,8;175,0,6;180,-7,-1;185,1,12;190,-12,2;195,3,13;200,-2,0;205,-4,12;210,-3,-2;215,0,7;216,-6,5;220,-3,5;225,5,1;235,1,0;240,-11,11;245,0,6;250,-8,9;255,5,-3;260,-6,9;265,-1,7;270,-9,8;275,3,7;280,-9,4;285,5,-1;290,-10,5;295,9,8;299,-7,4;300,-6,1;305,-2,0;306,3,2;310,-10,17;312,2,-2;315,5,1;320,-10,2;325,4,2;330,-7,2;332,-2,7;335,1,7;345,-2,10;350,-6,-2;355,3,7;359,-5,12;360,-3,-6;365,-7,17;370,4,-10;372,-7,3;374,-5,5;375,2,13;376,-2,-6;382,-1,3;385,-3,10;386,-1,-2;394,-6,-4;395,7,19;400,-7,-8;409,-1,5;415,3,9;420,-16,1;425,16,14;427,-4,7;430,-18,-10
rua||sucena daher|promissao|33230630|5,-1961982,-4390290;7,5,-4;10,4,-9;15,-4,10;20,-8,-5;25,3,9;27,-8,9;30,2,-15;35,-11,22;40,-4,-6;45,1,6;50,-6,-6;52,1,5;55,-5,13;58,0,-10;60,-4,4;70,-7,4;71,-2,15;75,-5,4;80,1,-12;81,-9,13;85,0,0;90,1,-7;92,-5,2;95,-7,21;100,-9,0;102,9,-5;105,-5,8;110,-10,2;115,7,0;117,-9,9;125,1,5;130,-14,1;131,6,4;135,-2,6;138,-13,-2;145,-36,35;150,40,-38;155,-8,19;157,0,3;159,-8,0;160,4,-14;163,-7,22;165,-1,4;170,-10,-8;175,12,5;185,-16,10;192,-3,-6;195,2,11;198,-1,-6;200,-9,8;210,-7,8;215,4,3;217,-5,-1;220,-11,7;225,23,0;227,-12,-4;230,5,-16;237,-12,30;239,-5,7;240,-9,-6;247,1,12;257,-14,17;260,-10,-11
rua||s|novo santos drumond|33241899|40,-1965803,-4389144;55,22,26;195,-77,-73;215,-11,-11
rua||tarcisio schettino|vale dos sonhos|33234100|16,-1961414,-4388063;65,-44,-26;80,-261,-1059;160,25,80;202,20,55;260,26,58;400,20,67;500,20,185;580,4,95;720,17,48;740,4,39;760,14,42;800,16,43;870,-12,150;1012,27,71;1110,6,16;1270,19,53
rua||teodorico marques|varzea|33233008|25,-1964651,-4388287;27,1,-3;35,3,14;55,7,24;65,3,14;210,30,73;295,16,30
rua||teofilo otoni|por do sol|33231022|119,-1960544,-4390804;141,-3,-4;143,3,-7;149,3,1;155,-1,-7;160,1,-21;161,5,1;170,4,-7;175,-3,-5;189,1,-18;199,3,-12;209,3,1;210,3,2;219,-3,-10;220,1,2;224,5,-12;239,-4,-6;244,12,-9;254,-7,-5;255,-2,3;264,6,-11;274,5,-7
rua||teofilo otoni|vila maria 2|33231022|74,-1960559,-4390752;96,12,-25
rua||tereza ascendina goncalves|promissao iii|33230353|476,-1962712,-4390406;480,-14,-4;494,-5,-4;495,13,11;507,-16,-7;514,-2,-4;517,-7,1;522,-14,-6;527,-3,3;529,-3,-8;534,-19,-17;537,8,14;545,-12,-11;547,-8,1;550,-3,-9;551,13,12;557,-13,-2;559,-4,-6;579,-11,-8;590,24,0;591,-43,18;600,-3,-32;605,4,7;611,-10,-1;620,-3,-10;621,-9,1;622,8,-7;630,-7,0;631,-13,2;632,16,0;634,-6,-5;650,-19,-10
rua||tereza ascendina goncalves|promissao|33230353|32,-1962370,-4390219;45,6,8;48,-18,-16;63,4,7;67,-16,-4;68,7,-6;78,-21,-8;98,-13,-10;102,2,-17;103,19,35;104,-44,-28;125,20,14;135,-8,-3;186,-48,-38;195,-95,33;203,0,0;205,85,-32;207,-2,-2;228,-47,11;231,32,-15;238,4,-9;241,-6,5;251,-7,0;260,-24,-15;261,13,7;277,-15,-5;280,2,-4;289,2,2;300,-6,-3;329,-27,-18;334,29,8;335,-45,-11;336,47,21;350,-11,-10;365,-47,-23;367,-28,-2;368,68,-68;371,-62,60;375,-27,-13;387,-16,-5;473,-6,-5;487,-6,-3;491,-14,-9
rua||therezinha ramos|jardim imperial|33234164|25,-1960124,-4389868;27,7,1;28,3,1;30,-1,6;40,4,2;42,16,0;45,-9,-3;47,5,5;48,4,4;49,3,-4;50,-2,8;51,7,-4;53,4,3;55,1,1;57,-44,-24;68,46,27;70,4,2;75,5,-6;77,5,10;80,10,-1;84,-10,5;85,5,-8;87,-4,3;90,6,8;92,3,5;95,3,-5;100,2,3;102,5,2;143,25,29;145,5,4;147,4,0;149,0,13;155,4,2;170,-2,7;174,5,8;175,9,4;180,-6,14;182,-6,-8;185,15,4;190,-1,13;200,10,17;202,-9,4;210,-1,15;217,5,5;220,-10,2;222,4,6;223,1,2;228,-3,5;230,-7,-4;235,11,13;240,-10,4;243,5,4;244,-3,-9;250,1,17;260,-3,1;264,-12,7;265,11,4;267,-1,9;270,-7,3;275,5,3;277,1,7;280,-7,-2;283,3,9;289,-5,-1;305,-1,22;310,-25,16;320,-16,7;322,-11,0;325,34,-9;330,-42,9;350,-13,14;352,-13,-2;363,45,-11;365,-7,6;367,-10,-2;369,-7,6;370,-30,7;372,-7,3;375,32,-9;380,-38,8;382,-13,1;395,33,-8;405,-11,9;408,-42,13;409,33,-9;410,-38,5;411,35,-1;420,-50,5;422,2,-2;425,41,-3;427,-6,-1;430,-38,8;432,-3,0;435,40,-6;438,-52,14;439,45,-12;440,-36,0;446,-9,12;450,-13,5;460,-12,-3;462,-12,6;463,60,-14;467,1,0;475,-6,0;477,-3,4;485,-21,6;487,-2,0;495,-5,1;497,-6,0;505,-4,4;507,-6,0;515,-1,1;517,-9,-4;525,-8,3;535,22,2
rua||tiberio batista|varzea|33233042|55,-1963680,-4388700;56,0,-32;120,19,105;217,7,26
rua||timbiras|santos dumont|33239314|7,-1964534,-4390545;80,-208,-87;103,182,106;150,-13,-24;160,-18,-6;173,-11,-2;200,-30,-19;225,16,17;249,-18,-14;256,-8,-7;259,6,7;262,-43,-24;265,28,20;277,-21,-9;285,-10,-5;286,15,-2;287,-23,-8;297,0,-3;322,-2,-1;355,-27,21;359,-7,-25;360,6,-14;361,-13,7;370,-2,-10;371,-7,4;381,-8,-1;389,-13,-7;393,-1,-1;395,-15,-1;408,-1,-17;412,-12,-4;413,0,2;425,-2,0;447,-26,-7;463,-7,-3;473,-11,-10;495,-21,-17;500,7,-2;510,-8,-1
rua||tiradentes|vila asas|33240056|13,-1966184,-4390966;15,-11,11;17,77,-77;21,-53,72;23,62,-81;25,25,-35;27,-1,1
rua||tocantins|joa|33233283|9,-1963874,-4387317
rua||tom jobim|moradas da lapinha|33231538|30,-1959856,-4390996;40,8,4;50,11,4;60,2,5;65,4,1;70,3,7;75,13,-6;80,-5,9;85,16,-4;90,-4,7;95,6,-4;100,-6,12;105,14,-4;110,-6,8;115,10,-6;120,-12,-14;125,13,12;130,4,16;140,9,0;150,18,-3;160,-6,12;170,16,2;180,2,9;190,9,11;200,7,1;210,6,4;220,7,-1;230,12,14;240,-2,-2;250,10,1;260,1,2;270,3,0;280,12,11;290,14,1;300,6,17;305,38,20;310,-35,-19;335,47,17
rua||topazio|por do sol|33231046|20,-1960328,-4390905;31,1,1;100,29,-66;145,19,-70;150,2,19;210,-16,31
rua||travessia|moradas da lapinha|33231546|10,-1959530,-4390893;20,-42,-25;30,-3,-3;40,-7,-4;50,-4,-15;60,-11,8;70,2,-19;80,-1,-2;90,-15,-8;100,-17,6;110,-3,-5;120,-15,7;130,-8,-12
rua||tres champagne|condominio champagne|33234570|55,-1966616,-4387570;60,-37,110;90,-7,43;125,86,-366;130,-66,289;160,13,-51;225,57,-222
rua||tres champagne|condominio champagne|33239304|50,-1966638,-4387484;100,17,-66;140,21,-78;170,16,-68
rua||tres de maio|jardim ipe|33240006|130,-1965656,-4391595
rua||tres morada do sol|condominio morada do sol|33234520|10,-1967023,-4387414;11,23,26;12,10,19;20,-9,-8;65,179,21;110,-105,-129;121,-55,130
rua||tres|condominio lagoa santa park residence|33241899|30,-1965376,-4385385
rua||tres|joa|33230452|257,-1964973,-4386706;305,29,132;315,1,25;317,-2,1;447,-6,-60;531,19,105
rua||tres|joa|33233306|25,-1963981,-4386823;30,0,1;35,-21,-2;40,9,-11;55,-25,16;70,-9,-10;80,-5,-8;90,-30,-5
rua||tres|ovideo guerra|33230452|65,-1962697,-4391589;95,-26,34
rua||tres|palmital|33234624|54,-1957777,-4390468;76,-15,-13;100,-49,-33;120,-19,-13;160,57,-4
rua||tres|por do sol|33231010|165,-1960713,-4390890;175,-3,-9;185,3,-4;195,0,3;205,14,-67;215,-8,41;225,2,-9;235,0,-10;245,3,-7;255,2,-8;265,0,-8;275,1,-7;285,-1,-8;287,4,-2;295,1,-10
rua||tres|promissao iii|33230452|25,-1962860,-4390562;45,-9,-21;55,-6,-17;65,-7,-7;85,-3,-7;95,-5,-7;105,32,52
rua||tres|residencial eldorado|33234699|60,-1957712,-4391257;66,4,-1;68,-1,16;70,6,8;72,-6,23;74,-3,1;76,1,-18;78,0,30;110,1,46
rua||tres|residencial parque dos buritis|33234520|157,-1958250,-4390007;175,-2,4
rua||tres|residencial real mont ville|33230001|43,-1966108,-4386380;60,-222,65;75,62,-66;110,-22,-21;135,-43,-24;155,-31,-29;160,21,-5;200,-29,-52;270,92,234;343,-18,8
rua||tres|trilhas do sol|33230722|25,-1961012,-4390147;27,0,-3;32,10,4;35,5,-1;37,11,-3;45,8,2;55,15,5;75,29,-3;77,-16,4;85,30,-4;95,20,-2;97,3,0;100,4,12
rua||tres|varzea do lobo|33230022|25,-1963455,-4392891;35,-55,209;55,72,-231;105,100,-268;107,-45,59;109,62,-90
rua||tres|varzea|33233386|10,-1963314,-4386924;22,-19,-12;44,-11,-2
rua||tres|vila maria 2|33230452|26,-1960730,-4390785;36,1,-9;46,2,-6;56,-5,-8;66,3,-4;76,0,-12;86,1,-4;96,0,-9;106,3,-10;116,10,-11;126,-1,-6;136,-3,-5;146,4,-1;156,-5,11;166,4,-28;176,4,-17;186,2,-8;196,4,2;206,-1,-7;216,1,-9;226,-2,-12;236,8,-9;246,0,-5;256,0,-4;266,1,-11;276,4,-12;286,7,-12
rua||tres|village do gramado|33241899|5,-1965923,-4387633;15,-2,-3;20,5,-6;40,-4,-10;45,-9,-14;50,9,4;55,-8,-14;60,3,-1;65,-9,-9;75,-1,-8;80,9,8;84,-3,-17;85,-8,0;90,3,-7;95,-12,-1;98,8,-6;110,-1,-15;111,-3,7;120,1,-14;140,-1,7;150,-5,-40;160,-10,-22;165,-19,-20;175,4,-5;180,17,17;190,-11,-16;200,1,-9;205,-14,-24;209,-5,-13;210,16,19;215,-16,-31;220,14,20;225,-18,-47;236,16,39;246,-5,-20;255,-15,-34;260,10,16;265,-15,-34;285,-8,-24;295,1,0;300,9,6;305,-11,-24
rua||treze|vila fagundes|33231610|2,-1959024,-4390703;8,-12,2;15,-1,6;20,-6,-2;25,2,6;30,-16,3;35,8,-9;45,-2,5;50,-111,43;55,104,-40;62,-8,6;67,5,-1;70,-13,-1;75,7,2;80,-99,36;85,89,-29;90,-11,0;95,11,-2;100,-2,1;105,-9,1;115,-4,2;120,-13,6;125,7,-3;130,-36,10;135,29,-11;145,-9,8;150,-6,-1;155,3,3;160,-46,13;165,39,-11;170,-14,-1;175,10,1;180,-13,3;185,9,3;190,-13,-1;195,3,0;200,41,-13;205,-46,18;210,-6,-1;215,3,2;220,-15,-3
rua||tristao mariano|centro|33233090|174,-1962940,-4388695;200,-36,2;220,-26,5;230,-2,1;240,-8,5;250,-10,10
rua||tristao mariano|varzea|33233090|181,-1962954,-4388694;191,-10,5;195,-7,1;209,-12,-4;215,0,14;225,-8,-5;231,-13,10;249,-11,2;251,-10,13;263,-20,-8;277,-5,2;300,-42,12;319,26,-2;329,-24,-3;347,-8,11;360,-13,-7
rua||tucano|ipe|33236562|91,-1967160,-4388014;93,0,0;140,-109,128
rua||t|novo santos drumond|33241899|15,-1965913,-4388791;29,-100,-143;30,101,10;33,-104,-15;35,-6,3;41,8,2;43,-1,-1;90,-41,-12
rua||uberaba|conjunto ovidio guerra|33239448|20,-1963608,-4391812;40,-11,-2;45,-9,4;75,-4,2;105,-40,-8;120,11,0;122,42,24;130,-59,-31;132,-11,-3;134,-4,3;135,-4,7;136,-2,-8;138,-14,4;140,-1,-2;142,-17,-5;150,-12,-1;152,-10,-6;153,54,18;154,-57,-16;170,-22,-1;185,20,3;197,-19,-1;213,-18,4;217,-2,5;247,-27,16;249,11,-11
rua||um champagne|condominio champagne|33234570|80,-1966399,-4387560;90,-3,-22;110,-7,-29;120,-3,-19;170,-4,-103;180,-17,-27;360,-1,-8
rua||um champagne|condominio champagne|33239304|50,-1966385,-4387504;55,-29,-86;65,4,-17;75,-6,-25;83,0,-2;85,13,80;95,-18,-123;125,-11,-45;185,-2,0;195,0,-26
rua||um morada do sol|condominio morada do sol|33234520|18,-1966867,-4387356;19,-1,-2;50,0,0
rua||um|campinho|33234733|10,-1957120,-4391804;38,0,39;45,6,2;48,2,16;58,-3,10;65,3,13;70,-28,9;78,-3,0;98,-21,3;100,-2,3;118,-24,-2;120,9,37;127,-4,-30;128,-12,-2;130,-5,1;132,20,39;137,-20,-44;138,-9,6;144,-11,2;147,-3,13;150,-3,-12;154,3,-4;160,-4,0
rua||um|estancia dos anturios|33234660|1244,-1957576,-4390485;1400,-43,28;1420,-7,5
rua||um|joa|33233308|15,-1963909,-4386867;35,-19,15;50,-34,75;75,19,-27;80,-45,103;85,30,-88;90,-35,82;105,22,-51;125,6,18;135,-10,4;155,-5,28;165,1,12
rua||um|nossa senhora de lourdes|33236792|20,-1965048,-4387738;25,43,38;38,-33,-28;40,9,11;44,7,7;90,11,11
rua||um|portal do sol|33234192|40,-1960262,-4389431;42,2,-2;50,7,2;52,-5,-5;90,66,-16;100,-9,1;110,12,-3;130,6,-5;140,91,-27;142,-66,20;150,7,0;152,9,-4;160,10,-2;171,2,1;180,12,-5;190,17,-5
rua||um|promissao ii|33230399|45,-1963124,-4390801
rua||um|redencao|33233096|125,-1960430,-4389545;145,-18,-16;155,-15,-15
rua||um|redencao|33234148|30,-1960336,-4389490;62,-22,-14;130,-56,-44
rua||um|redencao|33234520|13,-1960326,-4389471
rua||um|residencial parque dos buritis|33234514|15,-1958536,-4389988;35,0,0;135,136,-15
rua||um|residencial vila arcadia|33240040|275,-1965849,-4391614
rua||um|varzea do lobo|33230022|20,-1963447,-4392985;25,-64,-197;60,1,128;130,48,-83;150,9,-3
rua||um|vila jose facundes|33230399|5,-1959244,-4390876;15,-10,1;30,-11,5;35,9,-5;40,-14,7;45,10,-2;55,-3,-4;60,-9,11;65,7,-10;70,-31,11;75,21,-6;85,-4,3;95,-5,1
rua||um|vila maria 2|33230399|20,-1960676,-4390783;27,3,-14;30,5,-8;37,-3,2;40,3,-21;45,-3,14;55,7,-10;65,1,-6;72,-1,-13;75,6,0;82,2,-31;85,-8,24;105,3,-16;112,5,-14;115,-3,7;118,5,-11;122,1,0;125,-2,2;135,3,-14;136,-4,2;138,1,-1;140,2,-5;142,5,3;145,-2,-14;155,1,0;165,3,-13;175,0,-4;176,3,-6;180,0,-5;185,0,-7;187,2,0;190,6,-14;195,-6,8;205,0,-5;215,3,-16
rua||unica|condominio cidade jardim|33233096|1,-1966786,-4387386;2,-1,7;3,2,2;4,2,-18;5,5,-13;6,9,-25;7,0,0;8,8,-18;9,4,-20;23,3,-5;24,-13,-5;25,-9,0;26,-11,-5;27,-5,1;28,-15,-5;29,-9,-1;30,-16,-12;43,-44,-52
rua||unica|condominio cidade jardim|33239304|6,-1966771,-4387414;7,6,-20;10,-10,-37;11,-18,-5;12,0,-1;13,-114,15;14,90,-19;15,-6,-6;16,-19,2;17,-2,-8;18,-31,10;19,-11,8;20,-3,4;21,-10,0;22,-12,0;30,79,-25;31,0,0;32,-22,-8;33,2,2;34,-17,9;35,-3,2;36,-17,6;37,-30,9;39,-5,-49;41,19,-7;42,2,-4;44,20,-11;45,126,82;46,-129,-84
rua||uriel de abreu|varzea|33233060|25,-1963822,-4388452;29,4,13;44,-10,-3;46,4,-2;47,7,12;61,6,15;73,-1,12;75,9,10;79,3,15;83,3,8;105,-1,12;108,0,3;130,-3,18;150,10,9;160,-7,15
rua||uruguai|joa|33233134|125,-1964271,-4388128;161,3,-36;456,-10,232;458,-3,11
rua||uruguai|varzea|33233134|158,-1964282,-4388172
rua||u|novo santos drumond|33241899|1279,-1965685,-4389346;1435,-144,-27;1445,-21,8;1455,-13,5;1475,-13,11;1495,-44,37;1509,-2,-5;1519,-3,0;1609,-60,56;1709,-108,134;1729,-36,72;1789,11,36
rua||valdir tarcisio de abreu|lagoa mansoes|33230856|25,-1965090,-4386685;30,7,15;40,15,17;80,26,13;90,11,4
rua||valdir tarcisio de abreu|vila rica|33230856|1,-1959787,-4390310;2,3,-16;3,-5,-10;4,3,-4;8,-1,-4;10,19,12;12,-18,-8;13,-24,-73;22,26,76;28,-1,-27;32,-3,3;33,-5,-3;42,3,3;43,0,-3;62,13,-25;65,-21,-12;73,2,4;82,4,1;83,-6,-20;90,2,12;92,0,0;93,-6,-22;100,5,12;102,-5,-11;103,2,0;104,7,7;112,-6,-11;120,-2,-9;122,-1,-3;141,-4,-41;143,2,1;145,-5,-7;147,-1,-8;149,1,-3;152,8,9;153,-12,-18;161,7,55;162,1,-54;163,-10,-8;172,6,-6;173,-3,-18;174,2,9;175,-5,-13;192,14,-10;193,-16,-4;197,-1,-13;202,29,1;212,-8,-11;222,-15,24;224,-2,-6
rua||varginha|conjunto ovidio guerra|33239420|22,-1963669,-4391336;26,-3,-3;32,-12,0;42,-8,15;54,-7,-14;55,11,1;58,-24,-7;68,-3,0;69,-8,0;81,-13,3;84,4,-6;88,-3,-1;95,-10,17;98,6,-18;99,-8,5;102,-2,-6;112,-23,-5;165,-25,6;176,-13,-4;185,6,-3;186,-16,-5;190,-9,3;195,1,10;200,0,-16;204,1,1;205,-5,7;215,-6,-2;217,-4,3;219,-8,-3;220,-1,-4;229,-20,2
rua||varginha|lundcea|33239420|10,-1963583,-4391325;20,-12,-2;25,-18,3;40,2,-1;45,-19,-10;50,3,3;51,-2,10;60,-5,-14
rua||vc dois|lagoinha de fora|33230001|60,-1965909,-4386318
rua||vega|vale dos sonhos|33234202|10,-1960586,-4389144;20,-8,-4
rua||vereador ildeu viana de matos|centro|33230037|30,-1962906,-4389091;100,46,32;156,-2,-7;160,-13,-10;165,9,10;170,-7,-27;180,-21,-3;210,-15,-9;274,-32,-29;276,-2,-9;278,-8,-5;290,5,-1;314,-18,-33;322,-7,-2;342,-13,-19;358,-6,-4;370,-19,-24;380,0,0;404,-11,-12
rua||veredas dos jatobas|varzea do lobo|33239650|80,-1963330,-4392941;90,12,-16;100,3,0;110,16,-10;120,23,-12;130,13,-10;135,29,3;140,-14,-6;150,14,-2;160,12,-7;170,21,-6;180,19,-2;190,17,3;200,8,-12;210,17,-3;220,16,-2;230,12,-1;240,0,-4;245,-10,1;255,17,-6;260,32,0;270,12,-2;280,22,1;290,15,-5;300,9,5;310,10,-8;320,23,-4;330,-8,-4;350,7,-2;364,33,2
rua||veredas dos jatobas|varzea do lobo|33239653|285,-1963031,-4393047
rua||vespasiano|joa|33233264|25,-1964240,-4387185;34,-4,17;35,0,17
rua||vespasiano|lundcea|33233264|9,-1963600,-4391743;15,12,6;17,5,4;20,0,-5;25,49,4;30,-45,-1;39,75,3;50,2,4;54,7,1;71,3,-8;101,62,5;111,25,3;121,11,-2
rua||vespasiano|lundceia|33239044|90,-1963442,-4391721;100,21,-1;110,23,0;116,9,-1;120,7,2;122,6,13;150,9,-12
rua||vicentino salomao|sobradinho|33234520|45,-1960941,-4389264;175,38,164;805,154,-115
rua||vila vinte e sete|lagoa mansoes|33236760|60,-1965056,-4386259;100,-9,107;110,-10,33;120,8,-3;130,-5,34;150,1,10;180,-18,39
rua||vinicius de moraes|recanto do poeta|33239776|1,-1964932,-4391286;21,-8,-29;55,-2,-16;60,0,-49
rua||vinicius de morais|moradas da lapinha|33231558|20,-1959739,-4391059;30,16,8;50,-2,5;60,-1,-8;70,192,152;75,-9,-41;80,-2,22;85,-1,-2;90,11,-8;92,2,-5;95,-17,-28;105,9,-2;115,5,-3;120,11,-31;125,-5,16;130,4,-17;135,-5,11;145,-1,-21;147,7,10;150,-6,-10;155,-2,29;160,16,-39;162,-3,-4;165,7,4;170,-4,-15;175,-18,22;185,12,-20;195,-6,-11;200,20,-22;205,-8,4;225,1,-6;235,11,-14;240,1,2;265,4,-10;269,-1,-2;275,-5,-8;285,-5,6;289,-1,-20;295,-6,-11;305,9,-20;310,20,-9;315,-12,5;320,19,-8;325,-50,73;330,53,-80;345,-47,97;355,34,-92;375,25,-26;381,7,2;385,0,0;395,3,1;401,13,-14;405,8,2;415,-6,1;420,15,0;421,1,-8;425,0,0;435,12,-11;440,2,12;441,-5,-7;445,7,-1;455,5,-4;460,13,5;465,-6,-8;475,4,0;485,9,-3;495,6,-4;515,30,-13;535,-15,6
rua||vinte de abril|varzea|33233040|1,-1963764,-4388425;4,7,-45;5,-4,38;6,6,-36;7,-16,74;8,10,-52;9,3,-7;11,-10,42;20,11,-148;30,-2,-4;35,-10,-8;40,7,-1;47,-13,-12;48,-4,-44;49,7,39;53,-3,-11;55,-7,-10;57,-2,-8;60,16,28;61,-23,-39;70,18,26;80,-3,-7;90,3,-9;95,-17,-21
rua||vinte e cinco|lagoa mansoes|33236766|60,-1965287,-4386274;70,22,14;80,22,14;90,16,9;95,-5,-16;100,16,24
rua||vinte e cinco|vila fagundes|33231580|10,-1959064,-4390518;35,6,-2;40,-37,14;45,33,-15;50,-18,0;55,7,7;60,-14,0;80,-8,8;90,-11,6;95,6,0;115,-1,1;120,-15,-4;125,9,6;138,-2,3;140,-17,0;145,9,-15;150,-17,20;165,3,-1
rua||vinte e dois|vila fagundes|33231620|1,-1958915,-4390622;3,5,3;5,-3,-2;7,-7,-1;15,6,4;25,-2,-2
rua||vinte e dois|vila fagundes|33231622|2,-1958913,-4390628;8,-7,8;10,-1,1;20,-3,5;45,-19,14;55,-5,6;60,0,-8;65,-6,12;70,-1,-10;75,-8,6;80,5,-5;90,-9,3;95,-5,7;100,-81,34;105,80,-31;110,-10,4;115,29,6;120,-25,-11;121,-7,10;125,-5,3;126,-7,0;130,12,-10;135,-13,12;140,40,2;150,-41,-10;160,-8,6;165,0,2;170,-3,1;175,-9,-2;180,-39,21;185,29,-12;189,5,6;190,2,-13;195,-16,5;200,18,-5;210,-12,4;220,-2,4;230,-10,1;240,-12,5;250,13,1
rua||vinte e oito|condominio lagoa santa park residence|33241899|5,-1965035,-4386191
rua||vinte e oito|vila fagundes|33231578|5,-1959002,-4390499;10,-20,8;15,14,-2;25,-7,3;30,-5,-2;40,-12,4;45,8,0;50,-12,3;60,-6,0;67,11,1;70,-19,4;75,12,-4;95,-12,4;100,-13,6;105,8,1;110,-12,4;115,-13,1;120,8,4;125,-1,-7;130,-10,6;135,16,-6;145,-15,5;160,-32,11;170,1,1;180,-2,-3;195,-2,5;205,-16,3
rua||vinte e quatro|condominio lagoa santa park residence|33241899|5,-1965295,-4386031;30,-24,-138;95,45,141
rua||vinte e quatro|vila fagundes|33231572|12,-1959204,-4390472;60,6,-4
rua||vinte e seis|vila fagundes|33231624|5,-1958884,-4390592;6,-12,1;10,11,0;15,-9,9;20,-5,-8;25,-1,11;30,5,-9;35,-28,13;40,20,-6;45,5,6;50,-49,-21;55,39,24;60,-39,-24;65,26,27;70,20,-13;75,-17,22;85,-10,-2;90,-2,-6;95,0,8;100,-5,-3;105,0,7;110,5,-10;115,-13,17;120,-5,-2;130,0,7;135,-10,-4;140,1,-2;145,0,7;150,-7,-4;155,-10,2;165,2,5;175,-14,6;180,-3,1;185,7,-14;190,-2,6;191,12,-1;195,-21,4;200,-3,-1;210,-1,5;220,-10,0;230,-38,-32;240,-3,4
rua||vinte e sete|condominio lagoa santa park residence|33241899|115,-1965062,-4386146;125,0,28;135,-3,17;165,-20,64;175,-15,21;195,-8,7;205,-20,17;225,-29,16;245,-35,24;285,-49,32;295,-25,30;300,84,-75;305,-90,82;307,-12,16;322,88,-91;353,-111,142;371,-6,19;411,-6,45;440,31,-134
rua||vinte e sete|vila fagundes|33231626|10,-1958870,-4390553;13,-13,16;17,-5,2;19,-6,2;20,21,-16;23,-21,19;25,6,-2;30,8,-16;35,-22,26;40,-58,21;45,45,-20;50,13,-7;55,-15,12;65,-5,-3;75,-2,8;80,34,-23;85,-41,25;90,21,-16;95,-24,17;100,17,-14;110,8,5;115,-35,11;120,18,-9;125,-22,13;130,20,-10;135,-39,5;139,7,8;140,18,-14;150,-4,2;160,-7,1;170,-1,5;180,0,11;190,-24,-9;200,1,-3
rua||vinte e tres|vila fagundes|33231582|5,-1959086,-4390551;15,2,-5;20,-12,5;25,9,5;30,-10,1;35,-1,-4;40,-12,-11;42,-5,9;45,17,2;55,-10,4;65,-2,2;75,-9,3;80,-17,7;85,52,-23;90,-57,14;95,16,10;105,-13,4;125,-9,-1;135,-14,5
rua||vinte e um|vila fagundes|33231620|35,-1958933,-4390594;40,-16,-26;70,13,33
rua||vinte um|visao|33236500|80,-1967856,-4388634;100,-27,11;110,-11,1;120,2,0;134,-24,9;135,67,-23;138,1,-1;140,-73,27;160,-16,7;184,-14,1;186,17,-3
rua||vinte um|visao|33236506|85,-1968067,-4388731;1000,100,144
rua||vinte|vila fagundes|33231618|5,-1958942,-4390654;10,0,2;15,-11,2;20,8,-3;25,-2,7;30,-8,1;35,0,4;40,-7,5;45,-1,-1;50,-6,3;55,2,1;60,-6,-5;65,-5,6;70,-3,3;75,3,-13;80,-10,19;85,0,-1;90,-10,0;95,10,-1;100,-18,1;105,14,12;110,-17,-6;115,4,-1;120,-9,1;125,1,-4;130,-6,14;135,-9,4;140,3,-3;145,10,-2;150,-17,-2;155,-2,7;160,-5,-4;165,-2,5;170,-5,-9;175,-5,12;180,2,-7;185,-4,10;190,7,-9;195,-11,14;200,-3,-9;205,-6,7;210,-2,1;215,-4,1;220,-1,-1;230,-6,2;250,-11,2;260,-6,-1;385,4,21
rua||virgilio de melo franco|centro|33230049|33,-1962803,-4389462;67,-45,-46;77,-18,-17;97,-9,-10;101,13,13;105,-6,-1;107,-1,-2;117,-3,-5;127,-12,-3;141,-10,-14;149,-7,-3;165,32,50;191,-56,-81;193,0,1;195,0,0;197,-1,1;199,-1,-2;201,0,0;207,1,0;222,-5,-32;226,3,0;228,-2,-1;254,-6,-25;258,18,-7;262,-22,0;276,-6,-2;280,5,-12;289,-11,-9;295,-1,-7;298,6,4;303,-9,-6;312,2,-12;314,-1,-14;315,-5,12;325,-5,-19;331,-1,-5;334,-6,-20;338,11,12;359,-8,-8;365,-2,-10;373,2,10;392,-3,-35;393,-10,-2;395,0,-5;400,5,5;408,-3,-9;415,-6,-7;416,1,-6;421,-3,1;427,-6,-2;441,-25,-24;444,19,6;473,-33,-9;494,-18,-18;500,-155,-60;504,156,59;535,-31,-1;536,5,-7;550,3,9;560,-31,-3;570,-14,-1;571,-2,-5;584,0,0;602,-13,-3;613,-2,10;616,-17,-14;627,-22,6;629,-7,-2;630,15,6;631,-10,-1;633,-12,3;642,-4,-11;648,9,3;662,-11,-22;663,-5,26;666,0,-9;672,-3,6;674,0,-10;675,-6,12;676,-8,-9;693,-4,7;698,-2,-4;699,-8,6;702,-2,-5;704,0,-3;706,0,-2;708,0,2;709,-5,5;710,4,-3;718,-15,-10;719,-9,12
rua||virgilio de melo franco|centro|33241899|44,-1962815,-4389492;50,-9,-4;56,-6,-3;58,-4,-4;62,-9,2;66,-11,1;97,76,26;100,-79,-48;116,-10,-9;122,-4,-1;154,-26,-25
rua||virginia alves barbosa|conjunto vila maria|33230820|30,-1960031,-4390499;40,-13,6;50,9,-15;60,-20,19;70,-1,6;80,-18,-9
rua||vitoria|lundcea|33239042|25,-1963454,-4391788;40,-3,21;42,-2,6;45,7,7;46,-9,-4
rua||vitoria|lundceia|33239042|100,-1963446,-4391637;105,2,8
rua||vl cinco|lagoa mansoes|33236754|51,-1965118,-4386564;63,14,10;100,55,25;110,10,1;115,-25,-8;135,22,6;140,40,11;150,1,-4;155,-10,-6;185,-79,-14;205,88,15;233,24,3;245,23,5;330,-19,5
rua||vl dezesseis|lagoa mansoes|33236788|320,-1965777,-4386023
rua||vl dezoito|lagoa mansoes|33236782|350,-1965828,-4385985;390,-5,-17;455,-62,-100;535,-72,-119;560,96,166;620,-82,-164
rua||vl nove|francisco pereira|33236738|30,-1965435,-4386775;40,26,26;50,6,11;150,14,14;170,12,13;220,41,50;240,13,10;256,27,48;260,10,25;270,-11,24;380,-9,65
rua||vl nove|lagoa mansoes|33236738|223,-1965328,-4386666;245,20,28
rua||vl onze|lagoa mansoes|33236734|15,-1965524,-4386418;79,8,-56;80,3,-14;105,-2,-44;120,-15,-21;130,-21,-17;145,-45,14;175,-39,-4;185,2,5;195,-45,-14
rua||vl quatorze|lagoa mansoes|33236776|35,-1965423,-4386358;45,-11,20;55,-1,10;65,-12,20;85,-14,22;115,-25,47;165,-31,-14
rua||vl quatorze|lagoa mansoes|33239776|40,-1965451,-4386305;80,-26,43;120,-16,34
rua||vl quinze|lagoa mansoes|33236778|85,-1965680,-4386193;87,4,13;95,1,13;135,10,126;140,-8,-38;160,-2,6;180,7,27;200,2,6
rua||vl sete|lagoa mansoes|33236744|14,-1965228,-4386677;27,-2,-11;64,45,29
rua||vl tres|lagoa mansoes|33233096|55,-1965318,-4386780
rua||vl tres|lagoa mansoes|33236740|20,-1965337,-4386724;40,24,-34;55,-1,-29;70,30,-31;99,12,-179;120,77,165;138,59,28;139,-35,-27;140,31,21;180,118,64;190,-41,-31;220,75,49;225,-294,-119;240,310,142;280,20,128;340,6,76;420,-8,-100;2160,-328,-529
rua||vl um|lagoa mansoes|33236748|30,-1965074,-4387014;40,29,10
rua||vl um|lagoa mansoes|33241899|150,-1965013,-4386998
rua||vl vinte e quatro|lagoa mansoes|33236768|65,-1965309,-4386168;75,18,9;85,9,4;95,-3,3;105,37,27
rua||vl vinte e seis|lagoa mansoes|33236764|26,-1965173,-4386150;42,12,-106;55,3,36;60,-11,20;75,2,-23;79,7,32;80,-13,41;85,10,-14;90,-12,17;95,15,-1;105,-11,9;115,3,30;145,-4,53
rua||vl vinte|lagoa mansoes|33236780|280,-1965673,-4385979;410,12,5
rua||wilson goncalves|campinho|33234693|2,-1957842,-4391440;11,39,-5;21,-2,9;28,-11,8;33,32,56;37,-17,-49;39,5,5;40,-6,6;41,5,3;49,11,125;50,-12,-94;55,8,-7;57,-1,7;69,8,132;85,-1,-39;95,0,65;214,1,-39;234,-2,16
rua||wilson goncalves|residencial eldorado|33234693|135,-1957777,-4391274;141,2,5;145,-2,13;165,3,16;167,-4,11;185,8,20;187,-7,2
rua||wilson mariano|vila rica|33230866|20,-1959435,-4390740;30,-5,3;50,-19,10
rua||wilton leite soares|bela vista|33239178|118,-1963878,-4390927;136,0,1;148,-27,0
rua||wilton leite soares|conjunto bela vista|33239178|20,-1963790,-4390944;46,-23,12;66,-3,0;85,-28,10;97,-13,-1;109,-14,6;121,-11,1;133,-9,8;145,-6,-8;157,-6,-2;169,-14,1
travessa|santa|cruz|palmital 3|33234235|9,-1959894,-4389398
travessa||argentina|lapinha|33233190|385,-1956716,-4395478;395,9,30
travessa||conceicao rodrigues de paula|lapinha|33242000|40,-1956752,-4394856;52,12,-11
travessa||santos dumont|varzea|33233092|251,-1963031,-4388507;262,-8,2;265,3,10;266,2,-10;272,-2,17;277,-24,13;280,28,-8;289,-11,24;294,-2,-7;308,-5,2;313,6,7;320,-1,9;325,-3,8;330,5,1;335,-8,-9;340,-9,36;345,12,-12;350,-11,24
via||dez|jardim imperial|33234158|20,-1960218,-4389953;25,-14,3;27,-2,-7;30,3,7;37,-13,-4;40,0,-6;42,-4,-2;45,-5,9;50,5,-18;52,5,11;55,-16,-10;57,-11,-5;60,45,31;62,-33,-30;64,-9,0;65,-3,-4;67,-5,4;74,-4,-8;80,-6,-9;82,-3,-1
via||dois|joa|33236740|30,-1964671,-4387005;50,-1,51;60,-4,4;125,-298,-31
