avenida|doutor|josaphat macedo|centro|35595000|10,-1979796,-4567879;14,-43,12;16,-4,7;20,69,-19;26,-66,20;38,-6,1;74,-36,25;144,181,-82;145,-6,-15;149,25,-5;150,-6,2;191,29,-18;207,-253,132;208,288,-138;215,-20,-13;229,9,-8;240,79,-38;259,-48,12;260,30,-7;275,-20,8;292,39,-16;295,-25,-4;309,21,9;312,-4,2;315,8,-29;317,-7,4;320,14,-7;345,27,-2;367,10,-5;379,7,-17;401,23,18;417,0,-9;427,56,-32;439,-25,18;445,9,1;459,16,-8;469,6,-1;475,10,-6;501,26,-12;511,5,1;517,2,8;523,7,-9;551,-5,-12;563,18,20;565,13,-22;567,3,-8;1136,-215,75
avenida|doutor|josaphat macedo|monsenhor parreiras|35595000|583,-1979299,-4568114;585,-18,1;587,2,1;593,23,-4;601,10,-6;679,82,-30;701,-28,1;719,55,-49;729,-17,41;743,28,-2;789,19,-9;845,59,-29;955,88,-9;985,15,-10;1005,31,-2;1011,2,2;1013,13,-8;1019,13,-4;1021,6,-4;1025,7,0;1087,21,-5;1117,20,-5;1167,105,-39;1177,15,3;1183,2,6;1187,18,-6;1239,50,-44;1391,74,6;1427,34,-8;1442,22,-16;1456,20,11;1472,4,-3;1551,19,-7;1557,6,2;1563,9,2;1569,4,2;1575,5,-3;1581,6,-4;1587,11,6;1593,3,-3;1599,11,3;1603,19,-2;1625,21,-2;1695,39,7
avenida|doutor|josaphat macedo|monsenhor parreira|35595000|851,-1978815,-4568264
avenida|doutor|josaphat macedo|nossa senhora aparecida|35595000|990,-1978977,-4568203;1000,87,-13;1004,-62,14;1008,65,-19;1010,5,-6;1020,-56,21;1030,13,-4;1050,17,-14;1114,156,-35;1116,-113,27;1120,0,-2;1170,71,-26;1186,33,7;1276,87,-25;1330,19,-5;1366,19,-3;1374,26,-8;1380,15,-6;1388,9,-12;1444,20,12;1450,27,-10;1464,21,-3;1474,6,0;1476,11,-3;1482,5,0;1722,88,8;1738,29,2
avenida|doutor|josaphat macedo|rosario|35595000|6,-1979074,-4568166;352,-463,133;368,21,-4;400,30,-14;416,20,2;418,26,-21;444,-6,10;446,15,-13;460,6,5;470,7,1;476,5,-2;492,9,-7;508,18,-2;512,3,-4;536,21,1;538,5,-11;546,4,-3;568,36,-9;570,10,-5;580,5,-4;592,15,-8;600,8,-3;620,36,-6;636,-11,-1;656,30,-1;674,24,-4;678,-21,3;680,15,-4;684,16,-3;700,12,-5;710,14,0;712,-1,-6;714,18,-5;720,6,-18;730,17,1;734,5,-2;772,-4,2;778,7,2
avenida|nossa senhora|da luz|centro|35595000|16,-1979816,-4568244;25,-8,19;31,-11,1;60,15,24;65,-2,39;87,10,-8;89,-6,24;90,20,41;139,-3,61;147,11,12;160,11,18;180,-1,26;200,-12,-83;218,33,115;230,5,7
avenida|nossa senhora|de fatima|morro jorge|35595000|1020,-1979926,-4567744;1080,12,41
avenida||bom despacho|monsenhor parreiras|35595000|37,-1978802,-4568976;47,7,8;50,-24,-4;57,24,19;58,-18,-9;66,2,9;68,-1,12;77,28,19;92,-17,31;99,26,-5;100,-23,17;107,29,17;110,-12,48;117,24,6;119,-4,1;120,-17,1;121,30,18;126,-43,-72;130,18,65;133,19,17;136,-21,-8;142,8,9;146,-19,-67;157,47,85;181,12,78;187,-17,-96;188,-15,38;190,2,29;212,13,36;224,0,10;225,26,14;234,-17,9;252,-46,-182;300,87,395;320,16,26;334,4,15;348,5,14;396,-29,-119;401,15,-10;407,7,10;415,-1,14;425,-1,4;437,3,5;449,5,13;461,3,15;473,2,15;555,12,56
avenida||bom despacho|nossa senhora aparecida|35595000|642,-1978602,-4568100;655,-20,-150;664,-18,7;671,27,33;674,-25,-18;698,6,22;718,30,112;720,2,9;722,3,6;742,6,21;753,21,13;759,0,-5;760,-25,-12;764,7,6;766,-2,5;769,-28,-188;781,2,10;783,38,155;803,2,15;805,-32,-145;817,0,7;841,6,28;862,8,132;888,8,14;893,-1,-87;896,4,100;898,-1,-6;901,-2,-88;910,5,104;915,-4,-101;921,28,101;927,-25,-92;931,26,106;945,-1,25;950,-12,4;955,19,-4;960,-21,4;965,24,5;972,-15,13;975,15,-10;976,-14,15;980,0,3;1040,7,37;1070,8,40;1085,19,-1
avenida||dores do indaia|monsenhor parreiras|35595000|1866,-1978620,-4568588;1874,-1,-3;1882,21,1;1886,-1,-6;1891,32,-29;1893,-21,8;1895,38,-10;1900,4,21;1904,5,-2;1905,-9,-18;1910,21,5;1917,-6,-13;1928,9,28;1929,6,-23
avenida||dores do indaia|monsenhos parreiras|35595000|1963,-1978492,-4568644;1975,10,-5;1983,7,-1
avenida||guarim caetano da fonseca|centro|35595000|146,-1980224,-4568433;200,14,-25;220,-7,53;296,35,59
avenida||juca romano|grandes lagos|35595000|440,-1979404,-4569186;570,-110,-97;600,-30,25;805,-145,-52;815,1,-3;845,-26,-10;855,-1,-3;860,-8,-21;885,-28,3;895,-10,-7
avenida||juca romano|monsenhor parreiras|35595000|4,-1979214,-4568868;13,-1,-30;16,11,47;18,2,12;22,-16,19;23,-1,-89;36,23,-11;48,-2,-13;71,-25,-18;96,10,-27;110,-4,-10;158,-8,-55;180,-4,-9
avenida||laerton paulinelli|monsenhor parreiras|35595000|391,-1979086,-4568454;395,-2,10;401,5,12;411,5,7;416,-15,16;423,18,0;426,-4,4;452,-9,24;462,2,10;469,16,2;472,-12,14;475,19,-1;480,-14,10;481,16,-6;482,-11,14;484,11,6;487,-2,-15;490,10,17;521,9,32;531,-6,4;543,1,15;544,-7,-33;550,-3,21;555,16,16;556,-20,-2;561,26,19;566,-23,-11;575,25,17;590,-20,6
avenida||laerton paulinelli|monsenhor parreras|35595000|33,-1979185,-4568868;51,6,26;53,12,31;74,-9,81;86,4,10;96,1,10;110,3,11;112,3,12;122,6,12;140,1,9;153,3,-39;170,1,59;190,29,28;192,-15,2;194,-6,2;214,15,29;217,9,-5;223,9,19;230,-16,13;235,-3,-8;241,3,20;249,24,1;254,-19,11;260,10,42;261,12,-45;270,-20,17;271,15,-11;277,7,11;282,-8,7;284,2,19;286,8,13;289,2,-25;307,-2,9
avenida||laerton paulinelli|nossa senhora aparecida|35595000|755,-1979010,-4568143;765,0,10;775,8,6;787,1,13;793,5,9;821,2,22;833,1,9;893,17,61;901,1,5;905,2,5;915,2,17;925,4,18;930,6,7;942,1,10;955,2,13;1005,13,47;1065,11,69;1081,6,18;1240,6,38;1251,7,15;1261,3,1;1267,6,18;1289,10,27;1387,17,89;1399,-3,8;1407,-1,5;1453,17,50;1551,34,155;1575,2,16;1655,10,22;2035,122,498;2063,14,38;2095,9,43;2117,46,164;2135,-30,-140;2171,34,148;2197,26,35;2219,99,124;2297,-59,-72;2299,40,44;2339,12,32;2359,63,54;2367,14,23
avenida||laerton paulinelli|novo oriente|35595000|40,-1978855,-4567447;1020,-91,-360;1044,1,23;1266,24,62;1280,23,56;1672,88,403;1686,2,2;1698,2,10;1740,6,54;1750,8,1;1994,25,106;2000,9,48;2114,60,241;2116,0,15
avenida||laerton paulinelli|rosario|35595000|124,-1978977,-4567894;786,-48,-232;790,1,7;792,10,4;816,7,28;820,-12,8;822,7,-1;828,7,17;836,1,9;840,-5,-48;846,9,61;900,15,61;931,1,27;956,16,71;960,0,0
beco||ana amelia|rosario|35595000|42,-1979229,-4567817;55,2,-24;71,0,0
entrada||acesso a fazenda do leopoldino|olaria|35595000|12,-1969363,-4566535
entrada||acesso a fazenda do moacir|mg 176|35595000|14,-1968909,-4567861
entrada||vai para a fazenda do ivam mou|jaguari|35595000|5,-1974872,-4565401
estrada||acesso a fazenda do arualdo al|canoas|35595000|12,-1968909,-4564893
estrada||acesso a fazenda do bertinho|jaguari|35595000|9,-1973625,-4564565
estrada||acesso a fazenda do enoque|tres barras|35595000|20,-1980221,-4580412
estrada||acesso a fazenda do ermanio|olaria|35595000|14,-1973190,-4567838
estrada||acesso a fazenda do felipe|grotao|35595000|21,-1972021,-4557681
estrada||acesso a fazenda do joao lucio|tres barras|35595000|18,-1978545,-4580440
estrada||acesso a fazenda do jose alves|perobas|35595000|13,-1969702,-4563282
estrada||acesso a fazenda do jose mauri|olaria|35595000|12,-1968602,-4566090
estrada||acesso a fazenda do jose mauro|mata dos camilos|35595000|1,-1980352,-4575172
estrada||acesso a fazenda do lauro pere|campo do oliveira|35595000|16,-1983310,-4580244;17,341,423
estrada||acesso a fazenda do lourival|olaria|35595000|12,-1968040,-4566999
estrada||acesso a fazenda do marcelo co|jorge grande|35595000|15,-1967280,-4564801
estrada||acesso a fazenda do marcos rog|campo do oliveira|35595000|13,-1982471,-4579462;15,-432,528
estrada||acesso a fazenda do osmar jos|jaguari|35595000|10,-1973181,-4564355
estrada||acesso a fazenda do paulo mesq|perobas|35595000|14,-1969903,-4562064;19,-207,-647
estrada||acesso a fazenda do senhor bru|jaguari|35595000|10,-1973440,-4566432
estrada||acesso ao sitio do beraldinho|olaria|35595000|10,-1970222,-4567542;13,369,81
estrada||acesso ao sitio do procopio|jorge grande|35595000|15,-1969228,-4563775
estrada||acesso fazenda do jose pinto|sao domingos|35595000|13,-1973422,-4559962
estrada||acesso fazenda do messias camargo|olaria|35595000|12,-1970522,-4564181;13,15,-588
estrada||acesso fazenda do michel|jaguari|35595000|8,-1974220,-4564739;9,-10,6
estrada||acesso fazenda do nelson ventura|canoas|35595000|15,-1969418,-4564333
estrada||acesso fazenda do saulo couto|mg 176|35595000|13,-1967103,-4565314
estrada||alto da balisa|fazenda|35595000|5,-1998345,-4563968;53,5930,-2241
estrada||apos o posto 3 barra|3 barras|35595000|1,-1973518,-4580916;5,2661,6016;13,-923,-2843;14,-1521,-1381;62033470,-1552,-2584;107011783,-559,-126
estrada||aroeira|br 262 lagoinha|35595000|2701,-1979815,-4558269
estrada||aroeira|estiva|35595000|10,-1980808,-4557660
estrada||bau|bau|35595000|2,-1971794,-4574091;7,-2814,2042;8,398,-1273;9,-893,-741;10,2677,3839;11,-115,-2687
estrada||bau|capao comprido|35595000|12,-1973968,-4574444
estrada||bau|cruzeiro|35595000|1,-1971654,-4571261
estrada||bau|fazenda da marta|35595000|12,-1974427,-4574208
estrada||bau|fazenda reunidas olhos daguas|35595000|6253646,-1975624,-4570699
estrada||bau|quatis|35595000|7,-1974022,-4571746;10,1277,-557
estrada||brejinho|brejinho|35595000|2,-1988686,-4557563;5,1008,308;6,-902,1170;17,1936,-2353;19,22,-114;20,1224,-1620;21,-1232,1581;23,285,84;31,-775,2228;260,384,-2076;292,31,-57;426,188,-205
estrada||capao escuro|brejinho|35595000|15,-1984506,-4560548;17,-1101,294;30,919,-1272
estrada||capao escuro|estiva|35595000|14,-1981495,-4561905
estrada||capao escuro|jorginho|35595000|23,-1984467,-4561270
estrada||corrego da velha|barreirinho|35595000|11,-1980094,-4573340
estrada||corrego da velha|camargo aguas claras|35595000|6,-1980420,-4573471;9,42,-2043;10,-257,-2510;11,-1160,48;54010628,1125,3282
estrada||corrego da velha|condominio do elvis|35595000|2,-1980110,-4571990;21,155,-36;25,94,-105;41,26,300;60,-195,-296;61,-148,-47;80,49,26;101,47,88;121,0,-45;141,-46,-24;143,138,99;180,-15,24;181,55,33;217,-140,-235;220,107,341;221,-28,-98;241,193,185;277,-11,46;281,-100,-128;360,-18,63;441,-192,-418;460,28,460;17900101,65,-436
estrada||corrego da velha|corrego da velha|35595000|7,-1980465,-4574436;8,1476,2477;9,-1772,-1815;80,481,1580;81,5,0;140,31,325;161,-2,-223;200,-11,29;275,-8,-189;335,46,4;341,-30,388;401,0,19;18702965,-28,-117
estrada||corrego da velha|limoeiro|35595000|11,-1981855,-4578566;16,445,-858
estrada||corrego da velha|mata dos tertos|35595000|22,-1983858,-4578779
estrada||corrego da velha|regiao c da velha|35595000|9,-1980901,-4577600
estrada||da fazenda boa esperanca|mata do jatoba|35595000|6,-1983259,-4575237
estrada||da marcela|marcela|35595000|3,-1970692,-4583702;6,951,-4758
estrada||do bau|bau|35595000|23233,-1971995,-4574331
estrada||do limoeiro|limoeiro|35595000|5,-1988221,-4580010
estrada||do limoeiro|mata do jatoba|35595000|2,-1983991,-4573356
estrada||esteios a noruega|fazenda|35595000|1,-1995626,-4567741;19,1244,522;20,-830,-608
estrada||esteios a noruega|palmital|35595000|134026222,-1992688,-4559633
estrada||estiva|estiva|35595000|7,-1983009,-4564399;10,78,500;13,802,733
estrada||fazenda barreirinho|corrego da velha|35595000|263,-1979799,-4571742
estrada||laranjeiras ii|laranjeiras|35595000|6,-1985066,-4555263;12,6305,3228;18,-2179,-2005
estrada||laranjeiras|laranjeiras|35595000|1,-1981250,-4556470;17,-220,2796;18,525,-370;19,-89,1895
estrada||liga campinho a dores|sao domingos|35595000|14,-1970379,-4560151;25,569,906;34,-1007,866
estrada||limoeiro|limoeiro|35595000|11,-1983847,-4580680;12,420,-528
estrada||luz a bambui entrada a direita|arvore grande|35595000|7,-1990996,-4574860
estrada||luz a bambui entrada a direita|rio bambui|35595000|33,-1994377,-4576762
estrada||luz a bambui pela estrada luz|fazenda|35595000|4,-1992559,-4577418
estrada||luz a corrego danta|arvore grande|35595000|13,-1989262,-4577930
estrada||luz a corrego danta|limoeiro|35595000|1,-1982738,-4578544
estrada||luz a corrego danta|sumare|35595000|1,-1984756,-4574000
estrada||luz a sumare|condominio do elvis|35595000|301,-1980520,-4572696
estrada||luz a sumare|sumare|35595000|6,-1985105,-4573133
estrada||luz bambui estiva|estiva|35595000|1,-1981189,-4567284;7,-2973,-118;10,68,757;12,1396,-228;19,-3242,955;21,513,-604;22,142,-154;23,-315,-839;24,-106,229;27,-712,-478;28,443,648;29,-156,76;32,-480,-392;33,-215,350;47,-839,-3461;51,-85,680;56,-1083,1327
estrada||luz bambui estiva|palmital|35595000|14,-1985239,-4565883
estrada||luz bambui estiva|santa cruz|35595000|15,-1982874,-4568911
estrada||luz bambui estiva|sumare|35595000|4,-1988953,-4576671
estrada||luz bambui furnas|furnas|35595000|4,-1986175,-4572704;9,-974,1516;10,-2009,-2806;201,3043,1278
estrada||luz bambui jaracatia|jaracatia|35595000|2,-1983706,-4570872;3,-1586,39
estrada||luz bambui palmital|palmital|35595000|3,-1989658,-4563862;4,421,-1851;5,614,586
estrada||luz bambui santa cruz|santa cruz|35595000|8,-1983549,-4568096;17,-1409,-975;18,-148,-106
estrada||luz bambui sumare|sumare|35595000|4,-1985410,-4574404;11,-1912,321;14,1913,-321;15,227,-505;16,-226,505;17,-1445,-806;21,1126,593;22,-347,-399;24,-426,-33;25,-351,-135;26,497,-102;28,894,794;36,-1426,-774;37,-2234,-396;39,1430,-418;40,86,-35;41,-567,921;42,-12,10
estrada||luz bambui valinho|valinho|35595000|58,-1990036,-4572598;61,676,926;17712,714,1225
estrada||luz corrego danta limoeiro|limoeiro|35595000|2,-1985621,-4581244;3,-2772,1983;5,1771,-287;6,-268,-651;7,1271,-94;10,1772,-387;11,-5551,397;12,1076,-273;13,1424,-325;15,-440,947;18,-297,1073;19,723,-2017;21,254,39;25,103,238;27,1168,914;28,101,707;29,15,-8;30,500,205
estrada||luz corrego danta sumare|arvore grande|35595000|31,-1985508,-4577232;35,-903,-189
estrada||luz corrego danta sumare|mata do jatoba|35595000|5,-1982922,-4574882
estrada||luz corrego danta sumare|pocoes|35595000|8,-1983733,-4575703;10,130,-203;11,94,-345
estrada||luz corrego danta sumare|sumare|35595000|28,-1986852,-4575920;36,-2862,774
estrada||luz corrego danta tertos|limoeiro|35595000|5,-1983200,-4578126;6,-263,-494;8,-169,35;9,-60,5
estrada||luz corrego danta tertos|mata dos tertos|35595000|11,-1983735,-4577849;14,-251,476;17,-413,664;21,3,-13;22,538,-2057
estrada||luz corrego danta|areia branca|35595000|25,-1981103,-4575626;30,-497,454;33,436,158;100,750,2961
estrada||luz corrego danta|arvore grande|35595000|1,-1987433,-4578447;6,-1154,1771;7,-899,-2898;10,158,2234;16,1895,-1107;19,-2223,-1086;31,2582,2355;32,3,-27;34,12,-196
estrada||luz corrego danta|campo do oliveira|35595000|4,-1982901,-4578933;6,1169,-1319;9,-2,16
estrada||luz corrego danta|condominio do elvis|35595000|19,-1980450,-4572059;51,6,272;70,24,-380;80,16,107;101,-59,-259;118,25,469;140,44,-523;993,-92,280
estrada||luz corrego danta|corrego da velha|35595000|2,-1980604,-4570852;3,509,39;4,40,110
estrada||luz corrego danta|limoeiro|35595000|1,-1983228,-4578154;8,-247,-469;17,-4893,309;20,1563,-2765
estrada||luz corrego danta|mata do jatoba|35595000|1,-1982678,-4572439;2,-1303,-896;3,-2801,1850;4,4214,-739;5,-538,-153;6,-152,-2859;7,879,3511;10,-435,607
estrada||luz corrego danta|pocoes de cima|35595000|16,-1982615,-4576805;17,-149,-407;22,691,976
estrada||luz corrego danta|sumare|35595000|9,-1988852,-4576122
estrada||luz lagoa jorginho|brejinho|35595000|30,-1984687,-4561526
estrada||luz lagoa jorginho|jorginho|35595000|7,-1982923,-4563912;126,-1732,2196
estrada||luz lagoa morro grande|morro grande|35595000|32,-1989410,-4561565;33,-180,273;34,186,-273;35,3,-849;36,-35,63
estrada||luz lagoa palmital|palmital|35595000|1,-1990282,-4565292;8,2352,604;9,5,-11;11,263,82;13,33,570;17,-217,1238;19,792,-101;23,-699,1266;25,-880,952;26,-131,33;30,75,-1099
estrada||mandasaia ii|mandasaia|35595000|4,-1976231,-4563963;5,1262,4378;10,316,-4491;11,-125,2274;25,-530,-1764;29,-782,2494
estrada||mandasaia|mandasaia|35595000|1,-1977685,-4566503;3,709,1100;4,592,506;5,1928,1154;6,-689,-323;7,260,1370;8,231,-1380;9,-705,3280;10,874,280;11,136,360
estrada||palmital|br 262 lagoinha|35595000|43,-1988514,-4560069
estrada||palmital|brejinho|35595000|20,-1987406,-4561456;29,2312,-599;30,-166,324;33,-217,115;34,-1120,-514
estrada||para a fazenda do jo|mg 176|35595000|6,-1974758,-4568200
estrada||para a fazenda|jaguari|35595000|5,-1973948,-4566226
estrada||para a fazenda|mg 176|35595000|6,-1973348,-4567188
estrada||para dores do indaia|campinho|35595000|10,-1976796,-4551554;30,-151,531;40,-33,126;48,61,-305;60,-15,-59;335,18,90;660,49,-236;670,-20,52;674,-4,19;677,48,-146;678,10,6;684,13,-27;687,-11,0
estrada||para fazenda arvore grande|arvore grande|35595000|11,-1989842,-4578656
estrada||para fazenda cachoeirinha do pimenta|luz|35595000|12,-1973500,-4566873
estrada||para fazenda catuai valter moreira|olaria|35595000|15,-1971508,-4569196;16,-288,855;17,410,-946
estrada||para fazenda cocais de jose inacio|cocais|35595000|7,-1972837,-4567100;9,-191,373
estrada||para fazenda do vicente braga|olaria|35595000|13,-1971126,-4567817
estrada||para fazenda do vizinho do cici|olaria|35595000|1,-1970076,-4565450
estrada||para fazenda do vizinho do idelm|sao domingos|35595000|735,-1972069,-4565809
estrada||para fazenda nova serrana do ivan|olaria|35595000|30,-1971334,-4567514;38,165,125
estrada||para fazenda nova zelandia de heide|olaria|35595000|40,-1970802,-4567016
estrada||para fazenda ponte alta da irma do beeraldo|olaria|35595000|12,-1970478,-4567642
estrada||para fazenda ponte alta de moacir giordane|olaria|35595000|8,-1968909,-4567856;9,123,140
estrada||para fazenda ponte alta do jose|olaria|35595000|7,-1968902,-4567850
estrada||para fazenda ponte alta do leopoldino|olaria|35595000|5,-1969363,-4566536;6,-29,-35
estrada||para fazenda recanto das pererecas|olaria|35595000|13,-1971077,-4566245
estrada||para mata do ribeiro|campo do oliveira|35595000|5,-1973827,-4589138;55,120,1954;61,-4273,-20;62,961,-221;64,1229,-449;68,-1724,1276;70,1911,-1140;71,346,330;72,0,4;73,20,107;62004493,1533,123;134030208,-1539,-1429
estrada||para o condominio do elvis|condominio do elvis|35595000|15,-1980307,-4572272;20,-114,-156;31,148,-6;40,-71,-101;41,-85,623;55,-80,-453;60,75,205;61,-42,-113;65,39,112;71,49,-319;75,-70,123;79,19,562;80,27,-536;81,10,57;90,-8,-73;91,-74,-17;95,17,305;100,-6,38;101,32,-490;110,47,9;120,27,538;121,-182,-552;140,154,-20;141,-27,-10;165,11,223;180,-37,-263;220,-108,-32;253,223,207;278,25,1;280,-150,-254;281,-5,-6;304,47,-27
estrada||para olaria|olaria|35595000|2,-1971266,-4566452;30,-128,62
estrada||proximo posto monte libano|br 262 lagoinha|35595000|526,-1978098,-4567795
estrada||proximo posto monte libano|ribeirao jorginho|35595000|2,-1978125,-4567835;522,334,2699
estrada||rodovia mg 429|fazenda|35595000|382,-1997482,-4565059
estrada||saindo da br 176 estrada que v|jaguari|35595000|11,-1972530,-4563916;12,1200,704;13,-2066,319
estrada||saindo da br 176 estrada que v|olaria|35595000|10,-1972227,-4565032;11,741,-172
estrada||saindo da br 176 estrada que v|sao domingos|35595000|12,-1972520,-4563357
fazenda|nossa senhora|aparecida de jos|campo do oliveira|35595000|1161449063,-1977985,-4584516
fazenda|santa|terezinha de geraldo gom|campo do oliveira|35595000|23,-1978428,-4582396
fazenda|sao|vicente|palmital|35595000|17,-1991900,-4559962
fazenda||boa esperanca|pocoes|35595000|5,-1983203,-4575139
fazenda||boa vista de ana maria silva l|esteios|35596000|22,-1993787,-4573962
fazenda||boa vista|arvore grande|35595000|1,-1991932,-4577719
fazenda||boa vista|rio bambui|35595000|30,-1993340,-4576157
fazenda||bom jardim 7|capetinga|35595000|7,-1998381,-4563982
fazenda||bom jardim mariana|bom jardim|35595000|27,-2000098,-4566748
fazenda||bom jardim|bom jardim|35595000|4,-2001426,-4565825;12,-544,-814;13,-25,866;21,1059,-1162;25,427,-642;57,-436,-446
fazenda||campo das oliveiras cipo de ju|campo do oliveira|35595000|55,-1981438,-4583616;3605701,3924,-2980
fazenda||campo das oliveiras de anasio|campo do oliveira|35595000|78,-1976195,-4585870
fazenda||campo das oliveiras de antonio|campo do oliveira|35595000|48,-1978214,-4585187
fazenda||campo das oliveiras de claudin|campo do oliveira|35595000|470,-1979419,-4582480;6144733,1573,-3990
fazenda||campo das oliveiras de jair ba|campo do oliveira|35595000|50,-1979167,-4584851;72,3992,-2247;47001244,254,-396
fazenda||campo das oliveiras de jair jo|campo do oliveira|35595000|71,-1975788,-4587877
fazenda||campo das oliveiras de jesse l|campo do oliveira|35595000|42,-1976929,-4585477
fazenda||campo das oliveiras de jose el|campo do oliveira|35595000|89800224,-1976060,-4585807
fazenda||campo das oliveiras de jose eu|campo do oliveira|35595000|134030278,-1976393,-4586612
fazenda||campo das oliveiras de laerte|campo do oliveira|35595000|69,-1975738,-4587687;115003167,-4146,6360
fazenda||campo das oliveiras de maria d|campo do oliveira|35595000|40,-1977772,-4585486;54,-1433,-1135
fazenda||campo das oliveiras de mariza|campo do oliveira|35595000|72,-1976732,-4586735;76,249,-32
fazenda||campo das oliveiras de rafael|campo do oliveira|35595000|70,-1975601,-4587738
fazenda||campo das oliveiras de silveri|campo do oliveira|35595000|958000567,-1976354,-4585186
fazenda||capao bonito do delfino|estiva|35595000|42,-1987693,-4570525
fazenda||capao bonito do joao vieira|palmital|35595000|13,-1987622,-4564647
fazenda||capitinga lucio miranda|fazenda|35595000|22,-1994948,-4562027
fazenda||chale jose madeira|palmital|35595000|27,-1993563,-4559983
fazenda||cipo de paulo garcia de carval|marcela|35595000|14,-1973715,-4586089
fazenda||cipo marcela de jose olavo da|marcela|35595000|14,-1970628,-4585803
fazenda||cipo marcela de laerte de oliv|tres barras|35595000|13,-1973008,-4584447
fazenda||cipo marcela lugar varjao d|varjao|35595000|9,-1971084,-4580994
fazenda||cipozinho de pedro garcia de c|cipozinho|35595000|15,-1972756,-4585952
fazenda||corrego do dico|palmital|35595000|2,-1988634,-4560695
fazenda||costa pinto|sumare|35595000|33,-1987064,-4577222
fazenda||da marcela de helena candida d|marcela|35595000|4056285,-1969620,-4584012
fazenda||da pedra|bom jardim|35595000|6,-2001173,-4570037
fazenda||de fatima ex esposa do carlos|campo do oliveira|35595000|134021573,-1976906,-4584379
fazenda||irmaos carvalho teixeira de ha|cipozinho|35595000|541,-1973181,-4582744
fazenda||jaracatia do toi rezende|jaracatia|35595000|2,-1983750,-4570895
fazenda||limoeiro da maria mesquita|limoeiro|35595000|18,-1988230,-4578491
fazenda||limoeiro da maria pacheco|limoeiro|35595000|18,-1986920,-4580873
fazenda||limoeiro do ailton|limoeiro|35595000|16,-1986438,-4579626
fazenda||limoeiro do lasaro|limoeiro|35595000|26,-1986539,-4580473
fazenda||limoeiro do zefino|limoeiro|35595000|3,-1985609,-4581217
fazenda||mamoneira|pocoes|35595000|21,-1981575,-4576920
fazenda||maravilha de luis guil|esteios|35596000|4,-1994381,-4572322
fazenda||maravilha|regiao dos esteios|35595000|13,-1997444,-4569271;14,794,-262
fazenda||marcela de orlando romano|marcela|35595000|5,-1970949,-4583974
fazenda||mata do engenho de geraldo aug|marcela|35595000|9,-1971067,-4589592
fazenda||mata do engenho de maria jose|marcela|35595000|3,-1970544,-4588774
fazenda||mata dos tertos|mata dos tertos|35595000|14,-1983727,-4577320
fazenda||moreira|bom jardim|35595000|9,-1999757,-4568388
fazenda||morro grande|palmital|35595000|4,-1992699,-4562106
fazenda||noruega 4|fazenda|35595000|27,-1994808,-4560586
fazenda||palmital do guarazil|palmital|35595000|5,-1988632,-4565103
fazenda||palmital do joao batista|palmital|35595000|27,-1988671,-4561805
fazenda||recanto|fazenda|35595000|23,-1994751,-4561385;24,0,0
fazenda||retiro das canoas de joao lui|campo do oliveira|35595000|62006080,-1975611,-4585224
fazenda||ribeirao de julio maria alves|campo do oliveira|35595000|65,-1977973,-4587200
fazenda||serra da marcela de francisco|marcela|35595000|2,-1971080,-4584400
fazenda||sumare do jose sarafino|sumare|35595000|17,-1985462,-4574491
fazenda||trevo|palmital|35595000|29,-1989122,-4561193
fazenda||vaca verde|pocoes|35595000|15,-1982885,-4576607
fazenda||valinhos de valdemar duarte|valinho|35595000|62,-1990037,-4572600
fazenda||veredas de ricardo cavalcante|campo do oliveira|35595000|62,-1976998,-4587314
lado||direito da br 262 sentido bh|br 262 lagoinha|35595000|32,-1979039,-4556205
lado||direito da br 262 sentido bh|campinho|35595000|1,-1977340,-4550919;18,-600,-2819
lado||direito da br 262 sentido bh|estiva|35595000|23,-1979720,-4554514;28,744,-158
lado||esquerdo da br 262 sentido bh|br 262 lagoinha|35595000|16,-1977817,-4553585;513,-562,-3859;522,882,283;54013584,-989,269
lado||esquerdo da br 262 sentido bh|campinho|35595000|16,-1976656,-4552312
lado||esquerdo da br 262 sentido bh|campo do meio|35595000|10,-1973511,-4552771;11,-470,-501;12,-1541,-316;15,1050,-356;16,427,-1285;20,494,2586;22,-377,-229;24,179,326;25,-291,-171;30,291,289;35,215,-342;36,-2,5;37,-212,217;38,221,-182;40,-60,134;42,-137,0;44,96,-25;46,84,-24;49,-15,-42;50,19,-23;51,6,7;52,4,-5;53,4,0;55,76,-88;56,-34,52;57,-24,18;59,-48,-17;60,-13,-4;522,-1819,-1011;526,1810,1109
lado||esquerdo da br 262 sentido bh|marinbondo|35595000|6,-1972832,-4549913
praca|dona|anita|monsenhor parreiras|35595000|1722,-1978724,-4568510;1729,-34,-105;1751,64,-27;1759,9,4;1764,24,101;1785,-7,-87;1789,17,67
praca|dona|carolina fonseca|centro|35595000|658,-1979798,-4568442;660,5,40
praca|doutor|tacito guimaraes|centro|35595000|106,-1979830,-4567782
praca|vereador|jose teofilo resende|campinho|35595000|13,-1976962,-4551462;43,39,11;61,18,17;83,3,5;109,21,4
praca||antonio eugenio filho|novo oriente|35595000|10,-1979246,-4567690;145,-20,-1;149,-9,4
praca||da catedral|centro|35595000|36,-1979998,-4568579;48,-25,-6;50,-12,10;64,-14,6
praca||joao batista do couto|esteios|35595000|10,-1992460,-4570312;16,-2,-10;17,-97,36;22,90,-31;29,-74,30;34,55,-43;42,9,-2;58,-26,-10;70,-17,-5
praca||jose lanes batista leite|caixa dagua|35595000|677,-1979900,-4568969;689,-4,2;699,4,-11;701,0,-3;713,-15,-21;721,3,1;726,0,-11;727,-1,-2;729,-1,-28;731,0,22;749,-5,1
praca||marcos evangelista resende|centro|35595000|5,-1979822,-4568284;8,25,-3;29,-23,-12;38,22,-15;39,-18,15;40,20,-11;53,-28,-6;55,-1,-10
praca||rotary club|monsenhor parreiras|35595000|867,-1979061,-4568195;871,19,2;873,5,-16;875,4,-4;877,-15,-10;917,35,-7;925,5,9;935,4,9;945,6,-1
praca||rotary club|nossa senhora aparecida|35595000|735,-1978997,-4568171
praca||rotary|rosario|35595000|774,-1979066,-4568166
ramal||da estrada da marcela|marcela|35595000|11,-1970297,-4585277;16,-1156,-949;62032100,-266,569;126007885,822,-1127
regiao||cabeceira do corrego|sumare|35595000|4,-1985015,-4573781
regiao||campo do meio|campo do meio|35595000|5,-1973786,-4552528;19,167,-96;26,5,114;35,-457,-660;45,-1228,-402;98,-207,207;99,-151,1699
regiao||campo do meio|grotao|35595000|3,-1972168,-4557681
regiao||capoeirinha redonda|capao comprido|35595000|15,-1976002,-4574958
regiao||capoeirinha redonda|luz|35595000|10,-1974783,-4575389
regiao||estiva|estiva|35595000|9,-1983320,-4563382;35,3672,7517;508,1191,1286
regiao||perdicao|mandasaia|35595000|5,-1976455,-4563030
regiao||ponte azafrao|brejinho|35595000|11,-1983701,-4560338;25,-1304,-1034
regiao||ponte jorginho morro do jorge|jorginho|35595000|1,-1980677,-4567148
regiao||reserva serra da marcela|bau|35595000|12,-1971498,-4573964
ribeirao||br 262 jorginho|ribeirao jorginho|35595000|6,-1978484,-4562732
rodovia||176|estiva|35595000|39,-1986539,-4569672
rodovia||262 km 530|serra deus me livre|35595000|530,-1978231,-4568519
rodovia||262 km 555|marcela|35595000|1,-1970324,-4587449;3,-215,-1331;4,611,246;8,-429,-486;9,740,5006;79,-658,-1240
rodovia||262 primeira a direita|cipozinho|35595000|1,-1972565,-4583167;5,-1076,59;8,806,-1006;9,-1,-1;15,82,-1845
rodovia||262 segunda apos trevo|marcela|35595000|6,-1970494,-4584183;12,-37,-302
rodovia||262|aabb|35595000|532,-1978310,-4572644
rodovia||262|campo do oliveira|35595000|6,-1974480,-4581633;23,-212,-1069;27,-1886,35;33,1886,-37;35,-321,-1186;36,391,742;37,-398,-1038
rodovia||262|fazenda cruzeiro|35595000|18,-1973493,-4575738;107004314,602,-801
rodovia||262|fazenda serra da marcela de vitoria matos|35595000|10,-1975759,-4574259
rodovia||262|luz|35595000|1,-1976575,-4579410;6,-1754,5702;67,534,-1397;533,183,1752
rodovia||262|monsenhor parreiras|35595000|170,-1978333,-4568519;526,-22,-59;1735,13,152;2641,-2,-52
rodovia||262|posto tres barras|35595000|540,-1976104,-4579786;541,18,-4
rodovia||262|serra deus me livre|35595000|1,-1978191,-4568890;130,-16,408;528,42,-4586
rodovia||262|tres barras|35595000|4,-1978354,-4576930;10,979,-25;12,-274,-936;13,4047,-723;14,-595,59;159002305,320,-369
rodovia||br 176 liga luz a dores do ind|mg 176|35595000|7,-1973026,-4566728;14,-1243,-448
rodovia||br 176 liga luz a dores do ind|olaria|35595000|11,-1970313,-4566595;12,-1046,-2683;25,33,2701;29,-8,96
rodovia||br 176 liga luz a dores do ind|sao domingos|35595000|7,-1972149,-4566130;15,670,5082
rodovia||br 262|br 262 lagoinha|35595000|1,-1980616,-4557092;9,2025,-6566;24,74,6645;517,374,-10884;3000,-287,1942
rodovia||br 262|br 262|35595000|526,-1978364,-4568772
rodovia||br 262|campinho|35595000|1,-1978040,-4553576;17,383,780;507,-491,-722
rodovia||br 262|campo do meio|35595000|3,-1973671,-4552541
rodovia||br 262|canoas|35595000|515,-1979300,-4560475
rodovia||br 262|estiva|35595000|8,-1982753,-4559462;20,1616,-1404
rodovia||marcio cardoso leao lado direi|campo do oliveira|35595000|1,-1981264,-4583514;2,-129,-80;3,62,9;4,-34,15;5,1066,-663;7,-1049,691;20,3653,1319;22,-2589,-3269;23,-1124,1892;25,4850,712;29,-331,-1504;41,535,-794;42,-574,-290;44,-241,-230;45,-603,222;48,-439,299;49,227,668;62012537,3071,-1097;62020360,-4519,-108
rodovia||marcio cardoso leao lado esque|campo do oliveira|35595000|77,-1976481,-4586780;78,281,913;159004444,-2693,144
rodovia||maria dores|olaria|35595000|12,-1970047,-4565446
rodovia||mg 176|estiva|35595000|5,-1983538,-4566445
rodovia||mg 176|furnas|35595000|2,-1986064,-4572765
rodovia||mg 176|mg 176|35595000|11,-1971932,-4566497;21,-5304,-1346;176,1124,373;769695,-1086,-414
rodovia||mg 176|olaria|35595000|2,-1971272,-4566419;14,20,-86;24,-79,-59;26,55,137;27,0,5;28,2,5;90,153,-14;4620,-87,1
rodovia||mg 176|santa cruz|35595000|7,-1983379,-4568140
rodovia||mg 429|bom jardim|35595000|20,-2001130,-4566778;21,-93,-257;54002068,1143,-2812
rodovia||mg 429|esteios|35596000|180,-1992787,-4571277;197,-41,-36
rodovia||mg 429|fazenda|35595000|21,-1994948,-4562027;31,455,-6646;4726117,-2060,2727;971002413,371,-372
rodovia||mg 429|palmital|35595000|548,-1992872,-4564358;12119,2033,-392;115003165,-1485,5032;126007877,330,-844;159002478,171,-1885
rodovia||mg|campinho|35595000|110,-1976900,-4551420
rua|bombeiro|waldir morais|grandes lagos|35595000|30,-1979471,-4569425;50,6,-18;70,-177,392;110,4,-15;115,-9,36;135,12,-22;375,90,-218;385,11,-5;415,7,-22;550,68,-163
rua|capitao|du|caixa dagua|35595000|7,-1980198,-4568718;49,42,-10;50,2,9;60,4,-5;80,25,3;90,2,9;100,18,-17;103,-29,-6;105,15,2;110,24,-3;113,20,-13;119,-42,15;120,30,2;129,-11,-13;130,24,15;139,-16,-10;159,20,-13;169,16,-6;179,8,5;191,13,-4;195,8,-6;209,8,0;217,12,-2;222,-5,12;243,22,-16;248,12,11;251,0,-15;260,11,11;263,-7,-11;265,6,-1;269,-1,-2;273,11,5;285,7,-3;309,28,-8;317,3,-6;321,8,1;328,-19,68;334,36,-55;342,-1,-4;364,10,-7;370,17,-2;411,51,-23;430,-2,12;435,7,-9;436,2,9;449,8,-26;454,2,13;459,2,-8;466,0,14;469,11,-12;474,4,10;491,16,-13;512,16,1;513,-6,-8;515,10,-4;524,12,19;525,-1,-23;534,8,16;539,3,-20;540,7,17;551,2,-19;552,2,26;557,8,-30;560,-6,17;566,19,-3;569,-9,-12;606,48,-5;611,-12,-8;623,9,-4;625,10,1;626,-2,10;627,11,-17;638,-2,21;641,7,-22;648,14,14;655,-8,-12;660,11,1;663,3,-7;670,-1,6;677,7,-8;678,-2,17;687,12,-23;688,9,16;697,0,-23;703,7,3;707,4,0;717,12,-4
rua|capitao|du|grandes lagos|35595000|235,-1979414,-4569220;255,8,-16;326,15,-12;376,21,-44;426,24,-53;456,10,-26;475,-104,216;523,110,-236;975,-128,276
rua|coronel|jose thomas|centro|35595000|5,-1980009,-4568657;28,-9,18;35,16,6;38,-12,7;48,10,20;53,2,-9;57,6,8;79,3,16;93,7,11;667,135,529;681,-1,20;695,-7,-4;701,-1,19;713,1,-9;741,16,23;755,10,30;759,5,5;765,-5,9;775,4,13;785,-1,2;787,-34,-73;791,40,87;811,4,9;823,2,12;869,6,63;875,6,-4;889,-7,6;901,14,15;909,2,-1;919,4,24;929,-1,3;949,7,35;959,4,6;989,-3,15;993,10,7;997,1,15;1003,1,8;1017,5,0;1033,9,14;1071,3,33;1085,10,19;1103,-4,20
rua|coronel|jose thomas|zita chaves|35595000|1110,-1979741,-4567569;1128,10,9;1163,-6,-18;1177,5,12;1185,2,12;1194,-1,1;1197,3,11;1215,3,5;1220,-4,6;1225,5,4;1230,2,5;1235,5,4;1241,-2,7;1255,6,13;1256,-8,14;1275,13,7;1276,-10,0;1290,4,17;1292,3,7;1297,6,-19;1299,4,18;1306,-10,11;1314,-2,9;1319,15,8;1324,-8,1;1334,2,11;1335,17,18;1365,-6,18;1368,-1,-6;1390,5,21;1397,6,3;1399,-17,-91;1401,14,93;1409,3,7;1415,12,21;1460,6,48
rua|coronel|jose tomaz|centro|35595000|125,-1979981,-4568548;134,-7,7;152,5,13;156,-3,7;157,9,-1;168,-4,10;175,13,11;178,-10,10;190,4,8;199,9,4;200,-1,5;201,20,-2;209,-27,-3;222,13,18;227,-3,9;232,-5,11;242,18,-6;245,3,10;249,-10,4;266,3,18;267,6,-4;271,-13,10;290,7,33;318,11,22;321,7,-18;331,3,12;345,2,15;350,-17,5;351,24,10;352,-9,-7;366,3,22;369,6,-3;388,0,16;393,8,5;408,0,21;426,11,12;451,8,29;459,-7,-1;460,-9,6;466,17,10;477,-6,2;484,3,12;492,1,10;500,7,-2;502,2,9;503,-11,-9;509,18,15;515,-11,0;519,2,7;521,2,-2;523,7,6;525,-2,11;527,3,-3;530,-14,-19;533,17,26;560,-16,7;562,16,11;565,-13,-15;577,27,16;589,-12,6;590,-15,-40;598,17,54;599,8,-6;601,-11,14;606,5,-13;609,10,36;613,-14,-16;614,-5,7;619,10,0;621,-1,-10;623,0,12;625,9,6;629,-4,5;636,-14,12;643,17,-10;649,8,11;666,-10,8;668,8,20;672,5,-2;700,6,17;702,0,9;714,0,10;726,-7,22;730,16,2;750,0,0;764,1,34;794,7,28;800,-5,-13;814,9,18;816,7,9;818,-6,5;820,9,-6;840,7,33;868,4,24;880,20,35;920,-5,17;926,-13,20;1018,26,67;1052,2,20;1054,-2,8;1058,5,2;1076,6,18;1084,4,23;1104,4,23
rua|dom|belchior|centro|35595000|9,-1979607,-4568211;11,-7,2;23,-8,2;29,-12,4;38,7,-4;48,-11,-1;54,-6,3;57,-6,5;66,-10,1;69,3,15;78,-16,-13;79,6,4;87,-6,4;93,-10,6;101,-9,-4;111,-9,-1;120,23,-12;126,-11,4;130,-6,-4;131,-14,13;137,-14,9;146,19,-15;150,-19,6;153,-6,9
rua|dom|manoel|centro|35595000|12,-1980174,-4568487;20,207,-64;30,7,-6;38,10,0;43,-73,13;44,91,-21;45,-14,-9;51,5,-10;55,-106,53;56,112,-35;59,-114,34;65,-7,-2;68,133,-34;69,-8,-19;77,-135,68;87,156,-65;88,3,10;89,-171,48;102,176,-47;103,-187,67;105,108,-57;124,86,-14;127,-1,-9;132,24,1;135,-2,-16;143,11,0;151,7,-7;158,-2,14;160,-317,91;166,-19,10;169,360,-119;180,8,14;188,-361,97;200,378,-107;203,-8,-9;221,27,-10;228,10,9;230,12,0;243,-2,-11;257,119,-35;260,-108,39;268,11,-8;281,4,-5;293,14,-4;296,23,4;308,14,-7;311,-8,-10;321,12,6;333,4,-13;342,-4,17;349,25,-15;352,-4,13;372,17,-12;398,3,-3;399,2,-11
rua|dom|manoel|conjunto macedonia|35595000|438,-1979614,-4568670;440,10,-4;441,-13,-5;442,18,6;449,-3,-11;452,13,10;459,-5,-13;468,12,9;474,10,-4;485,26,-19;2220,-79,34
rua|dona|germana duarte|rosario|35595000|16,-1979103,-4567858;17,-3,-11;25,8,1;26,8,10;33,9,-17;38,-4,14;40,9,-5;44,5,0;46,5,-2;50,10,0;51,-2,-12;55,11,-4;56,-4,14;68,17,-3;74,6,-2;82,3,-4;98,11,-5;100,5,-3;104,5,-1;105,-13,-3;109,21,-7;110,0,12;120,10,-6
rua|dona|ignez botinha|monsenhor parreiras|35595000|10,-1979350,-4568891
rua|dona|marica|esteios|35595000|55,-1992615,-4570427;60,12,40;62,-49,-10;70,-18,-1;90,44,13;99,25,8;125,-33,-12;509,54,12;521,4,8;560,-116,-45
rua|dona|olimpia clara de carvalho|zita chaves|35595000|44,-1979926,-4567453;71,4,-13;83,-5,12
rua|doutor|arduino cesar|caixa dagua|35595000|520,-1979842,-4568808;522,-20,-41;523,10,40;533,-2,-9;535,-8,-2;537,1,-13;539,1,11;541,-3,-13;544,11,-2;559,-12,-11;564,2,-9;577,-14,-27;580,12,6;581,-14,-8;611,-4,-4;614,14,-2;619,-8,-7;625,-5,-6;626,6,-5;627,-10,-7;631,-2,5;653,-2,-18;660,20,-16;667,-22,10;730,-5,-44;733,25,-52;738,7,16;743,-14,-17;744,8,3;749,-2,-13;756,3,4;764,0,-7;771,-8,-3;774,12,-7;777,-8,-3;785,4,-26;786,7,9;787,-5,15;791,8,-26;792,-9,-14
rua|doutor|arduino cesar|centro|35595000|10,-1979702,-4568318;43,-19,-27;48,5,1;54,-3,-15;55,-7,-3;61,-3,-11;74,5,-15;86,-4,-12;118,-8,-28;130,-4,-6;142,-4,-7;173,-18,-47;174,7,0;178,-4,-18;181,-12,8;193,-3,-6;198,15,-13;199,-37,-38;210,35,31;215,-39,-35;224,32,28;227,-29,-25;234,20,11;237,-6,1;249,-6,-12;250,15,-6;270,4,-11;271,-22,-6;282,11,-11;335,-26,-52;338,17,-1;341,-20,-3;346,9,-4;351,-22,-5;360,20,-8;376,-1,-13;378,-2,-7;391,-18,-22;396,8,11;399,-17,-60;416,11,42;429,-22,-41;439,5,-15;445,-3,-7;449,-4,-3;472,17,24;488,-7,-13;496,-5,-19;497,-7,-4
rua|doutor|jose batista araujo|nossa senhora aparecida|35595000|45,-1978319,-4568051;53,5,12
rua|doutor|jose batista de araujo|nossa senhora aparecida|35595000|57,-1978315,-4568055;65,-1,-29;93,-1,-12;95,-2,-17;117,-18,-59;141,18,15;143,6,-1;153,-10,-16;183,-7,-7
rua|doutor|mauro lino araujo|grandes lagos|35595000|125,-1979476,-4568888
rua|doutor|mauro lino araujo|monsenhor parreiras|35595000|22,-1979491,-4568810;26,0,-9;32,-1,-7;40,6,-17;46,7,-21;52,1,-7;56,5,-1
rua|doutor|melo viana|centro|35595000|6,-1979349,-4568207;11,-29,15;14,6,-20;21,-12,21;26,2,-11;28,-6,3;31,-5,11;32,5,-9;38,-11,0;100,-33,9;101,-26,9;104,14,-7;116,-3,5;128,40,-15;129,-45,26;131,-9,1;135,-7,-2;159,-34,16;179,102,-28;185,-108,27;188,-8,-15;191,1,18;195,-1,4;200,0,-18;201,-13,25;204,0,-33;210,2,13;213,-10,20;214,-1,-14;232,-23,4;233,5,8;259,-23,14;272,-12,-10;280,-10,1;287,11,9;290,-16,-8;295,-6,13;299,2,10;300,0,-24;312,-18,6;313,7,17;319,-14,2;330,-5,-14;335,-8,10;357,-14,13;360,-13,-13;363,-10,18;365,0,0;372,8,-18;374,-11,6;378,2,-6;380,-7,4;388,-9,0;389,18,16;390,-14,-17;392,-17,7;399,14,4;402,-26,-2;411,21,7;417,-7,8;420,-19,-16;437,2,15;458,321,-87;465,-22,1;475,-336,103;480,-7,-12;489,0,12;499,-19,16;535,-28,-13;540,-1,-7;544,-12,6;547,21,-1;555,-21,7;556,-9,-3;560,0,-2;565,-1,7;615,-39,14;621,-10,4;641,-8,-6;645,55,53;646,-68,-46;653,6,-2;657,-20,8;670,-13,0;679,-2,8;681,4,-1;691,-22,2;695,-5,3;699,-6,0;704,6,1;716,-19,-8;760,-32,14;800,-6,-3;814,-40,16
rua|doutor|melo viana|nacoes|35595000|761,-1980022,-4568012;791,-21,8;801,-9,7;826,-129,13;846,26,0;860,52,-13;861,-13,10;865,-10,2;867,-7,6;878,15,-14;884,-14,6;890,7,1;950,-99,22;986,10,-2;996,-50,14;1021,-9,11;1024,-5,-13
rua|doutor|peri|morro do jorge|35595000|36,-1980002,-4567716;48,12,10;56,4,10;66,6,14;74,-15,12;79,16,-21;234,3,29
rua|governador|valadares|centro|35595000|7,-1979785,-4567733;15,-6,9;26,-21,-6;37,9,9;46,-18,-8;51,-2,20;52,-17,-9;60,-6,-4;65,2,21;66,-15,-13;83,11,16;91,-18,20;105,-14,-9;110,14,-28;113,-27,27;120,20,-18;134,-23,6;163,-15,26;165,-9,0;201,-39,16;319,-75,62;325,-12,9;345,-14,9
rua|governador|valadares|morro do jorge|35595000|238,-1979989,-4567661;254,-4,10;262,-3,10;300,-25,23;310,-15,10;338,-8,6;342,-10,12;356,-7,6;370,-9,4;374,-5,4;386,-7,4;392,-8,6;396,-7,1;398,-6,8;400,-3,-2;412,-7,7;434,-14,5;454,-11,7;470,-10,4;478,-13,8;500,-13,2;526,-25,17;528,-6,2;548,-11,5;570,-14,5;582,-12,132;590,-4,-123;606,-2,-1;612,-16,3;624,-8,7;636,-10,7
rua|governador|valadares|morro jorge|35595000|180,-1979930,-4567681
rua|governador|valadares|zita chaves|35595000|383,-1980095,-4567552;641,-181,96;651,-9,10;665,-13,18;1075,236,-128;1097,-2,-2
rua|monsenhor|geraldo m vasconcelos|dom belchior|35595000|83,-1978512,-4569163;93,-4,-7;100,6,-9;150,-14,-50;195,-41,-143;202,35,99;211,-40,-121;215,-2,3;280,23,52;286,-3,-25;296,-7,-12;321,-15,-27;322,10,-5;327,-10,-3;328,9,-2;336,-4,-7;343,-10,-3;346,11,-9;349,-13,0;358,6,-15
rua|monsenhor|omar nunes coelho|dom belchior|35595000|111,-1978657,-4569328;117,1,-3;121,12,-2;131,6,1;139,6,-3;140,2,9;181,32,-22;189,-7,-5;195,27,1;209,3,-1;278,77,-12
rua|monsenhor|vicente|caixa dagua|35595000|103,-1980012,-4568787;104,10,-14;107,-10,-7;108,3,2;157,-14,-44;170,8,-5;171,-13,-2;183,4,-7;184,3,-2;188,-1,-7;191,1,10;192,-3,-12;204,-8,-16;215,-3,-19;234,-3,-28;235,-6,8;246,9,3
rua|monsenhor|vicente|centro|35595000|32,-1979982,-4568708;38,-3,-8;44,-6,-3;58,-1,-22
rua|nossa senhora|de fatima|caixa dagua|35595000|13,-1980187,-4568743
rua|nossa senhora|de fatima|centro|35595000|21,-1980158,-4568698;33,-9,16;47,8,13;50,-13,3;82,7,23;126,2,24;152,10,24;168,1,13;184,8,28;202,5,22;238,6,41;241,19,-7;266,-13,21;280,4,20;290,4,4;306,4,11;307,17,26;320,-17,-2;350,12,6;353,10,0;359,4,14;363,18,43;364,-29,-40;370,0,21;381,22,22;384,-14,7;398,5,10;406,7,24;411,11,-12;413,-2,10;430,-15,26;431,21,-5;465,10,33;474,-14,10;483,16,7;490,-16,10;499,32,18;500,-26,-6;566,8,30;578,6,4;581,-3,-1;594,9,20;611,9,-9;615,3,11;618,-17,5;619,32,-1;631,-7,21;644,-16,6;655,16,7;660,-15,13;671,26,17;675,-37,-103;680,19,113;690,5,6;708,11,5;711,2,19;719,5,9;729,-7,32;779,25,46;795,8,4;817,7,23;825,2,20;841,3,11;853,3,8;869,4,12;875,2,13;903,5,14;935,13,46;1009,37,102;1015,5,0;1099,12,56;1112,-9,-1;1115,15,-1;1139,1,22;1151,8,7;1167,0,17;1191,10,19;1203,8,28
rua|nossa senhora|de fatima|nacoes|35595000|730,-1980006,-4568009;742,1,14;766,-6,18;790,19,22;800,-1,0;816,5,14;826,-1,18;844,6,14;884,10,36;900,8,14;908,-2,9;918,14,16
rua|nossa senhora|de fatima|zita chaves|35595000|1246,-1979849,-4567525;1249,15,8;1260,-13,-5;1266,1,9;1286,10,21;1380,48,179;1394,19,60;1400,-4,9;1406,5,12;1440,5,22
rua|oficial|francisco rodrigues dorjo|novo oriente|35595000|4,-1979152,-4567160;5,1,10;8,-1,-1;9,7,1;12,-20,2;13,4,9;16,-10,-2;17,5,14;20,-10,-6;21,-2,10;24,-14,1;25,9,7;28,-22,6;29,8,8
rua|padre|joao da mata rodarte|centro|35595000|403,-1979331,-4568130;407,-3,-14;451,-8,-6;540,-36,-119;575,22,-11;625,-30,-85;631,44,205;665,-10,-31;669,11,9;671,-23,-18
rua|padre|joao da mata rodarte|monsenhor parreiras|35595000|413,-1979345,-4568221;452,-7,-57;462,-7,8;470,36,139;472,-31,-159;482,21,154;536,-17,-125;588,-16,-56;618,-3,-47;706,9,19;782,7,40
rua|padre|joao da mata rodarte|novo oriente|35595000|35,-1979242,-4567678;58,7,10;65,4,50;69,1,-11;91,7,39;100,8,-19;110,-4,10;117,-3,16;120,0,-12;123,13,69;126,5,0;129,-4,-4;136,8,9;142,-27,-55;254,18,29
rua|padre|joao da mata rodarte|rosario|35595000|30,-1979272,-4567776;33,-4,-8;40,4,-7;45,2,-5;50,-2,-9;54,-1,-10;56,4,13;71,-5,-23;84,-5,-3;85,-4,-5;90,4,-11;96,-1,6;97,-4,-4;98,8,83;102,-2,-87;105,-8,-7;106,8,4;112,-3,-7;124,1,-13;127,-11,-3;135,1,-11;138,5,1;139,-13,-13;140,31,-2;149,-26,-15;150,0,9;159,-2,-22;165,-1,7;172,11,28;184,-6,-19;204,1,-35;216,-3,-17;221,-8,-1;222,8,-1;238,-6,-17;240,0,-10;241,-7,17;244,8,-28;245,-10,25;247,-3,-21;250,10,-13;263,-14,14;265,0,-16;266,7,-2;270,-2,-34;272,5,17;276,2,4;279,-12,11;283,-1,-16;289,1,6;292,-2,-39;305,-3,33;546,-4,-41
rua|praca|padre joao evangelista|campinho|35595000|1,-1976976,-4551468;7,31,21;10,-9,29;25,-42,-73
rua|prefeito|darico carvalho|centro|35595000|10,-1980067,-4568570;40,-11,-29;60,3,-9;70,-13,-14;90,0,-13
rua|prefeito|jose barbosa leao|cocais|35595000|336,-1979098,-4567796;340,0,7
rua|prefeito|jose barbosa leao|novo oriebte|35595000|595,-1978977,-4567414;685,-3,10;715,19,48;729,4,20;733,6,18;745,1,6;747,0,6;757,0,5;769,6,9;775,0,6;781,2,0;799,0,24;809,2,6
rua|prefeito|jose barbosa leao|novo oriente|35595000|7,-1979061,-4567663;289,130,470;311,-168,-607;325,6,10;339,-1,5;341,5,7;345,2,14;348,-9,-12;358,11,53;364,-8,-39;370,6,18;388,0,1;394,-2,1;398,6,28;399,10,2;419,4,15;423,2,7;432,-10,7;434,3,9;435,6,-5;438,-8,10;442,7,5;448,-2,8;454,4,0;461,10,6;462,-6,-2;468,-2,6;469,12,-2;474,-9,12;475,17,-2;478,-19,4;485,7,8;486,-4,4;489,13,0;490,20,19;495,-21,-9;496,24,13;504,5,5;511,-2,1;512,-12,7;534,10,10;539,7,-6;541,0,0;543,-1,10;547,3,-6;567,2,12;571,6,11;576,-11,4;582,-1,2;583,13,9;587,0,0;588,-9,-3;589,11,9;593,-3,1;598,-9,9;599,10,0;604,-6,0;612,0,5;617,11,6;618,-12,2;622,5,7;623,8,-1;626,0,28;629,7,-20;630,-10,7;635,10,6;637,2,-5;641,0,3;642,-9,10;653,5,-3;659,3,15;665,2,6;686,2,40;700,6,7;710,1,17;720,10,35;738,4,17;740,2,2;748,0,8;750,3,7;754,4,7;760,-1,4;768,1,6;780,5,12;784,8,4;788,-6,10;790,4,10;800,0,7;818,2,15;834,2,9;844,3,5;850,4,14;856,4,17
rua|prefeito|jose barbosa leao|rosario|35595000|1,-1979199,-4568119;8,1,-9;12,84,274;18,-98,-280;21,22,37;26,-12,-21;28,12,48;31,3,-19;32,-11,-19;36,-2,10;38,4,11;42,3,11;63,7,10;64,-4,1;69,10,8;74,-1,12;75,8,-3;80,-8,3;85,5,9;90,-5,-9;91,12,19;100,2,2;101,0,6;110,0,5;117,5,4;125,6,18;126,-11,-15;128,7,18;135,4,17;138,-57,-164;139,62,170;140,-17,5;142,13,-16;149,7,22;162,-65,-180;165,67,189;166,-22,-23;167,25,33;168,-4,-17;179,6,24;180,-4,-10;187,5,13;191,6,6;192,-79,-215;209,83,232;211,-6,-12;214,-5,-5;220,5,9;221,3,12;223,5,8;224,-85,-244;230,83,244;235,5,11;237,5,22;239,-4,-12;244,-43,-136;260,46,135;270,-92,-264;280,92,281;286,-44,-135;292,46,155;294,11,7;296,-1,9;300,-1,-21;309,-2,6
rua|prefeito|laerton paulinelli|esteios|35595000|21,-1993002,-4569829;129,-106,117;300,28,82
rua|professora|alzira mendes pereira|esteios|35595000|1,-1992506,-4570039;35,-180,-245;41,9,-17;44,57,158;47,-24,-57;51,-25,-104;54,75,149;58,-94,-139;60,83,122;72,-14,-9;81,15,26;90,-24,-38;96,-8,-5;97,4,22;109,40,35;134,-56,-68;136,-5,-6;148,-12,-14;151,-15,-2;162,5,-6;182,-25,-26
rua|professora|amelia vasconcelos macedo|novo oriente|35595000|5,-1979251,-4567260;7,-4,14;8,-4,-9;9,3,10;10,-4,-6;11,-3,21;12,7,-4;13,-1,17;281,-1,41
rua|professora|leila maria o lamounier|novo oriente|35595000|2,-1979174,-4567218;4,-5,13;6,-10,23;8,12,-10;10,-23,30;305,-31,24
rua|professora|maria amelia da silva|nossa senhora aparecida|35595000|16,-1978691,-4567914;23,1,17;25,10,-10;31,-1,4;34,-10,-16;38,-68,-260;39,70,254;60,-36,-124;63,31,88;70,-30,-76;72,21,74;75,6,-8;78,-22,-56;79,17,38;82,-13,-28;85,16,28;86,-10,5;90,-2,-6;92,-28,-134;93,32,123;96,-5,-2;97,11,-3;98,-47,-126;106,22,77;109,20,34;110,-45,-127;118,21,82;121,12,37;133,4,-8;154,-48,-133;177,45,119;189,-4,-16;210,34,184;211,8,2;216,-5,5;217,14,4;218,-5,35;220,-6,-33;223,12,9;234,-3,49;243,-70,-339;245,82,331;246,-16,8;247,-70,-360;251,87,360;252,1,-3;256,-4,11;257,7,11;258,-13,-10;264,8,11;269,7,1;275,-82,-335;285,90,354;287,-3,21;303,9,3;311,-118,-481;315,5,40;353,123,499;363,-1,12;364,1,-8;369,0,12;371,6,10;373,5,10;380,-12,-13;382,-4,-2;384,6,3;385,14,29;388,-13,-27;392,1,8;395,16,30;396,-17,-29;400,4,11;405,14,25;410,-8,-17;415,-4,-11;416,5,19;426,-2,12;455,9,4;467,5,12;475,0,13;478,-8,9;481,7,-10;485,-3,8;488,3,14;497,5,-13;505,4,15
rua|professora|maria amelia|nossa senhora aparecida|35595000|525,-1978589,-4567528;535,16,18;545,-12,-1;555,2,6;580,-4,17;585,14,11;595,13,9;604,-18,13;605,5,-11;610,-5,22;611,8,-8;614,-6,5;615,5,-13;617,1,6;619,1,5;620,-4,0;621,5,16;624,-6,-9;629,10,2;630,-9,2;631,16,13;634,-18,-7;639,11,3;640,-6,-2;641,7,13;644,-5,-10;649,8,7;650,-3,-1;651,1,16;654,2,-6;659,4,4;660,-8,1;661,6,3;664,-9,6;669,10,-7;670,-3,13;671,4,3;674,0,-6;679,4,-3;680,-10,6;683,8,16;684,-8,-6;685,8,7;690,-7,-3;694,-1,0;700,3,4;792,-40,-154
rua|professora|maria jose miranda|esteios|35595000|6,-1992527,-4570475;10,-43,-156;22,34,112;78,11,27;79,-8,31;85,-6,-11;90,-49,-225;92,48,162;98,-96,-307;100,46,161;120,-4,-30;121,9,167;127,39,41;129,-17,-110;131,20,113;132,-8,-96;170,-28,-66;187,18,74;197,-13,-23;205,20,25;217,-46,-89;270,24,28;281,-22,-39;290,-12,-88;294,3,62;300,4,8;302,-15,-83;310,4,47;311,-2,-10;315,-5,-12;316,11,42;326,-5,-67;329,-15,5;340,4,-36;378,-16,0;384,2,-18;392,-6,-17;395,-5,-35;398,-16,24;400,-9,-57;417,18,11;420,-25,-30;423,51,134;430,-26,-85;447,4,-54;459,-21,-15;479,-7,-51;482,-4,-9;500,-5,8;510,-33,-82;512,-1,-15;538,-11,-21;540,-7,-33;561,38,57;567,-11,-39;569,6,-11;685,41,-72;705,-8,35;707,-17,19;795,74,-112;805,11,-60;990,20,680
rua|professor|botinha|novo oriente|35595000|300,-1979962,-4567422;310,-9,5
rua|professor|botinha|zita chaves|35595000|21,-1979783,-4567486;30,34,-18;31,-10,21;36,-6,-16;41,-2,15;48,-7,-8;51,-2,11;54,-12,-8;60,-9,3;72,-9,2;75,18,14;88,-27,-9;99,16,5;111,-41,11;113,0,3;121,31,-12;135,-46,14;147,-8,5;159,-8,0;171,-10,5;178,9,-8;182,-8,3;183,-16,10;186,3,-6;190,2,-2;196,-7,6;197,-2,1;209,-11,7;210,5,-7;239,-26,18;247,-6,4;255,-12,5;259,-7,-2;271,-7,1;279,-10,-2;285,-6,10;293,-8,1;299,-3,1;307,-5,1;309,-7,6;311,-7,5;356,18,-14;358,-11,1
rua|professor|francisco couto|nossa senhora aparecida|35595000|66,-1978566,-4568232;504,5,-37;510,2,6;520,2,11;526,5,18;530,0,0;538,1,1;550,1,3;560,1,9;565,-33,-65;566,38,79;575,-9,8;585,4,5;590,6,4;610,2,39;620,11,14;628,1,3;640,3,8;644,2,19;647,-7,-23;648,10,33;659,-7,-17;670,8,20;672,6,12;683,-10,-13;684,13,27;687,-7,-13;695,0,6;707,2,8;708,3,7;715,1,10;719,5,4;725,2,11;731,-2,7;735,-3,8;739,6,1;740,7,7;742,2,9;750,-3,-22;752,-2,-13;758,1,4
rua|professor|irineia lamounier de camargos|centro|35595000|20,-1980392,-4568102;51,10,32;95,12,49;111,-3,19
rua|professor|joao calixto|caixa dagua|35595000|17,-1979973,-4568848;26,-16,9;29,2,-5;37,-4,3;40,-12,7;53,-3,-2;60,-26,12;65,10,-10;78,-13,13;82,-11,-4;83,7,-4;91,-10,5;99,-7,3;110,2,7;111,-3,-7;113,-7,5;120,-3,-2;123,-6,8;130,-3,2;131,-14,-7;140,-2,14;143,-3,-7;150,-3,8;160,-14,5;170,-5,5;173,-12,-12;174,5,14
rua|professor|tindaro|caixa dagua|35595000|21,-1979931,-4568842;29,8,-3;30,5,-6;34,16,-2;54,1,10;59,-6,-5;60,4,-2;66,8,-1;67,-5,-5;69,16,-6;71,-9,10;81,17,-13;82,-8,14;122,42,-19;124,-7,0;132,15,-7;143,4,-4;146,3,0;148,8,-2;155,-1,-6;161,9,-3;169,4,-2;200,30,-7;207,-3,-8;217,11,-5;220,9,11;221,3,-9;230,9,6;231,-6,-10;238,11,2;239,0,-7;245,4,-4;252,11,9;265,0,-12
rua|santa|catarina|nossa senhora aparecida|35595000|475,-1978778,-4567505;480,19,6;497,-9,-7;500,160,-43;501,-151,43;507,14,-6;512,25,-5;515,-18,2;522,32,-8;523,-23,6;528,31,-2;530,5,-2;540,5,1;550,9,-4;560,8,2;563,-30,-2;567,6,-3;569,5,-6;571,8,0;581,134,-35;589,-122,36;590,0,4;600,14,2;614,9,-3;620,11,-4;626,8,-4;627,-17,-5;630,20,4;634,6,1;635,-16,-4;645,11,-4;653,2,1;656,2,6;670,46,-13;680,-9,5;690,4,-7;691,9,-12;700,-4,10;701,13,-7;710,-12,11;720,8,-4;730,1,-1
rua|santa|catarina|novo oriente|35595000|4,-1979264,-4567274;10,-28,21;15,6,-13;25,41,-36;29,1,-3;33,5,-2;38,323,-165;45,-314,158;48,-11,18;50,10,-6;55,5,-16;56,-1,13;61,8,-21;65,-2,5;76,8,1;81,3,-10;83,14,-12;84,-6,20;91,-1,-11;98,-4,14;99,18,-31;102,5,18;106,9,-13;110,3,10;111,-3,-21;114,22,-16;119,-21,15;153,31,-26;156,10,8;159,-1,-14;160,10,17;165,-6,-19;170,5,-20;179,1,24;184,-8,-5;185,20,-4;190,-13,-5;193,29,-10;197,-5,-5;205,27,-11;207,-26,15;208,-3,15;222,35,-22;235,29,-10;236,-27,13;242,5,3;258,10,-9;270,-33,7;293,52,-18;305,9,-6;318,-26,19;324,20,-8;326,-11,11;336,9,-9;337,21,-19;345,8,4;346,-19,16;352,11,-4;353,16,-18;354,-15,16;357,30,-14;358,-17,9;363,21,-12;371,8,-2;375,11,-6;403,9,-3;407,6,-1;433,45,-11;437,8,0;438,-7,9;446,4,-1;447,14,-12;450,-6,1
rua|santa|catarina|novo oriete|35595000|370,-1978966,-4567442;378,9,-6;384,3,0;390,6,-2
rua|santa|clara|dom belchior|35595000|301,-1978688,-4569441;315,0,4;325,14,-3;328,6,4;333,0,-9;334,-3,5;340,13,0;343,-1,-5;361,31,-13;379,10,3;380,-8,12;387,15,-17;390,-7,12;397,13,-9;400,-4,5;405,16,-12;410,-10,14
rua|santo|antonio do monte|monsenhor parreiras|35595000|243,-1979018,-4568452;270,-7,0;287,13,17;294,-11,-3;299,10,18;311,8,12;318,-11,-1;330,2,10;415,32,102;426,-1,12;457,5,-2;460,-5,17;461,12,-6;468,-5,16;479,5,7;480,-7,8;482,20,-3;487,-9,1
rua|sao|francisco|dom belchior|35595000|25,-1978400,-4569269;50,-16,-29;60,-9,-6;70,-7,-5;77,-17,-11;80,11,-5;83,-16,-7;90,11,4;100,-12,-10;110,-5,-6;120,-5,-5;130,-3,-5;140,-13,-17;150,2,-10;160,-9,7;170,-8,-12;179,-13,-12;199,-8,-4;205,-9,-10;213,-9,-11;219,-9,-10;585,164,184;665,-123,-145
rua|sao|gotardo|monsenhor parreiras|35595000|36,-1978872,-4568959;40,4,11;50,8,23;54,-2,11;56,3,-26;58,1,29;62,-1,12;68,5,5;70,3,46;72,4,-35;74,5,45;76,-1,14;78,4,13;80,4,17;90,1,4;102,3,6;110,4,15;114,1,10;130,0,47;136,23,41;140,2,12;150,7,14;170,3,19;190,6,14;201,8,66;206,17,48;213,-12,-34;220,14,45;225,-4,-16;236,9,41;242,3,7;249,-15,-42;254,18,53;255,-13,-39;259,-7,7;260,25,55;261,-11,-37;266,10,27;267,-10,-23;271,-3,12;283,2,8;295,9,10;307,-3,12;330,18,20;340,0,15;343,-4,9;344,-1,9;350,7,-11;357,6,21;359,-9,5;361,-7,-45;365,12,68;373,1,5
rua|sao|gotardo|monsenhor parreira|35595000|2,-1978828,-4568738;37,-49,-220;43,-2,14;55,3,10;57,4,9;69,2,17;79,3,6;89,2,10;91,4,18;93,6,26;95,1,14;97,14,31;99,1,9;101,-4,-22;103,5,41;105,-11,-45;109,13,53;111,2,11;117,4,9;131,30,68;141,-9,12;151,0,9;159,1,3;165,10,12;175,-3,9;185,3,13;211,0,32
rua|sao|paulo|nossa senhora aparecida|35595000|400,-1978875,-4567648;410,-1,2;422,11,1;426,7,-1;428,8,-6;436,24,-8;448,22,-2;454,9,-4;465,-11,-5;468,31,3;475,-26,-2;483,13,-6;491,11,-7;496,-11,21;500,28,-19;528,37,-13;540,9,-3;560,14,2;566,14,-1;576,7,-4;592,10,4;600,2,-2;604,9,-4;608,10,0;647,-203,41;657,14,-6;660,210,-49;675,-123,31;680,130,-30;681,-125,23;691,10,3;697,-3,-9;703,14,1;715,7,1;760,110,-27;773,-54,8;781,6,-3;789,11,-2;797,-89,32;819,131,-46;911,-14,8
rua|sao|paulo|novo oriente|35595000|15,-1979415,-4567485;32,1,14;38,13,-9;40,8,-5;45,-8,-5;50,21,-3;83,10,-17;86,13,4;87,-1,-3;92,2,-4;95,14,-4;98,0,-1;103,-1,1;114,16,5;122,1,-17;132,20,3;138,4,0;142,3,-10;156,10,4;170,9,-6;200,41,-23;208,-9,8;215,5,-4;218,-7,4;219,59,-16;221,-75,13;222,45,-2;235,13,-8;241,15,1;255,13,-7;263,-4,-9;273,21,4;283,3,2;287,9,-5;303,12,-12;350,12,14;380,30,-11;392,9,0;395,-6,-11;402,19,7;405,-3,-9;407,6,1;409,7,-1;411,9,-1;416,-22,5;420,8,2;440,16,-3;442,-128,37;450,122,-38;452,-114,35;455,153,-49;456,-143,44;460,142,-39;462,-136,40;463,146,-46;470,-1,0;471,11,-5;472,-137,44;474,140,-39;481,6,-7;485,2,-4;486,-4,10;489,10,-12;494,-3,12;497,2,-13;510,15,9;515,9,-11;523,4,-6;529,4,5;530,-9,5;537,11,-9;538,18,7;548,-8,-5;597,5,-1
rua|sao|roque de minas|monsenhor parreiras|35595000|400,-1978819,-4568858;402,5,-8;653,-25,2;659,5,-2;665,10,2;677,6,-2;700,-7,7;720,16,-5;1130,69,-18;1133,-15,-10;1139,6,3;1140,11,5;1145,1,-10;1161,31,-4;1163,11,-9;1165,5,-1;1171,12,-1;1333,21,-5;1511,33,-10;1520,-59,32;1525,70,-34;1530,-61,24;1540,2,3;1546,6,-1;1550,33,-17;1560,10,-2;1570,14,1;1580,11,-4;1609,-8,-4;1615,9,-7;1623,38,-7;1631,8,-4;1639,6,4;1655,9,-1;1659,-3,-1;1688,-12,7;1700,-8,1;1720,24,-6;1730,26,-4;1760,8,-5;1770,14,-5;1780,9,-2
rua|sao|roque de minas|monsenhor parreira|35595000|200,-1979125,-4568776;371,94,-38;383,15,-5;401,19,-1;441,44,-12;451,11,-1;458,2,3;459,2,-7;461,3,-1;470,-18,3;499,63,-14;523,25,-9
rua|sao|roque de minas|monsenhor parreras|35595000|250,-1979135,-4568784;255,53,-16;257,5,-2;269,11,7;270,0,0;275,7,-13;283,8,0;390,30,2;402,11,-1;504,125,-37;512,2,-3
rua|sao|roque de minas|monsenhos parreiras|35595000|1675,-1978532,-4568975;1689,49,14;1771,9,-4;1798,33,-1;1808,4,1;1816,14,-4;1826,8,2;1834,8,-8
rua|vereador|afonso lamounier|esteios|35595000|11,-1992543,-4570565;33,17,6;37,4,9;47,12,2;51,44,14;63,-35,-12;73,17,16;80,-25,-14;83,31,19;92,-36,-18;97,26,7
rua|vereador|dacio paulinelli ribeiro|dom belchior|35595000|99,-1978629,-4569159;128,25,1;136,6,0;140,8,-5;160,33,-6;194,10,-2;196,5,-7;210,2,2;249,44,-21;250,1,8;266,18,-1;276,2,-2;286,20,-5;315,16,-13
rua|vereador|djalma luiz da silva|nossa senhora aparecida|35595000|230,-1978801,-4567811;240,-74,26;604,-33,-11;615,15,10;640,-10,-10;649,12,13;653,7,-2;654,-28,6;656,7,-8;659,74,-8;660,-54,7;664,5,-6;665,57,-8;671,3,-2;678,-30,9;686,7,-4;692,9,-5;700,7,-4;752,40,-14;760,8,-7;768,10,3;780,14,0;800,7,-4;820,38,-13;830,-5,-2;851,7,13;865,12,-10;881,33,-6;895,11,4;903,5,-5;910,14,-15;911,-1,11;970,48,-24;982,9,-3;993,2,16;1003,13,-15;1011,-2,-2
rua|vereador|djalma luiz da silva|novo oriente|35595000|526,-1979057,-4567738;536,16,0;537,-13,-10;538,17,2;546,7,1;549,-15,-8;554,23,2;555,-25,4;559,10,-14;566,21,12;569,-13,-5;576,24,-1;579,-18,3;589,19,-5;594,12,1;599,-8,-9;606,23,5;609,-16,-4;610,21,1;616,-1,5;626,17,-23;629,-19,9;639,6,3
rua|vereador|efigenio roberto soares|grandes lagos|35595000|10,-1979779,-4569238;14,-5,1;24,-13,11
rua|vereador|francisco m de azevedo|monsenhor parreiras|35595000|2,-1979260,-4568806;8,7,-6;11,6,20;14,-12,-3;16,-1,-42;18,3,21;19,12,37;30,-5,6;74,-24,-161;114,-24,-60;124,1,-7;134,-1,-1;144,-1,-11;148,7,3
rua|vereador|geraldo basilio vieira|nossa senhora aparecida|35595000|5,-1978749,-4567877;12,42,-15;15,-35,7;18,25,2;24,13,-5;25,48,-16;27,9,-10;35,21,0;90,-32,12;100,10,-3;106,0,0
rua|vereador|jose camargo do couto|centro|35595000|44,-1980299,-4568242;50,-1,10;80,20,57;85,-1,-4
rua|vereador|jose couto filho|novo oriente|35595000|8,-1979046,-4567685;11,0,14;15,4,0;19,13,-5;20,1,-10;23,2,13;27,6,-8;30,-1,-4;39,6,8;40,3,-10;50,6,-3;59,14,3;60,0,-7;70,10,-3;71,5,6;75,-11,3;77,14,-4;80,-2,-6;83,14,-5;98,0,1;110,1,1;111,3,13;115,9,-7;120,-3,-11;123,8,7;135,6,-2
rua|vereador|jose f da costa|grandes lagos|35595000|70,-1979566,-4568990;80,1,-11;88,0,-5;94,8,-1;100,-2,-10;110,8,-9;115,-11,40;119,2,-5;140,20,-57;165,-3,11;180,31,-75;210,12,-26;220,-4,-3;246,-6,-45;250,18,20;333,21,-21;390,49,-113;410,32,-77;433,4,9;445,-35,68;455,4,-3;473,49,-100;570,-21,21;620,19,-43
rua|vereador|jose luiz madeira|esteios|35595000|49,-1992516,-4570608;50,-11,7;51,4,-11;63,54,26;85,-97,-40;99,17,5;132,10,14;277,93,33;279,-12,-6;281,-2,-3;283,-13,-2;287,-19,-5
rua|vereador|nicomodes c de oliveira|grandes lagos|35595000|1,-1979831,-4569193;35,19,10
rua|vereador|wilson g carvalho|novo oriente|35595000|26,-1978881,-4567294;34,-1,-10;35,-8,11;37,-19,-98;39,15,86;41,-2,-4;42,14,5;50,-5,-15;53,-8,2;57,-1,-7;58,9,-5;63,-11,3;65,-1,-6;66,10,-3;72,0,-8;78,-1,0;85,-14,-5;89,1,-7;95,-2,-5;101,2,-2;107,-2,-8;113,-3,-13;163,-6,-22;175,-4,-13;180,12,7;183,-13,-14;195,-3,-7;198,12,21;200,-7,-16;204,10,5;208,-5,6;210,-11,-20;213,0,-7;216,-9,0;227,5,-10;237,-1,-21;239,-3,0;245,-5,-10;251,-5,-7;256,7,3;259,-4,-11;260,-6,-12;262,3,-4;264,3,-7;266,4,5;267,-6,9;268,3,-25;270,-8,-6;273,5,25;279,-1,4;280,1,-25;285,-6,6;291,-2,-9;293,-1,14;297,1,-18;309,-1,-5;321,3,-13;357,-6,-14;358,7,15;365,-12,-33;370,7,19;377,-9,-22;380,10,17;390,-3,-12;400,-1,-11
rua|vereador|zico mariano|caixa dagua|35595000|19,-1979920,-4568866;25,0,-2;41,-19,-82;43,18,69;53,-1,-4;56,-2,-14;59,-8,-1;70,-10,-5;75,14,0;85,-4,-12;86,-11,8;93,5,-23;96,2,2;100,-6,-5;120,0,-11;127,-4,-11;130,-5,-22;131,9,8;135,-7,-10;140,1,1;143,1,-5;149,0,-12;150,-5,-1;154,-6,-8;156,-3,-7;157,10,-1;162,-8,-3;171,1,-13;172,-3,0;177,10,-9;182,-11,7
rua|vereador|zico mariano|esteios|35595000|5,-1992709,-4570408;9,-3,-18;15,11,-9;25,9,-6;33,0,-12;45,3,-17;56,46,-82;58,-13,17;64,33,-77;75,0,58;102,29,11;115,10,6;117,-2,8;121,26,-4
rua|vigario|parreiras|caixa dagua|35595000|20,-1979841,-4569036;30,1,2;82,27,100;100,-17,-57;176,24,61;180,17,30;184,-14,-19;219,19,30;233,4,19;235,-1,4;236,-14,-3;242,-3,-15;250,7,26;251,9,10;261,-17,13;262,15,-15;265,11,11;309,11,37;321,6,14;322,-13,1;333,17,10;334,-9,-4;343,14,4
rua|vigario|parreiras|centro|35595000|399,-1979736,-4568714;400,-11,-4;406,1,7;412,3,9;413,9,0;423,2,8;428,-17,13;430,13,3;432,-6,-15;435,16,10;448,-7,17;449,10,-7;451,4,6;457,0,4;495,2,16;503,6,19;507,5,14;516,-8,11;519,11,5;520,-7,-4;527,9,8;536,-8,5;540,3,11;543,18,-4;557,-3,12;558,-17,-2;563,15,9;571,15,7;583,-6,8;596,-18,-15;629,26,35;639,-2,12;649,7,9;659,5,9;669,-1,8;680,-25,-55;690,6,11;700,-1,17;739,23,55;749,6,7;759,5,15;761,6,13;767,-3,-10;769,4,10;778,-22,-22;785,28,46;794,-24,-32;797,24,36;800,-20,-24;804,5,11;806,2,5;809,11,17;814,-5,10;820,8,10;821,5,-11;830,-3,17;831,5,-8;840,-1,19;841,5,-11;889,20,36;894,-20,11;899,13,13;904,-6,-3;910,3,12;913,7,2;914,-13,8;915,14,-10;923,-3,7;924,-2,9;933,15,0;940,-12,15;941,14,-3;954,-12,11;959,16,4;970,-9,8;971,16,-2;975,3,19;990,-15,4;1002,4,22;1007,15,-2;1010,-7,6;1019,-3,3;1021,-2,2;1030,4,4;1035,14,-10;1038,-9,22;1041,7,6;1050,-7,0;1055,17,2;1060,-14,18;1090,15,33;1100,-17,20;1119,31,-14;1123,3,13;1130,-15,2;1136,12,41;1141,5,-26;1155,3,6;1156,-18,9;1160,4,4;1175,-1,4;1180,33,26;1185,-19,-19;1200,18,44;1302,23,95;1351,17,58;1408,7,30;1410,1,12;1432,6,11;1440,7,21;1446,0,-1;1460,1,22;1480,8,9;1514,7,23;1526,5,14;1534,1,12
rua|vigario|parreiras|grandes lagos|35595000|145,-1979804,-4568957;157,1,12;163,1,2;175,-6,16;191,10,18;201,3,5
rua|vigario|parreiras|novo oriente|35595000|1562,-1979433,-4567676;1566,-3,21;1570,12,9;1576,-1,9;1585,4,-20;1595,4,6;1603,5,15;1611,3,-2;1612,-13,3;1622,6,13;1629,4,5;1630,-6,3;1631,15,2;1632,-15,1;1633,13,11;1635,6,-1;1650,-13,-4;1656,5,10;1661,9,-2;1664,-10,8;1667,5,7;1675,28,-7;1679,-18,7;1680,-11,4;1681,12,14;1688,-8,-4;1690,5,19;1691,11,-10;1705,-1,15;1712,-7,2;1721,13,6;1757,13,40;1769,-5,24;1770,6,-2;1773,-1,-8;1780,10,16;1784,-4,22;1792,2,22;1799,1,-30;1800,6,30;1809,-8,-44;1819,10,18;1853,11,34;1856,2,26;1859,3,-14;1863,-1,2;1877,6,15;1883,1,5;1910,14,43;1911,-8,-31;1920,14,40;1925,-5,-24;1983,9,22;1991,-2,3;2003,3,9;2015,1,12
rua|vigario|parreiras|rosario|35595000|1215,-1979534,-4568022;1225,16,19;1227,-5,4;1243,8,20;1259,6,8;1269,4,20;1275,1,3;1291,-6,2;1303,8,22;1319,6,10;1331,8,12;1349,-4,36;1361,21,2;1372,-4,14;1391,11,19;1401,-4,8;1411,7,11;1421,-5,3;1433,9,12;1449,1,17;1455,3,-9;1471,6,20;1491,2,16;1501,1,13;1505,11,20;1535,-3,5;1541,0,7
rua||abaete|dom belchior|35595000|163,-1979058,-4568923;491,452,-126;497,4,5;503,3,-4;509,17,-4;513,7,-1;519,6,-3;523,11,-6;529,22,-3;535,7,-1;541,9,-4;549,8,-3;555,4,-2;561,13,-3;665,97,-26;675,2,-2
rua||abaete|monsenhor parreiras|35595000|2,-1979402,-4568893;8,12,4;12,5,1;20,5,3;26,9,2;30,8,3;36,0,1;49,-10,-13;55,3,1;60,67,38;64,0,-5;68,5,6;74,13,4;78,-3,0;83,48,-25;84,-42,23;88,9,-6;89,38,-24;90,-18,19;100,11,-1;101,11,-17;107,17,-1;108,-14,13;114,4,-1;117,56,-26;118,-50,22;135,93,-36;137,15,0;145,24,-6;270,235,-57;276,9,-5;280,3,0;340,56,-18;350,5,2;388,65,-18;400,15,2;432,48,-17;434,4,0;440,9,-4;494,48,-13;500,4,-4;508,8,0;510,38,-11;530,5,-4;532,26,-7;540,-7,4;550,6,-4;1500,-58,14
rua||abaete|monsenhor parreira|35595000|130,-1978981,-4568938;132,8,2;134,2,-2;136,20,-9;138,30,-7;140,6,-2;150,7,2;156,-140,44;160,8,-8;164,12,1;170,18,-12
rua||abaete|monsenhor parreras|35595000|32,-1979092,-4568906
rua||abaete|monsenhos parreiras|35595000|48,-1978478,-4569054;590,18,-26;660,58,-18;670,10,0
rua||acacias|novo oriente|35595000|111,-1979028,-4566831;114,11,-6;121,-20,8;124,14,-2;131,-19,1;134,6,2;141,-17,7;144,6,-5;151,-14,8;154,3,-4
rua||aladia lino de castro|esteios|35595000|10,-1992608,-4570759;26,34,25;27,5,-9;33,9,6;36,-4,-15;47,12,7;51,98,222;55,-87,-221;72,76,1;76,-14,4;80,-28,-11;82,64,8;83,-58,0;86,2,-6;95,13,4;98,-60,-9;100,62,1;102,-48,4;106,19,4;109,79,43;122,-92,-46;126,63,-3;140,31,19;152,-76,341;184,17,-48;195,5,-16;202,-44,-293;203,49,287;205,5,-20;207,7,-12;219,6,-2;229,3,-14;243,15,-25;245,5,-10;261,2,-10;267,-9,-18;300,-23,101;312,7,-12
rua||alaor pinto moreira|campinho|35595000|11,-1976837,-4551578;30,29,11;50,15,-39;80,6,-4;85,-2,-11;91,-2,0;94,14,1;107,1,-12;108,14,3;111,-11,-9;120,9,-8;129,-1,1;134,14,-3;143,-4,-9;144,14,-5;151,-4,-1;154,15,-6;155,-29,-3;160,32,2;161,-13,-1;170,21,-6;175,-10,-4;188,26,-6;201,-5,-9;204,10,3;211,-8,-7;220,15,3;225,-4,-16;230,7,10;240,10,-12;241,-13,1;250,23,-6;255,-14,0;261,12,-10;266,7,4;274,9,-6;281,-11,-4;284,5,13;291,2,-19
rua||amancio luiz da silva|centro|35595000|8,-1979632,-4568603;12,-7,2;16,1,3;18,-7,9;37,0,9;50,-3,-4;64,-1,6;87,-11,21;101,-4,5;111,-6,11;125,-7,5
rua||antonio caetano carvalho|nacoes|35595000|9,-1980212,-4567946;10,-10,6;20,4,15;33,14,-4;40,-8,29;55,19,-18;76,-7,35;77,3,-1;95,3,35;110,-8,-19;120,8,24;121,10,0;135,4,23;140,-11,-5;150,8,24;151,11,-5
rua||antonio de padua giordani|grandes lagos|35595000|30,-1979828,-4569118;31,10,-2;40,-5,-7;43,17,-13;153,55,-114;170,-2,-11;180,-10,13;190,13,-28;215,26,-28;240,-17,7;273,47,-81;310,-41,70;343,75,-132;370,-30,38;400,10,-20;490,33,-80;505,22,-24;510,-15,10;520,5,-11;590,29,-57;600,2,-10
rua||antonio do monte|monsenhor parreras|35595000|11,-1979124,-4568891;14,-8,5;15,8,3;17,-1,9;20,61,272;23,-52,-261;26,-6,-10;29,3,17;35,5,14;51,6,22;91,62,220;103,-3,9;125,1,11;133,2,12;136,-9,-10;157,17,34;169,4,11;172,-20,-27;184,10,22;190,2,10;193,10,10
rua||antonio f de araujo|monsenhor parreiras|35595000|25,-1979074,-4568939;47,-11,-23;95,-10,-50;119,-10,-17;131,4,-11;143,-5,-10;179,-6,-38;213,-6,-20;477,1,-8
rua||antonio gomes de macedo|centro|35595000|11,-1980392,-4568125;30,19,6;41,15,-18;51,35,-7;57,5,-6;71,25,5;81,8,0;91,24,-10;101,4,-7;107,2,1;109,12,-5;113,19,2;234,125,-39;254,-16,15;255,-16,-5;267,16,0;275,6,-5;300,29,5;320,41,-17;323,-28,-2;336,43,0;357,2,-11;361,10,-3;366,207,-49;368,-201,60;380,11,1;381,-2,-17;390,6,8;391,15,-3;410,4,2;413,-1,-14;416,8,11;420,10,-13;423,-8,-24;428,8,27;435,2,-6;463,26,-8;519,59,-15;541,23,-5;921,333,-91;940,21,7;941,-3,-25;942,-3,25;980,59,-9
rua||antonio gomes de macedo|monsenhor parreiras|35595000|490,-1979896,-4568262;500,11,-3;510,-2,2;520,18,15;524,8,-8;540,8,-1;542,15,8;554,-2,-14;975,388,-113;977,-11,-3;987,19,-3;995,12,-3;999,5,-3;1011,16,-2;1023,9,-3;1047,26,-19;1050,18,19;1062,10,-2;1065,-23,-2;1076,37,-1;1079,-28,-11;1088,39,8;1089,-17,3;1092,22,-4;1115,-8,-14;1116,14,9;1127,9,-12;1140,25,4;1147,-26,-3;1155,20,-13;1160,12,23;1163,0,-17;1172,18,-2;1175,-6,-13;1179,15,12;1184,1,-15;1187,3,11;1191,41,-11;1193,8,2;1211,-28,-2;1235,30,-9;1247,10,2;1322,52,-5;1330,6,-4;1334,9,0;1364,45,-13;1378,14,-9;1402,36,-11;1416,9,1;1430,31,-5;1436,-16,2;1444,3,-1;1528,48,-9;1530,15,0;1540,2,-8;1552,12,-2;1568,24,-6;1582,6,-2;1592,10,-3;1600,5,-1;1620,24,-7;1642,29,-8;1648,12,-3
rua||antonio gomes de macedo|monsenhor parreira|35595000|1555,-1978879,-4568538;1559,15,-1;1563,6,-1;1567,8,-2;1577,19,-4;1589,15,-8;1599,10,-1;1681,16,-4
rua||antonio gomes de macedo|monsenhor parreras|35595000|1367,-1979072,-4568490;1375,1,-1;1379,20,4;1383,14,-5;1419,12,-4;1431,28,-11;1443,7,-1;1455,11,-2;1501,35,-9;1517,6,-1;1521,13,1;1525,10,-3
rua||antonio gomes de macedo|monsenhorr parreiras|35595000|1271,-1979154,-4568455;1273,0,-3;1283,4,-1;1287,13,-9;1295,15,2
rua||antonio gomes de macedo|nacoes|35595000|60,-1980291,-4568148;66,4,4;160,94,-19;165,15,-14;166,-14,12;170,11,-3;177,11,-18;200,2,14;210,1,1;221,-24,-4;233,-13,2
rua||antonio gomes macedo|centro|35595000|610,-1979794,-4568279;614,18,0;615,-1,-12;627,17,-2;642,-7,7;664,20,-6;672,1,-2;673,18,-6;675,-16,1;678,14,1;692,5,1;693,-1,-15;702,29,11;719,16,-18;731,6,-1;753,7,0;762,-3,11;765,12,-15;768,-5,14;775,18,-16;781,4,-2;821,30,-2;833,17,-4;837,10,5;841,-14,-18;844,20,14;854,12,-3;856,-24,10;857,22,-17;875,12,-5;881,0,12;885,5,-14
rua||antonio henrique oliveira filh|campinho|35595000|12,-1976963,-4551478;42,18,-28;48,-4,-1;58,7,-12;70,-2,-6;102,18,-28;112,1,-13;129,-4,-9;130,9,-6;189,16,-63;199,3,7;200,8,2;210,6,-15
rua||arcos|monsenhor parreiras|35595000|10,-1978668,-4569005;12,-10,-3;16,12,33;21,-15,-41;24,25,60;28,-3,2;33,-15,-44;34,21,48;41,-12,-45;53,-6,19;59,7,6;67,0,13;71,1,10;74,12,13;75,-13,-8;86,19,20;87,-14,-14;97,2,6;110,10,31;120,4,15;126,0,9;134,5,8;141,-4,6;142,9,8;151,-6,-2;160,3,9;163,0,8;169,0,3;175,0,3;182,5,1;187,-1,10;188,4,-9;194,3,13;200,5,9;208,1,6;215,-7,-1;216,12,14;219,-10,-9;220,12,22;223,-6,-7;238,9,17;239,3,54;251,3,15;257,7,2;263,4,20;273,-6,11;280,-6,-69;281,8,70;286,-5,-62;290,3,4;311,12,76;314,-10,-69;330,2,14;336,-1,6;346,5,9;350,1,8;360,4,17;366,0,6;372,2,12;381,4,66;386,10,-14;390,0,-10;394,3,12;399,-10,16;400,14,2;417,-9,5;420,9,3;429,-4,16;430,7,-8;440,-1,12;441,-9,11;452,14,2;455,-8,28;464,13,-18;467,0,17;470,4,-8;485,-5,20;486,10,-3;516,-3,18;559,13,48;563,0,6;564,1,-19;576,-1,8;585,20,18;588,-15,-6;594,2,9;596,2,5;600,0,5;603,-3,10;604,5,-2;609,1,19;628,-2,10;636,5,14;648,4,3;1800,-96,-392;1861,-5,-21
rua||aristides g de castro filho|grandes lagos|35595000|20,-1979770,-4569009;30,0,-15;55,37,-37;140,19,-61;195,32,-68;245,11,-40;250,-6,20;255,21,-38;260,-18,33;399,81,-161;410,36,-92;435,-20,61;441,1,-4;450,-24,44;460,2,-16;470,4,-6;480,1,-9;481,30,-46;490,38,-94;501,-25,69;510,-14,11;541,27,-44;610,2,-12
rua||aroeiras|novo oriente|35595000|4,-1978953,-4566954;10,-13,-13;20,-19,12;30,-13,-4;35,-22,12;40,23,-11;45,-16,5;50,16,-8;55,-12,8;60,-12,7;63,-201,86;70,72,-48;80,112,-23;85,-13,-8;95,-10,9;100,-4,4;105,-2,4;110,-2,-2;115,-6,4;120,0,2;125,-11,1;130,0,1;135,-8,4;140,-4,7;150,-100,39
rua||astolfo miranda|esteios|35595000|3,-1992686,-4570488;5,-11,-8;7,-15,-8;9,-2,1;11,-8,-4
rua||augusta tonaco de oliveira|grandes lagos|35595000|51,-1979359,-4569202;80,8,-32;181,47,-88;210,4,-23
rua||belo horizonte|novo oriente|35595000|21,-1979505,-4567644;27,7,2;35,0,10;39,5,15;40,-5,8;49,5,-5;59,6,10;70,-5,0;71,4,6;75,11,3;86,-5,12;100,19,40;107,-6,-29;117,1,12;161,26,43;170,-5,-1;667,1,9
rua||bernardino bernardes da silva|novo oriente|35595000|27,-1978913,-4567252;45,1,-4;71,26,-8;180,50,-7;183,-1,-3;191,7,-6
rua||br 262 canoas|canoas|35595000|22,-1981185,-4558678
rua||brasilia|esteios|35595000|670,-1992709,-4571202;810,34,-46;812,-2,-1;888,36,-65;980,-79,18
rua||camargos|centro|35595000|415,-1980303,-4568005;421,-6,-19;459,-4,-23;471,-9,-11;485,-7,-25;600,-17,-106;680,-24,-82;727,-2,9
rua||camargos|nacoes|35595000|200,-1980245,-4567808;240,2,-15;260,-13,-20;310,-50,-191
rua||camargos|nocoes|35595000|181,-1980239,-4567776;193,-6,-15;217,-7,-21;277,-9,-37;307,-5,-41;317,-2,29
rua||campos altos|monsenhor parreiras|35595000|182,-1978894,-4568504;183,-5,23;186,9,-7;195,-6,12;196,8,2;207,-6,9;210,7,4;228,1,8;232,6,14;242,5,21;243,-13,-36;246,10,24;251,-12,-3;257,7,13;264,14,25;265,-12,-28;275,0,11;285,3,12;288,15,14;342,8,48;354,1,8;372,7,14;384,-2,8
rua||campos altos|monsenhor parreira|35595000|22,-1978928,-4568635;30,3,13;38,4,15;40,1,9;42,2,-9;50,6,29;60,4,13;68,-3,9;315,47,208;353,2,20;435,-96,-391;445,3,-15;455,104,439;480,-4,27;600,-80,-407;636,-8,-34;648,-3,-14;676,7,36;682,-2,-11;691,-41,-135;694,30,99;700,-2,-11;706,-2,-11;711,-31,-87;716,22,62;720,-36,-71;722,39,68;728,-2,-14;734,-13,-10;744,-9,-44;750,3,-16;760,-3,-7;771,-16,-22;783,-3,-9;790,9,5;810,0,-12
rua||campos altos|monsenhor parreras|35595000|39,-1978940,-4568645;41,8,27;43,-7,-17;53,6,19;55,6,18;57,2,12;59,3,7;61,2,10
rua||capitolio|monsenhor parreiras|35595000|21,-1978612,-4569032;28,-4,-2;31,6,14;40,-4,1;42,3,8;54,11,25;56,0,17;60,0,2;61,3,-14;65,-1,15;71,6,-2;76,-6,10;85,4,-3;103,3,9;110,5,38;118,5,11;121,5,1;125,0,9;126,-4,4;127,4,-2;136,-1,10;137,7,2;138,-8,8;149,11,1;152,-4,19;160,3,12;167,2,-18;178,2,40;179,-1,-37;183,4,14;190,1,30;195,3,-14;198,-2,22;205,1,-19;210,2,35;213,4,-19;218,8,72;221,-4,-57;228,19,123;229,-20,-131;230,8,79;238,4,12;239,0,-11;242,2,16;243,6,-1;246,-5,8;250,2,9;255,6,-4;267,2,9;272,-3,4;275,3,2;278,-3,4;285,3,9;291,8,6;296,-7,-2;303,7,18;356,4,40;364,5,11;374,-2,9;461,17,25;473,4,9;507,9,44;508,-10,-3;515,12,3;520,-5,15;531,6,-7;560,3,51;570,2,5;640,20,67;646,5,6;652,0,6
rua||caracas|nacoes|35595000|9,-1980035,-4567828;17,-23,15;41,-11,0;50,-53,7;65,40,-1;83,-18,4;140,-123,36;311,79,-25
rua||castro mendes de macedo|nossa senhora aparecida|35595000|114,-1978817,-4567863;191,6,3;197,5,10;200,-10,-9;205,13,15;208,-13,-9;212,3,12;217,17,10;221,-31,-86;223,66,220;231,-65,-229;232,30,130;237,38,131;240,-46,-129;246,18,6;258,-10,20;259,44,115;263,-21,-79;264,-18,-29;267,37,117;269,-19,-79;270,-11,-21;272,-2,18;275,23,14;276,-24,-30;279,36,100;280,-30,-80;283,35,93;284,-4,-6;287,-11,-74;288,-18,-5;294,4,12;366,18,59;370,-1,15;380,5,6;391,8,7;395,5,5;401,2,10;407,-2,4;420,-3,6;425,9,5;435,4,10;444,-11,8;447,6,3;450,-4,2;455,9,5;464,-9,1;469,13,6;474,-9,11;477,11,1;481,2,10;486,-7,-7;501,14,32;511,2,9;524,-6,16;530,3,2;545,0,-8;549,5,10;553,4,8;555,-122,-490;557,119,481;561,-121,-484;563,128,492;567,-129,-498;571,128,508;573,-132,-533;580,134,572;585,-137,-575;595,136,551;600,-1,26;618,-127,-492;625,134,507;630,-138,-518;641,149,531;666,-156,-575;668,8,41;670,-7,-27;673,152,580;678,-1,23;680,-156,-628;682,6,20;694,-6,-32;702,-1,-8;710,-5,-12;720,-2,-4;733,190,714;743,1,12;753,0,0;759,-3,5;765,10,3;771,0,6;777,0,0;781,6,6;787,-8,12;793,1,0;799,2,5;803,3,5;813,0,1;819,2,9;825,-3,9;831,11,-2;837,-6,12;843,1,-3;849,0,12;855,5,0;859,-227,-893;861,230,898;867,-7,4;869,-222,-896;873,250,901;875,-27,2;879,-222,-893;889,8,9;920,-15,-23;928,0,-12;940,1,-4;941,1,-2;945,-4,-12;952,-6,-5;964,-4,-6;969,8,-8;971,-2,-9;974,-8,-2;981,7,-14;986,-7,9;998,-4,-11;1010,0,-10;1017,3,-7;1020,-4,-17
rua||cedros|novo oriente|35595000|3,-1979058,-4566970;5,-1,13
rua||chiquito couto|conjunto macedonia|35595000|5,-1979444,-4568771;143,17,-2;149,8,7;153,6,4;159,11,2;163,12,4;164,-5,8;169,13,-8;170,-6,9;173,16,0;174,-2,1;179,12,-2;180,-4,4;187,-3,-4
rua||chiquito couto|monsenhor parreiras|35595000|7,-1979584,-4568817;13,12,10;19,10,-2;35,20,5;41,8,3;47,20,7;53,1,1;75,28,-28
rua||claudomiro costa pinto|rosario|35595000|15,-1979268,-4567785;25,-28,18;33,-9,-3;47,-7,-3;57,0,-20;68,6,-20;73,-9,14;97,-9,-19;101,2,-18;102,12,2;111,-16,-9;121,-3,-11;124,11,-5;135,-14,-5;144,1,-20;149,-5,0;165,-4,-15;166,10,-8;171,-16,4;178,12,-7;192,-5,-26;200,-4,-6;201,-5,6;210,-7,-13;214,6,-15;215,-4,16;217,-7,-16;225,-5,-12;230,11,-2;241,-14,-3;242,9,-11;247,-8,11;252,5,-22;254,-3,-5;255,-12,-1;261,5,5;262,6,-13;273,-12,-3;287,-4,-17;296,16,5;308,-14,-22;315,-3,8;323,-3,-5;374,8,-19
rua||claudomiro da costa pinto|centro|35595000|402,-1979391,-4568125;409,-14,21;410,15,-9;412,-9,-22;415,-9,15;421,-6,-11;432,12,-22;433,-19,6;438,17,-9;443,4,-19;444,-11,5;497,-26,-32;507,0,-1;508,17,-3;511,-16,-9;521,-7,-12;531,0,-15;545,-1,-8;557,-3,-8;577,-2,-6;580,-2,-18;583,-8,-6;585,3,-5;643,-27,-95;685,-6,-23;713,27,85;723,-3,-2;737,-3,-14;819,-8,-47;825,-42,-102;829,1,-12;857,0,17
rua||claudomiro da costa pinto|monsenhor parreiras|35595000|702,-1979479,-4568402;790,-15,-61;794,-7,-8;798,-4,-21;810,2,12;816,2,-19;977,37,118
rua||congadeiro jose tosta de carvalho|cocais|35595000|45,-1979130,-4567768;47,8,-3;65,1,0;71,10,-4
rua||congadeiro jose tosta de carvalho|novo oriente|35595000|10,-1979149,-4567763;16,13,-8;30,6,4;40,14,-7;68,-5,0
rua||congadeiro vilmar moraes|novo oriente|35595000|4,-1979126,-4567119;5,1,10;8,-12,2;9,8,8;12,-13,-5;13,5,0;16,-13,6;17,2,8;20,-10,4;21,1,3;24,-14,3;25,0,7
rua||coqueiros|novo oriente|35595000|10,-1978837,-4566780;13,2,-36;15,-4,10;16,10,20;18,0,-18;19,-11,2;31,-6,21
rua||corrego danta|monsenhor parreiras|35595000|171,-1979350,-4568673;201,2,6;226,-5,26;240,5,9;241,3,-18;250,-1,27;251,5,-19;256,-2,33;260,0,14;263,1,-32;270,5,37;271,-5,-30;278,4,37;289,9,-19;291,-4,10;295,6,8;298,-11,9;301,10,6;307,0,14;310,-6,-1;325,16,22;326,-14,-3;337,20,9;354,-15,-1;360,7,5;366,3,12;369,4,-6;373,9,15;379,-10,6;391,2,11;407,9,13;408,-5,2;409,-2,-8;413,14,15;420,-28,16;431,26,-3;432,-5,18;437,7,-9;438,-9,10
rua||da floresta|esteios|35595000|70,-1993218,-4569775;82,87,17;87,-38,5;88,-66,-27;97,27,7;125,-17,-7
rua||das acacias|novo oriente|35595000|49,-1978951,-4566861;50,-1,-9;54,8,4;55,-12,5;56,-3,-9;61,-12,12;62,-9,-9;67,8,17;68,-15,-12;73,5,6;74,-14,1;79,1,14;80,-6,-9;85,-2,14;86,-5,-10;92,-6,8
rua||das jacas|esteios|35595000|50,-1992831,-4570501;60,10,-15;68,8,-11;96,-22,34
rua||das orquideas|novo oriente|35595000|5,-1978775,-4566764;11,-9,-3;21,-7,2;33,-9,0;45,-9,3;53,-11,1;61,-13,0;73,-7,1;81,-10,2;93,-4,0;101,-14,1;113,-21,1;125,-10,2;137,-15,2;149,-7,-1;157,-7,2
rua||das palmeiras|novo oriente|35595000|6,-1978961,-4566945;16,10,5;20,-11,20;26,16,2;30,7,18;36,2,23;40,2,0;47,20,10;48,-16,-4;51,18,11;57,-2,-5;58,-4,6;60,2,11;63,21,7;64,-21,5;75,11,16;80,1,11;81,2,-6;90,0,13;91,5,2;97,3,6;100,-4,1;101,7,7;104,-4,2;109,6,2;110,0,12;119,3,-7
rua||dez de abril|centro|35595000|20,-1980294,-4568309;26,-14,15;30,10,-14;122,-34,12;132,8,0;265,163,-64;275,11,6;282,17,0;285,-3,-7;293,-3,1;295,17,-24;296,-6,29;297,-12,-9;353,68,-14;355,6,5;368,1,2;370,13,0;371,-15,-4;379,17,-7;401,21,-5;402,-5,2;420,16,4;430,16,-5;437,7,-9;440,-3,12;450,10,-6;464,11,3;513,42,17;523,5,-40;525,5,-8;539,9,-1;543,19,-2;558,4,1;581,23,-11;582,1,8;600,12,6;635,35,12;645,-8,6;655,23,-10;660,81,-52;673,-74,10;681,-56,17;689,81,-27;720,81,-5;721,-48,2;733,16,-19;740,46,10;745,-28,0;757,13,-4;783,18,-2;807,15,-9;819,19,-5;825,6,3;827,6,-1;831,0,-5;855,6,4;900,-14,7;976,72,-16;978,9,-9;2061,-42,5
rua||dez de abril|conjunto macedonia|35595000|975,-1979558,-4568517;981,-16,8;985,20,-8;999,13,-3;1005,11,-1;1015,9,-1;1022,8,4;1023,9,-8
rua||dez de abril|monsenhor parreiras|35595000|8,-1979419,-4568522;10,15,6;17,3,-7;21,9,-15;24,3,7;25,0,-7;35,11,-2;39,1,-4;44,-1,15;47,10,-12;50,-3,13;57,11,-18;58,1,13;59,11,-15;63,8,5;126,42,-1;127,1,-23;138,4,2;141,4,-1;144,1,7;145,9,-6;153,11,-1;185,30,-4;190,476,-135;196,-473,135;200,12,-3;211,-1,-10;242,17,6;1020,-274,62;1031,3,-12;1032,28,0;1037,-14,3;1043,16,0;1054,7,3;1056,-7,0;1060,20,-11;1070,2,10;1071,1,-6;1666,623,-174;1675,16,8;1682,5,-1;1685,13,3;1694,-2,-10;1711,6,-8;1741,49,-3;1747,5,-3;1750,-4,-2;1753,10,3;1755,8,-13;1756,-2,11;1768,16,-7;1772,18,-2;1780,12,-4;1785,-16,-5;1788,25,1;1791,0,-9;1797,3,-2;1800,13,6;1801,-11,-8;1870,58,3;1871,2,-14;1876,4,6;1888,13,-4;1895,3,-10;1905,21,-5;1921,15,1;1936,11,2;1952,13,-3;1954,12,-7;1975,-27,0
rua||dez de abril|monsenhor parreras|35595000|243,-1979168,-4568598;246,-5,14;255,12,-16;460,173,-33;556,76,-27;1325,-114,23;1348,-140,47;1392,60,-18;1400,19,-5;1425,136,-44;1436,-100,41;1450,15,-7;1502,63,-15;1516,7,-6;1523,39,-19;1543,7,1;1546,-2,7;1556,12,-9;1561,-4,-3;1576,14,-3;1586,6,1;1592,2,2;1595,-4,3;1601,7,1;1606,32,-24;1611,-2,6;1612,0,9;1613,-4,-3;1616,11,0;1621,4,-4;1625,2,-8;1626,0,13;1629,10,-10;1636,1,7
rua||dez de abril|monsenhos parreiras|35595000|1984,-1978469,-4568783;1989,4,-6;1990,11,2;1991,-3,-2;1993,1,-3;1998,9,6;2005,-5,-5;2008,3,-3;2015,9,-3
rua||dez de abril|nacoes|35595000|119,-1980361,-4568298;137,55,-15;147,9,-4;151,14,-3;155,13,-2;206,53,-9;207,-15,-1;210,3,9;215,15,-16;475,-109,30
rua||dezesseis de marco|caixa dagua|35595000|556,-1979941,-4568808;565,-9,4;575,-3,-16;576,0,10;603,-4,-25;608,7,-11;612,-1,-15;620,-13,-11;629,-10,7;632,26,28;641,-22,-42;644,7,-19;645,-20,10;647,0,-21;648,10,-7;654,1,-14;659,-12,1;664,15,24;682,-12,-33;697,-17,-6;698,19,-7;710,-4,-12;711,-19,-7;740,17,-1;750,-15,-21;762,-2,-1;786,11,-8;792,-12,-8;805,-3,21
rua||dezesseis de marco|centro|35595000|73,-1979826,-4568344;79,3,-10;147,-16,-54;150,18,-38;160,-12,-8;172,-10,0;200,-12,-29;206,8,-4;209,-9,4;224,5,-10;227,-11,-1;232,9,-6;239,-11,-15;242,8,4;255,-12,-16;256,7,7;272,-10,-21;275,-2,6;289,-10,-18;302,11,-5;363,-30,-63;372,11,-9;373,-14,1;380,14,-10;383,-5,4;385,-11,-9;386,10,1;401,-6,-13;402,3,-11;415,-14,-1;420,8,-5;436,-1,-14;461,-16,-31;467,-3,-6;478,5,1;479,-5,-11;480,-1,-7;489,-2,-1;490,9,-1;499,-9,-10;504,3,-7;512,-6,-8;519,-3,8;553,39,152
rua||dorinha botinha|dom belchior|35595000|24,-1978618,-4569076;36,-1,-4;48,-4,-13;60,-6,-7;72,1,-9;99,-53,-226;166,30,130;170,0,-4;198,-58,-242;290,27,113;306,-4,-11;308,0,-8;320,0,-4;340,-5,-23;432,61,259;444,-5,-19
rua||dos cocais|cocais|35595000|399,-1979164,-4567777;449,6,12
rua||dos cocais|novo oriente|35595000|75,-1979162,-4567766;151,89,279;410,-94,-284;454,4,14;455,-4,0;458,32,2;459,-21,2;462,-8,17;470,2,7;471,6,-18;475,4,7;482,-7,27;485,7,-19;494,-4,21;497,6,-11;504,-2,23;509,5,-11;516,1,19;528,-2,8;538,4,16;600,13,40;605,5,7;610,-3,12;615,3,-1;620,6,15;627,2,-1;671,17,29;683,-1,15;692,-1,21;707,7,11;713,3,9;719,-1,5;720,-2,-17;723,10,19;728,-11,-19;734,-5,7;735,16,20;756,0,13;761,20,32;767,-4,9;780,-13,-8;796,6,4;801,10,17
rua||dos cocais|rosario|35595000|41,-1979245,-4568084;43,1,10;46,-8,-2;55,9,15;67,6,13;68,-16,-11;76,5,11;86,-1,8;89,15,1;92,-8,9;101,9,-4;102,-11,9;103,12,-6;106,-8,11;114,4,6;115,3,-11;120,-7,16;125,14,-2;127,2,19;129,4,1;138,-7,3;157,7,4;175,2,15;188,-11,-4;189,18,16;201,-3,7;211,5,4;217,2,15;218,-18,-4;224,5,3;235,15,6;236,-6,9;240,4,11;245,14,12;246,-13,-2;259,9,-6;278,-9,10;290,4,15;299,7,-9;305,-5,4;309,5,4;313,3,5;314,-7,8;315,12,11;320,-8,-7;330,-10,15;331,22,-7;339,7,6;340,-17,5;345,15,8;357,1,9;358,-14,-6;362,5,9;368,1,0;376,3,14;379,9,-7;382,-8,10
rua||dos pequis|esteios|35595000|10,-1992774,-4570517
rua||doze de outubro|centro|35595000|40,-1979725,-4567756;45,8,-3;51,-4,8;55,2,-4;56,4,20;61,2,-2;69,-8,23;73,10,6;79,3,13;85,2,4;89,7,8;94,-1,17;115,-2,1;125,5,4;143,3,15;163,1,17
rua||doze de outubro|zita chaves|35595000|45,-1979742,-4567291;50,150,105;220,-102,-409;232,8,31;239,10,4;247,0,0;248,-5,20;249,10,-7;251,0,0;253,1,24;260,-11,-15;263,14,19;272,-10,-1;276,2,4;280,4,18;287,16,35;294,-16,-27;300,2,8;308,3,8;316,5,13;330,4,22;343,7,-5;353,3,13;363,-23,-92;391,29,125;450,41,158
rua||elizeu jose afonso|nossa senhora aparecida|35595000|10,-1978458,-4568248
rua||elvira domingos de jesus|grandes lagos|35595000|78,-1979312,-4569208;82,5,-14;110,23,-48
rua||esther rodrigues andrade|grandes lagos|35595000|102,-1979611,-4569005;135,7,-1;165,10,-25;215,22,-50;233,45,-78;300,-16,1;313,50,-99;373,30,-61;518,36,-80
rua||estrela do indaia|monsenhor parreiras|35595000|2,-1979443,-4568446;4,3,0;6,-9,8;8,17,-10;9,-45,4;10,6,0;17,30,-10;22,15,5;23,-2,-6;38,11,3;39,-3,-6;48,17,3;49,1,-8;50,16,4;53,-3,-8;56,0,4;57,0,-5;59,11,-4;67,2,-5;74,7,14;79,11,-9;86,-1,17;89,4,-21;98,7,7;104,12,2;109,-3,-11;115,4,-2
rua||evilazio bahia|rosario|35595000|15,-1979143,-4568128;22,28,138;31,2,-32;60,-41,-95;70,12,26;75,17,16;84,-10,-8;90,1,15;91,12,9;95,4,18;99,-5,-16;100,-12,-5;101,22,27;110,-15,-14;120,2,11;123,21,30;126,-19,-17;155,19,50;163,6,4;171,3,13;186,-16,-22;187,15,31;190,-13,-23;200,2,15;201,14,5;204,-11,-1;208,3,14;210,3,4;215,9,2;216,-6,3;217,8,6;219,1,0;220,-7,7;221,10,0;222,-9,4;225,14,5;227,0,4;229,-2,7;230,-8,-7;234,0,7;244,3,11;245,13,-4;249,-2,10;251,2,2
rua||faustino de oliveira|grandes lagos|35595000|50,-1979730,-4568997;60,8,-4;95,34,-64;100,-7,7;138,11,-20;508,160,-359;548,19,-33
rua||faustino de oliveira|monsenhor parreiras|35595000|41,-1979703,-4569014
rua||geraldo carvalho|zita chaves|35595000|30,-1979582,-4567200;60,-36,7;70,2,4;115,-44,6;120,1,5;125,-11,-5;170,-41,17;185,-5,2;190,-8,2;195,1,-1
rua||geraldo cipriano|grandes lagos|35595000|79,-1979525,-4568897
rua||geraldo cipriano|monsenhor parreiras|35595000|18,-1979551,-4568824;23,6,5;24,-5,-14;27,8,1;30,-1,-15;33,4,4;37,1,-12;38,-8,1;45,15,-8;46,-7,2;51,5,-7;52,-4,-11;59,8,-3;60,-4,-12;61,7,3;69,2,-8
rua||geraldo terto|monsenhor parreiras|35595000|18,-1979133,-4568916;23,-8,-14;24,7,5;35,-6,-11;36,4,-5;60,-7,-22;72,-1,-7;95,-11,-23;107,-7,-12;155,-8,-49;156,8,1;179,-16,-16;192,6,-16
rua||geraldo vargas|grandes lagos|35595000|40,-1979788,-4569298;50,1,-8;60,10,-8;175,38,-96;330,87,-181;345,3,-15;355,3,-4
rua||getulio vargas|centro|35595000|2,-1979604,-4567739;7,0,-1;11,-2,-11;17,-180,-510;18,182,519;25,-179,-508;35,3,1;44,-10,14;49,16,3;56,-12,11;73,14,11;76,-10,2;82,6,16;88,2,8;102,1,15;110,4,10;117,16,-11;129,1,23;152,-13,4;159,16,6;160,-9,9;163,13,9;164,-1,13;170,-3,-16;174,0,4;177,11,6;184,-9,5;206,12,32;214,-3,8;241,3,1;254,3,16;257,14,0;262,-18,9;267,1,-32;268,11,36;276,-8,25;281,28,-2;288,-18,16;297,14,-6;304,-8,13;305,5,-5;309,4,14;318,-3,2;324,-1,6;333,6,7;335,7,-5;351,12,18;361,12,0;410,14,37;420,14,21;445,34,10;460,-14,9;467,5,-11;468,-1,17;477,14,3;480,-9,4;524,17,39;525,5,-9;539,5,11;540,-7,2;551,14,27;555,3,-16;556,-15,12;561,14,19;562,-12,-13;570,5,8;578,3,17;585,11,10;588,-9,-8;590,0,16;614,5,8;626,5,18;640,7,14;649,41,-9;653,-6,6;657,-19,13;659,-6,-7;660,-5,-3;661,26,9;666,-24,12;671,9,-5;672,-10,1
rua||getulio vargas|novo oriente|35595000|21,-1979259,-4567297;53,-26,2;247,-127,-144;713,-127,-205;747,9,25;759,10,19;771,12,23;775,15,20;779,-22,-31;807,19,27;810,-5,6;822,7,11;837,16,15;844,-12,-9;849,16,14;854,-5,1;866,10,14;876,0,0;882,8,9;894,6,10;982,48,78;985,2,-14;991,17,19;997,-2,8;1001,2,2;1023,143,100;1025,12,27;1030,-95,-38;1033,-39,-46;1035,143,92;1041,13,11;1059,-158,-99;1100,27,32;1110,1,-4;1115,164,86;1125,-61,-37;1144,-76,-27;1161,26,2;1164,-6,13;1180,14,3;1213,109,53;1225,42,20;1240,1,76;1245,-21,-60;1251,-8,-13;1253,13,33;1263,2,8;1269,6,6;1277,5,5;1278,48,88;1283,-43,-80;1285,3,5;1287,1,12;1317,1,34;1318,-2,-36;1319,4,1;1327,23,37;1350,40,62;1351,-14,-32;1352,13,11;1353,-16,-6;1354,3,17;1355,15,-7;1363,0,8;1370,11,34;1375,-1,-22;1377,7,6;1391,10,21;1404,-9,7;1409,15,-2;1421,10,8
rua||goias|caixa dagua|35595000|21,-1979611,-4568794;41,6,-13;47,5,-11;51,13,-14;55,-4,2
rua||goias|conjunto macedonia|35595000|15,-1979605,-4568786;18,1,16;22,0,1;26,4,9;30,8,3;50,-1,9;60,3,15;62,3,0;63,5,-7;66,-5,12;75,9,0;76,-6,6;84,1,5;89,9,-1;93,11,17;94,-14,-3;117,52,87;120,-31,-40;130,4,7;136,8,22;139,24,41;144,-24,-36;151,34,48;156,-25,-41;170,1,15;178,1,4;184,2,4;196,8,13;210,5,7;220,4,11;226,-2,2;238,18,9
rua||goias|monsenhor parreiras|35595000|268,-1979498,-4568509;305,30,32;315,-2,4;335,17,25
rua||guarim caetano da fonseca|nacoes|35595000|223,-1980186,-4568448;243,-10,8;253,10,13;263,-1,15;271,6,10;281,2,-4;301,10,35;358,-4,52;361,12,12;364,-11,-4;370,0,10;373,23,51;376,-19,-39;390,5,23;397,34,17;402,-30,-1;403,16,18;408,-18,-12;411,15,18;412,-26,-13;420,25,25;426,6,19;428,3,28;430,-6,-12;432,-5,-41;440,15,72;462,0,4;471,19,9;472,-15,3;476,6,12;483,17,0;488,-16,7;508,3,11;514,8,20;515,5,-13;519,8,9;524,-28,17;552,12,10;555,2,-5;564,10,20;565,16,13;569,-1,-11;576,-11,9;605,14,12;630,3,47;635,4,-13;646,-5,26;647,8,-16;651,1,17;671,9,21;697,10,20;699,2,5;741,1,32;751,11,23;785,0,20;801,7,8
rua||guarim silva duarte|novo oriente|35595000|21,-1978847,-4567254;33,-1,7;41,8,17;53,-9,1;65,2,9;71,4,4;97,6,29
rua||heitor tavares|novo oriente|35595000|40,-1979156,-4567458;79,29,-8;82,-17,4;85,19,-6;86,-11,7;91,16,-5;101,-19,7;102,10,-7;103,22,-5;110,-2,2;114,3,3;117,15,-12;118,-18,3;164,34,2;167,14,-17;180,7,9;185,4,-15;194,9,10;197,-2,-12;199,9,3
rua||iguatama|monsenhor parreiras|35595000|147,-1978959,-4568495;160,-7,13;161,7,-2;171,6,14;175,2,7;176,-15,-6;182,7,14;191,10,5;194,-9,2;201,10,13;213,5,7;225,0,22;237,3,1;248,-9,2;261,12,18;300,-12,-11;303,11,37;950,16,30;960,-3,7;975,-8,-21;984,14,35;985,-8,-21;988,7,12;995,-3,3;1000,10,13;1009,-9,-5;1012,9,22;1033,4,24;1045,-2,-22
rua||iguatama|monsenhor parreira|35595000|5,-1979062,-4568907;11,4,19;27,5,23;37,5,14;50,53,254;51,-51,-253;56,57,262;60,7,17;68,-15,-31;70,11,48;72,-13,-58;80,21,74;84,-24,-88
rua||iguatama|monsenhor parreras|35595000|2,-1979067,-4568900;4,2,8;6,0,12;16,3,15;19,82,307;25,-1,-13;26,-77,-291;28,3,17;36,5,15;49,83,314;59,-2,-11;69,-9,-16;85,-40,-182;101,32,143;113,-7,-8;125,3,-14;131,-4,-13
rua||inacio garcia e garcia|conjunto macedonia|35595000|5,-1979422,-4568748;11,2,10;17,-1,8;21,-6,17;35,-2,17;41,-1,7;47,-7,12;53,3,11
rua||inacio garcia e garcia|monsenhor parreiras|35595000|79,-1979448,-4568641;83,-11,24;91,0,10;93,-3,-13;97,-8,32;103,-1,8;105,18,-45;107,-22,48;115,-7,14;119,-4,5;141,-4,27
rua||ipes amarelos|novo oriente|35595000|6,-1978853,-4566848;8,-11,-7;14,-3,2;16,-13,4;20,6,8;31,-5,5;50,-50,15;57,0,5;58,-20,-2;63,9,5;64,-8,-8;67,-2,11;70,13,-7;73,-20,12;76,-15,-4;79,2,6;82,-7,-4;84,-5,-8;85,10,14;88,-11,-3;91,1,3;94,-14,0;97,4,11;115,-12,4;116,-4,-3;125,-7,8;126,1,-11;135,-11,14;136,4,-8;145,-10,12;146,-6,-6;156,-6,4
rua||jacaranda|novo oriente|35595000|10,-1979076,-4566971;20,-7,2;29,-25,6;30,16,-1;40,-12,5;43,-14,0;50,5,11
rua||jacob jose de andrade|dom belchior|35595000|380,-1978427,-4569137;386,-3,0;392,-4,-10;398,-1,-2;400,-2,-3;408,3,-3;426,-4,-14;429,-10,-3;484,-4,-58;490,-4,-10;496,-2,-4;500,0,-6;507,-5,3;508,5,-8;517,-5,-1;527,-5,-11;528,2,-2;536,-2,-7;537,-4,4;544,4,-10;547,-4,-2;557,-2,-8;568,0,-14;575,-6,-5;579,-5,-4;594,2,-30;613,-2,16;619,-3,3;625,-3,-26;655,-11,-30
rua||jacob jose de andrade|monsenhos parreiras|35595000|300,-1978413,-4569071;310,4,-8;320,-9,9
rua||jacy claudio maciel|dom belchior|35595000|83,-1978577,-4569150;84,7,9;96,0,-15;120,-14,-50;130,-2,-15;140,-4,2;256,-31,-100;295,-9,-31;296,7,-8;300,-3,-14;308,1,-9;320,-1,-7;322,-2,-5;334,-4,-11;346,-3,-9;355,-7,-11;358,3,-12;370,2,12;380,-10,-42;405,-9,-7
rua||jarbas machado|esteios|35595000|19,-1992541,-4570240;32,-260,-176;34,-2,6;35,256,166;65,-29,-30;78,-207,-135;89,200,139;90,-6,-20;123,-141,-90;125,-42,-23;126,45,21;130,120,81;134,-134,-85;140,128,78;145,-16,0;150,-115,-85;154,-12,-4;163,126,84;166,-128,-84;168,128,74;170,-164,-101;176,-12,5;178,166,92;184,-11,-9;186,-169,-90;188,160,83;190,-7,-2;192,-9,-9;196,-9,-11;198,-146,-70;200,135,72;210,-148,-81;220,-4,-5;240,-12,0;242,48,16;244,-158,75;246,83,-106;266,-57,-39;286,14,30
rua||jeferson botinha|conjunto macedonia|35595000|24,-1979415,-4568811;28,9,8;30,1,-6;36,10,4;42,12,4;48,1,5;54,14,4;60,10,-2;66,-1,6
rua||jeferson botinha|monsenhor parreiras|35595000|15,-1979426,-4568819;21,10,4;27,11,1;33,7,4;39,9,1;45,9,5;51,7,5;57,13,3;63,8,4;69,11,2;75,14,1
rua||joao garcia lima|conjunto macedonia|35595000|14,-1979446,-4568652;20,22,1;23,6,-7;26,4,13;29,6,-11;32,4,12;35,-2,-7;38,3,8;41,7,-6;44,7,17;50,5,-2;56,6,1
rua||jose batista campos|esteios|35595000|1,-1992851,-4570039;2,32,15;3,-7,-17;20,28,16;41,11,-17;56,28,31;71,-16,-23;86,26,17;117,27,-24;150,57,-6;152,-20,18;210,35,-24;218,17,-7;228,8,-1;241,-8,-28;245,13,-4;260,9,29;262,3,-31;269,-7,-9;290,27,-5;315,12,-31;336,34,-30;356,11,-15;364,8,-18;387,-5,4;398,6,-5;401,-14,0;405,11,-19;420,24,1;460,14,-23;476,14,-25;480,16,-16;500,12,-14;571,37,-69;585,11,-12;587,-33,37;601,42,-49;606,-13,31;611,20,-36;622,3,8
rua||jose domingos camargos|nossa senhora aparecida|35595000|5,-1978638,-4567975;6,6,-8;11,-10,-6;17,-1,-9;18,6,5;21,-9,-5;22,-48,-233;26,52,231;27,-5,-5;28,-47,-221;30,51,218;31,-5,-1;38,5,-9;43,-4,4;46,-5,-14;47,-2,-2;48,3,-11;50,0,-1;53,-3,9;56,2,-15;59,-2,6;65,0,0;66,0,-20;71,-5,7;76,0,-11;77,0,5;79,-23,-111;83,16,102;86,9,-10;93,-9,7;101,-8,-26;156,55,185;158,-58,-242;160,61,248;166,-1,3;168,-65,-268;173,56,270;179,5,16;180,10,-1;185,-6,16;196,9,-6;205,-11,29;208,19,3;209,-93,-367;211,86,375;217,-3,13;218,8,-16;227,-5,8;230,6,-3;233,-4,19;236,3,-23;244,2,18;251,-2,52;256,11,-40;257,-17,8;261,18,35;262,6,-19;265,-5,29;267,8,17;274,3,-38;310,3,32;350,5,47;365,-2,6;366,3,2;374,2,4;375,-1,5;382,6,3;384,0,6;390,0,7;396,-2,6;442,5,3;448,5,9;452,0,6;456,1,7;464,-2,5;470,2,2;476,3,11;482,1,2;488,5,9;494,-7,-3;500,-26,-25;519,12,-6;521,6,9;533,6,6;537,-2,4;543,-136,-589;547,140,602;553,5,5;555,-135,-575;559,-6,-13;563,144,593;569,0,5;601,-141,-582
rua||jose firmino|novo oriente|35595000|12,-1978988,-4567374;24,-3,-2;29,-7,12;30,-3,-8;35,-51,24;36,44,-23;44,-5,2;45,-27,14;48,21,-14;54,-1,-3;55,0,12;58,0,-8;64,-7,2;68,-5,1;74,-4,5;78,-4,-3;84,52,-12;86,-56,10;90,-3,4
rua||jose g costa|conjunto macedonia|35595000|23,-1979408,-4568705;24,6,7;29,2,-7;30,2,8;33,10,-2;34,1,4;39,7,1;40,-1,4
rua||jose rodrigues dorjo|monsenhor parreiras|35595000|1715,-1978337,-4568370;1725,11,27
rua||jose rodrigues godinho|monsenhor parreiras|35595000|5,-1979410,-4568864;9,6,2;10,3,4;15,4,1;20,5,-1;21,6,-7;29,2,6;30,-2,6;37,11,1;40,-1,-1;45,8,3;50,-4,0;60,10,9;65,10,-3;70,-7,0;80,10,2;90,4,0
rua||jose tiago|novo oriente|35595000|47,-1979255,-4567640;49,-33,13;50,41,-21;53,-16,19;59,-10,-3;60,-6,-4;70,5,-1;76,-2,1;81,-2,5;90,-10,1
rua||jose vitor filho|grandes lagos|35595000|20,-1979553,-4568947;30,-8,1;60,-31,-24;75,4,13;185,-94,-49;195,-8,-4;200,-48,-34;229,18,20;239,-19,-11;285,-43,-19;295,9,1;340,-34,-28;350,-4,1;495,27,23
rua||lagoa da prata|monsenhor parreiras|35595000|23,-1979202,-4568302;45,3,9;49,-13,-20;55,0,-7;56,22,12;62,-10,-16;67,-10,-9;70,10,-1;80,-4,-11;90,-1,1;105,-20,-38;107,-4,-12;109,5,-17;111,-5,-11;185,-5,-33;187,-11,-17;188,-10,-77;201,9,74;206,8,-6;207,-10,-5;211,-4,-5;216,8,-8;218,-2,-28;231,-6,30;241,-3,-13;245,-1,-6;247,0,-7;256,15,16;259,-24,-26;273,2,-11;275,2,-13;277,-1,-2;286,25,94;304,7,10;312,-33,-132;336,-7,-16;348,0,-7;361,-7,9;363,-1,-9;375,-1,-13;383,-7,-13;384,10,4;390,7,-14;391,-17,2;395,-6,-14;396,16,4;401,-20,-22;403,1,-10;405,1,-8;409,-3,-5;411,-1,-4;420,14,22;421,-16,-33;428,13,21;440,-2,-3;446,-2,-19;458,-5,-13;470,-7,-23;494,0,-3;511,-20,-56;519,-4,-9;530,27,55;536,-1,-14;539,-40,-73;548,30,55;552,-1,11;572,-2,-14;582,-11,-23
rua||lazaro de oliveira duarte|novo oriente|35595000|94,-1979048,-4566984;98,-253,-233;100,5,8;206,66,69;368,67,90;388,21,27;450,29,28;460,26,6;474,20,0;558,-37,-5
rua||lazaro oliveira duarte|novo oriente|35595000|26,-1978907,-4566922;32,5,5;38,-1,10;44,-12,23;56,31,-16;60,9,16;181,-457,-376;215,-1,-14;233,34,44;245,3,10;265,12,10;291,45,55;451,111,106;461,42,56;471,11,0;1429,84,4;1440,-5,6;1451,32,8;1453,69,48;1455,-79,-47;1463,56,24;1465,11,14
rua||lourival firmino martins|novo oriente|35595000|1,-1979304,-4567345;2,21,-4;3,1,-7;4,-2,-4;5,12,-3;6,4,-2
rua||luiz ferreira dos santos|conjunto macedonia|35595000|50,-1979561,-4568605;56,-7,11;59,-15,12;60,12,-7;61,-7,-2;70,3,17;71,0,-27;80,3,18;83,8,-31;90,-17,42;95,19,-47;100,-19,51;105,19,-56;117,-1,-8
rua||magnolias|novo oriente|35595000|122,-1979045,-4566877;127,3,-8;132,-15,10;137,5,-5;142,-15,9;147,10,-10;152,-18,13;157,10,-8;162,-16,10;167,7,-5
rua||magnolia|novo oriente|35595000|14,-1978930,-4566934;20,6,5;35,-48,14;40,6,15;45,-12,-15;50,8,9;55,-19,-6;60,3,9;65,-8,0;70,1,2;75,-11,5;80,8,-3;85,-23,5;90,8,0;95,-6,-2;100,-1,8;105,-6,-3;110,-1,2
rua||mangueiras|novo oriente|35595000|1,-1979277,-4566963;23,27,55;27,4,9;35,-1,10;36,0,-3;54,7,9;57,2,11;71,11,38;83,4,4;95,3,11;101,7,9;105,-1,2;108,-6,12;115,9,-2;123,1,9;129,-7,-1;135,7,9
rua||manoel delgado|nossa senhora aparecida|35595000|3,-1978798,-4568066;12,42,136;14,0,-9;17,-12,-2;23,-2,-1;24,9,-15;26,-2,-2;27,-9,5;29,1,-6;32,2,-16;35,-7,-1;36,15,28;42,-9,-35;43,-10,2;49,-39,-206;52,44,185;53,-5,8;60,4,-13;63,-8,4;70,6,-11;73,-9,-4;90,5,-18;96,1,5;104,155,588;115,-165,-606;127,-5,-6;130,10,-9;137,-5,-13;192,53,214;209,-15,-4;215,3,11;226,22,42;242,3,13;254,6,3;260,1,13;266,-6,-6;286,16,53;287,-8,-7;290,7,10;293,-7,2;300,10,5;301,71,284;320,-65,-271;340,9,47;350,-1,0;369,-6,-12;378,10,30;381,-8,-9;387,-2,4;390,6,10;393,-6,-7;398,17,21;399,-14,-13;402,13,19;408,4,14;409,-9,-24;420,10,31;423,-13,-20;429,1,4;435,7,10;447,-1,6;471,-150,-612;475,156,635;479,4,9;486,8,9;490,5,2;492,-2,7;493,-8,-8;494,11,6;496,-1,17;497,-166,-654;499,157,637;505,-154,-618;514,12,11;516,-2,-9;519,-11,6;520,172,679;521,-9,-13;523,6,17;524,6,16;527,-7,-19;529,-163,-668;537,168,679;539,-166,-674;540,6,-7;547,161,690;549,-166,-665;552,10,-13;555,156,679;557,1,11;560,-153,-674;567,156,683;569,-164,-665;570,174,666;575,-9,9;576,-157,-686;579,-5,22;588,8,-11;589,135,564;593,34,143;599,-7,1;605,9,1;611,-2,2;617,-8,4;630,14,16;640,3,8;650,6,15;703,-17,50;709,16,0;803,4,-3;807,0,2;813,5,10;815,-4,5;821,4,6;829,-1,3;835,6,6;841,0,2;847,-4,4;883,12,25;889,-3,2;903,1,13;909,1,8;1070,-34,-191
rua||manoel lino|zita chaves|35595000|15,-1979995,-4567434;20,7,7;25,-8,-19;30,8,12;35,-10,-12
rua||marcia maria|esteios|35595000|34,-1992441,-4570383;41,0,8;47,-9,-2;69,-17,-12;81,-13,-7;91,-16,-10;142,-15,-23
rua||maria vicentina de freitas|grandes lagos|35595000|75,-1979343,-4569307;86,7,-13;95,-31,7;100,-7,-19;108,-10,-1;110,-7,-10;115,21,19;131,-13,-9;137,30,21;140,-68,-47;201,-15,0;330,-110,-63;350,-9,-6;365,-31,-9;375,-8,-2;380,11,-3;385,-20,1;390,10,-7;400,-6,-4;465,-66,-27;485,-22,-2
rua||matutina|monsenhor parreiras|35595000|72,-1979229,-4568727;74,-8,-3;80,3,7;88,-4,10;100,4,8;110,6,11;120,-1,7;130,8,15;168,5,21;170,-2,14;178,2,11;190,2,3;200,4,13;262,15,66;264,-7,-11;266,4,5;270,3,14;274,7,8;278,0,0;320,-35,-138;348,45,178;360,0,14;433,18,42;439,12,35;451,3,10;469,3,15;475,1,15;485,2,6;499,3,15;506,-18,-23;520,12,19;521,8,12;522,-8,-5;527,11,21;530,-7,-10;539,9,17;555,5,28;556,-8,-11;557,11,11;563,2,6;564,-7,-6;570,-6,13;576,-1,0;579,19,4;584,-12,9;600,5,4;615,12,7;619,-1,13
rua||matutina|monsenhor parreras|35595000|71,-1979226,-4568724;77,1,19;79,-6,-30;83,0,10;85,5,12;87,2,16;89,3,3;105,5,8;127,-5,15;149,11,13;173,2,18;181,2,13;187,0,8;243,17,52;257,0,6;265,1,8;293,8,24;301,1,13;315,3,9;325,4,9;337,12,6;341,-10,6;361,11,15
rua||matutina|rosario|35595000|752,-1979091,-4568134;767,6,18;771,4,6;775,-4,-18;776,-6,19;779,14,8;780,-8,13;789,11,-9;794,-7,21;797,7,-6;808,-14,6;809,20,7;820,-9,15;826,3,14;845,8,-23;849,0,7;853,3,14;863,2,9;865,3,9;907,7,21;911,1,10;912,-9,5;915,11,3;918,-2,13;922,-2,1;931,7,-6;935,5,9;937,-1,8;942,-7,-1;946,-3,4;950,2,8;951,15,11;952,-14,-4;954,6,4;959,10,9;965,4,12;968,-11,-9;973,10,12;974,-4,-1;980,-1,9;981,13,13;988,-14,-13;994,5,13
rua||mauro sebastiao braga|nossa senhora aparecida|35595000|16,-1978753,-4567746;22,5,-17;32,14,8;36,27,-3;40,8,-15;56,9,4;57,-3,-3;58,14,8;60,1,-6;70,50,-21;72,-40,19;73,-7,-9;82,43,-12;98,-8,9;100,2,1;104,7,-3;110,13,-6;116,11,0;150,33,-11;287,-75,19
rua||medeiros|monsenhor parreiras|35595000|20,-1979352,-4568363;30,28,16;32,5,38;33,-15,-36;42,15,28;44,-5,-27;45,-10,-4;53,15,-3;67,6,-5;73,10,0;76,3,3;79,9,-10;91,12,1;100,-29,18;109,39,-20;110,-28,14;111,32,-17;115,5,-4;120,-29,22;129,37,-23;130,-31,31;134,1,5;138,38,-26;141,1,-15;142,-11,17;143,20,-15;144,-7,10;156,10,-12;170,27,-2;174,13,-5;178,4,2;188,2,-1
rua||milton macedo|conjunto macedonia|35595000|11,-1979443,-4568786;17,2,-14;23,2,-8
rua||milton macedo|monsenhor parreiras|35595000|29,-1979428,-4568840;55,6,-18;117,23,-54;127,6,-5;137,6,-5;143,2,-10;149,1,-4;151,7,-8;153,0,-5;161,6,-7;181,12,-17;183,2,-10;189,13,-13;195,-6,9;196,8,-9;200,9,-4;207,-1,-10;215,5,-5;245,25,-47;461,169,-72;477,-1,-7;553,-8,9
rua||moema|monsenhor parreiras|35595000|254,-1978786,-4568326;257,1,10;281,-16,-23;285,8,-3;287,-7,0;299,3,-10;311,3,-10;317,1,32;323,-2,-44;324,-4,14;325,3,15;626,-6,-51;632,-9,-31;642,-2,-10;646,-7,-12;648,5,2;658,-4,12;660,3,-22;664,5,25;665,-8,-21;667,-8,-9;668,9,-9;670,4,63;672,10,8;675,-22,-68;678,4,-12;680,-2,-7;681,-4,1;684,6,-6;687,-5,3;693,-3,-5;696,4,-12;699,-8,2;730,4,-14;753,51,214
rua||moema|monsenhor parreira|35595000|1,-1978902,-4568802;784,50,220;796,-2,-11;808,-1,-11;820,-2,-13;832,-3,-12;836,2,0;844,-3,-8;848,-4,-5;856,1,-11;883,-13,-39;904,-2,-13;913,-7,0;916,8,-16;921,-10,6;923,-3,-12;928,7,-5;930,-2,-2;931,-10,-5;935,-2,-10;937,-4,-16;940,15,25;946,2,-11;949,-18,-24;951,1,-5;958,11,16;963,-17,-32;970,12,24;971,-18,-34;972,13,25;974,0,-5;980,4,-4;986,-9,-24;994,-3,-13;995,-5,3;1011,-2,-4;1020,-3,-43;1029,-3,24;1039,-3,-5;1040,4,-32;1050,48,194;1052,-51,-214;1055,-9,8;1060,10,-15;1067,0,49;1070,-4,-62;1103,2,55;1110,2,-43;1120,-9,-31;1139,5,60;1143,-13,-35;1145,11,29;1147,-14,-35;1163,5,6;1169,2,4
rua||moema|monsenhorr parreiras|35595000|775,-1978847,-4568565;781,-7,-9;793,-6,-11;805,-2,-11;817,-2,-15;829,0,-5;837,-6,-16;843,2,-8;1592,0,-18
rua||morada nova|monsenhor parreiras|35595000|35,-1979440,-4568549;40,13,-6;41,-6,-3;47,5,-16;52,2,10;62,7,-12;68,1,-8;76,9,-30;80,-4,21;82,-2,-13;87,5,-11
rua||nelson gomes de macedo filho|centro|35595000|31,-1979837,-4567845;37,-7,4
rua||nelson gomes de macedo filho|morro do jorge|35595000|180,-1979972,-4567782;190,-5,12;210,-6,4;228,-17,13;241,-4,11;242,-4,-4;260,-14,4;266,-6,15;269,6,-6;273,-7,2;281,-5,9;290,-8,-2;291,1,13;292,-7,-7;304,-10,-3;311,-7,21;322,-10,-4;325,1,7;343,-16,12;354,8,-13;355,-18,24;364,-4,-14;370,27,28;379,-33,-8;381,-2,-6;385,-19,19;388,48,-7;389,-37,5;393,-6,-1;397,-11,14;420,-8,-11;435,3,2;439,-18,14;446,2,-3;451,-8,2;452,2,-8;460,-13,13;461,-3,-1;466,-6,8;470,4,-3;479,-23,22;545,-32,24;551,-12,15;572,0,17;589,-12,4;597,-7,-8;615,-14,17;635,-14,21;641,-4,4;650,-15,0;651,12,9;665,-13,16;672,-18,-16;692,9,14;700,20,-36
rua||nilton de almeida|nov oriente|35595000|314,-1979041,-4567326;330,12,17;336,5,10;340,0,0;346,8,12;352,7,5;356,-2,6;360,6,9;368,4,7;372,-2,7;376,15,9;382,2,7;392,6,7;396,6,10;404,7,11;412,10,13;420,-1,3;430,1,3;440,4,6;460,1,4
rua||nilton de almeida|novo oriente|35595000|240,-1979083,-4567387;260,4,5;270,-5,-21;291,-14,12;294,30,15;301,-15,3;307,10,17;317,6,10;323,6,9;335,14,17;339,-1,6;343,12,2;349,8,8;361,6,24;371,7,16;379,3,8;395,1,5;407,15,19;411,2,-2;413,5,9;419,1,7;425,3,6;431,5,4;437,-2,2;445,12,16;449,-4,-2;455,3,4;471,22,24;475,5,3;483,7,9;489,4,4;495,1,6;499,3,5;505,7,11;509,4,5;523,2,11;535,1,-1
rua||oito de julho|centro|35595000|13,-1980140,-4568641;25,8,-5;31,8,3;37,8,-5;51,5,2;55,9,-6;71,15,-5;83,8,0;99,14,-6;100,6,13;112,8,-3;122,12,-1;134,11,1;135,-19,-23;141,236,-64;153,-208,67;175,22,-15;180,-2,13;187,12,-11;200,13,9;201,0,-17;213,12,1;217,0,-2;220,2,10;223,2,-11;225,11,1;228,-1,3;239,6,-5;248,9,3;259,-2,-7;319,39,-16;326,12,9;327,5,-10;328,-11,17;338,24,-3;350,1,-7;353,6,-27;360,-1,19;379,14,-12;380,-1,12;391,104,-26;399,-75,10;400,-1,14;406,5,1;416,11,-3;427,5,-22;430,4,18;431,12,-23;445,5,5;446,-10,9;455,18,-9;456,-5,5;460,9,4;469,-1,-17;485,34,-17;500,-3,22;510,14,-6;511,1,-8;520,3,7;521,2,-13;530,22,17;531,-12,-19;540,16,4;545,-5,-1;562,8,3;563,4,-9;564,8,6;587,16,-10;591,1,-2;593,15,-9;615,6,3;621,9,-6
rua||oito de julho|conjunto macedonia|35595000|600,-1979645,-4568780;622,19,-1;634,6,-4
rua||oito de julho|monsenhor parreiras|35595000|70,-1979576,-4568843;788,24,-49;790,6,-7;800,5,-12;928,3,-8;930,6,-14;932,4,-9;934,4,-12;936,3,-12
rua||olhos dagua|novo oriente|35595000|9,-1979260,-4566944;68,135,-106;91,-17,4;92,-86,88;95,74,-79;101,28,-23;106,-86,86;107,96,-97;113,10,3;114,48,-25;118,6,-14;119,-50,22;122,58,-20;123,-160,113;132,174,-120;135,-142,92;147,116,-83;153,21,-15;240,56,-34;250,8,-4;251,-1,-6;260,5,1;261,11,-2;300,18,-14;1327,-106,68;1343,-37,36
rua||otavio veloso do carmo|nossa senhora aparecida|35595000|233,-1978485,-4568244;259,3,11;273,2,11;276,18,10;282,-4,5;287,-14,-11;292,17,21;303,-9,-3;304,9,6;305,-4,8;307,9,35;308,10,-5;320,3,16;326,-4,6;327,-7,-5;329,5,-2;330,3,15;331,-4,-4;333,4,11;334,-9,-23;335,6,20;340,9,4;352,2,9;361,-3,26;367,5,2;370,5,0;375,-1,15;381,4,17;390,0,-16;400,7,15;404,1,53;410,1,-38;416,1,5;507,8,46;530,-3,0;549,13,66;810,-50,-245;1766,21,125
rua||pacifico goulart|campinho|35595000|30,-1977027,-4551633;77,35,9;90,34,22;95,-28,-19;101,10,-3;153,26,13;203,46,16;208,8,13;227,28,0;230,-10,14;240,4,5;257,18,-4;277,21,12;287,13,4;307,9,11
rua||paineiras|monsenhor parreiras|35595000|12,-1979333,-4568723;36,8,1;100,47,-16;105,-13,-3;109,13,-3;110,5,6;112,0,-2;114,10,-1;123,-3,-8;126,14,5;131,-4,-6;143,24,-5;165,19,-7;179,13,-5
rua||paineiras|monsenhor parreras|35595000|98,-1979215,-4568752;170,7,-5;176,12,-5;178,-2,-2
rua||pains|monsenhor parreiras|35595000|20,-1978553,-4569045;27,11,17;37,3,8;39,-2,9;40,-9,-20;41,16,26;46,-15,-18;50,6,11;55,8,15;56,-6,-6;61,6,6;64,-3,11;67,11,0;76,-12,1;83,13,6;110,5,57;116,-1,9;134,16,31;140,-3,20;144,-2,2;150,6,14;156,-2,5;160,6,9;162,2,6;164,-2,6;166,6,11;168,-1,-3;182,0,13;400,50,188;410,3,11;420,3,12;430,2,7;440,0,1;450,0,11
rua||pains|monsenhos parreiras|35595000|91,-1978518,-4568931;97,1,2;109,3,15;111,2,10;115,5,17;131,1,13;143,6,8;155,4,15;167,1,4;223,21,76;231,3,12;236,-8,8;244,4,4;245,6,-1;252,-12,12;257,17,-5;263,-3,8;275,1,7;287,2,9;303,0,5;1954,-21,-61
rua||parana|novo oriente|35595000|46,-1979329,-4567440;81,151,-82;88,-165,79;91,172,-86;101,13,-3;107,-180,80;108,15,8;115,-4,-11;121,175,-77;127,7,-2;130,-175,76;131,13,-5;134,-2,2;137,176,-81;140,-161,74;147,-9,-2;150,19,6;157,-11,-13;159,178,-69;165,-173,64;169,14,-6;172,-8,7;173,11,-1;174,-3,-2;179,11,-18;180,213,-49;184,-214,67;200,222,-73;220,-187,57;226,10,-1;232,4,-16;270,35,0;391,102,-25;401,17,-16;406,3,10;411,-2,-14;468,-59,27;534,61,-14;701,-22,4
rua||pedro do amaral filho|campinho|35595000|5,-1976932,-4551539;27,19,6;37,8,4;40,-1,9;47,13,-2;50,-1,9;55,4,-8;63,13,2;66,-9,7;76,8,3
rua||peroba rosa|novo oriente|35595000|25,-1979228,-4566948;32,-10,14;39,13,1;43,-12,-19;54,15,36;58,0,5;59,6,-1;70,-3,13;80,5,11;90,6,17
rua||pimenta|monsenhos parreiras|35595000|11,-1978490,-4569064;17,6,27;21,4,12;23,-2,1;27,0,7;31,4,5;40,1,-36;41,5,44;42,-1,-73;44,-10,14;95,24,135;102,22,44;112,-3,-12;113,-22,-33;115,3,7;121,4,14;122,14,6;131,-10,-3;132,7,-9;139,-5,20;145,-2,2;153,11,14;161,-4,2;203,14,56
rua||piumhi|monsenhor parreiras|35595000|4,-1979326,-4568241;16,78,-11;18,7,-13;20,8,4;22,-73,18;24,83,-20;26,15,-5;28,-86,20;30,11,-4;34,82,-19;36,-67,21;37,-6,-8;40,85,-16;51,-27,5;52,44,-9;57,-6,-8;59,-93,24;61,17,-2;63,28,-6;64,47,-14;65,-61,14;67,73,-20;77,-79,23;80,90,-17;90,11,-10;117,1,1;123,-149,35;129,-12,6;137,-2,1;151,209,-53;152,-6,2;155,13,-3;164,-9,0;169,10,-4;171,7,-6;225,51,-11;230,-1,10;243,15,-17;244,-9,17;249,22,-17;258,1,7;265,24,-14;280,21,-5;318,33,-5;323,8,-5;334,17,7;335,-5,-14;336,56,-2;346,-56,19;351,13,-17;367,10,-4;371,2,1;386,247,-58;420,-209,55;438,13,-4;444,16,-8;456,40,-7;460,4,-3;466,17,-2;489,-60,12;517,36,-13;525,10,1;539,-27,4;577,77,-24;631,62,-18;649,29,-5;659,-7,-1;737,49,-15;739,4,0;740,-1,11;743,15,-10;747,5,-4;785,42,-2;790,2,5;800,16,-7;812,8,0;813,-6,-5;825,1,-3;826,15,5;833,-6,-9;853,37,-12;865,5,0
rua||primeiro de abril|centro|35595000|29,-1979686,-4568362;48,6,-1;57,-7,-5;59,18,-13;63,1,0
rua||rafael bahia|grandes lagos|35595000|19,-1979773,-4569025;100,-4,-83;120,7,-14;125,12,-12;160,1,-21;210,64,-127;240,-31,75;241,35,-75;450,50,-128;460,76,-158;517,-2,19;535,-35,77;550,1,-21;555,9,0;580,1,-25;585,7,2;615,15,-25
rua||ramiro botinha|nacoes|35595000|97,-1980124,-4567842;237,-43,-160;238,6,-13;239,-9,2;244,2,-17;250,-2,-12;294,-1,-10;301,-5,27;315,-7,-29;324,8,-15;334,-5,-19;337,-4,8;347,-14,-18;358,12,-6;361,-15,-6;373,2,-14;380,10,8;381,-15,5;386,15,5;404,-6,-30;478,-21,-70;489,-2,22;491,-3,-14;500,0,-19;508,-2,-6;512,0,-11;513,-1,29;520,2,-46;523,-12,32;529,-3,-18;532,26,-39;535,-24,31;540,-5,-29;547,0,20;550,1,-32;559,10,76;564,-11,-78;574,-4,-14;578,-4,-10;583,2,27;595,-1,-7;814,91,327;821,4,0;827,-1,15;828,3,-2;849,1,21;867,7,19;879,1,13;885,3,14;889,4,8;893,4,26;955,7,26
rua||ricarte marcelino da silva|esteios|35595000|8,-1992754,-4570437;14,2,3;20,2,-12;26,4,-7;32,6,-9;38,1,-11;44,1,-15
rua||rio grande do norte|caixa dagua|35595000|5,-1979872,-4568946;19,1,-1;26,13,3;31,-5,0;32,5,2;43,9,1;44,6,-4;52,-1,1;55,13,-3;62,0,7;65,-5,1;69,11,-5;100,-101,-9;107,19,-1;109,-13,0;110,-1,2;111,-6,-2;115,-9,2;125,4,-3;139,-18,2;167,-67,-1;170,-1,-2;178,13,13;184,-3,-2
rua||rio grande do sul|novo oriente|35595000|2,-1979223,-4567176;3,-15,3;4,9,-15;5,-6,3;6,37,-68;7,-31,58;8,15,4;9,-13,-17;10,9,-4;11,-6,2;12,8,-11;13,-2,-6;14,3,-9;15,-7,1;16,14,-3;17,-6,-11;26,29,-24;28,28,-19;31,-48,21;36,48,-21;37,-44,34;47,22,-20;57,-11,9;60,34,-27;63,-11,10;71,17,-11;76,11,-11;81,-1,0;88,23,-20
rua||roseiral|novo oriente|35595000|2,-1978760,-4566727;12,-15,1;20,-7,3;30,-14,1;38,-8,0;46,-7,-1;54,-6,4;62,-15,-1;74,-6,1;82,-2,-1;96,-15,3;104,-27,2;112,0,0;126,-14,2;138,-10,0;150,-10,2
rua||rozina batista vieira|conjunto macedonia|35595000|6,-1979336,-4568783;12,-1,14;18,-4,14;24,-6,9;34,-1,19;46,-4,12;52,-3,9;58,-1,10;74,-7,19;80,-3,5;86,-3,14;92,-3,10
rua||rozina batista vieira|monsenhor parreiras|35595000|37,-1979350,-4568691
rua||seis|esteios|35595000|166,-1992400,-4570308
rua||sem denominacao 3|zita chaves|35595000|170,-1979700,-4567169;173,-1,-11;271,-25,-120;360,14,66;380,3,19
rua||sete de setembro|caixa dagua|35595000|2389,-1979673,-4568788;2394,-1,-9;2416,-3,-16;2487,-28,-73;2489,-3,-8;2505,-1,-12;2523,-11,-16
rua||sete de setembro|centro|35595000|4,-1979544,-4568330;8,1,11;1587,71,234;1612,17,6;1618,-3,-10;1639,-16,-11;1640,16,2;1644,6,-8;1649,-22,-9;1650,26,7;1651,-23,-1;1660,13,-21;1663,-20,17;1671,-1,-24;1680,9,-2;1696,-4,-13;1714,-21,-24;1719,1,1;1720,9,-1;1730,-2,-14;1731,-13,9;1752,12,-29;1755,-16,17;1771,8,-8;1779,-9,-8;1787,-9,-27;1790,12,-23;1795,-15,14;1825,-12,-27;1828,19,-3;1835,-17,-6;1839,-3,-5;1845,-2,-2;1855,1,-4;1857,-3,-8;1858,14,-13;1861,-17,8;1865,-3,-6;1868,18,-3;1870,-2,-11;1871,-20,11;1876,21,-11;1888,-1,-4;1892,-1,-5;1895,-16,0;1896,11,-6;1899,-12,16;1926,10,-38;1935,-20,-15;1936,1,2;1947,1,-7;1948,2,-2;1953,-6,-4;1958,2,-14;1963,-4,1;1968,8,-3;1974,-7,-12;1975,-3,7;2000,0,-19;2003,-11,-7;2004,7,-6;2007,-8,5;2012,-4,-14;2016,10,3;2017,-12,-10;2020,40,-15;2021,-42,11;2028,8,-1;2040,1,-6;2046,-4,-13;2051,-9,0;2155,-32,-93;2157,-6,-3;2162,-3,-11;2169,6,5;2197,-10,-21;2203,3,-36;2217,-9,-10;2267,-14,-31;2271,1,-7;2281,-6,-21;2293,-8,4;2305,4,-17;2315,-2,-8;2323,-6,-5;2333,-7,-13;2391,-7,-43;2409,-8,-18;2411,-4,-6
rua||sete de setembro|conjunto macedonia|35595000|222,-1979639,-4568696;2156,49,172;2168,2,-11;2170,-3,-6;2172,-9,-23;2176,-11,-22;2184,-7,-15;2190,-1,-13;2198,2,-10;2212,-7,-18;2220,-4,-15;2224,-12,-36;2230,5,8;2314,-15,-45;2340,-5,-23;2350,-4,-10
rua||sete de setembro|monsenhor parreiras|35595000|289,-1979722,-4568939;2454,27,77;2478,-7,-10;2484,-2,-7;2490,1,-10;2496,-3,-6;2506,-3,-13;2522,-4,-14;2524,-5,2;2648,-10,-24
rua||sete de setembro|novo oriente|35595000|125,-1978745,-4566737;135,-8,-12;141,-129,-180;145,125,172;153,-7,-2;155,-123,-178;161,10,-2;181,-22,-17;185,122,168;201,-123,-174;204,-341,-534;205,460,703;207,-18,-6;209,-5,-5;227,-111,-175;275,115,167;279,1,-3;295,-33,-16;401,-73,-142;413,-15,-12;501,-21,-39;503,2,-8;505,-11,-6;515,2,4;519,-6,-7;561,1,-8;589,-59,-91;595,40,58;601,-5,0;611,-7,-13;629,-9,-4;639,-69,-100;649,-6,3;667,51,48;671,-9,-4;683,-2,-12;687,-37,-60;689,21,23;695,9,26;700,21,25;701,17,29;706,-19,-29;707,-32,-36;710,32,28;714,-8,-3;720,6,-12;737,-55,-54;738,36,27;739,-36,-30;740,34,46;741,-50,-75;748,42,59;749,-51,-64;750,67,86;768,-15,-24;771,-56,-78;774,47,70;798,-11,-29;810,-10,-14;820,-3,-4;828,-14,-19;834,-11,-14;844,-3,-4;856,2,-15;884,-22,-11;886,-8,-18;888,-7,-4;889,12,13;890,-19,-18;901,16,1;905,-2,12;911,-7,-14;916,-9,-13;934,-12,-15;940,1,-10;946,-48,-74;971,27,52;980,16,19;984,-9,-38;988,-10,0;994,-29,-31;997,-17,-22;998,66,87;999,-61,-76;1001,7,11;1004,-2,-15;1006,-16,-32;1008,-29,-21;1010,-22,-27;1020,59,78;1022,-4,-9;1029,3,3;1040,-44,-64;1050,-2,-16;1059,35,45;1060,-47,-48;1066,0,-17;1071,22,57;1080,-27,-60;1086,-4,-11;1093,-11,-12;1094,8,4;1098,-6,-8;1105,-12,-1;1117,-2,-8;1118,3,-7;1122,-2,-3;1128,6,1;1129,-14,-3;1130,9,-5;1134,-7,-25;1137,-7,21;1150,9,-9;1151,-34,-7;1152,33,1;1155,-10,1;1160,4,-8;1165,-4,-4;1170,1,-6;1172,0,-6;1174,0,-3;1175,-3,8;1179,-4,-5;1182,10,-7;1185,-17,4;1187,2,-7;1210,12,-24;1211,-6,22
rua||sete de setembro|novo oriete|35595000|120,-1978724,-4566720;124,0,-6;126,-4,-7;132,-4,-8;140,-4,-6;190,-20,-24;194,-4,-2;198,-6,0;240,-16,-20;248,-112,-169;250,105,162;252,-117,-182;258,9,16;266,104,159;272,-3,-5;280,-6,-7;290,-2,-2;300,-5,-5;306,-5,-8;310,-12,-12;320,0,-8;330,-10,-5;340,-1,-7;360,-19,-24;370,2,-6;378,-4,-1;430,-12,-25;440,-2,-4;450,-11,-17;460,-1,-1;494,-4,-12;602,-30,-40;608,-76,-124;614,8,10;628,68,77;630,16,-3;632,1,-3;634,-104,-94;636,70,104;640,-44,-72;642,41,66;650,-1,-5;660,-5,-7;670,-10,-7;684,1,-6;694,-15,-20;841,100,183;887,-12,-39
rua||sete de setembro|rosario|35595000|1226,-1979346,-4567730;1237,-20,-3;1252,5,-15;1255,-3,-2;1261,0,-10;1264,9,9;1270,-1,-12;1271,-10,-7;1275,-20,-2;1282,25,2;1283,-11,1;1288,10,-14;1291,-16,3;1294,31,-14;1304,-16,-12;1318,-11,-14;1325,-5,34;1331,0,-25;1340,1,-17;1347,-12,3;1350,10,-8;1357,-15,-8;1360,12,-6;1368,0,-13;1371,-6,11;1376,1,-18;1377,-4,3;1389,-6,-11;1396,4,3;1401,-4,-12;1455,-28,-42;1464,19,0;1465,-18,-14;1466,14,-4;1476,-1,-8;1485,-21,-13;1488,15,0;1497,-9,-7;1514,11,1;1517,-21,-21;1520,17,13;1525,-14,12;1530,4,-28;1535,-4,-17;1536,-7,12;1538,18,-16;1540,-13,1;1544,-6,-7;1560,-3,-22
rua||sibipurunas|novo oriente|35595000|28,-1979205,-4566964;34,19,42;40,2,9;44,6,14;56,8,28;64,3,19;70,8,5;80,1,6;105,4,8;110,4,14;112,0,6;114,6,11
rua||sinha do guarim|grandes lagos|35595000|85,-1979554,-4569082;90,13,2;120,-45,-21;132,-16,-15;180,-75,-30;213,-6,1;220,3,-7;263,-44,-14;280,5,1;290,-9,-8;313,-42,-20;320,15,4;340,-13,-4
rua||sucupiras|novo oriente|35595000|195,-1979059,-4566795;222,1,23
rua||teotonio paulinelli|nossa senhora aparecida|35595000|207,-1978870,-4567841;216,-6,-5;219,9,18;222,-7,-1;223,6,8;224,-4,-3;228,2,13;231,19,24;237,-1,8;243,2,9;246,-7,-2;250,0,5;254,3,5;255,6,-8;257,0,10;258,-6,6;262,2,10;265,12,4;270,-9,8;271,10,-5;273,3,12;275,-115,-452;277,115,455;281,4,5;282,-13,-6;285,14,17;287,1,7;288,-10,-5;289,-105,-457;290,113,466;292,-11,-15;294,7,19;301,7,5;305,4,13;315,-117,-452;325,-1,6;337,5,11;338,111,478;339,9,-8;342,-4,17;350,2,16;359,5,-22;361,-117,-446;363,1,7;365,117,446;371,6,15;383,4,14;400,0,49;415,11,-14;431,-3,10;441,3,6;453,1,15;475,6,18;491,-19,-68;518,-138,-554;530,-7,-21;540,10,25;542,176,725;553,-10,-60;563,4,4;568,-164,-618;591,165,642;611,10,27;620,-166,-635;624,5,17;636,0,9;638,5,10;640,-1,3;642,-2,8;648,7,8;650,5,7;651,153,601;661,4,12;664,-158,-604;668,41,167;670,-40,-160;671,157,600;680,-161,-596;681,165,608;701,7,19;711,-5,6;771,19,68;781,-1,7;789,-180,-738;793,2,8;795,5,16;801,186,729;831,-178,-699;843,3,9
rua||tiradentes|centro|35595000|10,-1979905,-4567732;16,4,-11;26,2,-8;40,22,-6;56,4,6;90,15,-5;110,31,-15;186,65,-19;199,12,-14;227,46,-17;241,10,0;276,4,5;288,7,2;351,61,-39;400,47,16;410,8,-7;428,20,-10;436,17,-4;437,-11,-17;445,9,5;450,-1,1;456,13,4;460,-1,-3;461,3,-10;479,2,-2;483,9,0
rua||tiradentes|rosario|35595000|194,-1979284,-4567926;520,-174,40;529,0,-4;542,8,1;545,-6,-8;557,17,-3;560,2,10;600,60,-14;619,-3,-18;620,4,14;623,5,-8;652,18,3;655,5,-16;689,31,-4;699,9,-3;720,32,9;736,28,-13;740,-21,9;763,3,-11;764,13,11;767,-2,-7;769,1,2;771,14,-8;796,4,10;1410,-161,35;1460,-3,-14
rua||tiros|monsenhor parreiras|35595000|8,-1978740,-4568997;9,-12,5;10,24,15;13,-9,-7;14,4,10;16,5,11;26,2,19;36,5,2;38,6,8;40,1,9;41,43,228;42,-44,-223;46,12,47;50,-1,15;57,-30,-88;60,35,94;65,39,184;67,-68,-269;70,27,96;73,-16,-46;75,58,235;76,-17,-131;77,-57,-148;80,38,99;84,1,6;85,-26,-46;86,43,113;87,-49,-153;88,34,98;89,-21,-46;94,37,89;95,-33,-79;97,-19,-48;98,58,147;101,-35,-91;113,3,18;131,5,10;136,32,116;137,-32,-107;143,-1,4;148,50,154;149,-44,-134;154,45,150;166,20,65;174,2,-2;179,-59,-210;180,51,220;191,-54,-205;198,61,214;210,2,13;220,1,4;230,7,13;240,0,4;243,-17,-33;247,3,17;259,5,11;260,15,19;263,-16,1;274,18,10;275,-13,3;283,-4,-24;284,20,35;287,-12,-1;297,1,4;303,0,18;311,8,12;330,1,17;1860,-25,-156
rua||tonico gontijo|nossa senhora aparecida|35595000|252,-1978958,-4568036;270,14,-3;319,-23,-4;351,103,-28;361,-38,8;373,9,2;380,-14,13;385,21,-13;394,-11,13;400,30,-14;433,37,-16;443,-86,24;452,189,-41;465,-95,16;469,10,2;472,-1,2;473,27,-15;482,-60,33;484,12,-10;488,15,-9;491,49,-17;492,-14,10;500,19,-2;503,-6,-9;510,8,2;515,10,-5;520,11,5;525,-8,-6;537,41,-8;555,5,-3;558,-9,9;570,10,-2;571,-2,-12;582,25,6;583,-8,-7;594,5,5;595,7,-7;610,13,2;616,12,0;634,7,1;642,15,-14;710,50,-10;720,0,0;725,24,-12;730,0,6;731,20,-9;740,-14,8;762,44,-13;771,9,-8;774,6,14;781,9,-19;786,-2,9;787,2,-9;820,50,-3;823,-18,-4;826,28,1;829,-17,-4;830,21,-3;835,-1,-2;839,3,0;847,9,-5;857,11,-2;869,7,-4;875,-6,-93;891,-18,8;930,36,90;938,6,-1
rua||tonico gontijo|nossa senora aparecida|35595000|611,-1978641,-4568132
rua||tonico gontijo|rosario|35595000|18,-1979130,-4567987;28,24,-7;31,-19,-3;46,31,0;52,13,-5;64,5,-2;69,-18,-2;81,18,-3;87,6,-5;174,23,8;180,8,-5;181,3,-10;851,16,-3;853,-10,3;865,15,-10
rua||treze de maio|centro|35595000|320,-1979449,-4567686;340,-25,11;360,-4,-3;364,-6,-2;370,-142,46;372,67,-24;376,67,-20;378,-8,2;380,-3,5;384,-56,9;386,37,-7;392,-3,1;552,-107,16;562,-6,20;564,-13,4;566,13,-8;570,73,-20;590,-8,1;616,-132,40;686,-59,15;696,-4,6;700,-17,1;718,-7,4;722,-6,9;728,-4,-4;734,-4,-1;746,-9,5;754,-8,2;768,-20,7;1028,-167,45;1062,-37,-27;1076,-13,-5;1084,39,22;1086,8,-2;1090,-14,-5;1095,-4,-2
rua||treze de maio|cocais|35595000|1070,-1979132,-4567797;1130,-17,1;1151,7,1;1171,26,-8
rua||treze de maio|nossa senhora aparecida|35595000|1341,-1978926,-4567863;1349,10,2;1351,11,-6;1353,4,-5;1355,7,3;1357,8,0;1361,10,-9;1363,5,5;1367,3,-7;1372,0,-13;1375,2,13;1378,6,-16;1381,3,12;1384,2,-10;1387,9,10;1397,6,-8;1400,-1,-5;1421,24,5;1428,9,-11;1433,1,-4;1436,12,-5;1437,-16,15;1439,6,-9;1440,18,-7;1441,0,12;1443,-3,-9;1445,10,2;1447,1,-1;1449,12,-6;1450,1,-5;1455,13,5;1461,0,1;1465,3,-1;1467,-1,-2;1469,14,-1;1481,1,-4;1484,10,-6;1487,14,-2;1500,-6,0;1510,16,-3;1521,31,-4;1523,5,-3;1526,-5,-6;1535,13,-2;1539,-1,-4;1540,13,-3;1541,11,6;1566,20,-14;1568,2,1;1573,-23,15;1576,28,-15;1579,-16,5;1591,3,4;1597,25,-7;1599,-3,-6;1601,2,0;1605,69,-9;1671,-2,-3;1675,11,-2;1687,14,-7;1689,13,-3;1690,23,-7;1700,21,-6;1711,11,0;1714,-39,1;1718,1,6;1722,11,-12;1738,6,-3;1748,14,-4;1762,8,4;1766,10,-11;1786,40,-10;1790,-12,2;1811,9,8;1817,1,0;1825,3,-3;1833,9,-4;1839,2,-1;1843,18,-4;1954,-178,47;1960,4,0;1982,21,-7
rua||treze de maio|novo oriente|35595000|7,-1979175,-4567779;15,-19,1;19,1,2;57,-24,11;63,9,-6;65,-20,7;67,-11,12;75,-4,-1;99,0,-1;157,-66,32;165,-5,2;171,-16,4;235,-54,10;243,-12,5;255,4,2;263,-8,10;289,-6,8;299,-9,-7;329,-30,11;341,-10,2;347,-8,3;353,-7,1;359,-4,2;365,-4,-2;377,-18,17;393,-23,-6;1211,433,-153;1221,5,1;1231,13,-3;1233,10,-9;1235,6,-5;1239,10,-2;1245,7,0;1249,2,-4;1253,9,-11;1257,2,7;1261,4,5;1263,8,-14;1267,5,10;1271,12,-3;1273,-3,-1;1281,15,-4;1283,5,-17;1285,-6,2;1295,11,4
rua||treze de maio|rosario|35595000|1,-1979277,-4567746;14,96,-39;16,-7,0;28,-6,3;40,-11,2;42,-11,11;74,-20,0;98,-19,9;128,-27,16;162,-21,5;166,-8,9;170,-11,6;176,1,2;244,-68,9;252,-1,-1;258,-9,11;260,-3,-3;264,-11,3;280,-1,3;1140,267,-99;1150,13,-3;1160,7,0;1182,10,-5;1200,33,-17;1202,-16,9;1212,7,-12;1220,25,-1;1230,0,0;1232,15,-10;1234,5,-1;1236,0,-2;1238,9,0;1240,0,0;1246,14,-1;1250,12,-3;1260,5,1;1266,25,-69;1268,-15,69;1272,18,-12;1276,3,3;1278,2,-3;1280,-17,9
rua||treze de maio|zita chaves|35595000|207,-1979547,-4567650;313,-251,78;617,92,-28;621,-5,3;623,-3,-1;651,-28,12;721,-48,12;731,-8,3;735,-15,5;759,-8,4;771,-5,1;779,-12,4;801,-29,5;815,-11,2;857,-21,5;907,-39,17;1146,-120,-29
rua||vicente viriato da silva|nossa senhora aparecida|35595000|80,-1978365,-4568041;90,-3,-12;100,-1,-18;120,-3,0;121,13,16;130,-15,-23;134,-6,-3;138,8,-16;140,-2,-4;180,-5,-12;190,-3,0;200,2,-11;225,2,0;240,-7,-9;256,5,-7;274,-8,-9;275,4,-3;280,-9,-8;285,17,26;290,-19,-35;310,-2,-13;313,10,20;317,-2,-9;920,-8,-7
rua||zulmiro morais|novo oriente|35595000|40,-1979206,-4567624;50,5,0;60,10,-1;70,3,-4;80,10,-1;86,8,-3;90,7,2;93,-2,-9;95,14,1;99,13,6;104,-23,-2;110,17,-3
sitio||camargos|pocoes|35595000|11,-1983690,-4578298
sitio||land marques|limoeiro|35595000|15,-1983232,-4578148
sitio||lim0eiro|limoeiro|35595000|5,-1987938,-4579388
sitio||limoeiro da maria aparecida|limoeiro|35595000|4,-1987766,-4579314
