acesso||1|pinguda|36707350|202,-2154312,-4263338;216,3,-2;220,-9,11
acesso||a igreja santa ursula|sao martinho|36708400|2400,-2164591,-4257656;2410,0,0
acesso||ao sitio coqueiral|tome nogueira|36703212|1985,-2150908,-4262766;1999,20,5
acesso||clube do moinho|centro|36700080|550,-2153594,-4263390
acesso||fazenda do desengano|centro|36700080|333,-2153484,-4263614
acesso||loteamento novo|tres cruzes|36700480|60,-2152679,-4262526
acesso||sem denominacao|fortaleza|36700610|50,-2151422,-4261411;60,-18,-7;101,0,18
acesso||sesi|centro|36700001|548,-2153180,-4263441
agrovila||antonio nilo de almeida|tome nogueira|36700001|25,-2158150,-4273964;327,-6,0;349,-16,-1;369,-23,-1;379,-11,-3;389,-6,-4;413,-15,6
agrovila||lorival resende carvalho|providencia|36700001|1,-2165905,-4259404;2,-27,9;3,-7,-4;4,-6,-7;5,-5,-3;6,-6,-9;7,-8,-3;8,-6,-9;9,-2,-13;10,-9,0;11,-6,-7;12,-5,-5;13,-5,-1;14,-9,-8
agrovila||valter machado|ribeiro junqueira|36708600|1,-2145447,-4251504;2,2,-4;3,7,9;4,3,9;6,-11,4;7,-15,-12;10,-21,-7
arraial||graminha|tome nogueira|36700001|1,-2157408,-4272215;96,-202,-113
avenida|doutor|pompilio guimaraes|fabrica|36700332|2,-2153707,-4264048;6,-17,32;10,20,-40;90,0,-14;126,7,-21;134,21,-30;144,27,-81;146,-34,93;156,4,-19;160,11,2;172,-11,-10;174,4,0;178,3,-2;186,10,-3;188,-4,-6;200,6,-11;202,-3,-2;212,0,-11;214,12,-5;220,-3,-9
avenida|marechal|humberto de alencar castelo branco|alto da ventania|36707220|4,-2153754,-4264596;1236,-72,42;1240,-5,-12;1288,7,10;1290,23,-8;1292,18,1;1300,-7,-10;1310,10,-6;1314,14,-14;1320,5,3;1328,0,-5;1332,10,-4;1344,1,-17;1352,6,14;1360,-2,-16;1362,14,-6;1369,19,-13;1370,-21,13;1371,22,-31;1390,-11,8;1408,21,6;1412,0,-33;1420,2,17;1432,2,-4;1440,18,-15;1441,-11,53;1445,4,0;1446,4,-51;1449,-9,30;1450,14,-38;1471,26,-36;1489,-4,15;1493,-6,-24;1495,8,11;1497,-15,4;1501,23,-14
avenida|marechal|humberto de alencar castelo branco|vila miralda|36707899|997,-2153934,-4264424;1009,0,-11;1013,-14,-8;1019,11,10;1029,-7,-26;1039,-6,2;1055,0,-16;1059,10,-10;1061,-10,-10;1063,-11,-3;1097,10,-25;1125,19,-23;1131,13,-9;1197,54,-12;1201,21,17;1213,-5,-5;1215,15,-4;1233,11,6;1245,-5,-13;1259,26,11;1273,-2,-48;1275,6,38;1303,10,-23;1305,12,-1;1311,-6,58;1323,13,-78;1331,13,-1;1341,34,25;1349,-15,-29;1363,8,-18
avenida||agnelo correia do bem|bela vista|36702116|15,-2151538,-4263275;41,28,-46;51,-7,13;58,-11,-10;1216,37,-33
avenida||agnelo correia do bem|imperador|36702116|93,-2151778,-4262811;98,13,-23;625,-2,7
avenida||anderson pereira bela|jardim bela vista|36703184|25,-2150974,-4263510;93,-63,-26;117,-37,-5;129,-4,3;153,-18,-4;165,-18,4;199,-21,2;201,-4,-2;212,-25,-12;213,5,7;218,-13,0;222,-6,3;225,5,1;237,-9,2;246,-13,-2;249,9,3;261,-15,1;273,-10,0;297,-22,3;338,-42,-18;342,-6,-4;355,-7,5;363,-2,-2
avenida||aurelio pimentel|ribeiro junqueira|36708600|71,-2145174,-4251406;81,11,4;86,-109,-60;87,116,65;100,0,0;105,17,13;130,12,2;140,19,-3;150,13,33
avenida||dos expedicionarios|bela vista|36702101|616,-2151976,-4263463;625,4,10;626,-2,10;636,16,1;641,2,-13;648,5,3;651,4,6;663,13,3;671,6,-1;676,1,-2;678,-16,7;685,23,-8;688,0,-9;689,8,3;691,0,12;694,3,2;695,-1,-2;697,14,-1;711,7,10;722,8,3;727,7,-9;734,-6,-1;739,24,14;740,-15,-13;741,4,2;745,6,-12;750,-4,-2;766,18,24;777,25,-1;778,-22,-3;785,27,3;786,-4,5;792,-4,-5;795,9,1;803,17,2;815,7,5;818,-18,0;833,39,2;836,-1,4;841,12,-3;842,-2,2;846,4,0;847,-20,-4;857,37,-2;882,-15,16;889,18,-6;892,-11,3;895,23,2;901,11,0;906,-22,2;920,12,-6;932,0,10;935,21,-3;955,0,3;1216,218,45;1218,13,6
avenida||dos expedicionarios|bela vista|36703000|45,-2151375,-4263270;97,-2,38;247,-923,-288;411,162,28;413,-3,-3;415,0,1;419,-9,-1;423,20,6;441,2,-3;449,4,8;459,9,0;473,6,5;489,11,-5;499,16,8;509,12,0;525,9,12;533,14,-3;549,5,1;555,3,2;559,9,9;565,3,-10;589,12,9;596,632,113;605,-628,-115;609,14,-1;955,329,72;964,-24,-6;977,35,6;980,-14,-16;990,5,14;999,14,4;1003,1,1;1012,7,1;1026,8,2;1034,5,2;1037,-3,-7;1046,21,4;1055,-13,-13;1056,8,16;1068,9,4;1082,19,-2;1100,15,4;1154,46,14;1160,8,-2;1176,4,-2;1178,16,9;1200,-39,-12;1287,114,14;1300,22,0;1882,-178,-22
avenida||dos expedicionarios|bela vista|36703180|103,-2152434,-4263514;107,-4,0;111,12,-3;115,-5,-3;125,14,-37;127,3,11;129,-2,31;131,2,-28;139,4,18;149,15,-8;155,5,-2;167,12,13;177,17,-7;189,42,31;199,-1,10;211,-17,-42;1095,739,137;1105,22,25;1111,2,1;1119,87,8;1131,-53,-3;1141,-3,-9;1145,15,-2;1165,4,4;1175,18,-14;1189,-1,19;1215,27,0;1219,6,3;1253,21,6;1265,16,0;1424,139,65
avenida||dos expedicionarios|jardim bela vista|36703000|137,-2151336,-4263320;1391,16,10;1443,36,15;1449,14,11;1461,21,14;1499,27,30
avenida||dos expedicionarios|sao cristovao|36702101|100,-2152441,-4263540;122,25,-1;128,9,6;140,19,-10;154,6,19;170,16,5;194,22,1;196,11,9;200,8,-12;208,23,4;212,-10,12;382,150,17;398,10,-1;400,16,13;404,10,-3;424,20,6;432,-18,-2;460,28,3;478,14,2;490,3,10;506,21,-3;520,2,30;528,1,-30;554,11,16;558,5,-8;570,19,-10;580,16,-4
avenida||dos expedicionarios|sao sebastiao|36702490|28,-2150699,-4262456;49,-390,-543;104,11,22;105,305,507;114,49,80;132,16,-71;144,-59,-11;158,-260,-395;188,-56,-124;192,432,568;193,11,3;368,35,40;407,-3,-19;423,-20,233;584,28,-226;1486,-22,224;1492,-614,-1069;1500,11,-3;1590,66,134;1620,15,17;1780,-61,-100;2476,445,701;2480,10,10
avenida||dos expedicionarios|tome nogueira|36702510|2720,-2150536,-4262356
avenida||dos expedicionarios|tome nogueira|36703180|9,-2150400,-4262276;64,118,72;78,-40,-25;210,-58,-37;220,12,6;224,76,48;238,24,18
avenida||funchal garcia|bela vista|36702098|123,-2151976,-4263376;137,35,6;141,3,2;159,18,3;161,52,10;167,10,3;173,3,0;175,10,-2;177,-134,-17;179,157,22;181,5,6;185,20,3;191,30,7;194,9,-5;201,8,8;207,31,2;211,5,-1;213,17,4;215,-21,-8;229,61,21;231,15,6;251,15,0;261,7,5;269,10,-1;271,9,0;301,12,8;311,-12,-5;333,-285,-62;485,-19,-1;493,15,2;509,14,5;517,27,4;533,20,2;575,25,5;583,15,3;589,10,4;699,215,44;705,1,6;711,3,5;721,-113,-33;725,9,7;755,24,1;811,84,30;871,2,1
avenida||funchal garcia|sao cristovao|36702098|7,-2151757,-4263322;10,-596,-112;16,-9,-12;20,-16,-4;35,51,9;36,-16,-6;40,152,37;41,-134,-67;42,1,53;49,5,-36;51,108,40;52,-116,-17;53,-41,-16;55,198,18;61,22,18;65,-220,-30;66,221,41;70,7,3;80,26,11;83,47,-4;85,-18,-2;86,-11,25;87,-3,-31;92,8,25;94,-5,-7;97,38,-11;100,-21,5;101,20,-24;102,-8,31;106,16,-12;107,-8,7;110,15,5;113,6,-7;114,7,1;116,-2,5;126,18,-1;127,1,3;129,-240,-37;130,262,42;133,-249,-47;140,262,43;142,5,13;144,18,2;146,30,6;148,8,3;150,17,-1;151,7,5;156,-165,-29;163,-143,-37;164,280,62;166,60,3;170,-374,-69;172,-26,-8;174,421,85;179,-173,-32;182,-199,-34;184,-60,-24;186,447,98;187,-438,-87;194,62,16;200,385,71;201,-364,-72;204,232,44;206,-238,-37;211,72,5;214,-67,-13;226,15,3;227,4,-5;232,1,6;234,413,109;236,-2,-30;239,-398,-79;240,401,83;265,-372,-71;269,-100,-27;274,515,109;280,32,-5;281,-431,-82;284,452,98;285,-556,-116;288,568,125;290,17,-5;300,25,0;308,-462,-89;310,490,97;314,-607,-118;341,40,4;349,109,20;360,-105,-12;376,49,14;390,503,122;420,-470,-101;434,73,-20;458,69,32;492,36,-3;496,4,-2;500,-4,-5;536,99,27;560,3,0;570,-64,-16;572,14,7;590,19,5;596,4,0;610,11,7;630,24,-1;662,24,8;702,133,30;712,-84,-28;726,31,8;740,17,2;860,89,38
avenida||getulio vargas|centro|36700216|12,-2153401,-4263783;14,-2,0;16,-11,-2;20,-7,12;39,-16,6;40,-8,-1;53,13,-10;61,-18,-5;75,-14,-4;82,18,-1;89,-25,-5;100,1,-10;101,-14,12;125,-15,-2;129,-12,1;131,0,-2;135,5,-13;137,-17,13;139,12,18;180,-39,-29;215,4,2;220,-23,-19;221,0,8;260,-44,-22;261,-5,-1;272,-18,7;275,-7,10;276,4,-17;285,-20,1;292,-7,-2;309,1,2;312,9,-10;329,-30,-14;333,-14,-11;342,41,21;345,-41,-20;364,-2,-10;372,-1,-8;376,7,-11;392,-18,-7;401,-16,-12
avenida||getulio vargas|fabrica|36700216|12,-2153807,-4264267;99,12,19
avenida||getulio vargas|fabrica|36700340|431,-2153737,-4263942;441,-6,-7;449,9,-9;450,-5,-7;459,4,11;468,-17,-17;473,-7,-1;479,-1,-5;487,1,-3;489,0,9;499,-16,-25;507,-1,-5;517,-8,-10;555,-6,-31;560,173,77;564,-175,-79;570,-5,-13;575,-22,-3;576,29,0;580,-12,1;586,0,-3;598,-2,-13;599,-22,3;608,21,-19;635,-21,-13;645,-12,-21;668,13,-18;678,-6,-14;685,-7,13;690,4,-27;730,-10,-14;734,36,23;739,-55,-46;740,10,18;742,-1,-18;743,-16,-18;752,19,9;759,-19,-25;762,13,9;778,-7,-9;779,2,-18;780,-3,15;788,2,-8;789,-19,-9;796,14,-1;805,-44,-4;820,14,-75;822,28,71;826,-8,-18;830,-27,-63;842,17,60;846,-3,-13;856,-19,-58
avenida||jehu pinto de faria|quinta residencia|36707114|75,-2154235,-4265412;76,-20,-35;110,31,445;844,-1,8;848,6,1;850,-19,-6;864,14,-12;874,-2,3;876,5,-7;878,26,-6;882,-35,-17;888,20,-8;898,-10,-13
avenida||jehu pinto de faria|quinta residencia|36707250|555,-2154255,-4264726;602,3,-82;633,-4,-22
avenida||jehu pinto de faria|sao luis|36707114|903,-2154254,-4265025;915,-5,-39;921,11,-28;935,1,-1;1055,-3,-173
avenida||jehu pinto de faria|vila miralda|36707114|50,-2153950,-4264398;86,-21,-2;100,-20,-6;120,-16,-8;128,-9,24;130,-30,-15
avenida||jehu pinto de faria|vila miralda|36707250|540,-2154234,-4264689;830,9,-277
avenida||jesus moreira de souza|jardim bela vista|36703198|29,-2150895,-4262668;95,-231,-436;139,19,33;163,-17,-26;164,7,9;166,-34,-34;169,57,75;203,94,169;215,-53,-103;268,17,41;297,-4,-14;333,32,60;343,2,4;411,43,59;1191,-109,-181
avenida||jose marazzi|alto da boa vista|36702140|573,-2151613,-4262862;581,-9,9;589,-2,1;593,-6,5;597,-3,1;601,1,1;615,-18,2;623,3,10
avenida||jose marazzi|alto da boa vista|36702142|229,-2151426,-4263058;269,40,-39;281,-8,9;339,-31,41;347,-12,4;355,-3,13;373,-16,6
avenida||jose marazzi|imperador|36702140|608,-2151645,-4262853
avenida||rafael gorrado|jardim bandeirantes|36705168|10,-2152594,-4265017;11,175,-64;18,84,-32;21,-83,31;31,-165,68;35,7,-2;36,8,6;39,3,-6;42,1,6;58,149,-64;64,-99,69;65,-25,-18;70,58,5;71,-55,-2;80,40,5;85,23,-36;94,11,21;100,262,-98;115,-295,109;131,2,10;141,27,-15;155,1,19;168,2,-27;181,7,8;187,-2,-2;197,0,4;205,-1,2;219,71,-24;269,18,14;270,-6,9;279,2,-30;282,-8,-1;284,9,5;285,-8,-39;291,-6,2;296,19,14;300,9,-10;310,3,-6;320,9,-5;326,-1,-1;350,8,-15;354,19,-27;396,32,1;466,63,4
avenida||rafael gorrado|jardim dos bandeirantes|36705168|301,-2152363,-4265078;309,-11,-19;311,9,11;315,19,-7;361,24,-40;363,-5,9;367,5,-14
avenida||sebastiao antunes fonseca|caicaras|36706216|116,-2154822,-4266570;230,404,724;270,16,24;330,-59,-69;656,-193,-320;660,6,7;680,-16,0;720,-65,-169;774,199,378;800,-200,-308;1200,-90,-228;1230,-7,-39;1360,-25,-200;1450,-7,-43
avenida||sebastiao antunes fonseca|jardim caicaras|36706216|1530,-2154887,-4266840;1600,-29,-43;1915,-83,-146;1950,10,33;1960,-31,-31;2000,-34,-51;2050,2,6
avenida||tancredo neves|cohab nova|36705044|48,-2153109,-4264660;62,2,-24;82,8,2;101,-74,-53;104,-16,-11;130,22,20;155,-16,12;158,9,-24;165,-23,19;170,-3,-2;175,-8,-3;195,-8,-4;205,-17,-8;215,-5,-9;225,-8,1;230,1,-5;235,-5,4;245,-13,-7;259,-4,-3;268,-20,-19;272,-9,6;273,14,20;278,-13,-23;287,1,3;298,-9,-2;303,-3,6;308,-8,-9
avenida||valdir delfim de andrade|jardim bela vista|36703190|25,-2151349,-4263345;51,22,-14;63,7,-8;75,12,19;76,15,-1;85,-14,-5;86,25,6;90,17,-2;114,16,0;117,-14,-8;126,36,8;136,0,0;153,-6,-7;160,36,4;165,-22,-7;172,28,4;184,17,-2;189,-26,6;196,36,-3;201,-28,-7;213,19,1;232,34,4;237,-21,-8;249,10,-1;261,8,-1;304,70,-13;316,8,-7;328,10,-6;334,12,-11;352,1,-1;388,21,-21;400,9,-12;413,-6,-5;425,5,-2;426,16,-11;437,-4,0;449,5,-11;458,10,4;475,8,-20;476,42,19;488,13,10;500,4,7;518,6,8;527,15,20;529,0,0;534,3,7;589,39,54;594,0,0;618,8,12;630,0,1;642,11,11;654,7,12;672,2,4;708,2,43;709,2,0;720,-7,5;744,-7,8;842,-40,107;868,-2,24;903,0,0;913,0,0;925,0,0;1038,-103,86;1045,48,0;1057,-3,2;1062,-73,1;1069,57,0;1077,-57,0;1084,-18,8;1093,56,-1;1096,-62,-4;1105,47,13;1108,-56,-11;1120,-14,3;1129,49,0;1135,-37,10;1177,-10,0
beco|santo|antonio|alto da ventania|36707184|20,-2153807,-4264670;22,5,-13;28,-2,-5;32,19,38;35,-7,-22;39,10,-20;48,-30,24;68,28,-23;115,7,23;116,-2,-3;241,-17,-28
beco|sao|pedro|centro|36705012|3,-2153288,-4264553;9,-4,1;11,20,16;12,-9,-9;21,-15,-19;22,3,7;25,67,66;28,-58,-51;29,16,16;36,10,0;48,1,26;60,3,0;68,-3,-6;133,13,15
beco|sao|pedro|quinta residencia|36707140|13,-2153633,-4264990;15,-19,7;29,0,-18;35,-6,0;44,-8,-8;45,2,1;53,-5,-4;58,-1,-6;65,-19,20;67,11,-15;69,-9,2;72,-9,-12;77,-12,-4;85,-9,1;96,10,-5;101,-39,10;104,24,-7;111,-3,0;120,-16,-3;123,7,9;130,-16,-7;131,16,-7;155,-26,12;162,-8,0;165,-14,-1;168,8,1;197,-31,13;199,3,4;200,41,20;219,-57,-21;244,-12,3
beco||1 lima|pinguda|36707350|677,-2154255,-4263380
beco||1|alto do cemiterio|36705178|539,-2152082,-4265051
beco||2 montan|pinguda|36707350|473,-2154253,-4263406;667,1,-24
beco||267|centro|36700156|8,-2153251,-4264411;9,6,-9;15,2,-6;16,-4,8;20,1,-9;21,9,1;26,-5,-5;27,8,-3;32,-7,-5
beco||335|centro|36705015|17,-2153196,-4264466;23,-2,-9;25,0,-2;36,-1,-4;37,2,0;39,-1,-2;47,0,-10
beco||3|alto do cemiterio|36705142|326,-2152254,-4264995;345,28,-18;371,-24,37
beco||69|quinta residencia|36707106|68,-2153826,-4265213;69,-2,21;70,7,-21;72,-7,4
beco||990|quinta residencia|36707116|3,-2154146,-4265346;4,0,-10;5,-2,-3;6,16,-3;33,-29,1;40,0,5;55,-8,10;56,25,2;990,-17,-1
beco||aguida batista afonso|quinta residencia|36707132|64,-2154122,-4265084;116,-102,99;123,135,-117;129,4,-4;147,-32,33;155,42,-27;159,-46,22;170,-22,-13;832,-56,112;844,-6,-8
beco||alfredo martins|quinta residencia|36707138|6,-2153776,-4265096;7,8,-4;8,-4,3;13,-4,5;14,-4,4;21,-5,2;29,-10,11;30,4,-5;49,23,-21;55,-50,29;101,-5,12;111,-5,4
beco||ananias|fatima|36700354|1,-2153776,-4263984;489,5,-3
beco||dario mateus de oliveira|fabrica|36700324|5,-2153680,-4264316;11,-10,11;15,5,-1;58,5,-4
beco||decio da silva coutinho|rosario|36704116|26,-2152649,-4264621;27,-10,-14;30,-8,-6;117,8,29
beco||do matadouro|jardim bandeirantes|36705182|285,-2152414,-4265127;289,8,4
beco||do sereno|quinta residencia|36707106|47,-2154013,-4265256;105,3,4
beco||dos machados|alto da ventania|36700266|16,-2153852,-4264533;18,3,14;22,8,-5;26,-4,4;28,-8,11;32,-1,2;36,-1,6;37,10,1;44,-8,1;48,-5,5;54,-4,5
beco||emilia pacheco|quinta residencia|36707130|220,-2154185,-4265087;225,-17,-27;226,-1,0;227,-2,-7
beco||francisco queiroba|pinguda|36707354|3,-2154361,-4263487;19,-14,-31;50,37,-1;87,-58,20;161,62,-24;163,-92,-95;210,94,70;370,-64,-56;372,-43,1;550,76,46
beco||irineu montes|quinta residencia|36707106|9,-2153694,-4265256;19,4,15;50,-57,21;51,47,2;75,-2,19;79,13,9;83,-12,-6;415,-8,-10;417,10,-32;427,1,-11;437,-35,33;500,32,-9;3310,-1,-4;3325,4,1
beco||jose silverio da silva|cohab velha|36704049|12,-2152745,-4263833;25,-3,-5;26,-1,12;35,17,-14;37,-18,13;40,-3,9
beco||mariana marinho cortes|rosario|36704112|5,-2152689,-4264562;13,-4,4;17,-9,-15;21,-10,-9;27,-1,-2;30,7,-1;33,9,15;36,-7,-8;39,35,27;46,-40,-32
beco||numero 399|quinta residencia|36707106|397,-2153672,-4265249;399,4,20
beco||piacatuba|quinta residencia|36707106|167,-2153963,-4265256
beco||rafael gorrado|jardim bandeirantes|36705168|289,-2152427,-4265133
beco||rosa neder|vila esteves|36704061|30,-2152882,-4264248;40,416,-36;42,-57,22;48,-352,10;56,7,-4;60,5,2
beco||rua lindolfo pinheiro|rosario|36704122|19,-2152572,-4264470;22,2,-1;25,5,7;30,-5,-3;37,2,-1;40,-14,3;41,13,8;50,8,-1
beco||sem denominacao 10|pinguda|36707350|570,-2154383,-4263465;574,-11,-9
beco||sem denominacao 12|fabrica|36700278|172,-2153733,-4264326;178,5,-2;188,-2,2
beco||sem denominacao 1|centro|36700152|3,-2153425,-4264383;7,1,10;17,7,5;21,-11,-9;26,8,8
beco||sem denominacao 1|centro|36700200|29,-2153391,-4264152;170,5,-8;178,-29,6
beco||sem denominacao 23|quinta residencia|36707106|6110,-2153574,-4265201;6111,8,2
beco||sem denominacao 24|quinta residencia|36707106|331,-2153616,-4265228;339,0,-5
beco||sem denominacao 26|quinta residencia|36707106|355,-2153640,-4265241
beco||sem denominacao 2|quinta residencia|36707106|57,-2153800,-4265215;59,3,0;569,0,1;599,-2,1;3058,-20,-22
beco||sem denominacao 32|sao cristovao|36702047|11,-2152038,-4263253;21,8,-11;67,-5,14;142,-7,0
beco||sem denominacao 3|quinta residencia|36707106|38,-2153773,-4265229;53,0,0;511,-2,-6;512,6,8
beco||sem denominacao 8|fabrica|36700316|180,-2153535,-4263848
beco||sem denominacao|alto cemiterio|36705196|21,-2151868,-4265151;165,12,-19
beco||sem denominacao|sao sebastiao|36702492|135,-2150830,-4262354;169,-5,-1;173,11,7;267,59,-12
beco||sem denominacao|tome nogueira|36700001|71,-2157884,-4273942;135,7,0
beco||tobias da costa|jardim bandeirantes|36707899|27,-2152335,-4265066;32,-11,14;45,22,7;49,11,4;55,-3,7;81,-21,-16;85,-3,-7;89,-3,-9;304,20,26;306,-11,-20
beco||zinho moraes|vila miralda|36707244|2,-2154051,-4264539;10,-14,-28;20,10,-1;30,-7,17;36,-6,11;40,12,23;50,22,-14;51,-38,-59;64,29,67;68,-5,6;78,3,0;86,-6,8;93,-7,12;94,27,30;98,-14,-20;101,-6,-5;102,-4,-12;106,5,26;116,93,-64
beira||do rio|tome nogueira|36700001|1,-2155914,-4280036
caminho||leopoldina a vista alegra|sao sebastiao|36700001|2222,-2150808,-4263690
campo||de futebol|tome nogueira|36700001|7,-2157903,-4273833
chacara|santa|emelio|fortaleza|36700001|90096,-2152238,-4260406
chacara||cantinho da pedra|tres cruzes|36700001|452,-2153712,-4261024
chacara||do desengano|centro|36700001|333,-2153462,-4263485
chacara||dos bella|alto da ventania|36705003|10,-2153601,-4264714;678,-14,28;690,29,10;712,-15,-41
chacara||enseada da mata|ribeirao feijao cru|36700001|870,-2148211,-4267351;1000,97,-271;1030,35,13
chacara||sem denominacao 6|tres cruzes|36700001|469,-2153786,-4261014
chacara||sem denominacao 7|tres cruzes|36700001|468,-2153704,-4261034
chacara||sem denominacao|tres cruzes|36700001|471,-2153579,-4261213
condominio|santo|andre|centro|36700200|273,-2153510,-4264231
condominio||betinho cunha|tres cruzes|36700001|48,-2152681,-4262993;62,14,12;75,2,4;80,3,7;95,-2,-9;115,36,38;118,-22,5;147,42,18;152,-13,-3;168,11,15;182,7,5;192,9,22;202,11,4
entrada||sem denominacao 4|quinta residencia|36707114|115,-2154033,-4264382
escadaria||1|seminario|36705104|1,-2152923,-4264550;3,-9,9;4,17,-1;5,-13,4
escadaria||2|vila esteves|36704079|123,-2152709,-4264168;327,-3,-6
escadaria||3|vila miralda|36707899|25,-2153859,-4264436;249,11,-36;1117,-18,-72
escadaria||abilio jeronimo|alto do cemiterio|36705146|8,-2152177,-4265013;16,0,-7;22,-3,-10;40,-3,-9;41,-14,6;45,10,-13;50,-5,-6;416,-16,-11;418,2,13;420,14,-3
escadaria||agripina eduarda clementino silva|vila miralda|36707229|87,-2154019,-4264551
escadaria||antero fernandes|alto do cemiterio|36705148|19,-2152134,-4265036;21,11,-6;22,0,-12;23,-9,12;29,-1,-8;30,10,-5;31,-6,-6;84,-5,2;515,17,27
escadaria||ronaldo melao machado|jardim bandeirantes|36707899|6,-2152450,-4264871;7,3,3
escadaria||ronaldo melao machado|jardim dos bandeirantes|36707899|6,-2152435,-4264856
escadaria||sem denominacao|alto do cemiterio|36705194|307,-2152009,-4265085
escadaria||sem denominacao|quinta residencia|36707140|48,-2153844,-4265002;244,-1,12;250,-1,20
escadaria||vanor nogueira|jardim bandeirantes|36707899|225,-2152357,-4264948;348,5,-7;364,-16,-14
escada||2|pinguda|36707350|618,-2154306,-4263428
escada||3|pinguda|36707350|19,-2154290,-4263410;38,21,-38;40,645,-508;41,0,0;647,-665,536
escada||5|fabrica|36700260|38,-2153691,-4264622;41,-1,20;176,6,-3
escada||7|vila miralda|36707899|71,-2153962,-4264539
escada||8|vila miralda|36707899|1185,-2153866,-4264565;1187,-3,-6
escada||ambrosia barbosa de oliveira|pirineus|36704018|40,-2152891,-4263756;60,11,8
escada||sem denominacao 10|pirineus|36704006|39,-2152800,-4263759;41,-5,-14;47,19,14;51,4,0
escada||sem denominacao|pirineus|36704006|43,-2152800,-4263747;44,6,-5;45,14,1;62,-4,3
estrada|sao|martinho|agrovila horacio belfort|36700001|8,-2164386,-4257325
estrada||br 116 sentido laranjal|fortaleza|36700001|755,-2148051,-4257527
estrada||br 116|corrego do moinho|36700001|24,-2150178,-4259888
estrada||br 120|limoeiro|36700001|1,-2151840,-4266166;2,74,-77;3,70,-10;4,13,-7;5,867,-470;6,497,-11;10,1854,-1273;11,140,-13;12,-90,8;13,130,-14;14,-46,4;15,-164,-456;16,292,77;17,93,23;18,307,-439;19,-18,-10;21,-494,-205;22,-328,351;25,-126,-83;26,-199,-177;32,-1321,1832;33,400,41;34,1,3;35,10,-5;36,414,95;37,203,-34;38,-147,13;40,1181,-545;41,-2247,503;42,1091,-213;44,1225,-161;45,-1130,-32;46,666,-268;47,369,135;48,-61,-80;49,6,10;50,495,-361;53,222,-119;54,2225,-571;55,0,0;57,41,68;60,-2013,458;64,-1142,434;65,1976,-626;66,-101,-29;67,0,0;71,-750,217;72,219,105;89,-3237,1344
estrada||cataguases sentido usina mauricio|boa esperanca|36707899|2,-2143678,-4280511;4,-1224,552
estrada||da fazenda do bene guedes|sao sebastiao|36700001|95,-2149811,-4261696
estrada||da fazenda do bene guedes|tres cruzes|36700001|8,-2151024,-4261756;20,191,-756;36,-88,478;44,64,-255;56,-81,423;64,-80,25;66,-63,103;68,9,-85;72,-13,-7;75,25,110;76,59,-132;79,30,-11;130,-33,78;545,142,-770
estrada||da graminha|graminha|36700080|95,-2148630,-4286347
estrada||de chao de tebas|tome nogueira|36700001|1,-2155938,-4274471
estrada||de providencia|corrego cruzeiro|36700001|6,-2157674,-4262815;8,-901,-308
estrada||depois de tebas|tome nogueira|36700001|2,-2156339,-4274766
estrada||do clube brasilia|fortaleza|36700001|365,-2152822,-4261089;610,-172,217;930,217,743
estrada||do clube brasilia|tres cruzes|36700001|18,-2152898,-4261029
estrada||do triunfo|fazenda providencia|36700012|4,-2161854,-4262377
estrada||fortaleza|tres cruzes|36700001|190,-2151343,-4261497;195,-21,-18;270,82,-217;300,-70,17;390,90,-23;827,-536,192
estrada||leopoldina a abaiba|ribeirao sao lourenco|36700001|5,-2155824,-4260240;6,-553,449;9,-1503,1808
estrada||leopoldina a arraial dos monte|ribeirao sao lourenco|36700001|420,-2157513,-4259856;437,1359,-173
estrada||leopoldina a cataguases|ribeirao feijao cru|36700001|5,-2148665,-4267856;6,250,-163
estrada||leopoldina a piacatuba|lajinha|36707899|5,-2146046,-4275377
estrada||leopoldina a piacatuba|vargem linda|36707899|5,-2145735,-4275150
estrada||leopoldina a vista alegre|sao sebastiao|36700001|1,-2146447,-4260537
estrada||leopoldina estrada velha de ca|corrego santa cruz|36700001|4,-2145066,-4263973
estrada||mg 120|aurora|36705192|7,-2146940,-4269318;8,-1158,-494
estrada||mg 120|ribeirao do banco|36700001|6,-2147813,-4268015;7,896,43
estrada||mg 120|vargem linda|36707899|5,-2144505,-4275575
estrada||palmeiras|fortaleza|36700001|753,-2147753,-4255504;4020,-1550,128;3968100,919,-704;3968130,-125,-214;3968420,302,1074
estrada||para aabb|tres cruzes|36700001|5,-2150409,-4260919;10,2,-4
estrada||para fazenda espelho dagua|socorro|36707899|4,-2166004,-4268807
estrada||para leopoldina|abaiba|36700001|12,-2159333,-4250039;20,12,7;33,8,8;40,1,-2;50,6,15
estrada||para leopoldina|agrovila geraldo grupp|36700001|11,-2159332,-4250010;21,5,13;31,-7,-10;41,-4,-8;51,-4,-9
estrada||para leopoldina|piacatuba|36708000|1,-2148377,-4278288;12,15,7
estrada||para recreio|abaiba|36700001|4,-2158829,-4249559;49,-84,-163;110,68,137;120,-133,-240;150,-74,-67
estrada||para recreio|ribeiro junqueira|36708600|318,-2144900,-4251234
estrada||para sitio ceilao|socorro|36707899|3,-2159709,-4268981
estrada||para usina mauricio itamaraty|boa esperanca|36707899|1,-2142616,-4279951;2,-941,-593;4,-2314,-212
estrada||para usina mauricio itamaraty|piacatuba|36707899|8,-2147441,-4282146;9,24,-344;10,-295,-369;11,-422,117;12,-200,-402;14,-624,-775
estrada||para vista alegre|ribeirao jacareacanga|36700001|20,-2145118,-4258517
estrada||para vista alegre|vista alegre|36700001|42,-2145194,-4258719;80,1,-7;110,-8,0;125,2,0;130,-5,-8
estrada||piacatuba para usina mauricio|boa esperanca|36707899|3,-2144631,-4280382
estrada||piacatuba para usina mauricio|piacatuba|36707899|13,-2148812,-4284363;14,-377,118
estrada||piacatuba para via estiva|serra verde|36700001|1,-2150303,-4267973;2,0,0;3,375,-604;5,0,0;7,-180,-381;8,149,-213;10,386,-299;11,45,83;12,26,103;13,37,-205;15,13,-20;16,0,0;17,29,-13;18,43,52;19,1,-12;20,-1,12;23,-164,-11;24,164,11;25,-2,-67
estrada||pousada pato rouco|fortaleza|36700001|2,-2151563,-4259972
estrada||projetada proximo do tome nogueira|tres cruzes|36700001|64,-2150261,-4262193;238,0,0
estrada||que sai na carlel|corrego taquari|36700001|1355,-2154626,-4267034
estrada||sem denominacao|abaiba|36700001|51,-2159068,-4249934;69,11,-12;150,-40,-14
estrada||sem denominacao|jardim bela vista|36703000|268,-2150889,-4262592
estrada||sem denominacao|jardim bela vista|36703184|11,-2151094,-4263552;21,76,22
estrada||sem denominacao|sao sebastiao|36703000|545,-2150908,-4262547
estrada||velha para cataguases|vista alegre|36700001|1,-2144126,-4265796;2,0,0;3,0,0;4,287,-473;5,-95,227;6,0,0;10,-1976,756;11,-10,-8;12,0,0;13,-2922,-9;14,82,-20;15,28,-1;16,487,-294;17,50,-14;19,4375,-1001;20,-44,-186;21,10,1;22,-2682,971;23,0,0;24,106,315
fazenda|santa|vruz|tome nogueira|36700001|1,-2154638,-4271066
fazenda||cruzeiro|corrego cruzeiro|36700001|5,-2157849,-4262525
fazenda||floresta|corrego cruzeiro|36700001|6,-2157881,-4263013
fazenda||nyagara|abaiba|36707899|15,-2158834,-4252268
fazenda||vargem alegre|vargem linda|36707899|3,-2148081,-4270738
ladeira||antonio novato de moraes|seminario|36705108|6,-2152915,-4264747;8,-5,1;30,-10,3;35,6,9;40,-2,0;45,-6,6;50,-4,2;55,-5,3
ladeira||riachuelo|alto cemiterio|36705136|93,-2152586,-4264724;113,-3,-18;117,3,-4;129,-2,-10;147,16,-18
ladeira||riachuelo|rosario|36705136|34,-2152584,-4264669;44,15,-8;46,-2,-12;58,-35,20;60,32,-22;70,-15,-11;76,7,-10;82,-8,-12;94,-3,-4;108,1,-10
loteamento||jose nelson reis junqueira|bela vista|36703100|16,-2151492,-4263759;26,3,-1;36,13,11;46,5,2;56,7,6;66,9,9
loteamento||jose nelson reis junqueira|nova leopoldina|36700001|12,-2151752,-4263836;22,1,3;32,6,-2;46,12,5;60,14,4;70,11,6;80,7,2;90,10,1;100,9,4;110,6,-2;120,12,7;130,6,5;140,7,0;150,11,3;160,12,4;176,10,3;186,12,3;196,6,0;206,6,2;216,13,0;226,7,0;236,11,-2;246,13,-2;258,8,2;272,9,4;282,11,12;292,6,-2
lugarejo||samambaia|boa sorte|36708800|1,-2151982,-4272830
lugarejo||samambaia|tome nogueira|36700001|1,-2152514,-4272764
praca|coronel|marco aurelio monteiro de barros|providencia|36700001|1,-2166376,-4259655;2,89,-13;5,25,9;11,-116,3;16,97,-9;19,-64,-4;22,14,15;30,60,-5;33,-96,16;40,38,-20;50,15,-6;61,3,-9;600,1,10
praca|dom|helvecio|centro|36700128|25,-2153206,-4264272;51,-18,11;75,-17,10;82,-159,-51
praca|general|ozorio|centro|36700076|21,-2153258,-4263939;35,22,-18;39,-4,9;41,-13,6;43,10,-14;133,8,20
praca|padre|andre bleecker|fatima|36700364|100,-2153775,-4263766
praca|pio|xii|centro|36700136|11,-2153108,-4264336;17,-12,3;43,-18,13;51,-9,-9;61,9,0;71,-14,20;81,-8,8
praca|professor|angelo|centro|36700196|7,-2153442,-4264352;26,-23,102;46,45,-13;64,-6,-7;70,5,-25;102,-6,-29;105,-48,-14;110,50,9;112,-2,-12;119,-26,-3;131,6,-5;149,7,-5
praca|professor|botelho reis|centro|36704104|102,-2152946,-4264425
praca|professor|botelho reis|rosario|36704104|10,-2152950,-4264397;20,7,-1;22,-2,-1;28,7,-8;56,22,-10;60,10,2;70,9,1;80,34,-34;92,-40,19
praca|professor|carlos franco|providencia|36700001|6,-2166397,-4259655;8,-12,-2;9,15,8;10,6,11;40,-40,-28;56,-6,5;62,-9,-3;72,-11,0;81,-37,42;82,36,-1;86,-41,1;90,39,-44;100,-17,5;110,-10,4
praca|santa|cruz|piacatuba|36708000|7,-2148656,-4278800;11,12,6;19,2,29;37,17,20;55,-5,13
praca|sao|jose|alto cemiterio|36705138|159,-2152562,-4264788;161,10,-8;165,-4,-4;177,8,1;191,2,-10;201,5,0
praca|sao|jose|alto do cemiterio|36705138|4,-2152531,-4264816;6,7,-1;8,3,-1;12,5,-1
praca|senador|botelho|centro|36700036|56,-2153171,-4263664;60,-24,0;71,33,19;78,-37,-14;83,36,20;84,-43,-24;88,-9,12;90,-6,-2;97,58,31;100,-60,-18;110,1,-1;113,55,24;115,-4,3;120,-57,-10;128,3,10;129,50,6;139,-11,3;151,-6,7;153,-10,6;157,-6,9
praca||alipio de assumpcao|cohab velha|36707899|3,-2152819,-4263830;7,0,6;19,9,8
praca||alipio de assumpcao|pirineus|36704014|9,-2152818,-4263816;24,-13,14;26,0,0;28,3,-1;30,20,-2
praca||anderson alexandre coelho|popular|36706016|7,-2152792,-4265775
praca||aristides badaro|fabrica|36700308|140,-2153647,-4264219;152,-2,9;154,-5,4;156,2,10;190,7,-5
praca||do rosario|rosario|36704108|5,-2152716,-4264503;11,4,-37;17,-73,101;19,-7,-3;23,2,-3;63,23,-16;71,0,-10;83,4,-13;101,127,-119;107,-87,94;109,0,0;117,-2,-9;131,7,8;135,5,-5;147,13,0
praca||felix martins|centro|36700108|4,-2153402,-4263864;11,-13,-98;13,12,76;27,-13,-29;39,-13,9;47,11,-16;65,-5,-28;93,12,-14
praca||feliz jose|ribeiro junqueira|36708600|13,-2145275,-4251518;165,-48,-36
praca||francisco pinheiro lacerda|centro|36700212|9,-2153371,-4263790;11,15,17;70,-26,-4
praca||gama cerqueira|centro|36704102|41,-2152938,-4264282
praca||gama cerqueira|rosario|36704102|6,-2152943,-4264301;9,-12,0;11,-2,35;20,6,23;22,0,-14;24,-3,3;26,2,-5;30,3,-3
praca||joao bella|alto da ventania|36705006|34,-2153647,-4264714;201,-18,6
praca||joao xxiii|centro|36700072|15,-2153236,-4263926;74,-24,112;90,75,-42;93,-57,10;104,55,-14;126,-25,10;132,-15,0;138,13,-10;141,-4,-4;150,1,5
praca||joaquim barbosa de miranda|tome nogueira|36700001|22,-2157953,-4273974;28,0,15;36,1,0;46,6,8;59,15,65;66,-36,-41;95,57,31;115,6,-18;131,-16,-8;135,3,-12
praca||mario malaquias|pirineus|36704024|5,-2152929,-4264010;11,-8,-2;21,-8,-8;23,0,5;27,-3,15;40,-9,-20;46,34,-17;195,-43,24
praca||matriz|arraial dos montes|36708100|1948,-2156735,-4258903
praca||rosario|centro|36704108|8,-2152794,-4264429;28,17,-10;32,7,-2;38,2,-17;42,5,0;58,12,6;70,10,0;76,4,-6;86,-1,-19;90,14,15;98,2,-7;100,10,2;106,-5,-1;110,8,-10;120,6,-8
praca||rosario|rosario|36704108|148,-2152693,-4264502;152,-231,84;156,222,-82;160,4,-6;176,-16,-13
praca||waldemar castro lacerda|pedro brito|36707067|10,-2153700,-4265419;18,-4,-23;95,1,-6
praca||zequinha reis|fabrica|36700274|10,-2153702,-4264389;12,-5,-3;37,-14,32;41,5,6;49,-12,-1;51,4,1;61,-8,-3;106,-30,-19;117,-2,12;127,5,-2;195,1,18
praca||zequinha reis|praca zequinha reis|36707899|30,-2153726,-4264399;38,-2,-1;42,-12,3;46,8,-2;52,-10,21;54,25,-5;58,-14,-6;70,-23,-1
rodovia||br 116 leopoldina a paraiba km|leopoldina|36700001|774,-2157067,-4267487
rodovia||br 116 leopoldina a paraiba km|mirante leopoldina|36700001|774,-2157062,-4267561
rodovia||br 116 sitio boa esperanca|recanto dos sonhos|36700001|755,-2148687,-4257740;775,0,0
rodovia||br 116|fazenda puris|36700001|771,-2155738,-4267364;774,871,1418
rodovia||br 116|fortaleza|36700001|755,-2153344,-4262460;761,1552,1000;764,1426,1165;765,-325,-239
rodovia||br 116|fortaleza|36700610|119,-2150579,-4260978;120,-9,17;191,-24,-7;765,-9,-8
rodovia||br 116|mirante leopoldina|36700001|771,-2155732,-4267372;774,-641,293;776,1177,25
rodovia||br 116|popular|36706001|2,-2152670,-4265333;9,-32,-14;171,-208,-117;371,0,1
rodovia||br 116|sao luis|36707080|126,-2154279,-4265488;776,-783,-1530
rodovia||br 116|socorro|36700001|783,-2163762,-4269803;784,90,86;786,-423,-2160;794,-289,2693;796,3471,-3221;798,-4548,-36
rodovia||br 116|tres cruzes|36700001|60,-2152677,-4262526
rodovia||br 116|tres cruzes|36700480|765,-2152624,-4262000;1000,584,365;8231,429,275
rodovia||br 116|tres cruzes|36700610|185,-2152917,-4262280
rodovia||br 120|mato dentro|36705192|9,-2145140,-4271580
rodovia||br 267 lado esquerdo|leopoldina|36700001|10,-2157593,-4270871
rodovia||leopoldina piacatuba|aurora|36707899|1,-2146097,-4269823;2,-912,-1226
rodovia||leopoldina piacatuba|condominio santo antonio|36700012|52,-2147003,-4271438
rodovia||leopoldina piacatuba|condominio santo antonio|36700970|5,-2146682,-4271524
rodovia||leopoldina piacatuba|piacatuba|36707899|11,-2148115,-4278267
rodovia||leopoldina piacatuba|vargem linda|36707899|3,-2147698,-4271592;4,755,-1267;5,1578,-2438;7,-1567,-154;8,-263,-2262;11,-847,-675
rodovia||mg 120|aurora|36705192|1,-2146025,-4269743;9,909,-180;10,82,-909;11,644,-459;12,541,-391;13,87,1390;14,281,-2219;15,-597,-2743;120,-3536,5561;1209,-58,-251
rodovia||mg 120|aurora|36707899|2,-2146954,-4270655
rodovia||mg 120|mato dentro|36705192|9,-2144962,-4271829;14,1374,-2195;15,44,701
rodovia||mg 120|vargem linda|36705192|15,-2144409,-4276022
rodovia||mg 120|vargem linda|36707899|15,-2144305,-4275778
rodovia||piacatuba|aurora|36707899|1,-2145965,-4269587;2,-977,-1052;5,2617,-4870
rodovia||piacatuba|lajinha|36707899|4,-2146982,-4272911;5,1284,-2123;6,-1253,465;7,19,-873
rodovia||piacatuba|mato dentro|36707899|5,-2146119,-4273237
rodovia||piacatuba|piacatuba|36707899|7,-2146648,-4275890;9,184,-1397;10,-494,-75;11,-1114,-906
rodovia||piacatuba|vargem linda|36707899|2,-2147374,-4271418;3,-479,-532;4,766,-822;5,1645,-1825
rua|barao|de cotegipe|centro|36700084|7,-2153166,-4264158;10,-58,190;12,62,-193;19,-62,184;20,13,-1;29,-10,-21;30,-8,8;31,19,-9;46,9,-17;49,-9,15;52,25,-30;55,-17,23;57,-1,-5;61,0,2;65,5,-16;68,-19,45;69,20,-47;71,-20,18;73,-30,36;75,52,-58;78,-6,3;79,10,-6;82,-2,-5;84,1,8;85,3,-3;86,28,-2;87,-55,7;91,26,-6;92,-2,-5;95,-1,-1;96,-3,-3;101,-3,-11;113,11,-2;114,-9,5;115,18,-14;119,0,-3;121,-5,-5;129,-2,-2;131,10,2;133,1,-11;137,9,20;139,-8,-27;147,2,-5;148,3,6;149,1,-7;152,0,4;153,-8,2;154,10,-7;155,-7,-8;156,4,7;157,1,-1;158,-10,-16;161,8,17;164,4,-5;165,-4,-9;172,7,1;177,-2,-10;179,2,0;180,10,2;183,-8,-5;186,18,1;189,-12,-7;195,-7,2;197,9,-15;204,7,5;209,-7,-7;210,6,-4;217,7,2;219,-6,-9;225,0,-8;230,11,0;237,-9,-9;244,14,-1;246,1,-6;247,-10,-6;248,21,15;256,-8,-19;259,-9,-15;263,-2,0;264,13,3;272,-1,-3;274,2,1;277,1,-5;279,4,-6;281,0,0;282,-17,1;283,18,-1;285,4,8;291,-1,-6;293,6,1;295,1,-2;297,-5,-5;299,1,-3;301,0,-8;303,9,6;307,-10,-14;312,11,-11;313,-15,10;320,15,-4;321,14,52;322,-15,-62;325,15,63;327,-13,-68;329,2,-3;330,5,7;335,-4,-7;337,1,-1;339,9,-8;340,-10,12;347,-7,-17;349,10,10;353,6,26;356,-3,-35;358,2,-5;362,1,-11;363,10,-14;368,-8,20;371,11,-11;380,-9,8;384,-5,5;395,11,-50;396,7,16;397,-9,15;401,5,-13;403,2,14;405,15,-15;409,-30,-29;410,17,16;411,1,13;415,2,-8;419,-9,-6;424,21,-9;435,-9,0;447,16,-12
rua|capitao|jose thome|tome nogueira|36700001|2,-2157530,-4273999;7,-222,27;10,18,-11;23,147,-11;50,-16,-2;58,-9,5;67,-8,7;86,-13,-5;96,-15,1;108,-13,2;126,-13,1;150,-8,5;162,-24,-5;180,-17,5;190,-7,-11;198,0,-19;199,-1,39;210,-18,-3;220,-14,5;229,4,-6;236,-11,-3;239,-1,8;251,-34,-9;260,14,-9;270,-9,5;280,-4,-5;299,-11,7;308,-5,-6;309,-15,7
rua|capitao|ricardo coutinho|jardim bandeirantes|36705174|10,-2152454,-4264884;35,21,-10;45,-3,-9;48,3,9;50,9,-9;55,9,3;60,-4,-2;63,7,5;73,3,-12;75,4,3;78,9,-15;99,13,-14;105,-11,-5;112,0,11;120,4,-4;300,-6,-9
rua|capitao|ricardo coutinho|jardim dos bandeirantes|36705174|1,-2152503,-4264876;2,35,2;5,-4,-4;6,8,2;7,-2,0
rua|coronel|joao lau|eldorado|36707014|10,-2153348,-4265281;12,8,16;14,129,280;16,-47,-101;18,-54,-129;22,51,118;26,-68,-140;60,5,6;65,0,-2;73,-1,3;76,191,284;82,-2,-5;89,44,69;90,-44,-71;98,4,7;99,-8,-3;120,-199,-308;124,5,27;128,-1,-18;155,45,90;180,1,17;188,-3,-15;192,-5,-13;195,23,55;203,-23,-60;204,22,62;214,9,4;228,13,21;233,-14,5;235,12,-8;243,16,18;246,-11,-4;274,5,11;6290,-29,-56
rua|coronel|joao lau|leopoldina|36707014|15,-2153088,-4264897
rua|coronel|marco aurelio|centro|36700120|4,-2153270,-4264003;6,0,-2;8,4,1;10,5,-1;14,5,-18;35,0,-9;44,9,-8;55,9,-11;58,-13,1;63,-2,0;68,5,-8;75,7,-21;78,-7,15;90,12,-16;104,8,-10;152,-2,-58;154,-1,-1;156,13,1;160,5,-1;179,2,15;181,1,-13;183,-4,-9;205,-4,-6;225,5,-15;240,22,-53;248,6,2;260,8,2;274,-4,-26
rua|coronel|olivier fajardo|centro|36700024|4,-2153112,-4263845;10,1,8;44,3,8;48,-7,4;50,7,18;54,1,-3;59,-3,9;64,0,6;65,-1,2;70,1,7;79,11,14;80,60,139;90,-66,-136;93,4,18;102,1,2;121,3,14;131,10,10;150,-17,35;157,15,-4;164,-14,16;172,3,7;174,-7,1;206,-1,18;214,-7,11;216,-1,12;228,3,2;246,2,10;248,5,5;255,-4,18;260,2,1;268,-13,8;270,-9,-1;280,25,8;292,-34,14;310,-3,11;314,8,10;324,-3,19;328,-2,1
rua|dom|aristides|vila esteves|36704058|13,-2152909,-4264225;15,6,20;17,-3,3;19,1,-2;31,11,5;33,-1,-10;43,10,3;51,3,2;52,-11,3;54,39,32;55,-21,-34;60,1,9;67,8,11;70,13,18;72,-13,-12;81,-4,-1;82,11,1;95,-7,15;98,13,2;100,19,21;103,-19,-15;126,15,12;130,10,5
rua|dom|gerardo ferreira reis|nova leopoldina|36703106|26,-2152077,-4263885;42,7,-9;67,11,-25;77,0,-6;85,10,-6;100,14,-5;128,21,-26;147,3,-13;162,19,2;165,-2,-5;166,-2,5;174,29,3;219,22,8;220,14,13;226,2,4;230,7,6;240,73,30;249,-81,-43;280,32,23;310,27,19;320,-81,-60;322,-12,-7;350,124,64;385,22,4;399,16,1
rua|doutor|antonio moura de oliveira guimaraes|fabrica|36700358|26,-2153728,-4263877;37,-19,10;38,-9,0;40,-2,7;50,-13,1;53,8,-5;59,-3,8;63,-3,3
rua|doutor|clovis junqueira bastos|fabrica|36707899|111,-2153527,-4264058
rua|doutor|clovis salgado gama|sao cristovao|36702047|6,-2152545,-4263283;8,74,13;9,-1,5;10,13,-9;11,19,3;12,-6,-10;13,8,11;14,182,0;15,-197,-8;17,44,15;21,31,0;23,2,-3;26,-22,-19;46,8,15;48,-2,30;50,34,-36;53,-6,11;54,-10,13;56,20,-16;60,70,6;66,-60,-8;70,79,10;71,-85,-12;77,67,20;80,17,-10;81,-27,-18;83,5,20;84,-47,1;90,87,3;91,-68,-8;97,-153,-5;98,-7,12;99,-26,-17;100,264,21;105,-25,-7;106,40,5;107,11,-9;109,-30,3;126,40,7;131,66,-9;133,6,11;136,-33,-19;137,52,12;139,-14,-8;146,-2,27;150,19,-1;156,34,-6;162,12,1;170,13,11;180,30,3;189,20,-19;193,25,12;194,-8,-8;196,1,-1;197,21,11;198,-1,-10;199,14,10;200,-443,-32;215,13,0;217,5,8;219,434,17;220,4,14;231,12,-12;239,19,2;240,-12,19;246,19,-29;247,47,14;249,-43,1;250,10,0;251,19,-6;259,30,6;260,-37,1;261,59,3;268,-27,1;274,-61,20;278,73,-22;280,-1,6;359,-426,-32;365,39,7;380,-21,-13;475,74,-8;733,128,25;737,3,4;753,12,5;777,20,-13;813,50,13;861,31,0;950,64,8
rua|doutor|custodio junqueira|centro|36700080|10,-2153303,-4263873;12,-89,115;15,103,-135;20,-21,30;26,1,3;32,-3,7;36,0,0;37,-4,4;38,0,5;40,-7,8;45,-3,-2;52,-37,89;55,27,-83;58,6,0;61,-11,9;64,12,8;65,-12,-5;66,3,0;70,-7,-3;74,-5,7;77,9,4;78,-13,6;80,18,-4;83,-8,1;84,6,4;88,23,-87;90,-38,92;99,-3,7;186,-58,61;199,-8,28;208,-4,-6;213,-2,10;229,-1,12;236,-18,-18;257,15,40;260,-18,-10;273,5,11;276,-3,-9;285,-10,32;292,-14,15;301,9,-12;302,-13,6;322,-6,6;332,-9,7;338,-3,22;364,-13,15;370,-6,-2;380,-9,11;400,-10,9;430,-14,34;442,-3,1;456,-11,26;462,1,0;470,0,16;484,-10,-1
rua|doutor|eneas lacerda franca|nova leopoldina|36703112|10,-2151968,-4263867;70,12,-29;79,-2,-31;80,5,25;90,0,-10;96,4,-16;100,-6,-1;192,0,-18
rua|doutor|francisco gama|centro|36700076|15,-2153211,-4263885;19,-1,-8;23,-2,9;33,12,-4;55,21,24
rua|doutor|francisco ubirajara|abaiba|36700001|31,-2158842,-4249608
rua|doutor|helio guimaraes franca|nova leopoldina|36703114|10,-2151921,-4263878;11,1,-3;21,2,-15;22,7,-1;32,6,-6;33,-7,-1
rua|doutor|joaquim dutra|piacatuba|36708000|25,-2148643,-4278706;27,2,-4;37,-33,8;47,-3,-4
rua|doutor|jose dos santos guimaraes|jardim bela vista|36703210|27,-2151023,-4262976;39,10,0;52,15,13;58,1,-5;64,11,-6;76,15,-6;111,30,-7;112,1,-1;123,9,-3;140,18,5;147,-2,-6;150,10,6;162,6,-3;186,21,0;210,25,-6
rua|doutor|jose gomes domingues|imperador|36702095|190,-2151578,-4263224;404,-150,-32;410,3,-2;414,12,-4;418,4,4;422,-2,0;430,9,-1;432,13,1;434,12,2;482,30,-2;502,14,12;504,10,-2;520,16,1;534,7,8;542,11,1;560,-80,-19
rua|doutor|jose gomes domingues|sao cristovao|36702071|11,-2152318,-4263384;16,6,23;47,-15,-8;49,18,18;51,-1,-22;53,19,-2;55,7,3;57,20,13;61,-16,-15;63,9,9;66,16,8;69,-2,-6;70,17,5;75,8,4;77,19,4;80,-13,-2;86,30,-1;90,0,24;91,15,-18;92,-1,19;96,39,-5;97,-25,-11;98,7,-2;99,0,10;100,51,11;101,-27,-1;102,-13,-28;106,44,24;107,7,-4;110,-3,7;114,8,3;117,-42,-15;118,2,5;123,48,10;127,25,6;129,-53,24;135,-3,-45;149,39,21;153,3,-9;176,-6,1
rua|doutor|jose gomes domingues|sao cristovao|36702095|122,-2152112,-4263252;128,92,-71;130,-11,13;134,9,0;137,-10,-7;140,25,1;141,-5,3;145,4,2;146,16,9;147,-14,-19;151,15,9;152,0,12;157,0,-12;158,13,14;161,-6,-10;165,13,0;166,1,14;169,16,-6;170,6,10;177,5,-3;178,8,-1;186,12,0;187,-19,-5;188,27,0;189,-17,11;190,9,-13;191,-9,17;195,18,-7;196,-9,-7;200,10,8;201,7,0;205,1,-1;207,8,5;208,14,1;209,-16,-7;213,22,2;217,9,3;223,-8,-2;227,19,8;237,9,-8;241,-33,-1;261,24,6;269,17,5;303,18,-4;305,8,12;310,-31,-5;322,6,-1;327,29,4;335,16,3;338,-28,-5;339,30,-5;344,-19,8;345,23,0;347,21,-4;349,4,5;350,8,0;354,-47,5;365,59,-16;389,3,8;395,8,9;401,6,4;417,20,-9;427,9,1;435,10,5;447,21,2;451,-15,0;455,15,-3;463,12,4;467,3,1;471,6,1;503,15,8;505,9,4;507,7,1;519,13,2;527,6,8;545,12,-3;561,12,-6;591,11,-5;868,6,-17
rua|doutor|jose paulo lupatine|nova leopoldina|36707899|11,-2151814,-4263863;12,6,7;23,-1,-22;26,-1,15;30,0,-9;35,0,-12;36,4,8;48,4,-18;54,1,-7;57,-11,5
rua|doutor|ormeu junqueira botelho|rosario|36704124|21,-2152565,-4264614;40,-18,61;43,-8,-19;75,6,26;101,27,-54;103,-30,21;119,13,-13;120,31,-3;123,-22,-13;140,-5,-9;150,-1,-8;158,-3,4;164,1,-1;180,1,17;186,-5,-40
rua|doutor|oswaldo vieira|centro|36700148|3,-2153412,-4264302;57,42,-16;75,8,3;95,12,-11;109,18,-8;123,5,0;135,15,0;143,7,-6;159,11,2;175,16,0;187,0,0;197,21,1;217,8,2
rua|doutor|pedro arantes|vila esteves|36704073|34,-2152752,-4264077;46,12,10;58,3,13;85,0,28;99,-20,-13;100,7,35;114,5,29;120,-4,5;125,-1,-25
rua|doutor|pompilio guimaraes|fabrica|36700332|9,-2153663,-4264194;19,-111,209;29,31,-25;37,13,-9;47,-1,-9;57,15,-5;59,-5,0;63,2,-2;71,1,-9;99,14,-20;101,4,-1;103,-2,-13;105,-2,-4;113,7,-5;117,1,-5;127,8,-4;131,-1,-10;143,-3,-11;145,12,4;155,-6,-10;159,3,-7;173,0,-6;183,19,0;185,-4,-14;197,-3,-11;199,9,7;211,1,-15;213,4,-1;215,0,-8
rua|duque|de caxias|tres cruzes|36700512|7,-2152678,-4262129;8,13,16;16,1,-26;25,2,-4;26,-6,8;34,5,-11;37,-3,-11;44,-6,-8;51,23,7;58,-2,-16;59,1,3;68,10,-7;69,-7,-1;79,4,-5;90,16,-19;99,10,-10;101,-4,14;104,-11,-3;114,3,-6;126,-4,-8;129,-2,8
rua|farmaceutico|durval bastos|fatima|36700376|261,-2153587,-4263791;581,-26,-14;586,-14,15;588,-16,0;591,13,7;603,-4,12;606,20,-52;617,-21,61;620,9,-28;631,-10,54;636,1,-18;665,-15,28;668,-3,-5;669,9,32;678,-23,-17;682,-5,9;687,-2,7;688,-9,-5;703,11,3;705,-14,18;717,7,5;720,1,-9;725,-9,18;729,-6,9;730,3,-7;740,-9,3;744,5,5;746,-1,6;747,-1,2;748,-6,-9;753,-12,35;760,12,-18;765,-7,8;767,0,16;780,-6,-10;784,2,-4;788,-2,15;792,-10,4;796,-2,10;806,2,-4;820,-6,16;836,-5,10;856,-12,15
rua|general|olimpio mourao filho|cohab velha|36704043|9,-2152800,-4263789;11,4,-5;21,130,7;23,3,0;25,-60,-4;29,64,-16;35,-118,10;41,43,-5;46,104,-39;49,-130,43;53,114,-21;61,-113,19;65,35,2;67,90,-31;77,10,0;87,2,-16;115,-95,62;127,19,4
rua|general|olimpio mourao filho|pirineus|36704043|12,-2152804,-4263803;30,21,7;40,3,4;43,11,17;56,-3,-13;62,12,4;66,4,0;102,29,8;128,36,6
rua|irma|gabriela|seminario|36705078|28,-2153093,-4264832;32,6,-1;34,1,-2;62,17,-18;80,152,-49;114,-95,28;122,5,-3;240,71,-11;280,62,-41
rua|madre|candida marria de jesus|alto cemiterio|36705196|36,-2151726,-4265149;44,-110,54;46,172,-38;58,-195,19;60,105,18;64,1,-1;86,124,-65;88,7,-4;98,31,-33;102,14,-9;104,5,-19;106,2,-1;110,9,-8;112,6,-2;118,25,-15;120,-38,21;130,103,-44;132,24,6;134,177,-72;136,38,-43;138,-42,18;139,-170,100;140,227,-105;142,2,-1;188,-321,112;212,-309,158;228,16,14;236,3,-5;242,-17,-8;250,27,15;263,128,-34;274,-101,38;275,-14,-1;288,18,-7;299,-24,5;300,32,-4;318,8,-4;339,568,-293;356,-536,283;364,11,0;372,10,4;376,12,-13;402,6,-3;418,7,2;420,39,-25;428,5,-9;430,-171,4;432,132,20;520,72,-62;528,2,-2;530,0,-2;540,9,-3;566,8,-15;904,272,-135;908,14,-13;950,12,-2;1000,65,-27;1004,-11,11
rua|madre|candida marria de jesus|alto do cemiterio|36705196|6,-2151959,-4265152;8,0,-1;9,15,-7;10,11,-2;11,28,7;16,-80,8;20,106,1;30,-119,7;31,108,-13;33,43,42;35,-7,-12;39,25,24;51,22,4;53,10,1;57,7,0;59,16,-1;61,7,-2;62,10,-3;66,27,-7;67,0,-1;71,-177,-2;73,211,-7;153,-292,-6;213,138,9;230,30,18;375,128,-20;391,-27,4;399,18,-3;431,22,-11;435,2,-8;442,-323,-5;449,333,7
rua|madre|vicenta guilerta alonso|imperador|36702126|25,-2151551,-4263203;26,-5,0;35,20,3;38,-13,3;42,10,6;47,11,2;57,85,43;62,-79,-37;71,3,-5;73,5,9;77,1,-5;89,13,9;95,9,5;104,1,7;107,6,-8;116,6,12;128,14,10;131,-14,-15;140,15,19;146,1,-1;152,4,5;156,10,1;164,10,4;176,10,5;188,8,4;191,3,-4;206,26,-30;220,-7,48
rua|major|antonio alves tavares|tome nogueira|36700001|28,-2157872,-4273885;38,30,5;50,-26,-12;60,-8,8
rua|major|honorio jose ferreira|tome nogueira|36700001|3,-2157994,-4273873;25,-8,5;37,29,-10;41,-39,29;51,-15,7;109,-23,7;111,-8,18;121,-12,-10;130,-19,-1;140,-53,25;150,28,-17;155,33,-3;157,-28,6;159,-12,5;167,-3,4;170,-2,-8;176,-16,9;180,-6,10;181,46,-23;189,-59,31;190,5,-9;193,-9,11;200,-4,-7;201,-10,13;208,-45,11;216,-28,16;220,-26,12;221,43,42;222,44,-83;230,-79,37;234,71,-33;730,-117,54
rua|major|lucas lacerda|seminario|36705116|2,-2152914,-4264840;5,-6,13;10,0,-9;15,-11,3;18,-8,-13;21,3,20;26,-7,-8;34,-6,-1;37,0,5;44,-4,-8;45,0,26;46,-5,-22;47,0,0;51,-9,2;54,-73,26;56,74,-33;59,-3,13;65,-1,-8;66,-4,-2;75,-11,4;76,2,2;82,-5,0;87,-6,-2;89,0,10;90,-6,-7;95,-13,1;100,4,9;103,-4,-9;108,-4,-22;115,3,23;116,-9,4;126,-6,3;130,-6,-2;135,12,-6;139,-6,31;141,-5,-25;145,-12,8;147,3,0;150,-6,2;154,7,-3;480,-1,0
rua|marechal|castelo branco|alto da ventania|36707220|1040,-2153942,-4264455;1044,-13,-10;1046,5,-1;1050,-9,-7;1058,15,-10;1092,4,-28;1120,4,-26;1128,23,4;1136,9,13;1154,-3,-18;1164,11,5;1170,11,-2;1180,13,-15;1188,11,19;1194,-12,0;1204,15,9
rua|marechal|deodoro da fonseca|fabrica|36700294|11,-2153505,-4264453;12,-9,7;20,-3,8;21,-1,2;30,-14,2;32,-8,4;33,-1,7;40,11,-7;45,-18,6;50,2,-5;53,-11,6;54,6,-7;60,-9,5;65,-10,6;66,-4,-29;71,-1,24;78,0,-1;101,-27,9;102,11,-6;112,-14,-2;117,-2,5;121,-5,12;125,-10,-12;127,4,16;128,7,-9;146,-29,5;153,-8,7;154,21,4;156,-28,-17;157,9,10;161,-1,-3;166,31,13;168,-38,3;172,-4,-9;173,-2,-4;186,-1,6;189,-29,12;194,-7,-13;199,18,8;208,-15,-3;213,0,10;218,0,-7
rua|marechal|floriano peixoto|abaiba|36700001|1,-2159196,-4249900;20,53,32;21,35,-43;55,-50,21;68,20,12;70,6,-18;71,-1,-2;89,1,-18
rua|monsenhor|guilherme de oliveira|pedro brito|36707064|25,-2153642,-4265498;35,-13,6;39,9,4;45,-16,0;55,-8,5;65,-4,0;75,-11,5;80,-14,1;85,2,7;108,-13,2;118,-3,11;128,-10,5;140,-3,3;150,-11,9;155,-19,3;162,14,-7;165,-10,13;172,2,-5;175,-11,11;182,1,-5;185,-6,12;190,-6,-10;199,2,13;200,-6,-3;209,-6,10;210,5,-2;219,-8,12;220,-1,-6;229,-1,10;230,-11,-5;239,-3,16;240,-2,-7;249,4,-2;250,-3,3;254,-9,3;259,-2,15;260,1,-10;269,-13,14;270,4,-6;279,-4,11;280,-3,-4;290,-4,0;296,-10,7;300,4,2;304,-2,1;308,-24,-10
rua|monsenhor|naves|seminario|36705102|30,-2152796,-4264577;35,-6,2;45,-14,1;55,-10,5;63,-6,-2;99,44,6
rua|nossa senhora|aparecida|quinta residencia|36707106|15,-2154152,-4265440;23,43,61;29,-13,-46;30,579,211;36,-581,-195;41,504,161;58,-156,16;60,-302,-76;62,11,8;69,235,58;75,-214,-50;77,-4,-1;78,16,6;91,11,2;92,0,-2;93,15,4;105,3,5;157,410,44;244,69,26;246,-12,3;259,-16,-8;275,-14,-9;277,-1,-1;307,-27,-15;321,-12,1;345,-16,-14;355,-8,-1;369,-15,-5;385,-11,-3;395,-7,-2;397,-7,-4;409,-14,-3;410,-19,-9;435,-7,11;437,7,6;455,-22,-7;460,4,4;469,-10,3;478,-19,0;485,8,1;490,-21,2;499,7,-2;507,-23,15;510,3,12;520,-17,-11;522,13,-16;551,-12,9;599,-5,1;935,-241,-40;939,-72,-98;991,-31,-45;997,6,-6
rua|nossa senhora|do carmo|eldorado|36707018|2,-2153079,-4265063;4,-11,0;49,-21,-93;80,4,17;90,-4,1;101,-32,-133;102,1,7;103,0,8;110,31,102;130,-3,-26;139,-5,-8;143,2,17;145,1,5;146,15,70;152,-26,-114;155,-31,-76;160,21,54;169,21,-25;174,-2,6;183,-14,15;185,32,-28;193,7,-5;227,-58,-7;230,3,16;238,-1,-13;248,2,-7;8145,16,29;8146,43,-15
rua|padre|jose domingues|seminario|36705106|6,-2152759,-4264504;10,6,-2;22,3,-14;23,-5,4;35,-4,-5;65,1,-5;99,-18,-71;115,-7,-6;120,-43,-43;158,-15,-47;168,-6,-8;184,-3,-4;214,-23,-20;226,-7,-7;238,-1,-14;239,-10,-2;246,8,2;250,-13,-5;265,-6,-12;279,-1,-15;295,-15,3;305,-23,0;311,2,-4;312,6,2;320,-14,5;321,6,-4;330,-7,-8;332,-6,1;333,3,-4;338,-8,12;341,-12,-6;348,-3,-7;354,-1,3;359,-1,3;360,11,-8;366,-24,4;374,-10,7;376,5,4;383,-10,2;394,4,-3;400,-3,-2;404,-3,3;406,1,0;407,-20,3;408,-1,-6;417,-1,11;418,1,-3;420,0,4;431,-22,-17;437,-10,6;450,16,7;451,-51,-28;479,-11,-14;480,23,17;481,12,11;489,-3,-2;492,-23,-1;494,-2,-26;503,-8,0
rua|padre|julio|centro|36700124|17,-2153270,-4264212;21,-1,12;45,-7,31;53,0,1;77,7,13;83,1,8;95,1,17;109,2,11;115,-3,17;127,9,2;138,-82,48;141,-52,81;155,121,-124;163,17,35;177,-14,15;193,3,9;287,-61,66;300,-51,-6
rua|poeta|augusto dos anjos|vale do sol|36706064|8,-2153353,-4266035;28,-16,-9;38,-11,-2;48,-2,-6;55,-26,0;58,11,1;68,-5,-4;71,-11,5;78,-2,-3;81,-7,9;88,2,-10;91,-20,14;98,11,-7;101,-13,10;111,-8,10;118,11,-14;121,-21,5;128,14,1;131,-16,29;138,5,-26;148,-3,-3;151,-31,16;158,15,-7;161,-16,8;168,10,-7;171,-21,11;178,10,-8;181,-15,14;188,4,-17;191,-9,25;198,-1,-7;201,-13,2;208,7,-10;211,-26,14;218,19,-6;221,-24,9;228,14,6;238,-4,-2;248,-10,6;258,-3,-1;274,-25,-6
rua|presidente|carlos luz|centro|36700052|20,-2152953,-4264258;22,1,-6;24,4,-8;26,5,11;27,-345,632;30,344,-630;35,-337,623;42,-4,-6;44,-21,10;64,40,-41;90,10,-4;95,-2,-15;102,5,4;103,-5,-15;120,15,5;121,-10,-17;135,12,-9;180,31,-32;182,4,-23;185,-21,23;188,17,-24;190,11,-8;194,11,5;195,-33,19;211,15,-24;212,16,-20;213,-22,23;214,9,-14;216,12,-8;228,12,-5;230,-7,-14;234,8,-11;242,-7,12;246,4,-9;250,34,7;254,-18,-3;260,2,-11;263,-26,16;275,-5,-2;281,22,-15;328,12,-26;329,8,-22;355,10,-16;356,-4,-1;379,-8,-33;380,20,-1;381,-104,35;383,93,-44;385,-3,15;394,28,4;401,-13,-21;407,-22,-15;415,28,0;416,3,4;417,-18,-11;432,18,-2;440,11,-5;452,2,-6;464,2,-10;473,-5,-17;478,9,1;488,11,-11;493,-14,1;506,16,-13;511,-6,6;515,8,-2;519,2,-8;524,-5,-11;525,5,-2;529,-2,0;534,9,-7;540,2,-12;547,1,-11;551,11,-10;555,1,-14;560,-7,30;566,15,-29;570,-1,14;572,2,-19;573,-10,10;576,2,-20;588,7,1;600,9,-11;603,-1,-7;610,7,-2;621,-11,-2;631,0,5;638,18,-13;641,-11,-18;642,10,14;644,1,5;648,3,-14;652,13,-4;653,-2,-2;665,-5,-9;672,11,3;675,0,-9;677,-29,-82;680,32,78;689,0,1;690,14,1;696,3,-5;699,6,-12;706,-7,-4;712,-1,-4;721,20,-21;722,-10,23;723,0,-8;726,-11,2;728,10,-13;730,9,-1;732,2,-4;735,-5,6;744,-3,-17;762,16,1;772,-11,1;774,14,5;776,-8,-12;778,22,-1
rua|presidente|joao goulart|vale do sol|36706070|11,-2153588,-4265881;21,4,-11;31,12,-15;41,-8,-9;51,9,-10;61,1,-5;71,4,-17;81,-1,-2;91,-1,-11;105,6,-10;231,8,3
rua|professora|conceicao soares monteiro de castro|seminario|36705120|13,-2152906,-4264852;21,14,-6;27,-1,-10;29,86,194;35,-93,-205;45,10,-1;53,9,-14;59,80,185;69,-4,-11;73,-70,-179;75,70,179;81,-6,-7;89,-11,1;99,-2,-16;115,-13,-10;121,-2,-4;127,-3,-10;133,-4,-5;139,-1,4;141,0,-4;149,-17,5;155,4,-12;159,-9,-7;177,-10,-7;201,-7,-20;205,-5,7;211,-8,-14;219,-4,5;225,26,9;231,-31,-25;298,10,-32
rua|professora|isaltina renno guedes|jardim lisboa|36707262|55,-2153941,-4264056;132,-45,-51;140,-1,-21;153,-1,31;155,-7,-29;174,2,-11;181,-14,-10
rua|professora|maria castanheira|cohab velha|36704155|10,-2152515,-4263875;40,-12,22;50,7,-12;55,-3,-6;60,24,-4;61,-21,-7;67,4,-7;79,1,-15;80,7,11;84,14,-10;87,58,-219;88,-68,220;91,-6,-9;94,11,-11;100,9,-4;101,44,-133;103,-55,141;110,11,-13;115,-9,0;122,14,-14;127,-11,15;154,26,-51;158,6,-10;168,0,-7;176,-2,-11;188,4,-1;192,24,-30;196,-13,9;198,-4,-3;210,7,-1;237,3,-38;250,7,-10;256,0,0;260,4,-9;279,-10,-30;280,8,18;300,0,-23
rua|professora|maria castanheira|pirineus|36704155|4,-2152543,-4263816;6,0,0;10,4,-2;22,5,-16
rua|professora|mercedes ramos carneiro cerqueira|fabrica|36700338|2,-2153769,-4264024;4,11,-9;8,2,-16;11,16,-16;12,2,-6;14,6,-6;20,3,-11;22,-2,-4;25,-9,12;32,21,-18;33,-18,10;34,24,-6;45,-17,-7;46,10,-12;54,4,7;55,-10,-7;58,12,1;60,1,-7;62,11,-5;64,-2,2;65,-22,-3;66,22,1;79,-13,-4
rua|professora|zizinha rezende|imperador|36702110|3,-2151771,-4263167;4,-32,37;8,-7,13;9,18,-74;17,-21,148;18,98,-129;22,-78,-33;26,22,234;83,-24,-249;119,-14,102;139,-3,4;149,-12,13;159,-1,11;169,-8,11;179,-6,-9;183,-7,10;185,9,3;189,2,10;199,5,4;209,0,15;231,52,-120;234,-30,135;239,2,2;250,10,18;259,4,0;263,1,12;269,3,2;279,1,6;280,17,16;286,7,13;292,0,2;296,-2,-6;299,-6,-4;304,0,8;526,11,12
rua|professora|zizinha rezende|sao cristovao|36707899|62,-2151769,-4263163;68,-9,1;86,-11,13;96,3,-1;106,-10,10;116,-5,12;120,-2,4;136,-5,4;140,-2,4;180,-17,50
rua|professor|alziro azevedo carvalho|imperador|36702128|9,-2151775,-4263179;15,22,-2;18,3,-3;31,-2,5;41,20,-13;50,44,-14;101,5,4;107,7,3;131,22,-12;135,-2,0;161,16,37;171,13,-24
rua|professor|ary monteiro de barros|providencia|36700001|21,-2166111,-4259608;24,118,65;38,-269,-113;46,7,3;54,296,132;59,-275,-134;60,-3,7;68,0,3;80,10,5;81,21,1;100,-4,9;120,11,2;130,13,3;136,-3,0;150,19,12;160,-47,-25;170,60,32;180,3,2;190,6,2;200,19,3;220,24,12;230,-2,7;237,108,30;240,0,5;250,-19,-10;251,-47,-16;290,153,68;298,10,4;305,-67,-27;346,-5,1;410,54,22;435,29,9;499,35,8;531,9,52;539,-9,10;6732,-2,-49
rua|professor|emilio ramos pinto|bela vista|36703030|15,-2152319,-4263535;17,8,-8;29,1,-5;30,45,-65;39,-50,72;48,47,-85;50,-41,69;51,17,-7;56,-18,-3;62,18,-4;64,6,-1;73,-2,5;80,9,-2;121,16,-42;131,47,-29;141,-28,20;147,25,-7;168,34,-32;181,-30,20;187,6,-4;242,-333,-54;244,271,113;247,9,-8;258,4,2
rua|professor|emilio ramos pinto|sao cristovao|36703030|10,-2152389,-4263470;11,21,-23;12,4,3;18,4,-19;27,19,31
rua|professor|gustavo monteiro de castro|pirineus|36704016|8,-2152917,-4264244;32,1,15;38,8,2;49,-7,21;54,11,-8;60,-2,7;66,2,3;69,-8,12;77,10,8;79,7,-13;80,-8,-2;97,-7,30;119,0,13;121,29,-10;129,-14,23;169,0,27;179,26,14;185,-9,13;191,-2,0;200,-37,-11;202,67,67;210,-25,-37;214,3,3;215,-3,-9;220,12,30;227,-12,-18;238,-1,28;253,13,0;257,-3,8;258,5,12;269,1,13;278,0,-1;281,13,12;282,-7,7;297,3,-4;305,1,14;319,5,5;320,-10,14;329,8,7;330,-10,0;336,19,5;343,-3,0;344,-7,1;354,7,12;355,0,-2;364,11,19;371,-8,0;372,6,6;381,-1,3;383,4,7;386,-2,12;388,-2,-14;389,-11,11;391,22,-2;395,-6,4;400,-7,5;402,-19,-153;403,30,159;406,-8,-3;411,2,7;418,3,4;419,2,-1;425,0,17;436,-2,-10;440,-1,11;452,-4,13
rua|professor|gustavo monteiro de castro|vila esteves|36704016|11,-2152926,-4264247;27,-1,7;55,-13,-26;61,12,1
rua|professor|haroldo jose bastos freire|fatima|36700366|20,-2153656,-4263755;22,-18,-2;32,-3,-3;40,-7,5;46,1,-6;58,-9,-6;60,-13,-3;68,-2,3;72,3,-10;90,-18,2
rua|professor|joao batista alvim|eldorado|36705066|10,-2153189,-4264979;18,48,-1;25,-17,1;26,22,-20;32,8,5;44,80,-61;49,-94,67;52,29,-9;65,-20,-1;73,6,1;76,22,-1;83,-17,-3;94,30,-16;118,10,-4;123,-2,-9;126,3,3;174,40,-48;175,0,-6;177,3,1;178,-7,-21;2450,-68,108
rua|professor|joaquim guedes machado|centro|36705015|13,-2153198,-4264441;33,103,-58;45,107,47;47,-118,-44;59,113,28;67,-8,-10;71,1,4;108,-84,-34;125,-89,46;135,160,-37;140,-19,-21;145,-1,5;149,-153,59;156,133,-60;160,5,-34;165,-2,42;179,-17,-4;180,-7,-20;189,-5,30;200,-7,4;201,-2,-7;222,-24,19;227,-2,-8;230,-14,11;231,13,-22;236,-8,24;239,-101,67;243,94,-71;253,-7,5;256,-2,6;260,-6,1;265,1,-8;273,-11,7;280,-3,5;283,-6,0;294,-3,-2;298,-9,3;299,5,8;310,-8,11;313,-1,-10;322,-10,21;328,-8,-3;329,2,-10;350,-17,13;360,-2,11;363,1,10;365,-11,5;370,12,-6;388,-8,7
rua|professor|jose lintz|centro|36705003|1,-2153207,-4264506;2,60,-4;14,40,-4;22,0,-27;25,-5,34;26,-103,-31;28,-8,36;32,98,4;49,5,-20;51,-10,-8;55,9,5;59,-10,0;60,-11,13;61,12,10;68,-28,-7;69,10,-9;79,-5,-4;89,-18,-6;99,1,12;107,-18,0;117,-3,3;125,-16,-7;145,-3,-6;155,1,-16;159,-11,-1;173,-6,-7;180,150,42;183,-155,-46
rua|professor|jose lintz|cohab nova|36705003|320,-2153331,-4264620;368,-49,19;404,-27,10;440,-33,16;456,-9,4;492,-31,1
rua|professor|jose lintz|mina de ouro|36705003|213,-2153248,-4264579;229,-9,-13;235,-13,-1;263,-10,-18;283,-32,7;319,-26,-12;325,-18,-20;331,-9,-8;357,0,31;363,-49,24;365,40,-14;379,-16,17;389,-6,3;409,-9,-5;411,-11,7;421,-10,1;431,-12,13;433,-7,-1;435,1,-2;469,-13,-2;513,-40,-1;523,-9,-1;527,-12,-1;533,6,-1;549,-11,-8;551,2,24;553,4,-4;555,-26,-44;565,-10,5;567,-9,0;569,-18,13;571,7,-12;581,-8,-16
rua|professor|wilson jose valentim|cohab nova|36705054|11,-2153261,-4264766;12,9,6;23,-7,-16;24,13,-1;30,98,-98;33,-105,93;36,7,-2;40,1,-11;41,-2,0;48,5,2;64,12,-21;76,-2,-6;90,10,-3;104,15,-18;118,12,-8;122,-1,-2;130,2,2;144,10,-18;150,15,-3;170,50,-2
rua|santa|filomena|centro|36700144|15,-2153400,-4264243;16,-2,-2;18,-10,-8;33,12,-1;34,3,8;47,0,20;48,-1,-9;56,10,16;57,2,-6;64,-9,-5;65,18,12;70,-2,3;84,5,7;92,9,8;100,13,2;120,-7,14;140,6,16;164,-2,30;166,-5,2;176,-3,11;182,1,6;200,-3,28;222,-1,-1;275,-9,40;288,3,31;290,7,-4;300,24,105;320,-11,-75
rua|santa|luzia|sao luis|36707096|9,-2154470,-4265615;25,5,5;29,-4,-3;31,8,1;33,-11,4;37,4,-2;43,-23,4;47,3,7;51,1,13;55,-12,-8;57,-2,6;61,0,15;67,-9,3;69,-7,9;75,-4,4;89,-17,-1;93,6,0;97,5,77;99,-14,-61;178,11,-32
rua|santa|marta|tome nogueira|36700001|30,-2157804,-4274016;40,-6,-16;55,1,2;63,7,-23;70,4,-2;90,24,16
rua|santo|antonio|providencia|36700516|4,-2166437,-4259631;5,78,19;10,-167,-37;60,-22,3;70,-11,-9;210,218,53;1060,-191,-47
rua|santo|antonio|tres cruzes|36700516|8,-2152619,-4262095;9,1,-2;10,2,1;27,0,-13;28,9,0;30,47,-9;33,-47,4;36,5,1;44,7,-9;45,-1,-2;55,1,-9;60,20,3;61,-3,0;62,-4,-3;64,-7,-11;68,6,-5;72,-5,6;77,15,19;161,-6,-30
rua|santo|meneguite|tres cruzes|36700480|18,-2152532,-4262407;29,-5,-3;40,-14,-8;49,-5,11;60,-9,-17;119,-40,-10;163,-75,-39;210,-2,-4;222,-13,-12
rua|sao|joaquim|ribeiro junqueira|36708600|28,-2145207,-4251426
rua|sao|paulo|eldorado|36707002|10,-2153241,-4265054;22,-23,-1;31,-9,5;32,6,0;42,-30,6;65,18,-4;67,-11,10;76,-11,4;87,-4,12;91,4,-6;97,-17,14;100,-6,-7;110,-1,2;111,-8,13;120,-4,0;121,-1,0;130,-7,7;131,5,0;141,-11,15;151,-4,-11
rua|sao|pedro|centro|36705012|6,-2153310,-4264573;7,-156,62;8,7,7;10,-44,-18;11,60,-3;13,36,-7;14,101,-30;17,-132,46;18,-52,-3;19,91,-4;29,-4,7;30,87,-35;32,-170,25;33,47,-10;40,-33,8;60,15,6;64,3,-9;78,18,-5;88,0,0;94,17,4;106,8,4;114,5,-14;122,4,-12;126,3,-8;132,5,-1;144,-115,44;148,121,-39;156,20,2;158,-7,2;164,14,-11;170,0,6;180,0,5;198,24,-24;206,4,-3;210,4,5;220,6,-1;234,19,2;244,11,1;250,5,1;258,6,6;266,16,-3;276,3,1;284,3,6;286,7,3;288,7,0
rua|sao|pedro|mina de ouro|36705012|1,-2153525,-4264529;5,9,17;7,17,-10;55,38,0;73,10,-10;75,-1,0;85,11,-10;97,14,5;103,7,-2;111,7,-3;129,8,-5;143,21,-10;153,6,3;163,12,-9;173,3,3;183,8,-10;193,16,-2;201,7,3;219,3,-12;227,17,5;239,19,-1;251,11,3
rua|sao|vicente de paulo|pirineus|36704018|4,-2152863,-4263807;5,-24,-29;8,18,27;9,-6,-46;15,-10,-33;16,16,98;17,-6,-38;20,0,6;21,-3,-78;22,12,66;23,-11,3;25,-16,-113;27,15,42;29,-16,2;30,24,57;31,1,3;32,-5,69;33,-5,-47;34,-2,-75;35,9,47;37,-6,47;39,-4,-111;40,12,147;42,-2,-98;43,-4,5;45,-7,-64;46,12,62;47,-2,50;48,-12,-107;49,-4,-9;51,-20,-96;55,23,83;56,-6,11;60,20,46;61,-13,-61;62,19,157;64,-11,-101;65,6,138;67,-26,-192;68,27,213;71,-13,-156;75,-54,-53;78,45,35;81,-18,-90;98,13,40;99,3,-16;101,-12,-4;106,4,-6;130,-3,-8;134,-1,-1;142,-7,-40;166,-13,-2
rua|sargento|helder queiroz|rosario|36704136|15,-2152472,-4264474;27,6,-8;30,14,-43;58,-6,27;68,6,-8;78,-11,-13;106,-2,-28;116,-3,-12;137,-8,-8;148,12,-25;151,-8,-12;169,11,-7
rua|senhor|dos passos|pirineus|36704036|120,-2152927,-4264124;134,0,77;148,-1,0;155,-4,-16;158,-2,3;168,1,-17;172,4,1;178,-9,-5;180,-4,-1;181,14,-5;188,-19,-20;190,68,9;195,-47,4;198,-11,-7;206,0,-5;215,-29,-16;225,4,-3
rua|vereador|anibal faria resende|tome nogueira|36702544|27,-2150648,-4262086;37,-3,-2;47,-4,6;57,-5,13;67,2,14;77,-9,7;80,-22,13;87,20,-7;97,-5,14;100,-20,-8;107,15,8;110,-19,-6;117,2,8;120,-15,-5;130,-12,0;140,-10,-1;150,-6,-2;157,-5,23;160,-2,-22;170,-10,4;180,-15,1
rua||14|jardim bela vista|36703190|60,-2151062,-4263455;381,2,33
rua||15|jardim bela vista|36703190|14,-2151114,-4263460;26,-1,6
rua||17|bela vista|36703078|11,-2151366,-4263431;15,-5,-1;175,-46,-33;177,-7,7;183,-3,1;211,36,23;225,3,7;277,1,9
rua||27 de abril|fabrica|36700322|2,-2153708,-4264351;3,55,81;8,-56,-73;17,11,2;23,7,-5;24,-9,6;25,12,10;26,-20,-26;31,22,26;32,18,45;36,-16,-40;41,4,0;44,2,10;45,-3,4;50,1,-4;58,3,2;59,-7,11;67,12,-5;73,5,25;81,2,-12;85,3,6;87,-6,0;95,11,6;99,8,9;105,-33,17;109,24,-6;113,-1,10;117,13,11;120,5,-30;125,3,27;129,0,3;137,-6,9;138,9,-5;177,6,55;191,-2,4;197,0,4;198,-19,-26;216,7,31;217,12,-4;220,4,20;221,-2,-14;228,-10,8;232,13,1;235,-6,8;236,9,-4;237,-8,6;240,7,71;241,-12,-63;243,7,4;246,6,0;250,-5,6;253,4,7;260,-4,158;263,7,-140;270,-10,-19;273,10,23;280,-7,-15;428,21,141;445,9,47;446,-10,3;447,13,-2;449,-6,9;455,-1,4;459,2,2;461,0,0;462,-5,7;463,10,-2;473,-6,9;474,-1,-6;483,3,7;486,-11,14;494,1,-1;495,9,8;502,-2,0;510,3,17;511,-5,9;515,7,3;519,12,5
rua||27 de abril|fabrica|36707899|200,-2153596,-4263958;325,-16,-110;335,-3,8;347,3,17;353,1,2;355,2,3;357,2,3;411,1,34;415,19,36
rua||7 de setembro|rosario|36704100|6,-2152945,-4264304;7,7,-4;15,4,-9;17,-4,-4;19,41,-78;20,-54,75;23,9,5;29,-7,-4;35,94,-133;50,-100,117;58,4,-11;70,5,-11;71,-31,-7;78,12,-9;81,-5,-3;82,8,7;93,9,-9
rua||abaiba|fatima|36700244|18,-2153697,-4263134;46,-5,-199;49,6,13;70,-8,5;73,8,8;82,0,2;85,1,9;97,3,24;106,-5,-17;121,1,28;122,-3,-14;133,6,34;138,-11,-13;145,6,25;157,0,0;162,-1,-8;181,-6,35;202,-8,13;205,-2,23;217,1,1;233,8,35
rua||abelardo n de moraes|cohab velha|36704167|7,-2152555,-4264047;18,17,8;19,0,-5;30,-1,7;31,7,5;42,13,6;43,-3,-3;54,3,3;55,5,-1;66,5,6;67,7,-3;78,9,11;79,-3,-15;90,6,16;91,3,-4;102,7,11;103,19,-6
rua||acacio serpa|centro|36700008|10,-2153127,-4263827;33,-25,-7;39,15,0;41,-7,-3;43,8,-7;44,66,41;52,7,6;58,-69,-32;60,73,44;62,-39,-20;68,-28,-27;159,153,96;177,4,20;181,14,11;219,57,74;241,5,4;261,8,1;295,14,3;312,-5,3;328,-301,-201;331,321,203;334,16,9;339,-12,-2;341,0,0;346,11,2;349,-2,-15;353,-1,11;365,10,16;380,21,-3;381,-8,1;389,-10,-48;395,47,0;399,6,10;401,-20,29;403,12,-24;409,-11,40;419,19,-9;439,11,2;449,8,2;459,25,13;471,4,9;475,-1,-6;500,-81,-18;510,73,8;550,35,11;600,36,7;620,72,4;624,2,3;628,1,3;642,22,0;644,2,20;646,6,-15;658,16,10;970,3,-3
rua||adauto neto|jardim bandeirantes|36705162|23,-2152561,-4265048;38,6,9;40,-8,-10;49,7,11;58,0,37;81,4,7;82,-10,1;89,-5,-65;91,16,80;92,-11,-3;104,4,19;109,3,-4;111,-3,5
rua||adavio pires de almeida|bela vista|36703075|6,-2151533,-4263574;14,7,9;17,-56,-8;20,34,-8;23,27,5;28,-77,-20;30,84,38;40,-85,-40;53,108,78;55,-15,-22;60,-80,-40;63,73,32;65,-71,-38;68,1,6;82,14,-2;85,10,0;86,-13,0;92,7,2;99,16,-2;104,-1,4;111,6,-3;112,4,-1;145,28,9;158,27,11;164,-23,-7;166,21,3;168,-5,0;190,14,10;198,-2,-2;199,7,0;210,5,7;220,6,4;227,5,2;228,3,5;236,1,4;241,6,-5;244,4,11;245,-4,-7;249,14,5;250,-6,7;255,3,0;265,103,21;274,-97,-13;277,2,2;281,6,5;284,-1,2;286,4,7;289,5,-6;290,0,4;294,-1,3;298,-1,4;307,-1,-3
rua||afonso teixeira de matos|popular|36706028|12,-2152865,-4265584;59,23,-11;71,7,-13
rua||agnelo correa do bem|imperador|36702116|35,-2151623,-4263145;185,36,-64;189,-2,6;192,-9,16;193,5,-7;199,-3,2;205,4,11;209,-22,27;211,25,-39;243,-26,32;287,-21,37;306,-8,20;315,3,-6;327,-10,15;431,-60,84;437,7,-10;469,-23,38;479,-7,5;491,-8,14
rua||agostinho meneghite|quinta residencia|36707108|259,-2153559,-4265197
rua||alameda desengano|centro|36700080|38,-2153646,-4263369;64,-23,-9;74,46,22;86,-66,-31
rua||alameda desengano|fatima|36700080|61,-2153665,-4263336
rua||alan kardeck|quinta residencia|36707100|2,-2153512,-4265194;3,11,-27;7,-201,168;10,190,-140;12,16,-4;19,-264,107;20,256,-114;21,-6,-7;22,11,-31;26,-93,215;29,-189,-74;30,114,350;37,16,-35;39,-97,-326;42,102,328;50,149,-450;51,-142,446;56,-8,-16;58,12,-4;60,-1,20;64,-7,-16;67,14,5;70,21,-101;71,-20,92;73,158,-446;77,-143,445;89,-23,-23;90,176,-425;95,-137,228;96,-30,204;97,-1,-9;98,20,7;99,16,-211;100,-14,173;101,-24,16;104,181,-403;107,-154,402;108,-24,21;114,183,-414;115,-121,160;117,-65,223;120,195,-382;121,-184,395;125,44,-251;127,64,-78;129,-115,317;135,71,-237;136,-61,227;139,-8,0;140,7,1;142,77,-223;144,-8,-7;145,-11,4;146,-58,225;148,81,-9;149,-82,-23;151,62,-218;152,-47,220;153,-11,1;156,206,-357;158,-206,353;159,2,-219;161,54,57;166,157,-197;167,-207,362;169,17,-223;170,51,5;172,8,10;173,-99,-30;177,27,235;182,222,-363;183,-150,140;184,4,11;185,-81,191;187,1,0;194,85,-209;195,10,-30;200,64,-42;203,-168,278;205,11,-8;215,248,-354;217,-259,346;218,12,-5;219,7,-9;222,83,-210;230,0,-8;231,0,0;235,-102,216;237,-23,10;296,44,-76;300,17,-44;306,-17,40;349,20,-44;380,40,-16;400,-24,5;505,52,-138;705,115,-48;720,29,1;730,4,-15;734,10,-9;775,28,-33;789,9,-2;809,9,-18;833,14,-23
rua||alceu junqueira ferraz|bela vista|36703063|10,-2151825,-4263440;18,11,-10;22,78,-62;48,-69,57;60,-3,-7;70,8,-12;95,137,-89;97,-115,80;100,0,8;110,16,-16;111,-10,-3;120,-10,-34;128,27,26;132,3,-9;171,-36,27;300,31,-27;345,32,-15;355,4,-9;365,6,-2;379,12,-5;381,-19,0;387,25,-11;388,-3,9;391,11,-11;400,4,8;407,-2,-8;410,5,4;413,3,-3;418,3,-4;421,2,1;425,2,-5;431,6,0;443,9,-2
rua||alex coelho de souza|jardim caicaras|36706212|211,-2154089,-4265726;221,12,4;231,3,-1;241,13,10;248,-7,3;251,10,-10;261,10,11
rua||alexandre salim reche|imperador|36702118|6,-2151837,-4262994;14,34,61;22,30,65;30,1,7;38,-70,-147;42,-15,-36;46,-6,10;48,21,32;51,-21,-28;55,3,0;71,10,9;76,0,9;116,20,42;126,9,6;131,5,1;132,2,1;134,-3,0;136,0,0;141,-6,3;146,8,17;151,7,-9;161,10,19;175,-3,-1;237,-81,-133;345,3,15
rua||alice rodrigues valentim|jardim bela vista|36703202|15,-2151115,-4263144;16,13,5;36,12,1;48,7,0;59,-16,-3;61,20,-5;70,6,-3;72,7,-1;73,-11,1;76,14,-1;82,13,1;85,-11,-5;103,3,-6;109,22,-8;128,27,16;129,-1,-9;134,18,7;141,-5,-7;145,-2,2;152,15,5;153,-1,-7;158,1,6;164,12,-4;165,1,-5;176,12,7;177,-10,-13;200,31,6;202,-123,2;203,-33,-4;217,157,-5;237,17,-5;240,4,8
rua||aline monteiro gomes|vale do sol|36706078|7,-2153401,-4265841;17,-5,14;27,-20,-7;37,11,23;46,-16,16;47,4,-12;56,-7,18;57,2,-11;66,-6,21;76,-3,-2;77,3,-2;86,-7,20;87,6,-7;96,-10,17;97,13,-8;115,-14,21;117,5,-16
rua||aloisio soares fajardo|nova leopoldina|36707899|35,-2152322,-4263790;54,2,18;55,-1,-18;56,0,1;65,7,-27;75,32,-44;76,-23,50;79,-10,30;83,20,-26;86,0,-9;91,3,-8;96,5,7;99,1,-11;106,10,2;107,1,-4;115,4,-5;116,5,3;123,5,-7;128,0,7;131,7,-9;139,8,0;140,-9,10;147,16,-14;152,-4,9;155,7,-10;162,8,6;163,4,-10;171,7,-3;172,-3,7;179,10,-8;182,-2,5;187,5,-6;191,6,-6;192,-6,-7;195,5,10;202,4,-15;216,12,17;230,15,1;250,15,-8;260,10,3;270,14,-5;280,6,8;290,4,-1;300,8,-1;310,16,-2;330,14,1;340,7,-1;350,12,-3;355,6,-6;360,8,3;370,4,3;380,5,-3;390,13,-4;400,5,-1;405,39,-16;410,-33,12;420,16,-2;436,7,-3;460,38,-4;470,7,8;480,12,-3;490,13,1;500,2,4;510,15,-2;520,5,4;530,6,1;535,11,0;545,12,6;550,-5,3;552,-4,-4;555,8,-1;560,6,-1;565,4,2;572,7,9;575,5,-9;584,3,12;585,9,-6;595,13,0;645,37,17
rua||alonso nogueira|cohab nova|36705056|11,-2153220,-4264742;12,8,-3;22,-9,-6;23,6,-2;34,12,2;35,-7,-13;46,8,-1;47,-3,-9;56,10,-5;59,2,-4;68,6,-2;71,-4,-10;80,10,-3;83,2,-11;92,3,7;95,-3,-7;100,4,3;102,6,-5;107,2,-16;114,6,4;121,5,-8;126,-3,-14;133,2,4;136,-12,30;139,18,-30;147,-1,-7;148,15,-5;160,6,-6;167,-14,5
rua||alonso nogueira|ribeiro junqueira|36708600|76,-2145428,-4251536
rua||altamiro rodrigues|vila miralda|36707238|2,-2153958,-4264504;12,-15,-18;13,-7,19;14,3,-13;20,-1,6;29,2,5;30,-4,-5;39,7,7;43,-7,-3;47,-20,36;50,-10,-56;52,10,24;56,-2,-18;57,0,23;59,44,-19;61,-54,12;64,6,-7;68,-11,10;76,-14,1;82,13,-12
rua||alto da boa vista|piacatuba|36708000|2,-2148679,-4278910;5,-12,-84;11,4,14;24,22,-28;41,6,-3;50,46,-29;86,-65,91;1720,32,-58
rua||alto da distribuidora|abaiba|36700001|5,-2159072,-4250056;6,27,13;16,10,7;141,-16,35;169,-55,15;171,8,-9
rua||alvaro bastos freire|fabrica|36700302|23,-2153507,-4264299;30,-2,-18;34,-2,0;39,-1,19;48,-14,-9;49,3,2;54,-11,2;57,2,6;72,-15,0;86,-16,1;89,-8,7;100,-16,-21;101,9,21
rua||alvaro botelho junqueira|fatima|36700382|5,-2153628,-4263646;11,-1,-6;19,3,2;22,0,-7;25,6,4;26,-7,-9;29,4,3;32,-1,-15;33,-1,11;38,6,-11;51,11,-13;60,12,0;80,-2,-12;81,11,11;100,9,-19;112,-1,-32;118,0,-2;125,-1,-1;131,1,-7;139,10,-5
rua||alvaro correa de lima|tome nogueira|36700001|11,-2158068,-4273995;120,-1,5;126,21,8;130,8,-8;135,5,4;140,6,6;160,24,17;191,17,11;207,5,15
rua||amanda fonseca|fatima|36700388|22,-2153694,-4263616;30,5,5;33,-3,-1;40,19,9;41,-7,0;53,7,5;54,5,0;63,11,0;70,4,-3;77,3,2;88,17,1;97,6,-4;105,8,3;111,3,-1
rua||americo dutra medina|fatima|36700374|41,-2153793,-4263542
rua||anderso pereira bella|jardim bela vista|36703184|6,-2150958,-4263509;21,5,7;22,11,9;29,10,21;32,-36,-43;35,-77,-28;38,67,23;56,-30,-9;62,-18,-8;80,-28,-7;527,158,116;529,-12,-16;565,20,34;577,7,4;589,11,13;661,40,56;673,4,6;685,6,18;709,8,6;711,2,9;713,-28,45;733,23,-31;817,-40,64;829,-13,20;841,2,10;874,24,-162;888,27,42;889,-59,163;901,-3,21;903,6,-11;913,-5,15;925,4,19;961,0,28;967,-6,7
rua||anderson pereira bella|jardim bela vista|36703184|385,-2151310,-4263566
rua||angela lopes de almeida|popular|36706040|41,-2153029,-4265720;170,-13,-17;172,0,4
rua||angelo coli|pedro brito|36707052|11,-2153612,-4265420;23,-17,-7;28,23,-10;35,-6,-1;38,2,-8;48,-2,-11;58,-1,-4;68,-1,-7;78,-3,-17;88,-1,-6;96,6,-2
rua||angelo correa do bem|imperador|36702116|28,-2151797,-4262871;35,25,28;36,-33,-30;47,38,-367;190,187,19;250,-37,59;260,-12,2;264,0,15;276,-1,8;278,-4,5;280,-6,16;282,-9,-5;292,1,0;420,-62,91;430,12,-231;460,-22,259;470,-7,14;480,-2,6;484,16,0;490,-15,14;498,-15,-5;523,-15,38;526,-7,1;540,-6,4;545,4,10;552,-10,5;555,5,2;560,-16,13
rua||anisio de medeiros fontes|tres cruzes|36700494|20,-2152527,-4262279;31,-1,19;33,-7,-2
rua||anselmo nunes de moraes|providencia|36700001|5,-2166927,-4259605;100,312,-28;110,-13,-4;136,-13,-4;144,-7,-3;150,-5,5;170,-7,5;186,-12,-2;210,-12,6;220,-20,-4;230,-19,11;240,-54,-2;300,-150,20;1420,287,-31;1690,-90,14
rua||antenor ribeiro dos reis|bela vista|36703090|10,-2152018,-4263524;12,81,13;22,6,12;33,16,5;42,-82,-26;44,79,22;47,17,9;48,-83,-28;50,79,19;53,-24,3;54,27,-4;57,-84,-8;59,87,16;66,-1,-1;67,-84,-15;68,8,-9;69,105,22;76,-11,4;78,-79,-10;79,-15,-5;80,5,-7;81,98,17;86,-62,-4;89,-26,-1;97,4,-1;110,-2,0;112,105,18;120,10,5;121,-23,-7;123,21,0;137,12,1;147,11,3;157,12,-1;159,3,-5;165,5,12;167,-3,-19;184,-60,18;200,122,4;202,-41,4;207,280,52;210,-270,-52;216,5,2;229,4,0;231,13,0;236,1,-8;243,5,6;250,15,3;254,-4,1;261,-2,-7;265,2,6;278,18,9;279,-2,-5;285,10,7;295,-1,-3;300,9,11;301,2,-11;307,7,-8;310,6,13;316,31,4;318,-25,-6;319,-4,-1;329,2,2;364,21,16;408,225,57;432,-135,-68;439,-6,-3;442,14,10;443,-4,-9;449,6,2;455,8,3;460,4,6;466,-28,11;470,35,-12;480,15,-2;496,6,11;506,9,8;522,12,5;531,1,3;536,5,0;545,11,10;556,8,3;565,-2,-2;566,-10,-4;572,47,23;575,2,-2;578,-3,2;581,-10,-11;591,1,2;597,8,2;605,-16,-8;623,40,18;636,-6,12;640,20,-4;659,-4,-14;665,24,12
rua||antonio almeida de ramos|fabrica|36700284|13,-2153654,-4264478;19,17,2;25,-28,-54;37,15,-1;49,8,-1
rua||antonio carlos de almeida ramos|sao cristovao|36702053|10,-2152333,-4263230;26,-6,7;30,-5,-5;31,-6,14;36,2,-12;39,-8,25;40,-8,26;48,-7,-23;55,5,17;63,-18,12;69,34,69;80,-50,-37;84,9,-22;94,-10,38;132,0,4;163,4,8;175,-2,18;179,-3,5;183,0,6;238,12,-71;239,-8,113;247,26,3;250,-30,-28
rua||antonio custodio|pirineus|36704028|20,-2152979,-4263881;25,-5,31;39,7,-28;47,-4,-4;49,-4,-10;50,4,-166;53,0,168;60,-5,-168;61,3,4;66,1,168;67,-6,-19;70,-9,-142;73,3,131;77,3,-7;80,0,9;88,-4,-8;99,-6,-32;100,-1,10;124,-2,-33;126,-2,17;134,-3,-11;140,10,-34;141,-5,20;153,-1,-14;161,3,-6;200,8,-4;220,0,-22;240,22,-31;275,21,-7;279,3,0;285,7,-8
rua||antonio do couto filho|cohab velha|36704149|39,-2152491,-4263837;47,6,5;105,-71,-29;115,7,8;125,17,0
rua||antonio do couto filho|pirineus|36704149|34,-2152502,-4263831;42,-90,-71;44,97,74;52,11,2;60,-102,-65;72,14,10;120,13,29;134,19,9
rua||antonio do vale neto|jardim bela vista|36703188|15,-2151124,-4263422;27,-25,5;28,10,-5;39,-18,6;40,6,-7;51,-6,3;63,-19,-2;75,-12,-3;87,-8,5;88,0,0;98,-9,-1;99,-4,8;112,-9,-6;134,-16,0;135,-12,7;146,-1,-5;147,-12,0;158,12,0;170,-13,2;215,-59,5;234,-11,-12;239,-13,-1;242,7,0;245,0,3;250,-6,-16;251,8,16;260,-20,-19;265,-6,-5;270,4,-6;277,-4,6;299,-1,-18;300,-23,-23;314,0,7;315,7,15;346,-18,-28;357,-14,-6
rua||antonio fernandes valentim|quinta residencia|36707116|120,-2153646,-4265055;134,-100,-7;135,11,-10;136,-1,0;239,130,99;251,-29,15;255,-2,-4;256,-266,-234;257,268,228;269,-259,-210;290,296,197;293,-35,-32;294,-10,-1;295,4,-10;302,-2,-3;303,2,1;336,-256,-144;355,224,110;373,-19,-2;380,-3,-1;382,-7,-3;385,1,10;393,-19,-14;400,7,4;401,-7,0;403,-16,3;419,0,-6;420,12,-9;426,-12,6;429,-14,2;430,9,-8;440,-8,-8;441,-7,22;443,5,-14;444,-1,-10;445,-3,23;453,-1,-26;454,10,-8;457,-18,8;460,15,-11;480,-23,-12;489,-8,4;491,-4,-4;508,-10,-26;509,-47,-13;512,61,22;514,-18,-3;520,24,2;528,-24,-38;548,-32,20;555,-24,-8;568,7,-12;580,5,-20;590,-19,21;598,-4,-1;620,-30,-18;629,1,-4;634,-1,2;642,-59,-11;643,55,21;646,-11,-13;648,-1,13;650,-21,-12;652,-35,-4;653,57,16;654,-42,-23;663,29,15;673,-10,-1;685,-2,-1;695,-4,-9;707,-24,4;715,67,16;723,-77,-15;733,-34,-4;739,42,0;745,-42,-1;754,25,4;759,14,7;780,-34,-25;786,-11,-6;790,-12,11;796,-10,-6;805,-1,6;819,-14,-11;826,-10,-11;827,0,13;831,6,4;835,-22,-15;840,4,0;861,-16,-20;874,4,9;880,-4,-10;883,0,-1;885,-14,-1;886,14,16;888,-17,-25;894,-3,-4;901,-12,6;903,4,1;904,11,-6;905,-18,-1;908,6,-4;910,-15,-11;915,-11,6;916,3,-1;921,13,1;926,-6,-7;932,-6,-6;940,-6,-11;945,-5,-2;956,-1,8;957,-3,-5;962,-7,7;965,3,-21;969,-3,-7;970,-20,-6;979,2,9;989,-14,-9;993,-13,9;1000,26,-9;1001,-21,-23;1006,-4,27;1014,15,-12;1022,-1,-8;1026,0,3;1034,-8,6;1038,17,-34;1078,-32,-31;1088,1,-4;1092,5,-23;1144,-10,-36;1148,-3,-14;1160,-3,-4
rua||antonio ferreira guedes|eldorado|36707004|5,-2153406,-4265111;25,2,-28;35,2,8;37,1,8;39,1,11;60,-8,15;70,-1,-1;73,3,-9;79,-8,12;87,5,4;91,-7,7;95,-2,0;110,-12,7;118,-10,19;125,3,1;147,-6,9;289,-13,11;410,6,0;430,8,-20
rua||antonio figueiras de oliveira|tome nogueira|36702520|15,-2150585,-4262288;23,8,-17;45,-20,37;58,-6,7;65,1,6;75,0,10;91,-10,14;105,-6,5;108,-5,4;110,6,-10;115,-4,19;118,-13,9;138,-6,5;148,-2,11;158,-2,6;165,-2,15;168,-9,3;175,3,4;178,-2,-2;185,0,8;188,-5,-4;195,1,7;198,-8,5;205,-2,15;208,-2,-2;218,-5,3;222,-9,14
rua||antonio garcia de carvalho|bela vista|36703045|38,-2151944,-4263733;62,-42,17;64,-20,10;66,6,-6;70,19,-3;89,14,-10;200,136,10;455,179,-5;480,25,3;490,12,1;495,-6,-5;500,17,9;505,3,-7
rua||antonio lamoglia|cohab velha|36704173|14,-2152512,-4264124;15,1,-8;26,10,10;27,5,1;38,2,6;39,5,-7;50,0,11;51,11,-6;62,0,11;63,6,-8;74,0,10;75,13,0;87,19,-3;249,-12,12
rua||antonio lima dos reis|pedra pinguda|36707350|981,-2154430,-4263190;982,-4,5;1014,-21,22;1021,-9,6;1033,12,-9;1075,-35,22;1175,-4,11;1185,-43,13
rua||antonio lima dos reis|pinguda|36707350|7,-2153825,-4263515;70,0,-5;289,26,-13;291,-3,8;450,-384,22;463,-19,24;467,-11,-9;491,-39,-1;501,0,-1;502,1,6;521,-16,-12;531,29,-6;537,-73,4;545,-3,13;549,-19,-13;551,0,10;563,54,11;569,-74,32;575,5,4;580,2,-28;587,4,19;590,-1,-22;594,-3,28;604,6,-7;620,32,15;627,3,6;629,3,12;635,14,5;650,-5,-18;657,685,-524;664,-677,545;682,1,25;684,-27,-5;687,40,3;697,-6,5;699,-3,4;705,-7,-10;709,0,-4;717,-20,5;719,3,2;725,-10,-2;1075,0,0
rua||antonio machado matos|pirineus|36704002|11,-2152626,-4263645;60,47,-18;61,1,4;71,14,1;73,-5,-5;77,9,2;85,8,-3;87,0,0;93,2,2;95,26,-8;201,-59,15
rua||antonio moura de oliveira guimaraes|fabrica|36700290|2,-2153648,-4264448;3,-8,2;46,52,5;51,-5,-8;52,-1,-6;60,2,1;61,13,-10;68,-2,17;73,6,-6;83,6,-5
rua||antonio neto|centro|36700176|18,-2153380,-4264456;20,6,0;26,-3,-11;29,0,7;44,6,-15;51,-1,-19;53,-1,8;59,-4,34;60,8,-33;70,-6,-12;73,4,-3;83,1,-8
rua||antonio rodrigues correa|bela vista|36702120|35,-2151309,-4263258;45,0,6;69,-6,25;73,-3,5;82,1,6;83,4,-3;97,-13,18;99,0,0
rua||antonio rodrigues correa|bela vista|36703000|1390,-2151325,-4263311
rua||antonio salomao|fabrica|36700298|7,-2153620,-4264244;10,-9,-5;13,9,3;19,0,-9;23,-11,1;29,13,-7;30,-6,-4;35,4,3;40,-1,-12;43,-17,-6;49,8,-5;50,7,-2;59,-18,-4;60,12,-9;65,-8,7;70,4,-8;71,-4,1;79,-2,0;87,-32,7;91,18,-11;95,19,-26;100,-11,-2;101,12,12;103,-12,-2
rua||antonio schetino|seminario|36705118|10,-2152893,-4264820;25,15,-26;27,10,0;29,12,-4;31,12,-2;36,-24,8;38,10,-5;50,2,2;60,14,-4;78,18,-4;81,-10,-2;92,17,1;95,-4,-1;103,13,-7
rua||aracy cesar|cohab nova|36705050|12,-2153330,-4264820;24,6,-4;38,14,2;50,18,1;62,0,0;74,10,-1;88,21,5
rua||aracy cesar|joaquim furtado pinto|36705050|27,-2153339,-4264816;41,1,-1;67,87,0;79,3,1
rua||argemiro a bittencourt|eldorado|36707022|19,-2153241,-4265116;22,-9,8;30,11,-1;31,9,-9;40,9,7;50,13,-8;59,-10,-5;60,16,0;69,-9,-26;70,8,28;76,13,-5;80,4,6;90,7,-17;96,3,-4;100,-2,8;110,8,0;120,14,-7;123,-1,7;129,5,-4;130,7,-9;140,5,1;155,2,5;159,10,-12;160,-5,6;6251,-78,-3
rua||aristeu lacerda moraes|jardim bela vista|36703186|80,-2151049,-4263478;101,-316,-38;110,-2,6;118,334,9;119,-4,0;121,-320,-5;126,-5,4;129,6,-1;130,335,-7;140,-328,19;141,7,-1;156,3,13;161,9,-5;166,-2,9;174,4,4;195,17,-1;196,-14,3;207,23,-6;238,22,10;240,243,-28;242,-14,13;250,-220,10;266,20,3;274,5,0;297,32,-10;309,5,1;310,-1,6;321,19,-7;334,-6,5;345,29,-6;355,12,-1;358,-20,6;369,23,-8;370,-2,8;381,21,-9;382,-18,6;398,20,4;405,10,-8;407,8,-4;431,26,1;443,16,-5;455,10,1
rua||aristides policiano da silva|jardim bela vista|36703200|10,-2151080,-4263212;18,17,9;30,4,1;42,21,-16;78,26,12;102,12,-6;108,5,-1;114,11,-4;150,35,-5;162,2,-6;174,11,-4;186,17,4;205,50,-18;313,-156,36
rua||armindo joaquim mourao|tome nogueira|36702532|7,-2150420,-4262272;27,-11,20;37,-5,6;67,-17,34;77,-2,0;107,-11,24;117,-4,4;127,2,18;137,-15,15;140,-312,50;150,8,6;160,11,-5;170,6,0;180,8,-1;190,10,1;200,13,-2;210,4,0;220,13,-2;230,7,0;240,8,2;250,7,-6;260,11,2;270,7,1;284,19,-4;306,31,-1;316,2,-3;326,12,-4;336,6,-1;346,12,0;356,12,-7;366,1,0;378,16,6;388,1,-6;398,10,-2;408,22,-4;418,-5,4;428,16,0;438,11,-3;460,20,-3;470,8,4
rua||arthur maranha|cohab velha|36704164|7,-2152571,-4264015;16,8,17;19,-1,-8;28,12,22;31,3,-8;40,2,10;43,9,-4;52,-3,8;55,16,-6;67,5,8;72,-5,4;79,9,-4;84,2,3;91,11,8;96,-3,-2;100,6,11;103,3,-10;108,3,6
rua||ary vasconcelos cunha|nova leopoldina|36707899|11,-2152042,-4263916;12,-8,5;23,19,5;26,-7,5;35,10,0;36,-5,1;47,17,6;57,9,-2;58,-12,-5;67,21,13
rua||astorico bandeira de queiroz|popular|36706030|22,-2152915,-4265600;29,4,-8;32,12,-2;39,-6,-2;42,14,-1;43,-11,-1;52,20,-4;62,4,-7;69,-1,-7;89,4,0;95,17,-15;115,15,-12;117,-1,3
rua||augustinho silvino teixeira de resende|tres cruzes|36700486|35,-2152541,-4262296;55,-7,-5;60,-17,-7;70,1,-14;80,-17,6;85,12,0;100,-22,-11;110,-2,-8;144,-33,-9;168,-22,-12;175,-5,-1;180,-3,-4;200,-19,-7;215,-2,1;264,-55,-29;274,-12,-7
rua||augusto de castro|bela vista|36702124|3,-2151456,-4263207;55,-52,-29;85,32,21;89,3,-2;155,114,63;175,-163,-86;177,26,15;187,94,53;201,12,10;229,14,6
rua||augusto de castro|imperador|36702124|19,-2151524,-4263242;20,-4,-3;92,54,33;102,6,6;108,-27,-14;116,36,20;199,94,67;206,-30,-32;212,5,5;222,34,13;236,-6,-2;281,-154,-84
rua||a|alto do cemiterio|36705300|68,-2151176,-4265428;78,8,-3;88,4,-14;98,3,-6;108,9,-5;118,8,-6;128,-1,-2;138,14,-11;148,4,-8;158,8,-7;188,19,-25;197,-4,0;198,6,-9;208,3,2;212,-15,8;218,29,-16;222,-39,29;232,0,-1;279,66,-53;287,12,-24;297,5,-12;317,5,-7;327,5,-19;337,5,-11;347,1,-5;357,8,-8;367,1,-9;377,2,-12;387,1,-4;397,1,-12
rua||a|tres cruzes|36700480|26,-2152453,-4262177;30,13,-24;32,2,9;49,13,-47;74,-3,31;99,5,-36;125,8,-25;151,1,-30;199,33,-38;200,1,0;235,38,-19;253,2,7
rua||belizario oliveira silva|centro|36700378|45,-2153510,-4263647;322,14,6
rua||belizario oliveira silva|fatima|36700378|90,-2153561,-4263695;95,6,-11;99,-6,8
rua||benedito valadares|fabrica|36700278|15,-2153812,-4264264;16,5,-8;17,-7,13;18,-10,67;19,13,-66;20,-4,28;21,-1,27;22,-9,11;32,17,-9;47,3,-14;51,-19,26;52,27,-24;70,8,-17;79,-9,-5;82,6,-3;94,7,-11;95,-3,-8;99,-1,11;108,3,-21;111,1,-5;122,8,-7;123,-11,-7;130,-6,12;133,20,-16;143,6,-7;144,-2,6;151,1,-17;154,3,6;160,9,-7;165,-7,-6;166,0,5;171,0,-19;172,12,10;177,-9,-11;194,5,-8;726,-68,143
rua||bernardino jose fidels|tres cruzes|36700480|31,-2152538,-4262356;35,-1,10;41,-11,-12;50,-15,-12;51,4,16;52,9,-14;68,-16,-5;71,-3,-1;72,0,-9;112,-27,-11;128,-13,2;142,-14,-7;157,-167,-103;163,146,100;167,-9,0;192,-9,-17;219,-25,-10;220,-8,-7;289,-47,-19
rua||bertolino cerqueira|ribeiro junqueira|36708600|27,-2145506,-4251404;156,130,-106
rua||brasilia|cidade alta|36703120|15,-2151661,-4263817;25,52,19;35,8,3;45,9,5;55,-126,-36;65,13,-4;75,4,6;85,9,3;95,11,-1;105,4,4;115,9,4;125,15,2;135,5,4;145,11,3;155,7,0;165,9,4;175,9,5;185,8,0;195,7,-3;205,11,0;215,12,1;225,12,2;235,6,-2;245,12,0;255,0,1;263,10,1;273,5,1;283,10,8;293,8,3
rua||b|alto do cemiterio|36705309|12,-2151042,-4265717;21,0,3;31,2,13;32,-3,3;41,0,5;42,-7,0;51,-4,9;52,-1,-2;61,4,8;62,-7,4;71,0,9;72,-3,0;81,-1,9;82,-2,2;91,6,6;92,-10,-2;101,3,10;102,-11,-6;111,8,22;112,-4,-14;121,5,22;122,-10,-3;131,5,12;132,-13,-25;141,14,33;142,-8,0;151,0,10;161,0,6;171,-2,18;181,-4,8;207,-17,31;208,18,-47;210,-2,6;211,-10,18;228,28,16;238,3,-7;248,6,-5;258,9,-8;268,8,-7;278,-1,-5;288,10,-11;298,1,-4;308,4,-4;318,1,-11;328,4,-8;338,4,-8;348,7,-19;358,1,-6;368,3,-5;378,-1,-11;388,6,-11;408,5,-16;418,-2,-9;428,8,-13
rua||candida fajardo lamoglia|cohab velha|36704176|2,-2152505,-4264177;14,5,5;26,5,4;38,12,4;50,13,5;62,5,9;291,14,3
rua||candido batista|piacatuba|36708000|7,-2148566,-4278580;19,-117,-28;70,65,22;180,-84,-28
rua||candido ladeira|centro|36704010|32,-2153100,-4263939;44,8,1;50,4,-3;57,10,9;60,1,0;75,15,9;80,-12,30;98,19,-19;106,12,11;108,2,-2;110,25,-36;112,-40,44;126,21,-10;150,16,8;164,11,16
rua||candido ladeira|pirineus|36704010|87,-2153039,-4263928;139,36,45;149,2,7;159,1,11;171,23,1;175,-10,4;201,23,10;242,22,17;250,20,3
rua||candido veloso|vila miralda|36707235|5,-2154042,-4264581;6,17,40;14,16,-1;17,-28,-16;18,4,1;20,27,23;25,10,-2;30,-22,-3;31,24,-8;33,-71,-25;36,66,2;37,7,25;39,8,2;40,-7,1;41,8,12;49,-2,-27;51,-20,-31;52,22,20;53,2,24;57,11,3;61,-93,-45;67,99,44;74,-112,-66;75,11,9;82,15,17;88,32,50;90,-7,4;91,84,-24;100,-114,-36;114,-41,-47;1095,138,86;1117,20,1;1125,10,-5;1129,14,5;1149,5,-15;1155,4,36;1165,8,-45;1169,19,14
rua||capitao paulino rodrigues|rosario|36704130|11,-2152560,-4264578;20,0,20;30,3,14;42,-1,-6;46,3,-2;52,10,32;64,0,2;85,4,19;100,0,16;105,0,0;112,5,15;117,1,46;122,1,-29;125,9,-7;131,-5,4;136,-4,11;144,8,11;145,-4,-9;152,2,7;154,-1,0;157,-3,3;170,4,14;177,-9,-44;178,-4,-33;190,16,79;211,25,17;232,14,1;240,8,34;250,-3,-45;255,-1,7;274,-2,-21;281,6,-4;288,1,-12;295,-3,2;300,-2,-16;320,-5,3;325,-4,-16;330,2,-9;333,-1,-14;342,-5,-4;345,-3,6
rua||capitao paulino rodrigues|rosario|36705130|13,-2152566,-4264561;21,12,2;29,-6,7;39,5,6;53,3,13;57,4,14
rua||carlindo mayrinik|fatima|36700368|11,-2153702,-4263691;14,-1,-1;26,-6,0;27,-1,1;35,-5,-5;38,3,-2;39,-11,-1;47,-4,-13;49,-1,-1;50,2,7;59,-14,-11;64,-2,5;65,-3,-1
rua||carlos rubens de castro meireles|centro|36705100|10,-2152768,-4264538;20,-18,8;22,-6,-4;32,-10,1;52,-8,7;54,-32,6;60,23,7;64,-1,-4;74,-21,15;98,-5,-9;102,-10,10;112,-8,-8;138,-7,35;296,-62,-48
rua||carlos schettino|sao cristovao|36702038|151,-2152570,-4263075;360,29,-11;370,-10,18;372,25,-50;374,-4,12;376,-9,41;390,-36,-16;400,20,20;402,-1,0;414,5,6
rua||carlos schettino|sao cristovao|36702041|14,-2152427,-4263433;18,0,15;22,0,7;24,-5,9;53,-51,144;56,21,-154;71,9,60;72,3,-34;76,-6,20;78,-5,-2;81,5,25;83,-8,18;85,-3,3;86,-5,6;91,15,18;92,-39,-18;94,22,24;98,-8,2;100,-14,32;101,3,16;102,16,1;103,-24,58;105,1,-53;107,25,36;109,-11,-6;110,-15,32;112,10,-78;114,2,31;117,-8,20;120,1,-25;123,-8,24;124,14,-2;126,-7,-4;127,-7,14;128,5,6;129,0,-12;131,-12,30;135,2,8;136,-2,-32;138,12,8;139,-19,38;147,-3,8;149,-5,25;300,12,-46
rua||carlos schettino|sao cristovao|36702050|3,-2152422,-4263440;5,-23,6;7,8,4;9,-1,15;51,2,13;57,1,5;63,-5,12;67,-5,0
rua||carmita monteiro|cohab velha|36704182|100,-2152424,-4264243;105,27,-26;138,-13,21;148,-183,-315;172,223,284;184,7,3;188,6,-10;189,23,-19;196,-11,17;208,8,-9;219,24,-29;222,-17,29;231,20,-39;260,5,15;267,17,-48;272,-10,32;284,8,-3;308,10,-24;326,-2,-5;330,0,-8;334,2,-5;338,1,0;346,6,-28;354,0,0;400,301,-306;422,-286,255;433,-3,-17;445,0,-9;460,0,2;464,5,-32;515,-6,-36
rua||castro alves|cohab velha|36704143|11,-2152731,-4263786;21,6,-18;28,7,-4;34,7,-6;35,-6,-2;37,9,-10;41,3,0;43,10,-15;45,1,-6;47,7,-5;52,-19,30;56,93,-53;60,-74,41;62,-18,6;65,31,-42;68,-18,36;76,6,-15;98,9,-8;110,9,-19;116,9,-7;140,8,-8;144,4,-3;160,19,5;170,9,13
rua||castro alves|pirineus|36704143|5,-2152737,-4263731;15,103,-159;25,9,2;31,-2,5;49,-134,142;59,153,-118;81,10,14;91,7,5;98,-158,100;101,155,-94
rua||cipriano pereira bahia|centro|36704006|389,-2152918,-4263714;391,0,-8;433,32,38;455,16,6;463,12,8;471,10,11;483,12,-4
rua||cipriano pereira bahia|pirineus|36704006|12,-2152833,-4263795;17,3,14;22,4,-3;27,-2,9;31,-4,1;32,7,1;35,13,-2;42,-20,28;48,0,-6;62,6,21;65,3,-7;69,-7,6;74,3,-8;87,5,13;93,14,12;110,-7,-3;114,4,9;116,20,14;117,-10,-9;120,16,16;127,-12,-10;147,21,3;170,-7,35;175,20,-3;271,-227,-112;279,2,-2;293,13,12;317,23,18;331,4,1;337,-4,8
rua||clarice furtado murtinho|popular|36706012|5,-2152684,-4265871;15,11,12;25,6,12;30,-10,-10;35,12,16;40,-9,-5;45,22,10;55,1,3;65,3,8;75,5,11;212,-39,-43
rua||cleber pereira salles|cohab velha|36704158|26,-2152557,-4263900;36,9,-7;42,0,0;48,3,-9;52,8,-1;60,-5,-6;72,5,-24;84,5,-2;95,-32,83
rua||colatino barbosa de castro|vila esteves|36704079|12,-2152686,-4264045;22,14,-6;32,-5,-10;42,0,-9;51,-7,-22;52,4,7;55,-13,-13;59,7,-3;62,3,5;69,-5,-17;70,0,12;71,4,-15;75,-8,-4;90,8,6;97,-15,-35;100,13,31;102,4,-10;107,-27,-40;117,3,-6;118,15,24;120,5,8;141,-27,-43;152,5,-1;153,-4,1;168,-3,-8;184,-7,-10;185,-11,-9;195,-1,-11;196,14,10;220,-16,-9;230,1,-6;255,-23,-15;268,-2,-24;282,5,-7;297,-9,-7;298,-6,-24;305,-4,11
rua||coronel olivier fajardo|centro|36700024|3,-2153109,-4263831;9,-10,-3
rua||costa montes|fatima|36700356|18,-2153765,-4263950;20,-2,4;22,-7,-8;26,-2,20;29,5,-17;32,-8,24;33,-3,-13;41,7,4;45,1,-4;459,35,-24
rua||custodio lacerda|sao luis|36707082|11,-2154262,-4265346;25,1,-2;26,8,-10;27,-3,6;28,15,-23;29,-20,30;31,11,-20
rua||c|alto da ventania|36707214|174,-2153550,-4264249;289,-315,-451;329,-6,-3
rua||c|alto do cemiterio|36705303|22,-2150996,-4265712;32,-14,-5;38,-5,-3;42,0,0;52,-6,-29;78,-17,7;88,-2,-12;98,-10,-9;108,-2,-8;407,46,92
rua||c|nova leopoldina|36707899|22,-2152156,-4263823;250,3,-9
rua||c|serra verde|36707899|4,-2151050,-4265752;99,-6,-14
rua||c|tres cruzes|36700480|19,-2152278,-4262170;42,21,11;54,7,-35;61,-24,22;110,37,-70;135,-9,-9;160,15,-24
rua||da maconaria|pirineus|36704020|5,-2152890,-4263861;10,14,-17;19,-30,12;29,11,1;35,-8,1;37,15,-3;43,-38,6;50,-20,1;51,28,-5
rua||da praca da estacao|abaiba|36700001|2,-2158973,-4249866;3,19,8;125,-32,-43
rua||da vila|sao martinho|36708000|17,-2164680,-4258018;7145,80,86;8110,-34,-43;8124,-79,-81
rua||daniel smith|jardim bela vista|36703204|25,-2151100,-4263092;26,12,7;27,-3,-7;46,23,6;51,8,-5;58,4,0;63,3,-5;70,5,2;75,8,-3;116,35,2;121,7,-13;128,7,10;133,1,-8;140,5,6;152,15,-1;193,38,-12;205,5,-3;229,18,-8;416,-141,31
rua||dario lopes de faria|bela vista|36702071|3,-2151977,-4263406;11,-20,-25;15,2,10;53,0,30;171,1,9
rua||dario lopes de faria|imperador|36702071|60,-2152164,-4263213;210,-3,13;215,-3,7;220,-8,-3;230,-6,7;240,-21,-18;250,-26,25;270,-16,23;369,26,-24
rua||dario lopes de faria|sao cristovao|36702071|20,-2151972,-4263402;28,-40,-13;34,0,8;46,23,21;55,-24,28;57,3,-9;60,-36,47;61,12,-18;70,7,9;90,-60,41;94,-6,5;126,71,-75;137,-76,88;144,71,-76;150,-8,2;165,-25,27;169,-10,6;176,0,9;179,1,3;182,-11,3;195,11,15;200,-22,-7;201,-44,60;203,-73,33;204,117,-93;206,-4,6;210,3,-10;218,-5,20;265,-114,86;285,-34,22;300,87,-48;322,-23,5;323,-22,11;330,26,-13;340,-26,-1
rua||das acacias|vale do sol|36706068|6,-2153330,-4266014;45,-94,69;46,47,-44;56,-2,11;66,-1,9;85,-15,16;86,-6,-5;96,-10,14;100,83,-72;106,-84,60;113,-5,11;116,-5,-7;126,-16,6;131,-13,14;135,-2,1;141,-20,10;149,-10,0;155,-11,8;156,25,-25;166,0,4;176,-20,4;186,2,16;191,-15,4;196,5,-4;206,-4,1;216,-14,7;226,0,-1;231,-13,11;236,-5,-18;241,-18,17;246,6,-4;256,-17,27;266,3,-36;276,-4,26;290,-4,8
rua||das flores|centro|36700156|8,-2153493,-4264438;11,4,3;12,5,-4;15,-3,-7;16,5,19;17,96,-3;19,125,0;20,-246,-6;21,31,-2;23,93,7;26,-159,231;27,177,-236;29,109,-6;30,-140,2;33,-70,7;34,3,1;39,207,-10;40,-197,3;41,-5,3;42,5,-1;47,2,9;55,11,3;58,-4,-5;59,9,0;64,-2,-7;67,1,3;72,4,-6;73,2,0;75,9,-1;81,6,10;86,-3,-6;96,7,11;97,10,-25;98,-3,18;101,-9,-28;109,15,28;110,5,3;121,11,1;124,-2,8;127,6,-17;128,-3,14;140,13,-2;146,10,2;147,-7,3;152,14,-6;153,-3,11;154,13,-12;155,-15,9;159,6,0;161,10,7;170,0,-13;171,3,7;179,5,0;183,2,-1;186,7,-10;189,-5,11;196,15,-12;197,0,9;203,12,1;214,-2,-4;237,9,19;240,-4,-8;242,8,-4;243,19,0;250,-7,3;257,15,-1;262,1,6;267,19,-2;279,-8,23;293,31,-7;327,29,2;329,5,2;333,6,4;355,15,3;363,7,3;373,8,3;385,12,4
rua||das flores|tome nogueira|36700156|10,-2157820,-4273881;20,1,-11;23,-8,-4;27,4,-10;28,-1,-2;30,-1,-13;41,1,8
rua||delcio werneck de moraes|vale do sol|36706054|40,-2153114,-4265840
rua||delfim ribeiro guedes|imperador|36702130|23,-2151603,-4263129;26,-9,7;28,77,24;35,-24,-3;36,-39,-17;46,8,7;56,11,3;71,14,-1;76,-1,12;92,16,8;106,6,0;143,37,15;155,-17,-10;156,8,14;157,17,7;166,-7,-1;167,16,0;176,-5,4;179,24,6;183,36,3;186,-55,-3;189,18,5;196,-8,1;206,6,2;220,17,11
rua||delvair pereira oliveira|alto da boa vista|36702178|6,-2151572,-4262858;13,22,-1;14,-9,0;22,3,4;23,4,-1;34,8,9;42,6,4;43,7,-5;50,-3,10;51,13,-7;58,-1,7;59,10,3;70,-5,5;71,8,-2;78,-3,2;79,12,2;86,-6,12;87,8,-12;96,3,11;97,5,0;106,0,5;107,6,-6;114,2,11;115,8,-5;122,-2,13;132,13,-3;133,1,-3;140,3,7;141,0,-5;148,3,11;149,6,-6;160,4,14;161,7,3;168,3,0;169,1,-6
rua||didi ramos|cohab nova|36705046|10,-2153198,-4264677;22,10,-8;51,10,7
rua||dirceu barbosa fajardo|rosario|36704128|5,-2152567,-4264582;34,45,-33;37,-19,22;39,13,-11;45,1,-17;48,7,10;50,6,-2;59,5,3;79,8,-11;80,10,8;84,-2,-16;85,-11,6;96,10,-11;105,12,-1
rua||do contorno|jardim dos bandeirantes|36707899|549,-2152598,-4264921;553,219,-107;565,-214,119;579,11,6;581,2,5;585,14,6;601,59,-27;609,23,2;619,-72,50;629,-1,5;633,2,-1;635,-1,-6;643,22,18
rua||domingos jardim junqueira|popular|36706022|16,-2152812,-4265599;17,10,-3;26,5,12;27,4,-6
rua||domingos zambrano|sao cristovao|36702065|2,-2152007,-4263010;11,2,5;12,-20,26;20,-9,-3;22,40,8;55,-31,-62;264,12,21;294,16,2;516,-19,8;520,-16,24;572,-37,-6;580,-17,-7;734,-123,-4
rua||dos britos|sao sebastiao|36702494|9,-2150577,-4262364;23,-141,4;25,-20,18;29,-85,33;30,-13,0;34,-14,-2;95,67,-4;145,98,-55;155,-7,15;167,-1,7;195,-84,31;197,2,-4;200,41,-42;204,-69,53;267,32,-33;283,22,-2;289,6,0;291,-1,-11;349,22,-4;350,5,2;361,14,-5;365,12,-10;393,31,-6;394,7,-3;395,-28,10;407,43,92;421,23,-100;422,-11,-7
rua||doutor ormeu junqueira botelho|rosario|36704124|8,-2152620,-4264513;10,8,-15;40,7,-7;68,10,-12;90,4,-20
rua||durval bastos|praca zequinha reis|36700264|18,-2153715,-4264441;21,-3,-6;29,-40,-8;31,42,6;34,-22,6;38,6,-9;39,3,-4;40,-6,-3;46,5,15;50,0,-32;53,-11,22;57,-22,8;68,26,72;72,-30,-86;77,5,6;89,11,-5
rua||edesio cafeeiro|joaquim furtado pinto|36705052|40,-2153251,-4264854
rua||edesio siqueira|jardim bela vista|36703214|8,-2150950,-4262863;19,-16,-1;26,60,-8;48,-30,7;50,107,-16;55,-102,10;60,7,8;67,-2,-6;79,17,-4;82,0,8;84,3,-5;91,11,-5;103,5,5;108,2,-1;115,9,-5;120,2,5;148,26,-4;187,39,-11;188,-12,3;200,10,0;203,15,-7;212,1,6;222,5,-1
rua||edmundo dias costa|bela vista|36703078|23,-2151614,-4263534;31,71,16;38,-63,-12;39,7,-5;49,6,1;50,-1,7;61,109,6;70,-87,-6;72,8,3;77,-13,-16;80,-45,4;81,56,2;93,9,7;94,6,11;98,52,4;100,-41,-6;101,49,24;106,5,-20;107,12,6;119,8,8;125,-64,-20;127,-3,6;128,38,4;130,-26,-2;131,2,-7;132,65,37;134,-50,-27;135,0,-4;137,48,23;138,-88,-19;139,96,27;143,-11,-9;144,-45,-17;145,-3,-5;148,3,0;149,61,39;159,6,-1;183,-3,-1
rua||edson b resende|cohab velha|36707899|42,-2152567,-4264135;58,-3,-16;74,-1,-14;82,-15,-11;90,-3,-7;116,-11,-25;130,-9,-1;146,-2,-24;160,-19,-5;170,-4,-12;180,1,-2;190,-11,-10;194,-2,-1;208,-8,-4;216,0,-3;226,-10,-7;240,-12,-1;266,-9,-9
rua||edson b rezende|cohab velha|36707899|55,-2152574,-4264140;61,0,-8;69,-7,-10;99,-8,-21;115,-6,-13;121,-11,-14;145,-4,-9;173,-15,-12;243,-33,-42;265,-22,-14
rua||edson werneck|vila miralda|36707247|33,-2154238,-4264695;52,-46,-11;66,-16,0;559,27,0
rua||eduardo clementino da silva|bela vista|36703021|92,-2152434,-4263688;98,155,-22;108,-140,28;111,57,32;118,-60,-38;121,70,39;124,-54,-31;125,-4,-3;128,20,6;129,41,22;130,42,-46;131,8,-2;133,2,-9;134,-56,59;138,-31,-33;139,93,-18;141,-49,34;149,53,-46;150,-79,32;153,85,-29;154,-69,13;158,26,30;160,3,-3;164,29,-30;166,-51,13;168,50,-12;170,3,-2;183,13,-4;184,55,-26;185,-41,10;190,64,-16;198,-6,4;210,10,-5
rua||edward xavier de souza|alto da ventania|36707223|23,-2153796,-4264650;36,-8,7;38,10,-4;40,-10,0;46,-13,6;49,0,-14;50,-5,-4;54,1,7;58,-2,3;62,-6,-3;64,-8,0;67,5,0;76,-17,-2;77,13,1;84,-19,25;85,19,3;92,-28,-25;93,37,-5;95,-48,-7;97,13,12;100,2,10;101,-6,-8;104,-17,2;111,15,-2;117,-8,0;126,-20,-10;135,-6,2;138,17,3;140,-19,-3;150,-2,15;155,-19,11;179,43,-13;185,-31,6;200,-14,-11;209,-30,29;210,-1,-3;215,7,-23
rua||elias abrahim|eldorado|36705064|6,-2153256,-4264939;11,-91,97;14,133,-122;15,-26,20;17,21,-18;18,-8,7;19,-11,-1;23,24,-2;24,-48,24;29,-25,14;35,63,-29;45,-3,3;49,-82,57;50,65,-63;58,-8,2;67,3,12;83,-8,11;90,-24,-1;101,9,3;105,-50,29;107,30,-11;110,16,-16;115,-15,14;120,-9,0;123,2,2;130,-17,10
rua||elias matos|asilo santo antonio|36705104|82,-2152844,-4264568
rua||elias matos|seminario|36705104|16,-2152988,-4264637;35,163,29;55,-2,20;75,-35,21;93,-7,13;101,-4,12;111,-12,-5;125,3,1;127,27,-32;135,-31,31;139,-4,-2;145,-4,2;146,6,3;147,-20,-6;156,1,-5;161,0,2;169,-10,-1;171,-3,-3;175,-4,-22;176,6,20;181,6,15;188,-7,-24;192,-11,-2;193,4,-10;201,1,-4;202,-2,2;207,-5,-20;214,-4,9;217,-2,-15;226,2,12;227,-18,-19;228,12,9;237,-8,-8;242,0,-8;257,-34,0;277,-15,-4;287,-15,-1;340,53,3
rua||elias veiga|eldorado|36707028|18,-2153285,-4265139;19,33,-18;22,12,-5;31,-11,2;41,79,-24;44,-7,13;71,-51,6;81,9,-4;87,15,-6;89,3,-5;91,-12,10;115,29,-8;130,10,13;131,0,-20;141,6,-2;150,2,-2;151,15,-1;158,-13,-2;175,26,-5;181,14,-3
rua||emilia constanca rezende|tres cruzes|36700502|41,-2152527,-4262238;51,22,2;56,42,88;61,-51,-72;88,-1,7;98,10,9;108,8,18;111,5,-10;123,6,14;135,8,1;140,0,12;145,13,-10;153,-7,15;156,15,12;183,15,15;184,1,6;193,6,5;205,4,6;210,1,-1
rua||emilia coutinho goncalves|providencia|36700001|8,-2166368,-4259720;21,28,0;25,-62,-20;46,71,28;61,-60,-48;415,69,49;422,-27,-13;423,-14,-1;424,-12,-7;430,-13,-3;438,0,3
rua||emilia ferreira goncalves|centro|36700188|15,-2153451,-4264406;20,-33,5;30,9,-4;35,16,2;54,8,1;101,1,0
rua||emilia levassuar rocha|alto da ventania|36700260|14,-2153821,-4264512;16,-7,-1;22,-12,-10;27,6,-21;28,6,35;287,64,-24;299,-16,-2;319,-26,17;321,10,-7;351,-28,-8;371,-9,-1;373,-8,-8;513,55,15;525,-30,-2;537,7,-1;545,-4,17
rua||emilia levassuar rocha|praca zequinha reis|36707899|207,-2153698,-4264574;225,-30,18;227,0,-7;233,5,1;235,-8,14;237,-7,-10;251,3,3;427,19,-5;431,28,-23;475,-56,47
rua||emilia levassur rocha|fabrica|36700260|5,-2153552,-4264543;15,-108,40;20,-7,-39;21,1,-4;22,-4,-19;34,101,23;38,-2,-9;47,3,-2;48,-13,-2;49,5,-4;53,-15,12;58,4,-3;61,-3,-9;64,2,-2;68,-10,-6;69,0,3;75,3,-2;76,-11,-2;81,0,-1;85,-1,-5;88,1,-4;89,4,9;95,-12,-11;96,-4,4;103,-6,-9;106,-11,8;111,-3,-10;125,8,-8;128,-15,-2;132,-9,9;134,2,-8;138,4,-7;139,-7,7;140,3,-12;142,-7,10;153,-10,19;154,-1,-6;171,-8,2;176,-10,1;179,-4,27;180,4,-27;186,-9,-2;192,-8,3;200,2,4;212,-14,16;218,-7,-17;226,4,15;232,0,-27;238,-3,28;246,-8,17;266,-26,-15;272,11,14;278,-26,4;286,2,-3;296,-5,-16;326,-26,45;336,-16,-22;356,-7,9;374,153,-50;470,-75,36;530,-49,4
rua||encosta da vileta|rio pirapetinga|36700001|2,-2159798,-4268726
rua||eneas de lacerda franca|alto cemiterio|36705134|12,-2152577,-4264800;15,-13,11;19,-4,-9;21,-7,-6;22,19,2;35,-21,-4;40,13,3;44,-10,-6;49,-6,0;53,-15,-11;56,13,-10;64,-10,-15;74,-3,-8;75,-14,24;84,1,-6;89,-11,2;96,2,-9;101,-12,4;105,-1,-4;112,6,-2;118,-17,-10;119,1,5;122,-4,-12;123,-9,4;129,-8,-6;132,14,-1;142,-5,-9;145,-10,2;151,2,-3;155,-6,-3;161,-5,-8;162,5,3;173,-8,-11;210,9,3
rua||eny lacerda sales|fabrica|36700288|1,-2153630,-4264488;13,12,3;16,8,2;23,4,-1;30,1,-6;31,11,-9;32,2,13;38,7,1;46,1,7
rua||erasto antunes de oliveira|popular|36706018|9,-2153005,-4265735;14,157,-5;19,-149,1;22,178,8;29,-167,-5;32,169,8;39,-157,-14;49,4,-2;59,12,-6;69,5,3;70,2,5;79,21,-10;89,-10,5;91,19,1;99,5,0;121,9,2;131,9,2;141,13,-3;151,10,6;161,5,1;171,14,2;227,-29,-2
rua||ercilia guimaraes|fatima|36700390|101,-2153807,-4263456;105,24,-28;111,-1,8;119,-8,6;130,-4,-5;137,-5,13;140,7,-8;143,-10,12;144,3,-5;153,-7,11;159,-12,7;160,4,-6;163,-6,4;171,-4,17;179,-9,7;180,6,-9;181,-1,6;196,1,5;235,3,34;238,-1,13;245,15,5;251,4,10;255,6,6;264,-9,4;273,32,0;277,-26,17;280,-3,-2;283,-12,14;292,10,-10;299,9,15;300,-6,-10;309,8,22;318,-12,4;321,-3,10;329,10,5;330,-6,-1;337,8,8;338,-9,-2;343,-10,19;354,-20,3;359,20,-2;361,1,0;365,-28,86;367,26,-85;375,-3,23
rua||espirito santo|cidade alta|36703126|69,-2151438,-4263749;74,-10,20;79,16,-27;82,-17,27;85,67,-197;89,-44,158;96,-11,29;99,14,-32;109,9,-10;110,-21,32;119,21,-32;120,-9,18;129,13,-36;130,-16,35;139,20,-36;140,-12,27;149,14,-36;150,-10,28;159,23,-41;160,-19,33;169,21,-43;170,-19,30;180,8,-1;181,15,-37;190,-8,20;191,5,-28;201,0,-9;211,-1,-7;231,3,-22;241,-2,-14;242,11,35;251,-9,-38;256,10,32;261,-16,-40;275,1,-9;292,11,8;302,-2,-12
rua||estela de melo|rosario|36704120|10,-2152657,-4264474;11,132,278;25,-121,-264;30,-7,10;34,12,10;35,47,119;42,-39,-108;44,0,0;46,-28,-42;48,48,59;50,3,-8;52,5,12;66,9,1;80,1,7;84,7,8;86,7,3;94,-42,-38;120,64,49;129,-63,-42;130,75,52;139,-57,-42;140,63,50;148,1,4;149,-51,-45;150,58,46;159,-55,-40;160,55,42;161,-43,-40;172,54,54;196,16,22;199,-55,-51;209,12,2;217,6,10;231,13,16;237,4,7;239,0,-10
rua||euridice de castro esteves|vila esteves|36704064|20,-2152804,-4264160;25,-8,3;46,10,-25;71,-15,-28;77,5,6;83,-1,-11;87,-5,-4;90,10,-12;91,1,-4;95,-9,1;96,4,-5;98,-8,-33;101,2,-10;105,21,28;108,-16,9;111,8,58;112,-15,-59;113,3,-1;117,2,-6;118,2,-3;123,5,-2;126,-10,-9;127,5,6;139,-4,-17;145,6,8;150,-3,-13;153,-5,1;160,1,-15;163,0,0;170,7,-10;175,0,-3;180,4,-4
rua||e|tres cruzes|36700480|21,-2152498,-4262402;35,10,-3;41,1,-25;49,18,14
rua||fajardo|alto cemiterio|36705140|119,-2152422,-4264847;125,-14,-4;137,16,-15;141,9,0;143,4,-8;145,2,-11;147,13,1;157,3,-13;159,5,3;173,7,-13;183,6,-8;191,4,-6;195,9,0;225,20,-18;235,5,-8;253,9,-16;255,-3,-6;265,10,-4;275,4,-10;283,5,-7;287,-65,77;291,71,-86;293,3,3;311,10,-10;325,11,-10;333,7,-15;373,23,-18;433,56,-29;441,3,5;457,15,-13
rua||fajardo|alto do cemiterio|36705140|5,-2152508,-4264823;16,-2,-3;37,403,-261;39,-393,261;41,0,-2;45,7,-1;49,4,-2;53,8,-2;63,-3,2;75,17,15;77,11,-21;78,-16,-5;80,7,2;89,9,2;120,30,-12;122,-7,-6;132,30,-17;146,6,-8;148,4,-8;158,10,-10;164,6,-10;170,-3,-1;172,3,12;176,140,8;178,-133,-16;196,8,-7;198,13,-5;208,-4,-2;222,5,-4;226,10,-5;228,-1,-8;230,5,7;236,-11,-16;254,31,-5;262,3,-2;270,-3,-17;276,86,126;300,-68,-150;302,6,-1;304,1,-3;306,3,-4;324,-2,-3;326,12,-13;342,0,-3;368,16,-20;370,24,-10;390,-11,3;394,8,-3;396,8,-3;416,12,-7;422,15,-4;428,0,-11;438,11,5;442,4,-3;444,0,5;452,10,-4;462,12,3;476,13,-18;555,43,8;559,4,7
rua||feliciana costa de aguiar|vale do sol|36706082|20,-2153424,-4265837;200,-103,58;549,139,-84;550,-20,18;555,4,6;570,-26,-2;580,-5,10;590,-3,2;600,-23,15;610,-1,3;620,-11,8;630,-9,4;640,-2,-1;650,-22,58;660,-5,10;670,12,-31;680,-40,-26;690,13,14
rua||fernando mendonca machado|alto da boa vista|36702150|41,-2151340,-4263082
rua||fernando novaes de oliveira|pirineus|36704012|12,-2152842,-4263806;14,-1,-3;21,-17,-58;26,4,55;37,5,2;47,-28,6;54,-4,-9;60,-7,2;62,-19,-5;63,73,-40;65,-55,47;71,-10,4;79,2,0;84,-10,-11;90,22,4;101,-24,-6;109,-7,-11;181,-30,-46;190,-5,-5;201,65,84;202,7,-2;210,-76,-46;212,2,-15;219,-12,-43;224,9,-6;225,2,-12;226,-8,-4;239,-29,8
rua||ferreira brito|tres cruzes|36700506|4,-2152750,-4262176;7,58,44;8,-26,-19;10,-96,-66;13,20,14;14,1,1;21,9,7;32,-8,-7;33,19,11;40,61,44;49,-124,-97;55,0,3;61,0,0;93,107,84;194,-115,-186;204,229,255;214,-231,-279;240,232,289;241,18,10;269,6,4;281,-15,-7;291,34,17;297,-4,4;315,34,11;357,12,8;363,2,-8;369,9,10;387,6,14;399,21,13;402,-124,-86;411,135,93;413,25,25;415,1,-10;435,27,28;465,12,6;489,24,9;490,-222,-155;768,249,175
rua||final da ismail avila|bela vista|36703015|1089,-2151370,-4263616
rua||flauzina chaim|praca zequinha reis|36700262|5,-2153768,-4264518;7,-27,29;11,43,-50;15,-46,48;19,-10,0;29,38,-30;31,0,4;39,-12,9;44,-4,6;59,-15,-2;60,13,0;67,-1,15;68,-15,2;70,2,-5;79,0,5;80,-11,-3;84,1,0;87,-42,-99;89,48,105;96,-15,8;99,17,-11
rua||francisco andrade bastos|fabrica|36700318|13,-2153425,-4263977;25,-16,6;41,-14,6;57,-13,2;69,-10,19;79,-16,-20;81,-1,1;131,-49,12;149,-14,4;175,-22,2;181,-6,4;191,-13,12;231,-37,-11;241,-9,8;255,-19,2;260,39,-6;287,-47,23;295,-14,-20;297,-7,0;309,-12,18;350,-29,-13;363,-9,8;364,-21,-10;371,137,-28;373,-121,26;374,-87,-30
rua||francisco da silva coutinho|popular|36706014|21,-2153031,-4265688;24,312,-137;33,11,2;34,-4,6;43,13,6;44,-5,1
rua||francisco de andrade bastos|fabrica|36700318|22,-2153444,-4263992;28,-35,-11;38,15,20;50,-5,15;132,-89,15;170,-20,10;186,-4,-10;190,-6,1;196,10,3
rua||francisco de souza lima|cohab nova|36705044|94,-2153327,-4264792
rua||francisco fortes da silva|bela vista|36703051|20,-2151893,-4263652;22,6,-2;45,-219,-44;48,0,-1;66,257,74;67,8,4;68,-17,-12;72,-3,0;75,5,3;77,2,6;91,-227,-36;113,276,44;194,-265,-4;195,-28,-91;197,8,18;199,-3,6;200,27,34;201,-6,13;202,-5,14;206,7,15;210,6,-2;216,5,0;220,-9,8;223,243,-11;224,-228,33;226,2,-16;228,-2,9;230,7,14;237,-1,-1;238,2,-1;246,10,8;248,2,-2;274,24,-16;280,-1,1;318,182,-33;346,-120,-12;356,-1,-2;372,14,-8;451,-78,56;461,-19,8;473,-2,5;483,13,-9;500,74,-58;502,124,23;505,-182,23;509,1,1;513,6,-13;520,4,9;521,4,-19;532,-1,12;538,9,-8;557,29,-23;566,-21,12;570,-10,11;790,55,-43;800,-10,-2;813,16,5;814,9,-2;835,9,-5;846,-14,-1;854,21,-4;864,21,13;866,7,11;893,58,27
rua||francisco jose de miranda|tome nogueira|36702524|40,-2150490,-4262268;54,-14,-6;62,-12,12;72,-3,7;82,-5,0;109,-11,31;119,-1,12;122,-6,-1;132,-3,6;139,1,8;149,-5,10;159,-6,14;162,-3,-12;169,0,13;179,-6,9;182,-5,2;192,-4,5;202,-1,4;214,-8,12;222,-8,12
rua||francisco luis correa|alto da ventania|36707186|23,-2153743,-4264692;26,13,31;56,-1,-13;57,-15,-28;64,10,16;65,7,6;66,-44,-14;96,15,-34;118,0,-13;125,4,5;129,-9,3;135,9,3;200,-11,-17;211,30,51;236,-29,-56;1453,37,51
rua||francisco luiz pereira|popular|36706034|20,-2153029,-4265686;40,9,-12;50,10,-7;60,5,0;70,8,-9;71,5,0;80,5,-3;110,20,-17
rua||francisco sales|abaiba|36700001|8,-2159120,-4249923;42,67,35;72,3,-3;130,28,12;140,5,11;156,8,13
rua||francisco schettino|vale do sol|36706088|40,-2153386,-4265662;50,-14,-9;60,-22,-6;70,0,7;80,-8,-8;90,-3,-3;100,-7,-9;110,-11,4;120,-9,9;130,-12,-14;140,-7,0;150,-5,1;158,-12,-7;178,-24,-3;188,-5,1;208,-12,-6;218,-8,-1;228,-9,-3;238,-14,-5;248,-12,-4;258,-9,0;268,10,-3;278,-20,2;288,42,9;298,-63,-12
rua||francisco siqueira barbosa|vale do sol|36706080|16,-2153480,-4265791;36,-6,17;46,-21,18;56,13,6
rua||francisco vieira oliveira|tome nogueira|36700001|18,-2158189,-4274115;27,0,11;40,-9,1;66,-6,15;90,-17,32
rua||franklin jose da silva|pirineus|36704001|9,-2152739,-4263649;23,5,-1;33,8,4;34,11,2;37,-4,-7;65,31,2;68,-8,11;81,16,2;85,-11,-2;93,17,9;95,94,-9;98,-105,0;102,9,1;104,12,6;105,-4,3;107,19,0;112,-7,-2;125,19,-7;132,-6,-15;136,6,7;154,16,10;162,2,-4;172,15,-5;182,15,2;185,-12,8;192,9,7;206,26,-11;220,0,12;232,21,-6;233,-1,-6;235,6,9;240,-3,1;249,13,2;250,-2,-3;253,12,-4;270,3,9
rua||frederico ozanan coelho|fatima|36700364|100,-2153772,-4263702;210,-9,18
rua||f|tres cruzes|36700480|57,-2152522,-4262361;67,6,-11
rua||gabriel andrade junqueira|centro|36700048|17,-2153338,-4263766;21,8,11;33,15,-3;47,-7,2;57,21,-1;63,4,-2;71,14,-5;83,0,-10;88,-1,27;90,19,2;97,-3,-11;100,10,11;150,-363,-211;167,405,218;169,14,-3;170,-2,10;179,9,-5;192,8,11;197,12,-4;200,35,20;213,-18,-15;225,4,-2;241,20,8;242,3,5;247,-1,-3;254,6,4;259,1,-6;292,14,14
rua||gabriel magalhaes|rosario|36704106|1,-2152905,-4264446;7,8,4;8,3,-5;11,105,-14;20,-104,23;25,17,-7;26,-13,-3;35,11,-14;44,15,7;49,1,1;53,14,6;63,-3,-3;67,13,1;70,0,0;75,0,5;83,2,2;86,19,-11;89,-14,0;94,3,5;96,21,5;98,7,-18;100,-7,0;113,-1,10;114,7,-7;116,-5,-2;121,0,3;122,8,-6;128,4,-2
rua||galdino cesar|tome nogueira|36700001|10,-2157920,-4273855;20,-4,20;50,-2,9;70,4,4;71,2,18;76,-6,-4;80,-1,7;81,5,1;101,-15,53;109,-3,6;121,-3,9;141,-3,14;159,7,15;201,-19,3;203,-1,2;210,-8,7;241,-8,43;249,6,-3;259,3,17;261,-16,9;265,-4,7;301,-1,5;313,5,21
rua||garibald cerqueira|sao cristovao|36702056|17,-2152252,-4263122;18,-14,2;21,-61,22;23,-8,8;52,87,-35;78,-39,20;80,-1,-9;92,-17,20;104,-11,-8;108,-7,4;120,-18,9;128,-9,12;138,0,10;489,60,-49
rua||garibald cerqueira|sao cristovao|36702059|2,-2152261,-4263109;25,-79,45;45,122,-66;49,-21,13;59,3,7;77,-20,-4;153,-74,21;237,-10,47
rua||gentil pacheco de melo|fatima|36700372|25,-2153765,-4263772;90,15,137;94,-12,4;160,-7,-43;166,3,67;170,2,-51;174,8,7;176,-6,0;180,3,4;181,-4,8;186,1,23;196,3,-16;204,-6,12;211,8,-80;214,-11,98;218,-10,10;233,7,-71;247,3,5;249,3,24;251,0,-14;253,-2,21;263,7,-1;265,-5,4;267,4,6;280,-40,83;317,26,-59;321,-3,16
rua||geraldo alves ferreira|jardim bela vista|36703182|70,-2151289,-4263415;76,-3,-9;91,-8,-31;103,0,-1;105,10,102;135,-11,-145;140,5,7;142,-3,4;145,-2,-10;151,0,-17;152,7,11;157,-7,-16;162,6,-1;170,10,-5;178,0,0;186,-9,-16;195,-12,-4
rua||geraldo campana|centro|36700016|42,-2153002,-4263618;88,-32,0;118,47,-3;122,8,2;126,-2,-4;160,21,17;168,14,-1;200,4,2;210,48,10
rua||geraldo galdino goncalves|imperador|36702134|18,-2151787,-4262853;33,19,30;34,-4,-28;35,1,0;39,-24,-6;68,129,-159;70,-4,-11;90,14,12;97,-130,208;103,144,-209;110,2,4;120,-6,-3;123,13,4;139,10,1;140,9,11;143,-2,-4;145,6,6;147,-3,-9;160,17,18;163,-5,-7;166,-23,-3;170,31,14;180,2,3;183,7,-5;190,6,11;193,3,-7;210,14,18;213,6,-6;230,9,14
rua||getomir pereira bela|alto ventania|36707182|5,-2153663,-4264852;9,-1,22;11,0,-4;13,5,-8;15,8,-24;16,-3,10;17,5,-18;18,-13,-38;19,11,-3;20,-25,15;21,16,-19;25,-18,25;38,-55,-40;49,25,6;54,-25,-6;56,-166,70;64,101,-60;66,-98,69;84,232,41;103,-118,-110;138,65,-8;170,46,17;180,14,-1;194,-95,-19;202,-40,10;226,26,5;236,-11,-9;256,-16,8;260,-5,7;266,-7,-4;300,-31,18;390,-12,14;400,-6,8;418,-3,4;430,-8,7;475,13,4
rua||getomir pereira bela|copasa|36707182|51,-2153676,-4264763
rua||gibson correa|popular|36706020|12,-2152819,-4265614;13,43,-145;20,-44,143;30,15,-32;31,-15,14;40,9,-13;42,8,-65;43,-13,67;45,66,-129;53,-1,45;55,14,-51;63,-75,113;65,83,-119;73,-81,106;75,87,-111;83,-85,103;93,5,-8;135,137,-121;145,4,-3
rua||gilda barbosa caminate|tome nogueira|36702522|1,-2150526,-4262316;2,-3,3;3,-5,10;52,3,8;53,-11,13;54,11,-10;60,-17,5;63,5,9;70,-5,-3;80,-5,19;83,2,-2;90,-10,5;93,4,1;110,-18,15;113,9,5;120,-8,4;123,3,-4;130,-8,13;133,2,5;140,-7,-2;141,-1,6;153,2,12;160,-5,2;163,3,0;170,-18,13;180,10,-4;183,-5,16;186,-9,0;193,6,3;200,-6,-4;203,-1,19;210,-6,-8;213,3,12;220,-3,-2;223,0,2;234,-7,13;239,4,1;240,-12,3;250,-1,5;256,-11,20
rua||goias|cidade alta|36703124|14,-2151288,-4263980;23,-35,14;24,33,-17;29,-37,20;34,25,-17;39,-43,25;44,31,-17;49,-37,18;54,27,-17;59,-29,17;64,17,-10;69,-28,15;74,21,-12;79,-28,4;84,18,-1;94,-10,4;104,-8,3;114,-11,1;124,0,2;134,-13,4;148,-11,3;208,-8,10
rua||goncalves neto|quinta residencia|36707120|35,-2154152,-4265277;40,-20,10;42,-25,23;45,8,-8;57,-8,10;61,31,-28;68,-18,14;76,-17,8;114,23,-10
rua||gustavo barbosa miranda|fabrica|36700276|11,-2153775,-4264382;14,2,17;36,-15,5;39,-6,8;42,-6,-8;44,-2,-12;47,-8,25;50,6,-11;60,-10,0;70,-10,4;71,-4,10;86,-10,-6;102,-11,2;111,-15,13;112,5,-15;122,-10,8;125,-1,9;134,-7,-5;373,39,-4
rua||haroldo maranha|bela vista|36703069|36,-2151625,-4263513;45,-2,-12;46,-4,-4;57,3,-1;69,-1,-9;80,1,-5;81,-7,-5;94,-1,-11;102,-28,-68;110,25,57;126,-13,-18;219,-7,-20;231,1,-1
rua||heitor ribeiro guedes|eldorado|36705074|14,-2153093,-4264872;21,19,-28;30,6,8;38,14,-10;45,4,-13;50,5,7;65,6,-7;79,14,-14;87,0,0;88,-13,3;91,107,-96;95,-82,82;105,4,-5;114,-12,7;115,22,-17;118,-18,10;122,8,-7;125,15,-7;132,-8,5;148,25,-15;165,16,-8;170,-9,2;175,13,-13;185,7,-12;193,3,-4;199,-23,25;200,21,-20;205,7,-4;210,-7,-7;215,21,-8;225,-1,-10;237,7,-4;250,-25,12;251,38,-48;253,-7,27;260,4,6;270,6,-10;331,-71,75
rua||helena andrade bastos|fatima|36700350|565,-2153858,-4264045
rua||helena barbosa guerson|alto da boa vista|36702168|9,-2151363,-4262890;19,16,12;27,7,-7;37,9,2;45,15,17;55,1,-24;63,9,-1;73,7,-5;81,8,0;91,9,-5;109,8,-3;117,-12,-10;122,20,16;127,16,-8;135,8,-3;145,4,-3;153,9,0;161,8,-8;162,-18,16;172,7,0;173,23,-12;181,4,-5;189,11,-6;200,-8,15;232,20,-23;242,9,-7;252,3,-7
rua||helena barbosa guerson|alto da boa vista|36702170|3,-2151375,-4262881
rua||helena domiciano flauzino|tome nogueira|36702512|40,-2150582,-4262314;55,-65,-3;63,-15,0;115,25,-11;169,-147,190;222,68,-142;238,-50,20;284,-21,44;285,0,-1;358,-17,69
rua||helena junqueira bastos|alto da boa vista|36700310|184,-2151600,-4262857
rua||helena junqueira bastos|fabrica|36700310|17,-2153613,-4264123;18,-2,-10;27,9,-3;28,3,-2;38,-26,182;39,39,-186;48,7,5;49,8,-7;64,3,8;74,8,-3;88,39,9;96,-18,3
rua||helena junqueira bastos|imperador|36700310|26,-2151730,-4262926;31,12,-7;32,-7,-5;36,5,11;41,9,-1;46,-3,2;51,12,2;56,-7,10;61,15,-4;76,0,9;81,17,1;86,-5,4;96,1,1;106,11,9;107,10,-2;111,2,7;116,0,-1;121,10,6;137,20,3;141,-6,0;151,-4,0;159,19,6;505,-115,-66
rua||heleno tavares resende|jardim fortaleza|36700618|84,-2151079,-4261024;135,-56,72;200,-33,37;205,-3,13;215,-72,100;256,54,-90;295,-13,36;310,-5,-3;315,-8,19;320,-68,-59;340,-2,127;375,31,-8;380,-42,10;400,-38,43;405,57,-38;455,-111,81;460,46,-40
rua||henoque fonseca|tome nogueira|36700001|15,-2158054,-4273937;17,-21,-113;25,-6,3;30,-6,12;35,3,-1;40,-5,7;41,2,5;50,-4,0;130,31,80;231,-34,48
rua||henrique de gusmao|piacatuba|36708000|14,-2148725,-4278750;21,6,76;36,0,-12;46,8,-3;109,-14,-66;110,11,-4
rua||henriques barbosa cruz|centro|36700092|20,-2153116,-4264241;22,-14,-23;26,-1,0;30,-6,2;34,-4,5;317,28,5;321,-15,-5
rua||hercilio de almeida lima|sao cristovao|36702044|8,-2152450,-4263160;12,33,-88;15,-10,-4;17,11,20;19,-6,2;20,9,-30;21,-3,43;24,-10,-19;31,11,22;33,-39,-9;35,16,28;40,4,-11;47,3,-1;65,-16,54;67,5,-40;69,-3,8;70,0,12;71,-31,-10;72,18,11;75,31,6;79,-14,1;85,-31,78;91,-17,41;102,38,-106;111,-3,12;116,-13,-2;119,4,18;122,-1,-3;131,22,-64;140,-24,77;142,-6,12;150,1,-2;176,-4,30;181,5,-11;190,-7,15;193,13,-6;196,-29,20;200,16,4;209,-16,38;221,22,-39;245,-15,22;251,-3,12
rua||hilario silva|ribeiro junqueira|36708600|36,-2145312,-4251471
rua||hilda maria fortes|sao cristovao|36702032|15,-2152672,-4263082;21,7,6;33,2,22;35,7,-11;45,-5,19;60,-1,9
rua||homero gesualdo|alto da boa vista|36702176|40,-2151537,-4262885;48,8,4;49,6,-4;56,1,4;57,0,-1;68,6,5;69,5,0;76,2,6;77,3,1;84,6,4;85,3,-1;94,2,11;95,6,-3;104,-1,7;105,4,-4;112,5,6;113,7,-2;120,-1,6;121,2,-1;130,5,3;131,1,-2;138,4,6;139,1,-2;146,3,2;147,7,1;158,3,4;159,5,3;164,-2,4;167,11,-3;173,5,5;176,-7,4;181,7,6;184,4,-2;192,14,4;193,2,-3;202,5,14;203,3,-7;211,0,-5
rua||honorio lacerda filho|imperador|36702114|11,-2151645,-4263201;21,-11,16;22,-108,159;26,2,13;36,98,-157;42,-1,-7;51,-17,27;56,5,-7;60,-1,8;70,-10,10;71,20,-22;81,-10,20;83,-16,9;84,-1,0;94,-3,7;104,-8,7;112,49,-70;114,-52,81;122,49,-47;132,-51,51;142,-6,15;145,2,4;152,-7,13;162,2,-3;164,-10,8;168,-14,11;193,3,9;200,-19,15;202,-1,5;207,11,-10;213,-3,-4;222,-17,26;223,109,-159;233,-93,148;253,-14,15;263,-5,6
rua||honorio rodrigues lacerda|praca zequinha reis|36700270|9,-2153870,-4264418;11,-13,1;15,3,-7;41,-8,-16;42,6,21;51,-5,-24
rua||h|pedro brito|36707043|219,-2153496,-4265452
rua||idalina gomes domingues|centro|36700020|38,-2152970,-4263571;44,0,1;130,5,-22;202,1,36;218,-2,1;230,-5,17;232,-3,7;236,6,2;246,-4,15;248,1,2;256,-20,0;270,20,20;292,-13,13;294,6,1;314,8,7;340,-8,16
rua||idalina gomes domingues|centro|36700024|29,-2152960,-4263579;201,2,1;227,-4,0;241,-13,21;243,0,44;245,3,3;269,-9,16;281,1,11;295,3,10;333,-1,4
rua||ierece cunha freire|nova leopoldina|36703110|20,-2152017,-4263943;27,13,-1;39,15,7;40,-6,8;50,6,0;53,15,3;60,-8,1;63,-1,-3;70,1,8;80,13,6
rua||iolanda costa|jardim bandeirantes|36705164|285,-2152411,-4265155;286,9,10
rua||ipe|bela vista|36702122|2,-2151333,-4263191;36,-47,-104;52,64,43;56,-3,2;64,0,6;66,-5,4;69,-57,4;84,-2,-26;88,59,45;100,13,-47
rua||ismail avila|bela vista|36703015|10,-2151410,-4263615;19,-909,-138;26,-83,-17;40,14,10;41,-2,1;44,-10,-13;49,18,13;51,7,7;57,23,5;61,-12,-2;66,-20,-10;67,41,8;69,-9,0;76,-22,-9;79,66,4;81,14,5;82,7,-10;84,14,-5;85,11,-3;86,7,-5;87,13,0;88,-15,7;100,-110,16;101,89,-9;103,71,-27;105,-10,7;129,19,-9;131,-46,15;140,-111,46;141,180,-65;142,-61,16;159,250,-75;162,-97,93;178,-191,-5;180,-9,1;182,17,-3;266,41,-16;270,9,2;295,-16,1;305,736,153;324,-638,-177;425,-59,10;460,0,6;500,31,-8;514,24,-2;520,-157,37;533,201,-43;537,9,0;545,11,-3;546,-75,8;547,4,16;557,93,-24;559,4,-2;561,5,-1;565,3,-2;567,9,-1;568,-19,5;570,25,-3;574,-17,7;577,0,0;581,48,-15;583,13,-2;585,-99,21;588,109,-19;591,-91,14;592,55,-7;594,6,3;595,23,-14;597,19,-21;598,-37,33;600,14,-7;605,27,-5;609,13,-3;611,3,-18;613,-354,85;615,358,-72;620,-19,8;624,335,356;625,-302,-361;629,-76,-1;631,-144,29;637,227,-27;638,-158,20;650,149,-14;651,26,-2;660,-8,1;663,49,8;665,-14,-5;670,-25,-1;671,59,3;675,-3,3;679,9,3;680,-56,-8;685,65,12;700,-50,-7;716,30,3;722,10,10;729,67,12;730,-62,-11;736,5,1;749,85,11;752,-54,-4;753,60,7;760,-60,-8;770,10,3;778,12,-1;800,28,6;845,58,10;850,-7,9;851,16,-2;855,-435,-36;857,445,42;859,3,-3;863,8,4;887,10,5;893,8,3;894,-440,-52;899,456,54;926,84,34;928,-133,-44;934,-3,-2;944,-288,-56;946,-165,17;950,603,117;958,-121,-67;960,76,45;966,-69,-43;970,135,105;1002,-103,-95;1016,50,9;1052,-31,-2;1106,-32,-16;1120,21,6;1127,21,10;1131,-1,-4;1132,-16,-6;1135,19,17;1141,7,-7;1145,1,-1;1153,18,5;1170,0,7;1176,19,5;1180,3,21;1185,11,-1;1189,-5,4;1193,0,6;1201,7,10;1212,9,6;1215,-6,8;1227,4,10
rua||izauro bretas|fabrica|36700320|3,-2153656,-4263904;4,-6,-23;6,2,5;19,12,29;26,-4,-16;40,3,31;51,-18,6;54,21,2
rua||i|eldorado|36707006|18,-2153445,-4265098;80,22,8;98,-4,6
rua||jaci tavares|tome nogueira|36700001|2,-2157906,-4273828;20,6,2;30,16,3;60,15,6;90,36,5;106,53,20;120,23,-57
rua||jader castro barbosa|vila miralda|36707241|12,-2154029,-4264490;15,15,-1;16,-6,15;20,4,2;25,-12,2;26,-1,3;30,5,3;33,14,14;39,-16,1;40,1,-6;130,-14,54
rua||jair gama|tome nogueira|36702530|7,-2150422,-4262270;17,-14,14;18,4,-7;27,0,7;38,-4,10;48,-7,6;58,-4,14;66,-8,4;67,5,4;78,-9,2;98,-7,15;107,4,11;117,-12,19;118,-1,-15;128,-5,7;137,-1,17;138,-6,1;148,-3,10;158,-9,4
rua||joao alfredo de carvalho|piacatuba|36708000|37,-2148403,-4278291;39,-7,51;174,-7,-88;205,9,-1;221,3,95;235,3,-58;253,6,12;311,-43,98;325,32,-88
rua||joao barbosa dias ladeira|piacatuba|36708000|225,-2148813,-4278880
rua||joao batista ferreira|tres cruzes|36700482|482,-2153999,-4261266;483,-72,-14;655,972,-740;666,-60,44;681,3,7;736,-51,126;755,24,35;806,-13,15;855,46,58;896,-38,39;965,-11,115
rua||joao bonin|jardim caicaras|36706210|70,-2154075,-4265706;78,0,0
rua||joao botelho|quinta residencia|36707126|25,-2154092,-4265228;37,-8,15;43,-13,10;60,-2,5;839,26,-33;863,-9,10;865,0,-1;867,-15,16;881,24,-27
rua||joao de almeida cruz|vila esteves|36704055|4,-2152837,-4264134;7,11,21;11,39,108;16,-54,-132;26,6,-14;30,7,54;39,1,7;49,4,2;50,-1,11;59,-3,-6;69,7,18;70,2,3;75,-1,0;79,7,3;84,-8,9;87,1,0;90,3,0;93,5,8;96,-5,4;99,1,3;102,-5,11;105,5,-8;109,6,8;110,-2,-3;116,-4,7;119,6,-5;121,12,-3;126,-13,16;129,11,9;138,-2,-10;141,-6,17;142,13,-4;146,-8,9;147,4,-4;152,2,8;155,-5,-4;159,11,7;160,0,3;176,3,16;177,-4,7;180,-10,6;181,11,-8;182,4,21;187,-3,-12;193,6,-3;200,6,20;205,-8,-5;212,4,28;220,-20,-9;221,20,0;233,-1,10;239,-5,11;246,3,8;253,2,6;260,-3,-7;263,1,9;273,19,14;286,-22,5;292,3,3
rua||joao ferreira vargas|jardim lisboa|36707260|10,-2153882,-4264234;18,-4,-6;20,-2,0;33,-30,117;44,16,-114;51,-22,23;90,-15,18;105,14,15;111,-12,-17;115,28,32;127,-16,3;132,-3,12;139,3,5;144,8,12;151,0,-2;156,-2,10;163,6,5;166,-22,-54;175,26,66;176,-5,2;187,6,2;188,-2,3;199,7,17;200,-5,9;211,7,-7;222,-6,14;227,8,-2
rua||joao ferreira vargas|tres cruzes|36707260|454,-2153631,-4260768;472,-82,-114
rua||joao francisco dias|alto da boa vista|36702154|12,-2151466,-4262954;22,7,-2;30,2,-3;40,16,-12;48,7,8;58,11,-8;66,2,1;76,7,-3;84,12,-2;94,6,-1;102,6,-2;112,16,-5;120,0,-3;130,9,0;138,11,-5;148,6,0;156,6,-1;174,16,-5;184,11,-4;192,3,-1;202,13,-2;205,-1,-11;210,6,11;215,5,-10;220,3,6;223,6,-12;228,1,11;231,5,-13;238,3,9;241,1,-9;246,5,7;249,4,-10;256,9,7;264,-4,2;274,17,-3
rua||joao gouveia|sao cristovao|36702086|7,-2151862,-4263229;9,-1,11;11,-6,-5;21,-1,9;33,-6,-2;35,-1,11;47,-3,15;56,-8,8;66,-45,-29;68,53,16;70,0,-11;75,-2,26;76,-12,5;82,-8,7;94,-12,11;95,24,-15;101,-7,14;111,-9,-1;116,-4,11;135,11,18;138,-26,3;140,54,-87;141,-49,98;145,-50,-9;149,25,0;159,-16,8;160,1,-13;171,1,2;189,-12,2;200,-20,-1;209,13,-3;210,-5,11;211,-41,-43;214,25,17;219,10,19;220,-26,-2;221,-4,-22;237,3,18;251,16,-3;257,-23,-9;259,2,-8;261,1,-4;263,0,24
rua||joao gualberto|centro|36700152|17,-2153424,-4264349;29,19,-2;30,-18,1;34,17,-7;39,30,-2;40,-20,4;48,2,0;52,3,-5;53,9,4;61,7,2;62,-7,-10;63,10,-1;69,4,7;70,2,-12;80,-4,-1;81,11,18;85,-3,-13;89,11,-1;92,11,-1;102,-10,-10;104,5,7;108,3,1;113,9,-1;126,18,-1;129,-5,-1;149,19,3;175,10,2;191,30,-4;230,17,12;241,13,-2;245,-30,0
rua||joao jose monteiro|pirineus|36704008|171,-2152952,-4263814
rua||joao lamarca|centro|36700104|44,-2153354,-4263878;60,24,-16;66,0,-10;74,6,6;88,14,20
rua||joao malaquias|jardim bandeirantes|36705166|5,-2152478,-4265068;17,-129,6;37,5,-3;39,10,-5;41,-1,-4;44,-11,14;46,2,1;48,28,-11;49,-16,-5;57,54,-7;71,-24,11;78,5,3;85,1,-4;88,16,8;90,-6,-2;95,-4,-12;98,51,8;101,-40,2;111,12,-8;117,13,6;119,-8,-6;145,13,0;147,16,8;150,4,-4;155,19,3;160,-5,1;161,16,-8;164,-16,7;173,20,-6;174,-8,4;184,9,3;185,8,-6;189,3,3;191,5,1;193,4,-3;197,7,-1;198,-4,16;199,11,-9;200,-1,-16;201,1,-1;203,1,19;205,-40,8;209,42,-4;210,-22,-11;213,26,13;219,7,10;220,-22,-17;224,54,-2;230,-68,-4;260,12,4;270,40,31;355,13,21;369,3,7;371,3,4;412,7,9
rua||joao meneghite|jardim bela vista|36703208|21,-2150853,-4263031;32,-13,-3;57,25,32;58,-20,-18;81,33,35;84,-9,3;87,10,-2;93,6,9;117,9,26;118,-12,-23;129,26,27;152,-5,14;177,23,14;200,33,53;201,-19,-26;213,15,12;225,0,4;245,17,18;253,2,2;261,10,9;275,12,17;973,-163,-220
rua||joao neto|centro|36700192|5,-2153489,-4264349;10,2,-7;18,-15,-8;23,0,-7;38,17,-3;39,-10,-7;42,7,-1;45,10,73;46,-14,-78;53,-3,-14;54,11,3;65,7,77;69,-15,-20;70,-6,-67;79,-10,-17;80,10,11;83,16,72;121,-20,-119;123,0,1;174,215,541
rua||joao paulino barbosa|sao cristovao|36702050|1,-2152383,-4263344;2,-3,4;3,-75,-4;5,23,-17;7,6,3;8,10,0;21,-8,-7;31,13,12;36,-11,19;38,11,-1;41,8,-12;45,44,44;46,-11,-13;47,-14,-10;48,31,25;49,-38,-50;50,33,43;51,14,16;52,-44,-34;54,27,22;56,19,18;61,6,-1;68,-53,-39;70,79,71;71,-16,-20;72,40,36;77,7,1;78,17,11;79,-56,-43;82,36,43;85,7,-5;90,14,8;91,1,1;100,-82,-70;119,84,81;125,-5,6;130,-2,22;131,20,-19;141,1,-6;142,6,26;146,0,-18;150,-1,-1;151,-9,-2;161,18,-2;171,-1,0
rua||joao paulo i|fabrica|36700292|18,-2153524,-4264465;19,-7,-19;21,-13,14;22,-11,17;30,20,-9;36,-6,-17;139,24,17
rua||joao rabelo tavares|seminario|36705112|6,-2152900,-4264764;14,-11,-1;26,-4,-12;28,-5,-5;38,-1,-1;42,-9,-3;44,1,-8;53,-17,0;56,6,-4;65,-30,-10;66,38,-3;67,-19,6;70,1,-7;71,-9,8;83,-3,-4;95,0,-5
rua||joao rodrigues de andrade|fabrica|36700300|26,-2153626,-4264332;28,-5,-7;38,25,-6;40,-5,-7;48,8,8;63,2,-12
rua||joao samuel|fabrica|36700306|16,-2153493,-4264209;21,7,0;35,-7,-1;39,-10,-3;40,3,11;45,5,-1;60,-35,62;65,7,-79;80,-1,39;85,-18,-15;100,61,-3;105,-83,-13;120,13,18;130,-12,8
rua||joao teixeira de moura guimaraes|bela vista|36703015|43,-2152429,-4263572;49,16,1;53,-8,4
rua||joao teixeira de moura guimaraes|bela vista|36703024|91,-2152394,-4263595;101,6,2;103,5,11;119,4,-9
rua||joao teixeira de moura guimaraes|bela vista|36703027|10,-2152019,-4263527;12,220,-92;30,-633,41;66,22,1;84,11,3;89,23,10;98,-9,-13;108,10,-15;120,5,2;130,2,13;132,10,-12;144,11,-2;154,5,3;164,5,-6;178,23,6;183,-13,6;188,15,-5;189,-5,1;197,-2,0;200,18,-3;205,8,-4;215,-5,-6;221,13,12;231,5,-10;235,-4,0;274,32,7;286,9,-10;298,14,6;300,17,-7;359,32,-4;375,23,12;376,73,42;377,0,22;385,-73,-64;393,13,7;397,69,60;405,-60,-51;408,-9,7;413,13,-8;419,-2,3;422,-2,9;431,12,5;436,0,5;447,7,6;456,1,-9;461,6,14;466,-4,14;475,12,-10;476,9,-1;486,10,10;492,-1,7;500,4,-7;516,3,9;526,14,7;550,24,2;798,169,-92;808,4,15;834,15,7;840,10,2;856,10,-3;866,3,4;872,10,-11;880,9,0;892,2,-8;900,10,-19;906,-5,10;946,25,-17;953,33,-33;969,-12,12;970,-42,39;971,66,-54;976,-24,22;977,2,-10;983,-22,13;985,-3,7;994,27,-7;998,7,-9;999,15,-22;1002,28,11;1004,-31,4;1006,-3,3;1020,16,-9;1032,11,-5;1050,13,-4;1070,41,-8;1080,-17,-3;1087,280,86;1090,-269,-82;1097,-11,4;1102,26,0;1110,22,1;1112,-33,-8;1115,19,1;1121,14,2;1125,-29,1;1140,30,0;1150,0,4;1155,22,-3;1165,-4,2;1170,11,2;1185,14,7;1188,2,-1;1195,7,5;1204,-3,-1;1205,10,4;1219,7,5;1229,10,10;1243,6,3;1257,5,7;1277,18,12;1278,11,7
rua||joao teixeira de moura guimaraes|bela vista|36707899|555,-2152035,-4263521;583,21,1;584,-2,-14;600,20,-16;611,-18,26;615,5,-10;618,13,-6;623,-2,6;629,4,-11;630,9,5;632,3,-12;639,-4,-9;645,6,3;656,4,-5;659,0,-6;671,7,-13;672,2,-5;674,0,7;680,11,-4;702,6,-11;703,-2,5;709,18,-18;719,2,-2;722,-8,9;726,33,8;735,-15,-13;737,11,-6;739,-2,0;745,12,1;747,-6,-4;749,8,5;771,5,3;785,17,3;805,10,6;807,1,5;811,6,1;857,38,6;893,9,-13;914,-29,12
rua||joao vicente locha|pinguda|36707352|40,-2153814,-4263552;45,7,-16;57,8,-9;69,-12,-22;75,10,-17;83,0,11;87,-3,-16;90,5,7;97,-11,-12;100,8,16;106,-2,-21;107,-5,1;110,3,-1;126,-4,-12;130,6,-5;132,0,-1;150,-19,-1;186,-13,32;196,-4,7;206,-7,5;216,-8,19;233,0,9
rua||joaquim do amaral teixeira|providencia|36700001|5,-2166162,-4259720;6,-13,8;13,-56,6;14,-44,22;69,-23,-5;91,38,-8;101,47,-3;167,74,-24
rua||joaquim ferreira brito|rosario|36704110|12,-2152701,-4264535;14,63,-72;15,-73,57;18,16,14;23,1,-7;26,-6,-4;32,87,-9;33,-75,12;36,6,-4;39,0,-21;49,2,8;52,-2,-3;59,-6,-10;60,16,10;63,7,-5;66,-2,1;69,7,-6;70,0,0;77,-2,-2;84,20,-6;86,31,-73;87,29,-1;88,-60,83;100,-8,-21;102,7,-10;107,34,24;110,-30,-20;116,4,-1;117,11,-4;130,5,0;134,-10,-11;141,10,-13;142,6,7;148,4,12;149,-30,-41;158,37,27;160,3,-11;171,1,-9;176,5,-1;184,8,-1;187,-26,-38
rua||joaquim furtado de menezes|pirineus|36704052|435,-2152818,-4263847
rua||joaquim garcia de oliveira|centro|36700184|3,-2153533,-4264527;122,33,70;126,-4,-6;130,7,-1;136,2,-25;143,-13,5;144,-3,-10;175,-17,-27
rua||joaquim menezes|cohab velha|36707899|26,-2152788,-4263858;36,4,4;41,15,-17;46,-6,19;55,16,-8;74,9,-3;76,10,6;90,26,-16;100,7,-2;101,-6,-5;130,26,-15;131,-8,7
rua||joaquim murtinho|fabrica|36700272|17,-2153781,-4264406;19,-21,4;31,-1,3;33,-14,-5;47,-8,-7;57,-12,2;59,-9,1;79,-14,5;91,-12,3;103,-12,10
rua||joaquim murtinho|praca zequinha reis|36700272|3,-2153875,-4264384;4,109,-11;6,-9,-3;14,-44,0;26,28,5;28,-8,-11;40,5,-9;54,-29,14;56,5,-1;60,-17,-11;66,8,6;76,3,-14;110,-47,15
rua||joaquim pereira de oliveira|bela vista|36703048|29,-2152062,-4263705;41,6,7;46,-4,-3;49,5,4;50,8,10;59,-3,3;84,13,-11;90,4,23;95,7,8;98,-14,-1;100,5,9;102,9,-1;109,21,-1;110,-16,6;114,9,4;115,18,-15;121,0,0;130,-11,4;135,18,-8;136,-5,13;138,-7,2;145,31,-23;146,-19,13;154,5,-6;155,14,-8;165,6,-7;167,9,3;199,23,-5;205,9,-7;219,6,10;225,5,6;247,24,-1;255,21,3;264,0,2;265,6,-3;271,11,5;280,-2,11;294,24,-2;314,13,-5;322,11,0;330,1,7;376,74,-17;380,6,-1;846,-207,1;854,32,0;953,172,10;956,-35,6;977,-1,-13;999,13,3
rua||joaquim pires barbosa|fatima|36700384|6,-2153649,-4263662;7,18,-69;10,-23,92;11,8,-41;17,4,6;18,-8,22;23,-1,-4;28,-3,-10;30,13,1;31,-15,8;35,19,-1;37,-1,-1;38,-17,-6;42,-1,9;44,10,2
rua||joaquim xavier assumpcao|alto da boa vista|36702174|4,-2151510,-4262906;10,8,-4;11,4,-4;18,2,7;21,7,-5;32,-3,8;33,10,-5;40,-1,13;41,7,-6;48,-1,10;49,8,-4;56,0,6;57,8,-3;68,4,10;69,1,-7;76,0,10;77,10,-7;84,-3,13;85,8,-11;94,1,12;95,8,-1;104,-1,10;105,9,-7;112,1,11;113,2,-6;120,6,9;121,3,-6;130,-1,9;131,5,-5;138,1,15;139,9,-7;146,-1,4;147,6,-3;158,2,12;159,8,-9;167,4,3
rua||joaracy moura de mendonca|fortaleza|36700616|48,-2150936,-4261158;120,-14,-3;202,-138,-22;240,-34,-8;252,-12,-9;271,205,48;317,-31,-6;325,40,7;337,-21,-8;345,-8,-1;346,-8,-3;347,-123,-11;351,112,6;353,-43,-20;354,-6,10;363,-4,6;386,-11,-7;388,-10,-1;402,-110,-32;417,93,30;418,-22,6;439,-79,-34;440,6,-14;445,12,18;452,-6,-1;525,9,5
rua||job figueiredo|fatima|36700362|2,-2153779,-4263819;3,-13,1;9,6,11;19,4,12
rua||jonas bastos|fatima|36700360|9,-2153684,-4263839;25,-17,4;34,-5,-3;35,-3,10;46,-7,0;49,-15,11;66,-3,-2;75,-10,8;84,-2,-1;96,-5,4;99,6,12;104,-17,-6
rua||jones rocha|eldorado|36707008|4,-2153449,-4265106;16,7,-15;20,-19,22;42,154,36;48,-15,-8;54,8,-11;182,-52,-114;220,-29,4;246,-21,16;256,-4,8;266,-4,4;272,-49,83;279,114,-111;286,-75,48;289,-12,22;299,6,24;345,-31,18;355,1,3;365,0,-6
rua||jose alves goes|tome nogueira|36702528|19,-2150445,-4262293;21,-16,19;39,-13,18;49,0,10;79,-15,22;109,-17,26;110,2,-14;119,-8,20;129,1,9;130,-2,-11;139,0,16;140,-2,-4;149,-10,15;150,0,-5;159,2,10;160,-4,-4;167,0,16;170,-8,-1;180,-2,7
rua||jose antonio lamoglia|fatima|36700380|39,-2153615,-4263699;41,0,19;50,21,5;76,-8,1;79,9,6;80,-6,-10;94,14,13;99,-3,-2;100,1,0;108,8,-1;110,-17,-3;112,30,19;687,-85,-53
rua||jose aragon pinheiro|bela vista|36703057|17,-2151966,-4263458;25,-8,-12;33,1,-8;39,13,-8;63,2,-8;82,29,0;100,-1,-32;116,14,-5;126,6,2;134,14,-2;146,2,-1;152,10,-4;158,6,2;166,10,5;202,13,9;216,14,-6;226,16,-10;238,12,13;265,8,-7;272,16,4;273,-2,-2;274,-10,3;281,21,-4;291,3,2;305,11,2;319,19,7
rua||jose aragon pinheiro|bela vista|36703060|38,-2151958,-4263494;60,13,-4;64,1,-6
rua||jose aragon pinheiro|bela vista|36707899|91,-2151936,-4263514;101,2,-13;103,6,2;113,4,-8;119,7,-3;125,6,-2;131,10,-2;147,-1,-2;157,18,10;169,19,6;189,9,-2;195,15,-1
rua||jose batista da silva|providencia|36700001|10,-2165877,-4259438;60,10,10;62,-14,-12;63,-18,-7;71,-38,-30;231,-22,0;6742,85,39;6760,-66,-36;6773,6,9
rua||jose camilo ferreira|quinta residencia|36707128|17,-2154105,-4265157;20,36,-40;21,7,4;34,-13,1;35,-13,10;42,17,4;45,-6,-7;51,-10,12;65,-19,11;66,11,-3;73,-6,11;74,-10,-5;80,3,0;88,-12,12;90,16,-15;98,-11,15;101,-26,24;108,13,-19;122,-11,13;132,-6,4;140,-18,8;150,31,-18;160,-33,32;161,-2,0;166,3,-1;183,15,31;185,-18,-21;194,-26,12;199,37,-13;210,-45,12;214,-5,0;819,122,-118;910,-80,91
rua||jose carlos lopes|alto ventania|36707180|12,-2153680,-4264931;16,12,-9;20,3,-4;21,-18,0;30,4,-12;37,-20,-8;38,-47,10;41,28,-42;42,6,-1;43,-67,23;48,81,9;51,-87,1;52,29,-13;53,-73,-182;58,25,188;61,-46,11;63,-58,11;65,212,-42;96,-16,22;97,10,9;100,-25,-18;108,-1,0;121,-15,10;137,-12,-10;147,-9,-1;159,-6,14;169,-9,-7;170,-28,-13;177,91,5;179,-76,14;201,-24,3;203,141,37;221,-156,-48;233,-2,8;238,6,-18;242,-7,23;250,-16,-14;251,4,21;254,-7,-40;268,-3,39;296,-14,6;310,-23,-5;319,76,10;322,-82,-6;364,83,-16
rua||jose de melo lima junior|popular|36706006|7,-2153019,-4265655;9,118,78;10,-48,-35;208,-48,-27;321,181,80;331,8,7;332,5,6;351,8,6;361,7,4;371,14,10;381,12,4;391,7,4;401,9,-1;411,8,4;421,9,5;431,8,5;441,7,3;451,10,4;461,2,3;471,13,6;481,7,3;491,4,6;501,12,7;511,6,8;521,3,10;531,6,5;541,6,9;551,7,7;561,4,9;571,9,11;581,0,7;591,5,8;601,7,6;611,16,22;631,1,0;639,4,7
rua||jose de souza lima|bela vista|36703033|17,-2152264,-4263526;27,6,-10;33,2,-11;37,13,13;39,6,-14;45,1,9;57,3,-4;67,30,-21;85,1,-10;115,23,33;131,2,8;137,12,17;143,-3,-8;155,4,9;165,4,11
rua||jose e dutra|sao cristovao|36702083|80,-2152047,-4263232;100,29,-1;112,-2,8;113,20,18;120,-22,2;121,13,-9;135,11,5;139,1,5;142,4,7;143,4,5;154,-1,-1;165,10,6;166,-4,-2;174,3,3;180,9,17;186,-6,-14;190,5,15;200,4,4;202,1,-3;204,15,12;206,-17,-12;218,13,-5;230,1,-3
rua||jose edson lorenzeto|tome nogueira|36702516|3,-2150673,-4262288;13,17,-11;23,0,0;29,-31,48;43,11,-21;53,-38,56;76,15,-24;86,3,-7;116,-12,23;133,-1,19;136,-9,-1;146,-4,6;156,-9,19;163,6,3;166,-7,-2;173,3,8;176,-9,8;183,4,4;186,-7,-5;193,0,13;196,-5,-1;203,5,4;206,-10,6;213,9,9;216,-14,3;226,-5,1;234,-1,9
rua||jose eugenio dutra|sao cristovao|36702083|45,-2152065,-4263260;57,10,0;67,9,9;190,-12,-19
rua||jose evangelista guedes|pedro brito|36707061|35,-2153673,-4265428;36,3,2;45,2,-15;46,8,12;55,7,-13;58,3,4;65,5,-11;69,-3,6;76,1,-5;93,22,-11
rua||jose expedito de oliveira|jardim caicaras|36706206|9,-2154096,-4265624;10,-10,-12;19,7,8;20,0,-4;29,-30,-17;39,0,0;49,0,0;56,5,-4;59,-10,2;66,3,-2;69,-9,-3;76,1,-8;79,-10,4;86,1,-10;89,-2,7;96,2,-7;99,-12,-1;109,-2,-1;110,0,-5;119,-8,0
rua||jose franzone|vale do sol|36706086|10,-2153625,-4265763;20,-2,5;30,-4,11;40,3,12
rua||jose furtado de mendonca|piacatuba|36708970|1,-2148578,-4278793;13,10,80;17,60,215;21,-66,-242;40,-28,-96;41,34,153;48,-6,-103;50,4,118;51,-49,-216;60,14,44;61,50,211;70,-55,-233;74,-10,-34;91,108,386;93,14,38;101,23,20;121,10,18;126,-158,-480;131,165,487;141,16,24;145,2,14;146,-195,-546;151,205,558;155,-209,-556;163,215,572;190,-215,-616;216,-3,-11;252,4,80
rua||jose ladeira campos|piacatuba|36708000|33,-2148686,-4278810;45,-10,-3;51,-23,-11;52,-11,2;63,19,13;70,24,-11;71,-53,6;81,-12,2;99,-18,-7;102,-17,-1;110,13,3;115,-14,1;121,39,2;123,-61,-4;129,78,0;133,-84,4;139,-23,-5;142,-4,-3;168,-9,0;182,1,0;200,-13,3;246,-14,-5
rua||jose marazzi|imperador|36702142|159,-2151599,-4262882;470,53,-56;482,-8,11;494,-5,3
rua||jose pedro|eldorado|36707001|4,-2153224,-4265012;10,0,30;12,-66,-68;19,50,51;20,-1,-7;27,-3,12;28,3,-8;35,-13,11;36,0,-5;43,-13,10;44,16,-14;51,-14,18;52,11,-6;58,-27,8;59,2,18;60,3,-25;67,-4,13;68,4,-7;76,-13,1;83,-5,8;84,2,-3;91,-8,15;92,3,-11;100,-10,5;108,-15,11;115,-1,6;116,9,-9;123,-9,4;124,-2,3;126,-12,2;135,50,-23;138,-50,23
rua||jose peres|centro|36700001|3,-2153354,-4263636;6,-35,-219;17,35,213;31,-30,-195;32,-13,-10;35,17,17;46,3,-6;56,-12,7;58,9,7;60,-7,17;66,15,13;176,6,92;184,4,8;208,20,19;212,-9,5;234,-4,16;248,13,-15;261,19,29;304,42,23;306,-3,22;308,14,4;358,-3,13;359,13,-4;372,-5,9;378,11,9;384,9,10;409,6,-8;415,8,7;417,17,-1;420,-24,9;423,22,6;438,-8,2;445,17,10;447,10,9;500,0,19;558,70,40;632,51,43;644,-10,5;656,6,-4;658,17,-3;660,-31,0;664,63,-2;678,13,3;812,187,56;820,-17,-5
rua||jose pinto da silva|vale do sol|36706084|15,-2153379,-4265711;25,-7,-4;35,-16,2;45,-8,-3;55,-9,-5;65,-16,-3;66,8,-6;75,-11,4;80,5,-13;85,-12,13;95,-8,-5;105,-7,-3;114,0,-4;115,-13,3;117,34,-4;120,-33,3;125,-9,1;135,-4,-4;155,-28,-3;165,-2,0;175,-17,-10;185,0,0;195,-9,-5;205,-17,1;210,39,-49;215,-38,51;220,-12,-20;225,-8,11;230,1,-7;235,0,14;238,197,34;240,-203,-44;245,-4,11;250,-4,-15;255,-9,6;260,-1,-12;265,-6,8;270,-2,-4;275,-7,8;280,-2,-11;290,-11,-12;300,-4,25
rua||jose pires|pirineus|36704026|4,-2152920,-4263862;9,-21,-42;10,20,32;15,-5,-6;16,4,1;21,-5,-4;22,5,-6;27,-21,-54;28,15,49;30,-2,-102;32,9,104;33,-6,-2;37,8,-10;38,-1,4;43,-3,-6;44,-6,-2;49,2,-2;50,-3,-6;55,0,-6;56,1,3;59,1,-5;60,-3,0;63,-3,5;66,5,-6;73,-14,-18;74,5,1
rua||jose policiano da silva|popular|36706032|7,-2152964,-4265630;17,6,2;18,20,-9;27,-14,4;28,6,4;37,-2,-8;47,8,-5;50,10,1;57,-1,-8;60,9,2;67,-2,-7;70,12,-1;77,-4,-4;80,5,0;87,2,-9;90,5,4;97,8,-13;107,2,-3;110,8,2;117,1,-10;120,15,6;122,-5,-4;125,-3,-4;132,10,-1;147,3,-12;159,7,-4
rua||jose rene do valle|fabrica|36700326|3,-2153671,-4264276;9,10,-7;10,-6,21;14,-10,-13;17,3,1;22,-8,5;23,2,-6;28,-10,2;29,12,30
rua||jose rodrigues werneck|pedro brito|36707040|122,-2153610,-4265505;176,43,45;186,9,-14;196,18,-10;206,6,-2;218,6,6;230,21,6
rua||jose silva|centro|36700112|103,-2153292,-4263952;145,-4,18;205,-30,-22;235,33,-16;239,10,35;245,-9,-16;251,-33,5;255,43,31;269,9,-15
rua||jovem ewerton pereira capaz|tome nogueira|36702514|75,-2150742,-4262227;85,-3,16;86,-27,31;90,-4,0;105,19,-20;115,-2,9;125,-7,9;135,-4,11;145,-3,6;155,-10,9;165,2,9;169,-5,3
rua||jovens guilherme luiz celso e angelo|centro|36700064|30,-2153146,-4263855;44,19,10;58,-37,-18;260,15,6
rua||juamiro moura mendonca|centro|36700220|23,-2153501,-4263665;35,2,-5;45,11,1;48,-25,10;55,21,-27;56,10,-14;65,4,-7
rua||juarez mesquita alvarez|imperador|36702117|37,-2151819,-4262828;38,8,-25;39,-16,34;41,-5,10;42,14,-26;44,11,-14;52,-20,27;70,-8,13
rua||julia dos reis coutinho|jardim bandeirantes|36705186|23,-2152267,-4265111;33,-8,8;36,-4,-8;43,-1,11;58,-8,23;68,-2,1;83,-10,6;87,-4,-2
rua||julio carraro|jardim bandeirantes|36705172|14,-2152482,-4264909;20,-13,12;21,-14,-17;47,26,-10;49,-68,-4;53,11,14;54,-12,-14;57,10,19;61,6,4;67,7,1;68,-15,-3;69,0,18;78,-10,-23;82,119,-17;102,-39,17;134,-65,12;135,52,-2;137,-7,2;138,-29,8;140,0,-4;142,1,-2;143,-2,10;144,4,-12;148,-12,3;150,18,4;157,5,-1;165,2,-4;170,0,5;174,1,-2;183,83,-49;190,-71,44;196,7,1;200,0,-5;206,1,3;242,36,-22;250,12,-5;255,-10,9;262,24,-18;266,0,-9;270,2,1;279,-8,12;300,19,-15;302,7,-1;307,-10,1;309,5,-9;322,15,1;327,0,-10;329,10,3;341,3,-1;350,-3,0;351,13,-13;352,-5,9;361,23,-12;364,-19,5;380,17,-10;390,4,-6;396,14,-5;398,-4,-5;400,-2,0;430,-2,12;431,4,4;432,7,-30;444,-9,-7
rua||justiniano fonseca|tome nogueira|36700001|1,-2158043,-4274030;26,127,46;30,-72,-44;32,26,22;38,31,10;78,-26,-23;92,-18,-2;119,-26,-6;131,-11,-5;165,-26,-11;170,41,-59;180,-55,41;190,-11,-17;200,-7,2;206,-7,-2;208,-20,-11;210,-6,-7;240,-15,-4;250,-6,-10;259,-4,3;269,-10,-8;279,-20,-10;290,-16,-9;298,1,-1;300,-4,-3;310,-12,-4;321,-5,-6
rua||justino fonseca|tome nogueira|36700001|21,-2158081,-4274073;209,-5,-3;211,-9,-6;219,-23,11;221,5,-22;229,-9,0;235,1,-5;273,-23,-11;277,-6,0;283,-17,-12
rua||juvenal carneiro|fabrica|36700312|9,-2153612,-4264082;10,5,6;14,10,6;20,-2,-2;25,11,-17;36,3,14;37,2,-13;45,13,-1;46,5,19;56,-4,-9;57,4,-11;70,19,8;71,0,-15;79,0,6;80,7,10;137,43,-25;142,1,14;152,15,-6;157,29,7;182,-2,-10
rua||lacerda|sao luis|36707084|87,-2154286,-4265424;99,-14,17;101,-7,-4
rua||laerte araujo mendonca|alto da ventania|36707188|129,-2153789,-4264746;233,-25,14;249,-7,4;255,-4,5;375,25,-14
rua||laerte araujo mendonca|alto ventania|36707188|308,-2153844,-4264717
rua||laerte araujo mendonca|copasa|36707188|31,-2153766,-4264783;125,32,-35;133,10,-14;183,-27,30;213,-5,21;217,-13,0
rua||lea m guimaraes|imperador|36702140|15,-2151766,-4262895;16,3,11;20,0,-4;29,14,-1;36,24,-11;39,-17,17;41,8,3;42,-4,-6;55,10,7;56,47,23;65,-39,-19;72,1,7;75,9,-4;85,2,9;86,2,-1;92,18,8;100,13,15;105,-13,-13;115,6,0;135,20,14
rua||leonor bahia|vila esteves|36704040|20,-2152837,-4263689;26,16,10;27,-12,-7;50,-1,-5;85,-30,-43;90,-1,15;93,6,8;97,7,-3;98,0,4;104,14,6;110,3,6;111,-18,-10;152,27,24
rua||leopoldina mendes do rosario|fabrica|36700330|15,-2153665,-4264226;16,-5,7;22,3,-15;27,-7,14;30,5,4;31,-10,-3;39,-8,3;40,-27,14;44,23,-10;45,1,-11;52,-2,14;53,-4,4;56,-4,1;59,7,-6;66,-20,2;67,2,3;72,-2,-9;73,13,-1;79,-16,9
rua||lidio costa reis|vale do sol|36706090|11,-2153391,-4265631;35,-3,-10;45,-16,-5;55,-5,-7;65,-7,-5;75,-16,6;85,-6,-5;95,-2,1;105,-16,-2;115,-4,-4;125,-13,15;135,-6,-20;145,-23,-4;155,3,-1;165,-9,14;175,-6,-22;185,-11,4;195,-7,-3;205,-12,2;215,-4,-5;225,-12,-6;235,-5,0;245,-17,-2;255,4,-2;265,-17,-2;275,-13,-4;285,-11,3;295,-4,-8;305,-14,0;321,-4,2
rua||limoeiro|fatima|36700240|31,-2153701,-4263131;48,-7,-4;60,18,3
rua||lindolfo pinheiro|rosario|36704122|2,-2152614,-4264486;14,-57,-9;22,8,9;32,9,1;54,37,1;64,-9,-10;67,78,-18;82,-60,32;94,-2,-4;99,-4,-2;100,10,2;108,5,-5;120,14,-6;121,-7,-4;123,7,3;126,7,-4;131,12,0;134,-1,0;135,-1,0;144,7,-1;146,-24,33;150,28,-39;151,7,-4;165,15,3;173,15,-6;189,5,-1;190,2,-6;214,11,2;227,20,-5;228,-12,0;234,7,-6;364,4,3
rua||lino goncalves|fabrica|36700286|10,-2153618,-4264427;11,3,-10;21,-19,-4;22,16,10;28,3,-15;31,-11,1;48,-5,-2;49,3,-11;58,-10,-12;59,7,6;61,-3,-7;72,-3,-21;77,3,-1;87,-1,-7;96,-19,3;104,17,-12;111,-2,5;138,33,95
rua||lourdes rocha bude|alto cemiterio|36705130|148,-2152694,-4264803;222,-41,-26;226,-1,2;236,-10,-6;246,-3,-3;248,-6,-5;250,-4,-10;252,7,-3;254,-14,0;274,2,-30;284,3,-6;294,-1,-10;318,1,-19;328,1,-8;362,23,-18;372,7,-27;374,-6,2;402,17,-8;412,7,-3;416,10,1;426,8,-3;444,18,10;448,8,11;452,8,-5;462,-13,15;464,11,5;486,12,-15;488,20,5;494,1,-1;506,6,5;516,1,2;526,8,3;530,11,8;538,0,18;566,10,17;570,10,4;586,4,9;598,9,5;620,15,19;636,5,13;654,11,6;1450,-141,-127;4631,116,102
rua||lourdes rocha bude|alto do cemiterio|36704106|333,-2152766,-4264927;345,1,-11;357,67,119;371,-57,-142;377,20,-7;379,-2,-2;383,8,-8;395,90,-75;415,-80,83;455,60,-5;461,1,4;463,5,8;465,21,2
rua||lourdes rocha bude|alto do cemiterio|36705130|3,-2152602,-4264712;25,-5,-13;51,16,46;52,0,-25;75,-35,-67;123,-47,-28;141,3,-1;147,-17,-5;157,-10,1;167,-7,-8;169,-5,4;191,-16,-10;199,-7,-6;215,3,3;235,-21,-11;255,-10,-28;263,-5,0;283,1,-2
rua||lourenco elias dos santos|tome nogueira|36702542|6,-2150786,-4262054;16,6,12;26,0,12;36,-2,9;46,-3,11;53,24,1;56,-21,-2;66,6,16;75,18,2;76,-20,2;86,-1,13;96,-2,11;97,20,0;106,-14,13;116,-2,7;123,15,1;126,-14,14;136,1,2;142,-1,10;146,-3,2;151,16,-3;160,-13,13
rua||lourenco euzebio augusto|pedro brito|36707055|18,-2153655,-4265522;28,-13,-1;38,1,0;52,11,1;68,23,10;72,-58,25;80,-6,-18;108,2,31
rua||lourenco goncalves nunes|jardim bela vista|36703196|3,-2151064,-4263226;14,-70,54;37,-5,-3;58,29,-10;145,46,-48;187,45,-25;194,29,-15;219,-10,-6;223,1,3;227,5,-2;239,16,-14;275,-54,51;277,12,-7;333,18,-10
rua||lourenco ienaco|leopoldina|36705076|33,-2153027,-4264883;45,10,1;51,21,-16;57,3,-1;78,42,-29;79,-24,12;134,28,-28;137,1,-1;157,15,-14;167,9,-11;178,32,-24;198,8,-13;199,-22,13;208,31,-18;218,7,-5;227,-20,14;237,8,-12;251,9,-3;260,-22,17;261,22,-16
rua||lourenco santana|cohab nova|36705110|58,-2152970,-4264729;60,-58,-8;90,-46,-8;97,22,8;483,-58,-52;503,-6,-10
rua||lucas augusto|centro|36700088|8,-2152983,-4264413;10,-6,3;13,-34,10;16,25,-21;36,-16,23;40,-1,-3;65,-32,15;68,11,2;88,-20,10;95,-21,4;97,-6,-2;112,-8,2;127,-7,-10;131,7,21;132,-7,-24;145,4,65;146,-9,-41;150,-3,4;151,-4,0;166,-7,3;437,43,-21
rua||luis capdeville ribeiro|vale do sol|36706074|3,-2153374,-4265695;18,114,-202;27,-11,-20;37,0,15;51,-10,17;60,-9,12;70,-3,11;77,7,-1;80,-13,4;90,-1,5;97,2,6;100,-8,5;107,1,12;127,-7,12;130,-7,11;137,7,-2;140,-9,3;150,-8,7;157,-1,5;160,0,6;170,-5,11;180,-1,1;190,-6,12;197,2,4;199,-1,6;200,-5,-2;205,9,-4;207,-8,14;210,-3,2;217,-2,12;220,4,-4;230,-7,11;237,-7,0;247,-4,5;250,1,11;285,-16,25
rua||luiz barbosa|alto da boa vista|36702164|3,-2151410,-4262904;11,13,-1;12,17,1;21,-10,-4;22,17,2;29,-11,-1;30,18,3;39,-8,-5;40,14,-6;47,-5,1;48,18,-1;57,-14,0;65,9,-1;66,16,0;75,-8,-2;76,26,3;83,-17,-10;84,19,6;93,-10,-4;94,16,-3;101,-11,0;102,19,0;111,-8,-2;112,20,1;129,-4,-10;130,22,1;137,-17,-2;138,22,2;145,-11,-3;155,6,-1;156,17,4;163,-10,-7;166,20,5;174,18,-5;175,-33,1;183,13,-2;184,20,4;191,-13,-5;192,21,-9;199,-17,-3;202,27,10;209,-20,-8;210,25,4;217,-14,-5;220,18,4;227,-9,-9;228,21,7;235,-15,-6;245,12,-7
rua||luiz eduardo abrita goncalves|alto da boa vista|36702170|3,-2151450,-4262930;6,-34,-7;14,7,3;22,5,4;34,7,3;42,8,4;50,7,5;58,8,2;70,5,4;78,9,5;86,11,8;96,4,2;106,7,4;114,2,3;122,10,7;132,5,1;140,11,4;148,4,10;160,9,0;168,10,9
rua||luiz maimere|arraial dos montes|36708100|7,-2156684,-4258963;401,-35,23
rua||luiz monteiro rezende|bela vista|36703054|91,-2151861,-4263564;99,3,5;105,6,7;108,0,0;115,10,5;131,4,1;145,13,8;798,-60,-48;815,10,5
rua||luiz monteiro rezende|bela vista|36707899|26,-2151897,-4263585;52,11,3;64,14,10;82,8,6;94,2,10;108,20,13
rua||luiz torres de barcelos|pedro brito|36707070|40,-2153566,-4265262;86,-14,-16;90,-36,-9;100,1,-3
rua||luzia bonin|pedro brito|36707049|21,-2153572,-4265447;31,6,-7;41,-6,-4;51,-4,-22;159,9,41;176,1,-18
rua||manoel antonio de almeida|sao cristovao|36700504|855,-2152777,-4262926;945,-21,46
rua||manoel antonio de almeida|tres cruzes|36700494|263,-2152580,-4262257;277,-15,-11;309,-22,-8;319,-6,-15;346,-32,-7;349,7,16;355,-6,-18;570,-151,-133;580,-5,-6;620,-32,-22
rua||manoel antonio de almeida|tres cruzes|36700504|7,-2152562,-4262220;15,34,176;23,-25,-140;24,-2,-32;25,-6,4;26,4,7;33,26,141;51,-2,-19;77,-330,-548;83,329,528;97,0,-23;105,-7,6;131,-5,-32;141,13,-2;161,-19,-24;170,-3,-19;183,4,21;200,-3,-14;225,-14,-44;254,-7,-27;309,-27,-19;364,-46,-24;366,-14,-2;381,-11,3;391,-12,1;394,24,-11;402,-27,0;404,0,-1;415,-6,7;416,12,-30;417,-21,16;424,2,-7;441,-11,-1;445,-6,-13;446,11,-14;458,-10,-3;467,-12,3;472,-2,-3;475,-1,0;479,-19,10;481,5,14;485,4,-35;503,-49,28;509,25,-42;515,-26,19;525,30,-33;550,-17,-16;559,-32,-11;570,2,-6;575,-2,7;580,-3,-9;620,-28,-34
rua||manoel arlindo carneiro|bela vista|36703006|6,-2152402,-4263588;20,-10,-6;32,-6,2;37,3,-1;40,-9,0;45,-12,-4;50,-1,1;51,-7,-2;54,0,5
rua||manoel de almeida lacerda|cohab nova|36705042|20,-2153222,-4264671;30,-2,-6;40,-6,-5;50,-5,-2;60,-10,-5;70,-10,-4;80,-13,-5;90,-3,-2;100,-15,-6;112,-8,-13;120,-4,6;156,-31,0;168,-10,3;176,19,-4;180,-34,3;190,0,1;200,-20,-3;210,-3,5;220,-13,-1;230,-2,-4;240,-15,5;241,-2,8;250,-4,-6;251,-2,6;260,-6,-6;261,-2,5;270,-4,-5;271,-3,5;274,1,-9;280,-15,4;281,9,7;290,-6,-7;291,-8,9;300,-11,-3;301,7,2;310,-13,-1;311,-1,4;320,-8,-12;321,4,12;330,79,-6;331,-94,4;340,-12,-6;341,5,8;350,-7,0;351,-6,1;356,-9,-6;360,-2,4;361,6,0;370,-21,-11;371,11,9;381,-3,7;391,-8,2
rua||manoel honorio da cunha|ribeiro junqueira|36708600|14,-2145592,-4251284;35,97,-17;36,26,-14;55,42,-17
rua||manoel januario|alto cemiterio|36705142|480,-2152169,-4264998;492,11,-4;504,14,-5
rua||manoel januario|alto do cemiterio|36705142|16,-2152147,-4265012;18,1,-21;20,-354,219;21,19,-4;27,-19,0;35,29,5;41,12,-10;123,51,-16;125,-1,3;133,13,-10;145,10,-4;155,7,-5;177,275,-185;183,-259,164;193,4,-15;197,-2,11;199,6,11;201,7,-18;203,-4,0;209,6,-8;213,7,1;221,3,-9;231,9,-8;251,7,-6;253,0,-3;255,2,-1;257,4,-5;267,8,-9;275,1,3;277,9,-12;309,22,-15;329,7,-6;371,26,-9;385,19,-14;411,30,-8;443,25,-11;465,11,-4;503,3,5;515,55,-28;531,0,-9;539,11,2
rua||manoel lacerda leal|jardim bandeirantes|36705176|16,-2152510,-4265050;28,50,148;32,-27,-90;35,-17,-48;38,19,54;131,4,29;140,0,9;150,18,16;181,7,46;191,0,-11;192,7,2;200,-12,10
rua||manoel lacerda leal|jardim dos bandeirantes|36705176|66,-2152475,-4264960;76,1,7;78,-1,-10;90,-3,26;104,13,7
rua||manoel lobato|centro|36700200|1,-2153472,-4264265;18,50,259;20,-2,6;21,8,-7;26,-7,1;28,6,-6;31,-15,-1;38,8,1;42,-4,-8;52,-2,-9;54,13,-11;57,-12,12;58,2,-7;66,7,-10;70,-2,-5;71,-8,8;82,4,-12;88,-2,-18;100,-4,-8;103,-80,-150;104,80,149;118,4,-11;126,-7,-12;132,5,-1;142,-11,-23;164,-7,18;178,20,-37;182,-14,1;186,-1,-9;190,-6,-9;200,5,-2;203,-4,13;210,-1,-30;211,-5,-5;228,2,-17;232,2,-1;235,255,438;236,-255,-432;254,-6,-25;264,3,-13;274,-14,-1
rua||manoel monteiro|bela vista|36703018|9,-2152310,-4263741;10,-12,5;12,21,-2;19,-9,-6;38,254,27;39,-235,-21;40,-5,-6;46,-17,13;47,-15,2;55,44,-14;58,18,-5;69,-1,0;77,7,-1;85,8,0;131,42,-5;155,11,1;179,55,-6;180,44,25;186,-41,-20;188,9,9;196,21,9;198,11,2;200,15,7;215,7,3;265,7,2;299,31,10;478,-144,-42;520,-103,12
rua||marcelo souza lopes|alto da boa vista|36702172|4,-2151614,-4262835;146,71,-53
rua||marcos poiares|ribeiro junqueira|36708600|12,-2145331,-4251643;100,62,61
rua||maria amalia t p hoffman|tome nogueira|36700001|79,-2158144,-4274035;99,12,5;111,21,10;115,-7,-3
rua||maria aparecida bayoneta|alto da boa vista|36702160|3,-2151442,-4262930;9,0,0;14,18,0;19,-11,-3;20,18,3;27,-9,-7;32,17,6;37,-9,-10;42,19,6;45,-12,-5;50,22,2;55,-16,-4;60,24,0;63,-14,-9;68,16,4;73,-7,-2;78,16,5;81,-11,-6;86,21,2;99,-6,-8;104,19,-3;109,-13,4;114,25,0;117,-14,-6;122,16,4;127,-9,-9;132,22,10;135,-14,-14;150,30,2;153,-14,-4;158,20,6;161,-11,-7;164,20,3;173,-14,-2;176,21,2;181,-11,-11;186,22,12;189,-13,-10;194,20,-4;197,-19,5;204,22,-4;207,-12,0;212,21,3;215,-12,-10;222,20,7;225,-11,-4;230,19,1;233,-10,-6;240,17,5;243,-9,-10;248,10,4;251,-3,-3;258,23,7;261,-12,-2
rua||maria aparecida martins nogueira|alto da boa vista|36702180|8,-2151592,-4262826;11,14,-5;21,8,2;22,-13,2;41,29,9;49,4,1;57,7,8;69,8,-1;77,5,8;85,10,16;95,6,-9;105,4,6;113,10,1;121,4,10;131,8,4;139,4,6;147,9,-4;159,4,11;167,10,5;173,3,3
rua||maria candida coutinho|jardim bandeirantes|36705188|77,-2152222,-4265095;90,9,-19;389,-24,48;395,1,-5;409,2,-12
rua||maria do carmo junqueira vale|quinta residencia|36707104|9,-2153912,-4265192;11,311,164;17,-9,-11;30,-6,-6;40,1,-12;76,-85,-54;78,72,49;84,-8,-8;92,-10,-4;100,-17,-21;105,-3,0
rua||maria do carmo sales|centro|36700004|36,-2152554,-4263462;40,-31,-23;50,-7,-5;269,-468,35;340,67,15
rua||maria emilia thome|cohab velha|36704170|6,-2152537,-4264084;17,8,-5;18,5,11;21,0,1;29,9,-2;30,3,4;41,7,-6;42,-6,8;53,16,-2;54,-3,10;65,14,-1;66,-9,9;77,23,-3;78,-10,7;89,21,-4;90,-10,4;102,13,5
rua||maria jovita da silva|alto da ventania|36700268|44,-2153882,-4264469;46,2,-2;49,-5,-7;50,-1,2;62,-2,-4;66,-32,32;70,16,-26;82,-3,5;90,-5,13;96,-19,-20;100,13,18
rua||maria oliveira ramos|quinta residencia|36707124|23,-2154116,-4265242;27,-7,5;29,2,-9;32,-7,14;37,-3,1;42,-17,-6;43,11,6;55,-10,17;60,-9,-6;68,-1,1;69,0,5;78,-5,0;79,6,-6;89,-20,8;95,0,7;98,-1,0;99,-4,9;105,-7,2;111,-3,0;114,26,-16;116,-37,31;119,5,-7;145,6,-11
rua||maria rosa crespo|fabrica|36700334|10,-2153662,-4264194;14,-4,9;16,-4,-4;18,3,-7;26,-13,5;30,0,17;31,0,-20;35,-4,4;38,-10,4;44,14,9;45,-6,-17;49,-11,2;52,-6,14;58,-10,0;59,10,-13;63,-10,6
rua||maria rosa pires bastos|imperador|36702136|11,-2151702,-4262987;12,-6,-6;18,2,-5;28,4,7;38,17,19;45,4,-2;48,0,4;68,16,12;75,5,-2;78,7,-2;87,6,8;88,1,1;92,56,28;97,-48,-25;98,2,4;111,19,4;113,10,8;117,-3,-1;121,5,1;128,-10,0;138,10,5;147,1,-4;148,5,8;172,26,6
rua||mariana de oliveira f costa|eldorado|36707034|13,-2153273,-4265253;17,12,-4;20,-11,5;35,28,-8;36,-13,3;40,9,-2;43,13,-9;50,-15,0;53,13,-3;75,25,1;80,-8,0;89,23,-8;90,-14,3;97,22,-3;100,-1,0;111,3,-1;120,9,-4;130,11,-2;8155,-20,5
rua||mario pires de castro|centro|36700036|15,-2153156,-4263706;22,-21,5;25,20,11;26,-13,0;39,1,14;40,-7,-6;55,8,7
rua||mario rayol|quinta residencia|36707134|20,-2154034,-4265190;29,-15,23;30,8,-19;36,-3,26;44,7,-42;47,-19,34;54,-63,85;55,53,-73;60,4,-1;66,-4,3;70,-10,16;74,7,-14;80,-17,25;84,-1,-2;93,-53,39;94,-7,4;95,8,-5;109,60,-26;124,-47,19;134,24,-22;137,38,22;139,-4,4;141,-14,-11;149,-17,11;157,-11,-10;159,0,0;164,-10,-7;165,-22,24;169,18,-13;172,-6,5;411,7,-15;759,100,-65;6417,-101,107
rua||mauro carvalho do vale|popular|36706002|17,-2153000,-4265657;27,10,-14;28,0,10;30,3,-4;37,7,-4;40,8,-6;47,-1,-3;57,7,-6;60,7,6;67,0,-11;70,3,5;77,2,-9;80,9,-3;87,-4,5;97,12,-12;100,4,3;107,-2,-5;110,10,-3;117,1,-7;127,7,-8;130,12,-2;137,-7,-3;140,8,-1;150,9,-10
rua||miguel carlos de oliveira|providencia|36700001|3,-2166564,-4259586;4,103,-7;22,-114,15;28,4,-7;58,27,2;68,17,-4;76,5,4;82,49,-11;92,26,5;102,21,-1;120,-7,-3;130,21,-12;146,-3,5;160,2,5;170,15,-2
rua||miguel gesualdi|sao cristovao|36702056|5,-2152370,-4263132;9,17,-22;23,-6,-11;35,12,-1;40,-27,18;41,38,-22;50,23,-4;58,-11,22;65,-42,6;71,39,-27;73,4,-1;80,5,0;81,-25,17;265,352,132;325,21,17;335,9,-13;345,5,17;353,2,6;389,25,15;456,-405,-179
rua||miguel goncalves|sao cristovao|36702062|10,-2152319,-4263256;16,8,31;23,6,15;24,-3,0;25,1,17;29,23,2;30,-17,5;49,15,13;55,1,4;58,5,5;66,7,-2;68,-8,4;70,10,3;78,-1,-5;90,6,22;100,8,-7;110,4,5;111,6,5;141,78,-13;142,-34,7;144,31,0;150,10,-7;160,10,4;260,55,60;270,14,9;280,0,-2
rua||miguel monteiro de oliveira resende|vale do sol|36706066|22,-2153375,-4266024;32,-14,6;35,20,0;42,-11,22;45,11,-24;52,-37,11;55,21,-5;62,-20,8;65,11,4;70,55,-33;72,-73,33;75,-1,-4;82,-9,23;85,10,-19;90,55,-22;92,-84,54;95,20,-26;102,-23,6;105,12,-2;115,-13,10;125,-8,2;132,-15,-3;142,-9,16;145,16,-10;152,-29,12;155,19,-4;162,-28,2;165,13,0;172,-25,2;175,25,-4;182,-32,11;185,17,-3;192,-21,2;195,22,1;202,-30,5;205,21,-2;212,-26,7;215,11,-4;222,-18,4;225,4,3;234,-19,2;235,24,-4;245,-19,8;255,-4,2;265,-5,-1
rua||milton ouvidio de lima|bela vista|36703021|17,-2152420,-4263728;25,15,8;39,1,-1;53,15,7;55,-3,4;65,9,1
rua||milton ouvidio de lima|bela vista|36703027|8,-2152422,-4263728;10,2,-2;26,-2,4;96,38,15
rua||minas gerais|vale do sol|36706060|5,-2153308,-4266044;15,15,0;25,33,-4;35,-18,5;47,13,-2;59,2,-1;69,15,1;79,3,-5;89,7,-4;99,12,-6;109,13,0;119,6,-3;129,18,3;139,6,-5;158,3,2
rua||miralda diana cerqueira cezar|cohab velha|36707899|74,-2152235,-4264378;77,-26,-9;78,26,9;84,1,7;85,-17,-12;95,-10,-3;107,26,8;116,-1,6
rua||moacir cunha|cohab velha|36704161|9,-2152595,-4263963;21,23,13;33,6,5;45,12,5;57,7,-1
rua||mory baptista|bela vista|36703066|29,-2151672,-4263423;39,-1,-5;43,-3,22;45,14,-35;47,-5,4;49,-5,-4;50,17,13;62,-10,-29;80,1,-15;86,-3,-9
rua||murilo rodrigues pinto|fabrica|36700280|12,-2153705,-4264416;18,-3,-10;26,21,-7;34,-3,-9;60,15,-20;70,2,-4;80,-3,-11;92,-1,-10;106,16,-2;110,-31,-8;120,8,-10;158,9,-22;180,-20,-24;184,-3,-2
rua||murilo rodrigues pinto|praca zequinha reis|36700280|5,-2153709,-4264409;16,10,-119;17,-3,110;20,-6,-97;21,-3,9;22,4,-13;28,2,109;29,-5,-26;47,-15,-91;49,35,71;79,-22,20;91,33,-43;101,5,-16;131,-1,-26;139,-18,-1;141,-24,3;153,33,-22;163,-2,-2;165,4,-6;179,-14,-17
rua||nelson monteiro|eldorado|36705070|12,-2153035,-4264982;21,-71,52;43,26,-17;45,-3,12;51,14,-20;93,28,-21;157,45,-40;165,6,-13;211,32,-27;2130,-102,91;2131,-1,0
rua||nelson monteiro|leopoldina|36705070|18,-2153101,-4264928;26,5,-5;28,10,-11;36,9,-4;41,5,-8;42,-4,5;66,20,-10;74,6,-2;90,8,-11;98,2,-4;106,10,-3;116,6,-9;132,10,-6;138,9,-5;146,1,-8;154,14,-13;186,17,-14;192,1,-4;200,5,-8;212,7,-2;216,0,0;230,38,-14
rua||nenen cezar|alto do cemiterio|36705194|16,-2151910,-4265136;20,8,9;26,24,-2;27,-5,-3;28,12,10;137,-81,-9;142,50,-5;143,-63,31;144,53,-30;145,-7,2;146,7,1;150,-20,2;151,-56,26;152,56,-27;154,-13,5;157,-1,7;158,-7,2;160,-4,2;162,-1,13;164,-9,-6;165,-2,22;168,5,-8;170,-8,0;172,0,2;174,-18,7;176,-5,11
rua||nestor augusto rodrigues|rosario|36704126|5,-2152504,-4264666;11,-28,-2;20,-36,-2;22,8,-8;26,14,14;27,-3,11;34,-14,-6;35,19,2;36,-7,7;40,19,-12;50,4,1;52,11,-7;62,11,-9;68,4,17;75,-6,-23;76,13,15;79,-27,-10;81,31,21;125,18,14;139,4,9;150,3,9;151,2,0;153,1,17;168,-62,-60;170,-9,-29
rua||newton barbosa|pedro brito|36707046|11,-2153658,-4265413;22,-40,6;30,10,10;40,13,2;50,6,1;51,26,-1;63,-2,3;75,14,-18;78,-24,15;109,52,-8;121,10,-18;128,-14,26;134,-1,-5;137,39,-24;156,-6,12;159,22,-20;160,-9,11;169,18,-10;179,8,-3;188,-19,10;189,31,-16;198,-22,16;199,27,-17;209,11,-2;210,-24,15;219,24,-16;240,1,8;250,7,2
rua||newton vasconcelos|piacatuba|36708000|77,-2148528,-4278815
rua||nicacio sales|sao cristovao|36702035|36,-2152569,-4263203;38,1,5;40,10,6;79,15,20;85,-13,6;98,18,28;128,0,-13;130,1,13;146,2,-1;151,8,51;155,-19,-64;157,27,78;163,5,10;166,-3,-72;175,6,80;233,-25,-51;239,12,9;295,73,122;313,19,4;325,9,6;337,12,5;341,21,-24
rua||nicacio sales|sao cristovao|36702038|210,-2152532,-4262992
rua||nicolau esteves|vila esteves|36704070|3,-2152811,-4264132;7,131,92;9,-129,-92;15,3,5;25,11,8;35,5,2;40,-1,6;43,8,3;51,4,0;57,11,6;59,3,-2;90,70,51;91,-43,-39;120,51,89;135,-29,-61;145,5,4;190,34,32;205,4,17;215,-16,7;225,2,5;235,1,16;244,-8,1;245,-3,14;255,1,6;256,-3,-4;265,1,9;268,0,-9;275,-9,16;285,-4,22;293,-10,-10;307,-17,-11;311,-6,13;315,7,-7;326,-22,13;329,5,3;339,-2,-1;346,-6,-4;347,-9,-2
rua||nicolau jose laluna|alto da ventania|36707226|10,-2153716,-4264643;12,-57,11;16,25,-6;48,-18,7;74,11,6;94,-51,3;98,-1,-4;108,-10,5;118,-12,8;122,-9,0;150,-20,-2;168,2,-1;178,-37,6;194,-5,-3;198,-4,4;210,-6,20;218,-10,-7;226,-5,-2;238,-2,-2;240,4,17;244,-54,-5;256,25,-7;264,-6,4;278,-8,4;282,-6,-20;288,-13,25;300,73,26;302,-2,1
rua||nicolau laluna|vila miralda|36707899|35,-2153748,-4264631;39,-10,5;53,-17,-1;63,0,3;73,-12,-5;77,10,-12;87,-32,17;97,-22,-19;107,8,25;115,23,39;125,-40,-36;135,-20,5;147,3,6;153,-8,-24;165,13,17;177,-21,7;223,-55,11;225,15,-2;231,-38,7;249,6,7;259,10,-21;277,-41,18
rua||nilo colona dos santos|sao cristovao|36702047|50,-2152170,-4263246;340,2,-2;350,16,13
rua||nilo colona dos santos|sao cristovao|36702074|4,-2152451,-4263475;10,6,14;16,81,59;18,-21,-16;20,-19,-14;26,47,39;28,-50,-27;30,52,29;31,-4,1;34,-35,-37;38,7,28;39,30,15;40,27,11;41,-57,-31;45,31,19;46,24,19;53,-49,-58;54,2,16;55,0,-6;56,57,47;59,-48,-37;60,2,0;61,-10,-8;62,156,140;63,-148,-130;70,236,196;80,10,8;85,-186,-155;86,-39,-30;90,3,-1;92,228,186;99,-218,-175;100,224,183;105,33,-8;110,-250,-164;111,250,172;117,-1,10;128,97,84;132,-100,-62;140,15,1;145,-11,-18;151,-212,-161;155,230,164;186,-221,-167;190,8,17;206,149,125;227,-77,-75;230,-29,-32;241,223,200;242,-215,-185;249,99,80;250,-169,-134;255,182,144;258,99,88;260,-244,-198;263,155,110;271,5,21;289,-115,-107;295,262,215;299,-150,-123;304,4,11;310,162,122;340,-158,-122;344,36,22;358,9,22;387,-23,-19;395,4,-1;401,9,0;405,8,12;409,7,-8;421,91,80;428,-5,8;429,9,-11;432,0,17;441,-61,-54;457,-179,-135;465,134,97;484,86,69;544,-59,-35;550,26,18
rua||nizia lacerda zaquine|sao luis|36707086|18,-2154344,-4265430;26,44,-33;32,-4,-4;50,-18,13;66,-7,11;80,-3,3;82,24,-17;86,-4,0;90,-36,28;100,-4,4;110,3,-4;122,87,-49;127,-20,0;128,-15,10
rua||nossa senhora aparecida|quinta residencia|36707106|3,-2153518,-4265188;26,-10,-7;70,-379,8;117,-35,-36;139,32,31;167,1,-2;193,-17,-24;226,-14,-15;228,41,9;231,366,53;237,3,-2;259,-12,-35;287,-322,-19;407,11,-7;634,-30,-3
rua||nyagara|centro|36700080|141,-2153739,-4263388
rua||odete da silva|cohab velha|36704179|141,-2152387,-4264340;153,8,3;177,25,-27;195,8,-15;215,5,-8;251,24,-26
rua||oldemar montenari|bela vista|36703084|10,-2151674,-4263502;16,-56,-1;20,14,-6;28,7,2;37,110,25;38,-105,-18;39,-139,-20;41,136,9;46,11,12;47,-5,-7;65,14,2;76,8,5;77,8,1;86,7,8;87,-4,-8;95,0,16;109,18,-10;110,-1,-2;121,21,6;128,-12,1;133,16,-1;136,-1,4;146,12,1;154,10,2;191,12,-2;199,10,4;203,11,-2;204,11,5;210,-7,-3;211,7,3;216,1,0;217,5,0;222,0,4;230,7,-4;244,1,21;245,12,-21;255,4,5;265,15,0;270,3,4;275,1,1;276,3,-1;289,13,-7;329,28,22;332,1,-2;341,6,0;348,-4,5;364,21,8;376,4,7;388,6,-3;396,14,19;410,2,4;418,13,1;421,-235,-67;425,235,73;430,-1,-3;444,13,8;447,-7,-30;451,-27,-11;457,43,47;465,4,3;481,8,11;491,5,1
rua||olga barbosa ladeira|pirineus|36704030|34,-2153060,-4263936;44,2,-20;61,-4,-12;72,4,-16;79,-4,19
rua||olynto goncalves neto|cohab nova|36705040|317,-2153112,-4264581
rua||omar barbosa|sao luis|36707092|3,-2154401,-4265610;4,-2,1;7,-12,5;8,43,-15;11,-45,13;17,-13,14;21,3,-3;27,-17,11;33,0,-6;40,-14,-2;47,-3,18;51,-5,-2;54,13,3;61,-23,12;69,35,-30;71,-20,35;77,-16,0;81,32,-34;86,-41,46;101,-4,-17;107,0,13;111,-4,5;117,0,4;131,-9,6;141,9,-11;147,-19,22;151,-2,-8;157,-9,10;165,4,0;170,-17,-4;173,8,13
rua||omar barbosa|tres cruzes|36707092|9,-2152756,-4262186;12,-2,-17;21,11,2;23,3,-3;25,-20,0;40,11,-11;44,11,3;54,10,-20
rua||omar junqueira bastos|fabrica|36700314|20,-2153606,-4264014;25,11,-10;41,13,-4;46,9,4;49,1,-2;58,7,6;59,10,-8;70,3,-6;71,-3,2;82,9,9;90,19,-3;100,3,1
rua||omar resende peres|sao cristovao|36702026|4,-2152476,-4263447;33,24,-72;59,-168,346;67,-3,10;75,-6,6;83,-9,13;137,154,-282;139,22,7;140,-18,5;141,1,-14;145,-14,25;165,-11,11;255,-50,112;269,-19,13;333,-25,51;351,-10,20;363,-5,11;501,-44,62;535,18,-20;537,15,23;585,-29,22;595,-22,3;601,6,0;621,-3,31;665,-45,33;675,17,33;689,-30,-6;701,-7,13;705,47,35
rua||omar resende peres|tome nogueira|36700001|35,-2158257,-4274154;47,-5,2;61,-20,-8;75,-5,-12;97,-22,-2;119,-20,-10;145,-27,-8;155,-1,-5;169,-10,-4;179,-5,-2;181,-8,-2;191,-9,-1;201,-6,-8;209,-9,12;219,1,-19;239,-34,0;267,-21,-34
rua||omar resende peres|tome nogueira|36702026|15,-2158247,-4274156;114,-61,-22;120,-21,-10;150,-17,-14;220,-57,-19;230,-10,-11;240,-3,-44;260,-27,-16;269,-4,24;280,-11,-51
rua||optato lacerda franca|fatima|36700386|14,-2153682,-4263648;15,6,4;19,-3,-8;20,6,-3;26,4,-1;32,13,-2;40,-9,4;41,13,20;46,12,-26;52,-8,14;53,6,-1;54,-12,-11;60,-23,42;62,56,-8;66,-13,-62;74,14,33;77,-6,15;80,12,-9;81,1,4;82,4,-3;89,1,6;94,2,-5;95,7,1;98,-3,7;103,2,1;106,1,-2;107,9,13;108,-6,-58;112,4,38;115,-10,8
rua||oriel barbosa|vale do sol|36706056|92,-2153398,-4265900;97,-24,-3;107,-8,-11;112,-30,-86;113,314,153;117,-10,-9;122,-260,-55;126,-28,-39;127,286,87;129,-140,-48;131,-137,-10;133,273,45;146,-295,-63;147,297,48;155,-14,-4;228,20,10;276,-40,-35;284,-16,0;333,-27,-5
rua||orlandina adolfo de souza|popular|36706010|27,-2152830,-4265744;37,18,-10;47,-6,2;57,7,-13;67,8,-11;87,-223,596;97,238,-616;104,9,7;107,0,-10;114,9,4;117,-262,607;124,265,-614;127,14,-16;134,-9,8;137,-739,-213;144,751,209;147,-3,-12;154,8,8;155,14,-12;167,-6,-9;177,8,-4;182,9,4;187,-5,-17;192,12,6;202,4,-8;207,-1,-5;212,9,3;217,0,-6;237,11,-15;247,6,-2
rua||orlando monteiro leite|centro|36700316|180,-2153546,-4263837
rua||orlando monteiro leite|fabrica|36700316|3,-2153555,-4263881;115,17,-10
rua||oscar avila|tome nogueira|36700001|39,-2158267,-4273674
rua||oscar machado|centro|36700208|7,-2153500,-4263952;11,-3,3;19,5,16;31,-3,5;47,-3,10;53,-8,2;71,14,33
rua||osmar de almeida|eldorado|36707030|19,-2153269,-4265174;20,13,6;60,-8,-40;65,-8,-18;89,-10,-19;99,1,-7;109,-8,-13;116,2,2;126,-6,-10;129,1,-1;8410,22,63;8420,4,13
rua||osvaldo evangelhista dos anjos|tome nogueira|36700001|8,-2158237,-4274054;16,-43,-19;23,31,18;30,-3,-21;31,6,18;73,-42,-12;120,-2,-11;130,-44,-7;151,-3,-2;177,-32,1;179,-4,-9;180,5,13;190,-12,-7;200,-7,-12;225,-16,14;230,-16,-3
rua||otaviano marinato neto|jardim caicaras|36706204|23,-2154132,-4265592;24,19,6;36,-10,-9;48,-9,-7;60,-8,-14;61,-9,9;70,-17,-20;72,9,10;96,-11,-19
rua||otto lacerda franca|jardim bandeirantes|36705170|25,-2152401,-4265030;27,2,24;31,-10,0;35,-12,-18;47,-8,16;53,11,-10;69,-17,19;85,-26,1;93,-1,16;104,-118,42;105,110,-35;142,-32,6;152,-14,12;155,2,-7;163,-12,2;164,8,6;173,-14,6;176,1,2;181,-6,-1;186,-17,-2;195,5,7;455,40,-24
rua||otto lacerda franca|jardim dos bandeirantes|36705170|54,-2152562,-4264931;227,-19,3;229,-3,-3;549,0,-5
rua||pacifico rocha|jardim bela vista|36703216|12,-2150940,-4262804;32,141,-26;33,18,-4;43,-126,23;52,1,-1;55,8,-6;76,18,7;88,14,-2;100,3,-1;112,19,-2;126,5,-1;127,11,-12;130,-35,15;150,55,-14;174,10,13;175,12,-20;222,2,7
rua||passatempo|fatima|36700236|29,-2153645,-4263320;53,0,19;56,0,-9;77,2,28;89,0,9;104,-1,17;105,0,0;111,5,4;132,-9,24;147,3,10;156,-3,12;159,0,-2;168,-4,10;173,0,6;180,-1,8;183,-2,3;195,-1,2;216,8,-32;219,-19,71
rua||paulino souza|bela vista|36703042|29,-2152026,-4263773;39,4,7;41,19,-5;46,-11,1;48,16,-6;49,4,6;50,0,-4;55,-51,4;56,60,-5;62,17,-2;65,-8,1;67,-68,8;68,56,0;72,33,-10;73,-17,2;74,30,0;75,-14,-6;77,11,6;85,13,-4;93,4,2;105,12,-2;122,19,0;155,2,1;165,11,2;190,15,4;195,14,3;199,21,3;210,-27,9;217,37,-3;220,-22,-7;230,14,7;240,15,4;242,2,0;244,10,3;247,5,-5;250,3,9;255,1,-4;256,3,3;260,13,7;269,-4,-5;272,12,3;277,5,-3;340,34,-8;818,1,-12
rua||paulo afonso|sao sebastiao|36702492|38,-2150755,-4262443;46,-60,58;49,34,-31;75,17,3;77,-25,9;82,7,-12;111,-19,28;127,58,-75;135,-15,22;136,-5,35;138,-1,-32;141,21,70;142,28,84;145,-98,-95;147,1,5;161,-4,6;162,2,-3;165,-4,0;173,0,15;182,40,-65;186,-36,61;188,62,-34;189,-62,50;190,39,-61;195,-24,84;196,39,-121;198,-53,102;200,1,4;215,57,-107
rua||paulo sergio resende|eldorado|36707016|1,-2153068,-4265059;5,-32,9;6,-6,0;7,-8,-3;8,-6,2;9,-4,5;10,-8,2;11,-10,5;12,0,0;13,-9,2;14,-8,0;15,-12,1;18,-34,23;26,5,-8;34,10,2;42,8,-4;47,1,5;49,7,-14;50,0,8;62,4,-1;66,9,-6;74,8,-4;90,9,-4;106,19,-5;124,16,-7;132,9,-3;140,8,0;146,16,-6;181,25,-24;194,-6,15
rua||pedro matola|sao luis|36707098|201,-2154734,-4266220;265,218,401;475,-41,-64;535,-40,-45;775,-105,-239
rua||pedro teodoro batista|popular|36706024|12,-2152835,-4265722;43,1,70;71,0,27;123,-11,-57;130,11,14;134,-4,-18;146,-10,-13;156,10,-2
rua||pensilvania|fatima|36700248|30,-2153728,-4263250;33,24,22
rua||petrina gomes machado|vale do sol|36706076|27,-2153346,-4265838;37,5,-30;47,3,9;54,-9,5;77,-4,5;84,-15,19;87,16,-16;94,-18,23;97,7,-3;104,-9,14;107,9,-5;114,-25,6;117,18,3;127,-3,5;134,-14,24;137,11,-10;144,-20,15;157,35,-50;164,-43,64;167,13,-4;174,-15,15;177,13,-6;184,-13,10;187,10,-5;201,-4,10;211,-6,7
rua||plobio cortes de paula|centro|36700100|23,-2153254,-4263982;26,-29,-12;30,34,33;32,-7,-1;34,-4,-8;36,-12,1;38,-3,-19;45,20,-13;67,16,28;75,-49,-5;77,-6,-2;78,18,-2;79,-35,0;81,-1,-2;83,3,2;392,31,-2
rua||principal|sao martinho|36708400|2,-2164726,-4257998;11,190,308;14,-140,-226;15,0,0;23,38,61;36,-80,-131;2750,190,305
rua||prof alziro a carvalho|imperador|36702128|9,-2151515,-4263132;10,7,8;220,-76,-46;223,1,0;231,5,1;232,9,6;243,6,15;244,0,-14;255,13,14;259,0,-2;268,8,8;280,2,4;292,12,2;315,31,17;316,-9,-3;321,0,-2;322,7,4;328,-3,0;339,13,8;351,8,5;352,9,-1;363,9,4;364,-5,5;375,10,-2;376,1,9;387,7,-3;388,-3,-4;398,11,17;399,1,-4;406,20,14
rua||progetada|tres cruzes|36700001|3,-2150267,-4260384;4,84,-101;5,-44,43;9,92,-78;13,-67,52;23,-24,25;25,-38,58;113,50,-67;158,33,-33;191,0,-43;289,93,-9
rua||projetada vale do sol|vale do sol|36706054|26,-2153211,-4265679;31,3,-1;56,-24,9;60,-4,5
rua||projetada|abaiba|36705154|16,-2159018,-4249991;45,-30,51;79,22,-25;90,8,-24
rua||projetada|bela vista|36700505|22,-2151500,-4263708;40,17,12;75,17,8;80,9,9;110,26,15;121,-3,-6;131,11,6
rua||projetada|cohab velha|36700505|1,-2152478,-4263839;3,3,-2;5,-3,-9;7,7,-11;9,-1,-1;11,1,-6;13,3,-2;15,-1,-1;17,2,3;19,5,-21;21,-1,1;23,1,-4;25,-5,5;27,8,-10;29,-3,-2;31,7,-12;33,-5,3;35,5,-8;37,1,-5;39,3,-2;41,-2,-1;59,25,-39;61,1,3;93,12,-31;101,5,-5;111,4,-9
rua||projetada|fortaleza|36700505|136,-2151385,-4261303;315,100,14;426,362,169;429,59,-25;433,35,2;435,-2,-1;437,15,-1;500,-481,-144;530,-71,-12;532,17,10;534,-45,-20;540,50,22;582,-92,-38;632,-16,-18;656,-4,-15;780,-102,-82
rua||projetada|piacatuba|36700505|350,-2148492,-4278176
rua||projetada|providencia|36705154|431,-2166362,-4259758;432,3,-4;437,-4,1;439,-4,4;443,9,-15
rua||projetada|tres cruzes|36700505|6,-2152780,-4262102;13,74,-111;14,-20,43;17,-7,-1;20,16,-39;21,381,-19;25,-385,39;26,-10,2;31,265,153;37,-253,-163;38,3,0;39,32,-64;47,-33,59;50,141,-56;51,204,23;62,12,6;85,-205,59;86,230,-47;110,13,-2;135,-354,-57;140,396,70;152,-390,-73;231,278,146;346,-287,-163;359,231,274;381,-213,-270;1740,-32,37
rua||rafael domingues|fatima|36700370|20,-2153718,-4263659;25,-16,-11;26,11,10;33,-13,-15;36,2,10;45,-11,-17;51,-3,-5;52,5,17;53,-11,-10;67,-16,-7
rua||rafael iennaco|cohab velha|36704140|3,-2152525,-4264140;5,-13,31;100,-49,121;126,16,-34;270,47,-138
rua||rafael iennaco|cohab velha|36707899|35,-2152633,-4263922;85,37,-34;95,-3,5;135,14,-49;155,-67,91;165,81,-105;175,4,-24;183,-4,-4;199,8,-15;253,31,-91;265,5,-16;277,-1,-7
rua||rafael iennaco|pirineus|36704140|13,-2152636,-4263906
rua||rafael ruback de oliveira|alto da boa vista|36702182|81,-2151364,-4262831;111,-14,22;141,-18,15;166,15,-26;173,8,-19;175,-44,57;201,-15,21
rua||ranulfo matola|sao luis|36707088|4,-2154377,-4265595;5,11,-12;14,-31,29;18,17,-15;23,-55,46;38,31,-25;50,-7,10;56,-6,8;68,-9,-3;69,-12,13;70,-12,10;72,-13,9;74,4,5;78,-26,15;80,-11,8;87,-4,0;101,-19,11;150,64,-46;176,-14,16;222,-34,36
rua||renato monteiro junqueira|imperador|36702092|47,-2152000,-4263046;49,-14,-4;51,40,8;55,3,1;241,-60,-7;261,131,-13;265,-50,10;271,30,-7;275,-7,2;279,-8,4;285,-26,10;356,2,2
rua||renato monteiro junqueira|sao cristovao|36702092|11,-2151769,-4263240;12,-497,243;16,9,22;22,-3,-39;26,-8,-25;32,24,17;41,69,-29;53,-73,-103;66,177,122;95,-151,-126;102,8,-3;103,403,-37;109,-9,12;111,-382,38;115,15,-5;119,75,0;125,52,-14;127,109,10;133,98,10;134,-413,159;135,433,-186;137,-327,31;141,225,-24;145,-211,25;151,83,-3;155,-59,23;159,-29,-32;161,299,4;170,-207,109;174,10,-39;175,-55,-27;178,59,41;180,187,-88;183,-1,19;193,-3,8;194,-7,-14;199,-259,10;201,156,51;205,40,-35;219,49,20;229,-1,-2;230,65,-94;238,-3,-10;240,-3,-5;242,-44,71;244,57,-76;246,-4,3;250,-56,84;260,-4,8;264,-156,68;280,151,-62;288,-4,12;294,-8,20;296,-16,10;299,-229,24;301,-2,-8;303,-17,-2;304,256,-26;305,-140,27;319,-108,1;325,-18,3;335,-69,27;355,19,-26;413,68,1;420,33,-4;475,-70,-1;483,-13,-1;484,64,1;490,-19,-1;491,-52,5;496,65,0;518,-85,-12;600,-5,4;632,-48,34;635,50,-2;640,-56,14;648,6,0;651,12,18;654,-3,-8;672,5,16
rua||ribeiro junqueira|centro|36700012|2,-2152795,-4263658;9,-401,-278;13,-6,-4;15,-3,1;17,1,2;25,20,-6;31,-7,4;40,12,8;46,-9,-11;53,6,19;58,23,4;61,-11,4;68,15,-1;76,2,9;97,4,21;107,2,2;111,18,7;131,13,14;147,8,4;157,2,6;161,10,0;175,0,10;178,-1,5;180,10,-7;186,-6,13;191,-2,-5;196,19,13;199,6,-11;203,-16,18;206,11,-18;207,0,13;208,-1,-5;209,5,10;211,8,-1;216,0,3;218,-4,1;219,-5,9;220,14,-5;224,0,-6;229,2,10;242,1,10;253,34,-7;259,-8,16;269,5,12;275,24,18;346,46,24;354,-2,1;364,17,5;406,15,34;408,5,8;426,14,8;436,6,7;438,9,7;446,11,3;454,7,0;462,7,6;472,13,0;484,6,2;490,7,-2;530,38,-4;540,10,5;546,23,13;554,-2,-7;565,1,13;604,20,6;605,8,4;609,10,1;618,-9,11;628,3,-9;633,25,7;634,-25,-7;637,32,12;647,8,5;655,2,-1;667,6,3;679,27,5;687,0,6;697,5,-5;705,12,12;707,0,1;711,7,-9;729,16,7;733,1,1;751,21,21;757,9,-8;759,0,-8;771,3,10;773,4,-10;777,9,0;779,0,3;785,7,-6;789,10,9;811,10,24;821,14,-16;831,8,2
rua||ribeiro junqueira|centro|36700971|110,-2153143,-4263883;114,6,3;118,2,-1;128,18,14;142,-26,25;146,23,-27;150,6,6
rua||ricardo paes netto|tome nogueira|36702518|21,-2150626,-4262294;35,-1,7;36,-7,3;45,5,12;46,-8,-5;55,3,11;65,-7,7;66,-5,5;75,4,-1;85,-8,15;86,-5,4;95,2,1;96,-4,0;105,-2,8;106,-2,2;115,-2,8;125,-1,2;135,-9,15;136,-3,-3;145,-2,11;146,2,0;155,-2,5;156,-6,0;165,-2,11;166,-14,2;175,9,8;185,-2,10;186,-11,0;195,6,4;196,-6,1;205,0,11;206,-6,-2;215,3,9;216,-8,1;226,-5,6
rua||rio de janeiro|cidade alta|36703122|11,-2151506,-4263771;21,16,-5;28,16,-9;31,-9,8;40,19,-14;41,-8,3;51,9,1;52,4,-5;65,-3,-2;72,18,-6;75,-1,-8;82,7,-2;92,9,-11;102,11,-14;112,2,0;122,-1,-4;130,3,-7;140,0,-14;150,2,-7;160,3,-15;170,-3,-4;180,-3,-16;183,-11,8;190,14,-11;193,-14,0;200,13,-16;203,-12,14;213,-3,-11;223,1,-17;233,0,-10;243,1,-11;253,-1,-11;256,7,-10;263,-6,6;266,16,-5;275,-10,-1;276,30,-3;285,-17,-1;286,17,-2;295,-8,-3;296,24,4;305,-12,-10;306,12,2;316,7,0;317,-5,-5;326,21,1;329,-15,-3;336,25,-3;341,-8,-3;346,10,2;353,-4,-7;356,13,6;363,-6,-4;366,8,2;373,1,-7;376,11,3;383,-8,-3;384,18,-3;393,-3,-4;395,11,2;404,4,-7;414,4,-5;417,0,-5;424,7,0;427,-3,-4;434,9,-3;437,-2,-6;447,5,-2;454,14,-8;457,-10,-5;464,15,-1;467,-13,7;477,15,-14;485,-1,-9;486,6,5;493,5,-7;501,5,2;509,9,3;510,4,23;520,-9,12;525,15,-30;530,-19,34;533,21,-25;540,-28,35;541,26,-21;549,-3,6;550,-29,22;557,25,-19;560,-29,23;567,29,-20;570,-37,26;577,26,-12;580,-33,19;587,28,-17;590,-33,25;596,-3,5;597,32,-21;607,-11,6;617,-2,2;627,-3,7;637,-8,11;647,-8,6;657,-4,6;667,-10,6;677,-5,7;687,-5,5;688,-40,26;697,31,-18;698,-38,30;707,32,-24;714,-42,32;717,41,-29;727,-15,11;737,-2,6;767,-18,18;777,-8,5;791,-13,11
rua||rita gina barbosa|quinta residencia|36707102|2,-2153453,-4265205;3,-38,-2;5,36,10;7,5,7;8,-36,-20;11,32,0;12,-56,1;19,53,-3;20,21,6;21,-37,43;23,-3,4;26,-14,-52;27,17,21;28,-5,15;29,43,-42;30,-49,5;32,34,12;33,-24,34;38,33,-30;39,-26,-10;40,10,4;41,37,-26;43,-57,73;50,33,-40;51,-48,34;53,81,-63;58,-40,51;61,-36,44;63,0,5;64,77,-94;73,16,-7;74,-6,5;75,-98,118;79,114,-124;81,5,-7;86,-129,135;87,8,-8;90,59,-45;94,-72,58;100,150,-128;101,0,-7;103,-7,-15;115,10,10;116,-2,7;119,-8,-15;120,24,8;121,-9,-1;380,-161,145
rua||roberto vizani yung|bela vista|36703060|3,-2151547,-4263622;4,19,28;5,-8,-26;11,-194,65;12,199,-63;17,3,31;20,-276,43;31,7,-11;33,218,-71;43,-215,64;50,15,6;61,2,-7;71,2,-5;72,6,3;79,4,-6;89,10,-9;96,1,0;102,66,-52;103,-65,46;106,5,16;108,7,-6;113,2,-19;118,8,5;122,-6,0;125,0,-6;128,8,7;135,-3,-12;140,10,3;149,5,-11;152,-5,3;162,7,-8;169,10,-2;172,2,-2;181,12,2;186,-7,-8;195,2,-7;203,20,-4;219,2,3;233,25,-4;240,-3,9;265,27,-22;269,3,15;305,41,5;319,4,1;348,6,6;356,15,0;358,9,1;360,9,-3;1214,-24,0
rua||rolando ladeira salgado|bela vista|36703021|8,-2152440,-4263642;11,101,55;13,-8,-14;14,-93,-36;17,104,24;19,0,1;34,-81,-20;45,95,-7;47,-3,14;51,-25,-13;53,40,20;58,-97,-17;61,48,-5;86,-32,4;90,11,-6
rua||rolando ladeira salgado|bela vista|36703024|5,-2152457,-4263662;20,124,48;21,-93,-28;22,102,23;30,9,3;35,-105,-23;37,129,-14;39,-116,-14;40,85,38;43,31,-26;49,-24,0;50,29,-1;51,29,-9;52,-55,26;59,56,-24;69,-55,20;76,24,4;79,9,-25;83,44,-16;87,7,-5;90,-58,43;91,-106,2;93,168,-43;94,-57,34;96,38,-31;98,-32,31;101,-25,-11;104,32,5;105,71,-25;107,22,4;108,-85,14;110,4,-2;111,124,1;113,-54,-30;121,57,38;125,28,51;136,2,-9;137,15,48;138,-13,-34;139,1,9;143,22,45;147,4,5;163,31,16;255,-92,-122;269,0,4;271,-4,7;273,16,-6;317,31,65;323,-1,6;373,-316,-68;405,351,108
rua||rolando ladeira salgado|bela vista|36703030|47,-2152102,-4263600;114,0,-30;120,9,11;123,-24,-14;148,30,55;154,6,3;180,14,34;314,-19,-39
rua||romualdo joaquim de souza|fabrica|36700328|5,-2153664,-4264256;9,-9,10;10,5,5;18,-2,-2;19,-6,3;25,-6,5;26,10,3;34,10,1;35,-25,-19;38,20,15;39,-16,5;47,-9,-20;48,3,27;53,-13,-17;61,-10,-4;65,-3,-5;66,6,12;73,-6,-3
rua||rubens duarte|centro|36700224|11,-2153444,-4263612;60,25,16;77,8,-8;80,-6,5;89,25,4;98,-20,7;106,19,10;111,17,-8;120,3,16;125,3,0;133,11,10;136,-4,0;145,7,7;155,5,11
rua||salvador rodrigues|sao cristovao|36702038|15,-2152507,-4263258;27,-12,8;41,-10,10;47,-23,-4;53,-6,8;61,14,20;65,17,-4;70,-71,100;93,44,-74;98,-62,105;100,4,-1;126,44,-82;128,-2,5;140,-12,14;145,9,0;152,-13,13;157,5,-2;164,-1,12;167,0,-3;202,-37,25;215,19,14;225,-6,2;267,68,-124
rua||santana|piacatuba|36708000|21,-2148279,-4278409
rua||sebastiao aparicio da veiga|centro|36700044|18,-2153174,-4263745;21,-2,1;29,6,-18;34,-5,5;38,9,-3;48,4,-12;51,-8,-2;52,5,1;60,4,-11;65,5,10;74,-1,-15;75,8,-2;83,0,-13;86,4,3;100,-2,-17;101,3,0;106,2,-6
rua||sebastiao fefrreira lacerda|eldorado|36707020|26,-2153129,-4265098;31,-78,32;45,7,6;49,15,-8;57,2,-1;65,10,-7;75,1,-4;91,8,-4;95,17,-1;105,31,-3;115,-22,-4;145,28,-8
rua||sebastiao ferreira lacerda|eldorado|36707020|30,-2153007,-4265111;40,-3,-23;58,-178,63;66,6,-4;74,12,-11;82,5,0;90,2,4;96,6,-5;100,10,-3;110,7,-7;120,12,1;138,10,-2;156,25,0;172,9,-17;175,7,9;187,-2,-6
rua||sebastiao magdaleno monteiro|tome nogueira|36702540|6,-2150672,-4262077;16,-5,1;17,-10,11;26,7,-8;27,-16,2;36,3,3;37,-16,-1;46,6,-3;47,-14,4;56,5,-5;57,-10,10;66,5,-9;67,-13,10;76,4,-7;77,-14,6;86,2,-7;87,-6,8;96,-3,-8;97,-11,10;106,0,-7;107,-8,6;116,-6,-6;126,-10,-2;136,-6,2
rua||sebastiao miguel dibo|jardim caicaras|36706214|15,-2154236,-4265680;76,22,-54;228,46,-25;268,28,-19;280,28,0;292,7,-11;316,7,11;320,-4,-3;336,20,-9;346,13,22;356,8,-8;366,7,8
rua||sebastiao pereira bela|alto da ventania|36705000|17,-2153554,-4264553;27,-8,7;29,0,-22;31,-2,4;35,5,-19;45,-20,17;49,8,-4;51,-2,-22;53,-4,2;63,-1,-8;65,-2,-6;87,-19,-6;89,16,1;95,-15,-8;103,-14,21;143,-8,-54;161,-7,-6;171,-1,-24;187,-12,-14;193,-29,-3
rua||sebastiao pereira bela|mina de ouro|36705000|10,-2153533,-4264528;20,-18,-18;30,-1,-10;110,-56,-75
rua||selmo junqueira|eldorado|36705062|16,-2153138,-4264916;66,-46,-10;90,-23,16;91,60,-11;98,-67,18;105,64,-25;106,-69,31;114,-6,0;122,-7,3;150,-13,9;154,-8,7
rua||selmo junqueira|joaquim guimaraes|36705062|15,-2153122,-4264914;115,-88,11
rua||sem denominacao 14|quinta residencia|36707128|151,-2154174,-4265054;185,-13,-28;329,8,18;348,-6,-17;400,22,45;402,-21,-22;5814,-6,0
rua||sem denominacao 1|ribeiro junqueira|36708600|25,-2145391,-4251578;35,-12,13;40,1,-6;51,-5,3;54,-11,-3;65,-14,5;79,-37,-1;90,27,-2
rua||sem denominacao 1|sao martinho|36708000|21,-2164533,-4257744
rua||sem denominacao 47|bela vista|36703027|52,-2151574,-4263714
rua||sem denominacao 5|sao martinho|36708000|28,-2164664,-4257954
rua||sem denominacao 85|rodovia br 116|36707899|5,-2156222,-4268008
rua||sem denominacao|bela vista|36703015|35,-2151473,-4263654
rua||sem denominacao|rosario|36704136|33,-2152442,-4264589;43,7,10;52,7,11;55,-2,-4;125,29,27
rua||sem denominacao|sao sebastiao|36702490|101,-2150630,-4262156;2700,-319,-596
rua||sem denominacao|tres cruzes|36700480|64,-2152580,-4262388
rua||serginho do rock|vale do sol|36706058|2,-2153332,-4266034;134,167,60;138,-6,-7;162,18,10;174,9,7
rua||sidney francisco sao jose|alto do cemiterio|36705160|7,-2152609,-4264869;15,8,-136;21,-5,19;29,8,-23;37,-15,-5;49,0,-7;57,-10,-13;63,-2,-8;79,-8,8;93,-3,-19
rua||sidney francisco sao jose|jardim bandeirantes|36707899|4,-2152606,-4264997;6,58,-4;16,-61,27;28,-2,-11;36,5,-9;42,-9,-38;107,-17,-30;120,5,5;122,-1,-3;511,16,111;523,1,9
rua||silvio maranha|vila esteves|36704085|10,-2152662,-4263894;11,-13,-5;17,11,-14;20,8,-35;38,2,4;41,1,26;49,6,-33;56,6,3;61,-14,-17;66,14,8;74,3,-10;90,11,-16;100,-8,-4;112,17,-25;129,-8,0;130,-4,-16;140,17,-20;143,-16,30;154,6,-41;155,-13,12;164,14,-24;174,-4,-7;188,4,-12;191,-7,2;207,0,-24;210,7,10;235,-9,-11;240,3,-8;244,17,-11;245,-14,15;254,-5,-16;257,-2,4;261,-2,-11;265,2,-8;269,-12,-28;274,5,24;284,1,-6;285,-42,-74;289,-4,-4;300,54,63;311,-56,-64;312,41,52;313,-57,-81;315,-3,-8;318,54,75;325,-61,-82;328,50,69;360,-19,-31;380,-10,-7;392,-5,-9;420,-12,-19
rua||silvio vitoi|cidade alta|36703118|82,-2151760,-4263878
rua||silvio vitoi|nova leopoldina|36707899|67,-2151770,-4263862;79,0,-4;91,5,-15;111,4,-13;711,-241,299;721,224,-210
rua||sindicato textil|fabrica|36700304|4,-2153640,-4264227;10,9,-3;20,20,-6;22,-17,2;32,19,-5;47,19,10;81,22,-19;85,7,7;92,-17,6;94,34,-12;95,-21,-10;96,-1,-1;101,25,6;106,6,14;110,59,30;123,-50,-44;130,11,8;133,-5,-10;143,12,-6
rua||soleiro|alto cemiterio|36705132|72,-2152607,-4264756;82,-6,-10;88,-3,-8;98,-6,-3;140,-30,-29;144,-1,0;150,-3,-4;160,-16,-2;183,-23,-10;193,-6,2;205,-1,-7;219,-6,-12;226,-4,-3;229,-8,-7;234,25,24;244,-8,-4;246,-20,-41;292,6,-27;301,15,-14;318,8,5;331,-29,47;336,45,-50;337,-8,1;346,14,5;355,5,-6;358,-3,5;363,23,4;372,-7,3;379,11,0;380,14,11;387,-5,-6;401,14,3;408,-3,9;409,11,-15;415,-2,15;418,-6,-6;421,13,10;424,-2,1;431,7,3;438,-1,5;445,11,-2;451,2,4;454,5,5;459,3,4;460,4,8;463,3,-9;468,-1,8;470,5,2;475,4,-5;476,-3,13;478,-1,6;480,7,-9;485,7,-1;490,-1,4;495,1,5;521,18,5
rua||teodolino tavares medeiros|vila esteves|36704067|46,-2152772,-4264170;54,12,5;68,4,8;72,2,8;79,6,0;89,4,11;90,-6,-7;93,17,61;97,-13,-43;105,6,4;115,1,15;125,2,2;133,3,18
rua||teofilo vieira de souza|alto da boa vista|36702132|223,-2151464,-4262974
rua||theodolino tavares medeiros|vila esteves|36704067|7,-2152797,-4264197;17,7,7;23,5,4;37,18,6;47,12,29;53,-7,-17;65,8,13;69,3,3
rua||theophilo vieira souza|imperador|36702132|51,-2151616,-4263071;67,9,16;71,4,-3;81,12,5;106,-9,-14;111,33,29;116,-28,-14;136,9,2;146,14,8;156,5,1;161,43,28;164,-31,-20;176,-2,0;186,5,9;216,28,17;226,15,5;240,11,9
rua||thiago jose pereira|tres cruzes|36700484|55,-2152807,-4262360;56,-4,1;101,29,26;110,1,12;123,85,58;204,-118,-100;456,52,49;503,-19,-33
rua||tiradentes|centro|36700056|10,-2153096,-4264253;21,1,24;22,-2,-8;27,10,20;29,11,-30;30,-12,0;37,8,14;38,-1,-9;40,6,-8;44,9,-2;45,-3,13;48,-13,-10;50,30,-22;51,-16,28;55,8,-8;58,6,-8;63,-5,11;73,19,-5;74,3,5;80,2,-13;82,-7,11;86,10,-3;93,1,-11;95,11,4;98,-2,2;100,0,0;108,12,-9;112,0,12;119,-2,-9;123,10,-4;129,4,0;130,2,-1;133,6,-5;134,4,-9;135,-6,8;140,22,3;145,-12,-9;150,7,4;153,-4,-1;165,17,-8;204,31,-4;206,-1,-5;212,4,-8;213,6,-4;216,-1,3;219,8,9;226,-2,-10;231,8,0;233,5,-13;236,-7,5;240,9,0;248,-8,0;253,12,-11;257,3,-5;260,34,27;261,-22,-24;269,2,-7;273,4,-2;282,4,-3;285,-7,-21;288,19,11;289,-9,2;290,4,-4;292,-1,0;295,-1,-8;297,-8,-9;299,-65,-7;300,76,20;301,23,15;302,-23,-18;303,7,2;305,5,-9;307,-2,-1;308,-2,6;310,2,3;314,-5,-13;316,10,9;324,5,-14;330,9,5;333,-3,-13;336,5,-1;345,6,19;346,-2,-24;355,10,-9;358,-6,3;362,9,-4;365,0,-8;368,5,2;376,4,-6;379,8,15;380,-4,-9;382,-4,-20;385,12,14;391,4,-7;394,-4,3;399,12,-3;400,-14,0;402,8,-2
rua||trajano pires de almeida|jardim bela vista|36703212|21,-2150989,-4262923;33,7,3;42,8,1;45,-5,-7;51,4,-5;57,5,5;66,20,-1;69,1,-1;78,9,10;90,12,-2;93,0,-10;102,-2,7;114,21,-3;117,7,-7;125,12,5;129,-4,-7;153,18,-10;160,9,12;174,24,-4;177,-21,-5;210,31,4
rua||tres de marco|tres cruzes|36700514|8,-2152640,-4262125;10,2,1;21,-4,1;32,6,-12;33,5,6;42,4,-8;43,5,-12;45,-2,2;52,0,2;59,4,-14;60,-3,5;63,8,-9;71,8,-12;82,-7,5;83,15,-19;84,-12,7;85,7,-9;87,4,-12;94,-12,14;98,6,-3;112,18,15;122,-10,-44;137,2,10;141,10,-17
rua||vera guimaraes|imperador|36702112|5,-2151766,-4263097;8,34,-60;17,32,-30;18,-12,13;22,-57,75;29,-2,0;30,48,-63;31,-51,73;36,-6,0;57,55,-65;70,-19,21;80,-12,2;87,10,1;90,-9,8;100,-9,14;107,17,-13;117,-7,10;127,-13,12;150,-9,6;160,-17,29;176,-6,6
rua||vicente basile|jardim bela vista|36703194|14,-2151115,-4263458;55,19,147;74,70,193;109,-9,-55;122,-76,-185;166,-5,43;167,17,-5;205,29,43;217,6,1;226,-9,7;229,9,-2;238,-6,11;241,11,6;364,29,104;367,2,14;371,-2,-49;373,-4,-11;389,13,83;416,-19,17;425,23,32;438,-1,0;1130,5,5
rua||vicente goncalves marreiro|jardim caicaras|36706202|3,-2154009,-4265723;173,-163,148;185,17,6;223,21,21;247,21,-14;260,0,0;270,-2,-17;282,9,-1;294,0,0;330,34,-54;335,-10,8;342,14,12;355,-5,-18;385,22,-48;395,8,1;409,1,-18;474,40,-38;503,-275,50
rua||vicente ienaco|eldorado|36707032|21,-2153255,-4265210;31,7,0;34,66,-14;38,8,-16;40,-70,23;41,13,0;50,-8,0;54,-13,4;56,24,-4;60,12,-4;66,0,-6;70,0,3;71,9,0;80,2,-3;90,22,-7;91,-15,4;94,18,-4;103,-7,3;110,8,-5;115,-9,2;119,12,-5;120,10,1;121,-2,2;130,8,-8;131,11,5
rua||vinte e um de abril|tres cruzes|36700510|13,-2152700,-4262156;16,5,-6;23,4,-10;26,-2,12;35,1,-13;36,-5,3;39,52,-71;46,-40,59;47,-1,1;55,2,-8;56,2,-3;67,7,-6;83,7,-10;84,0,-4;86,-10,3;91,19,1;99,7,-23;104,-6,7;116,10,-8
rua||viriato pinto|ribeiro junqueira|36708600|8,-2145371,-4251709;25,-8,3;123,36,154;165,28,10
rua||wilson berbari|bela vista|36703036|10,-2152119,-4263704;14,-43,-30;55,43,52;62,5,19;63,0,-12;71,8,10;77,-2,2;81,4,14;86,8,29;91,-7,-23;94,6,11;100,2,2;111,-9,-1
rua||wilson pimentel|ribeiro junqueira|36700028|5,-2145399,-4251229;8,-6,20;20,79,-280;21,-2,4;30,-95,317;35,7,-16;43,30,-98;53,39,-168;125,-30,59;135,-7,15;171,20,35;185,-9,6;213,-16,59;225,0,23;250,-1,-78
rua||wilson valentim|joaquim furtado pinto|36705054|35,-2153197,-4264859;79,91,-18;89,-1,4;121,-97,17;173,33,-26
sede||mato dentro|mato dentro|36705192|9,-2145068,-4271765
serra||dos netos|fortaleza|36700001|1890,-2152144,-4260206;1920,-184,-1404
sitio|doutor|nelsom|tres cruzes|36700001|590,-2152946,-4260996
sitio|nossa senhora|aparecida|lajinha|36708000|28,-2146859,-4273972
sitio|sao|geraldo 1|mato dentro|36705192|9,-2145048,-4271876
sitio|sao|sebastiao do paraiso|cachoeira do paraiso|36700001|1,-2158509,-4268355
sitio||bela vista|fortaleza|36700001|11,-2150869,-4258869
sitio||da posse|lajinha|36707899|228,-2149141,-4272700
sitio||macauba|lajinha|36707899|5,-2146298,-4275282
sitio||mato dentro|mato dentro|36705192|9,-2145429,-4271185
sitio||sem denominacao 29|tres cruzes|36700001|460,-2153730,-4261005
sitio||sem denominacao|tres cruzes|36700001|486,-2154045,-4261124;494,16,43
sitio||sossego|brauna|36700080|8,-2153146,-4281088
sitio||todos santos|rio pirapetinga|36700001|780,-2158436,-4268267
sitio||vargem linda|vargem linda|36707899|3,-2148446,-4271012
travessa|dom|pedro ii|centro|36700060|8,-2153134,-4264155;34,20,-4;38,6,11;40,2,-6;43,11,8;45,0,2;46,-6,-4;54,2,24;72,20,-10;75,10,-4;85,8,15
travessa||belarmin0 ferreira da costa|fabrica|36700336|71,-2153736,-4264076
travessa||da crianca|sao luis|36707094|9,-2154429,-4265618
travessa||ismail avila|bela vista|36703039|25,-2152060,-4263769;52,-15,-3;74,17,15;584,-11,-19;585,2,-18
travessa||jose da silva coutinho|rosario|36704114|15,-2152642,-4264582;18,40,-46;23,-22,56;31,-6,12;32,4,1;36,6,-3;39,1,-8;45,7,21;46,-1,1;51,1,5;52,2,-9
travessa||luzia de jesus coelho|fabrica|36700282|9,-2153697,-4264401;12,41,-2;20,-34,-3;26,12,-10;32,-4,-14;40,3,-10
travessa||miralda|vila miralda|36704188|82,-2154035,-4264522;86,3,-8
travessa||miralda|vila miralda|36707238|65,-2154023,-4264495;77,29,-17;79,-22,0;80,-6,10;83,-12,-14;87,-3,-29
travessa||oldemar montenari|bela vista|36703084|30,-2151501,-4263439;282,-1,-24;300,17,18;304,-12,-20;497,-22,36
travessa||sebastiao soares de oliveira|pirineus|36704022|8,-2152919,-4263972;16,0,2;26,-4,16;30,-6,-4;188,6,-9
travessa||sem denominacao 10|bela vista|36703090|638,-2151422,-4263372
travessa||sem denominacao 9|vila miralda|36707899|40,-2153934,-4264384
travessia||antonio arruda|tome nogueira|36700001|39,-2158007,-4273982
usina||mauricio|piacatuba|36707899|10,-2147457,-4282678
viela||vitral|centro|36700168|30,-2153340,-4264456;31,3,2;40,-9,-14;41,8,-2;43,-2,-4;44,-3,5;51,5,-6;53,3,-7;63,-4,-4;64,-1,-4;66,6,2;73,-2,-7;74,0,10;83,0,-28;91,-13,4
vilarejo||paixao|vista alegre|36700001|354,-2145195,-4258080
vila||esperanca|eldorado|36707899|237,-2152889,-4265090
vila||etelvina f ramos|centro|36700164|23,-2153316,-4264449;26,-12,-1;38,14,-9;41,0,-3;50,-1,-7;59,3,-13;64,-4,-2;76,4,-19;90,3,-7;94,-2,-9;99,1,15;193,-9,84;197,2,-20
vila||jose paulino dos reis|quinta residencia|36707136|79,-2153897,-4265161;621,-3,10;623,0,-13;627,-15,0;643,12,3
vila||mariana de o f costa|jardim bandeirantes|36707899|25,-2152291,-4265047;26,2,-2;31,16,3;53,-36,-10;63,-1,-4;93,29,24;313,-39,-46;322,4,12;326,5,8;328,8,6;333,-41,-40
vila||othoniel rezende|centro|36700156|5,-2153400,-4264426;6,3,-10;14,4,1;15,-8,9
vila||santos|centro|36700172|19,-2153340,-4264460;21,-12,6;29,-3,-7;31,10,-11;33,-4,4;43,0,-12;45,-1,-1;59,0,-3;63,0,-10;73,4,-9
vila||valentim|centro|36700160|29,-2153286,-4264451;30,10,-9;37,-6,8;40,3,-10
vila||virgilio areia|fabrica|36700296|18,-2153628,-4264390;21,-2,-9;22,-12,6;24,20,17;28,-15,-17;29,16,23;32,-7,-2;34,2,23;40,3,-3
