acesso||bairro planalto|planalto|36883148|110,-2114098,-4237781;160,6,-18;310,7,-175
acesso||muriae x mirai|divisorio|36886178|4,-2114189,-4242051;2525,249,124
acesso||rodovia br 116|barra|36884114|825,-2113810,-4238517
alameda|sao|jose|centro|36880021|7,-2112951,-4236644;17,-13,-7;33,-9,5;42,-4,17;43,-47,34;45,24,-39;47,-33,-38;56,24,30;70,-8,-17
alameda||alamandas|quinta das flores|36880143|10,-2113733,-4236894;65,36,37;85,3,3
alameda||antonio luzia|barra|36884073|69,-2112882,-4237768;70,23,14;99,-33,-24
alameda||das acacias|joao xxiii|36883238|10,-2114591,-4237422;20,158,108;25,4,17;40,-15,-31;75,-31,-18;85,-3,-16;90,9,7;95,-17,-9;100,1,-11;105,-11,9;110,4,-16;115,0,3;120,-7,-6;125,-5,-1;135,-4,-5;140,-1,0;143,-2,-11;155,-12,-6;157,-12,-10;160,1,15;173,-8,-16;195,-21,-9;203,-15,11;210,9,-2;240,-23,-2;245,-20,-5;247,-14,-4;250,32,8;260,-9,-8;265,-28,0;275,-10,-2;290,3,-2;295,-17,-8;300,14,1;305,-31,-5;320,-13,-3;325,-4,1;335,-13,-6
alameda||das azaleias|quinta das flores|36880140|30,-2113867,-4236849;35,-10,-1;55,15,5;250,38,-2;425,-8,5
alameda||das orquideas|centro|36880140|40,-2113955,-4236580;80,10,-27;100,8,-18;126,25,-65;140,-20,44;160,4,-12;250,29,-60;260,7,-17;280,0,-9;300,11,-16;320,6,-9;360,6,-11;370,2,-11;400,7,-11;440,18,-67;470,34,21;570,64,2;590,7,2;610,18,1;630,11,3;650,15,12;670,14,-2;690,7,10;710,8,-6;770,37,-13;790,13,-9;850,46,1;890,15,1;950,19,-50;990,2,-40;1010,4,-16;1030,-1,-8;1050,-1,-10;1070,-9,-21;1090,-4,-9
alameda||das orquideas|quinta das flores|36880140|135,-2113932,-4236651;145,8,-11;165,1,-18;205,11,-23;225,8,-9;241,17,-34;285,4,-16;325,7,-19;345,8,-12;385,4,-12;395,10,-40;465,52,-4;485,17,-2;505,5,0;685,149,7;745,37,-23;765,7,1;1075,36,-111
alameda||das petunias|quinta das flores|36880149|60,-2113872,-4236906;70,10,-10;75,42,0;80,-27,1;90,9,-14;95,29,21;100,-9,-16;105,82,10;110,-66,-2;115,10,-2;140,11,1;160,13,-1;165,26,9;225,60,14;240,-22,-12;260,15,11;300,24,7;320,18,-10;340,12,-7;360,13,-8;365,72,-46;375,12,-12;400,-60,41;420,14,-2;440,18,-11;480,34,-3
alameda||das quaresmeiras|primavera|36880254|6,-2114679,-4236571;11,87,-2;13,-273,-27;14,161,26;20,107,1;21,-2,-8;24,-246,32;25,-4,-1;30,223,-21;31,20,0;40,-7,-3;41,-7,5;50,-6,-9;51,-6,7;53,-236,11;55,5,-21;56,274,8;60,-47,3;63,5,1;70,-9,-4;71,-11,13;80,4,-11;81,-7,0;90,-16,-10;91,1,16;100,5,-9;110,-8,4;120,-15,0;121,-4,-3;130,-6,5;140,-4,-2;141,-2,0;150,-16,-1;151,-1,10;160,-1,-10;173,-27,14;180,9,-11;181,-4,8;190,-3,-4;191,-16,4;200,-3,2;201,-1,-1;210,1,1;211,-7,4;220,1,-6;240,-23,3;241,-4,9;250,-2,-7;251,-8,11;260,-3,-7;261,-4,5;270,-6,-2;271,4,-4;280,-11,2;290,-11,-2;298,-7,0;324,-15,-13;338,-9,-20;355,4,0
alameda||das resedas|primavera|36880222|9,-2114774,-4236617;10,-19,4;11,-10,-1;12,-7,-7;200,73,-4;226,-22,-5;240,-5,-2;314,35,1;326,-116,16;340,-18,1;360,-9,-1
alameda||das resedas|primavera|36880252|21,-2114606,-4236642;28,12,1;32,-6,-13;34,-17,17;35,-4,2;36,-9,-14;38,-19,19;44,-56,-1;52,-84,13;53,-5,3;61,152,-32;81,-23,10;91,-7,3;100,32,-6;101,-44,4;111,-3,2;121,-12,14;141,-16,-15;151,-12,-5;154,41,0;163,-53,10;164,115,-22;173,-126,25;183,-6,-3;193,-12,5;203,-4,2;233,-31,9;243,-13,-4;253,1,0;263,-17,7;268,244,-38;273,-233,24;283,-17,13
alameda||das sibipirunas|primavera|36880268|6,-2114744,-4236275;16,85,-8;19,29,4;20,9,1;30,-248,55;38,257,-98;45,-214,72;48,180,-34;51,-5,0;53,-241,68;55,95,-61;61,133,5;68,-5,1;88,-23,-12;98,-4,-3;108,-8,8;111,-7,2;118,-5,2;121,1,-9;128,-16,-10;131,5,19;141,-2,-1;151,-8,-5;161,-11,5;168,-13,-7;171,5,2;178,-13,-3;181,5,8;188,-12,-6;211,-16,6;245,-32,21;258,-9,0;265,-1,7;275,-7,8;308,-37,2;315,9,23;320,-15,-4;325,-4,2;345,-8,3
alameda||das violetas|quinta das flores|36880146|74,-2113972,-4236660;78,-3,-6;80,-1,-40;106,1,4;114,11,118;115,-6,-50;126,3,-86;136,7,-15;145,-14,79;150,20,-93;166,3,-6;180,9,-24;210,11,-16;220,1,-10;375,-12,19;455,25,-53;475,11,-23;495,9,-15;505,3,-12;515,-2,-7
alameda||do pau brasil|primavera|36880274|11,-2114806,-4236283;21,3,-9;31,13,-2;41,-42,-19;42,31,-17;55,11,43;135,-8,-32
alameda||dos hibiscos|primavera|36880278|3,-2114908,-4236231;17,1,-70;18,1,10;20,2,57;22,-8,-10;30,3,-2;33,2,-7;43,1,-17;53,2,-8;63,-7,-3;70,2,-2;83,-6,-19;100,8,-8;110,0,-6;120,-7,50;355,3,-53;507,6,69
alameda||dos ipes|primavera|36880270|3,-2114583,-4236069;4,9,-8;25,9,-479;35,11,8;38,29,174;39,-1,-16;46,34,-53;47,-2,-11;48,1,-7;50,-42,-58;55,-14,-14;57,3,0;59,15,-6;62,-40,-23;63,-7,-13;84,66,87;85,-26,-42;95,19,20;105,-1,2;110,21,34;115,-7,-20;120,1,80;125,18,-78;132,-20,65;142,-23,15;158,4,11;175,26,-39;185,1,11;194,35,18;195,-42,-4;200,-4,3;215,-2,4;225,-13,16;255,-6,20;265,1,8;274,-68,76;275,64,-66;284,-24,92;285,22,-76;294,-26,96;295,24,-85;305,-6,1;314,-11,92;315,13,-83;324,-12,100;325,5,-78;334,0,90;335,-2,-87;344,5,92;345,-5,-89;354,5,89;355,-10,-81;364,14,99;365,-21,-75;374,25,81;375,-12,-84;384,12,96;385,-14,-88;406,5,108;418,-6,8;432,-5,15;435,18,-87;445,-1,15;446,-20,79;455,30,-64;465,0,8;475,-1,6;484,-12,3;485,8,7;495,-11,1;496,-41,81;505,35,-74;515,3,19;525,-3,2;535,-7,17;545,-6,4;555,-1,7;565,-4,11;575,1,4;615,-33,5
alameda||dos jambeiros|primavera|36880266|1,-2114945,-4236234;17,-18,-25;18,7,5;23,334,-76;26,-25,1;27,-23,5;29,32,-7;32,-68,1;34,-14,9;38,77,-18;39,10,9;56,-289,115;58,-7,-13;64,-33,-38;69,280,-58;79,5,-6;83,-193,-3;89,186,16;99,-10,-8;103,-176,-17;130,150,7;139,-4,8;140,-2,-5;149,-11,-1;150,-1,1;158,-13,10;159,7,-18;169,7,-11;170,-18,22;188,-15,-8;189,2,5;190,-22,-5;199,11,3;210,-4,-3;220,-23,0;233,-121,116;243,113,-112;260,-22,-9;300,-18,-2;310,-18,12;320,-9,1;335,-21,-4;340,2,-3;348,-7,-6;352,-10,13;355,3,-3;365,-14,0;372,-10,8;375,11,100;380,-17,-97;405,-4,87;411,-3,-4;415,-5,-2;417,-5,-47;425,3,27;426,1,-52;428,-3,31;445,-6,16
alameda||dos lirios|quinta das flores|36880155|13,-2114053,-4236784;55,45,-39;80,17,-11;90,5,-4;110,5,-11;120,11,-12;160,23,-21;180,13,-16;270,53,-51;300,18,-4;310,-3,-11;330,20,6;340,19,-10;344,3,0;350,6,-1;390,35,-13;480,73,-17
alameda||dos oitis|primavera|36880272|1,-2114578,-4236510;11,-17,360;12,4,-11;21,-14,-237;22,-6,88;27,41,-249;28,-13,-67;34,-19,484;40,12,-470;41,6,26;49,-27,321;56,23,-308;70,9,52;85,-2,10;90,0,2;100,3,9;105,1,16;120,-1,7;130,4,12;140,-6,6;150,2,9;160,-5,15;180,9,19;193,-2,-16;210,-10,43;220,2,15;230,-10,13;244,-1,0;248,-1,5;252,-3,8;254,10,-23;256,-8,27;270,-10,60;290,-1,26;300,4,0;305,0,12;310,-4,2;315,-3,7;325,-11,9;330,19,5;335,-4,6;340,8,5;345,2,8;350,5,2;355,-7,5;360,4,6;365,1,-3;370,-3,8;380,8,12;397,-8,11;407,8,14;410,-10,3;430,-6,21;433,14,-14;449,-4,17;471,-12,26
alameda||dos resedas|primavera|36880252|1970,-2114878,-4236614
alameda||dos tamarindos|primavera|36880276|7,-2114858,-4236277;11,-8,-6;23,8,27;30,6,-27;33,-3,15;40,-8,-3;53,5,-9;60,-3,-14;63,4,8;73,2,-16;80,5,-9;83,4,-5;93,2,-2;103,-8,-6;267,-6,-6
alameda||jose mariano machado|gaspar|36888097|55,-2112426,-4238364;65,3,-13;71,3,-1;81,10,-11;91,-3,-3;101,13,-23;141,20,-35;151,15,-11;161,-9,-1;180,14,-16;201,5,-20;211,11,-5;221,8,-15;231,-5,-7;241,5,3;251,2,-11;261,17,-9;271,1,-22;280,-10,17
alameda||sebastiao cesario de souza|vila de pirapanema|36880001|5,-2107504,-4250095;25,11,-21;65,0,0
avenida|comendador|freitas|centro|36880061|51,-2113296,-4236088;81,14,29;90,8,8;93,5,4;103,-2,13;105,10,18;125,29,49;143,-17,-40;151,20,12;155,-17,8;169,5,-5;241,25,83;315,2,59;317,0,8;331,-13,-90;333,12,19
avenida|coronel|francisco gomes campos|sao francisco|36881017|2,-2113559,-4236104;4,-9,8;6,-5,8;8,-15,-10;10,-16,3;12,-2,3;14,-14,4;15,-384,119;43,408,-129;45,-3,-2;48,-245,143;55,242,-146;83,-24,23;99,-20,0;111,-6,7;135,-6,10;139,5,-5;145,-45,27;147,-3,3;151,-15,6;153,-8,-4;155,-12,16;159,44,-29;161,22,-5;165,-24,-14;225,-59,31;235,17,29;244,-48,20;254,-14,7;258,-17,5;260,-11,8;278,-39,15;280,26,-11;330,-106,15;333,25,5;335,12,2;344,-91,-7;345,70,12;357,-15,-4;367,-27,-4;370,-35,-29;380,1,-2;440,44,26;505,-63,-25
avenida|coronel|francisco gomes campos|sao francisco|36883281|26,-2113654,-4236070;36,-48,37
avenida|coronel|monteiro de castro|barra|36884013|55,-2112913,-4237448;75,5,-7;80,16,3;94,-28,9;95,26,-34;98,-3,6;106,-12,-2;115,12,-11;116,-9,0;127,4,-14;128,-3,3;131,5,-11;140,-3,4;145,1,-12;171,35,-9;177,-17,-10;179,1,-9;180,-9,8;181,49,-146;190,-46,141;195,15,-13;200,-17,1;204,-5,-11;205,19,0;208,-20,1;216,16,-10;225,2,-6;240,-4,-9;248,25,-18;250,-7,0;259,-11,2;266,17,-4;267,-2,-11;277,-3,-11;284,-2,-2;287,10,0;293,3,-10;294,0,9;301,-2,-18;304,-3,-5;313,7,-16;334,5,-6;346,1,-23;351,9,-14;354,-12,18;358,18,-8;361,-1,1;372,-1,-8;373,-3,5;381,10,-17;384,-14,-7;393,8,-11;398,-5,-6;420,3,-17;444,-2,-45;448,20,3;456,0,4;464,11,-7;465,5,-14;474,-3,5;477,3,1;485,-3,-3;489,4,-6;499,-6,-12;509,7,-41;517,-2,11;527,15,12;531,-3,-8;537,-14,-14;547,2,-13;575,23,-11;587,-6,-12;621,16,-34;631,2,-15;645,-6,-20;655,8,-4;681,0,-2;685,8,-19;711,20,-26;731,10,-1;738,2,-18;750,-8,-5;751,4,-4;764,-2,-21;768,-3,-7;769,6,-2;774,-8,4;785,-1,-18;790,-6,-5;792,14,5;801,-10,-5;804,22,-12;810,-22,-3;811,2,4;817,0,-15;818,-5,10;822,-2,-8
avenida|coronel|monteiro de castro|barra|36884036|6,-2112732,-4238001;520,-56,150;548,2,-15;550,27,-40;588,-6,-8;592,-14,-9;602,-5,-2;616,12,-12;626,5,-18;632,4,-1;640,-3,-17;660,63,9;686,-53,-41;694,2,-9;698,16,-4;706,-8,-10
avenida|deputado|delfim ribeiro|jose de abreu|36883159|10,-2114095,-4237781
avenida|dona|maricas|bico doce|36880167|10,-2113601,-4237104;20,-467,158;27,466,-147;28,-440,148;31,431,-151;35,-11,-3;40,-316,107;50,287,-102;56,-394,134;59,397,-143;83,-15,24;93,17,2;101,-38,-5;109,-3,-1;114,-316,89;131,311,-97;132,-303,111;137,286,-107;147,0,-3;167,-23,-6;175,-9,2;185,-24,-8;192,-172,57;194,9,-6;195,154,-51;205,-5,8;245,-17,-4;250,-95,31;255,83,-23;258,-95,18;265,80,-17;273,-13,-7;281,-8,-9;297,-10,19;300,-38,13;307,36,-12;311,-32,4;319,12,-6;325,-10,4;331,-2,1;341,-7,2;361,-16,3;379,-11,16;385,-7,3;388,87,-32;413,-105,41;425,-11,6;435,-1,18;453,-26,-5;459,12,6;475,-16,7;485,-9,14;516,146,-87;567,-201,147
avenida|dona|maricas|sao gotardo|36880167|15,-2114071,-4236957;29,7,-15;61,39,16;71,-7,-5;80,383,-123;92,-19,0;112,-3,9;113,-347,80;120,327,-90;125,-307,93;134,295,-93;140,-283,82;150,274,-82;160,-5,1;210,-67,-1;216,-5,-5;220,-10,0;240,-9,12;247,-80,10;260,65,-16;270,-12,-5;284,-7,12;296,-21,-15;306,-3,3;318,-13,9;328,2,-2;348,-11,7;368,-20,19;378,-7,10;398,-13,1;408,-10,10;420,-78,46;428,62,-41;436,2,2;438,-13,12;448,-6,4;518,-43,36;536,-38,22;558,64,-65;578,-84,99;600,-15,-13
avenida|doutor|joao evangelista bandeira de melo|cardoso de melo|36887219|20,-2112726,-4240295;40,94,47;50,-64,-41;60,19,-2;100,31,13;115,43,136;120,-13,-140;175,18,24;190,3,21;195,2,-8;210,3,28;220,-4,31;225,-1,-24;235,3,6;240,0,21;245,-2,-8;250,-8,14;255,0,-8;260,4,13;265,9,7;275,-9,11;315,25,0;320,1,-2;325,-18,33;335,-13,12;345,0,5
avenida|doutor|joao evangelista bandeira de melo|napoleao|36887219|320,-2112609,-4240102
avenida|doutor|nilo pacheco medeiros|bom pastor|36887100|1,-2113305,-4240126;2,-76,-128;12,74,136;26,-57,-180;30,5,-12;36,48,189;65,-12,-266;70,-14,26;76,-10,28;77,59,-25;78,-23,-50;122,-14,28;130,2,-6;144,1,-5;155,-43,103;160,-28,73;164,4,10;170,4,13;175,-6,6;180,15,19;190,24,17;340,7,-185;365,10,194;368,13,16;408,-22,-22;458,-36,-31;469,6,-74;500,-12,10;508,-8,20;518,4,-9;568,3,-6;578,15,-34;618,19,-44;658,16,-42;670,52,295;690,-19,-31
avenida|doutor|nilo pacheco medeiros|cardoso de melo|36887100|46,-2112972,-4239642;540,-265,-342;560,5,-2
avenida|doutor|nilo pacheco medeiros|santana|36887100|10,-2113394,-4240193;16,27,-91;22,95,-229;32,-23,32;42,1,-8;50,-56,167;59,35,-71;67,7,-18;73,37,-86;81,-36,-29;105,1,82;110,-17,62;120,-5,0;130,4,7;140,0,14;146,-6,11;150,-7,21;155,28,-114;159,-79,206;160,39,-85;165,-47,115;172,41,-88;180,1,-8;185,62,-192;236,-38,204;260,50,-260;262,-19,-16;312,3,23;451,-87,362;485,-6,-13;501,125,201;529,-66,-129;585,41,76;595,-92,-207;719,23,109;730,63,-291;797,-77,276;882,23,-437;892,49,9;1071,-16,191
avenida|doutor|passos|barra|36884002|187,-2112934,-4237308;239,13,130;254,-18,-3;255,-31,10;266,33,-129;279,6,110;284,-10,-12;295,22,6;300,-26,-21;311,9,-11;331,-10,-26;345,34,13;381,-20,-47;421,-14,-6;441,-23,-24;444,42,-41;456,3,-17;475,-4,25;493,2,-23;505,0,-11;535,8,-21;700,-22,239;712,1,-18;719,-1,-87;738,6,-9;768,13,-24;852,-6,-83;853,-1,-6;856,-8,1;888,18,-14
avenida|doutor|passos|centro|36884002|23,-2112908,-4236938;39,-2,-4;41,-16,6;43,18,-31;51,-2,-2;59,-7,-6;69,16,-4;87,-7,-12;97,10,-25;120,-14,-48;125,-34,30;141,35,-28;149,1,-21;165,18,2;171,-54,-57;199,25,1;211,-23,3;219,7,4;227,-86,15;230,87,-27;310,38,122;344,-6,34
avenida|maestro|sansao|centro|36880002|120,-2112850,-4237048;123,36,-13;236,-4,52;375,-48,-37;400,15,21
avenida|marechal|floriano peixoto|barra|36884113|35,-2112834,-4238232;55,-8,-16;65,-7,-23;87,-30,-15;97,-9,-7;107,-1,-15;131,-8,-14;133,-21,-5;165,10,-9;169,-12,-3;179,1,-12;181,-13,-1;187,-5,-11;197,2,-5;225,-11,-21;227,10,15;231,-15,-19;237,-7,0;245,-4,-13;256,8,-2;270,-12,-17;271,3,10;275,-8,-21;285,-1,0;290,2,2;297,-7,-8;299,-3,-11;300,-4,5;312,6,-4;325,-21,-25;326,14,16;329,-7,-2;336,-4,2;340,2,-11;349,-7,-23;350,1,10;351,-10,-2;355,-5,-6;365,-13,-27;374,20,17;375,-19,-19;385,-4,-5;417,-83,11;425,74,-21;427,-14,-8;437,-19,-15;445,-10,-25
avenida|presidente|arthur bernardes|centro|36880005|2,-2113004,-4236906;6,-8,-11;8,16,-78;14,-93,256;18,98,-256;20,-23,65;32,7,-10;42,15,0;50,-104,174;58,40,-80;66,86,-115;82,-60,84;86,-62,65;94,120,-162;104,-132,153;118,18,-14;134,12,-12;146,24,0;152,-5,-28;168,4,-2;176,13,-12;194,6,-7;204,-3,3
avenida|presidente|kenedy|gaspar|36880001|4,-2112141,-4238451;5,-54,291;8,57,-295;11,-23,89;12,4,-12;14,10,-12;15,-11,38;18,8,-59;20,-32,179;41,-9,61;95,7,-9;105,0,-9;115,2,-5;125,0,-16;195,8,-66;205,6,-34;225,3,-20;265,9,-28;305,7,-37;315,2,-12;321,8,-23;345,-6,-2;387,8,-34;412,1,-24;417,-3,-3;427,-2,13;437,9,-39
avenida|presidente|kenedy|gaspar|36888109|10,-2112206,-4238097;15,42,-174;25,-35,125;45,7,26;60,-8,-13;100,6,-26;110,1,-13;130,9,-37
avenida|presidente|kennedy|gaspar|36888109|16,-2112145,-4238436;39,-12,68;42,-4,10;47,-2,35;48,-6,23;74,35,-236;103,-10,39;105,-1,-12;302,-15,133;322,6,-22;343,2,-11;350,4,-32;352,5,17;380,2,-44;390,-6,-2;410,4,0;450,5,-51
avenida|professor|lucio jose gusman|sao cristovao|36889300|15,-2113303,-4235719;16,-3,27;23,-100,-310;25,97,336;34,-86,-336;45,-13,-15;65,57,59;67,3,2;75,-45,-59;77,85,87;83,-18,-20;85,-11,-9;150,47,23;177,-1,29;186,-11,-11;260,10,100;267,10,-8;277,-1,16;287,-1,7;350,-19,69;351,7,-7;361,3,6;371,4,13;385,-13,6;395,-1,17;405,-9,13;415,9,10;420,-1,-14
avenida|santa|catarina|vale verde|36889450|1,-2112975,-4234321;2,-47,-67;3,-7,7;7,9,-6;10,58,81;12,21,32;29,-70,-135;39,5,9;49,4,9;59,3,8;79,14,14;189,44,90;219,12,25;220,-31,-64;229,30,80;239,2,0;249,3,13;259,-2,10;269,6,16;299,2,19;309,9,11;319,1,9;329,4,4;339,-3,8
avenida||alfredo pedro carneiro|boa vista|36888001|137,-2112632,-4237148
avenida||altino rodrigues pereira|dornelas|36886009|7,-2113105,-4239385;61,-349,-477;62,-24,-77;71,3,22;125,375,530;188,-22,5
avenida||altino rodrigues pereira|franco suico|36886160|190,-2113636,-4240087;233,-12,3;235,45,18;270,-47,-46;303,-28,-34;789,-19,-45;827,78,114;877,-29,-32;897,-16,-1;907,-16,-9;927,-6,-16;1017,-6,-76;1097,-1,10;1169,4,-153;1211,4,-60;1221,0,72;7595,-4,-92
avenida||altino rodrigues pereira|jose cirilo|36886009|20,-2113252,-4239712;23,-20,-46;68,29,27;70,-9,-1;76,-15,-6;80,-43,-50;115,153,330;126,-90,-241;127,72,221;171,-15,-38;191,3,-1;207,-11,-35;208,113,210;211,-200,-418;218,123,340;228,13,3;237,-38,-157;243,-11,-38;247,11,38;257,-45,-29;264,65,144;281,13,17;287,-48,-183;290,22,159;302,-1,-25;310,-7,-97;320,44,75;330,-41,-7;337,-19,-119;340,18,105;354,3,-4;371,-83,-208;374,76,189;394,-2,-12;404,-3,-7;412,8,-22;421,-103,-167;450,90,139;457,-124,-175;460,128,169;508,-24,-12;520,41,-46;532,-18,-21;552,-25,-2;555,-151,-107;565,-9,1;960,35,22
avenida||altino rodrigues pereira|jose cirilo|36886160|11,-2113354,-4239810;60,-128,-116;70,42,77;86,75,42;89,23,29;97,2,-18;106,-40,-18;148,-12,-4;150,-4,5;158,-6,-25;170,-8,-6;176,-1,6;188,-18,-11;239,58,48;464,63,14;558,-70,-20;590,110,62;592,-190,-159;594,-2,-18;596,188,170;660,-176,-116;670,-5,-6;702,-23,-90;850,-2,30;852,3,-13;872,3,-30;874,-17,-4;876,0,-3;1000,-198,-229;1096,21,95
avenida||alvino carlos de souza|bela vista|36884114|60,-2109643,-4237899
avenida||alvino carlos de souza|sofoco|36884114|1,-2109685,-4237885;2,99,-132;3,8,-3;4,-94,108;5,57,-73;6,187,-48;7,90,-6;13,96,4;14,-380,57;20,306,-59;23,12,1;25,-14,-2;95,158,32;97,10,4;200,-706,332;220,186,-238;253,13,-27;281,-9,7;381,62,-70;391,-67,97;935,460,-126
avenida||amaro goulart|joao xxiii|36883221|72,-2114328,-4237280;300,-51,16;372,-87,87;384,-10,9;398,-11,9;424,-23,-1;429,14,5;436,-30,14;452,-9,4;466,0,-1;473,-15,21;478,-5,-15;487,-13,19;488,3,-9;499,-6,8;502,-1,-9;511,-6,9;514,-5,-8;521,3,22;526,-12,-18;531,-10,23;536,7,-13;552,-17,5;560,-8,3;571,6,7;572,-17,-1;581,-5,6;584,-3,-5;591,-5,17;596,-9,-7;608,-11,1;611,6,9;620,-12,11;623,0,0;632,-19,-3;637,3,9;642,-12,-2;651,3,8;654,-8,7;665,5,-1;666,-13,-1;675,2,5;678,-14,1;688,-7,7;691,12,3;704,-8,3;705,-3,11;712,-11,-5;719,8,11;722,-17,6;733,9,8;734,-12,-3;745,9,11;746,-17,-1;758,5,3;761,8,8;770,-14,5;775,10,11;780,-13,-5;791,8,13;792,-2,-3;802,-3,6;805,3,8;814,-7,12;815,7,6;824,-15,9;827,6,0;832,-7,5;839,10,11;844,-12,6;849,9,-1;861,0,18;870,-21,7;873,16,-3;878,-8,0;885,3,21;890,-2,7;897,3,-1;906,10,8;907,-15,-3;918,-4,8
avenida||antonio francisco|barra|36880001|14,-2112901,-4237404;34,7,-4;62,10,0;64,13,9;888,-40,-11
avenida||antonio rodrigues santana|povoado do macuco|36880001|15,-2114252,-4249035;20,28,-12;50,22,-2;115,-310,-205;120,132,178;125,8,6;219,-54,-20;292,-16,-16;294,-87,-79;4989,118,89;5001,133,45;5005,-71,-14;5010,38,11;5018,-11,-4;5026,146,0;5027,-1,7;5030,-12,-14
avenida||antonio tureta|joanopolis|36886057|13,-2114207,-4239436;14,9,-4;15,4,-8;16,2,-9;17,46,-48;18,11,-19;19,42,-45;20,-35,41;21,24,-31;22,-51,68;23,46,-63;24,-35,43;25,82,-107;26,-64,90;27,74,-108;1486,-6,21;1506,-8,4;1616,-68,87;1676,-40,47
avenida||antonio tureta|sao joaquim|36886057|280,-2113813,-4239990;302,-13,20;310,-10,7;1432,-182,304;1589,-208,252
avenida||antonio tureta|sao joaquim|36886114|4,-2113841,-4239892;8,-104,96;9,-198,286;10,-4,9;11,-20,1;12,185,-243;13,-198,265;14,12,8;15,-10,6;16,2,7;19,-19,24;21,-18,7;51,207,-243;53,28,41;54,389,-396;93,-46,13;108,-33,-10;113,-232,237;128,212,-238;144,-15,-3;156,-6,-5;171,-483,580;176,464,-585;198,-23,-4;199,-1,2;209,4,-2;219,-31,15;220,27,-15;226,-23,13;228,-9,-1;236,162,9;239,-157,-3;242,-18,4;252,15,17;269,-3,-17;289,-23,26;301,-12,-3;302,-92,231;339,89,-222;349,-13,10;352,-10,32;359,-2,-5;369,-12,7;372,5,5;379,3,14;396,0,21;408,0,17;415,-2,0;426,-4,13;436,2,12;439,-8,4;444,5,13;451,-81,122;454,72,-121;459,3,16;468,-15,-6;474,-1,12;484,-4,8;494,-3,13;504,-6,5;507,-81,102;525,61,-55;534,10,-30;602,-29,43;603,15,-8;641,-32,35;655,-18,6;683,-13,12;1615,-139,159;1725,-71,87;1785,-26,23
avenida||armando nunes de abreu|napoleao|36887079|28,-2112894,-4239426;30,-15,9;35,11,-8;36,-2,0;45,-32,3;47,8,-14;54,-2,13;65,30,-5;68,-29,4;75,-9,-6;78,-5,17;85,-2,-6;95,-7,0;105,-6,-3;110,-4,2;122,-18,22;127,-6,-26
avenida||bruno sales abreu|alto do castelo|36881094|12,-2114685,-4235946;14,-20,60;20,21,115;32,-3,-9;35,-1,2;44,0,-9;56,-8,-18;68,-6,-10;80,-3,-12;92,-4,-13;95,7,19;105,-7,-18;115,-7,-4;121,58,-155;131,-4,8;185,-45,79;204,11,-22;205,-5,2;225,12,-19;235,8,-1;245,3,-14;255,3,-8;265,10,2;280,-3,-17;292,10,-14;304,6,-8;305,11,-15;316,-2,5;325,8,-21;335,6,-1;338,-4,2;345,9,-16;350,-3,8;355,6,-22;365,7,-8;436,-91,203
avenida||carolina brum|chacara doutor brum|36889046|30,-2112708,-4236762;234,119,256
avenida||carolina brum|gavea|36889046|11,-2112712,-4236784
avenida||castelo branco|chacara da gavea|36889034|430,-2112294,-4236641
avenida||castelo branco|gavea|36889034|2,-2112694,-4236834;3,48,39;14,15,20;15,-65,-81;16,75,90;18,20,10;20,1,-5;80,60,27;101,-86,-55;112,178,99;122,4,6;125,-161,-92;129,7,11;132,172,86;143,-143,-75;149,-26,-12;172,65,20;175,-79,-32;185,56,28;190,-30,-16;204,9,9;210,13,14;221,41,16;260,-14,-2;270,17,16;294,19,-2;296,7,6;300,15,3;330,10,6;358,95,34;368,12,3;388,12,9;541,105,10
avenida||cecilia meireles|alterosa|36880200|8,-2114528,-4236581;9,3,-21;18,-39,-82;19,4,-11;20,6,-5;30,42,-98;33,21,-9;35,19,-31;36,2,-10;47,-62,108;48,-10,-2;149,27,-51;170,63,267;183,-78,-247;211,72,-69;215,-83,90;223,-12,25;235,3,18;291,-4,31;305,-1,3;315,95,-175;333,-96,172;340,31,59;420,55,87;425,-12,-15;444,-4,6;963,-23,-277;973,3,-2;1045,-24,46;1125,-29,76;1175,6,54;1191,19,14;1196,-5,-1;1198,-1,16;1220,12,13;1234,-6,1;1270,12,22;1280,7,15;1290,21,22;1302,25,12;1337,7,1
avenida||cecilia meireles|colety|36880200|10,-2114102,-4237079;12,-190,71;15,-70,62;16,515,-160;41,-57,-14;184,24,1;204,-25,-4;236,-33,15;256,-5,0;266,89,-12;276,-39,-18;288,-88,17;308,-10,-3;320,-23,5;330,-4,7;340,-11,-4;350,-12,6;370,-277,129;380,258,-117;390,-10,6;400,-16,12;416,-97,46;440,-115,34;444,-5,7;480,162,-61;526,-49,23;536,-12,6;546,-9,5;556,-10,1;566,-17,-17;576,-12,-18;596,-18,22;610,-21,29;650,-21,17;660,-7,4;696,-15,14;700,-14,5;953,101,-48;965,67,-25
avenida||cecilia meireles|sao gotardo|36880200|10,-2113784,-4237135;11,17,17;22,10,-3;28,-817,420;44,796,-431;54,-11,-2;58,-605,220;59,2,-2;90,583,-202;100,-731,330;133,789,-352;168,-760,351;248,-53,86;268,12,44;772,162,-257;790,-9,9;800,-11,14;810,-3,6;820,-4,8;840,-11,7;850,-14,8;860,4,1;880,-21,7;900,-10,21;910,0,15;920,-17,-9;930,-15,5;946,-11,16;956,-5,2;996,-15,35;998,-14,2;1000,1,17;1050,-5,33
avenida||constantino pinto|centro|36880003|5,-2113209,-4236974;15,16,-8;38,26,7;60,14,-12;61,-12,19;70,23,1;78,5,-5;81,6,-12;101,84,-67;103,-66,62;104,107,-20;113,-103,7;120,96,-10;121,-90,18;131,-3,-3;135,18,3;136,-1,-2;139,2,-4;146,11,1;152,20,11;153,-16,-3;160,23,-6;161,-22,4;168,21,0;171,-9,-27;180,27,11;181,-18,14;189,9,-5;191,-2,7;200,20,-13;201,-6,30;205,-8,-70;216,17,27;217,16,0;264,37,3;265,-2,-11;270,13,9;281,-2,-5;286,14,-13;300,16,11;310,-2,-6;311,-10,0
avenida||dante bruno|dornelas|36880005|358,-2113013,-4239224;405,-3,39;455,1,-55
avenida||dante bruno|dornelas|36884178|50,-2113056,-4238734;100,60,-26;155,33,-81;170,-8,55;185,34,-233;190,34,169;205,-36,-186;215,-27,-37;255,5,23;335,-40,-51;345,13,-17
avenida||do contorno|dornelas|36884211|3,-2113640,-4238903;4,243,-71;6,-15,4;7,-144,33;9,88,-36;10,42,11;15,-8,-99;17,262,-66;19,-345,189;25,26,-21;26,211,-154;27,101,-6;30,-6,6;31,-220,-1;33,65,2;35,61,9;36,-17,1;37,-2,1;38,10,-7;40,-88,46;41,57,-41;43,9,1;45,-147,128;50,69,-15;52,30,11;65,-94,0;66,84,11;69,41,-26;77,-95,17;80,129,-133;84,-74,66;85,21,75;90,81,-154;96,-87,147;99,33,3;100,59,-144;114,52,2;115,-14,1;116,-14,-1;120,-205,141;121,135,-9;122,-135,3;126,244,-138;131,-96,133;135,16,6;136,36,-72;140,-79,67;145,48,4;146,93,-136;148,-65,133;150,-70,-2;155,51,3;159,10,1;160,-240,24;165,253,-38;195,19,13;200,-45,3;203,-79,-126;205,-8,-1;211,-119,140;215,270,-20;225,24,-8;232,-48,8;240,-104,-2;256,172,-108;260,-64,-15;290,46,127;291,16,-32;345,-315,49;350,304,-26;353,40,-80;357,-33,80;365,18,-96;401,-24,-27;475,-42,6;519,-64,1;580,132,-7;596,-7,-5;618,-20,-3;629,-185,13;646,-59,5;659,37,-8;689,-3,3;698,117,20;703,-147,-21;715,-16,-2;860,21,-5;880,-7,19;926,251,-25;3000,-436,200
avenida||eudoxia canedo|centro|36880031|3,-2113072,-4236327;4,-5,10;5,15,-5;6,-7,4;7,13,-1;8,-10,4;9,22,2;11,1,-7;13,7,1;15,4,5;16,2,9;17,11,-12;18,-12,5;19,20,-4;20,-14,-1;21,22,-3;22,-14,16;23,17,-10;24,-6,6
avenida||frederico corveto napoleao|napoleao|36887072|6,-2112859,-4239363;11,6,-86;12,4,-103;14,-14,106;15,3,130;16,4,-248;17,-4,109;25,19,-174;30,-16,237;39,0,-21;44,-11,-42;45,7,18;46,-7,-21;48,7,33;51,-9,-49;52,13,-15;61,-5,12;66,-2,-37;70,4,-1;71,-8,15;72,14,-51;82,-10,-3;90,4,17;100,6,-24;106,-10,38;110,18,-48;120,-3,-21;121,-19,237;161,31,-203;174,-15,-40;181,16,-44;182,-14,38;187,7,-20;210,4,-24;215,3,-3;237,4,-22;240,3,-1;247,6,-9;250,-12,27;257,10,-27;260,-1,3;267,7,-20;270,-9,13;277,15,-10;287,7,-18;297,-1,-8;307,4,-6;308,-4,-8;317,15,-3
avenida||hermes de almeida|santana|36887108|4,-2113310,-4240443;19,-7,8;22,3,-1;28,-4,-3;29,-10,-5;32,-8,-8;42,0,9;47,0,5;48,-9,2;50,-13,9;54,9,2;55,-2,-12;60,-130,2;61,-11,-5;65,114,-12;67,11,10;68,-132,-3;71,-3,0;78,141,19;81,-32,-17;86,-2,17;89,-112,-16;90,131,4;91,-22,0;94,0,5;98,-37,-14;99,4,18;100,-8,-13;102,30,-1;106,-11,9;136,-4,-2;156,-19,6;176,-21,-3;185,-8,-16;186,-1,20;224,-43,-2;235,-12,16;236,1,-19;244,-3,-11;245,0,10;255,-4,2;669,6,0
avenida||imperial|residencial jardim das palmeiras|36880113|31,-2113573,-4236710;42,-7,18;43,-11,-7;55,-5,4;67,-21,5;82,-11,0;91,6,8;102,-20,6;115,-8,6
avenida||jerusalem|marambaia|36889446|380,-2113120,-4234521;390,4,-15;400,-8,-11;410,-10,2;420,-8,-11;430,-7,-8;440,-7,-10;450,-11,-2;460,-1,-8;470,-7,-3;480,-6,1;490,-11,-13;500,-7,-7;510,-5,-9;520,-9,-7;530,-11,-6;540,0,-14
avenida||jerusalem|padre tiago|36889446|130,-2112877,-4234568;140,-35,-5;150,-3,0;160,-7,3
avenida||joao de souza celestino|dornelas ii|36884195|25,-2113390,-4239289;33,-44,9;35,17,2;37,9,-1;330,-153,10;350,20,-4;360,8,-4;370,12,2;380,-17,7;390,26,-2;400,4,-3;410,24,-4;420,-8,8;430,20,-6;440,18,-6;450,14,-9;460,6,1;470,3,0;510,26,5
avenida||joao de souza celestino|dornelas|36884195|13,-2113403,-4239266;17,36,-22;18,10,-8;39,-127,185;42,49,-5;52,-8,9;59,-52,-21;62,44,28;72,-11,-14;79,-40,2;82,39,-5;89,-67,-34;92,41,34;102,-4,-9;109,-50,-10;110,15,-6;112,16,25;113,-41,-24;120,31,7;122,5,4;129,48,54;139,-93,-68;159,70,15;189,-96,-32;194,342,-179;199,-359,169;209,-5,-7;219,-6,-22;229,11,-10;235,14,-3;255,-3,-6;265,-9,-9;275,11,12;295,3,-28;305,3,0;335,23,-18;345,14,-9;355,5,3;365,8,-2;375,9,2;385,8,1;395,13,-6;405,9,-5;425,34,6;435,0,-8;455,12,2;465,5,-8;475,19,7;479,2,-2;489,23,-18;493,7,15;505,7,1;515,8,-9;525,9,3;550,7,1;560,12,-14;565,12,8;570,-4,-5;585,19,-4;600,3,4;620,28,-36;621,-1,19;633,12,-6;651,4,-6;675,21,-10;680,2,0;683,-25,22;691,39,-34;699,10,8;700,-8,-6;707,13,6;710,1,-2;720,5,-7;727,7,3;745,-1,-33;765,-6,32
avenida||joao paulo nunes neves|alto do castelo|36881100|14,-2114328,-4235926;26,-3,32;44,-36,-39;45,-2,17;73,-33,8;84,52,-6;85,-58,15;91,-4,-14;97,-8,4;109,-11,5;121,-16,-5;133,-5,5;145,-13,5;157,-7,-8;169,-15,12;181,-14,1;197,-13,1;204,26,8;213,-36,-7;216,38,18;220,-7,3;228,-10,-6;229,-36,-13;238,16,-3;245,-31,5;250,22,2;260,-12,-1;261,-21,0;272,13,-4;277,-30,8;282,20,-8;293,-34,12;294,27,-10;304,-13,9;309,-31,5;314,22,-2;325,-34,5;326,25,-6;338,-9,3;341,-30,7;348,19,-8;357,-32,8;360,26,-5;372,-16,1;373,-26,2;380,21,-2;389,-33,15;392,22,-10;404,-11,1;405,-30,3;414,24,-1;426,-14,6;436,-5,2
avenida||joaquim martins lopes|sofoco|36884114|9,-2109373,-4237296;12,79,10;20,69,9;25,10,-20;35,-152,-1;105,122,14;210,19,-1;245,-192,1;250,203,0;255,-168,3
avenida||jose rodrigues pinto|sofoco|36884114|6,-2109134,-4237970;9,1,134;22,-4,-139;23,3,107;36,3,7;43,-3,-11;44,1,-7;45,3,-18;51,-4,25;55,-154,345;90,95,-150;605,62,-246;704,-188,470
avenida||juscelino kubitscheck|centro|36880017|7,-2112923,-4236638;865,-4,176;889,14,10;931,19,-84;935,-19,-13;985,11,-33;1062,-72,-108;1095,20,19
avenida||juscelino kubitscheck|centro|36880026|99,-2112977,-4236380;145,28,-35;500,-72,197;585,9,-1;591,-11,-13;601,7,0;621,6,-8;631,1,-17;705,28,-60;711,15,-7;731,-7,-44;741,-9,91;771,15,-108;777,4,-33;821,18,-5
avenida||juscelino kubitscheck|centro|36880034|8,-2112906,-4235729;26,-11,-8;28,4,21;36,-32,-16;40,3,-16;42,-7,-8;291,-94,-182;299,6,0;301,-11,-18;311,0,-14;321,-1,-7;323,5,11;325,-7,-28;355,5,-10;361,-2,-20;365,1,29;1155,61,-698;1177,8,-3;1183,-21,-18;1184,0,-3;1189,-27,-47;1215,24,41;1221,-18,-17;1303,0,-39;1315,2,-11;1323,2,-11;1341,11,-11;1349,8,-18;1355,-3,-3;1377,10,-13;1393,12,-15;1405,8,4;1409,10,5;1415,-10,-14;1445,28,-21;1465,8,-3;1475,17,-24
avenida||juscelino kubitscheck|centro|36891899|413,-2113054,-4236050;421,-14,-45;431,12,32;445,16,-30;467,0,-18;487,-47,-44;495,49,15;505,2,-12;527,-64,16
avenida||juscelino kubitscheck|rosario|36880034|55,-2112946,-4235771;105,0,-31;135,-21,-20;151,-13,-17;165,-16,-1;171,-10,-3;177,93,108;199,-98,-108;207,-20,-9;215,12,-18;221,-8,-11;229,-5,3;235,-2,-11;243,-3,-9;251,8,-6;255,-17,-13
avenida||luciano rodrigues de paula|chacara leblon|36889550|30,-2112330,-4232946;38,92,-43;144,-158,63;150,-64,15;200,40,-9;222,71,-16;410,146,-76;600,270,-126;1900,-436,207;2100,125,-27
avenida||lurdes francisca martins|sofoco|36884114|1,-2109525,-4238197;2,-2,-1;4,-1,24;6,11,32;7,1,-7
avenida||manoel florentino de carvalho|cardoso de melo|36887228|11,-2112851,-4239940;25,-2,-13;33,5,-116;35,12,-1;39,30,-231;45,-38,221;49,30,-233;55,4,-15;65,-29,228;75,-9,98;85,0,-21;95,4,3;105,-7,-13;115,4,-8;125,-3,-10;135,7,-4;155,-4,-11;165,5,-21;175,19,-1;185,2,-33;195,-25,-2;205,7,9;215,-18,165;225,26,-197;275,-14,-10;295,11,-13;305,-2,-24;315,4,-17;325,-20,207;335,12,-68;345,25,-158;355,0,-12;365,2,1;375,-8,-30;425,8,-33;435,43,8
avenida||marechal floriano|barra|36884113|10,-2112784,-4238244;12,-14,6;20,-3,-7;40,-14,-2;52,-12,-29;72,-8,17;80,-18,-26;88,-3,11;96,-4,2;104,-7,-29;120,-18,-6;130,-14,-19;144,22,0;150,-24,-8;154,-1,-15;174,6,-5;186,-25,-2;196,-3,-11;206,-6,-8;216,-8,-23
avenida||maria candida do carmo|santana|36887118|1,-2113310,-4240605;3,-25,-15;5,-23,7;7,-9,6;11,-166,19;15,28,-2;17,5,4;20,-45,7;21,16,-7;23,194,-26;25,2,6;27,-159,18;32,144,-29;35,-9,13;40,-202,13;46,214,-36;48,16,46;52,-35,-35;55,8,2;79,-188,17;80,16,26;91,135,-41;92,-3,13;103,-27,-3;107,-142,14;120,163,-13;131,-31,0;141,-9,-10;145,-2,7;150,12,-2;152,-52,13;165,28,-6;167,6,10;171,-16,-1;185,27,-2;188,-15,-8;217,32,10;225,-88,2;240,2,-14;260,-8,8;262,-2,23;280,-18,-18;300,-13,0;310,-15,1
avenida||maria da conceicao xaia|alto do castelo|36880279|15,-2114726,-4235861;25,2,-8;27,-6,2;29,-7,-4;31,1,-10;33,-5,-4;35,-6,-2;37,-9,2;39,1,-5;41,3,-7;43,-1,-5;45,-2,2;47,-5,-12;48,5,7;49,3,-13;51,-10,-2;53,6,2;55,-4,-15;57,2,-7;59,-2,0;61,2,-4;63,4,2;65,-6,-8;67,6,-10;69,-9,-1;71,4,-7;73,8,2;75,0,-6;115,31,113
avenida||mosenhor soares|centro|36880055|1,-2113126,-4235823;5,1,-2;13,-2,10;27,-1,-23;31,-14,56;41,-10,-56;51,-6,12;61,-7,-2;77,-8,-11;89,-18,17
avenida||otavio henrrique gouveia|sofoco|36884114|40,-2108907,-4238057;191,-50,143
avenida||pedro inacio de medeiros|residencial vermelho ii|36880001|31,-2111264,-4244381;35,-3,-3;41,8,-4;45,-1,-6;48,10,-3;51,-9,-1;52,10,-6;55,-11,0;58,12,-5;61,-13,-3;62,13,-2;65,-12,-7;68,12,2;71,-15,-2;72,10,-3;75,-11,1;78,15,-6;81,-16,-2;82,9,-5;85,-10,1;88,14,-5;91,-13,0;92,10,-2;95,-7,0;98,6,0;102,-2,-7;103,-9,1;107,-4,-8;108,15,3;112,-4,-8;115,-12,1;116,14,-6;118,-5,-5;119,-6,9;126,12,-18;127,-16,9;128,12,-6;131,-13,1;134,9,-10;137,-15,7;140,13,-11;141,-19,12;146,22,-14;149,-16,3;150,13,-7;153,-13,2;156,11,-9;159,-14,1;160,14,-3;163,-12,1;166,9,-9;169,-12,7;170,9,-10;173,-14,6;176,11,-11;179,-10,1;180,11,-2;183,-10,0;186,9,-6;189,-12,-1;190,12,-7;193,-15,5;196,10,-11;199,-2,0;200,5,0;203,-16,2;206,9,-7;207,-9,0;210,7,-13;211,-9,8;214,10,-7;217,-12,4;218,11,-7;221,-11,-3;224,9,-1;227,-12,-1;228,11,-7;231,-10,5;234,8,-10;237,-15,5;238,11,-6;241,-11,0;244,11,-4;247,-16,2;248,16,-7;251,-15,1;256,11,-6;257,-15,2;260,-25,-140;261,26,135;267,-2,-4;271,-2,-3;277,-2,-9;281,0,-1;335,-18,-64;339,-3,-3;343,-1,-5;347,-2,-5;351,0,-4;354,13,9;357,-16,-14;358,16,7;361,-19,-7;366,22,3;367,-18,-15;370,18,9;371,-21,-12;376,18,8;377,-14,-11;380,5,10;381,-11,-17;386,23,-8;387,-25,2;390,26,5;391,-23,-8;396,7,6;399,-13,-9;400,17,9;401,-17,-17;406,18,9;407,-19,-12;410,16,8;411,-2,-8;416,-1,5;417,-10,-13;420,6,6;423,-9,-14;426,11,9;427,-7,-13;430,5,12;433,-9,-14;437,-2,-8;438,13,11;442,-3,0;443,-8,-16;449,3,0;452,-4,10;453,-3,-16;459,-1,-6;460,13,5;463,-1,-15;466,4,27;469,-20,-26;473,-2,-7;479,-2,-3;483,4,-4;489,0,-9;493,-4,-3;497,0,-2;501,-3,-8;507,2,-5;511,-3,-4;517,0,-5;521,2,-2;527,0,-7;531,3,-5;537,-4,-5;541,1,-4;547,2,-8;551,0,-2;571,3,-5;575,2,-3;581,0,5;585,10,-11;589,0,-10;593,-4,-3;597,9,-2;601,8,2;605,-1,-10;609,6,4;615,3,-4;619,4,-4;625,3,-3;629,9,2;635,0,-11;639,12,10;645,-2,-3;649,2,-10;655,7,7;659,5,-3;665,5,-3;669,8,-1;674,3,7;675,-2,-11;678,8,14;679,-4,-24;683,1,4;684,11,22;687,-3,-22;688,1,23;689,3,-22;693,2,0;694,2,30;697,2,-23;698,1,25;701,2,-21;704,3,25;705,2,-24;708,0,22;709,-2,-21;714,5,29;717,2,-23;718,2,28;721,1,-24;724,4,25;727,-1,-18;728,3,19;731,0,-18;734,7,22;737,-5,-15;738,11,16;741,-9,-17;744,12,24;747,-2,-19;748,0,18;751,-1,-15;754,7,21;757,-6,-12;758,5,17;761,2,-19;764,5,21;767,-1,-17;768,6,20;771,-2,-21;776,6,21;777,-3,-12;780,8,20;781,-5,-20;786,6,21;787,0,-20;790,5,24;791,-4,-17;796,5,21;797,0,-20;800,6,22;801,-2,-19;806,7,21;807,-4,-17;810,4,22;811,-1,-19;816,7,21;817,4,-12;820,-5,16;821,5,-16;826,-1,22;827,2,-21;830,1,21;831,0,-19;836,5,22;837,-1,-17;840,5,18;841,0,-19;846,1,21;847,2,-15;850,3,22;851,3,-19;856,-1,21;857,1,-19;860,3,23;861,0,-19;869,5,-3;873,3,5;877,3,9
avenida||regina antunes napoleao|napoleao|36887215|41,-2112789,-4239922;45,-95,269;48,-25,-12;55,32,0;58,-39,1;65,37,-13;68,-6,1;78,14,-21;85,7,1;94,-14,-4;96,10,-10;98,9,-76;105,-1,79;110,-2,-24;128,8,-4;135,-5,4;144,15,-41;148,-1,-13;188,9,-9;210,8,-26;228,-2,-8;238,-10,-10;248,14,-14;258,-5,-8;265,20,0;268,-14,-6;275,22,-7;278,-22,-8;285,15,1;288,-15,-9;295,12,0;305,1,-22
avenida||rio bahia|barra|36884114|44,-2112677,-4238307;54,15,-8;94,83,17;164,9,-3;2985,77,314;3123,-111,-323;5220,-87,-16;5310,80,3;5340,52,24;5410,20,37;5415,-7,-1;5450,1,89
avenida||rio bahia|gaspar|36884114|593,-2112170,-4238023;611,114,-4;645,-58,-2;708,184,-12;5815,-352,-4;5875,52,27;5935,24,1;5975,48,-9;5995,17,-2;6025,19,3;6045,11,9;6065,25,-12
avenida||rita maria dias de freitas|dornelas ii|36891899|20,-2113325,-4239702;21,-2,5;30,-8,5;40,-1,1;41,0,6;42,2,-26;50,-4,28
avenida||rute carmo|povoado do macuco|36880001|80,-2114021,-4248957;90,-346,-271;100,339,268;154,-288,-209;156,-1,-1;165,7,3;175,-12,-20;186,92,63;188,-83,-50;195,-111,-149;196,274,265;206,16,39;280,72,43;281,18,-4;290,-17,0;295,-19,-12;300,-7,-4;306,-12,-13;465,27,32;565,-13,-11;574,-25,-33;575,15,23;577,-2,-6;605,-25,-20;607,6,-6;609,-20,15;610,2,-31;645,-20,-20;775,-18,-6;780,50,40;801,-86,-80;805,-7,-5;814,77,64;817,-48,-45;818,26,27;819,-4,-5;839,-82,-60;847,-18,-9;851,-9,-2;861,-5,-3;868,-19,-7;880,155,96;903,-184,-133;911,-17,1;915,-3,-24;925,-2,2;929,-8,-5;931,-10,-9;935,-10,-15;937,0,0;939,-4,-21;941,-6,-4;997,3,-20;1203,-37,-28;1205,-3,-7;1267,-15,-5;1269,-8,-8;1279,47,44;1738,205,177;1821,-17,1;1840,-11,-5;1842,-6,-13;1852,-19,4;1854,-13,-25;1858,-15,2;1860,-12,-12;1862,-23,-9;1866,-18,-20;1868,-8,-10;1872,33,37;1882,-158,-187;1897,103,101;1898,-7,-12;1925,-8,-7;1926,-7,-8;1927,-4,-4;1928,-18,-17;1956,-44,-39;1958,2,-2;1959,-8,-8;1981,-8,3;1982,3,0;1984,-11,-11;3845,-216,-150;6460,504,423;7020,64,58;7100,10,20
avenida||sebastiao fernando levate|franco suico|36886161|2,-2113831,-4240458;73,-4,20;110,15,-20;133,-26,21;145,-11,1;157,-19,4;190,-28,8;241,-36,12;253,-5,2;265,-16,1;277,-15,2;330,-53,14;337,-5,-3;360,-16,10;372,-7,13;384,-5,2;396,-16,9;397,-4,-17;408,-13,8;409,5,-9;421,-6,18
avenida||serafim augustini de freitas|dornelas ii|36884190|2,-2113463,-4239571;3,7,-7;6,21,-22;8,3,-16;11,11,-16;12,5,-14;13,6,-7;14,6,-11;15,7,-8;16,2,-11;17,8,-7;18,0,-5;19,4,-9;20,2,-1;21,39,-47;22,-24,22;23,-39,84;25,1,-8;31,13,-20;37,13,-34;39,6,-9;40,33,-38;42,37,-19;50,-41,24;85,-24,17;115,-18,36;117,-37,73;125,35,-70;150,-48,72;155,32,-43;170,-33,57;190,-12,28;195,28,-53;215,-12,17;225,1,9;235,-6,10
avenida||silverio campos|safira|36883033|9,-2113639,-4237340;10,-42,47;14,45,-45;20,7,-7;21,-16,1;29,9,-5;33,-119,144;37,127,-153;40,33,-28;41,-28,23;60,-95,93;64,116,-109;66,3,-4;69,-15,15;80,-120,132;84,138,-152;124,29,-37;126,2,-1;140,9,-22;176,6,-10;188,7,-3;200,10,-7;208,9,-3;218,-2,-7;258,26,-13;296,23,-45;344,41,-35;354,-2,-11;364,2,-2;396,31,-37;404,-6,-4;440,15,-3;450,6,-15;460,10,-3;470,8,-2;500,77,1;510,-69,-27;534,42,-33;716,6,-15;726,30,-45
avenida||silverio campos|safira|36883051|115,-2113574,-4237408;121,0,-3;133,2,-11;141,7,-6;147,-3,-14;155,22,0;157,-13,-4;181,6,-9;191,14,-26;197,6,19;209,10,-13;217,6,-1;225,7,-18;231,0,-5;251,7,-19;255,1,-5;265,1,-6;285,3,-3;305,35,-14;313,12,-6;333,8,8;345,13,-22;355,-4,-14;363,0,-3;373,5,-21;383,9,2;387,2,-8;413,11,-17;415,14,9;421,36,22;429,-54,-71;451,37,41;453,-5,-28;465,17,12;475,1,-9;494,99,-134;495,-80,83;505,-28,3;507,28,2;511,-2,-20;519,16,14;531,1,-12;541,2,-11;543,1,-2;561,9,-4;565,4,-6;617,39,-20;621,-4,-7;629,3,-13;660,-15,53
avenida||vicente alves|bico doce|36880160|2,-2113509,-4237127;4,-21,14;6,1,46;10,-26,-46;17,-30,20;47,26,-24;56,-17,37;60,-7,6;64,-1,4;65,-6,-9;66,9,14;72,-10,1;96,-2,5;105,-10,-9;106,1,7;107,-4,2;116,-8,7;119,2,-8;125,-16,8;126,2,-8;127,-11,7;138,9,-2;156,-16,-3;165,-9,9;174,-5,-9;180,-13,22;200,-12,-6;201,22,45;202,-5,-34;203,1,-4;222,-31,-6;235,-1,3;315,-35,-1;316,23,-4;323,-26,4;326,10,5;327,-13,-13;330,-13,24;336,-4,-6;339,1,-13;340,-16,14;349,4,-1;350,-9,4;355,-11,-8;361,-6,4;362,4,-10;372,-14,14;380,264,-101;407,-261,98;409,-22,4;419,-7,14;422,-1,-13;427,0,11;432,-11,-2;436,-6,17;444,-25,5;447,10,-14;452,-12,14;455,31,-10;457,-36,-1;465,36,-4;476,-44,22;480,-9,2;495,4,-26;500,-16,17;506,-8,3;510,-3,8;519,-6,13;527,-7,5;535,3,2;540,-3,-11;550,-7,10;555,0,10;556,-8,10;560,-3,15;567,11,-18;582,-19,-19;607,-8,50;617,10,22;623,-23,-15;624,-16,-6;634,0,16;635,-6,5;649,8,2;650,-25,-2;657,17,17;673,-7,18;684,-21,-3;687,0,1;695,2,6;696,-2,0;698,-3,0;703,-6,9;715,-8,5;720,11,3;725,-10,10;728,2,6;739,-13,4;741,-20,10;742,15,-6;776,-10,4;2946,80,-92
avenida||vicente alves|sao gotardo|36880160|751,-2114081,-4236793;791,-7,10;803,-10,-1;813,15,15;817,-24,-1;819,-4,-7;837,-10,12;847,11,-17
beco|coronel|manoel alves|bom jesus da cachoeira|36892000|26,-2126010,-4240782;30,5,-4;33,8,-5;35,5,-5
beco|farmaceutico|alvaro de castro|barra|36884012|2,-2112742,-4237503;3,-3,-8;4,-3,-4;5,-3,-6;6,0,-12;154,24,32
beco|santa|luzia|santa terezinha|36884073|51,-2113191,-4235203;236,3,-15;269,-2,15;311,8,12
beco|santa|luzia|santa terezinha|36889254|20,-2113188,-4235198;80,12,17;90,9,11;100,1,6
beco|sao|joao batista|ceramica|36883003|10,-2113476,-4237210;11,31,-3;35,-21,-9;88,4,11;90,-9,5;250,10,-9;258,-3,-5
beco||antonio expedito campos|ceramica|36883015|15,-2113213,-4237632;20,-7,6;25,4,20;26,1,-4;30,2,-44;48,-5,-12;58,0,7
beco||antonio ramos|aeroporto|36887048|15,-2112685,-4238794;20,-8,-5;24,21,6;36,-10,-1;46,-35,-7;52,20,13;54,3,3;60,-34,-23;68,19,6;69,-18,-12;70,12,19;86,11,7;97,42,-5;310,-44,9
beco||arlindo neves|bom jesus da cachoeira|36892000|363,-2125925,-4240698
beco||aureliano gomes|santana|36887008|223,-2113116,-4240410
beco||boa esperanca|encoberta|36889253|59,-2113234,-4235318;60,-2,6;69,16,-2
beco||boa vista|uniao|36891899|3,-2112378,-4238720;5,1,-8;11,0,2;60,-4,24;471,8,-37;3120,5,11
beco||da escola|vila de pirapanema|36880001|2,-2107324,-4250283;3,5,16;10,-5,-20
beco||da igreja|povoado capetinga|36891899|25,-2103339,-4240863;40,-30,-9;241,51,16;270,-29,-3;280,-11,-10
beco||do cemiterio|vila de itamuri|36880001|34,-2099234,-4237277;40,-25,-18
beco||do cruzeiro|sao domingos|36892200|50,-2096091,-4247524;80,0,-7;87,-10,-10
beco||ozanan|sao cristovao|36880005|1,-2113517,-4235960;2,10,17;3,-7,5;5,10,3;6,-3,5;7,12,-7
beco||sem denominacao|barra|36880005|78,-2112646,-4238053
beco||sem denominacao|jose cirilo|36880021|37,-2113452,-4240011
beco||sem denominacao|jose cirilo|36886009|552,-2113215,-4239680
beco||sem denominacao|jose cirilo|36886023|46,-2113428,-4239941;51,6,-23;55,5,10;60,-16,4;66,22,1
beco||sem denominacao|safira|36883033|207,-2113656,-4237255;233,-1,-16
beco||sem denominacao|santa terezinha|36889271|190,-2113001,-4235726;192,4,-16;302,-13,16;303,12,-14;304,3,-2;362,-50,1
beco||sem denominacao|santana|36887114|6,-2113536,-4240470;10,-6,-11;30,5,17
beco||sem denominacao|sao cristovao|36889339|66,-2113426,-4235512
beco||sem denominacao|vermelho|36892500|25,-2110734,-4245732;120,23,-4
beco||sem denominacao|vila de boa familia|36880001|236,-2120724,-4250718
comunidade|santa|rita|comunidade santa rita|36891899|2,-2111847,-4239415;3,-23,0;5,-72,-12;7,5,59;12,68,-9;36,21,1;40,-95,-32;42,35,35;43,-6,-4;48,-7,-34;170,29,3;180,6,-8;204,-42,4;210,21,-3;300,42,-5
comunidade||aguas claras|fazenda aguas claras|36891899|3000,-2111104,-4247018
comunidade||do barreiro|comunidade barreiro|36892000|718,-2121725,-4238857
condominio||campestre|condominio campestre|36891899|122,-2111787,-4240842
escadaria||simeao feres|barra|36884064|13,-2113252,-4237837;35,17,-36;42,-11,18;47,11,5;50,-6,5
escada||abelard goulart|santa terezinha|36889271|811,-2112967,-4235714;817,3,-2;888,-6,9;889,0,-1;898,-6,13
escada||afonso goulart|centro|36880043|140,-2113186,-4236284
escada||do quinzoca|sao cristovao|36889342|21,-2113318,-4235468;357,-3,-32
escada||dois|porto|36889350|180,-2113000,-4235030
escada||jose alencar de souza|centro|36880105|52,-2113718,-4236336;57,6,-11;58,1,2;317,-6,-18
escada||jose alencar de souza|sao francisco|36880105|49,-2113718,-4236366;51,-27,3;53,31,12
escada||jose freitas de lima|safira|36883039|110,-2113360,-4237430;111,1,18;114,-15,-17;116,0,10;119,4,11
escada||jose freitas de lima|safira|36883040|107,-2113334,-4237416;108,-6,-14;111,-11,-19;118,6,10
escada||sem denominacao|aeroporto|36880001|45,-2112714,-4238669;84,-9,4
escada||sem denominacao|aeroporto|36880005|2814,-2112451,-4239570
escada||sem denominacao|aeroporto|36887057|90,-2112670,-4238627;102,-2,4;110,-7,5
escada||sem denominacao|barra|36884054|601,-2113069,-4237508
escada||sem denominacao|bom jesus da cachoeira|36880176|226,-2126090,-4240575
escada||sem denominacao|gaspar|36880001|36,-2112131,-4238410
escada||sem denominacao|gaspar|36888109|343,-2112130,-4238419
escada||sem denominacao|porto|36891899|30,-2112988,-4235377;32,2,4;74,16,-5
escada||sem denominacao|safira|36883063|235,-2113654,-4237520;261,-5,8;275,0,-10;315,-7,-9;319,11,19;335,4,-8
escada||sem denominacao|santa terezinha|36889271|27,-2113156,-4235568;37,1,5;210,-16,-37;220,13,21
escada||sem denominacao|santa terezinha|36889295|29,-2113155,-4235569;59,-1,-19;535,10,-15
escada||sem denominacao|santa terezinha|36891899|78,-2112956,-4235379;105,-10,-3
escada||sem denominacao|sao cristovao|36889342|29,-2113474,-4235265;129,6,25;138,-10,-20;213,13,23
escada||sem denominacao|sao cristovao|36891899|2,-2113478,-4235269;3,2,-1;4,-1,-2;5,-9,-6;25,49,-106;26,-2,13;30,29,-27;32,-31,26;33,7,17;34,-13,-19;35,8,28;49,35,-59;111,5,8;210,-57,11;322,74,3;342,-18,27;344,-6,5;356,2,5;358,-1,5;360,-12,19;364,-15,2;366,8,-6;386,12,46;404,-21,-9;3500,-3,-91;5357,12,-5
escada||sem denominacao|sao joaquim|36886114|23,-2113798,-4240048;25,4,-1;105,-10,3;228,1,1
escada||sem denominacao|sao joaquim|36886121|8,-2114037,-4240014
escada||sem denominacao|sao pedro|36889070|6,-2112527,-4236312;9,-8,16;26,2,-9
escada||sem denominacao|sao pedro|36889088|6,-2112524,-4236314;110,2,-6
escada||sem denominacao|sao pedro|36889164|100,-2112540,-4236290;166,10,1;168,-9,-1
escada||sem denominacao|uniao|36891899|335,-2112435,-4238659;341,2,7
escada||sem denominacao|vila de pirapanema|36880001|1752,-2107433,-4250195
estrada|agricultor|estiva|fazenda boa vista|36891899|2500,-2102720,-4251098;2797,1234,-1312
estrada|barao|de monte alto|santa rosa|36880001|95,-2119354,-4233860
estrada||alto da tres cruzes x casa de tabua|belvedere|36880001|712,-2120171,-4235088;713,321,-2277;716,-220,1832
estrada||alto da tres cruzes x casa de tabua|belvedere|36891899|716,-2119605,-4237156
estrada||alto da tres cruzes x casa de tabua|cesag|36891899|712,-2120719,-4233261
estrada||alto da tres cruzes x casa de tabua|santa rosa|36891899|712,-2119043,-4234540
estrada||ao lado da rodovia br 116|comunidade barreiro|36892000|717,-2120627,-4238946
estrada||apos a ponte de macuco|ponte alta|36880001|197,-2116066,-4247812
estrada||barao de monte alto x bom jesus da cachoeira|vila de bom jesus da cachoeira|36880001|721,-2125878,-4240109
estrada||belisario x fazenda belleti|fazenda felizarda|36881101|252,-2091414,-4244493
estrada||belisario x fazenda monteiro|fazenda monteiro|36892200|93,-2093458,-4246206
estrada||boa familia x aguas claras|vila de boa familia|36880001|95,-2121130,-4250789
estrada||br 116 x patrimonio dos carneiros|patrimonio dos carneiros|36883290|73,-2102634,-4232951
estrada||br 116 x patrimonio dos carneiros|sao joao do gloria|36880001|1,-2102788,-4233055
estrada||br 116 x sao fernando|fazenda pedra grande|36883284|5585,-2121437,-4241182
estrada||br 256 x sao francisco via frigorifico|divisorio|36886990|5608,-2118773,-4242846
estrada||br 256 x sao francisco via frigorifico|sao fernando|36886990|3,-2119872,-4245695;1800,-519,446
estrada||cabeceira da gameleira|gameleira|36891899|711,-2118385,-4235479
estrada||cabeceira da gameleira|jacare|36891899|711,-2118647,-4235540
estrada||cabeceira da gameleira|regiao motel mozag|36880001|711,-2118509,-4236246
estrada||capela santa rita de cassia|corrego santa isabel|36880001|990,-2121804,-4245251
estrada||comunidade santa rosa|santa rosa|36892972|1290,-2101583,-4246298
estrada||da boa vista|fazenda da pedra|36880001|8650,-2098922,-4232218
estrada||da gameleira sentido br ate sao fernando|gameleira|36891899|297,-2118914,-4248682
estrada||da gameleira|gameleira|36891899|55,-2116288,-4235077;65,-382,604
estrada||da pedra santa maria|jacare|36891899|711,-2118772,-4235559
estrada||da serrinha|corrego coqueiro|36880001|10,-2112962,-4243272
estrada||da serrinha|lelente|36892500|404,-2113092,-4241798
estrada||divisorio x sao fernando|divisorio|36891899|297,-2116739,-4242242
estrada||do ivai|ivai|36880001|8,-2114082,-4233739
estrada||escola estadual|povoado do macuco|36880001|1640,-2115498,-4251421
estrada||estiva x vertente ancorado|fazenda boa vista|36891899|195,-2101113,-4252539;2880,-27,-121
estrada||estiva x vertente ancorado|fazenda jaquare|36891899|632,-2099140,-4252929
estrada||fazenda aguas claras x ponte angola|fazenda aguas claras|36891899|14,-2112629,-4246237;20,361,132;90,-66,-17;3897,-418,-6
estrada||fazenda boa sorte|fazenda do joaquim|36891899|53,-2111972,-4235473
estrada||fazenda boa vista x ventente ancorado|fazenda boa vista|36891899|195262,-2102794,-4251914
estrada||fazenda colonia|gameleira|36891899|712,-2118317,-4234230
estrada||fazenda domingos negrao x fazenda freitas|fazenda domingos negrao|36881101|575,-2093204,-4243999
estrada||fazenda domingos negrao x fazenda ribada|fazenda ribada|36881101|760,-2093830,-4243024
estrada||fazenda limoeiro|limoeiro|36892000|719,-2125548,-4238115
estrada||fazenda monte alegre|corrego monte alegre|36880001|720,-2124283,-4238485
estrada||fazenda mundial|fazenda mundial|36880001|88,-2121043,-4251340
estrada||fazenda ponte alta|ponte alta|36880001|4100,-2117117,-4248889
estrada||fazenda santa helena|santa helena|36880001|708,-2114999,-4238479
estrada||fazenda santa luzia|fazenda santa luzia|36880001|718,-2121592,-4237726
estrada||fazenda valao|divisorio|36880001|708,-2115270,-4240460
estrada||fazenda valao|franco suico|36886178|251,-2113871,-4240659
estrada||igreja santo cristo na br 365|rodovia br 356|36880001|77,-2111802,-4243380;110,-190,-268
estrada||lado direito do cemiterio|povoado do macuco|36880001|1649,-2114643,-4248478
estrada||macuco x dores|povoado do macuco|36880001|1687,-2113616,-4250846;1700,236,-666
estrada||macuco x muriae|povoado do macuco|36880001|4100,-2114828,-4249765
estrada||macuco x palmeiras|corrego das palmeiras|36880001|1850,-2114797,-4249810
estrada||macuco x vermelho|ribeirao joao do monte|36880001|1430,-2114008,-4247086;1433,43,64;1434,-3,-21;1435,-32,-37;1438,14,14
estrada||muriae x boa familia|divisorio|36891899|50,-2116048,-4246878
estrada||muriae x ervalia|lelente|36892500|2,-2112040,-4240530;6,308,-2344
estrada||muriae x ervalia|principal|36892500|258,-2111674,-4242809
estrada||muriae x ervalia|vila do vermelho|36880001|12,-2111691,-4243124
estrada||muriae x mirai|divisorio|36886178|4,-2114038,-4242066;8,209,316;26,-124,-212;800,147,476
estrada||para cemiterio|sao fernando|36883290|16,-2121347,-4245191;20,-17,77;23,6,-38;84,5,-20
estrada||para dores da vitoria|povoado do macuco|36880001|9,-2114616,-4249529;20,-9,20
estrada||para o ivai|santo antonio|36891899|1,-2113623,-4235033;73,-6,-107;75,5,102
estrada||patrimonio x pontao|patrimonio dos carneiros|36883290|35,-2102649,-4232970;40,1,18;65,20,8
estrada||primeira entrada muriae x macuco|ribeirao joao do monte|36880001|1390,-2114543,-4244617;1414,432,-1109;1418,-24,-812;1443,-243,-763;1444,402,173;1450,-11,341;4980,-7,1165;5480,7,27
estrada||principal de macuco|corrego do macuco|36880001|95,-2115926,-4248630
estrada||principal de macuco|povoado do macuco|36880001|80,-2114011,-4248932
estrada||roldao pimentel|vila de belisario|36880001|1,-2092723,-4245571;10,-5,-20
estrada||santa rosa x br 356|estiva|36880001|5500,-2103255,-4250925
estrada||sao fernando x divisorio|divisorio|36891899|5698,-2119344,-4243476
estrada||toca do coelho|macuco|36880001|95,-2114637,-4247981
estrada||torre de radio|chacara leblon|36891899|2,-2112531,-4233299;10,232,-187
estrada||vermelho x aguas claras|fazenda aguas claras|36891899|4893,-2111405,-4248376
ladeira|santo|antonio|santo antonio|36881123|14,-2113713,-4235645;28,-9,0;39,12,-75;41,-45,58;42,-3,-22;46,32,42;55,12,-88;59,-26,59;64,5,-3;65,0,6;71,2,-15;94,22,-14;97,-10,-7;103,1,0;105,5,-6;111,0,-6;113,1,-2;253,-42,40;265,2,-3;568,23,26;578,-13,-21
largo||da matriz|vila de itamuri|36880001|22,-2099294,-4237156;55,18,7;60,-24,-25;269,-13,-24;305,76,53;535,-47,1
praca|coronel|francisco gomes campos|vila de belisario|36880001|145,-2092588,-4245877;325,-47,6;450,43,-2;582,-54,-2;661,44,12;665,-42,-15;1550,66,-36
praca|coronel|pacheco de medeiros|centro|36880015|1,-2113130,-4236687;30,46,102;36,14,18;38,-2,-5;44,-3,-38;74,7,28;98,-8,-58;118,2,-13;126,1,-5;140,-25,1;168,20,-31;172,6,4;186,-2,-21;198,18,3
praca|coronel|pacheco de medeiros|centro|36880970|2,-2113099,-4236578;260,-29,-139
praca|coronel|tiburcio|barra|36884097|4,-2112817,-4238096;7,-3,9;9,3,-14;15,1,-4;21,3,-1;24,-13,17;33,9,-29;39,-2,-9;40,5,25;41,-5,-35;51,3,3;56,5,14;65,-7,-20;73,16,-26;74,-23,34;78,3,-10;85,7,-31;102,-6,10;103,0,-27;105,0,-7;108,-4,30;116,0,-11;126,-2,-5;132,-3,-9
praca|deputado|walthon goulart|sao francisco|36881028|21,-2113868,-4236052;26,-8,41;35,15,-35;36,-21,29;90,-39,-15;325,39,-34
praca|doutor|evaristo pereira de carvalho|rosario|36880038|17,-2113074,-4235942
praca|doutor|evaristo pereira de carvalho|rosario|36880058|27,-2113067,-4235932;51,-13,12;61,-1,10;71,2,16;85,-3,-1;93,11,18;107,-10,13;125,4,11;133,-6,7
praca|doutor|evaristo pereira de carvalho|rosario|36889012|10,-2113092,-4235943;18,-3,11;32,-12,14;44,8,24;70,-4,10;84,5,-3;94,11,37;100,-4,6
praca|doutor|lisboa junior|centro|36880070|3,-2113545,-4236084;6,20,-13;8,-6,3;19,-13,21;27,4,3;41,-2,11;61,8,20;69,-3,-9;75,-5,0
praca|doutor|lisboa junior|santo antonio|36880070|4,-2113556,-4236051;64,-3,-29;76,-11,11;96,-2,47
praca|farmaceutico|domingos ciribelli|santa terezinha|36889289|60,-2113046,-4235586;90,-9,-17;100,1,10
praca|padre|otoni|aeroporto|36887037|2,-2112742,-4238538;3,38,4;11,2,2;12,-5,-12;15,23,0;18,0,-5
praca|sao|paulo|centro|36880077|15,-2113459,-4236516;31,-32,48;45,-18,-23;55,13,24;65,-24,27;68,60,-81;80,-11,6;83,-65,48;87,2,-1;90,46,-61;91,-54,41;106,45,-28;109,-28,8;110,17,-13;115,-33,20;118,45,-16;121,-39,57;129,23,-45;130,-20,29;136,4,-29;149,-5,-27;363,58,1;367,7,19;377,7,24
praca|vereador|americo dos santos|vila de boa familia|36880001|26,-2120683,-4250740;28,-8,-10;32,9,2;199,21,47;201,-12,-19
praca||agostinho gomes pedrosa|vila de pirapanema|36880001|212,-2107351,-4250501;214,1,-4;253,-23,-2;259,4,3
praca||aramiza candida couto|sao fernando|36883290|1440,-2121313,-4245273
praca||aristides braga|bom jesus da cachoeira|36892000|41,-2126040,-4240616;50,58,58;51,-57,-71;64,64,51;80,-10,-19;100,-27,40;108,23,-57;113,-18,48;122,3,-68;132,-2,-1;135,27,49
praca||da igreja|povoado do macuco|36880001|50,-2114246,-4249091
praca||da liberdade|sao pedro|36889166|40,-2112571,-4236135;50,12,-6;55,-12,-10;248,-2,36;250,-6,3
praca||dornelas|dornelas|36880005|120,-2113072,-4239357
praca||dornelas|dornelas|36884183|7,-2113055,-4239373;35,-52,-111;49,75,56;57,-7,14;95,-5,-10
praca||dos esportes|santa terezinha|36889290|126,-2113142,-4235498;172,47,5;190,-13,1;202,3,2
praca||governador valadares|vila de boa familia|36880001|5,-2120620,-4250876;9,0,-22
praca||joao pinheiro|centro|36880043|2,-2113155,-4236248;20,45,-127;62,-22,32;65,26,0;70,-32,7;73,16,5;78,-24,-9;80,0,2;81,17,25;87,0,-2;88,-18,-22;91,31,31;96,-37,-17;102,13,21;103,36,14;106,-42,-26;108,0,0;110,-17,-10;111,58,32;112,-74,-30;115,80,52;116,-61,-43;122,-13,11;129,56,26;134,-46,-17;140,-5,5;143,28,15;151,18,10;155,-2,28;157,12,-5;159,8,2;164,-79,-1;165,70,7;179,1,6;183,4,4;188,-42,-10;198,-23,4;209,29,11;216,-53,-14;220,4,11;222,-3,-2;231,38,3;235,-12,-8;241,0,18;247,-19,3
praca||joaquim pereira de calais|vila de belisario|36880001|91,-2092478,-4245803;106,-50,-17;108,20,-3;122,-10,5;170,74,35;248,-67,-31;280,17,16;288,59,36
praca||jose henrique hastenreiter|centro|36880006|1,-2113034,-4236933;15,8,1;17,4,-8;19,17,2;47,15,21;59,-3,-37;77,9,-3
praca||jose tavares de paula|porto|36889220|9,-2112602,-4235315;11,18,-4
praca||sebastiao goncalves martins|vila de belisario|36880001|65,-2092496,-4245819;75,39,-9;115,-76,-18;123,13,-6;175,76,70;185,8,-4
praca||sem denominacao|sao joaquim|36886106|11,-2114085,-4239808;12,11,-2
praca||walter custodio novaes|joao vi|36891899|480,-2114932,-4237765;492,11,-24;504,8,-15;528,-1,-22;540,1,-14;552,-1,-7
rodovia||br 116|barra|36884114|5125,-2112747,-4238341;5135,-5,7;5145,-4,-21;5175,12,22;5185,-12,-43
rodovia||br 116|barra|36888250|15,-2112476,-4238186;267,-26,-50;397,-25,6;403,26,7;423,0,16;439,20,23;4461,-53,-93;5410,-4,-18;5411,7,6;5433,-9,9;5445,8,14;5461,4,6;5475,14,19
rodovia||br 116|barreiro|36883284|6550,-2121422,-4239047
rodovia||br 116|bela vista|36884114|820,-2109174,-4237282
rodovia||br 116|belvedere|36880001|710,-2119645,-4237271;712,-363,2116;716,-307,-741
rodovia||br 116|belvedere|36891899|712,-2119396,-4236124;714,-820,-2033
rodovia||br 116|chale|36880001|90,-2112005,-4234906
rodovia||br 116|dornelas|36881101|6,-2114030,-4238330;7,-20,-14;300,-81,281
rodovia||br 116|fazenda boa vista|36880001|686,-2099330,-4235891;687,-517,-470
rodovia||br 116|fazenda boa vista|36883290|689,-2101059,-4236231
rodovia||br 116|fazenda russefld|36880001|683,-2096899,-4235427;690,-490,-157
rodovia||br 116|fazenda ubauba|36883284|722,-2120588,-4239033
rodovia||br 116|gaspar|36884114|8745,-2109883,-4237659
rodovia||br 116|patrimonio sao jose|36888040|5245,-2112679,-4238341
rodovia||br 116|posto dom pedro|36880001|686,-2097526,-4235592;698,19,-2
rodovia||br 116|santa helena|36880001|709,-2116747,-4238176;713,6,776;714,-1378,-186;715,-1399,-1557;716,-74,51
rodovia||br 116|santa helena|36884227|6,-2114443,-4237973;7,71,42;125,103,56;590,-102,-53;630,-48,-27;700,26,9;720,-83,-60;770,7,-23;800,-42,-7;1010,-112,-139;1050,37,-102;1100,-22,-9;1140,-19,3
rodovia||br 116|sofoco|36884114|9,-2109298,-4237373
rodovia||br 116|uniao|36888250|231,-2112600,-4238340;248,25,-10;251,-3,17;259,-2,16;269,46,-27;5215,-68,1;5325,-31,-1;5357,44,17;5399,35,-4
rodovia||br 116|universitario|36891899|1,-2111503,-4237953;8200,999,71;8330,155,77;8600,253,130
rodovia||br 116|vila de bom jesus da cachoeira|36880001|716,-2121640,-4239040;717,1010,97;718,-1779,-11;720,-2446,-683;721,-146,129
rodovia||br 265|vila de boa familia|36880001|19,-2121425,-4251616
rodovia||br 356 serra x santa paula|fazenda sao pedro|36891899|4,-2109191,-4248279
rodovia||br 356 x fazenda grama|fazenda da grama|36891899|6105,-2104973,-4253440;6513,-1189,-500;6547,397,-101;295613,1139,723
rodovia||br 356|cardoso de melo|36887228|435,-2112788,-4240306;455,40,-13
rodovia||br 356|chale|36891899|4555,-2112670,-4234328
rodovia||br 356|fazenda boa esperanca|36891899|262,-2106564,-4250551
rodovia||br 356|pedra santa maria|36891899|213,-2113677,-4231592;272,153,54
rodovia||br 356|porto|36889221|16,-2112928,-4234913;99,39,-51
rodovia||br 356|porto|36889226|100,-2112830,-4235794;101,277,358
rodovia||br 356|santa laura|36889515|1900,-2112665,-4233750
rodovia||br 356|vale verde|36889453|356,-2112875,-4234527
rodovia||br 356|vermelho|36892500|18,-2110806,-4245631
rodovia||mg 447|franco suico|36886990|1395,-2113759,-4240494
rodovia||mirai x muriae|vila de boa familia|36880001|950,-2121700,-4252676
rodovia||muriae x ervalia|condominio onofre goveia|36892972|9,-2108737,-4248439;100,-19,-57;7500,94,92;7700,-35,-44;8000,65,25
rodovia||muriae x ervalia|fazenda dos mendes|36892972|873,-2102932,-4247162
rua|administrador|antenor luis de sousa|sao joaquim|36886059|17,-2114332,-4239533;18,11,5;19,4,8;20,8,1;21,7,19;22,10,6;23,5,1;24,5,10;28,29,22;29,9,-2;31,9,13;538,-35,-26;539,-5,0;576,19,7
rua|barao|do monte alto|centro|36880018|11,-2113090,-4236374;29,0,-12;46,-5,-53;55,17,11;67,-12,-17;70,7,5;83,-15,-28;84,7,2;87,11,1;94,-25,-11;95,15,43;105,-4,-32;112,2,-20;125,-9,-22;126,11,9;130,0,1;144,-24,-21;194,14,-33;198,10,-11
rua|cabo|verde|sao cristovao|36889316|7,-2113390,-4235646;16,-38,18;28,-15,4;31,16,-15;43,16,9;55,7,-4;67,10,-10;69,53,-13;246,-107,24
rua|capitao|evaristo de carvalho|centro|36880087|10,-2113214,-4236653;11,-4,-7;36,-1,0;38,7,-15;41,-10,4;53,-11,-7;54,11,-1;55,-13,-8;57,-1,-16;60,1,8;64,0,9
rua|capitao|joao felisberto|barra|36884033|15,-2112778,-4237808;20,1,-11;28,10,1;33,-11,4;36,18,3;39,-2,5;43,0,-3;51,7,-1;64,15,2;65,-2,-3;68,-7,1;77,20,7;78,-8,-7;85,13,14;88,-4,-5;92,13,6;96,-4,-11;97,7,10;100,3,0;106,6,2;107,-2,0;116,10,12;117,-1,-7;126,6,-2;130,6,4;135,0,1;143,10,1;144,6,-3;153,6,11;154,-3,1;163,8,-5;175,11,-1;180,11,13;182,4,0;185,-3,3;201,16,-4;204,-1,16;213,17,-18;214,-14,17;222,5,9;232,15,-3;237,-5,-9;241,18,4;243,5,6;256,-5,-4;267,-1,4;282,25,3;502,-226,-67
rua|capitao|jose justino|centro|36880029|47,-2113048,-4236420;51,9,1;57,15,-9;68,-16,10;70,10,0;76,0,21;79,17,-21;82,-19,-6;90,17,-14;97,4,17;107,23,-3;112,1,8;115,8,-14;117,-10,5;120,24,14;127,-2,-8;129,13,4;145,2,11
rua|capitao|manoel alves|bom jesus da cachoeira|36892000|59,-2126036,-4240641;145,3,-10;811,6,-25;821,-4,-17;833,5,-5;865,-1,-7;875,0,-5;913,0,-3;917,3,-14;957,-4,-5;961,0,-14;979,5,-13;980,0,-23;985,2,-1;1095,-8,-6;1193,-5,-12;1443,-3,-22
rua|capitao|william da costa pereira|porto belo|36889209|25,-2112438,-4235344;60,11,-9;70,-10,5;75,3,9;85,-8,7;90,3,4;95,-12,1;100,5,5;110,-4,11;115,-7,-5;120,0,8;130,-5,16;140,-18,3;175,18,10;180,-2,37;190,-5,4;200,23,240;220,2,-236;225,-10,-5;235,10,0;245,7,4;255,10,-5;260,26,10;265,6,-18;275,-18,-6;280,19,22;285,-21,-14;290,43,16;295,-20,-4;305,-20,-18;310,45,24;315,-32,-6;320,49,17;325,-16,-17;340,36,21;345,-25,-14;355,13,7;365,7,-3;375,8,3;385,17,-10;395,0,2;405,1,-1;425,29,7;455,25,-6;465,3,-8;485,-7,-34;505,-5,-6;510,-81,-4;515,94,-1;535,-53,4;540,23,3;545,-23,1;550,-4,-10;565,-14,5;575,-16,-3;620,-18,-4;625,-12,1;635,-3,2;640,-9,-6;645,-9,1;655,-5,-8;665,-14,7;675,6,0;685,-26,-10;705,-10,-1
rua|comendador|doutor francisco fintelman|planalto|36883092|55,-2113539,-4237821;75,8,-2
rua|coronel|adolfo gusman|centro|36880067|1,-2113349,-4236117;27,-25,3;37,-12,-12;51,-5,21;57,-15,0;65,-9,0;117,-44,-3;125,-20,-5;133,2,1;167,-31,8
rua|coronel|adolfo gusman|sao francisco|36880067|2,-2113354,-4236090;20,-18,-21;26,2,-3;36,-9,1;48,-21,8;60,-1,-7;80,-19,3;84,-12,6;96,-10,4;98,-6,2;122,-13,-2;130,-11,-2;142,-8,0;148,-7,2;158,1,-7;180,-29,10;186,-2,4
rua|coronel|amador pinheiro de barros|centro|36880030|11,-2113041,-4236368;17,3,1;18,37,-18;19,-35,18;25,-31,-2;31,30,2;35,20,-1;73,-17,-1;99,52,7;100,9,-8
rua|coronel|domiciano|centro|36880013|1,-2113176,-4236853;9,14,69;12,20,18;13,-17,24;23,-7,-48;26,28,39;30,-18,-50;31,-16,-2;43,5,-2;47,-5,-12;53,26,116;58,-20,-138;63,-14,10;72,12,-25;77,-13,8;82,9,-15;83,14,108;88,-12,-102;93,-14,-9;96,5,-10;104,5,-8;109,-10,18;111,0,-14;121,-6,-12;126,-2,-3;146,6,-16;164,-8,-17;170,0,-2
rua|coronel|elydio guarconi|gavea|36889016|1,-2112607,-4237027;65,26,-20
rua|coronel|francisco vermelho|porto|36889232|272,-2112802,-4235356;278,-3,-7;296,8,2;304,19,-9;310,-22,16;316,11,18;322,-1,3;328,-6,9;340,-9,7;354,4,22;366,4,8;378,-7,6;390,-11,13;396,-20,-2;412,18,-18;428,-4,50;438,2,-4;444,0,20;454,-4,3;458,-13,-71;464,2,87
rua|coronel|francisco vermelho|porto|36889239|2,-2112760,-4235631;12,1,39;14,1,18;22,16,-8;51,-1,4;57,8,9;59,-4,12;63,0,1;75,10,0;83,-8,-8;89,-9,31;97,5,9;98,-3,-4;102,5,9;107,-12,4;110,9,-2;111,-8,7;118,6,-2;121,-8,3;126,3,-1;131,0,13;134,1,-1;139,3,6;144,-1,0;145,4,23;160,-24,30;176,8,-18;180,-17,28;186,5,-15;196,-2,8;204,3,3;205,-7,-11;215,4,2;218,-5,9;219,0,16;220,-3,-11;222,-5,-6;224,-1,-1;230,-12,27;242,10,-1;250,-15,3;251,-1,19;258,8,-10;273,-4,8;281,4,15;287,-9,8;291,7,14;301,-1,1;315,9,13;345,-9,31;353,0,7;357,-1,13;365,4,2;377,-3,7;391,1,15;409,-17,5;417,-2,12;425,-9,10;433,-6,8;441,4,2;445,-10,17;449,-3,-6;465,7,10
rua|coronel|francisco vermelho|santa terezinha|36889239|293,-2112745,-4235558;294,12,-2
rua|coronel|izalino|centro|36880103|16,-2113544,-4236507;21,-24,-30;33,17,35;37,-14,-24;51,-19,3;52,10,-5;54,-13,5;56,-10,-6;60,-7,8;63,3,-11;77,-5,4;87,-18,0;96,3,4;97,-6,6;101,-6,7;106,-8,-5;107,-1,-9;123,-13,-10;129,97,-24;133,-107,19;140,0,6;145,-6,-1;148,-3,12;151,-3,0;187,-74,28
rua|coronel|manoel alves|bom jesus da cachoeira|36892000|164,-2126026,-4240688;822,1,-12;842,3,-7;872,-2,-9;888,-1,-11;922,-2,-6;1082,-3,-77
rua|coronel|marciano rodrigues|centro|36880027|12,-2113081,-4236328;13,-13,220;15,1,-214;22,1,3;28,8,0;34,-4,21;36,-7,338;43,2,-341;50,6,5;51,-7,8;54,4,-5;55,-14,20;56,15,-16;58,6,4;67,-31,27;70,33,4;76,-13,19;77,44,-28;78,-38,3;88,-2,22;95,2,-5;100,8,8;102,-13,-8;103,0,-4;108,8,21;110,-9,-5;111,-55,2;119,60,9;135,-3,25;152,14,27;162,-2,-4;168,-21,4;182,20,11;184,-11,-28;190,1,55;191,-3,-20;199,-3,6;205,8,9;208,-2,6;215,-10,3;216,-23,11;219,28,7;220,-1,3;245,-2,12;257,-2,-4;259,-1,12;268,-32,11;271,48,-10;294,-9,29;311,-1,28;318,10,1;322,-6,-1;331,0,14;334,-2,-3;339,1,4;349,3,6;350,-2,10;353,0,4;358,-3,2;370,1,19;379,1,4
rua|coronel|marciano rodrigues|rosario|36880027|380,-2113095,-4235960;388,2,1;398,1,5
rua|coronel|pereira sobrinho|porto|36880041|39,-2112794,-4235200;210,-34,-454;218,-96,-84;228,18,-4;242,42,18;256,-13,3;268,5,8;282,-8,7;288,5,10;300,8,20;308,32,2;312,-20,-4;318,-3,2;340,24,4;370,12,15;380,4,3;382,8,3;386,10,4;388,5,2;397,13,8;410,3,2;418,6,14;458,6,19;468,49,-5;492,10,23;504,21,22;514,-1,-2;532,2,12;540,7,6;552,8,7;556,3,0;570,-2,22;582,4,9;608,4,12;622,16,11;630,-24,11;640,10,7;650,-3,9;662,-5,17;749,6,92;757,-12,-3;761,1,10;771,-9,10;781,-5,-1;791,3,13;792,-104,-54;795,97,54;805,-7,9;809,-13,6;813,3,9;818,-53,-57;822,66,66;829,-18,-8;832,-27,-61;837,21,62;838,10,10;841,-15,-7;846,-1,1;851,-4,3;852,-4,22;855,-3,-14;861,-3,8;874,-9,13;878,-2,4;886,-4,-7;896,3,8;898,-2,5;900,-5,9;915,-23,22
rua|coronel|pereira sobrinho|porto|36889226|234,-2112830,-4235660;243,-80,-57;251,19,3;264,-4,30;267,12,-23;277,8,5;285,2,0;299,11,21;305,8,8;317,8,5;323,14,4;325,2,2;329,-15,-4;331,16,-12;355,26,21;363,-7,3;373,12,-2;405,31,19;415,5,25;421,6,-3;429,-4,5;437,0,-11;443,14,8;451,-1,10;461,23,3;467,6,-1;473,-4,8;485,10,3;497,1,14;503,2,-30;505,12,34;515,45,26;533,-20,-1;543,-1,0;551,7,13;553,-21,-21;563,16,23;575,-5,14;581,8,15;591,-1,-2;603,4,11;611,13,2;619,-15,18;633,20,4;643,1,7;661,-10,28;665,-3,4;667,4,6;681,5,12;689,-6,8;703,193,131;713,-199,-111;723,6,9;729,0,8;731,-12,6;910,-104,140;930,-12,18
rua|coronel|pereira sobrinho|rosario|36880041|8,-2113094,-4235793;12,8,9;15,5,-11;19,13,15;25,11,-9;32,1,-9;45,-2,-3;52,6,-1;53,28,100;64,-22,-98;65,8,20;66,8,-18;78,2,3;79,3,-8;87,0,5;88,8,4;94,32,13;96,-18,-12;99,3,-4;104,27,17;105,-23,-17;114,30,29;125,-28,-5;134,28,14;135,15,5;137,-8,-12;139,-35,-20;186,51,30;196,11,-2;206,13,-5
rua|desembargador|canedo|centro|36880078|142,-2113229,-4236601;183,-81,6;185,-3,0;186,25,9;202,-13,-7;215,-16,19;218,1,-23;229,-6,25;232,-1,-18;233,9,8;234,-2,-21;242,-31,41;243,6,3;247,-8,-22;257,-4,-1;265,-18,5;270,9,-6;283,-3,15;289,-9,5;290,-10,-19;297,70,-3;298,-69,14;302,-9,-2;307,31,34;308,-38,-32;315,-7,6;321,0,6;328,-29,-23;331,24,17;344,-16,-13;353,-7,20;358,-4,9;361,2,1;363,-10,11;366,5,3;375,-4,-13
rua|dom|pedro ii|porto|36889236|1,-2112770,-4235237;11,-12,-14;17,-2,-5;23,-7,-3;41,2,1;56,-2,9
rua|dom|pedro i|gaspar|36888130|2,-2111869,-4238139;8,9,-82;24,6,-9;58,-8,0;100,13,53;105,10,-14;116,-38,-79;118,3,-4;119,16,83;122,9,-14;128,-32,-82;149,30,80;165,-10,51;301,-4,14;6130,3,-102
rua|dona|heduviges|vila de belisario|36880001|40,-2092636,-4245544;1900,-17,6;1901,-16,-10;1904,16,12;1905,10,-2;1906,9,13
rua|dona|lourdes reis lopes|chacara da gavea|36889050|410,-2112332,-4236629
rua|dona|lourdes reis lopes|chacara doutor brum|36889050|42,-2112573,-4236687;154,-25,-8;160,9,4;250,119,57;260,8,-6;310,7,15
rua|dona|maria caetano|vila de belisario|36880001|178,-2092650,-4245493;1780,-61,3;1790,16,5;1796,17,5;1798,22,4
rua|dona|raimunda|bico doce|36880164|15,-2114090,-4236809;22,8,-9;30,-6,-5;36,-2,-6;42,1,-12;46,-2,-7;54,2,-1;60,-3,-9;66,-4,-7;67,-16,-56;74,17,56;88,-10,-19
rua|doutora|bernadete garcia carneiro|vale verde|36889460|21,-2112828,-4234217;31,2,-2;41,-2,17;51,1,10;61,3,10;71,10,-7
rua|doutora|lourdes reis lopes|gavea|36889050|11,-2112702,-4236768;113,87,71;351,205,77;540,-120,-52
rua|doutor|afonso canedo|centro|36880081|1,-2113140,-4236680;23,1,-1;36,-10,12;47,-17,13;48,-2,13;66,-8,1;71,-11,1;76,-19,4;83,6,4;90,-7,2;91,-14,22;93,15,-21;98,4,4;104,-22,11;105,7,-8;114,-7,-4;124,-13,2;133,-6,16;134,2,1;135,-3,5;474,80,-57
rua|doutor|alves pequeno|centro|36880074|135,-2113255,-4236450;138,21,-21;154,-10,7;167,11,-27;173,11,-16;180,-15,19;195,14,-43;200,1,18;211,-9,8;216,-7,-35;221,-24,-9;234,22,-4;237,-67,6;260,63,-24;267,-15,2
rua|doutor|antonio canedo|centro|36880073|10,-2113224,-4236554;20,16,32;25,-1,-5;41,9,-7;45,12,10;60,11,20;61,8,-16;70,7,4;75,11,-7;84,-86,-184;92,87,198;100,12,-6;106,16,2;120,-3,-30;130,28,32;58282299,-47,4
rua|doutor|antonio francisco|barra|36884010|39,-2112890,-4237399;49,8,-4;59,9,7;69,6,4
rua|doutor|antonio rogerio de castro|barra|36884069|22,-2112968,-4237643;24,5,-9;33,-1,16;61,21,13;64,5,6;67,-4,-4;75,2,-5;77,-30,-11;78,35,39;93,6,-20;98,0,18;106,19,-8;108,22,-10;115,-34,8;167,2,0
rua|doutor|antonio silveira brum junior|centro|36889042|2,-2112892,-4236414;3,0,8;10,-18,25
rua|doutor|assis pereira|sao francisco|36881001|1,-2113317,-4236277;8,-8,-36;10,-4,-11;11,-5,7;12,12,-20;30,-6,40
rua|doutor|clovis de aquino|coronel izalino|36889005|37,-2112899,-4236742;38,24,-20;39,-16,10;41,5,-6;42,9,-14;43,2,4;44,4,-16;48,10,-6;91,-13,2;101,11,-11;111,-44,81;125,54,-100;132,11,-12;141,-1,7;144,8,-18;155,-12,5;156,29,-33;165,-9,43;170,6,-44;175,5,17;180,18,-5;185,-24,-8;196,13,-31;199,8,25;210,-2,-29;222,1,-11;244,18,-13
rua|doutor|evaristo de carvalho|gavea|36889012|10,-2112701,-4236884;224,21,-30;234,2,-11;256,4,-16;300,21,-38
rua|doutor|francisco de assis carvalho|bom pastor|36887179|17,-2113100,-4240531;19,76,-139;111,-84,159;121,-1,-14;150,13,-24;161,12,-4;170,11,-10;181,2,-7;189,213,48;191,-215,-56;200,10,-6;201,4,0;211,5,-7;220,1,-6;221,6,-3;231,2,-3;241,10,-7;251,1,-15;260,0,-9;261,1,5;271,17,3;281,-1,-24;305,15,-15;315,8,-8;335,18,2;345,-17,-31;355,13,4;360,16,-21;365,-15,7;370,24,-14;375,-7,8;385,5,-8;395,-3,-6;405,9,-12;415,12,-9;425,4,-19;435,-3,7;730,86,230;850,-56,165;935,-38,67;8300,42,-79;8305,1,-2
rua|doutor|francisco de assis carvalho|cardoso de melo|36887179|300,-2113005,-4240665;310,9,-9;320,12,-8;680,131,153;685,-1,2;695,45,-26;725,-58,77;745,-13,-3;755,-10,7;785,-8,34;805,-4,10;815,2,9;825,-12,-2;835,10,11
rua|doutor|francisco de assis carvalho|santana|36887179|11,-2113159,-4240452;27,-11,7;70,28,-41;90,20,-22
rua|doutor|guilherme abreu lima|centro|36880059|6,-2113277,-4236128;9,29,35;10,-2,-6;15,6,14;17,-1,4;20,-2,-18;27,22,32;30,-9,-20;34,-24,-48;40,17,55;44,-13,-26;45,3,1;50,7,27;60,10,10;205,-13,-60
rua|doutor|helio tostes|barra|36883083|1,-2113442,-4237911;5,3,14;15,-13,-9;60,-49,-6;90,-35,-10;120,-31,-7;130,-7,4;140,-4,-2;160,79,5
rua|doutor|helio tostes|planalto|36883083|4,-2113448,-4237902;22,-157,-44;29,135,32;45,-26,12;49,-6,-13;65,-15,-20;85,-8,11;95,0,-3;105,-24,-5;114,106,31;115,-124,-24;135,-16,-10;145,-1,-8;155,-13,1;185,-30,-13;195,-11,-1;215,-17,-10;245,-13,3;255,-11,-6
rua|doutor|ivan americo porcaro|centro|36880109|1,-2113692,-4236424;178,-9,9
rua|doutor|jose eutropio|barra|36884094|29,-2112776,-4237989;39,-8,-8;40,3,14;48,-7,-13;49,-2,-6;68,-21,-13;70,17,15;75,-3,-6;78,-17,-14;79,3,2;88,-7,-3;89,-12,-6;96,14,0;97,-19,-4;104,9,15;106,-12,-19;115,3,-11;136,7,23;631,64,46
rua|doutor|lidio bandeira de melo|barra|36884098|600,-2112929,-4237993;603,-1,-12;610,14,-14;660,11,-15;673,32,-9;675,-42,-1;676,27,-1;691,19,4;692,4,1;700,4,-23;707,-6,6;711,18,3;715,-19,-20;720,11,4;726,14,-16;731,2,11;735,6,-19;962,-29,51
rua|doutor|marcelino luiz da silva|chacara doutor brum|36889058|9,-2112628,-4236470;15,0,112;21,23,-95;35,-24,10;40,5,8;47,-11,-5;71,56,34;118,-48,44;125,1,-1
rua|doutor|marcos tarcisio|barra|36884100|1,-2112991,-4238000;3,-17,0;5,-9,-14;10,-109,-464;11,128,445;25,-1,13;30,-85,-369;45,86,348;55,58,-82;60,18,-5;62,-38,45;65,-28,29;67,5,-1;70,13,3;75,23,-245;85,-14,215;88,-3,9;89,-27,31;123,-96,-336;135,66,412;145,97,-174;194,-96,150;244,30,-56;260,92,-125;315,-92,-180;345,54,64;350,-7,173;363,-5,-184;370,-18,-19;378,59,56;385,-45,-47;405,-3,-5;408,-8,217;410,6,-208;411,-13,-13;415,-4,-17;420,6,18;421,40,33;440,-61,-62;445,83,81;451,-13,-4;465,-82,-92;467,-3,8;468,15,14;471,-73,-30;473,13,11;475,13,-23;490,-7,-1;505,-19,8;555,-62,-60;580,51,69;629,-43,-45;631,-8,-6;632,28,13;663,-5,3;695,-19,-66
rua|doutor|mario inacio carneiro|barra|36889007|40,-2112698,-4237307;95,-4,-25;535,2,212;555,12,-6;565,-6,-10;625,-14,-35;635,5,-11;645,-9,-14;735,0,-92
rua|doutor|mario inacio carneiro|coronel izalino|36889007|8,-2112891,-4236741;305,169,-220
rua|doutor|mario rodrigues da costa|coronel izalino|36889003|1,-2112902,-4236821;10,61,20;20,-8,1;21,-29,-32
rua|doutor|milton campos|edgar miranda|36889370|5,-2112563,-4235125;22,-113,142;26,108,-129;28,-108,133;42,78,-101;50,-77,95;66,11,5;76,-4,0;102,31,-49;105,-39,52;106,16,-14
rua|doutor|milton campos|inconfidencia|36889370|15,-2112553,-4235128;17,-9,6;35,7,3;51,-33,21;56,2,3;59,7,3;67,-10,3;69,-9,20;70,-5,-7;77,9,7;87,-10,2;97,-14,9;101,-11,17;117,4,8;141,-5,3;149,-11,8;171,-7,16;181,-5,13;191,-5,4;205,-19,11;251,36,-34
rua|doutor|nelson andrade dos santos|sao joaquim|36886121|177,-2113997,-4240016;225,-5,3
rua|doutor|newton resende|centro|36880065|2,-2113254,-4235920;6,-50,-56;8,-5,-7;14,43,51;35,-7,-18;85,-25,-4
rua|doutor|newton resende|santo antonio|36891899|61,-2113605,-4235170;71,-8,6
rua|doutor|newton rezende|centro|36880065|421,-2113221,-4235739;429,-8,9;439,1,10;453,8,31;459,2,-17;491,-18,14
rua|doutor|newton rezende|encoberta|36880065|43,-2113487,-4235203;69,-49,1;87,-17,-5;93,61,-11;123,209,-252;133,9,-6;137,-27,22;161,-7,-1;197,-28,6;199,-4,8;203,114,-175;249,-115,185;269,-24,9;325,3,27;363,-15,61;365,-18,5;369,0,0;371,18,-36;381,-26,93;385,43,-45;401,-62,49;403,0,12;405,2,12;411,-12,16;413,-3,2;461,4,-23;463,-41,40;471,17,-10;473,-52,9;475,29,-6;476,-26,6;477,10,-3;513,272,-428;519,0,1;533,2,15;535,-4,36;552,3,-21;556,-350,419;558,349,-408;565,-6,22;575,-1,16;970,-68,94;971,-105,152;1201,-157,113
rua|doutor|newton rezende|sao cristovao|36880065|32,-2113314,-4235992;34,12,14;50,39,46;106,-79,-66;118,10,4;120,120,423;150,-59,-385;160,30,61;170,-16,-48;178,-70,489;192,-16,-3;194,-2,18;196,-2,-4;204,119,-426;225,-141,466;250,128,-517;256,-118,494;268,-7,25;278,-20,-17;280,13,5;286,123,-442;300,26,67;304,-6,-62;312,8,12;318,-6,7;320,-151,439;324,135,-504;333,33,78;336,-16,-1;346,-1,87;350,10,-86;370,-186,513;379,-11,14;380,-11,0;384,192,-487;394,6,12;404,-191,491;406,-24,9;414,134,-288;438,83,-168;450,2,13;452,-203,443;454,-3,14;456,201,-452;458,16,0;462,-229,450;474,215,-502;512,2,100;518,-1,25;522,-10,-9;530,14,12;538,19,45;544,-25,-17;560,8,11;590,-16,8;870,-213,348;1150,14,-13;1504,203,-496
rua|doutor|olavo tostes|centro|36880023|29,-2113041,-4236502;35,-17,-12;44,-25,3;53,49,3;54,-1,-2;70,12,-17;82,-11,17;93,34,10;110,9,-5;113,-6,1;125,19,-13;126,1,9;127,-27,17;130,-86,-6;142,122,-9;152,-1,-2;157,6,0;160,21,-9;163,9,18;164,-1,-5;173,14,-10;182,-1,5
rua|doutor|ophir costa|barra|36884009|21,-2112886,-4237346;31,0,-3;41,26,3;63,-15,-10;81,31,11
rua|doutor|orlando flores|bom jesus da cachoeira|36889200|125,-2125903,-4240443;135,-33,-39
rua|doutor|orlando flores|bom jesus da cachoeira|36892000|90,-2125982,-4240516;96,1,5;126,16,14;131,15,-4;133,34,31;135,-20,-25;140,-10,20;265,-44,-49;1539,90,75
rua|doutor|ramos|vila de itamuri|36887048|10,-2099231,-4237116;458,-122,-7;490,25,-15;498,16,22;502,7,-3;514,28,2;522,17,-15;559,62,31;585,20,9;675,4,25;685,-27,64
rua|doutor|silveira brum|centro|36880071|1,-2113133,-4236374;17,13,-13;20,3,1;25,-33,-5;26,-8,1;27,3,-8;30,12,25;35,-10,-12;40,1,-28;43,-9,5;53,-4,-14;55,-18,17;58,38,-27;60,0,-12;67,-31,12;70,24,-9;83,-31,9;85,-1,-6;86,5,7;96,-11,-12;98,-3,7;103,-8,-19;110,-8,8;114,-3,0;125,-9,16
rua|doutor|ulisses guimaraes|ceramica|36883012|28,-2113085,-4237452;31,-11,-8;32,9,1;33,-17,-5;34,5,4;36,4,11;37,-20,-23;38,-12,4;39,-7,2;43,-4,-1;46,28,4;54,-2,-4
rua|doutor|wilson alvim do amaral|dornelas|36884226|14,-2113179,-4238848;15,8,-23;40,-14,21;57,-4,5;59,-16,4;68,-29,15;69,54,-33;80,-98,10;87,57,15;97,-11,-6;100,-53,3;112,38,-9;113,-3,3;114,-57,-1;120,6,-6;123,50,6;147,-33,0;170,108,-18;185,-146,3;186,5,17;190,-44,15;196,31,-20;203,2,9;205,-17,-3;212,-32,40;215,28,-34;216,-22,-3;218,-3,11;220,27,-16;221,-32,25;222,-18,0;223,2,1;275,-8,-1;280,4,16;285,-22,-11;295,-7,-6;310,-18,7;315,1,-6;320,22,21
rua|duque|de caxias|barra|36884049|21,-2112694,-4238163;26,-51,-5;29,43,18;39,8,-10;49,2,3;52,-63,-56;59,74,56;65,11,-11;75,3,-1;83,13,9;89,-5,-14
rua|escrivao|alcino de freitas|barra|36884046|5,-2112711,-4238103;8,36,-7;10,-19,-1;11,2,4;20,29,-12;25,9,-2;27,-42,12;28,45,-6;29,-50,18;31,56,-29;32,-32,11;38,29,-7;39,3,1;43,-45,12;45,51,-19;46,-5,-41;53,14,39;56,-4,4;66,20,6;76,-4,-7;84,-41,3;86,56,-9
rua|ex combatente|vivalde ferreira junior|joao xxiii|36883215|40,-2114750,-4237274
rua|farmaceutico|alvaro de castro|barra|36884012|2,-2112649,-4237546;8,-13,-8;13,-6,-7;14,0,-3;23,5,-5;24,-9,1;25,12,0;27,-1,29;29,-38,-66;30,23,31;33,0,-2;42,-6,-5;44,0,-5;45,1,12;53,-3,-22;54,-1,9;56,-14,-14;59,3,1;60,7,-11;65,-10,10;71,44,61;77,-15,0;79,-25,-77;84,21,79;85,-3,8;90,-2,5;101,-3,0;104,-1,-3;106,-22,-15;111,13,23;112,-1,10;115,-16,-3;119,0,1;127,3,3;129,-9,0;137,-6,1;139,7,1;146,-4,1;149,-21,-9;150,17,12;154,-12,10;161,4,1;163,-4,3;169,-9,-6;175,-5,9;187,-6,6;191,-4,-2;192,0,5;199,-9,1;200,3,3;205,4,-11;207,-8,11;214,5,7;221,-13,0;224,7,-2;227,-10,4;228,-1,2;230,124,-89;235,-129,92;240,2,2;245,-11,2;246,2,-3;250,-6,4;259,-2,-4;292,-7,18;400,106,-155
rua|farmaceutico|jose mostaro|joao xxiii|36883209|15,-2114925,-4236605;27,-5,-12;28,-6,-5;29,-190,-189;30,3,8;32,14,10;33,11,12;34,8,2;37,20,22;38,8,6;39,12,-1;40,4,18;41,0,3;42,-14,-14;43,9,7;44,4,7;45,12,5;46,4,5;47,10,10;49,13,12;50,11,17;51,30,7;55,19,31;56,-2,-11;57,14,16;58,-5,-13;59,-1,11;60,9,15;65,-20,-30;68,1,-2;76,-5,-1;85,-16,-8;90,8,-5;95,-12,-1;105,-4,-4;112,1,0;115,-10,-6;160,-22,-27;170,-8,-6;180,-4,1;190,-13,-14;238,-37,-19;240,0,-1;245,-6,-13;250,-1,-1;260,-7,-12;295,-16,-4;330,-31,-34;335,5,7;340,-9,-20;350,-8,0;360,-7,-14;365,8,14;385,-12,-15;410,-6,-50;420,-16,-14;430,4,9;440,-11,-20;450,-1,-10;455,-1,9;470,-2,-19;480,-1,-18;490,-3,-2;510,1,-30;515,-8,9;520,6,-15;530,-7,-6;550,-1,-21;555,-2,3;560,0,-10;565,-1,2;570,6,-8;575,-6,-3;580,3,-13;585,-6,4;590,5,-7;600,-1,-14;605,-2,6;615,-1,-14
rua|farmaceutico|jose mostaro|joao xxiii|36884004|40,-2114821,-4237313;50,14,-20;60,13,-3;70,16,-3
rua|farmaceutico|sebastiao bruno|inconfidencia ii|36889392|6,-2112377,-4234556;7,72,-246;8,-55,227;9,6,-5;10,10,-16;12,6,-8;13,10,-16;14,-1,-11;15,5,-5;16,7,-22;17,2,-44;18,0,-14;19,-2,-14;20,-1,-10;23,-6,-45;25,5,23;28,1,65;30,3,28;31,-97,154;38,104,-170;576,2,-64;582,-8,48;631,36,-70;641,-42,1;651,11,14;661,3,8;681,-13,18;711,30,30;731,-24,30;745,9,8;755,-4,25;785,-14,19;795,3,-3;805,-9,14;815,-1,4;825,-6,13;835,-12,0;845,1,14;855,-6,2;865,-10,8;875,-12,0;885,7,19;895,-8,5;905,-5,9;915,-10,6
rua|irma|gertrudes monozzi|sao francisco|36881026|16,-2113896,-4235960;34,99,-136;44,-87,117;48,3,-3;54,10,-11;60,81,-108;75,-82,99;76,2,-13;80,18,3;90,32,-43;96,-29,34;106,6,-7;114,9,-1;126,1,-20;130,7,-3;140,8,-8;149,6,17;150,-8,-27;153,-1,3;158,6,-10;168,9,-5;169,-6,6;188,14,-10
rua|irma|joaquina|planalto|36883145|10,-2113806,-4237605;12,-4,4;13,-16,6;14,3,-6;15,-19,9;16,10,0;17,-23,11;18,14,-9;19,-28,16;20,18,-12
rua|juiz|de fora|santa terezinha|36889262|19,-2113082,-4235469;20,4,13;29,2,-6;39,18,6;43,-18,21;47,112,41;59,-111,-22
rua|juiz|jesus varela|barra|36884008|25,-2112892,-4237292;38,6,-8;41,8,10;56,1,4;61,17,-4;64,-1,6;70,-7,-2;100,19,1;101,19,-5;102,-12,9;104,29,-6;738,-115,-5
rua|madre|tereza de calcuta|sao joaquim|36886115|4,-2113987,-4239968;5,13,6;6,-8,-14;9,43,26;10,1,-4;11,21,3;13,13,28;16,-110,-66;17,65,35;18,12,6;19,16,8;20,34,26;22,-6,-9;26,-107,-67;36,5,18;40,82,34;41,15,14;46,-103,-47;56,2,1;66,-4,5;76,18,3;80,41,11;86,-27,-9;90,24,-22;130,-42,8;140,-7,3;150,-17,-18;153,1,17
rua|maestro|joao de souza|centro|36880054|11,-2113108,-4235967;15,-2,-1;16,-7,4;21,-4,-7;22,6,11;25,-14,-6;26,6,-4;28,-17,1;31,11,3;46,-7,5;49,0,-15;56,-8,10;58,-8,-6;59,5,6;68,-7,-4;73,-18,4
rua|major|martinho|centro|36880101|8,-2113407,-4236572;20,-18,-17;22,-1,-1;42,0,-16;44,1,6;55,2,-24;58,-6,6;63,-1,-9;75,2,-3;78,-6,-5;87,6,-7;96,-19,-6;97,3,-15;98,-3,0;99,12,0;101,-9,12;103,-7,-26;105,16,0;107,-14,-14;109,0,0;110,3,14
rua|miss|dinorah macedo felisberto|planalto|36883064|27,-2113649,-4237475;33,142,-168;112,-119,142;126,113,-144;130,-124,161;141,88,-104;150,-91,92;170,144,-163;181,-55,65;222,11,-25;242,-4,24;288,-118,108;296,20,6;306,10,-25;308,2,3;334,9,-13;336,1,-4;338,11,-8;345,135,-158;352,-130,147;357,120,-145;365,14,-15;370,12,-11;375,-12,5;398,-116,161;404,22,-28;420,79,-94;425,-101,97;442,19,-2;450,-15,19;451,2,1;452,0,-14;454,8,3;470,33,-55;472,-20,28;480,4,-2;497,105,-130;498,-89,103;505,19,-18;520,-4,8;530,19,-12;550,23,-19;592,10,-31;650,20,-42;662,3,21;697,-6,-17;700,17,-12;702,11,-3;712,-9,-11
rua|miss|dinorah macedo felisberto|safira|36883064|2,-2113821,-4237313;7,-22,-13;23,77,-28;31,-65,50;35,4,-8;38,8,7;47,5,-15;48,5,2;58,-11,-5;61,14,1;63,7,-5;70,9,-11;71,-4,11;75,12,-7;77,9,-11;88,-18,6;94,27,-4;104,-3,12;110,15,-17;123,253,-308;125,-1,13;130,-247,284;135,239,-274;139,-226,268;140,30,-54;141,-23,34;142,0,6;144,-18,-3;145,126,-126;148,-110,124;153,13,4;155,4,-3;176,-8,-26;180,13,-4;181,-2,9;185,244,-303;186,-259,300;193,13,1;194,20,-12;204,16,-53;216,-17,58;228,0,-2;229,204,-255;231,-212,247;243,19,-8;244,-5,1;245,7,14;252,2,-26;253,8,-1;254,137,-176;258,-132,166;260,-2,8;267,-2,-11;270,9,-4;289,14,-11;297,-3,-15;303,10,8;313,1,-2;319,5,-9;335,-2,-14;348,17,-17;349,-5,10;351,10,-6;353,16,-19;355,-23,38;359,22,-20;360,113,-179;361,49,-56;363,-167,213;364,135,-139;366,-4,-25;391,-118,165;411,129,-176;425,-21,37;505,-32,54;507,-1,-7;515,73,-97;517,4,-21;519,-10,2;525,-46,93;527,1,-11;533,32,-52;653,5,-5;659,10,-3;715,-106,130;1025,-2,9
rua|monsenhor|soares|centro|36880055|14,-2113110,-4235828;22,-15,4;30,-6,-12;74,-39,9;76,9,0;80,-27,-1;88,-2,-1
rua|nossa senhora|aparecida|porto|36889230|8,-2112752,-4235457;9,16,5;19,1,13;20,-3,-1;28,5,10;29,3,-4;47,6,3;57,11,18
rua|nossa senhora|aparecida|vila de belisario|36889230|1,-2092584,-4245975;45,-52,-22;64,-13,6;68,5,-6;80,18,4;90,-11,7;103,33,24;110,27,-93;605,-62,58
rua|nossa senhora|do carmo|porto|36889229|15,-2112707,-4235338;31,-17,-6;32,8,6;39,1,-11;40,-9,5;41,-7,-6;42,5,-4;53,-9,-2;59,-9,-12;63,15,2;69,-8,-29;77,-1,1;79,8,19;81,-2,0;792,31,43
rua|padre|arnaldo|sao francisco|36881041|2,-2113906,-4236140;10,-4,5;16,-152,258;18,41,-119;21,122,-159;23,-4,8;28,5,-71;35,-1,-6;38,0,14;46,3,13;48,-113,175;65,56,-54;83,58,-106;88,-10,27;126,-15,33;130,8,-5;136,-21,13;150,-6,9;160,-4,10;165,54,-141;167,-36,123;175,31,-126;180,-58,150;186,32,-35;190,-40,39;200,1,14;201,-13,6;210,8,-5;211,-8,6;213,-18,12;220,15,-9;240,-7,14;250,-15,10;251,6,-9;260,-8,13;270,-8,10;274,-4,7;284,-8,9;296,-3,5;299,9,-5;300,-38,49;315,23,-36;330,-19,25;345,-5,20;352,8,-4;359,-28,38;369,4,17;380,3,-33;400,4,-1;402,-7,28;420,-4,-2;430,5,15
rua|padre|delfino|centro|36880069|5,-2113518,-4236042;8,-4,-2;9,13,-2;16,2,-3;17,0,4;22,7,5;25,-2,-4;33,8,6;34,0,-9;43,6,16;44,3,-24;51,8,21;61,-2,0;71,15,-4
rua|padre|enio martins|santa terezinha|36889292|15,-2113076,-4235665;25,21,11;59,16,16
rua|padre|felix|marambaia|36889448|2,-2112986,-4234553;10,-5,-8;20,-14,-2;30,-12,-4;40,1,4;50,-11,-6;60,-6,-2;70,-2,1;80,-22,0;90,2,8;100,-5,11;110,-8,2;120,-12,9;130,-2,10;140,-15,-6
rua|padre|maximiliano benassati|vermelho|36892500|2,-2110823,-4245005;6,2,-85;51,0,1;60,-1,20;125,-7,-46;140,5,-29;141,-2,-34;155,4,26;175,2,-18;176,-6,-6;190,-1,-16;195,5,2;200,-2,-9;210,-4,-12;225,-3,-3;285,1,-5
rua|padre|maximino benassate|napoleao|36887063|1,-2112815,-4239322;5,16,20;8,-18,-81;10,-22,106;26,26,-73;28,0,-17;34,-11,-55;37,0,22;66,1,101;67,-16,19;68,8,-4
rua|padre|raul|patrimonio sao jose|36887010|4,-2112332,-4239466;8,-27,16;10,3,-8;14,-2,4;19,18,-17;20,-14,19;26,9,-2;32,3,3;33,-3,-11;38,18,8;42,-7,13;43,22,-23;46,-18,17;50,9,9;54,15,-9;58,-2,12;62,-2,1;66,5,2;70,2,-3
rua|padre|renato cesar leite|vila de pirapanema|36880001|30,-2107439,-4250265;233,67,1;1656,4,-8;1658,-24,6
rua|padre|roberto landall de moura|planalto|36883137|16,-2113823,-4237759;20,-8,-2;120,-18,8
rua|padre|roberto landall de moura|planalto|36883140|3,-2113764,-4237780;5,-16,7;7,-2,4;9,-14,9;11,1,-3;13,-15,6
rua|pastor|luther king|sao cristovao|36889339|18,-2113482,-4235420;21,11,-12;23,119,-125;25,63,-1;30,-181,106;32,2,-5;33,9,-13;34,4,-9;35,10,-22;37,-8,27;49,-69,120;52,67,-127;53,25,-23;62,10,-6;63,10,-2;65,3,-3;78,11,-9;97,57,-13;101,27,-23;106,-20,1;110,-91,77;111,91,-74;112,-22,13;118,-139,174;119,-8,-6;120,3,9;121,-6,-6;122,-2,6;123,-6,9;124,-3,-5;125,57,-59;127,-30,36;171,-12,-5;176,20,-25;181,-14,17;190,-48,18;191,62,-50;216,10,-10;217,-69,59;223,13,-8;225,9,-1;239,3,-14;240,3,-11;251,145,-22;261,-125,2;367,-58,69;445,63,-19;451,-5,-1
rua|prefeito|francisco teodoro filho|patrimonio sao jose|36887000|50,-2112676,-4238407;66,0,-7;82,24,-19;136,-8,-4;332,180,-588;340,13,-483;370,-82,804;380,-14,37;390,30,-15;400,-1,-4;410,26,-6;588,-5,-217;734,50,-122;750,-9,-19;756,-6,-12;766,12,4;816,-1,-52;823,-12,-2;875,3,-29;880,3,-11;881,2,-2;897,-8,-21;926,34,-44;934,9,-1;944,-4,-23;957,-28,8;965,-1,-4;966,27,-10;975,-7,-2;980,11,-17;994,-5,-11;995,3,20;1002,8,-26;1012,-7,-12;1025,-15,-1;1033,16,-7;1041,-3,-1;1042,10,-26;1057,15,2;1060,-17,-14;1067,-19,18;1076,38,-49;1087,-10,24;1097,-5,-15;1105,-9,-10;1109,12,-10;1119,-7,-8;1124,-13,101;1129,12,-117;1137,-6,8;1145,6,-25;1185,-5,-31;1195,-12,-11;1201,12,-12;1211,2,-8;1223,-6,-18;1227,-5,6;1243,8,-32;1973,5,-21
rua|prefeito|francisco teodoro filho|patrimonio sao jose|36887006|41,-2112678,-4238398;90,8,-37;91,4,-26;105,-3,-3;113,5,-12;115,-5,-4;141,9,-26;149,-7,1;157,8,-15;165,0,-5;175,7,0;185,-1,-14;195,6,-12;213,14,-9;215,135,-482;221,-131,479;229,8,-11;239,2,-4;251,97,-298;253,5,-27;255,1,-7;261,-98,317;269,12,-13;285,15,-33;293,-22,54;299,30,-40;301,-2,0;309,14,-16;323,-7,-2;331,9,-2;333,6,-12;341,-9,-4;349,16,-5;377,-6,-19;385,28,-67;387,-9,59;435,1,-43;466,23,-200;651,-3,-21;661,14,6;669,4,-15;675,6,-11;691,6,-7;1104,68,-405;1112,2,-11;1128,-8,-14;1156,11,-43;1180,-19,-7;1190,-2,-3;1200,-1,-15;1218,3,-22;1244,0,-16;1264,-6,-21;1274,4,-2;1280,0,-14
rua|presidente|arthur bernardes|centro|36880005|37,-2113086,-4236764;47,2,-20;75,0,-7;91,-5,-24;127,14,-33;145,8,-18;157,13,-4;169,13,-10;177,-1,-4;199,0,-24;203,18,-1
rua|princesa|diana|sao joaquim|36886109|2,-2113985,-4239817;5,20,9;8,22,-9;13,25,-50;15,15,-13;19,-13,-47;20,11,2;21,-8,19;23,-12,16;24,7,18;25,9,-36;28,-21,72;29,-8,11;30,-5,11;31,-29,2;32,-3,-6;33,-14,0;34,-5,-6;35,-6,-7;36,-11,0;45,96,-67;54,1,20;82,-10,15;93,-3,6;102,-3,10;105,2,6;113,-7,16;145,-24,16;153,6,3;165,-23,2;205,-26,-20;215,-5,-5;217,-15,-2;228,93,-22
rua|princesa|isabel|rosario|36880058|6,-2113094,-4235837;7,-7,-7;8,5,3;15,4,18;37,-11,21;152,-72,81;166,-4,0;176,3,7;184,-25,6;196,4,11;202,4,8;208,-6,2;216,-5,8;220,-34,11
rua|princesa|isabel|rosario|36881134|34,-2113204,-4235836;42,-2,4;56,100,44;70,-10,-3;78,-9,13;92,-8,14;114,-9,7;130,6,-5;150,-21,23;335,-72,-47;341,13,-14;345,-31,22;347,43,4
rua|professora|cleria ticom carneiro|santo antonio|36881150|14,-2114278,-4235742;15,-5,11;24,0,-3
rua|professora|esmeralda viana|gavea|36889032|7,-2112501,-4236734;17,6,-8;23,22,-7;33,10,-2;43,19,-5
rua|professora|ivonilde muratori rocha|santo antonio|36881149|11,-2114032,-4235575;13,-4,-9;18,-6,4;19,-8,11;20,11,-6;24,-84,-34;28,91,33;30,-91,-21;31,70,6;32,-12,-1;33,2,11;35,-2,-19;36,-103,-29;40,-10,-1;43,87,33;50,133,59;79,-223,-106;98,-5,-4;116,-19,10;125,3,-18;126,-15,-10;136,293,120;148,-105,-29;270,-344,-165;388,352,164;395,-217,-97;411,-15,-6;427,-12,-9;443,-11,-14;459,-12,-4;475,-13,-5;484,57,34;491,-73,-43;494,65,33;501,-76,-43;504,68,44;514,-7,-10;526,-11,-3;534,-5,-6;560,-27,-18;570,-5,-1;580,-4,-6;652,388,196;655,-498,-242;750,497,238;848,-13,11;888,2,1
rua|professora|jorcemira de freitas guedes|chacara doutor brum|36889079|1,-2112563,-4236470;2,15,21;3,-2,6;5,-1,37;6,2,4;7,6,-6;10,-12,13;34,-3,17;41,-6,-3;44,21,-15;45,-29,36;51,23,-26;54,-1,-19;57,-8,41;62,33,-87;64,-22,32;67,-1,41;77,-14,-5;135,-1,39
rua|professora|maria bandeira lobato|barra|36884070|18,-2113014,-4237683;37,9,7;45,-19,-15;50,28,20;53,20,1;58,0,5;69,14,-8;77,-3,9;79,-1,-6;81,1,6;83,22,9;86,-19,-1;93,22,1;98,-18,10;101,23,-7;104,-11,-2;105,20,15;110,-11,-14;116,-4,-2;122,22,24;128,-2,-14;132,6,2;136,9,9;138,11,4;142,-13,-14;152,17,13;277,13,-2;6400,-43,-6;6450,0,-2
rua|professora|maria celeste correa do prado|planalto|36883148|3,-2113951,-4237760;5,99,24;7,-6,0;9,-9,2;11,-5,0;13,-6,-8;15,-10,-3;19,-39,-16;26,44,13;80,-26,-10;100,-23,-1;116,-12,-5;120,-10,-7;140,-13,-4;150,-11,-2;160,85,25;170,-34,-6;196,6,-2;208,-78,-89;250,16,63;260,1,-11;270,-4,-9;280,6,1;286,-10,-22;290,-8,-22
rua|professora|mariazinha soares bittencourt|centro|36880001|116,-2113561,-4236812;118,-9,4;340,12,-5;360,-16,10
rua|professora|mariazinha soares bittencourt|centro|36880125|21,-2113494,-4236777;95,-51,-46;105,-7,10;249,61,31;252,10,1;259,-19,-9;262,4,3;269,-8,-14;272,3,-5;285,-6,-3
rua|professora|odaleia oliveira moraes de azevedo|bico doce|36880215|12,-2114256,-4236844;20,86,283;30,-2,-7;40,-2,-8;50,-6,-10;60,-3,-16;100,-5,-34;105,-7,-34;110,2,27;115,2,-20;125,-1,11;153,1,22;165,3,13;175,4,12;250,-22,-138;350,-22,-55;360,0,-16;390,-20,-27
rua|professora|odaleia oliveira moraes de azevedo|sao gotardo|36880215|1,-2114187,-4236642;3,-51,-174;5,-14,18;8,76,230;15,37,28;32,-99,-294;42,4,2;64,-6,11;75,57,227;104,-30,-179;114,3,2;145,17,114;161,-16,-35;174,-3,-6;204,15,10;214,0,18;222,3,7;245,-10,-40;275,4,-5;285,-2,-32;301,-13,-13;344,42,208
rua|professora|petrina|barra|36884038|12,-2112726,-4238008;15,2,12;22,29,-22;31,-20,26;32,-20,8;34,22,-14;39,9,8;42,10,-10;45,-9,5;51,11,2;55,19,-4;65,2,12;69,7,-6;70,-3,-5;71,3,9;72,1,-7;81,8,17;83,-1,-9;91,11,10;102,7,-14;105,4,0;108,5,1;109,6,13;111,-3,10;112,1,-27;117,4,14;126,0,-13
rua|professora|zirlene aparecida carvalho iwanami|sao gotardo|36880212|1,-2114039,-4236489;21,6,-5;31,-11,-2;40,0,-4;50,-1,-15;60,-10,-20;68,3,-3;77,-1,10;80,1,-13;81,-1,-2;90,-3,-6;91,7,-2;100,-11,-8;101,4,-5;110,3,-2;111,-12,-4;120,9,-5;121,-12,-5;125,-4,-29;130,2,23;131,6,-1;140,-1,-5;161,-10,-16;171,9,-22
rua|professor|carvalho|centro|36880105|7,-2113540,-4236464;20,-6,20;21,-8,-12;28,4,10;32,-7,-1;39,-4,-9;45,-4,4;49,-8,-3;52,-4,8;62,-15,11;63,6,-19;76,-13,35;79,11,-17;82,-19,3;85,2,-3;91,-1,-2;96,-4,10;101,-6,-5;109,-14,9;118,0,5;126,-17,0;127,5,-4;136,-10,1;139,5,4;140,-10,-5;147,-5,8;150,-20,1;163,8,-8;166,-13,32;169,9,-22;178,-4,-1;179,-4,6;189,-9,2;198,-3,4;201,-8,1;209,-5,-5;212,-1,12;215,-4,-2;218,-16,1;221,-13,2;225,-1,32;261,-31,-15;268,31,-14;272,-26,7;274,12,-2;275,-21,22;277,-7,-10;313,-32,1;315,-6,-12;317,-8,7;319,-17,-12;321,-8,14;323,-20,-21;325,-4,-1;327,-5,14;333,97,18
rua|professor|florestan fernandes|chale|36889384|18,-2112502,-4234983;19,-4,-4;28,6,4;29,2,-3;32,8,10;48,10,-1;58,6,4;68,9,4;98,27,6;108,7,4;128,8,3;138,15,4;148,1,-4;168,26,15;198,26,10
rua|professor|geraldo rodrigues|centro|36880093|13,-2113321,-4236625;20,-23,-43;30,21,50;46,-5,-18;66,12,-17;67,-11,-18;68,-3,10;69,0,-39;102,-12,7;127,-20,-30;136,7,-33;138,8,30;145,-7,-9;208,4,43;220,-6,64;230,12,-102;240,-10,2
rua|professor|jose donato|sao fernando|36887248|103,-2120870,-4245176;133,5,-8;143,39,5;151,-27,-1;152,50,8;153,37,-1;1037,-76,-8;1368,94,13;1480,-523,-35;1494,-17,12;1496,129,-20;1542,-109,8;1560,-9,8;1573,403,17;1636,16,-3;1650,42,-3;1662,9,3;1682,6,3;1685,20,-4
rua|professor|murilo de carvalho|sao francisco|36881007|1,-2113559,-4236230;2,-4,-13;3,3,-15;4,0,0;5,-3,-19;6,0,-4;7,-3,-8;8,2,-7
rua|professor|rabelo|planalto|36883149|20,-2113942,-4237693
rua|professor|vicoso|gavea|36889026|10,-2112576,-4236872;15,6,3;40,5,5;60,14,18;65,30,1;77,8,-1;80,-26,4;95,33,-1;101,21,-1;102,-35,3;124,30,6;136,8,0
rua|reverendo|elerson wester oliveira de paula|dornelas ii|36884188|1,-2113368,-4239753;10,30,16;75,6,2;122,31,32;152,-16,-20;194,8,16;215,12,22
rua|reverendo|joao ramos|centro|36880089|2,-2113373,-4236665;5,123,-45;6,-70,25;7,68,-15;11,19,-31;12,-4,23;17,6,-23;21,-51,34;22,28,-4;23,4,-21;27,-41,32;30,-16,21;35,-7,-11;70,51,-18;170,-99,39
rua|santa|catarina|vale verde|36889450|75,-2113039,-4234458
rua|santa|catarina|vila de belisario|36889450|20,-2092645,-4245906;26,-18,-40;27,-5,8;30,-1,-20;34,1,-8;42,-13,-11;55,-18,-56;65,32,47;75,0,40;80,-15,-47;92,-10,-14;100,-4,-17;115,8,10;219,31,95;230,-4,-7;357,1,19
rua|santa|clara|vale verde|36889459|41,-2112785,-4234282;51,5,11;61,-2,10;62,-2,16;71,4,-5;72,-6,16;81,6,-7;82,3,19;91,1,-17;92,-4,27;101,1,-12;102,-6,23;111,5,-10;112,-7,16;121,8,-14;122,-5,21;131,2,-7;141,46,-2
rua|santa|filomena|vale verde|36889475|10,-2112938,-4234227;11,-5,0;20,7,-4;21,-13,9;30,-4,-1;31,1,7;40,-11,-3;41,-6,1;50,4,3;51,-5,0;60,-12,1;61,5,1;70,-9,3;71,0,8;80,-7,2;81,-7,3;90,0,3;100,-8,9;110,-9,-7
rua|santa|luzia|santa terezinha|36889254|15,-2113192,-4235282;25,12,-43;29,-13,50;35,30,-64;39,-32,60;43,1,-3;49,-10,2;50,18,30;55,8,-82;96,-23,71;97,5,-5;111,-9,35;118,25,4;122,-17,1;128,16,1;231,0,0;276,8,0;600,-28,-42;601,-5,22;602,0,4;622,-1,-2
rua|santa|marcelina|santa terezinha|36889260|9,-2113130,-4235333;14,30,-5;25,-11,13;26,10,12;27,-4,-12;29,0,7;31,12,13;36,-6,-12;39,-3,13;45,-7,3;49,4,-3;55,2,8;61,7,10;62,-7,-10;65,9,19;66,-9,-11;68,6,11;69,2,-1;72,-4,0;73,1,-1;77,6,28;81,-1,-5;84,-4,-3;85,11,14;89,-7,1;92,8,-4;105,1,26;113,-3,1;118,-10,-9;120,4,18;121,15,2;125,-12,0;130,1,8;133,1,-3;135,0,12;140,-3,-8;141,9,8;145,20,12;151,-20,2;155,4,9;156,-6,-10;166,1,1;167,5,5;171,-1,5;178,-7,18;181,6,-10;184,-1,-3;187,2,7;190,-2,7;193,0,-21;203,14,32;207,-12,3;209,8,6;211,-6,-2;213,7,-8
rua|santa|maria|planalto|36883063|10,-2113582,-4237623;20,5,-5;38,-190,247;42,140,-195;100,20,-17;104,-20,28;105,-137,165;112,190,-228;114,2,-2;115,-189,220;154,108,-132;156,-3,-9;161,-56,68;174,38,-55;176,9,11;180,69,-70;181,3,-3;192,-4,6;242,-7,8;260,-54,38;267,60,-73;270,-38,56;280,-8,9;340,-59,65;420,-29,41;488,-24,36;502,0,1;542,54,-80;544,19,-26;546,-23,49;550,-10,11;552,-12,11;558,38,-71;559,-9,10;600,-36,68
rua|santa|maria|safira|36883063|2,-2113783,-4237376;5,243,-304;10,-231,299;17,150,-229;42,127,-129;45,-2,9;46,-1,-9;47,-4,11;55,-19,27;56,-14,7;60,17,-6;65,4,-10;66,0,-16;69,-25,49;72,-154,160;75,168,-180;76,13,-14;80,-31,37;81,20,-28;82,-102,113;87,74,-75;90,-23,25;94,32,-43;96,-4,17;97,-16,8;98,-10,23;101,88,-117;114,-49,64;116,-230,288;142,228,-280;155,-60,68;167,14,-8;171,-17,17;175,25,-13;212,-42,11;213,19,15;221,-15,-3;231,-8,-1;241,-2,10;251,-10,6;275,-30,25;285,43,-5;295,-29,-3;325,-28,7;335,-5,29;345,-11,16;375,-20,27;395,-8,17;445,-26,35;455,1,1;456,-13,7;457,8,1;459,-17,-7;461,-9,25;465,15,-8;485,-1,20;551,35,-62;561,-14,2;571,-1,4
rua|santa|rita|bico doce|36880169|350,-2113501,-4237125
rua|santa|rita|centro|36880169|1,-2113225,-4236978;5,5,3;10,-7,-6;15,-2,-5;21,-282,-129;22,285,121;31,-14,2;33,0,-1;35,-6,-3;41,1,1;44,-7,-8;47,-7,-4;54,2,0;62,-10,-9;63,-3,4;64,8,0;66,-5,-10;75,-10,3;79,0,0;87,-12,-2;90,7,-19;97,-6,9;106,-6,-6;107,-6,0;132,-2,-21;137,-26,5;143,-16,1;146,18,-2;153,-11,-16;154,3,15;155,-9,-2;160,-1,-3;165,-9,-3;174,2,-9;182,-5,7;193,-14,-8;200,-8,0;203,-5,-3;209,-35,12;212,28,-20;219,-5,23;222,11,-15;233,-16,2;237,-10,-8;239,-3,5;242,1,-20;252,-9,7;258,-7,-5;261,-1,2;268,-6,-4;271,12,11;275,-18,-15;278,3,6;283,-6,-16;284,2,8;289,-15,3;292,9,-2;295,-11,-7;300,-4,4;307,-6,12;310,-5,-14;319,-3,-3;320,-3,14;322,-7,-3;325,2,-6;343,-12,-1;351,-22,-4
rua|santa|teresa|vermelho|36892500|4,-2110769,-4245284;10,-9,-22;15,-60,-84;18,72,94;22,14,27;24,8,19;25,-5,-1;26,-40,-61;30,35,36;34,-59,-189;37,22,129;50,-28,-39;55,34,57;56,24,31;59,-52,-72;60,-11,-13;65,81,181;66,-22,-88;69,-4,-28;70,-67,-84;71,65,90;75,7,22;79,4,16;80,-54,-203;85,44,-40;96,-8,17;97,-5,4;98,12,-6;100,-77,71;104,103,199;140,-86,-246;141,-14,11;142,62,132;155,-17,-21;200,7,4;205,-28,-31;220,78,166;1005,-55,-272
rua|santa|tereza|vila de boa familia|36889474|19,-2120959,-4250782;44,37,-26;85,-9,46;1622,36,15;1623,-3,13;1625,-2,-10;1627,-12,-2;1653,-11,-12;1657,-25,-27;1665,-18,3;1668,12,-42;6630,-23,35
rua|santo|andre|vale verde|36889453|31,-2112792,-4234405;41,-20,3;51,-5,1;61,-8,2;71,-8,3;81,-8,4;91,-11,0;101,-9,-8;111,-3,6;121,-11,0;131,-4,5;141,-13,-3;151,-7,-8;161,-11,16;171,-7,5;181,-12,5;191,-7,-1;201,-14,1;202,-10,3;211,2,7;212,4,-10;221,-19,9;222,13,-6;231,-20,10
rua|santo|antonio|santo antonio|36881110|1,-2114005,-4235538;2,75,-41;4,203,-243;14,35,188;15,-327,91;16,462,-470;17,-166,186;21,-234,305;26,385,-490;27,-255,331;30,-52,45;34,294,-360;35,27,-6;45,-18,9;55,-26,66;60,27,-37;80,-2,15;100,-11,27;101,-1,2;126,-13,22;128,3,18;134,13,-21;136,-13,26;144,8,-23;169,-387,361;179,-1,2;250,370,-334;258,9,16;268,-10,9;280,3,-4;288,-12,15;296,-6,1;301,-1,15;304,0,-2;309,-10,11;313,3,18;328,4,-17;346,-7,48;360,10,1;370,-9,0;376,-24,4;378,0,0;382,9,2;392,-10,13;400,6,8;404,-3,2;406,4,9;414,-7,9;423,-17,42;424,10,-39;440,-5,6;454,-7,19;457,23,-104;462,-25,107;472,-3,9;484,4,11;492,-5,5;516,-17,17;517,45,-84;519,-16,42;521,22,-39;527,-15,19;535,-25,82;539,28,-81;565,-114,60;567,100,-22;568,-60,33;571,44,-6;572,-55,-12;573,80,-40;583,-21,34;591,1,18;601,-5,7;613,-15,-7;633,-24,-1;643,-3,-7;653,-2,-6;739,-60,-47;796,-27,-16;798,3,9;818,-12,13;836,-7,-5;846,-8,13;856,8,5;866,-19,7;868,-12,29;872,13,-22;874,63,-59;878,-63,69;880,8,-3;886,32,-48;888,-37,52;892,-16,-2;902,1,10;922,-19,7;932,0,17;942,-9,4;952,-4,15;955,-3,3;956,-7,28;979,16,-5;980,-5,2;984,-1,17;1039,-27,42;1049,-17,-12;1109,-41,-13
rua|santo|antonio|vila de itamuri|36881110|10,-2099520,-4237041;16,-147,122;19,-1,65;21,2,-21;30,5,-7;139,-4,62;220,34,-122;320,76,-70;330,-111,124;467,161,-171;515,-137,125;525,-8,5;822,141,-125;825,20,-23;840,-24,35;920,-56,47;955,-13,9;1000,-40,43;1004,-6,-5;1080,24,-19;1193,0,4
rua|santo|cristo|santo antonio|36881031|11,-2113892,-4235709;53,16,-56;115,-19,61;125,-39,40;145,27,-21;175,-16,20;225,-30,16
rua|santo|cristo|sao francisco|36881031|4,-2113918,-4235677;6,-10,6;7,-8,7;180,-13,9;190,-3,10
rua|sao|bernardo|vale verde|36889454|10,-2112765,-4234362;20,-25,-2;21,18,10;30,-16,-8;31,16,4;40,-17,-2;41,-2,8;50,-9,-5;51,5,5;60,-11,-5;61,-4,10;70,-5,-9;71,-1,3;80,-7,1;81,5,0;90,-21,5;91,0,1;100,-9,-6;101,0,9;110,0,0;111,-6,0;120,-6,1;121,-3,3;130,-9,-5;131,-4,7;140,-4,-6;141,-12,6;150,3,-2;151,-3,2;160,-1,0;161,-3,0;170,-7,-2;171,-1,7;180,-5,-3;181,0,4;190,-14,3;191,-4,4;200,-1,-2;201,-10,10;210,-7,-4;211,-1,13;221,1,-9
rua|sao|caetano|padre tiago|36889456|51,-2112806,-4234299;61,-14,6;71,-5,1;81,-9,-2;91,-5,4;101,-8,-2;111,-11,1;121,-9,1;131,-7,1;141,-14,7
rua|sao|caetano|vale verde|36889456|1,-2112941,-4234269;20,185,-44;30,-14,6;31,-7,4;40,0,-5;50,-11,-8;60,-10,4;70,-3,5;80,-16,7;90,-2,-2;100,-11,4;110,-10,2;120,37,-7;130,-54,8;140,-14,7;150,1,-2;160,-19,1;161,-31,14;170,22,-11;180,-8,1;190,-11,4;200,-8,2;209,-5,12
rua|sao|cristovao|sao cristovao|36889020|16,-2113475,-4235343;25,-11,49;28,12,-63;30,-12,54;32,3,-16;65,7,-28;75,5,-20;155,4,-14;220,-4,4;495,-10,53
rua|sao|cristovao|sao cristovao|36889342|1,-2113507,-4235243;3,-18,1;4,43,-58;5,195,-202;21,-116,32;23,-88,188;30,-30,33;37,85,-155;40,-10,-25;42,13,-8;44,65,-42;45,-124,187;47,62,-147;48,84,-64;50,105,-75;52,-157,114;56,73,-36;58,-38,4;59,-32,20;75,-98,203;78,122,-223;85,-48,24;116,-7,15;120,13,-17;126,66,-28;127,-151,237;128,20,-25;129,-23,55;130,129,-259;150,-21,11;154,-82,125;155,-11,3;156,50,-79;160,-18,12;161,-2,23;167,4,-16;170,-10,18;180,-4,17;208,180,-125;212,0,7;229,4,-33;244,-131,48;278,80,-24;301,16,11;302,4,-7;373,-19,-4;377,-101,81;378,-7,-24;379,17,-6;385,56,-41;396,-73,71;431,-24,38;441,-8,20;445,0,-13;451,-2,20;467,28,-73
rua|sao|dimas|dornelas|36884216|4,-2113281,-4238956;12,65,7;18,-43,-5;38,71,0;44,56,10;46,-14,-20;48,-24,26;70,-25,-6;91,-21,-7;93,-19,11;101,-86,-4;110,119,-2;113,-74,5;115,-52,0;123,63,-2;126,42,-5;127,-115,9;140,96,-9;150,-14,6;166,-13,-8;180,-27,-4;185,10,9;195,-11,2;205,-9,-2;206,-4,3;211,-47,0;215,-21,-2;217,66,8;218,-7,-9;220,-15,5;222,-13,0;230,-3,-13;246,-25,12;250,5,-17;267,-44,16;285,-16,-4;305,-22,16;310,41,-14;315,-46,16;318,35,-13;333,-58,12;336,39,1;345,-41,-5;350,32,-4;354,-15,0;355,-2,-2;360,-13,7;370,-1,-4;380,-16,12;385,-143,55;390,135,-55;400,-3,-1;410,-14,7;420,-17,6;425,-69,30;470,57,-25
rua|sao|geraldo|dornelas|36884210|3,-2113151,-4238981;9,21,-69;19,-10,73;20,-12,16;36,0,-16;40,23,-30;41,-25,19;51,5,-8;61,5,-13;71,-2,-12;77,10,-6;82,3,10;84,-3,-51;95,14,34;105,-20,-11;125,14,-22;145,2,-29;155,-1,-16;165,1,3;251,-11,64;256,4,-15;271,6,-7;281,-5,-42;291,1,-8;302,-12,115
rua|sao|joao batista|gaspar|36888136|13,-2111895,-4238220;20,-183,71;25,-1,11;30,8,-4;37,0,-1;44,8,2;47,8,6;52,-3,-5;59,17,12;60,-8,-8;65,20,7;70,-22,-17;81,40,23;83,26,14;91,19,4;93,11,-5;95,23,10;96,-29,-9;98,-53,-9;108,19,4;111,86,13;118,-75,-13;136,32,2;137,4,17;139,13,2;140,-9,-11;149,64,-15;150,-55,13;293,73,-20;303,25,-7;305,-2,-5;315,1,-9;325,6,-6;335,12,-8;345,7,-13;355,9,-6;365,3,-26;371,5,-6;373,-3,-7;375,12,-15;385,-4,-10;401,-5,-24;402,4,-2;411,-12,-6;413,-18,-72;431,12,52;455,-4,-19;475,-16,-15;541,-4,-31;550,18,57;600,-14,-35;650,-3,-20
rua|sao|joao batista|vila leite|36888136|45,-2111827,-4238159;111,-51,41;119,22,-15;129,-5,2;137,-11,6;160,-19,18;284,41,-30;298,5,-7;310,13,-13;340,10,-12;350,16,-30;370,10,-6;403,-20,30;407,-1,-10;420,22,-59;430,-8,-19;450,-1,-16;470,-18,-24;500,-10,-71;501,-14,-10;507,47,190;520,-31,-173;656,1,12
rua|sao|joao nepomuceno|napoleao|36887076|8,-2112820,-4239356;10,-69,5;15,41,-29;34,17,7;35,-15,-2;45,-2,-1;54,-20,18;58,19,-24;64,-35,18;71,-1,2;75,-50,-5;81,-1,12;82,26,-4;84,13,13;91,-4,-4;101,2,-9;106,-14,11;111,6,8;113,15,27;116,-42,-35;121,57,-14;125,-69,20;126,6,-5;136,-15,13;141,13,-13;151,-14,-8
rua|sao|joao|sao pedro|36889168|15,-2112601,-4236207;23,-80,-21;26,80,21;28,1,-6;35,-16,6;36,8,-6;41,-17,2;42,9,-8;48,-12,-1;54,-4,4;64,-10,-10;65,-1,7;71,-30,-4;74,31,-5;75,-8,4;84,-5,-8;87,-6,8;97,3,-11;105,-24,1;124,16,2;465,87,18
rua|sao|jose|ceramica|36883010|20,-2113143,-4237416;196,1,-10;200,6,10;201,3,1;207,-9,4;210,20,-5;211,-4,-3
rua|sao|jose|jose cirilo|36886017|16,-2113399,-4239914;28,-9,-85;34,35,96;35,-16,-40;43,-25,-67;53,4,4;59,33,126;60,-1,11;70,-5,10;76,-3,-43;109,-3,46;115,11,-23;120,-12,28;123,4,-8;150,12,-25;156,-7,14;180,-12,-36
rua|sao|jose|napoleao|36887081|11,-2112945,-4239505;13,-14,7;23,74,-4;33,-10,3;45,-1,-14;46,-20,19;50,-3,0;55,2,-3;58,22,-12;65,-26,14;70,-12,-3;74,-5,-4;79,4,-1;80,57,16;89,-80,-11;90,60,4;99,-75,8;116,14,-11
rua|sao|lourenco|vale verde|36889463|22,-2112892,-4234261;32,6,10;42,-1,7;52,1,11;62,-1,-23;72,0,46;92,10,5;102,4,7;112,2,8;122,2,12;132,6,15;142,3,14
rua|sao|miguel|vale verde|36889462|11,-2112828,-4234232;12,45,-26;22,-17,1;32,-2,2;42,-15,2;52,-9,-1;62,-7,3;72,-14,3;82,-7,-1;92,-7,7;102,-6,-1
rua|sao|pedro|centro|36880075|1,-2113227,-4236474;13,-21,16;17,1,3;27,-9,2;36,2,-3;40,-20,-12;46,-8,-38;50,5,35;51,-8,23;65,-3,2;70,-2,-14;84,-19,-2;85,1,7;87,-13,1;98,9,-31;105,-15,24;118,-6,-16;119,-1,22;124,5,-18;134,-18,11;135,-1,4;148,-13,-8;151,2,-12;156,-14,11;168,-7,-5;171,-3,2;179,-12,5;192,2,-9;196,-18,-11;203,-4,10;210,-6,7;224,-9,-7;231,-9,0;237,-21,-4;238,10,-20;246,-2,18;250,-2,5;253,-21,-40
rua|sao|sao judas tadeu|gaspar|36880001|6,-2112287,-4238220;8,-24,-12;11,3,22;20,-10,-27;35,18,15;48,-30,-18
rua|sao|sebastiao|centro|36880172|7,-2113115,-4237006;13,7,3;21,-21,-12;27,-1,-17;43,-5,-4;55,-18,-12;59,-3,-2;82,-15,-2;87,4,3;97,-14,-17;109,-5,-11;133,-15,-10;143,-10,3;153,-10,-4;159,-6,1;167,-18,-7;175,-4,0;183,-2,-11;185,-20,-5;199,3,2;203,-6,-14;243,-16,-7;251,-14,-4;271,-13,-16;277,-2,3;279,-4,-1;287,-12,1;293,-5,-2;297,-13,18;307,4,-30;317,-10,3;323,-15,-1;339,1,-8;343,-8,-2;349,-4,-2;363,-8,4;367,-11,-6;385,-24,15;395,10,-4;411,-32,5;417,-28,18;431,15,-8;445,-16,-12;451,-6,20;459,-11,-6;463,4,4;465,3,8;467,-10,0
rua|sao|sebastiao|prefeito helio araujo|36880172|12,-2113146,-4236999;22,5,4;28,2,-35;36,0,2;46,5,2;56,-5,-6;58,-10,-9;62,-5,4;70,-10,-13;81,-4,-7;94,-6,-4;100,-14,3;110,-1,-9;120,-14,-14;152,-15,-15;154,14,17;158,-28,-5;160,1,-12;162,14,16;178,-27,-16;196,-11,-4;200,-5,-23;210,-7,10;220,-12,-8;230,27,29;234,-31,-48;244,-15,1;260,-15,2;270,-3,-29;280,-18,17;296,-4,13;300,-13,-17;316,-6,1;326,-4,-12;328,-13,0;336,-7,-3;344,-11,0;346,-11,-2;356,9,-5;366,-14,-1;376,-4,1;396,-14,6;402,-27,12;406,16,-11;412,-13,9;444,-14,13;446,-13,-5;456,-1,3;476,-14,14;484,-7,2
rua|sao|vicente de paula|vila de belisario|36880001|30,-2092369,-4245742;70,-46,-15;79,69,29;90,39,11;100,56,15;104,11,14;195,-180,-80;200,53,26;210,54,15;212,-97,-30;215,-5,-15;220,21,20;222,-4,-9;250,12,12;305,22,2;320,4,10;340,14,6;345,10,5;360,23,12;370,-35,-7;400,61,16;401,7,-1;405,-60,-10
rua|sao|vicente|barra|36883130|16,-2113370,-4237948;18,-7,-3;34,-5,0;36,-7,0;38,-3,14;42,-1,-1;48,-7,9;60,-7,2;70,-6,9;90,-11,13;92,-4,-17;122,0,37;130,-8,6;140,-14,10;150,3,6;158,-10,11
rua|sao|vicente|planalto|36883130|10,-2113474,-4237825;20,-2,2;30,0,16;44,-12,10;48,-4,4;185,-9,12
rua|sargento|geraldo de souza ferreira|vale verde|36889471|11,-2112968,-4234254;21,-4,-2;22,16,-8;31,-22,16;32,20,-7;41,-30,6;42,13,-8;51,-21,16;52,17,-12;61,-27,19;62,18,-19;71,-17,17;72,10,-12;81,-20,17;82,10,-13;91,-15,16;92,5,-10;101,-15,13;102,10,-12;111,-12,14;112,2,-6;113,-10,3;121,-9,12;132,2,-9;142,-10,7;152,-11,2
rua|sargento|joaquim de azevedo|planalto|36883158|3,-2114013,-4237836;5,-3,8;7,-1,15;9,-8,11;11,-10,14;13,-5,3;15,6,5;17,1,10;19,-9,15;21,-9,13;23,1,2;25,-4,15;27,-2,5;29,-23,12;31,20,14;33,1,3;35,-17,15;37,0,12;39,4,8;41,-6,4;43,2,17;64,41,-193;84,4,20;144,-31,60;154,9,7;164,9,14;174,-2,8;184,-5,5;200,-17,19
rua|senhor|do bonfim|vila de boa familia|36880001|12,-2120878,-4250770;50,39,-18;52,-8,2;60,59,-6;70,-22,18;100,-65,-17;105,97,-1;187,-4,-4;232,-104,6;242,110,-2;244,-89,12;292,-55,-27;1504,158,-1
rua|soldado|cento e cinco|santo antonio|36891899|128,-2114144,-4235441
rua|soldado|jadirso ferreira da silva|alto do castelo|36881102|11,-2114328,-4235988;20,4,10;21,-8,-2;32,-1,-6;33,-7,12;44,5,15;45,-14,-9;51,-1,3;56,12,3;57,-7,0;61,-11,7;67,2,5;68,1,-3;73,-9,6;77,4,7;80,-6,0;92,-2,22;105,-17,13;110,-3,-16;117,-1,26;129,-7,8;130,-13,9;140,0,1;141,5,-2;153,-10,8;160,-11,5;165,4,-2;177,-8,5;180,-8,1;189,-1,4;192,-9,5;201,-4,2;204,-7,-1;213,-1,0;216,-11,3;225,2,-2;228,-13,3;237,1,-2;240,-8,1
rua|soldado|wilson nogueira|alto do castelo|36881098|14,-2114700,-4235915;15,15,2;25,3,3;26,-11,-3;35,27,-2;38,-9,-3;45,19,-2;50,-9,3;55,24,-5;62,-16,1;65,21,0;74,-11,2;75,23,-5;85,16,0;86,-27,8;98,13,-18;110,9,2;122,10,0;125,34,-9;134,-25,11;135,41,-8;145,9,-1;146,-44,-5;155,53,7;158,-35,0;165,45,3;170,-34,3;175,42,-3;182,-30,1;185,43,3;194,-26,-3;195,32,5;205,11,3;206,-30,-12;215,36,17;216,-33,-16;220,10,8;225,33,8;230,-26,-4;235,36,12
rua|vereador|angelo guarconi|vila de pirapanema|36880001|60,-2107142,-4250585;62,-2,18;151,-84,59;152,15,-11;261,-55,64;262,24,-19;271,0,-2;630,-34,33;1608,-13,10;1779,-33,2;1785,28,-7;1801,17,-6;1836,-17,6
rua|vereador|jacy vargas|vila de pirapanema|36880001|223,-2107409,-4250171;224,10,-18;228,14,-26;229,6,-20;230,33,-78;231,-45,103;232,4,-13;240,18,-26;241,10,-35;242,2,-18;245,16,-27;247,-1,-4;594,14,-66;1230,-103,246;1350,9,-9;1700,40,-73;1702,19,-30;1712,-1,-2;1714,17,-35;1716,-4,4;1718,5,-27;1732,12,-51;1806,4,-31;1997,-6,-36
rua|vereador|joaquim leandro|sao francisco|36881013|5,-2113397,-4236299;6,16,0;7,-14,6;8,-24,1;9,58,-6;11,-13,1;12,-40,-8;13,50,6;15,10,0;16,51,-2;22,-60,7;24,15,-4;30,22,1;62,36,-11;64,-107,8;65,98,-2;76,-43,-1;78,-32,9;80,52,-9;81,-63,8;82,81,-10;93,-125,22
rua|vereador|joaquim pereira|planalto|36883068|78,-2113349,-4237757;79,5,1;84,-1,7;90,-11,-9;96,-12,-2;102,-6,-8;116,-25,12;118,-87,-10;119,99,2;123,8,4;130,-22,1;131,-88,9;150,61,-11;151,-67,4;179,-19,-2;180,68,-2;227,12,0;240,18,5
rua|vereador|joaquim pereira|safira|36883068|21,-2113373,-4237756;31,52,0;41,5,-2;51,-7,-18;91,-131,16;104,76,-4;105,-3,2;127,-15,8;129,-2,1;132,12,-13;133,-31,-1;155,-25,6;201,-19,7;205,-63,-3;209,-18,2;300,10,6;302,-15,-5;320,1,0;660,246,-3
rua|vereador|jose messias soares|santo antonio|36881111|31,-2113609,-4235971;60,5,5;63,-19,-6;65,-6,-5;99,-31,-16;290,5,16
rua|vereador|leandro pereira ferreira|santa laura|36889519|1,-2113164,-4233775;265,4,7;270,-11,-6;305,-20,11
rua|vereador|petronio calcagno oliveira|joao xxiii|36883233|14,-2114500,-4237087;26,-14,-16;32,-4,-4;33,-10,4;40,11,-18
rua|vereador|tebinha ligeiro|santa laura|36889503|142,-2113039,-4233796;190,-540,-120;240,-16,54
rua|visconde|do rio branco|porto|36889266|70,-2113006,-4235374;76,-8,-7
rua|visconde|do rio branco|santa terezinha|36889266|8,-2113114,-4235347;33,73,-19;36,-2,-1;50,55,-17;52,-49,19;54,29,-7;56,24,-16;72,-23,17;74,3,-5;76,-146,31;85,95,-16;114,-28,10
rua||1|patrimonio sao jose|36891899|2,-2112498,-4239703;3,14,-7;4,-3,-2;19,9,-134;21,2,32;22,7,0;23,0,15;24,3,14;25,-1,6;26,4,9;27,-1,6;28,-2,11;29,-12,9;30,0,9;31,-6,11;72,-10,33
rua||2|patrimonio sao jose|36891899|5,-2112447,-4239731;6,-7,4;7,4,-11;8,12,-12;9,2,-11;10,-3,-2;11,1,-5;12,3,-11;13,8,-15;14,-4,-4;15,-4,-14;16,-4,-14;17,-8,1;18,-3,-20;99,15,99;535,-22,26
rua||abelard goulart|santa terezinha|36889271|10,-2112816,-4235574;30,4,18;80,-30,-42;90,28,22;91,4,-3;92,-6,-3;98,-4,-8;100,1,-6;101,-125,-40;106,118,36;109,-127,-50;115,104,44;117,-107,-46;118,115,47;125,-117,-52;126,105,54;129,-6,-8;132,-135,-85;134,139,88;135,-21,-8;136,-133,-85;139,73,41;148,73,52;149,-100,-58;150,102,45;151,-25,-1;152,-31,-8;156,50,14;157,-105,-72;159,80,67;164,4,-1;167,-21,-4;169,-72,-57;172,115,57;175,-46,-1;179,-4,-1;180,30,8;183,-42,-6;185,-64,-68;186,94,90;188,-10,-14;190,-110,-84;193,93,70;196,-11,-11;198,18,9;209,-14,2;212,2,-4;214,-10,10;223,-166,-68;238,-11,14;239,143,-4;241,-132,-8;243,157,34;244,-11,0;245,-92,-48;250,90,47;251,-60,-55;254,66,46;256,-68,-37;257,-8,1;268,70,34;270,-121,-35;271,-111,80;276,224,-50;284,-10,-6;294,-4,-16;300,-46,-5;302,23,-3;356,-30,-2;360,-26,1;362,27,-3;374,-36,6;380,-6,2;384,-73,49;397,65,-41;407,-7,3;420,-31,16;425,10,-8;449,-12,15;458,17,-19;460,-43,49;461,24,-32;462,15,-8;464,-22,8;469,3,11;473,-5,6;485,1,-2;493,-14,8;501,4,12;513,2,22;595,154,-96;597,4,6;728,-194,171;833,116,-166;843,-10,1
rua||abigail nunes de melo|cardoso de melo|36887206|34,-2112866,-4240174;75,-20,-31;85,-12,-7;95,-4,-2;235,52,51;341,14,-14
rua||abilio alves de matos|centro|36880010|60,-2113113,-4236910;69,13,-10;106,1,4
rua||abilio jose fritz|bom pastor|36887169|4,-2113078,-4240520;5,59,60;14,21,32;15,-92,-98;20,78,60;25,-62,-46;29,66,131;32,-16,37;35,-51,-163;45,11,3;61,58,65;65,-46,-59;67,50,60;75,0,5;97,5,15;105,11,24;115,7,-11;135,-33,38;145,-3,6;150,11,-71;210,11,56;220,-5,24
rua||abilio jose fritz|santana|36887169|54,-2113053,-4240502;62,-36,-26
rua||adelaide geraldo pinto|patrimonio sao jose|36887012|19,-2112348,-4239527;26,-67,16;27,53,-3;28,-62,-8;29,0,9;42,102,-12;43,-2,11;51,18,-8;59,4,7;67,-74,-4;69,71,8;70,-22,3;79,39,-9;816,0,11
rua||adriao badaro|sao francisco|36881049|30,-2113880,-4236326
rua||adriao badaro|vale do castelo|36881049|5,-2113863,-4236342;21,-19,15;35,-19,20;85,-30,-37
rua||afonsina vitorina martins|planalto|36883061|10,-2113641,-4237633;27,-99,123;45,82,-91;50,-48,51;60,-49,54;68,77,-79;70,-12,8;88,-5,18;89,12,-29;99,-5,3;106,-9,13;108,-18,40;109,-5,-9;110,-8,16;115,27,-44;120,-12,18;131,-8,12;141,-3,3;150,-11,18;159,-20,17;161,7,-21;165,11,1;170,8,-2;171,-6,-1;179,-39,55;180,6,-7;190,-1,10;200,138,-182;205,-160,195;207,93,-110;208,-62,61;211,42,-42;212,-30,36;214,-18,24;215,-18,31;217,11,-24;219,15,-16;220,-21,21;230,147,-160;232,-12,5;233,-7,6;240,11,-13;241,-22,28;243,3,-7;246,0,-4;248,-12,15;250,5,-1;251,1,-6;261,-7,11
rua||afonso cardoso de melo|cardoso de melo|36887231|15,-2112782,-4240412;25,3,14;30,8,-7;32,20,6;35,-17,-11;40,8,5;50,6,0;55,1,6;60,11,0;65,-3,2;75,10,5;80,10,1;85,4,-3;105,11,12;135,34,0;140,7,7;155,13,-4;160,-1,7;165,6,9;170,2,0;175,15,4;190,5,-5
rua||afonso goulart|joao xxiii|36883200|45,-2114649,-4236955;65,7,1;85,12,-4;94,10,4;95,0,-6;105,14,-4;106,-8,3;115,19,-11;118,-17,9;125,26,-12;128,-14,7;140,16,-7;145,9,-3;152,-6,4;164,12,-7;165,4,4;176,10,-11;188,11,-4;189,10,-8;199,8,-5;200,-6,18;212,10,-17;225,17,-7;228,-15,5;233,29,-3;238,-13,1;241,14,-4;246,-6,-2;258,8,0;265,8,-4;270,-4,-5;275,18,-4;278,-13,6;287,21,-9;300,0,-6;307,6,1;308,-6,-4;317,13,2;327,11,-6;821,-265,117
rua||aguinaldo de oliveira|sao joaquim|36886106|1,-2114138,-4239890;2,2,0;3,4,11;4,10,10;5,6,3;6,4,4;7,15,0;8,-3,12;9,-3,8;11,25,15;14,1,-3;15,-24,-26;16,-3,-9;17,12,-2;18,-25,-1;19,-4,-17;20,-13,9;27,47,52;107,-53,-68;115,72,70;117,5,4;217,32,2
rua||aide thuller secunho|vermelho|36892500|7,-2110790,-4244992;19,12,-49;25,8,-49;50,-20,80;66,7,5;89,-8,42;121,31,11;140,-26,11;167,-7,-5;815,41,-194;861,-40,237;871,5,-10;896,59,-252;901,-49,98;919,26,-78;981,-33,236;1000,36,-215;1320,-34,204;1322,6,-45;1364,-5,-96;1366,18,-1;1368,-10,-16;1372,16,-44
rua||aimores|sao cristovao|36889340|2,-2113271,-4235528;21,-19,-23;22,-17,-14;30,10,13;34,-5,-21;35,-2,8;42,-4,1;60,7,4;104,-3,1
rua||aimores|sao cristovao|36889342|6,-2113294,-4235539;32,25,-2;85,6,36
rua||airton senna|sao joaquim|36886108|1,-2114198,-4239917;2,16,6;3,5,-2;5,22,4;11,68,-3;12,0,18;13,16,8;17,15,10;20,-21,-25;22,-15,-4;23,-30,-8;43,62,39;90,-31,-40;100,-13,0;110,-9,-1;130,-20,-6
rua||alameda das palmeiras|recanto verde|36889106|1,-2112242,-4236411;18,23,10;19,-4,-6;20,-12,-5;21,-7,-3;22,-7,-6;23,2,-20;26,-24,-12;27,-11,1;35,-154,84;42,-1,9;45,-3,-21;49,3,-12;55,1,0;65,4,-18;75,6,-4;85,4,-13;95,-1,-13;105,12,8;115,-1,-6;125,8,-7;135,6,7;145,2,-22;155,3,-3;161,98,4;165,-88,-4;170,115,20;175,-40,-15;177,-54,-8;195,0,-2;205,1,8;225,19,-24;315,84,44;350,40,48;385,3,7;395,7,0;405,10,9
rua||alameda das palmeiras|recanto verde|36889108|13,-2112374,-4236469;30,-61,98;40,3,-13;50,-3,-8;60,3,-12;70,6,-9;80,1,-1;90,-3,-7;100,15,-19;110,4,4;120,1,-2;130,2,-23;140,21,-9
rua||albertino turetta|jose cirilo|36886160|1040,-2113571,-4240059
rua||alberto cerqueira|vermelho|36892500|111,-2111017,-4244803;345,-60,123;381,20,-25;440,32,-46;446,3,-29;448,5,-15;638,-2,-7;971,-1,-5
rua||alberto gouveia neto|barra|36884104|17,-2113078,-4238156;18,-13,11;41,3,9;42,7,-4;50,-6,1;53,-7,11;60,0,1;70,-12,6;91,-1,21;100,-18,8;101,6,6
rua||alberto jose ferreira|planalto|36883080|3,-2113512,-4237864;10,33,14;12,-11,-17;15,1,5;20,13,5;41,-24,-8;48,-20,-1;53,-2,-9;65,-3,-4;77,-13,-5;78,-7,5;84,7,1;91,-12,-4;93,-12,-2;96,19,-5;98,-19,5;153,-49,-13;156,4,-13;168,140,69;173,-153,-69;183,-22,-6;193,-2,-4;203,-9,-18;223,-24,15;232,181,61;243,-180,-66;250,-13,-6;272,150,62;342,-43,-21;388,-46,-25;408,-13,-2;430,-30,2;440,-6,-7
rua||alcebiades prudente da silva|cardoso de melo|36887233|2,-2112609,-4240337;3,-10,-5;15,-4,-32;20,6,28;70,-15,-46;80,-6,-6;90,16,-8;607,-4,81
rua||alcestes cerqueira de faria|chale|36889386|7,-2112287,-4234826;15,0,-4;25,-11,-14;35,-5,-7;45,-10,1;55,-4,-5;65,-8,2;75,-14,-22;85,-15,4;95,-10,-11;105,-11,4;115,-2,0;123,-10,-10;133,-6,-11;145,-10,-3;155,-17,6;185,-18,-6;195,-2,-10;205,-13,-3;215,-10,0;225,-7,-10;235,-9,-4;245,-9,-7;255,-13,-9;265,-7,11;275,-8,1;287,-18,1;297,-4,-7
rua||alcestes cerqueira de faria|chale|36891899|22,-2112342,-4234877;40,28,19;50,-10,-10;60,-13,-8;80,-13,-5;90,-11,-7;100,-5,0;110,-7,-5;120,-9,1;130,-11,2;140,-9,-13;150,-12,-4;160,-9,-4;170,-10,-5;180,-7,3;190,-7,-6;200,-8,-3;210,-8,0;220,-8,-3;230,-11,-6;240,-4,0;250,-15,-1;260,-9,-9;270,-12,1;290,-11,-3
rua||alcide de matos macedo|gavea|36889022|37,-2112516,-4236936;40,3,0
rua||alcir pires vermelho|sao francisco|36881011|13,-2113356,-4236341;30,-78,17;38,109,-6;52,-7,-8;64,33,-8;65,-11,-1;80,-200,34;82,-21,-8;84,-15,3;90,-39,9;96,-12,0;100,224,-36;102,-233,39;104,60,-12;114,172,-32;118,-32,31;122,-217,17;130,213,-18;134,-231,15;136,-7,3;165,-154,-3;172,118,-6;175,-111,-11;177,343,-4;180,-256,15;183,9,6;194,239,-18;195,-37,0;210,50,-2;218,-288,12;227,-16,-1;228,12,0;230,12,8;238,-32,-8;268,-32,2;270,8,0;271,8,-26;290,-25,27;390,165,6;420,221,-42;535,-362,33;545,-8,0
rua||aldina marques zem|gaspar|36888107|21,-2112279,-4238295;31,-2,3;145,2,-3
rua||aldo furlani|alto do castelo|36881092|15,-2114597,-4235936;21,21,-27;30,8,1;31,-16,17;80,40,-39;87,7,-8;99,9,-13;111,7,2;118,6,-19;119,9,6;123,-1,-2;125,-57,49;130,57,-54;135,6,0;140,-1,-8;147,17,-8;152,-8,-1;159,5,-9;162,4,5;171,12,-4;174,-12,-3;183,11,-9;184,-2,1;195,10,-8;196,-5,6;208,14,-10
rua||aleozina lina da silveira|santo antonio|36881113|35,-2113665,-4235823;47,1,-11;52,-5,10;66,2,8;75,7,-27;90,-10,33;91,1,-5;92,-9,12;139,-8,12;149,3,-5;159,4,11;164,-8,-2;175,-9,17;177,-11,2;179,19,-10
rua||aleozina lina da silveira|sao francisco|36881113|7,-2113638,-4235876;12,-10,11;20,-12,30;22,4,-6;57,-5,12
rua||alexandre barroca|sao francisco|36881016|5,-2113648,-4236080;13,-1,-12;18,37,-74;28,-40,70;29,6,0;33,-1,-6;40,-3,-12;49,2,-8;50,2,-10;59,4,9;60,-6,-20;70,4,5;71,5,-4;73,-5,-3;78,21,-17;93,11,34;99,-5,-25;109,2,-7;110,25,-16;115,-18,6;130,32,-5;135,-11,6;137,-10,5;145,14,-4;155,9,-9;187,22,-7;190,19,-10;191,-5,4;193,6,1;196,11,-16;200,24,1;215,-29,16;235,28,-9;250,53,-17;280,1,7;290,9,3;293,-70,8;297,17,-4;300,30,-4;303,-107,17;305,81,-16;327,21,10;330,67,-24;340,9,-6;347,-57,17;395,47,-1;405,14,-3;409,38,-20;411,6,-8
rua||alexandre de almeida barbosa|santana|36891899|9,-2113417,-4240999;10,-6,-4;18,40,29;19,-14,-17;20,-15,4;29,11,5;30,-3,3;39,14,3
rua||alfredo bicalho canedo|chacara doutor brum|36889064|35,-2112713,-4236304;155,-6,-29
rua||alfredo bicalho|centro|36880022|22,-2112932,-4236546;34,-2,-12;43,-80,0;46,69,7;60,-21,-5;74,1,6;90,-34,7;104,0,-12;105,11,-10;120,-9,9;123,-13,-13;132,-22,18;142,-13,-6;935,139,2
rua||alice maria de almeida|bom pastor|36887139|10,-2113255,-4240080;12,-12,-21;13,-1,-17;14,13,-16;20,4,-12;25,-25,56;37,5,-9;40,32,-96;44,-19,73;48,37,-112;55,-24,64;65,5,-6;74,-6,15;75,17,-23;89,-16,-8;95,7,-10;97,-4,-20;98,10,3;99,6,-15;100,18,-44;104,-26,69;105,0,-2;112,-38,99;140,55,-133;144,1,-15;225,4,0;335,-38,68;355,31,5
rua||alicio mariano da silva|sao pedro|36889150|4,-2112379,-4236241;5,6,109;11,-61,163;13,16,-11;14,-1,-18;18,-4,16;42,-6,-344;45,50,226;49,-56,-216;85,59,179;86,12,-10;160,-17,49;170,4,-17;173,0,2;180,6,-8;185,0,-5;192,-35,-162;220,32,129;227,10,-1;230,-7,-9;233,-1,-49;235,3,64;253,-11,-88;255,12,56;260,-1,-11;263,-17,-59;265,12,57;268,0,-13;270,-61,-114;280,37,53;290,-5,-9;295,-6,-10;310,20,32;362,-8,-14;376,-18,-32;377,-7,-1;386,-4,-6;400,-1,-6;405,51,87;505,-56,-88
rua||aliete maria de oliveira|marambaia|36889430|4,-2112955,-4234772;5,42,6;7,-1,0;10,-307,-192;11,331,217;20,-66,-49;21,1,-13;24,12,-12;25,5,3;27,-36,18;35,55,64;45,-17,-15;55,0,-14;60,-472,-253;65,467,245;270,-132,-105
rua||altamir ferreira santana|sao joaquim|36886100|1,-2114378,-4239688;2,3,-11;3,-3,-5;10,142,-185;11,4,19;13,-22,1;14,-11,1;17,-18,31;18,5,6;19,-14,4;20,41,-44;21,-7,35;22,-52,35;23,-5,-1;24,-8,9;25,-11,15;26,-7,4;27,2,-1;28,-13,12;29,-5,9;30,144,-170;32,-84,107;33,-79,88;34,40,-53;38,3,-12;40,109,-120;41,-68,79;42,-10,7;43,7,1;44,7,-9;45,6,2;46,3,-20;48,16,-16;49,-14,-26;50,50,-9;51,-22,23;52,9,-15;74,-16,7;95,2,16;125,-18,15;186,-46,51;196,1,11;216,-14,14;230,-38,53;236,26,-44;246,-43,18;247,-5,-18;286,11,40;306,-33,11
rua||alvarenga peixoto|inconfidencia ii|36889390|19,-2112761,-4234908;25,1,7;33,1,0;41,9,15;49,2,11;57,3,10;61,2,1;73,2,3;81,12,13;89,0,2;97,10,5;105,-1,13;113,9,-4;121,1,15;129,6,-7;137,9,4;145,5,8;153,18,-8;161,14,0;177,10,3;185,9,-6;193,12,-2;209,12,-10;217,-1,-13;225,16,6;241,4,-2;249,12,-8;257,2,-6;265,6,-5;273,4,-6;281,2,-1;289,10,1;297,7,-9;305,8,5;313,8,-5;321,3,-3;337,16,15;345,-2,3;353,12,-8;361,2,2;369,10,7;377,10,1;385,2,9;393,10,-6;401,6,2;409,3,2;417,6,5;425,8,3;433,9,-5;441,5,1;449,4,10;457,7,-7;465,-4,-11;473,7,11;481,12,12;489,4,6;497,13,0;505,0,-1;513,12,12;521,11,5;529,6,0;537,5,-6;545,8,0;553,4,-1;561,8,4;569,7,6;573,12,16;577,-7,-8;599,28,-1
rua||alvarenga peixoto|inconfidencia i|36889390|34,-2112619,-4234824;42,-133,-48;59,10,-2;110,10,31;132,36,22;136,8,-3;142,3,-5;147,-17,9;160,29,7;172,18,-1;194,3,4;204,-6,-1;268,66,-39;274,-2,3;278,0,2;280,12,-9;284,14,-4;286,-1,-10;290,13,-4
rua||alvarenga peixoto|inconfidencia|36889390|18,-2112373,-4234824
rua||alvaro de araujo|bico doce|36880163|7,-2114147,-4236870;9,18,77;19,1,-9;29,-7,-11;30,3,42;39,-6,-62;40,-5,38;49,2,-44;50,4,42;58,-5,-21;62,-2,0;64,-7,-14;67,5,-10;77,-4,-8;86,-3,12;96,4,-16;106,-5,-6;116,-15,-2;830,37,92
rua||alvino carlos de souza|sofoco|36884114|60,-2109635,-4237903;800,331,-133;930,103,20;960,32,9
rua||alvorada|gaspar|36888135|25,-2112059,-4238177;30,6,11;35,-11,-16;38,190,49;45,-75,-14;48,61,18;67,-34,-8;68,-4,-9;97,-46,-10;107,32,13;109,10,-10;117,-25,2;119,-23,0;129,46,9;149,16,4;341,-133,-32
rua||alzira lacerda|santana|36887136|8,-2113220,-4240467;10,-60,-2;21,10,-7;22,8,12;23,64,-2;25,-55,-4;26,-3,0;27,8,4;29,17,0;32,-41,16;35,123,-7;55,-95,-7;61,4,4;105,11,-13;110,27,6;115,17,-1;125,5,-9;135,26,13
rua||amancio de freitas|encoberta|36889244|23,-2112842,-4235356;48,-2,52;49,8,-27;63,-8,13;64,-40,167;83,39,-154;85,-5,9;87,-3,14;95,-9,17;99,-7,26;101,6,-18;103,-6,17;105,-11,31;107,4,-9;113,-12,40;121,3,-22;125,4,7;135,3,10;155,-16,13
rua||amancio de freitas|porto|36889244|18,-2112845,-4235354;64,1,41;78,-52,154;82,49,-140;84,1,7;86,-16,11;90,6,10;92,-29,8;94,21,10;100,-6,11;102,7,12;104,-7,16;106,-15,0;108,6,12;110,-5,19;112,-1,1;114,8,8;116,-16,12;148,29,-87
rua||amaro acelino de andrade|santo antonio|36881032|141,-2113948,-4235760;280,20,-18
rua||amaro acelino de andrade|sao francisco|36881032|2,-2113808,-4235848;5,-114,72;11,178,-119;18,-330,145;20,-50,-99;22,-9,-14;24,3,5;35,51,108;45,-7,-17;59,-21,-55;64,-18,-25;66,347,-23;70,8,-4;71,-339,69;75,324,-61;81,-318,65;84,-11,-1;95,288,-41;96,-299,-16;100,230,48;104,-195,36;105,-3,-3;110,39,57;112,-10,10;120,-18,-57;122,14,34;124,1,-4;130,26,13;134,-23,-21;150,-3,11;155,31,17;169,101,-64;182,-172,-12;265,204,3;279,-31,26;304,-187,-128;311,161,138;313,-170,-115;314,5,-11;321,159,129;337,-18,14;340,16,-13;349,-20,19;350,1,-4;360,-2,18;361,-11,-12;370,1,14;387,-15,1;395,-84,-112;435,-23,-13;480,11,25;481,69,97;510,-60,-67;600,65,69
rua||amazonas|dornelas|36884215|1,-2113547,-4238983;5,99,-20;35,28,-5;71,-32,0;72,2,-1;81,-20,3;82,10,-2;91,-13,-5;92,-7,15;101,1,-18;111,-5,15;112,-14,-13;170,-34,19;171,-2,-10;180,-9,7;185,-17,1;195,-12,6;200,10,-5;205,-13,-1;210,-4,7
rua||ambrosio pinto da silva|planalto|36883154|4,-2113916,-4237743;6,-4,4;8,0,9;10,3,16;12,4,9;14,-9,1;16,-6,11;17,0,27;20,0,-12;21,-28,106;22,17,-87;23,11,-15;24,-9,21;26,-5,6;28,5,9;30,-1,9;31,-4,5;32,-7,12;33,25,-57;34,-23,62;36,-2,9;38,-13,12;40,4,-1;42,0,11
rua||amiltom guaconi baesso|vila de pirapanema|36880001|3,-2107388,-4250143;10,49,42;13,0,-8;52,-1,-2;66,-23,17;67,0,-13;70,36,-23;100,5,-18;111,19,113;115,-35,-5;185,5,-1;596,-41,-82;615,46,85;621,6,-120;650,10,-12;651,-2,-5;653,3,-8;699,2,-5;783,0,0
rua||ana melo amaro|cardoso de melo|36887225|1,-2112791,-4240027;15,8,-23;20,5,41;27,24,-275;30,-30,248;35,7,-10;40,1,1;55,-7,2;60,5,-22;65,4,0;70,2,-8;75,-6,-28;80,10,16;85,5,-13;90,-7,6;95,3,-12;100,2,4;105,-9,-22;110,5,11;120,-3,-15;125,-4,55;130,5,-55;135,13,-2;145,10,-19;150,4,-4;155,-1,-10;160,-25,5;165,-23,-8;170,34,-11;175,-25,7;180,25,-8;185,-2,-5;190,8,-6;195,-18,-14;200,10,7;205,5,-12;210,-4,4;215,5,-11;225,-1,-5;230,-3,-6;235,-4,-13;255,8,-9;260,-1,-16;265,-3,-5;3930,3,19
rua||ana neri|inconfidencia ii|36889378|5,-2112548,-4235016;15,-10,5;35,-15,17;45,1,6;55,-4,11;65,-3,11;75,-5,4;85,-9,4
rua||ana neri|kennedy|36889378|40,-2112567,-4234997;50,-8,10;70,22,-31;80,-1,-1;90,-8,11
rua||anastacio neto|barra|36884018|15,-2112731,-4237607;22,-3,0;25,3,6;26,-23,9;31,23,0;32,-12,-3;37,12,5;45,-9,5;46,-8,0;47,0,14;49,1,-5;50,0,-16
rua||angelina duvanel trigo|franco suico|36886175|25,-2113634,-4240433;35,-13,2;45,16,-3;50,29,4;55,-29,0;56,21,0
rua||angelo muniz pereira|bom pastor|36887170|2,-2113063,-4240541;10,18,-24;15,-14,3;20,5,8;25,5,-2;30,14,-8;40,3,25;45,-2,-1;50,6,5;55,-4,-2;135,12,5;155,1,12
rua||angelo simiao|inconfidencia ii|36889400|6,-2112549,-4234563;16,7,1;25,0,-16;26,-3,27;36,-1,4;46,3,4;56,34,-52;68,7,-1;78,10,-13;88,6,-4;98,-3,-7;108,3,-10;175,8,-13;195,25,-10;201,-39,35;202,4,-4;203,0,-1;225,60,-40;235,7,-6;239,9,-7;245,5,3
rua||angelo tomazini|safira|36883036|34,-2113565,-4237350;36,1,-20;39,9,15;46,-1,-17;50,5,-6;51,57,-56;53,-13,21;55,-18,12;57,-2,3;58,-5,3;59,-33,39;60,42,-48;64,-31,33;68,16,-16;80,-6,11;95,40,-43;97,7,-6;114,-10,12;115,-62,68;116,66,-74;121,-74,76;123,3,3;144,82,-94
rua||angelo tureta|planalto|36883146|2,-2113880,-4237541;3,35,-129;12,27,-59;15,1,-21;36,-59,194;56,36,-120;66,3,-19;68,-15,47;105,-7,30
rua||angola|sao cristovao|36889313|11,-2113446,-4235725;12,33,-10;17,48,-3;322,-106,17
rua||anisio alves de souza|bom jesus da cachoeira|36892000|15,-2126068,-4240601;16,-2,14;26,4,-2;29,-2,-22;30,3,17;35,15,16;36,-13,-6;46,7,7;55,9,8;56,-2,7;66,9,-1;76,11,10;86,7,8
rua||anisio torres|bom jesus da cachoeira|36892000|3,-2125806,-4240237;9,-4,-1;19,-6,-29;20,-16,-29;23,18,45;67,-28,-51;77,8,-12;79,-18,-22;115,-6,-8
rua||anisio torres|bom jesus da cachoeira|36892100|11,-2125851,-4240314;12,40,64;44,-5,-21;50,-6,-9;62,-5,-6;82,-1,-12;104,-15,-6;112,-14,-9;115,-6,-10;130,9,-9;134,5,-8;140,-11,9;146,-14,-28;162,-6,-13;219,-6,-8;423,13,34
rua||anna josepha correa|gaspar|36888122|1,-2111985,-4238202;5,37,-142;20,-34,135;21,-6,-5;30,3,-14;40,4,-6;50,3,-9;60,-2,-11;70,5,-6;75,-2,-4
rua||antenor luis de sousa|joanopolis|36886059|7,-2114278,-4239482;12,5,1;495,-62,-68;553,34,46;591,45,39
rua||antenor mazorque sobrinho|barra|36884034|20,-2112712,-4238311;21,19,-11;30,183,289;60,-2,-47;80,6,54;90,2,22;100,-6,-36;194,20,126;270,12,120
rua||antero lopes carvalho|barra|36884124|20,-2113527,-4238658;45,369,49;55,9,-13;65,-4,-4;85,-22,-18;145,-23,-45;155,-2,-17;265,-85,4;275,-18,-16;665,-308,75;737,30,-9;745,46,-13;825,-220,89
rua||antonio afonso de souza|santo antonio|36881151|50,-2114328,-4235675;55,2,-16;65,10,7;70,3,5;75,12,8;85,12,7;90,-12,-9;95,27,19;105,13,8;110,-29,-19;125,36,31;130,-21,-17;150,16,17;200,-15,18;215,-14,4;220,-6,-11;240,-12,-12;260,-13,-10;501,-24,-64
rua||antonio afonso sobrinho|jose cirilo|36886001|1,-2113055,-4239574;2,-98,14;4,-19,-9;5,-1,-11;6,27,17;30,-16,-3;36,2,7;55,21,-8;60,-6,-41;61,-20,21;65,35,14;77,21,-17;80,-6,37;87,59,-15;88,-38,-12;95,23,7;96,23,-17;97,-5,-7;106,-45,21;107,6,-52;115,-9,29;116,7,21;132,14,1;364,-93,12
rua||antonio bertoni muratori|franco suico|36886161|35,-2114051,-4240429
rua||antonio boalento|dornelas|36884202|13,-2113167,-4239268;23,-19,-1;26,14,2;28,-3,-2;37,-28,5;38,18,-2;41,-18,-1;48,4,-3;49,-27,-1;55,-4,4;56,21,-1;65,-22,-3;70,10,-3;80,-1,10;81,6,-16;87,-15,-1;98,-8,17;99,-6,0;106,1,4;107,-19,-13;114,1,8;123,-24,-2;124,17,1;135,-7,1;136,2,-1;139,-16,-4;143,-11,5;144,17,0;145,-32,5;148,21,-6;156,-11,2;161,-11,10;166,5,-21;178,-1,15;186,-14,5;189,-4,3;198,1,-1;206,-12,2;210,-4,5;218,-9,-5;222,0,9
rua||antonio de padua monteiro de barros|centro|36880123|30,-2113539,-4236757;39,-6,3;45,-9,-16;48,8,-8;58,-7,-12;79,1,13
rua||antonio de souza|gaspar|36888133|8,-2111892,-4238179;14,-21,-11;18,11,12;20,18,-2;61,-19,-5;71,-4,-3;81,-15,5;90,33,10;120,-40,-15;121,2,-4;144,26,8;174,-21,-4
rua||antonio do nascimento|safira|36883043|30,-2113353,-4237488;32,-15,31;34,0,-12;44,-2,-9;54,26,-14;64,1,-13;84,35,-7;94,-32,-10;129,36,-35
rua||antonio expedito campos|ceramica|36883015|12,-2113197,-4237573;17,4,-15;20,-28,-7;25,20,7;27,-4,-8;35,-5,6;147,-28,3
rua||antonio ferreira medeiros|dornelas|36884171|4,-2113029,-4238663;37,9,15;39,15,11;41,-2,3;49,9,5;59,1,5;79,18,-1;81,-12,7;100,12,0
rua||antonio frederico ozanan|barra|36884101|45,-2112996,-4238128;121,-53,-42
rua||antonio laviola|barra|36884080|87,-2112860,-4237829;96,-7,3;97,1,-19;99,-9,-10;104,6,12;112,5,-7;115,-6,-8;120,7,2;122,-4,-4;123,-1,-7;132,1,-2;135,-1,-2;140,5,-4;147,-9,-3;149,5,-11;150,-3,10;151,2,-15;156,3,1;161,0,-9;168,-8,10;180,1,-11;183,6,-4;184,-6,-3;190,-11,4;194,16,-9;211,-2,-17
rua||antonio maximo ribeiro filho|chacara doutor brum|36889062|60,-2112746,-4236452;80,-7,-14;93,-25,-1;105,25,-20;115,-11,-27;125,-2,-10
rua||antonio mescolin|santa laura|36889539|75,-2113121,-4233807
rua||antonio pereira coelho|porto|36889272|9,-2112759,-4235548;17,-14,2;23,-5,-3;31,-6,2;90,30,1
rua||antonio pereira coelho|santa terezinha|36889272|4,-2112757,-4235550;14,-7,3;22,-16,11;32,-8,-6;40,-11,-1;43,9,-15;45,-2,0;46,5,1;53,-21,5;56,-1,1;61,-4,1;67,1,-1;75,-20,-10;76,12,2;83,-7,2;86,-1,0;91,-10,5;94,0,-15;99,-4,11;100,1,-7;108,-13,-8;109,1,10;114,-2,3;115,-3,-5;121,-5,-2;122,0,0;127,4,12;130,0,3;133,-11,-10;140,-12,-2;141,11,-8;146,-14,4;149,-39,81;150,30,-78;157,-3,-5;160,-3,4;170,-10,-2;174,9,3;175,-14,6;180,3,-13;183,-5,10;186,0,-7;189,-18,1;194,13,1;200,-13,0;206,-10,4;214,-4,-16;222,-9,-7;235,1,3;243,-8,3;255,-8,-3;260,-25,-9;261,-16,-7;265,29,15;272,-17,-9;273,9,16;279,-12,-21;281,1,1;303,-16,-3
rua||antonio pereira de calais|vila de belisario|36880001|1,-2092585,-4245644;3,-2,-6;23,-20,92;28,-19,20;60,83,-270;63,-67,217;75,51,-165;110,1,-22;124,-23,-8;130,17,51;140,-18,72;155,12,-29;160,-3,-5;162,-25,107;167,39,-139;172,-37,137;191,-7,11;195,-1,5;198,22,-66;210,-28,80;273,21,-80;360,-29,92;1782,24,-63;1907,3,-19;1909,7,-38;1911,42,-91;1913,0,-23;1917,-24,-31
rua||antonio pereira galvao|encoberta|36889350|4,-2112845,-4235194;5,1,3;15,-2,5;16,-2,-1;20,-7,9;23,0,2;28,-7,10;31,-138,139;32,140,-136;33,7,-6;39,-22,-2;40,8,10;43,3,4;48,-6,3;59,-1,0;61,-5,-1;63,7,11;65,-37,20;67,13,-18;77,-3,11;83,20,-38;112,-76,73;113,-44,78;121,-36,19;131,40,-32;165,-24,28;175,10,-15;185,-2,14;221,-17,2;225,-11,3;310,-18,-1;312,10,-7;319,-6,11;353,-8,-2;357,-70,-36;359,2,-2;360,59,27;364,-12,-2;365,19,11;366,-29,-9;370,-1,4;375,29,8;376,-39,-20;378,1,-4;411,-26,-3;419,-11,-3;421,-2,-7;423,-4,-12;439,-15,-1;446,5,7;447,-10,-2;462,0,-6;468,-5,-5;475,-5,0;476,-82,-105;479,80,104;480,-7,4;486,2,-1;487,-6,-8;492,0,-2;496,31,13;499,-38,-18;504,-2,-8;509,-8,-4;541,-11,-22;542,5,-2;546,-4,-18;549,-10,4;560,5,-2;564,-3,-4;572,-16,2;598,-27,-53;600,27,27;610,-5,-4;616,15,2;622,-43,-11;628,9,-9;638,-1,-16;642,-3,-4;658,-15,-21;660,-3,14;667,81,115;668,-82,-130;676,-4,-10;679,-9,12;688,4,-25;689,-1,5;707,-9,-19;717,-1,-2;723,11,-2;726,5,9;729,-6,-24;732,7,6;741,-4,-1;747,11,-12;748,-4,9;749,11,-10;762,2,-5;778,16,10;784,-6,-26;785,-26,-12;792,31,8;815,-1,-13;816,2,-9;817,4,22;826,3,-40;840,0,-11;841,-1,9;842,-6,17;848,-1,-26;853,4,-13;860,-2,-5;863,-4,-3;868,-6,-25;869,8,16;890,-5,-21;891,2,12;895,-2,-5;902,-24,-47;903,16,36;904,11,2;911,-9,-4;940,-18,-25;949,-8,-15;954,-2,4;955,-9,-8;972,53,115
rua||antonio pereira galvao|porto|36889350|90,-2112982,-4235054;96,63,-59;98,4,-1;100,-2,-11;102,-4,13;104,-3,2;106,-11,-4;108,-9,28;116,-10,6;120,-20,33;122,-6,-7;126,34,-33;130,-11,19;138,21,-33;140,-41,38;142,9,1;180,-32,32
rua||antonio ramos|aeroporto|36887048|13,-2112668,-4238780;21,2,-1;43,-13,-3;44,6,2;49,-13,2;50,0,3;55,-16,-1;58,4,3;65,-8,2;66,1,3;72,-5,0;73,0,2;74,-2,4;75,1,-4;85,-12,-2;98,-15,-9;100,15,3;142,1,0;146,-42,5;420,-8,-4
rua||antonio tavares|barra|36884120|3,-2113054,-4238521;5,-11,6;6,-11,5;7,-1,4;11,-16,8;30,29,-13;71,-17,10;80,-19,10;85,-9,-3;104,3,6;385,26,-15;530,-18,14
rua||antonio teixeira cerqueira|vermelho|36892500|75,-2110925,-4244760;148,-31,-49;708,-8,-5;883,45,53;976,-5,-3;1149,-24,-45;1170,35,53;1221,-33,-30;1314,30,42;1724,-38,-59;1736,15,13;1741,-3,-5;1756,9,13;1759,0,8;1762,3,-1;1764,1,5;1774,20,24;1778,-3,1;1783,-14,-15;1787,5,4;1789,8,12
rua||antonio teodoro ribeiro|bom jesus da cachoeira|36892000|15,-2125947,-4240414;120,35,-9;121,-13,1
rua||antonio teodoro ribeiro|bom jesus da cachoeira|36892200|14,-2125956,-4240427;60,35,8;70,-1,3;80,-11,-3;135,27,-2
rua||antonio terto de souza|sao domingos|36892200|6,-2096099,-4247422;28,-23,-9;41,26,2;49,-33,-3;57,63,14;68,-3,12;72,-37,-15;130,8,0
rua||aparecida cristina lourenco sales|joanopolis|36886066|5,-2114273,-4239578;7,-19,30;10,-20,18;14,-2,-2;15,0,0;16,11,-10;17,6,-10;18,1,-3;19,10,-9;20,6,-9;23,16,-22;24,0,8;25,13,-28;26,4,-1;27,3,-5;48,-16,21;57,15,3;68,-22,3;99,-36,53;127,4,-8
rua||aparicio vieira machado|vermelho|36892500|3,-2110858,-4244863;10,29,10;41,38,-2;121,2,-50;741,-68,28;851,19,10;852,42,-23;861,-7,8;900,-18,20;906,9,2;908,8,-26;920,8,4;1236,7,-17;1296,12,-9
rua||aquilino de oliveira e silva|vale do castelo|36881062|15,-2114212,-4236126;24,16,-2;26,-6,-3;35,12,7;45,5,2
rua||aracagy guimaraes bittencourt|planalto|36883149|4,-2113853,-4237690;6,0,-9;7,-16,26;8,3,-21;9,0,-7;10,-10,7;11,-10,-2;12,-2,-12;13,-15,10;14,13,-3;15,-16,-1;16,9,-4;17,-19,5;18,3,-7
rua||areca trianda|residencial jardim das palmeiras|36880115|44,-2113611,-4236788;60,-14,5
rua||argelia|sao cristovao|36889325|8,-2113566,-4235470;10,11,1;16,5,10;422,9,20
rua||aristoteles campos|inconfidencia ii|36889404|1,-2112488,-4234783;8,-5,17;30,37,-21;50,27,-2;57,-45,2;60,46,2;67,-19,-2;70,28,0;77,-23,-5;80,32,1;87,-32,-1;90,43,1;97,-14,-5;107,4,3;117,2,1;127,14,-4;155,-85,65;165,3,13;175,1,9;185,3,7
rua||aristoteles da silva braga|bom jesus da cachoeira|36892000|20,-2125881,-4240296;23,18,-25
rua||aristoteles rodrigues ferreira|planalto|36883136|3,-2113638,-4237795;5,-4,-8;6,-65,32;7,59,-15;9,-12,-7;10,-5,7;11,-1,-6;12,-26,13;13,11,-3;14,-5,0;15,9,13;16,2,-10;17,-20,2;18,82,1;19,-94,0;21,-6,2;23,-9,15;24,-3,-8;46,96,-25
rua||aristotenes neves|bom jesus da cachoeira|36892000|45,-2126025,-4240516;125,29,21;146,-59,-39;151,-12,3;161,-9,-7;204,-9,-50;223,75,86;240,-76,-61;271,11,-42;1520,1,59;1550,28,10;1554,6,13;6240,19,10
rua||aristotenes neves|bom jesus da cachoeira|36892200|95,-2126002,-4240497;132,37,16;139,-64,-35;150,14,18;153,-19,-22;156,-16,-8;161,5,7;170,-25,-19;180,18,6;225,-35,-20;245,5,2;252,4,3
rua||arlindo neves|bom jesus da cachoeira|36892000|40,-2125854,-4240454;97,-58,-122;113,-71,-188;114,13,26;123,13,22;134,22,51;240,-3,-11;250,44,132;251,20,68;281,1,4;308,-109,-279;309,13,8;310,1,-1;313,-16,24;316,22,-15;325,13,-2;328,9,41;338,-7,0;358,6,23;370,9,7;374,42,131;378,-46,-121;380,17,42;384,-6,-23;386,2,7;415,3,33;421,13,18;427,3,15;435,-4,-5;448,1,14;457,3,-3;478,0,8;488,8,5;493,14,17;495,2,10;505,8,9;511,0,6;521,4,15;527,-4,8;1470,-7,27;1514,-9,44;1522,5,-10;1540,11,-20;1550,-9,-23
rua||armando ambrosio rodrigues|jose cirilo|36884200|540,-2113370,-4239251
rua||armando dias dos santos|boa esperanca|36889088|8,-2112431,-4236523;50,-67,131;70,-4,-10;80,3,-14;90,16,-3;92,0,-11;100,21,-40;110,-12,36;120,-4,-11;130,11,-14;140,8,1;162,6,-25;164,19,8;166,5,-40;168,-22,28;170,3,13;186,1,-22;192,9,-11;195,-61,156;198,64,-159;252,-21,43
rua||armando dias dos santos|chacara doutor brum|36889088|15,-2112525,-4236358;25,8,-1;34,3,-5;35,18,1;37,-20,-28;85,17,-3;91,7,-20;101,-11,3
rua||armando luciano duvanel|franco suico|36886166|4,-2113530,-4240295;18,-55,7;20,-2,-2;23,-38,4;31,-16,-4;32,95,-3;44,-19,1;46,-80,3;51,14,5;54,58,-11;56,-55,9;66,13,-2;71,2,-4;76,0,-1;81,8,6;86,-1,-1;91,10,9;101,13,-9;121,15,-7;126,3,-1;131,9,-2;146,2,3;151,16,1;156,1,0;161,12,-1;166,-5,-7
rua||arthur duarte|ceramica|36883042|10,-2113283,-4237742;20,12,23;27,-5,0;31,21,10;38,-25,-8;40,14,4;43,10,6;45,1,15;55,14,8;56,-22,-21;62,3,-1;70,-12,16;80,28,18;82,-5,-8;83,3,-3;90,10,15;94,-19,-18;96,-7,44;106,24,7;110,-33,256;112,-15,7;114,-13,12;126,53,-270;130,-19,-26;132,27,32;140,-8,25;142,7,-9;172,-12,28;180,12,-4;208,-21,40;210,3,22;218,4,-39;220,-5,22;222,-1,-11;227,-12,82;228,9,-19;230,-14,-25;238,-17,37;244,23,-22;248,-2,69;250,-7,-75;258,1,87;270,-3,-54;290,6,24;300,-3,4;301,31,-240;310,-24,247;326,-6,29;384,-4,9;390,1,5;726,-5,-339
rua||arthur duarte|safira|36883042|87,-2113247,-4237665;89,7,10;127,2,34;129,-15,3;137,7,-4;147,-4,15
rua||arthur ferreira|dornelas|36884175|10,-2113065,-4238965;15,-38,-7;22,29,6;25,-14,16;50,18,-6;52,2,-13;55,-8,23;62,17,-9;65,4,-1;90,-24,5;102,105,-20;140,-31,-3;185,44,12
rua||arthur miranda|porto|36889242|3,-2112814,-4235384;10,-1,-7;16,-1,3;17,-9,6;30,-11,2;31,11,-7;38,-10,1;46,-7,1;47,-4,7;58,-11,-4;61,-4,-3;68,-6,11;69,-8,-8;76,-3,18;81,7,-26;86,-10,5;87,-3,10;90,-4,3;95,-2,-4;96,-5,-4;103,-13,2;104,4,-1;108,-8,-1;109,-4,11;123,-5,-3;126,1,-9;131,2,-3;136,-10,7;137,-5,-1;141,-17,2;144,13,7
rua||artur duarte|ceramica|36883042|139,-2113254,-4237594;177,-2,15;201,-9,23;235,-7,25;245,-3,5;255,5,16
rua||artur mar da silva|santana|36887128|1,-2113343,-4240560;4,4,-12;100,-6,30;102,-3,-16
rua||astolfo meneses|porto|36889221|14,-2112612,-4235264;42,8,-18;48,-6,23
rua||astolfo menezes|porto|36889221|10,-2112574,-4235344;11,-2,-10;21,10,-1;31,20,-24;101,14,-7
rua||astrogildo figueiredo barros|joao xxiii|36883211|9,-2115047,-4236826;10,187,-416;20,-3,1;28,-47,524;30,27,-530;35,-19,2;40,11,0;45,-24,1;50,17,1;60,-4,-2;65,-25,7;70,11,-6;75,-26,9;80,15,-11;85,-24,11;90,8,-3;95,-11,6;99,-153,75;100,166,-84;105,-15,15;110,1,-11;115,-14,2;125,-13,5;130,5,-4;135,-18,9;140,11,-8;145,-11,12;150,4,-11;155,6,8;160,-13,-4;165,-17,15;170,6,-16;175,-15,15;180,4,-7;185,-17,5;190,9,-5;195,-14,8;200,5,-11;210,-5,10;215,-14,8;230,-8,-9;250,-16,7;266,-5,4;270,-9,19;275,-1,9;280,5,-17;295,-6,22;300,-1,-5;301,-8,17;305,-2,9;310,10,-19;315,-12,26;325,-12,10;335,-4,1;336,11,-10;345,-18,25;346,13,-23;356,-4,10;395,-11,29;396,-5,10;406,-4,9;426,-3,16;433,4,42;435,-1,-30;436,5,-25;446,-4,33;456,3,8;466,-7,3;469,3,43;476,0,-31;481,7,43;486,-5,-33;491,3,-4;493,7,48;496,-12,-38;505,10,50;506,1,-34;515,2,43;516,-5,-30;525,13,46;530,-13,-35;540,1,3;551,19,60;552,-12,-41;562,1,2;565,17,48;572,-16,-42;584,8,9;592,7,7;593,13,45;617,19,25;629,3,3;646,-34,-32;664,18,22;675,39,39;686,-27,-25;687,55,31;696,-43,-34;706,11,4;712,2,5;726,12,19;733,58,51;735,-37,-49;736,-14,-11;746,1,20;756,8,3;766,10,6;776,8,14;796,1,7;806,11,-2;816,6,10;826,17,6;838,1,3;844,8,5;856,7,4;880,11,18;900,36,3;914,-16,26;930,26,12;931,5,45;940,-7,-30;941,11,17;950,6,-13;951,-7,21;970,-3,-5;982,-39,-71;1000,45,108;1020,9,-15
rua||ataulfo alves|sao pedro|36889164|6,-2112562,-4236158;26,21,-17;28,-4,-2;50,8,-28;57,5,3;60,-17,-6;65,7,-5;101,2,-32;110,14,-10;111,-3,5;115,-5,-11;120,6,10;138,-19,58;141,-8,21;402,6,-4;466,8,-5;610,7,-46
rua||augusta brigida da silva|vermelho|36892500|17,-2110740,-4244944;56,1,-2;60,-17,4;78,-10,2;96,0,-1;923,-17,5;945,27,-4
rua||augusta da silva|jose cirilo|36886023|6,-2113431,-4239950;15,-14,-67;20,-3,21;23,-10,-30;39,-3,29;40,16,15;45,1,64;50,1,-55;53,-2,62;58,14,-29;59,-15,26;67,14,-22;91,-11,-39;96,4,17;101,-2,48;138,-10,-86;161,6,112;162,-6,-10;171,6,-8;173,0,-23;175,8,2
rua||aureliano gomes|bom pastor|36887137|7,-2113277,-4240415;8,59,-9;11,-6,5;14,195,60;20,-87,-38;23,-57,-34;26,-49,18;36,-24,-4;46,-13,-1;56,33,14;96,27,-20;116,22,-12;140,26,16;160,14,12;180,23,10;214,36,18;220,0,6;238,17,1;262,4,9;274,41,-11;285,26,58;296,-28,-14
rua||aureliano gomes|santana|36887008|118,-2113156,-4240421;120,16,6;122,1,3;155,-20,-12;213,31,17;223,15,-2
rua||aureliano gomes|santana|36887137|6,-2113249,-4240423;15,31,5;16,10,-8;18,26,-9;65,-57,24;90,-46,-15;92,16,-8;106,0,-16
rua||avelina marinha pinheiro|recanto verde|36880003|185,-2111602,-4236732;195,-4,2;205,-9,11;265,-40,38;345,-39,47
rua||avelino francisco peixoto|vila leite|36888199|150,-2111607,-4238064;905,12,3
rua||avelino teodoro dos santos|vermelho|36892500|6,-2110915,-4245261;7,1,2;9,-40,3;10,2,3;11,-15,1;14,37,-18;15,2,-8;16,-1,-4;18,-19,-21;19,0,-1
rua||ayslan wilson de paiva almeida|jose cirilo|36886160|25,-2113324,-4239825;30,-6,3;53,-1,13;61,23,-20;63,-12,11;69,24,-26;70,-8,-4;73,3,10;75,7,-14;81,7,1;91,0,1;97,-48,42;180,23,-26;181,3,1;190,-8,5
rua||a|joao xxiii|36883209|23,-2115144,-4236875;24,6,1;29,4,-5;646,4,2
rua||bandeira|sao pedro|36889172|5,-2112597,-4236139;15,-8,-2;35,-18,-9;40,3,-1;44,-7,-4;45,1,8;55,-11,-1;59,-12,-4;60,4,1;61,-7,-1;72,-1,-10
rua||barbara de andrade|aeroporto|36887004|120,-2112526,-4239153;130,9,11;332,14,19;344,8,9
rua||barbara de andrade|patrimonio sao jose|36887004|10,-2112477,-4239052;35,-12,-34;235,-13,37;1340,-9,-49;1350,-5,-33
rua||baronia augusta|vale verde|36889468|2,-2112998,-4234352;11,-2,7;12,-9,-4;21,-1,7;22,-3,-4;31,-12,5;32,6,-5;41,-6,13;42,-1,-5;51,-14,12;52,4,-13;61,-5,13;62,-2,-7;71,-9,14;72,-1,-7;81,-5,6;82,-3,-2;91,-7,2;92,-4,3;101,-2,7;102,-7,-10;111,-1,11;121,-3,-5
rua||bauxita|sao joaquim|36886053|1,-2114118,-4239728;7,20,-32;9,-15,15;10,-4,5;11,-16,4;12,18,2;22,12,-11;32,8,4;37,-6,-15
rua||belem|marambaia|36889434|1,-2113164,-4234804;50,143,108;70,-19,-15;80,-14,-5;90,4,-1;110,-18,-19;120,-15,8;160,-77,-73;170,4,5;190,15,7;200,8,7;210,12,6;220,-5,9;222,-19,-26;230,30,29;240,5,0;250,16,10;260,7,9;270,37,28
rua||belem|padre tiago|36889434|25,-2113018,-4234683;35,-2,-4;45,-2,-11;55,-11,-4;65,8,-10;69,22,35;75,-49,-37;85,-2,-16;95,-5,2;105,-13,7;125,-41,-45;135,29,22;145,-13,-4;155,-7,-6;165,-3,-12;175,-9,-6;185,-4,-7;195,-12,-6
rua||belisario|barra|36884028|2,-2112585,-4237662;26,-192,-91;29,-19,-6;33,24,8;45,0,6;51,12,-16;60,-2,18;63,10,-22;72,0,16;74,14,4;75,-50,15;85,47,-6;94,11,8;95,-1,-2;102,11,-2;103,-25,-10;117,33,10;118,-7,17;127,7,-14;132,20,8;141,-4,-7;148,9,12;149,-11,-18;157,12,17;160,13,22;163,-2,-15;174,4,27;180,11,-22;183,-9,-4;190,11,18;197,16,-9;198,-7,0;200,6,-2;205,3,4;207,7,-3;210,-15,16;220,28,-19;221,-11,11;232,11,12;233,3,-26;243,6,13;244,8,3;252,7,5;257,-8,-9;262,10,15;274,9,6;280,11,12;281,-8,-12;293,8,1;294,5,5;304,10,6;307,-12,-7;420,-230,-102
rua||benedito chaves da cunha|cardoso de melo|36887245|6,-2112474,-4240596;15,30,43;16,-21,-37;20,32,17;21,-5,-9;25,-8,7;26,-4,-4;35,16,0;45,11,8;55,14,22;60,-5,-16;65,12,5;70,-4,-3;75,8,2;80,-4,4;85,14,2;95,8,0;100,-32,-7;105,48,17;115,5,2;125,1,5;135,15,-1
rua||benedito valadares|barra|36884084|6,-2112953,-4237474;8,-5,-9;24,-90,-299;31,82,280;32,0,15;46,5,-13;51,-28,-9;62,-10,-15;70,6,9;77,10,-14;87,-10,-3;88,-2,1;91,-14,-10;106,6,-3;115,-2,-17;120,-6,4;125,6,-18;131,5,-7;143,-14,-7;155,-15,-2;158,17,-9;159,-26,-4;186,9,39;193,-20,-56;208,13,-8;212,-10,9;217,-2,-14;218,5,-6;224,-13,-9;225,-14,-1;242,61,-8;251,-37,-17;252,4,-7;257,8,-17;260,-4,16;272,1,-20;296,-1,-10;297,13,-26;306,-11,14;317,-7,9;332,25,-40;344,9,-3;348,-4,-6;353,-11,-14;360,14,6;366,11,-2;369,-31,-29;374,48,43;383,-15,-43;385,8,8;386,-10,3;398,-7,-20;406,9,1;409,13,-10;410,-4,4;413,2,-26;416,-4,22;418,3,-8;423,-4,0;436,3,-7;441,2,-10;444,8,-2;454,-1,-7;455,-3,-3;456,-6,-15;458,4,-1;467,0,-7;468,-1,-2;473,-161,-16;481,172,4;483,3,11;491,1,-52;508,3,31;512,1,-11;513,18,-8;522,-17,0;525,17,-31;526,-18,30;538,9,-13;547,2,-17;554,-7,12;557,18,-14;558,-7,-7
rua||benedito videira|aeroporto|36887057|17,-2112780,-4238772;19,-10,-12;22,16,-14;40,-5,43;41,-2,12;42,2,-31;43,-7,49;50,8,-22;55,-5,7;60,5,6;75,-5,-3;80,2,12;98,2,-3;100,50,-38;110,-52,33;117,-3,-37;120,2,49
rua||benito dalla paula|sao joaquim|36886114|12,-2113870,-4239941;21,10,-31;22,15,-1;32,-27,-24;44,-36,-88;54,26,78;64,-14,-12;74,-7,38;84,-12,-2;94,-19,-9;104,-1,4;114,-3,-34;124,-5,23;130,-5,-20;144,-15,21;310,-28,-22
rua||benito dalla paula|sao joaquim|36886118|23,-2113868,-4239972;43,-7,-17;55,-20,3;73,-9,-11;81,-2,1;87,-8,-8;97,-16,5;107,-15,-5;127,-3,0;137,0,-8;151,-23,-6;176,-14,14;177,3,-8
rua||benjamim soares de azevedo|chacara doutor brum|36889052|82,-2112703,-4236694;85,-3,9;105,31,3;121,12,8;183,50,22;401,159,79
rua||berto jose vilela|residencial vermelho ii|36880001|14,-2111344,-4244896;15,13,-7;18,-11,13;19,11,-7;24,-5,11;25,9,-5;28,-5,7;29,8,-3;34,-8,6;35,12,0;38,-6,2;39,11,-4;44,-10,8;45,15,-8;48,-8,7;49,11,2;54,-9,1;55,11,2;58,-7,3;59,8,0;64,-5,5;65,13,-4;68,-10,11;69,13,-8;74,-9,14;75,12,-12;78,-10,10;79,10,-4;84,-7,10;85,10,-7;88,-6,10;89,13,-5;96,-5,4;97,9,-8;100,-9,16;101,9,-6;106,-6,6;107,12,-2;110,-8,6;111,11,-9;116,-6,15;117,9,-12;120,-6,12;121,10,-7;126,-11,12;127,12,-11;130,-4,12;131,9,-4;136,-7,4;137,11,-5;140,-9,13;141,12,-9;146,-3,8;147,8,-8;150,-6,17;151,5,-11;156,-2,11;157,11,-13;160,-9,15;161,15,2;166,-10,6;167,6,-12;170,-5,14;171,12,-8;176,-9,13;177,13,-13;180,-7,14;181,11,-12;186,-7,11;187,7,-4;190,-7,8;191,12,-3;195,2,-2;196,-11,3;200,3,12;201,15,-10;206,-6,11;209,8,-8;210,-7,4;213,11,0;216,-7,-1;219,12,6;220,-9,10;223,15,-12;226,-9,12;229,9,-5;230,-6,8;233,9,-6;236,-8,8;239,11,-6;240,-9,12;243,7,-8;246,-2,12;250,3,2
rua||betania|marambaia|36889444|49,-2113112,-4234594;59,-2,-8;69,-20,-2;79,3,-4;89,-4,-6;99,-9,-11;100,-12,-11;119,9,-9;129,-17,1;139,-18,-11;149,0,0;159,-3,-5;169,-10,-8;179,-13,-2;189,57,58
rua||betania|padre tiago|36889444|5,-2113196,-4234670;40,108,58;50,-15,11;60,-17,-8;70,-2,-7;80,-11,-1;90,-1,-2;100,-12,-7;110,-9,-10;120,6,-5;130,-16,-9;140,-9,4;150,-13,-20;151,121,54;160,-120,-55
rua||bicas|santa terezinha|36889250|10,-2113044,-4235065;12,-5,-3;17,-76,-158;21,69,152;22,0,-5;28,-26,-33;34,19,25;41,-22,-20;45,19,20;50,2,-1;58,-70,-240;67,2,0;68,0,11;70,56,217;71,9,9;82,-62,-217;85,73,223;86,-72,-263;87,-6,24;88,-23,-127;101,98,314;102,-59,-110;105,-14,-58;118,1,0;122,2,10;123,2,-5;132,-29,-180;148,29,198;156,-29,-200;160,30,224;165,2,0;168,-38,-219;170,10,65;180,22,83;185,4,69;187,1,41;189,-2,-51;210,52,173;240,-7,-2;276,-38,-134;300,16,83;320,-21,-112;322,0,-8;326,31,133;349,-29,-135;359,33,154;360,-4,-5;374,-13,-12;384,-16,-101;400,59,147;410,-25,-25;468,48,54;502,-75,-145;504,1,-4;506,-1,-1;508,2,3;512,-5,10;515,9,-3;516,0,4;520,13,12;521,-10,-6;539,-7,-8;564,9,22;575,0,1;586,4,10;590,3,13;610,5,36;626,-5,-12;628,-3,-27;630,6,9;638,-10,-27;818,64,113
rua||boa esperanca|dornelas|36884182|1,-2113118,-4239215;22,-7,7;26,4,-3;28,-3,-4;37,17,11;40,-15,-18;46,9,-5;49,-8,-4;59,11,-16;60,-2,2;64,-9,-4;69,13,-5;78,1,3;79,-11,-16;80,8,-1;82,2,-1;83,8,-3;87,2,-5;88,-12,-1;100,5,-1;102,4,-13;104,3,-22;105,15,40;106,-17,-56;109,10,34;110,-17,-6;113,9,-1;116,-16,-7;118,19,11;120,2,-47;121,4,43;131,-4,-21;135,-2,-6;137,-7,14;139,14,-14;149,2,-1;155,-7,-6;157,-2,-9;189,20,-11
rua||bouganville|recanto verde|36889102|10,-2112090,-4236481;16,-2,-5;20,15,16
rua||braulio vieira machado|vermelho|36892500|5,-2110983,-4245042;77,5,11;82,7,8;83,-12,-10;84,-6,-12;91,54,80;100,-16,-15;110,2,-9;120,-13,-8;130,28,32;160,-40,-60;210,4,14;240,-12,-26;349,42,61;551,-55,-92;878,107,177;1475,-11,-11;1477,-3,-11;1478,2,-6;1479,-11,5;1495,-7,-14;1498,10,-9;1525,-10,3;1526,3,-9;1527,-13,-9;1602,8,12;1604,-3,-9;1605,-7,-11;1608,-17,-21;7770,-41,-79
rua||braz dutra|sao pedro|36889170|38,-2112707,-4236175;65,8,-8;85,3,-19;95,3,-8
rua||bruno nani|vale do castelo|36881060|11,-2114170,-4236183;26,-6,2;39,15,18;40,-7,-4;51,11,7;54,-7,1;71,13,8;74,0,10
rua||butia da serra|jardim das palmeiras|36880118|30,-2113587,-4236767
rua||butia da serra|residencial jardim das palmeiras|36880118|1,-2113571,-4236734
rua||calipes trotta|franco suico|36886161|26,-2113848,-4240473;39,-17,-25;4420,14,18
rua||camelias|recanto verde|36889090|123,-2112244,-4236509;145,26,10;155,2,7
rua||camilo martins da silva|planalto|36883131|10,-2113658,-4237656;15,105,-38;18,19,-13;22,-162,79;24,-36,14;30,187,-95;33,-205,109;41,38,-11;45,160,-87;46,3,-7;58,-204,110;60,134,-67;67,48,-23;70,15,-10;87,-142,64;92,103,-47;99,-13,-2;100,2,12;101,28,-8;102,-4,-1;127,-33,7;129,-72,38;135,55,-31;136,-5,3;143,-11,27;151,5,-17;168,-14,-6;179,-5,20;183,53,-39;203,27,-2;204,-106,42;220,-17,16;221,-3,2;222,8,-2;244,-12,-3;250,-21,7;268,-6,6;280,-8,-2;300,-37,3;325,110,-33
rua||canaa|padre tiago|36889438|17,-2113114,-4234716;18,-3,2;27,-4,-4;28,2,1;37,-13,-7;38,7,-2;47,-14,-1;48,7,-4;57,-21,-6;58,12,2;67,-24,-9;68,17,2
rua||candida guedes pereira|sao pedro|36889158|5,-2112409,-4236153;7,-256,-117;12,255,117;13,1,30;18,-6,-39;21,8,-1;22,-3,4;23,-20,-91;26,21,85;27,-9,28;31,10,-45;33,7,78;35,-9,-68;44,-1,-22;55,-25,91;58,30,-105;65,-128,-60;69,119,25;75,-101,-24;77,-91,-8;79,207,47;82,-215,-52;83,160,13;85,22,6;86,-40,5;88,74,48;89,-7,27;96,-18,-53;101,-14,-22;103,-195,-27;104,112,17;106,87,17;109,-249,-5;110,155,-3;111,75,-4;113,-52,-3;115,-161,-8;116,234,23;117,-213,-30;121,196,15;131,-10,0;133,-211,-11;142,73,-1;144,144,8;151,-40,-4;153,8,4;156,-75,1;158,11,-3;160,93,6;164,-8,0;174,-18,-7;184,-12,-5;189,-11,4;194,3,-4;197,-103,9;198,-18,-12;214,95,6;217,-102,-2;227,-13,-3;234,97,0;300,-57,0;325,15,5;328,1,-5;330,-23,-2;517,62,11
rua||candido da silva pecanha|recanto verde|36880003|70,-2111698,-4236757
rua||candido portinari|sao joaquim|36886112|1,-2114024,-4239835;14,-22,-72;15,5,22;234,-7,-36
rua||cantuaria ferreira costa|barra|36884086|7,-2113049,-4237886;17,6,-2;22,-4,4;23,-4,-5;30,3,-6;31,-7,7;36,-3,-4;41,-16,-2;42,12,4;46,-4,-5;50,0,-5;58,-10,4;64,-6,-12;70,-7,-2;86,8,9
rua||carangola|santa terezinha|36889281|31,-2112947,-4235527;34,-11,-3;38,3,11;44,-22,-4;45,28,-1;52,-29,2;55,18,1;69,-31,19;71,-3,-18;78,3,12;83,-12,-20;85,7,14;86,-9,-8;95,-7,18;98,8,-3;100,13,-3;102,-35,11;107,11,-6;117,-11,3;121,-19,0;126,2,2;127,14,4;131,-24,0;138,6,-7;139,-2,4;140,-11,5;141,-7,-16;154,2,12;155,-5,-2;156,8,5;164,-23,2;207,143,-68;228,4,5;437,-4,16;993,-30,30
rua||carlos alberto de andrade martins|planalto|36883095|14,-2113606,-4237834;15,32,13;24,-20,-15;34,13,19;44,5,0;45,22,13;74,-3,13
rua||carlos dias goes|sao cristovao|36889304|34,-2113495,-4235625;65,-9,-115;80,8,142;85,-7,-36;86,2,2;93,1,-15;95,-5,-145;110,-28,179;115,30,-48;161,-4,-133;175,-2,13;178,-2,-3;185,3,15;201,-1,-13;205,4,25;210,-2,-3;221,-1,25;244,3,-25;255,4,57;257,-3,-123;258,2,78;260,-6,16;266,1,10;268,-9,16;270,11,11;272,1,2;274,5,18;278,4,10;280,1,21;293,-1,-12;297,-9,-16;321,3,27;323,-4,-76;347,0,8;365,2,-46
rua||carlos gomes|dornelas|36884207|5,-2113356,-4239162;6,3,26;13,2,20;29,5,-13;104,-14,-14;227,-10,-19;830,13,31
rua||carlos ivan rodrigues da silva|inconfidencia i|36889414|2,-2112803,-4234940;40,26,-24;41,-1,4;42,-22,19;44,0,-1;45,-3,1;50,-27,39;61,38,-51;390,15,-14
rua||carlos leandro pereira|vale verde|36889477|10,-2112927,-4234193;20,-6,3;30,-6,10;40,-6,5;50,-11,9;60,-7,-2
rua||carlos muniz da silva|vila de belisario|36880001|20,-2092581,-4245750;25,-9,-14;40,-30,0;46,4,-5;50,-7,-2;173,-7,1
rua||cataguases|santa terezinha|36889293|10,-2113085,-4235602;19,-1,9;21,10,4;22,-8,13;29,5,-25;37,-12,26;42,4,-15;49,-10,21;60,7,-1;62,-3,7;64,-7,10;65,1,0;66,0,-5;67,-9,30;74,0,-21;80,-5,20;85,22,12;93,1,7;94,-13,-8;101,-11,3;102,4,1
rua||cavalhier|aeroporto|36887058|12,-2112710,-4238546;13,4,-7;17,-1,0;22,-6,-9;26,5,5;45,-20,-18;46,6,9;55,-6,-7;56,12,25;66,-15,-29;70,-10,-9;72,-8,-3;73,21,-2;85,-33,11;90,3,-14;92,-11,-10;93,3,10;107,-25,-20;110,15,5;120,3,-13;121,-23,21;125,27,-29;126,-12,7;130,-97,-583;131,103,567;137,-5,-1;138,2,3;143,3,10;144,3,-9;150,-14,-2;154,-7,-7;155,15,-8;157,-7,3;168,-1,-7;169,-4,0;174,-9,-2;175,85,86;180,-81,-87;190,-12,-15;199,5,0;216,9,87;224,-19,-111;226,6,16;236,-17,-32;241,9,1;248,3,-6;251,-2,-2;256,-7,-10;259,8,7;264,-5,-18;265,-9,9;273,7,-4;276,0,-16;286,-10,-12;288,7,1;295,9,2;311,6,-6;321,-10,-5;326,4,-10;327,-7,-5;331,17,10;367,-6,-2;373,5,-2;381,20,-11;383,-9,-25;395,-2,-17;405,-1,5;433,-5,-24;441,1,0;451,-3,-25;462,-5,-2;471,-34,-2;477,27,-3;485,-20,-12;491,3,-20;497,1,9;505,-1,-4;515,-44,-131;525,49,115;543,-18,-29;555,6,-5;561,-6,-6;571,-1,-22;581,-10,3;590,-20,-44;591,31,45;600,-27,-47;603,36,26;609,-12,-10;610,-23,-17;617,3,8;620,-16,-198;625,4,199;635,10,-20;639,2,6;641,-7,-15;653,-2,1;655,7,-5;667,17,70;670,-10,-88;676,-2,-16;680,-12,-12;688,5,-14;690,-2,-25;692,1,-11;870,-7,-40;880,-3,-30;884,11,21;888,-5,-34;890,10,-27
rua||cavalhier|napoleao|36887058|609,-2112869,-4239021
rua||cecilia meireles|colety|36880200|6,-2114247,-4237015;285,263,-107;301,-14,-16;307,-2,10;317,-366,183;321,367,-177;329,-13,-2;333,-3,12;345,-55,-9;379,7,25;391,-1,4;405,-15,4;411,-26,9;415,5,-2;419,6,10;449,-16,2;457,-76,42;461,-77,17;469,103,-37;475,-121,47;477,148,-48;480,-189,68;505,184,-68;506,-9,1;507,-11,-6;517,0,17;523,-212,98;525,-7,13;527,197,-102;535,-245,135;555,227,-131;573,-6,-4;617,-41,18;661,-41,-2;676,-11,20;687,-21,10;717,-8,9;727,-17,11;745,-5,7;757,-6,9;805,-33,28;825,-16,2;843,-21,33
rua||cecilia meireles|sao gotardo|36880200|11,-2113733,-4237152;45,-41,30;85,-30,-3;170,34,-9;180,-16,8;210,-8,0;220,-11,9;240,-7,-5;250,-6,4;256,-49,1;284,25,39;325,-47,-48;342,-12,2
rua||celino evaristo de andrade|alterosa|36880207|1,-2114214,-4236636;5,-180,7;15,168,2;21,-195,-56;31,192,45;61,-180,-7;81,123,21;84,-122,-36;87,140,37;95,-17,13;97,34,-15;117,-173,-45;121,-13,-40;158,3,-18;166,-110,37;178,119,-13;218,15,34;238,-12,24;248,11,12;270,26,12;310,11,7;330,22,-15;340,20,15;370,18,-34
rua||celino evaristo de andrade|sao gotardo|36880207|5,-2114435,-4236715;6,2,10;7,152,59;11,86,6;36,-255,-130;40,3,-34;41,1,14;46,227,161;70,-65,1;125,26,-4;185,-151,-12;187,-6,-8;195,-13,-30;205,-7,2;215,16,16;225,2,-6;230,154,48;231,-160,-62;245,5,20;255,2,12;265,8,19;305,38,13;335,19,11;355,22,-13;375,31,0;385,4,-5;397,-47,10;425,102,-4;435,-7,-15;475,41,1;485,10,-7;527,-244,-184;539,1,-3
rua||chico felipe|safira|36883049|33,-2113306,-4237672;55,-3,5;65,29,2;77,-7,-3
rua||chuva de prata|recanto verde|36889110|1,-2112434,-4236339;4,28,-8;7,7,-43;11,37,-45;12,2,-9;19,-21,26;20,-28,50;25,7,0;26,-43,-33;27,22,37;30,24,-8;33,13,-28;40,-11,16;50,7,-4;55,-6,-12;75,13,-13;90,5,-3;95,9,-9;105,-5,-4;115,10,-6;125,2,-15;225,29,-38
rua||cinira freitas|vermelho|36892500|26,-2110772,-4244968;55,16,0;369,12,-9;370,-1,-9;944,-11,6
rua||claudina de carvalho melo|cardoso de melo|36887213|10,-2112810,-4240116;29,-14,134;30,20,-5;110,-23,-84;130,10,-20;140,-6,-8;170,18,-33;180,-5,-5;190,22,-65;200,-17,45;220,-8,-18;230,8,-5;240,-5,-13;250,0,-7;260,-7,-14;270,18,-2;282,13,-25;290,-8,-20;300,14,1;320,11,-20
rua||claudio manoel da costa|inconfidencia ii|36889408|1,-2112660,-4234702
rua||claudio manoel da costa|inconfidencia i|36889408|40,-2112772,-4234913;41,-13,13;50,13,-22;51,4,-2;76,-20,33;240,32,-40;263,151,185;271,0,-4;279,2,3;287,10,-9;297,11,-6;309,10,-7;319,4,-6;327,-2,-9;335,14,8;343,9,-6;351,-3,-4;359,16,-6;375,7,-8;383,0,-1;391,10,-13;399,1,-7;407,10,9;415,12,-6;423,2,-4;439,19,-18;455,-6,4
rua||claudio manoel da costa|inconfidencia i|36889412|1,-2112766,-4234922
rua||cleide pereira cardozo|porto belo|36889203|15,-2112324,-4235294;26,22,-15;27,-13,7;36,18,-13;47,33,87;56,-4,-135;66,-4,18;76,2,-3;87,-10,0;96,20,-16;106,20,7;107,-27,11;121,14,-28;133,4,-1;146,11,-17;156,42,-52;157,-50,53;166,18,-25;176,11,1;181,-9,3;186,10,-14;191,-2,-2;196,-3,0;206,-25,43
rua||clovis ribeiro lopes|santana|36891899|120,-2113545,-4240844;130,8,-10;197,17,-40;281,56,-63;293,2,-9;317,20,-20;329,7,-16;341,0,-4;365,16,-18;420,28,-55;440,3,-11;460,2,-22
rua||coimbra|santa terezinha|36889278|18,-2112894,-4235542;21,-2,0;24,3,7;38,-7,14;52,10,15;57,-16,1;60,-9,-5;65,9,10;67,-4,0;68,-2,2;73,-7,4;75,-6,4;78,7,10;87,-16,-7;92,12,4;100,-15,4;122,12,-58;141,36,-36
rua||comendador freitas|centro|36880061|22,-2113302,-4236112;30,-31,14;50,36,16;62,10,-2;70,17,21;98,-18,17;132,52,48;142,-15,-13;156,8,20;162,15,10;168,-2,-4;176,-1,8;182,5,17;196,0,10
rua||conceicao pires|vila de belisario|36880001|15,-2092565,-4245630;20,13,17;30,40,-12;40,-26,5;45,21,4;60,-11,2;70,5,13;80,16,-11;85,-4,-2;98,25,4
rua||congo|sao cristovao|36889327|1,-2113513,-4235470;7,-38,-62;10,47,73;15,-14,-36;18,-8,16;20,-4,-4;39,-14,-13;41,28,11;45,-26,-17;75,-3,-11
rua||cornelio henriques de almeida|jose cirilo|36886002|30,-2113155,-4239452;40,25,-9;45,10,4;55,9,-15;60,3,-7;70,-9,2;80,25,-5;85,1,-1;90,-3,-2;97,34,34;100,-26,-49;103,48,-26;218,-106,91
rua||cristovao colombo de paula|gavea|36889020|30,-2112594,-4236951;40,18,-3;56,2,-1;76,10,5;125,63,-46;135,8,1
rua||crizontel manoel da silva|vila de pirapanema|36880001|10,-2107298,-4250324;20,11,-3;40,21,16;90,-9,6
rua||custodio dornelas sodre|santo antonio|36881114|9,-2113695,-4235908;10,-3,4;19,16,-2;35,6,11;109,-22,-10;137,59,23;145,-34,-28;155,12,22;175,10,-2;230,-4,4
rua||cylio rodrigues da silva|recanto verde|36880003|257,-2111698,-4236619
rua||da bomba|encoberta|36889350|14,-2113223,-4235070;16,15,-32;17,-8,20
rua||da cachoeira|encoberta|36889356|2,-2112834,-4235180;5,0,-5;7,3,16;8,2,1;9,-5,3;11,-9,7;12,-4,11;14,0,0;17,0,4;18,-6,5;20,-7,11;21,-4,-3;22,3,-6;23,-9,10;24,-5,21;26,-6,-3;28,-1,-3;31,-3,3;32,2,3;36,-14,12;41,8,1;42,-5,26;46,-25,-10;51,18,-18;52,-9,18;67,23,-23
rua||da ceramica|ceramica|36883009|2,-2113270,-4237753;4,5,-6;6,-3,-6;20,15,17;29,53,32;30,-39,-25;31,41,26;32,-1,8;34,12,86;36,15,-19;38,-62,-89;40,39,17;42,-15,-14;46,13,54;48,-5,-19;50,20,120;52,2,-121;54,1,84;55,-15,-60;60,8,12;66,3,6;70,5,5;76,-9,6;92,-35,-71;93,2,1;100,41,73;102,-14,-70;109,-6,11;110,36,249;111,-12,-34;119,-4,-191;120,14,213;122,-22,-229;129,-1,5;149,10,22;159,-9,6;190,12,71;195,22,-29;196,-26,-11;200,14,54;203,-2,64;210,-3,-58;215,-4,2;221,-4,-27;226,18,96;229,-15,-93;230,5,99;235,-8,-94;245,3,20;250,10,15;264,1,8;273,-14,-6;275,3,1;330,16,61;370,-12,-25;372,-1,3;393,11,188;415,-2,-97;425,1,15;431,0,12;445,-1,21;455,0,7;468,-21,-326;527,25,377;531,-5,21
rua||da educacao|sao joaquim|36886096|21,-2114221,-4240039;31,16,4;41,4,-2;50,8,3;51,1,-6;60,5,1;61,8,-4;70,9,-1;71,-4,4;80,7,-3;81,3,-3;90,5,1;91,6,-6;100,2,3;101,3,-10;110,8,7;120,8,-6
rua||da fazenda|sao joaquim|36886096|121,-2114242,-4240072;131,0,0;141,15,-12;151,10,-6;161,1,-1;171,10,-2;181,13,-6;191,7,-5;201,4,-1;211,12,-10;221,2,-3
rua||da fazenda|sao joaquim|36886097|12,-2114338,-4240003;22,9,-7;32,7,-7;42,7,-3;52,11,-7;62,3,0;72,7,-9;82,6,-8;92,9,-5;102,9,-10;112,5,-6;122,7,-9;132,10,-3;142,6,-5;152,10,-5;162,4,-2;172,10,-8;182,6,-3;192,10,-8;202,7,-4;212,3,1
rua||da fazenda|sao joaquim|36886098|11,-2114329,-4240000;21,9,-4;31,9,-7;41,7,-9;51,5,-5;71,11,-11;81,12,-8;91,3,-6
rua||da fe|santo antonio|36881146|12,-2113993,-4235567;14,-14,-22;20,43,30;22,63,-55;31,2,28;91,-50,20;100,-30,-3;105,18,0;115,-10,7;136,27,2;858,-7,-4;900,50,-47
rua||da fraternidade|sao joaquim|36886111|5,-2113958,-4239902;14,-10,-10;15,-2,15;18,-103,-65;19,-9,-1;24,101,42;25,6,14;34,-19,-14;35,10,6;44,-13,-10;45,7,11;54,-21,-8;64,-1,-7;74,-15,-6;84,-3,-1;114,-20,-12;124,-8,-4;125,-6,-2;134,2,-5
rua||da independencia|centro|36881126|16,-2113352,-4236014;26,-10,0;48,-16,-6;58,0,-6;68,-8,-2;72,-8,12;88,-11,2;92,-4,-16;104,-11,-2;108,-5,7;116,-4,-10;126,-16,5;138,-5,-2;158,-20,4;162,7,0;172,-12,5;182,-7,9;198,-10,7;200,-6,6;206,-2,0;222,-10,8;224,-11,11;236,0,0;240,-9,9;252,-4,5;258,-5,8;264,-4,-1;270,-5,9;272,-5,-3;300,-4,4;408,-47,109;414,-2,13;426,1,10;432,-1,11;440,-2,6
rua||da ligacao|marambaia|36889420|8,-2113100,-4234717
rua||da ligacao|padre tiago|36889420|6,-2113105,-4234697
rua||da ligacao|padre tiago|36889436|1,-2113089,-4234722;5,-6,18;7,-12,12
rua||da matriz|vila de boa familia|36880001|1,-2120706,-4250840;5,-1,-41;109,-44,73;137,44,64;139,17,-48;141,4,21;188,-40,-29;230,-28,-25;238,70,28
rua||da matriz|vila de itamuri|36880001|254,-2099271,-4237167;258,7,-8;270,6,-12;272,6,-10
rua||da mina|vermelho|36892500|8,-2110989,-4244867;21,11,4;31,6,-10;38,-11,6;67,-8,-3;115,15,3;968,-10,-1
rua||daniel da silva portes|santo antonio|36881029|30,-2113765,-4235853;32,7,-11;46,-8,18;55,15,-37;61,3,6;80,-7,5;81,-2,5;83,-1,12;85,-10,-3;87,-5,6
rua||danilo amaro|centro|36892100|101,-2120603,-4250885;235,39,1;243,19,5;245,-15,-2;250,40,-3;252,26,10;256,-20,-5;259,14,-3;267,55,-2;271,-1,-15
rua||danilo amaro|vila de boa familia|36880001|100,-2120582,-4250870;209,103,-1;219,3,4;226,0,0;236,-97,-3;244,20,-7;248,14,5;260,54,2
rua||danilo dutra de souza|dornelas|36884223|25,-2113415,-4238840;26,-4,4;34,-8,-10;35,1,-8;40,-1,0;47,15,12;50,-20,-15
rua||das arvores|sao joaquim|36886103|1,-2114211,-4239776;3,-48,31;5,33,-25;6,41,-52;7,7,7;8,5,-3;10,-15,13;11,-21,34;12,-5,3;13,-2,4;14,22,-33;16,-134,86;17,33,-14;18,-45,14;20,135,-74;22,44,-54;23,-115,115;24,23,-20;25,14,-11;30,48,-41;32,-126,89;33,17,-8;37,-24,7;38,-13,-3;40,153,-90;42,-169,99;130,111,-52;165,10,0;166,-71,39;175,79,-23;231,-93,40;605,137,-107
rua||das avencas|recanto verde|36889096|9,-2112205,-4236484;10,22,0;15,-5,14;21,7,-3;31,6,-14;40,10,-12;41,-1,7;51,7,-4;61,7,-7;70,10,-14;71,-3,6;81,7,-1;90,16,-16;100,10,-6;111,-11,8;121,23,-4;131,3,-3;141,9,-6;151,11,-3;161,8,-6;175,15,2;185,8,1;200,10,-23;210,-3,-4;225,14,-27;235,-5,0;270,11,-29;460,-19,49;470,9,-13;480,2,-11;490,3,-6;500,-6,-8
rua||das carmelias|recanto verde|36889090|7,-2112177,-4236459;190,-11,-3;245,33,25;255,14,12;265,4,2;275,10,7
rua||das flores|centro|36892100|5,-2120631,-4250927;6,-12,-18;20,21,34;31,-353,-283;40,163,128;50,58,46;70,-168,-132;80,-6,4;85,152,120;103,107,67;120,-281,-213;170,167,145;188,-228,-217;189,5,10;190,8,23;191,-9,-2;192,20,2;194,50,39;201,38,42;256,98,101;306,-33,-34;313,-10,-7;346,-9,-14;358,-9,-12;376,-5,-16;386,-12,-3;393,-11,-11;424,-18,1;436,-8,-23;470,-25,-23;475,-39,-21;477,-4,-15;495,52,50;530,-45,-57;532,11,34;540,-11,-17;546,-1,1
rua||das flores|vila de boa familia|36880001|10,-2120724,-4251000;14,-53,-17;16,-14,-14;101,100,89;105,23,-5;108,-142,-89;111,136,87;131,-31,11;175,-73,-101;199,4,20
rua||das flores|vila de itamuri|36880001|53,-2099220,-4236998;63,14,22;70,14,2;85,-6,22;135,9,-10;180,41,65;207,-28,-29;339,-15,-17;759,6,8;764,-2,21;766,8,17;776,14,3;786,13,-8;1446,3,16;1456,45,6
rua||das gardenias|recanto verde|36889094|10,-2112211,-4236510;15,-5,13;20,9,-22;25,-2,20;30,17,-17;35,-10,7;40,12,-11;45,-6,11;50,9,-15;55,-2,0;60,14,-7;65,-9,4;70,13,-8;75,-20,16;80,29,-24;85,-6,13;90,22,-11;95,-12,4;100,17,-16;105,-6,11;110,10,-18;115,-6,15;120,21,-14;125,-17,6;135,18,1;145,7,-2;155,14,5;165,1,-17;175,9,3;185,8,2;195,9,-10;205,6,-3;215,13,-1;235,17,-6
rua||das hortencias|recanto verde|36880003|15,-2112258,-4236536;22,31,-12;24,-1,17;25,95,-30;30,-83,7;40,4,6;45,-1,0;50,0,-11;60,13,2;70,4,-8;75,2,5;80,-1,-9;90,8,-1;100,17,-21;105,-8,17;110,18,-11;115,19,-4;120,-30,12;130,27,-17;135,-2,10;140,3,-22;150,17,9;160,10,12;164,6,-17;170,6,3;180,1,-13;185,8,12;190,10,-4;200,4,7;205,1,-10;210,12,6;215,-2,-6;220,11,-2;225,-3,0;230,10,-10;235,-4,11;240,12,-5;245,-1,-3;250,9,6;255,1,-7;265,7,9
rua||das hortencias|recanto verde|36889092|15,-2112252,-4236537
rua||das mangueiras|vermelho|36892500|1,-2110758,-4245175;4,0,-24;5,0,-6;8,1,-29;9,-2,24;13,-2,22;20,3,9;68,1,-43;100,-1,59;115,1,-84
rua||das margaridas|recanto verde|36889116|5,-2112266,-4236358;20,17,-21;35,-23,2
rua||das nascentes|recanto verde|36889118|5,-2112279,-4236359;10,31,-57;21,-10,8;22,-9,24;23,-1,-3;24,-6,8;28,-17,36;29,-9,5;30,-2,5;32,-10,26;33,-12,2;60,55,-66;70,-9,39;75,-1,-26;80,-9,26;165,-22,63;170,-6,-3;180,0,-1;190,10,16;200,-3,5;210,0,16
rua||das orquideas|napoleao|36887084|10,-2112898,-4239597;16,13,8;20,-6,-12;53,-21,8;63,-6,16;65,-8,1;67,-14,2;69,-6,1
rua||das palmas|recanto verde|36889114|2,-2112319,-4236368;12,4,-19;13,8,4;14,15,-10;24,-11,3;25,-10,13;80,-13,23;85,-2,-4;90,7,-5;95,-1,-5;125,17,-23;135,3,-8;140,-4,-2;145,13,-3;150,7,-10;155,-4,-4;160,2,3;165,3,-14;170,29,-7;175,-23,-5
rua||das palmeiras|napoleao|36887070|2,-2112770,-4239662;10,23,-44;14,-63,176;15,9,-36;19,-2,28;23,-3,22;62,1,-18;65,-1,28;66,-5,3;159,18,-65;160,51,-134;169,-47,117;180,37,-107;199,-34,86;208,-13,60;219,14,-95;229,8,-12;239,3,-7;240,20,-57;250,8,-6;259,-18,54;260,18,-67;289,-14,38;309,10,-17;329,-1,-19
rua||das rosas|recanto verde|36889108|4,-2112401,-4236338;10,2,-3;17,-4,1;40,10,18;50,7,3;60,8,12;70,7,8;80,4,12;90,6,10;115,19,33;127,-1,8;141,4,13
rua||das samambaias|recanto verde|36889096|10,-2112154,-4236447;26,4,-5
rua||das samambaias|recanto verde|36889098|9,-2112116,-4236492;17,-37,40;27,6,-8;37,6,-6;45,8,-8;55,12,-12;65,3,8;75,0,-8;85,14,-1;95,11,-1;105,7,2;115,8,-10;125,14,6
rua||davi vieira da silva|centro|36880222|35,-2113983,-4236501
rua||davi vieira da silva|sao gotardo|36880222|25,-2114013,-4236474;39,6,-1;55,5,-12;77,29,-43
rua||de baixo|povoado capetinga|36891899|3,-2103264,-4240902;8,-21,-47;21,-15,51;23,-66,-33;25,-21,-26;26,107,58;30,30,-3;39,3,-28;49,-19,-11;50,1,38;90,-22,-44;98,47,35;745,-4,8
rua||dejair dias de carvalho|barra|36883000|25,-2113074,-4237513;30,1,67;35,1,-81;36,-32,-24;60,-15,-6;276,-83,-210;400,24,31;410,14,16;428,7,3;430,6,14;450,9,2;458,3,15;460,-5,22;468,-2,-36;472,1,38;484,4,8;510,5,16;530,8,17;550,5,9;552,1,6;582,5,31;586,9,2;590,7,17;594,10,23;596,8,1;602,10,21;604,10,5;606,-8,20;608,2,26;610,3,10;640,14,-43
rua||dejair dias de carvalho|ceramica|36883000|10,-2113472,-4237243;20,11,13;22,1,-4;30,15,-2;35,-4,11;41,12,4;43,9,2;46,-24,-9;47,42,2;51,1,2;55,166,-106;58,154,112;59,-310,-7;63,5,5;75,11,31;81,-48,-29;85,60,-21;88,-21,-1;95,33,10;97,10,5;105,20,-13;115,-9,12;120,-7,-5;123,11,11;130,-23,-12;133,13,2;139,27,16;143,7,-3;148,-2,5;151,4,12;153,1,20;163,33,-5;171,-16,4;178,5,4;179,12,-2;187,-5,-8;195,18,11;200,2,-1;201,-7,-7;205,12,19;211,16,-18;225,2,1;228,6,21;238,42,19;240,-36,-21;246,-93,-62;269,121,76;279,9,2;283,-35,-19;287,-6,5;289,11,0;290,40,18;311,13,12;315,-2,-8;319,8,13;325,4,3;328,-37,-20;343,49,24;348,-28,-7;349,29,14;353,13,10;358,-7,-10;359,52,-27;363,-37,27;368,6,10;369,13,-23;373,-28,6;385,-109,-50;395,15,11;431,95,-214;501,-4,38;565,4,-38;585,-12,-11;595,18,-7;603,2,-4;605,17,-27;633,-9,2
rua||delfim macedo|jose cirilo|36886015|5,-2113315,-4239869;11,-32,56;14,4,0;16,8,-26;26,-8,15;35,22,-37;40,-4,4;41,-7,12;44,11,-10;50,-4,13;70,22,-45;71,-30,46;80,3,-5;91,26,-37;131,-33,44
rua||delvaux custodio novaes|sao joaquim|36886093|5,-2114351,-4239928;7,-30,12;8,51,-68;9,-4,7;10,-4,6;11,-32,36;12,-46,43;13,-6,6;15,-6,24;17,-22,4;18,1,-14;21,-22,14;22,-15,8;23,-2,0;24,-24,25;25,98,-68;26,-99,59;27,-16,12;28,0,0;29,10,-13;30,-5,-1;31,-9,11;32,-9,3;33,-12,10;34,-5,2;35,-12,-9;38,54,1;147,39,-37;180,116,-100;195,-6,34;200,1,-20;246,-36,40;290,-40,17;300,5,10;341,-36,17
rua||devaldino rodrigues de souza|vila de itamuri|36880001|2,-2099371,-4237126;45,51,-54;253,2,7
rua||divino|santa terezinha|36889286|23,-2113034,-4235575;44,-8,32;45,3,-8;50,6,-19;53,-7,30;73,8,-47;74,-2,53
rua||do campo|centro|36892100|18,-2120888,-4250853;19,-2,-23;24,-55,-30;27,-41,5;50,162,-54;55,-30,39;200,-77,2;275,91,-22;556,30,-37
rua||do campo|vila de boa familia|36880111|30,-2120975,-4250904;70,154,-48;81,-117,39;90,185,-16;120,-198,23;189,59,82;557,90,-138
rua||do campo|vila de itamuri|36880111|12,-2099200,-4237307;16,-12,16;23,22,-40
rua||do cemiterio|centro|36892100|25,-2121052,-4250915;27,-15,-9
rua||do cemiterio|povoado capetinga|36891899|164,-2103337,-4240850
rua||do cemiterio|vila de boa familia|36880001|18,-2121002,-4250909;37,-26,12;38,-13,-3;74,-6,-10;78,-20,1
rua||do cemiterio|vila de itamuri|36880001|280,-2099243,-4237216;284,5,-5;290,0,-9;292,10,-16;295,7,-5;298,5,-4
rua||do horizonte|sao pedro|36889162|15,-2112526,-4236154;20,13,-53;30,-1,5;38,1,7;40,1,2;45,-7,2;48,-9,23;59,17,-11;70,9,8;75,-20,23;80,4,-31;85,-9,33;210,5,-12;220,-11,14
rua||do meio|recanto verde|36889090|190,-2112191,-4236447
rua||do mutirao|sao joaquim|36886117|2,-2114025,-4239884;3,25,17;4,21,-26;5,-10,19;6,5,-1;7,13,17;8,2,-16;9,12,-7;10,3,-3;11,4,-8;12,-9,-1;13,12,-19;14,-5,-7;15,1,-8;19,1,-4;73,-62,58;96,60,-70;139,-46,77
rua||do reservatorio|vila de belisario|36880001|30,-2092548,-4245678;90,51,9;100,3,1
rua||do rosario|vila de itamuri|36880039|25,-2099107,-4237380;40,29,-62;45,9,-6;61,-155,323;65,21,-37;81,3,3;82,101,-237;85,-36,54;137,-33,97;387,-32,77;402,-11,20;405,17,-28;424,-5,-14;452,18,-27;509,14,-34;514,4,0;529,7,-19;559,-31,79;570,13,-47;578,20,-41;582,6,-14;606,4,2;621,35,-79;628,-30,60;630,24,-49;633,-50,168;635,-19,-13;636,108,-191;645,-99,163;649,90,-207;655,-43,103;665,0,-7;666,39,-76;677,9,-9;681,-25,52;682,28,-68;684,11,-14;686,5,-14;998,-22,52;999,-16,41;1000,18,-52
rua||do sape|centro|36892100|6,-2121101,-4251012;9,239,-20;10,-38,2;13,-202,19;17,122,13;18,21,-7;19,-91,7;30,28,-3;31,169,-29;39,-21,4;90,-34,4;94,-28,15;95,47,-19;99,-36,12;100,-20,1;102,-139,2;106,135,8;112,8,-5;122,-17,-1;142,-11,10;152,-30,-5;153,8,6;156,-32,3;162,22,-10;180,-72,0;182,31,5;190,-44,-5;303,256,-31;334,-452,16;337,-88,54;459,144,-66
rua||domiciano martins de andrade|sao pedro|36889190|7,-2112322,-4235565;77,48,-37;120,-163,108;140,132,-80
rua||domingos wilson abdalla do amaral|santa laura|36889513|570,-2113433,-4234038;619,-16,-18
rua||dorval ferreira medeiros|jose cirilo|36886007|16,-2113147,-4239543;21,53,74;24,0,-46;25,-51,-14;35,64,13;45,-52,12
rua||dos coqueiros|recanto verde|36889098|60,-2112104,-4236412;285,-9,-1
rua||dos coqueiros|recanto verde|36889100|1,-2112304,-4236334;3,18,8;4,19,-11;6,-2,-1;9,22,-10;13,50,-19;27,-56,23;30,179,-117;55,-2,16;56,-180,107;86,26,-15;95,19,-9;98,-17,4;102,22,-23;120,0,9
rua||dos coqueiros|recanto verde|36889102|15,-2112108,-4236410;16,13,-9;17,9,-3;25,19,-61;280,-14,59;290,3,-8;310,1,-12;320,6,-18;326,1,-3;330,-4,-5;340,6,-6;370,1,-28
rua||dos democratas|sao pedro|36889160|9,-2112520,-4236052;19,17,-6;29,0,-17;31,0,-1;33,0,-1;44,7,-7;45,2,4;56,-1,-9;62,4,-7;72,5,-15;77,-5,9;79,2,-1;89,-2,-18;92,6,-6;95,-13,-3;97,16,-12;106,-2,5;107,-3,10;108,4,-13;113,-2,-5;118,2,-9;122,0,-9;130,0,-5;133,0,1;134,-2,-2;138,4,-4;142,-3,-12;144,-9,-11;145,14,-5;151,-1,19;154,-11,-11;161,12,-3;175,-4,-15;180,-1,-7;705,6,-8
rua||dos diamantes|joanopolis|36886069|3,-2114298,-4239670;4,-8,3;5,-9,5;6,144,-34;7,-72,13;8,8,1;9,-9,10;10,-105,51;11,143,-80;12,98,16;13,-206,23;14,28,-22;15,27,-19;17,-39,30;20,-45,30;23,267,-13;24,-167,-30;25,-9,-4;30,173,28;35,-43,-30;50,-40,-7;52,-49,-6;55,68,2;65,-14,3;69,1,2;92,-16,1;105,-14,7;115,-16,-3;121,62,-5;125,-66,5;135,-10,-5;145,-14,1;155,0,7;162,11,-1
rua||dos flamboyants|primavera|36880250|50,-2114477,-4236496;135,-9,4
rua||dos jasmins|recanto verde|36889112|21,-2112381,-4236347;31,8,-3;35,0,-41;41,2,28;42,-10,26;50,10,-16;51,3,-13;75,19,-21;85,-2,-12;95,0,-2;105,-2,-6;115,15,-20;125,6,-8;134,-4,-8;144,17,4;150,5,-5;154,-6,-6;161,32,-18;168,-16,7
rua||doutor ramos|vila de itamuri|36887048|7,-2099687,-4236974;8,-27,20;9,227,-99;11,-123,15;15,373,-90;19,-341,79;20,165,-55;25,-60,5;40,67,1;50,62,-18;110,-130,21;123,-20,1;251,-98,52;320,84,-47;340,-18,7;398,-27,17;400,-57,31;401,0,10;403,-18,8;432,-92,74;475,384,-188;483,19,9;495,-2,2;535,59,10;545,9,2;555,12,4;648,-347,55
rua||durval luciano|vila de pirapanema|36880001|3,-2107355,-4250551;4,-10,-1;10,1,-62;20,-2,81;110,3,-70;215,3,82;251,-6,-55;252,3,-6;5956,1,-16;5957,-2,0
rua||edina de oliveira carvalho|distrito industrial|36883286|159,-2115188,-4237895;209,32,-7;233,30,-5;385,123,-23
rua||edmundo germano|centro|36880047|28,-2113195,-4235984;35,23,0;38,1,-8;43,17,27;56,-20,-5;65,9,20;73,-2,-13;83,6,29;88,-21,-17;92,19,21;100,8,1;102,-17,23;106,4,-7;140,11,19;147,-9,15;150,10,-15;160,1,15;161,11,5;167,-14,10;178,6,10;179,-7,2;181,3,6;183,1,-1;200,4,10;294,-11,-84;295,1,-9
rua||edson miranda junior|porto belo|36889212|20,-2112425,-4235410;21,-5,3;71,-48,34;81,0,0;91,7,0;121,-27,37;131,-11,10;141,-7,12;145,136,-113;161,-143,129;231,-27,56
rua||eduardo braga filho|gaspar|36888114|6,-2111997,-4238462;11,10,-12;14,-41,-10;23,-55,-10;25,8,4;26,-12,3;30,31,-8;35,-15,9;45,11,-8;65,15,7;85,-2,7;90,26,-5;95,-25,-5;97,-9,-4;99,36,16;100,9,-7;105,-42,3;120,56,2;135,17,10;155,32,10;160,-20,2;200,-42,-21;634,-89,-10
rua||eduardo braga|gaspar|36888111|1,-2112119,-4238415;3,-5,18;5,22,-132;6,-13,168;7,-14,19;8,-6,16;9,2,8;10,-21,26;14,-6,16;22,59,-266;32,-10,105;34,-16,13;35,12,-10;38,0,56;39,-1,4;40,-8,9;41,-5,8;43,4,-13;44,-4,50;45,5,-82;47,-16,83;48,-10,11;75,23,-36;93,11,-126;95,4,-4;110,-9,116;120,-5,-18;123,18,-117;125,-6,108;127,27,-146;130,-31,149;175,8,-61;235,12,-59;240,-1,-14;255,-6,-12;275,4,-25;334,-7,73
rua||eduardo pinto|patrimonio sao jose|36887008|30,-2112372,-4239441;39,9,11;44,-4,-1;60,22,10;68,1,-1;69,-4,0;71,8,8;74,-3,-6;81,11,2;82,0,8;85,-1,-4;90,13,6;91,11,13;95,-4,-3;101,7,14
rua||efigenia freitas da silva|centro|36880019|45,-2113032,-4236683;48,-18,-16;64,36,2;72,-9,11;77,5,12;84,10,1;108,21,-6;110,24,6
rua||elias paulo|barra|36880001|10,-2112597,-4237697;22,3,-8;36,10,-17;46,5,-10;54,0,1;58,4,-8
rua||elias paulo|barra|36880003|23,-2112588,-4237708;37,3,-11;45,-6,-12;47,7,-2
rua||elisa moreta|bom jesus da cachoeira|36892000|4,-2125956,-4240762;64,15,-11;305,-4,2
rua||elisio firmino da costa|gaspar|36888096|2,-2112365,-4238210;3,23,7;4,-18,-7;6,38,12;7,-9,0;9,88,18;10,-17,9;11,-68,-27;14,-14,-6;16,53,24;26,-10,-7;30,-124,-159;31,160,174;35,-79,-31;40,-82,-145;50,-1,-13;51,151,175;59,-106,-31;60,-41,-159;69,43,161;81,80,27;86,-86,-29
rua||elizabeth de almeida|planalto|36883055|10,-2113810,-4237395;11,18,-6;18,-82,-48;38,89,72;48,-14,-15;56,-5,4;79,-44,-44;89,-11,-4;92,33,38;99,-14,-11;108,22,16;119,-14,-10;140,-34,-40;180,-6,-33;190,-29,3;192,-9,-5
rua||elizabeth de almeida|safira|36883055|2,-2113772,-4237359;13,-10,-11;18,-68,-73;21,28,40;26,25,21;45,11,9;59,-71,-79;61,18,43;71,-9,-18;80,-3,-9;81,-24,-15;85,70,72;91,-70,-77;97,45,57;101,-46,-58;109,117,97;111,-128,-104;121,-7,-6;131,-29,7;141,11,-29
rua||eloar enneo stoque junior|barra|36884102|30,-2113039,-4238028;65,24,-48;73,-2,3;75,8,-24;80,-26,60;97,-17,46;105,8,-39;115,4,27;150,2,-5
rua||eloi carneiro de melo|cardoso de melo|36887222|10,-2112680,-4240237;40,-14,-56;42,-17,135;130,1,76;140,-7,-6;150,4,-9;170,1,-25;180,4,-7;190,-2,-19;200,4,-3;210,2,-14;220,-2,-2;230,12,-15;240,-12,-6;250,-2,-6;295,-10,138;305,1,5;315,10,-12;355,-7,-39;375,1,-15;385,6,-19;395,1,-3;413,13,-28;421,-18,-8;435,7,-17;445,-4,0;455,2,-9;474,4,-25;475,-2,5;481,-2,-15;482,3,-8;484,6,12;494,2,-15;515,-1,-13;524,-2,2
rua||eloi carneiro de melo|napoleao|36887222|4,-2112724,-4240022;18,3,14;20,5,34;40,-6,-18;70,7,-15;80,1,-8;215,-4,48;225,-5,-7;235,-2,-17;245,5,-4;255,-3,-15
rua||elvira rogerio de castro|gavea|36889024|4,-2112500,-4236903;13,-4,1;25,-88,9;55,11,4;65,18,-7;78,22,2;95,8,-9;98,5,4;150,56,-1;155,-11,1;234,52,31;250,3,-1
rua||elza cerqueira ramos|bom pastor|36887167|11,-2113009,-4240389;13,-13,-10;15,12,4;18,-36,-28;28,-9,-4;34,21,44;38,12,-20;43,-7,-1;56,-16,-19;210,38,41
rua||emaus|padre tiago|36889440|15,-2113187,-4234685;25,0,0;35,5,-7;45,3,-14;46,6,-15;55,-4,3;65,7,-5;75,0,-11;85,4,-7;86,9,-12;95,-5,-7;98,13,-16;105,-13,12;115,6,-21;116,12,2;281,-36,90
rua||enedina braga nunes|bom jesus da cachoeira|36892000|90,-2125967,-4240566;163,6,22;1615,50,67;1617,0,-2;1620,-7,-12;1622,-19,-38
rua||enesio machado de oliveira|sao pedro|36889176|6,-2112687,-4235985;8,42,-113;11,12,-4;15,-8,10;17,-59,144;20,57,-133;25,16,16;30,-15,-5;32,-28,46;40,20,-42;45,3,-3;50,-10,19;55,-6,-5;59,2,4;65,4,-5;74,3,16;75,-8,5;76,-16,22;79,4,2;100,-2,-6;125,-13,45;130,9,-21;135,-25,37;136,20,-21;145,-7,1;165,5,-4;205,-1,-8
rua||epaminondas dias neto|bico doce|36880218|16,-2114089,-4236684;42,-47,-78;52,-2,-15;62,7,14;72,6,19;92,3,4;102,12,-8;122,17,18;241,1,32;281,-12,-47
rua||epaminondas dias neto|sao gotardo|36880218|11,-2114082,-4236667;15,-46,-90;32,42,95;34,8,2;35,25,-77;45,-59,-3;55,4,8;65,11,4;220,16,53;230,-3,-8
rua||ernani luiz ferreira|santa laura|36889501|40,-2113592,-4233942;169,-38,66
rua||ervalia|santa terezinha|36889284|5,-2113007,-4235649;9,-34,-41;65,48,52;90,-18,-24;114,4,3;115,-18,-16;120,5,2;126,7,3;127,-7,-3;155,-35,-35;238,87,112;246,-8,-2;256,-2,-3;257,2,-8;258,0,9;263,3,-16;266,-8,7;270,7,14;273,-8,-29;275,-2,0;276,-4,4;280,-14,-14;296,11,7;849,-3,5
rua||escobar gomes de souza|bico doce|36880213|19,-2114131,-4236651;20,2,-9;45,16,109;55,-4,-13;65,-3,-6;95,-18,-32;111,19,-3;115,-8,-18;131,-1,-9;135,-2,1;150,-2,-8;155,-15,-28;157,10,12;180,4,-17;185,-15,-14;190,-3,10;200,-2,-2;201,-9,-11;205,-12,5;220,12,-8
rua||escobar gomes de souza|sao gotardo|36880213|18,-2114102,-4236510;30,-7,-4;40,1,-18;50,-2,-12;60,6,-9;70,0,-8;80,-7,-9;90,-9,-7;100,6,-12;110,-9,-6;120,-6,-8;130,-3,-10
rua||esmeralda|joanopolis|36886056|4,-2114093,-4239700;6,-29,-28;7,-6,-4;12,-62,-21;13,-9,-2;14,-15,13;20,151,77;50,19,6;68,-98,-57;78,-11,-26;92,-7,-1;102,-17,5;115,3,-10
rua||esmeralda|sao joaquim|36886056|8,-2114150,-4239731;10,55,27;31,41,32;57,-15,-13;1432,27,23
rua||espanha|sao cristovao|36889312|5,-2113489,-4235803;22,108,-32;34,-11,7;54,-34,6;66,-18,3;75,22,0;83,-36,8;87,-14,5;161,-21,0;169,82,-6;657,43,-24
rua||espera feliz|barra|36884045|31,-2112590,-4238099;32,9,-4;56,-3,-12;65,-5,7;67,-3,-1;77,4,-13;79,1,-3
rua||espirito santo|vale verde|36889465|11,-2113031,-4234421;18,37,-10;19,-22,3;21,-19,15;31,-5,8;41,-9,9;51,-6,6;61,-7,7;71,-10,9;81,-8,2;91,-7,6;101,-6,5;111,-5,0;121,-2,-3
rua||etelvina napoleao|santana|36887134|8,-2113277,-4240522;12,26,5;18,-20,5;19,35,6;20,-22,-6;23,-10,-16;28,31,13;30,6,5;54,-22,11;55,-7,-14;56,32,21
rua||etevaldo de oliveira|jose cirilo|36883246|30,-2113116,-4239545;45,26,9;50,-22,-8;70,31,4;111,-24,-20;125,-9,9;550,-2,-20
rua||etiopia|sao cristovao|36889318|7,-2113372,-4235660;8,7,-2;17,-6,-6;20,5,1;27,-4,-11;32,3,3;37,-16,-17;44,9,-2;56,0,-6;68,0,-7;71,-11,-14;77,-4,-11;80,14,10;81,-8,11;97,-6,-33;100,-2,5;109,-2,-17;112,8,0;121,-6,-14;124,5,-7;133,-3,-6;136,3,6;145,-1,-14;148,-5,-2;157,0,-18;160,1,8;172,-7,-15
rua||etore demarque|cardoso de melo|36887230|22,-2112611,-4240370;23,5,-4;35,14,-10;38,1,9;45,3,-6;55,9,-5;65,11,-4;75,5,-6;84,3,6;85,4,-14;95,9,-11;105,7,1;115,13,-8;116,-7,8
rua||ettore mazzini|barra|36884042|19,-2112716,-4238072;20,7,-2;21,7,6;25,-2,-6;26,9,9;32,5,-9;33,-7,5;37,11,5;40,6,-10;43,-4,0;44,29,-6;51,-10,15;52,-7,-9;56,7,-4;65,0,-1;71,6,4;77,6,3;78,19,-9;80,-12,-2;85,4,0;88,11,0;105,-1,0;116,7,3;117,1,7;123,9,-10;125,4,-9;126,2,11;127,-5,-3;128,15,-2;136,-7,1;137,-6,-3;139,7,10;145,11,-4
rua||eucario godinho|barra|36884116|16,-2112963,-4238481;18,20,57;46,-6,9;52,-19,-48;68,10,16;76,-5,-13;81,10,-6;85,19,47;86,-31,-57;350,-16,-36
rua||euclides minarino|santana|36891899|6,-2113455,-4240963;12,19,5;18,9,11;19,-2,-11;24,8,30
rua||eugenio gomes|joao xxiii|36883206|20,-2114661,-4236831;21,-4,11;25,11,-104;30,-5,16;40,11,8;50,1,2;60,-16,26;75,13,-28;91,-7,47;191,-22,87;260,-15,76;261,-3,4;282,-5,13;283,5,-2;300,-1,15;305,-1,11;310,34,-165;314,-30,166
rua||eugenopolis|sao cristovao|36889336|5,-2113302,-4235624;6,18,69;9,-22,18;13,9,-86;15,-15,85;19,9,-106;20,-2,88;21,11,-16;26,5,24;30,-11,-8;32,-20,-27;35,-3,46;37,-30,14;39,8,-8;41,-33,20;42,66,-24;65,-69,27;71,95,-48;76,5,-20;82,6,-8;100,-13,-30;102,6,9;104,-7,40;121,15,-12;136,-3,-20;170,1,14
rua||eurico manoel de oliveira|vermelho|36892500|1,-2110981,-4245252;10,-4,-214;12,24,-105;18,1,1;19,-12,18;20,-1,6;21,-4,17;22,2,4;24,-11,50;25,-4,23;27,0,35;29,-12,49;30,1,4;31,2,20;32,-4,9;33,0,4;35,-10,18;36,13,27;37,-3,-2;42,80,-305;90,-66,148;160,-5,21;170,47,-96
rua||eurides moreira do prado|santo antonio|36881138|5,-2113743,-4235564;7,-4,42;13,10,104;14,12,17;20,-13,-175;26,-8,24;30,5,47;31,-3,25;34,7,35;40,-14,-135;42,60,260;43,-51,-222;50,11,36;59,-18,-53;60,2,90;63,0,-54;80,-11,32;90,27,17;100,-14,-5;110,4,4;120,-7,-5;123,8,19;133,-3,10;140,14,17;150,0,17;170,-8,16;180,-3,2;181,10,-3;190,1,27;200,-13,27;203,8,-37;253,25,36;263,7,7;273,8,18;777,-49,-227
rua||euzebio alves pereira|bico doce|36880175|36,-2113542,-4237164;44,-5,12
rua||euzebio alves pereira|safira|36880175|19,-2113609,-4237146;25,5,13;37,7,3;45,18,-9
rua||e|recanto verde|36889088|195,-2112495,-4236356;257,9,13
rua||fardelas|barra|36884088|5,-2113034,-4237951;16,-140,-90;17,16,12;18,-4,2;19,10,16;20,2,4;25,114,52;30,-147,-89;31,36,42;34,102,64;35,-6,-8;37,3,1;40,-8,-4;45,-3,-1;50,-23,-1;51,-68,-60;52,-5,-16;82,78,77;83,6,-8;90,-24,-4;92,9,5;93,3,0;94,-6,-2;102,0,-5;112,-7,1;120,-28,-5;122,22,1;128,-16,-4;132,4,6;135,-15,-11;140,16,6;150,-26,-13;168,39,16;200,-49,-35;350,29,34
rua||felicio orondino martins|vale do castelo|36881058|8,-2114108,-4236182;10,-8,-19;27,-10,-14;41,0,44
rua||felismino fialho|barra|36884073|16,-2112893,-4237718;26,0,-2;45,14,-13;53,-5,-13;54,-4,2;57,6,-2;58,-4,3;63,5,-12;69,6,-1;71,-9,14;131,-9,31
rua||ferdinando costa|augusto de abreu|36883182|45,-2114065,-4237552;55,-15,-1;65,11,-19;67,-1,-8;69,-7,-7
rua||ferdinando costa|planalto|36883182|6,-2113954,-4237516;7,-14,3;10,14,4;12,-54,-21;13,25,12;16,-46,-23;18,-17,-8;20,-4,1;21,81,36;31,-31,-17;54,2,2;82,-15,-4;155,76,33;285,-9,-6;290,-33,-4;292,-9,-17;300,58,32;302,-25,-10;320,-36,-37
rua||fernando ferreira da silva santos|sao gotardo|36880210|7,-2113980,-4236548;11,-4,-31;21,-1,42;25,-1,-15;29,2,-14;41,-4,-6;116,23,-51
rua||fernando junior|santo antonio|36891899|30,-2113710,-4235733;48,0,-2;60,2,0;66,-2,0
rua||fernando levate|cardoso de melo|36887207|2,-2112942,-4239995;25,5,-211;26,-28,292;30,38,-277;35,-8,-4;40,-2,15;45,1,-20;50,-4,30;55,-10,103;60,15,-94;64,-24,221;65,22,-232;69,-20,213;70,18,-177;75,0,-33;80,-10,28;85,8,-12;90,-1,27;95,-5,-23;96,-11,192;100,19,-164;105,3,-15;106,-28,168;110,22,-143;120,3,4;126,-15,126;130,8,-118;135,-7,-7;140,6,18;145,6,-4;150,-6,11;155,1,-6;160,-3,17;170,-3,4;180,4,14;190,-6,11;200,-1,11;210,-1,15;220,7,4;225,-2,-10;230,-1,19;255,0,8
rua||ferreira leite|barra|36884057|5,-2113313,-4238019;15,-4,5;25,-4,8;54,-11,25;61,-11,7;66,3,34;67,5,-39;70,-5,39;71,-15,-27;76,14,21;92,-3,3;109,-23,6;115,-2,16;126,45,-70;127,-9,2;129,-40,73;135,-5,1;143,-5,11;147,-7,2;159,9,21;191,-25,18;196,-1,2;199,-3,2;213,2,4;223,-15,16;233,4,-3;245,-9,13
rua||ferreira leite|planalto|36884057|3,-2113473,-4237761;19,25,-36;22,18,-2;30,-17,9;38,-17,10;48,3,8;51,-1,2;59,10,-20;69,-4,13;240,15,-36
rua||ferreira leite|safira|36884057|138,-2113376,-4237924;140,12,15;144,-19,13;152,-4,11;172,-4,-7;176,-7,8;192,-4,1;212,-6,21;222,-6,14;232,-11,9;242,-4,9
rua||flavio fraga franca|joao xxiii|36883217|14,-2114610,-4237379;15,-3,4;55,-185,170;56,-16,10;58,-32,31;60,-67,373;90,-16,-18;110,-13,-10;121,-19,-28;130,14,26;140,-10,-29;141,-6,-2;150,5,-13;151,-3,-1;158,5,-11;160,-4,-14;165,6,10;170,-2,-2;177,-1,-12;188,7,2;189,2,-9;196,2,1;201,-3,-16;202,-3,4;210,2,-1;223,6,-12;237,-2,-20;249,5,-11;250,-5,4;260,4,-7;261,2,-2;272,-14,27;273,-7,43;278,20,-44;283,3,-57;290,4,-7;300,12,-17;301,-18,15;310,0,-19;313,4,9;320,7,-24;325,1,14;330,2,-21;337,-3,9;340,9,-20;349,-6,12;350,16,-24;359,-12,13;360,16,-32;371,-10,20;383,4,-6;385,12,-8;387,2,-19;388,6,-9;463,13,-27;481,27,-11;521,27,-42;551,36,-23;557,-24,10;567,38,-23;579,14,-2;600,-18,7;610,9,3;618,15,-9;626,3,-5;630,22,2;647,15,-22;650,-14,3;660,14,2;664,-1,1;667,15,-18;670,-9,12;677,20,-11;687,13,2;690,3,4;697,5,-12;700,-9,2;707,18,-5;717,8,-6;720,-4,2;727,10,-8;730,12,4;740,10,-1;750,9,-8;760,6,-3;770,18,-12;777,-15,9;797,17,-13;817,19,-48;845,2,8;890,-19,-24;920,-10,5
rua||flavio siqueira|planalto|36883133|5,-2113544,-4237748;6,-25,27;7,11,-13;8,-26,15;9,25,-10;10,-31,8;11,19,-7;12,-30,14;13,31,-7;14,-40,17;15,25,-14;16,-33,12;17,27,-11;18,-32,7;19,98,-20;20,-101,38;21,18,-9;22,-34,5;24,-2,2;25,8,2;26,-17,18;27,8,-24;28,-23,6;29,5,0;30,-23,12;31,28,-11;32,-32,13;33,11,-2;34,-16,3;35,16,1;36,-33,1;37,20,2;38,-24,3;39,19,2;40,-25,3;41,19,-2;42,-35,6;43,15,5;44,-17,5;45,6,0;46,-10,1;47,6,-2;48,-21,3;49,13,-3;50,-16,17;51,5,-8;53,-13,2
rua||floresta|sao joaquim|36886097|1,-2114312,-4239962;2,-5,11;3,22,-29;4,-38,30;5,35,-26;7,225,-125;9,-243,138;10,28,-20;11,-24,16;15,8,-10;20,16,-8;21,-10,1;26,290,-173;27,22,8;29,-14,4;30,-277,155;31,-13,0;33,270,-151;37,-14,10;40,-237,127;41,-14,9;42,228,-120;50,-200,116;51,-21,-6;60,28,5;70,10,1;71,-14,-17;78,308,-149;80,-283,168;81,-12,-17;90,18,6;91,-3,1;100,13,-3;101,-8,4;110,14,0;111,-6,-6;117,256,-152;119,-19,2;120,-218,157;121,0,-2;130,9,-5;131,171,-60;133,149,-77;140,-154,73;141,-173,69;148,119,-81;150,-91,84;151,-8,-6;160,12,4;161,-9,-5;170,20,5;171,-9,-5;176,372,-105;181,-355,99;186,355,-103;200,-233,30;207,130,-73;209,-9,-3;210,-229,153;211,137,-103;212,72,-52;213,3,-1;220,-204,160;221,-3,-6;230,9,-6;231,-2,-1;240,5,-3;241,6,-10;250,0,1;270,241,-116;455,-223,81;515,44,-58
rua||florinda de carvalho|patrimonio sao jose|36887014|4,-2112364,-4239481;5,4,-42;12,-8,78;15,-14,-11;18,37,-12;25,-16,0;26,30,7;32,-35,-3;35,1,-2;38,20,5;44,-19,-14;45,-12,-8;55,2,-14;68,14,-9;70,-4,-12;75,2,-15;326,-2,11;328,2,-9;666,-2,-12
rua||foad feres|villa real|36880284|357,-2114309,-4236121;360,-16,75;370,-7,14;377,25,-56;380,-28,68;390,-4,12;397,14,-67;407,-11,11;457,0,54;467,-8,2
rua||franciliano pinto dias|residencial vermelho ii|36880001|2,-2111316,-4244919;6,4,6;10,6,1;13,16,2;14,-13,-4;17,13,0;18,-5,5;22,4,2;23,4,-8;27,5,5;28,-7,8;32,3,3;33,8,-6;37,6,8;38,-9,-4;42,2,7;43,4,2;47,6,-4;48,-2,0;52,-1,11;53,6,-13;57,7,10;58,-8,4;62,0,5;63,6,-7;65,3,-2;68,-3,10;72,5,1;73,2,-3;77,4,1;78,-6,9;82,0,4;85,10,-9;87,4,1;88,-10,12;92,6,5;93,6,-13;97,1,7;98,-7,3;102,8,6;103,6,-6;107,9,0;112,-15,7;113,15,-2;116,-9,4;117,12,0;120,-11,8;123,15,-4;124,-12,8;127,14,-5;130,-2,4;133,6,-1;134,-11,5;137,17,-2;140,-10,10;143,12,-8;144,-7,5;147,11,-1;150,-9,6;153,13,3;154,-8,2;157,13,16;160,-15,-10;163,15,-5;164,-9,6;167,13,-6;172,-11,10;173,13,-3;176,-8,4;177,15,-5;182,-12,12;183,13,-4;186,-12,10;187,17,-9;192,-15,11;193,17,-6;196,-2,6;197,1,-2;202,-5,3;203,13,-4;206,-10,9;207,17,-7;212,-15,10;216,5,8
rua||francisca lasaroni|santo antonio|36881144|3,-2113948,-4235601;4,-34,-10;5,8,7;6,-41,-9;7,53,12;20,-15,-10;25,-21,-5;30,70,19;33,-37,-9;40,25,8;44,-7,1;70,-42,-15;80,-6,-4
rua||francisca madalena|jao xxiii|36883196|29,-2114401,-4237004;315,9,-4;321,7,4;335,10,-20;345,7,-9;357,9,-1;365,4,-7;385,19,-14;387,52,-26;445,-21,12;453,11,-11;459,20,-14;465,-55,37;467,109,-34;469,-102,23;475,46,-14;477,-38,13;495,75,-20;539,28,-7;549,-51,43
rua||francisca madalena|joao xxiii|36883196|10,-2114647,-4236880;30,9,-5;32,8,-4;40,7,-6;45,9,-1;52,4,0;55,0,-4;57,1,-2;61,10,-2;66,2,2;67,8,-2;75,-39,9;78,38,-13;91,26,-12;92,-22,12;100,12,-5;101,8,-16;111,12,-4;112,-22,0;121,35,-3;128,-15,14;131,27,-17;136,-13,11;141,15,-9;151,6,-10;152,-12,16;161,27,-9;164,-11,5;171,21,-15;176,-18,6;181,34,-4;188,-30,2;200,22,-2;201,16,-11;210,-5,5;219,1,-6;220,2,5;270,54,-29;280,2,-8;310,-35,27;320,9,-13;382,51,-14;384,-2,-13;392,6,0;398,12,-10;400,2,-12;410,9,0;422,8,-9;436,12,-2;448,6,-16;460,4,-8;472,7,-2;486,17,-3;500,7,0;510,5,-13;520,18,-1;560,10,2;562,10,-5;564,8,3;568,25,-7;580,18,6;592,0,-2;602,7,-6;612,8,2;622,6,60
rua||francisca silva passos|gavea|36889018|40,-2112617,-4236853;93,-17,-66;111,2,-9;115,8,-15;155,16,-23;160,13,-7;190,19,-18;197,-3,-13;200,-4,23;210,17,-25;221,4,-16;225,12,-15;226,-10,19;244,13,-15;257,14,2;273,16,-10
rua||francisco antenor de paula|gaspar|36888094|13,-2112350,-4238170;15,9,7;17,2,-1;20,-42,-14;31,149,41;47,36,-3;50,-38,3;51,-9,-3;58,-130,-34;60,108,38;61,9,0;65,60,-2;71,-69,0;90,-17,-6;100,-9,-3;110,-11,2;130,-11,-9
rua||francisco antonio vilela|vermelho|36892500|8,-2110650,-4245649;180,-109,125;185,7,-5;439,81,-102;600,-6,28;870,-50,43;880,17,-11;895,-30,50;898,31,-59
rua||francisco antunes pimentel|vila de itamuri|36880001|25,-2099128,-4237132;51,38,-66;52,32,-35;55,-11,18;56,-6,12;58,-8,8;62,-52,76;73,16,-38;85,-28,53;96,50,-69;225,-59,89;264,12,-24;273,11,-12;289,9,-18;295,18,-30;302,-18,32;314,11,-9;315,46,-59;320,-22,30;332,21,-41;333,13,-23;334,-9,16;339,18,-29;340,1,0;342,-1,-4;363,-3,7;383,-4,19
rua||francisco assis pedrosa|cardoso de melo|36887237|9,-2112762,-4240535;10,-8,-17;22,15,20;25,6,-16;35,-2,17;44,16,1;45,3,0;55,14,2;64,1,10;74,13,21;84,-2,-23;85,8,9;94,6,1;95,3,-6;104,8,10;105,-5,0;114,12,-5;115,2,8;125,2,4;134,17,-1;135,-4,1;144,9,2;145,-6,1;154,12,-2;155,0,8;164,7,0;165,4,-6;174,10,3;175,3,12;184,1,-1;185,1,-5;194,4,-2;195,10,-1;204,11,17;205,-6,-11;215,13,15;225,3,5;235,11,-1;245,4,-4;255,7,4
rua||francisco cardoso de melo|cardoso de melo|36887221|4,-2112653,-4240138;5,-2,-14;8,-2,-30;10,14,-15;28,-8,-44;116,-17,140;165,11,-16;175,-9,10;185,8,-22;215,5,-19;225,-3,-20;235,6,-21;245,-5,1;250,16,-8;270,-13,-12;275,0,-1;280,7,-8;285,-1,-22;295,-6,7;300,9,-17;305,4,-4;315,-9,-2;514,0,0
rua||francisco cardoso de melo|napoleao|36887221|10,-2112660,-4239959;15,-12,10;30,7,-33;40,-5,-6;50,7,-5;60,1,-13;70,5,-9;80,-11,-13;90,5,-10;110,-1,-14;115,-1,-6;120,3,-5
rua||francisco carlos machado|barra|36884000|45,-2112806,-4237201;69,4,-67;101,11,-56;131,-17,-24;215,13,-24
rua||francisco cascelli|dornelas|36884171|26,-2113047,-4238690;34,2,-4;46,-7,-13;56,2,-8;100,-75,11;107,45,-58;110,-45,65;116,33,-38;117,-30,-76;119,33,30;129,1,0;130,-6,7;141,11,-15;142,-23,24;144,8,-27;146,-29,-14;157,31,1;167,-5,-9;172,-25,-30;173,-11,11;177,24,3;192,3,-8
rua||francisco das chagas moreira|colety|36880184|9,-2113826,-4237162;15,4,-3;16,-2,43;28,2,-22;30,-3,-15;35,-3,7;40,6,-2;51,-6,11;70,-4,-38;75,8,10;213,-1,-4;255,2,47
rua||francisco de assis matos oliveira|planalto|36883139|10,-2113807,-4237557;11,-2,-28;20,3,33;23,-24,11;25,18,-16;28,4,-4;30,-16,14;31,-10,-9;32,-2,10;33,-6,12;34,-5,-9;35,-1,5;36,-10,4;37,-12,-8;40,-20,-2;41,-4,12;42,-7,-13;43,-35,-21;44,24,20;45,-164,-78;46,153,76;48,-12,-2;50,-11,4;51,36,-4;52,-41,-7;53,-38,-9;55,163,-24;77,-52,48;121,-43,-2;129,-6,-6;141,-9,-7;155,-15,0;169,-18,-10;171,-21,-6;175,30,10;201,-34,1;225,-14,3;229,-10,-13;245,-11,-6;250,-25,-13;261,127,44;263,-120,-30
rua||francisco dornelas|dornelas|36884219|9,-2113136,-4238884;12,-5,13;17,-5,-12;20,-38,7;26,41,13;45,-28,-30;55,-18,7;89,-37,-5;91,3,-2;100,11,-7;108,-4,23;110,-9,-24;129,-29,-1;130,15,3;145,-27,-3;155,-9,6;170,-12,-4;182,-8,2;190,-12,7;200,-28,-1;201,21,-6;207,-17,2;226,10,-2;227,-10,0;229,-13,3;232,8,-4;234,-4,12;238,-11,-10;240,-1,3;258,-5,0;282,-11,11;298,-32,-12;301,-7,2;306,19,5;326,-18,-1;330,-16,1;335,66,-10;337,-17,4;339,-3,6;340,-62,9;341,59,-26;373,-78,30;375,39,-21;379,-23,17;400,-37,17;405,3,-7;407,-24,11;437,-27,18;451,-9,-3;467,-15,6;469,-5,3;499,-12,10;504,-4,1;505,-15,4;506,-11,-18;508,0,19;536,1,3;546,-49,21;566,10,-6;999,28,-9
rua||francisco elias|vila leite|36888196|1,-2111567,-4238223;254,4,15;264,-7,-7;400,-3,39;430,-3,-7;451,10,-15;1984,-10,33;1992,12,-39
rua||francisco fernandes de souza|jose cirilo|36884201|26,-2113484,-4239724;36,25,15;56,18,3;76,13,5
rua||francisco jose bani|sao francisco|36881038|6,-2113999,-4235828;30,-11,-21;40,-5,3;50,4,12;101,-9,-6;141,43,79;330,15,-4
rua||francisco jose gertrudes|sao francisco|36881043|7,-2113927,-4236078;8,21,16;9,-7,0;10,-11,-12;35,-35,-36;45,29,28;54,-2,5;55,-1,-12;75,-22,-18;91,-5,-12;100,-10,5;101,1,-10
rua||francisco laciprete|centro|36880086|10,-2113292,-4236860;12,-10,-4;100,80,117;110,-40,-76;120,32,61
rua||francisco luciano moreira|aeroporto|36887030|5,-2112476,-4239557;8,-24,282;21,-4,43;22,36,-219;24,-17,-22;30,-25,264;35,24,-98;36,-2,-14;37,7,-15;40,26,-301;45,-33,220;50,-6,194;51,-6,26;52,-5,-35;54,12,1;75,-23,39;130,6,48;140,14,-11;141,-16,-25;142,2,-4;210,13,-53;220,-16,-274;223,42,-77;229,-1,236;230,-11,-146;231,57,15;239,-38,125;240,-7,-25;263,-7,5;273,4,7;283,-6,-26;286,-10,117;293,11,-124;296,-6,82;301,12,-50;303,5,-27;308,-24,-77;316,22,151;326,42,-27;334,-52,-184;341,-7,240;346,13,-64;351,8,-258;398,4,184;468,-8,-132;897,-20,383;907,-2,2;917,2,-19;927,0,-10;2797,16,-374
rua||francisco navarro carretero|centro|36880035|10,-2113037,-4236032;21,-39,-6;290,0,0
rua||francisco oliveira|povoado do macuco|36880001|5,-2114215,-4249051;6,-93,-63;7,-72,-40;9,90,50;11,40,26;26,-207,-187;33,52,70;36,-47,-24;43,71,43;116,-81,-89;125,13,19;127,-31,-34;129,64,78;137,-18,-27;144,76,84;146,37,23;147,26,8;724,-61,-26;4886,-90,-114;4905,-13,-8;4982,185,170;5339,-75,-41;5351,-52,-49
rua||francisco pinto|residencial vermelho ii|36880001|1,-2111358,-4244816;3,6,4;5,2,2;7,4,2;11,5,5;17,1,1;21,1,6;27,5,3;31,5,1;37,7,5;41,1,0;47,2,4;51,3,3;57,6,4;61,4,4;67,3,2;71,2,2;77,2,3;81,8,2;89,4,5;93,2,8;99,7,-2;103,-2,5;104,-49,-7;108,37,16;112,4,2;116,10,1;122,4,-1;126,6,-4;330,-39,3
rua||francisco veridiano nogueira|sao domingos|36892200|45,-2096006,-4247588;46,-2,12;60,-31,50
rua||francisco vicente moreira|joao xxiii|36883197|3,-2114376,-4236961;15,-8,-7;270,-28,-25;280,6,13;382,13,4;780,23,34
rua||fritz duvanel|franco suico|36886172|28,-2113655,-4240378;31,8,-6;48,11,4;58,-4,-10
rua||f|sao joaquim|36886132|10,-2113759,-4240154;11,3,-17;21,-10,33;32,6,-2;38,12,-37;42,-8,23;48,18,-26;74,-22,1;76,-10,62;85,12,-69;95,1,-10;190,-1,55;198,-3,-4;199,-6,11;208,9,-31;218,8,-36
rua||gabriel de oliveira|centro|36880014|12,-2113122,-4236784;45,23,-11
rua||gabriel passos|edgar miranda|36889362|11,-2112739,-4234953;390,2,2
rua||gabriel passos|edgar miranda|36889372|5,-2112587,-4235156;12,-80,109;21,73,-108;25,-12,11;39,10,13;45,-114,136;51,98,-126;55,-20,35;59,22,-31;60,-106,136;61,103,-125;70,-97,122;129,53,-74;131,-44,65;151,-9,13;161,12,-9;171,-2,3;173,-5,-4;181,-3,3;215,-14,8;251,6,-15;281,39,-58;301,23,0
rua||gabriel passos|inconfidencia ii|36889362|1,-2112571,-4235185;53,0,0;183,-150,222;275,-33,25
rua||gabriel passos|inconfidencia i|36889362|11,-2112817,-4234849;16,6,-26;19,-6,33;27,13,3;35,0,19;43,-5,6;51,10,8;59,5,9;67,10,1;75,-1,-2;83,-2,18;91,20,1;99,4,15;107,6,-14;123,-5,0;135,22,-16;143,2,14;151,27,30;159,0,-10;167,3,11;175,12,10;183,4,-25;191,7,13;199,8,-39;207,13,70;215,5,-7;223,9,-14;231,12,23;239,3,-20;247,6,7;255,6,-12;263,9,5
rua||galileia|padre tiago|36889442|6,-2113221,-4234692;16,-2,-10;26,0,-5;36,2,-11;46,8,-14;56,0,-12;66,5,-6;76,15,-23;86,-4,-1;96,5,-5;106,6,-8;116,4,-13;126,2,-9
rua||gaspar zem|gaspar|36888093|3,-2112272,-4238064;13,15,-2;16,-19,3;20,4,1;22,23,-15;25,9,17;27,4,-18;30,22,14;37,-19,-13;39,20,6;45,8,-4;134,8,-18;149,58,-15;155,14,1;160,-55,20;165,14,-10;175,16,-2;405,-26,11
rua||gelci do carmo toledo|bom pastor|36887164|12,-2113029,-4240490;16,2,-2;32,-58,95;33,10,-15;86,37,-56;135,20,-36;165,19,-27;185,9,9;274,70,-85;284,1,-2;294,7,-2;329,6,-14;349,20,-17;359,-21,1
rua||gelci do carmo toledo|cardoso de melo|36887164|224,-2112966,-4240559;234,10,-5;244,9,-12;285,9,-27;295,28,1;326,1,-20;334,8,-8;344,5,-2;356,23,-4
rua||gelci do carmo toledo|santana|36887164|221,-2112972,-4240556
rua||genuino scoparo|porto|36889274|5,-2112789,-4235532;7,-4,12;11,-2,12;13,8,-25;15,-13,31;21,-4,27;23,-6,3;25,-1,5;27,-6,8;28,4,-3;30,6,27;31,-28,-22;32,11,7;33,-19,-4;34,-1,-8;38,-4,6;39,-7,6;42,-2,2;46,-24,2;47,17,22;48,-13,-18;49,-33,28;52,20,-18;53,35,-12;54,-45,15;55,26,-3;58,-33,7;60,-5,7;61,5,-6;62,-16,12;64,3,-2;65,-29,3;66,21,-10;68,-12,9;70,-6,13;71,-6,21;72,3,-8;74,-10,3;78,14,7;79,12,78;80,-17,7;82,13,-67;83,-29,223;84,15,-211;85,22,49;86,-11,-130;90,-3,109;91,-33,190;96,35,-181;98,-40,187;102,62,-161;104,-15,-15;105,16,27;108,-76,174;109,8,-12;113,65,-159;114,-34,110;117,33,-92;119,-64,146;124,63,-164;130,-14,-6;131,-32,141;135,43,-126;137,4,26;138,-14,42;142,-39,60;146,52,-95;148,3,-4;149,-1,24;150,-74,99;152,66,-108;156,0,11;157,2,-2;158,8,-18;159,-16,51;161,-18,16;163,24,-41;173,-13,22;174,-31,33;175,-28,49;181,69,-83;182,-3,-17;183,-1,27;187,-13,9;200,-59,76;209,49,-321;237,1,265;241,17,-226;259,-3,17;260,-14,-48;261,38,134;262,-85,174;290,51,-61;294,14,-153;300,-88,236;307,23,-27;390,36,-41;432,-45,52;440,-28,16;522,102,-103
rua||genuino scoparo|santa terezinha|36889274|8,-2112781,-4235530;10,0,10;12,-6,-21;14,-2,31;26,-15,25
rua||geraldo alves do nascimento|ceramica|36883007|30,-2113292,-4237258;40,6,9;51,8,8;53,10,6;58,-8,-4;63,37,67;68,-30,-63;70,6,5;73,15,3;74,-4,-10;86,2,7;94,4,5;100,6,-2;110,0,2
rua||geraldo argemiro da cunha|vila leite|36888205|10,-2111564,-4238209;85,55,-84;120,-65,105;144,22,-68;175,27,-26;184,-57,118;221,1,-15;240,25,-79;310,7,6;320,0,6;322,-8,-4;331,31,-22;340,-13,0;350,33,-24;353,-13,7;354,17,-9;430,-48,30;444,-8,35;455,46,-62;539,-74,111;549,-1,-3;550,16,-13;553,64,-99;1028,11,-6;1989,-68,69;1990,-4,24;1991,3,-11;2004,66,-83;2597,-16,14
rua||geraldo de paula lacerda|bico doce|36880221|19,-2114131,-4236651;25,22,11;35,10,-9
rua||geraldo de paula lacerda|sao gotardo|36880221|20,-2114120,-4236648;181,29,7
rua||geraldo joao de freitas|vila de belisario|36880001|10,-2092711,-4245833;18,7,2;38,-35,-21;45,31,26;75,-18,-18;410,-3,10;412,31,6;414,11,12
rua||geraldo paulo lacerda|sao gotardo|36880221|3,-2114050,-4236648;5,16,-4;34,-34,3;111,51,-8;115,1,-6
rua||geraldo starling|sao francisco|36881023|11,-2113756,-4236047;31,-6,-1;32,10,-10;50,-6,-16;51,0,4;52,2,-14;54,-4,-14;55,-5,1;93,4,-13;130,-10,-39;151,-1,-10;160,-6,-18;161,-22,24;168,19,-33;191,0,0;200,-8,-30;210,-7,-14;211,-22,-61;213,2,18;217,11,24;225,12,26;230,-5,-14;235,1,-3;240,-20,-31;250,11,15;283,0,-7;302,29,83;303,14,41;304,-13,-34;307,6,18;309,-3,-12;312,-15,-35;321,24,78;330,-18,-74;340,-5,-15
rua||gerazina paulina mattos|boa vista|36888016|55,-2112606,-4237254;75,3,11;95,15,10;105,8,15;125,26,16
rua||gertrudes pereira leal|bom pastor|36887172|129,-2112919,-4240570;169,34,32;179,1,4;189,5,8;274,-47,-51
rua||gertrudes pereira leal|cardoso de melo|36887172|19,-2112988,-4240643;29,4,5;59,20,24;120,34,39;130,8,11;140,4,6;150,4,9;160,10,10;170,3,-3;180,3,5;275,-50,-58;750,58,79
rua||gertrudes pereira leal|santana|36887172|36,-2112992,-4240627;46,25,6;56,-1,4;66,6,5;128,-35,-32
rua||gertrudes veggi duvanel|franco suico|36886169|5,-2113644,-4240342;8,75,-1;12,-13,1;17,-65,6;19,47,-3;20,-23,7;22,5,-4;23,-33,3;26,-2,2;51,16,-4;65,-5,1;71,32,1;78,-6,-5;81,10,1;88,-2,1;98,7,-2;138,39,4;148,8,-17;200,4,5
rua||getulio dutra filho|dornelas ii|36884194|2656,-2113484,-4239442
rua||getulio vargas|barra|36884004|55,-2112989,-4237035;79,13,-31;117,-32,-28;137,15,-2;155,-4,-47;169,2,-7;176,-16,0;183,-1,-14;184,1,5;192,-3,-5;196,5,-11;210,-4,-11;227,-5,-4;234,-4,-20;243,-5,6;244,8,-10;253,3,-8;260,-5,1;261,-1,-19;264,-2,3;268,-4,-7;284,5,-13;291,3,-7;292,-6,6;304,-4,-18;317,7,0;326,-1,-20;332,-6,5;339,3,-18;351,-6,-30;359,11,12;361,-1,-25;365,2,15;375,6,-22;380,-4,29;394,9,-23;397,22,-7;400,-18,-6;409,6,-13;412,1,2;415,-6,1;420,9,-5;429,9,0;434,-6,-9;435,10,-10;447,-1,-7;452,1,3;458,4,-5;469,-7,-9;477,18,-6;492,-3,-16;493,12,7;499,-2,-15;500,8,-20
rua||getulio vargas|centro|36884004|34,-2112986,-4237041;62,48,50;82,-29,-80;94,-23,-12;106,-8,-1;114,-2,-13;126,-15,0;140,17,-17;146,-1,-4;150,4,-1;160,-12,-17
rua||getulio vargas|sao fernando|36886163|173,-2120568,-4245256;183,-78,32;1631,12,-3;1692,3,-5;1800,83,-29
rua||getulio vargas|sao fernando|36887248|123,-2120657,-4245203;163,122,-68;1707,-32,14
rua||gil moreira|barra|36884112|9,-2112829,-4238230;18,12,25;20,12,-5;44,-16,-19;54,25,-9;82,19,-18;84,8,-1;89,1,7;90,2,-11;94,0,-4;101,4,8;102,-1,-18;107,2,-5;108,4,7;109,-6,14;112,3,-21;116,8,-10;120,-4,2;123,-5,-3;124,7,12
rua||gilberto pedrosa de aredes junior|santa laura|36889507|38,-2113435,-4233916
rua||gilio ticon|centro|36880090|5,-2113308,-4236723;20,1,7;51,-4,-15;57,-6,-8;61,5,-7;71,-1,-2;81,-3,-18;91,-6,-13
rua||gilka gabriele dutra|villa real|36891899|47,-2114090,-4236423;157,-128,-30;177,-22,13;207,-35,-2;230,-7,-7;240,-10,8;280,-42,3
rua||gilson de souza rodrigues|franco suico|36886161|1,-2113905,-4240467;18,8,13;20,-9,-8;25,1,8;38,12,-10;190,-2,13
rua||guilhermina maria batista|gaspar|36888132|11,-2111900,-4238223;13,42,10;35,-23,-5;45,-13,0;53,23,0;122,5,-2
rua||guilhermino de oliveira|chale|36891899|20,-2112548,-4235220;25,10,8;27,15,24;52,0,-7;55,9,4;87,42,34;89,5,10;90,0,-2;91,11,2;96,-52,-36;105,32,37;108,-15,-12;115,14,-10;135,13,12;155,6,18;165,13,11;175,6,18;185,10,9;195,1,70
rua||guine|sao cristovao|36889307|11,-2113468,-4235815;16,0,-4;21,-3,-7;26,-6,1;31,4,-11;41,1,-12;50,-2,9;60,-10,-12
rua||g|sao joaquim|36886130|7,-2113801,-4240154;13,5,-26;26,-5,33;86,7,-44
rua||hebert de souza|sao joaquim|36886102|5,-2114203,-4239847;6,-5,3;7,-4,8;8,0,2;10,52,-68;13,-102,114;14,3,10;15,-4,-4;16,-6,6;19,-20,17;20,93,-96;21,-98,109;22,66,-74;30,58,-60;32,-130,132;40,121,-135;44,-32,48;45,9,-19;47,5,-7;49,-114,126;50,121,-140;51,-105,158;100,79,-107;109,-20,2;110,9,-1;120,-2,5;130,-1,5;140,-9,10;141,-6,9;150,-1,1;160,-2,-5;170,-12,10;180,-2,4;190,-8,14;200,-9,10;205,6,-7;210,-13,19;260,-24,23
rua||helena baesso veggi|barra|36884122|3,-2113105,-4238575;41,-5,7;50,-19,3;51,6,-8;80,-20,6;90,-9,-2;100,-9,5;110,1,4
rua||helio lopes|colety|36880186|8,-2113871,-4237134;25,2,-15;35,8,-53;46,-10,54;48,-2,19;51,2,-5;54,0,-31;55,3,-7;56,1,13;58,1,-13;65,-6,-8;66,8,17;76,-6,-14;86,-4,-3;96,8,-20;106,-8,-19
rua||hellen maria|marambaia|36889432|16,-2113127,-4234828;17,9,1;18,8,6;160,-22,-10
rua||helson hastenreiter|bico doce|36880224|300,-2114131,-4236515
rua||helson hastenreiter|sao francisco|36880224|212,-2114076,-4236475;230,-14,-3;240,-12,-11
rua||helson hastenreiter|sao gotardo|36880224|19,-2113910,-4236394;55,-50,-28;85,5,9;95,-39,-17;145,-22,-19;157,-21,14;165,1,-26;205,-33,-20;225,-7,-18;245,-14,-9;285,-37,-4;295,-21,8;305,-35,-34
rua||henrique de oliveira ribeiro|joao xxiii|36883230|9,-2114694,-4237110;613,1,-8
rua||henrique hastenreiter|ceramica|36883013|15,-2113236,-4237540;25,48,10;31,-45,-12;40,7,4;44,11,2;51,1,-3;60,16,7;61,14,3;70,-27,-7;96,7,-2;201,-42,-9;235,9,0;264,46,16
rua||henrique veggi|joao xxiii|36883203|10,-2114605,-4236728;20,-2,-44;25,14,-23;32,-11,18;35,2,12;40,0,-29;49,2,25;62,-7,5;75,8,10;76,-14,15;85,6,-3;106,-8,28;107,3,-3;133,-2,7;141,-2,26;146,-6,6;151,5,8;164,-7,18
rua||hercules monteiro|marambaia|36889428|11,-2112968,-4234705;22,-2,1;60,-11,44;80,-1,-22;84,8,-8;87,10,-20;88,21,-18;89,48,-14;90,-58,21;181,-60,80
rua||hercules monteiro|padre tiago|36889428|28,-2113014,-4234630;48,8,-18;58,-8,2;68,6,5;69,16,-28;93,37,-53;158,-35,52
rua||hidemburgo vilhena|sao francisco|36881044|7,-2114049,-4236073;8,-6,14;16,-41,61;19,132,-172;30,-99,119;32,-15,-6;37,96,-96;39,-142,243;40,144,-236;47,-2,-7;57,-4,13;61,-167,235;70,159,-225;71,-162,228;80,141,-201;84,-25,23;87,-11,24;90,38,-70;91,8,6;95,-1,-1;97,-8,13;107,4,-1;127,-11,13;130,-13,3;133,61,-63;137,-53,66;156,-20,23;157,13,-21;167,-5,14;177,-14,6;196,-16,24;213,-21,30;218,-2,-6;248,-8,24;250,11,-9;265,-1,-1;266,-4,19;270,132,-185;276,-133,187;286,-16,12;296,-9,5;298,-18,34;301,29,-41;313,0,24;315,-4,-3;326,-18,5;335,12,8;336,-27,13;345,29,-9;355,-3,-4
rua||hilario francisco de almeida|santo antonio|36881117|2,-2113746,-4235747;25,66,-153;32,-61,139;35,55,-111;77,-62,143;81,5,-14;86,7,-28;97,-13,43;121,15,-51;133,-9,16;143,13,-6;160,4,-27;162,1,-3;164,-12,26;170,18,-32;180,-7,3;183,6,-10;184,4,-5;193,6,-1;200,-5,-4;210,15,-18;220,7,-6;225,-11,19;233,5,-5;244,7,-22;245,-1,12;263,1,-23;270,13,-10;279,-5,4;289,7,-17
rua||hilda godinho navarro|boa vista|36888007|55,-2112461,-4237205
rua||holanda|sao cristovao|36889315|28,-2113441,-4235678;29,-6,3;37,42,-14;40,-20,6;52,7,0;64,11,-7;81,11,-3;276,-66,22
rua||honorio muratori|encoberta|36889238|71,-2112793,-4235185;79,-15,-9;85,-9,6
rua||honorio muratori|porto|36889238|4,-2112796,-4235162;12,4,-18;20,16,5;25,-4,3;28,5,0;35,0,8;36,-6,10;47,14,4;50,-11,6;62,14,3;70,1,37
rua||humberto scala|dornelas|36884174|22,-2113097,-4238926;25,6,-5;26,-2,2;34,24,11;39,-10,-6;44,17,8;67,-2,2;77,-3,-6;300,-40,10
rua||h|sao joaquim|36886127|5,-2113933,-4240191
rua||inacio santo vi|jose cirilo|36886027|12,-2113574,-4239904;35,69,-30;65,-16,7;135,-80,27
rua||indaia do campo|residencial jardim das palmeiras|36880111|19,-2113548,-4236688;29,-18,13;59,-26,13
rua||independencia|centro|36881126|19,-2113351,-4236020;27,-15,8;31,7,-14;33,-6,0;45,-9,0
rua||independencia|santo antonio|36881126|291,-2113574,-4235933;301,2,6;309,-4,1;317,-6,-1;327,2,24;341,-5,1;357,-5,17;363,2,3;371,-10,22;373,-13,4;385,-5,-4;391,16,2;403,-7,28;411,6,4;425,1,13;441,-8,13;445,-8,3;453,-7,19;457,-16,3
rua||independencia|sao cristovao|36881126|81,-2113405,-4236033;91,-11,-4;97,-10,7;107,-11,-6;123,-1,-11;135,-12,-9;137,-10,12;153,-16,-6;161,-2,17;163,-7,7;183,-12,23;199,-5,1;215,-8,8;221,-1,8;223,-2,1;233,-15,8;261,-18,20
rua||independencia|vila de itamuri|36881126|700,-2099223,-4237206;1513,13,-8;1516,-16,14;1517,-4,-10;2722,-7,10
rua||iolanda freitas de castro|sao francisco|36881050|1,-2113916,-4236359;25,-7,16
rua||iracivo rodrigues da costa|colety|36880198|15,-2114161,-4237064;16,-11,-38;19,-2,7;20,13,21;23,-27,-50;35,16,43;36,5,5;41,-2,-13;46,7,-6;95,-11,-38
rua||irineu de faria mota|vermelho|36892500|60,-2110870,-4245651;61,167,-34;70,-173,38;74,-82,27;76,7,-2;78,-12,14;110,39,-30;343,229,-46
rua||irineu felisberto|jao xxiii|36883199|19,-2114418,-4237113;22,-6,36;24,1,28;41,1,-43;51,8,13;71,-14,11;115,-4,44;137,2,24
rua||irineu felisberto|joao xxiii|36883199|20,-2114417,-4237108;46,-4,18;71,-25,102;239,-4,7;308,17,-61
rua||isabel maria da silva paula|santo antonio|36881134|5,-2113729,-4235512;8,34,-18;9,19,-8;10,24,4;11,-2,-7;14,42,-21;15,-79,45;16,79,-42;20,-98,33;70,41,-13;80,8,3;81,20,-9;90,-1,-8;91,5,3;100,-6,-4;101,14,0;105,-80,45;109,85,-45;131,16,-14
rua||isaura napoleao magalhaes|napoleao|36887085|15,-2112905,-4239604;30,1,-19;38,-4,1;50,22,5
rua||israel pinheiro de lacerda|santana|36887120|169,-2113556,-4240646;187,82,45;205,-17,-23;215,-6,10;235,-19,-9;245,-1,-10;250,-15,8;255,7,-12;265,-18,1;275,-2,-8;320,-59,-51;325,-13,-18
rua||itagiba de oliveira|barra|36884056|12,-2113014,-4237831;16,-1,-10;26,-3,-41;42,-12,36;58,-8,2;65,0,-6;68,-16,7;75,9,-1;81,-20,-12;84,-1,4;92,-1,-1;93,-5,-1;100,-7,-2;103,-3,-11;108,4,5;113,-8,-6;124,-8,-5;126,-4,0;127,1,-8;138,-6,-1;141,1,-6;146,-8,-4;153,5,2;155,-13,-9;158,-4,0;169,2,-2;170,-70,-43;175,62,41;179,-5,-2;180,3,-2;186,-9,-4;194,-5,-8;200,-6,-5;201,4,-2;210,-13,10;211,18,-2;216,-21,-4;222,-5,-5;223,0,-7;231,-5,-3;232,-3,9;245,-6,-22;248,-1,13;249,1,-12;250,-7,4;253,14,4;258,-14,-7;259,-9,-1;263,1,-26;265,11,12;268,-17,4;280,-3,-2;285,-1,-15;287,-7,3;288,4,13;295,-8,-22;296,-7,8;299,1,-11;306,-5,16;309,-2,-26;310,2,22;316,-19,-14;317,10,-11;325,-12,-6;329,6,0;330,-5,14;333,-8,-11;335,-13,-7;344,13,14;346,-12,3;349,-11,-14;350,5,-3;360,1,-6;370,-12,4;371,-3,6;379,8,-24;380,-4,5;390,-2,0;403,0,-6;407,-1,-8
rua||italiana|santo antonio|36881131|30,-2113583,-4235715;39,-45,-14;40,5,0;42,24,15;44,-8,-2;52,11,3;91,27,20;98,8,15;168,-12,5;178,11,4;220,18,-18;276,6,6;318,-22,6;320,-8,-5;322,18,4;341,-8,8;517,-14,1
rua||italiana|sao cristovao|36881131|110,-2113532,-4235683;274,29,-16
rua||italia|sao cristovao|36889321|19,-2113572,-4235365;20,80,24;30,-124,-80;34,9,4;36,-3,8;39,59,38;42,-1,1;47,17,-190;49,22,223;55,-44,-36;57,29,-198;59,-50,180;60,0,3;61,15,11;65,32,34;91,-16,-16;93,-41,-157;98,-15,8;99,9,-5;102,-22,13;103,40,-21;104,-34,21;106,-18,10;110,-13,12;111,67,-45;112,-74,46;114,94,-72;115,-79,64;116,2,19;118,1,9;122,133,116;125,-61,-186;130,-74,77;135,170,-169;141,-4,10;142,-163,166;147,-5,-8;148,15,21;150,-10,-10;151,47,52;156,62,-176;166,3,-13;168,58,-75;176,-45,68;186,10,-5;200,15,-29;246,32,-13;256,-4,3;266,-1,-44;273,-4,5;281,-10,-12;287,3,-5;297,-6,-9;305,0,-10;313,-3,-12;315,-4,-7;323,6,-9;327,-2,-12;334,-1,2;343,-31,-8;345,17,-24;346,13,20;358,-11,-7;369,0,-9;370,-2,-10;382,11,-7;383,-11,0;385,-6,-15;387,-65,263;394,76,-258;396,-83,249;397,18,5;415,3,196;480,9,14;517,-20,-26;600,11,-2
rua||italo alo de melo|centro|36880121|17,-2113545,-4236690;37,8,7;61,21,4;69,-2,-4;77,9,-2;140,43,-25
rua||itamar magalhaes|inconfidencia ii|36889398|12,-2112540,-4234533;22,3,-1;31,115,-110;32,-107,106;42,10,-12;52,8,-1;62,8,1;72,11,-8;82,6,-1;92,0,-5;102,14,-10;112,2,-4;122,5,-12;132,4,-10;142,3,-1;154,10,-13;164,0,-9;176,14,-15;216,18,-18;220,-24,-13;250,39,-1;260,4,-1;270,16,-13
rua||itamuri|centro|36880046|29,-2113217,-4236144;44,18,13;45,-22,-7;47,7,0;49,-2,7;53,7,12;58,0,-6;60,15,14;61,6,36;79,-13,-17;91,1,-7;92,6,2;102,17,18;115,-4,0;116,-5,26;130,-2,-6;135,10,1;155,-14,-1
rua||ivo junqueira passo|vermelho|36892500|30,-2110865,-4245030;40,6,-17;50,-2,-13;70,0,-20;80,-1,-8;90,2,-12;100,-2,-19;110,-2,-6;125,3,12;130,-4,-25;135,3,14;140,-4,-14;150,2,-13;155,8,14;160,-10,-22;170,3,-12;175,4,15;180,1,-24;185,0,10;190,-1,-18;195,5,11;200,-11,-30;210,3,-3;215,5,13;220,-4,-26;230,-2,-6
rua||izaltina de abreu|jose de abreu|36883176|14,-2114272,-4237565;30,12,-47;50,10,-15;90,51,-79;100,-3,-1
rua||izaltina de abreu|planalto|36883176|123,-2114212,-4237710;235,8,-1;265,38,-65
rua||izanel conceicao do nascimento|safira|36883039|51,-2113360,-4237372;61,3,-5;71,1,-12;75,-11,-8;79,29,9;91,-25,-4;95,2,6;105,18,15;111,-13,-33;119,-16,6;121,8,8;450,26,28
rua||izon dias duarte|sao francisco|36881048|8,-2114018,-4235625;9,-16,3;10,-2,-2;11,-10,9;12,-11,-8;13,-5,-11;20,203,-617;22,-98,75;25,109,-71;36,-300,212;38,67,-65;40,35,-36;50,178,-118;55,-4,-1;60,-6,-4;70,-7,5;80,-6,5;88,-10,15;90,-5,-12;107,-10,29;110,-39,1;112,3,14;116,-21,-8;124,-9,43;125,54,-48;131,-15,9;134,-48,44;135,49,-25;138,-53,31;180,-20,4;218,3,7;225,-5,2;230,-3,8;235,-9,6;250,-8,4;255,-15,-1;260,-5,12;285,-11,7;295,-12,21;299,-113,106;310,100,-103;315,2,-3;320,-17,20;340,-7,0;345,17,-5;365,-16,11;375,-9,-4;376,-5,5;398,-29,26;405,16,-15;433,-13,21;434,-24,18;470,-21,31;494,-2,15;500,-6,9;504,-2,-3;520,-17,13;530,25,27;540,-15,-1;550,-7,22;605,11,-3
rua||jacinto vaz|vila de belisario|36880001|6,-2092565,-4245848;10,-7,-3;11,-4,-10;15,22,9;17,2,5;50,10,12;60,-16,-12;744,-31,-12
rua||jader luiz gusman pedrosa junior|vila de pirapanema|36880001|1,-2107401,-4250485;2,4,-11;3,-11,1;6,15,89;30,20,43;33,-24,-97;60,-5,99;70,1,2;107,1,-94;110,7,59;115,1,-34;250,2,11;6231,-3,-4
rua||jair cardoso de melo|cardoso de melo|36887240|20,-2112524,-4240525;45,-9,25;49,-3,14;77,14,-37;81,3,-19;120,13,-27;255,-38,93
rua||jardim america|sao pedro|36889178|3,-2112693,-4236097;7,-5,17;8,0,19;9,-3,10;10,27,-123;12,-40,162;13,-4,4;14,43,-132;15,1,15;25,7,-34;36,-5,3;38,-2,-15;79,-32,135;200,-8,18;238,46,-136;300,-20,55;310,3,-8;345,12,-31;390,6,-45;400,0,-5
rua||jeberson gomes de souza|recanto verde|36880003|50,-2111536,-4236726
rua||jerico|marambaia|36889420|20,-2113016,-4234602;30,60,8;40,-7,9;50,2,-21
rua||jerico|padre tiago|36889420|140,-2113050,-4234616;150,-30,4;160,0,-15;161,-1,1;170,-8,-6;171,1,-2;180,-3,-12;181,-6,2;190,3,-4;191,-10,3;200,3,-6;201,-6,2;210,0,-4;211,-13,-7;220,8,-5;221,-8,1;231,-6,-4;240,-3,-10;241,0,0;250,-3,3;251,-16,-12;260,9,1;261,-10,-4;270,1,0;271,-13,-3;280,7,0;290,-13,-7
rua||jhon cardoso de melo|cardoso de melo|36887242|1,-2112539,-4240480;20,7,-6;30,2,0;50,14,1;51,28,-12;60,-12,4;80,22,-5;90,1,0;91,32,-10;92,-4,3;100,-20,6;102,7,-17;110,2,5;120,7,4;130,45,-11;134,5,0;140,-13,9;145,77,-24;150,-107,19;160,38,-10;170,7,-3;180,9,4;190,3,1;200,13,-12;205,-4,11;210,11,-15;220,11,5;223,-138,31;230,147,-28;240,9,-1;250,11,-5;255,6,-7;264,11,1;284,16,-4;285,2,4
rua||joana zem|gaspar|36888126|5,-2112007,-4238288;6,3,5;25,7,4;30,-1,1;40,1,2;45,-10,-4
rua||joao alves bitencourt sobrinho|bom jesus da cachoeira|36892000|27,-2125882,-4240316;31,15,37;37,-27,-27;49,-6,-30;55,-1,-40;67,0,42;145,-3,-14
rua||joao balbino de souza|vila de belisario|36880001|5,-2092685,-4246007;15,15,-17;40,31,-15;42,-33,-25;44,1,8;45,-8,-9;55,3,1;57,-6,-2;65,3,0;80,32,5
rua||joao batista ferreira|planalto|36883151|4,-2113861,-4237637;5,-13,8;6,2,-8;7,-14,4;8,4,-7;9,-12,-3;10,5,-3;11,-15,8;12,6,-8;13,4,4;14,-18,2;15,-6,-17;16,-1,8;17,-5,5;18,0,1
rua||joao batista pinheiro|bom pastor|36887176|15,-2112941,-4240728;16,2,4;25,6,5;26,6,0;36,-8,5;46,13,9;56,7,5;359,25,27;470,-15,-18;480,1,6;490,5,12
rua||joao batista soares|joao xxiii|36883202|10,-2114414,-4236962;15,30,-7;20,-106,71;25,86,-61;34,-101,84;35,88,-69;45,-1,2;55,-21,10;60,-10,7;75,5,7;80,-27,4;88,6,-1;100,-19,18;105,16,-7;115,-13,7;120,-6,14;125,3,-3;135,-7,0;145,-10,3;150,-9,6;155,5,5;165,-6,8;166,-4,-7;175,1,12;186,-34,11;195,24,-11;202,-34,17;209,18,-6;220,88,-82;225,-103,83;226,-15,12;235,8,-3;238,-22,10;249,29,-12;250,-40,13;260,-13,8;270,-3,9;273,-10,-8;280,-2,6;290,-5,0;310,-32,13
rua||joao braga filho|centro|36889180|5,-2112929,-4235870;25,-24,-12;28,36,29;30,17,7;34,20,6
rua||joao braga filho|rodovia br 356|36889180|9,-2112943,-4235927;10,-16,-1;11,20,10;12,11,-9;40,-38,-45;44,3,-35;46,13,25;50,-36,16;60,22,13;70,13,7;135,8,24;150,24,40;200,-17,-42;201,-26,-36;240,5,-17
rua||joao cardoso de melo|cardoso de melo|36887236|4,-2112636,-4240440;10,-7,4;17,3,-9;20,9,-5;30,7,4;40,14,0;41,16,-6;50,-21,7;60,15,-11;70,-16,0;80,39,3;90,4,-14;110,-5,7
rua||joao crisostomo|centro|36880051|2,-2113099,-4236031;10,-17,-5;15,9,2;18,-6,-9;35,-6,5;36,-4,4;39,-7,-10;42,-6,8;45,1,-1;52,-1,-4;54,-19,25;65,13,-14;70,-12,1;71,5,0;77,-33,-2;94,59,-1;103,-66,4;110,-7,-8;115,-2,6;123,-12,2;125,-5,1;126,6,-6;135,-16,0;136,3,7;139,-4,-9;143,-3,26;146,1,-21;150,-8,5;155,6,-4;157,-7,-4;164,-5,18
rua||joao de souza|vila de belisario|36880054|5,-2092484,-4246085;6,-13,-17;15,-68,146;20,4,-18;25,49,-115;49,-35,37;53,-6,-14;90,-10,144;190,19,-101;210,-5,17;729,-4,-17;1703,-22,87;1711,11,-40
rua||joao dornelas|dornelas|36880005|680,-2113025,-4239319
rua||joao dornelas|dornelas|36884179|7,-2113115,-4238932;11,-8,44;16,-8,18;21,10,-18;35,7,-12;45,-11,-23;55,1,2;149,16,-41;232,-21,96;248,9,-28;268,6,-13;282,-2,-19;287,43,-245;290,6,-13;300,-25,122;306,-20,104;320,63,-287;335,-33,200;336,-22,71;340,56,-270;345,-56,263;353,14,-3;356,-8,-11;359,7,-2;368,-19,-10;369,21,8;371,-9,-13;373,19,10;381,30,-235;383,-49,221;386,1,-8;390,2,-13;405,53,-232;408,-60,227;412,0,-10;416,13,1;419,-8,10;421,1,-8;423,21,-6;427,-13,-17;428,-2,11;436,5,-14;444,-3,-5;450,1,-9;451,11,-2;453,-10,6;455,1,-17;457,-2,-98;458,-5,107;459,11,-27;463,5,4;464,-11,14;470,4,-9;473,13,-47;480,-8,36;496,4,-3;506,-9,-18;516,3,-8;526,13,-17;536,-9,-18;578,16,-30;588,-2,3;599,7,1;600,2,-15;619,-37,4;620,45,-34;629,4,-21;638,-8,2;649,5,25;680,11,-48;719,-36,111;759,23,-41;838,-7,-59
rua||joao elias|planalto|36883155|26,-2114004,-4237645;31,18,2
rua||joao faria mota|bom jesus da cachoeira|36892000|65,-2126136,-4240508;110,26,13;130,20,14;136,10,0;145,-59,-23;149,-3,-4;160,78,33;161,-4,3;165,-21,-7;170,0,-9;197,-32,-11;220,10,2;230,37,17;232,-46,-18;268,57,27;270,115,74
rua||joao feres|gavea|36889014|19,-2112629,-4237017;40,16,17;50,0,-3
rua||joao grossi|centro|36880050|13,-2113109,-4236104;14,-15,10;15,-6,-18;17,2,15;22,0,2;29,-10,1;33,-10,-10;37,-16,11;48,15,9
rua||joao lourenco da costa|cardoso de melo|36887200|206,-2113055,-4240038;236,-9,-7;241,-3,-103;261,15,96;271,-8,-6;291,0,-16;294,-1,-27;310,2,-6;321,-1,4;351,-1,-29;360,0,-14;370,-6,-7;371,9,34;380,-7,-41;381,-5,-7;390,1,-5
rua||joao micael|sao joaquim|36886124|8,-2113652,-4240021;10,0,13;16,-30,-51;18,0,-4;32,-9,8;55,-3,-19;79,-12,-2;89,-7,-12;92,21,10;102,-7,-5;112,-10,-10;122,-7,6;132,1,-9;142,-14,-10;180,-53,-5;181,-13,-5;182,27,9;188,15,-13;199,-2,-9;203,-62,7
rua||joao natalino do nascimento|sao domingos|36892200|60,-2095984,-4247488;70,12,-11;80,6,-4;200,-24,0;210,-7,-12;220,29,5;504,-31,35
rua||joao pedro jose|franco suico|36886163|17,-2113578,-4240246;24,-48,14;27,8,-10;39,-31,17;51,8,-13;61,10,2;71,30,-8;81,-8,3;141,54,-5;209,43,-4;211,11,-4;225,-33,4;231,19,-5;233,-10,19;235,-10,-9;255,0,2
rua||joao pedro jose|jose cirilo|36886163|16,-2113672,-4240233;20,136,-16;26,-126,6;30,109,-7;36,-98,5;38,7,1;40,143,-11;42,-30,2;46,-91,-9;56,-10,20;66,6,2;76,22,-3;96,6,-8;106,-18,4;112,58,-3;126,-16,3;136,5,2;186,39,-4
rua||joao pessoa|edgar miranda|36889374|19,-2112640,-4234971;21,6,-6
rua||joao pessoa|kennedy|36889374|2,-2112608,-4234950;8,-50,-23;12,-42,13;20,-10,3;30,6,4;50,15,-5;60,12,0;70,9,-4;80,13,7;100,9,-28;110,10,9;127,42,-8;130,-16,13;135,32,-5;183,-149,14
rua||joao salvato|inconfidencia ii|36889402|14,-2112592,-4234588;21,13,34;24,-1,-40;34,8,-3;46,7,-7;56,3,10;68,16,-14;78,0,-4;88,7,-1;101,19,-18;130,6,5;138,-149,-150;140,171,34;149,12,79;161,-7,2;180,5,-32;200,34,3
rua||joao sanches de abreu|jose de abreu|36883170|1213,-2114265,-4237808;1384,-233,-116
rua||joao vicente|santana|36887114|5,-2113552,-4240513;15,-2,0;20,13,37;21,-14,-30;22,7,14;27,4,3;28,-5,-18;29,3,13;30,5,13;31,-6,-42;36,-5,3;260,-6,16
rua||joao xxiii|edgar miranda|36889368|5,-2112568,-4235157;62,5,9;112,-7,5;120,12,5
rua||joao xxiii|inconfidencia ii|36889368|7,-2112493,-4235066;17,3,5;27,5,11;35,8,2;53,-89,-123;61,-1,14;63,-9,30;118,64,43;133,-32,-46;145,8,6;151,19,35;159,-29,-26;161,51,32;164,-7,2;171,3,8;197,-39,-34;209,9,10;250,7,6;253,1,4;272,6,2
rua||joao xxiii|inconfidencia|36889368|172,-2112544,-4235133;180,-5,3
rua||joaquim de castro galvao|vila de pirapanema|36880001|33,-2107487,-4250181;50,-18,-8;215,47,-19;221,7,29
rua||joaquim floriano|dornelas|36884184|15,-2113116,-4239413;16,9,9;25,5,-21;35,9,-7;36,0,6;45,16,21;46,-24,-36;55,-5,-32;65,34,26;66,-7,-22;75,12,15;76,2,6;85,53,60;86,-83,-75;95,53,11;115,1,2;119,8,-24;125,-8,-17;135,8,0
rua||joaquim geraldo de almeida|planalto|36883057|1,-2113767,-4237417;5,-2,-13;10,-113,-49;14,110,62;15,-19,-3;16,7,5;18,-75,-57;19,61,32;20,4,25;25,10,-20;35,-13,0;42,-16,-10;45,11,3;46,-29,-11;55,16,10;60,0,-1;65,-13,-12;70,9,11;75,-18,-18;80,7,3;110,-23,2;111,-12,-13;115,23,10;120,-23,-13;205,80,56;502,30,-14
rua||joaquim mercedes pedrosa|cardoso de melo|36887234|10,-2112790,-4240475;20,34,0;27,80,38;28,13,1;30,-149,-52;34,132,40;44,-6,0;54,-2,7;64,-14,-7;74,-4,-7;80,-58,-19;84,44,8;90,-33,-20;94,28,32;100,-21,-6;104,17,-2;110,-12,1;114,2,-4;124,-5,-6;130,21,18;134,-31,-24;140,40,20;144,-45,-16;150,47,18;154,-66,-17;160,80,21;170,13,6;180,5,-2;194,-142,-50;205,13,4;210,153,59;218,-174,-57
rua||joaquim neres do nascimento|santo antonio|36881128|25,-2113591,-4235773;35,5,-3;45,14,18;55,6,-3;56,8,-5;75,3,19
rua||joaquim ribeiro de carvalho|santa laura|36889500|11,-2113629,-4233953;104,66,-122;190,19,207;354,-148,-10;710,25,-26;720,15,-12
rua||joaquim ribeiro|bom jesus da cachoeira|36892000|10,-2126067,-4240640;20,-21,-139;29,39,42;44,-22,44;48,-7,52;50,-3,-24;65,26,-25;70,-9,-82;190,-22,-6;1001,4,3
rua||joaquim rodrigues de almeida|sao joaquim|36886090|2,-2114397,-4239817;3,-8,1;4,36,-40;5,53,-45;7,-127,108;8,4,21;9,-2,2;10,74,-76;11,-17,13;12,86,-53;13,-5,10;15,-24,-8;16,-1,26;17,6,14;18,-32,-13;19,-5,5;21,-14,17;22,-3,-4;23,-36,35;25,112,-117;26,-121,144;28,-17,11;75,40,-55;123,31,-23;215,-51,53
rua||joaquim teixeira leite|vila leite|36888199|71,-2111579,-4238113;72,-20,-15;73,0,4;135,16,22;145,7,9;520,-9,-47;530,3,-10;901,-8,100;907,9,-32;1577,-21,-35;1659,24,-6;1739,-3,-9
rua||joaquim teixeira leite|vila leite|36888202|19,-2111632,-4238002;25,13,-10;35,5,-11;136,28,-72;183,-52,97;342,-22,-3;356,39,-12;368,-12,6;446,16,-9;448,-2,-1;450,-1,-8;609,10,-3;711,10,-3;771,22,27;793,-18,-41;1113,14,-69;1962,-1,-13
rua||joaquim teodoro da silva|bom jesus da cachoeira|36889200|105,-2126127,-4240538;162,-19,18
rua||joaquim teodoro da silva|bom jesus da cachoeira|36892000|154,-2126157,-4240515;173,8,-6;191,-14,17;221,22,-25;225,-24,21
rua||joaquina balbina|santana|36887122|70,-2113442,-4240571;71,4,15;73,1,-2;79,-4,-5
rua||joel antunes pereira|sao domingos|36892200|75,-2096053,-4247582;115,10,-7;130,-59,48
rua||joel de abreu lopes|sao fernando|36880161|1432,-2121295,-4245212;1434,-5,-22;1436,-4,-24
rua||jorcelina miranda|inconfidencia ii|36889366|40,-2112538,-4235177;60,10,12;65,32,23;70,-3,12;74,23,26;79,-33,-46;80,6,0;130,19,38
rua||jordy ricky da silva martins|villa real|36880290|75,-2114398,-4236142;95,-8,16
rua||jorge barroca|sao francisco|36881035|51,-2114002,-4235786;70,-2,-8;80,-6,4;85,0,3;90,-8,9;95,-7,-1;100,3,2;105,-6,5
rua||jorge feres|santa laura|36889518|10,-2113160,-4233829;275,-18,10;335,5,3
rua||jorge porcaro|centro|36880098|4,-2113392,-4236681;8,-7,-56;16,-1,64;26,7,-37;42,0,-2;50,-21,-25;72,3,1
rua||jorge rodrigues barroca|sao francisco|36881035|25,-2113971,-4235800;35,-11,6
rua||jorio cavalcanti de andrade|colety|36880196|12,-2114110,-4237141;31,-1,38;32,-5,5;41,5,-16;45,-11,-3;55,6,-5;57,5,-12;88,-2,-16;91,1,-4;145,3,-8;464,1,29
rua||jose anastacio celeiro|joao vi|36883272|22,-2114759,-4237822;27,-2,18;34,-6,-2;39,-2,16;46,-5,-3;51,-2,10;58,-6,-9;63,0,11;70,-10,0;82,3,18;87,-4,3;94,-6,1;99,-5,11;106,-5,-5;111,-1,12;118,-7,-7;135,-6,25;147,-10,6;159,-10,8;171,-3,13
rua||jose antonio amaro|jose cirilo|36886011|3,-2113212,-4239730;7,35,16;10,43,-7;11,13,-36;14,5,-2;15,-104,15;16,119,-21;17,10,1;18,2,10;22,18,-7;30,-102,29;34,-43,-55;35,42,50;36,60,-23;40,-51,-18;41,-11,25;42,3,-4;43,5,4;44,-51,19;47,10,5;48,13,-25;50,44,-4;51,0,7;53,4,-11;57,-46,39;58,-67,-3;61,119,-23;101,55,-22;140,-17,22;165,2,-17;171,26,-3;199,-109,17;201,37,-9;209,20,7;229,20,-10;582,-142,32
rua||jose antonio da silva|ceramica|36883040|7,-2113304,-4237460;8,2,-7;9,-5,5;88,-6,32;118,3,-17;120,-10,62;130,-11,-18;132,11,-4;133,12,-7;134,-7,-15
rua||jose antonio da silva|safira|36883040|22,-2113316,-4237373;51,-10,-14;81,0,-15;88,11,-26;106,-15,5;109,-20,-14;110,-4,-8;115,8,10;141,26,17
rua||jose antonio de freitas|chacara doutor brum|36889045|25,-2112604,-4236616;90,-21,67
rua||jose antonio gomes|vermelho|36892500|11,-2110890,-4245510;12,-6,-7;13,0,-6;15,-2,-16;16,1,-15;18,6,-14;19,-3,4;20,13,-31;53,8,151;75,-27,-38;200,18,-111;207,35,-18
rua||jose augusto de abreu|augusto de abreu|36883031|560,-2113898,-4237351;579,-13,-13;580,8,-9;620,-37,-22;660,-4,-9;670,-8,-3;674,27,36;680,14,-28;684,-19,19;700,-35,-24;702,-10,-13;710,-30,19;742,21,-13;750,9,-20
rua||jose augusto de abreu|jose de abreu|36883031|744,-2114076,-4237389;756,21,-2;760,-27,7;778,-13,0;780,-24,-3;800,-1,2;820,-12,3;850,-10,0;900,-27,-29;910,1,-1
rua||jose augusto de abreu|safira|36883031|8,-2113541,-4237119;10,-99,-195;15,119,164;18,1,-7;20,-2,-12;45,-31,-11;55,36,19;67,-30,-22;91,-7,-4;95,-29,16;143,-30,-46;149,3,10;150,78,42;155,-86,-65;163,3,-2;169,-1,-2;177,4,-1;187,-2,-22;193,5,-19;207,-4,-7;223,-4,-12;233,-2,-18;241,-10,1;247,-11,5;255,-18,-5;263,15,-8;282,-17,-13;288,-11,7;289,-4,2;291,-12,-5;305,-4,9;317,-14,7;322,193,202;332,-195,-210;336,93,70;337,-108,-55;340,-8,10;345,2,-20;349,-6,0;353,-18,11;356,7,-10;366,-5,12;379,-12,8;385,6,-10;386,-30,-3;387,28,1;388,-6,8;389,-15,4;390,4,5;392,1,-21;396,-29,15;397,21,-4;400,-5,2;403,-10,3;409,-2,-6;419,-16,10;429,-8,-2;437,-8,-14;440,1,2;445,-7,8;459,-6,0;463,-5,-2;474,-9,-6;476,9,-18;479,-14,17;489,-7,-8;493,-11,-8;499,7,3;510,4,7;511,-7,-9;512,5,-25;517,-10,18;518,-2,15;519,8,-30;520,15,19;523,-34,-20;527,0,-3;531,-12,-12;540,25,26;541,-40,-36;545,-17,-13;551,33,22;561,-32,-20;570,71,49;572,0,-1
rua||jose augusto soares canedo|chacara doutor brum|36889060|25,-2112680,-4236286;35,25,-14;45,-23,-8;90,-18,-18;165,30,-99;200,-6,-13
rua||jose bernardino dos santos|gaspar|36888115|34,-2111968,-4238430;36,-33,2;45,36,-10;54,-24,9;65,22,-6;87,-24,3;88,-1,5;96,-1,1;98,-1,-5;316,-5,11
rua||jose borges abrantes|centro|36880063|1,-2113349,-4236087;5,-3,14;20,3,21;25,7,43;26,-10,-58;30,-23,5;41,9,5;45,12,7;50,-20,-8;68,-5,-4;70,-26,5;86,-6,-3;96,15,4;98,-37,-3;102,37,-12;110,-56,10;129,26,29;135,-16,18;137,9,-62;145,-21,13;291,102,-32
rua||jose botaro|sao pedro|36889184|14,-2112729,-4235777;41,7,27;45,17,2;53,-11,-9
rua||jose carlos sobrinho|barra|36884108|2,-2112962,-4238232;130,-29,-30;139,-4,-1;140,-5,-8;170,-34,-9;190,-11,-4;200,-19,14;260,-44,32;265,10,-6;413,82,-37;415,-2,-3
rua||jose celestino de almeida|safira|36883046|20,-2113330,-4237560;21,23,12;30,-30,-21;49,-8,-25;60,11,9;61,-34,-9;71,31,2;79,-21,2;80,3,-4
rua||jose clovis filgueira aquino|alterosa|36880243|10,-2114245,-4236557;15,-8,-7;20,-55,0;21,18,-7;27,40,2;39,-8,8;51,-18,5;61,-10,-12;70,-9,3;73,-13,2;75,-22,2;80,27,-3;83,-12,3;85,-4,-4;104,-52,3;110,40,-4;120,-16,4;123,5,-3;145,-27,3
rua||jose correa do prado|sao francisco|36881004|8,-2113476,-4236276;12,-2,-20;26,-1,-6;27,5,7;28,0,11;29,7,0;30,-8,17;31,9,11;32,2,3;34,-20,-45;35,10,40;37,-3,-18;39,5,23;41,-11,-68;42,7,6;81,1,67
rua||jose dos santos|vila leite|36888193|51,-2111874,-4238048;115,137,21;170,393,-118;215,-268,171;655,300,-65;693,-349,48;711,15,-5;823,86,-5
rua||jose duarte filho|gaspar|36888117|6,-2111992,-4238399;44,12,9;45,14,7;55,0,15;348,0,-22;350,12,6
rua||jose euzebio de barros|alto do castelo|36881090|23,-2114421,-4235927;28,9,-17;35,-5,9;47,7,-10;48,2,-14;59,4,7;60,7,-14;72,9,-9;73,-11,12;83,7,-9;84,5,-14;89,-6,10;95,9,-8;96,2,-9;101,-7,7;107,8,4;108,8,-24;113,-6,14;120,12,-18;135,-4,11
rua||jose francisco portilho|franco suico|36886175|49,-2113519,-4240335;67,20,62;175,-22,-34;186,25,43;200,-20,-82
rua||jose freitas lima junior|safira|36883045|2,-2113440,-4237526
rua||jose freitas lima|safira|36883045|14,-2113441,-4237543;16,0,17;18,7,5;28,14,-11;34,10,24;38,-7,-14;44,12,14;50,13,15;54,6,20;68,15,-13;70,8,-7;145,-27,58;146,4,-9;148,3,3
rua||jose guarino|centro|36880053|3,-2113155,-4235990;13,15,-4;20,-1,-11;30,-9,4;38,19,4;40,10,0
rua||jose inacio dos santos|padre tiago|36889428|43,-2112904,-4234682;53,-15,2;63,-9,-18;73,-3,-3;83,-11,-6;93,-8,-3
rua||jose lazaroni|boa esperanca|36889076|73,-2112635,-4236342;100,-14,23;110,26,-17;160,-54,46
rua||jose martiniano de calais|vila de belisario|36880001|2,-2092610,-4246067;6,5,-3;10,-3,7;23,-18,12;31,-12,14;32,0,14;34,-4,-1;37,-4,8;43,-5,12;44,-14,23;75,39,-76;100,-15,34
rua||jose maximo ribeiro|bico doce|36880180|31,-2113664,-4237085;43,5,-26
rua||jose maximo ribeiro|bico doce|36883190|26,-2113694,-4237114;30,-4,-15
rua||jose maximo ribeiro|colety|36883190|25,-2113653,-4237122;33,-6,-2;41,-36,-5;67,10,8;95,-32,-33;105,21,-1;106,-170,-56;133,130,39;143,-14,1;163,-11,-13;203,-126,-44;213,95,31;223,-30,-24;241,3,-7;259,-13,1;271,-12,-10;275,-142,-2;301,79,7;331,-18,1;351,-21,3;391,-43,22;411,-7,-27
rua||jose maximo ribeiro|joao xxiii|36880180|33,-2113738,-4237167;35,-27,-9;100,29,15;615,-587,-274;1165,-51,-254;1175,-6,-9;1195,-22,-33;1265,-53,-75;1295,-14,-39;1313,-11,-23;1333,-53,4;1555,-76,-149
rua||jose maximo ribeiro|joao xxiii|36883190|23,-2114020,-4237218;24,62,-20;270,163,34;280,-90,-10;340,31,-9;360,-24,6;376,-16,-18;380,-14,7;390,-16,0;410,-6,-5;435,-66,-32;445,-23,27;450,47,4;474,-28,6;475,-54,4;490,50,2;500,-5,-10;505,-65,-6;510,56,18;520,-18,-12;530,-9,-17;536,-3,20;545,107,-153;553,-165,148;554,51,13;557,-13,-4;568,18,-11;581,-79,-26;584,55,39;595,-69,-44;656,25,6;659,-42,-143
rua||jose maximo ribeiro|jose de abreu|36883190|780,-2114318,-4237591;922,-44,-118;1034,34,108;1052,-11,-26;1108,-30,-63;1180,-33,-49;1204,-36,-69;1284,-30,-18;1298,-14,-9;1384,-53,-61;1394,-6,-11
rua||jose nacif lipus|planalto|36883142|5,-2113793,-4237702;6,-2,-7;8,17,-11;10,-5,2;12,-15,-2;14,-6,2;16,-16,13;27,-6,2;29,-2,2
rua||jose nelson carneiro de melo|cardoso de melo|36887204|6,-2112875,-4240336;8,3,22;10,-140,163;11,-14,11;12,-11,11;20,149,-177;32,-6,19;56,-17,12;60,1,8;88,-22,21;132,-23,30;146,-1,13;154,-7,7;164,-8,4;175,-2,9;176,-9,5;179,-8,-1;185,4,8;188,-2,-3;200,-11,5;210,-7,1;220,-8,6;230,-7,8;240,-9,4;250,-3,6;265,-15,14;310,-4,1;350,6,-7
rua||jose nunes magalhaes|bom jesus da cachoeira|36892000|154,-2125882,-4240498;281,9,6;1549,2,-4;1555,-41,-23;1558,25,10;1561,-5,-1;1562,-4,-5;1570,-9,-1;1609,-22,2
rua||jose olegario|aeroporto|36887055|10,-2112702,-4238603;26,-8,-9;36,-4,-6;39,-8,1;42,3,2;52,-3,-11;68,-5,-6;76,-7,-6;87,-13,3;90,13,-6;96,-9,-10;105,-5,-1;117,3,0;120,-3,-3;126,6,-15;129,-14,2;136,-3,-10;139,-1,-1;144,-1,-8;147,-1,-1;149,10,0;151,-5,3;153,-8,-5;156,4,0;166,4,-11;167,-2,-3;169,-1,-21;176,-5,18;177,15,29;181,-26,-25
rua||jose pedrosa|aeroporto|36887051|12,-2112676,-4238696;21,-9,4;22,1,4;30,-5,-7;33,-9,1;40,-13,-8;47,6,4;48,-3,-7;49,12,7;55,-18,-15;56,4,1;69,23,21;78,-33,-35
rua||jose pinto da rocha|bom jesus da cachoeira|36892000|50,-2126005,-4240717;149,3,-21;151,-1,12;156,14,53;166,39,52;168,6,12;170,3,-2;172,13,21;185,11,48;192,-9,-16;195,5,11;198,-48,-105;212,11,28;219,21,23;260,-14,-13;266,-53,-113;271,8,31;280,38,81;300,0,-7;321,-18,-40;479,-26,-43;1618,82,169
rua||jose pinto de souza|vale do castelo|36881056|5,-2114074,-4236226;11,-18,-32;13,18,30;14,-4,-9;15,-8,-19;26,17,6;40,3,19;50,-8,2;55,8,11;61,0,2
rua||jose pires junior|sao francisco|36881006|3,-2113518,-4236251;4,-5,-19;5,2,9;9,-5,-55;10,1,17;11,4,13;12,1,4;13,-2,9;16,0,37;17,7,-2;20,-4,-40;21,2,8;22,-5,-22;23,5,37;25,-6,-54;66,-1,3
rua||jose roberto cabral|sao joaquim|36886120|1,-2113826,-4240004;7,-10,-10;22,2,-2;25,-3,11;29,-116,-62;32,115,53;42,-6,-5;45,-12,-1;52,-8,-14;55,19,1;58,-23,21;78,-9,-34;80,1,23;81,23,5;83,-39,-23;85,12,20;88,-25,-22;98,5,4;103,11,3;105,-11,-1;108,-5,-2;115,-4,-6;118,-6,3
rua||jose rodrigues de oliveira|inconfidencia ii|36889394|9,-2112387,-4234502;10,-68,0;21,51,2;31,-38,-14;33,26,4;43,100,-60;53,-151,60;59,18,7;75,-4,1;87,-15,-3;103,-11,0;119,-14,5;129,-5,0;139,-3,-2;159,-19,4;175,15,-6
rua||jose rodrigues marthos|centro|36880107|25,-2113679,-4236484;52,-19,23;64,5,1;66,8,-2;72,13,5;76,-1,-7;84,13,3;85,0,2;151,-20,-40
rua||jose rui barbosa|aeroporto|36887039|5,-2112607,-4238677;28,-19,8;31,-9,23;32,7,-17;41,2,9;44,-8,-4;51,-6,2;67,-8,13;77,-8,7;81,-12,2;87,6,0;90,2,7;102,-14,8;103,-2,-8;110,-1,9;111,-3,0;117,-13,2;131,5,17;141,2,-1;154,81,-74;156,-11,9;165,0,-6
rua||jose schettine da mata|joao xxiii|36883202|40,-2114646,-4236762;60,-4,25;80,3,23;100,-11,18;120,-4,22;156,-6,30
rua||jose schettine da mata|joao xxiii|36891899|5,-2114657,-4236661;7,6,-23;13,8,-55;35,5,-27;79,-7,42;101,-2,9;163,-11,72
rua||jose simao|joao xxiii|36883220|1,-2114816,-4236795;1020,9,-8
rua||jose soares de oliveira|cardoso de melo|36887214|10,-2112807,-4239967;25,6,-16;125,-11,-24;185,19,26
rua||jose tomas|aeroporto|36887049|12,-2112658,-4238757;13,-1,0;18,-7,0;19,7,2;27,-14,1;28,5,-2;35,-6,4;37,-6,-5;62,-19,6;224,21,-5
rua||josefa do amor divino|planalto|36883060|5,-2113668,-4237641;8,-1,13;9,-57,63;10,44,-51;12,-15,3;20,-80,121;22,99,-120;27,-88,85;30,-41,49;34,126,-127;35,-119,119;37,88,-88;40,-96,92;45,-8,13;50,-6,-11;55,-10,-7;57,143,-126;64,4,8;65,-148,122;70,145,-115;71,-9,0;72,-2,5;75,-146,105;80,145,-88;85,-150,96;100,134,-88;108,-6,4;109,-26,35;110,8,-19;111,9,-12;120,-46,38;122,43,-21;130,-6,8;133,40,-71;135,-8,18;150,-43,52;156,1,5;159,-17,22;160,13,-19;180,-15,17;190,-13,27;200,-5,-5;210,-12,5;216,16,-11;232,116,-137;260,-163,155;400,-9,-11
rua||josefa zem|gaspar|36888120|7,-2112098,-4238162;76,6,-8;158,0,-7;168,3,-2;186,2,-14;200,6,-6;214,-17,112;216,-18,-18;217,4,-6;218,-2,-11;234,10,-8;244,1,-16;249,4,29;251,12,-11;261,-6,-13;271,7,5;279,-16,-10;289,10,20;299,3,-53;313,2,-2;325,7,-16;335,4,-4;345,1,-9;355,4,2
rua||josina rodrigues de melo|sao francisco|36881009|33,-2113595,-4236344;90,1,22;96,5,-24
rua||josina rosalina da silva|sao domingos|36892200|78,-2095996,-4247428;79,10,50;150,-33,-81
rua||judite santos|santo antonio|36881120|19,-2113741,-4235793;40,-7,-19;47,-18,-8;49,9,0;59,-9,-8;69,-8,-16;71,-4,4;89,-13,-12;153,41,50;157,10,10
rua||judith leite correia|gaspar|36880003|2,-2112158,-4237928;61,184,342;220,-123,-198;410,116,181
rua||judith pompei|joao xxiii|36883223|46,-2114452,-4237262;55,167,-102;75,17,-13;110,-183,101;134,-23,18;240,38,-29;243,27,-22;260,-31,27;265,45,-19;300,-80,56;305,50,-38;320,14,-21;333,-68,66;369,-16,14;380,17,-19;385,-27,26;397,-4,2;400,25,-25;407,-35,36;419,-17,4;431,-2,7;443,-13,6;455,-13,2;458,3,-5;466,-18,5;467,4,5;476,-18,-5;477,7,14;490,-8,-10;493,-2,5;502,-6,0;503,-3,10;514,-5,7;515,-6,0;528,-7,-2;529,-3,10;540,-6,-9;541,-3,19;550,-10,-13;551,3,6;562,-11,0;563,1,4;574,-10,-2;575,-1,8;586,-8,-2;587,-7,11;598,-6,-5;599,-3,4;610,-9,3;611,2,0;622,-4,9;634,-16,1;646,-7,5;651,-5,5;656,-6,-3;661,-9,13;668,-6,-3;673,4,9;680,-2,-8;691,-8,15;692,-1,-1;702,-10,-2;703,-6,12;717,-3,13;724,-4,-4;731,1,14;734,-11,-7;743,4,15;746,-11,-2;759,3,18;762,-3,-17;774,-8,16;777,8,8;782,-16,5;783,138,-20;794,-138,26;795,2,7;806,-8,5;809,2,6;820,-6,6;827,4,9;828,-5,-4;839,8,18;840,-4,-11;851,0,25;856,-9,-7;863,12,16;864,-17,0;875,11,9;876,-10,-1;887,7,14;888,-7,-6;899,10,26;902,-17,-10;919,62,125;921,-55,-101;922,-8,-4;933,6,13;936,-5,-7;945,2,22;948,-7,-9;957,4,11;960,-4,-4;972,-4,7;981,6,36;984,-2,-19;996,2,8;1008,8,6;1020,4,3
rua||juiz de fora|santa terezinha|36889262|23,-2113051,-4235225;73,-18,-165;85,3,7;100,25,247;107,-24,-229;111,4,23;117,-2,23;119,-9,-19;120,2,-11;122,-5,9;123,6,30;129,5,-22;131,-1,10;133,1,29;134,3,-30;138,-4,10;140,4,33;141,-7,-39;142,13,16;144,-3,28;145,-1,1;150,2,-25;164,7,17;172,-16,3;176,10,20;178,-7,-3;180,6,-26;185,4,23;200,-8,2;201,-5,19;203,14,22;207,2,4;208,-1,-3;214,5,6;215,-6,-8;219,4,23;221,0,0;229,1,16;230,1,-19;235,-1,19;237,1,-19;242,-3,8;247,5,13;249,0,8;250,-2,-29;252,1,26;262,-1,11;267,3,7;268,-2,-24;272,2,29;273,-6,-4;278,6,10;283,0,8;284,1,-5;292,0,3;293,3,21;294,-2,-6;298,-3,-33
rua||julio brandao|barra|36884005|26,-2112977,-4237149;33,0,6;34,4,-15;40,13,4;52,16,15;55,-3,-11;97,33,-11;103,-1,2;109,3,-3;119,25,-17;129,4,26;137,8,-7;141,5,0;153,1,-13;157,-7,-32;161,15,24;165,-3,6;179,7,-2;185,20,4;195,8,4;203,10,7;209,5,-24
rua||julio brandao|centro|36884005|92,-2112929,-4237162;102,16,0;110,11,-8;118,9,-1;168,20,5;170,27,-9;180,10,-9;190,7,4;265,-50,14
rua||julio cesar pereira|gaspar|36888127|10,-2111899,-4238384;35,32,-115;45,9,-8;47,-37,109;90,-37,95;114,5,9;159,20,-70;160,-2,10;169,-20,45;190,23,-51;199,-15,35;201,3,-17;203,-7,21;205,15,-29;207,0,-12;209,-14,34;274,34,-95;277,38,-88;731,-28,64
rua||julio da fonseca|santana|36887102|7,-2113365,-4240434;9,-5,4;13,-32,123;14,6,-2;15,-10,-13;17,2,36;18,37,-130;19,7,2;20,-32,79;22,19,-58;25,5,-20;26,-45,120;27,33,-106;29,4,8;31,-1,5;39,-1,2;44,7,5;45,-10,8;48,3,10;54,-2,-1;60,-3,7;62,-8,16;66,9,-15;67,25,-83;79,-38,79;83,0,69;85,-7,-37;87,1,24;91,13,-44;93,-11,25;114,4,-10;7433,-15,47
rua||juvenata veiga|vila de boa familia|36880001|124,-2120867,-4250698;130,16,-6;154,8,-6;156,12,2;157,-27,-9;168,36,10;172,19,-16;176,9,-14;198,60,23;200,12,4;204,19,-3;206,17,17;208,7,4;210,8,8;212,13,15;222,-6,-13;237,-12,-21
rua||konstantinos grammatikopoulos|gaspar|36880001|2,-2111943,-4238199;3,-6,3;5,2,0;26,-11,24
rua||konstantinos grammatikopoulos|gaspar|36888129|10,-2111871,-4238332;70,-4,11;721,35,-86
rua||lacyr goulart silva|coronel izalino|36889001|2,-2112970,-4236682;15,31,-94;40,58,-78;111,-41,139;120,-16,-46;132,8,-20;160,18,-15;200,16,-50;230,136,-69;240,-124,21;250,13,3;256,54,-13
rua||lado da matriz|vila de itamuri|36880001|545,-2099286,-4237226;555,2,-14
rua||laranjal|santa terezinha|36889283|2,-2113017,-4235564;20,16,-3;21,9,-5;47,-40,16;60,26,5;61,11,-24;68,-10,16;75,-7,-5;85,-9,8;90,31,0;96,4,1;118,-2,3
rua||laura jovita de almeida|vermelho|36892500|3,-2110728,-4245036;4,-14,7;6,4,-11;7,-7,6;10,9,0;12,4,0;13,15,-4;19,-50,3;35,15,1;66,-29,16
rua||laurindo costa e silva|marambaia|36889424|21,-2112865,-4234590;41,-7,-17;161,-101,-39;171,-10,1;181,-28,-2
rua||laurindo costa e silva|padre tiago|36889424|6,-2112867,-4234591;18,-1,-13;28,-15,2;38,-3,-3;48,-14,-5;58,-4,3;68,-11,-9;78,-11,0;88,-3,-10;98,-1,4;108,-14,-4;118,-15,-10;128,-4,-8;138,-9,1;148,-8,-7;158,-5,-2
rua||leaniro caetano da silva|sao gotardo|36880206|7,-2114403,-4236695;61,3,5;65,2,28;75,1,11;135,4,-12;195,-11,-49;397,-13,0
rua||lenira dos santos martins|bom pastor|36887175|5,-2112973,-4240690;14,40,43;15,-33,-38;24,-15,56;25,20,-52;45,18,19;124,45,51;134,12,16;144,8,-3;154,-4,5;164,6,9;174,12,10;184,-2,27;305,-51,-81;1425,-51,-25;1435,23,10
rua||lenira dos santos martins|cardoso de melo|36887175|135,-2112882,-4240603;145,-1,4;155,2,8;165,8,7;191,7,14;326,-35,-45
rua||leonardo do carmo trota|bico doce|36880161|17,-2114164,-4236874;34,-20,10;35,-10,2;44,4,10;45,-8,1;54,10,-3;55,-18,8;64,1,-2;65,-8,8;70,33,-27;75,-46,32;88,13,0;380,0,17
rua||leonidio valemtim ferreira|porto belo|36889200|15,-2112269,-4235287;25,5,-8;35,5,-8;45,13,-7;55,3,-8;65,9,-9;75,1,-6;85,0,-9;105,16,-10;115,8,-4;125,3,-6;135,11,-12;145,10,-8;155,-2,-6;165,5,-4;175,8,-14;185,-2,6
rua||leopoldina|santa terezinha|36889296|6,-2113197,-4235510;15,23,0;25,-8,-5;45,5,3;186,11,18;190,1,-14;234,-3,13
rua||leque do mediterraneo|residencial jardim das palmeiras|36880114|45,-2113612,-4236758;50,-38,35;70,15,-17;90,8,-5;99,-19,-27;100,-15,55;110,1,7
rua||libano|sao cristovao|36889319|11,-2113432,-4235739;12,12,8;23,-13,-21;24,2,-4;35,-2,-1;36,5,-7;47,-12,-1;48,4,-4;59,-12,-14;60,11,-4;71,-11,-11;72,12,2;84,-1,-10
rua||lica muglia|aeroporto|36887034|3,-2112549,-4238939;26,-146,392;33,10,-1;38,10,-16;39,-3,7;46,12,-15;50,-6,-2;59,3,0;60,5,-8;63,4,-5;64,-2,5;65,3,-2;75,-1,-10;76,16,-7;85,-6,-8;94,6,7;95,-11,-10;101,8,0;102,6,-3;111,-1,-7;112,7,-2;113,9,-4;122,-4,-1;129,11,9;138,-4,-26;139,-4,10;143,91,-470;146,-83,456;156,23,-7;163,-26,1;164,14,-6;165,10,4;175,-1,-2;178,-9,0;186,-6,-29;192,1,5;193,22,-25;212,4,3;220,8,3;221,4,13;225,0,-4;226,4,-24;231,-5,-1;242,2,-3;251,-3,-14;254,8,1;261,-6,-2;262,3,1;271,4,-21;280,2,0;281,-3,-4;288,-2,-5;291,2,-4;294,1,1;299,0,-21;307,3,4;311,-11,108;317,7,-113;329,-5,-20;332,6,11;337,8,-60;338,0,-5;339,-5,53;340,6,1;351,-4,-19;361,-7,-20;367,29,-320;371,-19,324;381,-6,-12;383,-10,-6;391,20,-18;392,0,13;393,-5,-21;394,2,-1;395,-4,18;396,23,-43;400,-17,-3;405,-1,43;415,1,-22;443,2,-15;445,1,0;449,-3,-8;455,8,-15;475,9,-17;482,-7,9;483,3,2;484,4,-2;485,-5,-27;499,4,-5;509,1,-11;514,0,14;520,-2,8;521,-2,-36;522,-6,16;532,13,12;538,-7,-16;543,5,-37;544,-2,20;554,0,-6;564,1,-10;565,0,-21;575,0,-7;576,-5,24;584,-49,-124;595,54,79;596,-7,25;603,-5,-33;606,8,29;609,0,-44;612,-2,33;622,2,-7;632,0,-16;637,3,-12;639,7,-14;641,7,10;642,-17,-6;650,2,-23;651,-6,3;654,7,14;669,14,-28;679,-1,-16
rua||licuala|residencial jardim das palmeiras|36880119|25,-2113564,-4236698
rua||lincoln marinho|barra|36884092|25,-2112797,-4237928;29,-42,-16;44,22,14;55,-17,2;56,15,-10;64,-16,8;68,-1,-7;75,-22,-11;82,25,15;85,-25,-16;95,-8,7;108,30,11;150,-59,-28;151,-22,-5;160,0,-23;232,44,35;241,-34,-5;242,22,-5;247,-27,-11;249,-23,5;251,18,-7;262,27,20;263,12,6;265,-4,-8;560,-134,-21;575,35,10;587,191,46;605,-20,3;802,-6,-14
rua||lodeval antonio aredes|planalto|36883092|6,-2113636,-4237868;12,-39,-21;35,-3,3;45,12,4;55,-3,8;65,12,3;70,1,0;75,17,6;80,0,3;99,23,0;100,16,12;109,-12,-7;121,12,10;135,10,-5;180,52,23;609,-154,-70
rua||lodeval antonio aredes|safira|36883092|85,-2113517,-4237810;95,0,0
rua||lopo cardoso|cardoso de melo|36887209|2,-2112871,-4240338;6,29,-156;10,-10,12;21,-45,345;25,47,-335;34,7,-27;35,-21,37;44,8,19;45,2,-14;46,-10,-4;55,27,-8;65,-14,29;70,-7,7;75,6,28;82,-7,-15;85,6,4;95,-1,17;96,-6,-13;105,-68,710;110,66,-693;115,-35,349;123,-37,318;124,66,-645;136,-2,11;139,-56,623;155,67,-616;165,-8,19;175,3,1;185,-6,12;205,2,20;215,-9,10;235,6,24;245,-6,10;255,-5,13;265,-7,9;275,9,6;285,-10,17;320,2,26;340,15,23;341,-17,3;350,20,12;355,-19,-2;360,7,4;369,24,-227;370,-33,246;375,-11,2;380,8,-3;385,10,0;390,-11,13;395,1,-2;400,0,6;405,3,2;410,8,10;415,-16,5;420,13,9;425,-12,0;430,9,0;435,-7,14;445,29,14;450,-26,-10;455,30,7;460,-23,7;470,-3,10;473,-3,-3;475,-6,4;480,4,16;485,-10,-4;490,19,18;495,-15,-4;500,7,9;505,-5,-3;510,8,9;515,-14,-3;520,7,8;525,-7,2;550,0,43;560,-8,9;570,6,12;580,-15,8;590,10,10;600,8,16;610,-7,1;620,-3,10;630,-1,11;635,0,-24;640,-1,35;645,8,-31;650,-11,43;655,13,-29;660,-13,34;665,6,-28;670,-10,40;680,1,13;690,-1,0;700,4,12;705,43,-358;715,-43,343;725,-2,11;735,2,8;745,-2,17;765,9,14
rua||lourenco candido magalhaes|cardoso de melo|36887227|16,-2112836,-4240354;22,215,33;25,-214,-33;31,111,28;35,-105,-28;75,32,12;150,-50,-21;155,3,5;175,-39,-20;501,194,40;525,19,3;537,20,2;549,-4,16;561,17,-3;573,12,-4
rua||luciano alves pereira|belisaro|36892200|339,-2092666,-4245680;349,-1,0;355,-7,22
rua||luciano alves pereira|vila de belisario|36880001|120,-2092728,-4245439;129,-2,6;130,21,-98;140,77,-258;150,-39,139;241,54,-181;260,-3,-7;275,-16,35;280,13,-9;285,-11,17;290,-4,18;295,-99,94;301,84,-56;315,2,10;329,-30,119;369,3,-27;373,4,6;380,33,-201;387,-41,210;400,50,-214;414,-3,13;420,-105,405;574,43,-146;575,12,-47;612,-37,68;642,-1,29;645,13,-3;707,-24,39;713,-96,35;803,95,29;810,3,-16;868,80,-325;880,1,9;884,-35,4;900,24,26;904,-5,17;908,-9,53;930,-14,27;1268,-13,107;1270,-27,15;1278,5,28;1350,1,17;1422,-15,22;1428,-1,-4;1740,-3,32;1900,46,-137
rua||lucinda soares brum|chacara doutor brum|36889056|1,-2112570,-4236471;13,-61,-8;21,-84,-30;22,-11,-13;25,-42,-21;45,21,9;59,10,8;70,1,10;72,204,43;82,12,-18;92,13,17;102,5,-16;122,19,4;125,-5,16;132,-8,-19;151,-203,-22;167,58,6;205,23,11;210,5,11;220,35,9;235,46,-9
rua||luis pinto coelho secunho|santo antonio|36881135|35,-2113525,-4235288
rua||luiz antonio faria|alto do castelo|36881064|20,-2114297,-4235962;34,-3,9;50,-12,21;84,-9,21;202,-81,90;214,-4,6
rua||luiz antonio faria|vale do castelo|36881064|10,-2114254,-4236073;14,55,-114;81,-127,281;91,-5,11;95,183,-223;100,183,-240;110,-14,20;115,-2,-11;120,1,9;121,-47,17;131,-323,456;135,334,-462;140,20,-13;150,-3,12;160,-16,-5;170,0,5;180,-11,9;185,-15,-2;189,-11,-3;190,22,10;191,-23,1;200,12,6;210,-11,1;230,-5,7;240,-5,6;250,-8,8;270,-33,21;280,-5,5;292,-17,14;300,-4,-4;310,-10,10;320,-5,6;330,-16,7;350,-4,4;360,-16,11;370,-11,7;380,-11,6;381,27,-4;390,-31,14;400,-7,13;410,-5,12;420,-3,8;427,17,-18;430,-25,27;439,15,-18;440,-18,32;450,-6,20;451,12,-44;479,5,9;480,-29,61;489,11,-31;505,4,7;517,-18,9;520,-42,135;530,22,-67;531,24,-55;555,-3,13;609,-22,48;619,-11,6;629,5,23
rua||luiz antonio ribeiro|boa esperanca|36889070|1,-2112452,-4236336;2,-14,-3;4,-20,21;5,-9,-7;8,-72,-20;10,17,-7;11,9,3;22,6,9;30,-62,-11;40,11,0;42,100,19;48,-83,-12;50,93,20;110,-46,-19;164,-34,0;257,69,0;267,19,4;277,2,-4
rua||luiz antonio ribeiro|chacara doutor brum|36889070|20,-2112546,-4236341;25,-62,2;35,4,3;45,-1,-17;75,50,19;92,14,-3;95,5,3;135,-37,-7
rua||luiz faustino duarte|vermelho|36892500|34,-2110847,-4245028;66,37,-8
rua||luiz henrique carneiro|gavea|36889028|25,-2112686,-4236839;34,30,18;42,6,-12;45,-15,5;135,97,25;141,13,6;146,10,-4;155,-5,-2;166,12,7;172,-20,-3;175,42,2;177,-82,-7;189,70,9;235,53,-9;255,27,-15
rua||luiz pereira sales|vermelho|36892500|2,-2110875,-4245282
rua||luiz pinto coelho secunho|santo antonio|36881135|6,-2113663,-4235424;7,9,7;8,3,5;9,2,13;10,-35,-62;30,12,15;40,13,9;50,-6,10;100,21,33;102,-39,-63;110,46,65;129,7,20
rua||luiz pinto coelho secunho|sao cristovao|36881135|3,-2113652,-4235466;4,-19,25;5,4,10;12,159,136;14,-14,2;25,-154,-152;55,16,19;70,9,11;85,5,13;95,9,9;105,4,15;107,42,42
rua||luther king|sao cristovao|36889339|17,-2113545,-4235376;21,179,-169;29,-123,115;36,51,-52;49,-41,54;56,120,-114;63,-125,110;69,-30,32;75,-11,-1;80,139,-126;81,-13,6;82,12,-11;85,-157,142;86,172,-145;87,23,-14;90,-107,73;91,8,5;92,81,-69;95,-137,109;97,63,-36;102,111,-104;104,4,12;107,-170,134;124,-8,14;126,-6,7;130,-2,11;151,53,-38;162,52,-89;182,-58,65;202,-15,9;232,-72,77;253,-4,-2
rua||luz pereira sales|vermelho|36892500|10,-2110885,-4245370;14,8,64;60,-1,-7;70,2,11;135,1,-82;497,8,-11
rua||luzia jose c paiva|vila de belisario|36880001|150,-2092602,-4245967
rua||manoel alves araujo sobrinho|barra|36884006|11,-2112883,-4237238;12,-14,-6;23,28,15;32,12,-6;33,7,0;34,-23,-11;40,30,9;45,18,-1;50,11,9;57,-30,-8;58,-42,-4;67,52,8;68,-48,-3
rua||manoel avelino da costa|joao vi|36883274|20,-2114789,-4237849;29,0,11;30,-11,3;40,-8,7;41,14,-4;50,-18,11;53,16,0;60,-23,6;70,-3,12;80,-8,5;113,-6,14
rua||manoel bandeira|colety|36880192|2,-2114004,-4237145;3,-4,0;4,4,-9;6,-17,-40;7,18,12;8,6,-2;11,-129,4;13,-6,-9;15,123,53;25,-5,-7;45,16,-28;50,-6,7;55,-4,6;60,4,-25;70,-33,-6;75,-55,-3;92,75,6;100,-6,-3;125,-65,-5;134,-29,10;144,-17,-1;170,-18,0;175,44,-1;179,-43,2;180,6,-1;181,-32,7;185,17,-8;200,-17,20;210,-9,-8
rua||manoel clemente pereira|patrimonio sao jose|36887016|12,-2112401,-4239392;32,2,-25;40,3,3;45,-1,-13;53,7,-4;54,-10,-3;55,3,18;64,-1,-15;94,-5,-27;100,1,-10;104,7,-11;109,-5,1;110,0,-7;120,-5,-5;130,5,-16;150,5,-12;160,-1,-10;170,0,-10;204,-15,101
rua||manoel correa do prado|aeroporto|36887042|7,-2112667,-4238661;13,8,5;14,-2,0;26,10,-9;35,0,-8;43,5,0;65,30,-45;66,-13,22;75,9,-4;76,0,-5;87,9,-11;88,-9,4;97,3,0;107,1,-10;112,1,-11;115,7,-12;116,-5,16;117,9,-5;217,-34,42;223,-2,0
rua||manoel dornelas|dornelas|36884176|92,-2113039,-4239010;1060,28,-49
rua||manoel francisco de assis|joao vi|36883258|52,-2114734,-4237470;116,-46,-27;128,-9,-9;140,-13,4;151,-10,-3;152,4,-10;161,-12,3;164,2,-8;177,-23,-4;187,-7,-6;199,-12,-3;212,5,-10;224,-10,-4;227,-22,-7;236,11,4;237,-20,-12;249,-4,-11;260,7,6;270,-7,-9;284,-15,-16;296,-2,3;299,-7,-13;306,3,-7;320,-3,-11;335,-13,-14;336,7,-6;345,-12,-3;348,6,-9;355,-4,0;364,6,-9;365,-8,-7;372,-6,-9;375,7,6;384,-7,-16;385,8,8;396,-4,-16;408,-7,-19;415,6,4;420,2,-13;432,3,-11;445,-2,3;450,-1,-10;455,2,-10;469,-5,-13;483,0,-17;493,2,-14;503,-4,-6;513,-8,-6;531,7,-14;533,-1,-7;543,2,-12;555,-3,-12;563,2,-5;573,-4,-11;583,-1,-21;595,0,-1;604,10,3;640,41,-15;665,-6,-6;678,181,96;684,-158,-97;685,-5,-10;695,7,0;696,32,16;705,-24,-10;715,11,5;720,27,10;725,-20,-10;732,31,17;745,-15,-12;755,5,1;765,10,9;775,10,-2;785,11,1;795,6,6;805,6,5;815,7,2;845,25,21;855,5,8;865,2,9;866,19,30;875,-12,-28;885,10,10;895,9,11;915,9,8
rua||manoel francisco de carvalho|cardoso de melo|36887228|116,-2112512,-4240372;120,-8,7;130,-5,-16;140,-19,12;290,-29,34;621,-18,7;669,44,-37;725,47,-30
rua||manoel lindouro da silva|sao joaquim|36886097|20,-2113988,-4240186;25,8,2;27,-1,12;30,-2,-12;51,-11,-18;52,2,9
rua||manoel medina|sao joaquim|36886123|2,-2113862,-4240126;6,-26,4;8,-6,2;18,-50,4;21,98,-10;26,-136,22;28,13,-8;30,-28,14;36,-14,19;38,-12,4;39,-25,55;42,42,-72;44,-24,24;50,104,-48;52,-116,65;54,29,-16;61,122,-61;70,-37,7;72,-102,60;73,127,-60;91,-14,-9;92,-5,7;93,5,-5;115,72,3;117,-8,2;131,-97,10;133,77,-9;141,-80,11;162,23,-10;171,-47,19;180,18,-10;183,52,-12;203,-5,-5;205,-98,37;221,13,-7;235,-35,31;255,-17,33;323,20,-53;526,-8,31;566,-21,29
rua||manoel teixeira bastos|gaspar|36888138|28,-2111825,-4238184;31,-6,8;61,18,-24;175,-24,23;301,3,-9;355,7,-2;401,-7,8
rua||manoel vieira de lacerda|encoberta|36887132|84,-2112946,-4235046;85,-11,-18;87,8,21;88,-4,1;89,0,-7;91,-10,3;92,-28,39;94,45,-62;99,8,-1;100,-31,44;101,6,-6;102,-29,17;103,29,-28;104,-28,42;107,9,-19;115,-5,6;121,-13,8;140,-10,8;152,5,1;271,-1,2
rua||manoel vieira de lacerda|santana|36887132|25,-2113278,-4240552;27,10,-7;30,5,-3;32,9,-1;34,11,4;36,-36,0;45,22,-8;55,-10,12;64,33,-10;65,3,-3;70,10,5;75,-10,-7
rua||manoel vilas boas|sao francisco|36881019|30,-2113707,-4236093;43,-3,22;50,0,-26;52,3,-75;55,1,67;60,2,-11;70,-4,-8;98,2,-27;117,0,-7;131,20,-15;141,3,1;164,11,-34;180,16,-4;210,57,-22;216,-43,14;220,51,-14;228,-25,5;230,-9,1;234,16,-1;260,21,8;278,-128,135;284,151,-152;291,-140,151;292,30,-108;304,-32,120;311,1,-80;312,-6,15;314,1,-8;315,37,-54;321,-24,35;327,-13,52;331,41,-88;333,-26,42;337,-12,-16;339,19,-9;450,62,-46
rua||manuel moreira|povoado do macuco|36880001|173,-2114149,-4249111;174,1,-3;175,4,0;176,-12,16;807,-2,4;868,-1,-1;870,2,0;916,16,-20;930,5,-3;1182,0,-4
rua||marciano ferreira|vila de boa familia|36880001|71,-2121209,-4250942;531,22,5;545,-47,-12;555,-6,-2;565,-4,2;575,-13,2
rua||margarida brandao|santo antonio|36881148|18,-2114312,-4235751;28,1,-7
rua||margarida ferreira do amaral|barra|36883086|30,-2113471,-4237942;41,-16,-17;51,-13,1;60,12,3;70,-20,-6;111,-43,-6;120,4,-12;121,-25,4;131,73,15;140,-22,0;141,-57,-16;160,4,-10
rua||margarida manoela de oliveira|vila de itamuri|36880001|42,-2099310,-4237091;60,-9,-4;125,43,41
rua||margarida|sao joaquim|36886095|11,-2114244,-4240036;21,10,-9;31,6,1;41,10,-8;51,8,-8;61,14,-8;71,6,-2;81,9,-8;91,10,-1;101,7,-6;102,-3,10;111,7,-13;112,-12,-10;121,23,7;122,2,3
rua||maria barbara de jesus|vermelho|36892500|41,-2110750,-4244914;50,-8,-4;51,14,-7;60,19,-7;61,9,9;62,-1,5;851,-53,1;1296,-6,7
rua||maria batista fonseca|vermelho|36892500|3,-2110950,-4244894;4,0,-5;22,11,23;713,-2,7
rua||maria calais gomes|sao francisco|36881010|8,-2113578,-4236362;11,-51,10;13,-14,-2;15,-11,-1;33,68,-3;44,2,1;45,7,-1;54,-18,-3;55,26,-3;66,-29,5;67,-23,-4;70,18,13;91,-52,-15;150,7,4
rua||maria claudina barros|gaspar|36888107|16,-2112283,-4238260;26,1,-1;36,-11,-3;135,28,-6
rua||maria conceicao sabino|sao pedro|36889182|15,-2112761,-4235810;25,143,-276;37,-120,264;51,-1,-22;55,12,-31;61,44,-72;75,-25,73;161,32,-90;165,-3,22;265,36,-57;267,2,-25;277,18,2;281,-3,-6;289,2,-28;334,57,-194;355,-34,153;420,14,-73;430,-1,-6;440,5,-10;450,8,-12;459,-17,41;460,22,-54;461,-24,62;475,19,-67;485,7,-24;487,-1,5;496,-2,-6;498,-89,264;505,104,-275;506,-5,-4;508,-89,265;515,86,-277;516,2,7;616,-22,87;618,-2,-15;672,-4,24
rua||maria da conceicao oliveira silva|santo antonio|36881137|4,-2113708,-4235526;5,11,27;9,-5,33;10,-11,10;11,11,23;12,-1,-2;14,0,12;15,6,13;16,14,2;17,-9,5;18,0,2;19,7,12;20,8,4;21,2,6;23,13,22;24,10,12;35,-59,-251;65,-1,18;74,-5,31;75,6,-17;84,4,30;85,-11,-23;95,4,13;118,16,122;122,-21,-87;134,12,16;135,-7,13;155,0,32;175,8,20;245,37,59;280,2,-4;290,12,5;300,-7,12;310,10,3
rua||maria da conceicao sabino|sao pedro|36889182|26,-2112735,-4235846;44,2,7;46,30,-55;52,-28,51;70,15,-9;80,-1,-14;90,3,-11;100,1,-16;120,17,-20;130,-17,-6;140,32,8;150,-4,-12;152,-48,98;170,48,-111;180,20,24;190,2,-40;200,3,-14;216,4,-20;226,-47,222;240,53,-231;250,13,-27;254,2,13;290,13,-45;300,4,-4;301,29,-50;310,-29,43;316,8,-15;326,1,-1;327,-114,249;466,115,-267;468,4,-5;469,-58,128
rua||maria da gloria costa|cardoso de melo|36887248|211,-2112280,-4240499;231,29,-16;241,-4,-15;251,6,-8;260,7,-7;280,2,-16;300,-11,-37;310,-12,2;320,-13,-18;321,29,18;341,-10,-7;370,-49,-24;380,-15,-15;390,-13,-6;400,-4,-4;401,34,24;410,-46,-23;420,-7,-5;430,-6,-9;440,-15,11;441,38,9;450,-39,-10;451,26,8;460,-39,-14;461,32,9;490,-61,-12;491,34,0;500,-48,2;510,-6,-1;511,35,-7;520,-46,21;521,40,2;530,-42,-1;540,-10,2;550,-2,5;560,-12,2;581,3,3;591,7,6;600,-42,-13;610,-12,7;620,-15,5;640,-16,-7;641,5,4;650,-11,4;651,-4,-2;660,-9,4;661,0,-6;670,-5,-4;671,-4,0;680,-4,4;690,-10,3;700,-13,-16;710,-1,21;720,-9,-13;730,-14,4;740,-8,0;750,-12,-7;751,-14,-1;760,10,-1;770,-18,-3
rua||maria das merces cordeiro de aquino|boa vista|36888010|177,-2112642,-4237142;210,15,-116
rua||maria de lourdes miranda|chale|36889380|10,-2112494,-4235040;20,-6,3;30,-4,9;40,-1,10;50,-9,10;70,-2,16;80,-16,8;90,7,10;95,-16,12;100,7,-8;105,-9,13;110,7,-6;120,-6,6;132,-10,12;330,-6,3;335,-9,-2;345,-9,6
rua||maria eugenia|povoado do macuco|36880001|25,-2114400,-4249232;105,-1,1;119,9,-7;133,-12,12;185,3,-1
rua||maria henriques vieira|dornelas ii|36884199|20,-2113392,-4239240;30,-5,-2;34,-9,11;40,-4,10;60,-14,-11;70,-1,-2;75,-17,-1;80,-1,-5;90,-9,5;95,-5,7;100,-3,-9;105,-15,4;110,5,-6;115,-18,7;125,-2,10;130,1,-6;135,-3,-2;140,-2,-2;145,-5,5;150,-2,-2;155,-7,-1;160,-5,8;165,-11,0;170,-4,-7;175,-1,5;180,4,-3;185,-12,-5;190,-3,2;195,-10,3;200,1,-2;205,-7,5;210,-2,-1;215,-10,5;220,3,-1;225,-10,-7;230,-4,1;233,-16,3;235,14,-9;240,-1,9;250,-10,12;255,-25,12
rua||maria henriques vieira|dornelas|36884199|205,-2113335,-4239252;215,-18,8;221,-7,33;223,14,-35;231,-10,8
rua||maria jacinto barbosa|recanto verde|36880003|101,-2111943,-4236601
rua||maria jose da rocha|planalto|36883157|3,-2113984,-4237778;4,-10,-41;5,-7,59;6,12,-33;7,-11,43;8,8,-33;9,-6,37;10,6,-43;11,-12,59;12,20,-45;13,-23,57;14,12,-50;15,-17,55;16,9,-46;17,-14,55;18,13,-54;19,-13,65;20,9,-41;21,-10,49;22,5,-36;23,-7,54;24,5,-49;25,-5,50;26,4,-49;28,-3,14;30,-3,15;31,-4,30;32,2,-29;33,-7,41;34,6,-25;35,-9,43;36,10,-36;37,-5,43;38,-1,-30;39,-11,31;40,9,-20;41,-16,38;42,13,-30;44,-3,6;46,-7,2;50,-9,16
rua||maria laura de medeiros|bico doce|36880203|12,-2114262,-4236867;25,124,-51;31,-10,1;46,-79,29;87,104,-27;643,-3,-9;679,-54,19;695,-2,-8;715,-9,-2;721,-4,7;731,-11,7;743,-17,12;771,-18,11
rua||maria laura de medeiros|sao gotardo|36880203|7,-2114402,-4236708;8,136,-170;20,114,-42;26,-144,81;37,-134,104;40,260,-180;45,-235,181;46,225,-173;49,-90,42;50,79,-42;55,-102,58;56,15,-11;58,82,-40;61,-44,26;65,-171,143;70,206,-169;88,-12,7;98,-13,2;99,-135,112;110,130,-101;120,-4,0;140,92,-45;168,-123,80;171,-41,26;181,-4,20;183,40,-68;189,-129,109;191,117,-93;215,-18,15;221,-8,-7;222,-7,7;228,0,-1;231,6,15;258,-27,16;261,-1,4;288,-27,19;298,0,-6;308,-11,15;318,-5,1;321,15,3;328,-21,7;331,52,0;338,-55,13;339,4,-9;348,-19,5;351,70,-54;358,-71,61;363,-10,6;368,5,8;421,59,-57;431,0,9;610,239,-143;630,-5,-1
rua||maria luiza garcia|safira|36883037|10,-2113509,-4237344;20,-23,32;30,5,-6;33,7,-4;35,4,-35;40,-3,31;45,2,-15;50,-3,6;60,10,-9;65,9,-3;70,-5,-5;80,10,-8;95,-2,9;103,5,-8;180,-41,51;200,10,-8
rua||maria nicolina de oliveira|gaspar|36888123|2,-2111988,-4238349;34,9,3;43,17,4;93,-29,-8;133,18,1;145,-19,2;150,-10,-9;160,14,9
rua||maria nunes pereira|sao pedro|36889174|10,-2112644,-4236117;40,13,11;50,0,-4;55,-30,-10;68,13,1;73,-4,5;81,-14,-5;497,45,19
rua||maria pacheco|porto|36889224|4,-2112656,-4235348;6,9,6;9,7,-10;19,-9,11;23,14,7
rua||maria pessoa|sao domingos|36892200|35,-2096048,-4247468;53,-140,9;55,26,4;61,39,6;69,63,-22;70,44,-31;124,-40,47;140,25,-5;291,9,-16
rua||maria rosa acalrao|sao domingos|36892200|153,-2096117,-4247388
rua||maria zelia dala paula|centro|36880125|20,-2113547,-4236836;340,-5,0
rua||maria zenith madriaga dos santos|alterosa|36880209|40,-2114456,-4236775;50,-3,6;59,-12,129;65,25,53;66,7,-4;68,9,21;74,-50,-167;150,-6,60;200,21,71;264,0,-170;280,62,195;290,4,16;752,-77,-179
rua||maria zenith madriaga dos santos|sao gotardo|36880209|12,-2114483,-4236678;70,70,113;145,-70,-107;171,10,27;181,6,11;201,16,18;231,18,32;271,38,32
rua||mariana campos|sao francisco|36881040|15,-2114063,-4235852;22,-1,13;25,5,-1;32,-5,12;35,7,3;46,0,4;55,4,5;57,-10,9;62,1,3;65,-1,2;85,8,29;87,2,-9;90,5,-2;102,-4,-1;105,4,30;112,-10,-18;115,7,30;122,4,-22;125,-4,25;134,3,-15;135,1,27
rua||mario de oliveira carvalho|santo antonio|36883281|77,-2114944,-4238084
rua||mario jose de oliveira|bom pastor|36887173|19,-2113020,-4240594;20,8,7;29,-4,1;30,2,1;39,4,5;40,-4,-1;49,15,14;50,-7,-9;59,11,10;60,1,-5;70,7,7;121,29,43;141,16,11;161,10,15;196,12,29;206,18,-2;212,-1,12;214,-51,-80;218,59,94;250,-131,-161;5090,94,103;5095,0,6;5100,15,18;5110,-1,-6;5125,8,11
rua||mario martins|cardoso de melo|36887243|5,-2112475,-4240541;6,49,21;16,-4,-3;26,-5,-4;28,-162,-58;35,142,56;36,3,1;45,-21,-14;46,13,9;56,-1,0;65,-23,-13;66,25,19;75,-30,-20;76,10,6;86,-11,-5;91,38,17;120,-51,-15;122,-41,-20;140,-31,-18;145,20,19;155,-8,-5;165,-10,-5;170,-13,-8;290,92,33
rua||mario monteiro de castro filho|joao vi|36883240|25,-2114785,-4237462;28,-2,-4;34,-8,19;46,-1,8;51,5,3;55,-9,4;58,-1,2;70,-3,11;73,7,0;85,-13,19;92,-3,2;97,-9,17
rua||mario oliveira carvalho|sao francisco|36883281|2,-2113920,-4235714;30,4,-9;40,-9,-6;45,-15,30;55,-7,-1;80,-6,3;90,-8,7;120,-31,27
rua||mario rodrigues pereira|inconfidencia ii|36889405|11,-2112608,-4234599;150,-4,-32;160,11,-2;170,5,-16;180,16,2;190,5,-4;200,26,-6;210,-7,-1;220,5,-19;230,13,-1;240,9,-1;250,14,-9;260,3,-11;270,14,-3
rua||mario serenario|aeroporto|36887054|4,-2112646,-4238649;15,5,0;17,15,-16;32,11,1;44,-26,5;47,17,-20;48,-2,-5;52,15,-14;78,8,-8;128,-2,-10;137,-21,42
rua||mario sidone|aeroporto|36887040|20,-2112694,-4238622;25,0,-3;26,1,-4;33,0,-6;37,-8,-7;39,-7,1;40,6,8;43,-12,-12;50,2,1;60,-9,-10;68,1,4;69,4,-6;77,-7,-4;82,3,2;84,-6,8
rua||marita dornelas|dornelas|36884176|37,-2113059,-4239042;53,7,-16;90,6,53;95,-1,-73;125,15,-46;145,1,-18
rua||marius dornelas|barra|36884085|1,-2113012,-4237916;9,-25,64;11,-3,-1;12,3,5;19,-3,-4;20,-2,7;22,10,-19;31,-4,-5;36,7,-5;37,-1,1;49,2,-3;52,6,-12;53,-20,-22;58,28,14;61,-4,3;63,0,-9;68,-6,12;72,3,-12;73,5,-11;80,-2,4;105,15,-29;110,-17,17;120,6,-22;121,2,-7;130,-3,3;136,0,-18;140,-1,-1;150,-5,-14
rua||marley rodrigues|sao gotardo|36880219|10,-2114078,-4236704;38,26,-22;40,7,27;41,-38,-5;52,53,-16
rua||marrocos|sao cristovao|36889331|18,-2113465,-4235576;28,12,-8
rua||martins correia de almeida|vermelho|36892500|1,-2111012,-4244839;4,6,-33;19,43,-96;57,-25,54;66,-21,53;68,0,6;69,8,-36;70,0,-14;72,11,-1;75,0,-30;79,22,-36;80,-16,21;85,-7,19;86,-15,63;101,51,-117;110,-33,39;115,8,-17;126,-26,76;445,-2,70;447,6,-4;977,3,-102;1300,27,-42;1603,-13,12;1605,-2,16;1607,-7,1;1631,0,21;1634,-11,51;1635,4,-32;1639,-3,18;1644,-4,30;1645,3,12;1646,-9,-3;1699,41,-140;6800,-27,89
rua||matheus secunho|santo antonio|36881119|7,-2113710,-4235905;10,-1,15;17,-3,-4;27,-20,59;40,-8,14;54,38,-72;57,-19,4;66,7,14;67,-1,5;72,5,-1;77,-11,14;80,2,8;81,1,-9;88,-8,22;89,-4,-5;99,-7,0;107,4,4;110,-3,18;130,-3,2
rua||matheus secunho|sao francisco|36881119|2,-2113752,-4235998;4,8,9;6,1,13;37,7,8;45,5,1;59,8,8;60,1,0;65,1,7;85,8,20;87,4,10;103,7,10
rua||matilde carlota|vermelho|36892500|2,-2110966,-4245278;5,14,-121;8,-12,71;9,12,-65;10,-4,42;11,-2,-2;12,14,-113;13,-8,85;15,2,-17;17,5,-40;18,-6,15;23,-1,29;25,7,7;31,4,-80;32,-1,-13;33,-9,55;34,5,-78;35,-5,99;36,14,-114;41,5,-53;42,-9,117;50,-13,31;55,-1,110;76,24,-265;80,-11,20;82,-4,-2;86,5,32;94,-7,39;111,10,-55;963,-5,62;1080,-1,7
rua||mauritania|sao cristovao|36889328|31,-2113513,-4235545;36,-4,1;43,16,8;46,-15,-11;55,24,19;56,-10,-8;66,-5,8;67,22,12;76,-8,-7;79,14,18;86,-3,-13;91,12,21;92,-8,-16
rua||maximiano fraga|joao xxiii|36883218|36,-2114183,-4237237;80,-172,54;150,78,-31;170,-15,0;240,-44,19;280,-30,39;422,-137,74;423,54,-22;475,-8,2;485,-7,0;495,-5,5;497,-19,9;499,0,10;505,-8,1;517,-10,5;527,-22,1;538,12,-4;550,-11,8;551,-17,-1;563,-13,15;564,16,-9;574,-7,10;575,11,-11;586,-24,13;587,-8,3;598,-2,-8;599,-5,17;610,-2,-5;611,-16,1;622,16,-2;623,-33,24;634,24,-21;635,-35,22;644,17,-18;647,-21,16;656,5,-12;659,-10,7;671,-17,20;687,-8,3;690,5,-14;695,-18,21;700,6,-9;711,-17,19;716,6,-8;723,-20,14;726,21,-13;731,-20,17;739,0,4;752,1,3;756,-3,2;765,-1,9;770,-2,4;784,-7,3;833,-8,45;834,1,-2;845,1,20;854,0,13;857,-1,-10;864,-4,21;867,0,-5;881,4,11;888,-3,-4;893,-10,18;903,6,5;908,-4,1;915,-3,15;918,-2,-4;922,-1,12;927,5,1;937,-3,9;951,-12,15;963,-4,10;975,-2,8;987,-12,1;995,-7,9;1011,-9,6;1023,-9,-1;1027,-10,0;1035,-14,0;1047,-11,-9;1049,-8,6;1055,-13,0;1095,-49,-21;1111,35,13
rua||maximiano fraga|joao xxiii|36883226|15,-2114241,-4237235;18,-156,96;35,132,-83;75,-30,-1;115,-22,23;119,89,-40;141,-128,60;153,-7,0;165,-7,2;175,-10,6;189,-7,17;645,198,-95;675,-20,6;1096,-643,470;1114,-7,-2;1126,-14,-10;1138,-8,-18;1160,-6,-5;1173,-5,-4;1176,-5,-9;1185,-2,-5;1192,1,-10;1193,-4,2;1201,0,-9;1206,7,-10;1211,-9,0;1214,10,-9;1219,1,-9;1226,4,-4;1231,-8,-4;1236,7,-4;1243,-7,1;1252,10,-14;1255,-6,-2;1267,-1,-13;1274,14,-11;1279,-8,3;1286,10,-10;1291,-14,-4;1298,19,-12;1303,-10,4;1310,9,-8;1315,-7,-12;1322,12,0;1334,-1,-16;1337,-5,-1;1346,9,-8;1347,-8,0;1357,1,-12;1358,10,-1;1370,-1,-18;1371,-1,0;1382,6,-6;1383,-8,2;1394,11,-8;1395,-10,-3;1406,16,-7;1418,6,-15;1419,-13,-12;1423,14,-12;1434,12,-3;1455,-6,-1;1467,8,-13;1475,-2,-2;1485,13,-3;1495,5,-21;1505,4,10;1515,8,-12;1520,-7,6;1521,15,-17;1522,-4,-1;1524,5,-3;1550,18,-10;1588,33,-22;1600,5,-3;1620,18,-11;1630,6,-5;1638,8,-6;1644,10,-3;1664,8,2;1674,16,-5;1684,7,-7;1696,9,-7;1708,10,-6;1718,15,-3;1730,1,-4;1740,14,-14;1752,7,3;1764,17,-3;1766,2,-3;1836,53,-36;1845,9,3;1858,6,4;1868,14,-14;1870,-258,131;1878,266,-139;1880,-254,132;1898,264,-152
rua||melo franco|edgar miranda|36889376|20,-2112546,-4235107;28,-2,18;48,-22,35;50,20,-26;60,-6,7;66,-42,65;70,37,-65;78,-13,25;80,1,-5;82,0,16;84,-11,4;86,0,0;106,-1,8;150,-14,20;158,15,7;160,-23,17;180,70,-128
rua||melo franco|inconfidencia ii|36889376|21,-2112545,-4235092;31,-4,10;47,-9,9;55,-4,13;98,5,-9;108,1,5
rua||melo franco|kennedy|36889376|89,-2112588,-4235033;100,0,23;109,-7,-4;115,2,21
rua||menotti porcaro|centro|36880095|9,-2113384,-4236758;15,5,-12;16,-13,12;26,-13,5;30,27,0;36,-29,-2;46,-6,4;60,-19,-6;69,29,0;79,-30,-5;85,-4,1;90,-6,-7;110,-15,3;132,-7,13;158,-19,-3;168,-6,23;175,-4,-13;185,-12,9;188,-7,1;200,-7,0;205,-1,7;221,-13,-2;226,172,-47;240,-186,58;250,18,-7;260,-14,2
rua||miguel dos santos fintelman|centro|36880106|2,-2113560,-4236473;4,-34,-12;6,12,2;10,8,22;16,-13,6;26,2,-10;35,-5,-26;42,13,30
rua||miguel gusman|napoleao|36887060|2,-2112872,-4239278;4,-4,-23;5,6,16;11,-3,-25;891,8,53;901,-22,17
rua||miguel lamoglia lopes|cardoso de melo|36887201|35,-2112942,-4239786;55,-5,-10;75,-8,-17;85,-47,-75
rua||miguel lamoglia lopes|cardoso de melo|36887203|5,-2112992,-4240165;10,-6,25;11,3,20;15,10,-26;25,-7,8;30,29,269;34,-33,-265;35,2,8;48,3,128;55,-4,-108;60,-10,4;65,8,6;70,-5,7;80,-5,7;85,8,2;95,-2,10;100,-4,4;105,5,6;110,-13,2;122,10,11;125,0,1;135,0,11;165,29,135;175,-10,-13;185,-1,-6;203,-3,-14;211,4,-7;219,-4,-9;220,6,16;240,-6,-35;243,-11,2;259,-3,-21;260,19,12;267,-22,-18;270,12,12;280,-3,-19;290,-7,-11;305,-6,-23;6900,53,186
rua||miguel lamoglia lopes|cardoso de melo|36887222|100,-2112941,-4239818;120,-16,-47;130,3,3;220,-20,-68
rua||miguel sevenini|porto|36889223|20,-2112751,-4235150;22,-3,-5;24,14,-29;26,4,30;59,-6,8
rua||milton henriques de almeida|dornelas ii|36884206|11,-2113490,-4239178;15,65,1;45,-4,-11;46,-6,15;55,2,-19;65,-19,2;70,6,14;75,-9,-7;90,0,-2;95,-11,6;100,2,-8;110,-14,3;115,-15,5;120,10,-7;125,-22,10;130,5,4;140,-8,-3;145,-10,-3;150,2,3;160,-9,-9;170,-3,5;175,-24,6;180,7,-6;190,-4,6;195,-18,-7;200,5,6;210,-6,4;220,-5,-7
rua||miradouro|santa terezinha|36889265|2,-2113030,-4235405;9,-4,-3;10,35,268;14,-19,19;31,15,-202;38,-24,-80;40,27,63;46,-26,-49;48,9,1;50,-4,269;56,18,-142;60,-21,142;62,24,-278;77,18,133;78,-38,-70;80,1,154;85,-37,60;86,52,-197;90,1,-2;91,-11,-13;95,-38,215;98,56,-182;99,9,3;100,0,0;104,-1,9;108,24,84;110,-38,8;112,34,15;114,-37,39;120,18,-139;122,2,4;127,16,42;128,-25,-41;148,19,56;151,-9,-28;154,-7,-43;159,-12,-46;160,28,92;161,5,59;168,7,-12;169,-13,12;171,1,-71;174,8,71;176,-12,-41;181,1,-7;186,11,10;187,4,7;190,-22,57;192,19,-53;197,-15,40;203,18,-39;207,-19,-56;210,0,111;217,16,-44;218,-24,48;230,27,-45;247,-72,85;255,-4,1;256,-26,-7;265,16,3;275,-3,1;279,-10,-6;285,89,-36;294,0,-26;297,-102,57;405,108,-91
rua||mirai|santa terezinha|36889277|36,-2112832,-4235498;46,-3,3;58,-7,-9;73,-22,-4;74,10,3;75,-2,-3;79,-40,-12;81,27,7;86,11,0;98,-11,0;99,-11,-3;100,4,0;112,-6,-8;113,-1,0;303,31,26
rua||mocambique|sao cristovao|36889334|14,-2113398,-4235626;26,6,1;38,2,14;50,6,7;62,10,18
rua||moises schachnik|distrito industrial|36883290|90,-2115306,-4238118;170,127,116;200,267,-256;735,-390,161;765,8,27
rua||monte alegre|vale verde|36889469|11,-2112972,-4234301;20,-4,-6;21,-11,14;30,-3,-6;31,0,6;40,-1,-1;41,-5,3;50,-4,0;51,-10,6;60,-9,1;61,5,7;70,-12,-5;71,8,4;80,1,-8;81,-12,14;90,-11,-5;91,9,8;100,-16,-2;101,9,2;110,-15,-1;111,-1,7;120,1,0;121,-8,4;130,-3,-13;131,2,12;140,-18,2;141,9,4;150,-20,-1;151,5,6;160,-2,1;161,-5,4;170,-7,-1;171,-4,4;180,-6,-3
rua||monteiro de castro|vermelho|36892500|105,-2110912,-4244840;447,-83,23;625,5,-2;639,6,-1;655,11,-11;659,8,-4;685,-35,16;687,43,-4;688,-37,4;690,-1,-18;702,22,9;709,31,-14;711,12,-1;787,-23,6;789,46,-15;800,-54,10;830,16,5;840,-2,2;860,42,-17;870,8,-5;904,28,-5
rua||muriae|santa terezinha|36889275|3,-2112820,-4235481;5,-5,-1;7,-10,-2;9,8,-3;13,-27,11;14,29,-12;23,-29,0;28,14,12;35,-165,42;38,156,-38;48,-4,-7;55,-22,9;67,2,-3;70,-6,1;75,5,2;76,-8,-4;83,-7,-9;85,1,13;95,-44,9;97,22,-5;110,47,-7;114,-83,-10;115,26,6;116,-33,18;120,57,-12;121,-6,-5;122,-5,9;126,-9,2;141,-37,-17;151,3,6;159,-11,18;165,-11,2;169,1,5;182,-1,-9;184,-6,2;192,-5,8;201,15,19;203,-5,19;205,-29,-24;207,-5,10;208,6,-20;213,-35,-33;214,25,46;215,-2,11;217,5,-6;220,-12,0;233,-12,9;248,4,-5;264,-10,-16;270,-16,22;279,7,9;303,-16,-3
rua||nadir silva machado|santa laura|36889521|27,-2112948,-4233768
rua||nadyr aguiar tureta|jose cirilo|36886025|51,-2113457,-4239830;80,-7,16
rua||nair tezolino rezende|vermelho|36892500|3,-2110852,-4245322;4,17,22;6,-6,-19;7,-6,-16;8,1,3;9,33,28;11,-83,-84;12,61,64;13,-65,-71;15,-15,-21;20,105,141;26,-101,-139;27,-11,-14;30,68,84;50,46,69;55,-9,14;56,14,1;65,-52,-88;100,49,103;105,-27,-41;200,-8,-46;230,-14,-31;281,27,96;300,-78,-143;2840,41,57
rua||narciso dias rabelo|uniao|36888044|5,-2112531,-4238344;6,-3,-28;7,7,-5;38,-4,-6;48,2,-4;55,-1,15;74,11,-26;77,54,-156;79,-49,143;89,-1,-14;92,3,16;94,-7,-4;96,6,-1;106,2,-36;120,0,-2;129,4,6;130,11,-21;139,-3,-1;145,1,-4;147,10,6;149,-1,20;159,14,-32;177,-9,-22;179,0,10;184,5,-15;185,-6,-11;186,10,8;192,5,-37;195,-9,20;200,7,7;202,-4,-13;204,-3,0;209,12,1;211,-7,-8;219,1,-4;225,4,-7;232,8,-3;234,-3,-6;235,-3,4;244,10,-10;245,-3,-4;254,15,-24;257,-2,8;269,-6,5;275,3,-15;285,-6,-10;293,14,-4;311,-16,-27;312,21,16;314,11,-11;318,8,1;321,-6,-4;335,4,-8;341,4,-16;343,3,-5;351,5,-2;358,2,-6;361,-14,-3;366,14,-5;388,-2,-8;389,-3,-10;398,0,-4;403,4,-8;405,0,-4;407,0,-18;409,-4,-2;411,-3,9;418,8,6;438,-3,-6;440,-3,-8;447,8,-30;454,-3,14;457,0,44;462,0,-47;470,0,-12;483,24,-26;485,12,-6;520,-15,14;550,24,-28
rua||nazareth|vila de boa familia|36880001|8,-2120656,-4250712;16,-11,-15;27,6,15;188,5,7;197,11,21
rua||nazare|padre tiago|36889436|15,-2113082,-4234695;16,-6,4;25,13,7;26,-10,-7;35,11,6;36,-4,1;45,13,6;46,-2,6;55,14,4;56,-7,6;65,6,-6;66,4,11;75,8,-3;76,-5,3;85,9,5;86,-4,2
rua||nelia de araujo braga|gaspar|36888112|1,-2111953,-4238440;15,-68,-85;17,66,10;35,-111,-21;45,14,6;55,28,-4;57,2,-5;65,-10,-1;114,94,109;126,-16,-4;155,3,-37;160,7,-20;166,-13,21;168,8,-1;170,-9,-18;299,-116,-40;2175,137,87
rua||nelia de araujo filho|gaspar|36888112|1,-2112084,-4238534;7,92,15;9,20,2;70,-75,-18;160,94,20
rua||nelson andrade dos santos|sao joaquim|36886121|23,-2113801,-4240063;25,-5,5;27,64,-26;32,-1,2;37,-1,14;42,-15,-19;43,-8,12;47,3,6;52,-12,2;57,5,-6;58,-1,1;62,-6,-2;72,-12,5;82,-10,4;92,-8,3;105,-12,-3;107,-2,2;115,0,3;122,-20,-10;125,5,3;142,-15,-8;143,5,5;144,-7,-7;145,-106,18;155,103,-9;156,-2,-6;165,-11,-1;166,2,-8;182,-8,10;195,-34,-5;197,10,-11;200,6,14;204,-11,-5;240,-25,22;242,-17,-3;300,-60,51;304,31,-39;306,-2,10;310,24,2;320,-32,21;325,0,-9;338,-7,11
rua||nelson cardoso de mello|planalto|36883137|1,-2113792,-4237636;3,18,-64;8,60,-201;12,8,-12;18,-3,19;24,-39,125;30,14,-35;36,18,-58;38,-8,11;40,0,-28;42,-5,38;50,-57,192;52,60,-147;90,-10,14;95,-3,-38;144,6,-11;203,-28,108;205,4,-16;251,17,-46;314,31,-92;361,-16,58;369,-14,13;375,-1,2;405,6,-3;609,16,-70;613,-5,34
rua||nelson de almeida|santana|36887124|1,-2113372,-4240552;2,-6,5;3,-8,-6;4,0,1;5,2,-7;6,-14,6;7,9,-8;14,2,-22;20,7,-25;21,-6,51;22,-2,-1;30,-4,-22;32,1,11
rua||nelson jose geraldo|villa real|36880287|67,-2114273,-4236260;87,-11,12;95,-84,206;97,74,-193;107,-2,9;137,-16,30;140,25,-36;150,-5,5
rua||nelson moreira|kennedy|36889379|1,-2112564,-4235042;61,24,14;65,-28,-12;70,13,6;71,-5,-2
rua||nestor rosa da silva|santo antonio|36889322|10,-2113700,-4235465;155,-8,3
rua||nestor rosa da silva|sao cristovao|36889322|1,-2113672,-4235486;20,150,-113;26,6,4;32,-14,17;34,10,-2;35,-155,91;38,142,-88;40,-3,0;47,-9,8;50,-7,4;57,21,-7;60,-35,17;64,-10,9;68,-15,-1;78,-52,14;80,13,12;95,-6,3;98,25,-16;99,6,-1;100,-41,24;104,23,-9;106,-25,11;112,-23,16;115,110,-47;120,-41,5;125,31,-11;139,-82,45;143,-4,5;144,33,-32;145,-35,22;148,-21,22;150,-10,2;182,47,-20;220,-23,13;397,112,-65
rua||newton menezes|joanopolis|36886062|1,-2114196,-4239535;15,67,-15;16,-40,12;18,-34,0;78,-18,1
rua||nicodemos cardoso silva|joao xxiii|36883236|7,-2114461,-4237199;11,31,37;17,-43,-44;388,15,10;458,12,26
rua||nicola cascelli|dornelas|36884172|4,-2113089,-4238870;10,78,-33;12,-72,36;35,10,290;45,-11,-306;61,17,7;72,18,-3;73,-3,-9;105,16,-11;108,13,-2;110,-5,11;115,36,-26;144,-3,17;145,2,-14;155,3,-8;158,2,2;161,8,-10;173,32,-7;182,-148,92;211,151,-100
rua||nicolau gravina|vale do castelo|36881054|11,-2114084,-4236274;15,73,-11;20,-39,-2
rua||nicolau taranto|ceramica|36883006|77,-2113484,-4237254;118,-20,-1;128,45,1;138,12,3;140,-43,-1;148,48,-9;158,10,3;168,11,1;178,12,-6;188,7,3;196,-100,5;198,104,2;203,175,-19;208,-160,8;218,10,7;228,19,-14;238,-7,15;248,23,-12;258,6,5;268,5,-3;278,14,7;288,4,-18;310,20,15;314,5,-7;320,8,3;330,7,2;340,22,1;350,5,-2;360,4,-1;370,15,7;380,8,-6;594,3,-3
rua||nicolau taranto|safira|36883006|1,-2113544,-4237242;79,25,-40;102,-11,12;180,-34,-43;181,33,20
rua||nilson de melo pena|cardoso de melo|36887239|12,-2112777,-4240604;16,149,57;20,95,55;25,-20,-21;30,-1,0;38,-45,-20;39,35,13;40,-2,2;45,24,6;47,23,-10;50,-55,-1;55,-12,-6;60,6,3;65,-12,-5;70,1,-7;75,-7,8;85,-14,-14;90,4,2;100,-16,3;115,-13,-8;120,4,-6;125,-10,0;130,-5,1;135,-6,-8;140,4,11;145,-14,-10;150,7,1;155,-7,-4;160,5,-3;165,-18,-5;170,-3,4;175,-1,-1;180,-2,-2;185,-14,-1;190,3,-1;195,-13,-1;200,2,-2;205,-1,-1;215,0,0;225,-16,-5;230,-46,-21;235,37,16;250,-71,-50;280,-12,-19;290,-9,-9;300,31,34;304,-17,-27;305,20,35;310,-48,-59;315,37,48;320,-37,-57;325,38,55;330,-46,-59;335,34,50;340,-42,-56;345,38,50;350,-43,-64;355,31,59;360,-34,-68;365,34,59;370,-32,-65;375,27,67;380,-28,-86;385,20,69;387,-3,-4;390,-19,-67;395,14,32;405,-1,-5;410,-19,-46;415,11,49;420,-9,-56;425,0,39;430,-7,-52;435,7,42;440,-12,-49;455,8,38;465,2,-6;475,-3,-10;480,3,11;495,-3,-19;505,-4,-9;515,-2,-16;525,-6,-15
rua||nivercino ferreira de souza|jose de abreu|36883054|41,-2114120,-4237719;90,-14,4
rua||nivercino ferreira de souza|planalto|36883054|2,-2113834,-4237386;6,15,1;30,-37,-21;36,2,-6;50,-20,0;58,-7,-3;81,-10,-9;95,26,15;110,-46,-27;140,-24,-6;150,-13,-22;160,-6,4;170,-1,-8;180,-14,1;190,-8,1;200,-6,-5;231,52,22
rua||nivercino ferreira de souza|safira|36883054|6,-2113843,-4237383;16,-90,-62;34,126,80;45,-60,-43;75,34,40;85,-7,-42;86,-4,4;90,-14,-4;107,-43,-23;115,7,11;117,8,11;119,-2,2;125,-30,-15;145,-10,-23;155,-14,-4;175,-12,-11;191,-14,-7;195,-24,-10;221,-2,9
rua||nozual cerqueira|residencial vermelho ii|36880001|1,-2111357,-4244873;5,1,3;7,7,3;11,3,0;16,-6,19;19,8,-11;20,-7,9;23,12,-6;24,-4,19;27,5,-17;31,7,2;32,-12,12;36,4,2;37,8,-5;41,6,0;42,-11,6;46,4,1;47,8,-10;51,6,7;52,-10,9;56,1,0;57,12,1;61,5,-3;62,-13,10;66,7,-3;67,4,-8;71,4,7;72,-8,6;76,4,3;77,4,-7;81,7,5;82,-7,3;86,3,6;87,10,-8;91,3,3;92,-6,10;98,1,5;99,7,-10;102,-16,12;103,19,-6;108,-4,12;109,8,-10;112,-6,12;113,5,-8;118,-1,10;119,6,-8;122,0,5;123,4,-6;128,-5,12;129,12,-1;132,-6,10;133,10,-13;138,-7,12;139,6,-6;142,-5,11;143,12,-9;146,-6,12;149,11,-8;153,3,1;159,2,7;163,6,2;164,-13,8;168,5,2;171,14,-12;174,-7,9;175,5,1;178,-6,8;181,9,-9;185,5,1;186,-9,12;190,5,1;191,10,-5;195,2,-1;196,-9,11;200,2,2;201,9,-3;205,4,1;206,-9,6;210,4,4;211,8,-5;215,4,1;216,-12,9;220,7,3;221,10,-2;225,1,-4;226,-13,2;230,5,9;233,10,-4;236,-5,4;237,14,-9;240,-7,11;241,9,-5;246,-8,12;250,6,2
rua||olavo rodrigues pereira|inconfidencia ii|36889396|1,-2112424,-4234536;2,6,-5;3,5,-13;4,5,-10;5,12,-5;6,8,-9;7,3,-8;8,-2,-2;9,17,-15;10,-4,-2;11,5,-12;12,7,-13;13,4,0;20,-7,-168;21,7,6;22,1,11;23,0,7;24,4,11;25,4,9;26,-3,8;27,-1,13;37,1,82;38,-16,21;39,0,0;40,0,14;41,-12,12;42,-2,2;43,-12,17;44,-2,3;45,-7,10;46,-8,5;47,-1,10;48,-13,6;49,-2,7;50,-12,7;51,-2,7
rua||olinda gardone|aeroporto|36887052|10,-2112659,-4238653;13,-1,-3;20,4,13;23,-15,-9;33,-5,-7;39,-8,-4;55,-9,5;67,-14,-8;88,-8,-5;98,-7,-8;99,6,-7;101,-5,-11;106,-4,14;115,-4,-11;130,-4,-8;133,-3,-4;134,3,-1;142,-4,-4;143,0,-15;150,1,8;151,-2,-6;155,-19,1;156,17,3
rua||olinda pereira rosa|planalto|36883058|12,-2113715,-4237608;20,-81,86;24,82,-73;26,-12,3;34,-3,2;37,1,-3;46,-11,12;55,-16,16;60,15,-8;66,-13,15;70,-7,3;80,-9,-7;82,1,11;90,-8,12;100,-9,-2;120,-7,33;134,-9,-6;140,-6,-19;143,38,-8;148,-138,44;150,97,-9;158,-10,5;161,10,-9;164,-20,11;171,43,-35;173,-6,5;174,-39,26;175,18,-6;184,-28,12;185,43,-15;191,-36,6;194,-10,10;204,-18,1;212,-7,7;215,6,-9;223,148,-106;238,-182,102;250,6,11;255,4,-1;259,-12,-8;280,-15,7;290,-8,-1;294,48,-2
rua||olindo jorge vital|vila de belisario|36880001|1,-2092933,-4245097;12,89,3;32,-8,-26;129,70,-135;134,17,-85;137,-148,243;140,143,-175;177,-29,27;181,12,-9;210,-11,71;220,4,-23;250,-25,25;335,-30,39;355,24,-20;395,-33,73;400,29,-98;550,1,3;825,53,-86;1748,19,-50;1750,-7,10
rua||oliveira barbosa siqueira|boa esperanca|36889073|25,-2112559,-4236306;30,-35,-10;40,12,1;91,30,7;110,-49,-14;168,52,15
rua||oneida passos|centro|36880009|2,-2113074,-4236874;3,-3,-1;8,-10,14;12,-10,-22;18,9,12;22,1,-24;28,3,16;57,-27,-38;60,4,25;79,4,-3;83,-35,-19;88,21,1;99,4,23;120,-27,-34;121,9,7;145,63,49
rua||ordilei marques da silva|vila de itamuri|36880001|12,-2099325,-4237250;90,-25,30;160,30,-96;166,-7,26
rua||orminda do prado ferreira|porto belo|36889206|12,-2112417,-4235314;30,25,5;31,-10,-3;41,12,-10;42,6,-6;51,-1,0;61,11,-6;66,-72,31;71,75,-32;90,19,-37;91,-21,32;101,15,-29;110,-2,6;111,15,-15;121,0,-5;131,11,-3;141,10,-5;151,-1,-13;161,5,-2;164,5,-3;171,-1,-6;188,14,-15;226,21,-28;258,22,-18
rua||oscar lisboa|sao francisco|36881003|41,-2113437,-4236316;42,11,0;43,-4,16;44,-1,7;45,-1,18;46,1,9;47,-1,2;48,7,16;51,-7,-28;55,0,-44;91,6,65;92,3,7;94,-5,-27
rua||osorio armando maria|porto|36889227|5,-2112696,-4235433;10,-1,8;22,-4,-25;29,15,13;39,-15,-9;40,-2,-6
rua||oswaldo corveto napoleao|cardoso de melo|36887201|25,-2113107,-4240136;30,129,289;37,-102,-259;43,-26,0;45,41,102;49,-36,-93;57,2,14;60,91,190;61,-63,-120;65,-5,-8;82,63,116;85,-15,-30;89,-59,-106;95,79,132;96,-80,-142;98,67,132;105,2,12;106,-77,-154;115,73,132;116,-74,-145;122,62,132;132,-68,-141;142,50,88;152,-20,-20;155,28,53;156,4,-15;162,-35,-68;165,27,79;166,0,-20;176,-2,-8;182,-46,-120;185,45,120;186,-2,-7;202,-56,-140;600,99,258
rua||oswaldo cruz|barra|36884020|6,-2113007,-4237733;11,8,3;20,-7,-2;27,10,1;28,0,1;37,10,6;38,1,0;43,-8,-9;50,15,17;53,8,-3;64,7,2;71,5,4;74,3,-5;77,11,12;80,-1,-13;85,8,10;86,-7,-4;98,2,7;101,246,109;103,-242,-103;104,-1,-12;109,8,14;114,-13,17;117,30,-24;120,-10,20;130,13,-10;131,7,-5;132,1,3;143,3,10;148,7,-4;153,6,9;154,3,-3;159,2,4;160,-3,9;163,11,-13;169,14,-1;170,-8,8;180,3,-4;181,9,11;211,133,27;216,-116,-28;220,15,-4;221,-4,18;223,109,15;233,-102,-9;238,6,-12;239,-2,7;244,10,-9;249,4,6;256,-7,32;259,15,-44;263,9,12;274,6,9;279,-1,10;283,-1,-10;284,6,1;293,7,8;296,-4,25;297,10,-16;299,15,0;308,-2,1;313,-114,-50;316,120,43;320,6,3;332,1,2;334,-111,-42;345,132,61;360,-9,-21;361,27,4;367,4,14;370,-22,-12;377,34,-16;397,6,23;409,10,-13;421,-5,29;426,0,-8;427,5,13;430,2,-13;435,7,13;438,-2,-3;440,13,-3;441,2,4;443,-9,6;445,23,-6;450,-11,4;454,7,6;457,12,0;460,-12,2;467,12,-5;470,6,10;475,-7,-3;485,26,-7
rua||otavio amaral barroso|sao francisco|36881022|7,-2113829,-4236309;8,13,-4;10,-54,-52;15,40,51;63,-50,-36;87,2,-9;214,44,27;230,-33,-10;240,-3,0;355,23,10
rua||otavio tiburcio ferreira|centro|36880045|105,-2113174,-4236161;109,6,23;111,-3,13;113,9,11;115,-3,6;131,-1,8
rua||palma|santa terezinha|36889257|15,-2113173,-4235242;25,19,-113;46,13,174;50,14,32;52,-37,-163;53,21,140;54,-24,-153;57,31,165;58,6,-1;62,-2,-4;66,-34,-153;67,-1,-9;71,31,150;76,-32,-133;81,2,27;89,3,-13;99,27,118;116,-30,-136;117,51,174;137,-53,-128;146,3,-1;150,-11,33;151,45,74;159,-36,-115;161,59,147;165,-55,-150;186,-9,25;215,21,-49;220,-3,98;225,3,5;228,0,-28;229,-5,25;250,-10,-30;251,55,94;268,-54,-102;270,-15,19;276,15,-13;306,-6,-26;450,59,129;480,-51,-84;595,1,-5;601,21,38;606,-1,-6;656,15,37
rua||paschoal bernardino|centro|36880049|5,-2113106,-4236205;17,-6,-1;25,-12,7;27,10,0;43,-25,0;50,6,-1;61,-15,6;67,-17,-1;73,5,5;81,-9,-17;101,-35,10;108,-94,48;118,106,-45;122,-13,-3;124,-7,6;127,4,2;136,-22,10;137,10,-10;144,-16,8;161,-26,25;166,24,-22;172,-18,-22;190,-2,45;200,19,22;205,-46,-24;216,2,1;221,-15,8;223,3,8;231,-8,-9;232,9,22;239,-18,-6;243,-8,-21;247,16,20;254,-7,8;264,-7,-5;272,-10,7;281,-15,2;284,4,20;288,0,-2;296,-5,-1
rua||paschoal ciribelli filho|joao vi|36883270|11,-2114710,-4237802;21,-3,13;33,-8,1;45,-3,6;54,-15,2;57,2,15;64,-7,-6;69,2,11;81,-12,11;88,2,1;93,-5,6;100,-10,3;107,4,5;119,-10,9;124,-3,-3;129,-5,11;141,-8,9;148,0,0;155,-4,5;165,-4,14;177,-10,5
rua||paschoal demarques|dornelas ii|36884186|6,-2113143,-4239296;83,-3,13;93,-33,1;99,31,-21;107,7,-11;113,-1,-3;147,16,-35;157,-3,-8
rua||paschoal demarques|dornelas|36880005|4,-2113094,-4239155;10,-26,-15;16,24,16
rua||paschoal demarques|dornelas|36884186|11,-2113095,-4239168;21,17,13;23,-2,-16;32,-78,-70;43,55,64;44,-57,-92;54,-5,-4;57,40,88;59,-13,-74;66,13,-6;68,-21,82;69,18,-10;70,-24,-2;72,4,-59;74,4,-33;75,11,88;80,-7,-96;83,-9,74;98,11,-89;110,5,-16;115,-23,102;118,18,-111;127,0,116;130,3,-123;138,0,-1;146,20,-20;150,-10,-12
rua||paschoal ugati|vila de pirapanema|36880001|7,-2107326,-4250578;650,-13,61;669,16,-42;670,-3,6
rua||patricia xavier|santo antonio|36881122|7,-2113771,-4235804;9,7,22;11,1,18;12,0,18;13,1,0;19,-46,-86;23,2,7;27,-2,-14;49,46,33;50,-1,36;83,-22,-26;99,34,88;115,-11,-68;128,-3,-7;130,0,-4;131,-3,3;132,-10,-22;134,-11,-9;150,22,93;153,-31,-87;200,1,-18
rua||paulino candido magalhaes|joao xxiii|36883214|20,-2114992,-4237017;22,-2,-16;23,4,2;35,90,-163;41,79,-61;46,-105,89;120,-98,285;130,-13,-13;140,15,-12;150,2,-2;160,6,-13;190,0,-36;210,13,-16;220,4,-9;240,-9,-25;284,10,-27;316,10,-26;328,0,-10;354,10,-8;368,-2,-10;372,5,-18;418,14,-14;428,13,-26;431,-56,158;438,60,-170;488,32,-29;518,28,-27;519,-3,-5;528,7,-2;534,17,-8;548,9,-15;568,18,-2;585,5,-2;595,2,-6;596,14,-4;605,2,-4;608,17,-15;625,-15,9;635,9,-2;645,9,-10;671,19,-9;709,-222,462;711,-1,7;715,14,25;733,13,19
rua||paulo cesar de abreu|ceramica|36883016|2,-2113503,-4237260;8,19,-32;26,-4,11;40,3,-25;70,19,-11;100,3,-7;180,35,-6;446,121,-20;448,-13,5
rua||paulo cesar de abreu|safira|36883016|1,-2113496,-4237272;25,17,-13;35,-13,-7;51,3,-8;61,17,-6;67,8,-3;77,8,-1;113,31,-15;121,3,4;127,16,-7;141,55,-9;151,-3,0;159,-10,1;165,-27,10;170,6,5;175,-18,-5;177,29,-2;450,36,-13
rua||paulo de oliveira goes|gaspar|36888105|5,-2112227,-4238168;10,15,-108;14,-10,35;27,3,13;34,22,-117;36,-2,-1;40,-2,-16;42,9,-24;43,-7,4;48,8,-45;49,3,-38;53,-49,307;70,8,-53;80,7,-10;100,8,-68;110,-2,-6;120,7,-11;125,-16,43;135,9,-14;145,5,-13;150,-8,23;160,17,-59;165,-2,28;170,4,-42;185,-4,13;195,7,-15;220,-7,-30;230,5,-6;260,10,-34;270,3,-16;280,-2,-4;305,7,-20;316,-3,-19;326,-6,6
rua||paulo emilio carlos dias|barra|36884105|26,-2113026,-4238120;36,-10,14;56,-11,19;66,-7,6;76,-3,0;86,-14,24;105,-2,-9;145,-33,24
rua||paulo henrique de freitas rosa|sao gotardo|36880204|10,-2114318,-4236866;40,-13,-5;45,-6,-4
rua||paulo pacheco de medeiros|centro|36880082|11,-2113162,-4236684;25,-2,-10;39,-12,-10;50,-2,20;52,-8,-26;63,-8,-12;75,-6,-2;81,-4,-7;87,-3,-1;90,3,-4;93,-5,4;95,-3,-7
rua||paulo pacheco de medeiros|centro|36883290|40,-2113259,-4236777
rua||paulo roberto guimaraes|patrimonio sao jose|36880002|712,-2112374,-4239383;720,10,3
rua||paulo roberto guimaraes|patrimonio sao jose|36887002|12,-2112528,-4238721;22,-3,-14;30,17,-2;36,10,-12;44,-16,-9;52,-3,-10;134,29,-84;151,79,-191;174,-73,165;184,-2,-9;196,4,-8;208,8,-35;218,0,3;226,-2,-4;228,4,-3;230,8,-2;237,-10,-11;247,-1,1;248,3,4;256,-3,-2;260,11,-17;266,4,2;465,38,-185;466,0,2;598,29,-123;612,4,-17;626,-136,573;684,131,-639;690,4,-15;702,7,-9;712,1,-10;740,3,-5
rua||paulo soares brum|chacara doutor brum|36889054|10,-2112574,-4236535;11,-74,-3;12,24,0;13,-4,14;15,25,13;130,-82,-38;234,97,44
rua||pedro afonso galdino|cardoso de melo|36887218|20,-2112756,-4240009;92,11,-11;115,1,-1;175,74,-72;205,-15,17
rua||pedro afonso galdino|napoleao|36887218|70,-2112788,-4239983;90,-6,-13;140,139,-96;160,-25,20;220,58,-49;290,9,-4
rua||pedro antonino barbosa|joao xxiii|36883212|1,-2114729,-4237292;25,124,-65;65,-35,20;90,-30,8;105,-3,4;115,-2,5;125,-8,2;145,-20,4;155,-6,8;175,-20,-1
rua||pedro antonio da silveira|napoleao|36887075|9,-2112955,-4239299;13,71,9;28,-6,-28;38,-30,13;39,-2,-2;43,16,-7;54,-49,19;55,36,-8;64,-33,-6;65,44,-3;74,-30,0;84,15,9;90,-19,4;170,61,-11;188,-53,6;190,37,-4
rua||pedro batista de paula|dornelas ii|36884214|1,-2113428,-4239019;11,-12,-76;35,8,45;75,-18,-19;85,4,-7;95,0,-9;105,6,-4
rua||pedro batista de paula|dornelas|36884214|38,-2113435,-4239024;64,-12,-43;74,5,-19;84,-10,-7
rua||pedro candido|vermelho|36892500|33,-2110994,-4244786;34,-8,-8;53,30,24;70,24,19;74,-18,-8;131,-13,-14;638,-36,-33;968,24,20;973,1,0;976,36,30;1145,-28,-25;1339,36,31;1388,-5,-2;1546,5,3;1548,-5,2;1579,-16,-23;1580,7,6;1583,0,3;1768,20,15;1791,0,5;1797,-35,-31;1809,-3,-2;1980,38,29;2030,-1,6;3978,-61,-57
rua||pedro dimas|alterosa|36880246|12,-2114176,-4236517;15,-28,3;20,-52,-1;25,92,-2;26,-141,7;34,106,-1;75,-1,4;80,-44,-8;84,-50,16;85,87,-13;92,-52,-9;95,41,8;104,-52,7;105,48,2;116,-53,-1;128,-7,-5;135,14,-3;155,-12,4;166,-41,-1;178,-5,4;179,25,-2;190,-36,-3;195,27,3;200,-38,1;205,27,8;210,-95,-6;214,47,15;215,41,-14;222,-47,-1;225,20,1;234,-34,-1;235,29,-1;246,-39,7;255,20,1;290,-49,-6;300,-12,-7
rua||pedro julio tureta|joao xxiii|36883193|11,-2114260,-4237244;13,-8,-3;15,-10,-9;26,26,5;35,-28,-10;45,-11,-1;55,-11,-3;68,7,-2;120,52,36
rua||pedro luiz brejao|sao francisco|36881034|7,-2113943,-4235826;9,11,31;33,-53,-99;45,18,28;51,-17,-13;91,25,39;122,21,17;126,4,7;131,-5,3;133,2,6;142,-3,15;169,17,16;190,13,18;210,2,8
rua||pedro mazzini|santo antonio|36881152|4,-2114140,-4235513;8,10,4;9,-2,2;11,-19,-11;14,-22,-10;16,-4,-6;18,119,22;28,-20,5;30,11,9;32,-22,9;34,-11,-5;36,-10,-2;38,35,-6;76,-93,-25;82,-58,-22;90,82,43;104,79,-2;204,-115,-44;297,50,60;340,-78,-60;344,33,16;362,-45,-14;428,-22,4;429,-9,-8;430,-6,3;432,-19,4;438,-36,-6;442,-12,-5;445,-48,-36;468,21,35;476,12,-10;480,-20,-15;482,-40,-37;500,32,23;502,-10,-4;520,3,-26;536,-10,3;542,-10,-1;544,-14,-5;548,-20,11;550,17,-14;562,-27,-17;650,-20,-27
rua||pedro minarini|aeroporto|36887043|15,-2112701,-4238719;18,-8,-2;25,13,-8;26,-3,3;34,4,-2;37,0,2;40,1,1;78,-30,3;84,8,-12
rua||pedro muglia|aeroporto|36887036|2,-2112708,-4238373;15,0,4;30,13,-28;31,-7,-19;39,80,-51;41,-51,59;49,-26,-26;64,1,-9;70,1,-11;78,5,3;83,-5,-16;86,0,5;94,0,-8;95,-5,-1;102,3,-10;103,2,5;108,-1,-5;112,1,-7;117,-2,-5;118,-5,0;125,-12,5;126,10,-30;135,1,-3;136,-2,-1
rua||petronela guilherme|sao joaquim|36886099|10,-2114067,-4240014;19,1,7;20,-4,-2;29,2,2;30,-4,5;39,-1,13;40,-8,-1;49,17,10;50,-17,-5;59,6,23;60,-16,-17;70,-1,7;80,-12,9;90,-4,5;100,-10,-2;110,-10,2;130,-17,-4;140,-17,14;150,-9,-4;160,-3,5;170,-13,-1;180,-9,-2;190,-10,2;200,-8,0;210,-3,-1;220,-11,1;230,-10,-2;231,1,10;240,-12,-10;241,3,18;250,-13,-17;260,-6,1;270,-11,1;280,-8,0;290,-14,2;300,-9,-2;310,-14,-6;315,-4,16
rua||pingo de ouro|recanto verde|36889100|10,-2112126,-4236464;20,1,2;30,8,8;40,5,2;50,1,6
rua||pingo de ouro|recanto verde|36889104|9,-2112115,-4236456;25,3,3;35,8,0;45,1,4;55,6,22
rua||pirapanema|barra|36884014|11,-2112880,-4237517;20,1,-14;21,8,20;25,17,1;30,-11,-14;33,19,18;50,4,5;59,4,-2;65,0,6;83,9,11;85,3,-5;90,6,18;93,-7,-10;96,-16,19;101,23,-4;109,4,8;111,7,0;125,-3,2;140,-68,-69
rua||plautides werneck alves|planalto|36883152|4,-2113882,-4237584;5,-9,-2;6,8,-1;7,-14,-5;8,2,2;9,-3,-2;10,-6,5;11,-12,-12;12,11,3;13,-21,-2;14,8,1;15,-20,-11;16,23,7;17,-14,-6;18,-13,-5;36,64,51
rua||ponte nova|santa terezinha|36889263|10,-2113007,-4235141;13,3,2;17,-5,-4;23,6,-16;30,-10,-15;34,6,16;36,-15,-54;38,-11,-109;40,12,57;41,-13,-66;42,18,154;44,2,-9;49,-24,-174;50,8,56;52,14,113;56,-14,-158;60,5,48;62,14,125;64,-21,-169;65,20,142;69,-29,-149;75,27,141;77,3,-6;82,-1,8;84,-18,-126;86,-3,15;89,7,101;90,0,-69;91,-14,-61;93,5,10;97,3,79;99,4,-20;112,0,-27;140,7,-10;144,-2,29;150,12,96;165,4,21;171,-19,-110;173,0,8;183,-2,10;191,9,-8;204,8,84;503,-1,-13
rua||popular|sao pedro|36889156|6,-2112489,-4236063;16,50,-23;20,-25,22;26,-4,-21;30,8,5;31,22,-13;35,-11,9;36,22,-38;48,-4,7;49,-2,23;55,4,-6;65,-3,-4;75,14,-33;76,-18,28;105,19,-39;415,-29,65
rua||porfirio amancio de souza|sao pedro|36889154|15,-2112453,-4235996;16,29,-71;17,-34,60;18,26,-50;20,-10,22;29,41,-69;31,-15,17;36,16,-21;45,-55,84;51,-4,21;107,1,-5;112,17,-28;130,-6,9;154,-11,23;156,-9,6
rua||portugal|sao cristovao|36889309|9,-2113431,-4235853;15,37,-1;20,41,262;25,-14,10;26,-8,-3;28,1,-4;30,-10,24;32,-1,5;36,104,-342;38,-126,357;50,-22,18;51,13,-13;60,-14,16;66,-7,8;70,-11,11;73,-34,26;76,58,-50;80,-23,26;87,0,-3;89,-7,4;90,109,-92;94,-57,47;100,-15,9;109,-98,86;110,39,-33;111,-52,32;113,7,10;114,45,-44;115,-8,11;117,-51,44;120,31,-29;126,-9,6;128,3,-1;130,14,-10;135,-44,44;140,49,-51;152,-69,74;160,30,-47;170,-14,24;240,75,-67;269,43,-45;279,10,-10;289,3,-5;299,4,-22;314,82,-47;321,-59,51;390,62,-75;420,-7,-51;441,4,21;453,1,-11;465,-1,-6;477,-5,-15;489,-6,-8;490,13,-4;500,-34,-122;501,23,116;508,-4,-29;510,-18,-46;513,25,53;514,-195,295;520,177,-322;523,5,20;530,-5,-36;535,8,24;547,11,-8;559,-10,-9;560,-13,-25;570,-2,-10;571,6,10;583,-3,-12;595,5,-16;600,-14,-22;640,-22,-19;646,-12,5;650,33,12;657,-3,21;667,-16,-36;679,-18,5;686,0,11;688,-23,-7;690,-4,-3;700,-7,-2;701,67,20;713,-68,-13;720,57,-26;725,-70,29;730,-6,-4;740,-12,6;777,100,-27
rua||primavera|santana|36887116|2,-2113527,-4240530;6,233,14;10,-31,-38;11,-57,9;16,46,-7;19,-5,5;21,-98,4;30,92,-4;33,11,6;34,-7,-14;37,1,18;38,-14,4;40,-13,-12;53,-21,12;59,-8,-4;61,-24,-1;64,-20,9;66,19,-7;69,18,-4;70,-38,26;72,-8,-24;75,39,6;76,-39,-2;77,-10,-2;80,-10,4;81,-12,1;91,-12,3;95,178,-23;100,-187,12;101,1,2;102,-6,4;111,-9,-4;121,4,11;131,-21,-4;135,17,-4;145,-18,2;147,11,-5;166,81,-3;244,118,18;280,-230,-19;301,-36,16;304,23,-7;323,-29,1;335,2,0
rua||primeiro de maio|gaspar|36888121|1,-2112070,-4238446;5,44,129;9,-24,115;12,-17,-247;19,17,231;30,7,23;31,-40,-261;39,35,232;45,40,-158;56,-9,188;57,-20,-57;58,-1,69;60,3,-75;69,9,96;75,-16,-76;77,8,-25;79,21,97;81,-32,-58;82,-1,5;84,3,39;87,-22,-15;89,31,-73;99,-13,-177;100,7,13;105,-28,-22;110,-25,26;111,28,-16;112,-23,-6;113,-8,-12;118,61,207;120,-6,-8;143,23,-65;145,7,-21;147,-9,60;150,10,-86;155,2,0;160,-3,-3;181,-9,49;306,-17,-92;316,19,8;326,-8,-4;330,-5,-9;350,4,158;360,-18,28;375,32,-51;380,-1,-23
rua||primeiro de novembro|santana|36887110|25,-2113443,-4240466;91,-8,-4;100,7,-2;153,-27,29;156,21,-7
rua||principal|povoado capetinga|36891899|22,-2103322,-4240884;30,47,98;40,12,-11;45,0,12;55,-19,-65;60,19,43;100,-72,-87;130,46,37;137,20,25;150,-60,-47;153,35,13;190,-31,-14;226,-55,-32;300,-32,-22
rua||projetada|cardoso de melo|36887203|110,-2112935,-4240246;1005,-26,-23
rua||projetada|centro|36892100|18,-2120927,-4250922;32,-91,-24;34,5,-3;37,85,26;38,2,-2;39,20,0;276,60,0;278,-13,2;280,-1,-4;285,-84,8;286,0,-4
rua||projetada|gaspar|36880001|1,-2111929,-4238545;2,-1,13;3,-9,26;9,2,-16;15,4,-2
rua||projetada|patrimonio sao jose|36880005|22,-2112344,-4239477;100,-14,-8
rua||projetada|santo antonio|36881131|12,-2113616,-4235740;28,30,-10;29,7,13;30,16,5;35,-28,-14;46,21,16;47,0,-1;48,2,0;49,12,-8;50,-28,-5;51,18,26;55,-29,-15;457,-10,-27
rua||projetada|vermelho|36892500|45,-2110698,-4245635;51,-77,56;180,-1,14;200,23,-56
rua||projetada|vila de boa familia|36880001|34,-2121008,-4250943;36,23,3;120,22,21;121,2,-14
rua||quenta sol|porto|36889269|1,-2112767,-4235590;15,-137,-85;47,-7,-5;57,-4,16;402,-30,-44;410,148,97
rua||quenta sol|santa terezinha|36889269|10,-2112946,-4235716;12,9,8;14,4,2;16,3,10;28,-1,14;44,15,4;52,-2,8;58,4,4;66,17,0;80,1,4;88,0,-7;96,11,1;118,12,9;120,9,8;126,0,-4;138,12,7;146,-7,2;154,16,3;167,5,11;174,-42,58;180,53,-44;206,27,8;218,13,3;220,-8,-1;228,11,-1;258,20,16;260,1,7;264,7,-6;270,-8,-2;274,8,17;285,-15,8
rua||quinze de novembro|santana|36887112|5,-2113309,-4240491;6,3,2;9,-18,2;10,10,-8;20,2,5;33,-148,7;40,133,-7;42,6,-5;45,-20,-3;51,-104,6;55,113,-2;57,-27,2;59,-7,2;61,-10,-3;66,-24,-6;69,-106,5;75,117,9;80,-25,-10;83,19,1;89,-22,4;90,-31,5;91,-41,1;93,63,-7;99,-10,4;101,-11,1;109,-66,-5;110,-12,2;114,131,2;116,-57,-1;120,59,4;128,-69,-5;132,3,13;138,-52,-9;143,10,13;148,-2,-15;150,83,23;195,-3,-21;197,-51,-1;207,-18,-2;218,27,1;250,-61,4;260,-10,1;269,5,6
rua||rafael stanzani da silva|porto belo|36889195|1,-2112419,-4235417
rua||rafael stanzani da silva|vila conceicao|36889195|3,-2111938,-4235505;4,-5,-10;6,6,-12;8,-283,-13;9,17,0;10,288,-3;11,11,-6;20,-513,111;30,537,-123;60,-47,16;63,96,-25;68,-12,-10;70,-330,38;75,479,-72;80,-117,39;82,13,-3;85,-323,26;88,274,-28;100,-218,37;190,15,26;192,5,0;196,30,48;198,-9,-17;201,114,-36;340,-200,-7;360,-8,-13;515,132,66;545,36,-28
rua||raimundo pedro|vermelho|36892500|5,-2110898,-4245312;8,-14,-20;9,-12,-2;10,18,4;11,-9,-13;13,-5,-12;22,-26,-28;35,43,62;80,-24,-40
rua||raphael fadul fernandes|bom pastor|36887181|8,-2113200,-4240348;12,135,52;18,-130,-62;20,-65,7;25,10,-4;55,-21,-3;85,16,5;105,23,-5;110,14,4;125,7,-10;145,23,7;200,26,9;210,17,6;1015,156,91;1025,-8,13;1040,-14,-31
rua||raul de leoni|colety|36880188|33,-2113906,-4237150;35,-2,-3;38,-20,-30;39,17,-26;41,-2,86;42,-2,-7;44,2,-22;45,4,-16;46,1,-5;47,-2,-8;48,-1,-19;49,-2,-2;55,1,27;65,1,-10
rua||raul pereira da rocha|bico doce|36880180|30,-2113707,-4237157
rua||recreio|santa terezinha|36889295|3,-2113148,-4235531;7,-3,28;10,0,-3;18,9,-29;20,-4,15;23,-31,-39;25,40,6;28,15,30;30,-13,-23;37,-1,-10;39,0,-4;40,1,12;48,24,-57;49,-26,37;50,15,-8;51,-23,38;52,31,-54;60,-17,21;70,3,-3;150,23,-11
rua||ricardo oliveira moraes de azevedo|bico doce|36880216|5,-2114199,-4236802;7,19,5;12,-12,6;350,-16,-7;841,-1,0
rua||rita carneiro lopes|inconfidencia ii|36889406|6,-2112697,-4234679;7,11,6;16,-18,-8;46,24,15;56,-2,-4;76,18,6;95,-26,-16;105,13,-2;115,3,12;125,15,6;135,10,1;145,11,0;155,8,-3;165,9,-5;175,7,-9;185,12,-4;195,15,-8;205,4,-3;215,18,-9;220,37,-26;225,-28,13;235,5,0;245,10,-10;255,14,-9;265,6,-3;275,6,-7;285,16,-6
rua||rita siqueira serrano|sao cristovao|36889301|10,-2113479,-4235978;25,4,0;50,1,13;51,4,19;52,-6,0;54,1,0;57,-16,-8;60,15,38;61,-8,-24;80,10,-1;86,-4,0;90,0,22;100,0,7;110,-1,32;111,-2,-26;125,4,15
rua||roberta werneck|joanopolis|36886065|16,-2114246,-4239650;17,8,1;18,13,-7;21,21,5;22,6,2;23,16,-5;24,4,7;25,13,-7;26,13,-1;27,-6,14;28,10,-17;29,10,-4;30,15,9;31,8,-1;49,-29,1;50,16,2;132,-85,-1;142,-11,0;181,-45,10;182,9,-5
rua||rockfeller|barra|36884016|2,-2112874,-4237578;5,18,0;12,3,-12;15,0,14;18,-10,4;26,22,1;31,-5,-1;38,4,9;39,5,-4;43,4,3;49,1,-1;52,-2,-2;55,14,8;61,8,0;66,-3,0;67,10,-14;75,0,20;76,-12,2;84,13,3;85,7,-4;91,7,5;92,2,3;97,3,3;99,1,6;102,-1,-4;107,2,7;122,12,-1;128,3,17;134,3,10;144,-2,1;152,7,1;156,15,2;166,-1,7
rua||rockfeller|barra|36884017|121,-2112777,-4237528;125,9,4;129,5,10;141,7,7;147,0,5;151,1,2;157,3,4
rua||rodesia|sao cristovao|36889330|8,-2113466,-4235561;28,-14,-18;40,8,17;52,7,7;64,11,7;73,6,6;76,0,4;88,4,-1
rua||rodrigo de almeida|santana|36887104|9,-2113424,-4240383;35,6,-4;55,-12,31;65,2,-11;70,-2,-25;75,1,22;85,9,-29;90,6,-6;91,-10,-1;96,17,-10;101,-19,2;105,17,-6
rua||rodrigo de castro|sao francisco|36881014|7,-2113397,-4236250;12,-169,28;16,34,-7;22,-32,4;32,77,0;34,-12,-7;43,157,-18;45,20,-3;47,20,-8;49,-3,-1;50,-246,36;52,168,-27;53,19,5;57,31,-9;61,41,-3;65,-96,11;71,27,-5;73,11,0;98,-147,22;170,55,-4;200,37,-5;220,17,-8;228,15,3;250,19,-2;308,28,-9;310,14,-6
rua||roldao pimentel|sao francisco|36881020|26,-2113750,-4236222;27,-10,19;36,4,-15;46,7,10;56,16,-3;68,5,-4;74,25,2
rua||ronaldo cardoso de melo|dornelas|36884196|15,-2113413,-4239197
rua||rosa batista dos santos baldanza|joanopolis|36886068|1,-2114264,-4239662;2,-21,-10;3,1,24;4,-10,8;6,-13,30;7,-6,9;8,-9,6;9,-6,2;10,-4,13;14,74,-96;17,-80,96;18,20,-6;19,4,-7;20,-5,-14;21,9,-8;22,4,-5;23,3,-3;52,13,-15;53,0,1;55,7,-2;75,-15,12;85,-16,13;495,-32,60
rua||rosa ferrari braz|safira|36883048|1,-2113361,-4237644;4,-1,-14;6,14,8;7,5,20;8,8,-1;9,1,6;10,2,-4;11,6,1;12,4,8;13,2,4;14,3,1;15,5,7;16,-6,-2;17,17,12;18,-6,-8;19,13,11;20,-6,3;21,-8,-10;22,21,21;25,-70,-50
rua||rosa moreira|santo antonio|36881153|5,-2114029,-4235478;7,-13,-16;9,13,10;32,-8,-35;33,22,40;35,4,8;37,-6,-11;45,4,18;52,2,-12;54,-1,3;55,8,9;58,-5,-5;66,10,3;69,-32,-31;76,45,40;81,3,2;87,5,2;88,-6,-1;94,10,1;99,2,7;100,2,-3;105,11,1;112,-9,1;115,9,2;128,6,2;130,-8,1;135,24,18;141,1,-1;142,-8,-9;145,11,17;149,13,2;156,-22,-13;164,8,13;172,110,80;174,-93,-74;184,-1,14;185,12,-6;188,-7,4;192,6,-6;193,4,-3;212,3,6;213,7,-1;219,5,5;227,10,5;228,-13,-3;230,8,7;234,4,-2;251,6,1;252,13,18;272,9,-2;276,7,20;280,6,0;289,-23,-16;290,26,18;299,-31,-32;305,14,23;307,11,5;308,-3,-4;309,1,9;320,21,11;325,-1,6;328,10,9;331,0,-1;332,-6,-4;335,9,13;343,9,4;348,-6,-4;359,5,7;360,12,14;364,-6,-10;366,9,2;370,4,7;373,-7,1;377,2,7;385,9,7;395,0,-1;401,19,10;408,1,7;412,3,-7;417,-6,7;418,0,4;425,10,-4;435,9,14;438,5,-4;439,0,12;445,-2,-6;446,-289,-227;455,293,234;457,1,6;460,-301,-246;462,308,230;469,-1,16;470,1,2;471,6,8;480,-5,-5;483,17,16;490,4,11;492,1,-10;493,8,1;513,10,19;527,12,10;528,-22,-19;530,-1,12;535,35,19;536,-12,-8;541,-1,-2;542,18,14;543,-4,2;551,4,3;560,0,-2;568,3,4;580,12,-1;586,-2,2;661,-2,-5;695,10,18
rua||rosa teodoro barbosa|sao joaquim|36886091|7,-2114346,-4239893;10,-110,58;11,64,-21;22,-69,40;52,86,-56;113,-37,21;132,-47,30;133,-3,6;155,-20,13;185,-27,6;311,75,-42;5825,98,-52
rua||rosely fintelman zem|gaspar|36888108|3,-2112164,-4238529;5,39,-41;7,56,-12;9,-111,89;10,-88,309;11,137,-350;13,25,-15;20,-140,267;21,61,-224;27,-83,315;29,93,-282;30,-93,271;33,18,-142;35,106,-159;37,-97,134;40,-27,151;45,179,-358;48,-119,119;49,6,-3;50,20,1;55,98,-117;60,-53,109;65,65,-111;70,-189,333;75,201,-336;80,-197,327;90,-1,-10;95,216,-323;100,-216,316;102,-10,96;104,10,-133;105,223,-278;110,-223,301;115,235,-302;120,-236,294;130,0,-5;160,6,-34;190,11,-36;200,6,-11;205,-8,3;210,11,-10;215,-4,6;220,9,-15;245,51,-81;255,-42,52;275,2,3;305,21,-51;315,-2,-11;325,14,-7;335,0,-5;355,10,-23;375,5,-11;405,20,-14;415,10,-8
rua||rotary|planalto|36883155|4,-2113958,-4237760;5,7,7;6,-9,-2;7,-2,18;8,1,-6;9,5,10;10,4,1;11,-7,12;12,-8,-1;13,9,9;14,0,1;15,-6,7;16,4,-1;18,-11,6;20,3,20;21,5,-11;22,-12,18;23,-2,-3;24,4,1;25,-11,16;26,0,17;27,-2,-19;29,3,9;30,-4,7;31,5,3;32,-6,10;33,3,-1;34,-2,15;35,-4,0;36,-2,8;37,0,-5;38,-2,11;39,0,-1;40,-5,9;41,4,1;42,1,14;43,-13,1
rua||rubi|sao joaquim|36886054|1,-2114160,-4239759;4,16,-20;5,-23,26;6,45,-40;7,9,-13;10,-23,17;14,-22,30;18,-2,-6;25,1,-2;28,11,-5;35,-4,2;45,11,3;48,6,-19;65,9,-6;75,8,-14
rua||rui barbosa|barra|36884081|14,-2112948,-4237730;17,3,-10;20,-6,7;25,9,-9;30,-6,-4;35,11,-7;36,-28,6;42,23,-19;43,10,14;51,-5,-11;63,6,-11;79,-5,-17;89,5,-20;99,-1,-6;107,-4,1;109,2,-9;117,5,-3;130,-1,-15;143,2,-4;150,-2,3;152,1,-12;153,7,10;160,-2,-23;161,5,3;168,1,-8;173,-4,1;178,4,-9;180,5,-4;189,7,4;194,-9,0;197,5,-11;198,5,-9;201,8,5;203,-11,4;212,6,-18;215,-1,-1;218,-3,-7;227,3,6;228,4,-9;246,-4,-11;250,8,-12
rua||saber latuf|barra|36884050|9,-2112957,-4237415;34,1,2
rua||salim elias|joao xxiii|36883194|5,-2114323,-4237218;12,4,-2;15,-14,-4;25,-7,-5;26,-11,14;35,4,-16
rua||salomao ferreira guimaraes|augusto de abreu|36883185|1,-2114111,-4237546;3,69,25;4,-72,-32;6,6,22;7,-4,18;8,21,-13;9,27,10;10,-17,-4;45,47,0;65,-9,3;75,-15,2;128,-57,-37;138,-6,-21;148,-5,-13
rua||santos dumont|aeroporto|36887042|26,-2112667,-4238679;42,7,-15;52,1,-7;62,4,-16;68,-6,-2;74,3,-3;84,4,-12;90,1,-2;96,14,-2;116,-5,-25;130,9,-37;136,-1,1
rua||santos dumont|aeroporto|36887045|3,-2112659,-4238702;18,67,-270;25,-74,290;32,32,-146;44,0,-1;51,-28,125;61,2,-13;95,6,-20;107,-44,4;113,54,-32;120,44,-152;130,3,-13;131,0,-14;133,-42,156;135,5,-7;137,1,-6;143,-1,1;150,43,-164;151,-41,148;157,5,-12;160,34,-160;163,-38,159;170,36,-143;175,18,-130;180,-11,106;220,1,-14;226,7,-10;230,-9,-5;240,3,-34;250,1,13;262,2,-6;270,-5,-7;280,1,-11;290,0,-15;295,2,9;300,-5,-8;302,11,-9;310,-3,-8;317,-52,253;320,46,-250;330,-1,-21;350,0,-15;366,0,-17;367,6,-6;370,-5,4;380,18,-22;765,-56,320;1401,43,-321
rua||santos dumont|napoleao|36887045|99,-2112741,-4239668;121,25,17;122,-65,-40;180,26,20
rua||sara de jesus gervasio|santana|36887130|10,-2113292,-4240625;50,27,-5;57,-3,6;59,8,-17;60,12,3;75,4,-9;85,3,-8;892,-59,35
rua||saulo magalhaes|planalto|36883143|1,-2113795,-4237656;3,-15,0;4,30,-9;5,-34,16;6,32,-5;7,-44,4;8,30,-10;9,-38,1;10,29,1;11,-41,7;12,35,0;14,-21,2;16,-10,-6
rua||sebastiana silveira campos|sao francisco|36881025|15,-2113956,-4235983;35,-76,88;37,19,-19;41,63,-80;44,-3,11;46,0,-11;53,37,-40;56,-26,29;61,0,0;71,12,-1;73,-76,79;76,9,0;81,72,-87;91,2,-15;93,-46,57;105,8,-5;126,136,-177;127,-21,-13;133,-43,96;140,-73,93;144,84,-107;150,8,8;155,-7,7;162,12,-28;163,-31,-2;169,25,7;173,11,1;177,-6,-10;180,21,-13;189,-11,21;201,10,-11;213,4,-21;225,-24,-17;227,40,2;229,-12,-13;231,4,-6;232,8,11;236,-18,-15;245,19,3;255,-16,-19;282,-5,-2;285,12,-11;292,-9,1;293,20,-84;298,-14,75;299,2,6;302,6,-28;303,-2,-1;313,-3,-7;315,14,-50;325,-66,208;336,64,-182;370,-15,130;447,-5,-140;505,-208,397
rua||sebastiana silveira campos|sao francisco|36892500|60,-2114012,-4235907
rua||sebastiao abrantes|centro|36880025|15,-2113075,-4236460;35,16,2;40,1,-3;43,14,-10;55,-7,-19;68,2,10;72,29,18;74,-20,29;77,27,-35;84,-48,4;87,52,4;88,-6,-6;96,7,-12;104,12,9;116,-2,-13;117,8,22;122,12,2;125,-12,-5;133,23,1;142,-3,4;149,17,-2;158,-10,-6;163,27,17;170,-5,-15;175,19,8
rua||sebastiao bani|sao joaquim|36886129|35,-2113891,-4240191;45,-1,-4;120,4,16;190,1,-11
rua||sebastiao batista de almeida|vermelho|36892500|5,-2110812,-4245837;6,-34,47;11,-22,134;13,27,-154;15,-8,39;24,1,14;33,2,-55;40,-9,128;61,-2,-24;81,3,-11;91,-1,-19;100,10,1;110,-4,-8;140,4,-29;181,-3,-59;190,4,0
rua||sebastiao campos|boa vista|36888013|1,-2112529,-4237271;175,42,2;230,-53,-7
rua||sebastiao celestino|planalto|36883066|143,-2113616,-4237436;148,39,-51;153,-32,41;155,7,-15;173,11,-10;181,-3,-1;185,2,-5;191,9,-2;202,156,-185;212,-12,-11;215,-125,172;219,-12,9;221,13,-14;223,1,-6;235,38,-43;237,-28,35;255,7,-10;271,7,-7;273,6,-8;309,17,-27;315,0,5;335,1,3;345,14,-13;347,6,-7;351,3,-9;359,14,5;365,-2,-17;371,13,4;377,3,-28;381,-16,15;421,19,-20;431,-3,10;435,18,-19;443,9,-12;449,-1,-10;474,-28,31;479,40,-30;485,14,-16;497,-4,-2;507,10,-7;517,12,-2;527,2,-9;537,9,-7;541,0,-15;551,-18,-6;559,30,-1;565,4,-9;585,9,-11
rua||sebastiao celestino|safira|36883066|7,-2113689,-4237323;11,-7,1;15,5,-46;19,22,-18;21,-27,30;27,15,7;30,-5,-35;31,-10,47;39,22,-47;45,-9,19;49,10,-13;50,-2,2;60,13,-14;76,5,5;84,4,-3;85,-1,0;89,-1,-4;90,9,-3;95,-14,-4;101,2,11;104,18,-28;109,-9,14;114,17,-5;117,-4,0;120,8,-10;122,15,-29;125,9,-12;127,-25,32;129,6,-10;135,18,-28;152,14,-10;240,26,-28;246,6,-6;256,-1,-12;266,12,5;272,1,-7;286,5,-10;292,16,-5;304,-5,3;306,8,-13;316,4,-10;324,7,-17;334,11,0;346,-5,-12;352,-1,0;358,17,0;364,6,-12;381,10,-14;382,1,0;388,2,-9;400,17,-9;410,9,4;422,-3,-12;438,-1,-24;448,3,-4;478,11,-4;482,11,-3;486,23,-3;502,1,-16;514,5,-10;524,2,0;542,14,-9;552,-2,-14;562,9,-7;572,10,-10;660,4,5;670,10,-12
rua||sebastiao dornelas|dornelas|36884180|10,-2113107,-4239182;26,0,-11;35,21,-4;36,-18,5;45,16,-13;46,-6,-5;47,17,8;56,-18,-24;65,3,13;67,-5,-9;69,15,-5;71,2,-1;76,-3,-11;80,-1,-6;83,6,-14;85,-1,3;91,-1,-6;93,-2,19;94,1,-14;99,-13,39;100,9,-41;105,6,-8;109,-2,33;115,6,-50;120,-10,20;126,15,-22;135,-1,-2;136,-3,-5;141,6,-10;151,1,-15;161,1,-10;179,10,-3
rua||sebastiao jose da silva|barra|36884106|6,-2113130,-4238319;8,-4,-8;13,-21,-49;30,25,60;44,-22,-51;126,41,51;148,-5,253;158,-6,0;219,13,-230;220,-41,165;225,39,-131;240,-32,120;252,1,1;258,0,-17;260,5,1;261,29,-104;270,-26,87;280,6,-12;290,3,-13;300,4,-8;310,-1,-13
rua||sebastiao jose mendes da silva|alterosa|36880240|2,-2114212,-4236530;12,-17,-52;30,5,37;40,-1,-8;50,-7,-6;64,1,-15;90,-3,-23;98,-11,-20;105,5,9
rua||sebastiao jose rodrigues|vale do castelo|36881052|6,-2114073,-4236187;7,11,-17;10,59,-60;17,-22,27;20,22,-29;25,9,3;39,-124,112;40,-14,14;42,-12,11;50,127,-121;70,-16,16;75,-3,8;85,0,-1;90,-2,3;110,-30,19;121,-13,7;151,-7,13;165,7,10;175,-14,8;181,43,-44;185,-58,49;186,-27,6;195,24,5;235,-21,20;240,-29,18;280,-3,2;290,-18,13;300,-11,10;310,-7,0;315,-4,14;320,-5,-6;329,-13,13;330,9,-11;376,43,-54;385,-81,93;602,-11,3
rua||sebastiao josino da costa|aeroporto|36887033|169,-2112539,-4239356;251,-16,82;495,15,-83
rua||sebastiao pedro da silva|gaspar|36888048|10,-2112425,-4238201;15,-7,-118;60,19,-60
rua||sebastiao pedro da silva|uniao|36888048|26,-2112504,-4238354;46,9,7;60,31,1;70,9,1
rua||sebastiao protassio|jose cirilo|36886017|10,-2113446,-4240076;12,59,95;13,31,57;14,9,4;39,-14,-20;45,-65,-102;53,14,44;56,39,47;166,-2,-14;235,30,65
rua||sebastiao protassio|jose cirilo|36886021|1,-2113471,-4240019;7,10,-31;8,-3,-18;9,23,31;10,-14,-25;13,-2,15;17,41,13;20,-50,-30;21,44,36;27,-52,17;31,12,-22;32,-4,-5;52,33,-28
rua||sem denominacao|aeroporto|36880005|9,-2112548,-4239252;20,-8,36;28,2,-16;30,1,5;36,6,-56;67,6,403;68,-9,-12;80,-11,-298;88,0,-22;89,10,-32;98,-6,40;99,7,-54;100,-7,-28;114,10,10;115,-19,-22;129,9,-10;130,-7,12;136,2,77;140,14,-94;141,4,-11;150,0,-10;155,-3,10;182,6,-32;233,-292,663;422,270,-140
rua||sem denominacao|barra|36884088|180,-2113121,-4238037;182,-22,-3;200,-25,-2
rua||sem denominacao|barra|36884105|14,-2113154,-4238033;23,26,4;102,-55,-12;104,3,-7;106,21,14
rua||sem denominacao|barra|36884109|12,-2113098,-4238343;16,-28,-29;18,14,36;30,-10,-11
rua||sem denominacao|boa vista|36888001|44,-2112534,-4237263;108,41,-126
rua||sem denominacao|bom jesus da cachoeira|36892000|60,-2126067,-4240392
rua||sem denominacao|bom pastor|36880001|32,-2113006,-4240335;44,-169,-22;308,168,17;363,5,3
rua||sem denominacao|bom pastor|36887136|10,-2113163,-4240248;16,1,-5;30,-21,41;90,17,-23;99,-48,-9;9150,17,15;9155,-3,-6;9167,16,32;9168,5,-2
rua||sem denominacao|bom pastor|36887137|26,-2113253,-4240330;45,-1,16;57,64,69;490,-62,-30
rua||sem denominacao|bom pastor|36887138|5,-2113257,-4240306;381,4,-35
rua||sem denominacao|cardoso de melo|36880001|6,-2112861,-4240624;507,1,-12;525,-12,-11;565,33,23;575,30,-4;580,-34,58;590,9,-21;595,21,-10;600,-20,11;605,27,4;610,-44,-25;620,12,9
rua||sem denominacao|cardoso de melo|36880005|11,-2112504,-4240617;30,219,23;33,10,-8;55,-171,-104;60,4,-8;80,9,4;150,71,7;160,11,5;180,10,3;210,21,15;220,19,4;230,4,2;245,11,0;261,14,9;277,16,3;305,18,9;340,-53,70
rua||sem denominacao|cardoso de melo|36880006|280,-2112672,-4240211
rua||sem denominacao|centro|36892100|8,-2120945,-4250961;27,-210,-36;35,136,41;59,163,-61;301,-102,71;550,142,-46;558,-105,4;564,58,-16;565,-43,11
rua||sem denominacao|dornelas|36884219|4,-2113674,-4238826;5,4,3;13,-12,-73
rua||sem denominacao|gaspar|36888109|197,-2112094,-4238289
rua||sem denominacao|gaspar|36888111|1,-2112104,-4238416;3,8,2;21,-1,0;46,18,-2;53,-11,2;196,-14,-5
rua||sem denominacao|inconfidencia ii|36889394|10,-2112595,-4234515;23,27,6;185,10,8;195,-11,-1;205,-7,-2;215,-14,-11;225,0,12;230,-10,-8
rua||sem denominacao|inconfidencia ii|36889400|20,-2112586,-4234542;30,-3,-8;78,59,-61;98,11,6
rua||sem denominacao|inconfidencia ii|36889402|10,-2112475,-4234753;20,6,-4;30,12,3;40,8,-1;201,-9,68;211,13,-8;221,15,-2;241,3,-2;251,18,-6;261,9,-8;271,10,-3;290,-88,-30;310,11,-1;320,9,-2;330,12,-1;340,9,-2;350,7,-6;360,16,2
rua||sem denominacao|joao xxiii|36891899|110,-2114744,-4237350;115,29,-20
rua||sem denominacao|jose cirilo|36884201|55,-2113462,-4239663
rua||sem denominacao|jose cirilo|36886001|17,-2113051,-4239568;76,-55,-8;77,29,-6;86,18,17;96,-12,3;99,-3,4;109,17,2
rua||sem denominacao|jose de abreu|36883031|720,-2114045,-4237414
rua||sem denominacao|porto belo|36889203|126,-2112242,-4235367
rua||sem denominacao|povoado capetinga|36891899|3,-2103286,-4240785
rua||sem denominacao|povoado do macuco|36880001|385,-2114761,-4249682
rua||sem denominacao|recanto verde|36880003|16,-2111580,-4237023;17,14,73;200,-76,315;285,-17,-15;297,-5,46
rua||sem denominacao|santana|36887008|129,-2113269,-4240728
rua||sem denominacao|santana|36887130|10,-2113385,-4240724;31,-44,-4;40,2,0;51,15,-3;55,68,46;61,-59,-44;65,123,61;71,-46,-36;81,16,-2;91,-65,-22
rua||sem denominacao|santana|36891899|60,-2113421,-4240885;110,34,-39;120,6,-4;130,-1,-16
rua||sem denominacao|sao joaquim|36886096|111,-2114132,-4240066
rua||sem denominacao|vermelho|36892500|2,-2110759,-4245743;3,-280,858;18,284,-838;26,-274,798;30,276,-772;40,-277,763;41,6,-18;120,7,-35;130,9,-10;210,-43,124;225,0,10;300,-6,31;7770,45,-183
rua||sem denominacao|vila de belisario|36880001|5,-2092419,-4245626;10,93,-70;20,-103,39;54,51,15;71,4,-35
rua||sem denominacao|vila de belisario|36889263|10,-2092581,-4245600;50,28,22;60,20,-4;3178,-36,-20
rua||sem denominacao|vila de boa familia|36880001|1664,-2120932,-4250766
rua||sem denominacao|vila de boa familia|36889263|1,-2120707,-4250840;3,-7,-17;5,-47,-101;19,49,127;31,-306,-102;57,208,-56;58,56,12;61,-88,-34;62,68,43;64,-11,-6;115,71,8;123,14,43;131,-5,-1;141,0,-28;193,11,39;213,-30,-33;219,-23,-8;221,-7,-10;223,-113,-46;226,101,44;555,-28,-14;559,-37,-20;4900,126,107
rua||sem denominacao|vila leite|36888136|1,-2111724,-4238016
rua||sem saida|vila de belisario|36880001|89,-2092625,-4245716
rua||senegal|sao cristovao|36889333|35,-2113431,-4235597;36,-18,-3;38,21,13;47,-9,0;59,16,8;68,10,6;71,2,-2;83,8,11
rua||senhor bonfim|centro|36892100|234,-2120919,-4250824;235,-9,-6;240,-17,-27;311,27,9
rua||sergio lucio fernandes amaral|bom pastor|36887138|4,-2113287,-4240335;7,-33,91;8,11,-26;9,-14,43;10,35,-137;13,-32,104;17,-12,45;19,-16,-1;25,33,-77;27,24,-41;35,1,24;40,-4,-12;50,4,-30;60,0,26;65,-17,45;70,7,-26;80,5,-4;90,-5,15;95,10,-51;100,-20,55;105,-10,61;110,4,-45;113,-16,50;120,12,-41;123,-10,56;130,4,-29;135,-6,33;159,5,-33;160,-4,12
rua||sete de setembro|gaspar|36888118|1,-2112077,-4238271;2,-7,7;4,7,-6;5,-2,-1;7,14,-14;8,-4,-5;9,8,-8;10,-25,12;11,7,37;16,5,-37;18,-104,162;19,17,13;20,95,-206;21,-33,73;23,39,-90;24,-4,0;25,-73,138;26,78,-144;28,12,-9;29,-100,235;30,94,-250;31,-1,35;35,-5,-25;42,-101,225;43,76,-168;45,-70,171;47,80,-252;49,36,6;66,-102,235;67,-9,-3;68,10,-2;69,85,-237;76,-94,228;77,92,-250;81,18,-6;88,-94,254;98,-5,-18;99,92,-176;108,-98,159;120,-1,-4;123,10,5;124,3,-34;126,-2,-14;131,0,31;135,20,-30;137,-6,21;139,-32,-11;141,20,11;144,1,11;147,82,-178;149,-73,149;154,-14,17;155,14,-46;162,-19,38;193,36,-38;194,-4,9;197,22,-11;202,-30,23;204,22,-14;206,8,1;267,-13,-13;287,39,-121;290,4,64;299,-10,-3;330,15,-43;342,5,-8;672,-101,229
rua||severino dias de carvalho|centro|36881000|340,-2113279,-4236259
rua||severino dias de carvalho|sao francisco|36881000|18,-2113280,-4236285;20,2,-29;40,-3,-6;50,-4,1;63,-7,-8
rua||sidney nobrega da silva|alto do castelo|36881096|11,-2114655,-4235961;12,-17,-6;22,10,5;33,33,-5;34,-22,-3;46,10,-4;53,24,4;58,-12,-6;65,23,5;70,-13,1;77,22,-7;82,-13,6;89,24,-11;94,-15,0;101,25,-5;106,-17,2;113,29,-1;118,-14,0;125,21,-1
rua||silas jose de carvalho|dornelas|36884198|4,-2113492,-4239334;22,11,31;34,-1,-12;38,1,-23;41,-1,22;44,-7,-10;61,-6,-20;64,5,9;71,2,-20;74,-6,6;81,3,-11;84,7,4;415,4,58
rua||silas macedo|safira|36883069|161,-2113457,-4237832;167,0,0;168,16,4;178,-5,-8
rua||silverio regino da cunha|vila de pirapanema|36880001|243,-2107335,-4250477;400,-10,23;650,11,-41;1350,0,23
rua||silvino bruno|alto do castelo|36881101|23,-2114616,-4236015;25,13,3;26,-16,-1;27,13,-10;40,-2,10;43,14,-7;51,13,1;52,-19,-1;64,9,2;65,25,-15;74,-16,10;77,24,-13;82,-8,13;84,-6,-3;86,-4,-1;87,25,-17;90,-19,19;94,8,-7;99,17,-20;116,-9,15;121,23,-27;128,-13,16;140,8,-6;150,6,-8
rua||simeao feres|barra|36884053|27,-2113075,-4237517;71,-307,-352;72,-10,-5;74,11,-2;76,4,5;77,10,5;79,7,9;80,-10,-4;85,-10,-16;88,2,3;89,41,30;95,-16,-12;100,-5,6;105,5,2;107,9,3;110,4,-4;120,5,-4;123,0,10;130,14,7;133,-13,-4;135,14,1;140,-7,13;147,13,-5;148,2,2;158,-3,-9;160,16,7;166,2,-5;167,-1,8;169,11,-1;180,-5,16;183,11,-13;197,10,6;203,10,3;210,-6,7;216,-6,-1;220,3,0;239,10,4;241,8,12;251,10,10;257,7,-15;265,16,12;271,9,4;287,6,6;297,8,4;299,8,7;311,6,17;329,12,2;401,-1,12;415,0,17;419,71,168;429,-68,-157;435,6,10;439,73,155;441,-69,-148;445,70,150;449,-51,-118;451,54,124;455,7,14;541,-50,-93;543,2,-2;601,77,109
rua||simeao feres|planalto|36884053|26,-2113425,-4237890;36,3,-1
rua||simeao feres|safira|36884053|35,-2113422,-4237892;47,4,7
rua||sinval florenco da silva|centro|36889044|2,-2112945,-4236185;90,14,-36;205,-50,176;210,11,-23;250,0,-46
rua||sinval henrique de almeida|dornelas|36884203|12,-2113178,-4239230;14,4,0;22,-16,-8;36,4,-5;45,-7,5;56,-4,-1;59,-10,4;69,-10,0;70,-4,1;76,-4,3;79,1,2;85,-6,-5;88,3,2;95,-17,1;98,3,4;104,-8,7;105,2,-11;108,-8,7;113,-1,-7;117,-8,10;118,4,-1;125,-24,-12;128,18,10;131,-30,9;137,-5,1;140,21,-10;148,-10,6;151,-19,-1;172,14,3;182,-5,0;193,-24,2
rua||siria|sao cristovao|36889310|19,-2113424,-4235845;29,-3,10;39,27,7
rua||souza castro|barra|36884096|4,-2112745,-4238024;6,-6,-2;10,-17,-5;13,15,10;24,-33,-38;31,25,33;40,-22,-17;41,8,-7;49,0,-1;50,-8,6;55,-3,1;60,5,-16;65,-4,11;73,2,4
rua||sylla macedo|safira|36883069|18,-2113306,-4237761;28,-8,0;34,-13,-8;38,5,-10;44,1,-19;60,-19,14;64,-7,-7;65,-18,-2;75,13,-2;79,-8,2;83,-13,-8;85,9,5;86,-61,-23;89,55,19;90,-34,-5;95,11,0;97,5,1;105,0,-6;113,-14,-8;123,1,-3;131,-20,6;139,-4,-3;169,-1,1;200,14,4
rua||teodorico rosa silva|safira|36883034|80,-2113564,-4237379
rua||teodorico torres|bom jesus da cachoeira|36880176|8,-2126059,-4240500;36,5,14;46,-10,0;50,64,17;56,-77,-35;60,30,16;63,-37,-30;68,-2,2;70,60,38;90,-74,-40;100,-26,-22;103,19,22;105,-6,-12;110,-3,-1;120,14,-3;125,-1,28;130,-20,-46;141,1,-6;170,2,0;398,41,63;780,-46,-56
rua||teodorico torres|safira|36880176|31,-2113640,-4237113;42,18,-29;43,-5,23;67,7,-18;77,8,-17
rua||teofilo tostes|uniao|36888046|5,-2112332,-4238672;23,-155,318;33,9,-17;35,138,-330;41,-8,-5;55,0,-8;69,0,-17;79,-129,347;83,1,-16;91,13,-5;92,115,-337;105,-110,330;187,49,-73;255,20,-49;301,-26,35;307,10,-4;313,11,-20;315,0,-7;317,7,-13;319,15,-16;327,-1,-7;345,41,-87;349,-10,-2;357,-13,69;367,-3,-16;381,12,-6;399,-1,-24;403,9,-17;445,1,-31;541,-17,-68;551,4,-4;561,4,-16;571,6,-17;591,16,-16;601,14,-4;611,12,-3;621,-7,-20
rua||teotonio dos santos|padre tiago|36889422|6,-2112854,-4234608;27,-3,-19;41,-11,-11;51,-4,-7;61,-9,-8;71,-7,1;80,-19,-7;81,9,-2;90,-12,-11;91,2,9;100,-11,-4;101,9,0;110,-14,-2;111,6,-2;120,-18,-2;121,9,1;130,-16,-2;131,5,0;140,-13,-4;141,4,1;150,-9,-9;151,0,4;160,-7,-11;161,4,7
rua||tereza garcia|vermelho|36892500|6,-2110794,-4245063;10,-2,-77;16,6,79;26,-4,-25;29,-4,2;77,49,-31;95,-45,-9;110,14,14;115,-13,-28;125,8,-9;176,-5,-18;277,3,26
rua||terezinha de jesus dias|dornelas|36884219|45,-2113493,-4238910;400,17,26
rua||theobaldo augusto machado|alto do castelo|36881104|358,-2114547,-4235808;370,-14,4;382,-10,0;394,-19,15;406,1,-3;418,-8,4;430,-15,7;442,-6,6;454,-10,1;466,-11,12;478,-7,0;490,-11,11;650,207,-37
rua||theodorico rosa silva|planalto|36883034|20,-2113637,-4237458;143,8,12
rua||theodorico rosa silva|safira|36883034|19,-2113630,-4237452;26,73,67;29,-78,-65;35,36,20;39,49,50;40,-34,-37;44,28,41;45,-62,-57;51,-5,-3
rua||theophilo tostes|uniao|36891899|6,-2112535,-4238336;16,6,-1;80,72,-82;90,-12,15;108,20,-23;116,10,-11;130,-36,47;136,34,-53;140,-43,59;142,-2,1;146,39,-62;160,8,-8;174,7,-9;180,20,-29;182,-4,8;200,-6,13;210,56,-104;214,9,-3;218,-7,-16;220,5,-6;230,9,-11;246,-28,58;256,-4,1;272,-28,37;280,11,-2;282,7,-4;288,-4,-15;290,3,-11;298,31,-42;306,-47,89
rua||therezinha de oliveira baldanza|bom pastor|36887163|10,-2112920,-4240759;13,-3,-24;20,6,9;21,-2,-14;31,2,-4;45,-1,42;50,6,-50;51,-4,-9;399,-1,49;419,3,26;430,-6,4;443,5,-19;449,11,25;455,3,27;481,-3,5
rua||tiradentes|barra|36884054|1,-2113061,-4237681;7,-8,-67;12,2,49;18,-4,-33;21,5,6;22,3,37;30,-7,-6;31,-2,-20;32,-14,-17;35,6,-15;45,4,27;48,-7,12;50,9,-5;51,-26,-39;52,11,23;56,-7,-28;63,4,-11;64,-2,6;66,-4,-9;72,1,-11;73,-18,8;75,-2,-2;85,16,-12;88,-3,-5;95,2,30;99,1,-29;101,-11,-11;104,-2,-6;108,-1,1;109,11,-1;116,-13,-6;117,6,-6;120,-6,3;128,-2,-4;135,-3,-8;136,14,-8;138,-35,-14;142,22,24;143,-3,-8;149,-22,-2;150,-9,-11;153,8,1;160,-16,-8;165,26,2;175,-21,-2;186,-8,-10;194,-8,6;197,-6,-18;204,4,17;205,-9,-16;210,-1,5;216,-8,5;220,2,-25;227,-2,18;231,132,142;237,-148,-153;239,144,213;243,-144,-214;246,5,-12;251,-20,-4;252,11,8;259,-6,-20;260,1,18;263,-15,-6;266,2,2;273,-9,-10;280,19,-9;284,-16,6;285,-6,7;290,-9,-6;295,-4,4;296,1,1;305,1,-12;308,-8,5;315,-14,-2;320,10,4;326,-25,-13;328,22,-13;330,-10,19;335,-2,0;338,-4,19;339,-1,-24;343,-21,10;346,15,-5;353,-21,-12;356,15,0;372,-15,9;373,1,-20;380,-11,11;398,-11,-6;424,-15,4;426,0,-11
rua||tom coby|vale verde|36889457|50,-2112750,-4234338;70,-1,12;130,10,32;140,0,13;150,1,9;160,-1,8;170,2,10;180,-1,9;190,3,13;200,3,20;210,-3,0;220,1,3
rua||tomaz antonio gonzaga|inconfidencia i|36889412|35,-2112765,-4234860;41,-11,3;49,8,9;57,-5,12;65,18,7;81,1,3;83,12,16;89,-7,-8;97,0,4;100,3,4;105,12,0;113,-2,6;121,11,9;147,23,5;148,-13,4;150,20,5;155,-8,-7;158,24,13;163,-14,-13;171,8,4;179,3,9;186,19,-5;187,-13,-1;195,15,2;203,4,-3;211,7,2;219,9,2;227,13,-4;235,-5,-6;238,-34,8;243,50,-4;251,20,4;255,-23,-7;259,17,-8;267,2,-1;275,12,0;283,5,-10;291,5,0;299,-2,1;307,6,0;315,8,-7;320,-4,5;323,8,-19;331,1,-3;339,7,-7;347,8,3;355,7,-12;363,1,-5;370,23,-7;381,-24,1
rua||tombos|santa terezinha|36889299|6,-2113190,-4235617;7,-8,-21;11,9,10;38,-4,-20;45,-8,128;55,10,-21;57,-17,-27;65,19,-4;79,-6,13;80,-4,-38;84,12,-18;98,-19,81;105,2,-16;140,-3,9;558,9,-54
rua||topazio|sao joaquim|36886051|11,-2114019,-4239680;21,-15,-13;31,-4,2;41,-11,-13;51,4,-3;61,-14,-6;1020,2,-26
rua||totonio de castro|planalto|36883134|4,-2113596,-4237754;8,-40,3;9,55,-7;10,-61,11;11,47,-17;12,-54,24;13,34,-13;14,-50,21;15,46,-18;16,-49,13;17,33,-21;18,-45,25;19,41,-21;20,-62,34;21,50,-28;23,-9,6;25,-16,2;26,-40,21;27,43,-16;28,-33,14;29,27,-3;32,-75,15;35,59,-10;37,-6,-7;39,-11,3;41,-14,5;43,-2,6;45,-16,4;47,-7,1;49,-15,3
rua||trinta e um de marco|napoleao|36887073|1,-2112967,-4239530;7,-15,103;15,5,107;27,-8,-126;39,15,-82;49,-5,5;270,55,156;861,-18,122
rua||uba|santa terezinha|36889259|5,-2113039,-4235244;18,-50,7;26,49,-6;41,47,-3;42,-7,-7;44,12,9;48,-7,-7;53,-91,12;55,10,4;57,-4,-1;61,8,-12;71,5,13;72,10,-9;95,47,-13;108,-24,7;120,-72,8;130,-8,8;187,3,2;193,85,-14;203,-29,7
rua||valdemar vaz pereira|sao pedro|36889186|1,-2112683,-4235733;17,85,-215;20,85,-275;45,-168,480;55,17,-13;65,-3,0;75,4,-16;87,3,-18;91,3,-12;92,-2,57;96,11,-73;103,-8,2;113,-2,-9;117,10,-3;129,-8,-1;130,-14,-18;136,4,-8;139,-5,17;146,13,-30;149,-5,13;150,15,-9;156,-6,-17;157,16,14;160,-12,-23;161,4,18;164,12,-24;169,-18,19;170,15,-27;176,12,-2;180,7,6;189,-25,-1;193,-4,12;199,3,-9;200,47,-20;201,-7,9;210,18,-20;215,4,-5;225,-70,-25;230,82,22;236,-14,-27;240,3,-3;246,17,4;250,3,-28;256,-3,-3;260,4,-6;266,3,-5;276,16,-14;280,5,-10;281,-56,102;286,69,-106;290,1,-15;291,-48,89;296,62,-89;301,-62,87;302,67,-87;306,12,-6;310,2,-1;311,-92,86;321,2,-7;341,16,-22;361,4,-6;365,10,-13;371,6,-5;381,5,-7;391,-3,-8;401,5,-8;411,-3,2;547,-108,165;569,144,-352;605,-20,5;705,32,3
rua||valdiney fagundes|gaspar|36888124|10,-2112007,-4238318;21,3,3;30,10,3;33,10,3;40,-7,-5
rua||valdomiro inacio rodrigues|aeroporto|36887031|1,-2112497,-4239636;2,0,-11;4,-2,67;5,21,18;9,-20,-33;20,-27,355;25,94,-576;26,0,9;27,1,12;28,-4,3;29,10,18;30,-58,287;31,48,-276;32,-3,9;33,-2,10;34,-1,13;36,-64,320;37,44,-301;38,0,5;39,-13,29;40,-3,-9;41,-5,3;42,-29,242;43,19,-221;50,-39,458;52,9,-25;65,-13,-22;70,12,3;74,-4,-23;75,-7,18;80,-5,64;85,10,-78;95,2,-12;105,3,-5;125,-11,-13;135,15,-10;140,-12,31;145,16,-48;155,-1,-11;160,-5,30;165,-1,-45;166,4,-10;170,-4,30;175,4,-15;180,-4,20;184,1,-20;186,5,-3;195,-8,-23;196,7,14;205,4,-13;212,0,-2;215,-4,-21;216,3,22;220,-3,-29;225,0,-2;230,2,-25;235,4,20;243,-2,-52;245,2,36;249,4,-16;250,6,21;255,-15,-4;256,-3,13;265,6,-19;275,-1,-12;285,1,-1;295,2,-20;305,6,-16;315,-1,-7;325,8,-4;335,-23,-18;341,19,-67;345,-13,62;347,17,-107;349,5,-4;351,-2,-30;354,-9,130;355,8,-136;356,-23,117;358,23,-117;375,-23,120;385,9,-28;387,14,-92;390,-10,101;405,6,-33;415,4,-32;429,-2,17;435,3,-8;439,-2,-38;445,1,-5;450,0,22;496,4,11;550,-34,138;3457,32,-137
rua||valentim henriques de almeida|dornelas|36884204|3,-2113186,-4239195;14,-188,3;16,-15,6;35,201,-14;49,-10,-2;55,-16,5;59,9,2;61,-26,6;67,14,-8;75,-6,4;83,-7,2;91,-9,3;99,8,-16;107,-22,16;117,-7,18;155,-33,-17;163,-7,9;171,-17,-8;179,5,1;187,-11,-6;199,-6,7;209,-17,0;215,5,2;227,-14,4;235,-29,-22;245,-13,11
rua||valentim moia araujo|inconfidencia ii|36889372|4,-2112706,-4234897;6,13,21;22,23,-58;25,-18,12;35,9,-5;55,-38,6;65,10,13;183,-25,-37;390,19,28
rua||vanderlei cardoso de magalhaes|cardoso de melo|36887246|9,-2112428,-4240604;11,-325,15;20,42,-8;21,-27,2;27,106,6;30,27,-1;34,34,8;35,8,0;40,63,5;51,-214,-25;70,56,12;71,226,-22;81,-171,45;96,-76,-31;100,2,3;101,9,-1;111,8,6;116,26,3;126,-14,1;130,29,-3;131,-24,1;151,14,-5;161,13,5;191,27,0;201,10,3;211,4,-5;220,-182,-2;241,217,12;251,5,-2;265,41,3;271,-28,11;275,37,-10;285,7,-6;290,-13,5;295,15,-2;300,-6,1;305,22,-7;315,5,-11;325,9,6;330,-104,12;344,126,-15;355,2,-20;360,8,1;365,4,0;370,12,2;385,0,-5;390,14,14;395,-5,-3;405,8,0;415,9,2;420,4,18;422,17,4;425,-10,-10;432,2,-6;435,5,2;444,15,5;445,-2,1;454,5,5;455,13,-2;464,-5,1;465,-1,-4;475,10,17;485,10,2;494,19,11;495,-9,-14
rua||vanessa tureta|santo antonio|36881147|8,-2113837,-4235559;78,-7,-3
rua||vicente cascelli|dornelas|36884227|9,-2113703,-4238702;70,545,-50;118,30,26;227,-241,-40;233,5,-5;240,3,-12;246,-34,17;350,48,-1;380,-35,5;420,-39,-1;440,-13,0;462,-34,5;467,-27,21;469,-15,4;500,-190,30;540,142,-31;740,-206,46;2075,8,-27;2085,54,9
rua||vicente ferreira|dornelas|36884208|5,-2113376,-4239148;10,116,0;15,-5,-1;19,41,-2;24,12,-19;26,-1,18;27,-38,6;28,19,-5;29,17,2;30,15,-14;31,0,13;33,0,-2;34,-6,20;40,19,-13;42,6,-19;43,2,17;45,-50,-11;46,-115,11;50,35,2;51,119,-10;52,21,11;55,-173,-6;60,150,27;63,-93,-14;64,-12,-17;65,-46,7;67,36,5;68,-12,-8;70,-10,4;77,12,-2;80,40,-22;82,37,22;83,-93,1;84,22,-10;86,-43,-3;90,29,20;92,73,-2;99,17,1;111,-34,-50;118,-13,38;119,5,19;125,116,-27;131,-64,0;135,68,15;145,11,-6;150,26,18;155,-31,-9;156,14,-11;157,5,21;158,-103,-15;166,-6,10;190,121,17;244,-259,-20;251,-18,-4;254,5,6;255,-9,-8;291,17,3;295,-16,1
rua||vicente trota|vila de boa familia|36880001|20,-2120668,-4250827;30,1,7;136,37,-30;184,-50,42
rua||vicente vargas de castro|colety|36880201|4,-2113976,-4237089;14,-94,95;16,-20,2;40,129,-91;44,-366,192;45,13,-7;57,95,-56;59,8,-14;61,7,1;70,228,-113;80,-10,6;90,-12,16;110,-6,4;114,-7,7;140,-23,-7;150,-7,25;170,-9,14;190,-12,11;200,-23,13;230,-15,5;240,-15,4;250,-11,-1;260,-59,17;264,-219,143;269,13,-7;270,255,-168;280,-43,30;283,-40,9;308,48,-17;315,-247,158;320,350,-208;350,-143,61;397,-175,123;420,140,-96;480,-55,21;498,-85,73;539,-39,29;540,70,-55;550,-2,2;589,-30,24;599,16,-4;609,8,-13;639,34,-21;641,-6,-6;709,41,-45;727,23,-11;733,-10,1;743,12,10;759,21,-10;839,58,-32;845,16,26;913,-135,25
rua||vicente vargas de castro|sao gotardo|36880201|1,-2113921,-4237115;2,-252,138;5,-26,12;11,270,-153;15,-10,4;25,-2,12;29,-48,42;41,40,-39;44,-171,119;45,-230,100;46,217,-103;47,177,-100;49,-5,1;65,-9,4;105,-29,25;129,-49,35;135,20,-16;145,-3,7;169,-276,117;243,147,-74;257,-210,132;263,187,-111;265,61,-11;267,-238,118;309,-47,28;319,-5,0;329,-16,4;339,3,9;359,-15,7;363,248,-157;369,-251,170;375,230,-173;385,-7,10;395,-9,6;405,-10,6;415,-6,-4;425,-6,12;435,-24,5;445,-4,0;460,-105,89;497,62,-58;527,25,-22;531,-4,11;537,-7,-2;541,-52,48;591,31,-26;605,-66,55
rua||vicentina|bico doce|36880166|15,-2114032,-4236884;20,-1,6;21,-1,-22;27,-3,18;28,-1,-5;39,-6,-17;44,-13,8;45,6,-6;52,-6,-6;53,0,1;54,-5,-6;55,-2,2;57,1,-11;77,-8,-8;607,-1,-3;660,52,52
rua||vicosa|santa terezinha|36889287|5,-2113025,-4235522;35,-11,-4;56,-63,-20;59,73,24;67,-20,-15;75,-8,1;83,-13,-4;84,9,6;85,21,-3;92,-26,4;93,-1,-13;100,-3,13;105,-15,-14
rua||victor atadeu|barra|36884093|33,-2112805,-4237954;46,2,0;47,0,0;49,-10,-19;56,7,11;71,-7,-13;82,-11,-4;83,9,-2;87,-11,4;88,2,-8;91,-5,3;93,-4,-8;94,-16,-18;95,16,9;96,-7,0;100,-13,-12;102,-9,-12;115,2,-10
rua||vieiras|encoberta|36889298|6,-2113205,-4235512;7,0,0;8,-2,1;12,1,11;13,-3,2;16,-3,5;18,-29,-12;33,24,33;35,0,-14;45,-17,22;52,9,-14;55,-9,15;60,-8,-11;64,16,4;65,-34,16;66,25,-11;70,-10,7;73,1,12;78,-3,-9;93,-5,19;94,-3,-9;96,-14,13;97,-17,19;912,30,3;918,-11,-13;930,-3,3
rua||vila valentim|dornelas|36884204|52,-2113206,-4239202;60,2,-4;68,-9,11;78,-13,0;86,-8,8;94,-2,1;104,-17,3;113,-94,2;134,68,-1;142,-8,-12;148,-9,8;156,0,0;164,-13,-3;172,1,5;182,-20,-4;192,-7,6;210,-19,-1;220,-11,1;238,-4,3
rua||vinicius de morais|colety|36880190|10,-2113966,-4237126;13,17,-17;14,-6,-11;15,5,-8;16,-6,-16;17,-2,-12;18,6,-4;19,-13,56;22,10,1;24,-2,-28;25,0,2;26,-9,-11;27,4,-11;29,5,-21;30,-1,61;80,-2,-51;381,1,-21
rua||vinte e cinco de dezembro|napoleao|36887061|10,-2112770,-4239332;16,-91,24;25,22,-23;26,4,14;35,-7,2;36,10,-7;42,32,-9;45,-25,4;50,7,3;56,17,3;60,-1,-9;81,13,4;91,7,-2;100,20,-9;101,-6,3
rua||virgilio francisco pinto|vermelho|36892500|18,-2110725,-4245305;20,-9,-1;26,-5,-18;40,-67,-84;41,86,212;47,-31,-145;48,-50,-67;51,106,222;61,-13,-17;71,13,-7;81,-32,-122;82,-71,-140;83,-4,26;84,1,17;90,126,199;91,-69,-99;118,-67,-93;130,105,163;159,-6,-250;160,-31,113;165,20,-103;171,-41,139;190,20,-65;200,-36,45;285,-29,-38;315,-8,12;696,47,45;814,-8,-15;877,-20,-24;878,14,3;879,-28,-21;881,1,-14;882,4,-10;883,5,2;884,12,-55;885,1,5;886,12,23;888,10,-11;889,17,1;891,-8,-20;893,5,-9;900,16,27;968,-21,129;969,11,3;983,29,107;984,14,-8;992,-47,-100;993,-35,-34;1183,82,125;1210,-57,-100;1255,53,85;1320,-19,-21;1321,5,-1;1365,-2,-8;1369,-92,-105;1377,79,86;1418,34,68;1420,-9,-16;1423,-81,-133;1429,-22,-15;1433,1,-8;1435,-3,-7;1439,0,0;5400,87,119
rua||virgilio hastenreiter|dornelas|36884224|25,-2113153,-4238931;40,-8,14;45,-6,4
rua||virgilio menezes|colety|36880194|3,-2114052,-4237149;4,6,-3;5,3,5;23,-12,21;30,9,-11;53,-3,-28;60,-7,1;79,0,-16;170,-16,4;350,15,47
rua||virginia napoleao|napoleao|36887082|8,-2112900,-4239540;9,-55,8;10,74,-2;11,2,-15;12,5,9;20,-41,9;21,24,-12;25,21,-2;26,-59,9;34,38,0;53,-28,-2;55,2,-3;67,-13,-1;73,-7,11;76,12,-6;86,-20,3;95,4,-7;105,-18,1
rua||vitorio dalla paula|barra|36884117|15,-2113010,-4238451;43,-12,6;48,-13,17;66,-1,1;70,-10,-10;78,1,26;80,-7,-20;88,0,20;90,-7,-25;110,-30,32;120,14,13;123,-3,10;130,2,-32;297,44,-30;309,-13,0;311,33,-9;315,14,-10;331,-46,34;337,-2,12;389,-15,-8;399,7,-56;640,-38,93
rua||vivalde de souza|cardoso de melo|36887212|90,-2112804,-4240359;100,4,-12;105,-1,-3;114,-7,-11;115,14,-5;125,-14,-10;126,-4,10;135,10,-22;136,6,12;145,-9,-18;155,7,-19;160,2,-7;165,-7,1;170,-7,-3;175,11,-4;185,7,-8;195,-1,-19;230,3,-18;235,-3,-1;240,8,-27;245,-5,9;255,5,-12;295,5,-18;305,4,-14;310,12,-15;315,-20,-1;320,17,-12
rua||waldemar antonio penna|joanopolis|36886060|3,-2114192,-4239532;4,23,-23;5,12,-16;7,-65,80;8,65,-75;9,-58,68;10,29,-33;11,-1,-3;12,-4,4;13,-23,28;14,-9,-15;15,41,-32;16,-10,9;17,31,-11;20,16,-26;21,15,-38;22,-12,28;25,23,-33;26,6,-3;30,1,-6;31,21,-16;60,-36,39;70,-10,8;120,-33,34;177,-35,57;227,-38,35;230,8,-5;330,113,-142
rua||waldemar dionizio pena|joanopolis|36886063|2,-2114248,-4239530;3,-4,12;4,-7,5;5,-1,4;6,-10,10;10,50,-66;13,-8,2;14,-46,55;15,10,-6;16,45,-55;17,-36,39;18,10,-3;19,-1,-8;20,11,-9;21,5,-6;22,3,-15;23,7,-2;24,3,-3;25,11,-14;26,6,-9;30,-12,16;87,10,-9;100,4,-3;102,16,-27;106,-5,5;107,-5,13;108,22,-28;109,3,-5;111,-58,75;553,-56,69
rua||waldemar do nascimento costa|vila de belisario|36880001|15,-2092536,-4245652;40,10,4;54,5,-2;77,31,9;78,57,19;96,-37,-19;97,-44,-13;3459,-38,4
rua||waldemar vaz pereira|sao pedro|36889186|14,-2112478,-4236233;97,46,51;261,-62,-47;322,28,150;362,16,-20;396,-3,-36;410,7,-9;420,8,-19;421,-13,-7;431,9,-10;438,-5,5;440,11,-6;461,-48,122;486,60,-195;496,-35,65;497,2,76;501,-5,23;506,6,-150;511,-2,136;516,0,-134;535,5,113;544,-55,-86;555,64,65;565,-5,-5;566,-67,-74;575,77,70;576,-91,-67;605,94,36;610,-116,-41;620,-15,1;623,133,34;625,-4,-27;635,-8,-2;645,-5,-7;655,-6,2;675,-11,-10;696,36,16;775,-132,-1
rua||waldevino joaquim garcia|joao xxiii|36883208|21,-2114863,-4236683;22,13,-3;23,18,8;26,30,-6;30,57,-8;45,7,-12;75,-22,10;95,-11,3;115,-23,1;135,-23,8;145,-5,4;155,-11,-8;161,-15,1;195,-31,3
rua||waldir custodio novaes|cardoso de melo|36887178|14,-2112880,-4240680;393,19,-3;505,-19,2
rua||wantuil ferreira muniz|barra|36884040|28,-2112707,-4238049;38,4,25;46,18,-14;55,-5,4;58,14,2;68,8,-1;82,24,-3;85,-16,2;94,37,6;97,-38,-3;107,35,4;126,6,-2
rua||wiles juliao de assis|gaspar|36888128|8,-2112036,-4238216;15,10,7;18,-1,0;22,26,9;25,-23,-4;35,17,-2
rua||wilson araujo|gaspar|36888042|185,-2112340,-4238092;186,-8,-3;205,22,14;221,10,8;265,1,4
rua||wilson frutuoso braga|gavea|36889048|16,-2112729,-4236799;32,7,2;64,28,9
rua||wilson martins viana|gaspar|36888125|16,-2112016,-4238240;17,-5,-6;25,14,6;30,-1,2;35,9,-1;65,12,1;75,-42,-14
rua||zelia de almeida|santana|36887106|6,-2113438,-4240382;10,-14,2;50,-22,2;80,28,-11;82,-15,2;90,-5,-3;101,13,-9;102,-13,15
rua||zeno luiz mazzoco|planalto|36891899|100,-2113755,-4238112
rua||zilda de almeida|santana|36887126|11,-2113368,-4240499;23,3,-16;26,-7,-9;29,6,5;31,-6,-15
rua||zita vasconcelos|barra|36884037|8,-2112759,-4237936;14,9,2;15,4,18;25,7,-7;27,12,-7;36,-10,3;42,10,-5;45,2,13;46,9,-3;55,5,8;65,15,7;72,2,-8;86,8,0;93,8,9;96,4,-5;103,3,11;106,6,-7;116,4,1;117,6,10;126,3,4;127,0,1;132,4,-5;133,5,5;137,3,3;140,-6,-3;146,16,-3;149,-4,1;155,9,9;159,15,6;160,-11,-6;170,12,8
rua||zuleika da silva pinto|sao joaquim|36886105|2,-2114164,-4239869;3,44,60;5,-20,-35;6,8,14;7,2,10;9,-2,-13;10,23,22;11,10,9;64,-20,-15;80,-24,-34;120,-30,-17;121,5,13
travessa|dom|silverio|porto|36889235|12,-2112741,-4235288;16,-14,2;24,2,-7;30,-5,-8;38,-5,11;42,-4,-11;50,-3,-9;64,-6,8;72,-3,-15;80,-15,-12;86,-3,-1
travessa|dom|silverio|porto|36889239|5,-2112744,-4235279;17,-2,-12;19,-7,7;25,-4,-2;27,-4,-4;29,-8,-13;35,-1,-2;47,-14,-9;51,-8,-10
travessa|duque|de caxias|barra|36880005|19,-2112624,-4238157
travessa|marechal|floriano|barra|36884121|2,-2113079,-4238532;3,-34,-24;4,26,7;5,-22,9;6,18,-1;7,-28,4;8,19,0;9,-18,0;10,2,5;11,-11,-8;12,2,9;13,-20,5;14,3,-2;27,58,-22;29,5,3;35,-16,-7
travessa|princesa|isabel|rosario|36880058|7,-2113081,-4235839;11,10,5;17,-6,1
travessa|santa|isabel|napoleao|36887078|32,-2112874,-4239402;35,-19,-13;41,21,6;42,-9,11;57,-24,-1;60,-8,1;70,27,-2;76,-50,11;77,-1,-16;82,31,7;85,-20,4;94,-17,-6;97,-19,4;111,-16,4;133,-6,1
travessa|santa|isabel|rosario|36887078|5,-2113199,-4235649;63,91,-142;71,-8,15;95,-11,13;105,-12,-3;109,2,8;111,-1,13;159,-15,11;171,-5,5;181,-29,25;187,7,-10;197,-16,35;205,4,3;219,-1,3;227,-6,15;617,72,-104
travessa|santa|maria|planalto|36883061|114,-2113587,-4237652;190,-29,10;194,7,-1;197,-17,2;198,29,-6
travessa|santa|maria|planalto|36883063|78,-2113634,-4237647;101,53,-4;103,-9,5;105,-4,-4;109,-16,0;110,41,-3;111,-39,5;126,39,-34
travessa|santa|tereza|porto|36889247|5,-2112880,-4235318;49,10,0;55,-11,11;57,-20,-9;61,14,9;65,-25,-12;66,52,3;69,-40,5;71,0,-9;87,-15,-1;117,-4,-7;149,-12,-5
travessa|sao|bento|napoleao|36887064|10,-2112846,-4239437;19,0,3
travessa|sao|jose|jose cirilo|36886017|7,-2113409,-4239897;10,23,-41;65,-12,20;75,-4,2;107,6,-3;108,4,-8;171,-19,26;177,2,-17
travessa|visconde|do rio branco|porto|36889266|20,-2113004,-4235433;29,19,29;30,9,0;31,-2,-11;44,24,1;77,-16,4;78,10,-14
travessa|visconde|do rio branco|santa terezinha|36889266|54,-2113029,-4235367;110,63,29;203,-17,-12;205,18,10;215,2,15
travessa||abel meireles|centro|36880038|33,-2113080,-4235938;291,26,7
travessa||abel meireles|rosario|36880038|255,-2113052,-4235931
travessa||aeroporto|aeroporto|36880005|22,-2112562,-4239441;112,2,-71;140,-19,185;168,-13,91;169,0,43;190,36,-216;223,23,-234;225,-6,16;230,-22,141;232,1,-3;234,-1,-2;270,7,-39;272,-3,-7;426,14,-74;429,6,-1
travessa||alaor nunes|santo antonio|36881140|1,-2113850,-4235514;2,1,-5;3,-26,-18;23,-18,-8;25,17,7;50,-16,-2
travessa||almeida|vermelho|36892500|20,-2110816,-4245028;30,3,2;205,9,-17
travessa||alzira de souza pinto|uniao|36888066|23,-2112368,-4238699;41,-18,5;60,-3,-6;145,22,1;388,-33,9;411,26,-1;443,4,-2
travessa||amelia sebastiana de jesus|uniao|36888064|8,-2112374,-4238663;10,-7,5;16,-5,-1;30,16,0;34,11,0;42,-12,2
travessa||anibal jose dias|santa terezinha|36889280|10,-2112976,-4235494;35,19,16;40,-12,-7;47,7,0;50,-1,19;57,3,-23;69,-5,-15;72,-3,15;81,8,0;97,2,-9;116,-9,20
travessa||antonio bernardino dos santos|centro|36880005|220,-2113218,-4235683
travessa||antonio bernardino dos santos|centro|36880065|499,-2113219,-4235662;500,15,8
travessa||antonio do amaral barroso|joao xxiii|36883226|450,-2114553,-4237198
travessa||antonio jose cabral|uniao|36888056|5,-2112402,-4238638;6,2,6;7,3,-4;9,6,3;10,7,7;307,-28,-7;318,0,4;348,-4,-11;379,24,9
travessa||bahia|dornelas|36884218|3,-2113282,-4238961;5,14,-6
travessa||boa esperanca|encoberta|36889253|15,-2113230,-4235331;17,10,-1;18,-27,0
travessa||boa esperanca|santa terezinha|36889253|7,-2113231,-4235387;9,17,7;10,-7,3;11,-3,-15;19,6,42;20,6,0;30,-11,61;31,-3,-2;36,-7,-120;42,2,128;45,21,-78;47,38,87;60,-43,16;629,-12,-16;912,-34,-144
travessa||bom pastor|dornelas|36884200|34,-2113326,-4239215;36,3,-1;38,-6,-22;42,-9,3;180,16,9
travessa||cantuaria ferreira costa|barra|36884086|2,-2113065,-4237901;7,6,-15
travessa||cavalhier|napoleao|36887058|861,-2112934,-4239241;865,11,4;871,7,-6;881,2,14;891,10,-7
travessa||cinco|planalto|36883133|30,-2113674,-4237699;35,-3,-17
travessa||claudinei anacleto chaves|planalto|36883057|1,-2113747,-4237435;179,-10,-20
travessa||claudinei anacleto chaves|planalto|36883063|222,-2113760,-4237485;600,12,41
travessa||constancia aguiar|safira|36883067|23,-2113443,-4237593;28,-32,8;31,19,-22;39,-37,-12;388,24,26
travessa||c|marambaia|36889428|5,-2112932,-4234716;20,31,3;25,21,44;30,-33,-45;40,-9,1
travessa||da paz|dornelas|36884220|225,-2113399,-4238925;269,8,12;306,-10,-12
travessa||das azaleias|primavera|36880256|13,-2114532,-4236515;23,-12,9;33,-3,-3;43,-10,5
travessa||das magnolias|primavera|36880258|11,-2114552,-4236452;22,39,-7;32,-10,6;37,210,-42;47,-56,14;52,-169,23;72,-20,-3;153,1,11
travessa||das murtas|primavera|36880264|49,-2114592,-4236283
travessa||das tripcares|primavera|36880260|2,-2114558,-4236382;3,2,-7;4,13,9;25,-11,-2;35,-12,-5;45,-11,-1;217,9,2
travessa||demerval olivier de paula|centro|36880033|18,-2113022,-4236286;25,0,2;45,-18,-7
travessa||dias|vila de belisario|36889280|50,-2092635,-4245638;91,8,1;130,-4,-17;355,-27,4;423,114,-1
travessa||do campo|vila de itamuri|36880001|20,-2099200,-4237342
travessa||dorvalina vitoria dos santos silva|santa terezinha|36889294|4,-2113073,-4235656;5,-1,-19;10,-9,-6;46,6,17;141,12,21;908,0,-13
travessa||dos expedicionarios|centro|36880173|37,-2113220,-4237022;44,3,14;48,-3,-27;56,8,-5;57,-1,5;67,11,-14;109,0,-5
travessa||edmundo nunes|santo antonio|36881141|6,-2113876,-4235537;9,16,-54;10,-7,41;20,-2,-3;30,13,-15;32,-13,12;43,4,-17;45,0,-1;49,-12,-11;55,10,-3;75,5,7
travessa||edson ferreira de oliveira|centro|36880057|21,-2113190,-4235731;30,5,4;34,-16,14;152,14,-33;381,-21,-25;391,8,12;407,-13,20
travessa||eurico manoel de oliveira|vermelho|36892500|29,-2110973,-4245453
travessa||fazenda|sao joaquim|36886096|111,-2114258,-4240051
travessa||felipe couri|porto|36889245|3,-2112842,-4235330;9,-10,-14;14,-3,-1;17,-8,-4;26,-10,9;27,5,-6;32,-7,4;33,-1,-5;38,-6,2;41,-1,-2;44,-6,8;49,-2,-4;50,-3,-2;56,-14,11;57,12,-6;62,-12,-5;65,6,-2;75,2,6;80,-26,-4;86,-6,-2
travessa||flivio leite|barra|36884044|12,-2112682,-4238054;18,3,-60;27,3,11;43,-3,14
travessa||francisco antonio dornelas|dornelas|36884222|16,-2113451,-4238825;24,-5,12;30,1,-21;50,7,18;340,-14,23;381,8,-43
travessa||hormindo sales ferreira|barra|36884021|3,-2112591,-4237628;5,22,-3;8,-19,3;15,-5,-7;16,-30,11;18,39,-7;19,-43,16;22,50,-8;24,-19,-24;25,-5,12;26,-16,4;27,-2,-12;28,-15,-24;31,35,26;34,-7,5;36,0,-10;44,-9,0;50,-3,1;52,-12,-12;53,13,-4;59,-29,16;65,3,-4;68,0,-3;220,13,-24;397,-38,65
travessa||ionily monteiro|sao pedro|36889164|50,-2112552,-4236131
travessa||jerico|padre tiago|36889426|10,-2112931,-4234599;11,73,33;20,-76,-35;21,59,45;31,-8,-19;41,-10,-5;50,-60,-32;51,53,28;60,-70,-33;61,58,29;70,-62,-35;71,54,33;80,-72,-34;81,66,29;90,-69,-28;91,63,25;101,-10,6;111,-10,-10;121,-4,-10;131,-3,0;141,-13,-4;150,62,32;151,-74,-35;160,63,29;217,-91,-30
travessa||joaquim cassiano filho|encoberta|36889251|230,-2113119,-4235107;232,5,-2;238,-7,4;240,5,3;504,-72,12;627,81,-21
travessa||joaquim cassiano filho|santa terezinha|36889251|228,-2113110,-4235116;238,0,0
travessa||jorge porcaro|centro|36880098|1,-2113405,-4236658;55,-1,-11;57,5,6
travessa||jorge porcaro|centro|36880111|5,-2113383,-4236687;19,3,4;29,-22,-17;43,-6,-33;75,6,-15
travessa||jose campos|sao francisco|36881046|5,-2114086,-4235882;7,-1,-6;10,-21,5;11,-4,-3;12,-3,-5;13,-11,1;23,26,7;25,-1,-1;26,-1,-4;38,-26,0
travessa||jose vidon sobrinho|joao xxiii|36883224|1274,-2114872,-4236909
travessa||julio cesar pereira|gaspar|36888112|34,-2111945,-4238359;54,-3,-7;64,15,-10;74,-9,-13;114,5,-16
travessa||manoel pena|barra|36884024|17,-2112769,-4237676;18,-5,-4;28,0,6;32,11,-10;40,-5,-9;46,-8,-11;52,-2,0;56,10,-5;57,7,4;62,-7,-7;63,8,1;70,-5,-5;75,8,-11;85,-3,1;102,-12,51;201,-7,7;259,16,-33;279,-12,35
travessa||maria jose|porto|36889239|13,-2112803,-4235355;23,-3,1;25,-4,2;35,-4,0
travessa||napoleao frederico de almeida|centro|36880026|151,-2113051,-4236180;175,-44,-15
travessa||oswaldo corveto napoleao|cardoso de melo|36887201|15,-2113030,-4240009;186,-22,-8;275,30,10
travessa||oswaldo corveto napoleao|cardoso de melo|36887206|26,-2113035,-4240018
travessa||parana|dornelas|36884212|4,-2113399,-4238986;34,15,-17;49,6,15;50,12,-36;52,3,3;54,17,-5
travessa||portugal|sao cristovao|36889339|10,-2113332,-4235576;11,9,5;17,-5,-8;20,-17,-3;25,-9,15;26,20,3;28,-16,-2;33,6,-7;35,-3,1;86,-7,17;104,28,-17
travessa||regina izaura|safira|36883033|102,-2113486,-4237449;218,-11,-21
travessa||regina izaura|safira|36883036|21,-2113451,-4237423
travessa||rodolpho de souza vieira|porto|36889276|15,-2112777,-4235482;17,-4,4;19,-17,-4;20,24,2;30,-11,-6;160,23,9
travessa||salvador|santo antonio|36889304|114,-2113535,-4235822;159,-31,8;238,48,-3;252,-12,-2;253,1,-6;259,12,-3;275,-19,0;281,-16,-3;285,13,4;289,-3,-11;300,1,12;326,-7,1;334,-4,5;350,-7,-38;410,-3,35;502,-21,-8;516,4,13;540,-4,-11
travessa||santos dumont|aeroporto|36887042|4,-2112623,-4238823;5,4,-17;6,6,-5;8,-8,6;12,7,-5;16,32,-143;19,-30,138;20,8,-17;23,-7,10;28,-13,17;30,25,-56;33,-3,23;34,-4,10;37,5,-5;39,1,-9;78,16,-41;85,7,-3;87,-17,33;100,-6,-8;110,0,-3;158,-20,59;159,46,-138;185,-39,114;317,3,6;765,2,2;4889,4,-19;4900,12,-21
travessa||sebastiana maria fintelman|uniao|36888052|9,-2112382,-4238578;10,13,2;11,13,-27;15,-44,7;18,2,5;28,-5,-1;54,1,-10;66,-1,5
travessa||sem denominacao|joao xxiii|36883209|61,-2114914,-4236588
travessa||sem denominacao|marambaia|36889444|10,-2113094,-4234580;19,2,-3;29,-7,-4;35,-4,-4;39,-2,-5
travessa||sem denominacao|uniao|36891899|16,-2112441,-4238473;173,12,-1
travessa||sem denominacao|vermelho|36892500|40,-2111030,-4244875
travessa||simeao feres|barra|36884064|33,-2113243,-4237850;39,0,-13;69,9,15;79,-12,-15;81,-2,28
travessa||tatao ladeira|centro|36880062|4,-2113223,-4235930;5,-16,-11;17,-45,-38;18,30,27;28,-10,-14;55,-66,-144;59,75,140;75,-19,-4
travessa||topazio|sao joaquim|36886051|5,-2114070,-4239726;61,-6,24;94,7,-24;104,-6,11;114,-6,13
travessa||vera lucia magalhaes pereira|porto belo|36889209|615,-2112355,-4235269
travessa||vila valentin|dornelas|36884204|121,-2113277,-4239176;131,6,8;136,-4,8;137,-5,-1
travessa||waldomiro inacio carneiro|aeroporto|36887031|20,-2112521,-4239299;140,8,12
travessa||willian adson mattos|barra|36884076|22,-2112825,-4237796;28,-7,-15;30,-5,9;42,-20,-20;46,5,10;56,-13,-10;64,6,7;74,-4,-7;126,-46,-4;128,12,-2;462,67,32;465,9,-4
trevo||de acesso a br 356|porto|36889224|10,-2112605,-4235325
via||hiperiun|solari|36883276|1,-2114676,-4237849;2,256,285;3,-33,-42;4,-60,-68;5,-49,-76;6,-20,-13;12,106,93;13,-1,-15;22,-269,-196;25,-17,-47
via||pandora|solari|36883262|54,-2114505,-4237633
via||proteus|solari|36883264|14,-2114581,-4237649;15,-11,4
via||titan|solari|36883260|9,-2114568,-4237610
vila|professora|maria amelia meireles|vila de belisario|36880001|100,-2092511,-4245750;150,31,18
vila|sao|luiz|barra|36884089|15,-2113065,-4237971;31,-55,-36;47,46,32;93,-2,0;98,20,13;101,-42,-23;102,25,10;105,2,-4;108,13,17;115,-37,-22;117,29,14;118,-51,-37;119,59,29;120,15,20;159,-40,-21;160,1,-1;161,-1,-7;179,-37,-17;180,4,-26;182,4,22;183,8,6;184,7,5;186,31,-8;187,2,1;213,7,14;215,-3,-13;218,8,5
vila|sao|paulo|santo antonio|36881116|6,-2113650,-4235802;10,9,8;12,0,4;28,-15,-20;34,-2,0;58,1,12;65,-3,-12;328,10,12;378,6,1
vila|sao|vicente|safira|36883068|5,-2113473,-4237824;19,-1,9;29,-3,4;31,3,3;49,-10,12;105,14,-31;181,-23,52
vila|sao|vicente|safira|36884053|25,-2113370,-4237958;35,-25,15;55,-12,14;65,-4,4;75,-1,8;89,-8,7;91,-6,2;110,50,-38
vila|sao|vicente|safira|36884057|125,-2113436,-4237873;127,-4,3;135,-6,5;147,1,7;155,-8,-6;167,-35,25
vila||adelino jose de lima|aeroporto|36887046|11,-2112627,-4238802;12,2,3;13,11,-19;16,-1,16;19,-3,12;21,4,-17;22,1,13;24,1,-22;28,7,-11;34,1,5;35,3,-8;36,-1,0;44,-3,43;54,-3,-6;60,7,-2;150,-23,-5
vila||agostinho cesar bizzo|centro|36880003|160,-2113348,-4237096;210,20,-1;292,-29,-8;293,9,2;320,-72,-18
vila||alcino camilo de andrade|barra|36884029|307,-2112552,-4237710;310,-2,22;315,3,-9
vila||alipio fernandes|barra|36884061|6,-2113296,-4237863;8,13,3;14,11,18;20,-15,-17;22,5,0;27,17,15;40,1,2;47,6,-4;50,0,4
vila||altivo inacio luis|aeroporto|36880005|10,-2112626,-4238750;38,10,-5;40,18,-17;49,-24,0;50,5,5;90,-9,3;271,-1,10;365,-2,2
vila||ambrosina ticon|centro|36880091|5,-2113300,-4236625;7,13,-8;27,-8,-17;31,-1,1;37,-2,-9;39,0,-1;180,5,35
vila||anchieta|barra|36884082|44,-2112968,-4237799;61,25,6;64,15,7;75,-18,3;85,14,-5
vila||angelo passon|barra|36884058|9,-2113334,-4237905;22,1,6;25,28,-1;51,-30,-17
vila||antonio luiz soares|santo antonio|36881125|16,-2113692,-4235718;26,-2,-1;38,-6,-1;48,-11,-10;56,-8,-2;60,-7,3;66,-6,-9;79,0,-1
vila||antonio luiz soares|sao francisco|36881125|29,-2113697,-4235716;39,-3,-8
vila||arlete|centro|36880099|4,-2113362,-4236619;6,-18,-55;11,24,67;26,-10,-8;50,-1,-19;51,5,-3;97,-4,-15;100,1,12;111,1,-34;250,9,82
vila||cecilia conceicao pinheiro|ceramica|36883030|26,-2113503,-4237193;28,-2,-22;30,-3,6;54,7,-28;62,9,-11;64,-2,28;73,-14,-5
vila||climerio de souza|barra|36884090|190,-2113102,-4238030;200,3,1;201,17,-15;203,3,24;204,18,1;205,11,1;208,7,-6
vila||corina|santo antonio|36881132|8,-2113655,-4235626;45,7,-31;60,-2,32;65,0,-11;115,-8,45;140,-12,21;150,-8,2;160,-4,2;423,42,-35
vila||corina|sao cristovao|36881132|192,-2113526,-4235682;221,-11,-3;276,23,11;282,-8,3;330,-13,-12;331,-5,-4
vila||del penho|barra|36884022|14,-2112703,-4237648;31,5,-10;32,-10,6;37,26,-18;38,-25,10;45,22,-9;48,-18,-2;50,0,-3;53,4,-6;58,0,0;60,0,2;202,9,-3;301,-8,6
vila||delfina milita philo|barra|36884025|25,-2112781,-4237685;249,-11,1;259,1,-3
vila||demerval lomeu de carvalho|porto|36889241|30,-2112826,-4235405
vila||elmo|barra|36884066|225,-2113075,-4237649;231,4,5
vila||estigarribia|barra|36884109|3,-2113028,-4238335;20,-72,33;25,33,-5;26,57,-41;52,-55,39;65,24,-11;95,-26,1;115,-16,16;125,-6,30;467,63,-67;2070,-4,5
vila||independencia|sao cristovao|36881126|2,-2113533,-4235942;3,9,12;4,4,2;8,12,38;9,-5,-24;10,8,14;18,-27,-44;235,3,-16
vila||janir carlos|bico doce|36880178|16,-2113666,-4237136;30,6,3
vila||jorcelina laviola marques|barra|36884078|150,-2112843,-4237884
vila||jorge cerqueira|centro|36880007|1,-2113006,-4236822;3,-30,-23;5,-5,-15;36,2,14;44,17,21
vila||jorge tanus xaia|barra|36884052|3,-2112957,-4237558;4,3,-3
vila||julia inacia|barra|36884110|1,-2112899,-4238222;2,-10,-16;3,-3,13;4,-7,-3;5,-8,4
vila||katia|centro|36880011|18,-2113126,-4236982;23,16,32;34,-3,36;41,8,-30;48,-5,52;67,11,-37;99,-2,-12
vila||manoel pecanha|porto|36889232|1,-2112781,-4235320;2,5,12;3,2,-31;4,2,-3;5,0,-1;6,20,-50;7,-17,-6;8,7,-16;9,-17,-14;13,7,87
vila||maria jadum|barra|36884068|3,-2113007,-4237640;5,11,2;7,-12,-2;8,21,10;48,-37,-6
vila||maria rita|centro|36880102|2,-2113423,-4236593;3,-12,0;4,-4,-8;5,3,0;6,-7,-18;61,-6,-12;65,-1,1;75,-4,-6;135,-5,-19;344,33,81
vila||mariquito pena|ceramica|36883001|5,-2113320,-4237195;10,-3,3;11,-8,0;16,5,5;20,-19,-1;25,4,-6;30,-13,-3;35,-22,-3;40,10,3;50,-14,-10;70,-9,6;104,-4,5;148,79,2;150,-42,-4
vila||martins|barra|36884017|20,-2112769,-4237547;22,12,-3;30,-4,1;31,8,-7;34,-6,5;36,3,-4;44,5,0;45,5,-3;50,0,-8;55,0,0;59,20,-7;66,-20,9
vila||moreira|jose de abreu|36883052|31,-2113887,-4237382;40,-151,-25;250,0,0;520,0,0;579,0,0;580,138,21
vila||moreira|safira|36883052|25,-2113849,-4237345;49,5,-15;55,-1,20;79,-16,-22;519,-1,8;520,-7,-11;542,-21,13
vila||nogueira|santa terezinha|36889275|222,-2113032,-4235451
vila||pascoal bertho|sao cristovao|36889306|28,-2113534,-4235748;101,11,15;131,-11,-33;151,2,-18;161,-1,2;171,3,-3;178,15,-1;211,-16,28;260,5,9;276,-10,49;284,2,-1;285,4,-17;286,5,-9;288,-7,8;296,5,-40
vila||paulo cesar peres|sao cristovao|36889337|20,-2113306,-4235590;21,-2,-15;23,-10,2;41,29,9;47,-10,-3;66,-10,-6;70,-1,10;80,2,-1;82,27,0;86,-22,4;88,4,-3;102,3,1
vila||pedro camilo martins|barra|36884017|201,-2113158,-4237917
vila||pedro camilo martins|barra|36884056|3,-2113155,-4237879;179,26,-26;183,-26,22
vila||pedro de oliveira lima|barra|36884077|2,-2112840,-4237858;4,6,1
vila||purcina amelia|barra|36884032|1,-2112649,-4237769;2,-7,21;3,1,3;4,0,-1;5,-9,1;7,10,-20;8,-10,-1;9,12,0;10,1,2
vila||rafael rocha|barra|36884062|5,-2113262,-4237864;15,-12,-17;25,15,1;28,-2,10;38,11,-8;45,-7,1;65,-9,1
vila||rodolfo licurgo|barra|36884026|13,-2112707,-4237706;16,-6,5;18,6,-6;21,-3,-2;114,0,0
vila||salvador|sao cristovao|36889303|5,-2113502,-4235807;8,-52,-126;17,9,-5;18,-5,8;20,4,13;29,4,-5;34,7,5;35,-5,0;41,3,1;42,3,1;49,-1,4;50,-1,-4;55,7,23;56,-3,3;64,9,-3;65,16,26;66,-18,-8;67,-4,-1;68,-21,25;69,27,-23;72,2,-3;73,4,14;74,-46,24;79,49,-17;80,-36,12;104,56,11;115,-20,-17;116,8,8;121,-9,-2;125,1,7;137,14,16;238,2,-21
vila||sebastiao fintelmam|uniao|36891899|3,-2112381,-4238598;4,-7,-4;5,-4,-4;6,-10,0;7,0,-1;8,0,2
vila||sebastiao teixeira|barra|36884060|1,-2113277,-4237895;5,-2,8;6,-14,19;20,-5,13;22,13,-29;38,2,2;50,-5,12;60,-8,2;70,-12,2;321,37,-55
vila||tereza paulo|barra|36884041|2,-2112712,-4238053;4,18,-2;6,8,0;750,-33,-10
vila||valdevino alexandre rodrigues|barra|36884065|9,-2113083,-4237836;25,10,2;26,10,3;29,-16,-1;39,9,-4;65,6,12;66,1,3
