acesso||sem denominacao|pedra negra|37260000|7,-2110610,-4497270;15,-1677,60;62,-53,-2424;122,17,7;125,-709,-2679;130,693,5134;138,48,-2458;149,14,-4;193,-10,2503;283,-45,-90
alameda||1|yoca|37260000|25,-2108882,-4508098;281,1,-8
alameda||2|yoca|37260000|15,-2108880,-4508054;35,14,-9
alameda||3|yoca|37260000|36,-2108843,-4507988;37,-2,-1
alameda||4|yoca|37260000|38,-2108822,-4507933;39,-11,-5
alameda||principal|yoca|37260000|10,-2108895,-4508015;230,12,47;248,11,26;296,22,105
avenida|deputado|jose aldo dos santos|bom retiro|37260000|19,-2109547,-4509097;23,-8,-11;26,5,-1;33,-9,-8;36,3,-7;43,-1,-4;44,3,-3;52,-8,-4;53,-4,-8;63,1,-7;64,0,8;70,1,-19;73,-5,5;80,-8,-14;83,1,2;145,-2,-92;173,20,-31;201,-12,-31;217,-21,-12;225,-8,-11;233,-4,-9;239,-15,0;245,-6,3;267,-7,-5;293,-11,-23
avenida|deputado|jose aldo dos santos|santa terezinha|37260000|68,-2109751,-4509825;90,-16,11;96,-5,-2;100,-9,6;116,-12,3;119,19,19;122,-20,-15;127,16,8;131,1,-5;321,63,-37;569,-95,299;571,-1,-5;591,5,-25;596,-4,30;601,1,-35;615,-3,-26;647,-4,-24;659,0,-16;671,3,-17;721,9,-29;757,35,-33;769,-1,-31;781,-1,-13;791,1,-7;905,8,-49;925,10,-7;937,27,-14;941,4,3;957,10,-4
avenida||altino barroco|residencial vila real|37260000|275,-2108518,-4507473;404,-80,89;471,-33,56;753,-111,264
avenida||ana luiza|casana|37260000|25,-2110176,-4508139;40,-4,-56;50,3,9;60,-2,21;150,6,61
avenida||ana luiza|nossa senhora de lourdes|37260000|15,-2110160,-4508242;19,3,9;31,1,16;41,3,9;43,3,7;67,-2,1;181,15,127;201,-9,20;215,8,-4;231,3,12
avenida||arquimedes tobias da silva|chacara bela vista|37260000|21,-2109421,-4507637;75,-48,19;85,-11,4;93,-13,0;95,-2,8;96,5,-2;97,-4,5;119,-8,2;161,-40,20;169,0,4;173,-11,3;174,-4,-5;185,1,7;197,-12,4;250,-46,9;253,-102,54;256,87,-38;286,-78,43;303,58,-26;312,-231,100;314,210,-102;316,-5,5;331,-2,11;339,-4,0;397,-46,23;443,-41,16;455,-18,6;456,5,-6;461,-9,11;468,-4,-4;471,-11,10;487,-2,5;520,-26,4;526,-25,4;528,-8,8
avenida||da luz|santa terezinha|37260000|23,-2109741,-4509968;34,8,-6;35,-3,10;37,-17,6;40,5,-11;47,-13,16;50,-2,-4;52,3,-1;53,-216,243;57,217,-231;60,-18,2;61,3,-5;66,-10,5;71,13,9;72,-24,9;80,-27,5;81,33,-4;93,-3,11;99,0,-4;116,-11,-5;118,-4,13;151,-17,16;165,-3,-3;170,-31,12;175,16,5;180,-28,14;191,-240,191;195,258,-195;200,-22,10;205,2,-3;210,-48,37;213,-27,31;215,70,-59;220,-13,-8;221,5,18;223,-31,27;227,-1,-6;230,15,-23;233,-3,12;239,17,-7;240,-17,-5;250,-27,25;260,-29,14;332,-20,95;370,2,-70;380,-58,44;390,-15,14;400,-16,12;410,-51,37;420,61,-46;430,66,-55
avenida||dimas resende filho|residencial vila real|37260000|87,-2109046,-4507207
avenida||dorila de padua|parque das aves|37260000|201,-2110054,-4509457;209,1,1;347,-75,-79
avenida||francisco teixeira da silva|nossa senhora de lourdes|37260000|11,-2110004,-4508298;25,-9,17;26,-12,-2;30,-6,12;35,22,-18;43,-7,21;44,-21,8;55,13,6;56,-20,12;59,16,9;70,-14,7;76,1,-2;77,16,1;79,5,-53;80,-17,74;83,1,0;88,-9,-6;99,13,14;102,-26,-2;117,23,8;128,-21,6;129,16,10;141,-1,8;144,-28,-1;147,21,23;150,-24,17;157,20,-12;160,-5,-10;162,-9,32;163,14,-15;170,-19,18;172,4,-30;173,12,18;182,-24,32;185,13,-7;194,-17,11;204,1,23;216,-1,-2;240,-32,41
avenida||francisco teixeira da silva|novo jardim|37260000|221,-2110072,-4508075;233,-7,14;327,-16,86;339,-4,14
avenida||getulio vargas|centro|37260000|6,-2109162,-4508991;13,8,-21;14,-12,5;16,11,0;32,7,-24;33,-3,-10;56,8,-5;70,6,-7;77,-9,-16;80,12,6;84,5,-5;85,-5,-6;89,7,-15;119,4,-17;133,-1,-12
avenida||guajajaras|sao francisco|37260000|38,-2110371,-4508992;50,-24,-20;55,4,14;100,-17,-25;127,5,7;173,-48,-37;183,-4,-13;197,-14,-19;211,-18,-13;213,-19,8;255,-33,-21;355,-65,-28
avenida||hermogeneo dias de alvarenga|chacara bela vista|37260000|234,-2109637,-4507677;249,7,9;257,11,41;260,-16,-32;273,15,16;284,0,10;285,8,-1;296,-8,10;309,-1,20;333,23,4;334,-8,5;342,2,9;343,11,-1;397,20,50;415,5,10;448,3,35;458,7,18
avenida||israel freire|novo jardim|37260000|203,-2110200,-4508237;254,9,-10;264,-4,-2;274,-15,-4;291,-2,15;294,-10,-8;313,-22,14
avenida||joaquim augusto ferreira|casana|37260000|66,-2110020,-4508311;74,-11,9;100,-25,-5;122,-6,12;124,-10,4;136,-10,5;150,-9,9;184,-21,-2;190,-10,6;196,-16,9;208,-7,0
avenida||joaquim augusto ferreira|nossa senhora de lourdes|37260000|117,-2110063,-4508293;125,-15,13;151,-46,8;161,4,2;183,-8,5;191,-7,4;195,-10,3;199,-12,4
avenida||joaquim augusto ferreira|novo jardim|37260000|34,-2109985,-4508314;44,-20,8;68,-1,1
avenida||jose de bastos|chacara bela vista|37260000|23,-2109322,-4507322;46,-122,-253;74,3,11;145,43,75;190,17,35;193,7,8;230,4,38;235,3,-6;257,-5,-26;267,15,51;280,17,48;281,-21,-62;290,18,59;359,5,2
avenida||jose freire|residencial vila real|37260000|5,-2108788,-4507403;200,43,13;205,1,-13;295,94,-5;404,40,4;465,-80,0
avenida||jose ribeiro campos|jardim america|37260000|105,-2109002,-4509552;188,-3,-66;206,3,-23;222,-4,-3
avenida||juscelino kubitschek|cohab 2|37260000|40,-2110265,-4508968
avenida||juscelino kubitschek|joao xxiii|37260000|136,-2109932,-4508940;167,-42,4;170,1,1;174,2,5;175,-13,-4;179,-4,-1;186,4,3;189,-15,0;199,-6,-1;200,15,-3;209,-36,10;227,10,-10;232,-5,2;236,-2,-4;237,-4,4;244,-11,3;245,0,-7;255,-10,2;265,-12,-1;275,-13,5;276,3,-10;300,-18,3;316,-27,-1;322,-9,-6;368,-49,-2;440,-46,-17;460,269,22;466,-301,-34
avenida||juscelino kubitschek|sao dimas|37260000|295,-2110082,-4508936;305,-25,-2;315,4,-4;327,-8,6;337,-11,-2;353,-16,-2;365,-8,-6;375,-7,-2;385,-11,2;393,-11,-3;435,-41,-9;455,-20,-2;615,198,-204;625,-272,199;635,-18,16;655,-1,-4
avenida||juscelino kubitschek|sao francisco|37260000|15,-2110355,-4508972
avenida||juscelino kubitschek|vista alegre|37260000|7,-2109854,-4508945;61,-13,1;65,-16,7;75,-4,-10;81,-6,10;93,-12,-14;103,-6,1;113,-9,4;125,-8,2;135,-15,-15;143,-13,17
avenida||monalisa siqueira ribeiro|residencial vila real|37260000|115,-2108942,-4507224
avenida||primavera|casana|37260000|20,-2110161,-4508279
avenida||regis bittencourt|centro|37260000|4,-2109399,-4508844;6,-2,-10;7,-5,10;12,-8,7;19,-8,1;39,-14,2;42,2,2;50,-1,-2;51,-6,-4;52,3,2;55,-9,-3;57,8,3;59,-11,-7;60,-3,10;64,1,-4;77,-16,6;86,3,-1;87,1,7;88,5,-10;90,-14,1;91,-7,6;94,-2,1;100,-15,8;116,-1,-11;117,-8,19;120,-4,-7;143,-26,5;148,3,-4;161,-5,6;169,-15,-15;176,12,19;181,-18,-15;183,-8,-6;189,2,16;191,-12,8;193,5,-10;210,-16,0;215,-4,11;219,2,-7;233,-14,12;240,-2,-9;248,-7,13;252,-10,2;253,1,-15;259,-11,7;264,2,5;267,-8,-10;275,-10,18;276,8,-2;287,-19,-4;294,-1,14;295,-6,-13;305,-4,-3;311,-30,-13;324,22,29;328,-12,-4;329,-7,-2;330,11,1;332,-15,8;340,3,2;342,-1,15;352,-16,6;354,-5,-5;356,-7,-14;363,56,50;385,-33,-51;390,-35,12;391,-1,-10;399,-19,24;401,0,-24;402,-25,-18;403,35,19;405,-11,6;409,-73,17;411,206,-19;428,-154,-8;445,-3,11;450,-25,19;464,-7,0;466,-1,2;471,5,-21;474,1,17;477,-9,-6;502,-35,14;521,-44,-14;530,21,8;555,-16,10;560,-7,4;575,16,56;577,0,5;600,-40,-67;606,-4,3;608,-2,-2;626,-18,7;630,-4,1;655,-37,9;665,0,-2;723,-41,14;727,0,3;737,-10,-7;739,5,9;747,-27,1;771,-24,13
avenida||regis bittencourt|sao dimas|37260000|690,-2110010,-4508711;702,-20,1;710,0,-30;712,-7,20;716,1,3;718,-5,6;726,-6,4;750,-12,13;760,-13,-20
avenida||regis bittencourt|vila nova|37260000|601,-2109924,-4508729;617,-25,9
avenida||ricardo resende|jardim centenario|37260000|17,-2109056,-4507587;211,-3,-10;304,-141,-109;334,22,19;354,14,14;364,55,38;374,-44,-28;384,8,3;387,15,-12;394,-2,20;397,6,-6;404,-3,13;414,3,5;417,12,-10;424,-1,18;431,22,2;434,-14,0;444,7,6;467,23,5;480,9,22;485,6,-14;488,-6,19;494,10,21;504,-1,9;514,4,7;524,1,10;531,2,-12;534,-4,20;541,5,-14;547,2,9;555,0,10;563,1,5;571,2,1;577,-2,14;676,-2,126;686,8,5;756,10,64
avenida||ricardo resende|residencial vila real|37260000|643,-2109025,-4507425;653,-6,14;663,-2,7;673,3,10;683,3,8;693,-1,8;703,-1,10;713,0,12;723,4,8;761,6,45
avenida||sergina ferreira de padua|jardim centenario|37260000|61,-2109035,-4507293
avenida||sergina ferreira de padua|residencial vila real|37260000|63,-2108977,-4507314;64,14,1;103,-36,7;143,45,-9;153,4,-13;342,6,-11
avenida||walbert dos santos martins|residencial vila real|37260000|18,-2108846,-4507337;241,-3,-77;291,-2,-8
avenida||walfrido de castro|residencial vila real|37260000|193,-2108795,-4507520;291,23,96;310,-30,77;391,9,17;401,1,4
beco||angenor p pertira|varzea de cima|37260000|17,-2109603,-4508116;23,-10,-9;31,-1,-9;41,-11,-4;644,19,24;646,-25,-31
beco||da saudade|rosario|37260000|13,-2108814,-4509183;16,-34,-2;17,8,6;19,12,11;23,7,22;26,-19,-33;27,0,0;28,18,21;35,-6,8;39,-4,-3;45,3,-1
beco||joao ferreira sobrinho|santa terezinha|37260000|20,-2109798,-4509737;38,-16,-23
beco||lourenco placedino da silva|varzea dos placedino|37260000|16,-2109609,-4509967;26,15,-3;36,-2,-10;37,20,2;52,-24,-27;55,37,31;56,-10,4;63,22,-2;66,-16,-1;76,11,-1;84,-67,5
beco||sem denominacao um|varzea de cima|37260000|586,-2109591,-4508169
beco||sem denominacao|palestina|37260000|31,-2109182,-4508586;85,-5,2;93,5,1;95,3,11;109,-5,-18
beco||sem denominacao|varzea de cima|37260000|584,-2109576,-4508174
beco||sem denominacao|varzea dos placedino|37260000|100,-2109618,-4509969
condominio||sem denominacao|varzea dos barbosas|37260000|91,-2108305,-4509474;130,-8,14
estrada||atalaia|atalaia|37260000|5,-2109719,-4513884
estrada||da lagoa|lagoa|37260000|33,-2104827,-4509364
estrada||da serra do peao|serra do peao|37260000|10,-2104591,-4505166;16,294,-934;100,-9,48;350,-27,557;445,44,-423
estrada||de terra|retiro dos pimentas|37260000|1,-2105136,-4500857;15,158,-825;18,9,-8;29,-453,620;45,422,-601;55,-10,7;56,-9,29;88,-408,548;250,487,-589;270,36,27;273,-9,-21;279,17,8;280,-92,-15;300,195,-192;310,-92,240;1100,-509,161
estrada||do manoel antonio|porto faria|37260000|37,-2111967,-4514939
estrada||do pavao 3|pavao|37260000|95,-2099672,-4507550;99,59,9;115,49,-3;125,62,-23;625,-17,-80
estrada||do pavao 4|pavao|37260000|82,-2099642,-4507370;86,-4,-93
estrada||do pavao|pavao|37260000|25,-2100077,-4507903;26,1,99;32,33,0;58,239,151;66,3,19;72,27,43;78,-50,98;80,-51,15;96,141,-36
estrada||dos coelhos|cata branca|37260000|1000,-2108212,-4503331
estrada||monte alegre|monte alegre|37260000|34,-2115055,-4514141
estrada||para machados|varzea dos barbosas|37260000|2,-2108393,-4509551;6,16,-12;8,1,-2;12,16,-12;20,16,-7;28,3,-2;34,18,-12
estrada||para o joao mendes|retiro dos pimentas|37260000|12,-2105388,-4501097;281,-40,203
estrada||perdoes a pedra negra|gameleira|37260000|7,-2104362,-4497498;195,116,159
estrada||porto faria|porto faria|37260000|6,-2111001,-4515975;9,-54,-51;15,130,112;30,-59,-75;69,88,17;76,6,8;80,-42,-116;102,-18,118;120,34,-44;128,30,-24;138,-65,-136;147,-82,8;148,77,-27;152,68,134;176,3,-16;207,-75,-131;217,4,-3;224,59,73;236,-1,-13;320,-17,-77
estrada||serra do peao|serra do peao|37260000|4,-2103964,-4506465;351,107,-52;543,-334,303
marginal||geraldo mendes rosa|retiro dos pimentas|37260000|1020,-2105358,-4501452;1200,-34,120
marginal||iolanda rezende pereira|chacara bela vista|37260000|852,-2109612,-4507968
marginal||iolanda teixeira|chacara bela vista|37260000|26,-2109416,-4507674
marginal||jaime teixeira|sao dimas|37260000|1860,-2110142,-4508739;1980,-136,-107;1986,-9,-3;1988,-9,-12;2000,-28,-33;2100,-21,-13
marginal||jaime teixeira|varzea de cima|37260000|15,-2109772,-4508288;26,202,262;31,-232,-296;35,235,307;41,-232,-304;45,238,311;53,-229,-301;65,8,6;95,148,197;105,118,162;127,12,21;137,9,8;790,-16,-21;1130,-245,-329;1146,0,0;1150,-5,-6;1245,-53,-65
marginal||jaime teixeira|vila nova|37260000|107,-2109839,-4508389;115,2,10;1540,-133,-167
paralela||br 381|retiro dos pimentas|37260000|25,-2105201,-4501809;71,-29,36;130,-5,-30;323,21,4;340,24,-21;342,-12,6;553,-27,73;555,2,-16
povoado||de meneses|pedra negra|37260000|10,-2109572,-4497035
praca|doutor|duque da rocha|palestina|37260000|15,-2109275,-4508665;50,11,-35;60,-7,2;66,-9,16;82,-9,4;94,-1,5;100,-6,13;108,-3,9;120,1,3;130,-1,9;134,-4,6;144,-6,9;150,-3,9;160,0,9;168,13,-3;176,7,-7;188,9,-8;242,22,-87
praca|doutor|zoroastro alvarenga|centro|37260000|9,-2109121,-4509156;27,1,-11;39,-19,0;51,-3,-10;67,-16,0;75,-15,-14;82,48,-18;89,-60,7;103,-5,9;104,41,-23;106,-2,5;107,-42,14;108,37,-18;110,-28,-74;127,-14,91;139,-27,-19;142,40,-18;156,-4,-1;157,-43,18;172,32,-29;192,-18,-5;223,-33,16;233,3,-9;243,16,2
praca||1 de junho|centro|37260000|76,-2109178,-4509011;165,-6,14
praca||antonio carlos pereira|retiro dos pimentas|37260000|21,-2105295,-4502167;22,13,20;23,-31,-59;26,4,41;29,19,-43;31,-20,29;33,-3,-39;37,-3,-11;43,40,92;46,-5,35;47,4,-24;49,-36,-115;50,39,150;65,-47,-162;103,0,-42;111,-4,-10;118,42,140;120,-2,-8;135,-13,-252;145,16,-4;173,-46,152;200,40,8;215,-13,-24;216,1,-15;227,3,36;229,0,-9;230,1,2;232,-2,-3;235,12,17;237,-5,18;241,6,30;243,-10,-15;250,0,-10;287,4,34;289,0,-2
praca||fernando dias de oliveira|centro|37260000|44,-2109381,-4508973;46,-5,-16;48,-5,86;56,25,-65;72,-22,-28;76,0,-1;80,-12,-7;90,-7,-21;112,-11,-37;144,41,135;150,-45,-139;160,51,130
praca||geraldo pinheiro da silva|varzea de cima|37260000|2,-2109484,-4508368;8,8,1;18,10,5;25,2,-16;26,2,20;34,8,2;35,-2,-21;48,5,21;58,-16,-17
praca||israel pinheiro|vista alegre|37260000|10,-2109765,-4509222;23,-17,26;30,-6,-9;34,-10,-1;38,0,0;39,6,18;64,-39,-4;71,-2,17;81,-11,4;105,-25,9;120,25,-20;126,-12,5
praca||jose antonio braga|nossa senhora das gracas|37260000|14,-2109711,-4508084;28,9,8;32,0,0;345,-28,-6
praca||jose modesto sobrinho|rosario|37260000|66,-2109000,-4509252;88,20,18;104,-42,-32;122,82,65;132,4,1;150,22,18;160,10,18;172,2,-1;222,30,-24;232,-12,-9;238,2,5;254,-17,-17;280,-16,-14;290,-17,-11;300,-4,-7;316,0,0;326,-16,-8;352,-24,-18;380,-19,-14
praca||leopoldo dias|centro|37260000|3,-2109383,-4508867;9,0,-10;17,7,5;18,-7,28;21,22,-36;22,-13,32;29,28,-32;31,-10,2;32,-10,26;39,3,-35;41,25,7;44,-20,27;58,13,3;78,1,-35;82,3,6;147,1,3
praca||olavo ribeiro da silva|centro|37260000|10,-2109570,-4508826;22,2,-6;40,-9,-5;44,-10,7;45,10,5;46,-7,8;48,4,-6;50,-16,-6;68,-5,-4
praca||pio xii|joao xxiii|37260000|15,-2109991,-4509005;25,-8,-3;43,-18,-4
praca||primeiro de junho|centro|37260000|6,-2109179,-4508945;12,-1,-12;18,2,0;30,7,-10;38,-4,-9;42,7,-7;50,6,-8
rodovia||br 381|chacara bela vista|37260000|14,-2109349,-4507544;333,-21,-66
rodovia||br 381|flor de minas|37260000|678,-2111223,-4509275;680,-1569,-724
rodovia||br 381|nossa senhora das gracas|37260000|1296,-2109662,-4508036
rodovia||br 381|novo jardim|37260000|666,-2110457,-4508909
rodovia||br 381|retiro dos pimentas|37260000|381,-2105204,-4501679
rodovia||lmg 843|estiva|37260000|22,-2099215,-4506392
rodovia||lmg 843|moenda|37260000|19,-2096794,-4507906
rua|coronel|augusto alvarenga|centro|37260000|18,-2109206,-4509020;19,-21,-2;20,15,-13;32,-8,-9;38,5,-3;41,-16,2;52,8,-15;59,-58,-104;60,53,93;63,-14,-5;68,4,-1;81,-13,-12;87,-73,287;94,83,-288;95,-13,-20;108,1,8;111,-16,0;128,18,-13;134,48,127;138,-60,-140;158,18,29;164,47,140
rua|coronel|francisco moreira de andrade|centro|37260000|11,-2109517,-4508830;22,-10,-2;28,20,-18;32,-9,-3;35,-14,-1;36,10,15;40,-2,-6;42,1,-9;46,7,-9;49,-13,2;50,8,-5;58,-2,-9;59,-10,-1;63,-10,-12;77,6,-7;87,4,-11;94,-4,-14;99,-5,-5;109,0,-6
rua|coronel|joaquim francisco|centro|37260000|14,-2109259,-4509208;27,-5,14;38,-16,-13;50,3,23;58,22,-22;59,-24,32;78,-18,7;107,-7,25
rua|dom|jose medeiros leite|varzea de cima|37260000|20,-2109714,-4508232;33,16,-16;43,4,-7;53,-82,-510;59,96,496;77,59,-74;93,-48,59;121,20,-26;139,20,-21;143,-12,9;147,1,-7;149,24,-17;161,1,-12;171,5,-13;181,7,-3;187,7,-10
rua|dona|jacinta cipriana|casana|37260000|3,-2110026,-4508013;107,-2,4
rua|dona|zica|eldorado|37260000|26,-2108377,-4509632;46,18,-5
rua|doutor|arthur m pereira|cruzeiro|37260000|12,-2109637,-4509659;16,-38,-63;22,31,32;31,-12,1;32,4,-5;33,-36,-50;38,38,42;39,-32,-52;41,24,51;48,2,-15;49,-3,9;54,3,-8;64,4,-12;69,-8,7;76,3,-10;346,-18,-4
rua|doutor|carlos feldman|casana|37260000|25,-2110205,-4508205;46,-5,-10;49,-9,19;52,-2,-13;60,-8,9;61,-7,13;70,5,-9;71,-7,13;82,-4,2;83,-2,9;103,-2,5;113,-9,6;206,-5,-3
rua|doutor|eduardo gomes|sao dimas|37260000|200,-2109964,-4508742;201,-4,-21;210,4,-8;213,-6,-1;223,-7,-17;226,9,10;236,-3,-14
rua|doutor|eduardo gomes|vila nova|37260000|7,-2109937,-4508575;23,-8,-15;27,8,-3;35,-3,-21;43,-6,-7;46,12,18;74,-2,-27;75,-15,-9;84,16,1;85,-21,-5;94,10,-15;95,-5,5;104,-9,-14;107,8,-1;118,-6,-14;121,3,3;130,-4,-18
rua|doutor|emidio ferreira filho 1|chacara bela vista|37260000|5,-2109335,-4507452;15,-3,2;27,-14,7;36,-8,-7;39,2,3;75,-32,19;93,-12,6;97,-2,2;108,-10,4;109,0,-1;115,-9,4;122,-14,-2;128,-3,3;190,45,-22;193,3,6;197,-101,49;245,-36,18;257,-6,4;303,-39,19;308,-16,-4;314,-4,-3;328,-5,7;338,-8,7;350,-14,5;351,11,1;371,-28,16;500,60,-38
rua|doutor|francisco martins de andrade|centro|37260000|5,-2109333,-4508895;11,3,-19;19,1,-5;49,7,-28;50,-8,9;70,14,-29;71,-4,2;81,4,-9;86,4,-5;91,-2,-11;104,8,4;110,-7,-157;111,1,139;123,5,-11;126,1,21;130,9,-27;131,-8,-10;138,10,-1;141,-7,-1;145,1,-21;156,8,13;178,-3,-9;179,-2,-19;186,7,-7;187,-10,0;196,10,-3;206,-10,-14;211,-1,6;228,-2,-27
rua|doutor|jose de magalhaes pinto|joao xxiii|37260000|423,-2109957,-4508912;443,0,-11;453,6,-15;461,-21,-12;470,7,-12;471,2,-8;475,-13,-3;482,7,1;485,-3,-14;506,5,-1;524,2,-14;525,-6,4
rua|doutor|jose de magalhaes pinto|sao dimas|37260000|239,-2109928,-4508756;251,-6,3;273,2,-39;285,-1,-14;287,5,12;289,1,6;305,-2,-20;311,-5,-5;333,-10,-37;340,7,17;360,-2,-24;380,6,-11;399,-14,-9;411,-7,-15;413,6,-9
rua|doutor|jose de magalhaes pinto|vila nova|37260000|2,-2109844,-4508547;26,-5,-16;33,-13,0;36,9,-7;42,-4,-8;43,-11,1;50,10,-4;55,-8,0;60,-4,-11;63,16,-7;73,-19,3;112,-22,-20;113,-5,3;124,4,-12;125,-4,-1;132,1,0;133,-3,-4;136,14,-6;142,-11,-11;145,-7,11;154,3,-17;157,-3,-10;164,1,-8;169,-9,-14;170,10,12;172,2,-19;193,-11,-13;194,6,-1;199,-3,-3;200,-6,-9
rua|doutor|jose de magalhaes pinto|vista alegre|37260000|254,-2109926,-4508757;258,3,-10;268,-5,-14;278,-2,-2;292,7,-15;296,-9,-3;302,2,-7;414,-15,-86;426,-4,-16
rua|doutor|jose jorge|rosario|37260000|74,-2108956,-4509153;86,18,11;90,1,2;100,-5,15;107,-3,-1;116,7,12;117,5,-5;125,4,10;126,-9,2;133,9,7;134,2,1;148,6,6;152,0,7;155,2,-2;157,0,8;166,12,0;177,-2,8;182,0,12;187,11,8;204,0,6
rua|doutor|jose norberto de andrade|vista alegre|37260000|23,-2109626,-4509067;36,4,-14;44,-8,-12;47,-5,4;51,2,-26;54,-3,26;57,-6,-14;60,0,-5;68,3,-12;82,-5,-11;89,-4,5;100,5,-14;109,-7,-6;120,3,-15;123,-4,7;130,0,-17;133,-6,4
rua|doutor|nobel alvarenga|casana|37260000|10,-2110181,-4508147;18,-9,8;30,-7,1;40,-10,11;41,8,5;66,-22,16;71,0,12;80,-11,-5
rua|escritor|jose sebastiao de assuncao|residencial vila real|37260000|230,-2108744,-4507176
rua|expedicionario|antonio dos santos|jardim america|37260000|45,-2109153,-4509634;46,10,-3
rua|governador|aureliano chaves|cohab 1|37260000|8,-2110176,-4509200;9,-14,7;18,9,-5;19,-11,4;28,-2,-10;29,-12,13;38,0,-14;39,-11,5;48,6,-4;49,-15,2;59,1,-1;69,-8,-2;79,-18,-3;89,-3,-4
rua|governador|francelino pereira|cohab 1|37260000|11,-2110227,-4509212;21,4,-11;33,5,-13;36,5,-7;45,-3,-5;46,11,1;57,-5,-19;58,3,1;69,-1,-10;70,10,3;81,-6,-10;82,7,0;93,-1,-15;94,7,4;105,-6,-12;106,9,7;117,0,-23;118,1,13;129,3,-22;130,2,11;141,0,-17;142,5,1;153,-3,-15;156,5,6;165,0,-11;176,7,-8;177,-4,-7
rua|governador|rondom pacheco|cohab 2|37260000|9,-2110508,-4509263;17,6,-7;29,4,-4;37,7,-4;47,8,-9;55,4,-2;56,9,-3;65,-3,-8;75,9,-2;84,-6,7;85,14,-20;95,1,2;105,8,-9
rua|governador|valadares|centro|37260000|15,-2109529,-4509197;20,-6,-1;25,14,8;30,-8,7;35,108,351;37,-98,-340;38,-9,2;47,5,-3;59,10,16;64,-8,5;67,8,4;75,3,10;78,-8,-5;89,7,-15;99,3,37;115,-4,21;116,6,11;123,9,-8;126,-12,13;140,12,3;148,2,4;156,8,3;168,-1,24;175,-3,-34;180,-11,39;181,23,4;185,-5,0;211,10,27;215,1,3;216,-12,18;219,6,-12;227,9,4;228,-9,-4;232,1,23;244,-5,2;247,19,-12;268,-1,24;274,7,2;275,0,8;284,11,2;287,-16,0;292,3,21;296,29,6;306,-16,3;308,-9,6;309,1,5;310,4,-4;312,5,7;314,1,1;334,10,9;335,0,-1;344,0,11;355,2,8;359,9,10;361,-4,5;364,1,-5;365,12,18;374,-13,-11;377,-17,19;384,22,-14;385,15,17;388,-16,-1;416,3,23;417,0,0;423,-9,13;426,7,-12;433,3,11;440,-1,15;441,9,-3;448,-4,8;454,1,5;461,8,3;469,-5,14;477,-4,0;481,-3,9;486,1,8;489,3,-9;496,7,11;501,-13,2;505,12,8;509,2,8;520,-5,3;530,-3,17;533,5,3;540,2,9;570,0,19
rua|maestro|antenor idelfonso|caridade|37260000|431,-2108841,-4508740;432,-8,-15;456,-2,18;461,8,28;481,-6,18;489,6,8;499,-7,7;504,2,-9;505,1,16;514,-20,4;515,19,15;529,-4,3;539,4,10;540,0,-20;544,5,15;546,-2,35;549,-5,-22;558,5,10;559,-4,3;567,0,3;568,2,-1;580,-14,8;587,20,14;590,2,6;600,-2,0;607,5,9;610,-2,-7;617,24,13;626,-25,10;631,16,9;645,1,8;646,-12,-4;650,0,11;651,8,0;657,2,16;662,-2,-11;674,-2,14;686,13,9;698,3,10;705,15,22;706,-13,-20;715,19,24;720,-10,1;725,14,21;735,0,10;745,15,8;755,2,11;775,5,19;785,0,0;805,12,15;819,9,10;829,0,9;839,0,13;841,-26,-66;852,13,24;860,4,18;880,4,6;886,-1,23;890,-5,9
rua|maestro|jose cassimiro|caridade|37260000|4,-2108788,-4508708;10,3,10;20,4,7;30,0,17;39,-2,21;47,0,0;53,5,7;56,-4,-17;66,-7,19;78,-4,9;96,5,13;97,12,2;104,-12,9;114,3,29;115,5,-7;125,0,0;127,-2,20;151,0,6;154,-11,3;161,4,10;162,1,3;163,-6,8;175,-9,7;182,7,-3;187,-16,11;199,0,15;211,0,0
rua|mestre|balico|vila nova|37260000|7,-2109809,-4508581;13,-6,-2;23,-9,-8;32,4,-6;39,-14,-5;44,5,-7;55,-4,-2;70,-18,-41;107,6,-3;108,4,-9;109,-17,2;118,6,-5;122,4,-11;132,-6,-10;133,-7,15;151,1,-28;163,-10,-13;164,11,20
rua|mestre|balico|vista alegre|37260000|225,-2109877,-4508771;235,2,-14;245,5,-35;255,-11,8;275,-4,-32;293,2,-9;502,22,90;514,-7,-12
rua|nossa senhora|aparecida|santa terezinha|37260000|321,-2109698,-4509851;341,-11,-18;351,7,-23;403,-1,-31;417,-3,-9;427,1,-23;437,2,-13;439,-4,-9
rua|nossa senhora|aparecida|varzea dos placedino|37260000|200,-2109612,-4509811;269,-62,1;319,20,9;328,-22,-42;330,3,-8;334,-20,-15;349,25,61;350,-23,-67;358,-9,-16;360,3,-10;370,1,-9;398,3,-8;448,-5,-52;452,3,-19;460,0,10;461,-15,-31;469,0,-7;477,-5,26;480,11,-17;490,3,-9;500,-10,-6;516,5,-17
rua|padre|ananias|jardim das flores|37260000|124,-2110085,-4509046;125,4,3;128,-8,-2;138,1,-6;155,3,-27;162,0,-4;165,-17,-14;172,18,0;175,-12,-12;182,16,-6;185,-5,-3;194,4,-3;195,-9,-6;204,8,-11;214,8,-10;215,2,-46;226,-2,46;236,4,-14;239,1,-9;251,-7,-13;252,5,8;258,3,-1;263,-6,-18;285,11,-20;295,3,-17;302,-1,3;305,0,-7;312,6,-5;332,3,-18;335,-6,-10;342,6,0;345,-4,-8;352,3,3;355,1,-12;362,6,3;365,-1,-23;372,-2,13;382,1,-15;402,10,-10;411,-4,-16;412,11,-18;421,-5,7;422,6,-1;432,-4,1;444,-2,-23;445,0,-4;455,-4,-2;462,10,-5;472,-5,-8
rua|padre|ananias|joao xxiii|37260000|31,-2110089,-4508964;38,11,0;45,-8,-16;48,7,-4;57,-2,-7;58,0,-4;68,4,-10;69,-4,1;79,-1,-4;89,-1,-24;300,-1,80
rua|padre|bernardo rutten|centro|37260000|19,-2109217,-4508912;20,7,2;29,-7,5;34,3,-5;41,-2,24;46,2,4;62,4,11;64,-5,-3
rua|padre|bernardo rutten|palestina|37260000|129,-2109221,-4508807;139,6,12;145,-4,0;151,-4,16;154,-11,-8;178,3,13;183,-2,20;186,-3,-7;196,-4,12;205,-4,12;209,-2,3;215,-5,8;220,4,-6;229,-8,17;232,1,-7;237,-2,12;243,-1,5
rua|padre|eustaquio|jardim das flores|37260000|121,-2110141,-4509064;133,-2,-7;142,3,-1;145,-5,-11;152,5,-8;155,-7,-3;165,0,-4;170,4,-18;180,1,-7;187,-12,1;190,14,-16;193,-6,-2;200,10,-22;211,-13,14;218,15,-18;221,-15,14;247,3,-25;259,5,-16;271,6,-7;282,7,-6;305,-2,-34;306,11,-17;315,-9,12;316,12,-14;326,-2,-12;335,-24,2;336,34,-20;355,-11,8;365,6,-9;375,-14,-21;385,17,-3;395,5,-11;410,7,-23;427,2,-4;430,3,-19;439,-5,8;442,7,-15;448,-7,-11;451,-1,17;461,3,-16
rua|padre|eustaquio|joao xxiii|37260000|25,-2110129,-4508987;41,-10,-1;51,2,-16;63,0,2;71,-10,-15;322,15,68
rua|padre|joao valeriano|cruzeiro|37260000|14,-2109228,-4509266;20,-12,-15;32,-8,-7;42,-9,1;47,4,17;56,-14,-20;57,9,12;70,-30,-12;90,-6,-3;103,-25,3;107,-5,-11;115,-8,-6;125,-4,-3;132,0,-13;135,-12,0;146,8,-3;155,50,-88;158,-56,83;166,-14,-10;175,-11,3;176,0,-6;190,-3,-2;204,0,-13
rua|padre|pedro machado|machado|37260000|2,-2101309,-4509483;31,-36,-19;32,-27,-12;33,-31,23;175,136,18;189,8,2
rua|padre|pedro machado|nossa senhora das gracas|37260000|8,-2109720,-4507932;9,-4,11;15,-4,-2;20,3,-7;25,-12,-2;27,-1,4;30,-3,-9;35,-2,3;45,-17,-10;46,19,3;52,-12,-3;66,-10,-5;70,-1,-10;80,-14,-3;84,-4,-2;93,-10,-1;100,4,-1;119,-162,-110;135,13,7;150,104,68;184,-68,-40;194,39,8;206,-2,7;218,-11,-7;222,-14,6;234,-2,-12;238,-6,-8;241,-16,-2
rua|presidente|joao figueiredo|cohab 1|37260000|8,-2110346,-4509208;18,5,-12;30,-5,-12;42,13,-19;54,-3,-5;66,19,-15;78,-13,-11;90,-3,-9;102,2,-14;114,-7,-14;124,13,-12;134,-1,-5;144,-1,-6;154,3,-12;164,-1,-12;174,5,-11;175,-7,-1;184,7,-12
rua|presidente|joao figueiredo|cohab 2|37260000|11,-2110352,-4509215;15,2,-5;21,4,-16;29,0,-6;41,2,-15;53,5,-15;65,-2,-9;77,3,-18;89,0,0;101,5,-10;121,-1,-8
rua|professora|ana maria de padua|olavo ribeiro|37260000|40,-2109435,-4509506;41,24,4;60,2,-8;70,14,-13;90,16,-5;95,0,-8;140,34,-14;145,-2,-9;160,21,-7;185,17,-18;216,23,-17;225,4,-9;228,-2,2;236,13,-10;237,-5,5;255,10,-23;263,-3,14;287,35,-45
rua|professor|filgueiras|palestina|37260000|20,-2109083,-4508717;21,-31,146;23,40,-139;30,-11,12;35,14,4;38,-21,1;43,23,1;57,-8,20;58,-5,-13;62,-3,7;70,-6,24;77,15,-4;85,-8,14;86,-10,-6;96,-3,7;97,14,9;102,-35,64;105,35,-64;106,-12,5;107,-25,67;110,-3,3;111,45,-61;115,-42,71;116,19,-66;117,5,11;121,-117,102;122,82,-45;125,11,-29;126,-14,37;127,3,-9;130,18,-56;131,22,4;139,6,22;140,-62,34;145,40,-47;149,-42,53;150,-3,-4;154,-15,43;155,64,-85;157,-56,48;173,0,25;180,-27,-18;194,-9,0;201,2,5;209,-9,2;219,-9,0;223,-5,4;225,0,-1;246,-20,1;257,-11,3;269,-4,-3
rua|professor|gomide|caridade|37260000|14,-2108921,-4508857;28,-13,13;38,-4,8
rua|professor|gomide|centro|37260000|80,-2108961,-4508808;100,-23,9;110,-7,11;118,-7,2;132,-9,5;142,-63,-6;170,30,23;184,-10,17
rua|professor|gomide|palestina|37260000|20,-2109087,-4508717;79,128,-98;89,-8,15;99,-11,9;107,-11,6;115,-65,47;117,65,-26;127,-11,-13;169,-34,21;185,-13,18;204,-226,114;214,7,-10;215,209,-103;226,-201,95;232,163,-85;244,-1,2;249,-2,-1;253,-8,7;255,-1,1;256,-4,-4;259,0,8;266,-5,-7;269,2,15;279,-7,0;280,-11,-15;284,8,20;285,-9,-1;295,-2,-3;311,-22,7;339,-25,9;340,11,0;344,-10,-3;353,-3,10;360,-3,-9;361,-17,16;374,6,-8;377,-21,11;383,-1,7;394,-1,-10;404,-10,11;407,-11,-1
rua|santa|maria|machado|37260000|43,-2101169,-4509382;54,3,-11;55,-7,12;63,13,-7;71,-27,16;73,-8,6;95,-11,3;99,-16,10;108,-10,1;116,-11,4;119,6,3;120,-14,3;140,-51,24;150,18,-14;160,-30,16
rua|santa|rita|cruzeiro|37260000|217,-2109643,-4509613;221,-12,-2;231,-9,-5;243,-5,-5;252,9,-6;255,-12,0;262,-1,-6;274,-10,-4;280,-9,-9;285,-5,9;289,-7,-12;294,3,1;304,-3,-4;310,-12,-4
rua|santa|rita|jardim alegre|37260000|54,-2109512,-4509529;70,-12,-14;80,-5,-1;92,-16,-14;96,-5,-10;110,-4,0;120,-8,-4;130,-15,0;138,8,8;142,-17,-17;150,-2,-7;160,-9,-8;168,-1,5;176,-9,-6;184,-7,2;192,-14,-12;198,0,2;208,-8,-24
rua|santa|rita|machado|37260000|13,-2101330,-4509368;21,0,9;35,-2,-29;45,4,20;64,-9,10;79,11,-3;82,2,-61;130,-2,93;200,-11,13;212,12,37
rua|santa|rita|santa rita|37260000|5,-2109475,-4509519;11,-3,-4;17,-4,-3;29,-14,0;43,-7,-8;55,-12,-7;67,-9,-5;77,-12,0;91,-4,-16;103,-10,-13;119,-12,6;125,-14,1;151,-12,-16
rua|santo|antonio|centro|37260000|25,-2109640,-4508999;51,27,157;121,-10,-75;141,5,14;145,-4,21;155,7,5;165,10,9;174,-5,12;175,-17,11;184,16,1;185,5,29;204,-5,-12
rua|santo|antonio|vila nova|37260000|246,-2109604,-4508789;251,1,-4;266,-1,17;274,2,4;310,6,43;322,6,15;331,-1,1;334,0,9;341,7,4;342,-4,2;354,3,17;361,4,-8
rua|santo|antonio|vista alegre|37260000|36,-2109645,-4508996;50,3,5;64,4,30;70,-4,-6;86,1,8;104,8,31;116,-1,16;136,9,8;138,0,8
rua|sao|joao|vila nova|37260000|18,-2109713,-4508685;27,-24,11;32,-106,52;38,111,-75;47,-12,-3;50,12,-6;55,-19,-1;60,5,-12;66,-9,-9;67,1,10;80,-1,-20;83,-3,0
rua|sao|joao|vista alegre|37260000|138,-2109800,-4508774;150,8,-16;160,-2,-8;170,-9,-15;175,-4,9;180,-5,-11;223,-18,-30;241,-11,-12
rua|sao|jose|vila nova|37260000|9,-2109756,-4508643;12,4,8;15,-6,-14;21,0,-7;22,0,-3;25,-6,1;38,-3,-10;40,-44,-61;48,34,57;51,11,10;58,-11,-18;66,-6,-6;73,3,3;76,-6,-12;84,-2,-12;94,2,8;98,-7,-13;103,1,0;112,-3,-1;135,-19,-21;136,8,8
rua|tenente|adalberto|sao dimas|37260000|21,-2110129,-4508758;39,-2,-20;41,0,-15;62,8,26;72,-3,-11;109,0,-43;112,11,-1;122,-3,-10;123,-8,0;132,7,-11;135,-6,1;142,7,-8;145,-9,-4;152,8,-10;155,-6,-4;160,9,-1;165,-8,-4;172,5,-6;175,-2,1
rua|tenente|francisco silva pinheiro|machado|37260000|74,-2101243,-4509549;76,8,-20;84,-6,10;100,-4,19;106,33,-68;120,-31,55;122,5,-11;128,4,-12;132,2,-16;152,13,-2
rua|vereador|moacir alvarenga|santa terezinha|37260000|58,-2109923,-4509640;70,-5,5;96,-28,28;101,17,-19
rua|vereador|sebastiao pereira rezende|santa terezinha|37260000|34,-2109941,-4509688;46,5,1;70,-27,20;82,-10,4;94,-7,8;112,-15,12;121,4,1;140,-13,5
rua||2|varzea dos placedino|37260000|6,-2109405,-4509948;15,-28,7;20,8,-5;25,-3,10;26,4,-13
rua||8|varzea de cima|37260000|85,-2109327,-4508047;91,-1,1;95,8,5;99,8,1
rua||acucena|novo jardim|37260000|6,-2110172,-4508506;9,50,-60;21,1,2;80,-28,22;83,-7,14;100,-12,7
rua||adalberto resende|chacara bela vista|37260000|63,-2109679,-4507979;67,-4,3;75,0,9;519,-224,355;535,-4,26;571,3,43;575,-5,13;803,256,-481
rua||adalberto resende|nossa senhora das gracas|37260000|5,-2109694,-4507961;111,-22,41;117,-120,190;120,133,-218;123,-4,22;143,-4,11;153,-5,15;161,-12,4;170,-1,1;182,-3,4;188,-3,10;246,-26,44;249,-29,48;318,-22,38;328,-33,19;338,-2,9;348,-2,9;370,-9,6;380,-6,5;392,-3,9;420,-3,9;440,-13,-2;820,213,-301
rua||adalberto tomaz pereira|centro|37260000|1,-2109514,-4509220;11,24,1;13,-8,-6
rua||adeide alves rodrigues 2|varzea de cima|37260000|50,-2109197,-4507804
rua||adeide alves rodrigues|jardim centenario|37260000|6,-2109049,-4507576;18,8,-1;26,11,-1;27,6,-8;38,4,3
rua||adeide alves rodrigues|residencial vila real|37260000|61,-2108990,-4507596;62,1,-4;72,12,10;80,0,1;96,19,-10;105,12,-7;106,-9,9
rua||adeide alves rodrigues|varzea de cima|37260000|70,-2109173,-4507852;80,0,-8;90,0,-10;100,5,-1;193,-5,33
rua||adelino jose de bastos|nossa senhora das gracas|37260000|20,-2109961,-4507807;25,15,13;30,-8,6;35,11,2;40,-7,9;49,21,13;59,-5,-10;65,4,28;70,-10,-15;80,15,6;90,-11,8;95,22,52;105,-5,-9;110,-4,15;114,-3,-9;115,15,22;117,7,27;120,-20,-58;130,-7,-5;134,7,23;154,5,23;176,5,24
rua||afonsina passali|palestina|37260000|22,-2109276,-4508719;26,14,4;27,-19,-1;30,35,-17;36,-41,15;41,-13,2;47,-1,-1;48,7,5;53,-13,-1;55,1,-6;61,-3,-1;69,-1,-12;77,0,-9;85,-9,-7;89,9,-6;91,0,0
rua||afonso pena|varzea de cima|37260000|121,-2109652,-4508584;135,-8,12;145,-7,6;171,-18,19;181,-28,132;213,5,-109;231,-14,17;245,9,92;247,0,0;277,-32,-67;291,-9,18;299,-12,14;303,0,5;311,-6,11;331,59,19;355,-78,-3;369,151,-170;379,-163,197;387,-8,9;393,171,-206;399,-181,222;411,0,8;421,0,7
rua||afonso pena|vila nova|37260000|6,-2109585,-4508670;12,0,0;19,-5,13;22,-5,-3;30,-11,15;39,-4,4;42,7,-3;51,-4,8;59,-19,8;63,2,2;64,-1,-6;70,-2,17;73,4,-5;78,-17,2;89,1,6;101,-4,19;138,-24,6;140,-1,19;154,-11,2;164,-7,5;178,-2,6;256,-62,74;292,-14,18;306,-7,16;348,-24,28;374,-16,30
rua||agenor pereira magalhaes|casana|37260000|6,-2110283,-4507800;14,-11,1;22,-6,4;31,-36,49;32,26,-38;37,4,-2;57,-15,15;67,-6,4
rua||agnelo alves ferreira|residencial vila real|37260000|23,-2108981,-4507648;24,-13,-18;30,9,27;40,7,9;58,3,13;68,11,2;93,-20,-28;95,22,38;99,-1,25;106,0,11;109,1,9;116,0,-8;119,-3,9;126,-1,13;129,5,2;136,-1,9;139,0,4;140,-6,4;149,4,-1;150,-1,5;157,8,7;162,-5,9;163,5,-3;171,-1,10;179,2,0;182,-3,10;189,3,6;210,-4,16;229,5,15;250,1,31;251,8,-2;261,6,10;268,-10,19;281,14,-2;291,-14,10;301,3,4;311,8,14;320,0,14;321,7,-11;340,-12,-4;380,8,0
rua||agostinho carlos alvarenga|retiro dos pimentas|37260000|41,-2105232,-4502132;44,-6,-17;45,75,-41;52,-74,40;119,94,-47;129,4,2
rua||agostinho jose freire|rosario|37260000|6,-2108984,-4508977;11,-109,-204;21,17,18;46,131,160;48,-80,-85;57,91,78;60,0,6;65,9,-4;67,-7,2;70,2,-2;83,12,-9;92,5,3;95,5,-15;102,5,9;112,8,-7
rua||albertino de oliveira|novo horizonte|37260000|50,-2109184,-4508004;52,-18,2;98,24,-21
rua||alberto de alcantara alvarenga|retiro dos pimentas|37260000|34,-2105206,-4502152;65,12,-12
rua||alberto jose dos santos|alvorada|37260000|9,-2109307,-4509728;10,11,2;19,-6,-4;20,-4,-7;29,6,-5;30,6,-8;37,-2,-3;39,0,-14;40,5,8;50,-2,-8;59,-2,-12;60,6,0;69,1,-3;70,6,-6;79,-5,-6;80,15,0;89,-16,-14;90,7,5;99,-6,-9;100,15,-6;110,-5,4;120,23,1
rua||alcino ferreira dos santos|casana|37260000|12,-2110187,-4507962;13,-4,3;25,-11,-19;26,11,6;34,-9,-15;35,-4,-1;44,3,-4;45,-9,-1;54,4,-9;55,-9,0;64,1,-10;65,-4,4;84,2,-19;94,-5,-16;95,-5,8;104,1,-19;105,-4,8;114,-2,-14;115,-2,7
rua||alexandre faliere|palestina|37260000|12,-2109379,-4508489;21,-18,-7;22,8,0;31,-10,-3;32,0,4;42,-2,-10;43,-5,3;45,-5,6
rua||alice martins ribeiro|residencial vila real|37260000|15,-2109183,-4507710;16,166,67;17,-7,-12;25,-71,-34;43,-76,-21;167,103,29;169,-3,-5;193,27,28;199,2,9
rua||alvaro alvarenga|nossa senhora de lourdes|37260000|5,-2109952,-4508284;18,1,-10;28,-2,10;33,3,12;36,-2,6;45,-3,9;48,-2,-39;57,1,45;58,-8,2;65,7,15;71,-8,13;72,-3,-18;83,1,30;84,0,-23;95,-5,27;98,-2,-17;100,-5,21;105,10,12;110,-11,-5;121,3,10;131,1,13;138,-3,-3;141,-10,8;150,8,11;162,-7,5;177,5,13;184,-12,5;189,9,8;196,35,-170;201,-33,167;220,-17,27;225,7,8
rua||alzira de souza lima|jardim nova esperanca|37260000|399,-2109412,-4508074;411,-3,8;423,2,4
rua||alzira de souza lima|nova esperanca|37260000|20,-2109207,-4508424;60,-29,38;67,10,6;83,-1,11;125,-23,29;137,-11,14;144,-17,4;147,12,10;151,-6,7;161,-3,3;169,64,-110;171,-74,122;179,2,3;186,-6,0;187,-7,21;188,-4,-14;199,-3,22;200,3,-17;206,0,6;211,-6,20;214,-10,-14;219,6,12;222,2,-8;235,-1,19;250,-10,-4;255,-5,24;256,-2,-14;260,-2,6;263,-7,18;270,5,-9;273,-14,23;280,-38,54;282,40,-50;283,-5,7;293,-3,7;302,6,-16;312,-14,18;323,-4,18;327,-2,3;332,0,-1;333,-7,11;342,3,-1;343,-6,16;353,-9,8;354,-3,-7;363,0,13;373,-4,10;376,-6,-13;383,3,19;388,-7,-6;400,-5,6;412,-3,14
rua||alziro alves pereira|varzea de cima|37260000|6,-2109225,-4507788;10,17,8;20,20,4;32,16,7;275,-59,-24
rua||americo freire airao|nova esperanca|37260000|36,-2109427,-4508234;44,0,12;48,1,49;58,-14,19;68,-1,8;74,-10,23;76,4,-15;78,-5,21;82,2,-9;88,-6,20;98,-3,11;108,2,14;118,-5,2;128,9,7
rua||ana alves cardoso|alvorada|37260000|20,-2109370,-4509813;21,4,-2;31,-7,0;51,-19,5;56,3,-1;61,-10,-1
rua||ana conceicao alvarenga|cohab 1|37260000|38,-2110263,-4509232;50,4,-9;61,-3,-13;62,0,5;74,6,-16;77,4,-15;81,2,-4;86,1,11;91,2,-22;98,-4,12;101,7,-20;110,0,13;111,7,-29;122,-5,15;123,6,-22;133,7,-15;134,-8,27;143,9,-37;146,0,23;157,5,-26;158,-5,20;167,7,-36;170,-2,28;182,6,-13;194,2,-12;203,-2,-14;205,2,-7;206,6,7
rua||ana conceicao alvarenga|cohab 2|37260000|57,-2110269,-4509032;63,-13,-93;65,10,85;72,0,-7;153,-9,-65;173,-4,-20;193,-1,-23;205,-2,-13;211,1,-11
rua||ana conceicao alvarenga|joao xxiii|37260000|34,-2110257,-4508998;54,-8,-21;66,-2,-5;76,-2,-18;130,-1,-47;140,-4,-11;150,8,-8;160,-4,-15;190,-7,-29;200,-6,-9;220,-3,-24;259,23,135
rua||ana conceicao alvarenga|sao dimas|37260000|9,-2110246,-4508826;25,10,-6;39,-4,-10;40,5,-7;45,-10,-6;60,4,-14;100,-3,-20
rua||ana eugenia fagundes|retiro dos pimentas|37260000|31,-2105325,-4502362;37,1,-3;41,5,1;48,-22,9;49,-7,0;51,-2,4;53,-13,-2
rua||ana julia mendes|retiro dos pimentas|37260000|82,-2105163,-4502225;88,6,-9
rua||analia bastos|sao dimas|37260000|14,-2110188,-4508908;16,-1,-11;63,-3,95;70,2,-6;73,-4,-4;80,3,-10;83,-3,-2;84,2,-1;90,2,-9;100,1,-6;105,-9,-2;110,9,-9;111,-6,6;120,3,-15;121,-2,-1;130,6,-7;131,-7,-5;140,6,-8
rua||ananias teixeira|vila nova|37260000|2,-2109561,-4508722;8,8,3;9,-4,2;17,5,4;20,-2,-2;30,28,3;76,26,16
rua||andre pereira maia|chacara bela vista|37260000|11,-2109440,-4507228;39,-47,-106;92,49,138;109,-27,-90;119,2,7;130,25,67;136,-1,0;150,-20,-34;179,22,45;180,-25,-67;183,19,66
rua||angelica|vista alegre|37260000|8,-2109674,-4509172;18,-124,35;37,-15,3;49,-9,10;54,-3,-2;63,2,2;64,108,-31;66,-121,32;77,7,3;87,-27,6;140,201,-67;330,-65,25;358,-2,5
rua||angelo carlos irmao|retiro dos pimentas|37260000|35,-2105242,-4502092;55,13,-2;83,22,-24;92,20,-10;94,4,0;187,48,-17;197,23,-9;207,6,1;216,8,0;217,-2,-9;227,8,-5
rua||anna thereza de jesus|jardim alegre|37260000|7,-2109508,-4509765;8,61,57;10,-74,-70;19,76,95;29,-9,-7;39,-5,-18;53,-11,-10;69,-10,-11;79,-5,-9;86,-7,-12;89,8,1;99,-5,0;109,-14,-10;119,-5,-9;129,0,-1;139,-12,-3
rua||antonia moreira carvalho|nova esperanca|37260000|18,-2109144,-4508240;28,-5,-6;44,-5,21;52,-4,6
rua||antonia moreira carvalho|novo horizonte|37260000|5,-2109169,-4508188;25,32,-50;55,-18,16;65,7,12;93,-18,26;105,-6,10;125,-5,13;145,-18,24
rua||antonio afonso de souza|machado|37260000|2,-2101286,-4509394;3,-1,12;26,-14,-43;27,-3,14;32,15,-32;33,-23,47;37,2,-27;42,0,-6;47,-15,1;63,28,-15
rua||antonio algusto pereira|santa terezinha|37260000|10,-2109764,-4509864;20,-28,-9;160,0,3
rua||antonio alvarenga de carvalho|nossa senhora das gracas|37260000|5,-2109912,-4507924;16,-12,3;19,-48,73;31,39,-51;34,-1,-10;41,-8,20;49,-12,13;50,-18,10;51,25,-18;73,-14,17;96,5,-14;120,13,-16
rua||antonio alves de souza|centro|37260000|38,-2109733,-4508849;56,18,-25;62,0,0;64,-52,24;68,-2,-2;70,-5,-2;76,-3,-1;96,-14,6;116,-24,-14;138,-25,-5
rua||antonio alves de souza|vista alegre|37260000|61,-2109754,-4508849;71,-2,0;73,-16,-4;83,-13,-3;91,-6,-1;103,-14,-8;117,-3,5;121,-16,-4;127,3,4;135,-11,-3;157,-31,-2;169,-16,-2;175,-5,1;185,-25,5;195,0,-20;205,-17,2;206,17,5
rua||antonio alziro pereira|cruzeiro|37260000|6,-2109705,-4509712;14,-1,3;19,47,49;20,-22,-56;30,19,47;31,-1,3;44,-8,-5;47,-8,3;52,-4,-10;53,2,8;65,-8,-5;66,-3,-4;68,3,-23;81,-17,20
rua||antonio augusto da silveira|vila nova|37260000|12,-2109646,-4508728;26,-223,275;42,13,-49;48,5,4;111,-1,-30;117,2,-10;118,36,20;129,6,-42;137,-11,-2;144,24,-5;150,-26,18;152,38,-24;154,-7,3;159,-32,35;165,-8,4;171,40,-53;188,22,-11;192,6,-9;202,6,-9;211,-1,-35;212,2,35;215,3,-13;217,-27,27;222,33,-24;229,-23,12;232,24,-30;235,10,-11;246,7,5;267,5,-20;280,16,8;281,-2,-11;290,-4,-3;299,41,-47;300,-27,43;341,33,-45;342,-16,33;344,6,-12;346,4,-3;352,-3,-15;358,21,-5;368,16,18;369,-14,-25;376,9,0;380,-3,2;382,2,-4;385,2,-13;392,5,-2;404,-5,-7;406,4,-2;410,-18,-4;415,8,-12;416,-9,-3;425,11,9
rua||antonio aventino|olavo ribeiro|37260000|10,-2109328,-4509374
rua||antonio bastos garcia|santa terezinha|37260000|7,-2109833,-4509724
rua||antonio caetano alvarenga|caridade|37260000|10,-2108630,-4508912;25,-14,-17;26,4,2;37,7,-8;45,13,-9;60,12,-4;70,6,-4
rua||antonio daniel da silva|residencial vila real|37260000|7,-2108676,-4507703;21,-1,18;50,-6,31;81,14,120;90,-12,-82;101,7,10;110,-6,7;121,5,14;138,-6,16;149,5,2;181,7,33;221,5,38;239,-5,16;250,-7,3;281,11,43;354,-8,64;389,1,30
rua||antonio gomes xavier|machado|37260000|12,-2101140,-4509444;26,4,34;35,-193,23;80,134,-70;85,8,-17;96,2,2;98,9,6;110,12,3;114,-166,88;119,184,-93;120,-1,23;126,-19,18;128,-162,67;130,190,-67;149,3,-1;153,9,-9;159,0,20;184,44,59;185,-33,-29
rua||antonio joao azevedo|jardim alegre|37260000|18,-2109442,-4509721;28,6,-5;38,8,-1
rua||antonio luciano de padua|nova esperanca|37260000|21,-2109292,-4508046;31,-3,7;66,3,39;85,2,15;99,10,4
rua||antonio luciano de padua|novo horizonte|37260000|77,-2109310,-4508015;87,0,-6
rua||antonio marcos pereira|jardim alegre|37260000|17,-2109488,-4509760;26,9,-1;27,-12,-1;34,19,-6;37,-8,-3;44,10,1;47,5,0;54,14,-10;57,-3,3;64,17,4;67,-9,-29
rua||antonio pereira de resende 1|chacara bela vista|37260000|5,-2109445,-4507391;16,-52,45;56,0,9;91,80,14;101,12,18;104,-9,-4;105,-30,-69;110,29,73;129,21,54;177,11,3;185,-5,10
rua||antonio pereira de resende|chacara bela vista|37260000|22,-2109440,-4507372;40,2,3
rua||antonio pereira dos santos|vista alegre|37260000|20,-2109814,-4509218;41,-3,-4;49,-3,-5;50,9,-6;60,-10,-6;61,-3,-3;69,-2,-10;70,5,2;79,-8,-15;86,6,3;89,-11,-13;98,8,0;101,-12,-7;107,1,-22;121,-7,-2;153,-5,-27;163,3,11;189,-9,-27;199,-2,-7;209,-3,-13;219,-3,-15;229,-1,-4;241,-6,-16;251,2,-11
rua||antonio soares|jardim alegre|37260000|2,-2109408,-4509744;5,-23,-25;30,24,18;42,-15,-15;48,18,27;52,-17,-26;62,2,-13;72,-4,-6;82,-8,1;92,-4,-10;102,-16,-25
rua||antonio vitor junior|jardim alegre|37260000|1,-2109538,-4509764;5,4,2;15,-10,10;18,-19,42;25,22,-23;28,-34,28;35,22,-22;36,-64,93;38,45,-68;41,-38,77;44,8,-8;45,65,-91;46,-39,29;47,25,-45;50,-21,54;51,-22,62;66,16,-52;70,9,6;75,14,-41;80,-27,57;95,0,17;105,8,-17;106,-5,1;115,-6,5;116,13,-4;137,-24,29
rua||arsenio dos santos|nossa senhora das gracas|37260000|16,-2109709,-4507977;25,-16,1;34,30,8;37,-37,-9;51,1,-7;52,-3,2;61,-19,-15;64,7,-2;71,-10,3;74,8,-7;83,-13,-2;88,-6,-5;89,3,0;97,-19,-2;99,18,-5;125,-28,-1;130,2,-9;137,-9,2;140,2,-11;145,-123,-72;150,106,63;157,-5,4;164,7,-9;173,-12,1;198,-13,-8;208,-6,-5;209,-3,4;214,-11,-8;218,5,-8;225,-13,4;228,-4,-7;233,-12,-3;248,-2,-14;255,-15,3;261,-3,-5;435,119,64
rua||augusta alves pereira|caridade|37260000|22,-2108831,-4508860;35,12,-8;37,-2,-4;71,22,-31;131,33,-38;143,4,-11;160,31,-23;178,9,-10;191,-9,-9;250,47,-39;260,7,-8;270,14,-21
rua||augusta|varzea dos placedino|37260000|8,-2109498,-4509817;463,-70,16;477,20,-7;495,10,3;503,19,0;511,3,7;555,38,-33;572,4,4;581,10,-10;597,10,5;607,10,-8;617,7,-3
rua||aurea martins fernandes|jardim america|37260000|95,-2109048,-4509688;115,16,-2;125,11,-8;135,4,-3
rua||aventino luiz cardoso|vila nova|37260000|17,-2109828,-4508515;27,16,10;43,-1,7;50,-15,-9;59,23,18;64,-16,-17;66,9,9;75,13,14;80,1,15;90,2,0;93,68,-68
rua||a|cohab 3|37260000|35,-2108963,-4508251;80,15,6;91,-18,-1;92,30,-7;102,10,1;112,-50,25;114,59,-27;126,8,-2;140,15,1;150,9,0;161,19,-9;177,8,-2;189,11,-3;199,14,-7
rua||basilio candido da silva|varzea dos placedino|37260000|15,-2109389,-4509889;21,-124,55;22,-1,-6;31,1,-12;40,6,0;45,3,-16;55,5,7;71,12,-9;81,15,-8;88,1,12;104,7,-8;114,13,-4;121,5,-3;126,6,9;130,11,2;131,2,-11;140,-4,-2;150,11,2;154,12,1;160,5,0;180,8,-10;187,7,-1;189,8,1;199,-8,4
rua||begonia|casana|37260000|31,-2110040,-4508339;39,-9,-11
rua||begonia|novo jardim|37260000|36,-2110035,-4508334;48,-6,-15;58,-2,0;70,-9,-10;75,-23,-21;78,19,17;84,-7,-5;87,-17,-19;88,12,12;106,-4,-9;116,-10,-10;123,-17,-10;126,12,2;142,-12,-12;158,-8,-10;170,-6,-9;180,-13,-13;188,-4,-9;200,-1,-1;216,-10,-10;224,-4,-3;230,-12,-15
rua||bela vista|retiro dos pimentas|37260000|84,-2105005,-4501764;94,-11,-9;110,2,5
rua||belo horizonte|palestina|37260000|1,-2109141,-4508679;3,9,6;13,-5,3;23,-5,13;25,-11,6;26,9,-18;47,-16,27;61,-7,10;70,-7,-7;71,-3,13;78,-4,-7;79,-3,16;83,-2,-2;88,-3,-9;92,-3,6;96,3,-2;110,-12,15;113,-19,-15;117,6,28;122,2,-8;129,-20,-13;130,14,19;139,-5,9;149,-12,10;154,-2,-10;157,-6,11;164,1,-9;169,-10,9;176,0,-9;189,-22,8;190,0,-1;202,-6,-1;203,0,7;210,-11,-4;211,-4,4;215,0,-3;219,-7,5;222,4,-9;227,-5,8;230,-4,-6
rua||beltrao pereira|centro|37260000|19,-2109134,-4508984;31,-8,1;44,7,1;45,8,0;50,7,6;60,7,7;68,3,-1;69,-7,-2;73,1,-3;74,21,15;77,-12,-25;81,6,-1;87,-3,22;100,33,7;111,3,-5;118,2,-3;130,13,-5;142,26,-14;147,-9,5;172,26,-13;173,-9,4
rua||bento teodoro|olavo ribeiro|37260000|30,-2109296,-4509489;75,-41,18;144,29,-11
rua||bernardina rutten|centro|37260000|1,-2109664,-4508808;2,1,4;4,-14,-4;14,20,-24;22,-13,3;36,-19,-17;40,-1,11
rua||bernardina rutten|vista alegre|37260000|61,-2109669,-4508870;70,2,-2;72,-14,-65;74,13,51;80,2,-6;82,-1,0;84,-10,-8;85,14,10;88,-4,-9;94,-12,-7;95,7,-3;105,-3,-9;106,10,2;125,-17,-15;126,2,0;130,-1,8;136,8,-19;139,-8,3;147,-6,-11;148,12,-3;157,-12,-15;158,5,3;159,-3,-10;167,-9,-4;168,10,3;179,-14,-41;188,0,-7;191,-1,0;194,-7,-14;199,-3,6;208,2,-11;215,-10,-12;218,3,-5;231,-15,-16;232,13,9;242,0,-5;243,-8,-4;254,-5,-9;280,3,-34;290,-3,-8;303,-12,-15;317,-3,-16;329,-4,-9;330,8,5;340,-2,-12;350,-8,-8;353,0,12;358,16,31;360,-18,-54
rua||b|cohab 3|37260000|9,-2108874,-4508297;16,-6,3;19,15,-14;28,1,12;31,13,-18;40,-11,16
rua||calil lasmar|novo horizonte|37260000|101,-2109234,-4507982
rua||canarios|parque das aves|37260000|18,-2110107,-4509544;91,9,-13;134,6,1
rua||carijos|sao francisco|37260000|34,-2110369,-4509027
rua||carlos luciano de melo|retiro dos pimentas|37260000|159,-2105105,-4502219
rua||carmen teixeira maia|nova esperanca|37260000|196,-2109195,-4508424;200,-40,44;290,0,0;300,95,61;310,6,9;336,8,37
rua||carmen teixeira maia|novo horizonte|37260000|372,-2109107,-4508249;376,1,3
rua||carmen teixeira maia|palestina|37260000|15,-2109313,-4508553;25,14,5;28,-5,3;31,2,6;41,8,9;42,-2,-2;49,9,8;52,-4,2;55,6,4;65,0,7;70,8,8;73,1,0;78,-4,0;83,3,-3;90,0,3;93,7,8;94,-2,0;98,0,0;101,12,8;102,-3,3;107,1,-2;110,7,7;115,2,3;124,9,3;134,7,8;144,2,3;156,7,5;160,8,7;174,10,6;187,11,13;199,9,0;213,34,13
rua||castor thomas pereira 2|cohab 1|37260000|7,-2110308,-4509210;19,3,-7;31,1,-11;43,1,-15;55,3,-12;67,1,-13;79,0,-9;91,3,-11;103,2,-10;104,4,-16;115,0,4;116,4,-21;125,-4,9;128,6,-24;135,-4,17;140,4,-28;145,-2,20;155,1,-13;165,0,-6;175,3,-12;180,5,-25;185,-3,21;190,4,-29;195,-5,19;207,4,-13;264,-7,116;270,-5,-5;280,-3,-8;290,7,-4;352,-11,33;362,3,-6;380,9,-95;390,4,-10;400,2,-7
rua||castor thomas pereira 2|cohab 2|37260000|147,-2110300,-4509105;159,-8,-9;173,5,-15;183,-2,-7;185,2,-18;195,0,-5;211,-3,-10;223,-2,-11
rua||castor thomas pereira 2|joao xxiii|37260000|138,-2110295,-4509094;148,-4,-10;192,-5,-73;230,-3,-5
rua||castor tomaz filho|nova esperanca|37260000|19,-2109322,-4508093;20,-12,39;30,4,-21;44,10,3;57,4,2;67,-8,26
rua||cincinato carlos|sao dimas|37260000|15,-2109989,-4508731;27,-21,-25;39,4,-3;40,1,-1;47,-2,-7;50,0,1;51,2,-21;55,-1,-5;60,2,6;80,-1,-8;85,-7,4;87,6,-7;93,-4,-6;94,6,-5;97,-4,6;108,13,-30;109,-14,7;119,-3,-11;120,4,-3;129,-7,-9;134,8,2;135,-4,-12;153,-11,-20;160,13,10;163,-9,-8;170,13,-8;173,-11,3;181,7,-19;184,-1,-5;191,-4,-3;194,2,3;197,-10,-7;200,6,-9;201,6,4;690,8,171
rua||cinco|nova esperanca|37260000|21,-2109304,-4508219;33,9,10
rua||ciriaco capitalucci|centro|37260000|29,-2109095,-4508932;41,-1,8;50,-1,19;51,-2,-5;101,13,36;106,-26,19;115,7,-12;118,0,12;125,15,14;128,-11,4;140,0,18;141,19,-7;150,-20,17;159,16,6;168,-11,9;173,10,-34;180,-3,37;181,2,4;184,-1,-9;190,-7,23;213,22,13
rua||copo de leite|novo jardim|37260000|16,-2110229,-4508528;20,-9,-8;37,-7,9;101,-18,1
rua||cristino pereira dos santos|caridade|37260000|262,-2108975,-4508963;296,9,23;310,9,11;322,8,17;338,7,10;343,5,2;348,4,2;357,-8,-4;358,15,15;374,10,4;385,-1,18;427,43,10
rua||cristino pereira dos santos|centro|37260000|86,-2109061,-4509107;110,13,11;120,4,11;148,7,29;158,-4,-14;168,17,39;188,6,9
rua||cristino pereira dos santos|rosario|37260000|39,-2109072,-4509158;59,11,26;75,6,11;81,-2,12;121,15,23;133,8,14;151,15,23;165,1,7;175,-6,11;193,22,19;217,8,18;227,4,3
rua||cristovao pinheiro|rosario|37260000|40,-2108986,-4509184;41,2,-6;52,9,18;58,9,1
rua||custodia ferreira de carvalho|nova esperanca|37260000|3,-2109404,-4508359;5,11,19;7,0,-15;10,-14,1;20,3,17;27,6,20;54,-14,23;67,8,8;77,-5,8;89,-6,8;94,1,-1;101,-3,17;106,-2,-6;116,0,13
rua||custodio felipe de carvalho|centro|37260000|8,-2109702,-4508864;10,-99,-46;20,20,4;40,-7,-24;56,25,47;60,9,-15;64,3,12;88,11,4;98,21,1;100,-4,3;105,6,11;107,10,4
rua||custodio felipe de carvalho|vista alegre|37260000|2,-2109830,-4508934;9,30,11;69,46,27
rua||custodio ferreira de carvalho|nova esperanca|37260000|7,-2109271,-4508115;72,-18,-19;73,-2,5;82,8,-3;83,-2,8;87,-1,-4;92,12,-2;93,-2,3;95,4,6;102,8,4;103,3,-13
rua||custodio freire carvalho|palmeiras|37260000|5,-2108823,-4509491;22,-13,-1;41,-4,-8;48,-14,-4;52,15,10;60,-29,-19;61,5,0;71,-9,-6;74,-6,3;81,1,-1
rua||custodio lopes de siqueira|santa terezinha|37260000|30,-2109822,-4509508
rua||custodio maia|varzea de cima|37260000|320,-2109644,-4508518;321,16,-20;326,-2,-5;330,-5,15;331,2,1;340,-8,8;345,2,4;352,-5,-3;360,-16,12;363,14,-5;373,-4,7;375,-35,54;376,22,-49;378,-22,41;385,-9,14;388,-4,2;395,3,4;403,-9,14;404,4,-3;414,-20,17;436,-12,14;448,33,-38;453,-32,47
rua||custodio maia|vila nova|37260000|20,-2109537,-4508792;28,22,1;34,1,14;47,6,11;48,0,-15;59,1,24;60,-9,4;71,6,4;74,1,15;82,-17,13;83,30,0;100,-34,-8;104,16,39;105,-5,-26;108,-4,27;114,-11,15;122,3,0;123,8,-18;127,0,5;143,5,-117;175,-28,151;180,-8,19;192,-2,-11;202,-3,11;212,-4,10;221,-9,11;226,-9,1;240,-7,13;243,-4,14;253,-1,-8;261,2,-9;273,-12,30
rua||da caridade|caridade|37260000|23,-2108842,-4508769;34,5,7;43,11,2;44,-1,4;54,9,4;59,11,8;64,-3,4;76,5,9;77,5,-3;84,-2,13;87,10,0;94,0,10;99,6,-5;109,14,7;119,3,6;124,-6,-5;129,12,10;136,2,8;139,3,3;149,5,2;157,29,-6;160,-29,23;188,1,24
rua||da saudade|rosario|37260000|5,-2108834,-4509195;10,-23,13;11,-5,-9;16,14,6;22,0,0;24,-8,-8;52,31,-8;60,15,-5;70,4,-8;200,-78,48;206,19,-7;214,-9,0
rua||dalila de castro guimaraes|parque das aves|37260000|20,-2110153,-4509645
rua||das andorinhas|varzea dos barbosas|37260000|20,-2108415,-4509490;39,-3,-1;40,-5,8
rua||das azaleias|jardim das flores|37260000|15,-2109950,-4509360;18,0,3;25,28,3;26,-21,-1;32,14,3;35,-3,-6;42,10,8
rua||das camelias|jardim das flores|37260000|94,-2109960,-4509190;95,-3,7;180,-59,-17;183,4,2;190,-15,-6;196,-24,-6;199,17,10;240,-48,-16;250,-4,1;260,-23,-17;301,-45,4
rua||das garcas|parque das aves|37260000|15,-2109946,-4509494;22,0,3;31,-8,-9;42,4,-4;55,-5,-5;67,-6,-28;68,1,-7;79,-5,-2;91,-3,-18;102,1,-1;121,-9,-22;135,-5,-20;146,2,5
rua||das gerais|varzea dos placedino|37260000|10,-2109466,-4509883;22,1,-2;27,-11,-9;32,10,-3;39,-6,-11;42,-1,2;50,0,-16;60,1,-7;63,-8,-3;75,4,-16;80,3,3
rua||das hortencias|jardim das flores|37260000|6,-2109895,-4509156;15,5,7;18,-11,-3;30,-1,9;33,7,6;42,-6,13;66,-3,14
rua||das margaridas|jardim das flores|37260000|10,-2109915,-4509286;17,-8,3;18,-7,-2;28,-12,-10;30,10,6;38,-19,-4;48,-10,-10;53,9,6;58,-17,-3;95,-21,-1;151,-63,-30;152,0,19;164,-13,-9;165,-10,3;206,-18,-15;219,-34,-6;220,16,2
rua||das margaridas|parque das aves|37260000|98,-2110001,-4509308
rua||das rosas|jardim das flores|37260000|7,-2109950,-4509166;20,-5,10;35,1,12;43,-5,12;46,8,-8;58,-13,25;65,3,-12;71,-2,17;72,-6,2
rua||dazio alves pinto|bom retiro|37260000|7,-2109579,-4509267;17,-17,-9;27,2,-12;34,3,-5;39,-3,-10
rua||demostenes lasmar|bom retiro|37260000|20,-2109677,-4509390;23,5,14;35,4,7;50,-4,16;55,10,11;60,-5,-8;65,7,21;69,-4,7;70,3,-7;80,-5,3;90,9,26;100,-4,-3
rua||denivaldo siqueira barbosa|residencial vila real|37260000|8,-2108516,-4507704;42,0,27;51,-9,15;52,7,-2;62,0,10;82,2,11;122,1,46;132,0,10;142,1,9;172,-3,24;212,8,43;275,-4,31
rua||dezesseis|nova esperanca|37260000|8,-2109371,-4508215;24,-1,8;34,-10,7;43,-3,14;44,-3,3;55,4,2;56,-4,-2
rua||dezessete|nova esperanca|37260000|25,-2109284,-4508086;29,1,0;55,-17,2
rua||dimas rezende|joao xxiii|37260000|44,-2110059,-4509042;51,0,10;56,-7,-8;65,-9,8;66,-1,-3;71,-51,0;91,-21,-5;110,-17,-2;111,2,9;118,-16,-13;126,-16,-4;131,1,18;140,-33,-16;145,-11,-10;150,-21,-13;259,7,7
rua||dito faria|serra do peao|37260000|36,-2104360,-4505790;106,-29,1;293,63,111;301,-5,-186;433,34,-22
rua||divina borges de carvalho|joao xxiii|37260000|13,-2110078,-4508921;23,0,5;33,6,14;43,9,13
rua||divina borges de carvalho|sao dimas|37260000|25,-2110055,-4508726;27,-1,-10;34,-22,-166;37,17,161;40,1,0;44,-7,-118;46,8,114;47,-14,-4;55,-1,-121;56,20,111;57,-9,-6;63,-12,-119;66,13,62;69,0,43;76,-1,-11;77,0,4;99,-3,-17;140,7,-33;141,-11,-9;150,5,-19;295,-7,-52
rua||do rosario|caridade|37260000|343,-2108859,-4508823;351,1,9
rua||do rosario|rosario|37260000|7,-2108885,-4509147;10,-4,-8;11,9,8;13,6,-3;20,-18,9;23,10,3;30,-1,2;31,6,8;36,-7,6;37,4,-1;47,2,13;55,3,3;56,-10,0;61,8,12;66,-7,-13;67,7,13;70,-10,7;73,7,3;79,0,9;83,0,0;93,-1,14;94,0,-11;99,5,20;109,0,0;113,0,0;119,0,10;123,-4,10;131,5,3;145,1,6;150,-5,8;155,3,2;160,-1,7;165,5,3;170,0,7;175,2,-3;180,1,13;187,-3,6;193,8,0;198,-8,9;201,9,7;209,4,12;215,0,0;229,4,10;237,-3,9;245,-1,13;250,-8,-3;255,11,14;260,-14,6;261,8,-4;270,-8,2;271,10,8;284,-9,14;287,11,-3;289,0,0;299,-4,21;311,4,17
rua||dorila de padua|jardim das flores|37260000|123,-2109966,-4509448;157,-18,-2
rua||dorila de padua|parque das aves|37260000|12,-2109953,-4509468;38,82,-21;50,-13,7;70,-13,4;78,-13,0;80,43,-17;96,-65,25;124,-20,9;136,-6,4;154,-26,3;226,-99,-38;274,-26,-36;290,-9,-21;294,24,36;302,-41,-45;364,4,-10
rua||dorila de padua|santa terezinha|37260000|170,-2110000,-4509456
rua||dorila de padua|vista alegre|37260000|19,-2109859,-4509489;39,-7,5;49,-13,0;75,-31,13;87,-18,0;150,86,134
rua||dos beija flores|parque das aves|37260000|67,-2109898,-4509506;90,-7,-12
rua||dos beija flores|vista alegre|37260000|14,-2109878,-4509448;25,-4,-11;49,-1,2;69,-1,-11;84,-1,19
rua||dos bentivis|parque das aves|37260000|7,-2110106,-4509601;117,61,82
rua||dos rouxinois|parque das aves|37260000|23,-2109951,-4509582;44,15,-12;55,14,-10;64,14,2;144,-49,14
rua||dos vereadores|santa terezinha|37260000|330,-2109994,-4509800;331,156,285;338,4,8;343,-14,-6;346,9,-5;355,-18,-49;365,-3,27;370,16,-4;379,-10,-12;380,10,8;390,-6,-11;399,-5,-7;400,1,2;410,0,-21;421,-6,-2;430,0,-20;433,2,14;437,1,-9;444,-4,-28;445,-3,15;447,-2,-6;453,-4,-13;454,-5,-8;463,1,-4;476,2,-23;494,-2,-7;510,-6,-19;522,-2,-13;545,-22,-14;582,-18,-25;592,-7,-10;604,-9,-6;621,96,235
rua||dos vereadores|vista alegre|37260000|17,-2109764,-4509246;22,4,25;27,-14,-38;48,10,7;88,-9,-32;100,-4,-5;101,1,-7;105,-8,-12;112,2,10;115,-7,-18;127,-2,-2;134,1,-6;175,-14,-37;197,-1,-20;200,-3,-23;203,-4,8;213,-4,-9;221,-2,0;233,0,-14;250,-4,-17;285,-4,-19;286,0,-11;290,-3,9;292,-4,-12;295,4,6;298,-2,-22;305,1,19;315,-2,-14
rua||dulce oliveira|vista alegre|37260000|10,-2109770,-4508942;15,11,6;16,2,-8;20,-16,7;27,21,8;36,2,9;45,14,12;66,5,0;67,1,2;79,8,8;91,5,0;99,3,20;107,9,5;121,17,9;125,-3,8;150,3,10;162,12,1;166,8,7;176,-4,8;178,9,7
rua||d|cohab 3|37260000|6,-2108885,-4508291;7,-9,19;17,-4,-14;29,6,-9;39,-3,-14;51,5,-2;63,-1,-23
rua||elizeu rezende|cohab 1|37260000|10,-2110179,-4509167;29,0,-9;71,12,-48;79,3,-7;81,1,1;103,1,-14;115,5,-11;127,0,-9;139,3,-17;151,-1,-13;163,7,-12;177,-1,-9;197,5,-10;207,1,-17;225,2,-13
rua||elizeu rezende|jardim das flores|37260000|130,-2110151,-4509266;150,2,-11;180,6,-28;190,4,-11;222,6,-34;250,3,-34;256,-3,4
rua||erasmo pereira|nossa senhora de lourdes|37260000|16,-2110045,-4508100;18,3,1
rua||erasmo pereira|novo jardim|37260000|50,-2110028,-4508085;70,27,11;85,11,1
rua||ermogeneo dias de alvarenga|chacara bela vista|37260000|55,-2109703,-4507838;79,6,17;91,7,5;103,4,14;116,2,10;136,-1,26;148,5,5;149,14,3;158,-1,8;167,8,10;170,-8,3;173,10,-3;180,-6,5;181,6,2;188,0,13;193,8,1;203,-3,2;214,3,24;327,-75,-176
rua||euclides alves pinto|chacara bela vista|37260000|15,-2109346,-4507526;16,-23,7;45,-13,12
rua||eunice alvarenga|nova esperanca|37260000|7,-2109279,-4508173;17,11,4;18,-7,12;27,7,-7;28,2,6;37,11,2;38,0,3;47,12,6;48,-4,1
rua||evaristo candido da silva|vila nova|37260000|19,-2109546,-4508782;34,-11,11;41,-1,-2;46,0,15;51,-7,3;59,0,4;64,-8,1;67,7,5;75,-6,10;93,-12,9;94,-15,4
rua||e|cohab 3|37260000|6,-2108930,-4508268;7,-2,1;16,2,-10;17,-9,-10;28,10,-1;40,0,-14;50,5,-15
rua||fernao dias|centro|37260000|1,-2109464,-4509141;3,-11,3;11,11,4;14,-5,1;18,-6,1;21,-4,11;26,-4,-9;31,-13,9;72,-26,19;80,-5,-1;92,-9,7;94,27,-13;96,-5,-2;97,-7,13;122,-37,18;132,-8,5;142,-9,3;194,-32,20;461,-222,122;465,4,10;475,-1,9;485,-17,8;497,-5,4;525,163,45
rua||fernao dias|vista alegre|37260000|105,-2109547,-4509084;113,-10,2;125,-7,6;139,-5,9;143,-9,5;171,-35,-2;203,-5,18;210,-7,3;215,3,8;218,-12,-3;227,-6,4;228,-4,0;243,-19,5;259,-15,22;260,12,-9;270,-15,7;273,-1,6;280,-4,-1;304,-12,3;308,-5,6;311,-12,18;312,7,-12;313,9,2;320,-16,5;332,-9,8;333,3,2;348,-19,-2;357,1,19;365,-9,-6;378,-10,9;379,-2,-28;400,-13,32;415,-9,-4;425,-4,15;431,-6,2;480,-35,19;490,-20,-5;520,-18,27;540,-19,11;550,-10,12
rua||fideles da costa pereira|varzea de cima|37260000|25,-2109566,-4508332;35,-10,-10;45,-1,6;55,-10,-18;65,-7,-5
rua||flor de liz|novo jardim|37260000|8,-2110215,-4508556;39,-22,-26
rua||floriano peixoto|caridade|37260000|340,-2108934,-4508804;350,31,2;354,3,13;366,12,0;376,15,5
rua||floriano peixoto|centro|37260000|10,-2109183,-4508938;12,-3,5;15,21,-9;36,-4,16;40,20,10;41,-1,-2;43,-4,-4;53,4,1;60,5,-17;62,-9,13;64,7,13;68,7,-2;71,8,6;79,5,15;83,2,-6;85,1,1;91,10,10;110,19,-2;144,29,5;158,6,16;176,16,3;185,14,-1;186,0,7;194,13,9;195,-1,-9;208,17,6;209,-10,-13;219,0,11;233,14,2;237,12,8;240,-7,12;251,15,-2;254,0,5;259,9,-11;264,16,23
rua||francisca ubaldina de jesus|cohab 1|37260000|10,-2110146,-4509394;11,0,8;25,-10,-8;28,3,0;36,-13,-6;46,-6,-2;47,7,7;57,-12,-8;67,-11,-1;77,-9,-8;115,-18,-2;131,-17,3;141,-14,-1;151,-3,-5
rua||francisco bastos antunes|centro|37260000|15,-2109065,-4509273;25,-12,-4;37,-2,-7;49,-3,-17;69,-17,1;85,-18,-16;95,6,-14;105,-28,-26;115,20,17;125,-11,-13;135,-5,-4;145,-8,-12;169,-11,-23;187,-10,-15
rua||francisco bastos antunes|rosario|37260000|38,-2109070,-4509282;50,-8,-14;51,-7,2;62,-4,-2;200,-80,-120
rua||francisco bastos neto|caridade|37260000|18,-2108630,-4508826;87,91,-136;133,-31,40;180,-54,67
rua||francisco custodio carvalho|nossa senhora das gracas|37260000|4,-2109803,-4507775;9,-7,-1;18,-6,-6;19,-3,3;30,-1,-5;31,-8,-1;39,-8,-4;40,13,-5;49,-15,1;52,2,-12;53,-6,1;61,-6,-2;62,8,-3;69,-15,-2;72,9,-7;81,-14,5;82,8,-12;92,-11,-7;101,-7,5;113,-5,-6;116,3,-9;120,-6,-4;133,6,3;143,-20,-8;146,10,-2;153,-11,3;156,4,-7;159,34,-35;163,16,-8
rua||francisco de paula cardoso|nova esperanca|37260000|31,-2109325,-4508421;33,-3,4;43,11,1;91,15,20;101,21,14;123,3,0;133,-1,0;145,31,21;164,12,20;175,17,6;176,-3,4;187,13,6;188,-4,10;199,10,1;211,4,5;214,-3,4;223,19,2;234,1,14;250,6,7;251,6,-7;259,10,3;286,20,17
rua||francisco jose cardoso|residencial vila real|37260000|5,-2108630,-4507717;26,-13,26;36,2,11;66,0,31;86,0,12;89,6,8;109,-1,20;139,2,27;146,-5,1;149,5,13;186,-2,34;214,7,24;249,0,34;266,-6,15;269,8,4;276,-9,29;289,1,-12
rua||francisco jose pereira|rosario|37260000|19,-2108942,-4509348;24,-4,-6;28,5,1;40,-3,-13;41,-3,-1;45,0,-9;51,-1,-6;56,-2,5;57,2,-21;59,-1,9;63,-23,-24;66,25,31;76,1,-19
rua||francisco luis de souza|vila nova|37260000|16,-2109795,-4508541;25,5,3;36,2,3;44,8,0;47,3,-12;58,7,14;67,6,-1;68,2,11;81,6,-5;91,7,15
rua||francisco marinho filho|cohab 1|37260000|170,-2110346,-4509106;172,-7,-26;184,-1,-10;198,1,-12;210,-3,-7;222,-2,-14;236,-5,-17
rua||francisco monteiro baliza|chacara bela vista|37260000|303,-2109635,-4507464;314,-9,-2;315,2,7;320,-12,-3;327,3,6;338,-13,5;339,7,1;343,-1,4;351,-14,4;408,-42,9;420,-11,7;445,-18,16;448,-2,2;454,-12,1
rua||francisco norberto de andrade|centro|37260000|15,-2109633,-4508856;17,0,8;25,-9,-9
rua||francisco norberto de andrade|vista alegre|37260000|16,-2109644,-4508868;30,-13,14;66,-23,-3
rua||francisco placedino filho|varzea dos placedino|37260000|6,-2109594,-4509804;14,-4,-14;26,-4,-19;34,0,-17;35,-5,3;48,43,51;58,-37,-65
rua||francisco teodoro cardoso|cohab 1|37260000|10,-2110192,-4509151;20,-1,1;30,0,0;40,-19,-6;50,-7,0;60,39,23;70,-59,-32;80,-12,0;90,-23,-34;99,0,0
rua||francisco teodoro cardoso|cohab 2|37260000|105,-2110326,-4509198;138,-36,0;142,-11,-1;166,-30,-10;176,-6,-4;184,-8,0;196,-15,-15;216,-14,6;230,45,10;240,-71,-10;250,-11,-6;260,-2,-6;270,-5,-4;284,-10,-3;330,-31,-31;340,-4,-20
rua||francisco teodoro cardoso|joao xxiii|37260000|5,-2110209,-4509148;65,-25,-15;75,-4,1;81,-20,2
rua||francisco teodoro cardoso|sao francisco|37260000|31,-2110396,-4509197;135,15,6;155,-13,-7;169,-11,0;199,-25,-9;223,-22,-6;233,-10,-7;243,-10,1;255,-5,-8;263,-10,-5;277,-10,3;285,-8,-3;297,-13,-3;309,-10,-11
rua||franklin mariano da silva|residencial vila real|37260000|96,-2108924,-4507675
rua||gabriel andrade pereira|palestina|37260000|3,-2109263,-4508510;7,-1,-6;12,4,-7;15,-2,-7;26,4,1;27,-7,-11;34,7,-3;37,-6,-4;42,8,-3;43,-6,1;50,-2,-7;53,-1,-2;92,-1,-37;95,-10,-11;100,6,2;105,-6,-3;110,0,-11
rua||genesio rodrigues|centro|37260000|19,-2109325,-4509106;25,-7,11;28,5,-15;39,-12,9;48,-15,3;49,3,2;59,-6,0;60,0,0;70,-10,7;71,4,3;79,-14,5;80,1,-6;86,0,9;225,63,-32
rua||geni henriqueta soares|retiro dos pimentas|37260000|15,-2105192,-4501666;18,5,-10;20,10,-20;25,-33,52;186,56,61;225,-39,-128;520,36,121;530,-20,-16;535,-13,-14;553,-34,-108;557,58,22;565,-46,65;588,-2,-3;625,46,47;731,3,-105
rua||geraldo carlos rezende|retiro dos pimentas|37260000|34,-2105182,-4502014;62,20,-9;74,11,3;85,6,-9;86,4,3;98,6,-2;136,28,-15;154,33,-15;155,-17,1;156,0,5;176,20,-11;196,-47,22;199,60,-30;200,2,5
rua||geraldo da silva rodrigues|novo horizonte|37260000|15,-2109188,-4508114;23,11,24;25,-5,-23;28,-5,22;55,18,-75;58,-10,99;68,3,14;78,5,9;85,1,-1;88,1,6;95,2,1;112,1,29;125,9,-8;128,-5,24;135,1,-6;145,3,6;165,5,16;175,3,11
rua||gerber pereira malfitano|jardim america|37260000|23,-2109088,-4509487;81,-4,-56;100,2,-31;113,-7,-10;121,-2,-6;138,8,-4;152,-6,-11;168,-1,-23;185,-7,-19;198,9,-9;213,-9,-15
rua||goitacazes|sao francisco|37260000|56,-2110421,-4509181;74,-4,-3;94,-21,-4
rua||gregorio|retiro dos pimentas|37260000|1,-2105576,-4501176;8,4,35;24,15,-6;39,11,-11;47,-17,-39;1016,29,48
rua||guarani|sao francisco|37260000|42,-2110597,-4509174;70,5,-21;94,13,-17
rua||guilherme onorio da silva|varzea dos barbosas|37260000|7,-2108417,-4509526;18,19,0;19,-8,5;28,18,12;29,-13,18;31,9,-5;33,4,23;45,14,-7;55,7,13;62,2,-17;65,2,20;75,5,4;84,-2,-16;89,16,38;130,21,2;200,137,101;234,-90,-49;285,48,38;357,59,19
rua||guilhermina braga|nossa senhora das gracas|37260000|125,-2109788,-4508017;129,-154,195;166,47,-56;345,165,-195;346,2,-19;348,-7,2;358,-9,16;368,1,9;403,-16,16;415,-11,18;457,-29,34;467,1,-1;477,0,19;496,-16,-8;528,-28,39;559,-16,25;579,1,8;667,-93,103;670,19,-32;681,3,2;684,10,-20;714,-17,24;724,-9,9;734,-8,7
rua||haroldo alvarenga|placedinos|37260000|15,-2109623,-4509904;131,20,-6;137,0,3;141,7,-5;147,0,1;210,16,-7
rua||haroldo alvarenga|varzea dos placedino|37260000|46,-2109577,-4509920;97,-75,-45;109,1,12;119,6,12;120,67,18;126,-66,-7;129,4,-5;130,3,19;139,8,-4;140,-12,16;175,25,-6
rua||helio fernandes|varzea de cima|37260000|20,-2109202,-4507734;30,-21,-3;182,-40,-123;188,5,78;192,-6,-65;193,13,10;212,-9,20;226,2,23;230,12,29;242,0,3;243,-4,-59;245,2,16;252,10,55;255,-9,-37;275,11,25;285,7,8
rua||helio garcia|cohab 2|37260000|15,-2110436,-4509240;36,4,-6;50,-4,-8;60,5,-13;67,-8,-18;70,13,7;79,-3,-26;80,3,11;96,2,-7;105,-6,-4;108,6,-8;120,6,-3;126,-2,-20
rua||helio moreira alvarenga|cohab 2|37260000|7,-2110384,-4509341;21,30,-4;33,-12,-3;44,-19,2;109,-53,-8;121,-4,-4;131,-3,-7;143,-10,-11;156,11,-18
rua||herodina augusta de alvarenga|chacara bela vista|37260000|20,-2109850,-4507683;26,5,10;34,1,10;44,5,5;56,1,9;68,5,12;69,10,-3;78,-6,17;81,22,-13;91,-5,14;126,1,35;127,-2,-3;150,12,23;162,5,19;163,8,8;176,-3,1;187,9,10;220,12,31;223,-2,3;233,9,5;281,18,40
rua||horacio ferreira da silva|santa rita|37260000|17,-2109611,-4509566;33,-4,1;48,-49,34;68,17,-15;78,-8,9;79,17,-6;83,-19,8;89,10,-1;94,-9,13;99,-14,-6;100,-6,9;105,4,-9;108,-5,14;109,-2,-8;110,-1,-1;119,-3,11;130,-19,6;139,-13,6;175,105,-79
rua||hortencia|casana|37260000|49,-2110102,-4508340;55,-4,5;65,-9,2;79,-6,3;91,-17,7;101,-7,2;111,-9,2;121,-7,6
rua||hortencia|novo jardim|37260000|12,-2110190,-4508310;40,97,-36;50,-6,0;56,-4,4;66,-4,-4;80,-13,8;102,-20,6
rua||iolanda maria dos santos|residencial vila real|37260000|29,-2108595,-4507704;48,-8,21;49,9,2;58,-8,10;59,5,2;119,3,58;208,-1,90;219,6,1;237,-2,20;248,-3,15;266,0,16;288,3,16;299,5,14;309,1,3
rua||iris|novo jardim|37260000|5,-2110110,-4508396;10,-1,1;15,-14,15;20,12,-18;27,-5,7;39,-13,8;55,-14,2;65,-2,1;72,-8,-7;73,-4,13;84,-2,-11;85,-9,13
rua||isaura neves arriel|chacara bela vista|37260000|16,-2109508,-4507549;21,-160,-383;30,-10,9;33,1,2;87,31,42;95,137,328;117,-169,-387;125,47,94;137,2,7;147,2,9;149,2,2;151,5,12;158,-6,3;161,104,248;173,-88,-224;193,6,1;214,-1,23;215,0,-2;224,5,8;225,3,3;236,-1,8;237,4,-8;248,0,13;255,12,16;258,-6,1;282,5,11;283,7,7;296,1,12;297,4,-2;308,-4,13;309,6,-5;320,3,14;321,6,2;335,-4,11;345,6,6;346,-1,1;395,20,45;408,5,7;446,18,47
rua||jacinta cipriano|nossa senhora das gracas|37260000|55,-2109882,-4508155
rua||jacinta cipriano|nossa senhora de lourdes|37260000|12,-2109869,-4508172;182,-101,93
rua||jandira braga|chacara bela vista|37260000|1,-2109482,-4507679;2,22,21;3,-46,-62;5,-2,-13;7,-8,-15;9,-6,-23;11,-14,-10;13,-12,-9;14,3,-15;25,-6,16;30,4,-26;35,-13,1;51,-8,-8;89,-16,-33;99,-6,-11;109,-2,-11;117,13,29;119,-20,-38;125,-16,-29;127,13,32;133,-3,-14;134,1,-10;172,-11,-13;202,-15,-32;211,-18,-17;214,11,5;225,-17,-20;230,14,24;237,-36,-28;241,1,0;246,14,-8
rua||jandira braga|nossa senhora das gracas|37260000|295,-2109696,-4508014;299,-12,-8;300,8,-4;310,-5,-4;331,-26,-10;340,8,-2;346,-7,-5;397,-42,-9;400,4,-16;409,-12,-2;417,-9,-2;422,3,-4;427,-9,0;434,-8,-16;437,0,11;444,-9,-17;445,-2,16;448,-6,-21;452,-10,-6;459,37,32;471,-41,-21;479,-14,-17
rua||joao alvarenga|nova esperanca|37260000|7,-2109331,-4508040;17,-5,12;20,-9,1;27,6,5;30,-9,2;35,12,22;37,3,-17;45,-16,6;50,-9,7;51,13,-5;65,-10,11;72,-6,-1;75,5,7;81,-6,3;90,-9,10
rua||joao alvarenga|varzea de cima|37260000|831,-2109392,-4507914
rua||joao aquiles rodrigues|casana|37260000|8,-2110231,-4507904;9,-8,-10;18,-1,-5;19,-3,-3;28,-1,-1;29,-5,-4;38,-4,-11;39,-1,2;48,-1,-2;49,0,-6;58,-3,-10;59,0,6;68,-7,-10;69,-12,-1;88,8,-15;98,-6,-17;99,-4,10;108,-6,-14;109,1,8;118,-4,-17;119,2,4;128,-2,-8;129,-5,-1;138,-5,-16;139,-4,6;148,-3,-15;149,-5,14;158,1,-15;159,4,8;169,-3,-9;179,-6,-5
rua||joao bastos|centro|37260000|3,-2109186,-4508849;7,-151,-2;9,6,-27;27,9,14;35,6,-11;37,3,18;39,5,4;40,-1,-11;43,16,2;49,0,-8;52,-12,23;63,22,-19;66,-8,14;67,13,-28;68,-2,19;69,2,0;72,11,2;76,3,-2;82,12,5;85,-3,-6;109,17,-26;116,-10,25;119,15,7;131,14,0;163,20,11;169,14,-9;177,8,10;183,8,2;193,11,-4
rua||joao batista do nascimento|centro|37260000|4,-2109388,-4508699;18,6,-23;30,-7,-2
rua||joao bernardo|machado|37260000|90,-2101310,-4509506
rua||joao carlos de resende|centro|37260000|17,-2109358,-4508917;18,16,22;26,-15,2;27,0,-32;32,-11,0
rua||joao congo|parque das aves|37260000|9,-2109999,-4509468;19,-7,-4;30,8,-9;39,-6,-4;41,-4,-13
rua||joao dias|cruzeiro|37260000|22,-2109306,-4509190;30,-2,6;50,-24,-12;60,-2,-8;73,-18,-1;83,6,-4;84,-4,-12;98,-4,-9;99,-12,6;108,8,-12;115,-15,-1;128,4,-15;137,-9,-9;138,5,3;148,-1,-9;151,-11,-3;156,4,2;157,-5,-12;162,5,-6;169,-9,-5;171,-3,-4;174,13,3;176,-4,-17;179,-2,10;184,1,-13;191,-4,0;193,-4,-10;195,0,0;204,2,-1;210,0,-6;219,-11,-16;226,6,8;233,-9,-21;236,16,-4;239,-16,4;245,1,-13;250,11,-1;255,-15,1;265,-5,-10;272,8,-11;278,-3,-12;279,-17,17;292,11,-21;299,-8,5;300,-16,-17;306,17,-2;314,-6,-10;328,-1,-18;329,-12,6;335,-2,-6;336,14,-1;339,-18,-5;344,7,-8;347,-7,5;362,-2,-22;365,-3,11;381,-6,-12;384,0,-18;393,-9,1;397,-1,1;400,8,-9;405,-14,1;408,5,-14
rua||joao euzebio|palestina|37260000|3,-2109241,-4508641;5,-1,3;14,-4,-39;19,9,57;20,-7,-34;26,4,34;28,-10,-63;29,13,69;35,-1,6;38,-6,-3;43,-1,13;44,7,-7;71,8,27;79,4,9;89,-2,10;90,-4,-4;98,4,7;99,1,14;110,1,-3;111,2,14;114,-4,-7;120,1,10;121,18,14;125,-16,32;136,-1,-39;144,1,11;153,4,24;160,-1,-7;163,5,2;172,-3,9;173,7,15;183,-4,-4;184,-1,-2;193,0,19;225,-8,-43
rua||joao hetro zanuncieli|caridade|37260000|29,-2108716,-4508667;39,7,0;40,3,7;55,24,-16;67,95,-15;81,-82,22;86,1,1;91,6,-10;103,18,-2;123,7,-2;127,15,-4;129,5,0;135,5,-2;147,11,-2;153,5,0;159,9,-2;169,5,-2;171,2,4
rua||joao honorato|cruzeiro|37260000|154,-2109751,-4509630;164,3,-12;204,6,-31;368,99,-122
rua||joao honorato|turma|37260000|10,-2109780,-4509503;14,318,346;18,-311,-343;21,5,-2;22,0,10;34,13,-5;48,11,0;60,3,4;70,9,5;80,111,48;90,-81,-42;120,14,8;140,17,6;150,8,5;158,15,15;168,6,0;174,5,5;186,7,3;198,12,7;208,0,21;220,48,-8;232,-13,-7;240,10,14;256,-1,-5;259,17,-2;268,-2,14;269,3,-9;278,13,17;281,-6,-8;288,5,10;291,3,-5;296,5,7;301,1,2;306,5,9;314,6,11;321,8,-8;326,-5,9;337,4,4;338,8,7;346,8,17;350,-2,11;386,-3,8;396,7,13;406,2,13;412,7,10;414,-2,-1;426,0,15;436,4,3;450,2,13;530,13,65;540,2,9;550,5,13;560,-2,14
rua||joao honorato|varzea dos placedino|37260000|53,-2109755,-4509531;61,-6,-19;71,2,1;81,-3,-9;133,-2,-61;141,3,5;169,-5,0
rua||joao melo gomide|cohab 2|37260000|5,-2110439,-4509262;8,-5,-6;15,-6,3;35,-20,-10;45,-8,-3;51,-5,0
rua||joao modesto sobrinho|cruzeiro|37260000|4,-2109633,-4509605;22,-10,12;30,-9,6;40,-6,10;50,-8,3;60,-4,3;78,-15,11;88,-9,4;116,-9,6;122,-7,2;130,-4,7;150,-18,11
rua||joao modesto sobrinho|santa rita|37260000|5,-2109626,-4509594;15,-15,8;45,-16,12;55,-12,6;63,-8,8;73,-2,1;81,-11,7
rua||joao paulino 3|machado|37260000|5,-2101104,-4509547;26,-4,6;30,4,-18;99,18,-48
rua||joao paulino|machado|37260000|10,-2101118,-4509606;20,12,12;40,18,-23;46,24,-9;50,0,18;60,11,-23;65,-84,32;70,104,-40;78,-18,6;99,-32,21;118,-53,6;119,18,-11
rua||joao pereira dos santos|retiro dos pimentas|37260000|3,-2105332,-4502440;11,13,-12;35,-42,16;36,18,-1;158,20,-5
rua||joao pereira guimaraes|centro|37260000|20,-2109279,-4509251;36,3,3;40,-9,-19;50,-4,3;64,-4,-8;74,-13,-14
rua||joao pereira guimaraes|cruzeiro|37260000|51,-2109290,-4509261;63,-5,0;75,-9,-9;85,-9,-12
rua||joao pimenta de carvalho|chacara bela vista|37260000|159,-2109721,-4507333;303,122,-70;314,-12,-3;315,-5,11;326,-10,-7;327,6,10;339,-14,4;351,-9,6;420,-62,24;426,-7,1;438,-9,7;446,-3,-1;454,-15,-3
rua||joaquim augusto pereira|joao xxiii|37260000|30,-2110192,-4508993;37,-6,-3;39,-1,-12;49,-2,-7;52,9,0;59,-11,-11;69,-1,-1;125,12,-58;126,-12,10;135,-6,-18;145,-1,-2;150,6,-9;155,-6,-6;165,-10,-4;166,13,6;174,-7,-8;175,0,-9;185,-3,-9;195,4,-14
rua||joaquim augusto pereira|nossa senhora de lourdes|37260000|11,-2109974,-4508324;25,-15,12
rua||joaquim bastos bandeira|vista alegre|37260000|11,-2109865,-4509121;41,-5,-12;53,-8,23;73,6,-43;78,6,22;87,-10,-43;97,0,-15;107,-1,-1;117,7,-13;118,-2,10;127,-4,-15;128,1,3;137,-12,-23;138,10,18;146,5,-14;147,-11,-4;157,-2,-13;160,1,4;167,1,-15;170,2,8;177,-7,-13;180,4,3;187,-4,-9;190,-1,-2;199,-3,-19;200,5,0
rua||joaquim camilo|machado|37260000|2,-2101300,-4509402;6,61,-48;30,-29,26;45,2,-1;54,17,-9;73,-5,-4;74,-21,17;76,4,2
rua||joaquim de bastos bandeira|jardim das flores|37260000|211,-2109890,-4509294;221,-7,-14;231,-3,-16;241,-2,-3;253,-2,-15;267,-12,-4;299,-8,-53
rua||joaquim de bastos bandeira|vista alegre|37260000|220,-2109878,-4509302;240,-28,-25;260,2,-6;270,-5,-13;276,2,-10;278,1,4;283,-9,-15;290,1,-1;299,-7,-21;300,6,10;310,-2,-5;2838,4,14
rua||joaquim de paulo|machado|37260000|145,-2101028,-4509785;151,-50,24;155,-9,-4;156,-112,63;157,142,-66;180,-142,70;186,-9,-4
rua||joaquim freire de carvalho|vila nova|37260000|40,-2110004,-4508680;44,-11,-7;50,-1,36;60,9,7;65,0,-1
rua||joaquim moreira|varzea de cima|37260000|5,-2109639,-4508207;15,-2,-5;26,-14,-14;27,-3,-2;36,0,-2;37,0,1;47,-4,-11;49,-22,-2;51,0,-10;58,10,5
rua||joaquim murtinho|varzea de cima|37260000|7,-2109381,-4508675;13,-17,21;21,-2,11;31,-6,7;37,-5,9;47,-1,5;59,-11,13;75,-4,17;91,-10,8;99,1,3;115,18,29;125,-22,-9;126,173,951;141,-179,-933;151,-2,5;161,-4,12;171,-4,18;185,-7,13;201,-1,11;213,-2,7;223,1,9;226,-35,-19;234,7,19;239,25,18;240,-24,-10;247,18,22;250,-20,-7;257,24,12;260,-25,5;263,22,4;269,-1,-1;274,-19,18;279,20,-13;283,-1,10;284,-22,1;291,27,5;294,-30,7;301,27,4;310,-31,8;311,30,0;320,-32,13;332,1,2;344,-1,14;355,17,18;363,-2,13;371,-1,0;383,-6,20;395,5,11;464,-21,56;478,1,14;488,-2,9;498,-15,12;510,17,10;516,-3,3;537,2,24;545,63,-261;547,69,-266;549,-2,11;555,-123,535;565,-2,12;571,-5,10;576,-15,-4;577,19,13;586,-18,-8;596,-4,9;599,15,17;607,3,4;621,5,24;622,-14,-9;628,0,18;638,-2,3;646,6,9;647,10,-15;671,13,36;683,7,-1;694,-13,22;705,21,-2;706,-14,10;719,24,5;720,-20,5;731,22,1;732,-18,10;741,25,-1;744,-18,15;751,19,-8;758,-10,24;761,16,-10;769,0,6;770,-11,16;775,17,-19;785,8,18;795,6,5;803,-1,3;809,8,14;819,7,8;853,18,19;873,9,20;881,7,9;885,2,6;893,7,8;903,5,9;923,5,9;933,5,11;947,6,11;957,3,6;965,9,10;983,6,17;995,5,7;996,-9,21;1020,-4,12;1030,11,6;1040,3,3;1050,7,29;1105,-3,-65;1115,1,7;1125,7,10;1135,5,14;1145,3,8;1153,2,7;1167,5,20;1321,63,142;1333,9,17;1351,12,11;1369,18,18;1387,11,18;1399,9,11;1425,8,20;1500,7,46
rua||joaquim murtinho|vila nova|37260000|16,-2109446,-4508670;48,18,46;64,-18,12;76,8,10;86,-2,7;106,-8,12;116,-5,8;122,-3,14;130,-6,7;136,-4,4;140,-2,0;148,-5,11;156,5,-1;162,-6,17;172,-6,6;176,0,2;194,-4,14;200,-1,0;206,-1,6
rua||joaquim paulo|machado|37260000|5,-2101205,-4509470;7,-86,93;9,24,-15;10,-5,-25;15,112,-115;20,-65,48;25,-6,56;30,214,-334;31,-242,363;35,19,-8;45,58,-179;50,40,7;65,-74,98;84,-38,89;90,134,-332;100,-159,350;110,192,-362;112,18,16;116,4,-4;120,-160,206;125,-75,166;130,186,-334;135,-181,327;165,155,-396;205,-30,157;349,-9,98;359,-10,8
rua||joaquim teodoro|alvorada|37260000|76,-2109392,-4509580;158,61,-30;170,15,-3;179,1,-13;191,9,-4;193,-23,16;207,30,-28;217,11,-11;218,0,8;238,9,-11;244,10,-16;254,2,-8;259,1,-2;262,5,0;266,7,-9;270,5,-6;275,-5,0;280,11,-9;283,-5,-3;300,5,-3;330,-7,-11;331,0,-1;340,3,-8;341,-9,-6;350,8,-2;351,0,-15;361,3,-4;370,3,2;371,-1,-13;391,7,-22;401,4,-14;411,-6,10;421,6,-9
rua||joaquim teodoro|cruzeiro|37260000|4,-2109458,-4509558;10,7,-5
rua||jonas lopes de carvalho|alvorada|37260000|12,-2109358,-4509781;21,-25,2;22,28,5;29,-31,-8;32,5,-2;40,-22,-12;42,17,8;52,-11,-4;62,12,8;71,-27,-9
rua||jose alves rodrigues|varzea de cima|37260000|64,-2109556,-4508313;67,10,5;75,-12,8;76,-6,-1;83,4,13;84,-9,-12;93,3,18;103,-7,7;104,2,-14;115,-9,19;120,-10,1;127,5,-4;130,-10,16;140,-7,3;155,10,4;167,4,29;169,-10,-22;170,-17,14;173,6,-2;184,-12,10;189,0,4;190,-8,4;209,-2,11;217,-8,7;220,-13,4;227,8,6;235,-6,5;244,-7,-4;247,-2,16;259,-7,13;260,-4,-5
rua||jose antonio de oliveira|casana|37260000|60,-2110333,-4507728;72,-2,-10;82,-3,-15;85,-4,1;105,-12,-15;112,7,-15;114,3,7;125,-14,-9;140,-1,-35;165,-8,-2;174,-56,-203;175,54,190;185,-2,-6;190,-11,-65;195,4,55;204,36,109;215,-37,-131;225,-6,-4;230,8,-4;233,-8,-10;243,-5,-6;250,12,-2;260,-7,-20;266,-2,-10;273,-7,4;283,-4,-5;288,9,-5;290,-3,-6;293,-8,-1;297,-1,-9;303,-4,-12;323,-4,-2;325,-1,-11;333,-4,-12;363,-4,-23;375,-6,-18;390,-19,-98;400,0,-6;433,3,41;442,5,-6;447,-9,-3;449,-9,-48;456,17,44;457,-7,-3;464,4,-8;469,-9,3;477,-5,-14;497,3,-18;501,-2,12;517,-6,-28
rua||jose antonio dos santos|nossa senhora de lourdes|37260000|16,-2109957,-4508318;28,55,52;29,-32,-50;55,-13,-10;70,34,49;95,21,7;115,19,23
rua||jose augusto pereira|eldorado|37260000|44,-2108328,-4509755;121,-14,66;123,18,-79;135,-2,-1;140,-15,61;143,11,-69;144,8,-25;153,-2,5;161,-13,74;171,3,-15;182,14,-82;191,-8,65;193,-7,-76;210,16,-22;244,1,22;281,-13,-21;295,11,-25;301,-16,10;305,-8,-66;321,6,49;322,18,-22;335,-6,-14;351,-10,4;352,8,-74;412,-8,-10;492,-2,-117
rua||jose balduino de carvalho|chacara bela vista|37260000|33,-2109530,-4507637;86,-44,14;125,126,-75;127,3,-2;136,-169,96;137,158,-87;145,-14,9;159,-350,180;182,322,-166;196,-16,12;204,-222,125;206,198,-111;208,-267,134;209,31,-15;210,254,-132;227,-184,99;254,22,-14;255,122,-55;269,-14,11;270,12,-20;285,-71,41;309,54,-30;325,-102,66;326,59,-40;340,-21,7;387,-99,51;401,-12,7;403,-8,5;455,-107,50;461,-7,4;471,-10,6;530,88,-45;540,-6,-3;560,-13,6;582,-47,21;600,-13,13
rua||jose barbosa de alvarenga|palestina|37260000|14,-2109267,-4508738;15,4,2;20,-3,-8;27,-6,4;30,2,-10;38,-6,2;41,-4,4;46,-14,-10;49,4,14;57,1,0;58,-5,-11;61,-7,9;64,0,-11;210,53,8
rua||jose bastos antunes|jardim america|37260000|60,-2109103,-4509471;170,85,22;238,-171,5
rua||jose belizario ferreira|vila nova|37260000|5,-2109558,-4508621;18,8,4;25,4,1;26,10,6;34,5,3;39,8,-1;42,-3,4;47,6,-3;53,4,0;60,10,9;61,-5,-4;69,6,-1;91,19,8
rua||jose benedito filho|nova esperanca|37260000|15,-2109319,-4508454;17,-13,11;26,4,-13;29,8,0;36,-16,4;50,-15,6
rua||jose berto coelho|olavo ribeiro|37260000|101,-2109278,-4509450
rua||jose carvalho resende|nova esperanca|37260000|41,-2109173,-4508241;51,-14,14;61,-1,6
rua||jose carvalho resende|novo horizonte|37260000|22,-2109161,-4508250;32,-8,-5;60,-10,32;78,-7,16;100,-17,25;110,-2,6;120,-4,11;153,-10,25;180,-19,20;200,32,-64;220,-46,97;250,-7,10
rua||jose carvalho|casana|37260000|4,-2110268,-4507810;6,-24,-16;14,19,13;34,-8,-18;44,-11,-5;54,-1,-3;74,6,-18;79,-27,18;80,12,-16;89,-7,-3;94,-3,-16;99,-3,4;104,0,-12;109,-4,0;114,-1,-5;124,-6,-12;134,-6,-10;149,-4,-1;155,-12,-15;159,14,23;165,-52,-85;169,36,60;174,0,-13;179,-6,2;180,3,-7;184,-2,-9;204,-4,-11;207,-16,-1;214,9,-6;215,-10,3;223,-3,-3;226,1,-10;234,0,-11;244,-7,-7;245,0,7;254,-1,-17;255,-11,3;264,6,-8;274,-4,-4;284,-6,-12;304,-5,-8
rua||jose custodio de carvalho|casana|37260000|10,-2110205,-4507940;11,-4,10;20,-7,-15;21,-8,0;30,2,-5;31,-2,-1;40,1,-9;41,-7,0;50,3,-7;51,-7,1;60,3,-9;61,-10,3;71,-5,-10;90,-1,-23;91,-33,-46;100,31,42;101,-23,-30;110,14,16;111,-11,-8;120,1,2;121,2,1;130,-6,-7;131,10,16;140,-5,-28;141,12,35;151,4,11
rua||jose de bastos filho|alvorada|37260000|10,-2109347,-4509813;15,-16,54;16,6,15;26,-3,-25;36,3,-2;38,14,-36;45,-17,16;46,9,7;56,0,-8;76,8,-17;86,-5,-6;96,6,-13
rua||jose de castro|chacara bela vista|37260000|37,-2109690,-4507855
rua||jose dias da silveira|serra do peao|37260000|7,-2104041,-4506274;8,-17,-11;57,-21,70;303,124,-28;599,-66,20;601,48,69
rua||jose domingos do nascimento|palestina|37260000|6,-2108997,-4508228;10,18,-432;16,-19,425;20,28,-416;28,-38,389;33,45,-378;58,-45,-63;61,40,101;97,-7,16;137,-12,45;138,-9,11;201,-16,54;221,3,16;257,-17,25;267,3,13
rua||jose egidio da silva|casana|37260000|18,-2110228,-4507826;25,-2,3;28,-10,-11;35,2,9;45,-2,-13;48,-6,-12;58,-5,-7;65,0,5;75,-7,-10;81,-4,-9;95,-7,-11;105,-8,-10;110,6,-8;115,-8,2;120,4,-7;125,-9,-4;135,-5,-8;140,8,-1;150,-6,-8;160,-7,-14;165,-7,-2;175,-1,-8;185,-8,-5;190,0,-10;195,-8,3;200,5,-13;205,-12,4;210,7,-13;215,-8,1;220,5,-1;225,-11,0;235,-6,-16;245,-5,-1;248,10,-5;255,-9,-14;258,3,-2;265,-15,1;268,4,-10;275,-12,5;288,5,-26;295,-12,9;317,-7,-13;322,13,-3;344,-27,-45;345,-7,7;354,0,-12;363,-5,1;373,-4,-5;383,-8,-13;384,0,-8;393,-4,4;396,5,-6;413,-12,-10;414,2,-14;423,-12,-2;426,7,-3;430,-3,-7;431,-9,2
rua||jose eugenio fidelis|retiro dos pimentas|37260000|59,-2105137,-4501993;63,51,-13;67,-40,14;75,5,3;128,41,-16;133,12,-7;138,-1,1;145,8,-10;148,-1,8;167,13,-13;232,-62,19
rua||jose ferreira dos santos|palestina|37260000|21,-2109215,-4508759;30,-1,5;31,8,6;38,-3,1;41,1,17;43,2,-8;45,-2,5;50,1,-3;58,5,9;61,1,4;67,1,4;70,4,9;71,0,-1;72,-8,-5;74,13,9;79,-7,7
rua||jose francisco faria|serra do peao|37260000|48,-2104266,-4506169;523,77,9;545,-70,-20;563,142,-44
rua||jose freire de carvalho|novo horizonte|37260000|10,-2109227,-4508065;20,1,16;33,6,-7;40,1,25;62,-2,-58;78,51,-105;114,-15,26;148,-5,31;178,-20,22;181,18,-1;228,-40,42;230,4,11
rua||jose freire|olavo ribeiro|37260000|62,-2109315,-4509556
rua||jose ibrain vieira|chacara bela vista|37260000|5,-2109881,-4507601;21,-3,-6;40,12,17;60,-1,22;61,10,-1;72,-8,14;73,9,-9;85,7,18;96,-2,11;110,3,12;111,7,-1;118,-2,6;122,2,6;123,2,-8;159,13,37;170,2,16;185,12,12
rua||jose julio pereira|palmeiras|37260000|15,-2108816,-4509499;33,-30,-128;35,-12,-28;360,17,-101
rua||jose julio pereira|varzea dos barbosas|37260000|301,-2108841,-4509775;308,17,-13;311,-13,-4;331,7,-25;360,25,-12
rua||jose justino|sao dimas|37260000|40,-2110232,-4508924;44,-5,-1;45,3,-2
rua||jose lorival da silva|casana|37260000|20,-2110250,-4507887;94,89,-95;104,-5,7;105,8,-2;115,-14,21;204,-75,65;437,35,-22
rua||jose luiz de faria|residencial vila real|37260000|45,-2108758,-4507654;87,3,37;117,-6,26;125,3,-3;217,2,101;227,-14,4;235,15,17;245,9,10;256,-61,7;257,55,1;266,-4,4;277,-5,8;408,6,130
rua||jose m evangelista|varzea de cima|37260000|105,-2109320,-4507895;123,23,10;133,8,3;142,0,13;143,13,-11;164,10,7;165,3,-2
rua||jose machado rocha|eldorado|37260000|10,-2108292,-4509934;25,-111,12
rua||jose maria dos santos|eldorado|37260000|5,-2108430,-4509816;15,17,-17;25,-6,-8;27,7,4;37,-5,-14;60,2,-14;80,4,46
rua||jose moreira de alvarenga|cruzeiro|37260000|15,-2109640,-4509629;27,-1,-23;51,14,-42;53,3,21;59,-2,-25;65,-1,6;79,6,-16;103,-1,-3;121,6,-20;139,-16,-6
rua||jose moreira de alvarenga|jardim alegre|37260000|36,-2109627,-4509644;44,-4,-12;46,3,-16;48,-5,-7;58,5,-2;100,8,-9;110,10,-23;120,6,-10;130,-3,-1;144,3,-7;146,12,-9;157,0,-19;168,-5,6;171,-1,-20;176,8,5;179,-11,-16;180,10,6;186,-2,-2
rua||jose nonato da silva|palmeiras|37260000|21,-2108834,-4509539;25,6,6;33,-15,4;34,-3,7;37,-57,44;60,28,-17;69,47,-54;70,-45,51;98,-8,7;115,-23,29;121,3,-7;124,8,-10;135,-17,29
rua||jose pereira de carvalho|joao xxiii|37260000|2,-2109980,-4508815;3,16,-2;10,-5,10;11,-54,-1;15,-7,-5;22,-2,-10;23,3,11;33,-15,-5;34,1,-1;44,-7,3;88,-6,2;93,-44,2
rua||jose pereira de carvalho|sao dimas|37260000|58,-2110186,-4508809;66,113,-10;70,-8,4;76,-9,10;146,-55,-1;156,-6,-8;166,-9,5;221,-3,0;239,-34,-1
rua||jose pereira de carvalho|vista alegre|37260000|185,-2109907,-4508818;190,2,-2;191,9,-3;254,-2,-7;275,6,12
rua||jose pimenta de morais|vista alegre|37260000|19,-2109752,-4508981;27,-2,-19;38,11,-2;39,-10,-6;48,6,-9;51,-3,5;60,6,-12;67,-6,-8;70,-4,-12;74,8,6;77,-13,1;84,2,-16;85,4,-1;88,-3,-3;90,-3,-7;92,-3,3;95,7,7;96,7,-15;98,0,-7;113,-12,-10;133,-6,-12;135,-5,-8;155,-3,-14;160,8,1;188,-16,-30;198,-10,-18;208,1,1;215,-5,-13;216,-2,6;219,-3,3
rua||jose placedino da silva|varzea dos placedino|37260000|16,-2109696,-4510004;20,14,-6;30,10,-10;33,-16,0;40,24,-4;45,-8,-7;48,-11,20;50,24,-18;55,-13,-1;60,19,-2;65,-15,-20;70,22,13;77,-3,-10;80,13,-1;81,-1,-2;92,7,-4;99,3,-4;104,6,-4;110,9,-5;111,-10,-1;115,2,-4;126,13,3;134,4,-6;140,11,-13;148,27,-5;150,9,3;156,-28,4
rua||jose placedino neto|santa terezinha|37260000|12,-2109821,-4509718;14,6,-6;15,0,-9;25,4,1
rua||jose ramos da silva|nossa senhora de lourdes|37260000|9,-2110094,-4508265;11,-8,10;21,0,6;31,-4,13;42,1,-15;51,-1,27;62,-6,-6;74,-2,17;80,-8,8;82,4,4;83,0,16;90,-4,-4;93,2,14;100,-3,-11;119,1,22;120,-5,2;131,3,4;132,-7,4;143,3,6;157,-7,33;165,0,7
rua||jose rodrigues da silva|bom retiro|37260000|10,-2109575,-4509310;22,-15,-3;28,-3,4;50,-25,-2;66,-7,11;72,-15,-8;75,7,-5;80,-12,2;85,-1,-3;95,-9,11
rua||jose teotonio de carvalho|nossa senhora das gracas|37260000|6,-2109750,-4507869;9,-13,3;15,-1,-3;16,5,-7;21,-6,9;31,-11,-11;32,2,-7;43,-5,0;45,0,0;47,-9,0;48,12,-1;59,-18,-6;73,-7,-4;77,-7,-8;78,2,-5;89,-9,0;99,-10,-8;109,-5,-6;119,-10,-7
rua||jose thomaz pereira|nova esperanca|37260000|44,-2109314,-4508528;91,-4,11;99,-121,239;153,87,-208;161,-1,12;191,-32,6;207,-11,11;211,6,-1;213,-6,0;219,-6,10;233,-9,17;251,-7,5;271,4,20;293,-8,23;305,-11,25;339,7,23;351,-6,11;367,4,13;375,-3,4;385,-2,15;393,-3,12;405,-6,7;415,-7,25;433,-6,7;445,-2,4
rua||jose thomaz pereira|palestina|37260000|4,-2109310,-4508602;7,2,0;12,-6,7;26,-5,15;30,1,3;40,2,13;50,-1,2;60,4,12;68,10,19;76,-17,-2;84,-4,8;142,-19,32;152,-20,9;162,-6,0;180,-10,6;190,-7,8;198,-16,8;204,-4,3;222,-6,19;232,-6,-8;238,0,20;246,-4,6;250,-2,12
rua||jose thomaz pereira|varzea de cima|37260000|346,-2109434,-4508338;354,-1,21;370,0,5;386,-2,13;390,-8,12;396,-3,5;406,3,12;418,-25,11;430,9,6;477,14,47;487,-28,-1;513,-19,15;523,0,0;530,5,-9;554,-28,23;556,-17,18;576,-6,6;582,3,0;583,3,5;586,-23,13;591,12,-1;601,-5,3;610,-36,-11;627,20,35;634,-8,-3;635,3,7;643,-5,1;644,-15,0;653,3,14;657,0,7;664,-4,-11;689,-22,20
rua||jose vigilato faria|serra do peao|37260000|7,-2104758,-4506127;8,-220,29;10,245,-6;22,175,-32;30,54,83;50,34,-6;65,-382,-100;73,483,118;441,-304,-86
rua||josefa sibelina|chacara bela vista|37260000|45,-2109646,-4507936;55,-5,20;65,-6,7
rua||josefa sibelina|varzea de cima|37260000|35,-2109531,-4507996;46,-3,-3;678,18,-12
rua||juca modesto|jardim alegre|37260000|30,-2109498,-4509722;40,-14,8;45,11,-12;52,-8,21
rua||julia texeira de melo|santa terezinha|37260000|32,-2109743,-4510114;48,-22,18;54,-5,4;74,-8,7;86,-11,8;104,-13,15;475,46,-54
rua||julio geraldo dos santos|chacara bela vista|37260000|91,-2109809,-4507612;100,181,-89;109,-100,51;158,23,-15;177,165,-81;180,-7,1;187,-15,14;190,11,-18;198,-4,7;248,-172,88;264,119,-60;279,-14,15;301,-10,6;349,-39,19;354,1,-8;360,-11,3;365,-5,9;380,-156,72;444,63,-35;449,-7,17;497,-47,17;515,-7,1;520,-52,32;535,3,-8;550,40,-22;560,-22,9
rua||julio geraldo dos santos|varzea de cima|37260000|998,-2109360,-4507756;1000,-1,3
rua||lasmar|vista alegre|37260000|22,-2109664,-4509048;27,-4,2;34,2,-15;35,-11,11;42,11,-9;45,-8,-7;58,3,-16;64,-31,-89;67,24,93;77,-3,-8;80,-6,-9;103,-9,-31;104,14,7;111,-5,-3;116,-1,-8;123,-8,-13;133,0,-14;140,6,2;169,-13,-29;172,3,7;185,-7,-16;191,-2,-7;194,5,-2;206,-1,-14;220,-1,-14;236,-4,-11;245,-12,-5;248,-1,-11;255,0,-2;262,8,12;269,-7,-20;272,-1,-8;277,-2,-3;282,0,-11;285,-4,2;294,11,-8;295,-11,-4;325,-8,-34;328,11,17;333,-14,-22;343,-1,-18;383,9,44;430,4,-21;440,-3,-6;450,-4,-13;460,3,-6;470,-6,-9;504,-8,-35;508,-1,-7
rua||laura toledo vilela 1|chacara bela vista|37260000|390,-2109651,-4507370
rua||laura toledo vilela|chacara bela vista|37260000|35,-2109786,-4507713;47,5,11;59,3,10;67,3,8;69,-1,-8;76,4,20;77,-2,0;86,0,5;98,2,8;107,12,8;108,-7,15;130,11,14;137,5,16;142,-2,-11;143,1,6;157,12,11;167,2,11;180,1,7;181,3,3;192,2,12;227,14,22;238,6,23;239,3,-7;268,152,367;286,-138,-314;306,10,21;323,-3,-11;351,-8,-23;355,28,66;363,-16,-37;372,15,48;415,33,60;474,31,85;475,-7,-33;544,22,71
rua||lazaro severiano da silva|varzea dos placedino|37260000|19,-2109559,-4509825;20,7,-2;29,-10,-7;30,4,1;39,-6,-10;40,8,4;49,-6,-9;50,4,-12;463,-3,40
rua||lelio maia|bom retiro|37260000|194,-2109726,-4509389;210,5,-4;230,10,-1;232,0,-5;233,17,-3;492,-41,14
rua||lelio maia|vista alegre|37260000|11,-2109867,-4509304;55,7,-7;99,49,-15;137,1,-9;150,45,-26;220,-114,61
rua||lenio de castro|jardim centenario|37260000|3,-2109095,-4507457;5,7,0;13,10,0;21,3,-1;29,9,1;71,33,9;77,0,10
rua||lenio de castro|residencial vila real|37260000|74,-2109014,-4507446;125,29,5;126,25,8;135,-12,-11
rua||levino gomide|nova esperanca|37260000|11,-2109326,-4508498;20,7,7;25,12,8;35,7,7;45,11,7;54,-9,-7;55,9,6;66,-2,11;67,20,5;79,3,7;83,13,10;86,-33,-23;87,42,30;91,-1,0;93,12,10;100,-26,-11;114,5,3;123,19,8;124,-17,4;136,9,-2;140,6,7;148,10,9;169,14,-8;184,16,24;196,2,11;204,14,6;220,10,10;230,8,8;242,8,7;250,5,0
rua||lirio|novo jardim|37260000|27,-2110165,-4508437
rua||lourdes teodolina|alvorada|37260000|20,-2109385,-4509583
rua||lourdes teodolina|olavo ribeiro|37260000|7,-2109385,-4509588;19,-7,2;29,92,153;35,-72,-133;51,11,27;71,13,28;77,0,-2;134,20,48;144,9,8;154,2,1;161,-4,12;171,7,2
rua||lourenco placedino da silva|varzea dos placedino|37260000|4,-2109686,-4509954;12,-2,-4;25,21,-11;26,-14,6;35,20,-11;42,4,0;49,3,-3;51,19,-4;61,7,-9;64,-2,-12;71,-14,32;72,11,-5;78,9,-30;83,17,31;88,-11,-38;97,-4,-2;100,16,-4;107,15,-11;108,-8,4;116,8,-5;121,-1,2;124,2,-10;130,11,0;131,-3,3;136,3,-5;145,17,-1;146,-10,-6;154,16,-8;155,-15,26;162,16,-27
rua||luiz americo de andrade|santa terezinha|37260000|2,-2109712,-4509907;7,-42,29;10,33,-16;25,-179,140;30,171,-140;35,-161,127;37,147,-110;44,4,-14;47,-142,121;53,13,-18;54,120,-88;98,-104,85;111,1,-1;117,-6,4;128,62,-44;150,-39,38;180,-1,-18;190,5,-7;200,11,-5;210,10,-3;220,13,-24;291,-42,51;301,11,-6;311,9,-12
rua||luiz costa|residencial vila real|37260000|26,-2108561,-4507692;33,8,1;53,1,19;93,0,37;116,-8,19;133,11,20;143,1,10;153,-2,7;166,-6,17;202,8,30;212,-1,16;256,-2,42;296,2,26
rua||luiza aparecida pereira|caridade|37260000|86,-2108682,-4508910;131,-44,-28
rua||manoel luiz cardoso|vila nova|37260000|5,-2109804,-4508427;22,-4,5;25,-5,2;32,4,-8;35,-13,-4;42,5,-6;53,-10,-2;54,3,-9;59,-8,0;65,3,-8;69,-9,2;72,0,9;78,-1,-16;82,-6,-12;85,-3,8;90,-1,-12;100,-7,-3;140,-8,-56;148,-14,20;160,2,7;168,-13,-37;178,-4,-2;186,-6,0;196,-4,-19;200,5,-11
rua||manoel sa fortes|nossa senhora das gracas|37260000|9,-2109728,-4508104;19,-3,-15;31,-3,-4;39,-9,-12;45,-3,-3
rua||marciano pereira|palestina|37260000|5,-2109200,-4508837;9,8,28;15,-1,-1;16,0,2;25,5,5;58,-10,11;68,13,12;86,3,11;96,4,10;104,6,12;109,9,0;121,1,13;124,-15,-32;126,7,25;132,9,15;135,1,3;140,3,4;141,5,1;149,-3,8;150,2,0
rua||margarida|novo jardim|37260000|60,-2110466,-4508236;71,-4,-8;117,10,-38
rua||maria arlinda filha|caridade|37260000|85,-2108555,-4509035
rua||maria carvalho maia|jardim america|37260000|19,-2109038,-4509477;81,-9,-59;89,-1,-16;102,5,-7;111,-4,-10;149,-6,-32;196,-2,-48
rua||maria da conceicao ferreira|jardim america|37260000|17,-2109172,-4509636
rua||maria da conceicao pereira|casana|37260000|7,-2110237,-4507998;69,-42,42;84,63,-73;89,-55,61;100,-20,9;200,117,-95;201,3,-9;212,-11,10;213,2,2;221,-10,12;226,5,0;240,-5,8;245,-4,-9;249,-7,12
rua||maria da conceicao rezende|retiro dos pimentas|37260000|26,-2105179,-4502057;38,8,-4;48,4,-3;52,9,-1;60,12,-12;115,33,-26;116,8,6;125,10,-13;126,-6,0;133,10,-6;135,-24,15;136,20,-3;146,9,-6;147,5,-8;155,1,-3;156,3,10;165,4,-14;166,4,6
rua||maria da penha dos santos|retiro dos pimentas|37260000|55,-2105306,-4502394;154,-8,-18;156,0,-20
rua||maria das dores alvarenga|jardim das flores|37260000|129,-2110026,-4509049;356,9,-9;368,-1,-22;375,-11,0;380,10,-7;381,-13,-1;391,6,-11;392,6,3;401,-5,-14;404,10,-10;411,-19,-17;416,22,10;421,0,-3;428,0,-11;429,-5,-1;437,6,-15;440,10,-5;445,-5,1;452,11,4;455,-14,-14;465,-1,-11;485,2,-20;495,6,-11;496,4,4;505,7,-10;514,3,-9;515,-6,-4;525,-3,-4;526,9,-4;536,2,-8;545,0,-18;546,2,6;555,-1,-16;556,-2,8;565,3,-17;566,1,13;576,1,-13;595,0,-22;615,8,-23;616,4,0;625,5,-45;635,-7,31;636,7,-3;645,-6,-5;655,1,-5;665,9,-14;672,-4,-13
rua||maria das dores alvarenga|joao xxiii|37260000|15,-2110015,-4508959;41,-5,-13;51,0,-10;52,4,-3;61,-6,-9;62,3,-1;73,-2,-11;87,-1,-7;97,-2,-10;212,11,61
rua||maria das dores pereira|residencial vila real|37260000|88,-2108731,-4507714;345,193,-22
rua||maria de nazare borges|varzea de cima|37260000|26,-2109565,-4508360;52,-5,-7;62,-5,-5
rua||maria eugenia de alvarenga|retiro dos pimentas|37260000|10,-2105339,-4502317;52,21,0
rua||maria joaquina de sao jose|nossa senhora das gracas|37260000|8,-2109879,-4507768;26,-10,11;31,2,8;39,-10,8;40,-4,-7;45,3,8;50,-9,-7;55,5,13;64,-6,-4;65,3,4;75,-8,11
rua||maria mendes resende|retiro dos pimentas|37260000|35,-2105177,-4502196;62,12,43;64,-10,-14;74,52,97;96,-40,-75;125,28,39;157,5,26;165,7,0;175,2,12;185,1,13;194,0,3;196,-2,18;236,2,21;254,21,18;264,10,11;265,9,-4;267,8,7;274,-20,6;281,10,15;308,9,25
rua||maria milmes rezende bernardes|residencial vila real|37260000|30,-2108725,-4507680;31,3,-9;51,-4,13;62,1,30;71,11,10;72,-5,-5;101,9,29;122,-10,22;141,14,20;181,-10,42;182,-5,-1;200,1,19;221,10,16;241,1,23;250,-13,8;253,8,0;261,0,12;351,4,87;361,-2,15;362,-4,-6;371,5,16;372,-5,-9;391,10,20
rua||maria rita freire|caridade|37260000|15,-2108777,-4508843;16,7,12;40,14,-12;122,45,-63;128,9,-12;165,10,-36;171,10,-13;227,22,-30;235,15,-21
rua||maria soares da silva|alvorada|37260000|10,-2109344,-4509838;15,94,17;20,-110,-16;30,-9,1;60,92,13;81,-154,-6;99,138,3;180,-70,-11
rua||maria soares da silva|jardim alegre|37260000|20,-2109503,-4509803;30,15,6;40,8,-3;50,4,-1;60,12,-5;70,4,-3
rua||mariana pinheiro|rosario|37260000|29,-2109058,-4509178;30,-7,7;40,22,-10;50,5,0;55,-4,-7;56,4,4;87,22,-25
rua||mariana pinto|nossa senhora de lourdes|37260000|59,-2109920,-4508377;231,58,74;243,6,5;247,7,10;253,-19,-23;275,-10,-11;285,-2,-5;311,-19,-25;327,-5,-10
rua||marilia alvarenga rodrigues|vila nova|37260000|25,-2109582,-4508521;26,-14,11;33,7,-4;36,-4,8;39,-10,4;47,-5,15;50,3,-8;75,-10,21;110,4,-16;120,-3,7;130,-2,3
rua||marilia ines carvalho|casana|37260000|54,-2110289,-4507859;95,-23,21;105,-9,8;110,-2,-12;115,-10,17;120,0,0;125,-6,7;135,-2,1;140,3,-11
rua||mario moreira de alvarenga|chacara bela vista|37260000|25,-2109324,-4507389;26,-9,3;38,-5,-1;39,5,6;73,-25,10;84,-14,1;85,2,9;95,-12,-5;108,-4,8;111,-10,6;117,-10,6;120,2,-22;130,-1,17;162,-27,11;198,-31,14;199,-5,10;210,-10,-6;230,-19,12;235,5,5;246,-10,-2;258,-13,4;281,-18,16;305,-11,4;329,-21,14;352,-24,6;474,-31,4
rua||marta pereira de alvarenga|chacara bela vista|37260000|83,-2109735,-4507739;114,7,20;128,7,12;129,3,8;134,1,6;137,4,13;148,2,-4;149,0,5;182,8,26;184,211,479;194,-204,-467;195,7,2;207,6,11;218,-2,12;219,4,-1;230,-1,8;231,10,1;242,-3,14;243,5,-5;254,0,19;287,15,24;290,-4,-1;302,8,13;303,-137,-207;340,154,249;343,5,10;353,3,2;355,11,16;361,-6,12;363,0,-19;365,9,24;371,-4,6;375,8,2;389,4,15;390,-8,-13;395,15,23;430,-10,-6;436,7,10;460,13,36;461,10,5;466,3,11;502,10,28;514,4,15;522,8,22;530,-2,-10;545,-1,-9;552,10,24;569,0,-9;655,18,55;684,15,39;694,2,10;703,12,16;704,-5,-5;714,9,19;789,-9,-26
rua||maximiliano modesto pereira|centro|37260000|25,-2109097,-4509219;33,10,-17;59,9,-5;73,18,-17
rua||maximiliano modesto pereira|rosario|37260000|11,-2109036,-4509274;26,-55,56;54,9,-13;64,16,-13;84,7,-6;97,16,-13;111,6,-3;115,3,-8;123,-8,-34;129,22,24;141,3,0;165,23,-15;183,16,-1;187,0,-3;191,5,-9;195,7,-3;199,3,7;215,6,-14;239,22,-9;247,3,-2;261,11,-7;263,5,-2;271,10,-1;301,18,-4;309,10,-23;319,5,1;327,-1,-11;339,10,-9;351,4,-14;363,5,-5;375,7,-17;380,-145,141;391,152,-154;400,2,1;403,-1,-13;417,11,-15;431,8,-9;500,16,-6
rua||maximiliano modesto pereira|varzea dos barbosas|37260000|3,-2108359,-4509582;11,-47,25;473,-395,54;485,9,-11;497,7,-8;505,4,-11;515,6,0;523,4,1;533,22,-12;901,300,2;905,-7,-3;911,13,-3;961,52,-16
rua||messias alves|varzea dos placedino|37260000|15,-2109409,-4509912;18,6,11;21,-4,-12;28,6,-1;31,-4,-16;38,6,7;48,-4,-10;58,3,-9;68,6,-10;78,3,-11;81,-16,-4;91,5,-5
rua||miguel lopes|palestina|37260000|5,-2109183,-4508521;15,1,7;18,-13,4;23,15,1;26,-3,12;29,2,0;35,0,5;37,3,8;38,-6,-3;45,7,3;50,-10,2;55,11,10;62,-5,16;67,7,-9;77,-2,11;89,-6,12;95,2,5
rua||minas gerais|centro|37260000|4,-2109572,-4508842;14,3,-10;22,-6,-8;25,0,0;32,2,-12;41,0,-7;42,-3,-1;53,-7,-8;61,-1,-7;62,13,-6;72,-7,-5;73,-5,-10;82,2,-1
rua||mirtes simoes|santa rita|37260000|22,-2109612,-4509540;35,17,3;65,25,15;105,32,21;119,-130,10;135,156,8;183,13,32;199,7,3
rua||mozart de oliveira 1|chacara bela vista|37260000|5,-2109585,-4507405;13,9,4;27,8,3;35,10,3;65,16,9;69,6,2;91,8,4
rua||mozart de oliveira|chacara bela vista|37260000|18,-2109589,-4507828;19,4,2;236,-76,41;261,9,-12;266,26,-3;273,-197,84;275,211,-61;276,-26,-16;283,-172,67;354,93,-38;384,-31,16;404,-11,9;418,-14,5
rua||mozart de oliveira|varzea de cima|37260000|36,-2109483,-4507896
rua||mozart pereira cardoso|alvorada|37260000|15,-2109425,-4509540;25,4,2;30,5,0
rua||nagib jose lasmar|vila nova|37260000|11,-2109569,-4508672;21,8,-1;28,1,4;30,4,-6;31,7,13;35,-3,0;65,28,13;68,3,-9;78,12,-4;81,0,14;88,3,-2;95,20,4;96,-9,1
rua||nelito pereira|varzea de cima|37260000|6,-2109622,-4508084;18,-3,2;28,-3,-17;38,-11,-5;50,-3,-7;60,-4,-2;70,-4,-15;74,0,5;80,-11,0;90,5,-15;126,-26,-33;682,70,102;1050,-92,-132
rua||nelson oliveira|nossa senhora das gracas|37260000|11,-2109966,-4507816;23,-6,-14;33,2,-7;45,-10,-10;61,-12,-28;70,8,-5;81,-15,-5
rua||nestor francisco|sao dimas|37260000|25,-2110132,-4508917;26,-2,-5
rua||nestorio tavares|varzea de cima|37260000|21,-2109627,-4508258;30,6,-2;31,-13,-8;40,6,1;41,-8,-6;49,-20,-13;50,17,11;59,-14,-3;60,10,-2
rua||odair pereira cardoso|varzea dos barbosas|37260000|21,-2108851,-4509565;31,1,0
rua||orquidea|novo jardim|37260000|30,-2110341,-4508334;77,-36,22;245,-26,4;269,-27,13
rua||oscar alves cardoso|varzea dos barbosas|37260000|42,-2108379,-4509504;45,19,-24;48,4,3;52,-12,11;64,35,-29;65,-12,1;82,1,6;101,9,-6;201,2,1
rua||osvaldo teixeira campos|vila nova|37260000|21,-2109726,-4508546;33,-7,-8;34,-6,-11;42,4,1;50,-11,-4;51,-4,10;71,-2,-18
rua||otavio da costa|chacara bela vista|37260000|74,-2109443,-4507556;84,-9,1;85,0,-3;90,-5,5;97,0,9;108,-13,-3;109,2,7;114,-20,1;118,11,-6;123,-20,13;149,-5,5;152,6,-5;162,-20,13;174,-11,3;186,-6,2;198,-17,6
rua||otavio de castro|vista alegre|37260000|66,-2109694,-4509102;73,-13,4;103,13,-13;110,-51,20;156,-37,13;157,-1,-1;165,-9,4;175,-10,0;180,0,-2;181,-3,7;193,-8,2;194,0,-3;197,5,36;200,-10,-35;205,-6,1;213,-5,2;220,-12,1;223,-6,9;229,-4,3
rua||otavio pereira guimaraes|nossa senhora de lourdes|37260000|12,-2109898,-4508247;22,-2,7;25,2,21;34,-4,-8;46,-4,10;52,-11,37;53,13,-18;56,-9,-2;61,7,11;69,-6,25;71,1,-12;86,-13,14;108,-1,9;130,7,1;154,-13,36;180,-5,6
rua||palmeira|novo jardim|37260000|35,-2110344,-4508380;73,-32,9;100,20,-6;205,-30,10
rua||papoula|novo jardim|37260000|28,-2110238,-4508477;87,-50,23;88,-3,-8;108,-1,2;116,-6,3;177,-13,1;196,-68,21;201,40,-5
rua||patativas|santa terezinha|37260000|21,-2110029,-4509518;65,7,-2
rua||paulo araujo mendes|nova esperanca|37260000|8,-2109287,-4508170;11,-75,121;18,143,-258;22,-149,266;28,143,-259;33,9,9;35,-4,5;36,-157,252;39,147,-232;42,1,-17;45,8,1;50,-160,253;56,153,-243;60,-158,252;63,77,-131;70,21,-33;78,45,-69;80,-151,249;90,91,-159;91,58,-82;101,-81,138;111,75,-125;112,-2,-7;118,-4,17;121,-5,-3;124,-3,9;125,-1,10;135,-2,8;136,-9,-6;139,6,9;141,-10,-3;150,3,11;160,-10,6;161,16,-22;180,-20,28;190,-6,10;200,-6,9;214,40,-66;220,-52,84;223,-2,9;230,-2,-7;231,-3,18;237,-11,3;240,8,-6;243,-1,15;249,-5,3;250,-3,0;255,4,7;260,-5,-6;261,4,14;270,-5,-10;280,-7,9;281,-6,8;289,-9,8
rua||paulo justo vieira|chacara bela vista|37260000|30,-2109346,-4507228;40,-11,2;76,-40,30;80,2,-18;148,-54,25;160,-12,10;186,-7,3;244,-50,26;248,-18,8
rua||pedro capitalucci|vila nova|37260000|16,-2109868,-4508608;22,63,-55;25,14,-5;34,-19,8;35,4,4;45,-14,11;61,-6,2;73,-20,10;95,-16,11;102,-9,4;125,-9,26;135,-13,-6;145,-8,-3;155,-3,-6;165,6,24;175,5,0;177,25,-17
rua||pedro celestino pereira|jardim nova esperanca|37260000|32,-2109384,-4508072
rua||pedro celestino pereira|nova esperanca|37260000|43,-2109375,-4508079;290,8,5
rua||pedro marciano|machado|37260000|20,-2101170,-4509528;22,90,-14;28,-139,28;34,227,-262;36,-14,33;37,-8,14;38,-195,216;52,14,-8;68,-23,4;72,-22,-4;82,4,-9;90,-1,6;92,-3,-6;93,27,20;99,-14,-3;110,-37,-28;120,-50,-54;124,50,43;128,-26,-12;134,29,-5
rua||pedro rufino de aquino|nova esperanca|37260000|37,-2109210,-4508230;43,0,-4;44,-6,3;55,12,4
rua||periquitos|parque das aves|37260000|54,-2110037,-4509502
rua||quatorze|nova esperanca|37260000|3,-2109319,-4508188;5,-4,-3;10,-9,12;15,7,1;25,3,23;30,-18,-11;32,10,10;45,-5,-2;55,-14,18;65,-8,9;75,-3,8;85,-1,-1;95,-8,19;100,0,-5;105,-5,13;115,-3,16;353,9,-41
rua||quinze|nova esperanca|37260000|10,-2109376,-4508229;14,16,12;20,-15,-26;30,14,21;36,-1,-33;40,4,-13;47,-12,9
rua||randolfo carvalho 2|jardim centenario|37260000|96,-2109112,-4507698;116,6,20;126,13,-2;136,12,5;140,32,19;146,-39,-8;156,22,0;180,17,14;186,5,6;226,14,26;280,18,53;288,1,13;296,3,3;304,-1,4;312,0,13;324,0,14;332,3,6;338,-3,7;348,-1,15
rua||randolfo carvalho 2|residencial vila real|37260000|52,-2109008,-4507585;131,31,256;229,-39,-292;255,6,10;293,-2,51;303,11,2;313,-4,14;323,3,2;333,-3,16;343,1,8;353,2,8;363,1,16;373,-3,1;383,-2,11;393,8,12;412,-2,45;420,-5,1;426,5,9;427,2,-22;434,0,35;435,6,-24;444,-9,24;445,9,-2;454,0,21;455,5,-8;484,-2,35;495,2,-12;505,5,11;516,4,37;518,-8,-32;525,10,10
rua||randolfo carvalho|residencial vila real|37260000|34,-2108871,-4507719;151,-34,28;155,-2,229;163,13,27;187,-16,-79;250,-10,-30;253,13,34;285,1,31;305,3,27;330,-9,1;342,0,12;370,5,17;375,13,24;420,-8,24;441,16,44;461,4,14;471,3,9;477,0,0
rua||reduzina ubelina alvarenga|nossa senhora das gracas|37260000|10,-2109923,-4507941;11,148,131;13,-12,-8;20,-2,-3;21,-4,-2;28,-5,-7;31,6,-1;36,-8,-4;40,1,-3;47,-7,1;48,0,-4;55,-11,-3;62,1,-8;63,-9,2;74,4,-7;75,-11,0;84,-1,-12;85,-9,-2;92,6,-2;102,-8,-7;107,-9,0;120,3,-4;125,-11,5;134,-2,-16;145,-11,-2;226,-60,-56;246,-6,-13
rua||rita dias da silveira|serra do peao|37260000|25,-2103888,-4506286;713,15,50;715,6,-31
rua||romao fagundes|retiro dos pimentas|37260000|17,-2105120,-4501626;20,-151,-402;21,123,132;23,-116,-130;50,8,13;60,10,10;66,0,-17;68,20,36;69,120,339;78,-102,-324;79,105,293;83,8,-105;98,-75,-112;100,65,138;120,-11,-2;124,-88,-208;130,4,3;131,25,14;140,-17,-3;165,12,0;170,12,33;180,4,7;205,11,6;210,-2,-12;213,22,27;218,22,48;220,-10,-12;225,-85,-124;235,-5,-5;246,82,118;250,11,14;255,-56,-75;260,48,58;270,12,16;280,-6,-2;295,22,68;296,-10,-45;298,5,43;333,5,-8;460,-8,82;470,-3,11;480,-1,11;571,0,25;589,0,18;603,-5,36;604,-12,7;605,-4,33;613,-35,41;617,13,-14;619,5,-13;628,-10,-4;639,37,-58;640,-46,65;644,3,11;675,5,7;700,-28,20;701,11,-8;704,-7,1;706,14,-13;720,-58,52;810,-17,23;830,-16,11
rua||romao fagundes|varzea de cima|37260000|116,-2109638,-4508582;126,8,6;132,9,6
rua||romao fagundes|vila nova|37260000|14,-2109716,-4508646;20,7,2;25,5,11;36,3,10;39,6,-7;40,-2,0;46,0,11;53,8,14;58,5,-5;63,6,-2;67,1,8;68,-3,-6;75,13,4;91,7,0;103,24,23;121,6,2;129,4,3;139,28,-1;162,-9,25;167,8,-6;172,-3,2;177,15,13;185,3,1;190,5,2;205,6,9;206,-3,-2;216,15,9;217,2,-3;255,23,19;260,9,5;265,5,-2;269,7,8;270,-8,0;282,14,8;283,1,-3;290,1,8;300,4,6
rua||ronaldo luiz de carvalho|varzea dos placedino|37260000|32,-2109543,-4510154;40,-88,-1;60,-10,-3;78,-19,14;197,122,-20
rua||rosa andrade|jardim alegre|37260000|20,-2109540,-4509704;23,26,32;33,17,-7;54,-19,0
rua||rosalina carmem oliveira|palestina|37260000|17,-2109142,-4508641;19,1,3;20,1,-5;26,7,17;27,0,1;37,3,0;40,-4,1;46,4,1;48,4,11;59,3,7;60,-1,-3;68,5,7;72,1,12;84,2,-1
rua||rosendo de bastos lima|chacara bela vista|37260000|37,-2109461,-4507509;108,9,16
rua||sa fortes|centro|37260000|4,-2109100,-4509096;49,6,-4;55,-3,9;80,5,25;87,-2,-4;90,3,14;95,1,0;106,-2,11;122,3,29;125,7,-20;137,-18,19;155,10,11;172,6,6;190,-2,26
rua||sa fortes|rosario|37260000|11,-2109114,-4509149;12,11,-7;33,5,36
rua||salim amim lasmar|varzea de cima|37260000|25,-2109588,-4508295;26,-4,-5;35,-6,-2;36,-1,-1;45,-7,-4;55,-9,-6;56,6,-4;65,-13,-3;100,-24,-29;107,-15,-9;115,-6,0;125,-2,-5;130,3,0;135,-18,-4;145,-6,-2;152,6,-9;155,-15,-4;162,7,-4;167,-13,-1;172,12,-3;177,-18,-1;182,5,-8;192,-7,-4
rua||samuel alvarenga|cohab 2|37260000|16,-2110527,-4509300;26,6,-10;34,-1,-16;46,9,2;54,2,-7;64,9,-10;74,5,-3;84,7,-6;94,9,-9
rua||samuel alvarenga|jardim das flores|37260000|83,-2110498,-4509344
rua||santa maria 2|machado|37260000|71,-2101182,-4509358;73,0,6;79,2,24;85,-9,-11
rua||sebastiao alves vilela|casana|37260000|125,-2110254,-4508056
rua||sebastiao americo de andrade|santa terezinha|37260000|35,-2109933,-4509684;59,-21,15;71,-7,5;83,-7,6;95,-11,6;101,-6,1;111,-5,7
rua||sebastiao augusto da silva|nossa senhora das gracas|37260000|15,-2109969,-4507932;16,-15,13;25,19,-22;26,-14,17;34,1,7;35,27,-28;36,-18,8;60,27,-29;65,-47,64;75,8,-11
rua||sebastiao ferreira dos santos|residencial vila real|37260000|15,-2108895,-4507556;35,19,1;134,88,8;153,213,-9;172,56,2;181,-226,-8;286,98,8
rua||sebastiao francisco dos santos|eldorado|37260000|8,-2108446,-4509816;20,17,-5;30,6,2;57,46,0;87,-30,7
rua||sebastiao helio pereira|eldorado|37260000|85,-2108414,-4509651;105,27,-40;135,2,-27;140,2,6;160,6,-17;180,-1,-18;191,2,-17;199,3,-9;205,0,-13;210,5,5;215,-2,-11;220,2,3;221,-9,43;222,-2,5;226,11,-114;273,-7,9;275,-2,-3;285,1,-11;315,3,-13;321,-7,-23;325,0,-2;365,1,-48;375,1,-8;389,1,45;390,0,-43;435,-7,-66;465,-7,-1;470,7,-21;505,0,13
rua||sebastiao padua pereira|alvorada|37260000|7,-2109319,-4509804;17,-18,59;18,8,-4;27,1,-2;28,5,-9;37,2,3;38,-6,-7;47,-1,-5;48,6,-2;57,0,-13;58,3,0;67,3,0;68,-1,-9;77,-1,-13;78,-4,6;87,5,-6;88,5,-11;97,-1,-5;98,3,-3;285,-17,90
rua||sem denominacao 1|casana|37260000|35,-2110367,-4507707
rua||sem denominacao 1|jardim alegre|37260000|78,-2109443,-4509756
rua||sem denominacao 1|novo jardim|37260000|11,-2110365,-4507705;61,-3,23
rua||sem denominacao 1|varzea dos barbosas|37260000|96,-2108225,-4509506
rua||sem denominacao 1|varzea dos placedino|37260000|100,-2109631,-4509888;138,1,13;150,1,-32;160,-8,14;170,2,15;180,6,10;182,0,-3
rua||sem denominacao 2|novo jardim|37260000|15,-2110381,-4507717;16,-1,1;25,-4,-8;26,2,-5;40,-12,3;45,-6,0;51,-2,-5
rua||sem denominacao 2|varzea de cima|37260000|77,-2109304,-4507985
rua||sem denominacao 2|varzea dos barbosas|37260000|45,-2108187,-4509547
rua||sem denominacao 2|varzea dos placedino|37260000|1,-2109438,-4510126;13,-10,-34;23,13,13;33,4,7
rua||sem denominacao 3|varzea dos barbosas|37260000|47,-2108186,-4509458;92,9,-25;93,-15,-27;114,15,-7;125,-6,-11;134,5,-10
rua||sem denominacao 4|residencial vila real|37260000|22,-2108833,-4507641
rua||sem denominacao 4|varzea dos barbosas|37260000|12,-2108203,-4509350;40,-2,-30
rua||sem denominacao 5|varzea dos barbosas|37260000|17,-2108454,-4509585
rua||sem denominacao|casana|37260000|36,-2110149,-4507870;43,14,-63;250,6,-3;260,-10,-1;270,1,8
rua||sem denominacao|jardim alegre|37260000|30,-2109538,-4509683;50,6,-1
rua||sem denominacao|novo horizonte|37260000|78,-2109170,-4508206
rua||sem denominacao|novo jardim|37260000|21,-2110186,-4508279
rua||sem denominacao|parque das aves|37260000|311,-2110356,-4509435
rua||sem denominacao|retiro dos pimentas|37260000|96,-2105326,-4502534;150,-13,3;151,21,5;152,9,25;157,-3,15
rua||sem denominacao|santa terezinha|37260000|601,-2109727,-4510181;603,-17,3;605,-9,8
rua||sem denominacao|varzea de cima|37260000|23,-2109155,-4507748;191,-54,-119;221,11,-3
rua||sergio antonio dos santos|alvorada|37260000|18,-2109348,-4509707;28,38,30;39,-8,-3;217,10,-16
rua||sete de setembro|centro|37260000|13,-2109211,-4508934;29,-3,5;34,0,-10;36,-4,-6;38,0,9;39,1,-3;40,-3,1;44,-10,4;47,-3,-2;50,12,14;57,2,-16;64,-16,10;73,-16,7;74,-13,-5;78,-9,20;81,15,-19;88,-10,3;89,5,1;96,-27,41;98,17,-39;100,-4,-3;101,3,5;105,-42,14;106,23,-9;107,12,1;110,-11,-1;114,8,4;115,-7,-4;119,-3,3;120,0,-1;122,-7,7;127,-3,-6;128,-1,15;129,5,-14;139,-6,12;147,-16,-5;148,6,0;151,-11,8;157,0,0;185,13,6
rua||tamoios|cohab 2|37260000|285,-2110283,-4509066
rua||tamoios|joao xxiii|37260000|220,-2110319,-4509100;240,-19,11
rua||tamoios|sao francisco|37260000|50,-2110377,-4509096
rua||tancredo neves|cohab 2|37260000|14,-2110397,-4509205;18,4,-9;28,4,-10;39,-9,-17;40,5,19;51,3,-32;52,3,7;63,-5,-19;64,6,8;75,-2,-19;76,4,3;87,-3,-9;88,5,4;99,-3,-15;112,7,-10;115,-5,-9;124,8,-5;125,-4,-12;137,2,-13
rua||teotonio felipe de carvalho|nossa senhora das gracas|37260000|4,-2109834,-4507740;7,-7,-11;12,3,5;15,-11,1;22,4,-8;35,-9,4;36,-6,-11;45,-16,1;50,12,-7;58,-8,-10;62,-5,-6;66,-4,-3;69,-11,0;72,7,-2;85,-15,-7;86,4,-4;95,-12,2;96,6,-9;104,-5,-2;105,-4,4;107,-10,-9;114,4,-2;125,-8,6;129,-9,-18;130,11,5;138,-3,-8
rua||tome dias alvarenga|santa terezinha|37260000|545,-2109708,-4510204;565,2,-13;567,-6,-13;588,-6,92;598,-20,-12;600,25,-21;635,-25,-121
rua||tome dias alvarenga|varzea dos placedino|37260000|452,-2109715,-4510139;494,5,-16;500,4,-11;510,7,-11;520,-8,-8;524,3,-6;530,-3,-16;566,10,-9;576,-8,-15;586,-2,-6;594,2,-3
rua||travessa duque da rocha|palestina|37260000|9,-2109289,-4508686;29,-14,-14;39,5,5;70,17,3
rua||tupis|sao francisco|37260000|119,-2110453,-4509192;213,-69,102
rua||um|sao dimas|37260000|31,-2110035,-4508884;35,-15,-1;45,-4,0
rua||vicente da costa|eldorado|37260000|15,-2108287,-4509872;25,3,-7;35,1,4;44,7,-42;45,-5,24;56,-2,-26;65,-3,5;66,2,-17;116,0,-56;136,-8,-14;141,-4,9;145,-4,-37;165,3,-18;185,4,-24
rua||vicente de souza resende|chacara bela vista|37260000|10,-2109302,-4507353;20,-6,15;35,-13,28;41,-10,3;49,-5,-5;50,0,2;51,-5,1;57,-6,6;60,-3,-3;65,2,-1;80,-14,9;86,-6,-1;96,-7,6;101,-6,8;108,-2,1;113,-11,6;118,3,-8;129,-22,16;134,4,-10;141,-11,14;144,2,-13;152,-2,4;153,-9,19;159,-8,-5;160,9,-11;184,-69,36;205,21,-2;217,-9,6;220,9,-14;230,-11,-3;231,-6,25;252,-15,-8;283,-34,23;288,0,-5;295,-20,19;300,14,-20;312,-12,9;324,-2,2
rua||vinicius jose da silva|varzea de cima|37260000|36,-2109228,-4507841;41,17,-1;51,4,3;52,9,6;155,-30,-15;167,0,1;247,16,15;255,6,-3;301,8,5
rua||violeta|novo jardim|37260000|173,-2110318,-4508469;207,1,40;227,7,22;248,-4,26;266,0,31
rua||vitor crincoli|alvorada|37260000|5,-2109325,-4509720;10,-68,-16;15,78,19;19,14,3;115,-88,-12;151,-42,35;161,6,-11;171,9,-4;181,4,-8;191,10,-3;211,9,-16;213,13,-3;220,-9,4;221,13,-20;227,-1,8;230,10,0;240,2,15;245,0,-14;250,12,9;256,18,16;260,4,-7;319,53,9;329,9,-6
rua||vitor crincoli|jardim alegre|37260000|11,-2109505,-4509564;13,-4,-14;29,2,-17;43,3,-6;59,4,-12;69,18,-20;75,6,-5;85,4,-13;107,8,-4;113,4,3;123,7,-11;133,15,5
rua||xavantes|sao francisco|37260000|110,-2110476,-4509037
rua||zoe alvarenga|santa terezinha|37260000|35,-2109830,-4509772;45,12,-4;88,17,9
travessa|doutor|jose de magalhaes pinto|joao xxiii|37260000|30,-2109981,-4508894;31,-1,9;40,1,-6
travessa|governador|valadares|centro|37260000|19,-2109510,-4509038;22,-8,-1;31,-1,5;41,-2,-7;45,-3,-6;55,5,-5;60,-3,-8;69,-7,5;70,6,-12;89,-6,-19
travessa|nossa senhora|aparecida|varzea dos placedino|37260000|243,-2109694,-4509790;279,2,-11;280,-15,-2;281,15,1;283,-10,4;284,-16,8;285,-7,-2
travessa|santa|rita|cruzeiro|37260000|235,-2109692,-4509593;242,3,-39;245,-6,34;251,-5,-8;257,8,-18;261,-5,5;265,-10,4;269,-70,243;281,75,-245
travessa|santa|terezinha|jardim alegre|37260000|8,-2109561,-4509742
travessa|santo|antonio|vila nova|37260000|4,-2109600,-4508730;12,-3,0;18,-9,2;314,-4,2
travessa|sao|sebastiao|machado|37260000|35,-2101185,-4509415;38,-5,-15;39,-4,5;45,12,18;47,-8,-1;56,-2,11;66,6,1;70,-7,-61
travessa||afonso pena|varzea de cima|37260000|331,-2109767,-4508401;333,-1,-2;337,4,-1;355,-10,-10;452,35,35
travessa||basilio candido da silva|varzea dos placedino|37260000|41,-2109523,-4509874
travessa||do rosario|rosario|37260000|31,-2108928,-4508968;45,19,-5;67,17,7
travessa||dos marcianos|machado|37260000|50,-2101227,-4509404;59,5,27;81,4,-14;91,3,8
travessa||eduardo gomes|vila nova|37260000|45,-2109981,-4508615
travessa||joaquim murtinho|varzea de cima|37260000|34,-2109249,-4507889;75,-118,-5;84,14,5;85,0,-3;115,119,17;175,4,-10
travessa||jose moreira de alvarenga|cruzeiro|37260000|20,-2109624,-4509760;30,-10,8;35,10,1;40,-13,1;45,1,4;49,-10,0;50,7,-3;60,-16,5;157,49,-5
travessa||jose moreira de alvarenga|jardim alegre|37260000|5,-2109573,-4509746;20,-1,-4;25,12,3;33,0,-8;146,-25,11
travessa||jose placedino da silva|varzea dos placedino|37260000|39,-2109514,-4510059;41,4,11;59,5,10;63,0,14;69,15,12;81,-18,6;103,8,14;150,-45,-70;200,53,-29
travessa||juvencio moreira de alvarenga|centro|37260000|10,-2109112,-4509090;22,14,-11
travessa||lasmar|vista alegre|37260000|4,-2109740,-4509212;25,6,1;30,-3,-1;35,10,-4;45,5,-4
travessa||miguel lopes|palestina|37260000|21,-2109190,-4508447
travessa||romao fagundes 1|retiro dos pimentas|37260000|48,-2105326,-4502407
travessa||romao fagundes|retiro dos pimentas|37260000|65,-2105146,-4501778;70,-17,-18;71,-5,8;75,20,6;81,-24,-29;100,-6,-15;128,-13,-19;130,-25,47;323,-1,-2
via||marginal jayme teixeira|sao francisco|37260000|2230,-2110430,-4508976;2275,-44,-23;2282,-35,-17
