alameda||argentina|jardim brasil|26185010|1,-2270823,-4333276;2,0,118;4,-3,-34;5,-20,347;6,11,-265;7,24,-141;8,-14,116;9,21,-91;10,-38,268;11,7,-75;12,8,-94;13,-8,27;14,11,-62;16,-7,81;17,-3,72;20,-34,284;21,26,-256;22,-21,303;24,32,-365;25,-8,27;26,11,101;27,-26,89;28,9,-21;29,14,-166;30,-2,11;31,-25,193;32,28,-171;44,-7,18;48,14,-188;57,-31,458;81,-1,-31;96,-16,135;101,-4,11;103,4,5;195,49,-537;251,-10,165;255,12,-16;309,-28,100;435,12,-192;611,10,99
alameda||pedro de alcantara|vila verde|26172103|15,-2272879,-4336466;16,11,7;17,-23,-14;18,37,17;19,-31,-12;20,3,-3;22,-43,-24;23,-8,-9;25,19,3;38,264,-101;47,-72,-33;48,-8,-3;178,-185,86;180,19,-4;184,20,-10;186,2,-3;187,5,-7;188,9,3;190,29,-16;205,137,-69;1000,-229,161;1577,-10,-44;2001,43,-28;2002,9,-1;2003,11,-9
avenida|santa|amelia|santa amelia|26115310|8,-2274246,-4338978;9,-4,5;16,-11,28;17,-30,8;18,-13,5;19,-19,5;20,-17,5;21,-8,4;25,-81,24;26,8,-8;28,1,9;30,-35,0;52,232,-112;53,-249,124;54,244,-114;55,-158,118;56,114,-81;57,-77,47;65,-268,129;75,12,0;85,-1,-19;95,9,-5;96,107,-60;99,-47,-12;100,33,8;105,-86,60;115,8,0;122,98,-65;123,132,-33;125,-155,60;135,-67,15;145,10,0;191,23,-39;201,13,-5;211,5,3;221,12,-8;231,15,7;240,93,-30;241,-90,24;251,12,-4;261,8,-3;271,9,-7;321,87,-7;451,-138,41;727,152,-40
avenida||adamastor|xavantes|26160000|13,-2273683,-4340006;102,-15,-4
avenida||alexandrina|lote xv|26183340|2,-2271726,-4333273;3,-8,2;4,-21,-35;6,28,-6;10,1,14;11,16,47;13,-48,-86;14,31,37;15,3,-10;18,25,40;22,27,30;33,-111,-123;38,57,52;120,-4,28;126,-4,-47;128,12,44
avenida||anhanguera|sao bernardo|26160660|1,-2273186,-4338698;12,54,61;14,-64,-59;16,63,105;18,-125,-245;29,7,5;30,-5,-9;35,-28,-55;37,-10,-14;38,228,443;39,-66,-141;43,3,40;70,-171,-269;208,32,12;210,10,4;251,89,138;256,41,137;349,-59,-133;353,-2,27;355,0,6;365,169,272;375,1,-13;410,-282,-513;420,8,16;450,73,157;471,-8,-22;475,-4,-9;481,170,310
avenida||atlantica|jardim xavantes|26160180|936,-2273726,-4339451;942,11,9;948,0,6;954,1,-6;958,-5,3;964,14,8;970,1,0;976,-2,1;980,18,4;986,-1,8;992,1,8;998,11,-6;1002,1,7;1008,0,8;1014,8,-3;1026,17,14;1074,31,25;1080,1,1;1086,0,7;1092,5,3;1096,9,10;1102,1,-6;1108,3,2;1114,-2,0;1118,10,8;1124,5,-1;1130,6,3;1136,3,7;1140,1,3;1148,2,11;1156,10,-5
avenida||atlantica|recantus|26160630|2,-2271750,-4338371;3,-7,-10;5,-13,-9;6,-324,-203;7,303,191;8,97,59;9,97,69;10,-113,-74;11,-128,-92;12,224,150;14,-21,-10;17,-27,-16;19,-26,-16;30,351,240;31,-1,11;33,-144,-112;46,-215,-145;49,489,348;62,-352,-259;63,-386,-234;64,6,8;65,13,6;66,11,2;67,178,109;68,-172,-104;71,390,245;72,19,17;75,2,-26;76,8,22;85,-646,-508;87,-7,9;98,-20,29;99,2,67;101,13,-55;112,863,612;118,-825,-605;121,408,319;132,-385,-302;173,-80,-24;174,8,1;175,1,8;176,-9,8;179,-4,12;180,0,-3;297,525,328;298,-413,-213;1208,841,516;2752,-1079,-640;2758,21,16;2762,-10,-4;2768,5,13;2774,7,-12;2780,1,8;2784,4,3;2800,10,1;2801,13,5;2834,25,9;2840,4,2;2846,3,3;2852,0,18;2856,6,-3;2862,17,-8;2868,-6,2;2874,9,0;2878,2,4;2886,3,2;2906,39,-7;2912,-14,19;2918,1,7;2928,13,10;2934,-21,-21;2940,25,21;2944,8,-9;2950,5,4;2956,3,2;2976,17,9;2982,6,6;2988,5,0;2992,20,-7;2994,-2,25;2996,10,-7;2998,13,6;3000,14,8;3002,8,0;3004,4,3;3006,14,8;3008,6,1;3010,19,-13;3012,3,6;3014,10,19;3015,9,8;3030,14,3;4006,687,454;4600,-2,0
avenida||atlantica|recantus|26163010|59,-2272106,-4338699;160,-35,83;162,-5,-3
avenida||atlantica|sao francisco|26160630|1208,-2273520,-4339284;1214,1,5;1220,-1,-2;1224,8,7;1230,4,8;1236,1,-1;1242,6,7;1246,5,0;1252,3,0;1258,11,1;1264,23,32;1268,-20,-25;1274,1,2;1280,2,7;1286,4,-9;1314,22,20;1320,7,5;1324,-1,4;1330,5,1;1336,11,-8;1342,-6,9;1346,6,7;1352,9,2;1360,7,3;1380,11,9;1386,8,8;1392,3,-1;1396,3,4;1402,3,2;1408,1,7;1414,6,-1;1418,3,19;1424,6,-3;1432,13,-1;1434,-10,1;1456,17,9;1462,9,11;1468,0,3;1472,7,-2;1478,5,4;1484,3,5;1490,2,0;1494,-79,-135;1500,84,144;1508,3,6;1756,189,127;1762,1,-2;1768,3,4;1772,8,2;1778,5,3;1784,4,0;1800,18,12;1828,8,6;1834,15,-6;1840,3,12;1850,10,3;1856,6,3;1872,4,-6;1878,6,5;1884,7,11;1890,16,-6;1912,13,16;1918,7,-1;1924,1,2;1934,9,4;1940,9,3;1952,1,7;1956,12,3;1962,-9,32;1968,16,-29;1974,4,1;1978,0,1;1984,2,-1;2016,34,16;2022,4,1;2028,7,-2;2034,7,7;2040,5,7;2044,1,-7;2050,6,3;2056,2,1;2062,12,4;2066,-2,0;2072,9,3;2094,8,8;2100,13,2;2106,3,6;2110,3,1;2120,6,-1;2126,7,9;2132,3,-7;2138,9,-1;2144,8,3;2150,1,5;2158,12,-11
avenida||atlantica|sargento roncalli|26160630|6,-2271456,-4338088;21,-91,-73;65,122,66;68,46,62;70,-3,18;73,-23,-12;93,-142,-112
avenida||atlantica|vila maia|26160630|2176,-2272775,-4338855;2182,5,13;2186,1,0;2192,3,2;2198,10,6;2204,-3,2;2208,11,-4;2214,5,6;2220,-1,7;2226,9,15;2230,3,0;2238,8,14;2260,18,-40;2264,4,23;2270,4,0;2276,4,1;2282,4,2;2286,11,3;2292,-1,-3;2298,6,4;2304,2,3;2308,4,2;2314,9,10;2418,91,12;2422,1,70;2428,7,-36;2434,3,-6;2440,0,5;2444,3,7;2450,12,-3;2456,9,15;2462,-4,-17;2466,1,7;2472,10,-13;2480,-21,26;2500,45,2;2506,0,-13;2512,10,13;2516,0,2;2522,18,2;2528,-6,0;2534,4,2;2538,12,-3;2544,-1,11;2550,0,10;2556,13,-18;2562,1,11;2586,12,7;2590,8,-8;2596,6,14;2602,-1,-1;2608,10,5;2612,8,0;2618,-14,-8;2624,25,10;2630,3,7;2634,-6,-5;2648,21,12;2666,12,6;2672,10,3;2678,0,1;2682,4,-4;2688,4,22;2694,3,-11;2700,1,10;2704,5,-9;2710,7,12;2716,8,-12;2722,4,10;2728,11,-2
avenida||atlantica|vila maia|26163530|2342,-2272636,-4338789;2348,0,10;2354,9,1;2358,5,-2;2364,-3,10;2370,14,0;2376,18,0;2392,-6,7
avenida||atlantica|xavantes|26160070|492,-2274069,-4339711;498,27,0;504,2,3;510,4,2;514,7,5;520,3,0;526,1,7;532,5,-2;536,2,6;542,9,1;544,6,16;548,-4,-6;554,4,7;558,10,-4;564,-6,3;576,8,8;580,7,0;586,1,8;592,1,-5;598,7,11;602,5,3;610,18,16;612,2,-5;613,11,-13;626,-16,21;632,11,6;638,2,7;644,-9,-13;648,15,11;654,8,9;660,4,3;666,2,3;670,17,-17;758,-6,28
avenida||atlantica|xavantes|26160080|860,-2273769,-4339485;882,1,0;884,4,4;888,6,6;894,-1,0;900,8,1;906,1,9;908,0,0
avenida||atlantica|xavantes|26160100|718,-2273886,-4339580;724,8,16;726,50,36;730,-48,-41;736,5,5;740,2,1;746,5,2;752,4,10;758,4,4;762,12,-5;768,-1,8;774,0,1;780,9,10;784,0,-5;790,4,10;796,3,2;802,7,1
avenida||augusto vasco aranha|areia branca|26135060|931,-2274859,-4341100;1007,79,-69
avenida||augusto vasco aranha|jardim america|26135060|1109,-2274731,-4341208;1111,9,-3;1113,7,-1;1129,8,-10;1135,12,-9;1165,18,-3;1175,15,-21;1199,4,-11;1209,16,-6;1219,3,-7;1231,5,-13;1249,6,-4;1255,16,-9
avenida||augusto vasco aranha|parque laranjeiras|26135060|313,-2275319,-4340773;315,8,2;319,2,5;321,1,-6;333,18,-1;341,2,8;349,14,-9;357,6,1;491,110,-55;497,8,3;501,3,-4;503,6,10;505,-15,-31;515,-3,-6;517,17,7;519,13,-2;521,5,-5
avenida||augusto vasco aranha|parque laranjeiras|26140140|10,-2275252,-4340783;391,10,-1;395,9,6;399,1,-8;409,2,0;411,16,13;423,4,-7;441,9,-9;455,9,-7;459,14,12;463,8,-6;465,-8,-15;473,6,-16
avenida||augusto vasco aranha|vila souza|26135060|19,-2275565,-4340709;23,-2,2;29,5,-3;39,11,-1;41,-3,-12;61,18,17;69,1,-15;78,28,-6;79,189,-40;105,-169,29;135,-38,22;141,74,-26;151,4,4;161,-19,0;173,27,-9;177,8,10;193,15,-11;201,8,-8;211,-64,15;215,-104,38;229,195,-56;251,18,-4;253,-2,0
avenida||marco aurelio|jardim do ipe|26116170|23,-2270940,-4334248;25,8,10;27,-3,4;29,-15,-23;54,63,317;56,2,10;96,-222,-514;230,227,389;308,-13,-115;318,12,130;368,-63,-203;438,-18,-29;439,6,8;440,33,43;458,-46,-59;459,-12,-12;508,-18,-17;528,-7,-18;548,-17,-22;598,-30,-33;614,-64,-74;615,-17,-22;618,76,87;620,-77,-94;6060,134,162;6062,9,22
avenida||marco aurelio|jardim do ipe|26180150|2,-2270921,-4334182;10,-74,-92;18,-85,-93;22,-28,-33;445,146,175;447,-17,-24;449,10,5;455,-19,-16;465,-3,-3;505,-6,-9;525,-28,-27;535,-4,-8;545,1,-3;565,-22,-20;575,0,-4;585,-2,-4;735,-41,-43;745,-4,-12;755,-3,2;775,-14,-22;777,9,2;785,-2,-4;795,-15,-16;805,-9,-6;815,-3,-5;4499,159,212
avenida||marco aurelio|jardim do ipe|26185172|298,-2270890,-4334186
avenida||nova aurora|belford roxo|26155070|5,-2272644,-4340085;6,338,112;7,79,65;8,-73,-57;9,-30,-21;10,54,31;11,-6,9;12,-39,-43;15,-90,-25;16,-2,0;17,212,135;18,-235,-153;19,231,142;20,-232,-136;21,54,34;22,-67,-41;23,-59,-31;24,-15,-8;25,196,87;26,-215,-93;29,-28,-3;30,-6,-25;31,-15,10;32,-22,28;33,-10,-14;34,168,51;35,359,170;36,-4,11;37,-28,38;42,-266,-203;43,-4,1;44,47,17;60,261,227;61,2,17;62,1,0;70,-289,-254;72,37,22;73,-68,-25;74,43,7;78,-7,6;79,-7,8;82,19,-23;85,-52,-6;100,60,33;120,-76,-40;122,3,9;127,101,22;132,-152,-44;182,3,0;187,9,6;203,-32,-13;309,32,14;405,85,133;464,-153,-173;575,-27,25;581,270,72;582,-266,-102;584,-2,0;900,31,14;990,8,7;1880,-92,-15;1889,7,-9;1917,62,20;1991,-58,-16;1993,24,7;1994,12,-4;1995,-9,-8;1996,-3,9;1997,41,6;1998,-1,5;2000,22,4;2001,27,16;2002,1,-9;2003,3,-10;2325,331,224
avenida||nova aurora|nova aurora|26155070|13,-2272179,-4339861;20,21,77;22,-57,-112;27,-70,-58;40,306,320;50,-9,-22;52,5,20;60,-10,-7;69,-226,-230;70,224,214;98,9,9;114,-239,-240;123,-8,-10;124,3,5;125,-4,-15;130,-44,-44;133,6,10;135,5,3;138,15,3;139,48,58;140,-58,-55;155,120,133;171,-54,-88;191,66,94;194,-62,-62;195,3,-5;196,-11,-34;197,26,37;198,-19,-5;199,22,35;200,-3,-2;201,16,18;203,5,-5;205,34,32;216,137,172;225,-164,-202;277,0,5;410,242,297;450,-215,-257;600,10,3;860,217,277;861,2,7;1000,-33,-48;1202,67,96;1269,-214,-303;1279,19,3;1285,-6,6;1300,23,31;1301,10,-6;1302,-15,-3;1402,270,339;1713,-183,-221;1721,7,7;1725,1,8;1731,7,8;1732,-14,-3;1734,7,-4;1736,-4,17;1737,7,5;1738,16,13;1739,-15,-14;1741,25,5;1743,14,7;1954,39,91;1955,8,20;1956,15,11;1957,-4,0;3550,22,19;3553,3,16;3559,37,18;4001,-107,-113;4200,13,17;4202,2,-5;4204,5,1;4206,2,21;4220,5,4;4278,-234,-317;4279,-1,7;4280,5,2;4282,15,17;4286,10,7;4287,8,12;4290,3,9;4293,29,21;4300,-18,-9;4312,6,0;4313,5,5;4320,9,15;4321,10,9;4322,3,2;4324,9,12;4333,122,172;4335,23,4;4340,-4,40;4342,9,6;4343,0,-1;4345,-11,-35;4346,14,52;4347,5,14;4349,12,-14;4352,20,26;4444,51,24;4605,41,-7;4615,17,4;4623,8,-15;4635,2,6
avenida||nova aurora|recantus|26155070|51,-2271020,-4338451;53,18,-3
avenida||nova aurora|recantus|26163170|2,-2270886,-4338452;3,-146,148;4,160,-158;62,-127,12
avenida||nova aurora|sao jorge|26155070|4347,-2271687,-4339362;4390,-102,-6;4500,9,11;4501,12,-8;4502,-10,-5;4616,84,2;4699,-23,7
avenida||nova aurora|vila maia|26163350|19,-2271847,-4339384
avenida||radler aquino|belford roxo|26155080|14,-2272148,-4340370
avenida||radler aquino|belford roxo|26155335|20,-2272232,-4340514;21,-12,-14;23,-13,-27;24,56,101;50,-43,-76;402,27,43
avenida||radler de aquino|nova aurora|26155335|2,-2272110,-4340350;8,33,45;10,26,7;11,-34,-26;13,52,31;19,-355,-478;20,18,25;23,26,37;24,0,11;25,10,12;26,9,9;27,7,16;28,10,6;29,4,13;30,6,21;31,7,10;33,0,19;35,9,-3;36,-46,-89;148,77,136;150,1,-1;154,2,21;155,7,-12;157,-6,14;230,120,100;240,-27,-3;358,-126,-146;403,64,88;405,5,8;423,2,2
beco||amizade|santa tereza|26195230|1,-2275085,-4335227;2,8,19;3,5,8;4,5,9;5,1,0;6,6,9;7,-6,-18;8,18,24;9,5,13;10,7,7;11,6,4;13,2,8
beco||araquetiba|nova aurora|26160260|22,-2273150,-4339905;23,-18,0;25,-92,24;32,13,16;35,5,0;55,-18,-10;70,-36,-42;75,29,36;85,-53,-39;95,4,1;104,83,54;135,-66,-49;185,273,-100;187,4,-10;189,-5,11;200,-119,105;201,-70,7;225,-71,-5;248,136,2;249,-110,16;284,333,-113;285,-10,3;287,-20,2;288,-235,89;289,207,-89;293,-48,-17;309,-116,108;315,106,-96;316,-25,6;318,-6,17;319,-3,0;321,-31,21;322,-4,7;323,-16,-8;324,18,11;325,-33,35;326,-8,6;328,-24,3;536,-122,-12;590,83,2
beco||ariapo|hiterland|26116741|3,-2274502,-4338360;5,64,-55;15,8,-10;184,-17,20;456,-40,27;715,26,-27;736,0,15;738,-53,35;741,52,-36;745,-36,26
beco||arotiba|nova aurora|26160270|83,-2273227,-4339961;87,-6,-21;88,9,23;89,-1,11;205,4,13;206,-7,-12;244,-40,-2;246,15,-2
beco||assapaba|parque alvorada|26183620|1,-2273042,-4333693;23,40,-42;24,18,-10;76,-47,45;165,79,-50;167,17,-17
beco||assapaba|parque fluminense|26183620|6,-2273009,-4333660;8,-2,4;77,-5,-16;81,22,-19;177,13,2
beco||aurora|bom pastor|26110299|5,-2275647,-4337004;15,1,-1;16,-4,2
beco||da alegria|sargento roncalle|26167562|12,-2272120,-4338216;23,3,10;36,-39,49
beco||da alegria|sargento roncalli|26167562|23,-2272130,-4338201;32,-4,16;35,25,-46;36,-21,35
beco||da anta|santa tereza|26193000|25,-2274122,-4334086;77,78,2;85,-18,-5;105,-68,16;114,45,-21;116,2,0;119,51,18;125,-72,-22;137,28,7
beco||da anta|santa tereza|26193254|33,-2274014,-4334093
beco||da anta|santa tereza|26195000|3,-2274058,-4334110;5,-76,-14;15,88,38;29,-97,-22;35,96,24;39,-19,-25;51,1,14;57,-62,18;59,54,-24;60,-14,-1;84,-38,22;90,49,-14;130,3,2;136,1,-1;138,-8,-45;139,8,9;140,12,19;142,0,-10;143,-13,-7;147,-16,-18;148,15,12;149,-17,-9;165,-4,40;169,-10,2;176,-9,-4;185,-12,19;186,11,-13
beco||da ariapo|hiterland|26116741|704,-2274510,-4338469;705,7,6;706,-11,9;708,6,4;709,0,4
beco||do abraao|vila joao rodrigues|26196015|360,-2275038,-4336337;385,-26,-90;440,19,79
beco||do amor|xavantes|26160000|1,-2274010,-4339898;2,19,148;30,-14,-143;34,1,25
beco||do amor|xavantes|26160090|33,-2274006,-4339900;34,3,26
beco||do cel azul|andrade araujo|26130690|3,-2275101,-4341850;4,6,20;5,6,-30;6,-4,-24;7,8,51;8,-11,-4;13,2,10;128,18,-40;201,-6,17;288,-28,20
escadaria||andorinha|wona|26175130|20,-2272204,-4334311
escada||anajas|santa amelia|26115260|610,-2274270,-4338750
estrada||castro alves|maringa|26177170|1,-2271684,-4335845;2,5,-11;6,-25,97;7,-7,0;8,11,-74;9,-19,89;10,-14,22;13,34,-39;16,44,-213;103,-34,214;144,-71,136;332,103,-313
estrada||castro alves|roseiral|26173310|1,-2271806,-4335497;2,4,-4;3,51,-125;18,-56,136
estrada||castro alves|roseiral|26177170|1,-2271764,-4335577;2,7,64;3,-27,-59;4,-42,117;5,62,-76;6,-56,71;7,-8,-1;25,24,-64;76,11,-17;79,-5,12;175,8,-30;200,27,38
praca|dona|alzira|parque veneza|26183490|12,-2272146,-4333293;57,2,-22;86,5,10;230,-27,6;231,3,4;232,6,11
praca||angelica|vila pauline|26170020|28,-2273392,-4336628;32,29,4;33,-5,-5;34,-9,-10;35,-2,0
projetada||azevedo|shangrila|26127090|17,-2272418,-4342020;21,-27,8;22,-5,-4;23,-18,9;30,42,-16;31,-13,1;40,0,0;45,17,4
projetada||azevedo|shangrila|26127320|9,-2272368,-4342042;20,-37,-20
rua|coronel|otavio aragao|bom pastor|26113165|1,-2276072,-4337850;2,5,18;3,-26,-9;4,-5,5;5,-27,28;6,11,-13;7,-11,19;8,-8,3;9,-13,6;10,-14,6;22,54,-47;60,-10,19;67,-90,81;68,36,-55;69,-2,16;71,-12,9;72,3,-6;73,-14,7;74,13,-14;75,-13,25;76,-3,-2;77,-20,22;78,3,18;79,8,-18;80,-18,-42;85,-7,9;86,16,38;88,18,-19;89,2,39;90,-34,-7;91,0,18;98,-2,5;102,32,1;108,-14,15;118,-12,14;119,20,2
rua|dom|alfredo|jardim ideal|26195305|9,-2275283,-4335107;10,12,-5;11,-25,32;12,5,-12;13,-15,7;14,-17,24;16,28,9;101,60,-69;131,-28,18
rua|dom|pedro de alcantara|roseiral|26173310|9,-2271617,-4335508;16,73,185;17,25,19;19,-127,52;25,387,-154;26,-7,6;28,-150,46;29,108,-33;30,-225,-9;35,-8,81;37,-87,-87;38,6,-14;39,-16,-1;41,19,-53;42,3,-18;213,-4,9
rua|dom|pedro de alcantara|roseiral|26177310|4,-2271307,-4335396;5,-10,3;10,-39,-7;11,-11,5;12,-152,81;13,131,-56;14,-23,7
rua|dona|afra|malhapao|26187040|1,-2273088,-4334487;22,-40,26;24,20,-14;25,9,-13;26,4,-10;27,-54,64;46,50,-51;56,-11,7;66,4,14;76,-20,-3;86,-5,11;90,5,1;95,-11,11;103,-10,8;115,-5,4;116,-4,2;126,-10,6
rua|dona|afra|parque amorim|26185155|1,-2270486,-4333174;3,-3,-22;28,-22,344;36,18,-259;42,5,-57;43,-1,-8;44,5,-14;47,0,-31
rua|dona|afra|parque amorim|26187040|7,-2270526,-4333175;8,10,258;10,22,-267;20,-12,105;50,11,-54
rua|dona|afra|parque fluminense|26187040|19,-2273318,-4334318;141,107,-58;147,-32,30;149,-11,1;155,-8,19;157,-9,5;159,-5,7;161,-10,0;165,-14,9;167,-3,2;169,-16,-12;173,-27,-25;174,-2,0;395,-14,-7;405,-19,-19;415,-2,-4;425,1,-1;435,-5,-3
rua|dona|afra|parque morada|26187040|140,-2273215,-4334378;142,-12,12;144,-5,-2;146,-20,-3;148,-85,-29;150,61,56;152,1,-8;154,-7,30;156,6,-1;158,0,11;160,-148,-142
rua|dona|afra|parque suecia|26187040|417,-2273349,-4334351;418,36,12;436,-81,-35
rua|dona|albertina|andrade araujo|26130540|30,-2274630,-4341953;41,0,6;43,-9,9;45,1,3;47,-10,3;49,-1,11;58,9,-22;60,-1,9;62,-9,-2;64,-5,16;82,-10,16;92,-7,7;104,-4,10;727,-29,11;734,81,-87;846,6,-3
rua|dona|ana|belford roxo|26155000|2,-2272604,-4340259;3,13,-10;4,14,-29;5,-4,-6;6,-51,156;10,12,-46;11,66,-176;13,-5,-10;15,-4,18;19,-12,48;27,-24,19;66,-27,142;70,60,-110;80,-23,-10;121,-46,143;123,8,10;125,-14,14;257,35,-113;287,-20,91
rua|dona|ana|nova aurora|26155000|20,-2272551,-4340427;240,-21,-25;340,9,13;1656,2,-34
rua|dona|ana|sao francisco de assis|26155000|6,-2272619,-4340199;8,56,-210;9,5,4;29,-34,-118;34,-17,255;118,-29,103;120,4,18;127,46,-150;128,-53,146;140,-1,34;143,10,-7;145,-20,30;200,31,-105;256,5,-16;258,-6,10;1658,48,-261
rua|dona|aparecida|sao jorge|26155445|1,-2271506,-4340395;2,-35,-20;3,3,14;4,3,-3;5,3,4;6,24,16;7,6,3;8,19,-1;9,5,4;10,10,5;11,6,-6;14,36,18;15,16,10;16,25,26;17,-4,-8;18,-55,-34
rua|dona|maria parte alta|belford roxo|26155285|309,-2271736,-4340223;394,-31,3;396,16,-15;477,67,48
rua|dona|maria parte alta|belford roxo|26155310|461,-2271678,-4340170
rua|doutor|alarico de araujo|parque uniao|26173665|2,-2272394,-4334452;5,-29,-4;7,-113,37;11,85,-39;13,-73,1;18,6,5;19,14,6;20,14,-10;23,21,-5;27,33,2
rua|doutor|alarico de araujo|parque uniao|26175700|10,-2272510,-4334438
rua|doutor|americo|santa tereza|26193060|3,-2274365,-4334707;4,207,-186;5,5,-3;6,-78,68;7,119,-113;8,0,-1;12,-168,155;15,112,-100;16,-8,7;18,-36,37;19,20,-19;20,36,-28;21,-70,61;22,3,6;24,32,-22;26,95,-101;27,-158,139;28,23,-14;29,-43,35;34,59,-48;35,130,-118;37,-117,102;40,138,-125;64,-303,270;100,240,-215;106,-242,217;188,206,-171;197,35,-41;198,-10,9;199,-16,18;200,50,-32;201,6,-19;202,-11,5;203,-35,30;204,45,-45;205,19,-10;207,10,-3;208,17,-18;209,3,-3;211,-16,5
rua|doutor|jose catunda de araujo|santa helena|26173666|12,-2272714,-4334403;16,69,-34;19,16,-11;22,23,-10;23,21,-14;70,-99,68;72,1,-8;74,19,-15
rua|ministro|filadelfia azevedo|jardim sao francisco de assis|26125670|30,-2272945,-4340950
rua|ministro|filadelfio de azevedo|jardim sao francisco de assis|26125670|15,-2272464,-4340902;16,-14,8;17,-55,5;24,-49,-16;26,-64,-1;40,68,10;70,-71,-17
rua|ministro|filadelfio de azevedo|sao francisco de assis|26125670|2,-2272486,-4340887;6,-48,11;9,-183,-39;10,-16,1;33,270,12;60,-65,40
rua|pastor|aristeu de amorim|nova aurora|26155320|41,-2272044,-4339865;140,-14,2;150,10,-12;151,-6,8;160,1,-1;161,1,-12;170,8,-8;171,6,2;180,5,-13;190,-1,48;191,0,-53;200,12,-5;201,-5,-4;204,0,-7;210,8,-1
rua|pastor|aristeu santos de amorim|belford roxo|26155320|60,-2272108,-4339792;70,-4,-5;71,20,-24;80,7,12;81,-2,-18;90,5,13;91,-1,-20;100,4,12;110,9,-12;111,-8,-6;120,18,-4
rua|presidente|alves|parque fluminense|26165241|2,-2273315,-4333665;22,-10,-21;23,-8,-17;25,-23,-19;30,50,55;35,-48,-54
rua|santo|afonso|santa emilia|26177320|4,-2271765,-4335314;5,10,2;8,30,5;12,61,14;15,-53,-20;17,-21,-5;21,9,3;23,-34,-6;38,31,3;777,-12,5
rua|santo|amaro|parque sao vicente|26172340|19,-2272514,-4337137;21,-10,-18;28,22,-7;39,-2,-7;40,10,-6;41,-5,4;52,13,-15;53,-4,5;64,10,-9;65,-5,-6;74,7,-2;76,4,-1;77,-11,-1;80,14,-2;88,-17,-17;89,14,8;100,12,-5;101,-7,-3;112,13,-12;113,-6,-2;124,7,5;125,0,-17;136,13,-5;137,-5,-4;138,-5,20;153,-2,-38;156,27,32;165,-21,-28;168,22,17;171,-17,-10;177,3,2
rua|santo|andre|parque sao vicente|26172320|15,-2272410,-4337071;16,-1,-1;28,4,-23;29,3,14;41,9,-13;42,-3,4;52,10,-8;53,-4,-2;64,7,-8;65,1,-6;66,-5,5;76,12,-6;77,0,-9;88,8,-1;89,-3,1;100,8,-8;101,-2,-1;112,6,-10;113,1,-8;117,1,-3;124,5,-1;125,1,1;136,7,-8;137,3,-3
rua|santo|andre|sao vicente|26172320|13,-2272351,-4337177;137,-5,4;153,7,-10;154,25,13;156,-2,7;177,-7,-24;409,3,11
rua|santo|angelo|parque amorim|26178015|13,-2270607,-4333508;40,9,-2;80,3,-24;85,-5,3;90,9,-18;92,-3,-6
rua|santo|angelo|sao vicente|26178015|3,-2272152,-4336647;4,4,-6;5,5,-8;11,5,-4;12,-6,8;13,-11,6;14,-8,8;15,3,11;21,79,-95;95,-91,102
rua|santo|antonio|parque sao borges|26172200|21,-2270793,-4334568;22,-1,-4;23,7,-2;24,2,2;26,-19,-6;27,7,6;29,13,-8
rua|santo|antonio|parque sao vicente|26172200|14,-2272522,-4336931;15,16,-3;16,61,-94;17,8,8;20,-26,12;25,7,-2;30,1,-6;37,7,-3;55,-13,31;66,-11,-2;75,0,7;85,0,4;86,-18,21;89,8,-32;98,3,8;108,-11,11;110,-4,13;113,-5,9;114,-5,5;123,-5,19;124,-10,-14;150,9,37;152,8,-15;160,-32,-21
rua|santo|antonio|sao bernardo|26172200|80,-2272442,-4334916
rua|santo|antonio|sao bernardo|26176260|8,-2272423,-4334876;9,0,-4;18,-9,-6;19,-8,-14;20,5,-26;21,1,-6;23,5,-4;24,13,-12;25,8,-9;28,37,-31;32,-33,26;33,12,-4;34,-8,-6;36,5,-5;49,42,-34;50,5,-11;56,-60,149;66,19,8;88,23,-127;89,-13,4;90,13,-5
rua|sao|francisco de assis|parque amorim|26172240|59,-2270465,-4333517;63,4,-14;64,1,-10;65,0,9
rua|sao|francisco de assis|parque sao vicente|26172240|5,-2272313,-4337022;16,-43,-8;17,42,41;28,8,-7;29,-1,-2;40,11,-11;41,-4,-2;42,1,-5;52,-41,-42;53,45,60;64,11,-22;65,0,1;76,-42,-60;77,48,44;88,4,-8;89,2,-4;100,9,-7;101,-7,0;112,11,-14;113,-3,10;124,-1,-14;125,-10,-32;136,20,27;137,7,1
rua|sao|francisco de assis|recantus|26157385|3,-2270988,-4340298;10,-16,-29;11,10,13;15,24,49;17,-29,-65;40,-22,-2;45,47,43;47,11,3;65,-3,30
rua|sao|francisco de assis|sao vicente|26172240|136,-2272263,-4337074;154,11,-33;165,0,7;177,8,9;189,1,1;194,14,10;204,-2,1
rua|tenente|eloi perreira de abreu|sargento roncalle|26178410|1,-2271698,-4337923;2,4,-3;3,2,-2;4,1,-4;5,2,-2;26,23,-33;27,-7,7;28,-8,12;29,-7,11;50,31,-41;53,1,-8;55,10,-11;57,9,-11;59,4,-4;61,3,-8;63,6,-6;65,-41,57
rua|tenente|eloy pereira de abreu|sargento roncalli|26178410|79,-2271582,-4338085;81,16,-34;83,-5,25;85,3,-14;87,3,-2;89,14,-16;91,1,-10;93,3,-3;100,7,8
rua|vereador|adgar aguiar|shangrila|26150590|14,-2271793,-4342591;16,105,-36;42,-88,41;43,-24,-2;61,26,-1;64,6,1;65,-5,-4;100,102,-43;122,-18,6;220,-115,47;385,-5,11;416,147,-69;417,-9,6;438,-77,40
rua|vereador|adgar aguiar|shangrila|26153020|81,-2271651,-4342641;91,-5,2;92,-10,8;117,-5,1;385,77,25;395,-7,-60;397,-18,4;398,-5,11;399,-17,1;405,-45,27
rua||11 de agosto|santa tereza|26193280|5,-2274107,-4333830;6,8,5;9,2,-24;10,6,-15;11,-29,13
rua||abaca|bom pastor|26113273|25,-2275812,-4337575
rua||abaete|hiterland|26115335|1,-2273957,-4338938;4,0,0;13,102,-33;14,7,1;16,29,-4;23,60,-24;24,-4,5;25,-3,-3;38,-127,53;62,-18,-11;75,-19,6;82,28,6;84,-21,-9;115,110,-24;158,-24,4;175,-39,9;179,-18,3;362,103,-19
rua||abaete|nova piam|26115335|5,-2274163,-4339340;15,-6,5;16,48,-21;19,-39,15;21,6,-3
rua||abaete|piam|26115335|2,-2273903,-4338959;3,-44,12;5,14,-5;7,8,-1;9,15,-6;10,162,-46;11,-155,42;12,172,-42;13,-160,43;14,24,-7;15,69,-17;17,-83,20;18,25,-8;19,21,-3;21,8,-2;22,45,-17;44,70,-17;45,7,5;46,-21,1;138,-84,22;140,4,0
rua||abatinga|hiterland|26115200|18,-2273822,-4338686;30,4,-11;50,83,-243;51,0,11;53,-11,12;55,-6,30;56,-2,19;57,-11,12;59,-1,15;60,43,-105;61,-48,128;62,-10,2;63,0,14;64,-7,19;65,-3,12;66,-5,7;67,-7,12;68,0,14;69,-10,9;70,11,-17;71,-5,32;75,0,-18;91,63,-160;92,-15,7;94,-14,27;95,1,8;97,-7,17;98,-2,17;100,-10,23;101,1,10;102,-13,9;104,-3,28;106,-21,17;114,64,-138;125,11,-23;150,-11,40;186,-21,44;200,31,-48;246,14,-64;257,3,-30
rua||abauna|hiterland|26115210|21,-2273841,-4338620;93,-48,60;95,10,-13;137,31,-36;138,-8,11;139,-3,4;140,-9,14;142,-12,9;146,-36,24;147,-16,14;149,-22,-7;150,-18,12;151,2,-7;152,-15,9;153,-9,-11;154,-16,16;155,-5,4;156,-10,7;157,-15,-2;158,-2,-1;159,-12,7;161,-27,5;162,-7,3;163,-8,5;164,-8,3;183,252,-132;184,6,14;185,-16,8;186,-8,13;188,-18,24;190,-45,13;191,-9,7;353,-129,38;373,44,-16;374,-6,1;375,-21,7;655,-9,8
rua||abilio de andrade|parque das flores|26173080|9,-2273185,-4335837;15,43,-56;260,-64,86
rua||abiru|hiterland|26115220|166,-2273969,-4338558;167,12,-17;168,12,-19;169,8,3;170,5,-20;171,16,-14;172,3,-5;173,8,-14;174,10,-10;175,5,-9;176,3,-3;178,7,-30;179,0,21;366,-79,94;367,-11,19;368,1,-2;369,-6,2;370,-5,19;371,-12,1;372,-16,15
rua||abiru|santa amelia|26115220|120,-2273907,-4338645;204,45,-51;205,-14,11;206,-3,7;207,-15,7;209,-5,11;211,-19,25;212,-6,17;213,-15,8
rua||acapu|hiterland|26116760|10,-2274710,-4338607;11,32,35;12,16,6;112,52,-73;353,-57,29;355,4,-2;356,-3,1;357,22,-11;359,12,-4;554,30,-19;556,45,-6;735,-208,48;746,245,-60;747,15,4;748,16,-16;749,14,8;751,-105,11;752,18,6;764,-169,44;825,-26,3;827,0,4;828,8,2;829,2,-3;830,27,-1;831,-4,0;832,26,-5;833,1,-1;834,16,-4;888,-3,4;900,32,-9
rua||acapu|santa amelia|26116760|11,-2274266,-4338847;76,-130,89;188,-126,94;212,249,-166;244,-178,123;248,-5,8;302,155,-95;303,9,-10;304,7,-12;305,3,-9;595,-181,152;596,19,-17;597,6,-18;598,15,-2;599,-10,-8;600,20,-18;602,26,-18;603,-2,-4;604,14,-3;605,22,-1;606,15,-3;607,13,-7;608,8,0;609,9,-10;665,14,-34;666,11,-8;667,-16,27;668,-17,8;669,-12,10;670,-12,8;671,-23,9;672,3,8;673,-14,-6;675,-21,6;676,-18,7;677,-1,5;678,-14,12;679,-14,13;680,-9,-2;682,-5,21;683,-13,9;684,-9,8;685,-14,5;686,-29,8;864,37,-9;921,-277,70
rua||acarau|heliopolis|26123070|38,-2274540,-4340788;68,13,-75;98,6,-21;290,-23,-30;291,0,1;293,-1,-37;294,0,21;295,9,14;315,2,-55;346,8,140;369,4,72;370,28,17;371,-27,-16;372,-3,-33;373,8,-14;374,-10,9;376,14,-47;377,-4,-18;378,-2,-17;379,42,124;383,-52,-7;384,-10,39;385,28,-19;386,-22,-26;389,56,38;392,-37,-102;401,65,106;425,21,-23;427,13,-26;428,2,-17;429,2,-20;430,2,-13;432,6,31;433,-2,9;434,1,14;435,-5,5;436,-2,10;437,1,3;438,-79,11;439,68,6;483,-76,-4;493,6,-3;535,78,-27;591,5,-26
rua||acegua|santa amelia|26116770|24,-2274659,-4338722;45,-9,20;47,-2,6;835,-30,33;854,10,-7;861,52,-64;862,8,-8;913,-70,66;914,-5,12;916,-18,19;918,-9,13;919,-12,10;921,-4,12
rua||acre|vila pauline|26170230|4,-2273464,-4336394;12,0,0;14,11,-14;20,0,1;28,13,-1
rua||acsa de sousa adao|parque novo lar|26193575|26,-2275505,-4333048
rua||acu|pauline|26171000|5,-2273195,-4337149;6,-21,21;40,18,-20
rua||acu|sao bernardo|26165240|9,-2273378,-4338716;10,-7,8;15,3,55;23,8,-15;24,-3,-13;29,8,-83;32,-17,219;43,-1,13;61,-1,-66;93,9,-30;97,-3,-14;99,2,-4;128,7,-2;210,-9,19
rua||adalberto|malhapao|26187465|2,-2273151,-4333072;16,-1,9
rua||adalia|babi|26163335|20,-2271507,-4338847;26,-7,-44;27,-29,8
rua||adalia|jardim america|26140486|3,-2273952,-4342566;5,-1,2;6,9,-4;7,6,3;8,-9,-4;11,22,-1;12,1,-16;13,10,8;14,-7,-2;15,13,8;16,0,-8;17,2,-2;18,-11,1;19,17,-10;20,6,22;21,5,-19;22,-12,-46;23,14,47;24,-8,0;25,11,-3;26,1,-7;94,-72,34
rua||adalia|recantus|26163445|15,-2271505,-4338846;17,3,-10;19,-6,-6;27,0,-35
rua||adaltiva|areia branca|26135180|56,-2275145,-4340900;64,-6,-14;72,-5,-11;92,-7,-16;106,-5,-18;120,-2,9;136,-17,-36;142,-3,2;152,-2,-11;160,-6,-8;166,10,-6;176,-7,1;186,-9,-15
rua||adaltiva|parque laranjeiras|26135150|4,-2275235,-4341205;13,94,320;14,-64,-183;16,-9,-31;18,-14,-8;55,93,210;57,-18,-9;79,-11,-27;89,-8,-10;99,4,-3;121,-10,-37;131,20,1;141,-31,1;147,-6,-12;150,11,-96;157,-14,97;167,16,-18;177,-27,-3;200,29,-47;202,-18,18;205,-5,5;208,-17,1;209,15,20;210,18,-57;220,-30,28;234,-7,-9;242,24,-47;266,-19,-10;390,-9,-71;400,-4,7;420,8,25;430,-3,-2
rua||adamastor|xavantes|26155230|8,-2273662,-4340006;12,-31,-6;13,3,5;18,15,3;20,49,11;21,-34,-13;22,37,20;30,-7,-9;33,6,-12;45,3,12;49,15,5;50,13,4;52,-74,-46;54,29,32;75,-99,-23;76,6,2;77,7,5;79,70,22;83,6,-5;84,22,4;99,-80,-26;130,69,13;170,-151,-24;171,4,6;173,6,3;385,24,3;387,-15,2;436,2,-7
rua||adamastor|xavantes|26160000|1,-2273830,-4340027;2,1,-14;3,-243,-26;5,123,14;6,0,0;7,-3,5;9,34,2;10,-12,1;11,-160,-23;14,46,50;15,45,-48;16,12,11;17,-22,-5;25,171,20;27,-119,-15;28,-11,-7;31,-115,-10;33,136,12;34,-157,-8;35,207,13;38,-201,-14;39,-24,-17;42,188,32;43,-107,-9;44,8,10;45,-18,-13;46,17,3;48,-40,-7;51,201,24;53,-162,-20;58,98,13;59,4,0;68,-139,-3;94,163,6;122,-103,-2;132,-28,-4;345,210,21;347,10,3;384,67,7;386,6,10;415,-122,-27;417,-18,-4;451,-158,-10
rua||adamastor|xavantes|26160020|6,-2273956,-4340054;120,88,22;344,34,2;346,-4,11;348,11,-27;354,11,35
rua||adelia|vila vitorio|26116593|8,-2275115,-4339830;23,29,59;24,-60,-163;25,40,148;27,-8,11;30,0,-34;38,0,-18;40,-10,-36;41,-29,10;50,10,-20;70,9,-26;80,6,9
rua||adelina|shangrila|26127060|17,-2272148,-4342224
rua||adelino|shangrila|26127310|21,-2272165,-4342228;25,-218,11
rua||ademar|recantus|26157356|1,-2270854,-4340156;2,-3,6;3,8,-3;5,-65,-238;12,-2,12;15,51,160;16,-72,-182;18,14,10;23,43,103;36,-62,-128;39,87,201;40,-7,-11;45,-8,-41;50,11,31;60,-11,-7;65,-19,-35;75,7,-24;85,-4,-15;98,-7,-20;100,15,33;105,-24,-47;107,3,3;128,39,165;130,-28,-147;140,5,-5;150,-8,-17;316,26,133;890,-7,-50
rua||adisabel|belford roxo|26155110|2,-2272244,-4339980;3,9,7;8,-7,9;10,-13,14
rua||adisabel|nova aurora|26155110|2,-2272202,-4340033;18,-2,14;58,4,-57;67,39,-22;225,14,3;263,-64,80;526,32,-40
rua||adizabel|belford roxo|26150110|120,-2271870,-4340505;170,-37,30;180,-22,55;210,72,-121
rua||adizabel|belford roxo|26155110|9,-2272049,-4340245;14,164,-263;24,-114,178;38,65,-97;44,-110,177;80,59,-106;126,91,-142;129,2,-9;226,-26,56;235,-3,3;267,32,-71;305,-99,166;327,4,4;356,-117,175;358,9,-11;361,22,-32;421,116,-172;518,-83,141
rua||adizabel|nova aurora|26155110|14,-2272051,-4340264;15,-15,20;16,11,-3;23,-57,73;52,66,-89;587,-37,35
rua||adriades|bom pastor|26110520|30,-2274925,-4337496;48,11,-167
rua||afonso alburquerque|maringa|26187445|26,-2271455,-4335206;28,-17,49;29,39,-92;30,-38,89;32,-108,-122;33,116,92;34,6,-9;37,9,-40;39,9,-19;115,-57,148;117,-2,42
rua||afonso alburquerque|roseiral|26187445|11,-2271458,-4335195;12,-20,11;13,-9,50;14,9,-41;15,-12,15;27,4,40;62,-5,1;70,-25,72;72,-10,16;102,0,23;118,13,-36;124,34,-178;125,-29,186;126,0,16;127,361,105;132,-371,-77;133,2,6;135,-7,12;307,62,-257
rua||africa|miguel couto|26157579|10,-2270494,-4342096;15,-2,3;28,92,-13;50,-80,14;51,66,-32;52,-9,0;54,4,-13;55,8,3;64,11,2;74,-92,64;84,30,-33;85,-30,16;86,44,-24;87,-40,20;96,55,-9;108,2,-26;132,-49,24;133,6,-4;134,15,-9;136,4,-3;137,17,-8;138,19,-12;149,-89,49;200,122,-42
rua||agai|barro vermelho|26115087|102,-2274296,-4338225;103,-7,13;123,34,-79;935,-9,54;995,-42,40;996,-1,25
rua||agai|barro vermelho|26115230|730,-2274175,-4338409;736,-12,11;742,3,0;748,7,5;760,-7,9;766,-4,4;772,-11,11;778,-2,10;784,-3,-12;790,-2,20;796,8,-1;802,-19,14;808,2,-12;814,-13,20;820,0,-4;826,-9,4;832,4,6;838,5,5;843,-22,26;844,15,-24;850,-1,-4;856,-15,0;859,2,15;862,8,0;868,-19,-5;874,-10,20;880,12,9;886,3,3;892,0,3;900,-7,4;914,-9,13;920,-4,12;926,-8,6;932,1,0;938,-5,4;944,0,9;950,-7,4;956,10,4;962,-17,9;968,3,-4;1041,-39,53;1047,-7,2;1053,-6,8;1059,2,6;1065,-13,15;1071,5,-9;1077,-3,4;1083,-3,6;1089,-4,4;1095,-1,12;1096,-3,-2;1101,0,4;1102,-2,4;1107,-2,-5;1108,-7,8;1113,-1,-2;1114,-4,9;1119,2,-1;1120,1,2;1125,-3,1;1126,1,10;1131,-3,-6;1132,-5,4;1137,2,-3;1138,5,12;1143,-7,-5;1144,-4,12;1149,-3,-6;1155,-3,4;1156,3,12;1162,-4,4;1168,-1,1
rua||agai|hiterland|26115230|19,-2273820,-4338877;42,-38,67;62,16,-13;68,-4,-5;76,-32,46;77,-1,-8;80,29,-41;83,12,-11;84,3,-10;85,10,-16;89,6,-20;115,-2,-9;119,-5,13;120,-2,13;121,-13,19;122,-5,16;123,13,-22;124,-31,44;125,-4,5;126,-19,21;127,22,-14;220,-69,80;226,46,-37;228,-25,16;229,-3,1;230,-12,8;232,-12,22;233,-5,3;235,-9,7;253,-214,268;350,64,-64;352,114,-152;353,-30,36;354,-49,73;355,12,-17;356,9,-11;357,5,-15;358,8,0;359,11,-14;361,12,-15;362,8,-19;363,4,-8;397,-29,39;398,4,-17;399,-15,34;400,-13,15;401,-9,2;402,4,17;403,-3,-10;404,-20,29;405,-3,13;406,-11,3;407,-9,5;408,-7,2;409,-9,18;410,-3,6;411,-15,12;412,-6,15;594,-12,7;630,-1,1
rua||agai|santa amelia|26115230|29,-2273910,-4338739;113,-44,48;192,-20,27;195,27,-32;196,0,-6;198,17,-13;199,11,-18;261,-53,59;266,71,-75;315,-60,47
rua||agata|shangrila|26127172|1,-2272976,-4342037;3,9,-1;5,5,-8;7,15,-10;9,3,1;71,-4,-4;77,7,-1;81,4,-3;87,5,-2
rua||agostinho|shangrila|26127800|15,-2272009,-4341826;25,-2,6;35,-19,0;115,32,23
rua||aguapei|areia branca|26112440|105,-2274700,-4340727;120,-30,-48;219,40,68;227,-3,-11;255,-12,-17;263,-7,-12;309,-23,-34;340,-4,-10
rua||aguapei|piam|26112440|15,-2274583,-4340547;22,-12,-21;32,11,10;45,-15,1;48,1,-7;52,3,3;64,-12,-12;77,-104,-194;81,90,174;82,9,-1;85,-11,-5;94,3,-10;100,-9,-7;103,-1,6;110,1,-10;113,-6,-5;121,-4,0;122,-7,-27;151,-9,3;156,6,-24;159,-7,26;170,1,-29;173,-11,0;186,2,-9;191,-2,23;194,-5,-30;197,-5,-8;230,-14,-18;236,-1,-16;240,29,26;242,-29,-25;254,-15,-14;276,2,-13;300,-38,27;312,26,-35;322,-20,-27;338,-7,-5
rua||aguapei|vila medeiros|26112440|165,-2274660,-4340668;358,-78,-160;368,-23,-4;400,-5,-30
rua||aguia|pauline|26167000|10,-2273077,-4337186;19,17,34;20,2,-1;25,7,-4;27,-20,-3;28,31,49;29,6,10;35,47,-74;39,-52,58;40,4,12;69,33,-89;77,-1,-22;78,6,28;155,-37,83
rua||aguia|pauline|26167710|11,-2273013,-4337099;12,0,21
rua||aguia|pauline|26172130|2,-2272991,-4337170;4,-357,-157;5,363,173;6,-20,19;7,22,-39;8,-54,58;9,42,-56;10,-41,62;12,39,-15;13,-14,-30;14,55,-1;16,-81,57;19,-8,-44;95,4,27
rua||aiaca|hiterland|26116790|626,-2274390,-4338531;627,-9,-9;628,-17,-29;629,4,-1;630,-11,-11;631,-2,-20;632,-5,-8;634,-9,-28;635,-9,-15;636,-12,-10;721,74,186;750,-75,-173;751,23,22;752,-11,-4;753,17,10;754,-2,14;755,-1,10;756,0,10;757,11,5;758,4,16;759,13,24;760,-5,-3;761,14,16;763,14,4
rua||aibu|hiterland|26115270|254,-2273988,-4338865;255,15,19;256,13,11;257,-3,2
rua||aibu|santa amelia|26115270|325,-2274053,-4338900;326,12,3;327,2,0;328,19,12;329,10,-2;330,2,8
rua||aimores|heliopolis|26140110|2,-2274131,-4342151;13,103,239;21,30,49;27,-23,-58;28,-3,9;29,3,8;38,-74,-165;47,118,251;48,-107,-231;70,25,50;80,-8,-11;148,-55,-113;186,10,41;188,2,-19;190,-3,-7;192,3,-6;193,1,13;260,72,150;280,11,30;283,-100,-209;285,0,-9;300,83,176;310,15,35;320,-6,-8;410,-32,-81;411,-3,3;412,-3,-17;421,2,2;431,-7,11;432,-2,-23;433,-4,-3;435,36,68;436,-38,-86;438,10,20;440,-6,-17;442,8,25;475,4,16;531,-71,-146;532,1,-4;541,1,22;550,10,-5
rua||aimores|shangrila|26153210|1,-2271042,-4342102;5,178,-42;6,-16,-41;9,23,57;12,32,85;47,-35,-97;50,-8,-5;57,8,12;59,7,14
rua||ajuara|hiterland|26115390|17,-2273962,-4338608;215,-50,-103;236,16,27;363,27,44;364,4,13;366,10,22;432,-58,-98;433,10,14;434,1,2;435,-9,-11
rua||ajuara|santa amelia|26115390|153,-2273960,-4338619;214,-4,-17
rua||ajurana|santa amelia|26116780|6,-2274505,-4338745;86,-15,5;208,-84,66;212,24,-30;215,-19,30;217,-14,12;218,0,4;219,-10,8;230,8,-15;232,-8,10;245,27,-22;266,-8,5;639,24,-23;640,13,-17;641,12,-22;642,17,6;643,8,-1;644,10,-5;645,14,-6;646,10,-3;647,5,-9;648,2,-3;650,17,-14;651,10,-16;652,8,-10;653,10,-7;788,-187,153;873,139,-115;882,-100,74;883,-4,14;884,-11,8;885,3,-8;888,-32,42;889,11,-19
rua||alagoas|santa tereza|26170240|1,-2273879,-4334156;16,-139,-144;18,40,32;19,9,9;21,18,12;26,32,40;28,15,27;30,-16,-30
rua||alagoas|vila pauline|26170240|5,-2273518,-4336331;11,10,-6;21,-3,-4;27,7,-8;37,4,-6;43,1,-2;51,85,-106;53,-78,103;59,3,-12;67,1,-3;75,8,-10;78,-11,19;80,12,-16;83,6,-8;88,2,1;91,1,-8;99,9,-5;107,8,-8;115,-1,-6;122,5,-5;135,19,229;167,1,-259;175,13,-14;177,6,-1;180,-16,18;182,12,-10;184,3,-7;185,8,-8;186,13,-5;189,5,-7;192,-16,16;200,0,-5;208,10,2;211,13,-16;216,-10,5;224,7,-3;232,11,-2;240,-3,-2;248,19,-17;256,2,7;264,3,-7;270,12,-4;272,-36,20;273,10,-5;278,-11,1;280,40,-27;2001,-67,42
rua||alagoas|vila pauline|26170480|268,-2273342,-4336516;275,-9,13;276,9,-12;286,9,-6;294,3,-6;301,-18,22;310,32,-21;318,15,-10;324,-10,-15
rua||alarico de araujo|parque uniao|26173665|16,-2272601,-4334411;17,-47,35;26,93,-35;27,-15,6;36,29,-11;37,-3,5;38,-40,11;116,-11,7;117,-13,-4;118,-14,13;119,-15,-6
rua||alarico de araujo|parque uniao|26175700|5,-2272585,-4334392;8,-29,8;15,-45,23;125,63,-32
rua||alarico de araujo|santa helena|26175700|13,-2272764,-4334301;51,-5,-21;93,-80,26;95,-12,2;100,83,-25;112,-43,12
rua||alarico de araujo|wona|26175700|14,-2272827,-4334319;15,-7,13;94,-30,11;118,97,-29;119,13,-5;120,-12,-10
rua||albania|jardim redentor|26110610|40,-2275526,-4336618;44,3,-21;46,-2,-4;47,-1,-8;48,-4,-7;50,-2,-16;51,-3,-4;103,3,42;104,-1,19;105,0,-47;106,-16,-31;107,3,-21;108,-13,13;507,26,65
rua||albano|jardim brasil|26185000|260,-2271134,-4333698;261,-5,-9;262,-15,0;263,-6,3;264,-4,-7;265,-13,2;266,-9,-4;267,-10,-5;268,-5,0;269,-18,-5;270,4,1;271,-7,-2;297,68,10
rua||albano|jardim brasil|26185260|296,-2271170,-4333714;297,11,3;298,15,8;299,14,-2;300,-3,10;301,19,-5;302,-9,7
rua||albano|jardim colonial|26185000|232,-2271370,-4333784;233,6,6;234,6,2;235,11,-2;236,10,12;237,9,0;238,6,1;239,10,9;240,11,-1;241,2,11;242,7,-6;243,13,2;274,-97,-37;275,13,2;276,-2,-6;277,15,10;278,5,9;279,11,1;280,9,2;281,10,-1;282,3,3;284,10,3;285,17,5;287,14,-1;288,11,9;289,2,5;290,7,3;291,13,1;292,26,8;293,6,9;294,14,-5;295,6,2
rua||albano|malhapao|26185000|9,-2273076,-4333055;10,-6,4;14,-27,35;16,199,-231;17,-33,45;19,-130,157;20,13,5;22,15,-42;36,39,-51;43,-10,17;45,-13,13;50,1,-3;52,-7,7;55,0,-2;56,57,-58;58,3,-15;71,41,-45;96,-129,155;107,135,-159;111,-27,35;117,20,-10;122,-111,107;149,-15,29;168,-15,-4;187,-7,30
rua||albano|parque fluminense|26185260|1,-2272942,-4333224;2,-38,60;3,46,-51;6,5,-13;7,0,0;10,53,-39;11,-59,42;16,-1,7;17,-1,-6;36,12,-9;166,-29,31
rua||albatroz|bom pastor|26113685|17,-2275028,-4338014;36,0,11
rua||alberto alboquerque|roseiral|26173310|1,-2271385,-4335025;2,-105,-28;3,85,18;5,-4,67;10,-196,-102;116,-4,-167;117,133,179;118,-12,-10
rua||alberto de albuquerque|roseiral|26177340|6,-2271587,-4335122;14,-21,43;21,46,-119;84,-12,1;7777,17,-6
rua||albuquerque|parque floresta|26171330|4,-2273532,-4335389;5,-13,-4;6,-187,-125;9,86,76;10,-7,-2;11,-32,-20;13,13,10
rua||albuquerque|vila pauline|26171330|9,-2273866,-4335776;16,-13,52;19,36,41;21,18,32;24,10,11;28,-2,-201;29,95,325;32,211,130;38,-2,0;39,-177,-87;40,19,13;41,13,7;86,-15,-36;89,-175,-323;101,339,427;102,-120,-54;137,-83,-58;138,36,35;140,-61,-69;145,209,141;150,-88,-42;157,106,46;158,-59,-25;200,-87,-80;380,36,42;580,-268,-237;1250,234,237
rua||alceu|sublime|26112045|16,-2275956,-4340358;26,8,-11;46,2,-26;56,4,-9;66,3,-5;90,5,-19;100,4,-6;110,4,-13;111,-13,35;126,12,-50;136,4,-2;144,6,-6;147,-4,-9;154,9,-11;164,-2,-5;172,-1,-1;174,1,-9;186,12,-6
rua||alcione|recantus|26163090|2,-2271042,-4338227;6,0,-9;7,-159,106;8,177,-103;9,-259,161;10,185,-131;11,-129,90;13,47,-23;14,92,-70;15,-136,94;16,132,-89;20,-165,115;21,3,-10;22,-17,18;23,2,6;24,163,-114;28,-148,90;29,98,-58;32,-144,85;56,234,-148;125,-66,45;128,2,-7;130,31,-21;136,7,10;149,-21,4;178,-15,12;232,-150,102
rua||alda|parque dos califas|26173600|1,-2272753,-4335600;3,25,1;4,12,7;5,30,3;6,19,-2;7,-40,-9;8,-5,44;9,20,-26;13,37,-4;20,-39,-11;22,10,-3;27,6,12;60,-80,-27;65,44,14
rua||aldebaran|santa tereza|26110260|11,-2275225,-4335493;15,1,-15;21,39,73;22,48,42;23,-1,10;32,-33,-76;36,-56,-36;44,25,2;246,-16,-42;260,-8,53;406,-1,-14
rua||aldebaran|santa tereza|26195000|2,-2275143,-4335467;14,-13,29;18,-46,-50;20,58,89;27,-17,-46;28,43,158;29,4,-70;30,-13,-22;31,25,36;32,-2,-12;34,12,-1;36,-44,-68;38,63,74;40,-79,-62;42,93,72;43,-121,-156;44,58,78;45,82,91;50,8,2;60,-89,-41;70,-195,-726;72,147,594;73,25,98;74,-23,-116;75,-7,-45;76,-6,-6;106,-44,10;109,0,-1;161,58,213;266,8,-117;350,76,111;406,-76,-130;430,92,142;432,-4,-5;442,20,13;448,14,17;452,-50,-33;473,24,2;497,-87,-164
rua||aldebaran|santa tereza|26195370|6,-2274904,-4335263
rua||aldebara|recantus|26163040|2,-2271030,-4338072;3,-16,17;9,2,-9;10,-11,12;14,-24,10;15,57,-49;21,-73,50;25,-15,12;27,-5,16;29,-26,-7;31,11,3;34,-17,14;97,100,-65;107,-4,1;109,-12,15;110,-28,39
rua||alegre|parque esperanca|26173440|1,-2273142,-4335317;2,17,6;5,9,7;6,3,7;7,8,10;10,24,26;12,15,14;13,2,15;14,-76,-86;21,-8,-18;31,12,14;82,10,15;125,46,50;177,-17,-17;180,6,3;181,4,20
rua||alegria|santa tereza|26193270|20,-2274044,-4333791;22,-324,-139;23,5,14;26,-16,-25;30,327,141;51,-17,-1;60,-187,-95;62,190,100;78,-4,-6;82,-26,-2;84,1,-10;93,-167,-54;94,42,16;95,-61,-20;102,-17,-24;125,-37,2;127,3,-9;179,52,30;180,47,27;182,-57,-30;185,-4,-7;188,-23,-4;204,93,9;229,-85,-73;1024,-11,61;1025,-10,-4;1130,-20,-10;1200,10,1;1210,0,1;2002,24,-56
rua||alegria|santa tereza|26193410|17,-2274121,-4333822;77,-34,-7;86,-2,-1;113,-25,-8;115,-21,-13;117,66,21;131,-41,-11;135,-11,-8;137,-54,-10;141,96,30;143,-69,-25;200,-11,-5;205,18,6;206,0,0;211,37,11;454,23,10;500,14,8
rua||alexandra|jardim do ipe|26185440|23,-2270888,-4333868;25,172,90;49,-20,-15;65,-58,-54;66,47,43;67,-68,-52;68,34,24;69,-42,-22;70,-4,-14;79,79,68;128,-102,-80;135,77,60
rua||alexandre|shangrila|26155375|4,-2271219,-4340309;5,-2,9;6,8,-44;7,43,-9;9,-47,-19;11,6,47;15,77,11;20,-3,-13;25,-7,4;26,-90,-67;30,87,58;31,-101,-82;35,104,92;40,-13,-21;45,2,7;50,-23,25;60,12,-45;105,-32,-24
rua||alexandrina|lote xv|26183540|13,-2271692,-4333176
rua||alfa|recantus|26160160|12,-2271243,-4338184;14,-30,23;15,135,-82;16,-41,22;17,-127,69;21,65,-40;22,-63,48;24,2,11;25,123,-83;26,-145,94;28,-2,0;113,46,-57;163,-17,24;179,25,-12;222,29,-23;230,21,0;231,-22,10;232,5,-13;356,-49,40
rua||alfeu|jardim almo|26116040|6,-2275557,-4340161;7,13,5;8,18,47;9,3,2;10,-47,-61;11,50,50;14,33,51;18,8,15;19,14,20;22,-7,-30;24,30,66;26,-79,-117;27,81,119;28,9,11;29,7,8;33,-118,-172;34,-2,9;37,8,2;40,-18,-8;58,23,21;110,16,25;113,9,4;115,7,14;116,10,-18;117,-13,23;126,-6,-17;143,31,49;146,-5,-3;173,17,12;174,-5,-10;191,20,17;200,-5,5;201,2,5;211,2,3
rua||alfredo|centro|26112025|53,-2275927,-4340225;75,8,-22;83,-2,-10;89,11,-9;91,3,-18;93,4,-18;95,1,1;217,-32,95
rua||alfredo|sublime|26112030|185,-2275889,-4340349;187,2,-10;197,1,2;203,5,-7;213,-2,-10;219,4,-8;229,8,-9;249,5,-9;253,-3,-16;267,3,-5;271,0,-9;281,6,-8;295,11,-39
rua||alfredo|sublime|26112050|8,-2275867,-4340225;16,-63,32;26,-16,-18;38,45,-23;50,-37,2;60,31,-7;72,-21,7;82,22,-34;92,-13,2;95,83,39;98,-104,-9;104,46,-18;124,-7,-48;132,2,4;142,3,-30
rua||alfredo|vila medeiros|26112050|7,-2275858,-4340530;8,39,-14;9,-55,196;190,-11,18;198,0,-32;208,0,-8;210,17,-8;218,-1,1;228,-12,-12;236,10,-14;248,8,-4;250,4,-12;260,-6,-7;270,7,-8;280,4,-1
rua||almeida|parque saxonia|26187190|1,-2273661,-4334256;3,-12,21;4,-4,-4;5,28,-26;6,-27,42;17,-30,40;20,16,-24;21,10,-18;22,22,-26;23,-8,8;24,-8,15;28,-26,32;30,-7,2;31,20,-18;32,-19,8;75,64,-76;77,-45,-21;79,36,42;95,-17,18;122,2,-3
rua||almerio|sublime|26112010|2,-2275851,-4340202;4,2,-4;30,-7,24;43,-2,-10;49,-2,15;53,8,-22;60,6,-21;65,-6,4;86,8,-12;89,-7,9;95,12,-13;99,-11,-5;100,6,7;108,4,-8;109,-2,-13;116,7,0;117,0,-19;126,5,0;127,-5,-2;136,-7,12;147,18,-13
rua||almerio|vila medeiros|26112010|70,-2275749,-4340536;100,-32,90;164,-9,46;195,-40,81;197,14,-12;199,0,-7;200,1,14;204,15,-31;211,-11,2;216,10,-4;223,-10,-3;224,9,0;233,5,0;234,-1,-5;244,12,-16;247,-16,1;254,9,-2;257,-6,-8;267,2,-8;277,5,-18;284,-15,-30;287,17,28;298,-2,-9;302,16,-12;353,5,-47;362,8,-9;375,-13,21;381,8,-22;385,3,-15;386,9,4
rua||almofada|parque sao vicente|26178030|4,-2272451,-4336725;12,25,-9;13,-6,17;21,1,-12;26,-2,-9;29,7,5;34,10,-8;37,-7,-1;42,10,-4;45,-7,-5;50,11,-13;53,-2,-2;61,-5,-8
rua||altair|das gracas|26113420|13,-2275954,-4339644;17,8,7;18,3,-15;20,-17,-20;21,5,-5;22,-9,-16;23,5,-8;25,-4,-14;27,-1,-20;28,-5,-17;29,-3,-6;30,-4,-10;35,12,44;40,-7,-54
rua||alvares de azevedo|santa maria|26165430|8,-2272325,-4338055;10,9,-9;11,32,-20;16,-3,-29;33,25,7;100,-23,26;110,-22,9
rua||amalia|jardim ideal|26182370|59,-2275175,-4335097;96,-4,4;168,-9,-15;170,-9,-12
rua||amalia|vale do ipe|26182370|23,-2270529,-4334244;40,23,77;78,2,-7;100,-22,-55;140,8,22;220,-4,-17
rua||amapa|santa amelia|26116490|46,-2275060,-4339527;48,-4,12;50,5,20;83,97,171;112,-70,-86;120,15,1;130,-5,-4;135,-16,-24;139,12,8;145,-16,-16;150,0,-5;152,-1,10;158,10,49;179,25,-2;273,47,74;1239,-86,-134;1245,34,59;1246,6,8;1247,9,8;1248,4,14;1249,10,5;1251,13,21;1252,7,-4;1254,10,44;1256,-17,-20;1257,-6,-19;1258,-3,-17;1259,-2,-4;1260,-1,-18;1261,-13,-4;1273,34,57
rua||amapa|vila pauline|26170250|4,-2273333,-4336267;5,2,4;11,0,-6;12,-2,6;20,10,-12;21,23,-7;27,-13,9;28,-3,-1;36,2,0;37,-1,6;43,14,-17;44,-29,21;52,36,-24;53,-2,-4
rua||amaragi|hiterland|26116750|5,-2274491,-4338559;10,-2,49;13,-169,-26;16,259,47;28,-144,-57;29,5,0;30,-12,21;31,-13,-20;36,-76,-7;37,62,16;38,49,-51;39,6,1;40,40,30;41,-63,33;43,44,-61;44,2,14;46,-205,42;113,224,-18;114,187,-441;115,-409,461;116,412,-436;117,-314,394;119,218,-276;120,-193,241;121,3,14;201,34,-4;219,-106,167;223,39,-86;235,120,19;236,-19,-1;238,2,15;245,-210,-45;268,258,7;475,-142,95;502,-173,-75;518,255,17;519,-3,6;521,-20,8;527,-175,-58;529,46,60;530,-5,-3;642,166,-274;644,-184,208;648,11,-2;652,18,1;664,36,-24;666,-12,27;670,24,-17;671,8,-18;673,9,-7;677,22,-13;682,131,70;692,-16,-5;694,-12,-14;695,10,24;696,4,11;697,-14,-4;698,-4,3;700,-115,-57;701,112,43;702,10,39;703,-21,-11;705,-12,1;707,5,-5;711,-32,19;712,-5,6;713,1,91;714,-17,-75;715,14,-13;716,-27,26;717,-1,-8;718,-11,16;719,-31,1;720,112,-33;723,4,-2;724,-101,31;725,-10,7;727,-27,-1;732,-12,30;733,-5,-65;735,1,28;737,19,-31;741,-39,18;742,74,-45;743,13,-8;748,-84,27;751,22,-13;752,2,13;754,139,-139;758,-88,117;760,-7,-5;762,59,-105;763,65,57;764,6,21;766,-26,-59;767,-2,6;768,6,11;773,-59,-35;796,-236,125;797,8,-10;798,2,-7;799,16,-13;800,7,-6;801,13,-9;806,60,-5;808,20,-4;809,6,2;839,233,-307;840,-56,268;841,-267,46;842,451,-433;918,-281,518;933,-53,-53;957,-61,-4;959,-6,-32;960,-8,-1;963,96,47;995,-24,51;999,20,-45;1000,-7,0
rua||amaral|areia branca|26112330|26,-2275010,-4340672;28,11,-6;29,157,-135;30,-36,97;38,-115,28;50,7,5;54,5,4;61,-55,4;63,24,-10;64,35,-15;69,-33,25;91,-72,-68;92,91,51;99,8,-12;101,6,1;115,254,-215;125,7,-4;138,-239,212;139,-32,-7;140,64,-25;145,-131,37;148,188,-83;155,4,-9;159,111,-97;165,-301,209;184,142,-86;186,69,-52;190,249,-197;198,-248,194;202,23,-9;296,71,-67;395,6,-5;402,34,-27;404,-19,32;405,-6,-2;414,10,-4;418,-1,-27;428,22,19;442,7,-7;443,-3,-13;445,-7,0;455,17,-17;456,3,22;470,-2,-34;483,75,144;496,-67,-153;500,19,8;502,-2,-6;524,18,-8;526,-1,-8;546,24,0;556,9,-20;561,-35,23;563,28,-10;569,-3,-2;570,-10,16;575,8,-14;576,39,-25;579,-33,17;589,15,-8
rua||amaratina|vila maia|26163520|7,-2272554,-4339032;8,-13,67;9,-1,-40;12,-21,75;13,14,-42;14,-16,52;15,11,-32;17,-2,1;18,-21,57;19,15,-43;20,-21,54;21,17,-40;23,-10,16;24,-25,68;25,23,-62;26,-31,79;27,13,-24;29,-8,6;30,8,-13;31,3,-10;32,-5,12;37,-9,24;39,-3,-8;171,73,-171;2324,-83,199
rua||amarau|hiterland|26115190|27,-2273763,-4338930;28,-11,10;29,-15,0;30,-4,-2;31,-12,7;32,-10,1;33,-11,4;35,-22,4;39,-27,8;40,-14,6;41,-29,11;42,2,2;65,32,-14;82,49,-14;83,-29,7;84,3,1;89,72,-18;90,-10,15;91,42,-20;117,-120,29;137,36,-19;139,10,3;266,-96,28;690,21,-3;2619,152,-48
rua||amarau|jardim colonial|26115190|23,-2271053,-4334128;24,7,-11
rua||amarui|hiterland|26115240|373,-2274307,-4338375;375,43,-30;376,21,-25;377,18,-23;378,2,-8;379,25,16;380,-13,-28;381,18,-9;382,0,-3;383,18,-22;384,25,-6;385,-20,-11;386,3,-6;387,14,-14;388,2,-7;390,41,-42;391,-26,30;392,8,-19;393,-3,13;394,40,-37;395,9,-2;396,21,-15;397,14,-6;398,-84,54;692,-159,184;695,1,1
rua||amauri|hiterland|26115240|140,-2274112,-4338607;435,72,-12;437,9,-25;438,-4,6;439,-10,11;440,-15,4;441,-6,-1;442,-12,9;443,-20,10;444,-26,23;446,13,-15;447,-13,0;448,-50,64;449,36,-50;450,-19,29;480,-11,17;483,-27,21;484,4,11;485,-14,14;486,-3,5;487,-5,5;488,-7,15;489,2,3;560,30,-50
rua||amauri|outeiro|26183590|2,-2271138,-4333498;15,9,-2;34,-21,-59;75,12,35;95,8,5;99,-13,16;100,6,1;101,12,-5;108,0,-15;120,-10,-38;135,6,17;170,-5,-8;1040,2,11
rua||amazonas|vila pauline|26170260|1,-2273499,-4336344;6,-1,4;12,-1,2;20,20,19;22,-17,-13;28,15,-9;38,4,19;44,4,2;51,16,4;54,-14,8;59,13,6;62,0,-5;72,5,10;79,8,4;82,-4,11;85,1,-4;90,3,-2;93,5,4;98,-1,11;106,5,8;113,4,6;115,4,2
rua||americana|heliopolis|26120110|8,-2274367,-4340585;10,2,15;12,14,21;17,-37,-61;19,1,0;21,2,1;27,31,51;28,-4,-11;29,-8,-13;32,-17,-18;35,-17,-7;39,12,-4;44,77,123;51,-66,-105;61,22,29;71,-13,-22;103,21,34;105,2,22;117,4,2;126,1,-3;141,9,18;155,6,9;180,-9,-20;210,42,59;215,-6,-6;219,11,19;223,8,2;227,2,16;229,-3,2;230,-4,-7;237,-6,-8;240,5,19;250,6,3;255,3,3;265,16,-5;270,-14,15;275,17,25;280,-22,-32;299,33,31;302,-18,-12;316,19,37;321,1,-5;330,8,3;335,17,35;340,-15,-17;349,12,4;362,-19,8;366,16,17;378,-18,-35;380,10,5
rua||america|miguel couto|26150072|2,-2270689,-4342219;5,-53,-16;9,94,-15;10,-13,-4;12,37,-11;18,40,-15;20,48,-28;21,-10,0;22,15,-6;25,-153,83;32,148,-71;33,-5,0;34,-15,3;36,-13,13;39,-63,38;40,-56,12;43,18,2;44,-7,7;45,9,-7;55,2,-3;58,12,0;60,-13,-9;76,159,-69;82,9,3;83,-136,56;84,144,-72;85,-157,77;86,126,-58;119,-183,95;120,122,-65;157,68,-45;159,3,-25;167,15,16;171,-87,47;180,20,-3;195,-38,16;211,31,-27;221,15,21;279,32,-39;322,3,5
rua||ametista|shangrila|26127420|1,-2272315,-4341668;2,1,7;3,5,9;4,-1,10;10,10,0;13,40,84;14,-49,-117;21,24,67
rua||amizade|santa tereza|26195230|2,-2274750,-4335088;8,-243,-8;46,245,1;47,-9,15;49,-37,-8;53,-18,9;363,9,29
rua||anadir|das gracas|26113440|1,-2275911,-4339719;3,-11,-24;9,-7,-16;10,14,12;11,-9,26;12,3,-6;13,1,4;85,2,27;91,0,-11;342,2,-31
rua||anajas|hiterland|26115260|238,-2274158,-4338727;239,-88,62;241,108,-73;242,17,-10;244,22,-4;247,33,-19;248,10,-3;250,17,-20;251,0,-4;253,19,-39;277,-168,46;278,9,-10;281,31,-7;282,10,-6;283,7,-2;284,14,4;285,4,-8;287,27,-10;288,11,-7;289,33,20;290,-2,18;294,-52,36;295,-28,11;296,3,1;297,-41,18;298,24,-12;299,-23,10;301,-11,-13;451,-40,63;498,-105,135;499,6,2;500,-15,5;503,14,-45;504,2,6;505,9,-11;506,6,-21;508,19,-8;509,9,-15;510,-3,4;511,13,-12;512,9,-12;513,-12,9;514,30,-24;515,22,-21;516,-7,7;518,6,-12;519,-1,0;536,52,-98;541,-150,217;545,-80,-77;546,31,-29;548,-19,10;549,19,-14;551,22,-1;552,4,-10;553,13,-7;555,13,-2;556,18,-3;557,21,-17;558,-2,6;559,14,-7;561,16,-13;562,-11,2;563,18,-22;564,12,-7;565,13,-13;566,29,62;567,-12,4;568,-14,9;569,0,4;570,-16,12;571,-4,2;572,-17,19;574,-7,9;575,-39,49;576,20,-32;577,-4,5;578,-11,13;579,-34,-18;581,-9,36;582,-4,-2;583,5,2;584,-22,61;585,-6,14;587,-34,-65;590,-1,-8;591,8,9;592,0,34;593,8,-6;624,84,-161;3700,68,38
rua||anapolis|bom pastor|26113090|15,-2275264,-4338384;18,-5,36;19,-3,0;80,9,-44;81,3,-12;82,4,8;145,22,-102
rua||ana|parque fluminense|26187150|3,-2273374,-4334306;5,67,23;6,-1,5;11,-100,-51;12,6,17;15,16,10;16,-1,5;17,62,15;18,-47,-6;19,-5,2;20,-17,-15;21,42,21;22,-10,5;23,14,2;24,-5,6;25,11,6;26,2,2;27,5,2;28,-1,0;29,7,-4;33,8,11;35,16,15;37,21,-8;39,-6,26;42,5,2;43,4,4;104,19,-25
rua||ana|parque morada|26187150|3,-2273232,-4334411;90,-26,15;154,15,-36;155,-6,3;156,-2,0;160,-4,11;300,19,13;347,1,-8;349,-2,5
rua||ana|parque sao jose|26187150|61,-2273490,-4334616
rua||ana|parque suecia|26187150|1,-2273384,-4334475;13,34,30;14,3,-6;18,-122,-133;20,106,126;230,26,37;240,14,13;243,-30,-35;247,18,-3;250,29,42;260,9,-1;267,-86,-79;270,95,86;277,-53,-30;350,63,28
rua||ana|parque suecia|26187155|6,-2273458,-4334357;7,5,0;8,1,0
rua||anchieta|jardim america|26140260|1,-2274628,-4341586;2,25,9;3,-9,19;4,7,10;5,10,10;6,-1,19;7,-1,-3;8,21,32;11,3,18;12,-26,-54;13,19,48;14,-11,-41;15,-3,8;16,4,0;17,-7,-10;18,-7,-26;19,1,-4;22,5,31
rua||andatuba|sao francisco|26163550|1,-2272762,-4339129;3,-100,211;5,11,6;9,49,-114;10,-5,20;14,34,-58;16,-6,7;24,-22,42;34,-9,95;35,-28,5;37,6,19;172,74,-212;173,-8,-2;175,4,5;2072,-89,213
rua||andes|areia branca|26112430|32,-2274740,-4340808;34,9,-21;35,21,-8;36,1,4;43,-14,-9;44,4,-13;45,-2,21;53,18,-12;55,3,-6;56,2,-6;65,-16,-1;72,26,4;73,-3,-8;82,19,-19;84,-5,22;90,-3,-17;91,6,8;104,4,-4;105,3,-4;125,16,-18;133,15,1;134,24,16;135,-51,-21;151,32,-10;153,-3,81
rua||andes|heliopolis|26112430|146,-2274469,-4341021;147,1,4;292,-65,46;298,9,-20;314,77,-40;319,-45,33;320,-13,2;321,-2,6;323,-43,9;327,123,-67;344,-53,37;360,3,-3;386,20,-7;404,16,-13;406,-4,-1
rua||andes|heliopolis|26123045|263,-2274539,-4340966;265,0,-3;280,94,-77;282,-17,13;283,-10,2;285,-24,22;295,-27,44;297,0,-10;299,-4,-15;301,10,-3;303,1,1;305,12,-8;307,3,-3;311,6,-11;361,-9,7;395,42,-27;397,27,-20;399,13,-8
rua||andiara|barro vermelho|26116744|15,-2274526,-4338301;16,7,0;17,-16,-3;18,-10,7;36,12,-4;46,11,1;47,100,-30;55,-69,23;56,-28,8;57,30,-11;58,1,-4;68,36,-7;71,-2,-2;72,-16,9;73,7,1
rua||andiara|hiterland|26116744|4,-2274484,-4338311;20,-10,-2;37,-10,6;38,3,-9;62,36,-6;63,12,-2;64,15,2;98,-28,6;166,41,-16;190,15,-46;191,116,-8;195,-191,76;200,54,-49;490,177,-96;492,-35,-7;493,-12,11;494,3,-5;496,-30,23;500,-76,34;501,19,1;502,-23,23;503,-4,-23;504,-28,70;692,155,-41;693,-1,-33;694,-5,28;697,5,4;698,1,-2;699,-5,-9;700,0,-2;702,-1,-2;963,9,-47;7001,-6,43
rua||andira|barro vermelho|26115410|7,-2274442,-4338289;8,8,-5;9,-10,22;10,-14,-4;12,-39,75;18,65,-289;24,-66,278;30,12,3;33,7,-9;36,13,-13;39,3,-12;40,-7,-1;41,17,-16;42,-26,35;48,11,0;54,5,-6;60,-12,-6;66,21,-7;72,-1,0;78,3,-5;84,11,-13;102,0,-10;108,-5,-1;114,12,-8;120,-6,-5;126,8,-13;132,-8,25;138,22,-24;144,0,-6;150,1,0;156,7,-8;162,3,-8;168,1,-3;174,7,-5;182,-3,-15
rua||andorinhas|wona|26187510|4,-2272223,-4334235;5,10,-1;16,-7,4;58,12,-11
rua||andreia|vale do ipe|26183405|89,-2269736,-4334212
rua||andre|barro vermelho|26110680|23,-2274243,-4337562;30,28,-56;38,-4,20;58,-9,29
rua||angela|centro|26130740|1,-2275859,-4340847;9,-24,22;11,-10,15;12,-15,4;13,-6,15;14,1,-1;15,-16,10;16,-5,12;17,-8,0;466,98,-141;486,-116,159;488,121,-161;492,-12,24;494,-2,8;496,-2,18;499,4,-38;500,-58,22;501,58,5;511,-39,-6;533,38,24;643,0,-13;832,-108,110
rua||angela|santo antonio da prata|26130740|7,-2275737,-4341343;10,2,-30;23,7,-2;29,-45,162;35,42,-120;37,-13,3;38,-4,-11;39,-30,139;40,40,-172;52,-35,116;55,7,43;60,19,-118;71,-1,31;78,-9,-24;79,19,2;88,-4,-31;90,-1,5;110,-16,77;197,-10,75;199,-6,8;207,-17,52;208,13,-55;213,-3,15;215,2,1;240,-5,24;244,-11,51;254,2,-36;260,-2,12;264,-7,78;268,4,-74;274,3,22;284,0,5;298,-6,10;308,-6,5;316,1,10;318,0,0;322,1,15;328,7,11;330,-9,-16;334,-3,8
rua||angela|santo antonio da prata|26135740|64,-2275753,-4341277;97,-1,-8;130,-82,335;136,-2,14;350,0,-104;401,19,43;405,-7,15;407,-5,11;408,8,-23;410,-4,12;420,1,1;432,-32,10;433,28,17
rua||angelica|bom pastor|26110290|11,-2275500,-4337029;45,-132,431;63,186,-319;112,-5,-12;124,-118,261;126,-73,71;127,107,-159;130,82,-174;131,-188,332;132,166,-363;133,-9,23;135,8,-7;137,22,13;140,14,17;141,7,3;160,-54,-40
rua||anhaguera|santa maria|26165660|69,-2272977,-4338277
rua||anhanguera|santa maria|26160660|7,-2272940,-4338237;8,-6,-13
rua||anhanguera|santa maria|26165366|15,-2272919,-4338166;19,-3,-20
rua||anhanguera|santa maria|26165660|5,-2272913,-4338185;17,-9,-15;25,-5,-14;52,14,30;75,-62,-115;77,-5,-4;79,-6,-23
rua||anhanguera|sublime|26112190|83,-2275548,-4340331;93,-5,-6;103,-7,-10;111,2,-5;113,9,11;123,-11,-22;133,-10,-12;155,-5,-13;169,-5,-15;181,-3,-6;191,-1,-12;201,1,14
rua||anhanguera|vila medeiros|26112190|7,-2275521,-4340255;14,7,5;15,-12,-16;25,2,-3;37,3,-4;40,-7,-17;45,3,1;47,7,30;48,-9,-48;57,-6,11;82,-24,-66;90,6,17;92,-10,0;170,-8,-61;305,32,72;383,19,61;384,2,1
rua||antares|bom pastor|26110600|5,-2274111,-4336998
rua||antartica|miguel couto|26157579|11,-2270395,-4341964;49,-31,-10;51,7,-9;54,-20,-10;173,-7,24;177,40,-9;178,2,-8
rua||antonia|sublime|26112000|1,-2275639,-4340651;2,-36,113;13,31,-117;22,-138,481;34,2,-13;37,9,-39;43,-9,26;44,135,-449;46,-129,452;48,-2,-8;59,-6,-2;62,10,-6;66,93,-318;67,-127,369;68,132,-378;72,-98,317;78,115,-370;79,-115,368;84,-4,7;86,15,-15;91,-10,-4;100,8,-6;107,-3,-6;109,6,0;112,-4,-8;121,-23,-2;126,45,-61;138,-14,53;140,-5,-5;152,13,-15;160,-2,-6;168,26,3;170,-23,-12;176,2,-8;190,8,-19;202,2,-9;246,12,-43;247,-1,12;250,-10,21;254,11,-35;264,4,-9;270,1,-12;284,4,-2;294,3,-12;298,43,-145;300,-37,137;334,2,-28;336,8,-20;346,3,-22;410,11,-55;421,-1,10;473,3,-12;475,9,-31;479,6,-10;480,0,23;482,8,3;483,-9,-38;499,4,-10;504,17,-15;507,-11,6;514,-9,12;517,47,-3;526,-26,-16;530,-7,-21;531,-3,15;534,-4,-25;538,22,12;550,-1,-12
rua||antonia|vila medeiros|26112000|141,-2275760,-4340282;147,5,-13;149,4,-25;156,-8,29;177,14,-20;187,-6,-5;219,13,-26;221,-1,-21;223,-1,17;233,10,-19;245,3,-12;249,0,-5;265,4,-16;275,1,10;281,7,-30;343,46,-18;348,-25,-59
rua||antonina|bom pastor|26110590|19,-2274204,-4337031;23,28,-10;36,-49,23;41,48,-19;49,-6,11;88,-28,6;89,-5,6;92,-6,-9;99,-8,19
rua||antonio de albuquerque|bacia|26177375|1,-2271210,-4335328;12,86,25;24,55,13;100,36,8;113,4,-2
rua||antonio de albuquerque|jardim do ipe|26177375|2,-2271024,-4335273;9,-12,3;10,-106,-32;11,-53,-16;12,7,5
rua||antonio de azevedo|vila vitorio|26116160|2,-2275107,-4340127;3,-1,11;4,-2,11;5,2,-1;6,-4,18;8,-3,11;9,2,13;10,0,9;12,19,6;13,-39,12;15,24,-44;16,-5,58;17,3,-88;18,-1,-17;19,6,108
rua||antonio|sublime|26112040|1,-2275511,-4340529;2,26,-2;3,-41,11;4,4,27;6,-12,-23;7,-14,0;9,12,-1;10,6,-6;12,-8,7;13,23,-6;14,-35,13;18,-12,10;19,-15,-1;20,2,-2;21,-15,8;25,-45,-21;27,-1,6;29,6,8;30,17,0;31,1,4;32,-56,-19;33,55,13;34,-44,-10;35,51,22;36,-28,-15;40,8,2;42,-8,-2;46,15,5;50,28,7;51,5,-4;54,-27,2;58,56,-8;60,-10,11;61,-26,-4;62,-195,-68;64,142,54;65,-18,-9;85,-99,-44;105,42,22;115,12,6;243,153,34;331,-3,6;332,2,-11;2035,3,-2
rua||antonio|vila medeiros|26112040|4,-2275801,-4340553;90,78,15;100,5,1;112,12,7
rua||aparecida|shangrila|26127366|20,-2272395,-4342099;24,-15,-2;27,-22,4;28,11,-1
rua||apeiba|parque sao jose|26170180|6,-2273946,-4333791;9,4,-2
rua||apeiba|parque sao jose|26190150|1,-2274005,-4333797;18,35,0
rua||aperana|parque fluminense|26170180|10,-2273911,-4333732;13,3,40;17,-1,9;18,4,7;20,27,96;21,-23,-87;22,3,28;27,18,69;31,3,28;32,5,-2;36,-13,-55;45,-9,-40;182,-20,-87
rua||aperana|parque sao jose|26160180|5,-2273898,-4333986;6,2,-29;7,-12,9;10,8,29;259,-5,100
rua||aperana|parque sao jose|26170180|2,-2273908,-4333746;5,37,147;7,3,-11;9,-40,-199;19,19,114;176,-26,-109;177,8,9
rua||apiacas|hiterland|26115280|3,-2274007,-4338926;8,-5,1;39,-12,6;2511,25,-8
rua||apiacas|santa amelia|26115280|6,-2274012,-4338920;12,-136,32;14,-33,6;17,-520,132;20,596,-153;23,-207,58;33,-356,86;34,2,5;35,10,-11;45,12,-2;50,-37,15;52,-17,10;53,189,-57;82,419,-104;83,-386,97;110,368,-94;116,-7,2;126,-254,65;203,-30,5;228,180,-45;245,-130,31;253,12,-1;263,127,-26;275,-110,24;286,147,-33;293,-139,27;303,115,-27;309,-53,14;310,20,8;311,8,7;313,14,-18;314,13,-10;316,27,-4;317,16,-2;318,8,-7;319,8,2;320,-1,-10;322,27,0;323,15,-1;399,-103,25;420,-164,39;429,193,-45;460,-240,54;483,103,-24;525,224,-50;535,12,-4;540,-420,102;545,434,-110;565,13,-8;579,-167,46;654,-224,64;655,16,-4;656,13,-6;658,22,-8;659,9,0;663,40,-15;664,14,-6;665,7,-1;666,14,-1;669,1,2;730,230,-45;864,-541,135;865,16,-11;867,30,-13;868,24,-4;870,18,-3;871,38,-12;872,-12,12;873,2,22
rua||apiai|parque fluminense|26190170|1,-2273765,-4333859;2,-37,96;5,38,-46;9,-80,15;10,61,235;11,-7,-23;13,-31,-98;35,9,35;45,-21,-78;88,84,-140;90,8,21;95,2,-8;96,-17,26;110,6,-46;124,44,-82;160,-29,52;167,30,-29;171,-2,-8
rua||apiai|parque sao jose|26190170|4,-2273858,-4333725;14,31,25;17,11,48;18,-31,-142;20,38,173;22,4,25;23,4,14;40,-57,-141;55,11,-54
rua||apiai|parque suecia|26190170|2,-2273723,-4333876;3,-29,64;11,40,-86;12,3,-22;13,-3,9;23,2,27;43,-60,99;91,40,-51;92,-10,1;93,-2,8;95,18,-33
rua||apodi|parque suecia|26187300|6,-2273549,-4333629;7,-74,-168;8,-7,-51;9,10,35;11,55,178;12,-38,-96;13,12,55;14,-24,16;16,72,80;17,-13,-64;18,-25,-86;19,59,182;20,-1,11;32,-20,-89;96,-75,-182;100,93,251;104,-75,-209;224,28,101
rua||aporuna|parque fluminense|26190130|13,-2273797,-4333790;16,123,-36;22,-36,83;45,-10,81;47,-26,-23;48,-10,-17;49,2,4;51,10,12;52,9,-6;53,-3,10;54,15,6;55,22,-96;59,-5,6;64,7,-10;99,-85,30;101,-18,-38;127,65,64;128,7,6;180,-29,-2;188,-1,3;351,58,-275;549,-35,-2
rua||aporuna|parque sao jose|26190130|542,-2273743,-4333986;544,12,-5;546,20,1
rua||aporuna|parque suecia|26190130|1,-2273648,-4333803;2,10,-163;12,-10,39;13,4,39;14,-16,24;15,-10,8;16,1,10;18,-14,22;19,-2,11;20,-6,6;21,-3,13;23,-15,25;24,-3,4;27,-22,27
rua||apua|parque fluminense|26187310|45,-2273713,-4333662;98,22,16;102,0,5
rua||apua|parque suecia|26187310|2,-2273654,-4333540;7,-26,-65;8,-6,-10;9,-1,-20;10,61,-164;13,-12,35;14,-6,11;16,-11,10;17,-5,21;18,-7,5;19,1,10;20,-6,106;21,-16,-87;22,0,1;23,0,31;120,26,93
rua||aracaju|das gracas|26113660|1,-2275532,-4339298;2,-12,-6;3,-3,-5;4,5,1;7,-52,-15;8,-7,3;9,-7,5;10,-4,-3;11,-15,4;12,29,1;13,-46,-3;14,2,10;24,101,-56;42,24,56;49,97,177;53,-2,-11;59,-20,12;82,70,-162;200,-105,-10;310,93,8;496,-50,146;586,-28,-144;840,21,140;841,-44,-44;842,14,13;843,-32,-40;844,20,32;845,0,-2;846,-20,-46;847,-32,-3;850,31,-56;856,-28,-21;857,9,-24;859,22,36;860,25,4;861,11,-1;864,3,10;865,44,-5;867,16,5;868,-108,-18;869,121,12;870,23,6;872,20,-6;873,17,4;874,7,-6;907,-87,179;908,-6,-8;927,-97,-121;928,-14,-19;930,33,-26;931,17,3;932,13,0;933,9,-1;934,17,-1;935,-1,-1;936,10,6;937,19,4;938,5,-5;940,24,0;941,11,3;942,13,-7;943,10,11;948,24,-1;951,34,-25;953,-30,13;954,-212,41;958,223,-53;962,12,-7;963,7,-2;964,13,-1;965,8,-10;1025,-203,143;1026,12,3;1028,-18,-23;1297,29,41;1298,-9,-14;1522,64,85
rua||aracaju|santa amelia|26113560|148,-2275180,-4338983;158,-6,-3;160,-10,-6;664,24,20;685,-38,-27
rua||aracaju|santa amelia|26113660|39,-2275104,-4338940;124,-1,-13;139,36,10;143,-45,-11;144,-6,-4;145,-22,-13;617,53,16;618,-16,-9;621,-28,2;632,-37,-27;634,-22,-8;635,-9,-8;636,-12,-1;637,-11,-14;645,19,13;708,-100,-38;709,-10,-6;710,-11,5;711,56,24;713,8,-1;714,17,3;715,6,8;721,-49,-17;812,-65,-34;813,-13,-12;829,6,11;830,-7,-2
rua||aracati|heliopolis|26123160|26,-2274477,-4341087;27,-1,-13;230,12,-3;231,5,-9;240,-25,21;271,-15,14;272,8,-8;273,12,-11;274,6,6
rua||aracati|vasco|26183180|1,-2271838,-4333566;2,12,-1;5,-10,-5;6,-3,77;9,-49,-32;10,-10,2;11,-9,8;12,-6,4;17,89,-76;25,-41,41;50,58,-31;176,-18,1
rua||aracuam|hiterland|26115260|333,-2274064,-4338839;334,-13,-1;335,-11,13;336,-16,-2;337,-7,3;338,-13,2;339,-3,4;340,-17,16;341,-2,-2;343,-28,-2;344,-21,3;345,-1,-3;347,-12,5;348,-8,25;349,-10,4;350,-8,6;351,-9,10;352,-14,12;353,-1,9;400,11,-15;611,-35,33;612,-8,1;613,-20,6;614,-5,8;615,-6,-4;616,-9,9;617,-11,5;618,-15,1;619,-16,8;620,-2,1;621,-8,6;625,-18,34;629,10,66;630,10,-14;631,-17,-30
rua||aracua|hiterland|26115250|1,-2274206,-4338612;2,-138,117;48,436,-363;84,0,0;115,7,-12;116,5,-7;117,4,-6;172,-140,166;209,13,-21;216,26,-11;217,5,-10;218,4,-1;219,3,-4;221,13,-21;223,14,-15;224,5,-18;226,-12,24;258,4,-8;259,-3,1;260,-17,16;261,4,15;263,-24,22;264,-4,2;266,-28,23;268,-21,17;269,-26,26;270,3,-21;271,-12,9;272,-3,7;273,-19,3;274,-8,7;275,2,-1;416,-86,66;417,3,-6;418,27,-28;419,0,0;420,12,-13;421,16,-5;422,4,-1;423,13,-8;424,7,1;425,15,-3;426,10,-9;427,13,-7;428,-49,38;429,70,-51;430,1,5;437,5,-11;450,-185,143;464,-109,68;467,61,-4;468,-3,-1;469,3,-2;470,7,-4;471,26,-30;472,-15,15;473,9,-9;474,13,-15;475,5,-7;478,26,-35;479,1,0;521,69,-99;523,-25,42;524,4,-4;525,-5,-2;527,-30,43;528,6,-10;530,-78,56;531,10,-70;532,33,55;533,-33,-55;534,21,60;535,-93,66;536,101,-57;537,-30,18;538,-2,11;539,-17,3;544,-9,19;545,-57,5
rua||araguari|nova aurora|26160250|30,-2272960,-4339848;108,23,-33;109,-17,36;110,1,0;112,52,1;114,-49,-3;123,111,87;124,-43,-65;130,-144,60;135,40,24;136,-1,0;138,18,-15;139,-41,11;140,-1,-3;143,-3,-30;144,3,2;145,34,-12;146,-26,3;148,8,-5;150,13,-7;151,48,-1;152,-6,-35;154,-34,18;155,39,-74;156,9,-19;158,-76,168;159,102,-187;160,0,-10;163,-115,182;165,55,-91;166,-8,99;170,36,-37;171,-20,-61;172,46,95;173,11,-9;174,-63,-88;175,96,90;180,-112,-35;181,-17,-26;182,23,29;183,4,-3;184,19,-23;185,7,21;186,13,-25;187,5,9;188,8,6;189,14,-13;191,18,9;193,-73,-39;200,2,-3;237,136,48;239,-140,-46;241,127,55;380,-7,21;421,-104,35;425,-14,-18;427,53,8;429,-35,0;435,18,-3;450,54,-9;470,-60,3;480,37,18;481,21,-21;490,28,-36;500,-36,-14;502,21,52
rua||araipo|itaipu|26143420|1,-2272334,-4342707;2,-12,-46;3,10,-5
rua||aramare|shangrila|26150100|5,-2271617,-4341209;23,-13,-9;24,5,12;25,-13,-20;322,15,7
rua||arapogi|nova aurora|26160230|1,-2272825,-4339908;180,117,17;196,-12,-3;198,11,-6;199,-1,2;200,26,-4;206,45,1;207,-14,-7;208,7,5;209,-17,11;210,0,0;211,-3,-14;212,-1,-47;213,0,2;217,-30,-5;231,-153,23;232,-14,-7;233,-1,-18;234,-5,3;235,-21,-9;236,-1,-13
rua||arapogi|nova aurora|26190290|405,-2272590,-4339915
rua||araponga|nova aurora|26150270|237,-2272892,-4340005;238,14,-34;239,2,9
rua||araponga|wona|26183100|3,-2272076,-4334192;5,-21,38;6,-7,16;11,30,-58;12,0,3;13,-2,9;25,-42,59;29,20,-19;31,-6,-1;33,10,-16;95,6,1
rua||araporanga|nova aurora|26150270|284,-2272938,-4339986;285,58,-46;286,-15,18
rua||araporanga|nova aurora|26160265|25,-2273132,-4339782;27,-22,21;28,-11,4;29,0,7;30,-12,6;31,4,16;32,-11,9;33,-9,9;34,-10,4;35,-6,6;193,276,-289
rua||araporanga|sao francisco de assis|26150270|172,-2273078,-4339860;333,307,-239;360,-215,161;361,-2,-3;362,-9,15;363,-20,10;364,3,-4;365,-57,55;366,45,-39;367,-20,2;368,-5,9;369,0,13;370,-21,-8;371,-18,48;373,11,-7;374,-21,9;375,-5,-2;377,-16,25;378,-3,1;379,-10,10;380,2,5;381,-25,10;382,-8,3;383,58,-33;384,-64,67;386,-19,-3;387,-2,25;388,7,-7;389,-24,32;390,92,-115
rua||araporanga|sao francisco|26150270|2,-2272932,-4339969;4,-33,10;5,-11,16;6,-4,5;7,-11,14;8,-4,-3;9,-9,6;10,4,21;11,-27,3;12,-7,8;13,-14,-1;14,-10,6;15,-12,11;16,0,8;17,-14,10;18,-7,14;19,5,-3;20,-17,22;21,-11,0;22,-2,11;23,117,107;24,-135,-97;25,243,1;26,-40,-95;27,5,6;28,38,95;29,-43,-96;30,57,129;31,28,65;33,-64,-294;34,-4,-4;35,-10,-3;193,36,30
rua||arapuana|nova america|26140167|12,-2274817,-4341563;13,-17,-4;18,83,-46;21,-14,5;22,1,-7;23,-29,18;26,-75,46;28,10,-7;38,7,-1;40,1,-5;59,18,-10;70,16,-6;71,-7,-7;80,21,6;93,-9,-10;104,15,-4;109,69,-31;119,-12,3;120,-50,32;121,18,-14;128,-10,6;138,5,14;141,-24,-4;159,53,-29;160,-10,13;162,14,-3;174,8,-9
rua||araquetiba|nova aurora|26160261|36,-2272953,-4340001;37,-113,41;135,94,-42;201,-243,91;202,14,12;204,-31,-18;236,225,-97;237,-18,13;299,48,-1;334,28,6;335,-275,82;338,188,-76;339,-19,2;340,40,-30;343,-16,32;344,-65,36;345,2,4;346,-17,16;347,-3,2;348,-16,11;349,-10,6;350,-37,0;351,28,7;367,65,-58;600,-78,64
rua||araquetiba|shangrila|26150070|48,-2271778,-4341127;248,-33,1;256,54,-2
rua||araquetiba|shangrila|26160260|106,-2271707,-4341150;111,-68,17;260,-69,0;261,23,5;262,8,-12;263,11,1;264,6,5;265,14,0;267,23,-14;268,11,16;269,10,-3;270,-1,-1
rua||araquetiba|vila sao sebastiao|26160260|800,-2273239,-4339919
rua||araquiaba|nova aurora|26160210|22,-2272958,-4339864;23,238,37;29,-183,7;39,224,57;41,-60,-75;48,13,4;49,1,2;51,-28,-13;57,14,1;63,-16,0;71,17,26;72,-214,-23;73,208,3;74,-131,10;75,182,8;76,-70,-30;78,-9,-4;80,12,14;81,26,76;82,-40,-102;84,-102,39;86,134,-3;87,56,22;88,-21,1;89,-195,-13;90,182,0;92,-16,-9;98,-10,-14;99,-2,69;100,-48,-25;101,6,11;102,-35,3;103,-12,-55;160,-52,-132;161,1,1;162,-25,-22;195,122,117;198,19,15;320,-103,-72;330,36,42;401,-24,-31;402,80,-29;404,-117,33;474,185,95;476,13,-3
rua||arara azul|parque dos califas|26176125|2,-2272541,-4335637;6,1,7;8,6,3;10,7,1;12,9,8;14,1,-3;16,7,4;18,13,3;19,83,53;20,-89,-51;32,63,25;33,8,5;34,-49,-33;36,59,37;38,6,6;43,-122,-74
rua||ararangua|shangrila|26150270|18,-2271442,-4341375;22,10,6;23,-1,4;74,-63,-25;75,13,1;76,12,3;77,15,14;78,-6,-6;80,-40,-8;117,-26,-20;119,49,24
rua||arara|parque dos califas|26176125|3,-2272504,-4335620;5,10,12;7,4,2;9,6,-2;11,5,2;17,33,10;19,5,6;23,12,3;25,5,4;27,6,0;28,-18,-4;29,31,13
rua||arara|parque dos califas|26176150|4,-2272370,-4335540
rua||araripe|heliopolis|26120190|89,-2274340,-4340793;99,-11,-21;101,9,-13;390,5,8;404,-5,92;405,1,3;406,12,-23;407,0,-6;408,-14,-8;409,6,-21;412,-22,-58;413,-6,-13;414,-3,-13;415,-31,-17;431,37,38;473,-12,-37;474,0,8;475,0,-3;500,29,59;502,13,16;524,-13,87
rua||arari|itaipu|26143400|1,-2272403,-4343137;6,-12,50;7,-34,21;9,25,-25;10,15,-9;14,17,-39;17,-79,83;19,16,49;20,56,-123;21,-6,18;23,-46,111;24,21,-71;25,-18,6;26,-12,29;27,9,19;28,3,14;29,3,0;30,2,32;31,8,3;32,7,36;33,1,-4;34,3,9;35,9,12;36,2,11;37,10,22;38,-45,-101;40,2,6;42,5,13;43,4,8;54,28,62;55,-1,1;56,5,19;60,11,15;83,-16,48
rua||araruana|shangrila|26150370|408,-2271655,-4341335
rua||araruana|shangrila|26150390|125,-2271576,-4341269;126,-11,-46;127,-2,22
rua||araruann|shangrila|26150340|1,-2271841,-4341340;14,194,-52;17,-15,35;18,-12,6;19,18,-19;21,3,-9;26,-112,29;52,84,3;53,-6,4;63,-23,-2;68,101,-141;87,-141,141;169,145,-150;170,23,-28;273,-1,5;378,-121,176;383,-124,1;385,6,-1
rua||araruann|shangrila|26150390|26,-2271752,-4341342;87,7,-1;155,-5,1
rua||arassuai|shangrila|26127010|1,-2272134,-4341445;5,25,65;8,18,50;17,39,86;18,-10,-38;19,19,51;21,10,41;22,15,7;29,-24,-45;32,-89,-199;33,36,137;34,-47,-157;48,151,312;59,8,14;60,7,20;63,-56,-107;71,3,-7;73,2,7;75,2,13;81,-88,-211;83,2,8;85,-5,-8;90,38,100;94,-18,-42;95,7,3;109,44,99;138,-48,-40;315,-40,-136;345,12,16
rua||aratangi|shangrila|26127000|25,-2271973,-4341230;37,0,-6;65,-18,-40;68,1,18;70,11,10;72,-84,-185;78,-13,-12;80,6,0;84,10,22;86,10,7;90,-2,34;92,17,7;96,5,15;100,2,28;102,11,5;104,-57,-142;105,-2,16;107,12,20;109,-4,2;111,22,7;113,-14,7;115,24,40;117,-3,-12;119,10,8;121,5,-5;123,18,16;125,-6,20;127,-13,2;131,20,25;135,23,40;139,-28,-53;142,49,99;144,-8,-6;179,-63,-133;208,54,107
rua||araticum|shangrila|26150090|28,-2271730,-4341245;29,28,16;30,-12,-6;61,73,71;105,-59,-23;106,8,16;116,30,9;117,-3,109;119,-15,21;129,-24,90;146,1,-189;149,-14,29;150,15,11;154,-8,3;160,-2,1;168,-9,13;176,3,7;186,2,10;188,-1,8;200,6,13;206,4,-14;207,19,36;208,-2,2;214,-8,30;216,7,-62;217,1,67;298,-30,-276;305,3,23;311,19,16;312,30,28;313,-27,1;315,13,3
rua||aratimbo|shangrila|26150280|8,-2271725,-4341562;14,65,154;15,-2,5;48,-3,-20;52,-1,-12;100,-14,-31;105,-21,-47;110,7,24;115,-3,-17;117,-3,-6;119,10,18;120,4,20;121,2,4;132,-1,-17;134,6,14;137,35,5;138,-28,8;150,-18,-36;154,14,48;155,6,-1;156,11,13
rua||arauanan|shangrila|26150350|62,-2272032,-4341287;103,-26,-5;104,22,5;105,6,-4;131,29,-15;132,23,-9;133,16,1;134,8,-8;135,-26,12;136,21,-3;137,-23,11;186,94,-38;187,14,-2;321,-153,59
rua||arauana|shangrila|26150340|321,-2271579,-4341261;323,-8,-20;343,-163,-56;345,34,-3;346,11,-1;347,16,13;348,5,-12;350,30,10;351,14,8;352,-199,-15;353,21,2;354,-13,0;434,79,0
rua||araucarias|itaipu|26143340|13,-2272752,-4342287;18,37,-48;61,-4,2
rua||araucaria|itaipu|26143340|8,-2272628,-4342413;19,102,-116;20,9,-11;22,-31,39;25,47,135;415,-5,-198
rua||araucaria|itaipu|26150010|2,-2272443,-4342727;3,-69,163;5,44,-124;9,-153,268;12,141,-190;13,3,-14;15,7,-27;19,-8,-66;20,-2,-9;21,-5,-2;22,-94,261;23,0,0;24,5,-9;26,8,0;40,51,-44;42,29,-106;44,-69,150;46,-7,9;47,-7,3;48,-1,-1;49,-10,9;50,-39,35;52,51,-50;54,-41,51;55,-11,8;56,-6,2;57,-5,3;59,-9,14;60,6,23;61,-30,-3;62,3,4;72,213,-350;523,6,-5;582,-5,11;591,-7,11;601,24,-60;602,-7,12
rua||araucaria|shangrila|26150010|3,-2271389,-4341420;4,0,-7;6,5,69;8,-30,-58;18,16,-25;25,10,30;39,-94,-198;40,17,11;41,6,12;42,-1,11;43,3,9;45,10,18;46,5,13;47,5,5;48,-13,-17;49,24,32;53,25,85;54,9,15;62,-39,-79;63,-4,-8;64,-11,-29;65,-4,-16;78,28,59;99,-50,-107;250,80,217;260,6,-16;270,-9,-13
rua||araujo|malhapao|26185260|1,-2273115,-4332987;2,4,4;3,2,2;4,-24,-22
rua||arauna|shangrila|26150480|5,-2271402,-4341612;6,7,20;10,22,48;12,9,24;18,-63,-140;24,57,133;25,-4,-3;26,-6,-8;27,0,-15;28,-14,-15;29,4,-4;30,-4,-6;32,-30,-72;33,13,27;36,14,34;143,29,59
rua||arceu|centro|26112050|19,-2275962,-4340364;37,6,-8;45,5,-17;47,1,-9;49,4,3;79,5,-18;93,13,-24;107,-5,-8;117,-2,-9;125,10,-10;137,-2,-14
rua||arcozelo|wona|26175000|2,-2272738,-4334004;4,7,-1;8,45,-33;9,160,-122;11,-176,131;12,-2,5;13,-18,7;14,53,-43;15,149,-106;17,-34,27;19,-27,20;20,6,-3;21,-41,20;22,41,-23;29,-62,46;95,-70,46;101,-25,17;102,12,-6;103,17,-20;105,3,2;122,25,-9;123,-12,9;210,70,-45;211,17,-15;261,-8,-6;263,24,-12
rua||areopolis|recantus|26163450|4,-2272196,-4338702;5,0,13;7,1,-28;15,5,-20;17,-13,25;21,-3,19;161,-19,61
rua||argentina|centro|26130300|8,-2276057,-4340610;15,3,6;17,-4,-4;22,-7,-2;27,0,3;30,-7,-5;35,-2,0;40,-10,-8;45,-1,6;49,-16,0;51,-22,-13;119,-10,-18;122,-11,2;124,-15,-7;126,4,5;206,-64,-41;210,-11,16;224,3,-30;226,-5,14;232,-12,-1;234,8,-13;240,-10,-4;242,-2,18;248,-19,-6;264,4,-4;294,-29,-2;296,20,-28;300,-9,31;304,-14,-5;308,-5,-2;318,-8,-13;332,-9,-4;334,4,3;344,-19,-10;346,-10,-5;390,-31,-3;394,-1,-5;400,-105,-156;412,89,145;420,-8,-4;432,-9,-4;442,-12,-3;452,4,-4;492,-44,-17;504,0,-14;516,-28,16;518,5,-3;524,46,11;525,-13,-5;616,-39,-14
rua||argentina|santo antonio da prata|26130300|66,-2276437,-4340763;67,-2,-3;137,281,121;173,-25,-10;177,-2,0;204,-141,-27;245,80,1;247,17,8;249,-25,-17;257,-8,1;273,-8,-5;277,-9,-9;283,-1,6;291,-10,0;301,-9,-10;317,-20,27;321,4,-22;325,3,-10;327,-5,4;331,-16,-9;335,3,-1;339,-10,-8;349,-16,14;433,-41,-43;443,-23,-9;453,0,-3;491,-34,-2;515,-22,-13;610,-67,-48;622,-16,-15;646,-12,-9;648,-7,-2;658,-4,-4;668,-12,-4;781,-77,-48
rua||argentina|vila madalena|26130300|68,-2276544,-4340835;86,-70,-44;597,80,66;599,-22,-6;607,20,-5;633,-35,-2;639,-11,-23;657,41,28;663,-49,-39;670,-45,-29;709,1,3;711,-19,-15;780,-19,-14;909,47,32
rua||ariapo|hiterland|26115745|735,-2274509,-4338404;736,-14,17;739,-27,5;740,1,15;741,-13,1;742,7,0;753,-22,9;763,-21,3;765,59,-28;766,3,4
rua||ariapo|hiterland|26116740|102,-2274398,-4338458;197,7,2;207,14,-22;227,-57,32;451,-157,108;453,34,-21;455,13,2;457,13,-18;462,124,-41;708,8,-37;710,-24,17;712,-31,9;713,19,5;714,-31,1;715,-9,-5;720,137,-68;723,-48,40;724,-21,0;726,-4,-1;728,-35,19;729,-5,0;730,-26,10;731,11,8;733,-27,-1;734,-18,19;738,80,-32;741,-61,18;743,-19,14;989,127,-76
rua||ariapo|itaipu|26143415|1,-2272314,-4342920;2,3,4;3,-41,-58;5,-1,7;7,21,17;10,14,307;20,69,-358;100,-83,300;120,-10,-13
rua||aricanga|shangrila|26150340|1,-2271553,-4341561;6,-26,1;7,11,24;8,-55,43;10,-3,38;11,-5,7;12,1,-4;13,-7,23;19,-6,18;23,82,-135;157,-43,52;164,-30,76;165,-11,-62;176,98,-91;177,8,-1
rua||aricuri|shangrila|26150290|18,-2271513,-4341372;64,56,-170;65,-10,29;67,-19,23;68,10,2;69,-11,15;70,0,16;71,-4,8;72,-2,17;73,2,7;74,-4,7;82,-23,82;83,3,-59;84,12,-18;87,7,-25;89,1,-16;90,5,-25;91,-3,-15;92,8,-4;93,4,-5;94,7,-24;95,3,-5;96,3,-11;97,-6,-21;98,4,-6;114,-50,212;120,13,-31;123,-31,80;194,20,-62
rua||aries|parque sao jose|26190080|7,-2273702,-4334070;9,-11,-18;10,-29,-86;13,67,182;14,2,-20;15,-14,20;19,-68,-199;25,-19,-65;26,-7,-10;30,39,106;33,29,56;35,-57,-142;36,0,6;38,0,0;120,48,104
rua||arimateia|das gracas|26116500|11,-2275679,-4340058;12,-19,9;16,-37,23;20,13,-8;22,17,-13;25,11,-11;28,-17,8;31,5,8;33,-2,1;54,-12,9;56,3,-9;58,-5,9;63,-7,6;68,-4,-17;81,-2,27;127,-13,-7;137,1,10
rua||arimbu|shangrila|26150320|20,-2271384,-4341471;21,-7,-12;22,9,-8;23,3,-12;24,15,3;52,-58,70;53,-2,18;54,-11,20;56,-2,-21;57,6,11;58,1,-22;59,2,-15;61,5,-23
rua||arirama|shangrila|26150387|12,-2271787,-4340903;15,12,93;60,-15,-187
rua||ariramba|shangrila|26150387|3,-2271787,-4340990;5,-3,29;6,-2,6;9,4,18;10,10,15;11,-8,6;49,-4,-184;50,3,18;52,10,12;54,-15,11;55,-1,-10;58,2,35;59,1,7;60,-1,8;64,5,22;65,-9,-51;68,7,64;78,0,55;84,1,23;86,-1,18;88,2,17;89,1,12;196,72,-87;197,-12,37;200,-19,29;201,-6,18;247,-46,-228
rua||ariro|shangrila|26150390|23,-2271793,-4341324;30,2,92;39,1,-475;101,3,491;229,-7,-2;249,-5,-158;250,8,-29;252,3,-13;290,-10,184;292,4,16;325,3,-99;326,0,17;396,-4,-155;671,5,2
rua||aristides|andrade araujo|26135290|3,-2275026,-4341517;5,-8,-7;16,-1,-6;18,-13,-22;20,3,-12;22,3,6;26,27,50;30,-5,3;31,-2,-4;39,-7,-13;56,0,-14;67,-13,-6;75,-10,-18
rua||aristides|itaipu|26143280|1,-2272703,-4342543;2,5,13;3,-2,29;5,38,60;12,-9,-32;16,-26,-77;18,-10,37;26,-13,-104;28,27,80;30,-18,-59;32,-19,174;34,5,-186;36,11,128
rua||aristoteles|jardim do ipe|26180210|5,-2271634,-4334662;26,5,-20;35,-5,4
rua||aritana|jardim tupiara|26183802|4,-2272626,-4332900;8,44,-40;13,5,-18;14,11,-12;23,-14,18;33,10,11;43,1,14;44,-5,22;50,-2,5;63,9,-8;180,-81,16;190,38,-31;196,-72,39;197,13,-2;213,57,-19;220,-62,31
rua||arlete afonso|shangrila|26127040|1,-2272603,-4341598;3,29,47;13,45,40;15,60,62;16,-10,-6;23,-112,-119;24,11,10;26,-3,-1;30,-18,-8;31,48,44;40,-17,3;59,52,40;60,11,1;116,-49,-33;294,22,5
rua||aroeira|sao vicente|26178110|2,-2272330,-4336491;6,7,-4;18,15,-4;19,-12,-2;31,9,-3;32,2,-9;41,3,-1;42,22,1;53,-6,-22;67,2,-1;78,4,2;79,6,-10;80,22,38;91,-20,-48;92,7,5;94,15,-9;96,-2,-14;103,-6,7;105,-1,-7;107,17,-31;109,-17,32
rua||aroldo de azevedo|bom pastor|26110550|1,-2274205,-4337216;5,-38,-12;6,5,1;38,-275,142;121,209,-146;141,-24,10;168,20,-27;169,-31,29;188,-37,12;189,25,3;210,4,0;228,-45,10;238,-2,-2
rua||arotiba|belford roxo|26125270|23,-2273262,-4339969;47,-22,7;91,-2,-9;153,31,-3;174,-7,-1;175,5,2;177,-20,4;213,19,-5;267,0,3;700,2,-2
rua||arotiba|belford roxo|26150000|100,-2273291,-4339944;130,31,16;208,-34,-8;251,34,7;252,-10,-1;341,-63,8;364,-13,-30;365,18,-2;366,10,4;368,-1,0;388,-24,-5;586,60,19
rua||arotiba|belford roxo|26160270|5,-2272759,-4340035;6,23,-3;8,395,108;10,-328,-108;11,24,0;14,94,11;16,122,52;17,-99,-57;21,11,12;22,2,1;26,-248,-20;27,323,62;28,14,-2;29,-20,-2;30,41,22;32,-3,-5;34,-1,5;36,7,-5;42,-158,-67;49,98,42;50,83,41;52,9,2;54,7,5;60,16,5;70,-1,-6;153,-490,-104;155,162,4;175,-144,-36;176,497,153;179,-372,-113;181,197,34;182,2,1;213,-242,-40;267,-68,-2;350,420,91;700,-314,-82;990,166,18;1101,195,85;1111,-1,-3
rua||arotiba|nova aurora|26160270|13,-2272459,-4339983;15,-12,-2;27,160,40;87,-941,-119;130,941,122;132,-140,-42;185,-39,-21;205,-626,-33;240,261,0;241,38,-8;242,8,0;243,13,30;244,-2,-15;245,11,-13;246,11,10;247,13,-7;248,6,-1;249,13,15;250,12,-9;251,10,15;252,1,-15;253,19,6;254,16,-9;255,15,25;256,8,-19;257,9,-11;258,10,9;259,12,9;260,10,-1;261,-8,-3;262,33,38;263,9,-39;265,13,-2;266,12,0;267,7,5;268,17,6;270,21,16;272,13,8;284,-426,-42;285,-29,-9;286,14,5;287,-13,-7;289,-23,12;290,-3,-6;291,-24,-10;292,-6,1;293,27,21;306,-195,4;309,-41,26;500,326,-39;510,-338,52;600,139,-48;601,1,-2;602,32,-14;606,0,-4;1112,672,116;1113,11,-5;1114,0,0;1115,23,7;1116,-83,-39;1123,42,27;1124,-6,4;1125,-4,-14;1126,-9,6;1127,-4,-17;1128,-19,7
rua||arotiba|sao francisco de assis|26160270|2,-2272892,-4340047;3,-56,-2;4,30,-1;7,25,3;18,-112,-13;20,-370,104;60,19,-3;97,35,-5;98,0,6;104,297,-95;105,11,15;106,-26,-13;108,80,0;109,-8,2;117,-65,-6;127,62,9;131,23,-2;153,91,0;188,-120,3;190,51,-6;222,-61,0;300,41,6;401,73,2;402,-2,-14;605,-215,25;612,75,-12;614,-49,-1
rua||arotiba|vila sao sebastiao|26160270|35,-2273282,-4339941;100,-2,7;368,-32,-14
rua||arsenal|shangrila|26127430|3,-2272505,-4342100;8,-6,-49;9,0,26;13,52,-57;15,22,-12;17,-121,75;21,77,-54;24,26,-12;33,-53,77;40,-74,-9
rua||artur|piam|26112610|8,-2274790,-4340423;10,6,32;15,1,1;20,-3,6;25,0,8;30,-4,10;35,15,-1;40,-10,11;45,1,-2;50,-4,10;55,7,-12;60,-2,21;63,1,-1;65,-2,4
rua||arua|andrade araujo|26135680|1,-2274629,-4341785;8,-16,-20;12,7,-6;26,11,22;27,-2,-5;141,0,11;153,8,7
rua||asia|miguel couto|26157579|20,-2270576,-4342121;45,4,-10;70,34,-14;71,10,-16;72,-3,13;78,12,-5;79,-5,-25;88,110,-28;90,-12,8;92,-14,6;103,-67,24;104,14,-6;105,2,-5;108,31,-11;109,-49,23;114,36,-13;115,-3,10;117,-12,0;118,-16,2;119,-5,8;125,-61,36;150,104,-54;152,23,-9;163,-35,2;165,9,-8;175,-25,19;187,39,-23;188,16,7;189,-8,-13;190,22,-13;191,-4,55
rua||assapaba|bairro wona|26183620|1,-2272827,-4333934;2,1,18;9,25,-81;10,-5,14;11,7,-13;14,-98,35;16,28,54;17,-14,-26;18,4,0;19,-5,-3;51,33,63;53,35,-84;60,-4,-26;63,12,9;70,-9,16;78,-2,5;82,-13,39
rua||assapaba|parque alvorada|26183620|50,-2272819,-4333930
rua||assapaba|parque fluminense|26183620|9,-2272917,-4333982;11,-90,257;13,90,-257;15,-116,277;16,8,-11;18,27,-17;19,-1,-15;20,19,-15;22,5,0;51,115,-95;52,-5,-23;54,-8,-15;55,8,36;56,-15,20;65,-10,10;76,-124,119;77,-22,-30;85,9,9;86,-2,-3;87,-9,-8;88,-10,-3;89,11,3;90,-21,-18;91,0,6;100,142,-43;112,-13,-16;116,46,-15;140,-59,29;150,-1,33;157,74,-81;199,-89,92;200,3,-27
rua||assurua|heliopolis|26123040|360,-2274356,-4340853;361,-27,4;362,26,-6;364,-17,3;365,18,-4;366,-4,0;367,4,0;368,-3,1;369,-56,44;415,4,-77;416,-14,6;417,-9,6;418,-12,19;419,-14,41;420,-5,4;423,-3,41;424,4,15
rua||astolfo|piam|26112600|5,-2274815,-4340399;10,2,25;15,-6,-8;20,0,11;25,5,1;30,-8,8;35,4,-2;40,-7,9;45,-1,0;50,5,17;55,2,-12;60,0,19;65,6,-1
rua||atao|sao leopoldo|26167370|7,-2273829,-4337275;13,4,10;16,-20,-28;18,4,13;44,5,6;56,-12,-33
rua||ateu|jardim sao francisco de assis|26125630|19,-2272479,-4341058;21,-23,13;22,-2,0;24,-28,14;130,39,-90;162,11,-2
rua||atila|jardim glaucia|26195170|253,-2275686,-4335206;900,-192,45
rua||atila|jardim ideal|26195170|14,-2275320,-4335323;46,-312,108;85,300,-105;248,-26,10;468,-267,95;612,-247,59
rua||atila|jardim silvana|26195170|60,-2275324,-4335333;66,-28,14;95,22,-8
rua||atlantica|heliopolis|26123310|25,-2274431,-4341370;27,-10,-10;56,17,24;57,-97,92;61,112,-83;110,-29,-34;113,60,88;115,6,12;138,-3,-4;172,100,194;197,-79,-148;200,-1,1;204,4,7;206,7,11;207,-5,-1;229,12,18;230,3,8;232,2,-20;256,17,30;259,-4,2;264,3,11;268,1,6;280,17,25;306,4,11;313,3,-10;317,2,-2;324,1,16;336,-1,12;350,9,18;605,9,4;617,13,3;618,-26,-28;649,-35,-45;680,-40,-85;702,47,85;705,-9,-28;728,-76,-116;746,15,18;747,-12,-9;748,6,-16;749,-6,-12;750,-10,-13;751,-9,-5;752,-5,-9;755,-15,-29;769,19,20;770,-10,-11;771,-12,-12
rua||atlantica|shangrila|26127070|8,-2272522,-4342127;25,-76,31;26,10,-4;27,-4,1;28,22,-14;29,124,98;31,-104,-103;32,15,-11;33,8,3;35,-28,12;36,-96,45
rua||augusto dos anjos|jardim sao francisco de assis|26125570|1,-2272590,-4341121;2,-142,-248;8,137,262;9,39,-123;10,-8,135;11,-195,-34;14,22,-9;15,20,0;17,108,0;19,77,16;24,3,7;28,-135,-14;31,-21,-145;34,-58,124;35,-33,-6;40,-10,-14;42,8,19;46,140,32;48,14,-10;110,-223,-39;118,150,38;155,93,19
rua||augusto dos anjos|jardim sao francisco|26125570|19,-2272568,-4341240;35,-150,-170;210,95,-72;1042,-40,25;1044,2,-2;1054,9,-6
rua||augusto dos anjos|sao francisco de assis|26125570|18,-2272680,-4341457;19,18,-14;20,40,-20;1009,-99,69
rua||augusto dos anjos|vila santo antonio|26165690|13,-2273334,-4337826;15,44,-49;16,-32,45;17,45,-35;18,-65,37;20,-11,22;21,120,-110;25,5,-17;27,-10,28;54,-79,64;57,-5,7;62,69,-67;65,-9,14;73,1,-9;94,-7,10;96,-13,2;154,-18,26;155,-4,8;235,6,-10
rua||augusto vasco aranha|areia branca|26135060|224,-2274957,-4340978;234,-5,3;236,1,-3;240,-3,-1;242,10,-4;250,9,-2;260,2,-8;268,-9,1;272,10,-1;282,-18,21;295,33,-32;300,21,-14;310,7,-9;316,11,-9;348,7,-7
rua||augusto vasco aranha|areia branca|26140140|557,-2275118,-4340876;565,11,0;567,1,0;577,8,-5;581,-7,-10;585,-2,-8;589,14,8;599,-1,-22;601,-12,-47;607,31,124;611,0,-78;615,-1,79;621,7,-71;627,26,-21;657,7,5;661,4,-14;663,2,-1;665,4,-10;693,5,-8;699,16,12;705,-11,-29;715,10,9;719,9,-9;739,11,-8;747,3,-1;749,1,-29;753,10,18;755,9,-3;757,3,1;795,19,-13;811,8,-7;813,7,-8;821,11,-4;835,8,-13
rua||aurea|centro|26130240|16,-2276652,-4340404;19,65,27;51,-31,-10;61,8,-5;71,-11,-6;89,-8,-11;119,-30,-13;121,2,-25;123,2,-4;177,-6,-10;195,-20,-5;205,9,-1
rua||aurea|vila dagmar|26130240|20,-2276668,-4340463;26,50,54;28,-3,-7;30,18,24;36,-117,-125;40,112,118;50,3,2;58,-195,-208;60,-4,-5;71,-27,-14;77,-13,-22;98,204,218;105,-120,-125;108,115,117;124,-56,-55;127,-33,-36;130,59,55;134,-17,-22;136,-38,4;150,-10,-50;152,-9,-3;213,39,38;223,-13,3;224,-12,-29;231,5,8;243,-7,-7;247,-4,-6;252,15,-1;254,-5,2;257,-43,-36;260,7,7;261,-15,-24;271,16,24;273,14,19;303,-26,-9;312,12,-36;322,-22,4;332,-7,-15;333,-4,27;343,4,-25;362,-27,-14;364,6,4;475,-40,-37;477,-17,8;479,6,-26;485,-4,1;487,1,-9;489,-5,-2;545,-21,-17;555,0,0
rua||australia|heliopolis|26120330|34,-2274030,-4341213;36,-17,-6;55,-15,22;64,-6,1;212,-166,98;328,-100,70;330,4,4;340,13,-8;354,4,-8;356,9,-6;368,8,1;420,36,-23;430,3,-11;455,-24,18;460,47,-36;461,-120,95;465,133,-98;471,-4,-1;477,7,-9;482,2,10;486,7,-4;491,4,-9;494,-4,1;495,-19,27;505,30,-35;515,11,-5;518,1,6;530,9,-14;539,3,0;543,5,-4;561,18,-9;568,25,8;570,-15,-10;575,-3,-4;576,10,8;585,2,-15;589,-145,95;590,30,-18;591,128,-82;592,-5,12;595,15,-13;597,1,-8;599,-51,35;600,16,-2;604,28,-26;608,-1,-1;610,-56,33;615,-85,51;617,12,-11;620,3,-4;644,156,-89;654,7,-2;657,6,-6;668,12,-9;669,-8,4;674,-12,14;684,31,-17;694,10,-1;704,2,-10
rua||avare|sao bernardo|26165210|10,-2273363,-4338976;11,42,-22;12,9,-5;130,7,-5;140,10,-4;142,-2,2;151,-86,41
rua||avenida|areia branca|26112340|394,-2274845,-4341066;396,-5,-7;406,9,-11;416,10,3
rua||avestruz|sao leopoldo|26167530|8,-2273195,-4337249;10,1,0;11,-16,13;14,42,-43;15,-79,80;16,8,-5;29,46,-40;30,-35,33;50,65,-86;51,-9,23;55,29,-66;56,5,0;57,-1,45;60,13,-13;61,-10,-30;62,-6,-6;63,3,48
rua||axelia|hiterland|26115380|11,-2274389,-4339425;19,69,33;325,468,244;337,-16,-1;345,-6,-4;355,-4,-9;357,-2,2;365,-4,0;367,-6,-5;375,-3,-6;377,-7,2;385,1,-5;387,-5,-2;395,-1,0;397,-11,-2;405,-3,-4;407,-4,-1;415,-7,-3;417,3,-2;425,-5,-2;427,-10,-2;435,3,0;437,-8,-2;445,-8,-2;447,-3,4;455,1,-7;457,-10,-2;465,0,-4;467,-7,-7;475,-1,1;477,-7,-5;485,1,2;487,-6,-1;495,-3,0;497,-7,-7;505,-3,0;507,-3,-3;515,-3,-1;517,-6,1;525,-3,-3;527,-5,-5;535,-1,2;537,-5,-3;545,-3,-3;547,-4,-3;555,-2,-4;557,-8,-3;565,-5,-3;567,-3,-1;575,-3,-4;577,-8,-2;585,0,-1;587,-1,-1;595,-9,-5;597,-5,-2;605,-3,-2;607,-2,-3;615,-7,4;617,-5,-6;625,-2,-1;627,-6,1;637,-6,-7;645,-3,-2;647,-7,0;655,-3,-5;657,-6,-2;665,-3,-1;667,-5,-1;675,-3,-3;677,-3,-5;685,-3,1;687,-14,-8;695,3,4;697,-2,-2;705,-6,-6;707,-1,0;715,-5,-2;717,-15,4
rua||axelia|nova piam|26115380|2,-2273938,-4339197;17,-96,-46;22,-270,-146;149,23,-41;204,141,101;300,6,34;340,123,64;342,3,-3;348,-18,-12;740,-226,-262;1013,136,216;1051,-32,-116
rua||axelia|nova piam|26115675|14,-2273859,-4339151;501,-60,-32
rua||axelia|piam|26115280|3,-2274507,-4339698;4,-6,-29;16,69,180;46,-10,-41;47,-10,-11;49,36,121;398,-58,-184;540,9,18;590,23,68;741,44,120
rua||axelia|piam|26115385|12,-2274631,-4340036;16,22,52;17,1,2;21,75,191;25,-45,-112;26,5,0;37,15,46;38,21,56;45,-63,-162;86,-51,-77;110,33,22;160,63,151;176,-48,-110;180,8,31;206,74,169;208,-72,-183;250,40,105;252,2,16;254,-2,-1;256,3,4;277,15,61;290,-42,-153;346,125,-129;360,-146,77;366,-6,-9;404,-12,-37;406,-28,-139;852,12,127;1227,-24,-119
rua||axelia|piam|26115675|20,-2274473,-4339638
rua||aymores|heliopolis|26140110|1,-2273986,-4341839;2,-1,6;5,46,75;9,-33,-84;10,12,42;18,-10,-23;75,18,49;77,8,2;114,-46,-87;135,20,24;210,-2,6
rua||aymore|shangrila|26127110|93,-2272289,-4341286
rua||azaleia|parque sao vicente|26170190|33,-2272143,-4337047
rua||azaleia|sao vicente|26170190|4,-2272081,-4337008;6,-34,-3;10,-11,-17
rua||azevedo|shangrila|26127368|15,-2272603,-4341944;16,-23,3;17,-3,8;18,203,-201;19,-161,187;20,-28,6;21,106,-41;22,-36,10;23,9,-8;26,-36,31;27,72,-82;30,-28,58;31,63,-51;32,-68,56;33,35,-22;43,-137,63
rua||azteca|shangrila|26157040|22,-2270555,-4341830;33,20,-40;36,-66,243;100,5,-46;103,26,-130;105,-11,11;134,51,-105;135,-6,13;136,-8,5;137,-7,10;138,1,6;139,2,10;140,-9,0;141,-5,21;142,-2,9;143,-7,4;144,-12,-1;183,-3,41;184,18,-30;203,-32,134;204,6,24;205,-9,0;207,-35,36;208,39,-27;213,-2,-60;214,8,-6;215,3,-2;216,0,-17;217,-7,-9;218,4,-3;219,9,-21;221,2,-12;257,63,-111;258,1,-9
rua||azul anil|vila pauline|26171185|3,-2274408,-4336508;5,-29,52;7,10,12;9,2,9;12,-5,23;13,3,-19;14,3,29;15,-3,-18;16,-5,28;18,0,13;20,5,8;24,3,-62;26,0,97;28,-22,21;45,24,-25;68,-18,51
rua||azulao|pauline|26167520|7,-2273151,-4336900;8,-8,-9;9,-8,-6;23,-36,-75;85,14,30;87,-9,-4;89,-2,-10;90,4,-10;91,-2,-5;106,-20,-16
rua||azulao|pauline|26171000|91,-2273184,-4336999
rua||azulao|pauline|26173001|105,-2273242,-4337067
rua||azulao|sao leopoldo|26167490|1,-2273289,-4337198;2,-19,-36;3,6,14;4,1,-16;5,1,-16;6,-2,-13;8,-124,76;15,127,-74;16,-2,-9;17,-1,-9;18,-2,-11;19,-1,-11;56,-99,98;85,209,246;87,-6,-9;89,5,-11;100,-62,-159;101,10,28;102,-4,5;103,6,13;104,5,-3;105,-8,34;106,22,27;107,-5,14;108,33,34
rua||azulao|sao leopoldo|26167520|7,-2273162,-4336904;8,3,-6;9,-11,-6;14,-1,-15;88,-104,-255;93,15,34;95,-6,1;241,5,-1
rua||a|chacara santo antonio|26172141|5,-2272894,-4336872;6,-12,-38
rua||a|parque sao vicente|26172140|7,-2272785,-4336948
rua||a|parque uniao|26175020|7,-2272522,-4334347;14,-27,47;15,30,-77;22,5,59;25,-3,-17;27,-10,29;109,17,-4;526,-27,4
rua||a|piam|26116500|2,-2274789,-4339415;3,-5,1;6,-127,-203;7,57,62;8,-106,-126;10,45,75;11,-34,-59;13,-3,-1;15,29,34;17,23,30;23,127,211;25,-5,-18;35,5,8;45,8,17;170,-121,-201;177,10,6;179,4,2;181,1,-5;183,1,14;187,-7,124
rua||a|santa maria|26165350|101,-2273120,-4338135;103,-15,-28;111,-3,-10;113,-6,-2;127,2,-9
rua||a|santa maria|26165365|3,-2273075,-4338148;56,-33,1;58,-14,-13;110,4,-12
rua||a|shangrila|26155373|9,-2271334,-4340414
rua||belas artes|xavantes|26160070|13,-2273914,-4339695;16,12,63;670,1,2
rua||belas artes|xavantes|26160090|14,-2273909,-4339585;718,15,9;724,19,7
rua||breno de souza alves|santa maria|26165500|1,-2272362,-4338359;2,-19,10;3,-352,214;4,560,-338;6,0,2;9,-30,22;11,-23,11;12,-691,420;14,668,-407;15,0,10;16,-16,3;17,-6,22;18,-11,-13;19,-700,424;22,211,-126;23,435,-274;25,23,3;26,-215,128;35,211,-136;60,19,-11;75,113,-67;94,-773,469;113,589,-357;122,-123,74;126,-118,70;128,137,-77;129,-25,24;140,-413,258;146,453,-294;152,-552,328;164,-9,14;166,423,-267;177,-379,265;180,97,-83;186,253,-160;197,-312,195;278,97,-67;279,-41,22;280,39,-12;308,286,-180;310,-100,64;380,-86,52;384,2,-3;402,50,-29;420,168,-104;470,-150,96;594,295,-191;610,-149,92;618,-195,125;670,272,-167;822,40,-25;824,8,-6;870,-48,44;873,9,1;875,-5,-20;876,101,-55;1012,107,-76;1013,6,-4
rua||buenos aires|vila medeiros|26123390|29,-2274855,-4340646;31,-3,1;33,6,-7;35,-11,6;37,-2,4;47,27,-3;81,16,1
rua||caminho do alto|sao jorge|26155380|1,-2271661,-4340237;126,124,-86;127,11,1;133,-26,-10
rua||carla andreza de araujo|bom pastor|26110279|20,-2275174,-4336630;100,76,-110;104,6,5;140,17,-23;439,107,-90;440,11,-8
rua||carlos alberto|itaipu|26143100|4,-2273017,-4342320;5,14,5;6,-5,5;12,-67,2;13,-3,-10;14,88,3;15,-9,-2;16,-18,-2;17,-11,5;18,-2,-3;29,-97,11;30,8,-14;31,13,6;55,49,17;59,-92,-6;60,8,-2;63,17,-4;64,8,-1;65,20,-5;66,10,2;67,6,1;68,6,2;150,-24,-6;180,-44,4;190,26,-2;199,-37,5;200,-1,-4
rua||carlos albuquerque|roseiral|26177350|11,-2271474,-4335046;15,12,55;16,116,258
rua||carlos de albuquerque|maringa|26177350|20,-2271420,-4335063
rua||carmem albuquerque|bacia|26177380|10,-2271000,-4335387;12,4,-25;28,-21,29;35,-20,66;54,25,-100;99,-28,52;100,-4,68;547,51,-148
rua||carmem albuquerque|jardim do ipe|26177380|3,-2271068,-4335185;4,-10,29;5,12,-38;9,16,-77;15,-7,23;17,-11,20;18,1,-2
rua||carolina amado|maringa|26177030|5,-2272178,-4336452;8,14,10;9,14,6;10,11,2;11,-3,4;12,16,1;13,2,10;16,43,9;18,-73,-36;22,102,57;23,6,0;26,-130,-60;36,-23,-15;50,35,21;173,-34,-17;180,28,8;200,34,19
rua||carolina amado|vila rica|26177030|14,-2271776,-4336285;24,-232,-85;26,209,108;33,-99,6;66,207,36;67,-5,20;68,6,5;70,5,18;72,-5,18;95,-17,-90;147,-139,-44;209,121,24;250,-171,-59;255,7,11;270,-100,-38;280,85,21;290,24,25;293,9,8;295,4,5;326,-181,-98;331,128,73;362,-29,-30;363,2,5;372,-9,-7;382,-14,2;413,203,68;417,16,-1;437,-89,-4;438,20,6;440,-17,-4;446,62,0;448,11,4;450,15,-1;452,16,6;453,-62,12;454,-8,-9;462,89,28;463,14,19
rua||cartas altas|bom pastor|26110580|1,-2274269,-4337215;3,3,-2;5,5,13;7,0,7;9,10,1;30,43,63;118,-11,-2;138,17,8;139,9,-2;141,17,9;210,22,57;225,22,7;226,7,17;228,-69,-80
rua||castro alves|andrade araujo|26135341|370,-2274688,-4342048;380,-12,-9;664,14,15;674,11,14;686,10,6;700,9,0;724,-6,30;726,8,9;734,28,-15
rua||castro alves|andrade araujo|26135342|528,-2274798,-4342129;536,18,19;540,0,0;550,14,8;556,0,7;568,7,0;610,28,18
rua||castro alves|andrade de araujo|26135342|5,-2274618,-4341996;6,4,2;7,7,8;10,2,31;35,-40,-72;105,21,27;166,-222,-152;167,14,15;168,-5,-22;170,-2,15;179,-5,-13;255,69,46;265,-11,-12;325,-155,-93;329,2,-7;335,-1,5;356,11,11;360,-2,4;364,14,-6;367,-24,2;368,20,30;414,43,-3;417,4,3;420,4,-4;430,13,13;442,1,16;525,78,40;586,45,37;605,2,-5;613,13,8;616,-6,1;618,4,3;657,33,25;667,20,4;677,3,14;717,23,7;719,6,8;819,79,66;821,10,15;823,1,-1;827,10,-13;837,17,3;839,-10,17;841,58,-8;853,-36,3;855,6,5;857,-3,-7;859,10,5;863,3,9
rua||castro alves|hiterland|26165140|33,-2273601,-4339188;34,-36,65;35,1,7;36,27,10;37,1,-7;38,26,8;98,-72,-29
rua||castro alves|nova aurora|26155272|8,-2271910,-4339820;14,-8,-12;16,13,0;17,-19,-30;19,10,7;20,-12,2;21,28,23;22,5,4;23,-13,-20;51,13,12;70,3,8;80,12,10;90,3,13;93,12,-10;95,4,7;100,-3,4;101,8,0
rua||castro alves|parque sao bernardo|26165140|6,-2273486,-4339064;65,-21,-2;66,-14,-12;88,47,16;89,9,10;90,2,7;98,16,5;521,15,2
rua||castro alves|parque sao bernardo|26176200|91,-2273452,-4339040;93,15,6;95,-41,-10
rua||castro alves|roseiral|26165140|5,-2271635,-4335203;6,-4,36;8,-4,-4;10,-5,13;11,9,-16
rua||castro alves|santa emilia|26176200|6,-2271828,-4334868;8,-55,58;17,233,-437;20,-60,264;38,-2,16;46,-137,155;100,9,1;109,140,-169;111,-3,13;113,-8,16;128,9,-43;210,-73,138
rua||castro alves|sao leopoldo|26165150|9,-2273335,-4337759
rua||castro alves|vila rica|26165140|35,-2271661,-4336334;38,-8,-19;39,5,18;41,4,45
rua||castro alves|vila santo antonio|26165150|4,-2273348,-4337750;6,10,9
rua||da alegria|santa teresa|26193000|4,-2274253,-4333829;9,209,40;12,-62,17;15,62,-16;19,-306,-112;21,-9,-5;32,236,121;36,-211,-110;37,264,96;39,17,4;40,-64,0;41,50,-8;42,-69,-20;70,26,32;71,-197,-96;83,-51,12;84,251,82;85,-249,-84;87,198,46;99,35,43;100,-18,-1;101,-11,-7;102,4,7;104,5,0;108,-39,-46;111,3,25;112,135,14;116,-118,-33;118,-3,-12;120,-133,-40;123,-31,-11;124,134,46;126,-38,-8;130,68,15;136,-46,-11;138,152,54;139,-94,-28;140,89,27;142,-26,-8;144,-11,-3;150,-102,-37;153,93,32;154,-11,-4;156,-87,-32;158,-133,-51;167,67,35;169,-5,-10;177,-9,0;184,134,45;195,-67,-19;196,82,29;198,-90,-35;201,61,30;222,106,26;872,-92,-15
rua||damaris do amaral|jardim ideal|26196070|8,-2274521,-4335404
rua||das acacias|hiterland|26115120|1,-2273808,-4339061;3,-26,-15;4,8,2;7,-330,-169;9,-21,-16;11,308,157;18,-83,-36;19,-8,-4;22,-88,-54;30,-12,-2;31,3,8;36,-63,-39;50,26,20;52,2,-6;87,113,63;100,-342,-178;124,-9,-2;126,441,229;129,-442,-212;130,-12,2;134,-9,10;136,-1,5;138,234,90;140,-69,8;142,303,105;144,-11,-8;146,-5,-8;150,-16,-13;236,-93,-36;246,6,-4;264,225,97;280,-236,-106;293,-3,12;306,-267,-140;487,318,154
rua||das acacias|parque floresta|26171420|9,-2273302,-4335237;13,42,12;24,-110,-22;26,-17,-6;160,-11,-11;174,-5,0
rua||das americas|jardim dimas filho|26116530|3,-2275075,-4339662;5,-9,3;8,4212,6745;12,-30,-14;14,23,104;15,-16,-102;18,5,3;31,-2,199;35,-3141,-5250;55,-1055,-1673
rua||das americas|piam|26116530|5,-2275031,-4339699;6,-14,30;50,13,-23;54,-31,9;60,32,-20;64,-36,8;71,27,-1;81,5,-7;92,-52,-9;130,9,9;160,-9,-2
rua||das americas|shangrila|26150060|2,-2271869,-4340873;3,-3,-5;5,-20,-1;7,3,-3;9,-25,-6;11,12,7;12,5,-1;13,-13,-15;14,-1,11;15,-83,-19;18,66,15;20,-16,-5;26,-20,-2;28,-11,-6;30,-10,1;32,-2,-1
rua||das azaleias|recantus|26163445|11,-2271417,-4338915;14,-17,-27;16,21,25
rua||djalma ribeiro de andrade|vila medeiros|26112140|2,-2275281,-4340711;5,-12,0;9,17,13;13,-10,15;17,-10,25;18,-4,17;20,-2,9;21,5,-2;22,-16,2;23,12,8;24,-6,5;25,-6,-7;27,1,52;29,3,-31;31,21,-58;32,-39,78;33,7,-10;34,24,-67;36,-36,87;50,49,-121;56,-2,-1;58,0,8;68,-3,14;78,6,-16;127,-4,24;156,-40,79
rua||do alto|nova aurora|26160365|1,-2272335,-4339196;3,16,48;4,70,-79;5,-16,24;7,-79,34;8,83,-32;9,-84,34;10,71,-24;11,-14,-181;13,-118,237;16,116,-13;20,-4,7;23,-78,-225;24,29,-52;27,17,86;28,-49,-8;29,50,20;30,-42,128;31,23,-57;32,-8,7;33,15,-2;36,-28,65;37,48,22;38,25,10;39,-42,53;43,36,-42;45,-30,41;46,-38,24;50,61,-74;51,57,-67;52,-124,140;53,-12,0;54,-6,-2;55,36,-24;59,-55,18;62,119,-369;123,-33,61;135,-18,-27;139,-21,17;140,-19,63
rua||do alto|vila maia|26160365|2,-2272419,-4339192;10,21,39;28,12,-180;61,-37,235;62,-1,-4;63,2,-23;164,33,-243;184,-13,109;186,7,-7;240,-30,123;362,11,-96;384,-16,20;385,4,21;386,-6,-12;390,7,20;400,1,16;421,-5,39;424,2,9
rua||do amor|bom pastor|26110055|18,-2274673,-4337744;19,66,22;20,0,3;21,-8,-1;22,7,-32;23,13,-45;24,-40,93;38,-5,-20;42,-173,4;45,88,41;46,-98,-25;47,-3,-1;48,2,2;49,3,-3;69,173,-28;70,-7,-3;98,-2,-5
rua||dos advogados|recantus|26163210|4,-2271127,-4338372;5,-188,48;9,-19,21;10,-31,11;12,-11,-2;15,138,-52;16,-7,1;20,106,-46;21,-35,-1;22,26,3;24,7,1;26,-13,-7;28,1,27;30,-16,-8;32,-3,7;33,2,-35;34,-15,48;36,-18,-12;165,-105,49;249,35,-13;251,-14,7;256,-15,4;263,-12,6;265,-5,6;267,-20,-2;269,-5,11;270,-17,24
rua||dos amores|bairro wona|26183670|1,-2272557,-4333769;3,-4,20;4,21,50;5,8,29;6,0,9;11,8,48;12,7,6;13,9,20;14,1,-2;16,4,29;18,-2,17;19,-10,-60;20,-36,-151;21,1,-6;22,4,-7;23,-7,-10;24,57,266;26,-50,-201;27,43,173;29,-67,-298;30,33,136;31,31,140;32,-18,-80;33,11,55;34,-17,-67;35,13,34;36,-10,-11;37,3,-8;38,-6,-23;39,-2,9;40,-1,-13;41,5,5;42,-4,-23;44,-6,-27;45,36,196;133,-55,-276;145,-9,-9;186,70,268
rua||dos apostolos|barro vermelho|26110750|10,-2274293,-4337491;11,76,65;20,-73,-51;30,20,-8;40,-4,17;50,16,-4;60,-9,23;70,9,12;80,5,5;90,7,10;100,5,2;110,7,12;120,4,2;130,3,3;140,5,15;156,23,-8;170,17,28;180,7,5;190,6,13;200,5,1;210,7,7;220,6,10;230,-5,0;240,13,11;250,10,9;260,12,4;270,3,14
rua||dos araujos|malhapao|26187630|1,-2273209,-4333070;8,-101,-91;28,32,30;34,-18,-22;37,38,45;38,-56,-50
rua||dos astecas|bairro wona|26187300|7,-2273040,-4334324;17,-23,-58;18,3,41;19,9,-3;21,11,20;22,0,9;23,3,13;26,31,11;29,-14,43;30,-6,0;34,144,211;45,-56,-94
rua||dos astecas|parque fluminense|26187300|1,-2273039,-4334300;3,-6,9;10,32,102;15,-4,-65;20,-30,-65;24,7,27;26,3,2;49,88,181
rua||elias pereira aguiar|nova aurora|26160355|1,-2272375,-4339224;80,10,4;158,57,-167;160,-3,-2;161,-12,11;162,-2,-7;163,-19,14
rua||eugenia alves|apolo 12|26173260|19,-2272663,-4335806;21,20,3;22,-17,-8;24,8,3;27,33,9;28,4,4
rua||eugenia alves|santa marta|26173260|1,-2272767,-4335832;2,7,1;6,42,10;7,23,10;13,-55,-2;15,21,-5;89,15,2;275,-55,-14;280,27,5
rua||fatima de albuquerque|santa emilia|26177345|9,-2271665,-4334936;13,-43,90
rua||figueira de almeida|sao francisco|26160490|4,-2273260,-4339324;12,62,48;18,46,43;19,-33,-28;21,38,33;22,-56,-54;28,-74,-57;31,267,48;32,5,-22;33,-9,22;37,-361,-141;38,315,-41
rua||flor azul|parque sao vicente|26170190|17,-2272073,-4337172;26,-3,-7;27,18,-51;28,-16,37;29,2,-4;30,-10,-13;32,9,-4;33,10,-14;34,-9,2;35,1,22;36,7,-23;37,-3,11;38,1,-8;39,9,-17;40,0,1;41,3,-13;42,-1,3;43,0,-12;44,11,8;45,-15,-8;46,11,-9;49,-4,-3;50,3,-1;51,5,6
rua||flor azul|parque sao vicente|26170480|15,-2272046,-4337176;19,0,0;21,6,16;25,-4,-18;26,8,-16;27,-5,9;28,2,18;29,-3,-21;30,0,6;33,10,-35
rua||flor azul|sao vicente|26170190|2,-2272019,-4337313;3,-78,279;4,5,4;5,0,-8;6,32,-102;7,-36,99;8,33,-104;9,-23,83;10,0,0;11,52,-140;12,-20,43;13,-22,82;14,76,-265;15,-79,266;16,32,-95;17,-25,67;19,6,-32;21,-6,-9;22,3,1
rua||francisco de andrade|parque das flores|26173040|7,-2273129,-4336015
rua||francisco de andrade|vila pauline|26173040|13,-2273108,-4336050;15,-8,16;81,1,-4
rua||hilda augusta|santa tereza|26193170|1,-2274186,-4334213;2,-14,1;3,15,2;4,-7,4;5,-1,13;6,2,-42;7,19,-49;10,-2,61;13,-62,109;17,16,-30;21,20,-38;22,-1,-6;23,8,-14;25,22,-32;26,-4,7;38,3,-69;63,-42,130;65,0,7;66,-10,17;67,2,1;68,38,-41;85,-10,-5;100,17,-39;114,-6,14
rua||inga acu|santa tereza|26193612|5,-2274960,-4333998;8,55,21;11,-4,-3;18,-41,-14;20,-1,8;33,3,3;38,33,7;39,2,2;40,10,5;75,-41,-22;79,48,17;85,-33,-11;130,41,59;140,-25,-41;143,-12,-15;160,80,38;166,75,16;175,-121,-43;180,65,39;181,-145,-61;185,96,35;187,-108,-45;189,-23,-5;190,150,62;191,-149,-72;193,-7,8;195,145,54;200,-67,-32;225,74,39;245,22,4;246,-10,-7;250,13,20;265,39,4;268,16,0;300,-19,13
rua||joana angelica|sublime|26112230|23,-2275708,-4340207;51,0,-4;55,0,-15;57,-1,-5;61,19,-12;63,-12,5;65,-2,4;67,32,-18;69,13,-6;71,1,3;81,10,-9;93,14,-4;95,5,-1
rua||joana angelica|sublime|26112234|59,-2275577,-4340294;77,18,-11;79,3,-3
rua||joana angelica|vila medeiros|26112220|32,-2275416,-4340372;33,2,-4;303,-58,27;307,-45,24;309,7,-12;313,7,-17;333,28,10;343,4,-5;353,15,-5;357,3,-2;373,8,-2;383,9,-4;391,8,-9;423,23,-7;433,42,16;443,-27,-47
rua||joana angelica|vila medeiros|26112234|8,-2275590,-4340279;9,240,-117;44,-346,201;46,-10,-11;50,3,-9;52,5,3;58,119,-75;72,-86,23;80,-24,24;90,9,3;100,45,-24;102,-5,4;104,9,-11;106,9,0;108,6,-5;110,16,-4;120,5,-7;150,23,-11;258,62,-24;262,-1,-2;264,3,6;312,9,-14;324,13,-7;344,22,-7;346,-6,-2;360,12,0;370,5,-7;384,17,-6;414,27,-11;434,14,-8;465,28,-24;513,42,-5;526,11,17;534,113,-37;536,-109,24;537,0,-7;546,34,0;547,-23,-7;555,10,4;556,11,1;565,-9,-7;566,-5,21;581,19,-22;591,10,1;604,11,4;611,7,-14;612,8,7;614,8,-3;616,-4,8;618,-8,-6;621,25,-1;624,-22,8;637,21,-20;647,12,9;651,8,-9;666,0,9;669,9,-9;678,-21,7;683,34,-4;690,-30,11;695,39,-14;697,0,2;705,8,-1;710,-27,10;721,34,-8;731,10,-4;732,10,8;737,-65,1;742,13,8;747,61,-21;757,9,1
rua||joana d arc|santa maria|26165490|4,-2272207,-4338469;5,-10,-12;6,-7,-13;7,-7,-6;9,3,15;10,8,15;20,-16,-42
rua||joao alves faria antiga altair|heliopolis|26123050|65,-2274265,-4341318;100,49,-29;121,-80,52;127,-11,12;251,-26,15;255,2,-4;256,-2,-5;263,7,-2;266,1,0;275,9,-11;277,1,10;280,-4,-9;285,11,-3;289,1,15;295,6,-22;297,4,0;298,7,-2;311,4,-4;319,7,-4;324,3,-4;326,-7,13;329,13,-18;346,16,-7;350,20,-11;359,-6,3;369,1,7;381,7,-5;389,6,-9;395,6,1;690,-31,11;691,14,-1;693,32,-9;716,-58,12;721,-87,55;723,8,3;725,2,6;727,-14,-1
rua||jorge de abreu|vale do ipe|26182140|4,-2270499,-4334012;10,73,-3;13,56,-13;14,-18,3;15,12,12;18,61,-9;28,-171,3;41,85,-3;106,4,-1;200,17,-3;214,30,-16;215,2,17
rua||jose catunda araujo|santa helena|26173666|25,-2272888,-4334391;26,18,3
rua||jose catunda araujo|santa helena|26175705|14,-2272835,-4334396;18,54,-3;20,-26,3;26,1,2;27,13,-4;29,5,-5;30,20,11;31,5,-2;32,10,-3;33,13,-1;34,16,5
rua||jose de alencar|miguel couto|26153200|3,-2270808,-4342228;8,-44,23;9,-41,21;11,-156,70;13,148,-67;14,-19,12;15,-12,7;20,-34,19;21,-16,3;22,-13,5;25,-40,19;78,204,-100;113,-240,98;117,126,-41;216,-15,9;290,-9,5
rua||jose de alencar|santa emilia|26176220|2,-2271911,-4335093;4,30,13;10,63,33;20,15,17;28,-75,-46;30,-15,-17;31,-6,3;32,-11,-13
rua||jose de alencar|shangrila|26153200|6,-2271098,-4341904;7,-17,-1;8,-4,8;10,240,-290;12,-308,240;13,137,-151;14,-15,-17;15,-136,125;16,267,-167;18,-139,148;19,-46,113;20,118,-236;21,-203,114;23,139,-21;24,-127,70;26,199,-155;29,-213,121;35,390,-219;36,-351,313;38,-20,-28;42,162,-188;49,-125,232;69,4,2;75,204,-257;94,-222,245;96,-20,-9;97,33,20;98,-7,-3;109,299,-304;120,-277,121;130,294,-134;149,15,-7;155,-68,46;165,-20,3;175,-9,1;183,-184,66;185,-13,3;195,-13,6;196,7,14;200,-12,-10;202,-6,5;203,-16,10;204,-6,-2;205,-15,18;210,-17,42;233,5,-8;235,1,-13;244,2,-5;540,253,-110
rua||lea aranha|bom pastor|26110100|1,-2275863,-4336677;4,-343,131;15,278,-76;19,-256,80;35,340,-107;38,-101,24;148,30,1
rua||lirio do amazonas|sao vicente|26170190|4,-2272288,-4337261;5,2,-10;6,-1,-1;7,17,-14;8,-2,-2;9,11,-6;10,13,17;11,-13,-16;13,4,-7;15,0,-10;17,17,0;19,6,-4;20,4,2;21,-6,-10;100,-30,27;112,30,-72;114,18,22;118,-16,-17
rua||lucas de almeida|heliopolis|26140640|5,-2273438,-4342160;9,2,-11;10,8,28;15,-2,-12;25,2,28;31,15,13;35,-10,-10;43,-3,-24;45,9,28;60,-4,-19;66,1,13
rua||manuel antunes|malhapao|26187610|5,-2273128,-4333118;24,50,-21;28,65,-24;56,33,6;109,-39,-11;290,-152,34;291,-5,-8;293,-12,-1
rua||manuel antunes|parque fluminense|26187610|7,-2273047,-4333174;11,-72,32;13,10,16;14,-21,7;40,108,-63;164,-49,37
rua||maria alves|parque novo lar|26193575|29,-2275542,-4333058
rua||maria amalia|centro|26130520|18,-2276150,-4340555;28,0,-6;40,-2,-13;54,8,-8;62,-4,-2;72,11,-19;76,4,0;80,1,-9;132,13,-39;133,1,-5;140,22,-1;143,-28,-1;147,13,-18;148,16,14;159,-20,-15;166,13,-6;169,-6,-10;173,6,-18;175,-15,-7;180,21,24;190,2,-14;200,6,-10;208,0,-7
rua||maria amalia|jardim america|26130520|25,-2276155,-4340562;29,-3,12;35,3,-19;45,7,-19;75,0,-11;77,10,-11;87,4,-7;89,-1,-7
rua||maria amelia|areia branca|26135170|11,-2275183,-4341181;19,89,207;33,18,34;37,-17,-16;47,4,1;48,6,-8;61,-9,-1;71,-3,-8;75,5,1;76,-7,-7;83,-4,-7;86,2,-2;96,-7,-13;106,1,-1;111,0,-20;116,-6,5;131,-8,-17;133,1,6;134,-1,-8;141,0,-27;143,-10,27;156,12,8;157,-26,-16;162,14,-19;164,-2,-4;166,-10,-10;168,0,-12;170,-2,-9;183,4,27;185,-4,-15;203,-11,-3;211,4,-8;220,2,-10;221,-8,0;233,-9,-4;234,3,-10;235,1,1;245,12,37;256,-27,-57;261,4,8;266,1,-14;276,-4,-9;277,-6,5;280,4,-12;284,0,-8;293,-8,16;301,-7,-17;325,-3,-16;326,3,-6;327,-5,4;328,-6,-25;331,-13,-14;332,3,5;334,7,20;335,-5,71;337,-23,-121;339,6,-18;340,0,12;353,8,64;357,9,43;472,-47,-94
rua||maria angela|parque esperanca|26171470|4,-2273014,-4335274;5,-7,-14;6,-9,-7;9,-15,-20;10,-17,-18;46,-26,-28
rua||maria angela|santa marta|26171470|22,-2272952,-4335218;24,1,1;30,-80,-82;32,8,9;35,-69,-78;36,1,-3;37,25,2;59,31,63;72,-7,-9;74,1,3;75,-41,-28;76,14,-11;78,15,18;81,-29,-23;100,31,26
rua||maria angelica|areia branca|26135190|25,-2275060,-4341189;27,5,10;29,13,12;35,-2,0;37,-5,-17;49,15,27;59,0,8;61,1,4;69,-2,10;79,19,-1;99,-4,18;109,8,1;113,2,12;117,6,15;131,1,1;139,3,12;149,6,8;167,16,11;169,-15,-3;193,13,22;195,2,5
rua||maria angelica|areia branca|26193387|11,-2274957,-4341007;21,-16,-15;31,-2,-11;52,-75,-146;54,13,21;56,5,10;96,-4,42;108,28,7;116,-6,1;126,8,6;128,5,7;142,0,5;150,8,7;151,-2,16;152,4,-3;162,4,0;172,0,8
rua||maria araujo|malhapao|26187060|25,-2273127,-4334518;41,1,14;51,-21,0;53,-6,12;58,24,-31;60,-15,19;70,-8,-13;71,-5,27;76,7,-22;80,-3,16;81,-18,21;85,0,2;88,19,-23;90,-16,12;100,-10,5;101,-5,13;104,-7,-2;151,-13,23
rua||miltom afons0|shangrila|26127110|24,-2272088,-4341484;25,-10,2;30,-39,23;31,-9,9;33,-18,4;34,-7,10;37,-11,3;320,108,-59;370,-46,22
rua||miltom afonso|shangrila|26150030|3,-2271986,-4341515;4,97,-2;7,-58,-5;28,45,-7;29,-8,5;545,-59,2
rua||milton afonso|shangrila|26127110|54,-2271956,-4341531;55,-12,6;208,-52,1
rua||milton afonso|shangrila|26150030|34,-2272170,-4341435;36,-14,0;425,-17,32
rua||monte alegre|recantus|26163440|9,-2271439,-4338859;11,74,-75;13,-6,20;15,-1,8;19,-9,24;23,-54,56;25,119,-135;35,-19,4;270,-136,139
rua||morro alto|itaipu|26143273|5,-2272457,-4342598;6,12,4;9,5,8;11,-4,-12;13,40,-8;15,-12,-6;17,-7,9;22,29,1;25,30,-14
rua||mousinho albuquerque|vila verde|26178080|265,-2272483,-4336462;273,-7,11;300,4,-8;318,14,-24;320,-6,10;330,-13,32;360,-10,-2;361,-18,22;362,13,-6;363,-14,3;364,-5,4;366,-1,8;367,-3,7
rua||mousinho de albuquerque|sao vicente|26178080|7,-2272285,-4336684;65,-25,23;75,-14,18;85,1,7;101,-7,7;113,-16,12;125,-4,8;137,-3,5;149,-3,8;161,-16,8;173,6,12;185,-12,5;197,-15,20
rua||mousinho de albuquerque|vila verde|26178080|49,-2272588,-4336323;78,253,-332;86,-2,23;94,-5,1;102,-5,2;110,-14,2;118,-5,2;126,4,23;134,-19,-19;142,7,25;150,-7,4;158,-6,9;166,2,2;178,-12,9;186,5,-2;192,-21,7;202,-13,19;206,12,10;210,-8,10;214,2,4;222,-8,1;229,16,-10;230,-58,13;238,21,16;241,29,-23;244,-215,227;250,77,-67;253,131,-148;260,-127,142;261,7,-1;263,114,-135;285,-10,10;301,-23,30;313,-16,11;325,3,-1;327,-5,11;329,-11,7;331,6,-10;333,-20,32;335,53,-65;380,-114,136;400,-6,-1;477,-76,100;478,-6,3;485,49,-59;488,-37,43;490,32,-42;492,-7,2;496,-9,28;497,-12,8;498,1,3;507,-2,-2;573,-2,8;575,-8,10;577,-10,10;579,-5,7;598,-2,-2;601,-10,17;602,0,-3;930,-69,107
rua||neide afonso|shangrila|26150020|1,-2271928,-4341765;7,-7,64;12,-3,48;13,1,19;14,2,2;16,5,16;17,-5,64;18,-5,-34;20,2,14;21,2,4;27,5,36;30,1,-12;33,5,-38;34,-2,-14;35,2,-7;36,-3,-10;38,1,-17;40,-1,-16;41,0,-15;42,0,-8;50,-4,-76;51,12,580;53,-2,-32;61,1,50;74,8,45;78,-15,-462;93,-6,-181;141,3,455;147,0,-210;149,-3,19;151,3,15;153,0,11;156,2,12;158,3,20;160,-3,18;162,7,29;163,-2,16;166,3,-103;168,0,3;170,-4,17;172,1,3;174,0,17;178,-1,18;180,3,17;182,7,19;184,-7,0;188,-10,62;191,14,0;193,8,6;204,-7,84;205,0,-69;206,0,84;212,2,29;214,2,10;216,-3,31;219,1,14;224,4,30;226,3,13;228,-1,7;234,-7,32;565,-4,-221;820,-8,-476
rua||onze a|vila sao luiz|26140552|1,-2273355,-4342732;6,1,-4;14,12,-3;32,1,-5;33,-17,6;35,-19,8;37,-11,0;39,7,0;63,54,-24;65,-7,4;101,24,-12;102,-12,11
rua||paola ohana de araujo|bom pastor|26110804|30,-2275198,-4336731
rua||pedro almeida|maringa|26130000|15,-2269287,-4336416;25,-159,-81;31,22,21;532,9,254
rua||pedro de alcantara|maringa|26177310|6,-2271264,-4335420;13,-26,-50;19,-102,-139;21,69,16;23,-6,34;39,98,132;52,1,6;56,1,-1;57,-15,-57;59,9,100;60,-1,-10;62,-2,-9;66,1,-47
rua||porto alegre|santa amelia|26116610|69,-2275320,-4338995;690,69,62;691,-21,-14;692,-14,-7;693,-9,-3;695,-10,-18;696,-19,-3;697,0,-15;698,-8,-13;701,7,0;702,60,51;703,-4,-2;704,-21,-8;705,-12,-16;706,-27,-26;708,1,1
rua||porto alegre|shangrila|26116610|2,-2272448,-4341883;3,10,20;4,-3,-9;6,8,18;7,-15,-6;8,22,22;9,3,2;10,-37,-54;18,55,103;20,-3,29;21,0,1;23,-28,-87;25,0,0;94,-7,-14
rua||pouso alto|shangrila|26127190|1,-2272657,-4341653;4,-4,29;7,16,-25;8,-6,-75;9,-56,-102;10,56,102;15,-64,-106;16,25,91;17,-10,-41;18,35,53;19,32,10;20,-9,67;28,-6,-72;29,38,46;31,-66,-83;32,21,82;36,4,-48;37,-96,-129;38,64,92;39,-29,-83;40,77,189;42,0,0;43,10,-2;45,-64,-89;46,18,-33;153,25,130
rua||projetada a|bom pastor|26113732|5,-2275567,-4337771;28,-2,-53;36,3,30;68,-11,-155;87,9,136;144,-3,-53;154,2,-1;164,-3,11
rua||projetada a|jardim tupiara|26183808|2,-2272764,-4333159;3,10,4;5,-15,15;7,-5,18;10,12,-26;11,8,-4;12,4,-3;13,4,-9;25,8,-8;26,3,-11;27,15,-15;29,11,-13;30,14,-12;35,-25,29;36,-27,28;37,23,-8;38,-11,-8;39,5,-16;40,5,-3;41,8,-8;42,12,-3;60,2,-11;61,8,3;116,-111,124;117,14,-32;118,25,-9;119,-1,10;209,4,-13
rua||projetada a|lote xv|26113732|11,-2271728,-4332604
rua||projetada a|maringa|26183808|4,-2271193,-4335412;6,-9,-46;7,6,16;12,-16,-70;52,-10,-44;53,17,93;72,-2,-14
rua||projetada a|parque sao borges|26182430|2,-2270659,-4334560;5,96,23;7,-8,5;11,-10,7;14,23,-22;15,-27,31;19,-60,-17;110,109,-8
rua||quinze de agosto|recantus|26157364|1,-2270937,-4340220;15,33,-6;30,6,-2;50,-20,5;60,-7,3;105,45,-25;115,-26,16
rua||radler aquino|belford roxo|26155335|35,-2271902,-4340232;45,7,6;361,-44,-19;375,58,27
rua||radler aquino|nova aurora|26150000|40,-2271908,-4340226;60,-1,17;374,0,-4
rua||rua figueira de almeida|sao francisco|26160490|19,-2273259,-4339329;21,-17,-16;28,-92,-96;89,13,20
rua||rubens alves|vale do ipe|26182400|5,-2270666,-4334150;6,2,-6;30,37,84;31,-8,0;35,-21,-27;37,2,-19;38,-2,-9;39,-8,-5;40,-2,-6
rua||silva araujo|sao francisco de assis|26143096|9,-2273121,-4342205;24,-9,60;25,13,17;34,-4,-13;36,7,13;37,-17,-37;39,-5,-19;40,27,69;43,3,28;44,6,-5;47,-27,-55;50,-2,-12;52,18,39
rua||silvino de azevedo|miguel couto|26157579|1,-2270628,-4342328;6,57,-43;7,6,8;8,13,-5;9,12,-12;10,14,-1;11,10,-14;18,-72,31;19,1,6;20,-5,-6;21,13,0;22,14,-4;23,2,-7;24,12,-7;25,12,-4;26,5,-8;27,-20,18;28,48,-35;29,-26,25;32,16,-18;60,-77,56;70,15,-11;220,-29,14
rua||solari alegro|sao leopoldo|26167640|1,-2273236,-4337747;2,0,14;14,31,78;20,-6,20;82,99,-52;92,-107,35;94,-22,9;144,26,28
rua||treze de abril|recantus|26157430|5,-2270711,-4340131;8,-13,-3;10,-18,-23;22,14,12;52,20,31;72,11,5;82,-15,-17;86,17,33;92,6,-4;102,-2,-4;121,-3,13;122,16,6
rua||vinte e cinco de agosto|parque afonso|26183290|64,-2271376,-4333542;65,32,-23;67,-42,16;68,53,-14;69,27,19;85,-95,1;86,-39,-41
rua||vinte e cinco de agosto|parque veneza|26183290|3,-2271435,-4333568;4,-4,0;6,22,20;10,11,10;11,11,3;12,8,-3;15,24,-4;17,14,3;19,23,-5;20,6,2;21,8,-1
rua||vinte e um de abril|dos ferreiras|26183602|2,-2272330,-4333830;10,16,43;12,-63,-60;14,8,6;22,17,22;23,21,24;24,-5,-7;54,-29,-21;55,11,12;57,7,11;59,15,3;164,-42,-47
travessa||adilson|boa ventura|26183405|10,-2271246,-4332347;20,9,-10;30,3,7;31,2,-2;33,-9,-9;40,16,13;41,3,8;45,16,4;50,-17,-3;51,14,1;52,-2,0;56,4,3
travessa||aguia|pauline|26167000|5,-2273040,-4337232;6,-1,-4
travessa||aguia|pauline|26167710|1,-2272974,-4337158;9,-17,-46
travessa||alameda|vila verde|26178080|12,-2272401,-4336664;14,-17,-25;16,-5,24;18,-4,-4;23,35,8
travessa||alentejo|santa maria|26175125|3,-2272808,-4338053
travessa||alvarino|andrade araujo|26135290|18,-2275006,-4341592;77,-71,25;80,30,-15;111,-9,6;113,-5,7
travessa||andiara|barro vermelho|26116743|26,-2274494,-4338276;28,9,29;29,-7,-11;30,5,-10;34,-10,-15;35,8,12;36,4,13
travessa||argentina|boa ventura|26180272|42,-2271099,-4332548;44,16,10;85,-9,-12
travessa||argentina|boa ventura|26183550|35,-2271061,-4332530;43,-30,-12;45,20,4;125,-25,-26
travessa||ascendina|piam|26116240|6,-2274987,-4339859;7,-3,3;35,5,-7;81,-4,56;83,10,-13;85,-1,8;90,4,-6;91,-6,-14;100,7,2;120,-4,-15
travessa||ascendino|jardim dimas filho|26116240|2,-2275005,-4339875;3,2,-1;4,-2,-8;5,-1,-9;6,-7,-1;7,6,5;8,-4,-2;9,-10,-18;10,7,7;11,4,-5;12,-4,5;22,25,17;33,-41,1;34,-13,-24;35,24,21;36,-29,-20;45,-15,8;46,-2,-8;47,-1,-3;48,2,10;80,59,23;120,12,-7;139,6,0;150,-3,-11;165,3,21
travessa||ascendino|piam|26116240|133,-2275082,-4339940;134,5,0;135,2,2;137,-9,-4;138,5,-7;139,-6,0;140,5,1;141,-6,-15;142,3,1;143,-2,4;144,4,-2;145,-7,24;146,2,2;147,5,-7;148,-9,6;149,13,-10;150,-7,1;151,-4,0;152,3,6;153,-9,-16;154,-5,1;155,-6,-1;156,11,-2
travessa||azulao|parque afonso|26182055|1,-2271177,-4333563;2,-5,-15;18,28,23;20,-22,-5;21,8,2;99,-3,2;100,9,5
travessa||a|piam|26116355|2,-2274759,-4339377;8,-8,7;14,34,14;105,10,33
travessa||a|piam|26116500|3,-2274681,-4339325;4,-60,-38;5,-17,10;6,8,14;9,-7,-31;10,1,13;14,54,32;45,-120,-19;55,6,-11;59,130,32;65,-116,-22;70,23,11;75,-17,-16;80,8,-13;91,35,-11;105,5,48
travessa||a|vila madalena|26130300|6,-2276661,-4340890;12,0,5;13,-3,-2;18,2,8;19,2,-1;24,-5,10;25,-3,-4;31,1,6;36,0,0;37,-2,1
travessa||castro alves|andrade de araujo|26135342|1,-2274712,-4342123;3,-40,54;4,11,4;5,-18,-8;6,7,13;7,-3,1;9,-7,12;10,5,-15;11,2,20;12,2,-4;14,-7,-2;586,19,-20;616,21,-10
travessa||paz e amor|piam|26116285|3,-2274853,-4339814;7,21,-7;9,18,-10;10,-4,3;11,15,2;12,-9,-2;13,22,2;17,2,-9;18,-1,14
travessia||andiara|hiterland|26116744|5,-2274522,-4338338
vila||a|parque das palmeiras|26140330|14,-2274080,-4342327;15,-22,14;16,-8,1;18,-15,4;19,0,3;20,-17,6;21,-20,15;531,94,-44
vila||a|parque das palmeiras|26140440|3,-2273937,-4342452;4,-9,-2;5,-19,11
vila||a|parque das palmeiras|26140488|1,-2274086,-4342326;2,12,4;3,-24,3;4,-19,6;5,-5,11;6,-6,-6
