acesso||servidao|serrinha|26061627|200,-2282069,-4356904
alameda|sao|sebastiao|km 32|26298521|16,-2285617,-4360014;39,-7,23;86,-1,-66;89,8,-20;94,22,267;183,-27,-150;190,20,155;218,-1,-34;219,3,51;221,3,16;623,-10,-171;2018,-2,65
alameda||jose lima dos santos|assentamento a|26061627|8,-2278325,-4357456;1120,19,-1298;1811,5,1267;2310,455,-240;2314,-450,247;2487,277,-738;2582,-111,-222;2747,117,624;2775,-199,-752;2826,-81,1091;2968,519,-302;3000,-188,-439;3151,-485,-1012
alameda||jose lima dos santos|assentamento a|26080193|2765,-2278097,-4358370
alameda||jose lima dos santos|assentamento a|26277643|1,-2278295,-4357479;2,-6,-1;2705,414,-499;2798,-460,-316;2951,44,818
alameda||sabinada|vila abolicao|26022570|7,-2273172,-4345868;12,17,-1;15,-3,-4;20,4,2;23,10,-4;30,16,-10;40,-8,3;43,6,-8;45,-6,9;63,11,-12
alameda||sergipe|ceramica|26031750|28,-2273185,-4348219;29,11,4;30,2,-2;39,3,10;40,2,-2;50,9,9;59,0,-3;60,8,11;62,0,1;68,1,18;79,6,-16;89,15,8;92,-2,13;97,12,-12;102,-12,5;103,16,7;112,3,13;113,2,-1;125,-4,6;126,10,5;135,9,5;146,-2,-8
avenida|coronel|francisco soares|california|26216031|871,-2275600,-4344122;875,1,-1;877,-1,5;881,4,1;885,-2,9;895,-1,5;905,14,10;915,0,-4;923,-3,10;933,8,15;973,7,34;983,9,16;993,2,3;1001,-1,15;1003,0,-1;1013,6,10;1017,-2,4;1025,9,3;1035,-1,10;1045,7,10;1057,-3,4;1065,8,-1;1066,-11,2;1074,13,10;1082,-4,12;1085,2,-1;1090,11,9;1098,-1,4;1106,-6,14;1122,9,8;1130,6,8;1138,1,14;1370,51,254
avenida|coronel|francisco soares|california|26216032|1364,-2275446,-4343614
avenida|coronel|francisco soares|california|26220660|1330,-2275474,-4343719;1338,7,14;1340,-7,7;1350,7,11
avenida|governador|roberto da silveira|rio d ouro|26089230|6,-2269114,-4351581;7,-1,-29;8,-6,-23;12,1,-4;14,7,99;16,14,-15;20,-29,-105;30,-15,-81;33,-3,-2;50,36,260;51,0,29;270,0,-58
avenida|governador|roberto silveira|carlos sampaio|26020740|5,-2269140,-4351232;41,10,-43;42,1,10;44,-1,3;46,1,-17;48,-7,23;134,2,129;136,-2,28;137,-9,70;138,0,-54;139,-2,13
avenida|governador|roberto silveira|centro|26020790|470,-2275433,-4345473
avenida|governador|roberto silveira|centro|26210210|158,-2275667,-4345489;170,3,-1;180,11,5;190,13,11;206,7,2;214,9,-2;217,23,-6;218,-23,6;219,-29,-29;220,-27,-14;234,60,52;256,21,24
avenida|governador|roberto silveira|centro|26210220|368,-2275491,-4345506;370,9,6;374,-2,-4;376,1,9;378,3,-4;384,6,-11
avenida|governador|roberto silveira|centro|26285060|540,-2275223,-4345488;692,37,42;714,-26,-51;718,17,-8;727,-5,9;849,52,-116;867,25,-5;871,-14,-14;875,24,-15
avenida|governador|roberto silveira|chacrinha|26210220|375,-2275480,-4345516;385,1,13;389,11,5;395,5,4;401,-5,7;405,13,-5;411,8,-8;447,20,40;457,-6,5;463,19,2;495,-6,8;515,12,-22;519,23,1;529,6,-1;541,16,-6;583,17,14;589,10,-8;593,8,5;597,10,-5;631,36,-19;641,15,6;645,-3,-22;651,12,24;655,-2,-3;663,9,8;667,0,4;677,21,-2;681,62,-31;683,-46,12
avenida|governador|roberto silveira|chacrinha|26285060|818,-2275146,-4345565;820,-33,62;830,43,-76;856,7,-13;860,14,7;862,1,-22;904,30,-21;918,0,-8;924,1,-10;934,14,23;938,2,-27;944,9,5;946,-2,0;958,11,1;964,11,-3;974,-1,-2;988,45,-10;990,0,-2;1000,-3,3;1012,-15,3;1016,0,-5;1024,19,-4;1050,20,-9;1060,50,13
avenida|governador|roberto silveira|moqueta|26020740|1271,-2274728,-4345695;1630,282,11;1640,14,0;1650,10,2;1660,9,-1;1670,12,-2;1722,129,19;1732,18,-24;1740,6,5;1742,7,-5;1746,1,-6;1752,14,4;1766,19,5;1780,2,7;1782,3,-5;1792,-7,2;1800,10,42
avenida|governador|roberto silveira|moqueta|26210210|1531,-2274560,-4345692;1532,1,8;1536,6,-4;1545,7,-7;1546,6,18;1570,33,-3;1585,13,-121;1613,38,103;1645,59,-3;1677,11,0;1711,32,2;1715,20,2
avenida|governador|roberto silveira|moqueta|26285060|1208,-2274841,-4345663;1228,15,-17;1406,152,-6;1408,-4,1;1418,8,4;1428,2,-8;1430,14,3;1438,3,-2
avenida|governador|roberto silveira|posse|26089230|2080,-2273853,-4345695
avenida|governador|roberto silveira|posse|26210210|1949,-2273954,-4345696;1953,12,-5;1959,-27,-4;1969,36,4;1991,32,-5;2001,-9,-1;2003,1,1;2005,6,7
avenida|governador|roberto silveira|posse|26285060|2012,-2273908,-4345684
avenida|governador|roberto silveira|santa eugenia|26285060|993,-2275024,-4345660;1003,13,-3;1013,0,5;1021,19,-14;1031,-3,-5;1041,15,8;1049,3,-5;1057,16,11;1067,23,-15;1073,0,-12;1077,3,-4;1101,8,5;1119,22,-5
avenida||ayrton senna|palhada|26290478|2,-2275892,-4352692;27,-67,-114;28,3,-7;29,-10,-5
avenida||carlos sampaio|corumba|26043060|12690,-2269284,-4347634;12697,-4,-12;12710,18,43;12720,-3,3;12730,18,20;12810,5,18;12820,18,47
avenida||carlos sampaio|tinguazinho|26043060|1300,-2269299,-4347707;11004,3,-15;11184,-4,-357;11786,-7,-26;11787,1,-4;11788,3,-11;11873,1,-8;11973,47,161;11981,-1,-12;12596,-32,324;12598,-2,-10;12694,18,47;12695,-1,0;12696,9,-30;12699,-32,-33;12719,36,90;12729,6,10;12739,5,14;13003,-51,-142;13006,6,-31;13008,-1,-5;13010,6,-13;13011,19,-83;13012,2,-17;13015,-4,-29;13017,14,-20;13018,2,-7;13023,3,-25;19941,-16,-75
avenida||carlos sampaio|tinguazinho|26080000|19,-2269709,-4350894
avenida||cruzeiro do sul|jardim paraiso|26297231|2,-2282639,-4359994;4,-37,-1;5,-29,-3;10,150,23;11,9,-3;12,8,-2;13,-148,-30;16,402,55;17,-254,-29;50,-169,-16;52,13,2;65,102,7;66,-14,-8;67,10,5;68,12,6;69,-4,-12;70,8,13;71,8,-7;72,8,11;75,12,-9;76,-63,-8;79,80,17
avenida||cruzeiro do sul|paraiso|26297231|8,-2282304,-4359945;11,29,2;12,6,-1
avenida||felipe salomao|austin|26087050|1,-2272020,-4352219;3,0,19;5,20,-13;7,-1,1;33,-6,-15;41,7,22;45,6,11;47,6,13;50,-13,-30;55,8,45;69,5,23;103,9,22;104,-8,-13;112,14,212;122,14,-192;126,-11,8;132,-16,16;151,14,2;157,0,18;178,-4,10;179,6,40;182,-3,-28;183,-2,23;190,16,-21;196,-5,-3;204,-9,22;218,0,13;226,2,23;233,1,-20;234,7,9;236,-2,13;238,-1,20;241,5,-15;242,20,28;243,-33,-28;244,17,9;245,16,19;246,-22,-27;248,3,6;250,8,19;255,-8,0;265,-1,2;266,-7,-36;271,6,46;275,1,2;277,-3,3;287,-6,16;289,4,4;330,-22,19;369,0,12;371,-20,16;538,-108,120;548,17,4;552,-10,9;554,0,3;560,-27,7;562,0,-16;564,-2,15;582,-5,14;596,-2,7;608,-15,19;612,2,-8;630,-2,14;640,-13,4;650,-11,11;660,-2,0;678,-5,23;690,-14,4;700,2,14;710,-5,10
avenida||felipe salomao|cacuia|26082365|752,-2272222,-4351587;762,-3,14;763,-1,5;784,-4,7;786,-3,2;840,-46,39;850,-5,5;872,-16,11;884,-3,12;889,15,-13;892,-26,4;896,-3,7;902,-12,8;918,-8,2;926,-9,5;928,-3,5;938,-49,107;948,37,-99;958,-3,-2;986,-19,16;990,-18,7;1000,5,1;1032,-30,21;1040,-14,7;1052,-5,7;1062,-10,5;1074,-6,9;1132,-38,6;1140,-1,32;1158,-7,20;1170,-14,27;1176,5,-13;1178,2,14;1202,0,7;1210,-12,13;1254,-38,2;1300,-75,-6;1334,-30,-5;1344,-4,2;1348,-1,1;1350,-4,0
avenida||julio rodrigues de sousa|santa rita|26050230|170,-2268418,-4346463;415,39,23;520,45,30;521,-18,-15;525,22,17;530,7,4;540,15,11;561,9,10;571,25,11
avenida||oscar soares|prata|26010421|2715,-2276075,-4341701;2759,54,22;2763,-38,27;2767,-1,-3;2779,15,20;2795,-1,7;2807,3,14;2839,-3,36;2875,22,23
avenida||oscar soares|prata|26220420|1246,-2276076,-4342276;1268,12,-30;1368,-58,278;2348,-3,-31;2360,1,6;2368,2,23;2404,-31,37;2430,32,10;2488,7,54;2494,2,-26
avenida||oscar soares|vila nova|26010422|1660,-2276093,-4342598;1749,-12,35
avenida||romualdo dos santos|valverde|26290717|40,-2277500,-4352945;42,80,107;80,-86,-100;141,-51,-81;144,-1,-1;151,18,12;154,-6,0;165,7,7;166,-9,2;173,10,9;174,-5,-6;183,11,9;184,-1,10;193,8,-5;194,-2,11;203,8,2;204,-5,3;213,9,3;214,-8,2;221,19,5;224,-8,5;273,30,36;274,4,7;276,-1,-8;286,5,17;292,4,4;297,4,-6;298,-1,9;305,6,0;306,-1,2;315,9,11;316,-8,-1;325,13,6;326,-6,2;335,7,-1;336,-3,8;345,-25,-41;355,41,53;356,-6,3;358,3,4;360,-1,-1;370,12,6;413,28,33;415,0,-3;417,-2,17;432,-4,9;435,8,10;442,-4,2;445,0,-2;452,9,3;455,-7,5;462,-2,8;472,4,17;482,7,10
avenida||severino pereira da silva|cabucu|26291401|4,-2278493,-4354327;5,31,22;6,725,-653;7,-512,444;8,2,-8;11,33,-26;12,132,-107;13,-105,80;14,171,-145;15,-239,195;16,127,-107;18,-178,142;21,733,-606;22,-348,296;23,69,-74;24,254,-211;25,-186,157;28,153,-122;57,-733,619;59,175,-141;62,-166,135;68,405,-329;69,-197,161;76,-236,190;78,436,-360;80,62,-69;89,-516,447;90,14,-11;91,-17,17;93,-14,-2;98,25,-3;100,617,-538;106,-485,419;112,-176,155;116,-11,8;126,329,-274;150,589,-499;160,67,-61;211,-828,704;221,-17,15;224,155,-137;292,52,-56;300,247,-208;302,-239,199;317,-149,129;330,-34,52;340,349,-309;346,-332,286;398,527,-458;400,-276,235;402,0,0;404,2,-1;410,22,-27;412,13,-12;435,43,-18;496,-532,452;500,384,-323;510,1,-4;520,7,-6;527,-83,56;530,89,-61;540,4,-3;726,319,-267;840,-190,153;914,153,-109;926,95,-102;967,-156,124;1021,26,-22;1023,33,-26;1033,36,-26;1035,7,-1;1055,-31,19;1115,160,-140;1237,-305,275;1241,21,-16;1243,17,-19;1500,347,-275
avenida||severino pereira da silva|campo alegre|26292159|12,-2276779,-4355357;20,20,-9;21,-97,-27;24,196,-22;25,19,-72;50,86,-47;161,-11,10;300,-416,180;385,92,-38;1946,-72,27;1950,-33,11;2000,61,-146;2150,52,95;2247,120,-52;3001,-254,128
beco||da servidao|vila operaria|26012198|348,-2274202,-4343641
beco||dona joaquina sampaio|vila operaria|26012000|219,-2274358,-4343491;245,-12,-3;247,-3,0;249,18,0;251,6,-3;255,-5,9;257,4,-5;259,-4,2
beco||luiz silva|comendador soares|26280672|18,-2274169,-4348140;21,1,-1;23,14,8;29,-14,-8;32,-6,-5;48,-2,1;60,4,7
beco||sebastiao moreira de souza|rosa dos ventos|26255000|34,-2274563,-4349855;35,12,0;38,-2,-1;40,6,2;42,1,2;44,8,-3;47,-13,5;54,15,2;56,5,-4;62,-2,0;68,16,-8;78,-17,5;88,0,-18;98,-1,-2;146,-23,16
beco||servidao|tres coracoes|26033262|1,-2271872,-4346224;2,8,-14;6,0,-10;13,-9,21;15,35,-18;27,-17,-12;31,0,-17;35,11,4
caminho||sacarrao|marapicu|26294417|1,-2280505,-4356578;2,52,160;5,35,119;6,3,4;11,-101,-282;14,3,-6;20,57,236;33,-23,-67;37,37,83;38,-9,-1;40,-31,-74;41,19,34;45,-7,-16;46,-7,-25;52,-15,-115;54,0,-6;55,-9,-13;61,14,67;72,-1,-24;701,-3,56
entrada||velha de carlos sampaio|tinguazinho|26089290|100,-2270501,-4350825;277,1,-389;293,26,179;294,0,0
entrada||velha de carlos sampaio|tinguazinho|26277643|100,-2270504,-4350819
estrada||carlos sampaio|adrianopolis|26053690|1,-2265771,-4349099;5,-147,-27;6,-423,-341;516,201,152;604,-71,-86;610,-129,-65;623,570,367
estrada||carlos sampaio|austin|26053690|5,-2270326,-4353391;8,-21,-29;9,1,-3;11,-5,-23;12,-3,-2;13,-6,-15;14,0,2;15,-3,-15;16,-1,-8;17,-2,-6;78,86,145;102,48,47;124,-42,-39;125,-11,26;126,-5,-3;127,-30,13;141,118,39;298,-120,-114;300,9,9;310,4,8;2010,61,58;2020,-16,-21;2238,115,192;2239,5,-8;2240,-4,-17;2250,-14,-35;2272,14,118;2273,2,-25;2282,-5,-13;2283,1,-13;3012,-14,-78;3016,-19,-27;3020,-10,-6;3030,-24,-44;3036,1,6;3040,19,19
estrada||carlos sampaio|carlos sampaio|26088215|51,-2269191,-4351367;160,13,30;2015,-61,-43;2016,17,9;2017,-53,-16;2018,61,8;2019,12,5;2020,19,86;2077,14,-21;2102,-20,-56;2999,12,119
estrada||carlos sampaio|rio douro|26050215|126,-2266847,-4349724;153,210,215
estrada||carlos sampaio|rio douro|26220015|719,-2266782,-4351928;13773,-7,12
estrada||carlos sampaio|santa cecilia|26088215|2,-2269604,-4352241;3,1,5;4,5,2;9,20,34;110,39,9;213,-5,1
estrada||carlos sampaio|tinguazinho|26061627|292,-2270473,-4351061
estrada||carlos sampaio|tinguazinho|26080185|545,-2270480,-4351098
estrada||carlos sampaio|tres fontes|26088215|1,-2269855,-4352496;14,-92,-154;70,93,106;200,31,94;369,-34,-103;778,-39,-53;779,-16,-7;780,35,19;4010,-79,-68
estrada||carlos sampaio|vila maringa|26088215|7,-2269991,-4352844;201,-54,-79;202,1,-15;203,-4,-6;1218,-13,-43;1220,1,14;1248,-48,-47;3005,40,23;3247,53,135;3848,37,61;3850,-3,-10
estrada||da serra|iolanda|26270430|225,-2277378,-4352046;235,-2,10;245,-2,-5;261,-71,-6;525,-174,-37
estrada||da serrinha|ipiranga|26020842|1,-2280623,-4356281;11,241,-4;46,-28,-4;48,14,-1;80,139,63;96,-42,-34;98,-398,-11;569,62,-6;2222,-66,8
estrada||da serrinha|ipiranga|26061627|343,-2280794,-4356352;3313,15,33
estrada||da serrinha|ipiranga|26080193|3313,-2280815,-4356399
estrada||da serrinha|ipiranga|26277643|278,-2280439,-4356293
estrada||da serrinha|ipiranga|26291000|4,-2280509,-4356284;80,22,-5;343,-13,2;8088,-1178,-519
estrada||da serrinha|serrinha|26061627|52,-2282654,-4355555;77,305,-765;650,-71,260;651,19,9;747,-70,144;749,-4,5;765,42,-124;781,42,-68;795,-58,104;800,-7,10;805,-5,12;1081,-75,287
estrada||de santana|cacuia|26082035|7,-2273421,-4350004;50,4,2;52,10,8;54,0,-3;83,27,32;93,17,-7;95,19,3;99,-2,-4;101,-19,8;103,-14,1148;105,65,-1146;108,-10,-2;109,-13,34;110,-50,-32;125,60,102;127,2,-93;145,-158,1216;177,36,-29;183,18,-48;185,16,20;187,-29,22;189,5,-5;191,33,-25;193,9,-7;195,-4,6;197,31,-22;198,17,-7;253,49,-1103;258,6,-1;260,8,4;263,-25,59;270,31,-51;273,-7,59;275,-58,1030;277,45,-14;283,42,-1058;290,6,3;298,13,10;299,13,9;307,-18,-9;311,49,21;313,13,14;315,-7,-3;319,-38,-34;321,19,9;337,8,9;340,-18,-5;345,-65,1026;350,69,-1023;360,14,7;362,10,10;364,6,7;366,7,-2;379,-84,993;400,96,-987;421,-42,952;435,80,-931;447,-14,27;449,-4,5;450,-11,-30;452,2,7;454,2,4;460,4,8;464,12,18;601,14,846;859,28,-193;869,5,-17;1779,-49,-100
estrada||de santana|tinguazinho|26031550|20,-2273508,-4348628;30,-2,-12;50,-3,-17;60,-1,-5;66,447,-307;106,-436,257;116,5,-9;126,5,-10;145,10,-6;156,9,-5;166,16,-10;176,8,-5;186,5,-7;196,3,-5;206,5,-5;216,14,-12;226,11,-6;246,16,-13;270,38,-21;276,15,-8;286,0,-1;298,30,-6;336,19,-3;342,3,1;346,8,-10;378,13,1;408,26,-23;460,103,-57;620,51,-261;652,32,217;680,4,-16;690,-7,1;700,3,-9;920,-37,-194;934,0,-2;938,-3,-1;957,-15,-42;997,-7,-1;1800,-4,-125;1810,-10,79
estrada||de santana|tinguazinho|26050815|479,-2273140,-4349766;527,4,-9;529,-7,7;543,5,17;545,-1,10;571,1,7;573,17,16;575,-17,80;577,-4,-62;579,25,15;581,-20,17;583,1,4;677,-2,38;903,-2,114
estrada||do sacarrao|ipiranga|26294453|4,-2281047,-4356294;12,39,336;13,-19,-66;17,-38,-224;19,6,61;49,9,15;55,-10,32;500,105,-138
estrada||do saco|marapicu|26294300|2,-2280031,-4356731;6,14,61;8,-62,-142;10,-83,-143;13,-38,-140;14,24,-83;15,-5,48;16,3,-42;22,-198,-216;465,166,511
estrada||do salgueiro|tingua|26062115|780,-2259438,-4341926;790,-34,-22;850,73,36;870,17,6;880,-14,-11;905,58,26;915,8,7;925,10,0;935,9,-12;945,8,16;955,13,-20;965,25,21;975,3,11;988,-11,15;998,11,-1;1004,19,10;1006,-1,-5;1008,-14,1
estrada||do saveiro|geneciano|26070401|15,-2269430,-4340690;320,-7,-109;381,0,0;383,1,0;384,0,0;420,6,109;1120,-9,-110;1663,2,1
estrada||do simplicio|figueira 2|26060500|7,-2268731,-4342967;9,-1,-7;11,-26,-22;12,-1,-4;13,-15,-3;14,-18,-9;24,72,47;28,26,16;30,-61,-44;31,71,50;34,10,15;36,40,19;42,21,13;62,-61,13
estrada||do simplicio|figueiras|26060490|171,-2268504,-4342828;502,211,93
estrada||do simplicio|iguacu velho|26060500|8,-2267661,-4342400;14,-176,17;15,5,3;16,11,-6;20,24,-5;21,31,-7;22,5,-9;23,49,16;24,-20,-11;25,38,0;29,-161,21;140,131,-7;148,-106,12;251,-46,165;252,-2,-150;255,48,203;258,54,92
estrada||jose luis da silva|austin|26086215|850,-2272747,-4352778;854,-5,-2;876,17,17;890,-6,-4
estrada||jose luiz da silva|austin|26279420|1762,-2273434,-4352999;1800,-9,-12;1822,-32,-10;1826,10,11;1838,36,12;1850,-62,-32;1854,-14,-13;1856,-7,-4;1858,-10,6;2059,137,66
estrada||luis soares|comendador soares|26280050|7,-2274177,-4349414;15,13,34;71,7,26;75,14,1;81,0,7;82,0,2;87,-5,-8;90,8,14;91,7,-4;101,1,8;102,0,4;110,6,11;117,31,41;124,-31,-43;126,1,7;128,1,4;131,5,-2;135,4,10;137,-12,-18;182,30,50;184,5,4;185,4,-2;187,8,8;198,-4,4;201,8,5;210,-12,13;217,23,6;219,3,5;224,-12,-9;227,92,218;229,-76,-198;240,-17,-1;244,11,-4;250,4,4;271,16,23;278,-4,-1;290,12,14;300,1,8;314,8,7;328,3,14;332,12,16;352,3,9;365,-4,5;367,2,5;368,25,26;371,-18,-18;373,19,65;383,-16,-54;387,1,2;400,8,36;426,0,0;442,0,24;443,27,81;460,-19,-69;468,2,3;477,9,24;478,-10,-20;495,-19,416;511,60,-345;516,-39,-33;530,1,18;531,5,-8;540,5,14;551,-2,9;553,-2,7;554,-1,2;560,5,4;565,-2,2;570,1,9;575,6,2;577,27,26;583,-27,-18;607,-4,22;609,5,6;613,2,8;623,11,18;624,-23,-29;626,-1,-7;628,2,19;630,3,-7;632,-3,9;633,11,16;634,4,-4;636,-13,1;640,0,12;641,7,-6;643,14,3;650,-15,13;653,-4,0;660,1,11;669,6,10;670,-10,2;673,2,1;675,0,6;683,2,6;684,-3,-5;687,1,14;690,-13,-1;691,13,-2;694,-10,3;700,-4,14;710,-3,0;712,13,21;721,-9,-12;723,-2,6;725,-3,9;757,-4,20;783,-6,23;797,0,11;801,-10,21;821,32,0;833,-16,21;845,3,1;875,1,18;879,-1,19;885,-3,5;905,6,16;909,30,7;913,-36,2;923,-2,5;935,-3,16;941,-2,7;951,4,7;961,-6,11;972,-3,-155;975,4,177;989,1,6;993,3,3;1001,-2,7;1002,-9,-207;1005,6,215;1011,0,3;1016,-14,-12;1017,11,25
estrada||salgueiro|tingua|26062115|65,-2259963,-4342300;75,19,40;87,-2,12;109,6,12;261,72,136;701,264,78;702,10,3;703,13,8;705,7,5;741,19,8;743,-12,-3;744,-110,-43;751,132,53;754,-79,-45;756,-45,-11;759,56,22;764,-33,-18
estrada||velha carlos de sampaio|austin|26087405|1,-2271144,-4352112;2,-41,-65;5,11,29;6,-5,-12;7,-29,-69;10,10,18;12,-12,38;21,168,188;33,243,198;75,-423,-472;80,89,191;91,309,304;115,-368,-429;141,2,25;146,-3,4;150,400,404;175,-371,-372;180,-7,1;185,9,-2;188,11,18;205,141,179;207,-17,-15;243,-37,-43;245,-89,-107;246,108,130;247,-97,-115;250,-8,-11;255,13,18;270,7,28;295,21,3;297,1,-10;302,8,24;326,6,2;327,15,19;329,3,-1;347,4,21;350,4,-6;357,17,-7;374,-2,23;382,5,4;393,3,5;395,6,4;397,15,12;452,-100,-3;460,295,164;470,-5,-7;480,-13,-2;484,-113,-74;488,75,47;490,-40,-32;492,13,4;494,13,5;500,36,36;501,-7,-10;503,-12,4;506,8,0;660,-27,-23;700,110,83;826,-389,-393;1058,-20,-25
estrada||velha carlos de sampaio|austin|26089290|423,-2271003,-4351937;433,3,10;435,-4,6
estrada||velha carlos de sampaio|vila jurema|26087405|530,-2270955,-4351910;531,58,66;532,-61,-40;533,7,13;534,45,19;539,-17,-15;541,55,32;543,64,43;547,-23,-16
estrada||velha carlos sampaio|carlos sampaio|26061627|11,-2268475,-4349953
estrada||velha carlos sampaio|carlos sampaio|26087405|7,-2270734,-4351628;8,-7,18;12,2,29;18,-4,-46;19,1026,729;60,-1065,-832;61,14,29;63,13,28;110,286,510;186,-17,-37;209,-174,-143;210,21,26;211,23,31;212,11,11;213,-45,-53;284,117,103;502,-215,-432;591,44,243;593,7,20;594,21,24;1011,-35,-61;1715,141,191
estrada||velha carlos sampaio|santa cecilia|26087405|86,-2270780,-4351749
estrada||velha carlos sampaio|tinguazinho|26087405|390,-2270082,-4350698;11850,756,2547
estrada||velha carlos sampaio|tinguazinho|26089290|3,-2269310,-4350663;4,0,-3;5,-11,-19;11,-179,235;198,219,-229;199,7,-13;200,-11,22;201,5,-6;202,2,13;204,1,28;205,1,11;208,-9,-10;209,7,-7;225,1,31;226,-41,121;227,35,-30;228,-6,-31;229,8,3;281,-331,282;2000,338,-765;2339,-148,-22;2342,46,22;2343,7,1;2345,15,1;2346,14,44;2347,10,-44;2349,23,-4;9301,-465,1049;9440,12,103;9900,-51,376;10500,383,148;10510,-153,-99;10740,356,241;10741,-67,87;11045,3,189;11100,-42,42;11200,-15,102;11680,47,470;11681,48,-114;11682,-30,65;11683,1,-25;60600,-811,-1143
estrada||velha de santana|santa rita|26051060|18,-2268650,-4345802;30,2,0;40,16,1;44,13,9;50,2,-2;60,7,-3;64,2,-4;70,2,16;74,2,-2;80,4,-1
morro||rua shekimah|ponto chic|26032472|126,-2272494,-4347644
praca||ari schiavo|jardim canaa|26263050|7,-2274895,-4348275;9,0,0;23,-1,-2
praca||sergipe|ambai|26040195|70,-2270766,-4345126;80,-5,45;81,-12,8;90,-3,4;100,-3,-9;102,-7,-4;110,19,18;115,-2,10;116,-2,1;650,14,3;651,-13,5;652,4,6;653,-3,0;654,0,10;655,10,17
praca||solar|vila santa teresinha de jesus|26021390|77,-2273056,-4343335;79,-12,5;81,2,8;89,4,6;99,0,15
rua|capitao|edmundo soares|juscelino|26250200|491,-2277059,-4343990
rua|capitao|edmundo soares|juscelino|26250240|436,-2277074,-4343988;493,-4,5;495,-3,7;511,-3,5
rua|capitao|edmundo soares|k 11|26250240|35,-2276907,-4344341;43,0,6;59,-1,18;63,-8,3;69,5,14;79,3,4;91,-14,12;109,0,10;129,-2,33;139,12,11;149,-7,5;159,-1,7;247,-13,74;253,-3,9;315,-49,49;325,-1,2;333,-3,6;343,-11,10;351,0,4;361,-5,6;369,-9,9;543,130,-334
rua|capitao|edmundo soares|k11|26250240|70,-2276912,-4344333;72,-2,29;80,-1,2;86,-47,79;96,3,-6;150,1,-9;154,37,7;155,-6,23;158,4,-5;184,-29,22;210,20,10;214,5,14;220,-1,0;234,-2,12;240,-8,21;246,-23,-19;252,17,12;258,-4,7;262,-29,-2;268,19,10;290,-10,10;350,-40,52;354,0,-3;360,-2,6;372,-9,8
rua|capitao|gaspar soares|centro|26250040|301,-2276248,-4345224
rua|capitao|gaspar soares|centro|26255040|23,-2276368,-4344972;37,7,-23;41,-41,-27;43,43,28;59,7,-15;86,48,-90;87,-35,55;95,-30,69;101,31,-76;116,11,3;117,1,8;125,-4,-12;141,39,-30;142,-19,13;155,68,-14;160,-70,4;167,15,-31;187,7,3;197,-4,-25;207,16,3;217,-24,-56;225,25,36;231,-13,-14;235,17,6;237,-35,-20;243,35,9;257,-1,-13;265,15,-5
rua|comandante|paulo silva|austin|26086000|2,-2272236,-4352105;7,52,36;8,-148,-111;10,143,117;11,-129,-112;12,29,24;14,-54,-46;15,-37,-13;18,197,129;20,-5,3;28,-5,-1;29,-4,-8;35,-197,-142;36,188,147;37,-173,-130;46,-38,-12;113,124,77;122,-40,-35;137,44,29;148,-35,-18;151,47,33;153,18,11;155,-55,-44;169,23,14;174,-14,1;180,-23,-30;182,-7,-3;189,-42,-18;198,96,61;202,-31,-18;231,45,26;243,14,11;244,-2,0;250,12,7;255,-1,-2;261,-185,-121;273,197,128;308,25,24;326,-1,-6;451,-213,-149
rua|comendador|bernadino de melo e souza|recreio paco da marambaia|26062350|56,-2265739,-4341503;143,114,181;821,-9,-44;831,-8,-27;835,-74,-98
rua|comendador|bernadino jose de souza|parque estoril|26062260|102,-2265958,-4341687
rua|comendador|bernadino jose de souza|parque estoril|26062280|30,-2265906,-4341647;31,11,1;47,-98,-81;52,-8,1;59,18,7;62,-2,5;95,39,0;96,-6,20;107,18,14;198,70,75;200,-15,-16;227,15,6;228,47,43;247,-43,-44;268,38,38
rua|comendador|soares|centro|26255350|21,-2275881,-4345535;25,-23,-6;26,12,12;43,-17,-19;51,-4,-3;67,-7,-21;73,-17,0;75,3,-13;77,-10,8;79,-7,7;153,-54,-22;157,10,-3;163,-18,-1;169,-6,-1;171,-9,3;174,14,6;176,-10,-11;178,5,8;188,-11,-7;189,7,4;193,-36,-9;194,34,-1;203,-24,-4;221,-6,-18;238,-18,28;246,-12,-16;248,2,-1;250,-11,-19;251,3,4;252,10,13;258,-11,1;260,-2,19;262,-12,-45;501,82,29
rua|coronel|alfredo soares|centro|26255150|19,-2276206,-4345220;28,15,-2;37,-10,-8;38,15,-23;40,2,20;60,-1,-24;67,19,13;69,-5,-7;85,9,-14;101,-1,-24;118,12,-23;123,8,4;124,-5,-2;134,8,-4;145,-3,-12;163,-6,-23;164,30,-3;176,-15,5;187,9,-9;188,-72,151;194,82,-166;196,-47,73;197,44,-62;200,-8,-14;213,37,13;216,-43,-19;229,24,-23;236,-3,5;238,-6,-9;239,10,2;253,9,-10;259,-13,11;265,16,-34
rua|coronel|franca soares|figueira 2|26051300|1,-2269148,-4343817;2,3,226;3,43,-237;256,-135,56;266,44,-16;276,-27,155;280,10,-6;286,0,0;294,-10,6;298,5,-7;310,-4,3;320,57,-174;322,-50,174;330,58,-179;344,-39,133;346,80,-136;347,0,3;384,-101,179;404,0,2;414,0,-1;418,0,0;434,-222,-128;500,450,-48
rua|coronel|franca soares|figueiras|26051300|26,-2269430,-4343751;36,15,1;45,444,-56;46,-439,63;74,44,-18;78,-27,27;88,28,-21;98,-4,-3;108,20,2;118,11,0;148,22,-3;150,9,-8;158,-96,154;188,128,-162;200,12,-6;208,1,7;210,8,-3;235,15,-9;245,8,-1;255,6,-4;265,-7,0;275,33,-12;285,6,-3;297,8,-5;299,11,1;301,6,-3;303,-7,2;315,22,2;325,6,-8;342,12,-3;343,21,-5;345,-9,-1;355,16,-2;365,19,-9;367,-13,11;371,63,-13;373,-19,-9;377,24,15;378,-14,-16;415,-26,25;425,42,-9;437,15,-1;445,11,4;450,3,5;455,-4,-1;465,8,1;475,8,0;485,13,16;495,7,-9;501,42,6;515,-34,-3;525,-1,1;535,16,-1;545,-4,-3
rua|coronel|franca soares|jardim tropical|26051300|10,-2275196,-4343300;11,7,-23;20,-13,4;29,27,-12;34,-13,0;36,0,2;38,3,6;40,-14,8
rua|coronel|francisco soares|california|26216031|680,-2275705,-4344276;690,7,17;710,-1,4;720,11,11;980,119,206;988,2,8;996,3,14;1004,0,10;1022,-6,6;1030,25,7;1038,-6,12;1046,-9,23;1219,63,148;1225,9,6;1239,-3,8;1253,3,16;1269,5,2;1275,4,12;1277,3,11;1283,-4,-1;1285,-3,4;1295,-2,9;1307,14,5;1313,6,14;1315,-6,10;1345,2,31;1351,11,25;1369,12,37;1371,-4,5;1375,4,11;1415,-1,1;1451,2,10;1473,8,11
rua|coronel|francisco soares|california|26216041|434,-2275815,-4344392;440,-49,-52;448,39,36;454,-35,-34;474,30,28;502,1,14;516,10,16;518,0,-2;520,2,2;522,-3,-1;534,11,12;544,9,7;548,-4,-1;554,1,5;588,24,22;594,13,5;596,2,7;602,2,15;608,1,6;610,-3,-4;620,24,11;630,-3,-3;636,3,6;642,4,5;646,10,2;652,-4,5;656,26,7;660,-8,2;710,18,31;722,45,27;728,-17,-2;772,17,2;782,7,9;798,14,20;802,2,1;808,6,9;846,12,17;854,2,21;872,0,9;878,8,-8;880,-15,27;882,23,-13;884,-5,16;898,3,8;922,7,18;934,0,0;954,0,30;962,4,0
rua|coronel|francisco soares|centro|26216031|19,-2276140,-4344715;21,7,-14;47,19,15;71,34,23;91,-8,8;95,-3,6;105,17,11;163,33,29;167,7,-3;169,1,6;171,20,22;181,-32,-1;189,21,-3;199,4,7;210,-10,7;211,23,-4;221,0,4;231,12,11;245,11,25;247,7,-13;253,3,5;257,-4,1;265,10,16;1231,-79,-93
rua|coronel|francisco soares|centro|26216041|162,-2276063,-4344637;166,6,-2;170,20,5;180,6,17;192,-18,22;212,40,-9;216,11,5;220,-34,38;226,25,-34;230,11,7;232,3,3;242,-2,-1;252,12,12;551,185,210;561,4,-7;565,1,5;575,17,12;579,20,16
rua|coronel|francisco soares|centro|26220031|292,-2275963,-4344545;301,11,6;302,0,5;312,1,0;314,4,9;453,95,92;473,10,11;477,2,-7;495,31,5;517,-13,45;607,83,49;611,-10,32;613,1,-13;621,-1,19;645,14,-11;647,6,25;649,-14,-18;659,-5,34;661,30,-19;663,-37,20;665,45,-26;667,-21,10;675,23,-4;683,-15,13;685,11,-8;687,68,10;717,-39,5;730,49,47;735,-42,-33;777,46,54;805,2,0;811,11,11;819,0,0;825,8,8;835,-8,0
rua|coronel|francisco soares|centro|26220032|38,-2276151,-4344725;42,51,-2;46,51,77;50,-31,-79;58,46,38;62,-63,2;66,3,-8;68,9,-12;70,-4,-1;74,24,35;76,23,31;78,-6,-11;90,-37,-57;94,62,-18;98,-7,-8;112,-11,74;128,9,-27;134,-57,-12
rua|dom|jorge scarsa|corumba|26041780|21,-2270031,-4347059;25,-8,0;34,-6,-13;35,2,10;44,-18,-25;45,2,20;54,-17,-20;55,10,16;64,-118,-70;65,108,59;74,-60,-29;75,57,35;84,-13,-9;85,0,0;94,-41,-20;95,29,18;103,-3,4;105,-6,-10;114,-71,-29;115,67,28;120,-67,-8;124,40,-9;125,16,11;135,-15,-4;144,47,11;145,-52,-14;154,42,14;155,-56,-22;158,-26,-12;164,52,15;165,-26,4;174,18,-21;175,-20,13;184,9,13;185,-27,-17;234,-31,-20;244,-16,-7;254,-6,-2;264,-10,-5;274,-8,2;275,-5,6;284,1,-14;285,-7,7;294,-6,-21;295,-3,14;304,-6,-8;305,-6,2;314,2,-6;315,-9,4;324,0,-7;325,-14,1;334,3,-11;344,-10,6;354,-12,-8;364,-7,-2;374,-1,-6;384,-13,-5;394,-11,-5
rua|dona|albertina silva|miguel couto|26070542|4,-2271152,-4343579;5,184,247;6,1,-4;7,1,0;9,-3,2;10,4,-10;20,-449,-419;25,18,-13;26,430,443;29,-388,-485;30,4,-3;33,2,-1;34,-8,4;35,389,488;36,-407,-469;37,-3,22;40,-16,-7;461,434,451
rua|dona|carmem sepa|lafaiete|26261030|12,-2276078,-4347958;17,-5,1;18,-2,-7;24,-7,0;26,-1,0;27,-5,-3;41,-12,1;42,14,7;49,-26,-1;52,3,-4;62,-9,9;63,4,-4;65,-7,1;72,-1,0;73,1,-1;76,-2,3;83,-14,4;84,4,-7;92,-9,6;93,-3,1;106,-5,1;107,0,6;110,-9,-5;116,-1,0;117,-3,6;124,-1,0;126,-8,-3;127,4,7;134,-12,-6;141,-3,8;151,-10,1;152,-10,-2;161,0,6;162,2,-4;172,-13,1;173,5,5;182,-11,-3;183,1,3;192,-9,7;197,33,-12;202,-38,7;209,-8,4;210,-5,1;221,-4,2;222,-8,-7;231,2,8;232,-10,4;242,-8,8;250,-11,17;252,18,7
rua|dona|joaquina sampaio|caioaba|26012000|2,-2274364,-4343733
rua|dona|joaquina sampaio|rancho novo|26012000|3,-2274390,-4343682;4,-83,16;70,1,29;72,-3,-30
rua|dona|joaquina sampaio|vila operaria|26012000|1,-2274351,-4343740;55,-28,50;59,2,-3;65,-16,7;78,6,25;85,5,-21;101,24,-45;105,-35,79;109,1,8;119,-2,11;131,0,19;166,-1,-19;169,7,27;170,-10,-12;176,10,-11;180,-6,23;191,12,42;198,-10,8;201,6,5;219,0,14;226,-1,24;241,0,-13;243,1,10;245,-2,13;265,-1,11;275,5,20;285,2,4;295,-14,4;309,5,5;310,-8,-47;320,13,12;321,-2,52;322,-13,52;323,9,-29;325,3,-21;335,-4,16;339,33,-168;340,-34,153;342,2,12;345,-2,10;347,4,-125;355,-6,135;361,-8,5;373,16,1;380,0,33;383,-1,-22;385,-4,11;390,2,9;391,-1,-1;393,34,-196;395,-28,220;400,-12,-6;410,0,5;420,-16,19;434,51,121;439,-30,-112;449,-7,9;450,-9,10;454,-2,-8;459,20,-25;464,-44,19;469,38,25;474,-12,0;480,13,15;483,6,-5;529,2,5;549,14,25;571,3,3;575,0,0;585,3,14;595,6,23
rua|dona|sandra|parque ambai|26060160|11,-2270207,-4343859;20,-2,13;21,5,-2;30,-3,5;40,1,13;41,2,-10;51,4,13;60,4,18;61,24,5;70,-27,1;71,-7,-39;80,6,53;81,10,-19;90,-14,20;100,9,57;110,-39,-85;111,34,38;112,11,13;113,-11,-59
rua|doutora|sada|ouro preto|26275277|1,-2275562,-4349238;2,6,-20;3,-9,12;4,1,-27;5,-1,15;7,0,0;8,-2,-41;9,-3,28;10,5,-9;11,0,6;12,-2,-18;13,1,0;14,-2,-12;15,-1,6;17,-1,-10;18,4,-7;19,-6,2;21,-1,-2
rua|doutor|albert sabin|campo alegre|26292334|1,-2276446,-4356097;2,-40,68;3,-11,-16;4,69,-33;5,-67,30;6,64,-37;7,7,-6;8,-3,0;9,-1,2;10,-3,3;11,-67,25;12,12,28;13,53,-48;14,-53,44;15,50,-41;16,-4,-8;17,33,7;18,-41,-12;19,-2,2;20,-32,18;21,15,-64;22,10,47;23,-2,-1;24,-2,2;25,-67,23;26,110,-27;27,-1,-7;28,-5,3;29,-7,3;30,-4,-3;31,-32,-3;32,-5,0;33,7,5;34,-38,41;35,25,-45;36,-44,52;37,5,4;38,30,-66;39,-30,55;40,30,-59;41,11,-5;42,2,-3;43,2,-3;44,8,-6;45,-1,4;46,-23,74;47,-5,2;48,-14,-22;49,2,-3;50,-3,-4;51,-43,55;52,24,0;53,-18,-3;54,-2,0;55,2,-2;56,-1,4;57,2,-2;58,0,0;59,16,-9;60,-18,-6;61,10,9;62,0,3;63,0,2;64,-2,-3;65,1,-3;66,-2,5;67,-3,13;68,-4,2;69,-4,-4;70,-10,6;71,15,-7;72,5,-1;73,2,-9;74,-4,-1;75,-3,7;76,11,9;77,-13,-9;78,24,-4;79,-16,7;80,9,-7;81,15,-7;82,-55,25;83,-2,3;84,3,-1;85,1,-9;86,-1,1;87,-13,-2;88,-5,4;89,-6,3;90,0,6;91,47,-23;92,1,0;93,-5,3;94,-12,10;95,5,3;96,-1,1;97,-5,2;98,9,-5;99,-8,5;100,-21,-29;101,-7,116;102,6,-8;103,0,1;104,1,-1;105,8,6;106,-4,0;107,17,-17;108,-2,-3;109,1,3;110,-3,1;111,-4,3;112,-2,-7;113,-5,-1;114,1,3;115,2,1;116,-1,2;117,141,-8;118,27,0;119,-25,9;120,-2,-5;121,2,-5;122,-3,-3;123,4,8;124,25,-4;125,-5,5;126,4,5;127,1,-1;128,-1,-7;129,-2,-1;130,-4,2;131,0,2;132,7,13;133,28,-18;135,4,11;136,-13,0;137,-3,2;138,10,-9;139,2,-4;140,8,7;141,-11,1;142,27,-4;143,-6,2;144,-2,1;145,5,9
rua|doutor|armando sales|rodilandia|26083145|90,-2274005,-4349861;95,-214,-497;21036,157,394;21054,-99,-225;21058,-59,-181;21060,30,89
rua|doutor|leal silva|ceramica|26031360|41,-2273213,-4347952;42,63,46;44,-1,11;46,8,6;51,9,-3;53,-10,11;65,6,10;75,-7,10;89,-4,5;99,-3,12;111,4,9;125,-10,21;130,3,-8;132,-7,15;135,9,-3;139,7,-84;146,-32,92;148,9,13;149,24,-4;159,-15,-26
rua|doutor|simao sucht|carmari|26022149|562,-2272363,-4344796;572,17,-17;573,8,8;582,11,-19;583,-9,-7;584,-1,1;600,17,0;601,-2,-7;602,-1,3;612,14,-10;622,14,-8;623,-13,6;631,15,-17;643,16,-10;735,15,-23;743,11,-1;745,-5,-2;748,20,-6;755,-2,-1;758,8,-3;761,6,-7;768,3,-4;769,2,-4;774,6,2;775,4,-14;781,9,-12;782,-5,20;792,10,-12;798,8,-5;808,9,-8;817,-10,2;821,23,-16;827,0,-1;828,-2,4;837,33,-12;840,-18,0;842,7,-3
rua|doutor|simao sucht|carmari|26022156|5,-2272731,-4344482;25,83,-61;34,-6,5;44,-79,60;54,-1,-7;64,12,-3;67,29,-26;68,8,-9;69,9,-9;73,-3,12;75,-27,21;95,45,-32;170,-49,15;171,41,-25;181,6,-1;191,10,-4;200,23,-14;202,-7,6;204,15,-15;210,16,-11;211,-30,17;220,30,-20;221,-11,4;230,22,-9;241,-2,-9;261,12,-11;280,-1,4;290,19,-5;291,-2,-10;300,13,2;310,21,9;319,53,-86;320,-58,64;329,3,-17;330,3,7;339,3,-12;340,0,10;349,11,-22;350,-2,10;359,12,-16;360,-3,-2;369,9,-4;370,-2,8;379,8,-18;380,2,9;389,7,-11;390,0,3;399,9,-12;400,5,6;409,-2,-10;410,9,6;419,-4,-12;420,12,5;429,-9,-20;430,16,11;440,1,-3;445,0,-6;449,12,-11;450,4,4;459,2,-11;460,12,6;465,-5,-6;467,14,-19;469,-7,25;470,-2,-8;479,4,-10;480,1,6;484,12,-2;490,-1,-4;502,12,-12
rua|engenheiro|antony andrade silveira|parque estoril|26062260|9,-2266174,-4341569;10,12,32;51,21,-49;72,-3,6;261,101,-167;290,18,-10;306,7,-23;322,7,-7;336,11,-16;352,9,-13;366,5,-8;373,-5,-12;386,15,-5;396,0,-4;420,35,-57;466,11,-19
rua|engenheiro|carlos de souza|lagoinha|26296000|1,-2281344,-4359900;3,5,-58;4,3,-18;5,355,-45;7,-343,-9;8,-6,27;9,23,-42;10,15,3;11,-4,-410;12,-18,418;13,-6,-494;14,29,458;15,-2,4;18,3,-7;21,10,-407;22,6,386;24,31,-39;26,4,-14;28,5,-7;41,-76,-637;125,15,709
rua|general|severiano|botafogo|26041220|53,-2271148,-4345867;54,-49,1;63,55,-7;64,-2,12;73,8,-12;74,8,8;83,5,-5;84,4,3;93,6,-1;94,1,4;103,10,-6;104,-1,10;113,11,-4;114,-6,-1;123,14,-1;124,6,4;133,-2,-1;134,22,-6;144,-9,11;153,3,-6;154,-3,5;163,25,-2;164,-5,5;173,5,-3;174,2,2;183,7,3;184,6,2;193,5,-4;194,-1,-2;203,13,-2;204,0,8;213,0,-5;214,8,3;223,15,-3;224,-9,2;233,6,2;234,5,2;243,11,-1;244,-4,1;253,18,-5;254,-6,4;263,17,-2;264,-11,4
rua|juiz|antonio bellot de souza|centro|26255280|25,-2276388,-4346045;45,-1,27;50,235,83;55,-239,-70;58,254,97;65,-254,-99;80,255,111;90,-5,16;95,-233,-105;100,162,44;105,-178,-47;110,168,48;120,-7,-3;127,-162,-7;136,155,5;146,-11,0;156,-9,1;170,-15,2;190,-20,0;200,-15,-1;264,-28,9
rua|juiz|antonio belot de souza|centro|26255280|8,-2276405,-4346059;16,9,51;23,243,63;25,-4,0;35,-3,2;46,-240,-84;55,230,88;66,-224,-69;110,24,84;145,-51,-23;148,33,15;237,50,-10;265,10,9;267,-28,6;283,-17,16;299,-19,-1;300,-36,-28;310,-13,23;367,0,27;407,-34,-24
rua|juiz|antonio belot de souza|centro|26255330|183,-2276284,-4345937;187,-12,2;197,-6,5
rua|missionario|francisco shuet|ceramica|26031520|51,-2273543,-4347705;53,10,-15;67,-9,37;83,-4,12;85,-2,-3;87,2,3;101,-1,8;107,-1,1;113,-2,13;115,3,2;119,2,-1;129,-7,16;145,5,16;155,16,22;165,-23,-4;175,7,9
rua|missionario|franscisco rodrigues shuet|ceramica|26031520|30,-2273532,-4347749;38,-6,29;44,-6,7;58,-1,11;74,-4,12;88,-1,21;106,0,2;110,-6,13;112,-1,0;130,4,16;154,6,18;168,-10,13;176,-3,16;178,1,-1;180,-1,8;188,-2,6;190,0,1;194,1,8;198,-2,-5;204,0,21
rua|pastor|hilkias felippe da silva|santa rita|26050040|38,-2269088,-4346783;48,7,4;68,17,6;78,-4,30;98,21,-17;108,10,7;118,5,3
rua|pastor|hilquias felippe da silva|santa rita|26050040|15,-2269108,-4346798;21,6,7;31,11,3;41,7,4;51,6,-2;61,10,11;71,9,-7;81,3,13;91,8,7;100,11,7;101,-3,-2;191,61,32;195,4,0;205,22,11;215,-32,-14;225,40,23;235,-19,-14;245,30,24;255,12,-1;265,9,6;275,13,10
rua|pastor|marinho espindula da silva|tinguazinho|26080255|8,-2272295,-4350436;9,4,8
rua|pastor|marinho espindula da silva|tinguazinho|26080270|10,-2272296,-4350426;12,12,-14;303,-10,22
rua|prefeito|xavier da silveira|imperial|26294303|7,-2279212,-4354707;14,73,-49;16,156,-124;17,-55,38
rua|prefeito|xavier da silveira|ipiranga|26294303|22,-2279112,-4354475;24,2,0;26,-391,-848;43,201,705;50,-177,-717
rua|prefeito|xavier da silveira|marapicu|26294303|21,-2279073,-4354817;23,-233,152;30,321,-220;31,13,-13;32,13,-5
rua|presidente|sodre|centro|26215180|9,-2275378,-4344703;10,13,-14;19,-3,-8;27,1,-13;37,4,19;38,7,-23;49,2,-17;50,-10,-6;62,43,-48;67,-13,43;73,5,-29;76,-13,29;85,3,-19;92,4,7;94,3,2;97,-1,-12;104,2,0;107,3,-11;110,6,1;119,1,-10;120,-6,1;129,15,-9;130,-4,0;140,6,-7;146,0,-23;154,0,8;159,-2,3;162,10,-14;187,16,-37;199,0,3;201,-1,-11;218,-3,3;228,1,-13;235,-16,0;237,31,-6;239,-5,-8;242,-3,-6;244,1,-6;245,-7,5;256,6,-8;257,2,-14;262,-1,2;264,2,-3;272,3,-11;323,0,-25;329,10,-23;341,2,-14;342,3,6;351,4,-16;356,14,5;359,-15,-13;360,-1,5;366,-1,-4;367,-2,-2;376,-4,-8;377,8,-6;802,-45,201
rua|princesa|soraya|imperial|26291599|64,-2279093,-4354725
rua|professora|carmen de freitas salgado|california|26220470|45,-2276021,-4343949;55,3,13;65,2,5;75,-2,17;93,5,10;101,2,11;103,0,0;113,3,13;123,-3,10;126,-4,-11;132,0,19;133,6,22;144,-7,1;147,8,-11;149,1,-2;158,-7,12;161,2,6;163,6,0;167,-4,10;168,-7,-3;183,11,23;192,2,-7;193,-7,9;195,4,-2;196,4,4;203,-4,14;204,-6,-3;216,3,12;217,5,3;230,4,17;231,-12,-8;232,12,8;237,-5,0;238,8,9;258,-13,-10;261,8,36;273,-5,1;274,15,5;279,-11,10;286,-10,-18;291,21,45;298,-15,-10;310,2,-3;313,76,-148;320,-78,189;325,122,-152;333,-26,30;337,57,-30;339,0,-43;341,-82,11;360,-73,191;368,2,8;378,-1,14;380,0,5;388,0,5;398,5,21;408,-5,-3;418,-17,15;430,14,9;444,-5,16;478,3,29;485,9,-3;487,0,10;489,-3,2;492,-4,7;502,-4,6;514,-1,16;524,4,9;541,-1,25;561,0,11;567,6,10;568,-8,-4;571,3,9;578,1,8;581,-1,2;587,2,4;589,7,2;590,-10,-1;591,9,10;620,9,25;625,-11,-8;627,17,3;635,5,10;640,-19,8;644,21,-7;645,-1,-3;654,7,7;655,5,-6;663,4,12;664,3,2;671,6,-3;672,3,5;682,12,0;683,-9,-1;689,8,4;691,1,3;692,4,4;694,0,-1;702,3,6;705,6,-4;708,-2,1;709,5,1;710,-1,-1;805,5,2
rua|professor|gilberto alves dos santos|chacrinha|26285550|9,-2275429,-4345739;12,0,-1;29,5,1;31,17,4;37,3,-9;38,2,6;56,13,26;57,-8,-41;60,13,16;70,5,-4;73,9,0;75,4,-3;86,3,7;90,3,13;91,-2,-12;93,-1,8;95,7,-1;97,4,-9;98,4,0;103,-2,0;111,16,-4;119,8,-3;169,53,7;190,-3,0;202,-6,-16;207,36,15;209,-9,-1;212,-1,5;214,16,-7;215,-7,4;218,9,6;219,-4,-7;222,6,5;225,11,-2;230,-8,4;232,7,0;239,5,-9;246,-5,10;255,12,-10;256,-8,10;257,25,-9;258,-12,3;264,-3,25;270,12,-26;272,0,-5;275,3,8;282,9,-1
rua|professor|silva|cacuia|26082205|2,-2273189,-4350682;4,-46,-165;6,-3,127;7,34,-6;9,-12,-30;10,-28,-72;12,16,2;14,29,119;18,44,32;20,-24,-48;22,-10,46;35,0,-61;39,-9,67;71,-34,-54;75,25,-46;95,-8,-18;180,-4,-6;270,91,142
rua|santa|seve|parque ambai|26060210|114,-2270199,-4343727;121,-101,57;123,50,-22;125,-31,7;131,-20,11;148,18,-5;150,-23,14;154,13,-9;160,1,0;170,2,8;190,19,-20;200,3,-4;210,2,-5;221,53,-182;247,-4,153;250,22,5;260,7,-8;270,7,-6;297,22,-28;301,15,-2;343,4,32;345,11,-18;347,8,-4;350,15,-11;352,19,-8;354,3,-1
rua|santa|sofia|tinguazinho|26080030|5,-2272834,-4349660;13,-86,-16;17,84,5;25,-67,-11;26,-13,-2;46,45,20;48,8,-8;55,-29,-8;56,9,11;57,8,-6;83,5,-1;93,4,2;95,12,5;115,7,1;119,16,3;120,6,6
rua|santa|suzana|km 32|26298617|4,-2285188,-4360320;6,-3,-4;10,4,-2;11,-10,26;12,0,11;16,13,44;34,-7,-144;39,-1,60;40,-6,-42;102,-9,-95;1766,-3,-88
rua|sao|salvador|jardim guandu|26298096|24,-2281780,-4361579
rua|sao|salvador|kennedy|26020270|20,-2273645,-4345030;38,5,-20;48,11,-20;58,-2,-9;70,3,-6;74,6,-6;84,3,-12;86,4,-2;94,-6,-2;114,13,-21;116,-8,7
rua|sao|sebastiao|austin|26087125|1,-2271988,-4352254;11,-7,-3;14,14,6;17,23,10;20,-24,-17;26,1,19;27,-15,-13;29,-2,9;31,-6,4;33,1,-1;34,35,5;46,2,25
rua|sao|sebastiao|ceramica|26031500|48,-2273724,-4348973;68,4,-11;98,5,-30;118,-10,-15;138,8,-19;148,-11,-8;158,8,-6;168,2,-11
rua|sao|sebastiao|ceramica|26296357|20000,-2273699,-4348889
rua|sao|sebastiao|jardim iguacu|26281361|11,-2274164,-4346311;18,4,3;21,3,-4;26,5,-1;31,9,7;36,-2,0;49,18,-1;52,3,-2;62,3,3;64,-34,-1;69,48,-2;79,8,7;89,2,9;99,3,-1
rua|sao|sebastiao|km 32|26087125|60,-2285601,-4359503
rua|sao|sebastiao|km 32|26298521|4,-2285615,-4359309;199,7,-406
rua|sao|sebastiao|paraiso|26087125|1,-2280994,-4359197;2,8,7;3,74,79;6,-31,-27;75,36,26
rua|sao|simao|ponto chic|26032390|25,-2272690,-4347524;29,12,-4;31,3,0;32,-10,-1;34,-1,0;45,29,1;46,0,5;54,1,-3;55,4,5;63,14,0;68,-1,-3;85,19,3;86,-4,6;94,5,-2;95,9,-5;102,2,-4;103,3,4;122,20,13;123,4,-9;130,-2,16;131,2,-16;140,11,8;141,1,0
rua|tabeliao|jose manuel dos santos|recreio paco da marambaia|26062350|130,-2265748,-4341517;138,19,-10;147,-25,12;148,44,-24;158,19,-20;160,0,2;185,-5,3;187,-1,-1;189,20,-15;199,6,-4;200,4,2;209,8,-11;235,49,-16;590,64,3
rua|tenente|silvino|comendador soares|26030126|1,-2273500,-4348976;5,-138,-131;7,10,41;79,82,103;118,-46,-63;119,-7,1;120,7,14;155,35,24;159,13,21;162,-10,-6;168,8,14;204,35,-2
rua|tenente|virgilio soares|ouro preto|26275275|14,-2275586,-4349344;15,-7,-13;24,18,10;25,-10,-6;34,26,9;35,-10,-16;44,9,16;45,-4,-9;54,7,4;55,1,0;64,17,7;74,5,-2;75,-11,-10;80,20,7;84,4,3;85,-7,-10;95,12,1;105,12,-5;115,7,5;125,8,3;135,8,8;141,8,-6;144,-31,-1;146,18,6;148,13,-3;150,6,-2;151,10,3;155,-13,-5;160,22,11;170,13,3;173,-14,-10;175,6,2;180,8,4;185,9,1;190,14,23;195,-6,-16;205,12,5;209,1,1;215,6,12
rua||1 de setembro|jardim iguacu|26042130|40,-2274326,-4346327;44,6,-9;50,-3,-11;60,4,-18;80,-1,-18;90,1,-9;100,-1,-20;120,-4,-31;146,-8,-16;152,4,55;156,-4,-72;162,5,165;166,-12,-170;196,-5,-34;206,10,-8
rua||1 de setembro|jardim iguacu|26282210|89,-2274326,-4346398;99,-7,-10;115,4,-26;125,2,-7;135,-2,-10;155,-5,-21;165,1,-12;172,1,15;175,-4,-30;195,-2,-11;205,5,-15;207,-5,-2;217,1,-7;221,-1,-14
rua||1 de setembro|jardim iguacu|26282230|220,-2274336,-4346550;226,5,0;234,-11,-20;254,-3,-11;281,-5,-13;291,-6,-18;302,5,32
rua||15 de setembro|corumba|26043310|10,-2270536,-4347806;20,3,8;28,35,96;30,-28,-98;32,31,56;33,-12,2;34,2,7;36,3,17;37,-5,-12;38,10,21;39,-11,-22;40,-9,-51;41,10,28;45,-2,-3;50,-4,-17;70,-16,-37;79,14,54;80,4,-6
rua||7 de setembro|carmari|26022202|20,-2272759,-4344934;30,2,-1;40,11,-14;45,-7,-1;47,18,-14;50,3,8;60,-3,-2;63,7,-9;65,0,-7;70,1,3;75,7,4;80,38,-40;85,-12,9;90,-32,26;109,30,-16;110,1,-8;111,3,-3;123,52,-44;124,-37,40;133,1,-8;134,6,-4;136,-9,6;143,9,-5;144,11,-11;149,0,-4;153,-2,0;159,1,4;163,5,-5;164,4,-5;173,0,-3;174,11,-6;183,1,-2;184,11,-7;194,7,-1;203,-37,27;205,44,-43;208,-81,78;215,92,-84;228,0,7;275,-21,8
rua||7 de setembro|vila operaria|26011500|28,-2274004,-4343325;36,4,19;99,15,31;147,-1,14
rua||8 de setembro|gerard danon|26042182|1,-2270627,-4346810;2,-7,-2;3,6,4;4,-11,-7;6,-15,9;7,5,3;8,-29,3;9,16,4;10,-10,-2;11,5,3;12,-25,0;13,28,-2;14,-36,7;15,2,0;16,-10,4;17,13,-1;18,-19,1;19,16,-5;20,-13,9;21,-4,1;24,-22,9;26,-9,1;27,11,-1;28,109,-38;29,-122,35;30,1,5
rua||abbes steel|valverde|26290732|8,-2277537,-4352712;12,8,19
rua||abel dos santos|bairro da luz|26260080|10,-2275418,-4347192;16,-2,-18;26,4,-4;30,-7,-14;35,-3,4;45,1,-4;55,2,-14;56,6,2;65,-9,-9;67,5,-4;82,1,-1;84,2,-10;85,-8,-2;95,2,-14;105,3,-6;113,-4,-9;115,0,-9;125,1,-8;135,2,-2;145,-1,-11;155,0,-10;165,-3,-12;175,4,-10;183,4,-9;195,-3,-16
rua||abel sten|valverde|26290732|34,-2277527,-4352706;35,4,16;45,3,11;55,2,7
rua||adelia teixeira soares|nova era|26272220|10,-2276111,-4350548;12,-2,18;14,9,13;16,-1,10;18,1,6;37,4,-48;39,1,-4;98,-8,67;122,4,24;127,3,-2
rua||aderbal sales|riachao|26279280|2,-2274546,-4352639;11,-50,38;13,4,-4;17,12,-12;26,16,-6;27,-4,3;36,13,5;46,-2,-14;56,13,-7;66,7,-4;83,4,-4;86,4,-1;87,0,-6;96,12,1;99,-7,-5;105,14,-9;106,-1,7;115,2,-7;116,3,7
rua||agostinho rodriguez da silva|cabucu|26291230|1,-2277866,-4353968;2,0,9;3,6,7;4,16,-2;5,-17,20;6,9,11;8,2,27;9,4,-15;10,-1,8;12,71,155;17,-45,-25;20,11,9;29,39,28;32,1,5;33,-4,-5;34,-14,-9;45,-9,-7
rua||agostinho rodriguez da silva|jardim laranjeiras|26291230|2,-2277457,-4353484;15,-44,-23;17,-119,-101;18,44,35;19,-60,-52;21,335,276;22,-37,-24;23,-18,-16;24,-10,-2;25,-320,-278;26,201,171;27,-220,-188;28,306,265;29,1,-8;30,-14,-6;32,-12,-19;35,-29,-18;101,-76,-61;128,-182,-161;130,-13,0;131,9,0;151,33,28;200,3,0;250,35,30;289,193,158;299,13,11;300,-14,0;395,105,76
rua||ailton silva|comendador soares|26281252|33,-2274026,-4347738;45,-10,-3;57,0,-1;65,-110,-6;67,81,3;68,9,-1;80,-14,3;90,-12,-2;93,-115,14;94,-30,15;100,135,-38;139,-31,8;141,-3,0;142,-4,-1;143,17,0;159,-24,2;169,-15,-2;187,-18,11;189,15,-5;198,-18,-4;199,-3,7;222,-29,5
rua||albenzio soares|vila guimaraes|26088365|28,-2270244,-4352543;38,-7,-5;48,4,18;58,1,11;78,-5,6;118,2,40;138,0,16
rua||albertina da silva|rosa dos ventos|26276490|21,-2274650,-4349887;22,8,2;23,-10,-1;25,7,3;30,2,4;31,-1,-3;33,6,-4;40,8,5;45,0,-7;50,0,4;60,10,2;65,20,-5;70,-6,7;85,13,-15;95,13,7;96,3,-6;105,7,-6;110,2,5;124,14,1;131,-2,-7;140,14,5;141,-1,-4;151,9,-8;158,3,6;165,12,-3;172,7,5;179,6,-9;188,3,2;190,1,0;199,12,-6;200,2,7;209,10,-7;219,11,1;220,-8,-3;229,22,-4;234,-2,5;239,5,-9;249,5,-1;260,-8,8;264,6,1;270,-1,-4;280,8,-1
rua||alberto sampaio|corumba|26041540|55,-2269652,-4346816;65,8,6;75,3,6;85,17,8;95,10,12;105,-10,-10;135,42,17;145,6,15;147,-2,-2;149,7,3;151,2,0;161,27,19;195,16,2;205,13,10;215,5,3;225,21,13;235,-1,-3;335,-2,2
rua||alberto silvestre|paraiso|26297024|3,-2281208,-4359539;4,17,29;5,1,-1;6,-14,-34;31,30,68;208,-71,-130;209,-1,-21;210,1,-24
rua||alberto soares|centro|26255010|10,-2276238,-4344888;35,-67,-40;42,-15,8;43,-3,-9;49,-13,20;55,4,-25;60,-5,-9;71,-5,-1;74,-5,-71;81,-11,66;83,-4,-11;95,-5,-2;111,-5,0
rua||alessandro pereira da silva|lagoinha|26296249|1,-2280255,-4359629;16,8,-5;17,182,-230;18,-151,195;19,140,-181;20,-163,210;25,127,-162;26,-128,163;28,3,-4;29,-17,11;30,115,-131;32,103,-97;36,-196,216;38,-1,-13;40,6,7;46,6,-7;48,-2,-1;49,-20,12;50,22,-14;56,1,-3;58,2,-3;59,-21,13;60,23,-16;66,-1,-1;68,7,-6;70,0,-2;76,0,1;78,2,-6;80,2,-2;86,5,-1;87,61,-89;88,-61,89;90,3,-5;91,75,-106;95,109,-149;97,18,-22;100,-200,270;101,163,-204;102,4,4;103,-84,97;115,82,-117;141,-152,195;143,2,-1;145,99,-109;147,-93,104;148,-2,4;149,2,-5;151,1,-4;282,83,-98;286,3,-3;290,0,-4;411,51,-72;412,20,-12;415,-25,9;419,8,-3;449,24,-29;469,9,-20
rua||alex pereira da silva|lagoinha|26296255|7,-2280058,-4359675;8,6,10;14,-71,26;114,2,-103;216,-1,-2;318,-5,-4
rua||alfredo gomes da silva|gerard danon|26042185|8,-2270644,-4346878;9,3,5;18,-9,0;19,-7,5;27,-10,-1;28,-65,20;30,66,-23;38,4,7;39,-4,-3;48,-11,0;49,-5,5;50,-3,-2;51,-7,5;52,-7,-3;69,4,7;78,-14,-4;79,2,11;88,-6,-4;89,-1,2;98,-10,0;99,5,7;108,-16,0;109,5,1;119,-5,3;126,-11,-9;129,2,7;138,-8,0;139,-5,7;148,15,-21;149,-18,25
rua||alvaro de moura sa|comendador soares|26280030|5,-2274216,-4349019;7,1,-9;11,8,1;12,2,5;16,1,0;17,8,-2;19,6,0;21,9,-4;26,-13,6;27,18,-1;28,-13,-1;35,26,10;40,-8,-7;45,21,-7;50,-17,9;55,45,-5;60,-26,-4;65,14,3;70,-12,3;75,39,-6;80,-30,8;90,12,4;100,10,-6;110,11,-1;111,-104,2;120,108,-5;121,14,-9;129,11,1;131,4,-6;141,5,-1;143,8,1;146,-26,12;151,32,-14;158,-17,6;160,13,-7;161,12,-6;163,3,-1;165,0,0;170,-11,9;175,20,-21;184,-18,13;185,30,-34;186,-20,26;188,11,1;190,1,-6;200,4,-10
rua||alvaro soares sampaio|corumba|26041550|15,-2269640,-4346704;25,8,2;35,11,1;56,31,6;100,43,-43;168,-9,-8
rua||alzira carbogini santos|riachao|26279305|11,-2274488,-4352493;13,22,-20;14,-8,6;33,-296,210;34,11,-7;36,0,0;48,8,-2;58,11,-6;70,6,-5;72,2,-8;74,10,-2;100,9,-8;110,21,-6;162,27,-28;172,14,2;182,1,-6;183,18,-20;214,2,2;224,11,-12;248,19,-9;250,-3,-6;264,14,-2;324,58,-64;326,5,15;330,10,-1;364,17,-12;366,-8,3;384,21,-23;741,-291,215
rua||alzira gaborgini dos santos|riachao|26279305|23,-2274731,-4352326;27,-50,32;29,16,-17;32,80,-51;57,-63,43;75,9,2;90,15,-15;111,16,-12;161,100,-67;173,-22,15;181,-24,8;195,9,-4;205,7,0;215,17,-11;225,-19,11;235,23,-19;251,21,-11;265,4,-6;275,7,-4;335,45,-34;345,0,20;349,30,-22;369,-7,-12;379,5,-3;381,14,-3;383,-49,60;531,120,-106;541,7,-17;600,10,8;602,3,-2
rua||amaro de souza|carmari|26023100|13,-2272887,-4343343;33,26,-6;35,13,-12;39,-3,14;49,3,-22;69,15,-33;77,13,4;79,-6,-5;81,3,0;109,11,2;119,-1,-30;140,5,-33;141,11,7;143,-2,-24;150,-13,5;160,3,-4;170,5,-14;180,-4,-14;190,5,-15;200,-5,-6;210,4,-18
rua||amelia dos santos|rosa dos ventos|26276140|10,-2274419,-4350033;40,24,1;48,19,-15;50,2,-1;52,8,-5;55,-36,10;78,45,-23;83,-4,2;88,5,0;98,8,-8;100,5,-3;103,5,-3;109,5,-9;110,-6,7;117,8,-14;120,2,2;130,3,-7;131,-5,-2;137,8,-7;140,7,3;141,-4,-11;150,10,7;151,2,-5;154,-2,4;164,1,-11;167,3,-5;174,13,7;175,-6,-10;184,32,-9;211,-4,-13;221,13,-9;231,4,-10;232,1,16;236,6,-2;237,-6,-9;239,11,-7
rua||amelia silvestre|ipiranga|26294378|1,-2279900,-4356084;35,6,-5
rua||ana carvalho santana|austin|26086130|16,-2272640,-4352488;18,-17,3;22,-2,1;70,2,2;80,-14,-3;90,-10,16;96,5,-4;100,-15,8;110,-7,3;134,-31,18;144,-2,5;150,-14,4;160,-2,7;170,-11,7;179,113,-77;200,-120,70;216,-12,14;230,-2,1;240,-14,11;250,-3,5;270,-4,3;280,-11,11;290,-9,4;308,-25,3;309,-3,15;312,-5,-3;314,-18,3;326,-1,2;327,-9,10
rua||ana schwarzftter|rodilandia|26083230|1,-2273560,-4350450;2,-7,50;3,-17,-33;4,-6,-39;5,-5,-21;9,-16,-10;10,-10,-84;11,7,81;12,3,12;13,-48,-52;14,-11,-11;17,-157,-603;61,222,651;62,2,3;63,44,95;64,-54,-96;65,-8,-13;67,1,2;69,0,2;146,36,41;210,25,46;236,3,14;240,0,14;250,1,10;252,0,1;254,2,16;260,0,12;272,-2,14;282,2,3;300,8,31;315,-127,-250;400,125,262;541,8,65;551,-2,-11;955,-2,-46
rua||anadir farias santos|ouro preto|26275250|1,-2275541,-4349258;3,6,-7;4,-6,-54;5,0,47;6,-3,2;7,2,-15;8,7,24;9,-7,-34;10,2,8;11,-1,-30;12,-4,1;13,2,-1;14,1,14;15,-1,-15;18,2,28
rua||anna carvalho santanna|austin|26086130|6,-2272631,-4352499;9,12,20;15,-17,16;27,-97,34;71,68,-47;75,1,-2;91,4,10;103,-34,12;143,-29,17;173,-5,2;193,-34,21;207,-6,3;217,-6,7;231,-8,6;237,-10,3;249,-3,5;257,-9,0;267,-10,7;291,-3,-1;301,-11,13;305,-25,13;310,-12,11;311,-11,-1;313,-8,4;320,28,-4;321,12,-12;324,-4,0;355,224,-142
rua||antenor francisco de souza|campo alegre|26292477|6,-2275912,-4357492;7,-9,1;8,6,-16;10,89,54;23,148,59;43,-316,-137;60,102,51;145,157,74;222,-112,-65
rua||antenor gomes dos santos|california|26216000|1,-2275697,-4344212;2,-11,19;3,0,2;4,-3,28;5,5,0;7,0,12;8,-6,-17;9,5,14;10,-5,-13;11,-3,8;12,3,-3;13,1,-6;14,-2,-2;15,0,5;16,0,-3;17,2,-2;18,-1,6;19,-2,2;20,2,-5;21,3,-3
rua||antenor reis da silva|santa cecilia|26088465|48,-2270238,-4352194;52,54,10;79,16,5;81,31,9;82,11,2;106,11,-2;107,16,3;108,4,-3;271,-97,-44;286,-41,11;319,102,23;321,-28,-8;323,-18,-6;500,-80,-14
rua||antonio da silva|palhada|26290147|11,-2276203,-4352707;20,38,-21;30,-11,3;33,1,9;34,-66,25;43,59,-21;50,-66,28;53,55,-25;68,-11,3;71,4,10;78,-16,-8;83,6,8;93,-14,4;103,-4,4;104,-19,0;123,-3,9;128,-3,-4;133,-4,7;140,-11,1;143,8,3;168,-28,6;178,-6,5;187,-4,11;188,-6,-7;197,22,-9;198,-33,16;208,-6,4;218,-9,-4;223,2,18;228,-6,-9;243,-7,8;246,0,-6;248,-11,5;251,-2,9;256,-3,-2;264,-11,4;265,3,6;268,-22,4;275,15,-1;287,-11,7;289,-17,1;305,5,1;313,-11,-6;323,-9,-4;333,-9,4
rua||antonio dos santos|botafogo|26041471|4,-2270730,-4345592;5,-25,-3;10,28,1;12,1,3;15,-8,-6;25,21,6;30,0,4;35,9,-1;40,2,6;45,27,-4;55,-12,13;65,-4,-18
rua||antonio fortunato dos santos|recreio itapoa|26270210|35,-2277016,-4350539;40,-2,19;45,10,-7;50,-12,27;55,2,-15;60,0,26;65,0,-20;70,-20,126;75,25,-111;80,-28,114;87,30,-95;90,-7,16;91,3,4;92,-23,72;94,22,-57;95,8,-25;96,-6,57;97,2,-34;98,-25,58;100,2,-1;110,17,-18;115,2,-22;120,-5,39;125,8,-25;135,-2,0;145,14,7
rua||antonio joaquim luiz de siqueira|parque estoril|26065070|2,-2265941,-4341663;18,-168,60;54,31,-8;55,62,-19;56,-26,6;57,14,-7;58,-38,4;59,8,10;60,10,-8;65,77,-17;78,0,-15
rua||antonio salema|vila de cava|26052320|52,-2268099,-4344236;53,-4,6;73,2,25;74,-2,10;75,2,0;77,9,15;84,-9,1;94,4,15;129,24,4;139,4,21;144,-18,-17;145,19,12;149,1,10;154,-9,-13;165,10,19;166,-5,-7;168,14,14;175,-5,-1;177,5,1;178,-2,15;179,8,-13;198,4,21;217,14,7;219,1,9;222,-11,-12;224,4,5;226,4,7;230,2,3;233,5,2;234,-3,1;238,7,-1;242,-1,3;243,11,11;244,-5,-13;248,10,20;250,-1,4;252,0,2;254,6,2;267,5,-4;278,8,16;279,-7,-8;281,5,-10;288,1,24;291,5,-8;301,7,16;310,4,12;311,8,-4;327,19,-5;337,-8,23;347,7,1;357,6,17;367,7,10;382,-16,-21;383,21,22;384,-6,-2;386,8,7;388,4,11;441,11,0;445,17,12;465,19,35;475,6,9;476,-8,-6;485,9,10;499,8,11;523,18,19;533,6,11;535,6,7;536,-18,-18;538,6,4;540,18,17;550,8,12;554,1,9;556,8,2;583,-3,-1;593,18,11;607,-3,6;619,16,19;623,-25,-32;625,1,5;635,16,18;652,13,21;654,10,14;657,0,-6;672,9,15;673,3,-5;682,5,16;685,-5,-15;692,7,14;695,1,1;704,4,5;707,5,3;717,5,7;722,8,15;740,21,-28;743,-9,26;763,13,27;783,6,8;803,9,14;818,28,35;820,10,8;829,-19,-30;830,10,22;841,-4,-10;851,14,10;925,40,50;941,11,8;965,27,20;980,15,-20
rua||antonio salema|vila de cava|26053620|924,-2267619,-4343587;927,16,22;950,23,19;955,56,26;956,-33,-19;975,13,5;977,8,12;1009,26,16;1012,11,12
rua||antonio santiago|jardim da viga|26013660|12,-2274152,-4344099;22,-5,12;23,3,3;32,-4,-2;33,0,9;42,-5,5;43,3,4;52,-2,6;53,-3,2;56,-6,10;63,-1,-5;72,-1,6;73,-3,7;83,-6,4;84,3,-9;94,-2,12;95,-3,3;96,-2,2;97,-1,1;243,39,-72
rua||antonio silva|caioaba|26012430|20,-2273768,-4343689;23,6,5;25,-2,0;29,6,8;43,4,13;49,3,13;65,6,10;69,4,7;224,-57,-66
rua||antonio soares|vila guimaraes|26088350|3,-2270203,-4352602;4,-15,145;69,12,-129;71,-3,7;73,-3,-30;74,8,7;75,-2,48;77,-2,12;80,-13,219;90,5,-230;92,6,9;93,3,156;96,-19,-6;100,9,-5;122,-6,-105;124,4,21;135,12,-12;169,-5,37;193,-4,39;195,-1,7;246,-2,43;250,-5,8;259,7,0;280,-4,19;290,19,-254;380,-10,18
rua||antony andrade silveira|parque estoril|26062260|10,-2266045,-4341745;136,-56,107;148,7,-16;168,6,-9;182,10,-18;190,4,-5;200,0,-8;210,7,-6;218,5,-4;226,-1,-5;236,13,-9;246,-2,-13
rua||apolinario silva|california|26220095|6,-2275762,-4343422;8,6,-8;10,-11,22;12,3,-10;28,7,-5;29,-1,-22;30,2,11;31,-10,2;32,14,-11;33,-9,1;35,4,0;47,-8,12;55,-3,9;65,-1,3;67,1,4;83,2,10
rua||argemiro antonio da silva|centro|26250000|10,-2276769,-4344483;20,-10,-19;30,-2,-17;31,-9,-7;54,8,-1;64,-1,-16;73,0,15;74,1,-33;85,-3,5;86,8,-4;88,5,-18;93,-14,14;98,23,-25;99,-17,14;101,8,-14;113,9,-6;118,16,-15;120,7,-14;121,-16,16;122,24,-20;123,-25,24;124,26,-26;126,6,-10;128,1,-13;130,5,-3;141,-29,37
rua||ari de almeida e silva|jardim alvorada|26261010|19,-2275956,-4348023;29,3,-14;37,4,11;47,-8,-27;59,-4,-11;69,3,-6;79,-7,-5;89,-4,-16;111,4,-9;119,-10,-15;129,1,-4;131,-4,-9;141,-1,-8;151,-1,-13;163,-15,-13;175,9,-2
rua||ari soares|cacuia|26082155|1,-2273332,-4350544;3,68,-21;4,-71,30;5,170,-65;6,81,-87;7,-238,133;8,-71,68;11,36,-30;13,236,-154;14,-251,169;15,304,-190;16,-298,181;20,284,-187;21,-112,80;22,-3,10;23,-9,2;26,13,-6;27,-40,21;29,-4,11;30,130,-90;47,32,-19;50,-193,120;55,187,-114;56,-114,78;60,-32,23;63,11,-9;65,722,-562;70,-742,574;72,-6,9;75,146,-98;85,-37,42;100,-48,11;110,-5,1;255,-62,41;280,85,-60;282,-19,14;286,-89,50
rua||ari soares|cacuia|26082165|5,-2273114,-4350666
rua||aridea soares|vila guimaraes|26088355|2,-2270240,-4352416;41,-14,-6
rua||aristotelina mariano de souza|ceramica|26030830|25,-2273189,-4347326;35,-15,21;49,-5,4;56,-12,-3;68,-19,-7;71,15,8;78,3,-1;80,-27,13;81,1,-8;91,-1,4;92,-8,1;94,-1,6;95,5,-10;97,-7,0;100,-2,-18;106,-13,18;119,3,2;123,-3,-1;125,-8,8;135,-14,1;156,-16,6;159,-6,-5;162,-2,-1;184,-13,5;190,-10,1;195,-25,20;198,13,-16;222,-7,1;224,-4,0;228,-187,33;230,180,-36;239,-11,5;241,-21,5;244,18,-8;249,-43,0;254,25,4;274,-23,8;276,-4,-6;280,-13,4;330,-20,4;338,-12,2;346,0,0;348,-2,3;356,-16,3;364,4,-2;366,-7,2;368,-2,-2;378,-3,3;380,-8,2;400,-15,-1;406,-11,7;420,-13,-7;422,-7,-10;432,-3,24;434,-9,-2;442,-2,-10;444,-1,6;446,5,0;452,-8,3;460,-21,1;464,9,-1;480,-31,4;492,-12,4;524,-29,5;540,-7,0;548,-8,3;568,-8,-5;572,-9,4;580,-6,7;590,-10,-1;616,-21,-2;626,-12,4;628,3,0;630,2,-1;644,-23,8;650,-5,-5;658,-4,-1;1241,579,-86
rua||aristotelina mariano de souza|grajau|26030830|417,-2273540,-4347255;419,-9,13;421,2,-4;425,-13,3;427,-2,-1;457,-21,10;463,-16,2;471,21,-17;473,-1,5;475,5,-3;479,-9,1;511,-24,13;517,-10,-11;519,-5,9;521,2,3;523,-12,8;525,-21,-17;535,2,15;541,-7,-2;551,-13,4;575,-14,6;579,2,1;581,-11,1;589,-8,-1;617,-20,-6;619,-13,6;621,-12,3;631,-9,-5
rua||armando eugenio da silva|santa cecilia|26089060|4,-2269720,-4352109;241,-3,-8
rua||augusto alves da silva|posse|26022810|8,-2273342,-4345449;12,3,-15;22,5,-3;32,81,52;46,-71,-66;48,0,5;49,10,-18;50,-5,2;56,-9,9;61,16,-22;62,5,7;64,5,-3;81,2,-17;82,0,11;92,3,-6;106,5,-10;126,15,-13;136,13,-9;146,-18,-3;150,11,-16;152,-8,8;160,8,-14;170,5,-15;171,-5,0;173,5,-17;180,2,4;182,-1,3;192,4,-19;202,0,3;212,3,-9;220,0,-19;228,3,-4;240,-2,-11;250,11,-6;251,-11,16;252,9,-21;260,5,-4;261,-11,0;270,7,-11;271,2,-4;274,-7,-2;280,2,-2;281,5,-16;291,-2,-8;294,11,8;303,-3,-13;304,1,9;305,-1,-19;306,6,4;308,3,-12;313,-6,7;327,9,-16;333,-1,-5;345,-4,-24;358,11,9
rua||ayrton senna|santa rita|26050482|89,-2268583,-4346845;140,-15,19;149,-5,9;151,-39,53;159,30,-45;161,-5,9;162,-24,31;164,7,-27;166,6,2;167,-3,8;168,-9,10;170,-6,18;171,-6,5;173,-7,16;174,-1,-7;175,-13,24;177,41,-66;178,-6,5;179,0,9;181,-6,12;182,-8,3;183,-2,11;184,-8,6;185,-8,4;188,-3,7;192,17,-17;200,-30,29
rua||beijamim santana|vila operaria|26012260|9,-2274348,-4343730;18,-1,22;19,29,10;20,-18,-10;21,15,1;23,5,3;31,-12,-5;54,-22,8;55,46,4;61,1,5;62,-14,4;64,14,-5;71,13,0;81,8,14;91,11,-2;100,15,6;101,-14,-4;111,7,2;121,9,-1;131,8,5
rua||benedito sarmento|ipiranga|26293528|5,-2279509,-4357563;12,72,-24;28,45,-8;33,259,52;37,-132,-28;40,-8,4;43,-70,-10;45,-179,0;47,262,6;55,-258,-6;57,10,1;65,4,0;86,63,-11;130,25,-10;453,125,27;454,-6,-3;455,-7,1;756,182,24
rua||benedito soares|ouro verde|26262090|35,-2275264,-4348792;42,-55,10;45,47,-9;48,-2,-3;55,-6,6;60,-9,0;69,-4,4;70,3,2;80,-14,-6;89,6,2;91,-13,3;92,0,-3;93,-2,1;101,-7,3;109,-4,-4;115,-10,3;116,-5,0;125,-3,3;128,-2,5;135,-3,-6;138,-4,0;145,-9,4;150,-1,1;155,-6,-3;165,0,11;170,-6,-13;175,-15,2;177,-6,4;180,1,-6;185,-5,6;195,-6,-6;200,-13,3;205,3,6;209,-14,3;210,-1,-4;215,1,3;224,-11,-6;235,-2,5;249,-10,2;262,-9,-3;263,-2,7;274,-9,-5;275,8,6;284,-11,-6;285,-5,7;286,-7,-5;295,-6,5;305,-6,1;306,-6,-8;315,-3,8;327,-5,3;328,-7,-4;337,-3,3;344,-5,-3;347,-15,5;354,6,-7;357,-8,7;362,2,-6;367,-9,5;371,-10,-1;372,11,-4;382,-17,4;385,-1,-1;395,-9,5;405,-10,5;406,5,-4;416,-11,-2
rua||benjamin stramburg|vila de cava|26052830|41,-2267565,-4345184;45,-3,20;48,8,-11;50,3,-1;51,4,-11;52,3,9;61,8,-12;62,0,4;71,13,-6;72,-1,6;81,6,-5;82,-2,11;91,17,-4;92,4,3;100,82,-34;102,-82,26;110,76,-18;115,-20,7;130,7,-7;135,-24,9;140,14,-10;145,22,-8;150,-26,9;155,-26,17;157,6,-6;160,1,-3;170,-20,6;180,10,-6;182,16,2;190,-4,153
rua||bento sampaio|corumba|26041560|9,-2269636,-4346751;11,-7,16
rua||bento sampaio|jardim da viga|26012330|15,-2274104,-4343720;25,-13,-8;34,-5,3;38,0,-1;52,5,-17;55,-3,0;60,4,-21;62,4,-7;67,-9,26;68,7,-14;69,-9,-6;73,4,-4;85,-4,-16;94,4,13;104,6,-26;118,24,3;126,-17,-23;128,1,-14;146,-4,2;157,-7,-7;160,12,-12;178,2,-15;179,-10,6;181,0,-5;186,3,-2;196,-3,-15;214,9,-24;579,-22,196;603,-1,7
rua||bernardo de souza|marapicu|26294435|2,-2280545,-4356368;6,-36,3;8,-16,4;17,41,-1;18,-14,7;19,-51,-1;20,17,0;21,6,-6;22,2,11;88,24,-7;108,-50,5;404,63,-35
rua||bruno sender|jardim nova era|26266040|16,-2275757,-4350247;25,12,5;26,-11,4;35,0,13;45,9,2;55,-14,-5;148,-25,110;158,5,5;159,18,-27;168,-24,34;169,5,16;170,-2,-5;172,-3,1;179,3,12;184,-5,1;189,9,2;202,-8,6;209,7,5;212,-11,10;219,3,5;226,-14,3;229,13,4;1090,21,-127
rua||candido da silva|corumba|26043000|11,-2269785,-4347458;25,10,1;35,0,-12;45,13,-20
rua||candido da silva|vila martins|26043000|10,-2269775,-4347447;50,11,-27
rua||candido saudade|vila de cava|26052210|40,-2267718,-4344626;44,-3,-4;66,2,-18;70,-3,-9;76,21,1;86,-24,-10;96,-3,1;106,-2,-16;116,0,-15;126,7,35;136,-3,-48;146,-10,-9;156,-3,-20
rua||candido saudade|vila de cava|26052530|7,-2267729,-4344591;17,-4,-63;27,15,34;35,-4,-3;47,2,-27;49,6,6;51,-10,-4;57,2,-4;67,-9,-8;77,5,-8;101,-9,-12
rua||carina de souza|campo alegre|26292000|6,-2276914,-4354811;23,60,-51;28,-45,37;30,-27,20
rua||carlos alberto dos santos|corumba|26043110|20,-2269995,-4347440;30,-9,-8;35,7,1;40,-12,-28;45,8,24;50,-6,-21;51,2,10;60,-4,-16;61,-4,4;70,2,-15;71,1,10;80,-1,-16;81,-6,9;90,-5,-20;91,0,8;100,0,-16;101,2,13;105,-6,-8;109,-10,-12;110,2,-19;111,-3,12;115,1,-9;120,8,9;125,-10,-16;130,4,2;135,-8,-8;145,-7,-9;150,12,8;155,-16,-20;160,12,13;165,-13,-8;170,8,-3;175,-17,-20;180,18,10;185,-14,-18;190,2,11;195,-5,-24;200,5,18;205,-20,-28;210,15,23;215,-18,-31;220,10,16;230,-5,-7;240,-2,-8;250,-1,-11
rua||carlos alberto g dos santos|tinguazinho|26080000|1,-2272694,-4351006;2,-1,-12;8,-4,19;12,-10,41;13,-3,45;14,-13,0;15,17,-31;16,-10,34;17,-6,-15;19,24,-42;21,-4,35;22,4,-21
rua||carlos de sa|lagoinha|26296516|3,-2280684,-4360517;8,-166,199;14,134,-175;16,-12,20;19,-13,27;22,-16,11;23,-165,222;25,0,6;27,130,-187;500,152,-178
rua||carlos marques de sa|ceramica|26031790|13,-2273113,-4348013;15,-48,62;23,17,-12;25,-13,2;41,-1,-15;50,24,0;51,-17,8;60,21,-21;61,-13,11;70,15,-24;71,-4,6;80,8,-8;81,0,5;90,10,-1;91,-4,-8;100,8,-2;103,10,-9;108,2,-4;111,-9,4;121,3,-6;131,11,-18;161,21,-12;162,9,-14;171,-7,1;181,-1,-12;190,18,-3;195,-3,-3;204,8,-2;205,-6,-1;214,6,-6;215,-3,-1;223,6,-8;224,9,-4;225,6,17;234,8,-22;235,-10,0;238,7,-1;245,1,-6;255,2,-12;256,3,9;265,9,-14;266,-4,5;308,-57,98
rua||carlos satufo|jardim palmares|26271240|15,-2276710,-4351851;25,8,-5;33,-16,9;35,19,-17;45,12,0;50,154,-71;55,-142,62;65,8,-3;67,96,-36;75,-87,40;78,91,-37;80,-17,-1;85,-66,20;100,94,-28;110,10,-18;122,-61,37;124,6,-4;125,3,-5;126,4,3;127,4,-15;130,52,-6;131,-31,-6;139,-41,28;145,-18,4;157,-7,5
rua||carlos satufo|jardim palmares|26277480|18,-2276547,-4351345;20,2,-1;22,4,-16;24,5,-5;26,6,-21;228,-17,36
rua||carlos satulfo|jardim palmares|26277495|8,-2276718,-4351843;18,10,-5;28,18,3;38,1,-7
rua||carlos satulfo|jardim palmares|26290111|52,-2276668,-4351864;58,8,-9;68,7,-5
rua||carlos sotufo|palmares|26277495|25,-2276185,-4350908;33,-1,40;35,-2,-26;45,0,8;65,3,22;75,0,16;79,-3,11;105,4,20;115,-4,17
rua||carmem salgado|riachao|26084350|5,-2273207,-4352865;11,-35,45;17,22,-85;20,-15,45;22,10,-26;25,-12,36;27,-7,19;30,24,-66;31,1,0;40,-7,13;48,-2,-3;51,0,23;58,-2,0;86,-3,28;87,-3,-6;115,-10,32
rua||carolina sender|jardim nova era|26272120|9,-2276544,-4350266;21,-4,18;28,1,3;33,3,1;43,11,9;53,5,8;63,-4,12;73,4,7;83,11,11;84,-9,16;103,7,-3;113,9,16
rua||catarina santana|cabucu|26291245|4,-2277704,-4354028;5,-82,114;29,-44,89;69,20,-43;79,4,-11;90,114,-163;100,-5,4;103,-13,28;106,-25,36;108,-3,-7;110,3,3;112,5,-12;113,10,-9;114,5,-5;115,-6,7;119,-64,90;120,81,-123;123,-13,34;129,-61,85;133,53,-73;139,-47,57;149,10,-8;159,4,-4;169,8,-15;179,12,-14;189,8,-8;223,-51,77;233,-52,102;239,134,-228;243,-182,305;249,187,-315;253,-98,153;259,105,-160;269,7,-14;279,3,-6;283,-141,202;289,153,-210;293,-160,222;299,89,-121;303,-94,132;309,173,-246;319,0,-7
rua||celio joaquim da silva|santa eugenia|26285710|12,-2275157,-4345994;21,1,-8;22,-5,10;28,23,-12;32,-10,-17;37,-8,-3;38,13,-7;42,-8,5;43,-2,-6;57,5,-12;61,2,6;62,2,-6;63,1,-10;65,4,-3;72,18,-30;82,-15,30;84,4,-6;92,3,1;93,-3,-8;99,3,-6;102,-1,0;109,0,-11;112,3,7;114,3,-4;117,1,-8;122,3,5;124,2,-8;127,-13,0;134,16,-13;135,-6,-8;145,1,0;146,1,-2;150,13,-14;154,-1,9;157,-11,14;160,19,-40;163,-11,10;165,0,5
rua||celso soares|riachao|26084145|2,-2273345,-4352486;30,245,3;50,-18,-3;52,-6,-1;55,-28,1;56,7,-6;62,12,9;115,-222,-8;125,165,-7;130,-10,13;140,-4,-1;165,-33,-9;180,17,5;185,-27,-8;193,-5,2;194,14,-8;195,-21,2;205,3,4;212,-4,-7;216,-15,-8;217,-2,19;227,-10,-13;233,9,-5;237,-13,8;247,-12,-5;254,2,-5;257,-13,4;264,-1,-10;267,-7,8;277,-8,-1;298,92,21
rua||celso soares|rodilandia|26084145|120,-2273187,-4352495;125,-2,0;150,-19,-4;160,-8,0;189,-6,-3
rua||cipriano da silveira|santa eugenia|26286070|16,-2275273,-4346756;25,6,-2;26,-5,6;35,7,0;36,6,3;45,5,-2;46,-2,8;55,14,-2;56,-9,4;65,11,4;66,7,1;75,7,-2;76,0,4;85,8,2;86,-3,0;95,13,4;96,0,6;105,3,-3;106,2,7;115,3,-1;116,2,6;125,14,-6;126,-3,6;135,7,1;136,-2,4;145,15,1;146,1,-3;155,9,8;156,-7,3;165,11,-3;166,-1,8;175,10,0;176,-4,2;185,10,2;195,9,6;198,1,3;205,7,1;208,8,5;215,3,2;218,-2,2;225,10,1;228,4,0;235,-3,-1;238,12,-2;245,5,8;248,4,3;255,4,-1;258,-2,7;265,6,-1;268,7,-1;275,4,3;278,-4,0;285,7,0;288,2,11;290,12,0;295,-2,-3;298,3,6;305,2,-7;308,5,9;315,6,3;318,5,5;325,-1,-5;328,11,7;335,2,-3;338,1,7;345,6,0;348,2,4;355,10,-3;358,-2,9;365,6,-7;368,1,9;375,7,1;378,4,4;385,6,-4;395,4,2;400,2,14;405,10,-7;410,1,13;415,8,-5;420,-4,7;425,10,-4;430,6,0;435,5,4;440,-3,4;441,8,-2;445,7,3;450,-5,4;455,6,-2;465,7,2;467,1,1;475,20,-2
rua||clotilde maria de souza|comendador soares|26280372|10,-2274466,-4348080;14,7,3;16,0,0;20,10,5;29,7,1;30,-2,4;39,6,-2;40,-5,6;50,14,6;57,0,-8;59,11,5;60,-3,1;67,9,5;70,-1,8;77,18,5
rua||corina costa soares|california|26220490|10,-2275961,-4343951;12,3,4;18,9,14;27,5,7;32,-9,-7;42,-2,1;52,-10,37;57,17,-1;64,1,4;75,8,6;76,-12,0;85,14,31;86,-19,-9;122,8,3
rua||cruz e sousa|carmari|26022281|15,-2272975,-4345153;17,7,-3;27,6,-5;37,8,0;39,122,61;49,-118,-82;57,4,-9;65,17,-18;71,-7,20;87,11,-25;99,5,-1;109,3,-9;123,10,-1;133,4,-13;145,5,-10;147,8,-8;565,-5,7
rua||cruzeiro do sul|california|26220510|6,-2276116,-4343804;17,7,88;18,-7,-74;32,0,17;33,4,0;34,4,-4;36,-30,11;40,27,2;44,-3,4;123,14,65;133,0,9;136,0,19;143,11,4;146,-5,-2
rua||da saudade|jardim guandu|26298288|1,-2282936,-4360835;3,-23,-206;8,34,612;9,-27,-510;14,14,192;19,-5,-11;20,2,-45;23,-11,-68;24,18,322;25,11,-6;26,-9,-22;30,-37,-893;32,33,189;36,6,593;39,-28,-437;42,3,-65;45,4,41;188,9,320;294,2,-25;296,-1,-2;298,-3,-2;300,0,-10;322,-2,-60;328,-2,-1;510,14,261;525,4,8
rua||da serra|danon|26270140|22,-2276984,-4350552;23,0,-4;27,-5,-2;195,2,7;239,-30,45;241,-16,-38;243,-13,9;245,-8,11
rua||da serra|recreio itapoa|26270140|27,-2276830,-4350570;37,-17,1;47,-5,5;57,-13,-2;81,-23,2;91,-2,7;101,-10,-7;121,-38,10;131,-3,-4;141,-8,3;143,-7,5;196,-30,-12;206,-17,3
rua||daniel de sousa|geneciano|26061540|10,-2269528,-4341804;12,224,321;32,-10,-15;42,-7,-6;62,-11,-12;72,-7,-11;82,-5,0;92,-10,-10;112,-12,-11;122,-11,-9;132,-7,-3;142,-8,-11;152,-7,-13;170,-99,-138;180,-2,-5;200,-7,-14;418,-33,-95
rua||daniel de souza|geneciano|26061540|8,-2269495,-4341707;9,194,238;11,-223,-305;15,10,13;16,-14,-37;19,221,321;27,-6,-6;37,-10,-15;47,-7,-4;57,-24,16;59,11,-14;67,-3,-14;77,-3,-8;87,-7,-2;97,-8,-11;107,-2,-4;117,-9,-6;127,-6,-11;130,-25,-26;153,9,8;155,-21,-19;159,-40,-62;161,-20,-31;203,-28,-50
rua||darci pinto de souza|ceramica|26031160|4,-2273569,-4347458;12,-2,9;19,-24,-56;24,37,50;29,3,-14;34,4,16;36,1,-3;38,12,-4;39,4,-5;44,2,8;58,7,0;62,6,-6;71,8,-6;125,47,-3;128,5,0;130,-5,6;132,19,-10;135,-36,36;140,43,-34;145,-4,0;159,15,-3;172,18,-13;178,-4,8
rua||demitriano francisco de souza|recreio paco da marambaia|26062380|7,-2265280,-4341430;9,-29,-35;10,30,41;11,-4,-7;752,-93,-31;779,1,-19;780,9,7;789,16,8;791,12,9
rua||deusa silva|rosa dos ventos|26276120|24,-2274461,-4350094;26,6,-10;34,10,-10;35,-6,-18;40,5,8;54,3,-10;60,8,-9;61,-7,1;68,10,-5;73,2,-2;75,-2,-8;76,7,0;81,3,-12;94,2,1;105,3,-10;108,-1,3;117,8,-13;122,-17,34;126,23,-40;127,-4,-5;134,-5,17;137,10,-26;139,0,5;149,2,-11;159,1,-5;161,12,-15
rua||dinorah pereira dos santos|moqueta|26285280|20,-2274455,-4345414;27,-7,9;29,1,6;32,-4,1;39,1,3;40,-12,8;47,6,-5;49,3,7;60,-10,10;63,12,-7;66,-20,7;70,3,12;75,5,-3;78,-6,1;80,-11,11;95,12,-1;101,-7,14;102,-9,-4;113,2,15;115,-10,13;116,3,-23;117,-3,23;120,3,-18;128,-8,11;130,5,-7;142,-17,24;144,7,2;146,-9,5;153,13,2;155,-8,7;167,0,-1;183,-7,20;184,-12,-9;194,-6,10;204,-9,12;211,13,3;214,-8,1;220,-13,16;225,10,-8;230,-14,11;235,5,10;240,-6,-7;245,24,-25;255,-37,56
rua||do sape|vila de cava|26051710|14,-2267092,-4344682;25,4,2;32,-1,-7;35,-10,-9;44,6,-4;45,-6,-6;54,1,1;55,-8,-7;64,29,-11;74,-31,-5;84,3,-16;85,-3,5;94,10,-15;95,-12,-8;96,10,2;105,-18,-5;114,6,-3;115,-6,-4;124,-1,-6;134,16,-6;144,-16,-14;154,-4,-8;161,2,-6;164,-5,-3;171,-2,-6;174,1,-5;181,-5,-2;188,5,-11;189,-6,-6;200,13,-8;210,-9,-6;220,-3,-9;224,6,-7;226,10,2;235,-22,0
rua||do serrito|grama|26061110|56,-2269724,-4342216;61,-1,-9;78,-3,-21;91,-7,-12;103,-5,-14;131,-4,-22;141,-3,-12
rua||do serrito|grama|26061341|30,-2269718,-4342208;40,-7,-16;60,2,-10;70,-7,-10;80,-1,-7;110,-14,-44;140,9,-11;150,-13,-14;184,-5,-15
rua||do sol|parada amaral|26040026|1,-2269088,-4347259;2,4,0;3,4,4;4,2,1;5,12,-2;6,-4,-1;7,11,8;9,9,-1;10,-9,10;11,10,-4;12,5,-7;13,4,5
rua||do sonho|cabucu|26291278|1,-2276948,-4353912;2,-170,148;3,-1,-1;4,18,-12;5,-3,46;10,45,-115;11,16,-12;22,43,-81;39,272,-377;133,-362,488;134,19,5
rua||domingos da silva|santa rita|26050085|26,-2269346,-4346836;28,3,-8;42,8,13;52,10,5;62,9,4;69,10,2;72,-4,1;75,13,3;79,4,3;82,-11,-3;92,13,9;97,-37,-22;102,44,16;103,6,11;112,1,5;113,10,-17;122,-2,18;123,12,1;132,-2,4;133,5,-3;142,4,10;143,3,0;152,2,16;153,11,-11;162,8,7;163,-8,-4;170,8,3;173,0,4;182,6,7;183,2,-9;192,6,8;193,3,2;202,3,5;203,15,7;233,28,5;243,-15,2;290,42,24;300,32,-10;301,-11,27;310,-5,-9;311,-2,6;320,13,2;321,4,14;330,3,-10;331,2,2;340,-2,8;341,8,-8;344,3,3;350,4,4;351,5,4;360,-1,2;361,10,-3;371,6,2;381,7,10;400,41,26;410,1,-6;437,12,5;439,-17,1;440,22,11;447,1,-21;450,-2,16;457,3,-2;467,11,4;470,7,24;477,0,-14;487,0,-3;497,10,6;519,11,6;529,-3,1;539,18,10;549,9,6;550,-14,-3;559,21,-1;560,-3,6;569,15,8;573,-4,2;579,16,-17;589,5,24;599,6,7;600,7,8;648,11,19
rua||dona joaquina sampaio|engenho pequeno|26012000|21,-2274376,-4343193;518,-6,-55;528,5,10;540,5,16;544,-3,16;546,4,-15;550,0,10;560,-6,18
rua||edesio soares|monte castelo|26041335|1,-2270322,-4344890;2,3,0;4,6,7;5,21,37;6,-16,-20;7,-4,4;8,2,3;9,8,3;10,-3,17;11,3,-7;12,-2,11;13,11,1;14,5,16;15,-3,-10;16,-2,18;17,49,-36;18,-44,40;19,22,-16;20,-19,15;24,15,-26;465,2,65;485,-14,20;500,-66,-244;514,19,72;524,-21,-22;526,-1,-7;530,-14,-9;532,56,36;534,54,42;536,-35,-20;537,43,43;538,-120,-112
rua||edeval pecanha da silva|botafogo|26050000|5,-2270743,-4345654;25,16,-6;30,15,21;40,4,0;45,18,-4;50,-3,13;55,13,-13;60,36,1;70,-31,23;75,-2,-21;80,16,7;90,0,4;105,30,1
rua||edgard sales|palhada|26290120|20,-2276319,-4352164;23,7,10;30,-13,-8;40,-10,5;47,-15,10;50,6,-11;60,-10,6;70,-7,8;80,-10,0;90,-7,2;99,-6,5;100,-3,-3;678,83,-31
rua||edineia de souza|jardim santa eugenia|26286150|7,-2275075,-4346993;22,12,11;23,-6,-8;32,2,6;33,7,-4;42,8,11;43,10,0;52,-2,9;54,0,3;55,4,-12;62,10,9;65,3,-6;74,-2,6;75,3,-4
rua||edith alves santos|gerard danon|26041045|1,-2270689,-4347025;2,8,-12;3,-4,15;4,0,-9;5,-13,3;7,-17,7;8,11,-7;10,-7,6;11,11,-4;12,-25,11;16,-19,0;17,-18,9;18,12,-5;19,-20,9;23,62,-22;43,-14,6;52,-13,-6;53,1,11;63,-5,3;73,-13,-1;82,-6,2;92,-18,4;112,-10,1;123,-6,6;135,-4,2;143,-11,6;150,13,-4;153,-22,4;160,15,-7;162,-25,9;170,17,0;175,-22,5;180,16,-6;182,-24,3;183,1,8;200,6,-11;201,6,6
rua||edmundo santos|corumba|26042000|20,-2269450,-4347677;30,50,33;40,-55,-18;50,-12,17
rua||edmundo santos|jardim corumba|26041287|37,-2269448,-4347659;57,-10,14
rua||eliane silva|jardim nova era|26272270|51,-2276546,-4350623;57,15,6;67,8,-9;76,23,10;77,-14,-10;86,28,4;87,-28,-2;96,38,-16;97,-22,-6;106,30,22;126,24,3;146,13,3;178,9,-5
rua||eliane silva|palmares|26272270|107,-2276501,-4350660
rua||elizete silva|ceramica|26032440|10,-2272694,-4347686;26,-17,1;31,23,3;33,-18,-4;35,-9,-1;37,-13,-4;38,9,-9;47,-12,1;55,-6,-5;67,4,-19;68,-17,17;77,3,1;87,-18,1;88,9,-4;89,-4,-1;97,-13,1;98,7,-5;107,-14,-1;108,-3,0;117,-6,0;122,-6,3;127,5,5;132,-11,-11;137,-6,3;147,-2,0;148,-6,-7;157,-17,11;158,9,-12;176,-14,-8;186,-12,1;198,-8,-3;208,-12,-4;210,0,-2;218,-14,7;228,-5,-6;273,-31,1;275,0,0;276,3,-8;277,-18,3;278,7,-2;288,-17,-6;293,4,7;327,-66,-8;337,87,6
rua||elmar santos|kennedy|26020660|6,-2273604,-4344171;10,3,2;11,1,51;13,14,12;15,-19,-84;21,6,26;50,5,21;60,-6,-13;65,2,6
rua||elson santos|valverde|26290711|10,-2277337,-4352756;17,-3,10;20,-8,-6;27,-3,-2;37,-11,0;47,-1,17;48,-3,-10;57,-7,13;58,0,-9;67,-11,21
rua||elvira matos silva|austin|26086210|4,-2272929,-4352739;9,-21,4;17,17,1;18,1,-6;19,12,-3;20,18,-9
rua||eneias silvestre|ipiranga|26061627|15,-2280069,-4356044;17,1,10;25,-1,9
rua||eneias silvestre|ipiranga|26080193|20,-2280076,-4356023
rua||eneias silvestre|ipiranga|26294387|1,-2280061,-4356164;2,0,46;3,1,-32
rua||erick soares|paraiso|26297165|5,-2282189,-4360025;10,2,-14;14,4,-99;15,-13,112;17,2,-11;110,17,-147;115,-9,68;125,0,-15;135,0,-9;145,-1,0;155,4,-20;165,0,-7;175,-7,-8;185,0,0;193,9,-28;295,-3,15;488,-8,95
rua||ernani jose da silva|campo alegre|26292354|6,-2276194,-4356295;22,159,-41;92,-121,28;93,7,7;95,13,-9;98,5,14;100,12,-58;120,38,30;130,-3,0;165,30,-21;195,34,-12;200,-1,12
rua||ernani jose da silva|ipiranga|26292354|5,-2279272,-4357617;8,8,-29;9,2,-12;10,2,-6;12,14,-24;13,-11,-4;26,-19,90;46,8,-20;56,1,-7;66,3,-11;76,6,-11;100,2,-17;114,9,-10;115,-7,0;120,14,-26;125,-7,2;127,1,-7
rua||espirito santo|jardim da viga|26013640|25,-2274290,-4344138;26,92,-167;27,-21,11;28,29,5;54,-144,260;55,13,-21;56,-6,2;79,147,-183;105,-71,49;109,-72,129;119,14,-13;129,2,-3;139,1,-9;149,5,-13;159,-2,-10;226,16,-5;228,4,-19;238,2,2;266,9,-29;267,3,-6;275,21,-37;295,8,-8;305,3,-24;307,0,0;309,5,-5;310,-14,45;311,15,-50;313,2,-2;319,20,-41;320,-213,139;324,-370,133;328,555,-199;330,0,0;333,17,-46;340,-13,35;343,14,-42;350,-6,31;353,5,-31;360,-4,26;370,8,-12;625,3,-29
rua||espirito santo|prata|26010610|25,-2275612,-4341876;35,-5,19;40,-5,-12;45,2,22;55,-15,5;60,0,-5;65,-7,8;70,-7,0;78,1,3;83,-9,9;89,1,14;96,2,-11;99,-11,15;107,13,-23;108,-14,30;109,-6,-6;111,-4,10;118,-7,2;119,4,4
rua||euzelino jose da silva|vila guimaraes|26088060|2,-2271683,-4353655;3,12,-1;4,3,9;5,14,0;6,4,8;7,7,5;39,60,45;43,14,-5;92,-68,-32;100,-3,8;111,16,8;121,15,1;127,17,12;140,-36,-13
rua||farias de souza|marapicu|26294444|10,-2280573,-4356554;18,-116,38;60,-21,-28
rua||fausta da silva|palhada|26290150|14,-2276224,-4352756;15,9,5;25,-18,10;26,0,-14;34,-5,10;35,-2,-1;42,-7,3;50,-12,7;51,4,5;52,-6,-4;56,10,-1;78,-28,10;79,9,7;85,-9,1;88,-12,2;91,4,-1;107,-12,9;129,-21,5;131,-2,5;144,-48,38;155,42,-28;157,-10,2;159,2,46;177,-13,-40;185,-9,4;187,-12,5;189,-3,3;191,-7,6
rua||felipe salomao|austin|26087050|370,-2272019,-4351880;390,4,18;396,-19,20;432,-47,-20;440,25,51;460,-33,-13;470,12,27;494,-25,12;510,0,-9
rua||felipe salomao|tinguazinho|26080000|139,-2272218,-4351579;154,0,1;391,191,-266;395,4,-5;399,-12,12;415,-1,2;425,-9,9;426,-15,7;427,-2,-12;459,-6,19;475,-16,10;485,-10,15;499,-3,4;513,-7,25;515,4,-5;528,-44,37;583,17,-8;585,-14,21;595,-7,2;605,-11,4;625,-7,23;639,-16,23;642,122,-156;649,-121,167;679,-17,4;701,-6,27;707,2,4;753,-11,53;785,-1,22;1251,-347,262;1261,4,-2;1265,-27,-1;1269,-5,2;1285,-9,-4;1297,-18,1;1307,-8,-3;1309,-18,0;1311,-17,2;1329,-8,-2;1333,-33,7;1337,-14,13
rua||felipe salomao|tinguazinho|26087050|845,-2272270,-4351440;865,-16,-42;881,-9,-20;883,-8,12;893,-9,-2;895,-13,3;911,-1,8;921,-9,10;933,-25,-23;941,-16,23;943,9,18;959,-2,5;969,-2,-3;978,11,-3;979,-30,8;1151,-86,73;1153,-11,22;1195,-11,18;1199,-6,10;1201,-18,27
rua||felisbela silveira|corumba|26042110|9,-2270693,-4347609;13,120,49;75,-67,-31;95,-8,3;103,29,4;105,9,7;115,3,2;120,1,3;127,5,0;129,14,3;131,7,5;181,17,14
rua||flavia regina de souza|campo alegre|26292393|2,-2276841,-4354972;3,-59,39;4,-44,33;10,65,-43;20,-61,43
rua||flavia regina de souza|campo alegre|26292417|16,-2276648,-4354558
rua||flavia regina lins de souza|campo alegre|26292393|3,-2276076,-4356348;100,-73,-170;111,38,90;113,-35,-70;115,27,46;125,-14,8;170,-27,-102
rua||franca soares|vila operaria|26011503|5,-2274012,-4343032;17,13,-3;18,12,-4;19,12,-6;20,3,-1;27,-6,9;29,1,-1;31,17,-2
rua||francisca da silva|palhada|26290267|33,-2276157,-4352936;43,11,-10;63,10,-9;73,-1,-20;83,11,-3;93,5,-3;103,9,-10;106,1,9;113,1,-14;114,11,-2;141,3,-11;161,10,-13;162,7,13;191,-58,45;193,-8,26;202,88,-117;212,1,-1;224,-2,-28;226,4,-10;630,-9,-6
rua||francisco matos silva|austin|26086200|1,-2272924,-4352754;2,-2,-10;3,-3,-13;4,0,-7;5,5,13;7,66,26;11,-37,-13;13,45,26;14,70,44;15,19,39;17,-7,-8;22,-124,-93;23,18,8;25,-5,-8;27,14,7;28,14,7;29,-2,-8;30,9,8;31,8,1;32,13,-3;33,10,10;34,4,-2;36,-22,-4;40,23,10;46,26,23;48,3,26;53,-123,-88;75,126,105;100,4,16;102,12,2;107,3,2;130,-27,-64
rua||francisco santinone|jardim guandu|26296462|7,-2281358,-4360696;10,143,-103;11,-189,127;12,80,-61;13,28,-10;14,-3,-2;15,-136,97;16,175,-116;18,-11,3;23,-28,12;24,9,-3;25,6,-12;31,52,-40;34,14,-12;35,6,-2;36,10,-8;112,-44,31;142,-25,22
rua||francisco sa|moqueta|26285100|13,-2274678,-4345664;23,5,4;33,-13,10;1392,-7,-29
rua||frederico cesar schwerotner|corumba|26042470|7,-2269871,-4347043;17,11,0;18,-20,-1;27,32,8;28,-11,0;37,16,1;38,-7,3;47,13,5;48,-5,0;57,15,1;58,-6,5;60,14,10;67,-2,-1;70,1,-2;77,10,5;78,-5,0;86,13,1;87,5,2;97,1,-2;98,4,4;107,8,-5;108,-1,9;117,9,-1;118,-6,1;127,15,4;128,-4,1;137,13,12;138,-6,-7;142,8,2;147,3,1;148,5,-2;153,-1,1;157,6,2;158,1,3;167,8,1;168,-2,6;177,10,-2;178,5,-4;187,3,8;188,0,-2;197,9,1;198,-5,11;207,14,0
rua||frederico cesar schwerotner|jardim marilice|26042470|235,-2269674,-4346946;245,6,7;247,4,-10;255,9,7;265,15,-1
rua||freitas soares|austin|26088275|33,-2270949,-4353155;34,13,4;181,93,-103;280,-61,93;330,19,-23
rua||gabriel soares|comendador soares|26261090|10,-2276193,-4348313;20,3,1;25,-15,6;32,-5,-9;35,-8,17;42,-2,-9;52,-8,2;55,-18,-1;60,8,2;65,-17,8;68,9,-5;75,-19,3;80,10,-8;85,-17,8;92,5,-2;94,-4,1;95,-1,5;112,-5,-4;119,2,1;121,-14,6;122,2,-5;128,-49,8;131,40,-7;132,2,-3;141,-12,3;142,-2,7;143,-4,1;152,-3,-6;153,6,8;161,-11,3;162,-5,-10;185,-8,11;192,-15,-2;195,3,-1;202,-15,1;205,10,4;212,-13,-2;215,5,3;225,-7,-6;3079,177,-27
rua||galvano salvatore|k11|26250250|17,-2276925,-4344357;22,-7,-24;35,-14,5;36,2,-5;42,-6,0;43,2,1;48,-21,1;134,-37,-11;145,-18,0;155,-28,1;158,4,3;165,-7,-1;166,-5,7;168,-14,-11;190,-8,3;192,-6,-5;193,1,8;197,-9,0;203,12,-4;211,-37,5;220,24,-14;221,-26,28;224,6,-16;236,-1,6;250,-18,-7;267,-34,19;277,-10,-14;318,-4,3;320,-9,-4;322,-9,-7;326,4,6;328,-2,2
rua||geni saraiva|ceramica|26031481|376,-2273509,-4347527;386,6,-9;390,3,8;396,12,0;410,0,-4;420,12,-7;1485,123,103;1503,-12,-16;1509,-7,-7;1531,0,-11;1533,-12,-14;1555,-25,-10;1585,5,-4;1591,-5,-13;1601,-32,-22;1605,14,-5;1679,-11,-61;1685,-5,-5;1689,-5,-8;1706,6,-12;1709,-13,-4;1726,-3,-12;1739,-2,-24;1750,3,9;1758,-7,-25;1768,3,-4;1790,-13,-21;1792,-4,-17;1819,1,9;1821,-11,-4;1831,-19,-23;1832,7,-11;1841,-17,9;1844,29,-26;1851,-37,18;1854,24,-22;1868,5,40;1870,-16,-43;1909,-60,-2;1924,11,-6;1927,-14,1;1928,-9,-12;1930,-8,-9;1942,23,8;1943,-15,11;1976,-12,-32;1998,-4,-25;2004,-7,-13;2006,2,7;2020,0,-19;2022,-3,-9;2026,1,3;2036,2,-13;2303,-24,-185;2305,5,-32;2307,-14,-12;2311,-26,-19;2313,19,-11;2315,-1,-10;2317,-4,1;2329,-38,3;2331,41,-7;2333,-29,9;2341,14,-30;2355,1,-15;2395,-19,-37;2429,-14,-8;2431,-1,-10;2435,-9,-1;2451,-6,-13;2467,-9,-11;2489,-7,-13;2491,-6,-11;2493,-8,-19;2525,-14,-15
rua||geni saraiva|ceramica|26031482|30,-2273308,-4347456;1406,16,61;1416,-12,-22;1430,-13,-7;1436,-4,-4;1440,-7,26;1444,-2,-58;1448,5,-13;1470,-55,0;1500,2,0;1550,-9,-13;1560,-11,-6;1572,-16,-9;1584,14,-8;1600,-12,-7;2082,-207,-424;2090,-6,15;2092,11,-4;2100,-3,-18;2190,-7,-54;2200,-2,-1;2202,6,-45;2216,8,-15;2230,6,-11;2246,-26,-17;2248,3,8;2260,14,-18;2268,-26,-14;2270,4,9;2272,6,7;2276,-33,-107;2286,-8,-12;2304,33,88;2308,4,0;2326,-17,-52;2334,2,10;2396,-24,-52;2424,-14,-24;2434,-6,-3;2444,1,-6;2462,-12,-14;2464,-9,-6;2474,-9,-13;2484,-2,-5;2494,-5,-9;2508,-6,-6;2510,-6,-10;2661,-31,-127;19476,-1,71;19496,-2,-11;19500,-1,-17
rua||geni saraiva|ceramica|26032662|1000,-2272960,-4347210;1008,-9,7;1010,-9,-7;1012,6,-6;1032,-22,-7;1040,-6,6;1042,-18,0;1052,-8,-9;1072,5,-14;1082,-9,-2;1087,41,23;1092,-50,-30;1102,-7,-8;1105,-17,-2;1110,6,-3;1114,6,1;1122,-14,-11;1123,-5,7;1126,-15,-19;1128,-8,-6;1130,15,8;1145,-18,16;1158,-1,-27;1163,1,7;1168,-15,-11;1171,-1,4;1178,0,-3;1184,-10,-5;1236,-36,-13;1241,1,16;1246,-44,11;1248,3,-31;1250,9,-1;1266,-8,4;1271,14,-9;1272,-18,11;1275,-3,-49;1278,18,22;1280,-11,-3;1285,-41,-17;1297,2,-5;1301,-4,-1;1305,5,-4;1309,4,8;1321,3,-12;1330,12,11;1340,-17,-20;1350,-2,-2;1354,2,37;1358,-19,-35;1362,6,-7;1366,-8,16;1630,-170,-160;1636,-3,-5;1654,-1,-13;1660,-5,-2;1666,-1,-11;1670,-7,-10;1680,-1,-18
rua||geni saraiva|ponto chic|26032661|19,-2273006,-4347051;101,343,633;103,-7,-7;161,-36,-38;171,0,-1;187,0,-26;233,4,-42;243,-14,-6;255,-4,-22;275,2,-11;295,-7,-21;315,-5,-33;357,-7,-32;393,-1,-22;457,1,-73;491,-6,-22;517,-15,-26;535,-6,-12;543,-2,-9;551,-5,0;555,-6,-6;573,-9,-25;585,-8,12;601,-13,-15;603,-38,34;621,32,-63;623,-11,3;625,4,-11;663,-9,-11;671,-2,-3;721,-36,-41;725,-3,-11;739,0,-18;743,-10,-2;753,-2,-5;763,-3,-1;771,-5,-16;821,-21,-49;827,10,-24;835,-71,24;863,53,-38;873,-29,-4;935,1,-58;941,6,13;945,-6,-18;957,-7,-15;967,1,-7;977,-7,-8
rua||geni saraiva|ponto chic|26032662|7,-2272869,-4346974;10,252,664;20,-28,-11;40,-1,-55;168,-40,-96;170,2,-4;174,36,-5;178,-33,-8;180,-19,-1;214,6,-25;222,41,-34;226,-53,1;272,39,-56;362,-56,-65;366,-1,8;392,-7,-25;402,-1,1;412,6,-11;420,-4,-12;438,-1,-19;452,0,-16;466,-1,-10;478,2,-8;484,-2,-21;498,-2,-4;508,-12,-10;522,-6,-11;552,-10,-17;572,-18,-26;586,-7,-4;588,-18,-4;590,-10,-6;640,2,-12;642,-8,-21;644,-4,-3;648,-4,-5;662,-13,-19;728,-23,-18;730,-6,-10;732,9,0;734,-4,-3;736,-2,-3;738,-3,1;740,8,-8;742,-14,-19;754,0,-4;756,-3,-8;812,-16,-24;816,4,-1;820,-10,-13;824,-1,3;882,-19,-75;892,2,-3;908,-10,-15;914,-18,-43;924,15,29;932,-7,-18;978,-15,-33;1523,351,891;1525,-5,4;1557,53,0;1571,19,-2;1581,10,1;1615,0,6
rua||genii saraiva|ceramica|26031481|1375,-2273269,-4347396;1387,-9,-6;1389,8,7;1405,-26,1;1407,15,-5;1409,-1,-6;1413,-14,0;1425,-11,-20;1449,-11,12;1453,-7,-9;1495,-1,-5
rua||george sand|boa esperanca|26070075|19,-2271700,-4342925;20,-86,-241;21,7,204;24,51,25;25,-102,-249;26,144,274;29,-109,-262;30,-58,148;31,-6,-8;34,118,-125;35,-39,24;37,103,-20;38,-224,-1;39,217,-9;50,-89,218;55,7,-12;59,-37,-19;64,24,11;65,55,-193;66,-13,-2;67,1,6;68,-28,200;69,-4,-1;70,-16,-216;71,-7,0;72,0,-11;74,9,231;75,-16,-120;76,-46,-120;78,31,117;79,-60,-119;80,-11,9;81,-5,14;82,-10,33;83,-3,-20;84,49,97;86,-50,-51;87,-8,3;88,10,28;89,-4,-10;90,13,10;91,2,4;93,18,22;96,8,22;97,18,18;98,50,30;101,-38,-8;103,30,17;104,1,-1;110,-8,-8;112,-3,-2;134,-6,-6;139,-77,-164;145,133,200;146,-71,-46;148,-19,-13;158,9,3;194,-22,-33;206,-9,-11;218,-7,-9;242,-12,-23;281,158,146;382,-105,-246;414,18,4;423,59,18
rua||guido santo schiavini|comendador soares|26280140|80,-2273984,-4349500;98,18,27;100,3,2;108,-6,-11;110,16,32;132,20,30;142,7,9;150,-1,2;160,-2,6;170,2,14;180,11,5;190,5,12;200,6,15
rua||guilherme da silva|jardim marilice|26041165|21,-2269512,-4347088;30,5,-28;40,-6,10
rua||gustavo saboia|rio douro|26050215|7,-2266870,-4352516;10,251,68;15,28,-8;36,-719,-270;39,34,30;88,926,37;210,-25,96;283,-24,50;329,197,-355;331,17,-14;351,9,-16;353,18,-18;752,-1032,314;754,-1,3;765,235,-783;811,-184,824;1210,98,29;1653,169,53;1657,4,-37
rua||gustavo saboia|rio douro|26080215|752,-2267189,-4352596
rua||gustavo saboia|rio douro|26092180|5,-2267140,-4352320;32,141,-175;106,363,54;201,273,-145;203,14,20;255,-467,102;280,440,-87;297,-756,218;324,900,-492;800,-886,440;810,192,-90;886,-222,-76;1656,312,86;1930,-79,264;2195,172,-256;2196,8,0
rua||herbert de souza|palhada|26290318|2,-2275625,-4353371;5,60,118;9,-29,-7;10,15,-41;12,-7,-13;23,34,101
rua||herbert de souza|valverde|26290318|11,-2275602,-4353334
rua||herminia soares|parque ulisses|26011060|7,-2275641,-4343044;8,0,2;9,6,-1;18,-3,13;21,2,-6;28,2,10;31,7,-4;38,1,13;41,5,-6;48,-1,12;51,2,-3;58,7,15;61,2,0;68,3,2;71,5,-3;78,0,17;81,0,-11;88,15,17;91,-6,-2;98,3,8;101,4,-5;104,-4,6;107,-2,3;152,35,42;155,3,-15;158,-3,9;161,8,-3;168,0,15;171,5,-2;178,1,9;181,4,0;188,1,12;191,9,-6;198,-3,11;201,5,-4;208,-2,5;211,8,6;218,-4,6;221,6,-10;228,5,22;231,1,-9;238,1,16;241,10,-13;248,-1,11;251,3,-3;258,6,19;261,3,-4;268,-2,13;271,6,-8;281,5,6
rua||hermon shelobark|monte videl|26063063|13,-2262292,-4340982;84,-70,101;85,0,19;86,6,-17;87,4,-13;153,-12,-64;155,9,-8;157,65,-43;159,14,-21;160,-3,0;161,9,-36;200,-33,97;240,41,-85;250,7,-25;252,-51,143;260,60,-156;270,8,-12;272,-1,3
rua||hilda da silva|palhada|26290159|2,-2276245,-4352875;9,-38,98;10,-1,-7;87,12,0;97,-2,8;107,-7,14;110,40,-84;121,3,-17;146,-54,103;168,-6,22;176,-7,11;188,-6,8;200,-3,12
rua||hilda shaiders|marapicu|26295036|9,-2280049,-4358371;10,71,54;20,-7,-4;23,-38,-40
rua||hildebrando da silva|austin|26086170|22,-2272994,-4352526;23,-9,-6;36,-15,-213;54,22,9
rua||hildebrando silva|austin|26086170|1,-2272985,-4352681;2,-8,17;3,-5,10;4,-3,4;5,4,25;6,-1,6;7,-7,-3;8,3,15;9,-1,-40;10,5,57;11,-12,15;12,2,8;13,-2,-1;14,2,16;15,0,17;16,14,9;17,17,2;35,-21,-219;41,2,1;43,10,11;65,0,33;77,0,-24;86,-11,79
rua||interna da rua seis|vila operaria|26012180|3,-2273826,-4342971;23,-66,27;27,-18,8;29,-4,-2;34,-13,4;37,-18,9;41,-7,4;42,-10,1;288,92,-32
rua||interna da rua seis|vila operaria|26015310|288,-2273919,-4342936
rua||irene dos santos|riachao|26279120|20,-2274578,-4351852;21,-11,2;22,0,-14;23,-10,17;25,-32,11;26,50,-18;36,-26,12;44,-63,7;55,50,-6;57,-18,9;58,21,-15;59,-26,9;68,19,-7;78,-10,5;98,-18,3;136,-16,20;138,-8,-4;146,-10,3;148,-9,-1;156,-3,0;185,15,-10;186,10,18;187,-17,-5;188,-8,-7
rua||isidra sampaio|jardim palmares|26271120|19,-2275792,-4350922;20,-9,11;29,8,-29;30,13,29;39,-8,-45;44,-21,82;96,23,-130;98,-1,3;120,3,-20;126,4,-15;166,5,-30;176,2,-3;186,5,-9;196,6,-24;206,-9,-3;1192,-21,158
rua||izidio apolinario da silva|nova america|26021530|1,-2271920,-4343612;3,0,-11;29,4,-2;31,10,-13;41,7,-7;46,-2,9;56,7,-23;57,-2,5;66,13,-4;67,-10,0;78,28,-15;79,-16,0;87,4,-2;88,15,-8;95,-5,-1;105,3,-8;108,6,0;110,0,0;113,-4,-4;118,18,-11;121,-5,1;131,5,-6;132,7,-3;133,69,-51;141,-78,46;146,21,-10;151,-7,6;158,3,-3;161,0,-5;168,23,-19;169,-15,9;177,3,-4;187,7,-8;188,15,-4;195,-4,-6;198,14,2;205,-14,0;208,28,4;215,-14,-11;228,26,3;235,-7,-3;245,7,0;255,5,-1;265,19,4;275,1,-3;285,11,-2;294,13,2;295,-9,-3;296,23,-7;305,-8,7;315,10,-2;325,1,0
rua||jairo sender|nova era|26272310|5,-2275722,-4350564;26,73,42;33,-62,-28;47,12,-15;51,11,13;70,5,21;71,-1,-13;72,11,12;73,-2,-2;99,23,3;108,11,11;112,2,3;113,-6,-16;120,16,14;123,-6,-14;504,22,24
rua||janio da silva|geneciano|26061692|1,-2269039,-4342020;7,-11,-27
rua||jean dos santos rodrigues da silva|andrade araujo|26010560|22,-2275279,-4341780;26,1,-1;36,-19,-5;44,1,-3;47,-4,-2;49,1,1;51,-24,4;56,18,-10;61,-17,5;66,12,1;68,-9,-9;78,-6,2;81,-9,-1;86,2,-7;96,-9,-4;97,-8,7;99,71,20;106,-71,-32;107,-4,13;115,-7,-9;116,4,-10;120,-12,2;128,-4,-5;130,-6,0;168,-20,-14;170,-8,-2;180,1,-6;190,-14,2;198,-6,-1;200,-6,-7;206,-10,-2;211,15,12;215,-22,-15;216,10,1;225,-13,1;233,-5,-5;235,4,5;238,-12,-14;240,0,-1;241,4,-1;242,-2,-1;261,29,18;280,-17,-8;282,-9,-4
rua||joao lucimar da silva|campo alegre|26061627|64,-2276738,-4360206;200,-3,-8
rua||joao manuel dos santos|posse|26022476|15,-2272577,-4345866;22,4,-34;25,-31,59;32,-7,3;35,9,3;52,26,-10;62,-15,33
rua||joaquim domingos da silveira|boa esperanca|26021500|10,-2272882,-4343209;20,-9,-5;30,-11,-15;40,-1,10;41,-8,-8;42,5,6;50,-21,-9;51,8,-7;60,1,-7;61,-5,3;70,-2,-12;71,-13,6;88,4,-9
rua||joaquim sepa|lafaiete|26261100|10,-2276088,-4348012;11,2,3;14,-1,9;21,-3,-9;31,-14,-4;32,6,10;40,-11,7;41,20,-16;50,-26,4;51,-9,3;58,-3,-3;65,-8,2;68,-1,5;75,-2,-2;76,-10,-3;77,0,2;85,-4,-1;86,-4,3;95,-2,4;96,-3,-4;107,1,36;108,-8,-34;110,-35,5;115,27,2;116,-4,1;121,-9,-1;127,8,3;132,-16,4;137,1,-1;163,-33,7;173,2,6;180,-26,-5;183,13,-1;193,-4,6;203,-8,1;215,-5,0;225,-14,1;235,-13,11;243,-2,-3;245,-4,4;253,-6,-3;254,-4,2;255,-16,6;264,14,-3;265,-20,1;266,11,0
rua||joelio santana|palhada|26290030|6,-2276904,-4351847;7,-3,-13;15,-35,-85;16,56,127;18,3,-9;23,-10,4;24,3,0;40,-4,-23;58,-5,-12;68,-8,-10;75,-2,0;90,-2,-5;100,-12,-21;101,-72,-116;102,65,103;115,-5,-8;125,0,-10;160,53,107;170,-64,-133;180,0,-7;181,6,24;185,-11,-25;195,-13,-10;197,-7,-6;200,12,3;207,-11,-17;209,0,-1;210,-4,-1;211,-5,-7;219,-2,2;230,2,14;231,-14,-17;233,-1,-12
rua||jorge alves da silva|moqueta|26285340|25,-2274875,-4345257;35,9,5;36,1,14;41,10,-2;44,2,10;46,4,-1;59,11,2;60,-8,5;63,6,-8;69,2,1;70,-3,7;74,5,4;79,5,0;80,-6,5;81,18,-6;90,-12,7;97,11,-12;99,2,18;139,99,80;155,-67,-55;156,-4,0;165,21,8;166,0,8;175,-11,-15;176,21,25;177,10,-5;182,-6,10;190,73,48;193,-56,-38;199,4,-7;209,1,1;214,1,9;215,8,1;220,-1,-10;225,-9,22;227,16,0;229,3,-6;310,41,42;312,-1,-4;316,14,4;318,-230,-176;320,218,199;321,10,-30;324,5,22;325,12,-5;326,-95,-130;337,105,141;340,-12,-3;345,26,15;349,10,7;360,-10,-18;368,2,19;378,7,9;388,1,5;391,7,-10;392,-1,21;395,2,-22;399,20,-4;401,4,13
rua||jorge cardoso santana|cabucu|26291239|29,-2277854,-4353817;30,80,31;39,9,-7;40,-8,1;48,220,-316;50,-218,311;59,21,-8;70,-6,-9;79,10,-15;80,-5,0;137,152,-202;149,-103,142;159,8,-5;169,1,-4;170,-2,-3;179,19,-20;180,-5,-9;184,49,-79;185,10,10;189,-44,69;190,-5,-8;199,1,-5;200,2,-6;219,22,-4;220,2,-23;221,3,3;229,-4,9;230,-6,-2;244,0,3;245,-3,59;249,23,-80;250,-3,-6;256,-28,36;257,6,4;259,31,-39;260,-7,-9;279,22,-12;280,-8,0;289,12,-8;290,-7,1;299,9,-7;300,-6,-6;310,-38,56;316,-47,73;319,100,-141;320,-3,-5;326,-106,158;329,126,-159;330,-13,-11;335,-117,183;336,-3,-2;339,129,-184;340,-2,-2;345,-131,196;346,-1,-9;349,143,-190;350,-5,-10;355,-143,214;356,-5,1;359,169,-230;365,-170,235;366,-5,2;369,182,-244;372,5,-16;375,-185,265;376,-6,2;379,194,-261;385,-194,273;386,-6,-4;389,204,-277;405,-210,300;409,224,-323;416,-237,334;425,0,1;426,-6,2;452,-16,19;455,-91,-80;485,81,86
rua||jorge cravo da silva|rancho novo|26013180|5,-2274720,-4344060;19,-19,-15;20,21,-10;21,-8,3;23,8,-12;27,10,-4;43,-9,-11;57,7,-21
rua||jorge salomao|ambai|26041120|31,-2271602,-4345218;40,0,-7;41,-13,23;50,0,-17;51,-7,25;61,-3,6;70,-9,-3;80,-8,11;81,-4,11;85,11,-9;90,-16,5;91,4,12;92,-3,-11;100,-8,6;103,-6,23;120,-12,2;130,-11,11;131,11,9;133,-14,15
rua||jorge santana|palhada|26290051|12,-2276832,-4351852;22,-7,-6;27,-5,-5;35,-38,-80;37,44,75;47,-17,-15;52,6,0;53,-68,-134;55,3,-4;57,56,133;61,-47,-139;62,52,124;72,-10,-13;97,-17,-17;112,8,7;122,-2,-12;123,-9,-4;133,-4,-11;142,4,-5;147,-10,-3;152,5,-15;161,-15,-4;162,10,2;171,-11,-10;172,2,-1;173,-3,-13;182,-3,6;191,-7,-13;192,8,9;193,-24,-6;195,-7,3;200,-14,11;202,42,-26;389,74,171
rua||jose antonio de sena|inconfidencia|26085045|7,-2273261,-4353698;76,-17,4;83,-15,17;86,9,-9;93,-16,11;100,9,-9;102,-9,12;114,-5,-2;400,45,-28
rua||jose clesimar de sousa|ouro preto|26275330|1,-2275585,-4349224;2,0,-19;4,0,11;6,-4,-17;8,-1,-9;10,-2,-4;12,-3,-4
rua||jose gomes da silva|cabucu|26291242|8,-2277621,-4354079;20,-198,277;22,188,-272;23,12,11;30,-186,252;35,10,-29;37,172,-220;38,-9,1;40,-174,241;48,162,-232;49,7,-6;50,-164,231;59,15,-4;62,141,-216;80,-133,183;88,131,-180;99,-114,176;110,5,-14;120,5,-6;124,85,-129;130,-81,114;136,74,-102;139,-64,104;140,-9,-8;150,8,-9;170,10,-17;179,19,-15;180,-5,-5;196,6,-5;197,12,3;199,3,-11;200,-7,-4;209,17,-4;210,-10,-1;219,17,-7;220,-13,-5;221,-32,63;230,39,-66;231,-48,74;234,1,-8;239,63,-76;241,-63,90;249,72,-90;259,1,-19;260,-6,-2;261,-79,137;269,90,-138;270,-5,-8;271,-96,148;279,110,-155;281,-112,165;289,110,-168;301,-124,178;306,1,-10;311,-1,27;318,-3,-16;321,-11,24;329,166,-238;339,10,-11;341,-187,260;342,13,-27;349,176,-239;350,-25,-10;351,-172,290;361,2,6;375,-11,9
rua||jose matos silva|austin|26086205|2,-2272837,-4352706;4,-13,12;9,-120,15;14,20,11;15,-27,113;16,12,-52;17,-13,31;19,2,19;20,1,-10;22,1,-35;23,4,-15;24,-2,-17;25,1,-13;26,-5,5;27,8,-21;28,-6,-16;36,128,-26;39,-67,35;41,-19,1;60,0,8;62,90,-40;63,-24,6;64,1,3;66,-11,-7;67,-8,16;68,15,-11;70,-13,5;71,-21,8;72,18,-3;73,-11,2;74,-18,16;78,-12,2;82,-42,58;83,77,-79;84,32,-7
rua||jose roberto vila franca silveira|corumba|26042040|17,-2270591,-4347734;21,12,3;25,-7,11;26,0,-8;27,8,-2;29,7,10;31,-2,-6;36,-4,4;41,13,2;51,8,-2;69,5,8;71,13,6;81,13,0;86,-8,12;95,6,-8;96,5,7;106,2,5;115,10,-8;116,3,4;121,-13,-3
rua||jose santana|palhada|26290219|9,-2276532,-4353194;11,85,-4;14,-10,4;16,-77,5;28,17,-5;36,14,5;38,-28,0;58,49,-2;59,-7,-7;77,66,0;80,-43,8;88,20,-1;96,5,1;104,1,1;118,4,-4;126,28,3;134,23,-3;140,10,-4
rua||jose santana|valverde|26290219|156,-2276392,-4353193;168,50,3
rua||jose soares da silva|chacrinha|26285745|34,-2275419,-4345828;36,5,5;40,12,-11;45,6,-2;58,8,22;59,-1,-21;63,5,6;65,10,-4;66,-5,9;74,6,26;78,2,-26;83,4,-8;92,7,6;93,1,-7;94,8,12;95,-1,-13;195,97,12;209,6,-11;210,-1,13;222,6,-2;223,-3,-35;225,5,23;234,-2,5;235,14,1;245,13,-1;252,8,5;253,0,-5;262,1,6;263,9,5;265,7,-10;270,1,6;272,9,0;274,9,-5;276,10,6;277,-22,-13;279,3,6;281,9,1;283,-2,-1;285,4,-2;287,8,0;289,1,2;331,-158,4
rua||jose venancio de souza|vila nova|26225340|19,-2276092,-4343056;27,1,-19;60,-16,1;61,-19,14;70,-13,-34;80,-8,34;89,-1,1;90,-10,-14;100,4,-21;109,-12,29;119,-10,-3;123,0,15;128,28,-42;129,-36,41;136,40,-55;137,-35,51;146,39,-58;147,-35,52;156,40,-59;157,-30,55;164,29,-60;165,-42,55;168,35,-43;173,-1,38;174,13,-58;181,-22,38;182,39,-54;191,-35,47;192,37,-52;200,-3,-4;201,-36,50;210,50,-53;217,-38,41;227,-5,-19;235,15,2;237,13,-4;243,-7,-20;251,5,-4;261,0,-12;780,7,4
rua||julia dantas silva|comendador soares|26277150|5,-2274869,-4349011;7,7,2;10,-8,-7;15,-2,-1;19,1,-7;20,8,-1;34,3,-11;37,-10,4;39,2,-16;52,10,-3;53,-5,-8;62,5,1;65,4,-19;67,-8,-1;70,11,-1;72,-5,5;77,-3,-10;80,8,3;90,-1,-8;101,-2,-16;102,8,4;103,-7,-11;110,5,3;114,-1,-12;118,4,2;120,7,-5;125,-4,4;128,0,-8;132,-1,2;135,-2,-6;142,0,-2;144,7,-8;147,-7,-3;152,-5,-3;175,9,-12;177,6,-2;179,-3,-13;180,4,2
rua||julio szwarzfitter|jardim nova era|26272320|16,-2275699,-4350252;25,-78,-18;26,14,-3;27,23,-3;38,-37,2;90,55,16;91,-9,-9;100,11,10;105,9,-6;110,-20,2;111,24,2;115,13,-1;126,-6,9;128,15,7;170,14,-8;925,-108,-26
rua||keila de souza|campo alegre|26292000|6,-2276876,-4354731;13,63,-43;14,-1,7;16,22,-27
rua||keila de souza|campo alegre|26292114|1,-2276829,-4354764;11,-8,16
rua||kilvio santos|comendador soares|26276080|907,-2274226,-4349432;1624,-58,-271;1704,16,18;1708,-3,11;1714,11,21;1718,2,11;1728,2,6;1738,10,6;1740,6,30;1800,2,24;1868,10,102;1878,8,27
rua||kilvio santos|riachao|26276080|46,-2274510,-4350912;48,-2,-28;50,32,0;60,-28,23;76,-64,121;80,60,-107;90,-6,-2;100,0,8;101,4,-29;160,-24,77;166,-10,5;186,82,-127;194,-84,129;196,-3,12;198,-3,8;230,-35,39;232,5,11
rua||kilvio santos|rosa dos ventos|26276080|13,-2274522,-4350860;82,-24,48;132,116,845;420,-261,-624;429,39,-71;431,0,2;433,-1,3;435,0,6;437,1,10;439,-8,-4;441,-7,9;442,-14,12;453,16,-12;457,-4,4;476,-22,23;480,-5,9;496,-7,15;504,-4,9;516,-3,13;519,9,-19;525,-15,18;526,-1,9;527,19,-28;529,-16,23;536,-5,11;539,4,0;545,-5,21;546,2,-12;555,7,-9;556,-19,28;569,-7,4;579,4,13;587,-7,10;588,4,-8;597,10,14;600,-12,2;610,1,11;615,15,-1;844,83,136;854,15,-7;874,27,24;900,22,28;909,-21,-33;910,19,49;915,63,-181;918,-56,180;919,13,3;922,-13,-12;923,42,-103;926,-26,123;928,-10,10;931,50,-198;999,-31,226;1020,8,30;1022,-5,11;1050,5,40;1080,7,0;1090,7,16;1097,10,-329;1100,12,333;1101,-27,-213;1103,-15,121;1105,30,-240;1107,2,1;1111,-23,278;1113,-1,18;1115,-1,9;1117,8,17;1119,20,-155;1121,-14,158;1139,39,27;1151,8,13;1174,3,21;1175,14,-1;1180,-66,-66;1184,63,71;1185,8,-3;1194,-9,7;1200,5,3;1205,9,-6;1223,9,30;1230,-10,-13;1234,10,8;1239,13,13;1244,-2,-3;1246,2,9;1250,-1,49;1259,-2,-35;1260,-3,-9;1270,-3,45;1308,13,3;1318,3,14;1325,-5,-8;1326,1,22;1331,3,-12;1333,0,13;1335,12,5;1345,1,9;1347,8,9;1354,-27,-7;1355,24,4;1364,2,9;1374,-6,-3;1375,11,8;1381,3,5;1384,9,11;1388,0,1;1391,-3,-5;1394,-7,9;1399,11,10;1401,-6,1;1404,11,8;1418,0,7;1425,10,16;1431,5,4;1436,-7,-13;1439,19,23;1446,-17,-12;1447,17,14;1448,-28,-42;1456,17,31;1463,31,41;1466,-20,-30;1473,17,27;1476,-10,-21;1486,3,12;1510,0,8;1520,4,5;1534,28,14;1536,-9,-2;1540,-1,40;1557,-2,-36;1559,15,29;1565,4,5;1567,-21,-42;1569,37,86;1579,5,-8;1583,-7,-12;1585,-3,-15;1594,-13,-8;1625,26,50;1655,11,16;1663,7,11;1677,8,13;1715,12,27;1721,3,5;1739,8,16;1755,1,18;1765,6,20;1793,-9,31;1807,5,9;1825,3,19;1837,4,63;10101,-295,-1011
rua||laci de sousa|geneciano|26061550|108,-2269311,-4341438;160,-23,57;162,-9,27;164,-4,9;219,-38,64;220,-5,11;333,-128,81;340,44,-28;351,-77,54
rua||laci de souza|geneciano|26061530|4,-2269324,-4341627;6,-6,28;10,-3,6;92,45,-69
rua||laci de souza|geneciano|26061550|10,-2269284,-4341498
rua||lacy de souza|geneciano|26061550|24,-2269367,-4341292;25,-83,104;31,174,-311;41,0,5;51,8,19;61,-13,6;71,-8,9;91,-9,8;107,-9,25;131,-13,-6;141,19,43;151,-26,-9;161,-9,24;223,-38,95;263,-26,38;320,-188,110;329,12,-4;359,32,-21;452,125,-92;589,-93,63
rua||leonardo sender|jardim nova era|26272330|18,-2276355,-4350568;34,12,5;40,-10,-1;56,16,-4;66,17,0;608,472,-34;704,59,-3
rua||leonardo sender|nova era|26272330|18,-2275964,-4350596;19,-405,22;32,681,-39;33,-666,40;45,10,-5;47,-2,5;57,14,-5;69,14,-9;79,2,9;120,46,3;132,9,0;146,16,8;172,12,-8;196,22,1;206,19,-2;248,33,-8;250,15,2;258,-1,-1;288,54,-9;298,7,7;308,12,17;539,178,-38;549,1,0;565,23,2;569,-11,-3;579,10,-4;585,16,7;595,3,-1;597,15,-5;609,75,-6;617,-67,8;623,28,2;625,1,-10;627,14,3;630,10,1;709,15,0;711,16,-5;725,34,3;730,17,4;747,-13,-12;755,-9,8;765,7,5;775,20,-31;785,6,21;787,4,-1;789,17,1;798,-4,-1;802,-16,3;806,10,3;817,16,-8;827,5,5;828,5,4;833,9,-8;838,4,4;848,20,0;851,-14,-5;855,8,0;858,6,7;868,1,-1;869,-1,-6;877,15,-1;878,-18,5;885,24,-6;897,8,-8;899,22,6
rua||leonardo sender|palmares|26272240|20,-2275968,-4350592;338,-86,-5;399,19,4;401,20,-3;421,10,-4;433,16,1;443,6,1
rua||leonardo sender|palmares|26272330|109,-2276278,-4350580;119,-9,1;131,19,-1;145,14,0;157,6,-2;173,17,4;183,4,-6;195,15,1;207,7,-1;219,13,1;241,11,-1;244,14,-5;245,-18,5;251,22,-5;261,14,-2
rua||leonel dos santos|palmares|26271040|23,-2276477,-4350990;31,-13,15;32,-2,-12;43,-6,12;46,-28,-4;55,17,3;58,-6,-12;70,-3,5;77,2,9;79,-15,1;81,7,-1;82,-7,-1;83,-34,8;92,21,-14;93,3,15;100,-21,-4;103,11,2;108,-18,-3;109,7,13
rua||lima e silva|ambai|26040390|6,-2270590,-4344621;13,-36,10;17,40,-3;20,-3,-3;23,-40,-5;25,30,7;30,11,-3;36,0,7;45,1,-9;60,-2,-5;70,0,4;85,41,9;95,30,8;105,0,4;115,-7,-4
rua||lisete silva|moqueta|26215110|22,-2274977,-4344896;25,-5,-12;28,6,-10;35,-10,1;38,4,-3;45,-5,-12;48,-3,6;60,5,-6;65,-11,-13;66,7,5;70,-3,-8;75,0,-6;80,-5,0;89,2,-8;90,0,-2;96,-3,-4;100,5,1;110,-4,-7
rua||luis dias dos santos|comendador soares|26275160|4,-2274621,-4349363;8,-7,2;12,6,0;18,-2,-9;23,-35,-43;24,33,43;28,2,-3;33,-8,-2;34,6,2;44,-5,-11;45,-11,-6;54,0,-1;55,-3,-5;56,6,1;64,-5,-3;71,-10,-5;74,3,-8;81,-6,3;84,-1,-7;91,-5,-4;94,-1,0
rua||luis silva|comendador soares|26280560|8,-2274028,-4348294;13,12,-179;30,-6,33;40,9,13;50,-6,10;66,-5,5;76,0,5;90,-2,15;100,-3,19;112,3,8;119,7,3;121,-1,4;122,-13,3;130,5,8;152,0,14;175,10,24;176,-8,4;207,-1,21;236,-5,25;247,-5,18;260,-7,15;282,-5,7;288,-16,30;290,-4,-4;304,12,12;313,-4,4;331,-3,22;339,-4,14;355,1,-1;359,-1,3;369,3,11;370,-6,5;374,5,1;379,3,6;384,3,7;389,11,9;398,-23,12;408,17,0;409,2,-10;418,9,20;419,4,-3;421,4,7;430,-3,7;438,10,11;448,1,0;450,18,27;451,-11,-30;453,1,1;454,-3,11;455,7,-2;459,1,8;473,10,5;480,-5,10;495,9,2;499,21,15;517,9,24;518,-12,-9;520,4,-2;534,1,10;545,15,9;546,-9,1;555,12,2;560,-2,16;575,40,42;594,-19,-4;622,5,-2;634,14,21;650,0,13;660,-11,23;664,25,-13;676,-2,17;684,4,6;716,-10,31;738,20,18;750,11,16;759,-41,-111;764,35,116;781,-15,-46
rua||luis soares|comendador soares|26280315|15,-2273794,-4348936;19,-1,5;29,-18,-7;38,5,-8;40,-30,-10;50,22,1;55,-3,13;60,-3,-9;61,-5,7;62,3,-9;70,-15,-7;71,7,10;75,-7,-2;77,0,0;80,-5,-8;89,0,7;94,-9,-15;99,-3,4;101,44,12;108,-49,-19;109,-6,2;119,-5,-7;120,-1,-6;125,-7,5;132,-3,-6;139,-9,1;142,49,17;147,-50,-18;150,-1,-11;157,-12,4;159,0,-1;170,-5,-13;171,-5,4;178,0,-4;181,1,0;192,-19,-7;197,3,-1;207,-10,-11;213,-13,6;217,-3,-7;227,-20,1
rua||luis sobral|california|26220279|210,-2275643,-4343524;212,-3,-6;235,23,-8;245,9,-2;249,3,-8;251,2,1;253,1,-10;259,13,2;267,3,-12;277,8,0;278,-21,28;283,38,-35;285,0,-1;291,0,-1;297,-4,11;307,11,-19;315,7,-1;317,9,0;319,-3,-3;321,2,2;335,8,-4;340,17,-4;347,-4,-6;349,8,-5;360,-23,6;371,35,-4;373,7,-4;380,13,-17;384,-5,-2;389,-5,15;390,15,-19;399,-2,15
rua||luis sobral|rancho novo|26013737|1260,-2274809,-4344008;1268,21,-15;1270,-6,-1;1284,17,-1;1308,15,-1;1310,3,-5;1320,5,-2
rua||luiz silva|comendador soares|26280560|330,-2274066,-4348149;338,1,7;340,9,1;342,-19,-6;344,4,-2;352,1,10;362,0,8
rua||luiz silva|jardim iguacu|26280560|774,-2273895,-4347773;802,7,17;803,6,0;820,-3,19
rua||luiz sobral|california|26216116|440,-2275455,-4343647;450,6,-4;458,5,-6;464,14,-7;474,5,-1;484,11,-7;487,-25,6;490,25,-14;491,-3,-8;492,2,20;494,22,-12;504,-15,-15;511,6,1;517,3,-5;525,11,-6
rua||luiz sobral|california|26220278|39,-2275791,-4343501;40,-4,5;46,13,4;47,-3,-8;55,12,11;57,9,2;58,-8,-6;60,1,-5;62,3,11;69,5,-8;72,3,5;74,-1,-3;79,9,-2;84,2,14;89,5,-12;99,7,3;100,46,39;107,-34,-39;115,9,-2;125,16,1;138,6,19;145,2,-21;163,12,-7;167,9,-4;177,11,3
rua||luiz sobral|centro|26216115|529,-2275199,-4343863;765,-26,7;769,12,0;791,32,-28;801,4,-2
rua||luiz sobral|centro|26216116|1376,-2275157,-4343908;1390,1,-83
rua||luiz sobral|rancho novo|26013736|31,-2274906,-4343980;1107,-24,21;1109,7,-11;1111,3,4;1119,-2,-8;1127,9,0;1257,121,-58;1261,12,6;1307,2,-4;1309,8,8;1311,1,4;1313,11,-11;1323,13,-7;1333,21,-11
rua||luiz sobral|rancho novo|26013737|3,-2275077,-4343949;960,-4,0;966,22,-1;974,7,-3;986,-2,-4;991,13,4;1006,16,-2;1031,15,2;1060,24,5;1110,34,-24;1114,12,7;1120,10,-2;1124,0,-1;1126,4,-6;1130,1,-4;1132,5,-4;1170,33,-16;1172,9,-4;1180,8,-2;1184,0,-3;1188,10,-6;1195,10,14;1207,3,9;1209,1,-14;1211,3,-18;1213,3,12;1223,11,5;1227,6,10;1243,12,-21;1245,5,18;1255,11,12;1349,101,-87
rua||luzia gomes de souza|gerard danon|26042184|8,-2270647,-4346907;9,2,-2;18,-10,3;19,-6,4;28,-6,2;29,-9,3;38,1,-7;39,-5,6;48,-6,-3;49,1,0;58,-6,6;59,-6,4;68,-7,-4;69,-4,6;78,-4,0;79,-4,5;88,-10,-3;89,5,-7;98,-13,12;99,4,4;108,-5,-5;109,-17,6;118,-9,-4;119,12,3;129,-6,5;139,-12,4;149,-14,2;159,1,-1
rua||macario silva|grama|26070407|73,-2270262,-4343030;75,7,2;77,-12,15;81,3,4;85,-3,23;87,0,-18;89,0,9;255,-5,-136;260,11,19;270,-1,0;273,-7,3;275,3,1;285,3,19;295,4,14;305,-4,9;307,1,8
rua||malvina szwarzfitter|jardim nova era|26272350|31,-2275746,-4350337;32,-11,4;41,-4,-12;61,24,1;71,9,-3;72,-5,17;81,11,-10;82,-20,5;91,33,4;92,-5,1;102,16,1;111,5,0;121,3,5;122,0,7
rua||manoel cabral de souza|cacuia|26082190|7,-2273060,-4350735;8,1,-7;11,27,52;13,3,-6;16,3,27;27,-26,-42;36,141,-521;59,-155,499;100,112,-504;105,-121,490;110,111,-506;148,36,83;296,-3,-42;311,-65,-63
rua||manoel cavalcante da silva|palhada|26278000|3,-2275574,-4351635;4,-215,-50;5,153,138;8,-43,-144;10,-15,0;11,-24,4;12,5,-6;14,20,6;38,115,-11;267,19,-3;277,14,-3;280,-29,67;282,15,-39;284,2,-23;286,0,5;287,19,-11;289,5,3;297,23,-1;298,-47,35;300,39,-28;327,18,-7;335,5,-3;347,6,1;348,6,-3;352,-18,6;357,22,-9;358,1,7;367,13,-7;368,-5,10;377,12,-13;378,10,9;387,-2,-9;388,6,11;397,1,-11;398,8,13;407,-1,-16;408,11,9;413,23,-2;417,-20,-4;428,13,6;438,9,0
rua||manoel de jesus silva|campo alegre|26292063|25,-2276461,-4355318
rua||manuel caetano da silva|ouro preto|26275590|12,-2275374,-4349676;13,16,2;14,-23,9;42,7,25;46,0,11;48,0,18;50,5,12;63,-1,-47;125,2,27;135,-1,18;145,1,11;155,-1,8;165,0,4
rua||manuel jesus silva|campo alegre|26292063|32,-2276518,-4355418;34,153,239;35,-156,-240;70,-14,-13
rua||manuel sereno|jardim laranjeiras|26291027|16,-2277063,-4353116;248,14,-46;250,-6,14;252,2,6;254,-1,6;256,0,4;260,-2,2
rua||manuel sereno|valverde|26291027|11,-2277147,-4353100;12,74,-18;14,-8,14;15,9,-2;20,-138,6;21,10,4;22,11,-4;23,3,0;24,16,0;25,14,-2;26,8,-2;28,-19,3;29,52,-6;30,3,-1;32,38,-6;33,-103,8;40,20,6;45,17,-4;60,4,2;70,15,3;75,-4,-6;80,17,6;115,12,-13
rua||marapicu serrinha|marapicu|26294393|2,-2280409,-4356321;7,432,27;41,-456,-69;143,-13,0;220,-737,-418;300,633,492;303,-28,40;305,-10,-39;309,-16,0
rua||marciano santos|jardim nova era|26272370|21,-2276657,-4350332;22,3,-5;29,0,25;52,1,20;60,3,20
rua||marcio santos|jardim guandu|26298147|7,-2282086,-4361948;56,-46,1;72,73,-25;692,-340,204;693,10,-9;694,8,0;695,11,-7;696,5,-6;697,15,-9;698,11,-4;699,11,-7;700,4,-1;701,15,-10;702,3,-2;703,16,-5;704,0,-4;705,12,-9;706,12,-7;707,6,-5;735,131,-78;736,7,44;737,-49,-15;739,-15,7;740,-14,7;746,128,-73;755,-338,189;756,14,-6;757,8,-4;758,8,-6;759,8,-7;760,9,-4;761,11,-8;762,6,-2;763,11,-6;764,13,-6;765,3,-6;766,14,-7;767,15,-8;769,18,-10;791,50,-31;792,17,-15;793,14,-1;794,5,-3;795,3,-10;797,33,-17;798,6,-6;799,17,-8;800,11,-1;801,8,-10;803,29,-17
rua||marecil rodrigues de souza|comendador soares|26281240|8,-2274657,-4347550;18,12,2;27,4,-3;28,5,6;37,1,-11;41,12,-2;47,1,2;48,3,9;50,-2,5;57,0,-5;61,16,-10;65,0,10;67,0,-7;68,0,6;69,8,-6;71,13,-4;78,-18,9;81,21,-12;88,-8,15;98,11,-2;107,5,-10;117,10,-3;118,1,7;127,9,-8;128,-5,10;137,15,-9;138,-6,5;147,0,-21;148,17,17;157,8,-4;167,8,0;168,7,3;177,4,-6;178,-8,8;187,11,-17;188,-1,8;197,9,-9;198,6,16;207,18,-3;228,17,-8;239,-6,10;248,14,-9;249,2,3;258,7,-1;259,4,-2;268,1,-5;269,2,1;278,14,-2;279,-3,3;288,10,-2;299,-5,6;308,10,-10;309,8,-4;318,7,9;319,0,-3;325,1,2;328,4,-5;338,6,-4;339,9,2;348,3,7;358,12,-1;359,-3,-7;368,16,6;369,2,-6;378,7,6;379,-7,-10;381,9,-2;388,-4,7;389,10,-6;394,35,-3;395,-31,-38;396,-4,45;398,16,0;399,14,-10;400,-5,9;408,10,-6;450,39,-6;460,12,3;470,7,-3;480,16,0;490,4,1;500,12,-1;526,0,5;538,15,-25;550,13,-2;560,0,0
rua||maria de jesus pereira da silva|lagoinha|26296246|24,-2280070,-4359780;28,-30,35;31,-86,103;33,2,-4;35,12,-1;41,-8,-9;43,4,4;45,7,-7;51,-4,0;53,5,-5;55,2,-1;56,-24,25;58,0,0;60,10,-1;69,16,-27;71,5,-8;87,55,-71;89,3,-4;90,13,-7;91,-5,-4;96,-52,77;97,1,0;99,2,-3;101,57,-83;107,-59,78;108,126,-154;109,-121,148;110,112,-139;111,-111,135;112,136,-162;114,-132,166;115,124,-165;117,-124,162;118,3,1;119,-2,-5;121,0,-4;122,3,12;124,77,-104;125,85,-126;126,-7,28;127,14,-31;128,-166,223;132,2,0;133,65,-93;135,1,-3;137,1,0;177,-28,37;197,7,-15;214,17,-13;222,20,-22;230,-23,30;391,83,-122;433,29,-35;437,1,1;441,5,-9;445,3,-8
rua||maria de sa|centro|26250130|5,-2276585,-4344397;13,6,-9;19,5,0;33,0,-9;45,3,1;47,11,-15;61,0,-9;69,4,-7;81,9,-3;95,1,-2;105,3,-11;123,11,-22;133,94,28;141,-81,-62;159,3,-1;161,7,-23;171,12,3
rua||maria geralda santos|vila operaria|26012070|8,-2274387,-4343333;16,6,4;27,13,-16;39,9,-6;42,4,8;49,9,-11;52,-10,10;57,19,-12;62,-19,12;67,22,-12;77,8,-7
rua||maria lucia schwerotner|corumba|26042480|8,-2269974,-4346990;10,2,4;20,8,-5;26,12,6;36,8,1;60,49,4;70,-23,-1;71,5,-3;80,-4,-12;81,16,17;90,-12,-6;115,43,-1;120,1,0;125,5,-3;130,3,10;135,7,0;140,2,7;145,6,-3;150,4,3;155,9,-2;160,-13,6;165,14,-3;170,-9,4;175,20,6;184,21,16;185,-14,-9;187,1,0;190,15,-6;195,-9,13;197,7,1;200,0,-1;205,4,-7;210,14,15;215,0,-17;220,-7,7;225,8,6;230,3,4;235,7,9;240,6,-6;245,3,8;250,3,-9;255,8,10;257,-7,1;260,-43,-21;265,57,19;268,-53,-20;270,62,30;275,-8,-22;279,7,25;281,10,1;282,-88,-38;284,84,36;285,-3,-4;290,15,11;294,-3,-4;295,-4,-7;305,8,-5;330,27,21;336,13,6
rua||maria lucia schwerotner|jardim marilice|26042480|335,-2269700,-4346900;345,6,0;355,14,1;365,12,5
rua||maria sa|centro|26250130|189,-2276496,-4344563;192,5,-7;195,-2,-5;199,-6,-25;204,-5,44;239,18,-51;245,5,-20;249,9,1;564,62,-147;566,9,-14;568,-11,25;570,-4,-8;572,6,-2;577,-3,13;578,7,-18;590,-2,-14;610,8,-19;622,3,0;628,7,-11;646,-2,-21;673,-13,19;681,15,2;691,1,-15;695,0,-11
rua||maria silva|california|26220620|78,-2275890,-4343648;96,-1,0;110,2,0;116,-3,3;126,-23,2;176,-40,1;186,-13,12;196,-9,0;206,-2,2;216,-11,-1
rua||maria silva|california|26220650|40,-2275825,-4343640;50,-13,0;60,-5,-3;146,-87,-22;150,0,11
rua||maria silvia|california|26220620|23,-2275814,-4343633;25,-8,-4;33,-7,-5;45,-10,3;55,-11,-4;69,-7,-3;71,-8,-3;73,-2,0;79,-1,10;89,-12,-11;93,-2,4;95,-5,3;103,-9,4;113,-4,-3;123,-11,2
rua||maria teixeira amorim dos santos|cacuia|26082235|47,-2273198,-4351088
rua||maria tereza mendes da silva|campo alegre|26292081|1,-2276621,-4355050;8,5,6;15,-15,-21;33,18,46;70,4,-10
rua||marisa dos santos|jardim guandu|26298153|18,-2282169,-4361836;336,6,29;551,-170,77;552,8,-2;553,18,-8;555,5,-10;570,30,-13;571,19,-12;594,48,-34;681,106,-72;682,-19,12;683,-8,10;685,-23,20;686,-13,4;713,-78,43;714,-11,7;715,-7,2;716,-6,7;717,-11,6;718,-13,7;719,-5,4;720,-13,7;721,-7,5;722,-13,6;723,-9,8;724,-8,4;725,-8,5;726,-6,3;732,242,-158;733,-5,-4
rua||marlene seixas|riachao|26084225|1,-2273650,-4352379;3,-4,-4;4,-9,85;5,-4,10;6,-7,-18;7,0,-7;8,12,-15;9,-7,15;10,-6,-6;11,11,-13;12,-1,-9;13,-2,-12;14,10,-3;15,-3,-11;16,10,0;17,-4,-8;40,-20,74;47,49,-62;57,-41,63
rua||mauricio sander|kennedy|26020350|5,-2273525,-4345103;11,4,-20;20,13,-12;21,-8,1;30,-4,-7;31,4,2;40,1,-15;41,0,-1;50,1,-1;51,10,-12
rua||mauricio stramburg|vila de cava|26053010|1,-2267526,-4345287;2,-61,6;5,97,-23;7,-19,29;10,-72,-11;11,37,-4;12,-5,-3;14,-17,13;15,-4,4;17,-11,3;25,25,-8;26,7,-1;29,25,-4;30,52,-17;33,-19,9;34,7,-11;36,17,4;40,-26,8;74,-33,0;84,-8,5;85,14,0;90,-13,6;95,29,-12;100,-40,10;196,43,-11
rua||maxwell soeiro|carlos sampaio|26089105|5,-2269569,-4351296;14,148,-125;39,-111,94;40,-47,35;120,114,-93;1118,-120,93
rua||melo e souza|santa rita|26050450|10,-2268749,-4347000;19,21,-11;20,-9,10;29,20,-1;30,2,7;39,2,-2;40,-4,5;49,14,0;50,-1,6;59,4,-4;60,-3,4;69,17,7;70,-4,8;79,7,-3;80,-6,4;89,17,-3;90,-13,9;99,17,-4;100,-3,11;109,17,-3;110,-4,12;119,11,-6;120,-11,5
rua||mem da sa|cidade jardim parque estoril|26063200|4,-2264062,-4341319;59,10,1;68,6,2;69,7,-6;102,-51,22
rua||mem de sa|cidade jardim parque estoril|26063200|2,-2264151,-4341279;4,-20,8;14,-34,-2;15,17,-6;16,11,-1;17,12,0;65,-18,18
rua||menote de souza|riachao|26084255|4,-2273697,-4352449;6,7,-36;7,-4,13;15,-23,45;25,-17,21;30,17,-18
rua||miguel sender|jardim nova era|26272090|33,-2276677,-4350262;35,11,-1;70,-14,35;98,55,-29;110,17,-9;125,-10,-2;133,3,0;135,21,0;137,6,-5;144,4,4;154,20,-3
rua||milton silva|comendador soares|26281265|34,-2274150,-4347589;36,-4,15;38,-6,-2;42,-8,16;44,-9,2;46,-12,4;50,6,6;52,-1,8;120,-38,78;180,-1,17;190,-8,6;200,3,23;210,-7,1;220,-14,16;230,3,6
rua||milton silva|jardim iguacu|26281000|45,-2274174,-4347544;51,-8,-4;55,-1,6;57,12,10;65,-17,7;73,3,-1;75,-17,10;85,15,5;95,2,-7;105,-15,22;115,-14,6;117,5,2;119,-1,3;125,-6,9;131,9,6;135,-3,5;189,-7,40;191,7,-10;193,-4,1;195,-2,4;197,-8,2;199,0,10;209,-2,0;215,-6,9;362,-53,119;365,13,-9;370,-21,20;375,14,-15;386,-13,31;395,1,2;415,5,13;425,7,5;445,12,44;455,-2,-10
rua||milton silva|jardim iguacu|26281265|43,-2274263,-4347188;111,17,33;115,-9,-19;262,0,-184;270,-7,7;280,-12,15;287,22,-7;289,6,13;290,-22,1;291,8,-2;293,0,-9;297,-9,19;301,-6,12;440,-5,104;444,6,-12;446,0,-14;448,-8,1;450,20,30
rua||monica dos santos|vila maringa|26088320|1,-2270195,-4352674;2,-9,-47;3,19,34;4,-27,-30;5,39,41;6,-22,-48;7,15,13;8,0,13;9,-19,-5;10,12,-7;13,3,29;14,-8,-2;15,13,12;16,-38,-10;18,-13,-3;40,59,2
rua||monica sender|jardim nova era|26266110|7,-2275788,-4349950;17,1,6;19,0,30;27,0,-16;47,-2,17;57,2,9;74,-8,1;76,5,19;78,-26,14;79,31,-13;81,1,12
rua||neide soares|comendador soares|26261250|57,-2276380,-4348262;62,6,30;67,-5,-52;68,3,40;77,-4,-40;82,4,26;87,-8,-42;90,12,37;92,-3,-1;93,-1,-41;99,-8,-3;106,4,17;110,-2,-3;113,-6,-21;114,2,-1;115,-1,-2;140,5,-71;215,-5,53;240,-11,-46
rua||nelson dos santos|riachao|26279125|15,-2274461,-4351934;16,-35,8;25,24,-3;26,-15,-3;35,6,8;45,-8,4;46,9,-16;47,-67,29;56,55,-23;65,-13,7;66,1,-4;75,-1,8;76,-8,-4;85,-2,0;86,-7,8;95,-8,-3;96,1,-2;106,-14,13;108,3,-10;125,-23,4;130,-3,3;146,-16,-5;155,-9,17;156,8,-9;165,-8,6;166,-1,-1;175,-12,2;177,-4,10;185,-2,2;188,0,-13;195,-15,15;205,-3,-2;215,-10,4;218,2,-10;225,-13,11;236,-11,3;238,5,-5;255,-14,12;256,-3,-6;265,-8,7;266,1,-6;275,-11,16;286,-12,-7;295,-8,9;305,-2,-1;306,0,-6;365,-60,21;366,5,-11;368,-15,6;369,-7,-2;370,10,7;395,-11,2;1258,336,-91
rua||nelson simoes|austin|26087240|3,-2271388,-4352686;4,10,1;5,-7,16;6,12,12;7,6,0;8,12,2;9,8,8;10,21,47;11,-27,-38;13,31,33;14,-1,-1;15,3,14;18,-26,-48;20,12,22;21,-67,-69;24,-8,-3;41,31,5;55,7,17;73,13,16;161,37,62
rua||nilceia soares|comendador soares|26261240|6,-2276221,-4348287;15,4,-11;16,-2,8;26,2,12;29,8,5;30,-9,9;31,15,-3;33,-7,3;35,-2,8;49,-12,5;55,-1,0;70,-13,-4;73,6,6;75,-12,2;80,-2,-7;85,-8,7;90,-1,-2;95,-8,4;100,1,-4;105,-18,9;110,11,-11;120,-14,7;121,-44,10;130,37,-14;131,-2,9;132,2,-8;133,-147,43;140,142,-33;141,-2,-4;142,-7,-4;150,0,5;151,8,-1;153,-170,32;157,151,-29;159,-2,7;161,-8,-7;165,-1,4;166,-2,-3;169,-5,-7;173,2,3;174,-5,8;177,0,-1;185,-6,-5;186,1,5;203,-146,4;205,135,4;206,-12,-2;209,7,0;224,-154,-30;225,1,-10;226,-2,-10;227,129,61;237,2,-9;247,-2,-5;253,-144,-57;268,117,37;269,5,5;278,-14,-12;304,-3,-3
rua||nilson soares da silva|lagoinha|26296243|3,-2280126,-4359635;14,88,-156;16,-31,84;18,-30,37;20,24,-36;22,27,-6;23,-87,79;25,-1,2;26,15,-6;27,-15,5;45,12,-12;50,148,-195;55,-142,186;80,71,-67;100,24,-52;201,-14,14;205,0,2;209,-2,-6;211,2,-4;215,7,1;217,18,-21;219,-16,20;227,20,-29;237,7,-8;321,92,-120;343,-37,43;347,4,-1;351,20,12;357,2,-35;367,4,-12
rua||olivia correia da silva|ipiranga|26293537|4,-2279126,-4357758;5,8,-6;7,2,-13;10,8,-34;19,-15,90;25,-63,136;29,12,-44;32,-7,24;35,-11,32;45,10,-29;47,-1,6;64,8,-13;95,19,-67;100,-15,58;101,7,-39;120,2,5;375,52,-52
rua||oscar soares|california|26220098|2,-2276071,-4344009;801,232,573;813,20,78;823,-60,-16;825,-2,8;833,-7,-3;841,-1,10;845,0,13;849,-9,-4;851,4,10;859,0,-2;901,-23,21;915,-3,26;921,-8,1;931,-10,6;941,11,13;947,-12,-7;951,-4,21;979,-17,23;1037,-16,30;1041,-11,0;1051,9,9;1061,-7,-2;1065,-12,10;1081,-2,9;1091,-12,13;1095,1,-5;1109,-17,-12;1115,-14,38;1121,16,-16;1125,-4,-11;1133,-10,13;1137,-9,2;1141,2,6;1143,-6,6;1145,14,8;1147,-9,-2;1149,-6,18;1219,7,25;1259,-3,73;1313,-2,-2;1355,18,82;1367,-1,0;1371,4,0;1375,-2,1;1397,0,0;1525,109,-51
rua||oscar soares|california|26220099|2,-2276057,-4344011;4,26,-5;7,0,19;9,2,-12;25,13,13;29,-1,-9;36,24,21;39,-13,-17;55,15,18;62,20,18;64,-16,-14;66,15,0;69,-19,-4;72,27,1;76,2,5;79,-23,3;83,2,-4;117,39,15;141,13,11;144,-13,4;151,20,3;154,6,-2;161,10,6;163,19,-25;165,-18,28;170,-10,2;176,14,10;179,7,-2;186,-4,4;189,9,-6;194,-6,11;200,9,9;208,2,-10;209,4,-2;216,4,22;218,8,-9;219,0,-6;220,14,18;232,4,14;235,-2,-22;259,24,2;274,5,27;276,-6,4;279,-2,-10;286,20,7;289,-15,-4;290,13,7;291,-9,4;294,18,-2;298,-2,15;306,0,11;311,-1,0;314,-10,17;319,48,-3;321,-25,24;324,-30,-24;326,31,14;329,-1,9;362,-7,6;364,7,1;369,5,6;378,-9,11;380,-1,-8;394,5,18;402,2,14;406,-1,-1;419,5,-8;428,4,20;443,1,14;445,22,12;448,-14,7;455,-7,10;473,1,18;474,-3,-6;484,3,1;498,-4,21;500,-2,4;512,-1,9;515,-3,54;522,4,-54;554,-8,28;560,2,20;570,-2,1;574,14,14;592,-22,16;609,3,8;619,3,12;620,-13,-9;629,-1,22;639,-3,11;651,-3,8;656,-8,-6;664,-4,17;666,4,9;668,-5,2;676,-4,8;695,2,12;706,-12,4;709,28,3;724,-38,14;740,-1,18;760,-1,-10;764,6,28;784,-10,19;788,3,10;792,-2,-1;796,3,-4;806,-16,9;812,-81,-17;830,75,16;836,-53,3;840,47,34;852,-9,10;868,-7,2;910,0,44;912,-12,6;922,-4,5;936,-13,9;938,-1,3;954,-5,0;964,-13,8;974,-1,17;976,-1,-1;978,-15,1;1000,6,14;1052,-39,67;1054,1,5;1058,-2,-2;1060,-6,5;1064,-4,-3;1066,8,4;1400,-19,5;1410,-10,11
rua||oscar soares|vila nova|26220099|1142,-2276046,-4343126;1148,-6,12;1160,7,5;1166,7,16;1170,-18,-5;1176,2,11;1196,-21,10;1206,31,-51;1208,-6,15;1226,-42,69;1236,19,5;1362,2,45;1382,-14,82;1388,-8,15;1400,18,7;1416,14,15;1466,-22,140
rua||osmar santos|kennedy|26020660|125,-2273579,-4344090
rua||ozibeth belo da silva|jardim palmares|26271250|11,-2276242,-4351187;21,7,0;31,5,-14;41,12,-10;51,-4,-8;61,4,-12;71,5,-5;77,-2,-8;81,9,-1
rua||ozibeth belo da silva|jardim palmares|26271460|10,-2276230,-4351178;30,5,-17;42,5,-12;50,5,-8;60,4,-8;70,4,-8;80,5,-6
rua||pauline sender|jardim nova era|26266140|3,-2276435,-4350065;13,-3,17;14,-16,-8;23,15,8;24,-4,3;33,8,13;34,-11,1;44,-8,10;45,12,-1;63,0,11;73,-1,17;83,0,6;84,-8,-1;93,5,17;101,0,-5;104,-8,3;105,5,2;113,3,18;114,-27,-3;116,15,-6;118,1,1;123,9,12;124,-26,1;133,24,6;147,0,9;157,-1,21;167,-2,10;177,-13,11;178,6,12;179,4,-1;180,-6,9;202,24,-175;253,-7,26
rua||paulo roberto dos santos|jardim nova era|26272030|8,-2276590,-4350348;18,0,12;28,0,24;29,7,-5;38,-4,9;41,9,-3;51,0,8;61,-2,6;134,4,12
rua||pedro de souza|campo alegre|26292378|7,-2276180,-4356698;60,-66,44
rua||pedro dos santos|lagoinha|26296303|8,-2279976,-4360496;10,-206,255;11,75,-93;15,-207,266;19,26,-41;20,-91,133;24,-47,48;119,-29,38;220,366,-464;235,-196,240
rua||pendura saia|ponto chic|26032780|11,-2272610,-4347410;18,10,8;21,-4,-7;30,12,3;39,1,-3;40,6,1;47,5,-4;50,17,5;60,1,-5;73,-3,-4;120,56,-3;130,8,0;133,11,-2
rua||perciliano sampaio|ponto chic|26032790|19,-2272579,-4347271;29,13,-19;30,3,2;31,-6,0;40,6,-13;50,-5,-19;55,-3,14;60,11,-21;79,5,-16;80,-1,-2;81,-7,-1;90,14,-6;95,-11,-6;97,5,-9;100,0,5;110,10,-18;120,-7,-10;130,3,-8
rua||pinheiro stramburg|vila de cava|26052840|12,-2267513,-4345245;13,-17,2;27,59,-1;29,-40,6;31,9,-3;33,14,2;35,5,-5;36,21,-2;37,12,-3;38,6,-7;39,11,5;50,-42,10;70,-2,4;80,-22,-12;95,-29,18;101,-28,-1;105,15,0;110,1,-8;115,-15,10;120,1,-5;125,-3,6;170,-15,-3
rua||pires de souto|vila operaria|26012140|24,-2274334,-4343413;95,32,90;103,-5,-13;113,-5,-11;123,-2,-16;146,-4,-11;156,-4,-15;166,-2,-7;168,-3,-12;171,3,22;172,-1,2
rua||pires do souto|vila operaria|26012140|13,-2274270,-4343247;15,-4,1;17,-4,-24;19,-1,-5;21,-5,-14;28,13,24;55,-13,-23;58,9,13;60,-7,-37;78,-15,-6
rua||pontal do sul|jardim esplanada|26013350|263,-2274370,-4344546;271,-2,6;279,-8,9;292,2,-22;300,2,9;308,-6,10;316,-10,1;324,-7,28;332,2,-7;340,-9,7;348,-7,4;352,0,13;364,3,4;372,-11,9;380,-7,10;388,-6,8;396,-12,8;398,-2,6;447,-18,50;455,-11,-2;456,3,-11;463,-6,30;464,2,-19;471,1,21;472,-8,-16;479,-6,22;480,4,-22;487,-10,31;488,0,-19;495,-5,17;496,6,-6;503,-8,17;504,4,-11;512,-12,2;520,4,15;528,-12,7;536,-6,1;544,0,5;552,-2,7;556,-4,7;560,-11,9;568,6,-14;576,-10,22;584,-2,9;592,-7,9;600,-1,2
rua||porto e silva|ponto chic|26030575|60,-2273141,-4346654;70,-13,-6;80,-4,-6;90,-15,-10;100,-11,5;671,62,31;681,-10,-9
rua||porto seguro|austin|26086120|1,-2272686,-4352228;3,62,-41;4,-5,4;5,-6,5;6,-8,-2;7,-4,8;8,-5,3;10,-10,7;11,-3,2;13,-6,4;14,39,-26;15,-47,33;17,-19,8;18,-11,9;19,-4,2;21,35,-19;22,53,-17;23,1,-8;24,3,-10;25,12,-4;32,-46,21;40,-15,14;100,10,-5;200,23,-11;240,-107,54
rua||primeiro de setembro|corumba|26042130|93,-2270664,-4347471;120,11,-5;125,-10,-1;130,14,-9;135,-7,1;142,10,-16;145,0,-18;146,2,17;147,-4,-4;148,5,-14;155,1,-24;160,7,13;165,10,-23;170,-6,8;175,0,-7;180,3,-6;185,0,-2;190,5,-3;195,-1,0
rua||primeiro de setembro|moqueta|26282230|13,-2274329,-4346305;17,2,-19;19,2,-9;51,4,-22
rua||quarenta e seis|lagoinha|26296132|6,-2279738,-4359252;16,-4,-6;17,-6,0;24,4,-9;25,-6,-1;32,0,-4;33,-6,-2;40,2,-3;41,-9,0;48,2,-11;49,-5,6;56,0,-11;57,-4,0;64,0,-5;65,1,0;72,-4,-2;73,-4,-1;80,0,-12;81,-2,2;88,1,-6;89,-6,-5;97,-5,1;98,9,-1;104,-7,-7;138,-25,-21;146,-10,-2;149,-14,-1;154,9,-4;157,-20,0;162,13,1;165,-19,-3;170,11,-3;173,-16,1;178,14,-1;181,-22,1;186,12,-3;189,-16,1;194,11,-7;197,-19,4;202,10,0;205,-12,-2;210,3,-1;213,-10,-1;218,3,-2;221,10,6;226,-14,-9;229,0,0;234,-8,1;237,-12,1;242,9,-6;245,-9,1;250,1,3;253,-17,-9;258,9,4;261,-12,4;266,0,-8;269,-8,1;274,7,-2;277,-17,3;282,14,-5;285,-19,1;290,9,3;293,-14,-3;298,8,-3;301,-16,1;306,5,-3;309,-12,-2
rua||quarenta e sete|lagoinha|26296099|21,-2279659,-4359096;29,4,-2;37,7,-10;45,3,-4;53,5,-6
rua||republica arabe da siria|centro|26215520|8,-2275318,-4344164;14,17,-2;22,7,-9;31,-15,2;32,14,-16;33,1,-2;42,8,0;51,0,3;53,-1,0;55,-1,-19;67,5,-12;73,4,-3;79,3,-13;81,2,3;87,-2,-2;90,13,3;93,-6,-6;99,12,-20;111,-29,50;129,37,-54;132,-1,-6;135,19,-5;144,-10,-12;146,6,-6;174,-10,13;1129,-67,122
rua||rio grande do sul|juscelino|26250305|413,-2276880,-4343589;415,17,-9;423,-2,0;430,-8,2;431,17,-6;433,-3,1;448,-7,4;453,22,-17;460,-7,6;469,7,-13;479,-3,-9;480,2,17;481,7,-15;484,-7,15;488,0,0;489,16,-13;491,14,-12;500,-19,19;509,16,-19;510,-5,10;515,17,-17;519,2,-5;523,0,0
rua||risoleta soares|comendador soares|26261300|20,-2276528,-4348298;55,104,26;88,-2,24;98,2,-19;320,-20,59;326,-92,-107;417,-97,-185;419,56,85
rua||rita dos santos|comendador soares|26280070|2,-2274396,-4348806;8,25,-5;20,10,8;30,9,3;40,5,4;50,12,7
rua||roberto silveira|ambai|26041490|1,-2270695,-4345190;2,114,-16;3,-109,40;4,-5,4;5,128,-47;7,14,-2;9,-37,-4;11,-33,19;13,5,10;15,-19,-7;17,8,1;19,-5,12;20,71,-34;21,-81,28;22,-60,49;30,24,5;32,-43,0;34,7,-12;35,8,13;40,58,-41;51,-15,24;55,80,-92;60,-10,17;61,-76,75;65,72,-69;69,-3,12;71,-75,69;81,3,1;82,-5,8;91,-5,20;100,67,-93;105,-56,62;110,42,-52;115,-52,67;120,45,-65;130,-9,12;140,0,2;150,-7,8;160,-4,1;170,-4,10;180,-6,5;190,-21,22
rua||roberto simonsen|vila nova|26225750|9,-2276609,-4342586;13,8,6;19,3,-5;22,-10,4;26,16,-2;27,5,-8;29,4,-1;36,-2,0;41,5,-8;44,-6,7;46,8,1;47,8,-6;51,8,4;52,15,-5;54,-11,10;55,-4,-9;60,0,10;61,2,-16;65,12,7;68,-6,-6;80,9,4;90,8,-12;100,11,21;109,-2,-18;113,-2,-5;118,22,-3;125,10,-6;128,-6,8;135,-5,-5;140,8,-1;152,24,-2;159,-10,-8;162,50,-8;163,-45,-7;165,0,20;171,15,-11;172,10,6;173,-3,-10;210,33,1;211,-5,2;212,-1,-5;213,-1,1;222,19,-3;223,-21,-11;232,22,12;233,4,-7;242,3,1;244,7,-7;248,1,4;249,2,-2;252,9,5
rua||rodrigo santos|santa rita|26050818|99,-2268143,-4345861;220,-30,-143
rua||romario silva|kennedy|26020640|5,-2273579,-4344224;20,-18,-3;34,-27,11;35,-4,-5;55,-25,12;75,-31,9;80,-2,1;85,1,1;90,-5,1;105,-22,5
rua||romualdo dos santos|jardim laranjeira|26088270|5,-2277626,-4353126;6,-5,4;15,13,6;16,-11,-1;25,16,8;26,-10,4;35,14,3;36,-3,5;45,7,5;46,-6,-1;55,15,7;56,-6,4;65,12,6;66,-10,4;75,16,1;85,3,2;86,-8,10;95,16,8;96,-9,7
rua||romualdo santos|austin|26088270|1,-2271022,-4353160;3,21,-11;5,10,-11;9,47,-59;11,47,-29;15,-68,65;35,-22,32;50,-13,8;69,109,-184;88,32,14;93,-25,35;200,-62,80;201,30,-26;202,4,-16;206,-12,25;207,-34,22;208,15,-8;210,-32,20;215,13,-8;246,60,-50;250,46,-68;320,-46,57;669,15,-77
rua||rosalina costa da silva|santa rita|26050812|3,-2268384,-4345954;5,6,-115;6,-72,272;12,40,-116;13,-3,3;20,-10,24;36,23,-204;150,-23,200
rua||rute de souza|palhada|26290276|26,-2276144,-4352802;28,71,-43;46,-40,18;48,51,-16;49,5,-7;64,-19,10;66,-59,32;89,88,-42
rua||sabara|jardim guandu|26298249|20,-2282550,-4360855;178,60,0
rua||sabedoria|ipiranga|26293546|5,-2279633,-4357741;20,56,102;22,-1,-4;25,-48,-85;34,50,105;36,0,-11;45,-41,-80;65,12,14;85,12,18
rua||sabias|miguel couto|26061117|6,-2270139,-4342047;10,-34,-22;12,-4,-8;13,-7,-7;15,-4,0;19,40,21;21,12,17;29,-56,-38;30,12,6;32,-22,-16;33,40,30;38,7,4;51,-51,-31;52,3,-15;54,-63,25;55,7,-7;56,9,-1
rua||sabia|jardim palmares|26277440|3,-2276887,-4351436;5,1,-18;6,2,-11;8,-7,-23;9,6,-9;11,0,-21;12,2,-14;13,-2,-3;14,-4,-13;15,-2,-10;22,9,-14;23,1,12;24,-6,14;25,6,10;26,-4,10;27,3,14;28,-2,42;29,3,-22;30,-4,86;32,11,-62;33,-3,12;34,-5,4;35,3,9;36,1,11;38,0,25;63,-9,-203;66,0,0
rua||sabia|santa rita|26051220|45,-2268948,-4346215;46,-5,0;47,-5,-10;49,-3,-4;56,-9,4;57,-8,-16
rua||sacopa|adrianopolis|26053500|23,-2265918,-4346535;27,-5,-8;28,0,5;30,-51,-38;31,-13,-10;124,197,137;126,-51,-32;128,0,-6;130,26,13;131,-9,10;223,-74,-73;226,3,17;232,-29,-14;234,-3,-8;245,168,134;247,-2,7;251,-18,-33;253,-32,-27;255,16,19;257,-14,-9;265,-30,-27;271,-90,-58;274,-11,-10;291,-28,-11;295,-2,-13;299,-13,-4;307,-12,-7;308,2,-7;312,-9,-8;319,-50,-29;329,-17,-5;426,-15,1
rua||sacopa|ambai|26041345|1,-2270340,-4344686;2,19,-38;3,-14,11;4,3,-17;5,-9,10;6,9,-25;7,-9,-1;8,8,-7;10,-1,-15;12,-9,-5;13,-1,2;14,-1,-25;15,-3,12;16,3,-11;17,-9,7;18,19,-25;19,-15,4;20,3,-9;21,-7,8;22,4,-17;23,-11,7;25,-3,-34;26,10,12;27,-6,-6;28,-7,5;30,7,-21;32,4,-10;33,-16,-7;34,1,-7;35,-10,2;36,3,-11;37,1,5;38,-12,-17;39,0,13;40,-8,-20;41,8,2;42,-9,-13;43,4,18;45,-2,-14;46,-12,-20;47,-3,-4;48,-6,-9;49,-3,4;50,0,-13;51,-3,10;52,-3,-21;53,-3,15;54,-3,-20;56,-6,-9;57,-25,6;58,21,-16;59,0,7;60,-2,-14;61,8,-1;62,-15,-6;63,-14,1;64,6,-11;67,-12,-2;68,3,-15;69,-5,7;70,0,-10;71,-4,2;72,-2,-11;73,8,-17;74,-9,10;75,-6,2;76,0,-9;77,-5,-7;79,-12,-6;80,6,0;81,-17,1;83,3,-19;84,1,-11;85,-6,1;86,-15,-26;87,10,23;88,-14,-43;89,7,38;91,-3,-1;93,1,1;95,-12,-22;97,5,-11;98,11,-18;99,-17,7;100,-1,-9;101,-1,0;103,-1,-8;104,16,-14
rua||sacramento|jardim guandu|26298252|1,-2282379,-4360993;3,-25,11;4,-25,-7;5,31,5;6,-38,-5;7,-16,0;11,-27,9;12,-10,-6;13,-12,4;14,9,-2;15,-16,3;16,-2,-2;18,-12,2;20,-11,-3;22,-16,-3;23,-4,7;25,-8,14;26,-28,-13;530,228,-21
rua||safira|conjunto boa esperanca|26297357|115,-2282293,-4359412;121,-8,10;123,-22,51
rua||safira|paraiso|26297357|74,-2282256,-4359450;82,-12,4
rua||saina|jardim cachoeira|26053570|27,-2265665,-4346706;28,0,-1;29,-17,-17;31,-9,1;35,94,69;50,-37,-36;55,30,32;76,-173,-131
rua||sai|vila guimaraes|26088015|1,-2271860,-4353383;2,143,155;4,-85,-130;8,43,51;9,-81,-77;10,65,55;11,7,11;12,9,6;13,-73,-64;14,51,36;15,-12,-16;16,14,3;17,-23,-20;18,-15,2;19,63,80;20,-78,-89;21,-9,-8;22,20,7;23,-42,-16;32,73,42;40,62,99;42,4,12;71,-99,-136;128,57,58;166,-16,-6;325,45,63
rua||saladito|rodilandia|26083265|1,-2273620,-4350791;2,-113,-185;3,58,86;4,29,61;8,-128,-223;9,-7,0;12,22,21;13,7,4;14,104,211;17,-12,-28;19,-71,-124;20,50,94;21,-30,-56;23,17,31;26,-89,-163;30,-11,-28;31,98,176;40,-99,-170;42,7,18;47,4,-10;49,-17,-17;60,77,159;62,-13,-57;64,-8,-13;99,-3,4;100,9,19;103,33,-7;163,-65,-24;205,37,24;230,7,29;375,14,17;376,11,15;381,4,13;383,8,14;384,3,14;385,-28,-63;389,32,67;391,11,11;393,12,1;394,-3,20;396,-3,-10;398,17,15;399,5,16;400,0,8;401,7,15;402,28,34;410,-19,-7
rua||sales|caioaba|26012560|18,-2273728,-4343805;19,14,0;25,-6,9;26,-110,39;35,97,-37;39,15,-15;40,-13,4;45,-8,8;55,-7,5;57,-11,5;60,4,-7;70,-14,0;71,3,8;81,-12,8;87,-3,0;91,-4,1;97,-11,6;100,-14,-10;107,10,11;118,-11,-4;119,1,6;120,-16,-5;121,2,13;131,-12,-3
rua||salidonia|posse|26022550|5,-2272875,-4345829;15,35,75;44,0,4;45,-9,-15;55,-5,-3;61,-5,-15;64,10,0;71,-9,-3;74,5,-2;81,-11,-9;84,6,-6;91,-15,-11;101,-3,-4;110,-2,-13;111,-1,-3;115,-10,-6;118,6,3;120,-4,0;121,8,2;125,-33,-16;420,26,6
rua||salinopolis|geneciano|26061740|141,-2268399,-4341104;184,21,0;193,7,-9;194,3,9;203,2,-9;204,6,9;212,7,-10;213,-3,-2;223,8,-2;232,16,3;233,-1,-11;242,-8,-1;243,11,4;914,21,-1
rua||salitre|nova brasilia|26053027|5,-2267484,-4345636;10,-3,-2;21,3,3
rua||salmao|marapicu|26295078|26,-2280371,-4358572;32,4,-5;46,13,-11;52,-2,-5;66,16,-12;72,9,-3;86,-1,-10;92,5,-10;94,19,11;106,-15,-22;112,5,-7;126,23,2;132,-6,-20;146,8,-2;152,7,3
rua||samantra|adrianopolis|26053004|2,-2267385,-4345262;5,18,-8;10,-13,-7;15,-2,-4;25,11,2;26,-4,-34;31,-4,20;45,11,-13;95,0,22
rua||samaritana|jardim nazare|26265000|4,-2276167,-4349341;5,6,23
rua||samaritano|geneciano|26061470|30,-2269149,-4341839;50,-23,6;70,-12,5;79,-4,6;80,-9,-2;89,-2,8;90,-3,-4;99,4,3;100,-16,0;110,-12,0;120,-4,1;130,-5,6;140,-10,5;294,107,-37;348,-35,16
rua||samuel soares|danon|26265171|8,-2276324,-4348606;12,1,-7;18,-5,-10;22,1,-8;25,-10,5;27,6,3;28,-2,-3;29,0,-4;34,-5,3;38,4,-12;39,-1,-2;42,2,-5
rua||sandra|jardim pitoresco|26265490|14,-2275871,-4349287;15,0,3;16,3,-2;19,1,-15;25,0,-16;26,-3,16;32,2,-14;35,2,-10;41,-5,-11;42,7,12;46,-3,-12;51,-4,-6;57,0,-14;58,2,15;66,-2,-15;67,1,-6;73,-3,-10;76,5,13;80,-1,-19;83,-6,-5;87,0,-9;97,3,-12;99,1,-12;107,5,-9;117,-22,-11;176,22,-20;179,-7,-2;186,4,-5;189,-3,-4;196,1,-4;199,-4,-5;202,5,-8;206,5,-6;209,-9,12;216,3,-13;219,-6,3;229,1,-11;230,5,-4;239,-6,-5;240,7,1;249,-8,-12;250,10,3;259,-11,-2;266,12,-7;268,-2,-13;269,-7,0;278,9,-18;279,-8,11;288,3,-36;289,-3,17;299,1,-8
rua||santana|ipiranga|26052800|65,-2279796,-4357797
rua||santana|ipiranga|26293561|21,-2279819,-4357830;101,42,67
rua||santana|santa rita|26051020|11,-2268648,-4345810;13,3,2;15,7,4;45,34,5;55,-13,-7;73,55,23;79,20,5
rua||santana|vila de cava|26052800|21,-2267475,-4344652;25,3,-1;31,16,3;32,-43,15;41,51,-19;42,-2,4;51,-1,-4;52,6,16;57,0,-27;61,6,5;62,-1,11;71,10,-7;72,5,3;73,3,-8;82,1,3;91,11,-3;92,-3,6;102,14,-5;112,7,3;113,-2,-8;122,24,4;132,-3,-3;142,4,1;145,-17,-9;152,30,3;155,-19,-4;161,23,-1;162,4,1;165,-29,3;175,18,-3;220,69,-7;222,11,-10;224,17,1;226,8,-4;237,-29,-1;247,6,6;257,10,-8;258,-7,14;261,13,-8;277,9,-6;287,6,-3;288,10,25;297,2,-30;310,3,15;320,17,-10;341,50,-17;351,-12,2;352,-7,10;378,29,-6;388,-2,-4;391,10,-8;398,8,16;400,-559,-465;401,353,267;402,-900,-725;403,2,-4;404,9,32;405,-8,2;406,6,11;407,4,-2;408,1108,873;1000,-1265,-1021
rua||santarem|geneciano|26061660|10,-2268928,-4341457;17,199,-91;20,-185,89;21,90,-38;26,-28,17;29,-42,6;30,74,-12;31,-25,-5;34,137,-33;35,121,-47;36,-129,69;40,-181,37;42,334,-111;63,-316,97;70,5,4;73,6,-7;80,3,9;83,7,-11;86,77,-20;90,-73,27;97,3,-7;108,-34,8;120,-31,2;130,274,-85;160,-100,44;180,-11,-6;190,-13,21;200,-12,-8;320,123,-38;330,4,5;333,199,-76;340,-181,68;350,3,-2;404,-29,-2;431,99,-29;440,8,2;441,12,-14;450,2,9;451,-5,-5;461,9,-2;471,23,-4;480,9,0;481,-13,-2;490,3,2;491,30,-9;510,-2,-1;511,-4,0;520,12,2;521,-8,-8;523,14,-3;530,31,-9;533,-23,5;540,1,7
rua||santiago|jardim laranjeira|26290756|2,-2277839,-4352764;19,5,64
rua||santiago|jardim nazare|26265500|20,-2276040,-4349383;30,2,9;50,1,1;70,3,10;90,25,63;100,-12,-28;180,1,1;200,-2,-13;210,-9,-9
rua||santiago|jardim pernambuco|26275420|11,-2275292,-4349762;21,1,-18;22,11,12;31,-13,-27;32,4,4;41,-5,-13;48,10,-5;49,-8,0;63,6,-20;64,14,18;67,-18,-28;69,0,-10;71,0,1;72,6,-26;73,-4,18;74,5,29;75,-4,-29;79,-3,-12;84,5,33;94,3,-11;104,-2,-14;114,-5,-11;124,4,-7;131,-19,-5;133,16,-5;134,6,0;144,-1,-8;154,4,-12;164,-11,-6;210,-24,40;220,25,-102;221,1,-19;230,5,11;231,-10,-44;239,3,21;241,-13,28;246,24,-10;258,-12,-16;270,8,5;275,-11,20;279,-54,-3;281,55,-38;282,15,4;286,-9,-16;291,-2,-5;293,-1,-7;296,11,7;298,-13,71;302,18,-80;311,-15,-16;312,5,6;319,-2,146;321,-12,-164;322,14,7;328,-6,-5;331,4,8;336,3,-10;341,-7,-12;346,-5,4;351,-5,-8;356,14,-9;363,-6,-2;366,11,-10;371,-12,-6;381,3,-7;388,1,7;390,4,-14;392,7,-2;394,-2,-1;396,-1,-2;398,-6,-3;446,7,-40;456,0,-14;459,-10,-7;461,7,20;466,0,-21;467,-11,-2;476,6,-17;477,-4,7;486,4,-16;496,1,-3;497,-6,-5;506,8,-8;507,-7,-1;508,5,-8;519,-3,0;522,9,-3;529,-14,-13;536,7,3;539,-6,-8;546,12,-8;556,-6,-8;559,-4,168;561,-1,-170;566,6,-4;571,-7,-8;576,12,-2;581,-15,-5;586,7,-25;591,-4,12;596,4,-11;601,-3,-1;616,2,-8;621,-3,-8;631,2,-9;636,-1,6;638,11,-6;640,-3,-11;641,-7,2;651,-2,-13;658,17,-18;661,-20,9;667,7,-8;668,20,-12;673,-21,3;678,23,-11;680,-9,1;681,-9,-3;690,12,-4;695,-6,-12;700,11,-5;701,-13,-4;711,7,-4;718,10,-15;721,-9,1;722,25,-82;728,-17,76;730,5,-11;731,-8,12;740,8,-21;741,-7,1;750,15,-15;751,-14,11;760,27,-13;761,-24,3;770,13,-24;771,-10,20;780,10,-22;781,-10,11;791,3,-14;800,19,-31;801,-15,21;810,13,-25;811,-7,2
rua||santiago|jardim pitoresco|26265500|19,-2276037,-4349390;29,3,-2;51,5,42;57,22,1;63,-5,14;65,-3,12;67,-1,-12;123,-18,-41
rua||santiago|posse|26022401|25,-2272862,-4345537;29,19,-6;31,8,-14;33,8,-1;34,10,-7;35,-2,1;36,-12,15;38,0,1;40,-15,9;41,16,59;42,-14,-36;43,8,39;45,-12,-28;46,41,-57;47,-43,41;49,-8,-11;53,2,-6;76,64,-38;77,-24,10;86,34,-18;96,3,-1;106,10,-7;115,2,-11;116,7,8;119,17,-19;120,-9,12;125,5,-7;126,4,0;127,-8,-10;128,15,2;135,-7,0;145,8,-5;155,8,-6;417,-108,119
rua||santoria|adrianopolis|26053006|2,-2267409,-4345302;5,-17,2;9,4,-4;10,5,1;25,16,-26;30,5,2;31,1,-12;35,5,12;45,0,-5;75,-15,14;2305,-15,21
rua||sao salvador|kennedy|26020270|27,-2273647,-4345046;39,12,-8;49,-2,-19;59,4,-6;65,-1,-3;75,9,-14;85,1,-8;95,1,-10;105,11,-8;115,-1,-11;125,4,-5;134,-3,-8;135,7,1;144,4,-9;145,-5,-3;154,5,-5;155,7,-4;163,4,-19;164,-8,15;165,6,-3;174,-4,-11;184,-12,-4;185,12,-12;194,-1,7
rua||sape|figueiras|26052700|33,-2269204,-4344671;37,22,-3;39,15,-5;41,6,-10;47,35,-16;145,-24,8;165,-32,32;181,-15,-3;191,30,-12;192,6,-10
rua||sape|tres coracoes|26033360|39,-2272150,-4346479;44,-10,1;49,10,10;54,-5,9;73,6,15;74,-2,11;75,3,-1;84,3,30;85,2,-14;92,0,25;93,0,56;95,-1,-67;96,2,24;98,2,5;100,1,8;446,-56,-170
rua||sapucaia|vila de cava|26299294|14,-2266762,-4343418;26,2,-17;40,1,-44;98,1,-35;139,0,107;2306,6,-79
rua||sara|tres coracoes|26033570|2,-2272608,-4346201;10,-5,20;20,2,-4;26,-5,0;27,2,6;30,-6,2;37,5,3;39,26,30;41,-36,-25;51,-2,1;61,-8,5;62,-22,-9;71,11,13;80,-11,3;81,0,1;91,1,-16;96,-12,26;101,0,3;106,-36,15;113,22,-14;116,-5,7;123,-3,6;126,-4,-12;136,7,8;146,-19,4;223,12,4
rua||sarraceno|paraiso|26297072|12,-2281701,-4359984;19,2,4;22,5,6;27,-1,-3;32,11,4;37,1,3;40,6,-4;45,-6,10;100,40,40;101,3,-6;108,2,10;111,0,-6;118,6,16;119,3,-4;126,4,2;129,0,-1;136,5,5;139,4,-1;144,-1,11;147,11,0;154,1,7;157,-4,-7;162,8,14;167,-1,-6;172,8,10;177,3,-9;180,5,12;185,-6,0;190,8,13;195,2,-8;200,7,21;205,5,-15
rua||saturno|jardim paraiso|26297228|2,-2282640,-4359919;13,95,2;14,37,10;24,-141,-22;30,53,8;140,42,5;328,-46,0;332,16,5;339,50,-3
rua||saturno|paraiso|26297228|105,-2282261,-4359879;226,-151,-13;330,9,-1;334,44,10;354,-66,-13;359,31,-1;362,11,9;365,33,-13;367,13,11;369,10,1;370,-5,0;372,-8,5;374,-14,-1;375,63,9;376,-4,-5;377,16,5;378,-6,-4;379,13,-2
rua||saudade|jardim esplanada|26013490|6,-2274311,-4344890;10,113,138;14,-98,-130;22,6,4;30,9,3;56,22,13;72,11,14;80,1,-4;99,8,3;101,12,4;136,6,45;144,-1,4;182,12,40;184,3,18;185,-18,-82;186,23,84;195,-22,-71;425,11,11;431,-1,10;621,1,-19
rua||saudade|nova america|26022020|7,-2271930,-4344242;9,-8,0;29,-9,13;39,13,10;49,-15,-1;59,-5,9;69,-4,8;79,-13,6;89,-5,6;99,-2,8;103,-5,8;113,-6,4;133,-9,20;143,-11,8;153,-3,4;155,-2,8;167,-3,1;169,-2,2;181,-3,11;183,-9,1;187,1,2;249,-30,48;259,-4,13;273,-9,18;275,-292,235;277,292,-235;285,-12,13;295,-8,8;305,1,5;311,-8,7;315,-7,6;325,-6,4;335,-20,7;341,0,0;345,-6,2;353,-3,14;355,-5,6;378,-2,-6;380,-3,3;385,1,9;390,-12,-2;395,0,11;400,0,-4;403,-9,13;405,1,-2;410,-2,-4;415,-6,12;420,-3,-5;425,-7,23;430,-3,-7;440,-2,4;445,-5,13;450,-6,-4;465,1,11;468,-10,-2;470,-9,13;475,10,-1;485,-8,10;495,-7,13;498,-10,-11;505,7,14;508,-5,-4;515,-6,14;518,-7,-4;520,-3,8;555,1,9;559,-20,25;575,-4,6;585,-6,6;587,23,-31;636,-77,52;646,-12,33;676,-10,35;794,1,3;796,-13,15;800,-10,7;816,-3,12;838,-8,3;840,-8,16
rua||saudade|nova america|26298288|6,-2271929,-4344247;12,3,9;18,-12,3;22,-4,-3;26,-2,6;32,-4,7;42,7,9;44,-10,1;54,-18,16;56,-2,-30;82,-5,35;84,2,15;94,-12,-7;102,-2,3;112,1,13;116,-7,6;126,-12,6;136,1,13;146,-13,-7;156,-4,11;166,-2,4;178,-8,14;188,-6,6;204,-13,19;220,1,13;238,-4,9;250,5,9;260,-12,4;280,-14,27;290,-5,2;300,-8,15;310,-14,5;320,-8,11;328,38,-53;330,-43,55;340,-9,9;607,-182,221;625,-4,10;635,-8,8;645,-15,9;655,1,11;665,-11,6;675,8,16;685,-16,-3;695,-11,7;705,-14,26;715,-7,-1;822,-16,24
rua||savana|nova brasilia|26053028|12,-2267450,-4345679;1935,3,-5
rua||sebastiana|palhada|26290054|28,-2276520,-4352163;30,1,4;32,-1,-5;34,0,2;36,10,-6;38,9,-5;40,9,-5
rua||sebastiana|palhada|26290057|15,-2276528,-4352161;25,10,-7;35,7,-5;45,1,6;55,11,2
rua||sebastiao schuwartz|miguel couto|26070476|11,-2271026,-4343545;12,-38,9;13,8,5;19,53,91;74,-11,9;76,-46,-96;78,24,64
rua||sebastiao silva|jardim nova era|26265650|41,-2276014,-4349554;43,2,7;45,10,-11;51,3,-6;61,15,3;71,22,-4;81,1,-2;91,15,-15;101,3,6;111,2,-1;121,18,-2;131,8,-5;141,4,-8;151,-8,-7;155,117,6;161,-95,13;165,21,-14;181,1,5;183,18,-6;200,25,7;201,6,-12;210,-10,10;225,74,-14;227,7,-4
rua||sebastiao silva|jardim pitoresco|26265650|3,-2275997,-4349540;52,-5,-10;63,4,-2;70,18,-5;72,-15,4;92,53,-20;142,33,1;250,153,-23
rua||segal|rosa dos ventos|26278680|20,-2275056,-4351593;40,-27,3;50,-1,-1;60,-14,-6;61,0,6;70,6,-9;71,-10,8;80,-10,-13;81,-5,16;90,-3,-16;91,-5,5;100,1,-10;101,-10,11;110,-4,-14;111,0,7;120,-8,-7;121,-3,2;130,-2,-7;131,-4,7;140,-10,-10;141,-5,8;150,-5,-13;151,3,10;160,-11,-8;161,1,6;170,-15,-12;171,5,10
rua||seis|austin|26080250|18,-2272452,-4350666;20,-26,10;35,138,-73;40,-59,40;42,-9,4;45,-3,10;46,88,-54;47,-99,54;48,-10,4;49,-9,31;221,-18,-19;222,151,-80
rua||seis|austin|26084380|1,-2272446,-4350672;2,122,-63;3,-5,-3;4,-13,12;7,-33,20;8,-11,3;9,69,-37;14,-109,48;15,-75,36;54,76,-22;68,19,-7;72,10,-13;113,-45,21;114,-39,-3;115,-7,32;116,5,-6;117,-4,6;119,7,-32;122,16,18
rua||seis|corumba|26043160|15,-2270063,-4347673;60,-42,-45;70,7,6;80,8,12;146,31,29;155,-87,-73;265,102,88;275,-3,-5
rua||seis|ipiranga|26293501|5,-2279620,-4357550;13,-1,165;19,5,-158;21,0,5;23,-7,201;32,0,-178;36,3,4;40,-2,43;43,-8,123;46,7,-135;48,6,20;52,-5,-25;85,-6,118;104,4,-74;114,0,3;124,-1,18;134,1,5;144,-6,9
rua||seis|lagoinha|26296000|1,-2280160,-4359068;5,-183,-672;13,24,-25;15,9,-7;19,6,-20;21,9,-9;27,44,-55;29,4,-11;33,8,-4;37,13,-24;41,16,-19;43,3,-3;45,19,-20;47,-6,9;49,8,-16;51,8,-8;53,8,-6;67,18,-25;71,37,-48;73,1,-3;75,6,-9;79,-9,15;83,24,-35;85,11,-9;331,-44,1014
rua||seis|lagoinha|26296267|30,-2280227,-4359877;36,-24,32;38,16,-22;48,19,-26;50,5,-8;52,10,-9;56,13,-17;58,1,-4;60,19,-8;62,-4,-7
rua||seis|lagoinha|26296270|2,-2279881,-4358890;6,-456,-844;9,432,836;10,-203,-426;16,-196,-449;18,204,432;22,-189,-459;23,381,900;26,6,-1;30,-370,-915;31,141,500;34,223,410;39,-14,-2;42,4,-1;47,-10,-5;50,9,-2;55,-9,0;58,6,-2;63,-21,-3;66,9,-1;70,-208,-1070;71,194,1061;72,-182,-1067;74,182,1069;78,-168,-1092;84,13,-23;88,15,-17;95,29,-41;98,15,-10;99,2,-11;101,2,-1;103,3,-8;104,10,-7;105,-2,-7;106,0,20;110,20,-36;120,53,-64;122,-43,52;124,-6,6;128,-49,63;152,184,-231;159,-42,48;160,-64,83;165,80,-110;167,6,-3;171,6,-18;175,-117,157;190,236,-288;210,-120,151;215,37,-55;220,-32,47;221,51,-71;223,-1,-7;226,-222,1389;231,273,-1449;233,2,-2;234,-279,1443;235,289,-1459;238,2,0;242,-299,1455;250,-2,-1;255,273,-1416;258,-281,1411;260,228,-1336;266,-232,1328;274,-5,2;282,-4,-7;285,182,-1254;290,-188,1250;298,-6,-4;306,-11,-5;314,0,-2;322,-10,3;350,-22,-25;358,-5,-8;368,-1,1;374,-9,-10;382,-6,-3;390,-11,-1;398,-3,-9;406,-15,-9;414,2,4
rua||seis|marapicu|26295111|18,-2280719,-4358629;22,-10,-10;23,3,-2;24,8,-2;25,1,-7;26,-2,5;27,4,-4;28,0,-3;29,3,-7;30,5,5;31,-3,-2;32,1,-3;33,3,0;34,-5,4;35,11,-3;36,1,-13;37,-2,5;40,0,-1;42,11,-12;43,-4,3;44,13,-8;45,-7,0;47,2,1;49,0,-9;51,0,-3;52,2,0;53,8,-5;58,4,-4;59,3,-6;60,3,1;61,-3,-2;62,3,-2;63,0,-8;64,2,3;65,5,-2;66,3,-8;67,0,2;68,4,6;69,-2,-17;70,5,10;72,2,-3;74,3,-4;76,3,-2;78,4,-1;79,-12,-8;80,12,-1;81,-2,-2;82,7,-2;83,-5,-5;84,9,3;85,-4,-4;86,4,-1;87,-2,-1;88,11,-7;89,-11,2;90,8,0;91,-4,-9;92,-2,8;93,5,-7;94,7,3;95,-4,-9;96,7,5;97,-6,-6;98,11,10;99,-4,-14;100,10,-2;101,-4,-4;102,3,2;103,-4,-5;104,2,4;105,-2,-6;106,8,0;107,-5,-9;108,6,9;109,-3,-8;110,9,5;111,-7,-12;112,12,5;113,-10,-2;114,10,-7;115,-10,-4;116,13,9;117,-7,-14;120,16,13;140,9,-20;142,6,-8;144,1,-2;146,4,-15;147,-11,12;148,16,-11;149,-10,5;150,12,-8;151,-11,5;152,14,-8;153,-7,2;154,10,-4;155,-14,3;156,13,-6;157,-6,1;158,8,-2;159,-4,-4;160,8,-1;161,-7,5;162,10,-8;163,-6,1;164,10,-7;165,-6,3;166,6,-5;167,-6,4;168,15,-11;169,-11,1;170,11,-3;171,-8,2;172,8,-9;173,-6,2;174,12,-6;175,-10,6;176,11,-9;177,-7,4;178,13,-9;179,-10,2;180,11,-5;181,-9,4;182,15,-5;183,-12,4;184,12,-10;185,-8,0;186,11,1;187,-7,0;188,9,-5;189,-8,1;190,12,-10;191,-6,1;192,10,-2;193,-11,2;194,14,-2;195,-31,-18;196,34,10;197,-14,8;198,18,-9;199,-13,2;200,19,-5;201,-18,-3;202,20,-1;203,-10,4;204,10,-9;205,-10,2;206,12,-8;207,-10,6;208,25,4;209,-23,-10;210,19,-4;211,-11,-1;212,8,-5;213,-8,4;214,14,-11;215,-10,6;217,-4,-5;218,23,-8;220,8,-5;221,-19,1;222,15,-5;223,-4,-1;224,5,-7;225,-1,6;226,7,-5;227,-6,1;228,7,-7;229,-6,3;230,13,-5;231,-11,1;233,8,-1;234,6,-13;235,-9,3;236,11,-1;238,4,-4;240,1,-1;250,0,-7
rua||seis|palhada|26290354|288,-2275290,-4353229;289,6,4;290,-21,25;291,21,-10;292,-7,36;293,-4,-27;295,5,36;297,4,-4;299,1,36;301,-4,-9;303,-3,9;305,-1,14;307,-6,27;309,-2,8;311,3,0;313,21,12;315,-5,-2;317,14,2;319,7,1;321,9,8;323,15,-6;325,9,-2;327,10,-1;387,-77,-93;493,107,104;495,5,3;496,16,7;497,19,1;595,26,7;598,-18,2;928,-122,-26;932,-13,-2;934,30,4;936,26,3;940,-79,-1;942,160,22;944,7,5;946,4,2;948,7,-57;950,8,60;957,-80,-21;995,7,2
rua||seis|rosa dos ventos|26276307|15,-2274362,-4350381;17,55,-12;20,-28,9;23,-40,12;35,6,-6;40,21,0;45,-33,14;50,11,-9;55,-14,8;56,16,31;57,1,-8;58,7,6;60,-10,-35;65,-24,11;70,22,-9;75,-15,41;80,-1,-37;90,-6,8;100,1,-1;110,-5,-4;120,-14,12;130,6,-11;140,1,8;150,13,-3;160,-2,9;170,-5,6;171,55,35
rua||seis|santa rita|26053201|61,-2268122,-4346380;64,16,-25;67,-11,1;100,23,-20;112,3,-8;124,9,-13;136,-1,-8;148,10,-17;157,-25,31;160,26,-28;172,15,-14;177,-27,20;190,25,-32;193,-6,-2;200,12,-9;201,-5,-6;210,15,-3;220,0,-18;230,4,-3;273,15,-38;283,9,-10;285,-1,-15
rua||seis|vila de cava|26053201|274,-2268012,-4346574;284,2,-7
rua||seis|vila operaria|26012180|39,-2273805,-4342899;44,26,32;45,0,24;288,-27,-106;358,20,62;388,-18,-49;404,8,61;406,8,-3;412,7,43;4004,-40,-48
rua||seis|vila operaria|26015310|2,-2273895,-4343221;4,-6,-9;5,10,6;7,3,30;8,1,-4;10,-21,-44;15,28,61;17,3,25;30,-26,-70;33,134,345;37,-7,16;40,-122,-349;50,2,3;60,9,17;70,-3,4;86,5,14;90,3,9;96,2,5;100,6,16;110,2,8;120,7,11;130,-6,-1;140,7,17;142,6,12;159,-2,-33;161,3,6;163,-5,10;165,5,3;167,0,17;169,12,5;170,-4,14;171,-2,-14;180,3,26;186,4,6;190,4,19;197,-3,-36;199,0,0;259,19,60;266,-7,-13;279,11,29;289,4,5;299,2,12;309,2,7;317,9,24;319,-8,-20;321,5,15;323,-2,-9;325,9,24;327,3,12;329,3,9;331,0,7;375,9,11;385,-3,9
rua||selma santos|corumba|26043120|3,-2270029,-4347412;4,5,-5;7,-8,-1;10,-12,-31;15,5,24;20,7,-12;25,-9,0;35,-13,-13;45,3,-3;50,6,-3;55,-8,-5;60,2,-5;65,-5,-13;70,3,3;75,-7,-11;85,-4,3;90,6,4;95,-4,-8;100,0,-2;101,-81,-126;105,67,114;110,14,-5;115,-10,4;116,6,-9;118,-6,-7;120,-4,-10;125,-2,8;130,-2,-22;135,-4,12;140,0,-19;145,-4,9;150,3,-18;155,-4,5;160,-1,-13;165,-7,-11;170,4,4;175,-2,-14;180,-4,7;185,-11,-7;190,11,-3;195,-18,-2;205,-13,-13;220,18,15
rua||selma|jardim alvorada|26261310|6,-2276151,-4348382;39,4,-4;41,9,-1;45,6,-2;48,-12,11;59,23,-11;68,-8,10;69,15,-12;70,0,13;71,7,-10;75,3,0;76,-1,10;85,9,-12;86,-3,7;95,10,-4;96,0,8;106,5,1;115,5,-11;116,8,14;120,3,-1;125,5,-9;126,2,-1;136,9,7;140,10,-5;141,-8,-2;146,12,4;148,4,0;150,11,3;155,-17,-9;160,21,8;163,-7,-7;165,1,-6;173,10,8;195,10,0;196,-6,4;205,13,-3;206,12,5;208,7,-9;255,23,-2;256,-3,8;259,22,-7;262,6,5;264,3,6;266,9,-2;275,-13,-10;276,22,9;279,-14,-9;280,17,12;289,-5,-9;299,10,-3;302,9,8;319,7,-11;320,6,16;329,-5,-2;330,12,4;333,45,-11;379,28,44;400,-7,-37;410,13,-2;411,-6,-7;421,2,-8;431,23,26;435,42,-6;439,-45,-11;441,5,6;451,2,-13;460,23,-9;461,-3,19;471,3,-8;481,21,-24;491,-2,26;492,-8,4;501,41,-5;502,-33,6;508,6,2;511,6,-9;512,12,8;514,12,8;520,4,-2;521,-20,-13;531,20,2
rua||selma|nova era|26271430|15,-2276582,-4350795;23,1,3;25,-3,-4
rua||selma|palmares|26271430|261,-2276599,-4350822;290,2,4
rua||semiramis|jardim alvorada|26261400|13,-2276174,-4348455;14,20,-1;15,-7,8;16,-1,-4;29,2,-12;30,-7,19;37,19,-20;39,5,5;42,-5,1;44,5,6;46,3,-4;47,4,-2;56,-2,4;59,14,-4;60,-4,5;62,3,-1;69,8,5;70,8,-4;72,-4,4;75,7,-7;76,-2,8;85,18,-10;95,0,0;100,4,11;105,5,-12;113,-79,-1;115,89,1;125,6,-1;126,-2,7;131,10,-2;134,-6,4;139,21,-6;142,-12,6;152,16,5;155,1,-11;165,13,5;172,3,3;175,0,-10;184,4,16;186,6,-2;191,3,-9;194,-1,7;198,8,-3;200,2,6;201,-77,-16;204,85,13;209,-7,-12;213,12,4;217,-2,-2;223,10,4;253,106,-1;258,-72,1;260,11,2;270,7,0;273,-3,-12;275,-10,10;278,23,-8;280,-4,6;284,7,1;290,5,7;293,0,-10;295,24,-8;297,-8,7;302,-10,9;303,2,-9;307,17,3;314,-2,5;322,13,6;326,-2,-2;399,-1,-3;405,14,-3;410,51,2;411,-22,-3;420,27,6;421,-11,-7;423,13,2;430,5,2;433,10,1;435,-9,-8;437,11,3;444,-13,6;447,17,-5;450,5,-1;455,4,-4;460,11,15;461,2,-14;470,4,8;475,5,-10;480,-22,16;485,33,-14;490,-3,16;495,8,-15;500,5,7;505,3,-8;510,3,14;515,5,-10;527,13,4;532,7,-5;535,-9,-3;552,-246,-37
rua||sena|cabucu|26291284|115,-2277123,-4354122;119,-35,-60;120,1,-12;225,-65,16;235,92,55;335,94,153;345,-24,-35;362,4,16
rua||sena|lagoinha|26296207|3,-2280326,-4359569;4,-164,214;7,81,-107;9,-12,14;12,-18,16;16,99,-100;17,6,-15;18,4,-5;20,13,-14;21,-228,288;23,125,-159;28,-84,109;30,7,-14;139,106,-141;140,6,-8;210,-49,59;230,-57,91;237,-19,17;273,78,-97;277,-8,12;279,-13,13;420,-106,132
rua||separacao|monte castelo|26041713|30,-2270172,-4345578;40,9,5;42,-1,11;50,4,-1;54,35,38;55,6,13
rua||separacao|rancho fundo|26041713|17,-2270274,-4345682;19,-9,-4;30,-41,22;47,33,-31;50,-45,42;57,30,-51;60,5,7;70,-10,-17;80,-12,-21;145,-41,-1;190,-11,38;200,117,58;201,0,-9;202,-2,-9;203,-5,-10
rua||sepetiba|figueira 2|26060045|5,-2269024,-4342428;26,-16,1;28,-2,5;253,-14,-9
rua||sergio sender|jardim nova era|26266170|14,-2276394,-4350265;15,8,-1;16,-9,7;27,1,-6;37,4,8;38,-8,7;47,16,5;48,-10,3;56,0,12;57,7,-14;66,-3,24;67,4,-10;77,5,16;78,1,-6;86,-3,18;96,-2,8;97,4,1;105,6,8;106,-9,-1;120,-14,-97;123,21,106;154,2,34;156,3,5;160,-5,8;170,-1,0;179,10,9;180,-10,14;190,1,12;220,30,8;223,4,-13;235,17,4;245,5,-4;262,12,10;264,17,1;267,-13,-3;277,13,-5;287,17,-1;290,-7,5;297,8,-9;310,12,10;311,1,-9;319,6,-4;320,1,9;341,14,-1;365,26,-1;374,-1,1;384,14,0;385,-14,-7;386,15,3;397,13,-5;398,1,12;407,7,-15;415,-191,-52;419,206,54;429,5,1;439,7,-4;448,30,2;455,-6,-4;457,0,-2;458,7,4;467,1,4;468,4,-3;477,6,-4;478,-6,6;488,8,-1;497,14,-4;498,-4,5;507,12,-9;508,-2,6;518,16,-2;527,-3,-5;528,4,8;537,10,-7;538,4,1
rua||sergio|jardim guandu|26298402|7,-2283732,-4360554;13,10,64;14,-1,68;96,11,-13;98,-24,-15;131,8,-47;133,-3,-28;147,-1,-14;148,-5,-10
rua||sergipe|caioaba|26013650|38,-2273937,-4343994;420,-22,-10;422,-8,-8;424,-11,-7;428,-4,1;429,-3,-7;437,39,22;439,-19,-6;449,7,4;469,20,6;479,1,0;485,6,1;489,8,4
rua||sergipe|jardim da viga|26013650|12,-2274326,-4344215;13,-10,-11;15,16,12;33,15,9;34,-4,1;44,-3,2;45,15,3;54,-5,0;59,8,2;61,15,7;63,4,4;64,-16,-6;73,18,8;74,-9,-3;86,19,11;105,31,8;179,44,32;189,11,-7;199,-1,7;209,15,10;219,11,1;229,7,7;248,10,13;249,10,-15;258,-4,25;259,2,-7;269,11,7;279,11,7;289,-6,-2;299,22,5;300,9,10;328,25,20;338,3,3;348,0,1;358,9,-4;368,7,14;378,6,-3;388,19,13
rua||serido|cabucu|26291491|1,-2278728,-4355279;2,65,-130;3,-40,68;4,24,-65;5,-30,65;6,28,-64;7,-72,180;8,98,-176;9,-66,85;15,11,-33;16,6,-14;18,11,-21;20,-57,124;22,3,-3;24,6,1;34,-126,242;36,147,-289;39,-32,70;41,-8,1;43,-2,6;58,0,6;60,-6,11
rua||serra|danon|26270140|40,-2276846,-4350570;66,-29,-3;76,-2,8;112,-40,-4;126,-8,6;134,-14,1
rua||serra|tinguazinho|26080065|2,-2273083,-4350181;3,-51,-45;4,7,-3;7,-14,2;22,16,-3;42,11,10;43,-7,-8;52,15,18;58,1,-1;59,4,5;60,13,15;63,13,20;64,-11,-18;74,8,10;107,9,6;108,4,0;109,11,-3;110,1,-7;132,-25,17;134,12,4;138,20,22;140,-5,-17;141,-24,-13;142,16,15;143,22,-3;149,-17,11
rua||sertania|jardim pernambuco|26275380|21,-2275555,-4349951;22,8,-42;29,6,0;30,12,27;31,-21,-18;32,10,-7;41,-6,-1;42,1,2;61,-7,-28;62,14,-5;71,-3,1;72,-9,7;81,8,4;82,-4,-28;88,1,-21;90,2,-8;91,-6,29;92,2,-6;93,6,30;101,-3,-53;107,-2,1;111,0,-10;121,4,-5;126,0,-1;128,1,-6;131,-7,-16;135,4,-13;138,3,21;141,-4,119;151,0,-142;158,0,17;161,-7,-31;166,7,22;171,-8,-30;181,3,-31;191,-5,-11;201,3,-11;207,-2,-9;211,1,-10;221,0,-9;230,7,92;246,12,-30;256,-15,-45;276,5,-15;281,-2,-14;286,-3,1;291,8,-10;296,-3,0;306,-1,-9;311,1,-24;316,1,28;321,-1,-33;326,-2,-1;346,7,-10;356,-4,-3;366,5,-17;406,5,-9;412,-1,-9;415,1,-9;418,0,-9;424,3,-7;430,0,-6;436,3,-13;442,-4,3;448,5,-24
rua||servidao|austin|26086095|1,-2272967,-4352303;3,-4,-15;4,-16,2;11,36,12;12,-19,-37;25,16,28;26,10,-2;35,-15,-11;45,-3,-1
rua||servidao|rodilandia|26083065|9,-2273854,-4350192;10,-15,-20;14,-1,16;17,37,10;70,-7,11;72,-1,-14;73,10,8;74,7,27;75,-12,26;76,14,-26;77,17,10;79,12,20;80,-47,-52;98,54,61
rua||servidao|santa cecilia|26083065|5,-2269715,-4351359;7,-2,-20;10,1,-1;11,-8,0;12,0,-15
rua||sete de setembro|ambai|26022203|18,-2271798,-4345434;29,116,-21;40,-18,1;49,0,8;50,-19,-7;51,-1,7;58,-12,-2;63,3,4;70,-12,-5;75,0,13;78,1,-7;82,-8,-2;87,-7,9;94,-3,-8;102,-13,6;104,-3,-3;106,-6,5;116,-3,0;133,23,45;138,-42,-42;140,26,37;148,-35,-36;152,-14,3;217,-21,11;219,-20,2;220,-5,-1;221,-5,5;222,7,-7;223,-21,7;235,-87,25;237,-4,2;240,-19,-2;244,72,-18;245,-7,-2;246,-9,7;247,-14,-1;252,-39,14
rua||sete de setembro|ambai|26041060|266,-2271913,-4345429;276,-17,23;288,-91,16;296,59,-14;307,-80,14
rua||sete de setembro|carmari|26041060|160,-2272350,-4345284;171,-4,-1;245,-213,175;246,5,5;266,17,-11;276,13,-18;286,1,-14;296,11,-4;308,0,9;310,10,-9;316,17,-19;317,-2,1;323,5,-5;326,4,-4;327,1,-2;328,6,-4;330,25,13;337,-24,-21;338,11,-4;348,19,-19;349,-26,14;358,24,-15;368,12,0;369,-26,-21;375,17,24;379,-20,-23;389,33,8;399,20,-14;408,28,-22;409,-8,5;415,0,2;418,7,-11;419,4,1;428,3,-5;429,3,-2;439,-23,-21;467,43,-7;471,4,-7;481,14,7;491,16,-8;500,-29,25;503,28,-44;510,7,12;511,-15,-33;513,28,22;520,1,-6;523,0,-4;525,-5,-15;530,6,13;533,7,-9;540,7,5;550,14,-32;553,-9,12;559,9,-4;571,7,-7;580,24,-12;581,-10,-10;600,25,-3;601,-11,-6;610,19,-2;612,3,-10;614,23,-16;617,-22,11;619,14,-9;621,12,-9
rua||sete de setembro|ipiranga|26293486|3,-2279696,-4357265;4,151,-1;5,-83,-1;7,-6,0;8,34,-4;9,-38,3;10,-23,20;11,18,-13;13,294,-23;14,-212,14;15,-122,2;17,96,6;19,-87,-3;22,275,-17;23,3,0;25,30,-2;26,8,-1;29,290,-21;50,-530,42;55,393,-32;81,73,-5;95,14,-4;485,-200,13;495,22,2;505,12,-2;755,337,-24;775,-34,2;1001,-58,2
rua||sete de setembro|vila operaria|26011500|3,-2273956,-4343089;12,-54,-239;21,10,40;30,1,92;40,-9,1;45,14,5;47,-10,7;58,9,2;60,-7,-100;62,13,113;72,-4,-105;90,40,208;100,-4,-10;102,-36,-191;110,33,168;120,-19,-40;126,13,35;128,-6,-13;146,-12,-33
rua||sete de setembro|vila operaria|26022203|43,-2273996,-4343205;55,16,43;59,-2,-5;65,3,9;113,16,51;115,-1,-9;117,2,-6;119,-10,-13;121,-3,4;131,-5,-21
rua||setentrional|paraiso|26297315|10,-2281887,-4359537;15,33,168;19,9,29;22,-29,-114;24,-1,15;25,-1,-73;26,-11,-1;28,1,0;38,3,10;40,27,152;42,-2,-9;46,-25,-136;54,20,119;56,-16,-110;57,2,2;60,22,152;64,-17,-154;65,5,5;68,-11,7;70,22,105;75,-14,-92;80,-8,-6;94,13,25;100,1,33;105,2,-4;110,0,16;115,5,-10;120,0,18;125,-2,-14;145,4,12;153,0,11;160,-2,16;164,4,39;165,-2,-49;180,6,76;200,0,26;201,-1,-80;205,-2,25;209,7,11;210,4,51;220,-2,8;225,-2,-51;230,0,58;235,1,-55;240,4,61;250,0,8;255,0,-36;265,5,10;270,-2,47;280,6,6;289,-7,-34;300,15,68;321,-10,-56;328,-7,8;400,11,68;450,1,11;500,12,16;653,-12,-55
rua||sete|austin|26080245|1,-2272376,-4350739;2,104,180;3,-63,-98;4,33,106;5,-21,-86;6,-50,-113;7,54,141;9,-17,-40;10,6,-13;11,-3,-6;12,-49,-101;13,52,122;14,-12,-41;15,34,80;16,-56,-127;18,45,114;19,-66,-143;20,90,190;22,-7,1;29,-17,-69;30,-9,-8;31,1,-7;33,29,65;35,-41,-71;36,3,8;101,21,32;140,-46,-114;150,19,43;155,-7,18;160,6,5;169,40,87;220,-25,-52;2020,-13,-49
rua||sete|corumba|26041000|25,-2270113,-4347788;27,6,5
rua||sete|ipiranga|26293498|19,-2279661,-4357420;25,-6,78;28,4,-6;33,-4,-10;40,2,-8;42,6,-2;43,-10,10;44,6,-22;50,-3,1;51,0,13;52,5,-15;54,-2,-5;59,-2,12;61,1,-21;77,-4,-6;80,9,-2;82,1,-6;87,-10,6;93,6,-12;99,-2,-5;105,2,-5;136,6,-45;142,-2,-1;147,0,7;153,0,0;158,4,-21;159,-5,3;162,4,-10;163,-3,7;165,-2,-8;167,0,-11;168,8,4;172,-2,-2;176,1,-10;182,-5,-2;1041,-3,73
rua||sete|lagoinha|26296000|20,-2280179,-4358950;28,6,-10;36,4,-4;44,6,-7;52,6,-6
rua||sete|lagoinha|26296036|3,-2280191,-4358946;11,11,-9;19,5,-7;27,7,-9
rua||sete|lagoinha|26296267|2,-2280335,-4359667;4,11,-20;5,442,-558;7,-412,520;8,-19,29;12,7,-4;13,19,-28;14,-12,12;15,13,-26;16,-7,20;17,18,-32;19,6,-8;21,5,-3;23,3,-13;24,277,-340;26,-165,227;27,-101,99;29,11,-12;30,23,-18;31,374,-477;32,-397,504;34,-3,14;35,25,-57;37,3,-1;39,98,-117;40,-104,141;45,31,-51;47,5,-8;48,-15,28;49,22,-38;50,-11,25;51,18,-33;52,-18,31;53,21,-38;54,-14,31;56,9,-7;57,16,-36;58,-10,27;59,16,-34;60,-10,25;64,12,-15;65,20,-42;66,-17,33;68,7,-7;69,-3,-8;70,14,-12;74,7,-5;75,1,-13;76,7,8;78,7,-10;80,5,-6;83,0,-14;85,5,-4;87,10,-14;88,9,-1;90,5,-3;91,-8,-6;92,13,-5;94,-142,189;95,145,-201;97,1,0;99,9,-11;103,22,-30;104,16,-11;105,-14,6;107,22,-14;109,-7,-4;111,13,-11;113,1,-4;114,6,-1;115,-2,-4;118,18,-14;120,6,-9;121,-2,-7;124,15,-6;125,-4,-8;127,9,-7;129,4,-9;132,13,-1;133,-2,-8;134,9,2;135,-4,-7;136,9,-5;137,-3,-12;138,10,3;140,0,-8;141,11,-6;152,29,-38
rua||sete|marapicu|26295126|115,-2280633,-4358890;121,51,55;141,-30,-30;145,24,23;147,0,-10;212,-105,-89;220,6,1;221,20,16
rua||sete|palhada|26290339|16,-2275782,-4352450;66,398,-612;101,-86,-151;102,5,8;103,5,33;104,-1,-21;105,-6,1;107,9,5;108,1,9;109,-5,4;110,11,20;111,54,68;112,-55,-58;113,36,36;114,-27,1;115,-14,-47;116,18,34;117,-10,-26;118,18,40;119,-24,-33;120,6,66;121,0,-66;122,19,54;123,-13,-36;124,17,52;125,-18,-45;126,26,53;127,-30,-44;128,-19,68;129,31,-54;130,32,34;131,-40,-35;135,7,19;137,1,1;139,6,10;141,31,1;143,4,-1;145,6,-4;146,-6,5;147,12,-3;148,8,5;149,1,-9;151,11,-5;243,-14,-154;245,19,21;246,6,8;247,-6,-7;249,2,33;251,-3,-5;253,3,20;255,-8,11;257,12,12;259,-6,20;261,11,15;263,10,14;265,-7,7
rua||sete|rosa dos ventos|26276308|10,-2274349,-4350500;20,0,0;40,0,0;42,-109,92;70,-27,-11
rua||sete|santa cecilia|26088460|1,-2270325,-4352277;2,-53,219;4,10,-28;5,4,-22;6,7,-13;7,2,-23;9,9,-28;11,-43,139;13,3,-11;14,66,-224;15,2,-21;16,-37,116;18,33,-113;19,-3,16;25,-43,196;26,8,-61;27,-20,74;28,14,-45;29,-8,17;30,-9,31;31,65,-250;34,4,9;41,12,-36;45,-55,187;46,13,-43;48,0,-20;62,-38,154;150,38,-154;184,15,-17;230,6,-25;231,-13,31;232,2,-17;233,2,8;234,2,-21;240,9,-21;250,0,-2
rua||sete|santa rita|26053210|46,-2268044,-4346275;58,-10,-3;60,-10,-7;91,-12,11;93,-16,6;105,5,-30;109,32,65;110,11,5;115,-62,-82;117,-1,6;119,-19,-2;121,-7,0;125,3,1;128,-8,-4;129,-20,5
rua||sete|vila de cava|26051616|46,-2268441,-4345677
rua||sete|vila operaria|26015320|1,-2273786,-4343211;2,3,9;3,1,4;4,7,4;5,-4,6;15,21,87;30,-26,-90;33,6,14;40,0,-2;43,4,7;50,0,2;53,8,7;60,-9,4;63,8,9;70,-2,0;73,6,9;80,-28,5;82,23,-2;83,7,2;92,2,15;93,4,-3;97,6,21;99,3,8;100,-8,7;101,11,-2;102,-5,4;171,11,28;174,33,-10;175,-20,47;176,40,-70;177,-48,47;179,16,11;184,-12,12;185,7,-4;195,10,6;205,-6,13;208,-10,-10;210,-9,2;215,22,16;225,5,8;230,-7,-6;240,4,1;241,6,14;243,2,15;245,6,10;250,4,20;254,-5,-6;255,5,-6;260,-2,33;264,-4,-30;270,9,29;275,3,-19;280,-1,30;285,1,-17;290,5,24;292,0,14;295,0,-27
rua||setubal|cidade jardim parque estoril|26063240|19,-2263723,-4341358;59,-2,-16;200,-31,-113;246,20,59
rua||severino pereira da silva|campo alegre|26291401|7,-2277385,-4355241;19,58,-4;21,-32,3;22,-26,1;23,-17,3;27,64,-1;126,-69,7;146,39,-4;1026,-56,12
rua||severino pereira da silva|campo alegre|26292159|4,-2277256,-4355244;5,9,-18;6,15,14;7,15,-2;8,14,-1;9,12,-4;14,3,-11;15,-19,-1;16,-16,3;20,-17,2;30,-38,7;156,5,10;254,189,-48;256,-22,11;258,-5,2;260,-33,9;1770,31,-21;1780,-15,9;1781,-4,3
rua||sevilha|comendador soares|26281290|60,-2274334,-4347379;99,-237,35;109,12,1;119,9,-7;129,10,-1;151,25,8;161,4,-12;171,6,-1;181,19,4;191,-4,-11;201,17,4;211,11,-5;253,28,0;263,16,3;273,8,6;283,12,-7;293,4,-7;303,9,1;313,4,-5;411,100,-9;413,-8,3;433,19,-3
rua||sevilha|jardim iguacu|26281000|244,-2274442,-4347356;254,13,-9;264,4,2;274,14,-3;284,3,7;294,12,-1;304,10,2;316,6,-2;326,11,-5;336,9,1;362,17,-5;372,7,6;382,21,-16;392,6,7;402,5,-1;412,14,-7;416,7,-3
rua||sevilha|jardim iguacu|26281290|182,-2274506,-4347348;192,13,-1;202,10,-5;212,11,3;222,12,-1
rua||sevilha|moqueta|26281290|110,-2274556,-4347341;120,5,-1;130,13,0;140,6,-3;142,4,-6
rua||sevilha|moqueta|26281310|31,-2274564,-4347318;39,0,9;49,-1,5;61,4,19;71,1,12;81,-2,3;91,-4,11;101,5,13;111,2,8;121,-1,12;131,-4,9;141,2,6;151,2,17;161,3,10;171,-1,12;181,2,5;191,0,12;211,2,21;634,21,28;635,-24,-1;656,21,14;659,4,0
rua||shirlei|valverde|26290708|13,-2277471,-4352658;21,-3,-8;22,10,2;29,-15,-5;32,10,8;380,-14,-53;390,1,11;410,3,15
rua||shoyo|paraiso|26297117|8,-2281804,-4359685;29,-27,35;37,3,-4;49,0,-6;57,10,-14;67,-4,-10;75,4,-16;85,0,-2;95,-10,-3;103,16,-11;113,7,-9;125,4,-10;129,1,-5;139,7,-7;147,1,-17;157,1,3;165,7,-7;173,-2,-10;181,4,-12;191,-3,-7;199,2,-4;209,8,-13;217,0,-16;227,7,-3;235,-5,-7;243,5,-11;253,3,-1;263,-2,-16;273,5,-9;281,12,-2;291,-6,-15;299,3,-7;304,13,-6;309,-13,4;317,5,-20;320,12,3;322,-4,-3;327,-7,7;332,17,-46;335,-15,36;345,5,-9;353,6,-12;363,2,-20;371,5,4;381,0,-13;389,0,-1;407,4,-13;415,9,-17;420,6,6;423,-6,-18;430,8,13;435,-6,-14;443,3,-8;18074,-120,402
rua||sibipiruna|jardim guandu|26298009|13,-2281367,-4361559;26,-19,-14;27,14,11;79,162,250;80,-1,-7;81,-13,-9;135,-26,-48
rua||sidney|paraiso|26297249|10,-2281168,-4359017;15,1,10;20,-5,1;25,-5,15;30,-5,-6;35,4,11;40,-5,-1;45,1,5;50,2,-12;55,-6,17;60,-6,-2;65,2,10;70,-4,0;75,-8,14;80,-1,-8;85,-6,19;90,-2,-7;95,-3,14;100,0,-8;110,-5,8;120,-11,13;130,-2,9;150,-25,33;155,7,3;160,-9,1;165,-2,14;170,-9,2;175,7,1;180,-11,8;185,1,6;190,-4,1;195,1,0;205,0,7;210,-10,6;215,5,4;220,-13,9;225,3,2;230,-8,3;235,-3,14;251,-5,6;265,1,-5
rua||silvana|da viga|26013680|12,-2274184,-4343975;15,-24,-21;16,-2,-5;30,-13,6;36,22,12;46,10,-3
rua||silvana|jardim da viga|26013680|19,-2274199,-4343989;29,11,4;49,7,7;50,-1,-3;69,25,15;71,-4,-1
rua||silvania|rancho novo|26013120|34,-2274829,-4343985;36,7,15;37,9,2;38,-7,4;47,17,7;56,-29,-32;59,36,46;63,6,-1;65,1,3;66,6,15;103,-1,-10;105,4,3;107,7,9;115,8,14;116,7,8;117,-1,-7;138,0,18;142,15,4;144,8,7;150,4,-1;154,2,3;179,26,19;186,23,24;188,-21,-5;189,1,-18;196,4,19;199,4,-3;216,9,11;220,-42,-49;221,24,30;223,12,16;224,11,9;225,0,-10;227,4,8;234,1,11;235,4,-10;237,10,14;242,-26,-16;246,21,19;247,1,-4;249,3,3;262,-10,-25;263,21,33;265,0,4;268,-8,-1;277,-39,-54;1188,-141,-151
rua||silva|austin|26088195|12,-2270753,-4353537;19,-5,140;34,1,-43;36,-2,-31;37,-5,-19;38,4,1;39,5,-14;40,1,-23;42,-6,12;43,2,20;44,-5,2;45,-1,28;46,2,19;47,-5,32;111,9,-15;112,3,11;115,-5,0;117,-1,9;128,-21,161;136,25,-205;160,-18,29;162,12,6;170,-1,15;181,-1,6;184,-2,6;185,1,4;186,-18,-3;187,2,15;188,6,12;189,-6,18;190,-6,-2;191,3,21;192,-6,-3;193,-6,20;194,-2,2;197,-5,12;199,-1,20;200,-3,6;201,7,-2;202,3,4;216,6,12
rua||silva|ceramica|26030115|19,-2273578,-4348203;29,-3,-3;30,-4,-51;39,9,41;40,-5,-24;47,-11,14;50,11,-6;58,4,-10;59,-12,5;60,22,-10;70,-15,-4;71,-6,5;80,3,-10
rua||silva|rio douro|26050215|3,-2266911,-4352118;16,-52,-329;22,101,37;48,7,451;50,-35,-190;51,119,222;52,4,-4;100,-117,-462;250,-95,46;1902,21,114;1903,0,8;1930,58,32;1937,3,1
rua||silva|rio douro|26220015|52,-2266791,-4351901;1926,1,-15
rua||silva|vila de cava|26088195|10,-2268383,-4344592;20,1,1;30,-1,-19;40,0,-7;50,-3,-12;60,2,-5;70,1,-18;80,-8,-3;90,-1,-12;96,-4,-16;142,-4,-1;152,-1,-9;162,-2,-14;172,-3,-5;182,0,-13;192,1,-10;202,-7,-10;212,1,-5
rua||silveira|bairro da luz|26260520|15,-2275803,-4347182;25,14,11;36,10,-11;37,3,-26;39,-6,38;46,24,-6;47,-21,-67;67,24,54;79,-25,1;89,48,6;99,7,5;102,5,-6;109,3,-4;119,10,1;129,9,1;133,7,4;139,1,-5;149,13,1;159,7,-4;169,8,16;170,9,-11
rua||silveira|corumba|26042080|12,-2270515,-4347645;13,-28,-11;14,22,11;17,-15,-3;19,15,3;21,4,5;23,5,1;25,-1,4;27,4,-1;50,-40,-17;52,4,-3;54,-14,-6;65,11,3;75,-7,3;85,-12,-9;90,-4,-6;92,-15,-7;94,-1,-1;95,19,11;96,-38,-10;97,14,6;99,20,9;107,-30,-12;110,-4,-8;120,-6,-6;125,-4,3;154,-28,-17;155,-7,3;160,95,43;164,-92,-50;165,-8,-6;175,-11,5
rua||silvia|miguel couto|26070500|7,-2271053,-4342960;9,-21,-25;14,10,20;15,-24,-54;16,22,35;17,-26,-41;18,22,29;19,-24,-37;20,31,21;21,-39,-35;22,25,33;23,-27,-32;25,-3,-20;26,23,46;27,-27,-51;28,24,43;29,-27,-54;30,17,45;32,1,-17;33,-31,-49;34,24,44;35,-23,-45;36,17,28;37,-29,-26;38,31,17;39,-19,-40;40,11,40;41,-18,-51;42,15,39;43,-18,-46;44,15,36;45,-37,-31;46,39,18;47,-28,-42;49,-7,-8;50,24,39;55,-31,-59;56,14,28;59,-24,-43;61,-3,-11;62,-11,-31;63,2,24;64,21,28;65,-20,-45;68,16,31;70,-6,-11;79,10,28;185,12,19
rua||silvia|santa rita|26051030|11,-2268913,-4345746;13,-131,-118;22,17,15;23,-6,-12;32,9,13;33,-4,-6;35,6,9;42,13,12;51,120,123;52,-120,-120;53,-5,-12;61,135,124;62,-111,-106;63,-14,-7;65,0,-1;72,22,20;81,-12,-8;82,6,7;83,3,-1;92,0,13;93,6,-5;99,8,6;102,-1,0;112,-4,0;113,7,0;122,7,14;132,7,4;133,0,-6;142,2,12;143,8,-1;152,-4,10;153,7,-7;162,-5,13;163,17,-7;172,-5,11;182,12,3;183,2,-2;192,1,6;202,7,8;203,22,17;204,-4,-3;212,-14,-2;222,25,16;232,-13,-9;290,-152,-143
rua||silvia|vila de cava|26052180|5,-2268384,-4344620;161,-21,-66;171,-1,-16;181,-4,-16;191,-6,-10
rua||silvio|jardim guandu|26298033|5,-2281521,-4361164;23,-56,40
rua||simara|tres coracoes|26041053|10,-2271877,-4345706;20,-6,-12;30,-1,-14;31,-6,9;40,5,-18;41,-4,-1;51,-7,-5;76,7,29
rua||simpatia|rosa dos ventos|26276090|186,-2274407,-4350611;198,-18,-45;242,33,79;244,3,4;257,-24,-54
rua||simpatia|rosa dos ventos|26276300|5,-2274372,-4350532;10,-71,-71;13,-24,-63;20,-1,13;23,-9,1;41,16,-33;51,2,-1;61,3,-6;75,10,-16;81,2,-8;89,6,1;95,2,14;100,68,170;130,12,22;137,-75,-164;140,100,203;147,-92,-189;150,96,199;160,6,14;163,-96,-201;173,3,16;180,100,196;185,-98,-185;190,102,188;198,49,117;203,-28,-62;208,52,113;211,-161,-342;223,1,21;233,2,-3;243,-14,20;298,278,569;310,8,-16;459,7,28;21065,-58,-120;21099,76,226
rua||simplicidade|riachao|26279025|8,-2274666,-4350919;9,-2,-11;20,15,6;23,1,-7;36,6,1;37,1,-9;44,10,12;54,9,-9;57,3,-7;61,3,0;67,2,-2;68,10,0;75,1,-3;80,11,8;87,-4,-13;95,1,-3;105,13,-7;111,8,-2;115,10,-3;125,-3,-3;128,0,16;135,13,-20;145,7,-2;155,6,0;165,11,-9;175,4,0;185,6,-2;195,16,-4;205,2,-5;215,16,-3;223,2,-2;229,7,-5;235,5,-2;290,-17,13;340,-16,3
rua||sinai|nova era|26275575|1,-2277087,-4351343;3,5,9;4,-12,-6;6,390,-285;8,-384,286;18,-6,14;28,5,5;35,15,9;38,-22,-1;43,30,21;48,-12,-9;53,10,12;73,5,10;83,3,8;88,-5,3;98,4,8;108,5,17;118,7,7;128,-3,9
rua||singapura|figueiras|26041717|1,-2270085,-4345572;2,0,16;3,-6,3;5,-2,15
rua||singapura|monte castelo|26041717|4,-2270090,-4345538;6,8,-84;8,-6,20;9,-10,115;10,-3,15;15,1,-13;25,5,27;30,-19,-21;40,-3,62;137,9,52;171,-24,117;180,-14,46;190,-2,2;200,-3,19;210,2,8;214,-4,33;220,0,-24;230,0,38;240,-1,4
rua||sinval pereira de souza|campo alegre|26292108|1,-2276660,-4354629;4,95,-66;12,-212,36
rua||sofia|ouro verde|26297270|12,-2275414,-4348504;22,0,6;25,4,4;35,22,-8;49,-8,-1;55,18,0;59,9,-3;64,-24,9;66,17,2;73,-5,-9;76,7,10;87,25,-15;90,9,5;93,-4,0;97,6,-1
rua||sofia|paraiso|26297270|5,-2281388,-4359144;10,-4,0;15,0,13;20,-9,2;25,-60,93;30,57,-88;35,-4,9;40,0,6;45,-4,3;50,-3,-5;55,-1,14;60,-3,-2;65,-2,6;70,-9,3;75,2,10;80,-2,-8;85,-2,12;90,-9,-1;100,-4,15;110,3,-4;120,-10,17;130,-7,7;135,4,3;140,-4,1;145,-1,7;150,-4,12;155,1,-8;160,-3,5;165,-14,7;170,12,-3;175,-10,9;180,-1,4;185,3,3;190,-14,5;195,-2,2;200,0,4;210,-13,15
rua||sogerim|austin|26086315|1,-2272498,-4352933;5,-72,-23;6,74,20;39,-32,-25;93,60,43;105,-95,-38;120,19,-17;130,-4,-1;139,-32,-16;140,13,13;141,-15,-11;145,33,30;146,10,-8;147,7,6;150,-35,-24;151,1,3;164,84,51;166,0,-1;167,-28,-13;168,-7,-6;169,-5,-8;171,-22,-8;175,-34,-26;177,-4,0;178,-7,-4;179,-20,-3;180,-7,-11;181,2,-3;185,51,39;186,-46,-37;191,-11,-4;195,140,83;197,-22,-8;247,-108,-63
rua||soldado|inconfidencia|26085040|4,-2273316,-4353644;6,-15,-9;8,20,28;9,-53,-67;10,31,58;11,-3,-20;14,-100,-23;15,-20,19;17,-12,19;18,134,-21;27,-155,25;96,58,-38;97,-5,-8;118,88,11;119,-27,-24;122,6,6;132,-17,-13;136,-12,0;215,43,12
rua||soledade da silva|palhada|26290153|5,-2276192,-4352719;11,-8,-6;14,-6,-67;15,10,67;19,2,-5;20,-2,-13;34,-6,-1;60,-4,-22;70,-2,-3;73,-17,-3;83,0,-16;92,9,6;93,-13,-15;94,8,3;101,1,18;103,-11,-24;104,8,0;106,-5,-13;108,-5,-10;110,-10,-5;111,6,14;121,0,-7
rua||soledade|jardim laranjeira|26290744|12,-2277742,-4352817;16,9,35;18,-1,6;32,25,117;40,-15,-56;45,-8,-53;46,0,-4;47,-10,-5;48,5,-8;52,-7,-32;54,0,-12;56,-5,-19;379,39,216
rua||solimoes|austin|26086355|4,-2272016,-4352614;5,117,-41;6,-26,15;8,-9,10;9,38,-39;10,-108,-2;11,-133,51;12,175,-24;13,-139,76;14,106,-54;15,-162,-29;16,153,42;17,-22,-11;18,3,17;19,-8,11;21,-5,6;22,-21,7;25,-25,23;26,100,-66;27,-85,32;28,-52,8;29,81,3;30,8,-5;31,8,-13;33,0,3;60,-33,12;72,-1,7;76,104,-56;94,-119,58;111,-22,7;132,110,-50;152,-80,3;153,-81,-20;154,96,18;200,-79,33;205,-22,-59;211,126,55;260,-86,15;269,9,3;343,135,-60;2003,-190,-36;2004,-17,-28;2005,-1,-2;2006,-16,-23;2007,3,-4;2011,-104,-58;2012,74,32;2019,54,74
rua||sol|moqueta|26282370|3,-2274573,-4346958;11,79,-8;13,-8,-2;17,-13,2;22,5,-10;26,-4,-2;27,-12,13;37,-30,13;46,18,-27;47,-6,27;49,-13,-21;56,12,-7;57,-26,15;66,11,-13;78,-6,-5
rua||sombreiros|santa rita|26050830|10,-2268927,-4345982;12,-8,2;24,-59,-3;25,61,2;26,-51,1;30,65,-1;31,-15,-2;32,-40,1;33,-4,-4;34,7,2;35,-4,-2;36,18,3;37,-6,-5;38,8,5;39,8,-1;40,41,5;42,-15,-5;50,24,3;60,8,0;70,8,-1;80,3,-4;90,10,6;95,-37,-2;100,44,0;110,6,1;111,-37,-6;120,45,7;130,10,2;191,-24,0;193,61,-2;195,-13,4;210,-17,-1;220,16,1;230,12,-1;240,6,1;250,7,-1;260,9,3;270,9,0;271,-22,-13;280,29,13;281,68,-10;290,-62,10;291,-31,-9;300,36,8;301,-14,-13;310,24,14;311,-5,-4;320,12,1;321,-10,2;330,24,2;331,-38,-4;340,43,3;341,17,-2;350,-6,-2;351,-12,-1;360,15,4;361,-8,-3;370,17,4;371,-1,-4;380,10,4;381,-11,-1;390,17,-3;391,-9,1;400,14,-1;401,-2,2;411,5,-3
rua||sonalia|lagoinha|26296204|1,-2280335,-4359457;7,47,-59;9,-194,235;13,129,-147;15,-157,189;16,123,-133;20,-121,145;21,245,-311;22,4,0;33,-170,214;65,-56,54;430,13,-16;440,36,-41;449,-24,30;450,4,-10;465,-28,50;475,-2,10;510,-35,22
rua||sonho|cabucu|26291278|1,-2277095,-4353748;11,1,26;12,-1,-3;13,-13,-7;32,-7,0;50,-8,-17
rua||sonia sueli|bairro da luz|26260558|43,-2276074,-4347489;45,2,4;55,-12,-7;65,-14,-9;167,-69,-6
rua||sonia sueli|redencao|26260558|363,-2276311,-4347516;373,-5,-13;444,-92,53;445,33,-20;997,-93,31
rua||sonia sueli|rosa de jesus|26260558|10,-2276190,-4347537;11,30,10;12,4,0;18,-12,-10;20,-32,-27;21,29,35;30,-37,-59;31,16,56;57,-8,-5;85,-14,-89;90,-3,-13;100,-4,-14;110,0,-9;120,-4,-14;140,1,-23;145,16,-65;150,-11,39
rua||sonia|paraiso|26297261|5,-2281278,-4359086;10,-18,-1;15,-15,4;25,1,2;30,-8,22;35,17,-5;40,-20,11;45,9,-3;50,-11,14;55,11,-5;60,-23,12;65,19,-4;70,-22,5;80,-1,27;85,9,-16;90,-21,9;95,10,-6;105,-6,10;115,1,0;120,-21,24;125,-43,83;130,39,-74;140,-5,10;145,7,-5;150,-14,14;155,9,-2;160,-17,6;165,18,0;170,-21,14;175,9,0;180,-12,4;185,18,11;190,-26,-1;195,16,-1;200,-20,4;205,10,-1;215,2,9
rua||soninha|chacrinha|26285165|4,-2275019,-4345618;5,11,-4;14,1,4;15,3,0
rua||soraia|palhada|26290021|18,-2277082,-4351843;28,-2,-6;38,-3,-9;50,-4,-8;60,-6,-8;70,-3,-21;80,1,-5;90,-12,-7;100,2,-6;111,35,85
rua||sorocaba|botafogo|26041190|2,-2271143,-4345699;10,53,18;20,-31,-29;26,-1,-7;31,2,-32;32,12,25;40,5,-2;41,5,2;51,-12,-9;52,9,-1;61,9,-14;62,2,6;71,4,-20;72,-10,11;81,19,-12;82,-12,5;92,28,-5;93,-13,-4;102,12,-6;105,-6,1;120,14,-4;132,-1,-5;142,3,-11;152,10,-4
rua||sorocaba|cabucu|26291431|1,-2278064,-4355206;5,189,-167;30,-121,101
rua||sossego|austin|26087475|6,-2270931,-4351838;7,-3,14;9,-2,-5;10,1,11;11,-7,-1;12,1,8;13,3,3;15,-6,11;16,-28,-24;17,24,27;19,-3,5;21,26,-46;37,-33,57
rua||stanislau|ceramica|26031280|10,-2273430,-4347748;19,5,-6;20,4,30;32,8,-6;39,5,-7;49,9,9;52,-4,7;59,27,1;62,-29,-13;1730,4,48
rua||sthendal|boa esperanca|26070084|4,-2271684,-4343099;5,11,7;6,-16,-8;7,-4,-2;8,-19,-2;14,-79,-10;16,-2,3;17,-4,-3;26,63,11;33,92,6;34,2,6;45,-138,-24;55,126,25;57,-3,1;69,-13,-2;70,-9,-2;88,-67,-14;90,52,13;98,-10,-1;120,-25,-10;125,-39,-5;138,28,1;178,-8,-3
rua||sucupira|boa esperanca|26070051|11,-2272072,-4343236;12,-26,8;18,-66,27;20,38,-16;21,2,-4;22,20,-6;27,102,-38;29,-22,5;31,0,4;36,-148,58;42,15,-7;48,10,-4;54,8,2;60,69,-33;66,-12,7;68,25,-12;72,-1,-4;78,-54,25;84,32,-13;88,24,-10;90,-11,12;102,-69,21;104,108,-44;106,-119,50;108,-19,4;112,5,4;114,-9,-3;120,73,-23;126,102,-38
rua||sucuri|california|26220360|31,-2275864,-4343334;41,-13,-8;46,-6,23;53,61,-19;60,-58,27;65,36,0;80,-18,3;90,12,10;93,29,-3;95,10,-26;105,-3,32;106,-27,-5;116,1,2;117,27,9;120,4,-7;121,11,8;127,6,-2;130,-8,1;135,-26,24;141,42,-24
rua||sudeste|conjunto boa esperanca|26297324|15,-2282077,-4359540;20,-10,-9;24,19,121;26,10,17;30,-23,-127;33,6,19;35,-1,4;37,2,9;40,-9,-23;45,12,32;50,-2,-11;55,1,17;63,-4,-29;70,1,18;80,-2,14;85,7,13;90,-7,8;95,9,1;100,-2,10;110,-5,6;123,16,46;130,-9,-28
rua||sudeste|paraiso|26297324|3,-2282049,-4359374;9,1,40;10,16,133;12,-10,-69;13,21,116;17,-4,-43;18,4,51;19,-21,-146;20,16,149;21,-2,-66;26,8,105;96,10,2;180,-46,-262;190,-1,20;220,12,25;225,-2,-7;242,49,292;325,-17,-103;328,-5,-33;345,8,57;355,3,22;360,-15,10;365,17,-3;370,-2,4;375,1,-5;385,3,11;390,-17,-105;395,20,121;405,0,-5;407,1,16;413,-8,-3;415,-10,-112;440,-6,-1
rua||sudeste|rosa dos ventos|26276065|11,-2274688,-4350644;21,-14,1;22,17,-17;31,-17,18;32,9,-5;41,-21,10;42,-7,-18;51,3,25;52,9,-13;61,-21,16;62,24,-10;71,-26,19;72,-1,-5;81,-11,10;82,-4,-13;91,-5,19;92,3,-22;101,-18,29;102,20,-13;111,-17,15;112,6,-12;121,-18,18;122,14,-12;132,-6,3;135,-38,33;142,30,-24;145,-17,9;154,0,-2;155,1,1;164,-1,2;174,-5,2;175,0,25;184,-12,-14;194,-2,-1;204,-16,16;214,18,-17;3814,131,-98
rua||sudoeste|conjunto boa esperanca|26297312|2,-2282112,-4359568;6,-50,-12;20,1,11;32,-29,-10;34,11,-1;110,43,7;150,6,-2
rua||sudoeste|paraiso|26297312|9,-2281978,-4359567;425,10,-9
rua||sueli|ponto chic|26035240|16,-2273215,-4346149;20,-6,-2;64,7,12;66,-42,12;68,49,-8;70,-10,-10
rua||suez|jardim guandu|26298180|89,-2282596,-4361727;167,30,83;168,-2,-5;169,-8,-13;170,-3,-10;171,-3,-11;172,-4,-6;173,-6,-11;174,-8,-16;175,-5,-4;176,4,-13;177,-12,-7;178,-4,-17;186,6,1;187,2,9;190,16,32;191,10,10;192,2,7;193,4,10;194,2,4;195,8,22;197,8,21;198,7,12;199,-1,10;200,7,22;201,5,2;315,21,19;316,-3,4;318,11,29;319,11,7;320,8,11;321,5,14;322,6,13;323,5,1;324,1,15;325,5,11;326,6,10;327,4,10;328,10,14;329,-3,2;330,14,16;331,-3,11;332,11,11;334,15,30;339,-14,-8;340,-5,-16;341,-4,-9;342,-9,-20;347,-28,-44;348,-8,-18;350,0,-13;351,-12,-11;354,-17,-39
rua||sul|conjunto boa esperanca|26297330|5,-2282115,-4359041;7,15,-49;8,-1,3;10,-5,13;20,-9,24;28,7,-27;32,-12,25;34,-6,22;49,0,-12;51,14,-19;53,3,-5
rua||sumare|engenho pequeno|26010460|13,-2275112,-4342276;27,5,-14;30,-2,10;83,-14,16;85,-14,11;86,-17,26;87,14,-15;97,-16,16;99,3,10;100,-9,1;105,6,-3;112,-5,4;115,2,2;116,-43,49;120,30,-32;130,10,-21;131,-24,36;133,8,-9;261,-18,28
rua||surucuas|grama|26061110|14,-2270071,-4342124;22,-183,29;23,9,-1;24,4,3;25,6,-5;26,11,6;27,5,-3;30,11,2;31,16,-10;33,-8,7;53,-64,2;91,12,-387;100,-37,45;109,37,-41;113,-23,58;123,-23,9;130,152,21;133,-14,134;143,-92,-109;144,243,148;154,-14,12;163,-283,-156;164,281,167;173,-278,-152;174,274,153;180,-12,0;181,-405,-34;182,399,126;185,-257,-235;194,264,166;196,-9,-1;214,-5,12;233,-193,-140;253,-46,53;500,138,141;590,63,2;600,8,-2;603,-103,0;617,77,-2;619,-4,9;648,43,3;660,14,2;672,4,-14;684,15,16;696,9,1;708,5,-3;710,4,4;712,8,4;740,9,0;754,13,2;760,12,4;768,15,5
rua||sutinga|palhada|26290237|12,-2276417,-4353462;14,0,0;16,13,-11;17,105,-60;30,-106,64;73,37,-25
rua||sutinga|valverde|26290237|10,-2276426,-4353454;30,20,-14;40,11,-9
rua||suzano|ponto chic|26030200|14,-2273035,-4347071;26,3,4;27,19,-3;30,-9,4;35,10,-5;36,-11,6;42,17,-2;43,2,-6;48,0,7;51,7,-11;59,5,0;60,-4,7;67,12,-14;72,-4,11;76,-21,-2;90,41,-8;93,-4,-10;101,15,-2;108,4,7;129,2,-8;133,17,-12
rua||suzi|ambai|26040460|20,-2271125,-4344352
rua||suzi|ambai|26040480|3,-2271090,-4344343;2010,-25,0
rua||tomas schuwertner|corumba|26042460|260,-2269667,-4346993;270,13,3;281,99,51;291,-75,-43;299,16,10;300,10,4;301,-15,-13;310,29,12;311,-26,-3;320,30,12;321,-21,-14;330,33,16;331,-26,-11;334,61,23;336,17,6;341,-64,-23;350,39,15;351,-30,-10;361,7,2;371,12,2;378,37,14;391,-2,-15;401,9,6
rua||tomas schuwertner|jardim marilice|26042460|411,-2269469,-4346924
rua||trinta e seis|lagoinha|26296111|25,-2279642,-4359049;33,-8,-5;41,-2,-2;49,-4,-4;57,-8,-5;65,-6,-1;73,-5,-7;81,-6,-6;89,-8,-3;97,-5,-3;105,-7,-5;113,-32,-24;121,17,11;129,-4,-4;137,-10,-7;145,-2,-4;153,-9,-6;161,0,-6;162,-13,-2
rua||trinta e sete|lagoinha|26296117|13,-2279846,-4359183;20,13,3;21,-10,-8;28,18,12;29,-17,-3;36,16,-9;37,-6,-4;45,9,-7
rua||turibio da silva|comendador soares|26280650|19,-2274018,-4348072;27,10,-5;33,6,-1;39,-11,0;40,7,-10;49,4,-5;50,2,1;55,1,-15;56,5,9;57,-2,-8;59,9,6;60,1,-6;65,-1,-5;75,7,-7;85,4,-3;90,10,-2;95,-2,1;97,4,-7;100,16,-1;105,-9,-2;111,5,-4;115,5,-5;120,12,-5;122,2,-3;124,15,-3;130,8,-14;131,-23,18;133,5,-1;135,10,-4;140,14,-11;145,-8,3;150,20,-8;155,-8,3;158,41,12;160,-18,-22;165,-14,2;167,2,-1;170,19,-9;175,-5,5;180,12,-5;187,-6,-8;191,10,-3;192,3,5;195,3,-8;205,3,-7
rua||ubaldino ribeiro dos santos|rancho novo|26015410|5,-2274981,-4343964;6,124,-174;11,-126,167;17,4,4;29,9,-17;31,-5,2;45,4,-10;47,20,-15;53,-1,17;57,-11,-10;60,3,3;67,19,-25;68,-16,18;72,11,-17;75,12,-11;78,-13,16;103,25,-40;105,0,0;106,-1,1;109,4,-3;110,-6,6;111,9,-7;113,0,-5;115,8,-7;118,-4,4;122,9,-9;139,-19,-6;142,36,-8;149,-17,4;152,18,-10;159,-15,10;169,13,-20;179,4,-15;187,-13,32;189,17,-39;207,5,-6;209,19,-8
rua||valentim da silva|jardim palmares|26271060|23,-2276393,-4351197;24,11,-4;33,-21,-1;43,-12,-1;53,-5,-11;54,0,-2;63,-4,6;64,-4,-12;73,-11,17;76,12,-13;83,-24,-1;86,7,-6;95,-13,3;96,4,-6;105,-12,2;106,-3,-2;115,-9,-4;125,-9,-4;126,3,-1;135,-11,-2;136,3,-1;145,-9,-5;146,1,3;155,-7,-2;156,-6,-6;165,-4,3;170,4,-1;180,-16,-9;186,-6,-2;196,-5,-13;205,-31,10;206,22,-3;207,-28,3;216,20,-4;226,10,4;236,-29,-3
rua||valter cerqueira da silva|danon|26265580|10,-2276574,-4349448;20,-19,74;33,-17,59;44,-7,-84;49,-12,90;52,-267,79;58,263,-128;59,1,53;63,-13,1;70,-1,-10;79,-6,8;82,-5,-2;85,5,6;91,-9,-4;92,-4,-7;101,-7,12;102,-2,-9;110,-6,1;111,5,9;120,-18,-13;121,4,17;123,-1,-4;140,-26,-4;143,9,5;151,-12,6;163,-8,4;168,-3,-11;182,-18,6;183,4,5;193,-9,4;202,-7,-7;203,-2,4;212,-10,-2;213,9,6;223,-15,0;243,-20,5;252,-8,-5;254,-6,4;274,-15,-4;280,-17,3;301,13,27
rua||valter santos|corumba|26043100|9,-2269953,-4347446;19,-3,-9;24,2,6;25,-176,-302;31,9,3;34,163,285;44,-3,-11;45,-154,-261;49,157,271;51,-10,-23;54,6,11;55,-75,-126;64,73,116;65,-140,-234;69,130,226;75,-127,-220;78,130,223;85,-64,-123;88,59,113;90,-5,-13;95,-101,-195;105,54,102;108,40,82;111,-83,-165;115,51,96;118,33,62;121,-76,-151;124,72,140;134,-3,-11;135,-66,-126;144,64,124;145,4,8;154,-2,-23;155,-10,7;165,-1,0;170,-2,-15;172,2,-15;174,-6,-5;175,1,20;184,-6,-26;185,3,22;194,-8,-35;195,6,30;204,-8,-37;205,9,31;215,-14,-16;225,3,-5;234,0,-15;235,-7,8;244,-1,-23;245,0,11;254,1,-17;255,-2,14;264,-3,-33;265,-5,14;274,0,-15
rua||vinicius simonette|rosa dos ventos|26278535|4,-2275021,-4350929;14,-7,-15;25,-3,34;26,0,0;30,-1,-14;31,-4,18;34,5,-4;41,4,13;54,-3,26;74,-4,4;84,-8,11;87,2,7;94,-5,-8;105,4,24;106,-6,-12;108,-11,5;110,2,18;115,9,-5;125,1,9;134,-14,3;144,0,9;153,12,16;158,-14,-8;166,8,10;167,-2,13;168,-8,8;170,2,1;176,-6,-9;177,16,7;187,-10,7;196,-9,6;199,6,-4;206,-7,19;211,3,4;216,-11,2;226,6,3;236,-8,9;243,8,11;245,4,12;258,-16,-4;268,0,11
rua||vinte e seis|lagoinha|26296000|20,-2279689,-4358994;28,-2,-1;36,-6,-5;44,-7,-8;52,-10,-8;62,0,0
rua||vinte e seis|lagoinha|26296084|9,-2279686,-4358983;21,-11,-6;29,1,-5;37,-13,-4;45,-2,-4;53,-6,-2;64,5,-24;68,-7,3;76,-6,12;88,0,2
rua||vinte e sete|adrianopolis|26050340|77,-2267278,-4346079;81,31,-17;83,-5,6
rua||vinte e sete|adrianopolis|26053310|610,-2266499,-4345433
rua||vinte e sete|adrianopolis|26053591|77,-2267225,-4346004;82,-105,-4;89,18,-25;92,610,534;94,-563,-539;96,-31,38;98,33,-62;100,-29,18;102,36,-21;110,-45,27;157,131,-97;186,10,20;226,64,42;236,23,11;246,31,36;256,18,7;266,32,18;276,4,3;316,62,32;326,10,15;327,-10,-7;346,29,45;356,-1,-7;457,154,133;526,24,111;527,7,5;750,-72,-148;770,-30,-15;817,207,411
rua||vinte e sete|lagoinha|26296000|47,-2279951,-4358952;55,2,3;63,10,-6;71,6,-15;79,-1,2;87,3,-1;95,5,-10;103,2,-5;111,7,-11;119,7,1;127,-1,-6;135,-2,-10;143,10,-11;151,1,3;159,4,-9;181,15,-18;187,3,-12
rua||vinte e sete|lagoinha|26296075|82,-2279950,-4358935;213,91,-149;217,-12,30;220,18,-23;223,-3,-12;230,6,4;233,2,-12;238,4,8;246,6,-13;254,3,-6;255,-5,-9;262,7,7;265,-2,-18;270,7,10;275,-7,-8;278,7,5;288,6,-11;298,1,-9;304,2,-1;309,8,-16;312,3,11;317,-5,-11;320,14,-4;325,-5,-4;351,13,-21;361,18,-11;371,1,-1;398,13,-11;406,8,-8;414,7,-6;422,5,-10;430,1,-4;438,13,-8;446,-4,-4
rua||vinte e sete|lagoinha|26296129|391,-2279764,-4359217;401,13,-13;411,4,-5
rua||vinte e sete|nova brasilia|26053310|10,-2266506,-4345383;15,-3,3;20,-3,-2;25,0,0;30,-53,-15;33,-69,-20;35,97,13;37,3,1;40,16,20;45,4,2;80,-173,-46;150,121,1
rua||vinte e sete|parque alvorada|26053591|25,-2267387,-4345942;60,41,-52;80,-21,36
rua||vinte e sete|vila de cava|26053591|2,-2267423,-4345916;4,-6,11;20,50,-54;24,-26,35;25,24,-23;26,-17,17;27,-16,19;39,-9,11;41,12,-25;45,225,-374;55,-62,37;59,-104,259;60,-14,-10;61,-3,48;72,311,-383;147,-136,198
rua||vinte e tres de setembro|ipiranga|26293342|11,-2278334,-4355636;14,-365,19;15,27,1;16,5,-5;17,-21,1;28,153,-4;30,146,-5;33,-56,3;35,-159,7;40,208,-9;50,7,-4;60,7,-1;134,-14,6;138,4,-1;142,3,-1;162,-207,13;165,22,-10;166,5,5;169,1,-7;185,49,-1;225,29,-1;230,17,7;232,-14,-5;234,-7,2;235,16,-6;245,9,3;257,45,-2;290,37,3;371,17,-8;381,5,1;390,71,2;400,14,3;410,2,-6;420,19,10;425,-9,-12
rua||virgilino modesto da silva|prata|26010115|143,-2275913,-4341889;158,8,-19;167,-10,-14;168,1,-8;193,-2,17;195,-1,-13
rua||wesley advicunha de souza|campo alegre|26061627|600,-2277243,-4362254;806,82,12
rua||wesley advicunha de souza|campo alegre|26083282|605,-2277451,-4360474
rua||wladimir vila franca da silveira|corumba|26042140|10,-2270687,-4347612;11,31,-10;12,0,0;13,2,-10;20,57,-181;21,-98,334;24,-10,-14;30,106,-318;31,-49,160;41,-47,149;46,29,-87;51,-18,75;59,-18,44;61,12,-51;81,6,-19;91,3,-17;97,12,-23;105,12,-37;111,-16,48;115,6,-36;120,46,-121;125,-32,97;130,28,-102;131,-51,154;135,2,7;140,57,-175;145,-63,186;150,60,-191;155,-69,210;165,37,-106;170,31,-119;175,-69,231;180,81,-238;185,7,-4;195,-52,157;201,54,-178;203,10,-16;205,-52,146;206,2,3;221,35,-122;225,-105,309;227,8,-16;230,108,-327;234,2,-1;240,5,-13;265,-47,161;301,46,-163;311,-6,33
rua||zeno soares|vila guimaraes|26088365|2,-2270226,-4352584;36,-12,-1;76,24,2
travessa|presidente|sodre|centro|26215180|3,-2275310,-4344808;4,5,5;5,5,7;6,2,-3;10,12,4;33,6,5;52,-2,2;55,13,0;58,0,7;65,1,2
travessa||airton senna|riachao|26279065|76,-2274645,-4351791;121,1,13
travessa||carlos sampaio|austin|26087287|1,-2270861,-4353118;15,-222,-22;19,50,8;21,31,12;23,16,11;26,36,8;28,19,1;32,44,-10;33,12,-1;34,-17,3;36,34,-12;37,-121,-24;38,146,17;72,-112,33;630,99,-29;1174,-256,-38;1186,19,10;1246,50,22;1358,95,33;1406,44,-8
travessa||carlos sampaio|austin|26088040|1,-2271153,-4353182;3,563,220;7,-26,-32;12,-98,-71;13,38,34;17,35,20;22,-11,3;26,-252,-99;27,-8,5;29,-41,1;32,-39,-15;33,8,4;41,-151,-69;53,592,247;140,-151,-124;212,59,63;457,-382,-132;459,14,-4;601,218,2;607,-100,16;621,4,-8;627,29,-4;673,54,-5;800,-362,-64;937,546,200;1125,-134,-99;1137,7,3;1159,22,18;1200,-40,-29;1204,-47,-21;1220,52,25;1240,5,3;1250,6,9;1264,15,8;1268,10,7;1328,191,301;1420,-112,-235;1425,-40,-38;1460,59,48;1465,-44,-32;1612,-63,-47;1748,118,94;1766,11,9;1786,22,9;1806,12,15;1807,-6,-6;1866,39,61;1870,-20,-42;1872,6,7;1878,12,45;1884,4,34;1886,4,8;2225,-61,-134;2265,16,5;2364,40,98;2380,10,-2;2383,-3,-11;2384,-12,93;2385,8,-81;2391,1,17;2422,-6,47
travessa||carlos sampaio|tres fontes|26088040|16,-2270143,-4352632;2114,149,-49;2530,-84,31;2590,29,-10;2630,28,-11;2634,17,0;2718,27,-7
travessa||carlos sampaio|vila guimaraes|26087287|4,-2271619,-4353714;9,-34,18;10,33,-13;202,-55,21;282,0,1;310,91,-27;374,66,21;394,-12,-6;535,-153,23
travessa||carlos sampaio|vila guimaraes|26088040|1,-2271246,-4353236;2,-366,-490;6,396,511;7,-25,-7;8,-26,-24;10,-174,-220;11,232,257;12,-232,-267;13,-91,-62;14,182,230;15,-75,-78;17,-19,-121;18,67,204;19,49,34;20,-178,-195;21,62,-35;22,32,123;23,-258,-186;24,285,238;25,-142,-139;26,96,56;27,-315,-238;29,28,-11;30,0,2;32,-74,21;33,-4,-9;51,247,-74;52,181,416;77,-410,-327;97,4,-10;98,7,-4;104,475,394;119,-21,-2;120,-142,-361;121,151,370;124,-108,-93;137,-32,-144;139,-282,-185;149,-11,8;155,285,100;165,46,224;177,-6,-20;179,-11,-26;181,6,12;200,36,56;202,-72,-202;210,1,-12;214,-15,-76;255,-57,-98;287,75,140;289,-10,3;291,159,303;300,-155,-300;304,-133,-160;309,140,156;311,43,231;347,-92,-366;375,-36,-10;413,69,71;440,-160,-82;480,-56,16;490,-7,8;494,-14,17;530,7,-9;564,215,25;2438,1160,1022;2442,0,-1;2444,19,-3;2446,12,-1;2448,17,0;2450,13,1;2456,26,4;2498,17,4;2911,-170,24;2916,43,-16
travessa||carlos sampaio|vila maringa|26088040|1,-2270149,-4352633;2,-271,12;4,0,11;8,219,-25;9,-8,4;10,30,7;11,9,-9;111,160,-43;200,-412,58;1416,6,13;1436,32,-9;1549,332,-47;2113,48,-21;2393,-524,-93;2416,68,121;2420,-7,-11;2443,159,28;2445,11,-4;2447,25,6;2449,4,-1;2451,10,10;2453,19,-3;2535,129,-14;2539,17,-11;2543,14,3;2545,2,-3;2555,30,-16;2915,-325,54
travessa||el shaday|campo alegre|26292039|5,-2276260,-4355071;6,0,-4;8,20,19;9,-31,-25;11,33,28;12,-42,-41;13,33,30;14,-38,-35;15,-2,0
travessa||franca soares|centro|26255050|10,-2276231,-4345077;20,-3,3;32,-14,-10;38,-13,-4;45,2,-1;47,2,9;48,-4,-12;54,-3,5;64,-2,-11;70,-11,19;80,-5,-9;160,8,-13
travessa||geni saraiva|ceramica|26031180|19,-2273598,-4347773;27,1,8;37,-1,6;43,3,11;57,-8,15;61,-2,0;67,1,5;73,2,4;85,1,5;95,-9,7;103,1,14;111,-1,7;115,2,5;129,-3,18;133,3,5;157,-5,23;163,-1,5;189,-9,26;199,-2,11;209,6,13;227,1,20;244,4,9;261,9,1;276,10,5;279,4,-4;286,4,8;291,5,1;295,8,-2;296,-4,5;327,28,3;328,-2,10;334,8,5;342,7,-2;353,15,-9;369,7,6;405,18,-13;415,16,-2;425,20,0;19650,-258,-992;19660,-37,10;19670,-2,-14;19680,-2,-10;19690,5,-12;19696,0,-6;19700,0,-11;19710,2,-2
travessa||geni saraiva|ponto chic|26031180|1,-2272851,-4346885;2,25,-8;3,-34,18;4,-11,11;5,-5,1;6,-17,16;9,15,-20;10,39,-27;11,-17,1;13,-14,19;15,12,-8;625,35,-9
travessa||geraldo cavalcante silva|jardim tropical|26012754|1,-2275140,-4343198;2,-4,2;3,0,-10;4,7,3;5,2,-9;6,2,1;7,1,-6;8,-25,21;9,38,-27;10,1,3;11,4,-14;12,6,9;13,-7,-1;14,2,3;15,6,-11;16,4,-5;17,3,-4;18,-5,-5;19,-6,25;20,26,-27;21,-12,12
travessa||geraldo salgado|ceramica|26031080|11,-2273258,-4346941;21,-7,7;22,-8,-2;32,-24,10;42,-13,9;85,-7,-1;96,1,6;98,-19,3;100,-5,4;101,-19,5;122,13,-1;140,-14,1;142,-5,6;152,-5,1;162,-12,7;172,-7,2
travessa||luis silva|comendador soares|26280561|28,-2274025,-4348172;37,-4,2;38,12,-6;48,8,0;57,-1,-1;58,1,-3;59,5,-5;69,9,0;313,-27,11
travessa||luis soares|comendador soares|26280180|11,-2273801,-4348816;23,-14,-13;26,-1,-3;36,-3,-2;40,-13,-5;46,-7,-1;55,-15,-16;56,11,5;65,-10,-7;66,3,7;76,-14,0;83,-5,-4;86,0,-5;91,-9,-6;96,0,2;100,-119,-32;101,111,28;102,-117,-34;104,10,3;106,50,14;115,42,9;116,-3,-3;125,-16,-5;126,12,-2;132,-12,0;138,-10,-5;142,2,1;147,-15,-7;148,0,3;149,10,5;150,-3,-6;198,-46,-5;208,-11,-4;217,-12,1;218,-7,1;227,4,-3;228,-17,6;237,4,-2;238,-8,-4;239,3,5;240,0,-2;248,-18,0;250,4,-4;258,-14,-1;268,-1,-6;278,-15,0
travessa||luis sobral|centro|26216115|560,-2275377,-4343729;565,11,-4;566,-4,0;567,6,-4;570,-2,-12;578,10,8;579,0,-5;587,5,-9;605,6,-16;607,11,-1;609,-1,0;613,22,-10;628,-10,11;638,7,-15;646,3,-1;650,7,-13;651,-1,-8;652,25,19;665,-32,-34;670,21,17;677,5,-28;684,3,22;694,7,-12;704,19,1;719,-17,-4;721,4,-6;725,8,1;726,10,4;730,7,-11;733,-9,6;735,5,-5;737,8,-8;740,0,5;741,7,-9;748,10,9;754,-6,-7;758,14,0
travessa||maciel soares|ceramica|26031440|10,-2273694,-4348195;19,-7,1;32,-5,5;39,0,-2;42,-11,-6;49,-4,8;59,-8,-1;67,-9,-3;77,-12,-1;79,-5,-3;89,-30,-13;90,19,5
travessa||moura sa|centro|26255080|23,-2276157,-4344923;33,9,-2;63,-45,-13;71,-4,-8;75,14,5;79,-17,-3;95,-15,-10;103,-14,7;111,0,-11;114,11,-4
travessa||oswaldo de souza|centro|26214370|45,-2275404,-4343942;68,5,3;277,-52,27;285,29,-11;287,-5,4
travessa||sacopa|ambai|26041345|1,-2270357,-4344882;2,3,-4;34,-9,6
travessa||sacopa|monte castelo|26061627|3,-2270350,-4344903;522,3,-17
travessa||santana|ceramica|26280280|29,-2273528,-4348652
travessa||santana|comendador soares|26280280|8,-2273948,-4348837;11,67,15;16,-66,-9;19,4,7;25,5,-2;34,6,-2;44,9,6;52,11,-1;55,-1,0;65,14,-4;66,-1,5;80,16,1;85,-7,-5;94,15,7;96,9,3;97,-12,-4;98,25,3;107,-9,-1;115,6,-4;119,12,6;120,-1,2;121,4,1;140,5,0;152,15,2;653,-129,-15
travessa||santana|tinguazinho|26080000|1,-2273041,-4349528;2,-81,-54;3,17,-23;9,60,14;13,-18,9;18,49,-8;20,-5,18;22,-3,21;24,6,2;60,-22,61;85,79,58;88,96,-12;90,29,-10;98,-114,14;100,121,-11;106,21,11;110,22,19;142,-205,-60;215,225,132;216,4,-8;217,24,44;218,-16,38;240,-88,-151;300,-202,-86;301,1,-22;302,25,8;303,-26,27;305,12,-30;318,-12,12;355,354,325;360,-320,-308;370,11,38;380,10,-3;382,24,27;399,-123,-165;420,244,194;840,210,-48
travessa||shirley|centro|26255120|6,-2276440,-4345266;8,-1,-8;10,-8,3;12,0,0;14,0,-7;15,-6,-3;16,-13,-18;33,7,12;38,-10,-8;43,1,8;48,2,-15;51,-10,8;58,-7,-9;61,-4,0;68,39,19;71,-40,-15;78,-5,-10;80,-7,-6;81,-4,8
travessa||simas|cacuia|26062015|10,-2273547,-4349892;21,14,7;43,61,53;45,-54,-46;55,16,12;75,4,3;85,16,12;93,2,4;121,53,40;125,4,4;239,63,52;240,-46,-34;250,5,4;260,8,8;269,46,2;270,-37,-2;271,7,0;272,5,-3;276,44,27;334,-127,-68;336,6,4;345,-4,-11;346,12,16;360,19,10;365,-20,-18;369,4,3;388,17,17;389,11,5;792,-158,-124
travessa||simas|cacuia|26082015|4,-2273533,-4349871;5,20,14;6,-43,-36;50,41,18;76,-6,9;80,-32,-24;98,51,41;102,10,9;800,-43,-44
travessa||soares|centro|26255110|23,-2276438,-4345357;29,22,53;36,-27,-35;44,0,10;80,14,35;109,6,16;113,-13,-3;119,3,11;129,1,12;139,-4,11;140,-13,-11;149,17,18;159,-8,4;169,-1,8;179,-1,16;189,-4,6;199,-8,-1;201,11,7;209,-12,-6;221,-6,-25;231,-7,-15;233,-9,-3;239,1,-11;240,-10,-8;243,-2,2;245,56,-92;250,-59,82;253,2,2;263,-10,0;273,-3,-10;279,68,-68;283,-81,53;285,1,-2;293,4,-4;340,-41,-35;345,4,10;350,-3,-12;355,-2,3;360,-7,-15
travessa||sul|rosa dos ventos|26276310|74,-2274777,-4350402
travessa||turibio sobrinho|comendador soares|26280302|5,-2274275,-4348249;16,12,-6;25,-3,-1;27,-1,1;30,5,-7;33,-2,2;35,4,-11;50,2,-9;60,-5,-3;212,2,43;213,-4,1
travessa||vinte e sete|vila de cava|26053591|126,-2267293,-4346125
