acesso|presidente|dutra br 116|centro|12573240|381,-2284725,-4522775
acesso||vila mariana|santa terezinha|12573348|3,-2283509,-4522463;7,-41,86;9,41,-46;300,-38,44;340,-16,7;350,16,-19
alameda||chad gebran|centro|12570114|51,-2284008,-4522567;85,-33,23;87,7,7;90,3,-18;107,-5,30;117,-9,4;128,-7,-15;129,-5,24;130,-11,-6;133,7,15;143,-2,-5;149,-9,-2;150,16,-5;157,-8,7;159,-11,7;167,0,9;168,-4,-10;171,-4,10;175,-11,-3;188,8,0;189,-6,8;191,-6,19;198,5,-24;211,-20,31;218,6,-12
alameda||jose justino de lima|santa rita|12576050|4,-2285344,-4522930;6,8,-86;8,-37,10;15,31,-34;25,-4,19;45,-23,8;47,-6,2;49,0,5;51,-13,15;53,-8,6;65,-9,-2;87,-7,5
alameda||moises de lima maciel|santa rita|12576038|24,-2285280,-4522961;46,-11,-43;52,-12,7;58,-6,-3;62,1,4;63,-2,2;70,-11,1;71,6,3;74,-9,6;75,4,1;81,1,4;82,-7,-2;83,0,2;86,-4,-8;89,1,11;94,-8,1;96,-6,-3;97,8,9;103,-11,3;108,-3,-4;109,2,5;115,-3,5;116,-5,-5;120,-4,1;121,2,4;124,-13,-2;127,4,9;136,-6,0
alameda||silvio de almeida|santa rita|12576036|12,-2285268,-4523026;23,-4,18;25,1,3;27,-1,-12;29,-4,7;31,-14,13;33,8,2;35,8,-6;37,-1,-1;41,-3,21;43,-3,3;45,-1,-7;47,4,8;48,-10,-13;49,-8,16;51,-1,5;53,13,-3;55,-12,7;67,1,1;75,-8,19;80,5,-16;90,-3,10;96,-3,4;102,-8,3;108,-5,5;114,-4,1;120,-4,3;128,-2,7;134,-11,1
avenida|doutor|julio prestes|ponte alta|12575068|8,-2284731,-4523417;16,33,237;18,37,-7;20,-23,13;28,2,-6;32,-2,-12;40,-15,2;48,9,-12;52,4,-2;74,-17,-28;84,13,-11;88,-24,11;98,7,-6;110,14,-16;172,-7,-79;174,-8,33;176,-16,-47;178,17,8;180,-6,-10;182,-5,-5;184,-8,-5;186,17,11;188,3,-4;190,-9,0;192,15,18;194,6,-2;220,-33,-30;226,11,-11;238,3,1;240,10,12;242,-27,-18;248,-1,-8;256,-19,-22;260,8,2;262,-23,4;264,35,-3;276,10,-21;290,0,-10;296,-1,-6;312,-6,-9;320,-3,-10;326,3,-7;330,6,-6;334,-7,-1;338,-4,-5;346,-2,-2;387,5,-83;391,-21,-13;392,17,26;397,-20,-43;400,11,26;404,-5,5;410,1,-3;412,-3,-5;417,-3,-37;419,2,-1;421,-16,-3;425,20,-2;427,-3,-26;431,-9,17;432,9,49;434,7,-11;439,-8,-48;441,-18,3;443,13,-13;446,15,42;448,-22,-1;450,14,-10;452,2,2;454,2,-16;455,-16,-18;461,3,-9;462,12,21;464,0,-4;468,15,-2;470,-26,-12;478,2,-1;480,-2,-10
avenida|papa|joao paulo ii|centro|12575050|600,-2284345,-4523205;610,-3,-1;620,6,4;628,2,-1;650,8,10;674,12,-8;678,4,1;690,2,20
avenida|papa|joao paulo ii|ponte alta|12575050|45,-2284701,-4523310;48,13,30;58,38,2;75,7,-24;86,23,25;88,-2,26;89,-15,-33;98,33,29;99,1,-51;102,-1,41;104,4,-2;113,-10,-20;120,24,17;121,-20,-18;123,5,8;137,10,-2;160,16,38;168,69,-4;172,2,14;174,-3,-4;180,8,6;217,-18,-49;219,18,8;220,-70,26;221,71,-19;225,4,21;233,8,-20;250,-75,12;301,137,6;303,1,-5;307,6,-2;416,-65,28;430,19,14;434,8,-24;444,-1,6;450,14,12;456,3,-2;470,15,-2;476,-1,9;484,35,-1;552,-24,1
avenida|presidente|getulio vargas|centro|12576028|1,-2284604,-4523134;2,2,8;3,-4,1;4,0,-6;5,-1,2;6,0,2;7,4,3;8,-5,21;57,106,-21;63,-2,-3;75,-26,5;79,-1,-1;91,-14,3;93,-11,-1;97,-1,2;109,1,0;113,-4,1;125,-18,-4;135,-23,-3;137,-2,1;151,-8,-15;159,-1,-3;165,-11,7;167,0,0;171,-18,-9;179,-8,11;181,-10,-27;185,-3,2;187,-6,14;195,-9,4;223,-12,2
avenida|presidente|getulio vargas|santa rita|12576028|185,-2284909,-4523156;251,-30,-6;303,-24,36;305,-12,-40;307,-4,-19;309,-8,-7;313,9,7;333,-83,1;335,-3,-1;337,-9,0;355,48,21;357,-27,-17;393,-16,-1;433,-31,-12;437,-3,-4;465,-22,-1;485,23,-29;501,-45,35;511,-21,-12;631,-50,-1;681,-17,-10;753,-24,-22;755,-3,2;759,-7,6;761,7,4;765,-5,-4;767,-12,6;769,-5,-1;781,-12,-26;785,-40,32;879,-34,-27;889,-29,-4;901,-42,-8;907,-52,-6;911,25,15;969,-111,-19;990,34,-2;995,-59,-18;1013,-28,-3;1195,-23,-2;1221,-50,-8
avenida|presidente|juscelino kubitschek|ponte alta|12575094|8,-2284572,-4523884;101,96,47;111,38,-7;270,-154,-54
avenida||alexandro cesar dos santos gregorio|santa terezinha|12573348|1,-2283504,-4522477;2,-6,9;3,-3,7;4,-3,7;5,-9,16;8,27,-33;9,-22,33;11,-3,-6;15,55,-91;45,12,-53;47,-5,-9;49,2,-5;51,-2,-6;55,2,-2;65,-6,36;71,-2,22;75,1,13;83,-12,34;85,-6,5;151,-31,46;153,-8,9;790,-14,75;808,7,-16;816,7,34;841,-2,-60;843,-2,-9;848,3,-2
avenida||alexandro cesar dos santos gregorio|vila mariana|12573500|5,-2283298,-4522066;440,-20,16;442,-2,-2;446,12,-20;464,-24,0;472,-7,0;480,-6,-5;486,-6,-5;492,1,-2;500,-7,-6;574,-42,-54;576,-7,-1;578,4,-10;588,-1,-1;596,-3,-1;604,-6,-8;606,-7,-7;618,-5,-2;626,1,-5;632,-5,-3;640,4,-17;648,-11,7;654,-7,-14;656,2,3;664,-11,-11;668,-5,-3
avenida||antonio samaha|centro|12570100|123,-2283866,-4522690
avenida||antonio samaha|jardim sao paulo|12570100|8,-2283934,-4522627;11,-2,-1;16,9,1;18,12,-5;20,-12,-6;33,-1,6;35,12,1;37,-2,-17;44,18,-26;49,-12,21;51,6,0;56,18,-14;57,-1,6;60,9,-20;64,10,4;66,-1,2;67,-11,23;71,-8,-8;83,1,-4;84,19,-13;86,2,-2;89,-25,7
avenida||aristides de andrade|ponte alta|12575048|158,-2284689,-4523481;207,280,197;211,-30,-10;237,-28,-50;241,-7,21;249,-4,-13;307,-56,-33;313,6,3;323,-10,10;325,-6,-22;337,-13,-16;341,-2,-2;387,-33,-3;401,-3,-1;407,-7,-4;411,3,-2;421,-12,-6;425,-10,-13;429,13,10;431,-3,-1;435,2,3;441,-31,-12;457,1,-8;479,-25,-15;503,-23,-38;551,-24,-3;563,-3,0
avenida||beira rio|ponte alta|12575018|10,-2283791,-4523218;11,-10,1;13,-2,-6;16,5,3;20,-15,5;30,3,-10;33,2,-9;39,-5,0;40,4,10;50,-3,-16;56,90,165;64,-92,-170;70,-10,0;80,-5,-10;90,-3,4;100,2,-13;111,-37,-11;122,24,8;125,-18,-1;171,50,38;307,-41,-40;313,11,11
avenida||benedito pereira|santa terezinha|12573328|480,-2283296,-4523020;500,10,-20
avenida||integracao|bairro santa edwiges|12573704|9,-2282461,-4522895;11,-80,326;15,107,-384;22,-86,368;33,162,210;35,1,-6;39,-18,-17;41,35,32;52,-200,-203;64,196,211;73,-34,-44;75,-5,-12;77,-138,-170;91,129,157;97,2,-4;101,-4,-6;145,-21,-17;255,-41,-56;490,-1,-451;1320,-39,351
avenida||itaguassu|itaguacu|12576408|2020,-2285810,-4524915;2030,-4,-31;2040,8,-9;2050,-6,-3;2060,4,-20;2070,7,-16;2080,7,-30;2090,-3,11;2096,44,-21;2100,-36,3;2108,-2,-10;2110,2,-3;2200,-25,-103;2206,-21,11;2210,-19,-19;2222,5,7;2230,-8,-5;2240,-7,-6;2250,-17,-14;3010,-133,-147;3020,-2,-7;3048,-15,-29;3613,-698,-226;3633,-53,-28;3653,2,1;4013,78,47;4017,-15,-9;4287,-67,-43
avenida||itaguassu|itaguacu|12576600|50,-2286670,-4525574;1123,-145,279;1961,1005,485;1963,-11,-40;1971,-2,18;2661,-127,-365;2709,-26,-14;2797,-44,-51;3100,-69,-171;3120,-10,-20;3164,-30,-21;3170,-9,-11;3172,-7,-1;3174,-3,-11;3180,-8,-7;3190,-30,-18;3191,97,104;3194,-109,-113;3200,-1,0;3201,112,117;3210,-115,-121;3230,-4,6;3240,-8,-21;3250,-21,-4;3300,-42,-14;3302,-38,-4;3328,-3,-30;3344,-69,36;3372,-31,11;3392,-24,2;3422,-22,1;3432,-23,16;3472,-30,4;3500,-30,7;3512,-20,-9;3516,-18,-4;3524,-23,-4;3528,-31,-12;3530,-9,-9;3534,-8,-9;3542,54,36;3613,-114,-39;3653,-51,-31;4000,41,-27;4010,-14,19;4013,29,48;4017,1,-1;4020,-23,-55;4040,-2,0;4217,-32,17
avenida||itaguassu|sao geraldo|12576408|17,-2285746,-4524552;845,-42,-162;1711,86,247;1713,-4,-10;1717,-46,-65;1735,-4,-24;1745,-2,-8;1789,-7,-30;2500,-189,-617;2800,-7,-8;3000,-16,-15
avenida||itaguassu|sao sebastiao|12576200|584,-2285146,-4523868;608,-18,-20;612,-10,10;614,-6,-23;616,-12,32;618,10,-17;620,-18,-11;622,2,29;630,6,-36;652,-42,-12;698,-7,25;702,-8,-7;710,19,-21;734,-44,-8;742,-11,-2;743,8,-5;768,-8,-13;776,-20,5;782,4,-5;788,-7,0;800,-11,-10;802,-4,3;808,2,-1;812,-12,-3;826,-2,-10;832,-5,16;840,-3,-21;868,-11,6;1290,-115,-329;1296,-8,-10;1298,-7,-5;1306,0,-11;1418,-68,-67;1428,20,-137;1438,-44,123;1450,-24,-10;1530,-28,-22;1540,-8,-15;1548,-20,-2;1558,-4,-15;1560,22,-4;1568,37,-26;1636,-87,-23;1650,-25,2;1664,-9,1;1666,1,-6;1728,189,2;1732,-205,-63;1736,205,59;1740,-2,1;1750,-219,-112;1784,-1,-34;1794,-12,-20;1800,231,163;1850,-236,-197;1854,-7,-5;1860,83,62;1862,-84,-81;1864,-1,-9;1870,1,-4
avenida||itapitanga|itaguacu|12576604|21,-2286274,-4525841;23,-20,-48;33,-3,-7;390,-190,-398;400,-6,-9;430,-11,-25;434,-10,-12;441,14,17;550,-132,-172
avenida||itau|itaguacu|12576632|2,-2286955,-4525740;6,-14,0;12,5,-4;14,1,-2;16,-3,-17;18,4,27;26,-4,-38;36,0,-12;40,0,-20;109,-22,-25;110,27,-32;111,-28,26;117,5,-40;121,-2,26;129,-4,-17;130,22,3;132,2,-2;133,-20,11;135,2,-3;139,1,-18;149,-4,-9;150,24,-2;159,-18,-5;169,2,-21;189,-7,-10;199,8,-9;200,12,-2;206,8,-36;208,-20,5;209,-7,22;210,22,4;214,5,-39;216,-6,-10;219,-24,32;229,3,-11;232,24,-57;238,-4,-8;239,-22,60;240,21,-61;244,-12,46;246,17,-63;249,-24,70;252,27,-73;256,4,-6;258,-9,2;259,-23,68;260,35,-85;264,0,-6;269,-39,67;270,43,-72;276,0,-12;281,-36,66;288,42,-89;300,8,-24;301,-50,96;304,56,-107;310,1,-4;311,-53,106;315,-4,-10;320,64,-120;321,-62,112;322,70,-116;324,6,-3;329,-73,114;330,73,-118;331,-71,117;336,77,-123;342,7,-10;346,4,-8;348,1,-2;352,0,-2;358,9,-15;366,3,-12;368,3,-4;370,2,1;371,-97,138;376,102,-150;383,-100,141;390,26,-2;394,95,-171;400,7,-10;404,4,1;412,-100,150;414,101,-163;424,6,-3;426,-61,151;434,68,-162;453,-114,135;454,123,-152;463,-115,144;464,118,-147;473,-100,153;474,-15,18;480,120,-180;482,-2,-6;483,-111,145;484,116,-148;491,-116,141;493,-2,1;494,122,-156;503,-110,151;517,2,-7;522,122,-157;523,-117,145;529,4,-15;532,119,-136;533,-118,140;536,115,-143;538,4,-12;542,1,0;543,-116,145;552,115,-149;553,-108,145;562,122,-154;563,-119,139;564,-3,46;572,150,-191;578,-15,-13;579,-117,139;582,124,-134;586,-124,179;588,116,-184;592,3,-9;596,6,-4;603,-115,134;607,2,1;612,119,-147;613,-115,144;620,119,-150;623,-116,144;632,119,-147;633,-115,136;634,121,-142;637,-120,140;643,11,-8;653,-7,-11;656,131,-151;663,-121,149;664,13,29;673,-3,-41;680,116,-145;683,-109,134;690,106,-138;691,-104,132;693,2,4;700,106,-141;703,-112,130;713,9,-9;723,5,-5;733,4,-10;753,14,-12;763,4,-13;773,0,-4;783,8,-12;793,2,-2;803,7,-15;813,0,-1;823,8,-9;831,9,-5;833,-1,-9;843,3,-7;883,19,-27;887,-1,-7
avenida||joao ferreira barbosa|jardim paraiba|12575160|76,-2284792,-4524000;130,-3,-27;190,-62,195;280,91,-298;290,8,-13;300,3,-10;310,4,-8;380,21,-63;383,-41,90;390,39,-99;395,-33,81;435,12,-37;445,-7,22;465,11,-30;475,10,-21
avenida||joao ferreira barbosa|ponte alta|12575160|164,-2284856,-4523848;184,4,-14;204,4,-14;208,4,-4;214,5,-13
avenida||juvenal arantes|jardim paraiba|12575174|9,-2285038,-4523945;10,15,-1;12,5,-10;19,-6,4;29,-3,7;39,5,-21;49,4,-9;59,5,-12;69,6,-7;79,6,-12;89,-3,-6;99,10,-10;109,2,-7;119,6,-11;129,2,-9;139,1,-8;169,-2,-27;179,19,-7;189,3,-10;199,3,-9;209,1,-6;219,7,-15;229,6,-9;239,1,-9;249,8,-7;250,4,19;259,-3,-23;260,7,3;269,0,-17;270,3,5;279,2,-14;289,-5,-1;300,24,-24;310,66,-391;340,-55,366;346,2,-14;350,3,-11;354,7,-4;360,8,-27;366,2,-11;380,3,-27;390,1,-10;400,0,-7;410,3,-7;420,0,-9;430,-1,-13;450,3,-12;459,-14,14;484,15,-21;486,0,-13;489,-8,16;499,-2,-2;509,4,-18;510,6,-3;520,0,-12;539,-4,-8;549,-1,-7;559,0,-15;560,12,-16;569,-9,11;570,12,-22;579,-11,10;580,11,-17;589,-10,9;590,10,-13;599,-3,-3;600,5,-5;609,-5,2;610,6,-17;619,-9,5;620,10,-13;629,-6,2;630,6,-2;639,-3,-8;640,3,-17;649,-7,12;650,8,-18;659,-3,6;669,-5,-12;670,7,-20;679,-2,12;680,9,-21;699,-4,3;700,7,-21;709,-10,9;710,11,-18;719,-11,8;720,14,-13;721,-5,-29
avenida||padroeira do brasil|aroeira|12573276|64,-2283292,-4521898;532,-68,-99;544,10,13;556,4,22;588,18,10;598,6,8;602,8,-8;614,5,3;654,18,46;668,1,8;680,39,60;700,53,73;740,-32,-48;760,23,15;818,44,54;820,3,18;840,8,2;844,2,25;888,10,52;960,36,5;974,3,17;978,3,-3;988,1,15;1000,12,-7;1010,9,15;1012,8,-5;1016,5,-6;1022,9,34;1024,-2,-1;1026,16,-9;1120,29,91;1142,44,55;1178,-19,56;1200,57,-22
avenida||padroeira do brasil|centro|12573276|25,-2283706,-4522357;37,10,13;99,91,67;101,10,6;109,3,3;113,-5,-12;123,7,21;127,4,-7;137,6,0;141,10,22;149,0,-8;151,3,3;165,5,-3;171,11,8;195,15,27;209,-287,-221;217,16,0;219,0,0;225,2,0;235,9,9;251,31,35;255,1,-4
avenida||padroeira do brasil|jardim sao paulo|12573276|5,-2283940,-4522606;9,-2,9;15,17,-4;25,4,18;29,-10,-11;35,17,24;37,-12,-7;39,8,16;51,8,-6;63,5,6;76,17,11
avenida||padroeira do brasil|sao roque|12573276|93,-2283078,-4521640;180,-509,-610;186,30,16;210,6,11;224,13,1;236,12,13;251,28,0;261,13,10;264,-22,16;271,36,1;291,8,14;292,-28,-20;299,31,28;304,-17,-14;306,-13,5;310,20,-1;322,-8,16;326,-18,-6;330,16,8;337,36,25;343,0,-11;345,10,20;349,8,3;350,-44,-34;354,1,11;355,46,27;356,-33,-33;361,40,36;372,-36,-21;376,14,3;385,24,31;386,-9,-5;392,-12,-23;395,33,40;400,-143,52;401,150,-43;411,2,0;421,-8,10;427,11,-2;429,1,9;436,25,59;437,-15,-52;445,4,4;451,0,5;459,18,7;463,-12,10;476,-26,-21;479,29,34;485,16,1;488,-38,-22;495,43,30;497,-3,5;504,-27,-24;505,31,28;506,-16,-23;513,11,39;519,15,-10;523,-8,16;527,8,-12;537,15,20;545,-15,15;549,17,-14;553,10,23;569,5,-18;573,-7,10;599,20,14;621,13,37;629,0,-2;643,10,20;645,5,-9;657,4,9;659,-2,10;661,4,12;675,0,-8;685,1,10;687,15,6;689,13,8;697,-5,-4;713,4,18;721,6,4;811,17,24;815,12,-1;827,-14,9;833,6,-1;839,18,13;841,-3,6;843,15,-5;845,-12,20;853,24,6;855,-13,-5;857,4,0;859,-5,5;863,1,-4;887,13,26;899,12,8;901,11,9;937,6,7;967,5,29;979,28,27;981,-2,2;983,7,4;1003,18,26;1047,-2,5;1051,23,25;1055,0,10;1061,11,-4;1063,6,12;1065,-1,10;1067,-25,17;1101,39,-1
avenida||solon pereira|jardim paraiba|12575212|135,-2284627,-4523920;145,10,-17;157,35,-94;161,3,-3;191,8,-18;193,2,-28;237,-9,-66;247,14,20;257,-1,7;267,12,-67;277,5,-17;287,-1,-17;297,-4,-1;307,5,-17;317,1,-26;327,-1,-15;353,6,-34;355,-47,302;383,44,-285;387,5,-34;397,1,-12;407,3,0;417,-1,-6;427,3,-25;457,5,-28;465,38,1;475,-36,-46;495,-3,-17;499,11,0;555,4,-51;557,0,-13;575,-3,-6;615,7,-45;625,4,-4;631,-2,-15;679,11,-35;697,-1,-18;709,1,-13;731,1,-23;743,4,-13;745,-4,-4;753,-14,-3;1055,4,-326;1058,21,-13;1060,8,16;1065,-1,-65;1075,-37,90;1095,5,1;1300,8,35
avenida||solon pereira|ponte alta|12575113|95,-2284650,-4523873;106,41,-54;107,-31,47;115,4,-6;117,2,-4;119,3,1;121,11,6;123,-16,-17;126,53,-58;146,3,-48;156,15,-6;199,-96,193;207,3,-10;213,5,-9;215,4,-6;231,5,-9;244,93,-201;246,-4,-6;256,-1,-32;264,-85,227;270,19,-30;500,96,-387;646,29,-176
avenida||zeze valadao|aroeira|12573242|511,-2283416,-4521919;525,1,5;531,6,7;541,4,1;545,4,5;551,4,10;567,19,-5;577,-17,5;579,7,16;585,6,7;595,7,9;605,2,-2;613,5,6;633,14,19;655,11,15;659,26,-24;663,-23,32;671,5,4;703,8,20;707,14,0;715,-8,15;723,9,3;737,13,13;745,5,5;763,0,6;765,4,1;783,13,8;791,1,23;801,2,-4;805,8,7;827,7,8;841,15,10;875,35,32;1003,111,158;1005,-57,-83;1007,8,10;1021,9,10;1037,10,14;1057,10,14;1083,15,21;1113,12,28;1125,4,7;1215,55,83;1245,7,8
avenida||zeze valadao|sao roque|12573242|1,-2283600,-4522120;3,-109,-165;10,13,23;11,-9,-18;20,9,8;30,19,13;41,-8,-8;43,-5,-3;53,14,10;59,4,10;60,-10,3;64,36,11;65,-23,-14;67,9,0;75,-12,13;84,14,4;85,2,4;86,-12,5;105,16,5;115,11,12;121,14,10;139,9,12;148,-257,-229;161,271,244;164,-9,-4;166,-1,6;169,10,6;173,6,6;185,7,5;192,-12,0;193,19,11;196,-13,-18;206,10,17;220,-259,-291;221,272,293;230,-248,-285;231,259,300;233,-8,5;235,36,-12;237,-25,18;242,-269,-298;248,246,277;249,31,34;250,-14,-6;251,10,8;258,-264,-314;262,254,313;267,16,1;268,-270,-297;274,10,4;275,271,315;282,-11,-15;290,13,6;292,1,1;300,-214,-154;303,230,154;313,-4,17;315,1,3;318,-1,-3;319,8,7;322,-269,-302;327,271,304;330,-4,-1;339,8,16;342,-260,-301;346,261,313;347,8,-9;348,-263,-303;352,-1,4;358,260,311;359,8,-6;362,-263,-298;368,7,5;374,8,13;378,250,294;380,2,4;383,5,4;384,-4,5;390,6,-3;394,-79,-101;395,89,107;396,-258,-298;400,167,212;406,-150,-207;411,258,286;416,-17,23;418,-240,-300;420,241,308;422,14,6;425,-7,-10;428,6,12;437,5,0;445,1,3;446,-1,5;452,1,1;455,4,-2;462,5,5;466,1,9;467,-9,-14;476,6,23;484,20,-2;490,1,7;500,-315,-392;502,307,393;512,13,14;520,1,6;528,4,8;532,2,7;540,-3,17;544,11,-6;548,4,1;556,-1,5;568,13,7;570,-2,3;588,16,8;600,0,11;604,2,8;610,4,-4;622,-1,9;626,4,14;638,11,0;644,0,6;656,-1,10;660,11,3;680,0,5;692,9,3;696,13,9;710,-8,47;730,21,-20;742,10,8;750,-4,18;760,12,-4;778,-5,9;788,24,10;802,0,8;804,-7,-3;814,14,12;816,6,3;818,12,8;836,8,3;839,-5,11;846,5,-1;856,3,7;862,6,10;864,-2,2;878,4,1;880,10,13;888,4,6;906,15,1;920,7,20;924,-4,5;940,11,7;950,9,1;956,-2,17;966,12,-4;984,6,22;1004,8,5;1010,2,5;1026,22,7;1050,0,23;1054,7,11;1058,2,-4;1070,7,4;1078,1,4;1084,-4,17;1096,18,-5;1110,3,19;1114,3,3;1120,5,4;1130,7,4;1138,3,15;1140,-8,-10;1142,16,18;1152,5,19;1164,9,9;1172,13,3;1182,2,7;1188,6,9;1200,1,10;1208,10,14;1210,-1,4;1248,17,17;1254,5,-1;1258,-5,13;1268,13,4;1276,3,-7;1286,5,18;1302,-4,10;1310,19,11;1821,-2,13
boulevard|general|euclides de oliveira figueiredo|centro|12576028|1,-2284772,-4523123;24,-12,30
estrada vicinal||joao rodrigues maciel|santa rita|12570428|228,-2285844,-4522403;248,-12,6
estrada vicinal||joao rodrigues maciel|sao francisco|12570428|7,-2286139,-4521970;18,-298,-86;21,318,90;26,-28,6;38,-120,-27;41,174,22;80,252,-527;90,-13,-15;105,-401,521;118,190,36;169,-243,-113;232,406,-459;234,-14,5;254,-110,70;258,-20,98;268,191,-75;553,-541,365;1115,48,-1
estrada|professor|andre alckimin filho|mottas|12579899|514,-2291751,-4522613;15000,-135,-33;15051,-184,-173;15500,292,204;15553,-362,-289;15580,141,92;16000,-233,-75;16050,104,-103;17400,-65,152
estrada|professor|andre alckmin filho|canivete|12579899|36,-2285229,-4520000
estrada|santa|cruz|estrada santa cruz|12579899|1840,-2290979,-4525386;3334,-736,-590;9899,753,2943
estrada||bonfim|bonfim|12579899|50,-2296196,-4525990;60,-74,-30;570,-166,801;1717,316,-754;2016,28,-177;6390,89,209;6500,-6,-1;9721,89,21;11000,366,-30
estrada||da embratel|aroeira|12573218|1313,-2283119,-4521263;1315,2,8
estrada||dos motas|machadinho|12579899|6969,-2287644,-4521031;6979,-29,-8;7000,20,-63;7005,-90,81;7240,-128,-182
estrada||dos motas|mottas|12579899|17,-2293872,-4522321;22,-1824,6;100,4236,-409;200,-53,195;1000,-1373,377;9000,3635,66;9897,-1608,-954;9899,-103,16;15105,-1612,717;16000,359,-547;90000,2859,883
estrada||forros|bairro dos forros|12579899|60,-2287008,-4523774;100,-89,10
estrada||guara para bonfim|bonfim|12579899|23,-2296010,-4526032;80,657,1102;171,-2050,-358;186,1678,-598;500,-638,681;525,13,-3;11000,1133,407;13000,-342,-411
estrada||guara roseira|santa cruz|12579899|81,-2291304,-4525712;1000,835,2078;1840,-513,-1759;3334,-732,-579;7300,2806,4338;8000,-276,-134;12470,-888,-1087;90000,-1293,-2963
estrada||imperial|itaguacu|12576604|62,-2287242,-4527124;64,197,202;171,871,342;300,-552,-382;301,-75,114;450,573,465;1899,-838,-654
estrada||joao rodrigues maciel|machadinho|12570428|2000,-2286241,-4520815
estrada||lagoinha|mottas|12579899|206,-2295447,-4525853
estrada||municipal dos forros|santa rita|12579899|40,-2287004,-4523630;80,-232,289
estrada||municipal|sao roque|12573240|71,-2284207,-4522367
estrada||para o bonfim|bonfim|12579899|1800,-2294733,-4522961
estrada||para o bonfim|machadinho|12579899|6699,-2287634,-4521033
estrada||particular|bairro santa edwiges|12573716|1,-2282277,-4523172;6,-2,-24;10,-84,-150;168,90,183
passarela||sem denominacao|santa rita|12570400|215,-2285269,-4522802;217,-10,-4
praca|doutor|benedito meirelles|centro|12570037|3,-2284406,-4523080;5,3,-7;11,4,12;13,6,-17;15,3,6;29,18,-5;35,-1,-2;41,2,-1;51,9,-5;55,5,-3;61,-105,12;73,122,-51;79,14,3;150,20,54;160,-14,27;180,-31,-27;186,21,22;202,4,-2;206,-27,31;208,-5,-20;216,-21,-6;220,1,17;224,-3,3;254,-11,-15;256,-2,8;258,-6,-23;262,2,6;271,-51,-11;273,11,-5;279,9,2
praca|marechal|deodoro|santa rita|12570009|30,-2284919,-4522867;45,1,26;56,20,-10;61,0,33;64,2,2;76,-2,0;87,28,32
praca|nossa senhora|aparecida|centro|12570023|1,-2284707,-4522997;2,0,0;3,0,-3;4,-1,1;5,4,3;6,0,0;7,1,1;8,0,0;9,-6,-1;10,9,5;11,0,0;12,0,-1;14,0,0;15,-59,33;16,52,-38;17,-1,0;30,5,2;31,0,0;52,-51,21;57,-3,0;59,-5,-13;68,17,3;77,6,-8;79,3,2;83,-13,-14;93,31,15;95,-4,-3;150,53,-4;158,5,-14;162,-1,3;185,3,-8;220,-2,16;222,-7,-6;225,5,19;231,-2,-2;233,-11,-14;235,-7,-5;237,8,21;247,0,-8;249,-6,14;250,-2,-16;273,-12,45;292,-28,-1;303,7,-11;308,-12,17;313,8,-20;315,-15,15;320,-7,2;323,2,7;330,-9,9;331,77,-55
praca|padre|marino otacilio plentz|sao roque|12573268|9,-2283607,-4522151;21,2,11;25,-2,13;29,24,13;31,-29,-15;32,-9,12;33,29,10;35,-12,2;36,-12,-18;37,21,19;41,-12,-1;43,-12,-6;45,-6,-13;52,-5,7;53,6,13
praca|padre|victor coelho de almeida|centro|12570108|4,-2283978,-4522584;8,22,-6;22,11,19;36,1,10;42,2,0;54,6,11;64,-1,10;66,7,6;84,7,7;86,8,1;90,2,6;118,5,13;132,10,10;144,3,1;154,-1,18;162,12,2;164,-1,1;174,2,4;184,16,11;186,-5,-1;206,12,17
praca|sao|sebastiao|sao sebastiao|12576212|40,-2285366,-4524088
praca||dinho braga|jardim paraiba|12575140|25,-2284691,-4523921;27,13,12;35,-20,-18;45,-7,-1;55,-7,-8;65,-6,1
praca||erundina|sao roque|12573210|4,-2283678,-4522080;8,-1,7;18,-10,5;44,2,3;46,-34,-28;52,46,48;53,-22,-27;62,4,6
praca||joao vieira dos santos|vila mariana|12573526|12,-2282907,-4521970;14,4,4;16,-2,-20;23,-14,5;26,19,2;32,4,-12;71,-19,2;139,-29,-45;140,44,67;160,-37,-55;170,-17,-17;190,-4,5;310,30,43
praca||jose mensalino de campos|jardim paraiba|12575154|21,-2284613,-4524251;80,-58,1
praca||pedro pasin|santa rita|12570406|20,-2285743,-4522452;348,11,1
prolongamento||linha ferrea|ponte alta|12575004|32,-2284122,-4523114
rodovia|presidente|dutra|bairro dos forros|12573240|60,-2287002,-4523786;77,-743,-2931;837,567,2098
rodovia|presidente|dutra|bairro tigrao|12573240|3,-2284260,-4521708;5,-54,325;6,92,-75
rodovia|presidente|dutra|centro|12573240|116,-2284019,-4522433;120,-8,4;122,-16,0;220,-21,1
rodovia|presidente|dutra|itaguacu|12573240|1,-2287188,-4525168;2,63,-84;3,-417,-1525;323,103,624
rodovia|presidente|dutra|itaguacu|12576200|4200,-2287188,-4525727
rodovia|presidente|dutra|santa rita|12573240|73,-2286706,-4524320;111,-11,6;120,-391,-797
rodovia|presidente|dutra|tigrao|12573240|2,-2284366,-4522420;4,-7,-13;6,-9,2;7,-93,-107;8,89,87;10,-6,-4;12,-12,16;14,4,-6;16,-35,-28;18,-9,-9;20,-1,-10;22,-2,-10;24,-17,-7;25,-27,-41;26,26,40;28,0,-12;30,-6,-2;32,-16,-22;36,-2,2;38,-15,-13
rua|barao|do rio branco|centro|12570065|12,-2284292,-4523051;20,17,-9;40,7,31;44,-3,-1;46,3,4;50,4,-1;60,9,8;65,4,0;70,4,17;72,-8,-2;73,9,-21;75,-3,3;79,7,9;90,-2,4;96,-3,12;100,6,-4;105,10,6;119,9,9;122,1,14;123,-2,-14;127,2,-1;129,-2,5;138,5,8;142,4,-15;144,-1,10;145,5,11;147,-1,2;150,-17,10;151,17,-4;154,-11,0;157,5,-1;160,21,3;162,-5,5;167,1,3;168,-8,-8;169,10,10;170,-1,-12;173,31,-17;174,-30,24;176,7,5;180,-23,18;186,22,-6;187,0,-12;188,5,7;191,-5,12;194,-3,-1;201,1,1;207,7,7;211,17,14;213,-4,-2;223,4,6;243,-10,5;251,19,15;255,8,-2;257,-12,7;259,-3,2;263,17,-2;265,-6,9;275,1,2;279,16,6;295,11,-3;299,12,-8;300,-5,40;320,1,-2;335,12,3;343,8,14;349,3,6;351,-5,0;360,-1,1;374,4,13;390,10,-1;394,5,15;397,23,5;405,-4,9;407,-8,0;409,-3,4;412,1,-3;460,16,17;470,25,42;546,42,49
rua|barao|do rio branco|jardim sao paulo|12570065|429,-2284061,-4522745;431,9,-11;441,24,-6;447,-16,23;459,6,7;465,-6,0;467,12,7;469,-4,-1;477,47,-19;483,-26,27;485,-5,10;493,20,13;499,-19,-11;501,8,35;511,4,-16;517,-3,-33;533,20,44;543,10,14;579,14,23;593,1,8;595,3,9;599,10,-2
rua|capitao|ataide|santa rita|12576026|6,-2284925,-4522944;10,-4,-1;20,-4,-7;29,-6,-1;35,-14,-4;37,-10,-3;41,-10,-1;48,13,2;49,-9,-5;50,11,1;54,-5,1;56,2,4;59,0,-7;60,-7,5;62,-5,15;66,6,-12
rua|capitao|emydio moreira|ponte alta|12575072|2,-2284775,-4523703;3,-20,48;9,14,-25;10,-4,-24;19,-13,19;27,-24,18;30,46,-38;40,-18,-2;59,1,7;60,-13,-11;72,-5,-13;73,-4,21;74,-4,-18;75,0,6;79,-5,22;82,-13,-27;83,-26,33;99,37,-40;102,-10,0;104,-12,5;106,-3,-9;107,28,4;109,-33,-6;129,-7,-8;130,2,-5;133,-5,3;142,-7,-18;143,-7,9;148,9,-13;153,-20,24;156,-3,-35;162,0,4;172,-4,0;173,19,18;181,-33,-21;182,2,-4;185,-7,12;194,-1,-17;195,-11,14;200,-1,-3;202,10,0;210,-14,-9;211,4,9;214,-14,-12;218,3,0;220,-4,7;222,0,0;224,-6,-7;226,3,-2;228,-19,-4;238,-1,-7;245,-12,9;246,6,-2;247,-15,1;254,9,-4;266,-2,-13;268,-23,2;270,17,-32;272,-12,18;290,-9,17
rua|cardeal|dom leme|santa terezinha|12573314|21,-2283635,-4522502;23,1,-4;26,4,3;28,9,1;31,-8,-2;32,4,-4;34,3,-1;41,3,-5;44,-1,-10;45,4,6;50,-2,-7;51,11,5;58,9,-9;62,-4,-2;68,3,1;72,5,-2;77,0,-6;82,9,-3;85,0,-4;88,1,5;101,8,-13;103,6,-1;105,5,-8;106,-5,2;107,12,-3;112,-8,7;114,0,-1;118,5,-4;127,10,-11;135,5,-7;136,-12,5;145,17,-1;152,4,-10;153,-1,6;154,0,-9;158,2,-4;164,4,0;180,5,3;182,13,-13;188,12,16;197,-28,-6;199,17,-9;200,2,-3;201,4,-5;206,9,2;207,-7,-7;212,5,0;214,3,-6;215,0,-2;216,8,-5;218,-8,7;219,8,-7;220,-6,7;222,-3,-2;223,14,-8;224,-5,0;227,3,-5;228,0,2
rua|comendador|pelerson soares penido|vila mariana|12573510|1,-2283242,-4521980;3,4,-5;4,-6,9;5,4,-20;6,3,18;7,2,-11;8,1,6;9,3,-8;10,-3,7;11,5,-9;12,2,5;13,3,-10;14,-1,6;15,7,-13;16,-3,9;17,3,-10;18,5,4;19,0,-11;20,0,11;21,2,-13;22,1,9;23,5,-17;24,-1,15;25,3,-12;26,-1,7;27,3,-11;28,1,6;29,6,-6;30,-6,10;31,5,-25;32,-2,18;33,12,-17;34,-12,17;36,13,-8;37,7,-13;38,-6,8;40,3,-3;42,4,-1;44,5,-4;46,4,-2;48,5,-3;93,-10,-6
rua|coronel|rodrigo|centro|12570061|25,-2284201,-4522914;26,-11,-1;30,22,-14;33,-31,29;34,-32,-1;36,29,16;38,2,-14;43,0,-2;51,-7,9;54,-9,-5;61,0,10;62,-2,1;64,8,20;66,-8,-8;74,-26,3;83,29,-16;86,-10,22;89,-6,-3;91,-5,-5;99,-8,9;102,5,-1;105,-12,3;116,-2,-4;117,-4,15;125,-7,15;130,6,-12;131,-18,3;136,-3,-3;148,5,5;153,1,15;156,-11,-4;162,-7,2;173,-37,24;174,32,-18;176,-7,-1;181,3,10;182,-5,-7;195,-8,11;198,5,-6;205,-15,14;207,1,4;212,-13,-41;215,14,47;217,-6,-10;240,-21,10
rua|doutor|cesar cortes sigaud|sao sebastiao|12576220|3,-2285505,-4524338;4,-24,-44;6,31,29;8,-4,-5;10,-14,-10;12,6,9;25,-16,-44;30,10,33;34,-12,-14;56,-2,0;60,0,-8;66,19,-15;72,-9,-9;74,-12,14;76,8,-16;78,10,-3;93,-18,5;94,-28,-119;95,32,111;100,-4,-2;105,1,1;106,-1,-15;109,0,4;110,-2,-6;115,-8,15;117,11,-19;118,0,-1;119,-4,-5;120,-3,-43;136,5,30;139,-3,-6;145,-5,-2;146,6,-4;153,-10,-3;154,12,-43;156,0,-7;161,-13,42;170,-1,-4;180,-5,-10
rua|doutor|licurgo dos santos|centro|12570077|11,-2284043,-4522787;13,-13,8;17,16,-4;29,4,-3;39,-13,14;45,29,-36;57,0,16;61,0,-10;63,18,-13;65,-1,9;73,5,-2;77,-13,-5;79,12,-2;87,-8,-24;89,25,32;91,-8,-16;95,-1,-4;103,5,-3
rua|doutor|licurgo dos santos|jardim sao paulo|12570077|8,-2284061,-4522761;10,15,-15;12,-9,-5;16,1,4;28,15,3;38,5,-9;40,13,5;42,-3,-12;50,-5,-7;52,-4,-1;64,13,13;72,8,-15;74,2,-17;76,-2,-2;84,19,3;90,0,-11;92,2,5;94,0,-15;95,-6,9;102,15,-2
rua|doutor|oliveira braga|centro|12570039|7,-2284718,-4522887;9,-2,-10;10,-9,8;25,25,-1;27,-5,3;33,7,-22;39,6,10;41,-1,1;46,-5,-7;54,17,-5;59,-9,5;64,11,-4;80,8,-9;83,-4,8;93,-4,-76;94,11,67;95,12,-21;99,28,12;100,-21,-9;112,22,25;130,-2,-27;136,0,-16;145,27,3;146,-12,-14;148,-2,21;150,6,-6;154,10,1;159,-28,-3;161,19,11;163,-3,-10;165,5,-1;170,11,-12;172,-3,3;173,-1,5;174,2,-8;177,-5,-4;178,7,0;180,4,1;182,-1,11;184,5,-3;185,13,4;193,-17,2;194,8,-8;201,-1,-4;202,6,4;205,-1,-6;207,7,2;213,2,-1;217,-11,1;221,12,-3;222,11,-10;225,-9,-2;229,2,7;230,200,-54;232,-87,25;233,-115,38;238,20,-21;242,18,8;245,-20,1;250,24,-13;251,-20,16;260,30,-16;264,6,-18;268,-6,-11;270,9,15;273,-23,26;275,7,0;277,-2,-6;306,31,-13;315,2,-3;316,14,-3;318,-2,-5;319,-14,3;323,9,6;326,22,-2;334,3,-18;337,-31,18;338,31,-11;347,-18,12;350,31,-25;362,3,0;363,-21,18;367,2,-3;369,3,-6;370,30,-6;374,5,11;375,-35,-7;378,33,-6;381,-32,10;384,41,-13;392,0,2;393,-26,7;399,5,4;400,30,-6;401,-34,1;403,10,-9;404,38,-3;405,-43,10;408,34,-11;409,-31,10;414,39,-8;433,-18,-5;441,29,36
rua|doutor|rangel de camargo|ponte alta|12575038|8,-2284477,-4523378;10,-8,-5;21,16,-6;30,0,1;37,3,-11;38,4,13;45,3,-23;46,-3,11;51,8,-10;52,-4,4;53,-1,-8;57,2,-5;58,5,6;61,-1,2;64,-1,-9;69,10,-18;70,-4,12;74,9,-1;75,-3,-3;80,-1,0;81,1,-7;87,4,0;88,1,-10;91,3,6;94,-2,1;97,2,-7;98,0,-2;102,0,-6;105,4,3;106,6,-4;111,-11,-2;112,10,2;116,-2,-6
rua|expedicionario|monego|santa rita|12570316|15,-2285049,-4522490;22,-15,-2;23,7,-2;27,-3,-11;31,10,1;37,-20,8;43,-6,0;44,6,-1;45,-46,3;46,41,-9;48,-53,-58;56,55,15;60,-12,41;61,-2,4;66,-3,-1;67,2,19;69,-12,-15;70,-6,-70;73,5,58;74,5,8;76,-10,-69;77,-5,63;79,-6,-4;80,17,7;82,-3,-4;84,-5,-1;89,-7,0;91,-1,-11;92,3,9;93,-12,-1;98,6,-3;100,-9,-2;101,32,-53;102,-37,49;104,5,4;106,-19,-10;108,2,-7;109,40,-74;113,-24,93;115,-8,4;117,18,-50;120,16,-60;121,-5,58;128,3,-54;139,-36,80;143,-7,2
rua|frei|galvao|ponte alta|12575066|29,-2284687,-4523422;32,-15,-13;33,22,10;35,1,-11;41,7,-2;44,-8,13;52,5,-7
rua|irma|dolores|centro|12570104|40,-2283847,-4522568;54,1,-2;62,17,-16;64,0,4;72,4,-4;84,4,-8
rua|irma|dolores|jardim sao paulo|12570104|41,-2283860,-4522567;61,14,-17;69,6,-5;75,13,-5;81,12,0;85,-3,-5;101,5,-13;109,6,-1
rua|irma|vilma|aroeira|12573230|39,-2283324,-4521594;43,2,26;45,-7,-13;49,3,17;53,-12,-10;61,-4,7;65,-4,8;75,-6,6;76,-10,-10;86,-5,-9
rua|maestro|benedito barreto|centro|12576002|46,-2284914,-4522933;54,-4,-12;60,8,-11;85,116,-188;150,-61,91;230,7,-20;232,-4,-3;234,4,-8;236,0,2;240,4,-7;254,17,0;256,-10,-13;258,1,-4;262,11,-10;268,1,6;286,21,-28
rua|maestro|benedito barreto|santa rita|12576002|17,-2284907,-4522928;19,3,-6;31,-7,-4;43,19,-17;45,-22,12;51,15,-5;75,-2,-24;125,11,-12;131,4,-33
rua|maestro|oscar lorena|sao roque|12573200|3,-2283694,-4522115;57,-36,-33;59,29,-3;65,-48,-22;69,2,0;70,42,43;71,-60,-75;72,11,25;73,4,-8;75,-9,-3;97,15,51;168,64,54
rua|major|manoel martins de castilho|sao sebastiao|12576208|31,-2285147,-4523902;35,1,3;37,5,-14;39,4,26;41,-16,-35;43,-11,-13;46,-6,10;48,3,15;50,-22,-18;60,0,-2;64,-3,-10;68,-16,13;71,17,-6;73,-3,5;77,0,-6;88,-30,-6;89,16,-12;92,-23,-4;95,18,-4;96,-22,-2;109,3,1;116,-4,17;120,-13,-13;121,24,-4;126,-20,3;130,-9,-3;132,0,0;134,-6,-12;150,2,-11;155,4,11;156,-17,-11;157,8,16;162,-11,-11;170,-9,-11;173,18,18;176,-19,-19;184,9,-22;185,6,37;189,-3,6;192,-5,-45;195,-5,22;196,4,-33;197,-9,32;201,-18,-10;212,-6,-4;216,-7,-7;217,15,9;219,-13,-4;221,-3,-1;222,-2,-6;223,10,2;227,-9,3;231,-5,-5;239,-5,-7;243,-8,-3;247,-9,-11;253,-8,-12;255,-5,2;267,0,-4;271,-2,-6;273,-2,-18;275,1,-1;277,-7,3;281,-2,0;307,-7,-16;348,5,-11;350,-6,-7;354,-5,-3;358,-1,-6;360,-4,-7;363,1,-2;364,-5,-4;367,-5,-9;374,5,3;378,-3,-7;388,0,-9;390,-4,1;392,5,-6;394,0,-6;400,-11,-32;401,1,-7;402,7,26;404,2,0;408,-4,7;410,-5,-6;416,0,-9;422,-4,-6;428,7,-5;432,-5,-5;434,0,-7;435,-3,5;440,7,-11;444,1,-2;446,12,52;451,-28,-59;453,-8,-20;455,7,-7;457,3,-4;458,13,19;471,-31,-28;477,13,-2;497,-13,-14;507,13,3
rua|marechal|floriano peixoto|santa rita|12576006|30,-2284977,-4522875;38,3,11;42,-4,5;46,-10,13;52,-3,5;56,1,7;60,-5,4;66,-4,2;72,2,10;82,-4,-1;84,-6,11;94,2,12;104,-9,6;110,-4,0;118,-2,4;124,1,2;130,-20,0;134,13,12;144,-13,1;149,-3,24;155,13,-17;161,-6,4;165,-3,3
rua|padre|claro monteiro|centro|12570045|30,-2284484,-4522947;32,3,-8;47,-7,3;51,20,-9;71,-12,20;75,10,3;83,-15,-5;99,22,46;103,3,-2;105,0,2;143,15,12;152,-49,90;179,73,-56;283,50,84;295,8,9
rua|padre|francisco|santa rita|12576048|16,-2285393,-4523108;21,6,15;22,2,-27;24,4,-2;28,-6,-1;31,6,-4;34,0,-2;38,-4,-2;41,10,-5;44,3,0;51,-3,-8;56,5,0;57,-4,-11;61,6,7;69,-1,-6;73,3,-12;76,-1,6;79,2,-11;82,-5,6;83,4,-12;89,3,-6;92,7,7;100,-5,-13;103,2,-3;105,0,0;107,0,-1;112,3,-3;115,3,-12;119,1,-6;121,0,-2;135,2,-6;139,-2,-16
rua|padre|gebardo|santa rita|12576018|3,-2285093,-4522940;6,-295,153;15,291,-146;21,-6,3;25,5,25;35,-18,-22;37,-2,1;45,-4,3;54,-17,0;57,5,3;61,-4,2;62,2,14;67,-10,-14;72,-21,-19;74,14,23;76,-8,9;80,-6,-5;82,-3,-3;85,15,0;86,-19,11;91,18,-18;95,-15,9;96,-8,5;103,9,2;108,-18,15;110,-9,-6;111,17,-36;116,-19,37;117,15,-3;123,7,13;126,-33,-8;131,20,-2;133,-1,13;135,3,11;138,-27,-10;139,23,-9;146,-27,13;148,-8,-6;149,18,-4;154,-21,5;159,17,6;161,5,19;162,-30,-13;163,26,13;165,13,-31;167,-33,17;169,-4,2;173,8,-8;174,-22,7;185,12,1;187,-3,-1;193,-9,4;217,-53,23;219,7,30;227,-21,-26;229,-62,70;231,63,-50;233,-4,-6;235,-11,2;243,-14,6;271,-8,0;273,3,8;289,-6,-1;301,5,31;307,-46,24;311,29,-56;317,-7,8;319,-7,-4;325,-3,12;335,-18,9;343,-4,4;345,-8,4;361,-16,5;365,4,6;369,-5,-1;371,-9,2;375,-5,1;385,-5,4;395,-9,7;399,-8,4;405,1,5;409,-4,5;411,-6,-4;567,-95,78;571,-2,6;575,-58,52;577,47,-46;579,-49,52;585,36,-37;587,-4,-1;589,-3,6;629,-2,5;631,-2,6;633,-7,0;635,5,2;637,-5,-2;641,-14,16;649,-1,6;685,-30,20;709,3,9;711,-7,3;731,-6,6;733,-5,8;747,-6,5;757,0,-2;777,-14,18;781,-9,5;783,-4,4;795,15,-17;803,-23,24;805,-6,13;887,-57,54;895,38,-47;905,-38,47;913,-3,5;915,-4,5;917,-9,5;923,-5,9;927,-6,4;939,-15,19;945,-5,4;955,-5,4
rua|padre|gebardo|sao francisco|12570400|270,-2285347,-4522821;280,-22,11;284,0,6;300,-12,-5;304,8,21;308,-16,-13;316,-9,-7;320,2,25;346,-6,-8;352,-7,10;356,-11,-1;370,-13,7;378,3,12;380,-11,-1;396,-20,12;408,5,2;432,-14,0;436,-1,11;560,-93,67;574,-47,-26;576,32,35;606,-3,7;608,-4,10;614,-5,-5;624,-5,14;644,-27,9;654,-2,13;664,-9,8;676,-5,6;690,-7,3;700,-7,8;706,-6,10;712,0,0;714,-11,5;716,-5,9;718,-12,1;726,2,8;732,-14,11;822,-22,28;832,-8,22;838,-3,4;846,-16,2;852,-7,10;880,-3,12;888,-12,10;892,-4,-9;896,-3,15;920,4,4;924,-2,0;930,-14,-12;932,-2,14;934,-3,12;936,0,-5;948,-10,3;954,-3,7;958,4,13;962,-9,-4;978,-3,11;988,-2,3;998,-42,-13
rua|padre|joao batista|santa rita|12576054|3,-2285387,-4523079;9,-5,-2;13,-15,4;19,-1,3;29,-14,28;31,4,-26;35,5,6;36,-19,33;40,-4,10;45,-11,1;50,1,5;53,-2,1;54,-4,-3;57,4,-3;60,-5,4;64,-1,6;65,-2,3
rua|padre|noe sotillo|tigrao|12570204|1,-2284393,-4522371;3,-3,-4;5,0,-12;6,-103,-76;7,94,73;9,-6,-15;11,2,11;13,-18,3;15,-4,-25;17,-9,2;19,-6,-12;21,-12,-3;23,29,35;91,-96,-135;400,4,65
rua|padre|pedro henrique|aroeira|12573214|3,-2283634,-4522048;4,-7,3;5,10,81;6,-13,-74;10,0,1;15,-1,26;16,-4,-17;21,-16,10;26,3,1;27,14,10;28,125,124;36,-140,-107;37,-15,-13;42,10,-3;44,255,252;50,-262,-255;51,11,3;53,-16,2;74,-12,1;80,0,11;81,-7,-1;88,-4,13;94,7,-13;102,-15,17;103,12,-14;104,-23,8;108,306,232;115,-289,-228;118,-30,14
rua|prefeito|americo ferreira iria|ponte alta|12575088|11,-2284729,-4523690;16,15,-8;21,0,16;31,4,-3;51,14,-8;65,-13,-12;73,21,-2;76,-8,10;79,14,-11;80,-10,10;90,65,-5;96,-49,-9;98,39,10;105,-25,-4;107,2,2;111,13,5;115,7,-1;126,5,0;220,35,11;226,-2,-6;228,-3,2;230,0,-7;234,1,-3;238,-14,-1;240,10,9
rua|prefeito|aristeu vieira vilela|sao geraldo|12576406|1,-2285792,-4524874;3,2,-16;5,7,10;7,1,-11;9,2,-1;11,-1,4;13,4,0;15,11,-9;17,0,-14;19,10,4;21,2,-9;23,1,0;25,-2,0;27,10,-7;29,-1,0;31,6,-3;33,3,-2;35,3,-6;37,4,-8;39,2,0;41,-1,-4;43,10,-4;45,5,-8;47,0,0;49,-8,14;51,17,-15
rua|professor|elizeu chagas|jardim paraiba|12575198|15,-2284770,-4524278;16,-22,70;22,27,-73;36,-25,53;46,18,-64;51,4,-22;56,5,6;58,-44,105;64,0,-5;66,41,-107;70,-39,100;80,8,-1;86,35,-120;90,-27,108;100,16,-59;110,-14,55;116,30,-128;125,-1,-20;126,4,6;135,-3,-16;136,5,0;145,-5,-8;148,-5,42;185,12,-106;240,9,-7;243,-4,4;250,9,-5;260,-6,-20;270,-1,-5;280,8,-15;283,-5,5;290,5,-8;293,-9,-2;296,11,-16;303,-9,10;306,8,-14;313,-10,3;320,12,-11;323,-10,-4;330,11,-5;333,-8,-4;340,12,5;345,-12,-11;350,12,-10;360,-2,-10;366,3,-11;370,0,-10;380,1,-10;385,-8,22;390,9,-34;415,-7,-5;420,7,0;425,-7,-19;445,16,-27;460,4,-2;470,-3,-3;480,-4,-17;490,8,-13;495,-6,22;510,12,-39;519,-11,22;520,9,-26;529,-5,13;539,2,-7;540,3,-20;549,2,12
rua|professor|jose borges ribeiro|centro|12570013|2,-2284750,-4522880;12,-1,3;16,-24,-22;24,20,33;54,-21,15;68,-14,-2;128,-71,13;136,-20,24;138,16,-41;142,0,30;144,-7,-26;160,-9,4;164,-17,20;174,-1,-32;180,-8,4;182,-11,-21
rua|santa|maria|bairro santa edwiges|12573720|3,-2282426,-4522363;5,10,-3;14,-12,11;15,-9,4;18,6,-7;19,1,1;22,15,-17;23,13,-21;30,3,3;40,-2,19;51,-9,-1;73,4,-1
rua|santa|rita|santa rita|12576004|4,-2285096,-4523061;6,166,173;10,-13,-6;16,0,-5;22,-4,-3;26,-8,1;28,-2,3;30,-3,-8;32,-1,-4;36,-3,7;44,-1,-1;48,-2,1;50,-6,-8;52,-5,2;54,-1,2;60,3,5;61,-6,-15;63,-10,-6;64,13,1;65,-14,-5;67,-1,4;68,6,19;70,-5,-7;71,0,-16;84,-17,17;90,8,-19;91,-8,5;98,0,8;99,-11,-8;105,-4,-4;106,7,-1;112,0,2;116,0,-19;120,-9,15;121,-8,-1;134,-4,0;136,-4,1;138,-5,5;141,-3,-24;144,1,21;146,0,0;147,2,-20;148,-6,11;155,-4,-14;157,-4,-2;158,0,18;161,-2,-18;173,-20,12;193,-7,-3;200,-6,-22;203,-2,10;209,1,-5;211,-3,-12;217,-3,-4;221,-12,4;224,16,-18;230,-6,2;238,-7,-2;241,-6,-1;242,4,-9;250,-7,1;256,19,-40;258,-18,40;262,-10,-4;265,1,-15;275,0,-12;314,-38,6;322,-45,4;326,14,-4;331,7,1;333,-8,-6;335,10,13;345,-18,-11;352,-6,6;353,0,-25;355,-17,17;361,0,-3;363,-6,1;365,4,6;370,3,-4;383,-39,15;384,30,-5;388,-2,-2;394,0,-37;398,21,16;406,-35,-6;407,-14,2;413,-11,1;423,-4,-1;424,2,1;428,-5,-4;431,-9,6;436,10,-7;437,-13,2;439,-8,0;441,-13,-5;442,26,-5;450,-6,4;451,-22,-2;460,4,-2;461,-10,5;465,0,0;471,4,-10;483,-22,11;492,1,-16;495,-2,0;496,-6,6;498,-4,0;499,6,-9;502,-2,6;503,-8,-13;505,1,8;512,-8,0;518,-5,-9;519,-10,5;526,5,-4;530,4,-1;536,-20,-13;554,-8,7;559,20,2;564,-22,-10;566,-5,-11;567,17,14;571,11,9;574,-31,-32;576,-7,4;580,-3,2;584,-5,-3;585,9,-7;587,-8,-4;590,-4,4;594,-1,1;601,6,-8;603,2,-3;604,-15,0;611,3,5;612,-5,-15;617,-18,36;618,11,-39;619,12,11;623,-5,-5;625,-3,2;626,-8,-8;632,-2,-2;636,-7,-5;637,7,5;645,-3,-3;649,3,-4;657,-9,-8;658,11,-37;659,-21,31;661,12,9;662,-22,-12;663,-1,15;664,-5,-16;667,6,12;671,-11,1;675,6,-14;684,-17,-4;700,-5,-2;706,-2,-1;710,-9,7;719,-2,2;720,-15,7;721,13,-1;723,-9,1;727,-6,-2;736,-18,0;738,-6,-5;740,-7,-6;741,28,13;746,-38,-12;749,19,6;751,4,2;762,-26,-16;763,23,12;764,-35,-15;766,4,2;769,1,38;770,-8,-43;775,21,14;781,-13,19;787,0,-24;795,-21,10;806,10,-26;807,0,9;814,-5,-16;819,1,14;822,-4,-15;824,-3,0;830,-8,-1;834,-8,-2;842,0,2;845,-13,-10;846,11,-2;850,-18,1;855,0,0;859,-5,-2;867,-2,-5;870,-9,5;881,-1,-2;885,-12,-16;893,-3,2;907,-16,-9;929,-15,-6;935,-3,6;939,0,-12;943,-7,0;949,4,1;961,-19,-5;966,16,10;973,-15,-16;986,21,21;990,-29,-24;996,0,0;1002,0,0;1012,2,-20;1016,17,-3
rua|santo|afonso|centro|12570075|4,-2284108,-4522843;6,0,5;15,3,-12;28,12,-4;30,14,2;31,-26,1;32,15,-7;38,11,-10;41,-33,-4;43,22,3;44,109,41;47,-105,-39;49,2,-1;50,14,6;54,81,28;66,-89,-42;67,10,2;70,32,11;71,-56,3;74,33,-27;80,7,1;83,-6,6;84,4,-11;90,8,-9;93,-5,2;94,1,1;99,0,-8;100,2,-3;103,0,5;109,11,4;123,-17,-37
rua|santo|antonio|ponte alta|12575112|50,-2284532,-4523980;178,2,-12
rua|sao|benedito|ponte alta|12575124|10,-2284539,-4524077;30,35,1;50,16,-1;60,9,0;70,9,0;80,-8,9;150,-51,-10;152,21,0;155,-13,-3;158,18,11;159,-24,-2;161,11,2;171,7,0;173,11,-10;440,3,3
rua|sao|carlos|centro|12570015|2,-2284828,-4522918;44,30,48;50,-23,2;56,1,3
rua|sao|clemente|ponte alta|12575120|154,-2284528,-4524023;163,-18,3;164,25,-1;174,11,1;234,48,5
rua|sao|jose|centro|12570067|34,-2284240,-4523058;36,5,-9;38,-1,-9;56,13,2;58,4,-1;72,6,-11;88,13,1;90,1,-5;120,30,-21
rua|sao|pedro|jardim paraiba|12575110|12,-2284575,-4523954;24,8,5;26,11,10
rua|sao|vicente de paula|centro|12570081|126,-2283886,-4522726;136,9,-4;137,-3,7;139,2,-7
rua|sao|vicente de paula|jardim sao paulo|12570081|32,-2283952,-4522659;39,15,-9;43,10,-14;44,-17,16;47,10,-11;52,4,2;53,0,5;56,-5,-6;65,7,8;66,0,-13;70,5,-5;71,-3,3;73,11,-8;76,-4,2;80,5,-5;83,1,23;84,3,-21;85,3,2;88,0,-2;89,2,9;91,-5,-9
rua|tenente aviador|joao pinto barbosa junior|jardim paraiba|12575144|4,-2284632,-4523914;6,-19,-9;8,1,-1;10,-4,-1;13,8,12;17,-3,-3;21,-3,-2;29,-1,-7;60,-14,-10;70,-12,-18;74,4,8;80,10,8
rua|vereador|antonio beraldo ribeiro|ponte alta|12575076|15,-2284703,-4523635;16,-14,6;19,9,-3;28,-16,-4;31,16,-1;32,-1,0;33,11,1;44,5,-1;65,9,1;69,7,14;71,1,2;77,2,-4;83,6,5;87,8,-4;89,-18,-1;95,23,15;125,17,14;129,1,-4;131,3,6;139,6,5;141,4,2;147,5,3;153,10,0
rua|vereador|guilherme bittencourt ferraz|sao geraldo|12576404|1,-2285738,-4524864;2,-15,-37;3,13,45;4,-9,-38;5,7,36;6,-2,-38;7,8,46;8,-12,-30;9,24,34;10,-24,-32;11,17,38;12,-7,-38;14,-18,18;16,14,-11;18,0,11;20,-2,7;22,6,2;24,-4,10;26,4,-3;28,-2,6;30,7,6;32,-3,6;34,0,0;36,201,308;38,-199,-295;40,-8,16
rua|vereador|joao lourenco barbosa filho|jardim sao paulo|12570106|8,-2283856,-4522592;16,-4,-1;20,-3,-3;28,0,-6;32,-9,0;34,5,-4;38,-5,-4;44,-7,0;45,9,7;49,-18,-7;54,18,-14;55,-18,-10;60,10,8;66,-3,-3;70,-6,-10;71,-8,3;72,4,-8;76,-2,0;79,0,6
rua|vereador|joaquim de souza nunes|ponte alta|12575054|27,-2284497,-4523173;28,-38,41;35,11,-22;39,-30,-9;46,28,5;48,-4,20;51,-75,-38;52,78,32;114,-28,-16
rua|vereador|jose sabino de lima|tigrao|12570212|4,-2284485,-4522373;6,-3,8;10,1,2;22,0,6;28,-4,0;29,9,6;34,-16,-2;35,0,6;40,-2,-5;41,4,0;46,-4,16;47,13,-3;52,-12,-1;53,-6,2;58,6,6;59,-3,4;64,-4,-4;65,1,-1;70,-5,6;71,4,4;76,-6,1;77,2,0;82,-1,7;83,-3,4;88,-3,-7;89,3,4;94,5,-1;95,-13,7;100,4,4;101,-3,4;106,-3,0
rua|vereador|oswaldo elache|centro|12570019|8,-2284773,-4522932;12,-1,3;17,-12,-2;21,4,-3;22,-5,10;23,-2,3;26,2,-4;29,-7,1;31,-1,-6;34,-1,4;37,-5,-12;44,3,18;45,-10,3;52,-2,-11;55,-15,13;68,0,5;71,10,12;76,-16,-16;82,-5,3;90,-2,-5;103,-12,5;110,-11,5;122,-17,-4;124,-6,0;126,-1,1;130,0,-10;135,5,18;143,-1,42;147,-3,-54;153,-16,7;156,-1,-18
rua|vereador|pedro goussain|sao geraldo|12576400|3,-2285698,-4524947;5,1,9;7,1,1;9,4,5;11,1,9;13,1,1;15,158,403;17,-156,-396;19,55,134;21,-51,-126;23,73,196;25,-73,-177;27,2,-4;29,3,8
rua|vereador|pedro goussain|sao sebastiao|12576400|65,-2285662,-4524839;67,3,4;79,67,159;81,-62,-139;87,-47,103;99,48,-99;627,70,193;645,20,40
rua||1 de maio|santa luzia|12570304|151,-2284986,-4522653;157,9,-28;171,-15,31;173,-1,-3;177,2,9;183,-15,5;187,7,21;193,0,-7;197,-9,4;201,2,3;209,2,-1;223,-8,20;227,-5,4;237,4,9;241,3,7;249,-3,11;253,5,15;255,-4,-1;265,-5,10;287,1,13;291,-2,-4;295,-7,20;297,-4,0;299,0,9;301,1,1;318,3,19;319,1,2;329,-2,4;349,2,6;355,-13,13;363,5,-7;365,4,21;369,-7,0;373,0,8;381,-3,3;387,-1,9;395,-3,27;397,-6,-12;399,4,23;400,9,-35;417,-14,46;440,0,-29;446,7,22;500,-15,47;513,-23,54;2009,81,-333
rua||9 de julho|jardim sao paulo|12570118|25,-2283755,-4522436;32,0,0;33,4,-8;37,5,3;38,-1,7;43,1,-14;55,7,1;58,2,2;59,1,-16;61,-2,-10;62,5,17;65,12,-13;72,-3,4;74,-2,5;82,0,-9;86,-2,-3;87,14,-7;89,7,-1;93,4,-8;96,-2,14;303,-49,41
rua||abel fabricio dias|jardim paraiba|12575188|330,-2284993,-4524358;415,-5,26;440,9,-41;445,-5,10;460,1,-10;465,2,-1;470,8,-14;485,-7,-16;490,3,-19;495,0,11;500,8,-14;505,-1,-54;510,2,51;520,2,-11;530,-9,-1;565,7,-50;570,10,3;575,-16,40;585,8,-53;590,8,-3;595,-7,-10;600,10,2;605,-7,-17;620,10,-4;625,-10,-8;630,7,-4;640,5,-7;645,-9,-10;650,7,-2;670,1,-15
rua||abraao kalil mechica|sao francisco|12570426|38,-2286353,-4522344;40,-32,30;42,-7,33;44,-2,-3;46,10,-22;72,-1,-15;80,1,4;181,4,-1;187,-5,10;192,-4,8;201,0,-4;221,3,9;269,-7,38;271,-2,-1;279,4,11;330,-5,-12;331,5,22;332,-4,-4;333,1,13;334,4,-23;336,-10,-3;338,1,24;340,2,-15;343,7,21;344,-11,7;348,4,9;355,1,-10;375,9,10;383,-7,19
rua||afonso chiesa|aroeira|12573228|21,-2283354,-4521559;27,-12,-1;29,-84,-247;35,67,227;49,-5,11;59,-7,-7;63,-2,-16;76,-48,-216;79,39,210;87,-1,-2;92,-6,-11;100,-3,5;101,4,-1;105,-12,-12;112,6,-1;116,0,3
rua||afonso maria garcia dos reis|santa rita|12570408|281,-2285652,-4522578;350,-26,67;359,55,-13;365,-20,17
rua||afonso pereira rangel|jardim paraiba|12575162|23,-2284697,-4524073;33,-15,-9;34,18,2;44,-5,0;52,-14,-8;53,-18,-11;54,10,9;56,-6,-1;57,-95,-40;72,77,25;75,-90,-34;83,95,44;101,-24,-8;115,-112,-65;201,9,6;221,-19,-12;231,-2,-1;241,-11,-4;249,-46,-32;289,9,6
rua||alcides de castro galvao|jardim paraiba|12575186|88,-2285048,-4524334;98,3,-15;290,3,-26;310,2,-3;320,-1,-15;340,3,-23;350,4,-14;360,0,-8;380,2,-15;410,5,-35;420,3,-8;500,6,-72
rua||alcides de castro galvao|manto azul|12575186|97,-2285055,-4524342;107,1,-8;117,-2,42;157,9,-90;187,8,-26;197,-4,-16;207,6,-8;247,9,-38
rua||alfredo penido|centro|12570112|2,-2283984,-4522533;3,-7,7;9,8,8;13,-17,-27;28,22,38;32,5,5;41,6,4;47,-3,6;51,-28,-48;61,6,4;81,47,74;83,7,7;95,1,12;101,5,8;118,8,5;121,2,8;155,15,8
rua||alfredo penido|sao roque|12570112|93,-2283942,-4522450;98,-1,2;110,5,4;132,14,11;142,5,11;180,45,10;184,-1,-2
rua||alice santos petilo|jardim paraiba|12575152|5,-2284563,-4524171;20,-18,-7;21,-2,-9;27,-7,-1;37,-8,-7;43,-22,25;47,14,-22;75,-60,-46;89,26,11;109,-9,-11;111,-15,1;139,-14,-6;149,0,1;159,-18,-4
rua||alvaro leite|jardim paraiba|12575202|36,-2284635,-4524643;100,-55,-3;101,-8,-8;701,177,33
rua||amelia santos braga|aroeira|12573226|39,-2283366,-4521631;40,1,11;47,-5,17;50,-16,-19;53,11,13;54,-3,-5;55,6,11;57,0,7;58,-6,-12;59,-4,11;64,-3,1;65,4,10;72,-10,-11;77,12,5
rua||americo alves pereira filho|residencial rosa de ouro|12573322|284,-2283482,-4522756
rua||americo alves pereira filho|santa terezinha|12573322|11,-2283713,-4522568;15,4,2;19,0,-7;20,-9,12;22,6,-4;25,10,-3;26,-11,2;31,13,-9;34,-7,3;35,11,1;37,3,-14;38,-1,7;40,-3,1;43,7,-12;48,-6,11;51,7,-5;52,-2,3;55,8,-8;56,-1,2;60,6,-3;63,-5,-3;64,7,-5;75,6,-5;81,3,0;86,-6,4;87,9,-12;88,-4,7;89,6,-9;93,-16,-22;96,16,24;97,12,-8;98,0,-1;104,-1,0;106,5,-4;108,2,-1;111,-4,2;123,8,-13;124,8,6;125,5,-9;127,2,-2;129,5,-2;130,-9,8;133,12,-13;136,-11,7;146,8,-7;147,5,-7;152,3,5;154,2,-3;159,15,-12;171,-8,-31;172,4,32;176,3,-3;196,14,-6;200,-1,-4;210,7,-7;218,4,-2;222,-4,1;226,12,-7;227,7,-11;230,0,9;233,9,-21;238,-9,17;242,4,-3;249,67,-51;253,7,-11;255,0,-1;258,-67,52;260,3,0;268,6,-1;273,25,-28;276,-18,23;286,0,-6;335,71,-57;345,12,-7;355,5,-7;357,8,-6;441,25,-39;443,16,-28
rua||ana nunes de aguiar|santa terezinha|12573312|23,-2283489,-4522543;30,-1,1;33,2,-8;59,7,3;61,1,-3;63,-15,12;65,25,1
rua||ana rosa soares penido|centro|12570003|40,-2284474,-4522932;44,-12,13;46,-16,3;48,-5,-6;54,-9,-2;58,-370,175;64,359,-170;72,-13,11;74,14,-3;84,-3,5;98,-7,22;100,-10,-3;110,-14,7;112,-16,0;371,-145,79;381,-19,-5;386,-12,19;388,-16,5;409,19,-12;415,-4,8
rua||ana siqueira|vila mariana|12573508|6,-2283271,-4522019;7,-5,7;14,11,-6;18,9,5;23,-12,-10;26,13,-4;27,-11,1;29,6,-2;33,3,-8;38,5,3
rua||anchieta|centro|12570033|2,-2284449,-4523062;8,-8,-13;16,-6,19;17,-6,-33;19,-1,-6;26,-15,19;34,-3,-9;35,14,-6;36,-14,16;38,-14,-2;39,22,-8;44,-14,7;48,-5,-7;50,-2,3;54,2,-4;58,-8,-4;60,-9,10;64,0,-2;69,-4,-6;70,0,-5;100,-55,-19;106,37,-4;110,-13,9;134,-20,-16;142,-25,-1;148,-3,4;156,-6,-6;162,-6,-2;170,1,9;180,-12,-10;188,1,6;190,-32,-24
rua||anchieta|ponte alta|12570033|6,-2284679,-4523156
rua||andre tozzeto|santa terezinha|12573318|14,-2283666,-4522507;18,-9,-3;25,17,-10;33,-2,-1;34,11,5;37,-3,-9;38,2,4;41,5,-9;42,0,4;44,3,-1;46,4,-2;47,-10,0;48,11,-5;49,-11,5;50,16,-3;53,-10,-3;61,2,-7;62,-2,0;64,4,2;65,4,-2;69,1,-1;71,5,0;79,6,-8;85,3,-2;91,5,-3;96,-2,2;97,7,-3;102,1,-5;105,4,-2;108,-5,1;112,0,-2;115,13,-9;119,-2,0;124,4,-4;127,3,2;130,-2,0;131,8,-8;136,5,2;137,-1,0;142,0,-5;143,-2,-8;145,5,7;148,-1,0;149,-6,4;151,17,-8;155,4,-5;158,-8,4;163,12,-8;164,-11,8;167,11,-11;172,-7,6;194,23,-18;210,13,-9;213,-1,4;216,8,-7;217,-9,3;222,13,-8;223,-11,0;226,1,-1;228,18,-3;235,-5,1;238,11,-10;243,-7,2;244,14,-3;247,-8,-2;252,16,-6;256,3,-3;285,-10,1
rua||angelo pasin|jardim paraiba|12575146|28,-2284635,-4523981;38,-6,-9;47,-5,2;48,1,-5;57,-7,1;58,2,-6;60,11,20;75,-16,-16;78,-22,-16
rua||antonia de oliveira cardoso|sao roque|12573204|6,-2283697,-4522103;8,-3,5;10,-9,10;11,2,-5;13,-5,7;15,-4,-5;21,8,5;23,-16,-2;27,-1,4;36,-6,-1;38,-5,11;40,14,-13;47,-14,10;51,3,-7;68,-17,18;79,13,-10;80,-36,12;168,82,-40
rua||antonieta salgado|ponte alta|12575080|15,-2284675,-4523651;17,-1,0;26,0,0;29,4,-8;30,3,2;37,-1,-6;38,-2,-3;39,9,-5;42,-3,0;44,2,1;47,5,-3;49,2,-1;53,1,-3
rua||antonio arneiro|itaguacu|12576418|2,-2285827,-4525185;4,-13,-8;6,-14,-17;8,2,-4;10,-9,-6;14,-2,0;15,20,20;16,-27,-21;20,4,-10;21,12,26;29,20,-3;30,-86,-85;42,36,52;44,-6,-2;50,6,-9;58,-5,-5;72,-19,-28;74,12,18;80,-3,-29;84,-1,3;90,-16,12;92,1,-4;102,-11,-12;104,5,-2;142,-19,-10;152,-6,-12;160,4,-11;162,-15,10;172,0,6;180,-9,-18;190,-8,-7;211,-26,-15;212,7,-6;215,-9,6;217,-16,-27;220,32,32;222,-22,-22;230,20,29;240,8,-3
rua||antonio arneiro|sao geraldo|12576418|115,-2285976,-4525340
rua||antonio bittencourt da costa|santa luzia|12570318|383,-2285072,-4522407;475,-19,33;505,-12,11;517,-2,3;519,-12,7;523,3,4;525,-10,10;543,-9,18;545,-3,-8;547,-5,0;549,-5,8;563,-6,6;581,-10,6;583,2,3;609,-20,10;613,-7,-1;615,-2,5;633,-8,6;661,-7,-1;665,-10,7;669,3,4;677,-13,0;901,-68,129;963,-39,10;977,-23,9;988,-97,45;1080,-23,16;1081,23,-16;1085,-23,16;1145,-48,25;1149,-118,192;1278,-32,9;1500,86,72
rua||antonio bittencourt da costa|santa rita|12570318|306,-2285036,-4522478;360,-30,48;370,-12,5;374,5,8;380,1,8;384,-1,-1;394,-4,8;400,-5,8;470,9,-15;476,-23,33;480,0,6;508,4,-4;510,-15,11
rua||antonio franca de souza|santa rita|12576042|5,-2285365,-4523146;20,13,-4;21,6,3;28,-5,-5;35,18,13;37,1,0;57,15,-7;58,-2,15;75,15,-5;105,27,14;117,9,10
rua||antonio miguel da costa|santa rita|12576022|3,-2284911,-4522994;13,-6,0;43,-28,-8;44,1,4;48,6,-1;65,-21,-9;66,-72,-31;68,77,33;70,-3,-3;72,0,0;73,-7,-5;74,3,2;75,-5,-4;87,-2,7;89,-14,-17;90,-11,9;99,2,3;100,3,-5;108,-5,-1;109,-8,4;117,-7,-3;120,2,-1;126,-8,-6;130,-10,16;133,6,-20;139,-15,3;140,8,10;146,-3,-8
rua||antonio romao gomes arneiro|jardim paraiba|12575180|10,-2285178,-4524018;20,-1,1;30,5,-10;40,2,-11;50,1,-6;60,7,-10;70,2,-12;80,6,-7;90,7,-12;100,3,-6;110,2,-13;120,-2,-3;130,10,-9;140,4,-13;160,15,-37;250,34,-88
rua||antonio roma|jardim paraiba|12575208|38,-2284575,-4524280;47,-26,13;55,-14,-24;65,27,-14;72,-3,-12;74,1,-8;75,-6,4;80,3,-16;82,5,-5;85,-4,3;92,7,-13;95,-8,0;105,1,-11;115,2,-7;122,10,-15;125,-10,13;131,4,-14;135,-2,-8;145,0,-10;172,10,-23;175,-3,-14;182,4,18;192,-3,-14;193,1,-28;196,3,21;200,0,-38;211,-1,-2;221,-1,-6;235,-1,-6;236,6,-7;242,4,-12;245,2,1;246,-5,2;265,2,-15;285,-2,-18;286,10,-25;295,-6,17;296,5,-31;305,-2,17;315,-2,-8;325,7,-3;328,-7,-20;335,2,6;338,3,-14;365,4,-30;380,7,-1;390,2,-5;395,-3,-24;399,-1,7;400,3,13;405,-5,-6;415,7,-28;423,-3,-5;425,1,-11;434,7,-29;435,-11,24;444,8,0;455,-3,-11
rua||aristeu venerando|aroeira|12573220|4,-2283487,-4521818;14,-4,15;15,5,-12;16,-14,6;18,2,-3;19,2,8;21,16,17;23,25,-20;25,-56,15;40,9,-12;42,0,2;44,-4,2;46,-13,6;56,1,1;62,-10,3;85,-13,8;120,-7,4;121,-7,15;126,74,-65;128,-69,45;129,-15,11;130,5,-3;133,19,-7;134,-21,1;137,-6,-9;138,-7,13;141,0,-2;142,2,3;145,0,-1;146,-11,1;147,115,-40;151,-76,24;152,-50,17;155,1,6;158,5,4;164,-17,-7
rua||armando sales|santa terezinha|12573304|10,-2283636,-4522450;16,-1,9;20,15,-15;24,0,-2;30,6,2;36,4,-2;48,4,-4;51,9,-6;53,10,-5;55,-10,5;58,8,4;60,3,-5;63,-1,-4;66,12,3;69,-8,-6;85,13,4;89,12,-8;90,-3,1;95,6,-5;97,-2,-3;98,-4,1;103,14,-2;104,-9,2;112,10,-5;114,2,0;116,0,-3;120,-1,10;121,8,-12;123,9,-2;132,-8,2;134,11,-3;135,-5,0;147,9,-3;148,6,-1;154,3,-6;155,-9,7;159,6,-1;160,14,-7;161,-8,7;171,2,-7
rua||arthur oscar charleaux|sao roque|12573278|28,-2283686,-4522306;32,1,25;42,34,2;54,15,-11;60,1,18;134,15,8
rua||assad jose bourabebi|jardim paraiba|12575168|10,-2284833,-4523956;19,-13,2;30,-6,-8;35,-10,-2;40,5,1;45,-14,-7;50,3,-2;53,-8,1;60,-3,-5;73,-15,-6;80,7,3;90,-6,-5;100,-16,-11;110,-9,-5;120,-9,-6;127,29,21;133,-29,-13;150,-13,-16;153,-2,8;160,-5,-10;163,-2,2;167,-13,-2;169,-11,-11;170,20,7;171,-25,-7;200,4,-12
rua||avelino ferreira|residencial rosa de ouro|12573344|101,-2283360,-4522464;119,12,-5;127,11,-6;133,2,-2;143,4,-7;151,0,-5;157,8,-6;165,2,-3;171,6,-4;179,3,-2;187,6,-11;195,6,-3;203,5,-3;209,5,-1;217,4,-9;223,5,3;229,6,-10;237,5,-4;241,6,-4;249,5,3;255,5,-8;261,3,-4;267,7,-4
rua||avelino ferreira|santa terezinha|12573344|62,-2283346,-4522464;68,3,-2;74,6,-5;82,5,-11;88,6,1;94,6,-4;102,5,-2;108,7,-4;114,4,-7;122,6,-2;128,4,-5;134,3,-3;142,5,-6;148,5,-8;154,5,-2;162,8,-5;168,0,-3;174,5,-2;182,3,-4;188,8,-8;194,7,0;202,3,-6;208,6,-4
rua||benedicto das chagas|tigrao|12570216|104,-2284500,-4522289;107,-14,5
rua||benedita januaria de lima|santa rita|12576052|21,-2285438,-4522987;27,3,2;35,1,6;47,6,6;75,-94,-79;103,-29,-30;351,-5,-4
rua||benedita renno|centro|12573280|60,-2283687,-4522404;134,-1,4;255,-79,6
rua||benedito chad|ponte alta|12575022|1,-2284118,-4523229;5,1,-12;9,3,-2;11,8,-1;17,0,-6;28,3,13;31,-1,-17;32,6,-1;36,-2,-2
rua||benedito daniel|ponte alta|12575130|16,-2284709,-4523808;19,12,-28;22,0,-2;28,2,2;34,-2,-7;36,-9,-1
rua||benedito dos santos moraes|centro|12576000|1,-2284910,-4522802;3,1,4;7,-11,-2;11,2,2;21,-8,-3;23,3,2;29,-5,3;39,-3,8;41,-1,-2;47,-6,10;53,-1,7;63,-34,33;100,76,-71
rua||benedito dos santos moraes|santa rita|12576000|8,-2284914,-4522802;10,1,3;12,-1,9;14,-1,1;22,-6,-5;30,-4,4;32,-2,9;34,-13,-4;40,16,34;44,-17,-28;52,-7,4;58,7,6;64,-8,-3;68,-6,6;72,-5,12;78,1,-1;82,-3,2;86,1,6;96,6,15;98,-9,-3
rua||benedito garcia dos reis|sao francisco|12570416|1,-2286289,-4522432;2,20,-24;5,-28,-12;6,22,14;7,-41,-12;9,5,18;11,-44,-31;12,54,31;15,573,-97;16,-570,84;18,-13,-6;20,-9,-4;25,594,-82;31,-1,-2;33,-9,1;37,-5,-5;51,-6,-11;61,-1,-3;91,-1,-9;101,-4,-13;107,-9,-2;111,-2,-5;112,8,-1;114,-13,9;115,4,-13;116,-7,9;123,-6,-8;137,-16,-40;140,11,42;144,4,-16;149,-6,-5;150,6,0;153,-20,-33;155,6,22;157,-1,2;160,13,7;161,-17,-25;171,-8,2;181,-1,-8;205,-9,-14;213,-7,0;215,-20,-5;217,-12,-11;225,-20,14;235,6,-1;237,-12,11;240,-70,28;241,67,-27;247,-8,6;250,-62,58;251,62,-57;253,-5,2;259,-7,3;260,-51,38;264,161,-27;267,-120,-11;270,-38,44;280,-22,-23;281,63,-21;283,-74,42;285,-3,2;287,-4,2;289,68,-37;293,-71,41;297,-8,4;299,76,-41;311,-88,46;350,33,-18;420,-513,-46;479,437,79;570,1,0;572,-4,5;574,-7,-5;575,-7,9;576,1,3;578,7,-1;580,-11,4;597,2,0;600,20,-11;610,-31,18;620,1,1;658,92,-40;660,-12,-5;662,-14,7;707,-62,34;709,-2,3;719,-4,6;735,-76,50;770,63,-53;775,4,7;780,-4,2;795,0,-2;800,-3,0;803,1,3;805,-4,4;809,-4,7;811,-8,-1;813,-2,4;817,-5,2;820,14,-12;822,-11,1;824,-3,12;825,-5,4;826,-7,3;829,11,3;830,-12,2;832,-5,14;833,6,-20;836,-10,10;837,9,-5;838,-52,36;839,32,-19;841,20,-14;842,-47,20;844,27,-17;845,12,-1;849,-5,2;859,-1,6;864,-37,17;874,17,-12;884,-23,12;897,-62,23;900,152,-77;970,-174,93;980,-7,-2;991,22,-15;995,-5,3
rua||benedito jesus dias filho|santa luzia|12570320|2,-2284983,-4522569;4,4,8;10,-18,102;26,5,-124;28,0,7;30,-2,40;60,1,21;75,4,4;77,-6,1;80,-6,12;84,-3,11;87,16,-8;90,-6,-29;100,2,-17;110,-4,62;118,-4,-4;120,1,7;130,1,14;140,2,3;150,-14,13;158,3,-3;162,-1,1;170,-10,24;180,1,-11;182,8,-7;199,-35,88;220,21,-48;230,-3,-26;240,-2,7;260,2,25;270,-3,6;387,14,-40;401,1,84
rua||benedito luiz dos santos|sao geraldo|12576410|1,-2285798,-4524643;2,-9,-6;3,9,4;4,-4,-2;5,-6,6;6,14,-5;7,-16,9;8,11,-11;9,-19,14;10,5,-7;11,-5,12;12,0,-19;13,-14,19;14,7,-7;15,-15,14;16,23,6;17,-36,11;18,164,566;19,-177,-563;20,143,392;21,-146,-388;22,16,-26;23,-22,31;24,23,-22;25,-27,25;26,26,-28;27,-31,36;28,16,-39;29,-26,53;30,26,-41;31,-20,44;32,20,-38;33,-24,47;34,14,-46;35,-15,45;36,10,-41;37,-9,42;39,0,-2;41,-15,32;43,5,6;45,-5,4;47,2,6;49,-1,10;51,1,7;53,-3,4;55,3,8;57,-9,4;59,-6,9
rua||benedito macedo|ponte alta|12575042|155,-2284625,-4523444;159,13,-24;165,0,26;173,11,3;177,-1,-3;185,7,6;193,4,9;197,3,-4;201,6,-3;211,15,-6;227,0,28;233,18,0;237,-5,6;249,6,4;251,2,1;271,17,13;275,4,9;279,2,0;281,2,-3;285,4,6;291,5,-2;301,6,2;303,9,6;305,3,-4;313,6,4;333,2,18;347,-2,22;369,44,-3;383,16,5;395,6,1;399,0,8;411,9,2;415,7,-2;419,-1,10;431,13,-1;435,1,2;443,3,1;447,6,5;451,2,-1;455,8,3;459,2,7;465,8,3;471,6,7;475,2,-4;479,5,6;481,3,-2;507,14,19;511,15,-10;517,0,3;519,-5,5;523,6,1;527,-2,12;531,10,-7;537,5,5;539,10,11;541,63,22;543,-59,-28;547,1,-2;549,122,58;563,-108,-49;569,1,5;579,6,4;581,9,-2;583,1,8;587,12,-1;588,1,4;589,-5,-2;591,-7,18;599,10,-2;601,12,-9;603,2,10;605,5,0;606,5,-7;608,-3,-4;620,5,9;630,12,-9;643,-3,-1;649,9,19;650,-2,-7;654,13,11;655,25,5;658,-27,-6;659,-9,4;661,2,-5;666,6,6;667,2,0;673,7,-14;677,7,4;680,4,3;681,-5,11;689,6,-2;690,3,-9;701,7,11;702,-6,-7;704,11,0;710,-3,4;713,-7,-5;714,10,7;715,7,-2;717,-1,3;723,-2,4;733,13,-13;739,8,13;743,3,1;744,-24,0;745,27,-6;746,-21,2;749,24,11;750,-21,-7;752,9,-10;754,3,7;755,5,19;756,2,-28;757,10,19;758,-13,-8;761,18,20;763,-6,-12;768,-10,-3;769,29,13;778,-23,-5;781,27,4;782,-23,-7;784,9,-3;786,2,16;787,18,-3;789,1,7;800,-14,0
rua||benedito miguel chad|santa rita|12576062|8,-2285463,-4523127;9,-12,10;13,10,-10;19,-7,13;21,-8,1;23,-2,2;25,-2,4;40,4,-9;41,-10,11;49,5,-9;50,3,0;54,-13,14;57,-7,12;58,1,-15;59,4,9;62,-3,-2;64,2,1;66,-16,16;68,7,-6;70,-9,5;72,-10,19;75,3,-6;101,1,-2;102,-6,-1
rua||benedito rocha dos reis|aroeira|12573238|6,-2283289,-4521405;9,12,-13;12,-8,10;13,6,6;17,-2,-7;82,38,48;103,1,17;109,0,8;115,-2,5;120,-2,-5;121,4,32;133,-18,-1;141,-4,10;143,22,-45;150,-37,64;159,19,-32;160,-25,38;165,21,-19;170,-28,24;175,19,-18;180,-29,24;181,25,-21;190,-26,22;197,23,-12;199,0,0;207,-4,6;217,-13,6
rua||benedito salles vieira|jardim paraiba|12575139|480,-2285110,-4523975
rua||benjamin arantes|jardim paraiba|12575204|20,-2284704,-4524267;30,-8,-3;32,1,-15;40,3,-18;55,-1,-13;60,7,-4;63,-7,-3;66,14,-38;70,-3,-6;71,-4,9;74,6,-14;75,-5,13;78,6,-31;88,9,-13;98,-5,-8;105,-11,19;108,12,-26;140,9,-13;150,-3,-17;160,12,-21;171,-20,9;180,6,-22;181,-6,12;190,15,-16;195,-13,-8;200,11,-1;213,-8,-24;222,11,8;223,-5,-16;240,4,2;243,-4,-12;250,1,7;253,-1,-17;260,-6,17;270,10,-20;273,0,-14;280,10,-61;290,-4,43;311,-7,6;321,1,-7;330,7,-32;331,-4,24;340,10,-34;341,-9,17;350,14,-26;351,-15,39;360,15,-58;365,-13,28;370,17,-40;371,-10,4;381,2,-11;391,-2,-8;400,11,-4;401,-9,-2;411,1,-6;420,11,-42;421,-7,21;430,8,-15;431,-9,8;440,6,-16;441,-5,7;450,8,-9;451,-10,-1;461,5,-8
rua||camillo de lellis da gama valle|jardim paraiba|12575156|20,-2284608,-4524210;30,4,-10;52,-74,183;77,-8,25;150,34,-98;155,-11,14;160,-2,10;185,12,-40;200,27,-43;205,-2,1
rua||castelo branco|vila mariana|12573522|18,-2283085,-4521754;26,5,-9;31,-5,-7;36,14,5;41,-6,-9;44,11,-4;48,4,4;49,-12,-7;51,10,-6;52,7,3;56,9,-10;75,-3,2;79,9,-13;81,-1,5;93,4,-2;96,-2,4;97,5,-14;98,3,12;101,-1,-14;105,6,-7;115,8,-3;126,-1,9;135,4,-18;147,12,-14;157,7,-6;164,-9,21;172,3,-6;191,18,-25;196,6,-1;201,1,-4;205,8,-8;206,4,8;209,0,-12;211,0,-6;214,4,15;222,7,-10;227,-1,-14;234,5,13;256,-1,4;257,7,-18;270,3,7;273,0,-12;274,4,5;275,3,-13;276,3,7;277,-2,-17;286,2,18;289,7,-22;300,4,11;312,6,-11;313,1,-11;320,8,7;327,2,-11;328,-2,8;331,2,-11;333,5,-1;335,2,-6;339,8,-6;341,9,-11;342,-9,17;343,8,-14;346,-6,13;356,6,-10;363,3,-5
rua||catarina auxiliadora barbosa|bairro santa edwiges|12573708|418,-2282203,-4522590;420,-2,2;1557,51,-41
rua||ceara|sao francisco|12570424|10,-2286899,-4523618;13,578,1296;14,13,5;15,-1,1;37,5,-2;38,6,10;47,7,-2;53,0,0;60,1,9;62,1,6
rua||celestino policarpio de oliveira|jardim paraiba|12575194|11,-2284860,-4524178;13,4,-8;23,34,-98;33,-31,85;36,34,-95;43,-26,74;45,25,-82;59,3,-16;65,-25,79;66,24,-76;71,-1,-23;95,4,-21;125,3,-17;135,1,-7;145,-1,-13;148,4,39;168,0,-31;172,0,-11;205,-1,-28;233,3,-26;243,2,-9;253,2,-15;263,2,-7;265,-6,77;315,3,-94;330,4,49;340,-1,-15;355,-1,-63;365,3,-1;380,4,25;390,0,-18;402,-4,-22;403,4,8;410,5,-10;413,-7,-2;420,5,-13;423,-1,1;435,3,-7;438,2,-14;463,-1,1;468,5,-25;473,-3,-5;488,14,-20;518,4,-56;538,4,-30;548,1,-7;552,-5,26;558,-2,-26;568,10,-17
rua||chico palma|santa terezinha|12575004|2,-2283796,-4522683;3,-12,-14;4,-26,-38;5,-12,-21;6,5,4;7,-8,-12;11,-8,-7
rua||chico santeiro|jardim paraiba|12575192|155,-2284590,-4524422;165,-160,17;200,30,-32;251,5,4;401,160,24
rua||christovao macedo|ponte alta|12575028|31,-2284265,-4523340;36,-2,-4;38,2,7;41,4,1;42,3,-2;46,-1,6;48,9,0;60,0,4;64,10,8;68,-1,-1;78,11,-1;82,2,4;85,31,5;88,-29,-11;92,0,0;100,22,-8;108,-24,-9
rua||clementina de castro|tigrao|12570210|2,-2284449,-4522344;8,-1,2;14,6,2;26,-11,12;32,-4,4;44,-1,9;50,0,6;56,-6,4;62,-5,-1;68,6,8;74,4,-5;80,-12,13;86,1,0;92,-12,6;98,-1,6;104,-7,1
rua||colombano teixeira|centro|12570071|18,-2284161,-4523095;20,3,10;28,-11,15;34,20,-17;44,5,26;52,13,-11;56,-62,152;60,59,-144;64,10,-7;72,7,9;78,-1,12;84,11,-4;86,-10,1;88,14,11;90,-11,13;102,14,2;118,39,1;134,2,-4;140,-23,29;168,-8,37
rua||cosme e damiao|ponte alta|12575134|7,-2284702,-4523800;9,-11,0;12,0,3;15,0,-9;18,-9,-2;28,-14,-6;29,14,10;31,-8,-1;40,-16,-24;43,8,-7;45,1,0;48,-10,2;53,-5,10;56,2,-10;64,-7,-4;67,4,-4;71,-10,-6;75,-3,0;78,0,20;79,-12,-12;81,5,-17;85,-14,1;90,14,4;96,-5,-3;100,-4,-7
rua||domingos garcia|ponte alta|12575062|6,-2284695,-4523210;8,0,-7;16,4,-5;20,2,-2;26,18,-5;30,6,2;37,4,-8;39,11,6;40,-12,-11;41,30,20;42,-25,-19;46,8,4;50,-3,-5;52,2,-5;56,-3,-8;58,9,1;59,1,19;80,23,-27;157,54,-26;163,-2,-18;165,6,1;167,4,5;168,12,-4;181,4,-6;189,5,12;192,5,-30;196,-5,4;197,2,7;200,4,-13;203,-5,6;206,18,-14;215,1,19;219,3,0;222,11,-19;226,-1,5
rua||dos bicudos|mottas|12579899|4,-2293509,-4521880;6,10,6;8,-7,13;26,-147,135;29,81,-76
rua||elpidia nunes da silva|santa terezinha|12573302|1,-2283586,-4522402;2,8,-1;3,7,-6;4,-3,6;5,5,-12;10,0,3;11,-12,18
rua||elpidio de paula santos|ponte alta|12575098|6,-2284629,-4523728;10,1,-11;20,6,-1;27,4,-8;28,0,-2;32,0,-11;34,5,1;39,19,-31;52,-8,30;60,6,-24;73,-3,6;76,-11,12;102,51,-60
rua||felipe pedroso|ponte alta|12575064|65,-2284645,-4523328;71,4,2;77,13,-12;80,-19,-8;83,21,11;100,-7,-17;101,11,7;105,20,-10;107,0,0;109,-1,1;110,-17,13;120,12,-13;121,1,-12;125,9,4;127,5,4;130,-28,-11;138,10,2;139,16,0;143,17,-9;152,-22,12;156,17,-8;158,-3,6;159,-1,-12;162,4,-3;186,-5,6
rua||filinho nogueira|ponte alta|12575078|50,-2284694,-4523677;59,-6,-17;61,3,10;63,-3,-2;64,4,10;81,9,24
rua||filippo|residencial parque das gardenias|12573512|10,-2282862,-4521641
rua||filippo|vila mariana|12573512|2,-2283238,-4521954;5,301,420;10,-21,-141;20,-49,54;23,-73,-96;40,31,61;50,-20,-48;54,18,35;76,-14,-1;111,140,173;113,-4,-4;141,-11,-19;142,-4,-12;151,-9,-4;154,-164,-233;168,-29,-58;170,-2,-2;188,-15,-12;226,-16,-23;232,3,-24;238,-15,1;246,-3,-5;250,29,-34;254,-9,10;258,-16,11;274,-17,-9;282,-5,-6;288,16,-26;302,-27,12;310,-2,-8;316,6,-13;320,-13,11;326,-7,-4;328,2,-5;378,-34,-40;392,-7,-26;394,-6,2;396,-3,-11;410,-5,-11;414,-1,-1;418,-9,-4
rua||francisca da rocha silva|aroeira|12573234|55,-2283314,-4521313;200,-11,-4
rua||francisco bernardes|sao geraldo|12576420|30,-2285900,-4525233;32,-4,10
rua||gabriel elache|jardim paraiba|12575150|5,-2284579,-4524081;8,-42,-50;15,-44,47;25,75,-26;45,-16,-5;55,-3,0;60,11,-9;65,-5,10;75,-26,-16
rua||galvao nunes|vila mariana|12573504|17,-2283304,-4522054;18,8,-11;19,6,12;22,4,-10;23,-10,2;29,5,-6;35,15,-6;39,-6,-21;45,14,11;62,-18,12;79,8,0
rua||genesio benedito barbosa|residencial rosa de ouro|12573342|264,-2283376,-4522518;272,3,-2;273,-13,4;278,20,-11;283,-16,6;286,18,-7;293,-17,9;294,23,-15;302,8,-6;303,-20,10;308,23,-13;313,-21,6;318,26,-10;323,-24,7;326,29,-10;332,5,-4;333,-28,11;342,35,-15;343,-28,10;348,28,-11;353,-18,13;356,27,-22;363,-28,13;366,32,-15;373,-24,16;374,27,-20;383,-27,13;384,33,-18;392,8,-5;393,-34,17;398,41,-20;403,-36,16;406,36,-19;412,4,-5;413,-31,18;418,36,-23;422,8,-5;423,-43,26;433,6,-5;443,2,-3;453,10,-7;463,1,0;473,8,-3;483,1,-5;493,10,-11
rua||geraldina rosa nunes|sao roque|12573206|29,-2283739,-4522057;38,-1,-11;43,3,12;47,-5,5;51,-10,-1;57,3,14;59,-9,-9;62,5,1;63,-10,13;82,12,-26;86,-7,19;92,34,-78;96,-38,84;106,-8,9
rua||godofredo pereira filho|ponte alta|12575096|25,-2284652,-4523800;27,8,1;29,2,-1;31,0,4;33,1,1;37,3,7;55,12,1;58,-6,0;63,2,6;65,7,1;68,-4,0;71,6,5;72,4,-2;76,2,3;82,-22,-20;118,-12,-11;120,57,52;127,-1,9;128,11,-2;135,-2,4;137,15,5;142,4,14;146,9,2;147,-8,-5;152,10,7;159,3,6;160,6,4;168,-27,-22;175,42,32
rua||guilhermina ferreira rocha|bairro santa edwiges|12573702|45,-2282124,-4522596;59,-9,-10;91,-33,-47;1570,6,4;1601,45,55;1720,-21,-33
rua||higino macedo|ponte alta|12575018|18,-2284022,-4523227;25,-30,-14;27,11,-2;28,15,15;29,-22,-15;30,16,16;32,0,-7;33,-23,-17;34,19,1;36,-10,10;37,-7,-13;38,-3,2;40,-4,4;42,6,-5
rua||horacio de moraes|aroeira|12573216|9,-2283608,-4521980;12,-8,-8;14,-4,2;20,0,-9;23,-8,21;26,5,0;28,-3,1;31,-2,4;38,-5,6;40,0,13;48,-19,-21;51,119,112;58,-111,-81;64,-6,1;68,-22,-22;81,8,11;85,-12,2;86,261,192;88,-271,-195;97,3,-1;100,271,196;103,-143,-91;104,-88,-133;110,-58,29;120,288,200
rua||humberto cartegni|sao geraldo|12576402|1,-2285718,-4524816;3,7,-4;5,3,-3;7,3,-8;9,2,-1;11,3,-3;13,3,3;15,9,-4;17,-4,-2;19,6,-10;21,2,0;23,3,0;25,8,-3;27,5,4;40,-65,49;100,22,-22;150,4,-2;200,-118,-162;210,135,141
rua||ignacio bustamante|centro|12570102|19,-2283812,-4522635;23,0,-7;25,-6,-8;33,2,1;39,-8,-6;41,-2,-16;45,-5,1;47,-5,1;51,9,3;55,-9,-17
rua||isaac ferreira da encarnacao|jardim paraiba|12575182|171,-2285175,-4524195;501,46,-116;547,-63,150;573,9,-21;601,11,-21;611,8,-7
rua||isaac ferreira da encarnacao|manto azul|12575182|118,-2285103,-4524355;188,9,-62;228,6,-56
rua||isaac julio barreto|ponte alta|12575012|25,-2284002,-4523095;30,4,-13;31,-1,5;40,16,-10;41,-3,4;50,7,-7;51,-7,7;61,4,-9;70,13,-9;71,-12,9;80,10,-10;81,-3,7;91,8,2;101,0,-12;111,8,1;121,2,-3;131,3,-9;141,5,-2;146,-6,1;148,12,-7;150,7,-7;156,4,-5;160,10,-5;169,-22,24;171,8,-13;180,16,-21;181,-10,20;186,14,-21;193,-5,19;195,-6,0;199,9,-13;200,2,-2;205,2,0;210,-3,-5;211,9,1;218,-1,-12;222,-1,6;223,9,0;229,6,-4;230,2,-2;235,1,-4;240,-1,1;241,2,-4;247,5,-4;250,-5,3;253,16,0;259,-1,-11;260,-11,6;265,15,-8;270,-7,11;277,22,-28;280,-31,33;289,30,-25;295,9,-1;300,-14,3;301,19,-13;307,0,2;310,-20,7;313,30,-14;320,-27,16;330,9,-5;340,5,1;350,-3,-11;360,15,-7
rua||itabaiana|itaguacu|12576624|55,-2286858,-4525857;75,-3,-10;85,1,-9;95,-2,-18;100,16,-8;105,-10,-2;115,-1,-7;122,10,-57;132,0,-5;135,-5,39;140,5,-66;144,8,15;150,-13,-13;164,10,-9;171,-9,21;173,1,11;174,8,-49;184,-1,-12;192,-1,0;204,6,-28;205,0,8;214,5,-24;220,4,-10;224,-2,-1;225,-24,59;244,24,-64;245,-15,26;247,2,11;254,24,-50;255,-22,32;265,3,-6;275,5,-8;283,2,-8;284,15,-17;285,-11,12;295,-5,-14;325,9,-5;334,14,0;335,-7,-10;344,13,3;345,10,5;354,-7,-15;355,-2,-3;356,1,1;359,-7,-10;360,17,2;364,-2,-4;365,-12,-1;375,10,-7;381,5,-6;382,1,-1;384,6,-1;385,-14,-22;389,6,25;395,7,-11;414,20,-17;415,-10,-3;425,3,-8;464,44,1;470,-16,-35;474,9,-2;475,-14,-6;484,18,0;494,0,-7;495,-6,-8;499,-6,6;502,14,-7;505,-4,-2;514,8,-4;515,-2,-12;520,6,6;524,10,-14;525,-10,0;534,11,4;535,-6,-4;545,2,-9;548,9,5;550,0,-8;554,2,-2;555,-8,-8;563,5,-6;564,7,8;565,2,-9;574,9,3;575,-10,-10;580,4,3;581,-4,-4;584,12,0;585,-8,-11;586,16,6;597,-5,-13;601,-1,-9;604,9,7;606,4,0;613,-5,-14;620,5,8;623,2,-23;624,1,14;626,6,6;630,-3,-10;633,-1,-16;634,9,5;637,-4,-7;644,5,2;653,-1,-12;654,12,0;657,-8,-6;664,9,2;673,-1,-14;677,7,-5;683,-1,3;691,-1,-14;693,6,-1;694,4,3;703,0,-23;704,6,13;707,-2,-4;713,4,-15;714,2,15;723,-6,-12;724,9,8;734,9,-10;738,-1,0;743,-4,-13
rua||itabapoa|itaguacu|12576626|15,-2286916,-4525886;20,13,-1;30,-5,0;40,-2,-18;55,-4,-11;70,8,-19;75,-4,-2;80,5,-5;85,-12,-10;100,8,-41;110,3,12;117,-6,0;119,1,-1;120,6,-7;125,-4,-4;140,7,-20;150,-2,-6;160,2,-8;165,-4,-7;170,3,-12;175,-7,11;176,10,-22;180,-7,-6;185,4,13;195,-4,-10;201,3,-10;205,1,1;210,11,-25;215,-7,16;220,1,-16;225,-2,9;230,5,-15;234,9,-12;235,-2,12;238,4,-12;240,3,-9;242,-3,3;245,-5,11;250,14,-25;253,-7,2;255,-6,14;270,0,13;275,8,-32;283,4,-6;285,-1,-5;286,19,-17;290,4,-7;295,-18,21;300,28,-27;301,-24,19;305,1,-2;306,19,-19;315,-13,17;325,1,-21;335,8,-2;336,21,-9;340,-1,-9;341,-14,13;346,24,-23;347,-21,14;356,20,-20;357,-27,30;358,7,-4;360,21,-28;366,2,-6;367,-17,14;376,13,-12;377,-3,-2;387,-3,-13;390,36,-29;397,-22,42;400,34,-58;405,-22,13;409,11,-6;410,7,-2;415,-11,2;420,17,-18;425,-18,12;432,31,-18;435,-28,16;436,26,-22;440,-1,62;446,1,-74;450,5,-3;455,-21,21;457,4,-9;460,26,-10;463,-23,4;465,5,-1;474,19,-11;475,-16,4;476,18,-10;483,-4,-13;484,9,6;494,6,-2;495,-17,0;510,28,-21;515,-17,8;521,2,-2;524,16,-22;525,-16,19;534,53,-63;535,-48,55;544,20,-13;545,-13,3;549,0,-6;554,23,-21;555,-21,17;560,23,-12;564,3,-8;565,-18,14;571,1,-2;574,23,-12;581,-14,-5;584,16,-10;585,-15,7;604,28,-26;614,3,-9;615,-19,14;624,28,-24;625,-18,16;630,21,-24;633,-20,18;634,14,-10;635,-11,6;645,6,-16;647,-2,6;650,14,-13;660,5,-6;680,6,-9;682,4,-7;695,-6,0;701,2,-8
rua||itaberaba|itaguacu|12576634|20,-2287133,-4526236;40,39,13;70,-3,-1;75,-3,10;80,12,2;82,-58,-30;89,80,71;98,28,-24;118,-13,-2;161,-82,-37;169,56,27;173,1,12;399,114,42;421,-57,-19
rua||itacarai|itaguacu|12576630|9,-2286907,-4525873;20,13,66;32,-5,-3;80,-46,-18;110,9,-22
rua||itacolomi|itaguacu|12576614|51,-2286599,-4526375;70,-89,781;80,-8,-13;90,-9,-6;110,-5,-18;120,-3,-7;125,-7,-5;130,-1,-9;140,0,-4;150,-5,-10;160,-5,-6;170,-6,-10;180,-10,-11;185,-56,-132;190,54,126;196,-11,4;200,6,-13;220,-6,-16;230,-7,-10;240,-4,-9;250,0,-7;260,-8,-8;270,-7,-15;271,-1,-10;290,-9,-7;300,8,-26;310,-2,3;356,0,-76;370,4,-12;374,-4,15;380,1,-27;444,20,-44;463,-31,-7;473,4,-11;483,0,-13;488,12,4;492,0,-4;503,-11,-28;525,5,-8;534,6,-2;539,-12,26;541,3,-3;543,8,-56;560,2,22;563,9,-26;567,-4,2;573,-4,-11;593,7,-13;600,-8,28;603,19,-43;613,4,-7;623,6,-12;624,-30,59;627,33,-62;634,-25,52;653,38,-72;657,-9,16;674,-1,15;684,2,-6;693,19,-54;694,-15,49;704,5,-8;714,4,-13;724,3,-4;726,24,-36;736,6,-11;743,2,-12;746,8,-2;753,-3,-6;756,-3,-1;766,13,-9;773,0,-13;776,9,5;783,-5,-9;793,9,-15;803,2,-1;806,13,1;813,-2,-15;816,-2,6;817,0,-1;823,-4,-16;825,6,-9;826,6,22;828,2,-7;830,4,-6;839,-2,-10;843,-4,2;845,6,-2;846,6,4;849,-4,-9;853,2,-4;863,4,-12;869,-8,-7;876,19,10;881,-6,-8;883,0,-12;885,7,7;886,8,5;893,-4,-13;896,4,2;900,9,-9;903,-12,-7;909,4,-7;910,-72,139;915,74,-140;920,12,1;924,7,1;926,-7,-9;929,-13,-2;930,23,-2;933,-7,-9;940,10,6;943,-4,-15;947,7,-9;950,-2,18;962,5,-16;963,3,-12;966,-1,4;973,6,-14;978,-1,16
rua||itaguatiara|itaguacu|12576603|120,-2287002,-4526028
rua||itaici|itaguacu|12576638|160,-2287027,-4525894;170,-11,-34;180,11,8;190,-7,-8;196,1,-3;200,-9,-8;210,2,-4;214,0,-4;220,3,-5;226,-7,-11;230,0,-4;240,3,-2;244,-6,-13;250,9,-4;254,2,-14;270,0,0;281,-3,-44;284,0,-2;285,2,3;290,-1,-10;299,-1,1;300,7,-9;301,-4,13;310,8,-20;311,-12,6;320,9,-22;326,5,-5;330,-6,-7;331,-1,17;340,-3,-19;341,4,13;345,2,-5;350,5,-17;357,-1,-1;360,1,-13;361,-1,16;370,6,-27;371,-7,10;381,1,-6;390,11,-24;391,1,21;392,16,-52;394,10,-21;395,-32,67;396,36,-64;398,-17,11;400,0,-14;401,-21,56;410,53,-95;411,-47,89;414,57,-111;416,7,-2;418,0,-9;421,-62,111;422,63,-109;430,17,-24;431,-68,109;434,69,-113;438,12,-5;441,-81,101;446,96,-137;450,12,-8;451,-104,139;456,106,-144;460,-3,0;461,-95,135;470,101,-148;471,-91,137;476,100,-142;480,-7,-2;481,-94,143;485,1,-6;490,100,-146;491,-99,144;495,3,-9;500,104,-141;501,-101,140;505,2,-4;511,3,-2;517,7,-13;521,-2,-3;531,7,-1;537,-1,-2;539,3,-8;541,1,-1;550,105,-150;551,-96,141;560,99,-148;561,-89,137;565,-6,1;570,98,-142;574,2,-4;580,3,-7;584,3,-3;590,4,-4;594,0,2;600,0,-5;604,3,-3;610,12,-9;614,0,-5;620,2,-3;628,-4,-5;630,5,-3;634,6,-6;640,1,-7;644,0,4;650,5,-7;656,-2,-7;660,0,-3;670,12,-9;674,5,-2;680,5,-4;690,-2,-11;700,9,-13;710,5,-5;720,4,-8;730,4,-8;740,6,-11;750,6,-1
rua||itaiguara|itaguacu|12576610|13,-2286270,-4525777;23,-1,9;26,5,-23;30,-4,7;33,-9,25;40,5,-17;42,4,-9;43,-12,33;46,6,-23;50,-7,4;53,-3,42;56,-2,-40;61,-3,33;63,-2,1;64,8,-30;78,-10,16;80,3,1;83,-13,28;87,-2,4;90,6,-24;92,-2,15;93,-8,13;100,-1,-17;113,-3,25;120,2,-14;123,-80,-192;125,67,223;126,10,-28;130,-8,9;133,-11,31;136,6,-30;140,1,8;143,-8,26;147,-3,2;150,6,-19;153,-10,25;160,2,-17;163,-8,25;169,1,2;170,7,-27;173,-16,34;175,5,0;180,4,-22;183,-14,32;190,10,-26;193,-14,29;195,-2,5;198,12,-28;200,-10,7;203,-12,24;220,-5,-8;250,-46,19;255,-78,22;260,73,-20;265,-1,4;267,-7,-3;270,-5,-1;275,0,9;285,-6,5;290,17,-20;295,-23,20;298,1,-9;300,-13,2;305,4,12;310,-10,-8;315,5,17;320,-19,-7;323,7,0;325,-9,3;330,-7,-1;335,3,3;340,-25,-7;345,21,10;350,-26,-5;355,18,0;360,-25,2;365,9,2;370,-23,-4;374,-12,-3;375,29,8;380,-40,-4;385,30,0;390,-39,-11;395,34,17;400,-44,-19;405,29,15;415,-1,-1;419,-6,6;425,90,-16;430,-146,-22;434,-10,-5;435,47,41;440,-50,-43;441,50,32;444,-53,-38;445,42,40;450,-44,-46;460,-7,-5;467,18,29;470,-21,-37;477,19,38;483,-6,-3;487,-10,0;491,1,-7;497,-7,-8;501,-2,-13;505,-8,-3;509,0,-1;513,-4,-8;515,-8,-10;517,-5,7;519,9,-10;521,2,-6;525,-8,-16;526,7,4;528,-2,-5;530,-5,-12;535,-2,10;539,-4,-6;540,-3,-13;545,2,10;550,-2,-15;554,-3,-3;555,1,2;557,-1,0;560,0,-8;570,-10,-14;575,6,15;580,-6,-16;584,-5,-1;590,-4,-14;595,3,22;604,-11,-21;605,6,9;610,-4,-22;612,-5,-5;615,15,20;619,-9,-7;622,-6,-20;625,0,18;630,-2,-24;635,-1,16;645,-2,-9;649,-3,1;650,3,-32;653,-9,21;660,1,-37;661,3,31;671,-16,-7;700,14,-80;710,5,-8;711,-15,18;715,7,-1;720,5,-23;721,-9,13;730,9,-21;731,-10,10;732,13,-10;734,-7,-3;736,3,-8;741,-4,15;745,-3,-10;760,4,-22;761,-12,4;770,17,-15;772,3,-10;785,-8,-17;790,3,1;791,-12,143;800,18,-146;807,-10,-27;820,8,7;830,1,-18;831,-9,-8;840,17,4;841,-13,-18;846,7,0;850,4,-2;851,-13,0;870,24,-24;875,-9,-4;880,14,-5;885,-13,0;895,6,-5;900,7,-6;915,7,-16;920,12,-3;925,-7,-3;930,13,-10;935,-11,1;940,11,-9;944,-1,-1;945,-5,4;954,14,-14;955,-14,11;970,18,-12;990,9,-24;995,4,-16;1000,8,4;1010,1,3;1012,0,-8;1015,6,-16;1025,-5,-11;1030,4,24;1031,6,-30;1032,6,20;1035,-7,-21;1040,0,13;1045,8,-20;1049,5,-4;1050,-14,7;1055,23,-11;1060,-10,15;1065,11,-23;1066,-9,19;1070,6,-6;1075,2,-19;1080,4,13;1085,2,-24;1090,-2,16;1095,2,-15;1100,5,7;1103,3,-16;1110,-1,9;1135,15,-39;1136,3,15;1139,0,-19;1140,2,15;1150,0,-8;1155,1,-16;1156,-6,20;1159,16,-26;1160,-3,16;1165,-3,-12;1170,10,8;1175,3,-21;1179,1,-7;1180,4,13;1190,-3,-5;1194,0,3;1205,15,-30;1219,-1,-11;1220,0,23;1225,5,-36;1226,-5,22;1227,8,-20;1235,-7,13
rua||itaipe|itaguacu|12576628|30,-2286908,-4525778;36,3,2;40,5,14;60,3,11;69,-16,-25;70,15,37;77,-31,-76;79,13,10;80,24,77;90,2,22
rua||itaipu|itaguacu|12576640|11,-2287086,-4526101;21,1,0;48,6,-18;54,-2,-8;68,12,-19;78,3,-1;82,-10,-6;88,8,-8;125,-17,39;128,42,-98;129,-38,76;131,2,-13;134,37,-72;138,4,-6;139,-40,73;144,59,-77;145,-17,7;148,6,-15;149,-46,75;155,8,-14;158,42,-64;159,-49,74;168,57,-90;173,-40,56;174,41,-65;175,-39,59;178,49,-63;179,-47,60;180,-21,86;184,79,-142;188,-12,-8;189,-40,54;196,28,-33;212,16,-34;218,9,-10;219,-42,56;225,4,-10;228,45,-57;229,-44,54;235,3,-6;238,49,-55;239,-48,55;248,48,-57;251,-8,8;259,-31,29;263,2,-2;265,0,0;275,-69,193;279,83,-207;299,5,-16;301,5,-9;305,0,-6;307,5,-1;309,2,-5;310,8,10;315,-31,31;329,25,-44;339,5,-11
rua||itamaraca|itaguacu|12576608|10,-2286294,-4525866;15,-1,19;20,-3,-5;26,-2,4;30,-1,3;33,0,7;35,-5,11;40,0,-10;45,2,21;50,-8,-13;55,-2,14;60,-1,-11;65,-2,18;70,7,-10;71,-15,22;75,-3,-3;76,6,-16;80,-4,10;85,-4,15;89,0,2;90,1,-13;93,-6,12;95,1,8;100,0,-7;103,-2,11;104,-6,-9;105,4,12;108,0,-20;110,2,13;115,-11,11;119,2,0;120,-7,-3;125,2,15;130,-3,-8;131,5,10;135,-2,5;139,-5,2;140,3,-9;145,-5,7;149,-5,5;155,-5,7;160,-5,-4;165,2,8;170,-3,4;171,1,-1;175,-3,4;190,-11,13;192,8,-9;195,-2,12;196,-10,-4;200,1,6;205,-1,7;210,-5,-3;215,4,13;225,-10,2;229,-7,-6;230,5,6;240,-2,0;250,-19,9;269,-26,21;279,-8,-5;280,6,-1;289,-12,6;299,-10,3;300,7,-8;309,-23,18;310,-22,-10;313,-3,19;315,19,-10;320,15,-11;326,-7,1;327,-12,13;329,-3,1;330,6,-9;335,29,-13;336,-44,11;338,-19,0;344,-6,2;345,17,6;349,0,10;355,-9,-15;358,-41,-10;365,36,21;378,-59,-38;385,35,30;388,-52,-41;395,44,38;398,-48,-48;405,35,44;408,-45,-48;418,-2,-9;421,18,33;428,-17,-44;433,8,39;434,-11,-41;438,-2,-4;443,10,39;448,-20,-47;453,18,36;458,-17,-49;461,13,37;463,-6,-1;468,-11,-38;469,9,37;473,3,-8;475,-6,-3;477,0,-6;485,-6,-5;488,-11,-34;489,11,31;493,-11,-4;498,-1,-37;508,-2,-5;509,1,26;518,-13,-42;525,1,22;527,4,1;528,2,-27;541,-11,9;545,1,-4;551,-1,-4;557,-7,-5;559,-2,-11;563,-3,-2;586,9,-33;596,-4,-4;600,2,-9;603,-5,9;605,-1,-17;606,4,2;615,0,-11;619,-2,-4;625,1,-8;626,5,19;635,-3,-24;638,3,9;646,2,-18;647,-7,-7;648,5,15;654,3,-14;656,4,0;665,-9,-9;666,10,-2;669,-14,-2;676,11,-13;685,-9,-7;686,8,-4;695,-11,-8;700,14,-4;705,-7,-9;712,4,7;721,-9,-14;724,10,0;725,-10,-6;735,-1,-10;739,6,-5;745,-3,-12;746,9,1;753,-8,-4;765,10,-8;775,1,-9;797,16,-29;800,7,9;803,-5,-3;806,11,-4;807,-8,-5;810,11,1;816,5,-6;820,2,-4;825,-18,6;826,17,-9;827,-12,1;830,17,-6;836,13,-5;837,-24,9;840,17,-13;841,-15,5;847,-5,-8;857,3,-24;889,27,-13;895,-1,2;899,11,-9;900,5,14;909,-5,-13;910,6,6;915,-1,-15;916,9,3;919,-9,-2;920,11,4;923,-8,-8;926,6,1;929,2,-10;930,-6,3;934,14,-4;939,-12,-4;940,7,9;944,7,-13;945,-9,-4;949,1,-3;955,5,-7;956,3,8;959,1,-11;960,6,-3;965,-7,-1;968,8,2;969,-8,-2;970,11,2;975,-6,-5;979,3,-9;980,8,6;989,-11,-7;993,7,-6;999,1,-1;1000,17,-16;1005,-13,14;1009,-1,-8;1020,23,-18;1030,8,-13;1049,-9,-2;1059,9,-3;1069,3,-9;1070,21,7;1079,-15,-3;1080,25,0;1086,9,-5;1089,-25,-3;1090,47,16;1099,-36,-15
rua||itapeassu|itaguacu|12576648|41,-2286912,-4526465;61,-5,-7;71,13,-3;91,7,-8;119,-10,-62;137,-11,-12;155,-11,-15;175,-10,-11;183,0,-10;325,15,-73
rua||itapemirim|itaguacu|12576606|10,-2286325,-4525948;20,1,28;21,-5,20;26,7,-11;28,-8,3;30,-4,3;31,-4,9;37,-2,13;40,5,-16;41,-8,19;44,4,-16;50,-2,10;51,-4,10;59,-5,2;60,0,-5;61,-6,15;70,5,-14;71,-5,19;74,-1,-15;75,0,18;79,6,10;80,-4,-18;81,-7,12;90,-2,-8;91,2,12;100,-12,-8;101,6,14;104,1,-5;105,-6,13;108,3,-15;110,0,7;111,-9,16;120,-5,-9;130,0,9;131,0,8;140,1,-4;141,-10,15;150,2,-6;160,-12,13;165,-1,10;171,4,-3;177,-9,13;180,4,-4;181,-11,8;186,4,-6;190,-6,1;191,0,13;200,-6,-1;201,-1,8;210,0,-9;211,-4,19;220,-28,16;230,-8,-2;236,-5,7;238,-7,-1;244,-7,-4;250,-3,5;251,32,0;258,-25,4;261,6,3;270,-23,-1;271,22,1;280,-39,2;281,32,0;283,0,-1;286,-28,-2;291,15,-2;295,3,18;300,-31,-14;301,25,6;310,-38,-3;311,27,6;320,-33,-8;321,21,10;341,-16,-5;351,-6,2;358,-31,-29;361,3,17;371,4,-3;378,-12,-21;381,2,14;382,-4,-31;391,-14,-13;398,10,1;401,1,24;404,-8,-33;408,-6,0;410,13,14;422,-8,-28;425,-3,23;442,-24,-62;448,3,-7;452,0,-2;456,2,-7;461,6,53;462,-7,-61;466,3,-4;467,1,55;471,10,38;472,-18,-95;476,7,-8;480,-5,-2;481,-1,63;487,-3,-7;490,4,-62;492,0,-4;496,-5,-5;502,-2,-1;511,-1,34;512,3,-45;518,-3,-11;520,8,1;521,-5,46;526,6,-56;531,-6,48;532,4,-50;535,-6,50;536,11,-55;540,-5,-8;541,-7,54;543,5,-52;545,0,-11;552,4,-1;556,1,2;561,-9,48;562,20,-60;568,-14,60;571,0,-40;575,0,8;581,-4,15;582,16,-68;591,-17,59;600,10,-21;611,-7,-5;621,0,-8;631,6,-11;641,-1,-10
rua||itapetininga|itaguacu|12576616|5,-2286498,-4526112;49,7,19;73,3,9;99,-4,11;125,11,7;138,-62,139;151,58,-125;175,7,5;201,5,3;211,4,12;249,7,13;410,-28,164;420,-9,3;426,0,-1;430,-4,14;432,-94,6;434,9,-4;450,51,5;490,-107,9;491,22,-14;502,-26,-4;550,-11,9;575,-35,-10;576,44,4;580,-60,5;585,3,-4;600,-5,1;602,-7,0;604,-1,0;605,-4,-6;615,1,0;640,-96,2
rua||itapeva|itaguacu|12576636|14,-2286819,-4525962;40,51,3;41,23,10;51,-18,7;61,-8,-6;82,-158,-16;92,-12,3;121,61,9;145,18,2;170,-21,-9
rua||itapevi|itaguacu|12576618|420,-2286533,-4525912;450,12,-5;460,16,-2;470,-2,-2;480,1,4;590,37,-39;610,-22,-8;620,-7,-5;680,-20,-9;690,-7,-2;700,-13,24
rua||itapiraca|itaguacu|12576613|225,-2286494,-4525787;231,-4,-3;241,-6,8;245,-4,5;251,-4,0;254,11,-12;260,-24,1;261,13,16;271,-18,-3;281,-5,-4;291,-5,-9;299,3,6;301,-7,-18;307,3,6;309,-3,-2;311,-5,-15;312,9,12;315,-7,-12;321,-2,-2
rua||itapira|itaguacu|12576644|128,-2286687,-4526172;200,-320,-228;202,9,26;221,6,5;300,94,51;311,-13,-7;380,14,15;384,57,36;397,10,13;405,-2,-5;440,51,26;471,-12,10;500,-85,-67;520,231,160;581,-281,-193;586,87,65;680,217,138;703,-140,-73;751,-175,-135;761,-3,-2;771,-12,-11;781,-1,1
rua||itapoa|itaguacu|12576602|80,-2286433,-4525715;220,-28,-64;235,5,-14;236,-6,6;239,1,-9;240,40,149;252,5,-10;255,5,65;259,-22,-62;270,-8,-41;352,19,30;3362,7,88;3531,8,-2
rua||itaporanga|itaguacu|12576612|112,-2286565,-4525695;378,-14,8;412,-9,62;413,-6,-14;414,5,3;445,-22,57;480,47,-124
rua||itatiaia|itaguacu|12576642|14,-2287035,-4526349;60,-59,91;70,48,-84;80,-36,59;82,-2,1;90,9,-11;100,3,-3;106,5,-8;120,3,-15;130,9,-4;140,7,-19;150,6,-2;160,8,-4;171,-68,88;190,82,-116;191,-72,98;200,75,-102;211,-69,87;217,0,4;221,-15,-28;231,32,7;241,3,-4;251,4,-9;255,4,2;261,0,-9;271,7,-15;281,-1,-3;285,7,-3;291,3,1;295,4,-8;301,0,3;310,5,-16;311,-4,-7;321,9,-4
rua||itatiba|itaguacu|12576650|86,-2287162,-4526241;90,12,-26;99,131,-153;139,49,-8;155,7,1;163,7,1;170,-151,67;180,0,0;181,92,-59;220,-74,34;354,19,-149
rua||jaime ribeiro|centro|12570053|18,-2284323,-4523036;26,13,5;32,-9,12;35,9,4;41,3,0;46,-20,9;50,7,7;55,5,3;60,-4,3;65,11,2;74,-8,14;75,4,-15;84,11,22;87,3,4;88,-12,6;91,11,-2;92,4,2;93,0,5;102,5,-9;105,-2,10;107,-3,-4;115,7,11;121,-1,1
rua||joao abade|centro|12570110|9,-2283923,-4522505;25,-14,6;28,-7,-6;33,-7,15;34,6,-2;50,-15,7;64,-6,9;74,-10,10;76,3,1;80,-3,1;84,-5,2;96,-12,16;102,3,-2;106,-8,1;114,-1,7;116,-13,4
rua||joao abade|sao roque|12570110|85,-2283980,-4522447;87,-6,1;91,-4,-1
rua||joao alves|ponte alta|12575058|29,-2284642,-4523156;35,13,14;39,-2,-10;41,1,6;45,2,-14;47,3,7;51,3,-14;70,21,-31;73,-3,6;75,1,3;77,3,3;84,5,-30;85,12,27;90,-1,-20;107,11,19;112,-2,-38;114,-1,-5;117,4,42;118,13,-38;121,1,33;125,2,-11;126,-4,-22;133,5,29;135,3,-17;137,-17,-25;138,20,12;139,-1,16;156,12,-41;162,-4,18;166,3,-21;237,71,-18;257,7,4;269,12,-2;271,7,-19;273,-5,11;283,-3,-3
rua||joao andrade costa|centro|12570063|34,-2284205,-4522866;46,6,8;54,-5,6;60,-8,8;65,35,-16;76,-33,12;104,-21,22;110,-9,1;118,2,2;122,-10,11;126,-3,11;130,-2,-1;134,-2,1;136,-3,-3;138,-5,7;146,-8,4;150,-8,7;154,-4,1;158,1,4;171,-8,8;173,-10,13;184,8,-12;263,-31,33
rua||joao aprigio costa|santa terezinha|12573300|115,-2283720,-4522551;123,9,13;127,-3,2;131,10,7;183,20,34;187,10,6;195,6,9;199,2,-1;261,58,48;263,-27,6;273,22,-2;283,-8,8;291,8,10;301,7,15;309,-2,2;313,31,22;325,-5,-16;333,-10,10;343,5,3;351,10,8;357,12,6
rua||joao aprigio costa|santa terezinha|12575004|7,-2283776,-4522645;61,22,44;69,6,11;73,5,6;79,0,7;81,0,0;83,6,1;85,6,7;93,0,0;95,0,3;97,15,3
rua||joao batista rodrigues de andrade|jardim paraiba|12575166|10,-2284730,-4523969;13,-2,9;20,-6,-12;33,-12,-1;34,11,-1;42,-12,-10;47,-16,4;55,-5,-7;63,-6,4;73,-10,-8
rua||joao benedito rodrigues de andrade|jardim paraiba|12575166|92,-2284825,-4524010;97,-3,3;102,-5,-11;111,-5,4;112,0,-7;117,-9,3;122,3,-6;123,-12,2;132,3,-6;133,-13,-4;142,4,-4;143,-12,-4;152,2,-1;153,-6,4;162,-3,-6;163,-3,5;172,-6,-9;173,-5,0;182,-2,-6;183,-5,-5;192,0,7;193,-10,-5;202,3,-2;213,-15,-7;223,-9,-3;232,2,-6;233,-15,-2;242,-2,-6;243,-13,3
rua||joao benedito souza prado|jardim paraiba|12575141|150,-2285108,-4524145;160,53,42;169,57,31
rua||joao de oliveira lino|ponte alta|12575044|6,-2284562,-4523427;28,1,-5;29,7,-17;31,3,-3;36,-2,7;37,3,-9;38,-6,15;45,9,-21;46,3,4;47,7,-4;55,-7,-6
rua||joao egidio|santa rita|12576034|11,-2285217,-4523007;13,1,-8;16,0,-9;17,-6,38;18,4,-25;21,-8,28;22,1,-27;26,2,4;28,0,6;32,9,2;36,-3,8;38,-8,-3;42,-1,3;46,5,11;52,-4,5;58,-5,6;61,-5,10;66,5,-6;72,-5,0;82,-3,0;84,-13,-2;88,16,10
rua||joao lourenco barbosa|sao sebastiao|12576202|2,-2285395,-4524002;12,16,-5;16,0,-1;18,1,-5;42,-12,-5;48,-1,-14;50,-7,-17;88,-20,-47;96,17,38;108,-27,-66;138,2,-43;158,-1,-23;176,-6,3;188,-4,-34;202,2,-1;210,3,-11;212,-4,7;916,21,157;932,5,-16;948,-12,-30;954,-2,5;976,0,-41;992,-4,-17;996,-1,-10
rua||joao maria guimaraes filippo|vila mariana|12573532|29,-2282908,-4521541;37,15,-7;40,-8,6;45,15,4;50,-10,-14;53,13,-11;60,1,9;61,0,-4;70,0,-1;75,11,-6;80,6,4;85,1,-12;93,2,-9;101,2,-3;109,2,-5;110,4,12;117,13,-26;120,-6,20;125,6,-21;130,4,8;133,2,-2;140,4,2;141,3,-9;150,4,2;157,6,-16;160,6,9;165,6,-15;170,-7,10;180,9,-3;189,10,-18;190,-4,15;197,12,-19;200,-12,-1;205,16,-6;208,-7,20;210,8,-8;213,1,-20;221,10,-2;229,3,-6;230,-11,23;237,18,-30;250,-8,20;260,8,-5;270,-55,-84;280,65,72
rua||joao maron|centro|12570116|34,-2283802,-4522472;58,20,-21;66,7,-6;74,13,-10;80,-1,3;84,-15,-11;90,13,-1;96,11,-2;114,3,5;118,11,-11
rua||joao matuck|centro|12575052|12,-2284522,-4523106;14,10,-21;20,12,-4;40,1,-8;48,20,-25;64,-8,0;68,16,4;78,9,-10;87,5,32;88,1,-35;89,-9,29;98,14,-7;99,-1,2;108,12,-7;114,2,-13;116,24,-7;119,-32,28;120,39,-26;124,2,0;127,-15,0;129,1,3;130,20,-12;137,-11,3;186,23,-26;188,3,21;194,-13,-48
rua||joao matuck|ponte alta|12575052|7,-2284498,-4523084;9,5,-2;11,-8,-2;13,8,-12;25,-5,-5;27,-1,-12;29,5,-14;41,-5,29
rua||joao messias|santa luzia|12570326|5,-2284929,-4522243;10,38,-16;15,-39,-9;20,23,20;25,-23,-23;30,20,28;31,-36,-46;35,37,34;40,1,12;45,-20,-30;50,7,30;55,-6,-28;60,0,11;65,-3,-21;70,6,41;75,-5,-29;80,-2,29;85,1,-34;90,-9,38;95,8,-27;100,-17,25;105,19,-34;110,-19,25;115,13,-11;120,-16,21;125,2,-12;130,1,33;135,-8,-30
rua||joaquim alves pereira|ponte alta|12575030|16,-2284331,-4523289;18,2,-4;27,12,-1;28,-14,-2;35,18,0;45,12,-58;50,-12,43;53,10,-18;54,-10,9;59,12,-15;60,-9,9;64,5,-1;68,1,-3;74,1,-2;78,4,-4;84,-2,-5;86,3,-5;110,18,-1;112,-9,-12;116,4,-7;120,4,-2;491,-42,80
rua||joaquim garcia dos reis|santa rita|12570410|111,-2285796,-4522356;130,7,-3;133,19,-12;134,-15,13;138,1,-3;139,10,-10;143,5,-9;145,9,2;146,-22,13;149,19,-28;152,-19,21;153,24,-21;157,3,-12;158,-23,28;164,0,-4;165,28,-33;170,-28,30;185,38,-40;196,-17,28;199,17,-34;205,4,2;210,-16,24;216,5,-4;220,82,-165;222,-81,155;226,8,-2;230,53,-154;232,-45,143;244,3,0;268,14,-14;278,8,-11;310,24,-46;340,14,13;348,7,-10;352,7,-3;368,6,1;386,4,-5
rua||joaquim goncalves campos|jardim paraiba|12575176|6,-2285074,-4523963;11,-6,-8;16,4,3;21,-2,-7;26,11,-2;31,-5,-9;36,9,-1;41,-5,-6;46,11,-7;56,-2,-2;61,-7,-9;66,13,-1;71,-8,-10;76,11,1;81,-3,-16;86,8,6;91,-5,-8;106,12,-12;111,-6,-13;116,11,4;121,-10,-13;126,15,2;131,-9,-8;136,9,4;141,-6,-9;156,29,-14;161,-25,-4;166,18,-10;171,-6,-4;176,12,-1;181,-64,-33;186,58,25;191,-6,-9;196,20,-6;201,-8,-4;206,9,3;211,-6,-13;216,11,0;221,-3,-8;226,6,3;231,-6,-9;236,7,5;241,-4,-23;246,9,11;251,-4,-18;256,6,7;261,-4,-12;266,15,-6;271,-11,0;276,11,0;281,-10,-11
rua||joaquim israel|santa rita|12570314|9,-2285063,-4522702;17,-15,1;21,4,-6;35,-11,-1;37,2,1;39,-21,15;45,69,-3;65,-21,3;79,-13,4;81,-9,4;89,-2,8;90,5,-2;95,-10,0;97,-5,13;99,5,-9;101,-5,-3;112,7,-4;116,-1,3;120,-13,9;220,-43,7;224,-5,-9;230,-10,9;271,32,0;315,-70,3;340,36,-5;350,-5,8
rua||joaquim pedro ferreira|bairro santa edwiges|12573701|915,-2282373,-4522278;917,17,-16;925,10,-13
rua||joaquina prado|jardim paraiba|12575172|190,-2284886,-4523843;200,0,1;212,-12,-8;232,-17,-10;242,-10,-5;274,-4,-2;276,-6,-4;280,-16,-11;290,-10,-9;300,-9,-6;310,-4,0;320,-6,-1;330,-13,-6;338,-6,-6;460,-58,-34
rua||joaquina prado|ponte alta|12575005|1,-2284782,-4523775;22,42,29;24,-13,-13;35,-7,-14;39,-4,1;45,-8,5;49,-4,10;64,24,3;66,-17,1;68,-22,-26;76,-2,-1;88,-7,-4;98,-13,-6;102,-4,4;103,-1,-11;104,-6,3;112,-1,-6;128,-21,-8;129,3,-7;131,-6,9;135,-1,-2;138,-1,-1;143,-2,-22;144,-1,15;145,-16,-18;150,17,18;153,-27,-16;156,17,4;163,-21,-7;177,-11,-13;185,-19,-12;193,24,12;207,-12,-7;223,-12,-2;265,-18,-12;271,16,11;289,-19,-17;299,-10,-4;309,-12,-11;319,-2,-1;327,-15,-10;369,-19,-4;389,68,50
rua||jonas lopes|centro|12570057|18,-2284306,-4522859;22,6,-6;26,-11,1;34,-3,-5;48,-12,3;52,4,7;95,-13,5
rua||jorge ferreira|jardim paraiba|12575148|45,-2284596,-4524018;58,-8,-19;68,-32,-12;75,28,14;78,-9,-4;88,-11,-5;95,11,-3;98,-15,-9;105,0,9;108,-10,-14;118,-11,-6;125,13,13;135,-12,-6;145,-3,-8
rua||jorge ramos nogueira|sao sebastiao|12576224|8,-2285629,-4524446;16,104,-74;23,-81,57;24,12,-5;25,-13,4;26,79,-54;28,-77,53;30,7,-4;36,7,-8;40,15,-13;44,-8,-4;48,3,12;50,-7,-2;60,14,-10;65,-19,17;67,1,-2;68,24,-21;72,8,0;73,-26,20;77,-2,-3;89,8,-6;93,11,-4;101,4,1;105,2,-10;107,-2,3;109,4,-2;115,4,-9;117,6,7;119,5,-6
rua||jorge salomao kopaz|jardim paraiba|12575178|10,-2285124,-4523988;11,-12,-8;20,12,-4;21,-10,-4;30,12,-6;31,-6,-2;40,14,-3;41,-11,-7;50,13,0;51,-8,-9;60,8,3;61,-5,-13;70,10,5;71,-6,-12;81,4,-10;90,11,-2;91,-19,-13;100,21,3;101,-12,-7;110,18,-3;111,-7,-3;120,8,-2;121,-3,-5;130,8,-11;131,-8,-1;140,17,3;141,-18,-7;160,27,-25;161,-13,-1;170,11,-6;171,8,-34;180,2,23;181,-13,2;189,-2,-6;190,17,-8;200,3,-4;210,7,-15;220,0,-4;221,-9,-5;230,14,-3;240,-3,-2;250,0,-17;260,11,-7;261,-10,8;270,17,-17;271,-16,18;280,21,-25;281,-17,6;291,7,-12
rua||jose alves da silva|ponte alta|12575034|7,-2284361,-4523349;8,0,-4;10,0,0;14,-7,-13;15,16,4;18,-4,-1;19,4,-5;22,6,-8;25,-8,-4;26,-3,-4;31,5,-4;35,5,-6;40,0,10;50,7,-7;60,5,-7
rua||jose assis ribeiro|sao francisco|12570428|101,-2285970,-4522067;111,4,-9
rua||jose bustamante dos reis|centro|12570043|6,-2284551,-4522919;18,55,-37;19,-16,14;21,2,5;22,4,-9;30,-8,0;36,-5,21;38,13,-6;46,-39,-23;49,11,19;57,-3,17
rua||jose carlos de oliveira|santa rita|12570310|20,-2285077,-4522525;28,7,-5;30,2,-5;35,-12,18;37,8,-15;45,-16,9;49,22,-20;50,-2,-4;51,-1,-2;55,1,-5;64,0,5;65,1,-9;68,-1,-8;69,1,-13;71,-11,5;72,7,8;75,-1,-24;79,3,-1;81,6,-15;99,-5,-30;103,1,-10;104,-2,53;106,0,-51
rua||jose carlos wendling|santa rita|12576016|6,-2285138,-4522896;7,0,-2;28,0,10;38,8,13;60,8,7;63,-4,-1;65,25,-12;67,-7,14;72,-836,-502;73,825,516;75,-1,1;85,11,15;97,3,11;104,-9,-18;105,9,24;106,-2,5;109,5,3
rua||jose crispim filho|aroeira|12573236|5,-2283254,-4521370;33,-29,82;35,-7,-7;37,-6,-10;45,-4,-4;83,-21,-17;91,1,-19;103,6,-2;107,-11,-9;112,2,16;113,-11,-19;114,5,12;118,-5,-8;123,-8,-9;140,4,2;146,-5,-5;149,-8,-11;150,0,4;160,0,-2;163,2,-16;180,-7,-6;196,45,48
rua||jose dos santos|tigrao|12570206|8,-2284388,-4522364;20,-21,34;30,0,-8;40,-6,-5;42,0,-1;50,-4,-5;60,-6,12;63,-74,-56;70,72,46;74,-99,-62;80,96,56;90,-6,-1;100,-221,-340;110,85,136;120,-23,-30;130,142,224;140,2,12;145,-10,-15;150,0,0;160,-2,0;170,-7,-3;180,-2,-7;190,-1,1;200,-1,-8;210,-9,4;220,-11,0;230,10,-8;240,-13,0
rua||jose elache|ponte alta|12575090|38,-2284676,-4523764;41,0,0;48,12,8;51,-4,3;56,10,2;57,4,2;58,3,6;73,85,67;78,-74,-58;80,6,5;83,-15,-14;88,17,22;89,-12,-15;90,16,13;97,-11,-9;127,21,17;133,10,7;140,44,40;154,-11,-13;160,-10,-3;246,-9,-7
rua||jose francisco da silva|residencial rosa de ouro|12573340|21,-2283421,-4522566;30,-3,7;33,13,-17;39,5,-6;40,-22,16;45,25,-19;50,-11,18;51,15,-23;57,8,-4;60,-18,22;63,24,-25;69,5,-3;70,-20,21;75,22,-25;80,-13,24;81,21,-30;87,2,-1;90,-20,27;93,27,-39;99,3,4;100,-28,30;105,34,-36;110,-30,31;111,31,-36;117,9,-4;120,-35,38;123,37,-43;129,8,-7;130,-42,47;135,45,-50;140,-41,44;141,50,-50;147,2,-2;150,-46,47;153,52,-50;160,-47,48;170,3,-4;180,9,-6;190,3,-2;200,4,-3;210,3,-3;220,7,-5;230,8,-7;240,3,-5;250,11,-5
rua||jose geraldo de oliveira|santa rita|12576032|21,-2285199,-4522977;33,7,-7;60,-16,22;70,-7,12;71,-3,7;72,21,-30;75,-13,21;80,-12,8;85,26,-10;90,-37,20;130,-12,5;139,18,-9;140,-16,11;145,10,-5;150,-19,16;153,16,-24;166,-34,35;173,18,-19;200,-18,20;210,-10,14
rua||jose goncalves da silva|bairro santa edwiges|12573700|16,-2282160,-4522509;19,-12,-4;40,-18,-44;48,-2,3;58,-6,-12;82,-35,-40;89,6,16;94,-9,-25;99,-9,14;103,6,-5;114,-10,-27;120,-33,-46;127,21,35;182,-57,-82;185,-4,-1;188,5,-2;191,-17,-14;202,1,0;1083,157,206;1500,10,27;1539,4,4;1586,-18,-32;1588,20,29;1721,-121,-164
rua||jose goncalves pereira|sao roque|12573258|12,-2283484,-4522022;16,6,-1;20,-9,-11;24,12,-12;26,4,3;32,5,-3;35,2,-4;38,-2,-2;44,10,2;54,7,-17
rua||jose julio barreto|centro|12570073|1,-2284124,-4522981;3,-2,4;4,-3,5;6,-5,-9;33,21,-4;35,1,-5
rua||jose leite|santa terezinha|12573320|1,-2283622,-4522592;3,19,-5;5,-6,6;7,-6,4;9,7,-4;10,26,-19;17,-16,4;23,5,-2;28,-3,6;30,2,-6;31,3,-6;32,2,7;36,-1,-5;37,7,-6;44,6,1;45,-4,-5;47,0,-9;53,27,2;73,-3,-15;75,1,-1;81,2,-2;85,6,-4;88,-2,7;89,3,-8;92,7,6;96,-1,-7;97,1,-7;104,6,1;105,-2,-2;107,7,-2;113,8,-5;117,3,-8;120,-4,8;125,5,-10;130,1,6;131,4,-6;139,9,-10;145,3,9
rua||jose lucas da silva|ponte alta|12575092|15,-2284609,-4523832;36,-31,-16;45,16,11;46,8,1;48,-5,-7;68,10,15;72,9,7;76,5,4;87,9,0;88,3,4;95,11,14;99,4,6;103,9,-4;111,7,16;123,9,4;139,-2,0;149,19,19;159,12,6;192,-32,-30;214,4,5;226,1,5;234,7,4;246,10,10
rua||jose macedo costa|ponte alta|12575046|16,-2284615,-4523470;26,3,-7;34,4,-7;40,-4,7;48,12,-15;54,2,-6;56,8,-7;57,-32,-12;66,55,-57
rua||jose marcelino loyola|aroeira|12573224|4,-2283509,-4521794;11,-7,26;12,42,-55;26,-44,63;28,5,3;29,-5,-15;34,7,16;40,1,3
rua||jose monteiro do amaral|jardim paraiba|12575206|16,-2284650,-4524262;26,-4,-10;35,6,-25;42,6,-15;47,-6,2;52,4,-22;56,2,-6;61,-9,8;68,12,-21;75,-13,12;78,9,-38;93,-2,26;113,2,-22;120,11,-17;123,-9,4;133,0,-3;143,0,-10;150,2,-6;160,8,-11;169,-5,-19;179,1,-7;182,5,6;189,-6,-14;190,10,-2;199,-4,-16;200,3,14;209,-5,-27;210,8,2;219,-8,8;220,11,-21;229,-6,-6;233,1,-26;240,4,20;250,3,-6;260,-10,-10;265,7,-35;270,-2,29;275,-1,-39;280,7,22;287,-1,-28;290,0,25;297,0,-39;300,-3,28;307,5,-37;310,-4,26;317,3,-37;320,1,26;327,4,-34;330,-1,29;340,2,-13;357,-1,-50;370,5,2;377,1,-18;380,1,11;387,-3,-23;390,6,15;400,-5,-11;405,-1,-17;410,8,6;417,-7,-17;430,8,-2;437,-4,-14;447,1,-20;450,-1,20;460,6,-20
rua||jose murad|vila mariana|12573524|7,-2282823,-4522020;11,-89,-26;13,1,10;17,7,-3;19,12,-2;21,-7,15;25,12,4;27,16,-32;29,-13,36;31,0,4;37,9,4;55,-193,-283;57,213,295;77,17,22;83,-15,29;97,37,-4;98,-30,11;117,45,8;133,-2,23;137,28,4;155,-34,8;365,6,-1
rua||jose ourives|ponte alta|12575082|5,-2284589,-4523633;16,-2,4;22,-2,-4;23,-68,-36;36,59,28;44,-6,-4;50,-8,-6;60,-5,-3;66,-5,-6;72,0,-3;74,-8,-1;75,-1,-4;76,-2,3;77,-3,-11;78,-6,-2;81,2,3;84,-2,4;88,-5,-1
rua||jose roberto toledo piza|bairro santa edwiges|12573712|40,-2282072,-4522615;42,-1,-9;50,-11,-16;1720,32,46
rua||jose rossi filho|jardim paraiba|12575190|441,-2284936,-4524349;451,1,-15;461,1,-3;470,11,-20;471,-6,2;480,7,-6;481,-9,0;490,10,-11;491,-7,-4;500,8,-13;501,-7,7;511,1,-13;520,10,-11;521,-10,2;530,9,-9;531,-9,1;540,7,-11;541,-4,3;550,8,-20;551,-5,7;560,11,-16;561,-13,10;570,13,-20;571,-7,17;580,0,-19;581,-2,6;590,5,-16;591,-9,2;600,10,-13;601,0,4;610,-15,-20;621,13,-2;630,6,-18;640,11,-3;650,-5,-15;660,6,-21;661,0,15;680,-4,-20;681,-4,5;690,4,-17;691,-4,6;700,-3,-15;701,3,6;711,-2,-11
rua||jose villas boas|sao roque|12573200|3,-2283775,-4522144;4,12,-1;6,-6,7;61,13,-7
rua||jose vito vilela|ponte alta|12575014|28,-2284026,-4523141;38,5,-4;48,1,-3;58,8,-4;68,4,-6;78,0,-5;98,7,-1;108,2,-4;118,4,-7;128,5,-4;138,3,-6;148,6,-5;158,3,-1;168,0,-3;178,5,-5;188,7,-3;195,11,-2;198,-4,1;201,8,-5;204,-2,3;208,2,1;211,5,-10;212,-2,4;221,3,-3;228,2,1;231,4,-9;232,-4,3;237,6,-9;240,-9,15;241,10,-20;250,1,8;251,8,-5;260,-7,-3;261,11,-2;270,4,-4;271,-2,-5;278,-6,10;281,12,-11;288,-3,-1;291,8,-3;298,1,-4;301,3,2;308,2,-7;311,0,0;318,6,-2;320,1,-1;324,6,-7;328,-1,4;340,6,-3
rua||juca do forum|sao francisco|12570428|17,-2285962,-4522066;43,-78,39
rua||julio braga|centro|12570047|2,-2284400,-4522877;3,-1,-2;9,164,-95;22,4,-11;28,-21,15;31,5,3;36,0,13;41,-5,-8;45,-3,12;46,-9,-7;50,3,1;55,0,6;58,-7,-4;59,9,11;61,-11,-1;63,-1,2;65,-7,7;79,-8,-2;88,-11,-41;89,13,54;91,-13,-5;97,-3,4;98,12,-5;103,-12,10;105,-1,-5;108,15,11;113,-21,6;114,3,-12;124,-4,4;130,-15,21;140,-2,-4;150,-18,6;163,-13,4;180,10,-5;200,-22,-4;211,-18,15;219,-8,-4;230,-14,9
rua||juviano correia da silva|residencial rosa de ouro|12573338|151,-2283448,-4522635;161,10,-4;169,7,-1;177,2,-6;185,10,-10;193,0,2;201,6,-4;211,4,-4;219,9,-4;227,3,-4;235,9,-8;243,-1,1;251,7,-2;256,32,-21;258,6,-5;259,-35,15;262,27,-8;268,-3,6;269,-16,-2;274,13,1;277,-12,-2;280,1,12;286,-3,2;291,14,-23;292,-18,29;297,22,-35;298,-26,40;304,-10,7;305,43,-56;307,-17,22;310,-25,34;316,-7,4;322,-7,6;328,-1,1;334,-10,4;340,0,4;346,-4,6;352,-4,4;358,-5,5;364,-6,7;374,-7,7;376,-6,1;382,-6,7
rua||laurindo de castro|ponte alta|12575002|8,-2284068,-4523154;13,4,10;16,-1,2;17,14,9;20,3,-10;30,-12,12;40,11,-8;51,7,28;54,-5,-9;55,9,14;56,-10,-15;58,13,13;59,-3,3;60,-2,-6;65,7,7;66,-3,3;70,-6,6;72,4,4;75,3,-13;84,16,8;85,-2,6;86,17,9;88,-13,-2;100,1,5;104,4,2;105,4,5;108,-2,4;112,22,-5;113,-11,10;116,6,0;117,-4,0;121,-6,3;123,5,8;125,2,-7;135,-1,2;145,11,8;172,2,17;174,15,-8;175,-1,13;176,2,-16;178,7,13;181,-2,11;241,0,4
rua||leopoldo macedo|ponte alta|12575020|1,-2284128,-4523241;3,-288,-131;5,21,14;11,3,-5;17,5,4;22,-9,-7;26,2,5;32,0,-2;33,6,6;36,-4,-6;39,12,20;40,-9,-19;41,3,7;44,0,-10;46,3,5;49,12,12;50,-7,-7;52,8,8;56,0,3;64,14,4;65,-6,2;66,9,-1;68,4,-1;70,4,3;73,-5,8;74,12,-8;76,-1,0;79,-4,3;80,3,10;83,-1,1;84,6,-2;90,12,-2;93,-3,15;94,-23,8;107,59,22;108,-10,-21;110,7,6;111,7,7;114,-7,-12;116,0,9;120,10,-7;126,11,3;127,-10,13;128,22,-16;131,-15,12;132,14,10;133,-9,-9;135,1,9;143,8,-11;144,5,21;146,2,-15;147,-10,13;149,13,17;151,2,-24;155,5,15;160,9,-10;161,-2,9;164,7,-11;165,-4,5;168,12,-10;169,-5,9;174,236,-122;175,-228,124;180,-2,-6;182,-1,-12;190,-5,11;200,19,15;205,4,2;217,-7,-5;220,-16,-3;221,38,15;230,2,4;231,13,11;235,1,-5;240,-9,-9;242,9,7;244,3,-1;248,5,6;250,9,-10;254,5,16;257,11,4;258,-7,-15;264,7,11;272,4,1;276,4,0;280,5,4;286,7,-1;290,-37,-16;292,65,32;300,-11,0;304,6,-4;305,-15,-11;306,19,11;307,-6,-1;312,7,8;313,-168,-78;314,169,79;315,3,2;319,1,-1;320,5,2;321,-1,-13;325,2,10;326,3,4;329,4,-9;332,1,7;334,4,8;340,6,2;341,-7,-3;345,-4,0;349,9,-3;353,10,-1;355,-2,5;365,13,6
rua||lindolfo ramos nogueira|jardim paraiba|12575138|10,-2284749,-4523901;26,-14,-9;40,-11,-6;50,-16,-6;60,-8,-4;66,-5,-2;70,-6,-6;74,-8,-3
rua||lindolfo ramos nogueira|ponte alta|12575138|45,-2284780,-4523906;51,-7,-5;63,-8,-7;69,-10,-5;77,-17,-7
rua||luis pasin|santa rita|12576030|1,-2285169,-4523034;10,-6,-14;15,11,-9;20,-10,10;22,0,-6;25,24,3;27,2,0;29,-4,-8;32,-11,-5;33,8,2;48,-3,-7;52,-2,6;63,1,-9;64,8,-2;65,19,22;68,-15,-31;73,3,0;74,0,-5;75,3,-6;79,10,-9;80,9,-4;100,6,1;133,-2,-8;135,18,-24;138,2,22;140,-5,1;142,6,-12;152,5,-14;155,-3,0;156,0,-15
rua||luis siqueira|sao roque|12573202|14,-2283714,-4522109;20,-5,5;22,-3,7;42,-9,-9;74,-25,23;92,22,-13;100,-5,3;112,-6,2;116,-4,4;122,-33,25;128,80,-49;130,-60,38;132,-7,3;138,-13,10;144,-1,12;152,-9,-4;158,-2,2;168,16,-15;178,-29,19
rua||luis soares|santa terezinha|12573332|290,-2283293,-4522958;510,53,-16
rua||luiz buttignon|santa luzia|12570306|17,-2284963,-4522676;20,13,16;46,7,3;52,20,-13;58,11,-8;59,12,25
rua||luiz chad|ponte alta|12575086|2,-2284614,-4523577;4,3,-1;10,-1,-5;14,88,-117;16,-82,114;18,68,-99;20,5,-10;22,19,-13;24,-91,117;25,5,-5;26,74,-105;30,-74,103;31,4,0;32,84,-117;34,6,-7;35,-91,121;36,47,-63;40,-44,61;41,2,-9;42,74,-100;46,-73,105;52,4,-11;53,-3,7;60,0,-5;63,5,-4;66,6,0;67,14,-29;68,-15,27;71,17,-30;72,-15,25;73,47,-68;75,-15,17;77,48,-58;78,-5,1;79,5,-1;81,4,-7;82,3,-12;83,24,-20;85,0,-3;86,-20,20;87,-14,6;95,26,-15;120,-57,76
rua||manoel elache|manto azul|12575137|350,-2285079,-4524505
rua||manoel leite sobrinho|sao sebastiao|12576214|49,-2285329,-4524144;61,-4,-7;68,-7,0;69,14,11;71,3,14;79,3,-1;81,-18,-41;85,2,-3;89,-16,2;99,-1,-11;111,0,0;115,-7,2;123,5,-16;125,-2,-8;127,-10,-6;133,-4,-1;135,-9,-3;155,-1,-9;185,-4,-8;205,-3,-2;207,7,1
rua||manoel lobo dutra|bairro santa edwiges|12573716|14,-2282497,-4522613;18,13,-13;20,3,-3;29,11,1;30,0,-12;37,2,6;41,0,0;46,11,-13;50,2,-3;51,2,2;56,7,-4;61,-4,-1;81,36,-24;86,1,-3;91,-12,12;94,18,-18;95,-8,10;98,-3,-3;102,22,-16;108,0,0;156,-2,3;162,57,-52;186,7,-5;450,-71,72;454,6,-16;489,-25,21;625,-76,276;1870,167,-357
rua||manoel lourenco barbosa|ponte alta|12575043|19,-2284523,-4523421;20,-9,4;25,13,-5;26,-10,2;30,4,-7;31,6,-3;35,5,-7;38,-4,9;43,3,-12;46,5,-1;53,9,-13;56,-9,9;62,10,-12;76,8,-11;84,-1,5;85,-7,1;88,17,-22;92,6,3;94,-4,-7;102,-6,-11;116,13,4;120,-2,-2;128,1,-8;141,-5,11;151,3,-11
rua||manoel mathias|jardim paraiba|12575164|10,-2284703,-4524019;20,-7,-5;21,4,8;31,6,4;70,-50,-31;85,2,9;90,-25,-17;91,22,16;100,-24,-17;289,-31,-12;291,-7,-9;303,-11,-4;313,-9,-3;327,-8,0;333,-12,-10;345,-18,-12;346,16,11;355,-21,-14;356,8,5;357,-16,-11;373,-4,1;375,-8,-5;376,16,7;379,-31,-16;395,-9,-4;405,-14,-7;406,29,12;416,-1,-1
rua||manoel paixao|jardim paraiba|12575210|290,-2284569,-4524241;305,-4,-3
rua||manoelina goncalves azambuja|bairro santa edwiges|12573718|24,-2282305,-4522629;42,-10,10;1600,21,-17
rua||marcilio dos santos|santa rita|12576044|21,-2285321,-4523155;23,3,-7;29,9,-10;33,-1,0;41,-1,-12;45,4,-3;49,-13,45;51,9,-51
rua||maria amelia barreto|ponte alta|12575004|21,-2284109,-4523103;31,2,9;35,5,-3;37,0,3;41,11,-6;51,3,25;67,4,0;69,8,12;75,4,4;77,-1,5;81,4,6;87,9,11;107,6,5;111,-1,6;113,2,7;115,4,0;117,4,1;123,11,16;125,24,-18
rua||maria antonieta felix|aroeira|12573210|2,-2283667,-4522068;3,17,9;5,-13,0;7,1,9;11,-10,2;13,-6,4;19,214,231;21,-216,-221;27,100,117;101,-149,-92;102,-3,0;106,2,7;153,-16,4
rua||maria antonieta felix|sao roque|12573210|58,-2283678,-4522040;66,-67,26;73,-26,-6;79,-2,-3;80,15,8;88,41,1;100,-10,-30;667,-9,43
rua||maria aparecida filippo rangel|aroeira|12573232|20,-2283195,-4521443;31,-15,16;32,14,-1;39,-8,8;40,-5,0;43,7,-6;47,-11,18;49,-10,6;64,7,-18;66,-9,5;68,0,3;69,0,9;74,-7,-1;80,-4,12;89,-16,8;90,11,-10;111,-11,18;139,-16,13;143,1,4;144,-1,-8;147,-7,10;154,-5,-4;157,1,15;159,-9,5;164,3,-15;168,0,2;169,-6,19;171,-4,-1;174,4,-12;177,-12,22;184,12,-17
rua||maria aparecida garcia dos reis|sao francisco|12570418|6,-2285618,-4522632;10,-11,-20;40,-9,6;62,-6,-15;150,-24,15;159,6,-1;162,-14,11;165,6,-10;169,-7,6;172,-3,6;179,2,-5;183,-5,7;188,-7,3;189,3,1;193,-13,6;195,-1,12;198,5,-9;201,-12,8;202,7,-2;209,-14,4;212,6,2;213,-7,4;220,6,1;223,-6,12;226,1,-8;229,-6,8;230,2,-9;236,1,8;238,-11,1
rua||maria azen matuck|ponte alta|12575056|50,-2284500,-4523158;57,-8,-8;70,11,-8;77,-11,-2;90,26,-27;91,6,-15;101,5,17
rua||maria benedita rocha da silva|vila mariana|12573534|60,-2282783,-4521724;90,7,-2;96,-1,20;100,11,2
rua||maria do carmo franca barreto|ponte alta|12575008|14,-2284024,-4523003;18,7,-12;20,7,-8;22,10,-7;128,26,-20;132,10,-11;140,3,-5;142,-2,1;144,9,-7;155,-19,15;163,9,-8;173,9,-5;175,-1,-4;178,8,0;179,0,-1;185,5,-7;193,8,-10;195,-2,4;197,13,-9;228,-18,17;234,8,-3;235,11,-16;238,-6,13;239,13,-14;246,-11,11;249,12,-17;255,4,-4;256,-18,24;268,5,-4;314,2,0;316,6,-9;326,11,-1;332,-5,-18;333,12,3;336,-11,-3;337,12,1;338,7,-6;348,-12,3;350,12,-5;362,10,-11;368,-4,-5;374,13,-4;377,-5,10;379,1,-10;388,4,4;403,8,-10;408,6,8;412,0,-11;414,5,-5;416,2,1;420,1,-7;428,5,0;435,-11,8;440,16,-11;444,3,-5;457,-17,9;459,8,0;460,22,-11;461,-17,11;462,17,-11;466,9,-13;467,-22,19;470,16,-30;473,-18,21;475,10,0;482,20,-12;485,-13,12;486,23,-24;487,-19,16;490,19,-16;491,-21,10;492,19,-12;496,9,2;497,-25,3;502,32,-11;506,1,2;510,8,-11;516,1,-3;520,-2,1;526,2,-8;530,11,-1;534,2,-8;538,3,-1;548,7,5;573,-16,4;575,10,-10;583,1,7;593,14,-15;595,0,-3;597,0,-5;599,6,0;601,2,-9;603,7,0
rua||maria jose de oliveira ozorio|bairro santa edwiges|12573724|12,-2282210,-4522534;18,-2,6;35,-28,26;36,9,-13;41,-25,27;50,0,-3
rua||maria magdalena ourives|tigrao|12570214|6,-2284486,-4522459;7,-5,11;12,-7,1;15,8,10;18,-4,-4;21,-2,11;24,0,-6;27,-7,1;30,-2,3;33,-2,2;39,5,5;42,-4,-4;45,3,11;48,-12,2;51,13,-4;54,-8,6;57,4,7;60,-13,-5;63,13,3;79,-14,13;80,-4,2;85,10,3;86,-10,0;91,-4,2;92,6,8;97,0,-2;98,-7,-2;103,0,2;109,-5,11;110,0,-2;115,3,0;116,-7,6;121,5,5;122,-13,-3;127,6,3;128,-2,2;133,8,11;134,-8,-6;136,4,-16;139,-2,19;140,-2,-8;144,17,114;145,-18,-104;146,8,15;151,-10,-4;152,-6,-2;157,2,0;158,-5,5;163,1,1;164,-3,7;169,0,1;170,-5,3;175,13,0;176,-18,2;181,8,-2;36006404,56,-99
rua||maria rosa paes|ponte alta|12575026|28,-2284195,-4523278;40,-27,62;51,23,-60;81,15,-21;104,14,-39;116,-21,52;148,16,-26;154,4,-13;164,-1,4
rua||marina ronconi miotti|sao roque|12573256|422,-2283490,-4521957;424,11,0
rua||mario arneiro|sao geraldo|12576416|36,-2285926,-4525220;38,2,1;60,-6,-7;80,-4,-6;82,-6,-2;84,-9,-8;88,7,5;90,-2,-2;184,-71,-73;225,74,88;255,-8,-14;275,-33,-37
rua||mario guedes|jardim paraiba|12575170|20,-2284868,-4523903;21,5,10;30,-18,-21;33,15,9;40,-15,3;41,2,-2;51,-8,-7;60,-13,-9;67,4,5;70,-11,-11;80,-9,-4;89,-6,-10;90,5,11;99,-10,-7;100,-5,-8;105,-4,3;111,-15,-5;129,-8,-6;150,20,7;174,-11,-7;175,-26,-8;176,20,4;178,-8,-2;180,-11,-8;185,-8,0;195,-8,-2;205,-7,-2
rua||maximiano dos santos|ponte alta|12575084|5,-2284644,-4523611;6,-3,-9;15,13,4;22,-4,-10;23,3,-2;28,-1,-8;29,7,4;36,-7,4;37,7,-6;39,4,-9;40,0,-1;41,-1,4;47,4,-7;48,2,-1
rua||miguel do prado|ponte alta|12575001|7,-2284762,-4523771;10,-97,11;11,-14,-13;20,15,11;23,4,-15;26,16,-12;33,-14,5;35,15,-2;37,-1,-3;38,0,-2;39,-5,-6;41,17,27;59,11,-43;81,-3,-8;87,1,-5;88,-10,10;98,14,-9;101,-5,-8;103,-2,-16;104,-2,16;107,-20,-43;108,30,37;111,4,-21;113,16,-5;114,-20,10;121,26,-17;131,8,-5
rua||miguel elache|jardim paraiba|12575158|38,-2284633,-4524146;48,-25,5;54,-6,-4;58,-9,-8;78,-23,-8;115,20,10;119,-22,-10;121,18,9;125,-13,-4;147,-19,-10;155,-10,-8;165,-20,-1
rua||miguel mathias|centro|12570049|6,-2284453,-4523007;7,-1,9;11,7,-6;15,13,13;29,-16,14;39,7,6;50,-1,20;69,28,19;70,-9,-24;72,1,4;76,12,8;79,-6,5;80,6,16;85,-11,-36;91,-9,10;95,5,2
rua||minervina rosa|vila mariana|12573528|35,-2283055,-4521715;36,-3,14;42,10,-13;47,4,-7;48,-2,1;49,9,-6;53,3,-8;57,2,-2;64,3,10;65,5,-17;74,-6,15;75,18,-25;80,-10,19;84,3,-8;86,8,-5;87,1,-9;90,-4,15;102,11,-5;103,-4,-14;108,9,5;117,-1,-9;123,3,-6;130,10,4;132,-2,-9;142,0,-7;147,5,-3;152,3,7;153,5,-9;156,6,7;157,4,-16;164,1,7;195,27,-30;235,8,-14;237,1,-3;245,4,-8;251,12,-3;253,8,-6;255,4,7;261,7,-14;273,3,-7;289,6,-10;293,2,-1;295,4,-4;309,9,-4;312,12,-7;313,0,5;316,6,-11;319,-10,-4;322,16,0;323,-5,-2;326,8,-3;333,-5,-4;337,4,-3;346,5,4;349,-3,-6
rua||monte carmelo|centro|12570025|2,-2284657,-4523003;5,13,-6;8,-3,7;10,2,-2;15,10,-1;16,-7,-3;21,12,-2;22,-5,2;26,3,-7;30,-8,-14;33,19,9;34,7,15;37,-7,-17;38,1,-10;39,7,11;40,-1,4;41,9,-3;42,-10,-1;48,2,-1;52,5,1;54,4,-7;55,3,7;56,-6,-3;60,-1,-7;61,13,7;65,0,0;66,-1,-6;69,-2,5;72,1,-7;74,9,6;76,-9,-11;78,9,0;79,8,17;82,-9,-16;84,1,1;87,4,14;92,23,3;93,-7,-3;95,1,-3;96,3,-26;97,0,20;98,-7,-5;104,4,-7;105,14,15;106,-13,-7;107,3,4;109,18,-6;110,-13,-11;111,21,9;112,-20,-11;114,5,-3;118,10,24;121,6,-13;123,-12,11;125,6,-7;126,-2,-9;127,-5,8;133,1,-1;135,-6,10;139,25,7;145,-1,-12;147,2,4;151,-1,-2;154,2,-27;156,31,8;157,-26,5;159,0,5;162,2,5;163,3,-15;164,23,11;165,-22,-8;166,14,-8;172,-9,-1;173,7,9;179,2,-5;182,-4,-9;184,15,12;190,-4,-6;202,28,-9;204,28,-2;208,-75,-9;211,17,18;212,12,-19;213,-10,11;214,14,-3;215,-23,-6;218,24,5;220,12,-30;224,3,34;225,-14,-10;227,3,17;228,5,-27;230,-2,5;236,15,-1;240,-5,-1;246,4,0;248,-2,-2;250,1,4;262,34,-2;264,-10,3;270,-7,-14;276,28,45;278,-18,-42;284,7,4
rua||morentina maria da conceicao teixeira|residencial rosa de ouro|12573336|15,-2283469,-4522689;18,6,13;23,1,-20;26,4,15;29,0,-17;34,9,15;37,-3,-20;42,6,13;43,2,-18;48,-1,14;51,8,-16;57,5,-5;58,-10,16;66,2,-7;70,10,-2;82,5,-2;85,8,-18;88,-5,13;93,12,-23;98,-2,17;99,8,-19;106,-2,14;107,6,-18;113,3,-5;114,-8,21;121,17,-26;122,-13,22;125,15,-24;127,3,-4;128,-14,25;138,7,-3;146,4,-9;154,3,-5;162,7,-4
rua||nageib chad|jardim paraiba|12575184|327,-2284926,-4524287;450,-93,-7;485,275,37;540,-235,-31
rua||nageib chad|manto azul|12575184|471,-2285053,-4524320;521,14,20;561,28,-2
rua||nair monteiro pacheco|sao geraldo|12576412|1,-2285813,-4524692;2,13,-5;3,-16,11;4,10,-16;5,-16,21;6,12,-17;7,-12,10;8,10,-8;9,-8,11;10,-2,-13;11,2,9;12,-6,1;13,-108,76;14,98,-76;15,-102,78;16,100,-78;17,-24,23;18,12,-19;19,-6,25;20,6,-20;21,-10,15;23,-1,4;24,-9,-6;25,-8,17;26,14,-14;27,-20,17;28,16,-21;29,-20,21;30,8,-9;31,-6,17;32,6,-20;33,-21,15;34,14,-7;35,-6,8;36,-5,-4;38,0,1;40,-6,3
rua||negro reis|vila mariana|12573514|2,-2282998,-4521871;6,-10,-12;7,-15,1;10,10,-6;14,-137,-119;15,138,131;16,-4,-13;17,45,48;20,-51,-54;38,90,114;40,-35,-56;44,-1,1;48,2,-4;54,6,16;58,-2,5;72,-95,-109;74,0,0;101,4,9;115,135,143;131,-172,-196;133,-5,5;134,34,44;138,-23,-42;140,-1,-2;141,-17,-10;145,-1,-1;146,14,-2;148,-4,-4;149,-12,4;157,-3,-4;169,-12,-16;172,8,-6;178,-4,-3;179,-9,5;188,1,-16;189,15,61;198,-20,-63;201,-13,6;207,-21,17;208,20,-35;209,-34,45;210,27,-54;220,-1,0;229,-5,22;230,-2,-30;239,10,14
rua||nico reis|santa terezinha|12573308|5,-2283570,-4522540;17,8,8;24,-3,2;27,4,10;31,1,0;32,-1,-5;36,3,7;37,4,10;39,7,2;40,-8,-5;46,7,10
rua||orlando nenzinho macedo|ponte alta|12575016|6,-2284065,-4523162;8,-21,20;16,-26,17;20,4,-4;22,-8,15;23,49,-48;24,58,-66;25,-53,58;26,68,-64;32,-150,106;38,165,-135;40,-7,25;46,11,-3;52,-6,2;58,18,-15;68,-12,-6;78,9,10;93,-65,42;97,42,-34;98,33,-24;101,-58,53;106,25,-22;108,35,-51;196,-39,44;204,8,-4;212,84,-42;214,-84,42;222,74,-40;224,-67,32;232,35,-24;242,9,-13;244,-31,32;254,5,-2;264,-1,-7;274,3,-12;284,4,2
rua||oscar lorena|aroeira|12573200|3,-2283514,-4521882;5,-59,-61;8,-43,-63;15,33,26;19,-13,12;23,-2,19;26,14,15;28,-16,-26;33,-5,18;274,-8,-56;276,-5,-20;288,-17,6;452,53,53;463,55,71;464,-22,-30;468,6,8;469,45,52;486,-46,-39;496,4,-4;506,10,11;570,36,36;580,1,8;592,-3,5
rua||oscarlino marcondes teixeira|ponte alta|12575000|151,-2284009,-4522958;153,3,-6;159,2,-8;163,8,-5;167,7,-2;169,2,4;181,5,-7;191,8,-6;195,3,-1;199,8,-3;201,1,-4;207,-1,-1;229,11,-13;235,3,-3;241,6,-3;245,6,-1;255,1,-5;263,8,-1;267,2,-11;275,2,4;279,5,-8;285,8,-4;291,6,-4;301,8,-5;303,-9,3;311,14,-8;321,0,-6;327,14,-1;339,-10,4;340,27,-38;343,-4,9;347,2,0;349,-1,-1;373,7,-8;375,8,-8;377,6,7;379,1,-5;387,5,-1;403,6,-10;405,-2,8;409,5,-7;411,4,-9;417,7,-2;419,2,-4;421,5,-7;427,2,-6;463,5,0;467,2,4;469,7,-10;475,1,6;479,5,-12;489,3,0;493,5,-9;497,10,-2;499,6,-2;511,-5,2;515,11,-8;517,0,-6;529,6,-5;533,6,-6;535,0,0;539,-130,120;545,136,-121;549,-3,-1;551,15,-7;555,1,-9;557,3,-1;561,5,-5
rua||otavio joaquim rodrigues de godoy|sao sebastiao|12576216|12,-2285459,-4524374;18,-2,5;42,1,-8;45,-7,-5;46,-5,-1;52,0,-9;56,-5,-18;65,-3,-5;70,-13,-9;73,-5,-6;76,-1,-5;78,-3,-7;80,1,-6;82,-5,-14;84,5,6;166,-23,-48;920,85,198;1292,0,-10;1298,-7,-15;1306,-3,-2;1334,-11,-10
rua||paula santos|ponte alta|12575132|1,-2284760,-4523776;10,-5,-3;12,-1,-4;14,8,1;19,1,-4;20,11,-5;30,-1,2;36,-3,0;41,8,-22;57,20,-13;62,-3,3;64,-6,-10;65,12,0;69,-1,-5;70,-6,2;73,10,-7;74,-8,0;77,10,-6;78,-2,3;80,20,-16;81,-7,22;83,-6,-9;87,1,-5;89,-2,-4;90,12,-6;91,-3,8;97,-2,-3;101,5,-7;105,1,-10;106,7,4;107,-3,-2;109,-1,-5;110,11,13;113,0,-11;114,-2,-5;118,1,3;122,0,-10;126,12,-9;143,-15,12
rua||paulo cesar da silva|bairro santa edwiges|12573726|3,-2282277,-4522685;60,-117,62;70,-6,11;76,-3,-2;1063,24,-32;1610,0,5
rua||paulo chad|santa rita|12576058|10,-2285409,-4523070;26,-11,4;32,-1,-6;40,-3,8;42,-2,1;48,-9,2;50,3,-3;58,-6,6;63,-6,6;64,5,-8;70,-9,3;71,-2,6;76,-1,0;79,2,4;81,-14,1;84,9,-2;88,-9,5;89,-3,0;94,-3,1;101,-1,6;102,0,0;108,-11,7
rua||pedro alves silva|santa rita|12570412|12,-2285786,-4522324;22,-30,-37;30,159,-205;110,-135,226;120,-2,3;128,-6,-7;158,-11,-14;168,-7,-14;198,-13,-5;218,-1,-19
rua||pedro goncalves campos|sao francisco|12570403|14,-2286366,-4522012
rua||pedro lopes figueira|santa rita|12576012|1,-2285042,-4522754;2,8,2;5,-2,-10;6,-5,12;16,-12,-20;17,17,19;21,-23,-14;25,-4,-4;33,-8,-5;37,1,-6;42,2,-2;45,-4,0;48,-1,-3;55,-11,-3;56,5,4;69,-13,-7;71,-3,-10;77,3,-1;81,0,-4;87,-9,1;91,-5,3;95,-2,-14;99,-3,9;105,0,-7;110,-9,-6;117,5,-13;123,-8,10;134,-18,-13;135,9,10;139,-11,-3;145,-5,-2;147,-4,-3;149,-1,-18;165,-6,7;173,-7,0;174,-14,-4;175,4,4;177,5,-5;179,0,-3;181,-2,9;183,-3,-1;185,5,-4;196,-15,-6;197,-6,0;198,6,2;203,-3,0
rua||pedro macedo|ponte alta|12575036|19,-2284428,-4523350;20,4,-9;25,-4,13;28,-1,-10;29,2,-9;32,-1,11;36,9,-3;38,-5,-13;39,0,13;41,2,-10;45,2,-12;51,6,-3;55,3,-1;57,-1,-5;61,13,-2;68,-10,-11;73,7,7;74,-4,-8;77,7,7;79,10,-21;81,-4,14;85,-3,-6;93,4,-8;94,-2,8;99,6,-13;100,-4,5;105,4,-3;109,3,-15;120,-1,10;130,2,-8
rua||pedro maria filippo|bairro santa edwiges|12573701|22,-2282224,-4522423;32,0,-1;42,0,0;1415,13,-6;1425,17,-17;1435,15,-12;1494,10,-16;1498,0,-1;1508,4,1;1539,28,-28;1569,23,-25
rua||pedro maria filippo|santa edwiges|12573701|415,-2282715,-4521967
rua||pedro maria filippo|vila mariana|12573530|15,-2283022,-4521644;28,18,-12;30,10,-14;34,15,-13;36,5,-2;40,-1,-3;48,10,-6;50,0,-10;55,-42,45;60,48,-47;61,-40,33;70,48,-42;71,-38,42;75,12,-19;80,35,-22;81,-46,29;85,3,3;87,13,-16;90,28,-30;91,-23,30;95,0,-8;97,7,0;99,4,-1;100,23,-18;106,5,-3;107,-20,15;108,20,-20;110,4,0;111,-19,19;117,5,-15;120,19,-18;127,-16,12;148,52,-34;152,10,-11;153,-43,26;156,36,-28;162,1,-12;166,4,4;172,4,1;176,5,3;182,2,-4;186,1,-2;192,2,1;196,-4,-15;202,14,6;206,-4,-2;219,-49,-31;345,96,-17;355,-2,-4;365,12,-13
rua||pedro ramos nogueira|ponte alta|12575032|1,-2284493,-4523538;7,1,9;13,7,3;19,7,6;23,-1,0;27,7,-2;31,2,2;37,0,4;41,4,3;45,8,5;53,2,3;57,10,14;60,-9,-3;61,13,1;66,-10,1;67,15,0;72,-10,6;73,19,0;79,0,1;87,7,5;91,5,4;95,10,3;101,1,9;105,-3,-2;117,-32,-24;127,46,24;128,-1,14;129,4,-2;133,-2,19;134,4,-15;137,0,5;141,6,-2;147,8,5;153,4,5;163,8,-3;166,8,13;170,6,4;191,14,7;213,47,36;234,-22,-12;238,2,2;242,2,3;254,9,-6;258,-3,0;260,3,9
rua||primeiro de maio|santa rita|12570304|140,-2284993,-4522676;144,2,5;146,-2,13;148,-5,4;150,0,0;152,-1,-7;168,0,13;170,6,11;172,0,0;174,-5,5;178,-7,10;184,5,4;224,-10,20;228,-5,9;232,-3,6;234,2,0;240,-5,32;246,0,-6;250,0,2;254,-1,17;280,0,13;282,4,-3;284,-12,15;286,4,-4;294,-6,15;296,1,21
rua||rachid azen|jardim paraiba|12575200|331,-2284851,-4524621;370,108,5;401,-172,-12;470,155,4;491,-289,-66
rua||raphael maria guimaraes filippo|bairro santa edwiges|12573728|1320,-2282284,-4522412
rua||raquel de almeida|santa rita|12576008|11,-2285013,-4522906;25,-16,27;30,10,-14;35,-11,22;37,3,-2;39,1,-2;63,-8,15;64,0,-1;65,3,3;68,-2,10;70,-5,9;71,-8,22;75,9,-34;79,-5,3;87,3,13;90,2,-3;95,-6,12
rua||rotary|sao geraldo|12576414|1,-2285834,-4524753;4,-2,6;6,7,-20;7,-10,19;9,-8,-11;11,9,14;23,-5,0;24,4,-3;28,-7,7;31,14,-24;48,-7,18;52,-1,1;56,5,-1;61,-28,12;77,-17,15;88,-14,-14;96,-3,4;103,-3,34;104,-7,-36;110,-3,17;117,-2,27;128,-7,-26;135,4,38;136,-14,-34;143,-5,24;151,-1,5;166,-12,-23;180,-14,-8;200,-13,-17;220,-9,-18;230,-8,-5;240,-2,14;242,-5,-11;245,-8,-4
rua||rui de oliveira e silva|residencial rosa de ouro|12573346|30,-2283420,-4522532;32,10,10;35,24,18;242,7,14
rua||rui de oliveira e silva|santa terezinha|12573346|54,-2283346,-4522448
rua||salviano de souza|aroeira|12573222|5,-2283256,-4521857;13,-211,68;16,1,-9;19,-8,-1;20,-6,11;21,5,18;25,-3,-11;28,10,22;29,-20,-16;31,17,-4;33,-22,15;38,-1,-1;41,6,-2;43,-28,1
rua||santos dumont|centro|12570011|3,-2284745,-4522888;5,-21,0;9,6,4;11,-4,1;13,-33,0;15,28,1;17,-5,6;21,3,7;23,4,1;25,-3,-5;33,2,46;39,-9,-84;41,-11,-23;51,-3,68;65,-13,7;67,-4,2;79,-6,4;81,-11,-9;83,-5,11;93,-5,-2;95,11,6;97,-9,1;99,-17,-10;109,11,11;113,0,-7;115,-7,4;119,-8,1;123,-4,-6;131,-8,4;137,19,30;145,-24,-5;149,-4,9;153,-2,-11;157,-3,4;159,-10,7
rua||sebastiao dos santos|vila mariana|12573518|19,-2283159,-4521861;20,1,1;21,3,-10;29,2,-6;30,1,11;33,1,-18;34,5,11;39,-1,-17;43,1,2;44,5,11;50,3,-2;51,0,-12;56,11,5;58,6,-10;63,-11,-1;64,18,3;68,-6,-1;69,-4,-11;73,4,-7;74,2,18;79,4,-20;80,4,12;81,-4,-21;89,8,4;93,8,-2;94,-6,12;99,2,-19;100,-2,13;112,9,-4;115,0,-15;116,-3,6;120,5,0;125,7,-5;134,6,-7;135,-3,-11;150,29,11;171,-8,-25;172,6,2;178,4,2;180,6,-4;181,-4,-2;183,-2,-5;188,-111,111;192,123,-109;208,6,-10;211,-9,-1;216,13,-4;217,-7,-3;221,13,-3;222,-2,3;227,-5,-4;234,11,-6;235,-1,4;240,3,-2;245,-6,-3;246,10,1;250,0,-3;251,1,2;255,-1,-17;256,5,13;257,0,-15;258,-1,12;259,4,-5;265,5,-15;270,-1,14;275,9,-15;277,4,-8;282,-9,18;290,10,-6;291,-1,-7;293,11,-13;295,-3,-3;306,-9,26;308,4,-7;310,4,-3;318,0,-9;322,-5,-7
rua||sebastiao toledo|santa rita|12570402|3,-2285379,-4522774;12,-4,-10;15,4,13;18,0,-5;21,6,12;26,3,-5;27,0,10;34,3,4;39,2,4;41,7,3;42,-7,-1;43,7,-1;45,-3,15;48,-9,-12;52,10,11;56,-1,4;59,1,-2;63,8,3
rua||sem denominacao|bairro santa edwiges|12573704|625,-2282557,-4522297
rua||sem denominacao|santa edwiges|12573704|10,-2282368,-4523347
rua||sem denominacao|santa rita|12570314|138,-2285080,-4522649;140,-53,-16;142,-19,-2;160,16,8;180,6,-7;317,-55,13
rua||sem denominacao|santa terezinha|12573330|333,-2283404,-4522931;443,-14,-21
rua||sem denominacao|sao francisco|12570416|1200,-2286240,-4522464;1205,-24,-61;1210,-11,-5
rua||sem denominacao|sao roque|12573242|574,-2283394,-4521853;586,-11,1;1058,271,331;1068,2,10
rua||sergipe|sao francisco|12570422|46,-2286295,-4522358;52,3,2;122,18,37
rua||teodora arneiro|itaguacu|12576424|47,-2285975,-4525344;49,-20,18
rua||tereza mara ferreira|sao francisco|12570420|164,-2286326,-4522328;168,-2,7;169,-1,2;174,-4,6;175,3,2;179,-2,9;181,-6,14;184,0,-18;187,2,26;188,0,-21;205,2,30;210,-10,-5;225,5,24;230,-1,1;242,-6,15;247,5,-4;255,-3,4;270,-2,16;280,-2,5;281,1,19;300,-1,-9;308,-7,13;415,1,31;515,-5,43;615,-5,19
rua||tereza maria ferreira|sao francisco|12570420|7,-2286313,-4522438;11,-15,113;14,13,-105;15,11,-10;17,-10,16;21,-2,10;22,1,4;23,-3,3;25,4,0;28,-3,7;29,7,4;37,-6,-2;58,-2,11;70,-1,5;93,0,-10;98,2,29;99,-2,-16;103,-2,7;114,0,18;115,1,-10;125,-5,18;153,-3,9;530,-30,192;638,-8,49;648,-4,18
rua||toto barbosa|ponte alta|12575100|1,-2284771,-4523705;7,7,-5;10,19,-21;15,-13,15;20,44,-32;35,-34,32;40,6,29;42,11,-22;45,-42,-28;65,55,-17;75,-3,0;83,3,-11;87,7,-8;97,12,-8;99,0,-4;121,1,-11;122,5,8;123,8,-7;143,9,-13;149,-2,3;180,-15,6;208,38,-9;212,-4,-9;214,0,-16;216,-1,-1;226,0,-13;228,3,-3;238,-3,-1;242,11,-7
rua||tufai chad|vila mariana|12573506|1,-2283233,-4522023;2,4,8;4,-6,-18;5,-6,7;11,-3,-2;15,-5,2;21,8,-14;31,3,-15;35,-10,1;38,-10,3;43,5,-7;44,-5,0;46,-3,-1;48,-2,-5;61,6,2;62,-10,-9;63,-3,9;65,4,-8;67,-4,0
rua||turvino jose kfouri|santa terezinha|12573350|9,-2283467,-4522448;11,0,-1
rua||valerio francisco|centro|12570079|10,-2283906,-4522719;16,12,-7;18,-14,-3;26,3,-5;30,-5,-8;32,11,-23;42,-5,10;52,-14,4;56,3,-5;62,-5,-1;66,8,6;68,-15,-14;78,-11,-3;88,4,-2;100,-8,-12;118,58,70;127,-103,-136;135,-2,-8;139,7,6;143,-37,11;145,10,-3;153,-1,-38;156,8,7;159,-6,-6;161,-2,-4;163,-10,-15;165,-4,-3;167,4,12;173,21,-28;183,-25,16
rua||valerio francisco|jardim sao paulo|12570079|23,-2283899,-4522725;31,-7,-16;35,-32,-36;39,12,31;45,6,-1;67,-10,-16;73,0,-17;75,17,-9;81,-19,20;99,-21,-19;107,-27,-26;109,17,7;111,-7,-7;113,2,-2;115,-5,1;117,2,-14;119,-3,-1;121,-2,20
rua||vicente alves dos santos|residencial rosa de ouro|12573334|135,-2283379,-4522770;155,64,94;159,-6,-9
rua||vicente alves dos santos|santa terezinha|12573334|208,-2283215,-4522545
rua||vicente de almeida|vila mariana|12573520|12,-2283118,-4521806;23,2,-19;24,9,11;28,-6,-5;38,6,-4;42,5,-4;43,-3,-6;44,11,1;52,3,-2;53,-8,-6;58,17,2;63,-9,-6;70,19,1;73,-9,-14;81,6,-8;82,2,12;87,1,-13;93,5,-6;98,-1,12;110,8,-6;111,8,-15;118,2,4;121,-5,-6;125,0,0;130,10,-3;131,-6,-2;145,4,-8;163,21,-18;172,9,2;177,1,-9;186,5,2;192,20,0;193,-19,-7;197,2,-4;200,9,2;203,-5,-11;208,9,11;214,6,-7;215,-7,-3;226,13,-4;234,5,-2;238,0,-8;241,-2,-11;242,7,11;245,-9,-8;248,8,9;249,1,-10;250,17,-10;252,-10,2;253,-5,6;259,1,-3;266,12,-4;267,-2,-3;270,2,-3;271,4,2;274,2,-1;278,4,-4;285,-12,1;286,20,-4;292,1,-4;297,-13,2;301,2,-4;303,-4,-8;305,13,6;307,2,-1;311,4,-7
rua||vicente pasin|santa rita|12576020|12,-2285067,-4522962;15,-1,-6;16,-6,-2;18,6,-10;19,-2,8;20,1,-8;22,-1,1;26,-1,-7;27,9,5;30,-10,-7;33,11,1;37,3,-5;40,-13,3;45,12,-7;50,-1,-15;55,11,3;67,8,-2;68,-3,-5;69,5,-8;87,-13,-11;97,4,-3;101,4,-10;104,-1,-2;108,2,-5;114,3,-12;120,-50,-9;127,46,9;130,-18,-10;133,20,4;138,6,-15;143,-10,-1;148,14,-5;150,-9,7;154,29,-23;160,-12,-8;170,-3,-5;172,2,-4;174,-1,2;176,-8,-9;178,-5,-1;181,11,9;182,-3,-8;185,9,4;186,-3,-10;190,-3,3;195,4,1;199,5,3;201,2,-7;208,-6,-11;213,4,-3;217,0,15
rua||wilson pereira de lima|jardim paraiba|12575142|111,-2284737,-4523927
rua||wilson pereira de lima|ponte alta|12575142|100,-2284769,-4523881;168,8,0;172,5,-6;178,1,-3;182,-7,0;186,20,-3;188,0,-6
rua||zequinha lemes|aroeira|12573218|3,-2283460,-4521809;500,210,755;616,-215,-747;656,35,10;672,-18,14;680,56,52;686,-40,-32;692,7,0;698,-3,3;702,2,6;706,23,9;708,-13,2;726,38,34;730,-18,2;736,23,5;740,-7,-12;742,-3,-9;750,33,52;758,-27,-53;760,-7,6;766,19,-2;790,-14,35;794,14,-6;800,-8,14;804,14,-9;806,-6,6;812,12,10;814,-1,1;822,6,6;832,8,-1;838,-8,16;904,52,36;910,8,15;914,-9,2;924,7,13;930,14,2;932,-6,4;936,0,0;942,12,9;946,-8,17;952,7,4;960,6,-7;972,6,3;980,9,13;992,2,7;1010,2,2;1026,20,2;1032,4,15;1042,6,15;1052,5,4;1062,4,7;1070,7,12;1084,26,25;1092,-30,-57;1094,17,34;1110,13,25;1111,2,-1;1112,6,11;1118,5,-10;1122,5,6;1128,6,14;1135,2,-3;1137,0,9;1140,-2,9;1142,8,-3;1152,23,37;1154,-16,-33;1156,-112,62;1157,126,-22;1164,-17,-22;1172,22,38;1174,-15,-43;1184,9,15;1220,11,32;1230,-137,2;1240,147,12;1246,-7,16;1260,-3,4;1264,-4,18;1286,24,14;1290,1,7;1292,14,44;1294,-16,-53;1300,13,42;1308,-20,15;1310,-3,-78;1550,-110,193
travessa|conego|henrique|centro|12570029|15,-2284529,-4523031;36,11,10;40,0,0
travessa|doutor|adhemar de barros|santa terezinha|12573326|22,-2283569,-4522643;37,-7,-10;54,18,30;55,2,-3;57,4,5;62,-4,5;65,-12,-26;67,23,24;76,2,18
travessa|doutor|gama rodrigues|ponte alta|12575060|10,-2284617,-4523196;21,6,-14;26,-7,6;29,15,8;33,-29,-29;34,11,9;40,-9,-8;55,18,44;57,14,-14
travessa|padre|lopes ferreira|aroeira|12573252|17,-2283357,-4521873;27,13,10;33,3,-7;41,4,-6;43,5,-4;55,10,-8;60,-16,17;63,21,-13;67,2,-13;69,0,-2;70,-13,17;73,26,-16;80,-18,-8;622,-16,24
travessa|professor|darwin felix|sao roque|12573270|10,-2283590,-4522153;19,14,-19;20,-1,5;25,-9,-28;26,13,16;33,4,-3;34,-7,-7;38,17,-1;50,12,1;53,-23,-12;55,9,-4;56,11,0;57,17,15;61,-11,-18;68,7,3
travessa|professor|marques guimaraes|aroeira|12573244|30,-2283072,-4521535;39,3,-6;50,-25,19;54,-9,-2;55,38,-22;58,-35,33;62,0,2
travessa|vereador|aziz chad|centro|12570017|5,-2284753,-4522912;9,-5,-14;11,1,8;15,12,3;17,-11,8;25,16,-19;27,-20,20;28,-2,-21;31,8,32;35,1,-2;39,10,-6;41,5,22;54,-24,-51
travessa||alexandre fleming|sao roque|12573262|22,-2283512,-4522084;36,-2,-40;39,14,30;44,2,1;45,0,-12;50,-10,13;54,15,-21;58,7,-6;61,9,11;70,3,33;74,17,-15;80,-7,-32;275,-64,38;356,66,-49
travessa||amapa|sao sebastiao|12576203|445,-2285417,-4524206
travessa||andare|sao roque|12573274|17,-2283646,-4522197;23,8,27;27,-6,-10;29,-7,-1;37,-5,1;39,2,14;49,-9,1;148,31,-21
travessa||anisio mendes de andrade|santa rita|12576066|1,-2285478,-4523193;2,6,-6;3,-1,-2;4,2,-7;5,3,4;6,-2,-1;7,-10,16;8,0,0;9,2,1
travessa||antenor caetano|vila mariana|12573516|8,-2283098,-4522001;17,-4,-18;20,9,9;21,8,-16;22,-1,13;28,3,-7;36,-5,2;38,14,-6;78,7,-2;88,7,-7
travessa||antonio filippo|aroeira|12573254|20,-2283427,-4521944;72,68,-22
travessa||antonio filippo|sao roque|12573254|7,-2283430,-4521944;21,9,-12;23,-1,-12;31,12,1;33,2,3;45,7,-16;55,5,-11;57,5,7;61,1,-3;69,4,-5
travessa||benedito eloy da silva|santa rita|12570308|3,-2285049,-4522583;5,3,-6;6,-4,26;7,0,10;9,4,-35;23,-5,-4;36,16,7;64,-20,35;68,7,-14;72,-3,-3;90,-1,-57
travessa||benedito vieira dos santos|aroeira|12573248|4,-2283204,-4521647;30,34,-30;37,-18,5;40,15,1;45,-27,5;54,13,10;57,11,-24;60,0,-6
travessa||carlos wendling|santa rita|12576010|11,-2285048,-4522902;26,2,-12;32,8,-7;35,-14,28;37,-2,7;44,10,-10;49,-17,20;53,1,1;56,-1,-7;59,4,10;66,2,2;69,-3,10;72,2,-1;75,-4,11;77,0,2;80,11,26;89,-22,-11;90,13,-14;97,-10,21;98,1,-19;101,-7,21;106,4,4;107,2,-7;109,-5,3;111,-3,2;116,6,4;119,-13,-1;121,18,14;126,-17,-6;131,-4,2;136,-2,4;141,-1,1
travessa||carlota m silva|santa terezinha|12573304|82,-2283562,-4522454
travessa||clara rodrigues|sao roque|12573262|380,-2283469,-4522081
travessa||dometildes ramos macedo|sao roque|12573246|20,-2283177,-4521553;1002,-9,-1
travessa||emilia nunes|ponte alta|12575074|9,-2284838,-4523789;21,0,0;26,42,31;27,2,4
travessa||faustino teixeira pinto|santa luzia|12570302|6,-2284976,-4522602;7,19,-2;9,5,-22;13,-20,31;19,2,-2;47,4,-8;55,-9,4
travessa||hamilton de sao paulo ribas|ponte alta|12575006|11,-2284112,-4523147;14,4,-5;16,-24,0;17,17,25;18,-2,-7;21,6,-17;754,-44,-12;760,15,6;788,2,5;790,-8,-6
travessa||itaguassu|sao sebastiao|12576200|974,-2285412,-4524135
travessa||joao garcia|santa rita|12576046|2,-2285283,-4523205;769,18,22;779,-10,-14
travessa||joao pedrini|santa rita|12570312|1,-2285038,-4522615;2,-5,7;3,3,-11;4,0,4;96,0,1
travessa||jorge trabulsi|santa rita|12576072|8,-2285681,-4523264
travessa||jose amador|santa luzia|12570300|1,-2284960,-4522587;2,0,0;3,-13,-20;4,38,1;5,-43,-1;10,63,40;22,-76,-26;25,10,-3;26,7,18;38,22,14;88,54,-2;107,-2,-3;109,30,-13;134,136,-8
travessa||jose augusto de castro|santa rita|12576024|23,-2284996,-4523052;78,-2,-11;80,3,-10;83,2,-7;84,1,-1;92,1,-9;93,1,-11;96,-1,6;97,-12,-13;101,15,0;104,2,7;106,-1,-2;107,10,-19;109,0,-8;111,-5,2;113,-8,-10
travessa||jose bitencourt|santa rita|12576064|40,-2285534,-4523138;44,-2,11;48,-1,7;54,-1,4;60,-6,-2;66,3,6;70,1,15;78,-22,-9;88,-4,4;89,5,-4
travessa||jose palma|sao sebastiao|12576210|15,-2285360,-4524091;23,12,-5;29,0,5;35,5,-17;45,9,2;53,-1,-4;59,6,-1
travessa||julio lorena|centro|12570055|2,-2284319,-4522913;8,-2,3;20,8,5;26,12,5;27,1,8;28,4,1;30,-5,11;36,0,0;59,6,31
travessa||lucia maria da conceicao|bairro santa edwiges|12573714|2,-2282405,-4522399;5,-5,8;20,-24,11
travessa||manaus|sao sebastiao|12576218|6,-2285485,-4524360;9,-16,-37;12,-11,-66;16,21,103;42,1,-5;46,0,-8;52,-9,-9;55,8,2;56,-9,-9;63,-31,-143;65,1,3;70,32,109
travessa||manoel ferreira dos santos|santa terezinha|12573316|12,-2283657,-4522513;14,5,5;16,1,-4;20,8,-1;22,0,1;26,6,5
travessa||manoel moreira cesar|santa rita|12576040|56,-2285251,-4523068;70,-16,-32
travessa||manoel rodrigues|aroeira|12573250|13,-2283268,-4521741;15,-6,-14;22,2,10;23,10,-2;32,-9,-5;48,11,-12;52,2,0;56,16,0;58,-1,-18;60,11,17;80,6,-29
travessa||mariana jose goncalves|sao roque|12573264|3,-2283558,-4522050;18,10,-3;46,-16,6
travessa||moreira cesar|santa rita|12576014|15,-2285146,-4522856;18,-1,-8;19,-7,12;28,-2,-3
travessa||oscar lorena|aroeira|12573208|12,-2283572,-4521924;13,-7,-1;16,1,0;20,149,158;21,-4,0;22,-157,-152;39,-2,4
travessa||paulino guedes|centro|12570027|10,-2284584,-4523020;14,15,13;16,-4,-4
travessa||pedro natalicio|centro|12570031|11,-2284500,-4523067;47,-1,40;63,11,5;78,-18,-66;190,13,36
travessa||pedro nunes|sao roque|12573272|20,-2283632,-4522151;25,42,49;28,-39,-51;29,-3,7;33,1,-1;34,-1,2;38,-20,-3;49,24,16;50,-14,-13
travessa||pedro siqueira|sao sebastiao|12576222|14,-2285556,-4524446;15,0,-4;18,-7,3;22,0,4;28,-3,5;32,-5,5;33,7,-5;38,36,-79;40,-50,88;42,-1,1
travessa||rafael guarino|centro|12570051|19,-2284380,-4523013;20,7,5;28,-4,5;29,2,-4;42,0,9;45,-1,1;56,10,10;59,-2,1;69,5,5;70,-2,18;73,4,-9;75,5,3;80,-6,15;87,7,-18;119,4,11;123,21,34
travessa||roquinho vieira|centro|12570059|9,-2284380,-4522874;15,29,-1;22,-18,11;30,3,-2;36,5,9;37,-11,12;38,12,-7;39,-10,9;40,13,-11;41,-6,10;44,3,-7;48,5,25;65,10,-15;70,-7,18
travessa||salomao boueri|santa rita|12576060|4,-2285468,-4523089;7,-18,9;8,13,-1;9,-8,-1;10,-5,1;21,45,-27;28,31,0;29,-29,14;30,-4,10;35,-29,-3;37,26,-5;44,16,-3;45,-17,10;52,-12,6;54,-7,-17;55,4,16;69,-12,2;601,24,-16
travessa||sampaio|ponte alta|12575024|16,-2284155,-4523257;25,3,-6;26,5,-4;32,7,-3;36,-3,-7;38,8,3;48,-4,-4;50,8,-6;51,-1,-15;52,2,15;56,-5,-13;57,-18,10;59,12,-7;60,1,-8;63,8,2;69,8,-5;79,5,-35;80,-23,44;90,11,-20;237,-5,60
travessa||simplicio soares|centro|12570007|5,-2284882,-4522802;10,-8,-11;15,5,19;19,0,3;22,15,-26;24,5,6;26,-5,17;50,-2,10;58,6,30;380,-1,-6
travessa||treze de maio|santa terezinha|12573310|30,-2283529,-4522557;33,3,4;35,4,3;38,-4,-5;39,6,16;43,6,1;48,-5,-6;50,4,10;53,2,7;64,2,-3;67,4,9;75,4,4
viaduto||vila mariana|aroeira|12573512|1261,-2282971,-4521358
vila||guarino|centro|12570035|12,-2284424,-4523158;13,-3,-2;14,-3,-5;35,30,34;37,-21,-25;39,19,30;47,-1,-1;49,-23,-28;53,2,2;55,24,33;65,-2,-27;68,-28,-26;69,16,15
vila||isaac machado|santa rita|12576068|3,-2285518,-4523190;4,-6,-3;5,1,-1;6,-9,-12;7,0,2;29,0,2;31,0,0;35,-1,-4
vila||samaha|centro|12570039|416,-2284378,-4522975
vila||tambau|centro|12570039|374,-2284409,-4522985
