alameda||das selenitas|residencial olivito|14404648|311,-2056807,-4741603;323,-12,-6;342,2,-3;347,-12,-6;373,-41,-10;411,-41,-20;435,-16,-4;447,-5,-3;459,-17,0;514,61,21;526,-7,-13;550,-15,-5
alameda||dos sibipirunas|morada do verde|14404403|840,-2057584,-4739187;860,-2,11;930,-25,64;980,-25,43;1010,-15,29
alameda||safiras|chacaras residencial ana dorothea|14412267|185,-2054371,-4735170;200,26,11;205,-7,11
avenida||alcino teixeira silva|jardim tropical ii|14407000|473,-2051470,-4742253;481,5,-6;491,18,2;511,11,1;521,8,-7;531,9,1;541,11,3;545,6,-3;551,6,1;561,7,-5;571,6,-2;581,17,-5;591,3,3;601,13,-1;603,-3,5;611,7,-5;621,10,-3;631,17,-24
avenida||alcino teixeira silva|jardim tropical ii|14407218|866,-2051139,-4742288;870,9,0;880,12,-2;920,22,0;930,18,-10;940,4,-5;942,6,2;980,30,-4;990,21,-3;1040,45,-7;1090,42,-3;1092,-7,2;2140,32,-4
avenida||alcino teixeira silva|residencial meirelles|14407212|510,-2051442,-4742194;520,20,-60;530,-1,-3;532,10,11;540,3,-7;550,16,14;560,0,-16;570,17,3;580,1,-5;600,22,-6;610,13,2;620,8,3;630,5,-2
avenida||arthur costa e silva|cdhu otavio cilurzo|14412200|6201,-2055431,-4735998;6301,9,56
avenida||arthur costa e silva|jardim paraty|14403793|6250,-2055471,-4735953;6280,13,4;6300,-22,45;6350,-7,35;6450,-11,46;6480,12,27;6490,-4,13
avenida||arthur da costa e silva|jardim paraty|14403793|5897,-2055535,-4736375;5901,12,-4;5905,1,6;5906,-10,6;5916,13,16;5921,-16,-3;5926,8,12;5929,-2,-4;5934,8,2;5936,-2,13;5937,8,-17;5938,-6,6;5943,0,-30;5944,1,41;5945,13,-10;5948,-10,20;5956,-5,11;5962,11,14;5966,-7,1;5977,11,-8;5983,-1,-33;5985,1,36;5986,-10,7;5988,-1,7;5989,12,-36;5993,1,32;5999,0,5;6005,5,9;6007,15,32;6022,-18,14;6025,17,-5;6027,2,7;6028,-23,-13;6037,14,21;6038,-3,6;6040,-3,3;6047,-4,7;6048,5,1;6049,3,-4;6053,3,0;6056,-8,17;6057,11,-6;6058,-11,6;6067,20,11;6068,-17,3;6069,15,-10;6078,-15,17;6079,18,-3;6081,-1,2;6087,-1,18;6088,-5,-13;6092,-6,10;6096,2,8;6105,8,7;6107,-3,6;6108,4,-7;6117,4,16;6118,-8,-3;6120,-1,6;6127,10,8;6128,5,0;6133,-8,12;6136,2,-1;6137,-1,3;6146,0,0;6147,4,9;6148,-9,-2;6151,9,3;6153,-7,-9;6157,16,16;6158,-12,-6;6162,-3,24;6164,14,-20;6167,9,35;6168,-22,-16;6257,7,-8
avenida||arthur da costa e silva|residencial ana dorotheia|14403793|5169,-2055478,-4735782;6351,23,-86;6361,-4,12;6371,-3,1;6381,-3,7;6391,1,1;6401,0,12;6411,4,-7;6421,-4,8;6481,-6,39
avenida||arthur da costa e silva|residencial ana dorotheia|14412200|4551,-2055485,-4735777;4561,4,7
avenida||das seringueiras|residencial amazonas|14406022|761,-2055265,-4742185;899,-158,75;980,-12,708;1000,-20,-22;1019,-6,-557;1029,-1,17;1049,-4,27;1200,-123,372;1240,-3,-22
avenida||domingos sanna|residencial itapua|14406330|331,-2054400,-4742665;341,24,-19;343,7,0;351,-1,-13;361,-1,-1;363,-1,-10
avenida||domingos sanna|santa helena|14406330|381,-2054334,-4742724;383,-2,-2;385,2,-6;391,0,5;409,13,-7;411,-8,-1;421,4,-9;423,4,1;425,2,-3;431,1,-7;441,7,-4;451,5,-2;461,18,-17;465,6,-16;491,1,2;501,13,-12;507,8,-9;511,3,-7;521,8,-1;525,0,-3;527,-5,1;541,14,-8;551,2,-7;553,5,0;555,-9,-12;571,12,1;573,3,-4;575,6,-5;610,35,-23;611,-9,-13;612,10,3;620,-2,-8;621,-6,4;623,5,-4;630,17,-9;631,-16,5;640,18,-7;641,-5,1;650,13,-4;651,-9,-2;654,13,1;655,-12,-4;660,4,-4;661,1,0;663,-2,1;670,23,-6;671,-11,-10;680,12,4;690,11,-10;700,2,-1;710,13,-11;711,-11,-7;713,-3,2;719,8,-13;720,10,16;721,-10,-18;730,17,6;731,-11,-14;733,2,6;740,17,-4;741,-10,-2;747,2,-8;750,10,10;751,-2,-19;753,-2,5;755,3,1;760,10,2;761,-3,-6;762,17,-5;763,-13,0;767,2,2;769,-1,-1;771,10,-11;781,2,-3;811,19,-36;821,1,0;823,9,-9;835,9,-5;871,21,-24;881,5,-7;915,32,-30;925,1,-9;941,13,-9;943,-8,9;951,10,-16
avenida||domingos sanna|sao joaquim|14406330|280,-2054417,-4742640;290,2,-3;300,8,-7;310,4,-6;312,7,0;314,-2,3;320,5,-6;322,-8,-7;330,10,-2;332,-2,3;340,12,-9;350,9,-9;360,5,-9;400,40,-38;410,3,-10;430,17,-11;440,3,-8;450,3,-9;460,8,-6;470,11,2;480,0,-20;488,8,0;490,1,1;500,7,-3;510,5,-6;512,7,-5;520,6,-6;530,3,-7;540,5,-6;550,6,-9;556,6,-1;560,5,-7;570,2,-2;800,165,-187;810,8,-5;830,16,-17;840,7,-7;850,13,-7;860,-4,-1;862,4,-7;870,9,-4;880,7,-6;882,12,-13;890,-4,5;920,14,-33;1070,111,-110;1081,-3,-31;1095,8,-3;1097,22,-8;1100,-6,25;1105,2,-20;1107,-5,-7;1121,-9,-6;1141,35,-16;1150,18,1;1155,-11,-6;1161,8,-10;1170,16,-6;1180,11,-1;1190,7,-5;1200,-6,-23;1204,6,7;1251,43,-128
avenida||domingos sanna|sao joaquim|14406340|990,-2053910,-4743181;992,-2,-2;1000,3,-4;1010,4,-8;1020,8,-4;1050,36,-9;1070,7,-38;1080,-1,5;1090,6,-5;1100,-5,0;1110,17,-17
avenida||domingos sanna|vila santa helena|14406313|1025,-2053894,-4743211;1035,97,-90;1037,-96,70;1049,6,-1;1051,9,-5
avenida||domingos sanna|vila santa helena|14406338|981,-2053923,-4743183;991,4,-6;1005,7,-1;1007,-5,-13
avenida||dos sapateiros|nucleo agricola alpha|14403183|1551,-2056414,-4740245;1601,-36,-33;1661,-18,-7;1671,-16,-5;1691,-29,-26;1761,-96,-41;1766,53,7;1771,-32,7;1780,7,-14;1800,-10,-7;1820,-17,-18;1830,-9,-6;1900,-15,-6;1950,-40,-26
avenida||fernando simoes|aeroporto iii|14402347|1,-2059234,-4737623
avenida||fernando simoes|aeroporto iii|14404211|1021,-2058902,-4737844;1045,-7,15;1061,-11,8;1095,-11,11;1105,-10,1;1115,-16,-5
avenida||fernando simoes|aeroporto iii|14404274|5,-2059794,-4737232;55,222,-147;1500,282,-208
avenida||fernando simoes|aeroporto iii|14414899|54,-2059324,-4737555;1500,36,-26;1510,29,-19
avenida||fernando simoes|franca|14404274|2,-2059571,-4737398;3,-7,3
avenida||fernando simoes|franca|14414899|54,-2059319,-4737576
avenida||fernando simoes|jardim santa barbara|14404211|1491,-2059264,-4737581;1501,6,-9;1531,-47,30
avenida||fernando simoes|jardim santa barbara|14404274|2021,-2059698,-4737286;2081,-44,36
avenida||francisco delfino dos santos|jardim paulistano|14402412|451,-2051903,-4735770;460,-8,-14;470,-11,-1;471,15,13;472,-21,-12;480,-12,6;481,12,10;485,-2,2;488,-16,-15;490,-3,-3;491,5,17;492,0,-16;500,-16,0;501,9,12;510,-16,-5;511,-3,14;513,16,-5;520,-22,-10;521,2,11;524,-11,-7;530,-5,-3;533,11,7;536,-11,-5;538,-6,2;540,2,0;541,0,6;542,-3,-6;550,-12,-2;551,7,11;560,-10,-15;561,0,16;570,-11,-12;571,2,13;580,-11,-13;590,-15,3;591,12,11;593,1,-1;594,-11,-11;600,-13,-2;605,9,14;611,-13,4;614,-3,-13;618,2,-4;621,-1,19;630,-37,-21;640,-17,-18;654,7,27;658,-11,-7;660,2,8;661,-6,11;662,12,-33;670,-21,18;671,0,16;680,1,-8;681,-9,8;690,-6,-11;691,-2,8;701,-13,1;706,-1,-7;710,-10,-12;711,6,24;720,-10,-14;721,-2,9;726,-15,-15;730,7,7;731,2,16;740,-14,-18;741,-1,17;750,-13,-13;751,11,7;754,0,-5;755,-10,14;760,-3,-22;761,-2,18;770,-5,-7;771,-2,9;780,-14,-10;781,1,13;782,-4,-8;788,-5,-4;790,-8,-1;793,2,13;800,-10,-21;810,0,6;820,-28,9;821,-1,9;826,-2,-13;830,0,-7;831,-6,15;840,-11,-8;841,5,10;850,-10,-13;851,2,22;860,-13,-16;861,3,18;866,-6,-16;870,-20,1;871,14,14;874,-3,-9;876,4,-4;880,-12,-7;881,7,21;882,-9,-19;890,-14,6;891,12,6;900,-19,-9;901,6,15;904,-7,-17;906,-5,10;910,0,-4;911,4,10;920,-15,-14;921,5,19;928,-20,-13;930,12,-5;931,1,17;940,-20,-14;941,8,13;948,-19,-17;950,0,3;951,9,3;960,-17,0;961,7,14;964,1,-22;970,-19,9;971,16,13;972,-12,-13;980,-12,-1;981,10,13;990,-18,-15;991,9,16;1001,-9,3;1011,-10,-5;1090,-65,1;1100,-28,-5;1120,-23,2;1121,8,23;1140,-29,-17;1141,3,8;1143,-7,3;1161,-17,-4;1201,-24,4
avenida||francisco jose da silva|jardim milena|14405680|1550,-2050487,-4740950;1580,42,42;1582,-3,-3;1600,32,4;1610,-13,7;1620,31,1;1650,19,17;1670,27,-6;1680,11,11;1690,-15,20
avenida||francisco jose da silva|residencial sao thomaz|14405680|940,-2050986,-4741214;942,11,11;950,4,13;970,14,3;1020,41,19;1050,34,9;1110,38,31;1130,32,20;1160,14,-2;1170,5,17;1180,10,6;1190,11,-2;1220,23,21;1230,2,-5;1250,23,12;1260,10,4;1270,3,-2;1290,17,4
avenida||francisco jose da silva|vila nossa senhora de fatima|14405680|1447,-2052810,-4742172;2121,-15,-10;2131,-13,-5;2151,-34,-15
avenida||francisco jose da silva|vila santa luzia|14405680|700,-2052556,-4742042;1020,-11,-4;1046,-51,-23;1955,180,105;1985,29,6;1993,11,10
avenida||geralda rocha silva|franca|14407032|783,-2050135,-4741427;1025,-98,-44;1027,5,-4
avenida||geralda rocha silva|jardim tropical ii|14407032|370,-2050706,-4742010;2152,-89,-302;2160,-5,-4;2180,6,15;2190,0,10;2200,0,10;2210,5,7;2220,3,11;2240,8,27;2246,1,-6;2250,4,11;2260,1,10;2270,-1,-5;2280,9,21;2290,3,14;2300,3,8;2310,0,-3;2320,7,9;2380,15,87;2390,10,1;2410,4,17;2420,7,10;2440,3,19;2450,0,9;2460,2,6;2510,30,80;2520,0,0;2530,7,17;2540,-6,-17;2570,11,16;2580,1,17;2590,4,19;2600,2,2;2610,7,11;2620,-9,23
avenida||geralda rocha silva|jardim tropical|14407000|1755,-2050863,-4742704;1805,6,50;1825,-2,8;1835,4,11;1845,0,8;1855,-2,8;1875,-1,16;1885,2,7;1895,-1,11;1905,4,10;1915,-6,9
avenida||geralda rocha silva|jardim tropical|14407032|3165,-2050395,-4741549;3167,2,7;3205,27,4;3207,5,3;3211,17,3;3213,8,0;3251,13,10;3253,18,3;3271,2,14;3275,11,-6
avenida||geralda rocha silva|parque jardim leporace|14407032|2660,-2050650,-4741834;2670,5,15;2680,8,6;2684,-4,-10;2690,13,16;2708,-1,24;2710,-1,-2;2720,3,3;2726,-2,6;2730,3,1;2732,0,0;2736,2,16;2740,4,3;2750,-1,3;2760,-1,12;2766,5,3;2770,3,1;2800,5,20;2810,8,21;2830,4,19;2840,11,12;2850,-6,2
avenida||geralda rocha silva|parque vicente leporace i|14407032|683,-2050261,-4741481;710,42,20;750,41,32;754,2,1;1010,-94,-64;1014,-1,4;1016,7,1;1160,104,67;3400,47,22
avenida||geralda rocha silva|parque vicente leporace|14407032|316,-2050294,-4741500;781,40,7;1001,-8,-3;1005,-10,-4;3031,-246,-128;3040,-23,20;3046,12,7;3050,10,-8;3060,8,10;3066,4,-4;3068,2,-3;3072,2,4;3074,7,8;3086,10,5;3096,0,1;3106,8,5;3111,12,-14;3116,-3,14;3118,4,4;3130,10,7;3133,9,0;3140,-9,0;3141,5,1;3144,-2,0;3146,10,0;3180,50,23;3320,91,47
avenida||geralda rocha silva|residencial meirelles|14407000|1715,-2050871,-4742757;1717,7,0;1719,-6,6;1721,-1,7
avenida||geralda rocha silva|residencial meirelles|14407032|1200,-2050837,-4742461;1201,-1,5;1790,-40,-260;1800,6,8;1806,-1,11;1808,-1,-1;1810,0,16;1860,6,56;1890,8,33;1900,9,61;1930,0,0
avenida||joao batista de paula e silva|prolongamento recanto elimar|14403300|870,-2056442,-4737794;876,0,0;900,26,18;940,42,23;960,7,1;980,16,31;990,2,-23
avenida||joao batista de paula e silva|recanto elimar ii|14403300|101,-2057172,-4737984
avenida||joao batista de paula e silva|recanto elimar|14403300|140,-2057133,-4737957;141,0,-27;150,2,23;151,6,-19;160,5,22;163,6,-20;180,16,25;181,-1,-10;191,10,-11;200,8,24;201,2,-22;210,8,20;211,-3,-17;212,1,20;214,-4,2;220,16,-15;221,-3,-11;224,6,25;230,2,-6;231,4,-15;240,10,21;241,1,-20;250,2,25;251,7,-19;260,13,10;261,-6,-9;270,12,21;271,-2,-16;280,9,24;281,-10,-28;290,14,16;291,0,-6;300,6,0;301,2,-11;305,-3,-6;310,15,34;311,3,-17;315,-5,1;341,30,-1;350,6,23;358,14,-4;360,-6,0;370,7,2;371,18,-16;380,3,19;381,1,-17;382,-5,27;390,2,0;391,15,-20;400,2,18;401,0,-22;405,7,3;410,14,16;420,-6,10;421,2,-21;425,0,-2;430,8,20;440,12,2;441,-3,-22;450,19,20;460,0,12;470,6,-7;480,7,5;481,1,-22;488,10,21;490,1,5;491,-6,-25;492,11,20;500,5,5;501,-4,-24;505,10,-1;510,1,27;511,1,-28;520,8,28;521,10,-22;530,-3,21;540,11,5;541,3,-16;551,23,-5;553,-25,7;555,-2,1;564,52,21;570,-24,6;571,7,-26;580,4,24;581,7,-24;590,-4,15;591,6,-19;600,6,17;601,1,-18;608,5,29;610,8,-1;620,-3,-1;621,15,-16;630,6,15;631,2,5;633,11,-12;640,-10,14;641,9,-21;650,7,26;651,4,-23;660,7,20;661,-2,-21;670,7,22;671,-4,-21;673,15,3;680,-3,18;681,6,-21;690,0,28;691,8,-20;700,8,18;701,3,-19;705,0,1;710,21,27;711,-10,-25;714,8,22;720,-1,-4;721,-4,-18;725,4,3;731,9,-6;735,-1,6;741,7,2;751,5,0
avenida||joaquim spereta|sao joaquim|14406349|191,-2054301,-4742360;200,27,-16;201,-14,-9;210,15,8;211,-6,-11;220,13,-1;221,3,-12;250,22,-9;261,-13,-1;271,9,-14;277,8,-6;281,5,-7;290,10,11;291,-4,-17;300,31,24;301,-29,-30;310,34,13;311,-32,-17;330,36,-15;331,-9,-10;341,0,0;350,10,1;361,1,-12;380,41,-38;400,10,2;401,2,-16;410,10,15;420,-21,13;430,22,-29;432,6,1;440,4,-4;450,14,-20;460,-4,3;470,6,-9;480,9,-7;490,6,-9;500,8,-6;520,15,-18;521,-9,-4;530,21,-5;540,2,-5;541,-13,-2;551,9,-11;561,7,-3;830,170,-187;841,48,-55;851,-9,10;860,-39,45;861,54,-62;870,23,-33;871,-28,37;880,20,-8;881,-4,-3;890,5,14;891,-5,-15;900,13,3;901,-8,-12;906,8,10;910,8,-7;911,-6,-7;916,12,4;920,1,-2;921,-15,-10;930,17,0;931,-6,-5;940,17,-2;950,7,-11;951,-22,8;961,15,-8;1150,-2,16;1156,-9,1;1160,-40,48;1170,68,-75;1176,0,0;1180,-1,3;1190,1,1;1192,-58,66
avenida||jose da silva|jardim maria rosa|14405391|3077,-2052396,-4741102;3085,6,9;3087,1,1;3095,4,1;3097,9,-1;3105,17,5;3135,32,17;3173,22,10;3175,7,5;3181,7,0;3185,-5,4;3223,47,17;3227,4,-1;3233,10,1;3243,5,5;3253,9,13;3263,9,-11;3265,-9,14;3267,10,-10;3273,4,6;3279,4,-1;3285,8,-4;3311,7,6;3321,11,6;3331,5,1;3341,6,5;3351,11,9;3361,4,2;3371,21,3;3581,163,68;3591,10,45;3593,10,-34;3601,14,12;3619,8,-1;3621,7,-3;3623,-16,-1;3635,25,8;3645,11,4;3651,10,-4;3655,-3,12;3665,14,-12;3675,3,3;3681,2,-1;3683,6,-3;3685,-12,4;3687,15,2;3689,-4,4;3691,3,-5;3765,67,32
avenida||jose pimenta sobrinho|esmeraldas|14406151|100,-2054503,-4745374;110,-1,4;120,9,-2;130,10,1;140,3,5;142,4,-4;150,17,14;180,15,72;190,6,-63;220,6,12;230,8,0;240,11,0;270,45,31;280,-1,3;290,-4,2;300,16,0;310,17,-5;320,0,2;330,14,11;340,5,-1;350,10,-3;360,2,10;370,5,13;380,21,3;390,9,10;400,-2,-10;410,6,9;470,45,-46;480,3,-11;488,16,-47;490,5,27;500,-7,24;510,-1,56;520,6,8;530,5,8;540,4,-54;544,-5,12;550,27,-7;560,6,20;570,0,44;574,-2,-40;580,-9,33;590,25,13;600,5,11;610,4,3;620,10,0;630,3,2;700,51,27;730,10,7;760,41,12;770,15,7;790,13,8;800,8,7;820,14,0;822,2,5;830,3,0;840,14,6;850,1,8;860,13,0
avenida||jose pimenta sobrinho|parque esmeraldas|14406151|121,-2054495,-4745383;131,9,11;161,25,4;171,5,5;181,10,9;191,14,-5;201,2,2;211,12,10;221,12,-1;231,6,3;501,161,77;521,22,6;523,1,3;525,0,1;527,0,-2;561,26,18;571,16,2;581,-1,3;591,16,3;601,7,5;611,15,3;631,19,29;671,23,16;681,18,-4;701,7,7;711,6,-1;713,2,3;721,3,-5;723,4,0;725,4,-1;727,-3,0;741,14,6;761,13,5;771,13,12;773,-2,-11;811,35,54;813,2,-28;815,-7,-17;831,29,27;851,6,-2;861,18,-8
avenida||jose rodrigues da costa sobrinho|jardim petraglia|14409105|803,-2051568,-4739008;890,76,102;1510,-432,-453;1520,-2,7;1530,5,10;1540,4,-4;1546,6,6;1550,2,8;1560,-4,5;1570,17,5;1580,6,12;1610,35,32;1615,11,-3;1620,-10,0;1630,-2,3;1640,12,10;1645,5,-8;1650,8,22;1655,4,-9;1660,1,9;1665,7,0;1670,1,12;1675,4,-6;1685,11,9;1690,-10,5;1694,9,10;1695,15,-4;1730,13,37;1740,6,9;1750,10,6;1760,5,9;1770,22,-4;1780,-2,7;1820,24,32;1830,5,11;1840,6,3;1845,6,-9;1850,3,19;1855,-2,-8;1860,4,7;1865,15,-2;1870,-6,15;1875,11,-13;1880,-4,25;1885,18,-14;1895,5,12;1905,11,8;1920,8,14;1930,8,6;1931,-5,-3;1940,4,19;1941,6,-11;1950,-1,11;1951,9,-8;1954,-10,16;1960,18,1;1961,-4,-7;1962,-6,10;1963,13,-6;1970,-5,17;1971,6,-10;1978,-6,11;1980,7,-9;1981,14,11;1991,6,10;1992,-16,3;2000,26,10;2002,-13,-1;2010,11,15;2011,-1,-48;2014,5,49;2021,22,4;2030,-13,10;2031,18,1;2032,-15,2;2040,6,0;2041,11,-10;2042,-7,17;2044,-3,-6;2050,8,10;2051,9,-14;2060,-1,22;2061,11,-9;2063,-4,-2;2081,22,18;2083,-10,5;2090,0,-6;2100,-2,16;2125,30,3;2130,-2,23;2145,7,-3;2155,9,11;2160,12,-3;2165,1,8;2170,8,1;2175,6,11;2180,-4,-9;2185,9,14;2190,6,0;2200,0,-2;2205,8,7;2220,7,31;2225,7,-2;2230,5,14;2240,8,3;2245,5,-13;2250,-2,15;2255,9,-8;2260,-3,17;2275,13,0;2280,-10,3;2285,11,4;2296,4,17;2345,47,39;2350,1,10;2352,12,3;2355,-6,0;2365,12,1;2370,-3,1;2372,6,16;2374,-1,-1;2375,8,-9;2376,-7,11;2378,0,0;2380,8,-1;2381,-2,-2;2382,2,2;2384,-3,5;2386,0,0;2390,7,5;2391,13,-3;2392,-8,-2;2394,0,3;2396,4,1;2400,4,4;2401,5,-1;2402,-6,4;2404,-2,3;2406,0,0;2410,-4,13;2415,20,-12;2420,2,11;2430,10,-5;2436,-4,15;2440,-13,40;2460,32,-13;2470,17,4;2480,5,5
avenida||jose rodrigues da costa sobrinho|vila totoli|14409105|1525,-2051919,-4739359;1527,-3,9;1565,37,23;1585,8,11;1595,4,-1
avenida||madalena piacezzi simoes|jardim simoes|14406270|290,-2053983,-4746284;310,5,37;312,1,3
avenida||maria aparecida nogueira stefano|jardim tropical ii|14407217|2051,-2051637,-4742234;2081,9,12;2091,-2,27;2101,4,3;2103,1,18;2131,1,15;2141,2,13;2191,24,45;2193,-6,-9;2201,5,19;2211,4,3;2221,4,8
avenida||orlando serafini|distrito industrial abdalla hajel|14406052|285,-2054439,-4746315;305,-2,7
avenida||orlando serafini|distrito industrial|14406211|565,-2054466,-4746482
avenida||ricarte soares silva|jardim cambui|14409648|941,-2048458,-4740099;981,16,-9;991,6,-10;1001,5,-4;1011,6,6;1031,19,-3;1033,-4,-8;1051,11,-3;1055,2,-12;1061,15,-6;1075,5,-2;1091,6,-10;1101,3,-9;1113,14,-6;1119,1,2;1191,32,-45;1201,32,-10;1209,-6,-6;1221,19,-8;1231,12,-2;1233,-11,4;1271,31,-25;1281,0,5;1321,32,-12;1331,9,2;1341,2,-20;1351,5,0;1361,6,-14;1371,7,3
avenida||ricarte soares silva|jardim marambaia|14409648|905,-2048826,-4739831;920,44,-38;950,-40,10;960,452,-255;1080,11,-11;1090,6,-15;1092,12,0;1110,-4,0;1130,22,-14;1140,-1,-1;5300,-262,194;5310,12,1
avenida||sete de setembro|jardim america|14401278|771,-2053172,-4738821;775,4,-3;779,4,1;783,-3,-10;787,6,20;791,3,-11;795,2,17;797,0,1;805,14,-7;809,3,9;811,3,6;813,21,-15;815,-2,7;825,-7,24;883,49,33;889,35,-93
avenida||sete de setembro|sao jose|14401278|400,-2053692,-4738978;455,44,1;485,48,-23;500,-10,0;550,86,13;635,100,-6;642,-5,6;645,10,-2;650,-1,-2;655,1,3;675,13,3;705,23,22;725,17,2;733,24,1
avenida||wanderley silveira|jardim paineiras|14407750|4321,-2047746,-4741171;4371,51,-16;4373,0,-10;4391,21,2;4401,5,-2;4403,3,-5;4411,2,0;4413,6,0;4423,8,-3;4431,8,0;4441,10,-2;4451,2,-6;4461,15,-4;4471,7,0;4481,8,0;4491,14,-6;4501,5,1;4503,6,-1;4511,1,1;4513,8,-6;4531,14,-2;4561,-159,40;4601,221,-57;4611,9,-1;4621,15,-5;4651,25,0;4671,16,-10;4673,4,1;4681,2,2;4701,17,-8;4703,5,2;4711,8,-5;4721,7,-1;4751,34,-4;4781,17,-6;4811,32,-12;4813,-5,0;4815,15,-4;4825,5,-4;4871,57,-7;4891,11,-7;4911,15,-4;4921,16,0;4931,5,-3;4963,24,-11;4971,12,-4;4973,-4,6;4975,10,4;4981,7,-9;4991,5,-1;5001,5,0;5011,11,5;5021,9,-12;5031,12,-2;5071,39,-13;5111,43,-7;5121,2,-3;5127,4,2;5161,46,-10;5171,-15,0;5181,19,-3;5187,4,-3
condominio||vale das samambaias|franca|14402347|1,-2053448,-4734181;6,-89,29;13,-171,147;17,-45,31;18,-18,12;20,-36,24;24,-69,38;26,-39,35;27,-23,20
condominio||vale das samambaias|franca|14414899|3,-2053498,-4734117
condominio||vale das samambaias|vale das samambaias km 2|14402347|2,-2053483,-4734246;3,-5,99;4,-12,-10;5,-61,55;8,-28,9;9,-43,36;10,-47,25;11,29,48;12,-22,-50;15,-64,55;16,-1,-9;17,-41,29;18,16,-13;19,-40,38;20,-19,2;21,-29,25;22,10,-13;23,-17,24;24,-15,-4;25,-21,30;99,460,-324
condominio||vale do sol|franca|14414899|2,-2057611,-4744379;3,-190,149;4,-154,32;5,118,137;6,-137,-327;7,145,33;8,17,23;9,-125,47;10,74,21;11,47,-103;12,69,-9;13,20,22;14,-239,119;23,266,-65;33,-20,-37;43,-30,-46;63,-27,-49;66,-16,-9;68,-221,57;70,140,-48;75,-48,20;122,-75,13
estrada||sobradinho|jardim pulicano|14406730|2,-2048635,-4746568
fazenda|sao|sebastiao|franca|14404080|1,-2058594,-4735879;2,49,-111;3,-59,36
fazenda||agua santa|agua santa|14402347|2,-2054104,-4733308;3,-77,-18;4,92,-93
fazenda||alto da serra|franca|14414899|18,-2053435,-4720337
fazenda||cachoeirinha do alto da serra|franca|14414899|12,-2051347,-4727618
fazenda||casa seca|franca|14414899|1,-2051602,-4725612
fazenda||da mata da casa seca|franca|14414899|12,-2050655,-4725404
ribeirao||salgado|franca|14414899|2,-2056050,-4753071
rodovia||rio negro e solimoes|franca|14404872|642,-2062059,-4738340
rodovia||rio negro e solimoes|franca|14404878|690,-2061937,-4738740;800,131,132
rodovia||rio negro e solimoes|franca|14404884|191,-2062395,-4739315;210,204,23;350,41,10;541,158,80;2110,-336,-63
rodovia||rio negro e solimoes|franca|14404885|33,-2062065,-4739294;290,-86,51;350,36,6;401,105,238
rodovia||rio negro e solimoes|franca|14404887|301,-2062072,-4739059
rodovia||rio negro e solimoes|franca|14404889|180,-2062340,-4739215
rodovia||rio negro e solimoes|franca|14404890|100,-2062516,-4739263
rodovia||rio negro e solimoes|franca|14414899|2,-2061666,-4738471;5,-14330,-7458;13,1802,-1063;336,10263,5685;394,-109,4505;395,2433,-2811;396,903,-24;399,1900,1193
rua|cabo|agnelo ferreira soares|parque mundo novo|14408092|2260,-2050727,-4743870;2265,-37,5;2270,9,-21;2275,0,4;2276,6,2;2280,-5,-10;2285,-4,-4;2286,5,-1;2290,-1,-6;2300,3,-8;2305,-2,0;2306,3,-9;2309,0,-2;2310,-4,-3;2313,-1,-2;2325,3,-8;2335,2,-22;2340,-1,-3;2345,-9,-5;2350,8,2;2355,-1,5;2360,-2,-16;2365,-2,1;2370,1,-6;2375,-3,-1;2376,-2,-8;2379,-2,2;2380,3,-6;2385,-2,7;2390,3,-13;2395,-5,1;2396,6,-5;2400,1,-4;2405,-10,-13;2410,6,5;2415,-5,-9
rua|cabo|agnelo ferreira soares|villagio mundo novo|14408092|1760,-2050731,-4743386;1766,6,-3;1770,-8,-5;1776,-9,-7;1780,2,-2;1786,4,-7;1790,0,-5;1796,-4,-2;1800,-4,-2;1806,14,-7;1810,-6,-16;1820,-2,2;1826,-2,-4;1830,2,-12;1836,-6,-1;1850,0,-21;1870,7,-15;1874,1,-2;1880,2,-13;1890,-3,-9;1896,-5,4;1900,3,-8;1906,0,-7;1910,0,-3;1916,0,-2;1918,3,-6;1920,-7,7;1930,4,-18;1936,0,-1;1940,-3,-9;1950,-1,-8;1960,3,-15;1970,-3,-8;1976,6,7;1980,-9,-11;1986,-2,-9;1990,-9,-3;1996,15,-5;2000,-2,-8;2006,0,-1;2010,-6,-6;2016,3,1;2080,9,-80;2085,-10,8;2090,5,-11;2095,-3,1;2096,5,-4;2100,-4,-6;2104,3,-3;2110,-6,-4;2115,-5,-99;2120,8,93;2125,-7,-14;2130,5,-1;2140,6,-15;2145,-3,2;2155,-5,-6;2160,4,-11;2165,-1,-1;2170,-1,-13;2175,-4,3;2180,3,-14;2185,-7,0;2195,0,-8;2205,-5,-7;2210,17,-12;2215,-6,2;2220,8,-9;2225,-14,-5;2230,6,-7
rua|cabo|jose aparecido da silva|residencial atlanta park|14404000|1240,-2059331,-4738094;1252,-7,-4;1264,-10,-13;1278,-22,-13;1290,-12,-6;1302,-3,-4
rua|comandante|salgado|centro|14400400|918,-2053910,-4740752;939,6,8;942,-6,0;948,-2,9;959,-4,5;960,7,7;969,-9,9;979,0,2;995,3,33;996,-10,-9;1005,8,20;1006,-5,-1;1016,-1,3;1017,2,3;1027,3,8;1028,0,3;1038,-15,7;1068,-6,27;1077,10,8;1078,-10,1;1083,9,14;1132,-16,37;1133,2,6;1140,-8,3;1143,4,0;1152,-6,11;1155,9,5;1162,-2,6;1173,1,16;1174,-8,-10;1180,-4,19;1216,-4,26;1217,-1,-5;1225,-7,11;1239,5,15;1242,2,5;1251,0,2;1253,-7,-2;1254,-1,8;1263,5,9;1266,-3,-3;1274,-6,20;1277,4,-6;1282,-5,7;1289,6,7;1300,-8,4;1302,-6,6;1312,-3,1;1313,-2,14;1350,4,20;1354,-4,13;1365,1,18;1372,-8,-8;1377,8,10;1386,-11,8;1391,8,6;1394,-6,4;1399,-1,2;1407,1,12;1410,-4,-5;1419,4,12;1452,-10,32;1455,1,1;1465,-4,14;1475,1,14;1487,-7,4;1491,3,4;1625,-23,122;1645,0,28;1655,-7,22;1667,-12,-18;1675,-3,3;1705,3,44;1716,-1,0;1726,1,19;1731,-8,12;1738,5,-7;1741,-4,12;1790,-74,64;1791,61,-13;1798,-6,-7;1810,-2,12;1824,-2,21;1828,-7,-3;1831,5,3;1888,-6,46;1900,0,15;1908,-6,5;1914,3,1;1928,-5,16;1940,-2,14;1979,-8,46;1981,-1,3;1982,-2,-8;1993,2,10;1998,-2,5;2003,-6,12;2006,9,-1;2016,-6,13
rua|comandante|salgado|jardim higienopolis|14405099|460,-2053870,-4740930;481,-2,-16;714,-2,8;774,-14,49;789,-3,19;860,-2,12;861,8,7;870,-11,5;875,0,17;880,6,5
rua|comandante|salgado|jardim regina helena|14405099|470,-2053864,-4740980
rua|comandante|salgado|vila flores|14400400|1867,-2054089,-4739869;1887,5,4;1895,-11,23;1907,-6,6;1917,3,7;1931,-4,9
rua|coronel|tiburcio jose da silva|vila nossa senhora de fatima|14405350|1160,-2053098,-4741931;1163,13,-5;1165,7,11;1171,-20,-11;1181,6,0;1182,-4,6;1189,20,-3;1192,-14,4;1194,4,4;1198,7,0;1199,12,0;1206,-5,-3;1209,8,-1;1210,5,6;1217,3,-8;1219,7,4;1220,-17,1;1231,19,-2;1262,29,14;1271,6,-3;1272,5,6;1281,0,-4;1282,6,3;1291,4,7;1328,27,5;1333,9,-8;1336,2,10;1347,13,-5;1352,-2,5;1357,7,-4;1359,1,-7;1360,-2,13;1367,10,-6;1374,2,12;1377,15,-7;1380,-9,7;1390,18,4;1392,4,0;1393,-6,-12;1400,7,8
rua|doutor|anibal moyses simao|jardim luiza|14407601|1645,-2049428,-4742539;1651,5,2;1660,-6,0;1661,10,7;1670,3,12;1671,2,-7;1680,1,12;1690,11,2;1691,2,2;1692,-4,-6;1700,5,15;1701,6,-5;1703,3,3;1710,-1,4;1711,4,5;1720,7,0;1721,0,5;1730,3,2;1731,3,5;1734,2,-4;1740,6,3;1741,0,10;1750,1,2;1751,5,2;1760,5,1;1770,8,12;1771,-2,-1;1780,5,4;1781,-1,3;1790,10,4;1791,-3,1;1800,9,-2;1810,5,21
rua|doutor|carlos signorelli|vila industrial|14403367|1065,-2054742,-4739757;2173,4,-129;2389,14,99;2400,33,-35;2410,-56,56;2428,5,-7;2430,8,-10;2450,23,-25;2457,-80,84;2460,101,-94;2469,-107,94;2470,-7,0;2471,9,11;2481,-3,-6;2490,-13,3;2492,0,8;2494,-1,-1;2496,-7,1;2498,81,238;2510,-92,-238;2520,65,209;2527,-76,-193;2530,1,-3;2535,-3,5;2540,-19,5;2545,3,4;2548,-2,-6;2551,2,6;2564,-4,-7;2576,-15,11;2593,-15,20;2602,-9,0;2603,-4,-1;2612,3,-2;2613,-1,19;2620,-8,-11
rua|doutor|willian salomao|jardim piratininga|14401806|1535,-2053627,-4737484;1545,-2,6;1555,44,-16;1569,-46,57;1595,19,24;1615,-183,-335;1685,175,421;1695,5,15;1725,9,50;1735,6,8;1745,-6,18;1755,10,-3
rua|escrivao|marcos sodre|jardim conceicao leite|14405363|368,-2052874,-4741437;396,2,-9;402,-2,-11;410,2,-6;414,-5,-3;424,5,-8;436,-5,-4;444,-3,-10;448,6,-11;454,-7,-2;458,6,-3;464,1,-9;500,0,-31;510,0,-17;530,0,-12;538,7,4;540,-9,-18;550,6,-10;558,-2,-14;560,-3,7;568,5,-11;578,-1,-12;621,-13,-39;625,6,0;628,6,2;630,-5,-11;635,-4,-2;636,8,3;640,0,-3;647,-4,-18;654,5,6;657,-11,-11;663,4,-5;664,9,-2;672,6,-9;675,-16,7;677,4,-3;679,3,2;681,0,-4;685,-11,-10;686,15,2;689,-8,-15;690,4,4;695,-5,-3;700,7,0;702,-1,-13;703,-1,6;704,3,-7;713,-4,-12;720,5,6;746,0,-30;752,1,-4;758,-1,-8;761,-13,-1;764,11,-6;771,-6,1;776,11,-9;783,-21,-7;786,19,-4;796,0,-6;808,12,-6;811,-26,-15;820,13,-9;821,-10,2;822,11,4;828,2,-17;833,-14,-1;841,-4,-10;842,18,1;843,-18,-1;853,-1,-1;854,17,-1;855,-13,-9;856,14,-4;858,-6,0;863,-1,1;865,-4,-1;866,6,-2;873,-6,-9;876,6,-7;883,-9,7;888,11,-15;893,-11,2;923,10,-33;924,2,-7;926,15,-27;934,-13,21;935,3,3;945,-3,-17;990,15,-39;993,-1,2;994,3,0;995,-4,-6;999,6,-5;1001,-13,-1;1002,13,-1;1003,-27,7;1009,10,-10;1011,7,-1;1012,17,3;1014,0,-6;1019,-1,-10;1020,-3,8
rua|escrivao|marcos sodre|vila nova|14405363|399,-2052884,-4741455;409,5,-11;425,-10,-9;435,8,-11;439,6,-5;445,6,-1;449,1,-4;459,-16,-7;521,9,-69;529,-10,-3;531,10,-5;543,-9,1;555,2,-21;565,2,-8;575,-3,-8;577,4,-7;585,1,-13
rua|pastor|florencio de souza|jardim joao liporoni|14408122|1230,-2051609,-4743328;1260,304,42;1325,183,72;1345,448,147;1350,-36,-9;1370,-150,-22;1715,84,20;1995,-342,-136;2075,-138,-54
rua|professora|luciana marques da silva|esplanada primo meneghetti|14412005|3881,-2055127,-4736814;3890,-9,6;3891,11,3;3900,-11,7;3901,9,10;3910,5,-1;3911,-2,7;3920,-2,3;3921,8,5;3941,8,18
rua|professora|suzana ribeiro sandoval|vila champagnat|14400190|378,-2055053,-4740464;388,15,18;399,32,2;410,-12,10;411,8,-2;420,6,14;460,32,30;495,11,-13;497,-13,3;499,30,14;537,13,16;547,12,9
rua|professor|otavio martins souza|vila nicacio|14405112|2205,-2053282,-4740771;2206,2,9;2209,5,-7;2216,8,-1;2219,-1,3;2226,4,-4;2230,6,8;2231,-5,-4;2241,20,35;2250,15,-30;2259,-5,10;2268,9,-9;2269,6,8;2279,2,1;2280,-5,-6;2290,9,8;2291,4,-4;2300,12,9;2301,-9,-4;2310,11,0;2311,-3,2
rua|santo|stefani|jardim centenario|14403557|2800,-2053967,-4736308;2920,51,-25;2940,-11,7
rua|sao|sebastiao|jardim conceicao leite|14405359|492,-2052985,-4741570;502,7,-9;510,5,-4;520,-6,-14;530,-2,-2;534,3,-11;540,4,0;542,0,-4;546,2,-3;552,0,-12;564,-8,-1;574,4,-17;586,-9,-9;588,3,5;596,2,-10
rua|sao|sebastiao|vila nossa senhora de fatima|14405359|620,-2052980,-4741686;630,-2,-11;634,0,-9;638,4,-4;639,-4,-2;641,-2,-7;648,-5,2;651,5,-4;660,-1,-7;665,2,-9;670,-2,-5;671,-7,5;680,5,-15;683,0,-9;689,1,-6;690,-2,7;698,7,-7;716,1,-21;717,-8,6;757,6,-40;760,-4,-1;762,-12,-11;765,24,-8;770,-11,4;774,7,2;777,-10,-15;779,0,0;786,7,-1;795,-6,-4;811,-1,-25;818,6,3;823,-4,0;831,0,-17;838,-7,11;841,12,-22;846,-14,14;860,17,-23;868,-8,-13;869,-7,1;876,9,-11;879,-4,-11;886,-2,4;894,4,-8;899,-4,-8;913,-2,-11;1371,2,274
rua|sao|sebastiao|vila nova|14405359|313,-2052968,-4741393;315,-8,-6;317,14,-2;321,-4,2;322,-10,-5;324,0,-5;325,3,2;334,-8,-11;364,8,-27;367,-3,-16;374,2,8;378,-2,-5;384,1,-7;391,-3,-10;392,-2,2;399,1,-2;401,1,-8;402,0,3;410,-2,-5;413,-2,-1;415,4,-11;416,-3,2;428,2,-13;431,-2,5;435,1,-6;438,2,-4;443,-4,-2;444,2,-19;448,8,10;456,-5,-7;457,-5,-9
rua|tenente|oswaldo noll schmidt|jardim natal|14407000|1020,-2050164,-4742703;1040,-20,-4;1050,-7,-3;1070,-21,-7;1100,-22,-1;1105,0,4;1110,-13,-10;1120,-6,-4;1130,-11,-2;1140,-7,1;1155,-8,0;1160,-16,-5;1165,4,9;1180,-15,-11;1190,-10,0;1195,0,6;1200,-7,-10;1230,-31,-10;1235,-5,9;1240,-3,-11;1255,-12,2;1275,-16,-6;1285,-10,3;1295,-13,-1;1305,-9,-9;1315,-8,-4;1325,-4,4;1330,-8,-9;1340,-9,1;1346,-6,6;1395,-39,-15;1400,-9,-7;1410,-9,0;1415,-3,4;1425,-8,1;1430,-7,-12;1435,-4,6;1440,-5,-7;1445,-2,4;1450,-4,-7;1455,-6,-2
rua|vereador|jeronimo rosa souza|aeroporto iii|14404211|2015,-2059223,-4737210;2017,13,-8;2019,-8,4;2020,-9,0;2021,10,5;2025,-12,-12;2029,-1,-3;2030,-8,1;2035,5,1;2040,-6,-7;2045,4,-7;2050,-10,1;2055,-3,3;2060,1,-6;2065,-7,-4;2070,0,-2;2075,-3,0;2080,-5,-6;2085,-2,6;2090,-6,-12;2095,-2,6;2100,0,-7;2105,-6,-2;2110,-3,-2;2115,-3,0;2120,-7,-4;2125,-4,-5;2130,7,-1;2135,-11,5;2140,5,-10;2145,-13,1;2150,6,-4;2155,-4,7;2160,-3,-13;2165,-7,4;2170,1,-8;2175,-5,0;2180,-1,-6;2185,-1,7;2190,-5,-8
rua||abrahao sad|pq vicente leporace 1|14407332|500,-2049856,-4741089;510,9,-4;518,9,-2;520,3,-5;530,2,-3;540,13,0;545,-18,3;550,24,-7;560,3,-3;565,-8,1;567,3,-6;570,5,-5;575,-2,-1;580,7,-3;585,-4,-4;587,2,-6;590,5,3;595,0,-15;600,5,8;605,-5,-10;610,13,13;612,-8,-8;650,22,-48;655,0,-6;660,-2,-1;662,3,-6;665,3,1;670,6,-1;675,-1,-11;685,5,-3;695,7,-7;700,-12,15;705,6,-22;710,-3,12;720,8,-28;730,-1,-1;734,3,-5;735,-10,-9;737,2,-5;740,4,2;760,-5,-11;770,-3,-7;780,4,-9;790,-4,-2;794,-2,-2
rua||abrahao salomao|vila marta|14403168|1469,-2056383,-4740012;1479,-18,2;1480,10,-7;1489,-19,0;1490,5,1;1496,-10,0;1497,-1,2;1499,-2,1;1500,10,-2;1509,-15,0;1510,2,-7;1515,-6,8;1519,-17,-10;1520,16,3;1529,-22,8;1530,6,-9;1539,-18,7;1540,16,-9;1549,-25,8;1550,13,-8;1551,-10,7;1559,-7,1;1560,6,-12;1569,-19,13;1570,14,-14;1580,-11,5;1590,-18,-5
rua||achemenides marques da silva|distrito industrial|14406122|91,-2054394,-4745849;111,-24,-14;121,-7,-5;131,-18,-5;161,-36,-24;167,-16,-9;191,-19,-6
rua||acir alves da silva|recanto elimar ii|14403282|1821,-2057142,-4738052;1831,-1,5
rua||acir alves da silva|recanto elimar|14403282|130,-2057181,-4737780;131,-31,200;1741,88,-564;1751,-12,14;1761,-4,6;1762,3,2;1770,5,11;1771,-2,-4;1772,-2,-1;1781,1,12;1782,-1,-3;1792,-7,7;1832,-5,48;1842,-3,10;1852,-1,11;1856,1,-5;1862,-3,17;1871,9,11;1872,-5,-2;1876,-5,-5;1882,2,9;1888,-5,5;1933,-4,53;1942,-3,11;1943,7,5;1946,-2,-7;1952,-9,14;1962,-2,1;1972,2,22;1982,3,4;1992,-6,15;2001,8,-8;2011,-28,105;2012,3,-10;2021,5,22;2022,-1,-75;2032,7,17;2042,-6,2;2050,-8,54;2052,15,-22;2054,-10,0;2056,13,-24;2062,-13,25;2071,5,-32;2073,8,5;2102,-18,50;2112,4,-2;2121,0,52;2125,-3,10;2129,0,-8;2140,-21,113;2150,21,-128;2160,-9,13;2180,-4,7;2200,7,7;2250,-1,74;2261,-2,-49;2270,-19,65;2271,23,-60;2300,-23,62;2310,0,32;2311,14,-48;2312,-12,29;2320,2,-10;2321,3,-14;2341,-5,56;2343,-3,5;2345,-7,-1;2361,12,35;2370,-15,4;2371,0,6;2380,-7,24;2381,10,-4;2391,1,6;2395,-3,14;2401,0,10;2411,-7,7;2413,-2,-7;2421,-2,7;2430,-2,24;2431,6,-6;2440,-7,6;2441,8,1;2451,-3,12;2460,-5,9;2461,-1,-2;2471,4,12;2481,-5,8;2491,-7,9;2501,-5,8;2514,5,-9;2520,-3,38;2530,3,-13
rua||adelino antonio dos santos|villagio di firenze|14404634|100,-2057040,-4740688;120,15,-12;130,3,-7;131,0,-11;140,13,-1;141,2,-13;151,6,-10;180,63,-45;181,-8,-11;200,28,-9;211,0,-12;220,7,-8;231,9,-14;250,21,-8;251,-5,-14;260,13,5
rua||adelino simoes|distrito industrial abdalla hajel|14406227|120,-2054350,-4746311;160,8,5;251,46,-19;280,101,-24;300,-22,9
rua||adelino simoes|distrito industrial onofre jacometti|14406227|365,-2054115,-4746372;385,15,-2;391,11,-7;575,186,-42;595,16,-6;615,24,-4
rua||adib augusto salomao|santo agostinho|14401336|1885,-2053542,-4738218;1895,-9,-1;1905,-19,0;1915,-12,0;1925,-12,6;1935,-13,-7;1955,-17,4
rua||adib augusto salomao|sao jose|14401336|1720,-2053361,-4738249;1730,-7,2;1740,-2,2;1750,-16,4;1760,-16,-4;1770,-6,1;1780,-18,3;1800,-15,-1;1825,-10,3;1930,-177,24;1940,2,-1;1950,-1,1
rua||agenor santiago|jardim luiza ii|14407623|2860,-2048823,-4742994;2865,11,-7;2870,3,6;2875,6,-9;2882,-2,8;2885,6,-1;2888,7,-2;2890,6,6;2895,-4,-5;2900,6,3;2905,6,-4;2908,5,11;2910,5,-1;2915,1,-8;2920,4,11;2925,3,-7;2927,-6,-5;2930,12,-7;2932,0,11;2935,3,6;2937,-1,-22;2940,5,19;2942,7,2;2945,-2,-13;2950,4,13;2952,2,4;2955,-1,-10;2960,9,8;2964,2,0;2965,5,-9;2970,7,-8;2971,-3,6;2973,2,3;2976,8,4;2980,0,-2;2981,-6,-5;2985,14,3;2990,-4,-6;2992,5,12;2995,1,-5;3000,6,2;3005,3,-1;3010,9,-1;3012,-4,7;3015,0,-8;3020,9,1;3022,1,1;3025,-2,3;3027,-2,-1;3029,11,-3;3030,1,2;3035,5,-1;3040,7,2;3045,5,-2;3050,4,5;3055,2,-8;3060,4,7;3062,9,7;3065,-5,-10;3070,12,7;3075,2,-9;3085,4,0;3129,48,8;3139,11,-6;3141,-2,2;3149,7,1;3159,10,1;3169,11,-2;3179,6,-1;3189,12,1;3199,13,-3;3209,2,5;3217,12,-2;3219,-3,0;3229,10,0;3237,15,3;3239,-8,-3;3242,101,17;3249,-100,-17;3257,19,2;3259,22,1;3269,-10,3;3287,15,1;3289,18,-1;3299,-5,2;3312,10,1;3314,4,5;3319,1,-5;3324,7,4;3329,-1,-4;3334,8,5;3339,3,-6;3347,9,-2;3349,6,2;3354,4,6;3359,2,-6;3362,5,9;3369,0,-8;3372,5,8;3379,6,-8;3384,10,5;3386,-1,-4;3389,-2,-1;3394,8,5;3399,-1,-5;3401,2,-3
rua||agua santa|vila nossa senhora de fatima|14405357|860,-2052931,-4741920;868,-5,-10;893,-3,-7;906,22,-40;920,-3,-15;923,-3,8;930,12,-5;932,0,-12;937,-8,1;940,8,0;947,-1,-4;950,2,-4;970,7,-27;980,5,-4;993,-7,-9;996,3,3;998,-6,-11;999,4,13;1006,6,-11;1016,9,-19;1054,0,-35;1066,5,-6;1075,-5,20;1076,3,-19;1078,4,0;1086,2,-6;1135,1,-65
rua||agua santa|vila nova|14405357|255,-2053074,-4741362;285,32,-38;301,-17,-4;309,-3,-12;311,9,-8;315,0,4;325,-1,-12;386,18,-50;393,-3,-7;400,1,-6;405,0,-9;408,5,-7;416,3,-3;417,-6,-2;419,1,-6;426,8,-2;437,-2,-7;438,6,3;447,-3,-11;450,6,2;460,-14,-27;464,14,14
rua||agua santa|vila sao sebastiao|14406668|301,-2052834,-4742321;320,3,-5;330,-3,-2;331,0,-16;332,0,12;334,4,-6;336,2,-5;340,4,-15;350,1,5;360,0,-7;370,6,-9;380,-1,-9;391,-5,-4;394,12,-6;401,-14,-1;407,4,-10;409,5,4;410,3,0;418,2,-1;421,-2,2;428,7,-11;447,-12,-31;451,7,-4;456,13,-4;459,-14,2;461,-4,-4;464,21,-1;466,-1,-5;471,-10,-7;476,8,2;480,7,-5;481,-19,-17;483,-3,-1;485,5,12;492,11,-2;493,-7,-5;495,0,-5;497,5,-4;502,10,4;505,-7,-13;515,-4,-2;523,4,-19;541,5,-17;551,12,-9;561,-3,-14;564,9,14;572,2,-14;573,-10,-7;574,4,9;576,7,-8;580,-2,-8;582,3,-1;584,-3,1;586,3,2;594,0,-7;606,3,-7;613,-11,-13;616,13,4;623,-9,-15;626,13,2;630,-3,1;638,5,-6;641,-11,-9;643,8,-5;655,1,-7;683,2,-34;693,0,-3;704,10,-5;718,4,-8;726,-1,-12;749,-21,-27;750,30,12;751,-4,-19;756,9,4;759,-11,4;761,4,-15;766,7,-6
rua||ajax silva|jardim paraty|14403799|4641,-2055678,-4736455;5816,27,-4
rua||alandim da silva|residencial irineu zanetti|14412442|3110,-2056667,-4734802;3115,-1,-6;3116,6,11;3120,8,-7;3125,-6,1;3129,8,-2;3130,2,-3;3135,2,1;3139,0,-3;3140,13,17;3145,-5,-21;3155,4,0;3156,8,15;3159,-4,-5;3160,14,6;3165,-3,-14;3166,9,6;3169,-7,-8;3170,7,12;3175,-2,-3;3176,11,6;3179,-7,-12;3195,14,10;3196,14,10;3199,-10,-16;3205,2,3;3209,9,1;3210,2,0;3215,2,-5;3220,9,6;3225,-3,-10;3226,4,3;3229,3,2;3230,6,1;3235,-2,-2;3236,4,11;3239,4,7;3240,5,-9;3245,-1,13;3246,2,-16;3249,5,6;3250,4,-7;3255,-22,21;3259,1,-40;3260,23,23;3265,-4,-11;3270,16,-3;3275,-2,-1;3279,0,4;3280,10,14;3295,6,-16;3299,7,12;3300,3,9;3309,3,-17;3310,14,8;3320,-1,1;3325,9,-3;3379,67,11;3380,12,-12;3385,-6,-12;3386,13,11;3389,3,0;3390,2,-5;3395,-5,0;3396,7,4;3400,5,-1;3405,-5,5;3409,7,-3;3410,9,1;3415,-7,2;3416,10,-4;3419,-1,-3;3425,3,2;3426,9,5;3430,2,0;3435,1,-7;3436,10,2;3440,1,3;3445,-3,-2;3446,8,0;3449,-4,2;3450,8,-6;3455,-4,6;3456,9,-5;3459,-4,6;3460,6,-4;3465,1,7;3469,2,-3;3470,7,-2;3485,12,3;3486,4,-1;3490,3,-3;3495,-1,3;3496,6,0;3499,0,1;3500,6,4;3505,-6,-7;3506,11,5;3509,-10,-3;3510,8,-1
rua||albert sabin|city petropolis|14409620|1400,-2046917,-4739671;1401,4,-13;1410,2,17;1411,10,-3;1413,-9,1;1419,10,8;1420,-8,1;1421,11,2;1429,6,3;1430,-9,6;1431,10,-3;1440,-6,12;1441,9,-3;1442,-8,3;1450,7,8;1451,13,-6;1452,-16,2;1460,6,17;1461,4,-4;1470,-2,7;1471,3,2;1480,4,1;1481,2,2;1489,7,7;1490,-5,3;1491,4,3;1499,5,2;1500,-5,4;1505,6,0;1510,-1,19;1511,8,-13
rua||alberto mariano salermo|esplanada primo meneghetti|14412011|3960,-2054912,-4736472;3970,-6,-2;3980,-5,-1;3981,-4,4;3991,-11,-4;4000,-3,-4;4001,-5,-2;4011,-6,10;4020,-5,-6;4030,-8,-8;4040,-10,7;4061,-19,-4;4070,-6,2;4071,-2,4;4080,-9,-2;4081,1,2;4090,-6,-4;4100,-11,-4;4101,2,6;4110,-2,-6;4111,-6,1;4120,-8,4;4121,1,-7;4131,-9,9;4210,-44,-2;4220,-15,-7;4221,5,16;4230,-7,-9;4260,-28,2;4261,9,7;4270,-19,-10;4280,-6,5;4281,5,11;4290,-9,-1;4291,0,4;4300,-7,-5;4310,-11,-4;4320,-6,0;4350,-25,4;4360,-8,1;4370,-7,-3;4371,-2,6;4380,-7,-1;4381,2,9;4391,-8,0;4401,-7,-1
rua||alberto mariano salermo|jardim botanico|14412011|4250,-2055302,-4736455;4450,-2,-13;4460,-3,8;4461,-6,6;4501,-32,8;4521,-18,2;4530,-13,-9
rua||alberto schirato|jardim lima|14403105|138,-2055186,-4740142;148,-18,-2;178,-23,6;188,-11,-1;195,-9,5;198,6,4;205,-43,9;208,13,-4;238,0,-8;260,-20,9;300,-56,12;311,-8,4;321,-11,2;330,-7,-5;331,-1,11;340,-6,-8;341,-3,7;350,-6,-6;360,-13,7;361,8,-3;369,-10,7;370,-1,-8;371,-7,6;380,-5,-2;381,3,-2;390,-13,9;391,-1,-1;400,-14,1;401,9,6;410,-14,-4;411,7,0;420,-21,5;2170,285,-66
rua||alberto schirato|parque progresso|14403105|502,-2055514,-4740067;514,-15,-4;519,-3,2;528,-13,2;529,5,0;530,7,-3;539,-10,9;546,-16,-2;549,7,1;556,-28,2;559,18,-6;560,-8,-3;561,-2,15;563,2,-9;565,-12,-6;570,-14,9;575,7,0;580,-21,9;585,11,-11;595,-8,5;605,-14,5;656,-20,2;665,-18,9;672,-5,-3;685,-16,4;686,4,-1;689,-6,3;691,9,-1;699,-13,0;702,-10,-1;709,2,4;715,-15,1;718,4,-1;719,-8,-1;728,4,6;729,-1,0;734,-4,1;739,-10,0;742,-3,2;744,4,-3;749,-13,4;751,6,0;755,-2,-3;759,-10,5;760,5,-3;769,-13,-2;779,-9,13;780,-1,-1;792,-30,-7;847,-19,11;849,-6,-1;856,-8,5;858,-5,1;868,-13,5;869,8,1;878,-72,11;879,59,-15;880,0,15;888,-15,-9;889,0,3;898,-6,5;899,6,-2;908,-23,1;909,11,-6;919,-12,5;928,-5,1;939,-6,3;948,-12,-1;949,-3,6;958,1,1;959,-6,-2;967,-16,1;968,8,3;969,-4,-3;977,-3,2;978,-6,3;979,0,1;980,-4,1;987,2,0;988,-14,1;989,4,3;990,-9,3;991,17,-5;998,-15,1;999,3,-6;1006,-10,10;1008,-1,-3;1041,-22,9;1050,-8,-3;1051,0,7;1060,-10,1;1061,-3,-8;1070,0,8;1071,-8,1;1080,-3,-4;1081,0,7;1090,-11,-4;1091,-2,-2;1100,-11,5;1101,-5,8;1110,-1,-9;1111,-2,5;1118,-6,-4;1120,-11,5;1121,10,-9;1130,-17,13;1131,11,-4;1137,-11,1;1139,-1,5;1141,5,-2;1150,-11,1;1151,-11,6;1160,-4,0;1161,2,2;1166,-3,-6;1170,-9,2;1171,-1,6;1180,-6,-7;1181,1,3;1184,7,-8;1190,-16,9;1191,0,-2;1210,-8,3;1250,-52,12;1251,2,0;1257,-11,8;1259,0,-2;1260,2,-9;1261,-6,8;1263,4,3;1264,-2,-8;1270,-2,3;1281,-11,7;1291,-16,2;1292,21,-6;1294,-6,-4;1300,-5,10;1301,-12,1;1311,-4,3;1320,-19,-3;1321,5,4;1330,-4,-6;1331,-9,8;1340,-1,-3;1341,-6,-3;1350,-5,1;1351,-5,2;1361,-7,4;1371,69,-14;1381,-93,6
rua||alcina da cunha souza|parque do horto|14409318|6110,-2049142,-4740590;6120,0,1;6130,5,5;6140,0,6;6150,4,12;6160,2,1;6170,2,2;6180,-9,28;6241,24,-21;6251,10,1;6260,13,16;6270,2,2;6280,3,3;6290,4,-3;6300,31,18;6310,-17,-7
rua||alcina de lima silveira|chacara sao paulo|14406706|2213,-2052542,-4744235;2215,-9,9;2217,-10,10;2223,417,105;2225,-415,-112;2235,5,-4;2237,410,106;2245,-410,-115;2255,405,103;2257,-3,-3;2265,-6,-8;2275,10,-10;2279,1,-2;2285,-401,-54;2287,3,-12;2295,397,54;2299,-3,-8;2305,-397,-38;2307,394,24;2315,-1,-3;2325,0,2;2341,0,5;2343,-395,-42;2345,0,0;2355,369,-13;2385,3,-21;2389,3,-3;2395,-8,-16;2405,-1,-1;2409,0,-2;2415,-7,-5;2435,-3,-23;2445,0,0;2449,-1,2;2455,-4,-17;2459,-1,-5;2465,0,-3;2469,-2,-1;2475,-6,-4;2479,6,-7;2485,-7,-1;2487,1,0;2489,-4,-2;2491,2,3;2495,-1,-10;2499,0,-8;2515,-6,-16;2517,2,0;2519,-7,-5;2525,3,-2;2535,0,-10;2539,2,-9;2545,-11,2;2549,3,-5;2555,2,-4;2559,-4,0;2565,-8,-8;2569,3,-8;2575,-1,-3;2579,-7,-2;2585,5,-3;2595,-10,-14;2599,2,3;2605,-1,-7;2609,0,4;2615,-10,-16;2619,7,-5;2625,-12,-5;2635,8,-5;2639,-10,-5;2645,9,-5;2649,-3,-1
rua||alcina de lima silveira|jardim palmeiras|14406706|1790,-2052044,-4743658;1796,-3,-23;1800,-1,-8;1806,2,9;1810,-4,-13;1830,-5,-21;1840,1,-4;1844,-1,-4;1850,-7,-1;1852,6,-9;1860,-5,-12;1870,-2,20;1872,3,-29;1880,-1,-1;1886,-7,-26;1890,2,4;1910,-9,-17;1912,2,3;1916,5,5;1920,-3,-11;1922,1,-1;1930,-10,-4;1934,9,-9;1940,-3,-8;1955,-17,-35;1965,1,-11;1972,5,3;1975,-10,-9;1980,11,7;1985,-8,-14;1987,-2,-2;1988,10,13;1990,-2,-6;1995,-9,-16;1998,7,0;2000,4,8;2005,-15,-26;2007,-3,5;2008,17,11;2010,-2,0;2015,-11,-8;2018,7,6;2019,-13,-14;2020,13,7;2022,-2,-6;2025,10,-4;2027,0,-5;2030,-11,2;2035,11,-8;2040,-10,4;2043,-3,-20;2045,2,4;2050,-3,4;2057,1,-14;2060,-3,8;2075,-15,-47;2085,-1,-6;2090,10,2;2095,-10,-5;2100,7,1;2107,-1,-8;2110,-1,0;2112,1,-6;2113,-3,-11;2115,-5,6;2120,4,-7;2125,-7,-4;2128,9,17;2130,0,-14;2135,-10,1;2136,10,-7;2139,-11,15;2140,6,-22;2145,-14,-7;2146,15,7;2150,-2,-9;2155,-12,-10;2160,9,1;2165,-10,-6;2169,0,0;2170,11,2;2175,2,-1;2185,-9,-18;2210,-6,-40;2220,0,-7;2230,-3,-2;2232,0,-9;2234,-3,-3;2240,4,-1;2250,-2,-9;2252,-2,-4;2260,-7,-13;2270,-1,-7;2280,1,-3;2290,-4,-13;2298,-3,-6;2308,3,-2;2310,0,-7;2318,-7,-22;2320,5,8
rua||alcina de lima silveira|residencial julio delia|14406761|1750,-2052171,-4744273;1751,-60,-171;1752,58,173;1755,-75,-222
rua||alcino teixeira silva|jardim tropical ii|14407000|309,-2051613,-4742232;310,-3,6;320,10,-1;321,3,-8;330,9,9;331,-2,-11;333,1,-1;341,14,-4;344,-4,9;351,10,-8;353,3,-1;360,4,6;361,-1,-3;370,7,3;371,-6,-6;375,5,2;380,7,3;381,-1,-5;385,3,-1;390,12,10;395,-8,-9;400,16,2;401,-4,-7;403,2,-2;411,10,3;417,-2,0;420,10,7;421,-5,-8;430,9,4;431,2,-1;440,16,2;441,-8,-10;450,16,6;451,0,-7
rua||alcino teixeira silva|jardim tropical ii|14407218|1152,-2050749,-4741986;1200,-81,-345;1272,8,-2
rua||alcino teixeira silva|residencial meirelles|14407000|651,-2051308,-4742270;661,15,-2;670,8,2;671,-3,-2;680,8,8;681,5,-16;682,-1,11;690,10,-2;691,-5,-11;693,5,2;697,5,0;700,-3,3;701,6,-1;702,-3,3;710,14,-3;711,0,-1;720,1,1;721,0,-4;731,10,-7;740,9,6;741,4,-4;742,-17,5;750,22,-4;755,14,-4;757,-1,0;759,-2,-7;760,-1,8;761,4,-1;780,12,7;781,1,-9;790,13,4;791,-1,-6;800,8,11
rua||alcino teixeira silva|residencial meirelles|14407218|811,-2051144,-4742302;821,9,1;831,13,0;841,10,3;851,2,-5;861,10,-3;871,12,-2;881,7,2;891,10,-2;909,5,-5;911,6,1;921,9,0;931,10,-3;941,7,3;951,9,-2;961,7,-3;991,24,-3;1003,9,-3;1005,-1,-2;1011,9,1;1013,19,-3;1021,-13,-8;1031,14,9;1033,2,-2;1041,11,0;1051,-6,1;1061,17,-2;1071,15,-1;1081,7,-2;1091,8,-2;1101,6,-1;1111,7,1;1121,14,-4;1131,13,-1;1141,11,-1;1151,4,-6;1161,3,1;1181,23,-13
rua||alexandre spereta|residencial itapua|14406307|1609,-2054123,-4743071;1619,-12,-13;1629,-2,-9;1635,-10,-3;1639,-7,-3;1645,-6,-14;1649,-2,8;1655,-5,-15;1659,0,-7;1691,-41,-22;1701,-4,-11;1711,-2,-4;1713,-6,-9;1721,-6,3;1725,-3,4;1731,-9,-14;1741,-16,1
rua||alexandre spereta|santa helena|14406307|1489,-2054032,-4742987;1499,-21,-16;1519,422,60;1546,-457,-98;1556,-4,-2;1559,8,-3;1568,-8,1;1569,-2,-3;1570,10,-2;1580,-24,-16;1592,3,5;1596,-1,-8;1600,-6,-5;1610,-14,-12;1612,-5,-1;1614,8,6;1616,-1,-7;1620,-8,-10
rua||alexandre spereta|sao joaquim|14406307|1059,-2053685,-4742622;1069,-12,-9;1070,3,1;1071,2,4;1072,-2,-10;1079,-16,-5;1089,-3,-3;1090,4,-6;1099,23,33;1100,-30,-46;1119,-19,-11;1120,-4,-6;1129,-10,-3;1130,6,-4;1139,-7,-3;1140,2,-4;1149,-21,-9;1150,9,8;1179,-32,-31;1180,15,3;1190,-17,-17;1199,-6,9;1200,5,-16;1209,-8,8;1210,-1,-13;1240,-70,-69;1320,-21,-27;1340,21,27;1360,-58,-65;1370,-6,-2;1379,-10,-8;1380,5,-1;1389,-6,2;1429,-41,-38;1430,8,-9;1439,-9,7;1440,1,-10;1449,0,11;1450,-4,-20;1459,5,20;1460,-7,-28;1478,-34,-21;1480,3,0;1482,3,-2;1490,-14,-5;1500,-2,-10;1510,-7,-9;1520,4,16;1700,-169,-166
rua||alexandre spereta|vila santa helena|14406307|1640,-2054160,-4743121;1650,-11,-4
rua||alfeu stabelini|residencial polo clube|14403785|6491,-2056724,-4736081;6505,-3,8;6511,-6,1;6515,1,4;6521,-5,4;6525,-1,6;6531,-6,4;6541,-1,6;6551,0,9;6555,-8,5;6561,-5,4;6565,0,4;6571,4,6;6575,-10,1;6581,-3,1;6585,-1,7;6591,-7,6;6601,-4,5;6605,-2,4;6611,-3,10;6615,0,0;6621,1,5;6625,-1,5;6631,-13,-2;6635,-1,5;6641,2,6;6645,-4,6;6651,-2,7
rua||alfeu stabelini|residencial polo clube|14412314|6490,-2056729,-4736089;6496,-4,4;6510,-6,21;6530,-11,13;6536,-4,5;6540,-1,5;6560,-5,11;6570,-3,0;6580,-9,17;6586,4,-3;6600,-11,18;6608,0,0;6610,-9,7;6620,-1,-1;6626,0,11;6630,-2,3;6636,-4,9;6640,-2,3;6650,-8,14;6711,-30,59;6721,-12,1;6731,2,10;6735,-5,3;6741,-5,3;6745,1,11;6751,-1,-1;6761,-5,13;6771,-6,4;6781,-11,10;6785,-9,-1;6791,18,3;6801,-11,9;6807,-4,2;6811,-2,4;6815,-4,6;6821,-8,8;6831,-2,3;6833,2,5;6841,0,4;6851,-10,13;6861,-5,5
rua||alfeu stabelini|residencial polo clube|14412316|6710,-2056847,-4735896;6720,4,2;6726,-7,2;6730,-4,13;6736,2,1;6740,-7,-2;6742,1,6;6746,-3,3;6750,-5,7;6760,3,1;6770,-7,13;6776,-2,1;6780,-5,10;6786,2,6;6790,-11,-1;6800,0,7;6806,2,7;6810,-10,-5;6814,6,9;6820,-9,1;6830,0,10;6836,-4,1;6840,-5,7
rua||alfonso sanches simon|recanto elimar ii|14403306|140,-2057120,-4738076;146,-5,-1;150,10,2;160,11,1;180,15,6;190,13,1;200,7,1;206,9,0;210,6,-2;220,2,5;230,16,1;236,-2,3;240,2,-2;250,13,0;260,13,4;266,-2,-6;270,2,7;290,23,1;300,8,3;310,12,-4;340,35,15;350,0,-1;360,7,1;370,15,2;400,28,2;410,2,-2;420,25,12;426,-12,-7;440,21,7;450,5,5;456,6,-5;460,8,9;470,4,-9;510,33,14;520,13,0;530,6,-4;540,12,-2;550,9,8;641,76,13;645,5,-1;651,9,-1;661,7,9;665,0,-4;671,10,0;675,2,7;681,6,-4;685,4,2;687,4,-6;691,5,9;701,9,1;711,6,4;715,5,-4;731,16,9;741,3,-7;751,11,1
rua||alfonso sanches simon|recanto elimar|14403306|90,-2057168,-4738094;100,4,8;101,1,-5;151,51,13;181,42,6;191,4,-2;351,144,26;371,18,6;441,40,4;447,4,-1;481,37,8;491,7,5;501,1,-2;541,40,10;551,7,2;561,9,3;580,43,6;590,12,0;591,-10,-1;600,24,18;610,0,-11;611,-19,-13;620,27,12;630,9,6;640,13,-9;660,10,11;664,9,4;670,5,-2;680,7,6;690,6,-3;700,15,1;710,4,-11;716,-4,12;720,16,-1;726,9,2;730,4,7;740,17,-14;750,-2,11;1801,-371,-70
rua||almiro galvao silva|pq vicente leporace 1|14407317|375,-2049925,-4740994;385,1,-13;390,-9,18;395,14,-17;400,-13,15;405,11,-24;410,-2,9;415,6,-18;420,10,25;425,-8,-27;430,5,16;435,5,-31;440,-3,12;445,2,-14;450,1,12;456,0,-5;460,3,-7;470,7,-2
rua||almiro galvao silva|pq vicente leporace i|14407317|193,-2050015,-4740820;195,3,4;200,7,-5;205,-10,-3;210,12,-8;215,-5,-2;220,6,-3;225,-4,1;230,10,-6;235,-9,1;240,9,-9;245,-5,-10;250,12,2;255,-3,-11;260,8,1;265,-4,-4;270,7,2;275,-3,-10;285,4,-8;294,10,-11;295,2,2;300,2,-8;305,-6,-8;310,8,0;315,-10,-5;320,11,-3;322,4,0;325,-2,-3;330,4,-5;333,-5,-17;335,0,17;340,9,-8;345,6,-4;350,-4,-1;355,-5,-5;360,15,2;370,1,-13
rua||alonso rosa de souza|chacara sao paulo|14406605|1100,-2052472,-4744244;1103,1,2;1105,9,-3;1110,2,13;1120,-1,-2;1121,7,-7;1123,2,5;1130,3,3;1131,3,-5;1135,84,15;1137,-77,-16;1140,-1,8;1141,7,-3;1142,13,-6;1150,-16,10;1151,13,-11;1155,73,12;1160,-74,1;1162,3,-1;1170,4,3;1180,10,-1;1182,9,-4;1185,-4,4;1190,5,2;1197,15,-7;1201,2,2
rua||alvim marques da silva|residencial peres elias|14406805|310,-2053630,-4745599;311,-6,-3;320,-6,1;321,6,-2;330,-12,-5;331,4,5;340,-3,-7;341,-7,-3;350,-4,-4;351,2,-2;360,-8,1;361,3,-2;370,-8,-6;371,0,-1;380,-9,-6;381,-4,2;390,0,-10;391,-3,7;400,-1,-9;401,-3,2;410,-10,-12;411,4,6;420,-4,-12;421,-15,2;430,5,-7;431,1,4;440,-5,-7;441,-4,4;450,-5,-12;451,-1,5;460,-2,-8;461,-5,-5;470,-14,-6;471,11,5;480,-6,-5;481,-8,-1;490,0,-8;491,-3,6;510,17,83;511,-30,-96;520,-7,6;521,2,-16;530,-8,15;531,-8,-17;540,9,-8;541,-13,2;550,2,-3;551,-4,3;560,-3,-13;561,-5,4;570,0,-8;571,-3,-1;580,-9,-3;581,8,-1;590,-14,-6;591,0,-1;600,-2,-2;601,-4,0;610,-4,-4;611,0,1;620,-6,-8;621,-3,1;630,-6,-9;631,-5,4;640,0,-8;641,-2,0;650,-11,-6;651,7,8;661,-16,-13;663,-6,-7
rua||alvino firmino da silva|jardim tres colinas|14403874|4910,-2056242,-4736517
rua||ana lucia da silveira oliveira santos|jardim santa lucia|14403012|1030,-2056315,-4738692;1035,-11,-4;1040,13,4;1045,-4,-2;1065,17,-5;1070,17,13;1075,-9,-14;1085,15,8;1090,16,8;1095,-5,-11;1105,4,-10;1115,16,15;1130,17,7;1145,8,-11;1165,24,1;1170,2,6;1185,20,-1;1195,10,-4;1200,19,12;1205,-14,-16;1230,30,15;1245,10,-13
rua||anesio basilio santos|jardim palmeiras|14406707|1800,-2051980,-4743684;1803,-22,-15;1807,6,1;1810,5,-4;1815,-8,-3;1820,8,-8;1822,-4,-7;1825,-7,3;1830,5,-4;1835,-5,-5;1836,7,0;1840,5,-7;1845,-23,-6;1850,16,-3;1852,-1,-1;1855,-10,-4;1860,7,-5;1861,-1,-1;1863,-5,-5;1866,5,-2;1870,-2,-8;1873,-3,7;1875,-6,-9;1880,9,-1;1885,-6,-3;1889,3,-7;1905,-7,-13;1915,-1,-6;1923,3,-10;1925,-9,2;1935,-5,-13;1938,16,16;1940,-4,-22;1945,-13,-25;1975,1,-15;1976,4,-15;1980,-3,13;1981,-9,-11;1983,3,7;1990,2,-16;1992,-1,8;1995,-4,-5;2000,2,-6;2005,-8,-1;2007,6,3;2009,1,-8;2010,-2,-6;2015,8,3;2020,-7,-14;2025,1,-2;2030,-2,-10;2035,-7,3;2037,-1,-1;2040,5,-11;2045,-7,3;2050,-4,-5;2052,8,-16;2055,-9,8;2090,-9,-49;2095,3,5;2100,4,-12;2105,-6,-1;2110,4,-7;2113,-1,-1;2114,1,-4;2115,0,-3;2120,-4,-1;2123,-3,-2;2125,2,-1;2130,0,-8;2135,1,1;2140,-7,-6;2142,3,3;2145,-5,-16;2150,1,-2;2157,-2,0;2160,4,-4;2164,1,-4;2165,-6,5;2170,4,-21;2172,0,-5;2220,-7,-43;2225,-8,-5;2227,-3,-2;2230,4,-9;2235,-8,-7;2237,8,16;2238,-7,-14;2242,-4,1;2245,3,-8;2250,5,-8;2252,0,0;2255,-8,-3;2260,4,-3;2262,1,-3;2265,-4,5;2269,0,-2;2270,5,-15;2273,-9,6;2275,0,-1;2280,4,-8;2283,-4,-5;2285,-1,2;2290,4,-10;2295,-8,6;2296,4,-9;2297,1,3;2298,0,-11;2302,1,4;2304,-2,-6;2305,-8,7;2313,0,-6;2315,3,-8;2321,-8,-6
rua||anesio basilio santos|residencial julio delia|14406707|2310,-2052098,-4744240;2320,3,20;2330,1,-11;2341,-8,1;2351,-2,-12;2353,-1,1
rua||angela rosa scarabucci|franca|14403610|2084,-2054562,-4738893;2088,2,5;2098,3,14;2108,-2,5;2116,5,10;2118,2,13;2126,-6,2
rua||angela rosa scarabucci|jardim angela rosa|14403610|2550,-2054557,-4738378;2552,-1,0;2554,0,-1;2556,-2,0;2567,12,-5;2569,0,1;2571,0,-1;2575,0,12;2585,-2,0;2586,-9,0;2596,1,10;2617,13,36;2620,-14,3;2632,4,10;2636,-1,3;2641,5,12;2680,-5,20;2690,2,19;2691,4,-17;2700,-7,23;2720,1,12;2724,0,3;2847,4,26;2848,-9,3;2850,1,2;2852,0,-4;2857,8,10;2858,-12,-3;2864,2,5;2866,9,-3;2867,7,17;2869,-13,4;2876,6,-4;2877,-1,51;2886,-5,-38;2887,6,49;2895,5,10;2909,-2,48;2920,-6,-60;2940,0,106;2943,8,-9;2991,-1,24;3109,-16,66;3242,6,185;3272,3,48;3281,7,-61;3282,-12,69;3291,7,-61;3293,7,-2;3295,-9,36;3305,10,18;3315,2,10;3340,-6,42;3349,-6,13;3355,5,11;3403,-7,43;3464,-2,62;3466,2,-4;3468,-10,-9;3478,9,-32;3497,12,60;9542,-6,-876
rua||angela rosa scarabucci|vila santa cruz|14403610|497,-2054541,-4738597;1907,-13,-467;1919,2,23;1954,-6,25;1955,8,5;1956,-4,1;1959,4,12;1962,-4,2;1964,1,-14;1974,-4,8;1977,4,12;1984,-5,12;1990,4,-6;1996,-4,12;1997,5,1;2022,-6,20;2026,-2,8;2029,7,6;2030,-9,-1;2033,8,8;2037,-3,4;2040,4,-2;2045,-1,11;2047,-6,1;2048,2,-10;2050,0,22;2057,10,-9;2079,-4,31;2089,2,6;2099,6,7;2113,6,7;2115,-18,6;2123,23,11;2148,-14,21;2149,-11,1;2157,1,3;2158,6,-2;2159,-11,12;2165,14,4;2168,-12,6;2171,8,-2;2173,5,10;2186,-2,-11;2188,-9,10;2209,10,40;2219,-4,-1;2239,3,20;2245,-7,6;2249,5,-26;2276,-7,50;2285,12,21;2286,-11,-19;2288,-1,14;2296,0,-1;2298,-3,6;2306,4,2;2316,2,10;2320,4,3;2330,1,28;2340,-5,6;2345,7,2;2359,-3,9;2360,-5,4;2369,3,9;2380,-6,7;2406,0,19;2415,18,3;2416,-14,11;2423,-7,8;2426,-9,-6;2432,14,26;2433,-2,-10;2436,1,-2;2443,3,14;2461,5,17;2473,1,16;2493,-1,15;2503,3,14;2523,-1,24;2532,-13,17;2533,12,-4;2534,-9,4;2536,-4,-1;2538,1,1;2540,3,7;2543,19,13;2546,-19,-10;3060,-3,-350
rua||angela rosa scarabucci|vila scarabucci|14403610|2212,-2054564,-4738763;2220,10,12;2222,-2,-8;2232,-2,9;2242,-2,22
rua||angelo antonio santini|city petropolis|14409622|1400,-2046820,-4739742;1410,5,7;1411,8,-5;1412,-9,-1;1420,6,13;1421,43,67;1430,-37,-61;1431,1,-4;1433,18,6;1435,-13,-5;1440,-2,15;1441,4,-10;1442,0,8;1450,-3,4;1452,3,2;1453,4,-2;1455,6,5;1457,-7,-5;1461,8,5;1469,7,11;1470,-11,5;1471,10,-5;1480,-4,10;1481,6,-4;1483,0,6;1484,-6,1;1490,18,12;1491,-6,-7;1493,-5,-2;1500,2,12;1501,9,-4;1510,-10,0;1511,18,8
rua||aniceto deodato diniz e silva|jardim pulicano|14406739|2450,-2051446,-4744250;2452,-6,0;2454,-9,3;2600,200,-1;2670,1,-5;2730,-73,-10
rua||antonio abilio silva|esmeraldas|14406136|670,-2054195,-4744961;671,-13,6;672,11,-7;673,3,7;680,4,5;681,2,-9;690,6,13;691,8,0;700,-1,2;701,5,-2;710,7,-3;711,5,5;720,21,10;721,-14,-13;730,4,9;740,-11,-2;741,24,9;750,6,6;751,8,0;761,6,-2;771,11,8
rua||antonio albino da silva|esmeraldas|14406136|111,-2054600,-4745139;120,12,6;121,1,-2;124,-4,0;130,9,4;131,-12,-2;140,17,12;141,6,-11;150,2,4;151,5,-2;160,4,10;161,2,-7;170,3,7;171,5,-8;180,-2,8;181,6,0;191,8,-3;200,-8,9;201,15,-4;202,-6,7;210,5,5;211,6,-8;230,14,12;231,1,-5;240,0,10;241,9,-7;250,1,12;251,1,-14;271,38,19;280,-11,11;290,7,0;300,11,6;301,6,-2;310,0,1;311,10,-4;320,-4,1;321,5,8;330,-3,5;331,14,-8;340,-2,11;341,5,-8;350,1,11;351,5,-7;360,-1,9;361,9,-7;370,2,11;371,2,-5;380,3,13;381,6,-17;390,-1,16;391,4,-14;400,3,16;401,5,-8;410,1,6;411,4,-3;420,0,9;421,8,-7;430,-1,10;440,7,5;441,18,-12
rua||antonio albino da silva|parque esmeraldas|14406136|460,-2054346,-4745021;461,4,-4;470,7,10;471,1,-5;480,9,5;481,-3,3;490,10,4;491,2,1;500,5,2;501,1,-5;510,2,9;511,2,-3;520,5,5;521,-1,-3;530,-1,7;531,13,-3;540,2,8;541,-2,-8;550,7,10;551,4,-6;560,3,12;561,1,-7;570,3,7;571,7,-6;590,5,8;591,4,-3;600,6,7;601,0,-2;610,2,4;611,7,-4;620,2,5;630,5,5;631,7,-6
rua||antonio alves silva|vila exposicao|14405455|3488,-2051546,-4741038;3969,4,-19;3976,-10,6;3978,1,-3;3979,9,7;3987,0,13;3989,2,-1;4002,-1,2;4009,9,8;4012,-9,8;4025,10,9;4035,12,8;4048,-10,23;4052,7,16;4063,11,-13;4065,2,15;4072,-7,5;4074,22,40;4075,-14,-41;4077,4,9;4081,3,9;4082,-12,-7;4084,5,-8;4086,-2,5;4092,-3,13;4095,54,-19;4102,-49,24;4104,-1,17;4105,10,-14;4112,-2,6;4114,-4,3;4115,9,-3;4119,6,3;4122,-6,7;4125,6,1;4132,-10,5
rua||antonio brasilino dos santos|jardim alvorada|14404014|2414,-2057124,-4739141;2416,-14,-4;2418,-6,-2;2457,-40,1;2495,-44,38;2505,-20,6;2515,-13,7;2527,-5,-3;2535,13,7;2543,-13,9;2545,-5,6;2555,-10,4;2565,3,1;2575,-6,16;2577,-5,-14;2585,6,18;2587,-2,-11;2595,-34,50;2600,56,-49;2605,-20,-13;2661,-125,129;2671,-19,14;2681,-11,9
rua||antonio brasilino dos santos|parque mundo novo|14404014|2701,-2057453,-4738903;2711,-9,7;2721,-8,6;2741,-14,13;2761,-14,9;2771,-5,6;2781,-6,6;2791,-11,7;2821,-13,13;2831,-4,4
rua||antonio candido da silva|jardim cambui|14409703|1721,-2048035,-4740782;1731,1,-8;1740,-5,-1;1741,3,-8;1750,-2,3;1751,-11,-2;1780,-11,-13;1781,5,-9;1791,30,44
rua||antonio candido de souza|jardim ipanema|14409536|290,-2048014,-4739181;298,9,-11;308,3,-6;318,5,-15;323,-9,-1;328,15,-8;331,-14,9;333,8,-11;338,8,-6;340,-4,-2;343,-5,7;348,12,-13;353,0,-4;358,2,-5;363,-4,-5;368,8,2;373,-7,-7;378,12,-1;383,-5,-5;388,2,-5;390,9,-4;393,-6,-2;398,15,-7;403,-10,1;408,8,-13;413,-2,1;418,8,-8;423,-10,-7;425,2,11;428,15,-14;433,-12,3
rua||antonio da silva sobrinho|condominio residencial villa piemonte|14404600|2,-2057559,-4741321;7,0,0;8,1,-1;10,-1,-1;11,0,-3;14,0,2;15,-1,1;16,2,0;17,0,-1;18,-3,4;19,4,-2;20,-1,-1;23,1,-1;25,-3,1;26,-1,-2
rua||antonio de paula silveira|jardim petraglia|14409104|380,-2051943,-4739205;381,11,-16;390,2,0;392,-10,8;394,2,-8;400,12,-9;411,8,-11;450,32,-33;460,15,-1;462,0,2;870,-20,8
rua||antonio gouveia da silva|residencial chico neca|14412188|6210,-2055694,-4735899;6211,5,0;6220,-8,10;6221,6,0;6230,-2,1;6231,3,9;6240,-4,-9;6241,6,16;6250,-2,12;6251,1,-2;6260,3,7;6261,0,0;6270,2,6;6271,-1,2;6280,4,12;6281,0,4;6290,-1,2;6291,2,8;6300,-2,4;6301,4,3;6310,-2,5;6311,3,6;6320,0,5;6321,1,3;6330,-1,10;6331,3,-4;6340,-1,5;6341,4,3;6350,-2,5;6351,4,4
rua||antonio osorio da silva|parque florestal|14406188|103,-2053933,-4745944;400,-13,-35;620,-31,-71;745,5,24;800,13,11;804,-2,5;808,3,2;1200,7,25;1600,-38,-70;1620,30,65;5200,31,46
rua||antonio ribeiro da silva|parque vicente leporace|14407024|14,-2050371,-4741066;100,-39,79;101,-7,3;110,8,-7;111,-6,2;120,10,-10;121,-4,7;130,3,-7;131,4,1;140,10,-19;141,-8,3;147,-1,0;150,4,-2;151,-1,1;160,6,-6;161,-2,2;170,6,-12;171,-5,3;181,3,-11;191,9,-11;193,-4,3;200,12,-13;201,-9,6;210,11,-9;211,-5,2;213,-1,-1;220,9,-11;221,-6,6;230,9,-21;231,-5,15;241,1,-1;274,27,-49;278,3,4;280,8,-7;290,-1,-5;300,3,-10;310,4,-9;320,2,-9;330,2,0;340,2,-9;342,6,-4;350,0,3;360,9,-18;370,-4,-5;380,7,-10;390,7,-10;394,-4,5;400,6,-2
rua||antonio ricardo de souza|estacao|14405102|525,-2053558,-4740975;530,6,7;535,8,-4;540,-4,3;546,23,16;571,-5,-4;574,5,-5;575,-9,14;584,-4,-2;585,8,13;586,-5,-3;598,-4,5;611,5,12;614,-5,4;618,-3,3;628,-8,19;710,-5,39;715,0,6;720,-1,2;735,-3,15;745,0,9;750,-7,7;755,5,7;760,-4,-4;770,-4,12;771,-2,11;782,3,-2;791,-6,18;792,2,8;1840,16,-95
rua||antonio sanaiote|vila patricio|14401267|169,-2053394,-4739232;240,-8,35;241,10,-19;247,2,23;259,-9,-2;261,7,2
rua||antonio scarabucci|bairro sao jose|14403425|2230,-2053989,-4738944;2246,-3,17;2252,-17,-3;2256,-6,1;2266,-6,6;2292,-14,9;2302,-7,4
rua||antonio scarabucci|santa cruz|14403425|2334,-2054081,-4738890;2338,-6,5;2346,-4,-3;2356,-7,10;2364,-13,2
rua||antonio scarabucci|vila santa cruz|14403459|2335,-2054077,-4738889;2337,-2,-1;2345,-15,8;2347,2,-1;2355,-2,3;2394,-38,4;2395,0,12;2401,-7,12;2402,-14,-7;2403,21,-1;2412,-15,1;2415,0,4;2420,-6,0;2422,1,5;2424,-1,-5;2425,-2,6;2436,-8,4;2437,2,4;2457,-35,15;2467,-6,7;2472,4,-14;2474,4,1;2477,-25,12;2479,9,4;2480,10,-14;2481,-15,6;2486,7,-3;2494,-3,8;2504,-9,4;2505,1,29;2506,2,-31;2509,0,11;2514,-8,3;2515,9,2;2524,-22,-16
rua||antonio soares da silva|residencial moreira junior|14407511|1320,-2049114,-4741700;1340,-27,-4;2555,12,3;2565,-1,3;2567,13,2;2573,-1,-1;2581,5,6;2582,-4,1;2589,11,3;2590,-3,3;2592,-2,-2;2596,12,5;2597,-14,-12;2605,17,7;2606,1,5;2613,12,-2;2614,-9,3;2615,-33,-14;2621,44,16;2622,1,2;2629,9,-5;2630,5,11;2632,-7,0;2637,12,-10;2638,-3,7;2645,6,0;2646,-5,5;2654,8,1;2655,5,-1;2660,3,5;2661,3,-8;2662,-2,10;2669,9,-5;2670,-3,8;2677,8,-10;2678,2,12;2685,10,-5;2686,-8,8;2688,-2,-4;2696,10,9
rua||antonio virgilio da silva|esmeraldas|14406148|111,-2054585,-4745373;121,27,-119;131,-2,-13;140,66,184;141,7,8;150,-6,0;151,1,-1;160,3,4;161,5,-11;171,6,11;175,1,3;180,10,12;181,-4,-17;191,6,12;221,20,13;231,3,-21;240,5,66;241,0,-50;250,-4,56;270,45,-43;271,1,1;280,3,1;281,4,3;290,5,16;291,8,-15;300,-1,15;301,5,-10;310,2,13;311,-1,-5;320,16,10;321,-5,-4;330,12,5;331,0,-13;340,9,18;341,3,-3;350,-1,24;351,4,-21;360,12,10;361,-16,-11;370,26,16;371,0,-2;380,6,4;381,10,-6;390,1,11;391,-11,-6;400,16,12;401,6,2;460,20,7;461,6,-27;465,4,26;470,-19,-27;471,23,31;480,10,-3;481,-14,4;490,16,-8;491,3,10;501,3,7;510,-3,-23;511,5,17;520,3,11;521,4,-4;523,0,-4;530,-5,23;531,6,-13;540,14,-2;541,4,7;550,-19,-1;551,25,-7;560,-12,11;561,5,-14;570,17,51;571,-27,-55;580,29,62;581,-2,-45;584,7,35;589,-4,-23;590,11,4;591,-4,-19;597,10,9;600,-3,6;610,-14,42;611,25,-48;620,-1,26;621,3,-21;630,-12,25;631,22,-19;632,-15,48;660,28,-34;670,16,4;681,4,-1;700,22,19;710,6,-7;711,1,2;713,8,3;721,1,-2;728,-5,-14;730,11,20;731,1,-4;740,2,6;741,8,4;750,6,-7;760,2,12;761,10,7;766,-7,-7;770,4,4;771,8,-3;780,3,4;781,1,-1;790,4,7;791,-8,27;800,22,-18;801,-36,44;805,42,-45;810,4,-4;811,2,7;820,7,-2;821,-2,4;830,13,1;831,-5,2;841,9,12;851,12,-9;861,7,6
rua||argemiro amaro da silva|jardim luiza i|14407527|286,-2048768,-4742246;2821,0,-1;2822,-43,17;2827,17,-10;2832,3,11;2833,20,-16;2842,-14,12;2843,-8,-10;2852,12,10;2855,-1,-13;2862,17,9;2872,6,8;2873,-10,-17;2881,4,2;2882,19,9;2883,-19,-9;2889,15,4;2892,5,0;2893,4,6;2902,9,-9;2903,-4,-1;2912,14,10;2913,-7,-18;2915,7,4;2922,12,9;2923,-4,-11;2924,-2,9;2932,8,4;2933,2,-18;2936,9,10;2942,3,10;2943,-3,-11;2952,3,5;2953,0,-4;2962,14,3;2963,2,-10;2972,3,10;2973,4,-12;2976,5,7;2983,-90,1
rua||armando dal sasso|jardim paulistano|14402476|572,-2051760,-4735986;580,8,7;590,3,0;591,2,7;600,0,5;601,2,7;610,-3,6;611,13,12;615,-2,-13;620,13,4;621,-18,16;630,-5,0;631,10,1;640,-3,10;641,4,-1;642,-4,-2;650,1,7;651,1,1;653,-11,-2;655,21,6;660,-5,3;661,5,11;670,-1,-3;671,-9,6;674,11,-4;676,1,8;677,11,-11;680,-10,15;681,-15,5;690,12,12;691,-6,-7;695,10,5;700,-2,5;701,7,-10;704,-5,8;706,2,-1;711,4,13;713,9,7;741,14,35;743,-7,-14;751,4,23;760,-7,-1;761,7,-5;763,2,7;765,4,5;770,-12,10;780,3,6;790,1,1;792,0,7
rua||arnaldo ricardo de souza|sao jose|14403469|2169,-2053744,-4738377;2170,9,-16;2200,-36,8;2209,-18,13;2210,5,-1;2220,-21,-4;2229,-3,11;2275,-46,6;2284,2,-10;2286,-16,2;2292,22,2;2321,-92,21;2331,-19,-2;2341,61,-7;2343,-73,15;2345,71,-12;2350,-3,-6;2360,-5,-4
rua||arnaldo ricardo de souza|vila santa cruz|14403469|2400,-2053926,-4738356;2440,-66,11;2450,-14,4;2451,0,12;2460,-7,-10;2461,-3,8;2465,-10,4;2470,1,-10;2471,-3,7;2503,-10,7;2504,-4,-5;2510,-10,-7;2515,-7,8;2522,1,-3;2525,-8,2;2535,-11,4;2536,10,-9;2542,-7,1;2545,-11,12;2560,-16,-6;2567,-1,7;2574,-14,-9;2577,1,13;2584,-1,-11;2587,-3,12;2589,-5,1;2596,-6,-12;2597,-1,12;2606,-12,-13;2626,-22,4;2627,3,14;2636,-4,-12;2637,-11,5;2645,-2,0;2648,-1,-5;2653,1,12;2665,-34,16
rua||atilio salmazo|santo agostinho|14401338|1880,-2053538,-4738164;1890,-15,-1;1895,10,5;1900,-22,0;1905,1,0;1910,-12,6;1915,-2,-1;1920,-5,-2;1925,-4,-1;1930,-6,1;1935,-3,9;1940,-12,-13;1945,-7,11;1950,-9,-4
rua||augusta teodoro silveira|prolongamento recanto elimar|14403327|841,-2056519,-4737640;851,11,12;860,-15,-12;861,21,2;869,-5,7;870,-10,-8;871,23,2;874,-17,1;880,2,-4;881,21,8;884,-15,-9;890,3,15;891,22,-2;894,-22,2;900,10,-8;901,24,10;904,-21,-5;907,18,8;911,7,-2;920,-11,3;921,23,-1;930,-10,-1
rua||belizario jose da silva|aeroporto i|14404000|1308,-2057429,-4737667;1310,7,4;1320,11,-3;1350,55,11
rua||belizario jose da silva|aeroporto i|14404053|808,-2057870,-4737802;820,10,4;827,21,-13;832,-11,18;833,10,-13;841,1,6;844,5,4;845,0,6;847,5,-2;849,-6,-2;856,11,2;868,4,2;870,0,0;879,1,-4;880,15,13;886,5,4;889,-4,-18;890,9,14;894,5,-2;900,4,0;904,6,6;905,-9,-7;916,16,14;924,10,0;926,-1,2;928,4,0;940,15,7;975,38,5;976,-14,-2;977,-3,-5;979,7,1;988,5,11;1000,7,4;1010,9,4;1013,6,-17;1015,14,7;1048,15,21;1056,5,3;1060,8,-1;1072,7,2;1074,8,3;1084,11,-1;1156,-31,-1;1180,112,30;1192,8,3;1200,14,4;1204,4,-7;1212,38,26;1216,-32,-15;1230,11,3;1240,11,5
rua||belizario jose da silva|jardim aeroporto 1|14404050|1301,-2057420,-4737670;1321,11,4
rua||belizario jose da silva|jardim aeroporto 1|14404053|1011,-2057638,-4737718;1017,15,-16;1025,7,7;1035,10,4;1177,62,7;1189,12,20
rua||belmira goncalves da silva|aeroporto iii|14404280|1003,-2058874,-4737851;1096,237,169;1097,27,19;1098,-21,-19;1099,77,60;1104,0,0;1108,-33,-14;1182,69,33;1761,-77,-49;1821,-81,-60;2049,-192,-116
rua||benedicto seraphim|residencial sao vicente|14403895|4486,-2055303,-4737782;4498,-10,2;4512,-13,-3;4526,-14,-1;4540,-11,0;4554,-14,-2;4700,-137,9;4714,-13,-1;4728,-10,-4;4742,-18,5;4766,-11,-8;4770,-10,4;4790,-16,4;4805,-6,8
rua||benedicto seraphim|vila sao vicente|14403895|4493,-2055318,-4737784;4505,5,-6;4533,-22,18;4559,-21,-2;4573,-18,4;4601,-25,-3;4629,-18,-4;4643,-27,3;4657,3,-4;4671,-28,0;4685,-1,2;4699,-11,1;4741,-45,7;4755,-15,-7;4769,-4,7
rua||benedita oliveira senne|santa rita|14403382|985,-2055240,-4739284;1005,20,6
rua||benedito bernardes da silva|jardim veneza|14403058|2075,-2055005,-4740235;2085,21,23;2088,-16,13;2095,-11,-8;2104,7,-5;2105,-5,17;2114,-8,1;2124,-3,4;2125,0,-1;2129,2,16;2135,-6,-10;2136,-4,5;2145,-18,14;2164,44,-62;2165,-36,69;2172,-3,3;2184,-14,9
rua||benedito candido de souza|esmeraldas|14406635|110,-2054090,-4745278;120,2,-6;130,4,-6;140,8,-10;150,4,-8;160,2,-14;170,0,-6;180,5,-7;190,3,-10;200,0,-11;210,8,-6;220,2,-10;230,2,-16;240,5,-8;250,8,-2;260,0,-10;270,1,-9;280,6,-8;290,2,-8;300,4,-10;310,11,-8;320,4,-10;330,-3,-7;340,1,-9;350,4,-9;360,10,-13;370,4,0;610,-265,655;636,8,-32;638,-2,-3;640,-5,-2;650,9,-5;652,5,-9;720,18,-48;760,20,-34;840,20,-60;841,23,28;843,-23,-5
rua||benedito candido de souza|parque esmeraldas|14406635|111,-2054092,-4745282;121,3,-9;123,3,4;131,1,-12;141,5,-6;151,9,-11;161,3,-14;171,-1,-7;181,2,-1;191,5,-12;201,4,-8;211,10,-13;221,-5,-11;231,5,-7;241,7,-9;251,3,-8;261,-1,-12;271,2,1;281,7,-16;291,3,-8;301,3,-10;311,4,-11;321,9,-9;331,-4,-9;341,-1,-5;351,5,-6;361,5,-10;371,4,-16;381,10,-4;630,-221,520;641,-41,118;659,2,-12;661,5,-10
rua||benedito damiao da silva|residencial sao thomaz|14405426|4047,-2051211,-4741092;4051,12,-7;4065,-15,-51;4069,-8,3;4121,37,96;4170,11,53;4180,12,5;4183,3,-4
rua||benedito damiao da silva|vila exposicao|14405426|3650,-2051276,-4741280;3941,3,-8;3980,5,32;3982,21,12;3985,-9,4;4010,12,44;4026,20,46;4040,14,56;4050,9,11;4080,-13,-63;4101,-23,-54;4110,2,2;4116,6,14;4120,50,135;4128,2,9;4130,9,9
rua||benedito jose da silva|jardim pulicano|14406756|2535,-2051122,-4744085;2545,0,-25;2550,-14,2;2555,4,4;2560,1,-5;2565,3,-12;2570,-2,5;2575,-1,-11;2580,3,3;2590,1,-9;2595,2,-3;2600,-7,-12;2605,4,-7;2610,-2,1;2615,1,-14;2620,0,3;2625,1,-16;2630,-3,10;2635,9,-13;2640,-5,5;2650,-2,-4;2655,-2,-17;2660,1,4;2665,11,-22;2670,-6,0;2675,-5,-4;2680,4,-5;2685,-4,-3;2690,2,-12;2695,-10,4;2700,20,-4;2705,-14,-7;2710,9,-10;2715,-3,-1;2720,3,-7;2725,-1,5;2730,-1,-9;2735,-9,-6;2745,7,2;2755,-4,-20;2765,-2,-8
rua||benedito jose senne|parque vicente leporace i|14407041|531,-2050302,-4741287;541,8,2;543,0,-2;551,10,-2;561,4,-3;563,4,0;571,4,-1;581,3,-1;591,83,-58;601,-66,48;603,1,-2;611,10,-4;621,3,2;631,9,-4;641,3,-5;651,17,-10;661,0,-5;671,10,-8;681,4,2;683,-5,2;691,18,-17
rua||braulio barini sobrinho|jardim pulicano|14406758|2555,-2051029,-4744113;2565,1,-11;2570,3,14;2574,3,-12;2575,-4,-4;2580,-1,4;2584,-1,-13;2585,1,-9;2590,2,5;2595,-8,-15;2600,4,2;2605,-1,-7;2610,9,3;2615,-8,-8;2620,4,-2;2625,-7,-15;2630,10,13;2635,-9,-24;2640,10,-3;2645,-13,-3;2675,-4,-13
rua||cacildo matias de souza|residencial ana dorotheia|14412243|5200,-2054774,-4735700;5201,2,-15;5210,4,16;5211,8,-6;5215,-1,7;5216,-5,-4;5218,2,10;5220,-7,6;5225,13,-11;5230,2,14;5231,12,-9;5240,-6,14;5241,8,-10;5242,-5,9;5250,0,1;5251,15,-2;5256,-7,13;5260,8,0;5261,6,-6;5265,3,-7;5270,-3,6;5271,7,-3;5275,2,7;5280,-2,8;5281,9,-5;5282,-3,5;5286,4,4;5290,4,7;5291,7,-2;5297,-2,-1;5300,-2,1;5301,11,7;5306,-6,-6;5310,3,-2;5311,9,7;5312,-10,-2;5320,7,7;5321,9,-2;5326,-2,2;5330,9,0;5331,3,-7;5333,-4,9;5340,5,5;5341,4,-4;5344,5,7;5346,-8,0;5350,10,-1;5351,-1,-5;5360,8,13;5361,3,-9;5365,0,8;5370,4,7;5371,-1,1;5372,2,-2;5373,6,0;5380,1,6
rua||caetano dal sasso|parque esmeraldas|14406154|120,-2054478,-4745411;121,11,-11;130,-2,1;131,10,-13;140,4,18;150,8,1;151,-6,-2;160,10,7;161,5,4;170,3,6;171,10,-8;180,-1,6;181,2,-2;190,-1,0;200,12,5;210,8,11;220,7,-3;230,10,8
rua||campos salles|centro|14400710|1090,-2054436,-4740126;1097,5,7;1098,8,5;1104,3,-1;1106,3,6;1111,1,-7;1114,0,6;1120,6,3;1121,3,2;1126,5,-3;1131,10,-2;1134,0,4;1139,2,-10;1147,10,8;1154,10,-3;1157,-1,2;1165,0,7;1167,0,-2;1172,12,-1;1177,4,6;1178,-1,-6;1185,9,7;1188,4,-3;1196,7,2;1197,1,4;1202,5,0;1205,3,-5;1210,-2,10;1212,4,-8;1215,8,6;1224,-1,2;1227,11,7;1246,20,-7;1248,-16,12;1250,6,-3;1255,12,-4;1256,-1,1;1264,6,1;1265,5,0;1276,6,1;1289,28,-9;1290,-14,13;1292,-2,-7;1314,24,8;1319,15,4;1326,-3,-1;1330,-3,1;1339,12,1;1342,2,-3;1349,10,1;1350,-2,4;1358,6,-1;1359,9,-1;1370,4,6;1373,7,-4;1374,-12,0;1379,11,6;1384,4,2;1385,3,6;1389,8,-14;1394,-3,10;1416,26,9;1436,18,-5;1441,30,16;1446,-26,-7;1460,9,-2;1468,14,2;1480,9,9;1485,-33,-12;1490,44,2;1522,32,4;1525,-6,10;1530,8,-17;1534,2,11;1536,0,0;1540,20,11;1551,3,-7;1557,-6,7;1559,4,1;1562,2,-3;1568,14,-1;1569,-13,6;1573,14,12;1574,4,-9;1583,11,-2;1588,-2,11;1598,7,-8;1621,7,1;1633,32,7;1640,-3,-4;1649,18,9;1652,-12,-11;1657,16,8;1673,10,-5;1677,17,11;1683,1,2;1684,-11,-5;1693,14,7;1698,-4,-10;1705,9,6;1710,3,-9;1715,4,9;1717,6,5;1721,2,-4;1723,6,-1;1733,14,4;1739,0,5;1775,21,16;1779,11,-3;1781,22,7;1843,22,-1;1853,20,4;1887,31,4;1889,5,2;1896,145,31;1898,-134,-29;1901,4,1;1908,-2,0;1918,2,8;1931,22,-8;1942,6,9;1943,8,-6;1944,-28,1;1950,24,2;1963,25,5;1970,-12,-4;1975,14,7;1977,3,2;1979,2,6;1981,5,-7;1993,15,-5;1994,-17,1;2007,4,102;2008,7,-112;2009,-14,110;2013,20,0;2014,2,-90;2043,36,4;2055,10,0;2073,5,0;2083,23,6;2105,20,7;2107,-4,-4;2109,3,5;2134,30,6;2159,5,0;2160,-5,1;2167,21,6;2170,-5,-10;2210,32,9;2230,19,1;2244,13,5;2258,23,1;2266,15,-7;2274,-2,8;2284,8,-2;2286,0,4;2290,7,4;2332,34,13;2336,2,-5;2348,12,8;2350,5,1;2366,13,1;2378,10,-2;2394,6,5;2404,15,3;2418,13,-4;2422,-1,0;2430,6,1;2466,23,14;2492,36,5;2520,17,0;2530,15,3;2536,13,2
rua||campos salles|franca|14400710|2275,-2053381,-4739907;2317,33,8;2323,9,5;2333,10,9;2349,8,6;2357,12,-11;2363,10,3;2375,6,5;2385,12,0;2397,7,3;2405,12,-2;2415,7,6;2421,6,9;2425,-1,-9
rua||carlos lopes da silva|villagio mundo novo|14408102|1780,-2050987,-4743501;1785,-12,-3;1790,11,0;1795,-9,-5;1800,10,-7;1805,-3,-2;1810,14,-4;1815,-4,-6;1820,9,1;1825,-7,-14;1830,13,4;1835,-9,-12;1840,13,4;1845,-9,-6;1850,12,-1;1855,-7,-8;1860,11,-1;1865,-8,-5;1870,18,-8;1875,-12,-4;1880,16,-2;1885,-13,-4;1890,16,0;1895,-7,-8;1900,10,-1;1905,-8,-5;1910,13,-7;1915,-8,-2;1920,15,-7;1930,6,-5;1940,5,-14;1950,-2,-3
rua||celso dias da silva|moreira junior|14407507|2629,-2049139,-4741479;2637,-2,1;2638,7,-1;2640,1,3;2645,23,6;2650,-13,-1;2653,4,1;2661,9,1;2662,-9,2;2669,13,-1;2670,-11,-7;2677,19,14;2678,-7,-5;2686,12,11
rua||cezar simoes|chacara santo antonio|14404071|1820,-2057400,-4738537;2480,110,-94;2540,20,-165;2546,5,3;2732,3,-45;2780,-3,6;2820,-43,280;2970,-22,143;2973,26,-133;3000,-31,158
rua||cezar simoes|jardim alvorada|14404071|2731,-2057281,-4738658;3065,-5,-2;3092,6,-39
rua||cirineu borges de souza|city petropolis|14409623|1400,-2046777,-4739785;1410,11,17;1420,5,9;1430,2,3;1440,7,5;1444,1,4;1450,5,9;1456,-2,4;1460,-2,1;1470,12,13;1476,5,4;1480,1,4;1490,5,6;1508,7,16
rua||claudia cristina santos|jardim luiza|14407605|1620,-2049317,-4742701;1630,16,4;1640,14,12;1650,6,7;1660,7,6;1670,2,6;1672,10,0;1680,0,10;1690,7,4;1700,7,10;1710,7,5;1720,1,3
rua||claudinei jose da silva|aeroporto ii|14404133|90,-2058582,-4736778;100,-5,58;101,-8,8;103,1,6;1905,21,-134;1913,-5,8;1965,-8,57;2051,-13,106
rua||claudinei jose da silva|residencial sao thomaz|14405428|731,-2051092,-4741079;4000,-3,-109;4050,-5,55;4090,6,57
rua||claudinei jose da silva|vila exposicao|14404133|3050,-2051102,-4741257
rua||claudio silveira|parque continental|14406673|1095,-2052401,-4742991;1105,4,-9;1131,6,-19;1135,1,-7;1155,10,-28;1171,-3,-6
rua||claudio silveira|residencial santa clara|14406673|498,-2052537,-4742406;504,6,-10;506,-2,2;516,-4,-10;518,4,-3;552,16,-38;566,-2,-9;568,9,-5;578,-3,-17;588,0,-2
rua||claudio silveira|vila sao sebastiao|14406664|545,-2052526,-4742465;555,6,-3;565,-5,-10;569,6,-1;577,2,-9;589,-1,-10
rua||claudio silveira|vila sao sebastiao|14406673|495,-2052548,-4742396;503,7,-16;507,5,-5;517,2,-16;527,2,-3;618,22,-86;621,3,-7;623,-5,-5;626,11,7;631,-7,-14;632,25,6;636,-16,-3;643,-7,-12;646,13,5;665,-24,-26;667,-3,-7;672,31,4;675,-11,-12;684,10,-3;685,-8,0;688,13,-3;692,-2,-5;695,-8,-5;696,23,0;698,-7,-3;705,-13,-6;706,-47,-4;736,63,-32;738,-1,8;739,-9,-9;745,5,-12;748,2,22;755,1,-27;756,-3,14;758,9,-6;767,-6,-24;768,-38,31;792,56,-38;799,-8,-20;802,4,6;811,0,-11;814,10,-15;820,-2,5;821,-9,-3;862,23,-43;863,-14,5;872,8,-5;873,-2,-5;882,12,-2;883,-11,-5;894,13,-6;895,-16,-9;920,-14,-3;923,31,-29;930,5,-2;931,-10,2;932,14,-2;933,-9,-7;939,-1,-4;951,3,-10;969,6,-27;970,14,5;977,-9,-15;979,-4,4;980,15,-1;982,-3,-5;984,1,3;989,-3,-7;990,4,0;993,-5,-8;1000,9,4;1005,4,-17;1009,-17,-1;1010,17,3;1028,5,-18;1031,-5,-15;1036,5,5;1038,-2,-2;1039,-6,-7;1044,12,-1;1045,-10,-3;1047,-1,-7;1058,11,-2;1063,-10,-1;1068,14,-11;1069,-4,-2;1096,10,-12;1106,0,-17;1108,0,10;1156,25,-45;1172,-12,-16;1174,4,-7;1176,-5,-1;1196,5,-17
rua||clelia alves dos santos|jardim marambaia|14409642|1061,-2048274,-4740125;1091,-54,37;1131,30,-22;1141,8,-6;1161,10,-9;1171,9,-7;1173,3,-5;1181,6,-5;1191,12,-13
rua||clemencia leopoldino da silva|parque moema|14409182|5251,-2050933,-4739526;5271,-2,18;5288,8,4;5298,6,11;5301,-12,21;5311,3,10;5318,10,-19;5331,-9,40;5348,3,-4;5350,-5,3;5351,-1,19;5352,-7,-21;5354,12,-1;5358,5,9;5371,-2,28
rua||clodomiro ferreira da silva|jardim paulistano|14402414|431,-2051890,-4735702;441,-8,4;451,-1,-5;455,-6,-6;461,-11,5;463,7,2;469,-13,3;470,12,-14;471,-17,20;480,-1,-13;481,-2,11;483,-5,-1;490,-1,-8;491,-14,12;500,-1,-14;501,-1,10;504,9,-9;509,-14,12;510,1,-12;511,-7,14;513,2,4;520,-7,-17;521,-4,10;522,11,-10;530,-12,-17;531,-2,31;532,0,-12;533,-4,31;540,-5,-30;541,-4,11;550,-5,-14;551,-1,16;553,-4,-3;560,-2,-7;561,-6,10;564,3,-15;570,-12,3;571,3,12;574,5,-14;575,-10,13;580,-4,-10;581,2,11;582,1,-9;585,-7,10;590,-3,-10;591,1,7;592,-7,-6;600,-5,1;601,-6,10;610,0,-12;611,-15,13;620,2,-18;640,-24,8;641,-11,12;644,-1,-11;646,-6,-5;648,-3,2;650,-1,1;651,1,10;656,-9,-9;658,-2,0;660,-11,3;661,13,-2;665,-9,4;666,-11,-2;667,11,2;669,-1,-4;670,-5,-1;671,-1,5;673,2,-4;675,-3,7;677,2,-5;679,0,0;680,-16,-3;681,7,8;683,0,6;685,2,-9;690,-13,1;691,-1,10;694,-3,-11;695,2,7;697,2,-4;699,3,4;700,-13,-9;701,4,5;705,-7,4;710,-10,-6;715,4,4;717,-1,7;720,-13,-12;721,10,9;727,-9,10;730,-8,-12;740,-2,-6;741,-3,10;750,-10,-11;751,4,10;756,-7,-8;760,-4,2;766,0,3;767,0,6;770,-14,-3;771,0,3;773,6,2;775,-3,-2;776,-13,-7;780,-2,3;781,3,8;790,-13,-12;791,-5,11;793,8,0;795,-4,-1;801,-9,-6;820,-29,2;821,2,12;830,-9,-10;831,-4,8;840,-5,-11;841,-5,11;850,-2,-11;851,-11,13;860,-3,-1;861,-3,-1;870,-8,-2;871,-48,8;880,41,-12;881,-7,10;890,-1,-9;891,-4,7;900,-11,-13;901,0,25;910,-6,-23;911,1,20;920,-11,-12;921,-4,11;930,0,-13;931,-6,18;940,-6,-13;941,-4,7;950,-2,-7;951,-8,8;960,-10,-8;961,1,9;970,-2,-9;971,7,8;980,-15,-8;981,-5,8;990,-7,-6;991,-2,8;1000,-12,-9;1001,1,8;1010,-8,-7;1011,-4,15;1241,-243,8;1245,-4,1;1247,8,-3;1250,-14,-3;1251,-10,16;1260,5,-11;1261,-13,4;1264,13,-4;1270,-8,0;1271,-10,11;1272,0,-10;1274,4,-1;1281,-14,10;1290,-1,-5;1291,-5,5;1293,-12,7;1295,-8,-3;1299,-10,-13;1304,23,2;1310,-5,-1;1314,-6,7;1320,-7,-1;1430,-110,-31
rua||clotilde marchi salmazzo|moreira junior|14407508|2638,-2049119,-4741521;2645,-2,-3;2653,18,2;2662,5,9;2670,13,-1;2677,6,-2;2678,-4,7;2685,9,-5;2686,-7,6
rua||continentino jacinto da silva|bairro sao jose|14403414|1760,-2054002,-4739183;1851,52,3
rua||continentino jacinto da silva|sao jose|14403414|1881,-2054041,-4739212;1931,-44,-15;1940,-38,-6
rua||cruz e souza|jardim bethania|14401196|1771,-2052172,-4738402;1781,-3,19;1790,-8,1;1791,2,9;1792,-1,0;1796,3,11;1800,2,-7;1801,8,3;1811,1,9;1812,-10,0;1823,7,13;1824,-6,-7;1825,7,5;1833,-2,9;1834,-7,-4;1846,10,6;1847,1,22;1857,2,2;1942,-8,81
rua||cruz e souza|jardim boa esperanca|14401196|1394,-2052019,-4738692;1400,-3,4;1406,-8,7;1407,1,8;1412,15,-9;1419,-16,16;1420,5,-1;1429,-12,7;1430,3,-5;1431,2,-5;1432,-9,4;1439,-5,13;1440,-3,-12;1475,-25,37;1485,-2,8;1488,-9,-4;1495,2,10;1498,-7,-3;1505,6,16;1506,-9,-8;1508,-1,1;1515,-2,10;1518,-9,-4;1521,9,11;1524,-8,-5;1527,3,3;1528,-10,-4;1538,-5,7;1539,2,8;1548,-19,5;1549,19,-5;1622,-71,81;1630,-9,30;1631,35,-62;1632,-35,62;1640,6,-12;1641,13,-26;1650,-8,12;1652,0,-6;1657,6,26;1660,-12,-12;1670,6,5;1672,0,3;1676,-3,1;1686,-2,8;1695,11,10;1696,-11,-6;1705,14,15;1706,-12,-2;1716,-4,11;1720,-1,3;1725,15,-6;1735,1,18;2508,38,666;2510,5,-5;2520,-6,10;2530,0,3;2532,2,3;2534,0,6;2536,2,3;2600,-51,61;2610,57,7;2620,2,19;2630,-8,4;2636,8,8;2640,2,9
rua||cruz e souza|jardim paulista|14401196|2690,-2052118,-4737567;2700,0,0;2710,0,10;2712,-2,1;2720,3,14;2740,6,25;2750,-4,8;2760,2,1;2762,-3,10;2764,-1,1;2770,-4,0;2772,2,13;2774,8,3;2780,-1,7
rua||cruz e souza|parque vila izabel|14401196|2148,-2052160,-4738136;2156,-1,25;2158,8,-9;2168,-11,9;2178,11,23;2188,4,1;2220,-4,19;2250,-1,22;2260,-3,6;2270,0,21;2280,0,-1;2290,-3,16;2296,4,4;2330,5,38;2331,6,4;2340,-4,7;2341,1,13;2343,6,-11;2350,-9,12;2351,9,2;2360,-10,9;2361,10,0;2370,-7,2;2371,8,8;2380,-3,10;2381,1,1;2391,6,10;2400,-6,9;2401,6,4;2410,-6,4;2411,6,2;2420,-8,10;2421,9,4;2430,-3,8;2431,8,6;2432,-8,1;2438,-1,3;2451,5,3
rua||da sabedoria|parque francal|14403124|650,-2055309,-4740455;670,7,34;680,4,10;690,6,8
rua||danilo meleti soares|aeroporto iii|14404220|1370,-2058657,-4737265;1394,28,126;1395,1,10;1415,-13,-71;1525,24,107
rua||decio silverio de souza|residencial sao gabriel ii|14406548|347,-2053118,-4744178;355,7,-1;363,14,5;371,-16,-480;379,16,23;387,0,153;395,52,-182;403,-32,-7;411,189,-108;419,-32,-27;491,-76,565;499,-1,-11;507,15,-4;515,2,-9;523,4,-1;531,8,3;539,4,-8;547,8,-2;555,7,-1;563,1,-11
rua||deolinda maria silva|jardim petraglia|14409141|885,-2051451,-4738817;985,85,-89;995,0,-10;997,2,4;1005,6,-2;1015,10,-12;1035,33,-12;1135,63,-106;1235,78,-88;1245,8,3;1255,13,-11
rua||deolinda maria silva|jardim petraglia|14409172|870,-2051448,-4738812;872,94,-92;880,-82,81;940,41,-43;950,11,-15;1000,34,-38;1050,47,-47;1066,17,-17;1070,-1,-2;1080,8,-3;1086,2,-7;1090,9,-7;1092,-6,6;1170,66,-77;1180,10,-13;1190,1,-6;1200,18,-8;1270,51,-56;1280,7,-13;1290,14,-13;1291,-18,9;1295,2,-6;1300,17,-6;1301,-9,12;1303,0,0;1320,30,-31;1330,5,-8
rua||deolinda maria silva|parque moema|14409141|1515,-2050936,-4739389;1625,94,-69;1685,66,14;5358,-120,2;5368,-5,20
rua||deolinda maria silva|vila totoli|14409172|1415,-2051047,-4739293
rua||diogo antonio sanches|jardim luiza|14407534|2719,-2048942,-4742589;2727,15,1;2729,-5,-2;2739,13,0;2740,5,8;2749,2,-16;2750,3,11;2755,11,-4;2759,0,0;2760,3,3;2769,2,-3;2770,0,8;2779,4,-16;2780,8,14;2785,9,-9;2789,-1,0;2790,5,7;2799,-1,-7;2800,4,2;2808,-7,4;2809,16,-2;2810,2,-6;2819,10,0;2820,-4,8;2830,10,-2;2831,-4,-9;2832,5,4;2839,5,-7;2840,2,10;2842,7,0;2849,1,-9;2850,6,9;2852,-3,0;2860,11,-2;2869,10,-7;2870,-7,5;2872,5,0;2879,8,-4;2880,-2,6;2889,10,-11;2893,11,4;2899,3,1;2900,-4,2;2902,-1,5;2909,9,-8;2910,2,5;2920,6,-3
rua||do sitio|chacara santa clara|14402062|1,-2053332,-4733486
rua||do sitio|condominio recanto paraiso|14402062|2,-2053191,-4733723;4,22,-10;6,86,53
rua||do sitio|condominio recanto paraiso|14402347|1,-2053206,-4733668;3,26,-58;5,24,-13;6,49,19;11,574,-300
rua||do sol|parque progresso|14403149|961,-2056098,-4740306;971,-9,6;981,2,14;991,-29,18;1001,3,-3;1021,-44,45;1050,-35,26;1060,-4,8;1070,-7,0;1076,-1,0;1078,-8,12;1110,-47,31
rua||do sol|residencial paraiso|14403149|571,-2055755,-4740682;581,-5,0;591,-69,28;600,57,-15;610,-2,9;611,-105,-13;620,87,41;621,-93,-16;630,90,31;631,-90,-13;640,80,43;641,-73,-1;650,67,6;651,10,7;681,-23,40;701,-5,4;730,-20,-1;731,1,16;741,-8,12;751,-11,19;760,3,-14;761,-13,21;775,-20,9;780,-4,-1;781,-2,3;789,-17,17;790,-11,-4;821,-27,38;830,-7,8;840,-24,17;841,12,-11;860,-23,4;861,10,-2;870,-38,49;879,25,-28;880,-22,29;881,15,-19;891,-6,0;910,-56,25;911,38,-5;921,-16,15;1000,-108,70;1010,-10,22;1020,-10,3
rua||domingos marcantonio sobrinho|jardim tropical ii|14407216|311,-2051612,-4742174;321,8,-2;330,4,6;331,6,-11;340,7,7;341,6,-2;342,-8,2;350,15,-2;351,0,0;360,1,2;361,5,-6;370,-1,2;371,14,-6;380,-2,4;381,6,0;390,8,-4;391,4,2;400,-3,-2;401,11,6;410,11,-9;411,0,3;420,5,1;421,9,1;430,-1,-3;431,3,0;440,11,-20;441,1,18;443,1,-1;450,8,-8;451,4,2;460,7,2;510,38,-1;530,16,-5;540,8,-2;550,10,-3;560,7,2;570,10,-10;580,8,2;586,-5,-5;590,18,-7;600,7,16;610,3,-11;620,14,1;630,10,-1;640,3,-1
rua||domingos marcantonio sobrinho|residencial meirelles|14407216|511,-2051437,-4742201;521,10,6;531,4,-7;541,11,2;551,9,-3;561,6,0;565,9,-1;571,7,-2;581,2,0;591,12,0;601,3,-1;611,11,-2;621,9,-1;631,-22,-30;641,13,2;651,6,-6;661,34,23;671,30,-3;675,12,-1;680,-3,10;681,8,-11;690,0,11;691,6,-13;694,-1,16;700,12,-7;701,-4,-15;710,4,13;711,7,-4;720,3,6;721,3,-12;730,3,7;731,11,-6;740,4,10;741,1,-10;750,11,9;751,-3,-13;760,0,11;761,12,-11;770,8,8;771,-2,-8;780,10,7;781,9,-31;790,-2,30;800,11,-3
rua||domingos reis sobrinho|vila nossa senhora das gracas|14401063|498,-2052359,-4739518;508,-14,-5;520,0,-13;526,-3,-8;536,-10,-11;577,-11,-40;580,4,-11;587,-7,13;590,3,-19;597,-8,4;611,8,11;614,-3,-24;626,-4,-11;628,0,-2;634,4,-6;638,-2,-14;642,14,-9;644,4,-3;655,-26,24;657,-1,-3;659,4,2
rua||dos sabias|jardim primavera|14404028|91,-2058121,-4738404;100,-14,-6;101,19,20;111,6,5;121,1,3;123,9,-4;131,-74,18;141,77,2;151,3,7;157,3,10;161,1,3;162,-21,-19;164,5,6;170,0,3;171,24,22;174,-22,-19;180,2,5;181,18,21;191,6,6;200,-8,1;201,12,6;208,-3,17;210,3,3;211,3,-14;219,7,16;221,0,0;241,8,14
rua||edson rubens brasilino dos santos|prolongamento recanto elimar|14402313|850,-2056567,-4737598;860,5,-3;861,24,12;862,-8,-1;870,-4,-12;871,25,14;874,4,-76;881,-2,75;882,-15,1;885,22,-8;890,-15,5;893,19,4;897,3,-1;900,-14,-2;901,21,8;906,-18,-6;910,7,3;911,17,8;918,-9,-6;920,1,7;921,14,4;925,2,-4;930,-14,0;931,26,2;935,2,6;940,-12,-8;941,16,0;950,-14,12;960,10,5;970,12,-6;980,12,5;990,6,-4;996,7,5;1000,4,5;1010,6,2;1016,7,2
rua||elias candido de souza|parque moema|14409175|2520,-2050989,-4739647;2525,7,-16;2535,3,-7;2545,2,15;2555,15,-13;2557,5,-2;2560,-3,14;2565,8,-8;2570,-4,-3;2580,9,3;2586,-4,-11;2592,21,9;2594,4,-3;2600,15,1;2615,17,-8
rua||elias nassif sobrinho|sao joaquim|14406346|190,-2054334,-4742419;200,1,-10;210,10,-9;220,8,-7;221,-1,7;223,-1,-2;225,-3,1;230,16,-18;231,-8,8;241,9,-12;251,6,-7;260,7,-6;270,8,-8;271,-7,7;280,14,-14;281,-3,1;290,12,-5;300,3,-15;301,-5,2;303,4,0;310,7,-7;311,1,-1;320,9,-1;321,-3,-4;330,10,-5;331,-4,2;341,6,-2;355,4,-15;360,12,4;361,-3,-10;411,37,-43;421,6,-9;441,21,-17;450,15,-5;460,2,-5;461,-7,3;470,10,-13;471,-5,4;481,8,-13;490,10,2;491,-2,-7;500,10,-5;501,-10,3;510,17,-8;511,-2,-5;520,9,-7;521,-4,2;530,3,-12;531,3,6;540,4,-6;541,2,-2;550,8,-5;551,-2,-3;561,7,-6;563,9,-11;569,3,-10;573,6,-1;591,-18,-18;597,36,-9;601,-6,16;621,0,-21;631,2,-11;651,51,-70;671,2,-2;701,396,-225;703,5,-3;721,1,-2;741,0,0;751,0,0;761,-5,1;771,-352,209;800,61,-32;801,-15,-3;811,226,-39;821,-216,27;830,10,2;831,2,-14;836,-1,10;840,2,-4;841,0,-9;850,62,-53;851,-54,55;860,56,-57;861,-53,49;870,13,-11;871,-4,-7;880,12,4;881,-8,-4;890,36,-27;891,-27,16;900,15,-9;901,-69,72;910,67,-70;911,-4,-3;920,3,4;921,6,-19;930,8,11;931,0,-11;932,-1,5;941,10,-14
rua||elias sampaio da silva|distrito industrial|14406795|2020,-2054857,-4742815;2060,-34,-57
rua||elisa keisa da silva|recanto elimar|14403303|550,-2056764,-4737809;551,-14,25;570,22,-101;571,6,-11;1660,30,-250;1670,4,2;1671,-5,8;1680,0,5;1681,3,2;1685,6,1;1691,-1,11;1700,-9,1;1701,6,9;1710,-8,-1;1711,7,9;1720,-12,1;1721,3,5;1727,3,16;1730,-1,-3;1731,4,-5;1740,-7,6;1741,4,6;1744,-5,-8;1749,-2,22;1750,-1,-6;1751,5,2;1754,0,-7;1757,-1,12;1759,3,4;1760,-12,0;1761,7,2;1770,-4,4;1771,2,12;1780,-3,3;1781,1,-3;1790,-7,13;1791,12,-6;1800,-17,39;1810,-2,56;1811,12,-54;1820,-13,46;1821,2,4;1830,-7,19;1831,1,-9;2131,1,56
rua||elivelton antonio de souza|pq colina espraiado|14403749|4320,-2055320,-4738058;4355,-295,-75;4531,300,86;4550,-30,-13;4551,0,1;4560,-14,-7;4570,-6,-1;4571,0,6;4576,-10,-1;4580,1,-2;4590,-2,6;4596,-4,0;4600,-14,-1;4601,12,0;4610,-19,-8;4611,11,0;4615,-4,-6;4616,-5,13;4620,-7,-9;4626,-12,-10;4630,0,9;4631,11,7;4634,-13,-20;4637,9,16;4640,-11,-7;4644,-9,0;4650,-4,2;4651,9,-2;4660,-19,-6;4661,10,4;4666,-9,-12;4670,-12,13;4671,8,-5;4680,-9,5;4681,-13,-10;4691,1,6;4730,-55,-23;4740,-7,3;4744,-9,-11;4750,0,4;4751,-1,1;4754,-6,9;4755,-1,-7;4760,-4,0;4761,1,-8;4771,-13,3;4791,-15,-25;4801,-3,16;4809,-12,-4;4811,3,-1;4820,-2,-3;4821,-9,3;4825,-2,2;4831,-4,-3;4841,-15,2;4860,-28,-23;4870,-1,4;4871,-4,6;4880,53,8;4890,-65,-22;4891,-7,10;4901,-14,-4;4921,-13,-5;4930,-14,-9;4931,5,4;4940,6,-1;4941,-10,8;4951,-7,-4
rua||emilia garcia sanches|residencial ana dorotheia|14412208|4490,-2055461,-4735820;4500,3,3;4510,9,2;4520,-4,3;4530,11,-2;4540,8,-2;4550,1,15;4560,13,-4;4570,2,-7;4571,-1,4;4580,5,3;4581,2,-5;4590,4,6;4591,-1,-4;4600,-1,2;4601,11,5;4610,-7,-3;4611,12,-3;4620,1,2;4621,9,3;4630,-9,0;4631,11,3;4640,-2,9;4641,4,-14;4650,1,2;4651,1,2;4660,1,15;4661,4,-10;4670,4,-6;4671,0,2;4680,-46,-2;4681,57,5;4682,-4,0
rua||emilia scalabrini|residencial antonio gonzales|14403831|5434,-2056581,-4737116;5435,5,9;5444,-13,-9;5445,-2,0;5454,-2,-1;5455,-8,5;5464,-4,-12;5465,-2,3;5474,-6,-5;5475,54,-23;5484,-64,17;5485,-1,2;5494,-12,0;5495,-2,3;5504,-5,-7;5505,2,5;5514,-5,-9;5515,-2,0;5520,1,-5;5524,-12,1;5525,2,0;5535,-14,-2;5545,-4,-7;5554,-8,-1;5555,-6,-3;5564,-1,-1;5574,-6,4;5584,-8,-16;5585,12,20;5594,-26,-22;5604,-7,-1;5605,-1,12;5614,-9,-17;5615,-5,2;5624,6,-8;5634,-12,-4
rua||emilia scalabrini|residencial jose carlos|14403831|5034,-2056222,-4736969;5035,-17,-2;5044,8,-1;5045,-14,-1;5054,3,-9;5055,-13,2;5064,6,-2;5074,-12,-4;5075,-193,-226;5084,188,223;5085,-3,5;5094,-2,-6;5095,-11,0;5104,0,-4;5105,-11,3;5114,0,-8;5115,-1,1;5124,-6,-3;5125,-6,-1;5134,-5,-5;5135,-1,1;5144,-9,-5;5145,-2,8;5154,-3,-9;5155,-14,8;5164,11,-11;5165,-20,1;5174,12,-3;5175,-8,-20;5184,-8,17;5185,-9,11;5194,4,-20;5195,-18,19;5204,11,-41;5224,-21,11;5225,-10,7;5234,0,-11;5235,-3,3;5244,-9,-5;5245,-5,7;5254,-1,-7;5255,-12,0;5264,4,-8;5265,-14,3;5274,8,-8;5275,-15,2;5284,5,-1;5285,-15,2;5294,3,-4;5304,-7,-4;5314,-4,-4;5324,-12,-3;5334,-8,-10;5344,-10,10;5345,-1,-3;5354,-1,-9;5355,-11,6;5364,-3,-9;5365,-2,0;5374,-7,-1;5375,-6,-3;5384,0,-3;5385,-8,3;5394,-2,-2;5395,-7,1;5404,-6,-3;5405,0,-2;5414,-2,-7;5415,-11,0
rua||ermelindo scott|residencial julio delia|14406614|3431,-2052718,-4744545;3441,-10,-5;3448,12,-6;3451,-11,-2;3452,7,-4;3460,-3,-2;3461,-6,-9;3471,-7,0;3481,1,-9;3491,-13,-1;3501,-1,-5;3511,0,-13;3521,-8,-3;3531,-8,-12
rua||ernesto silvio|city petropolis|14409597|900,-2047574,-4739657;910,14,9;911,-6,3;913,20,-8;920,-12,7;921,12,4;923,-2,-2;925,-7,0;930,10,5;931,4,-4;933,-5,1;941,14,3;950,8,8;951,0,-1;956,-6,4;960,13,-2;961,-2,2;970,13,0;971,-6,7;975,7,1;976,-12,6;980,9,4;981,10,-3;990,4,9;991,-1,-14;992,-76,-34;1000,75,46;1001,13,-8;1010,-5,15;1011,-1,-8;1020,18,11;1021,0,0;1030,1,5;1031,1,2;1040,8,7;1041,2,-10;1049,9,8;1050,-5,3;1051,7,8;1053,-6,-10;1060,3,8;1061,10,0;1070,-1,7;1071,12,-2;1080,-6,9;1081,12,-5;1090,-2,5;1091,9,4;1100,2,9;1101,6,-10;1120,3,30;1121,18,-4;1123,29,-24;1124,-50,32;1130,20,-6;1131,6,-11;1132,6,16;1140,-5,-1;1141,1,-2;1150,2,0;1151,13,6;1160,-3,6;1161,-3,-16;1170,11,20;1171,0,-1;1180,5,7;1181,2,-18;1183,1,12;1190,8,4;1191,9,-3;1196,-2,6;1198,3,11;1200,-20,6;1201,23,-15;1210,0,7;1211,14,-1;1212,-7,6;1215,-7,-22;1220,12,28;1221,5,-14;1230,-1,9;1231,12,3;1240,-1,12;1241,7,-7;1250,-1,-4;1252,2,8;1260,-1,14;1261,13,-12;1270,-4,14;1275,-1,-16;1280,26,27;1281,-7,-12;1290,5,11;1301,-10,-16
rua||esmeralda lima e silva|jardim pulicano|14406754|2725,-2051232,-4744266;2730,10,-112;2735,-2,104;2745,-10,-16;2750,19,3;2755,-22,-16;2760,15,10;2765,-2,-8;2770,4,-7;2775,-15,-3;2776,13,-3;2780,-4,-8;2785,-8,-5;2786,14,2;2795,-8,-2;2800,6,-2;2805,-11,-13;2806,11,12;2810,2,-11;2815,-14,-10;2820,13,7;2825,-13,-13;2830,15,-7;2835,-14,-8;2840,21,9;2845,-19,-20;2850,7,-12;2855,3,5;2865,-5,-18;2875,-9,1;2885,11,-12
rua||espirito santo|cidade nova|14401226|204,-2052497,-4738824;366,-10,-25;372,4,5;376,-1,3;382,4,5;392,-3,10;394,1,0;404,6,13;424,-9,13;486,17,71;493,9,0;498,-15,2;505,1,8;510,1,-3;512,-2,6;515,22,2;516,-20,12;519,-2,1;520,8,-1;522,-8,-3;524,0,0;530,5,12;531,-5,7;540,8,19;558,-7,3;559,11,-1;565,1,10;568,-11,5;571,12,1;617,3,35;627,3,13;629,-4,-1;633,1,12;641,5,8;643,-3,-6;649,2,33;653,3,-11;663,-1,13;665,0,1;667,-1,21;669,1,11;675,-4,-37;677,-1,0;685,9,20;689,-24,42;697,17,-43
rua||espirito santo|jardim bethania|14401226|829,-2052476,-4738359;831,2,3;863,6,3;865,7,4;871,2,9;881,-4,15;891,-1,14;901,7,9;921,2,12;979,-2,56;989,5,17;999,0,0
rua||espirito santo|jardim boa esperanca|14401226|743,-2052466,-4738463;747,0,7;757,0,5;761,1,8;771,-3,2;781,4,19;787,-1,4;791,3,-1;807,-4,18;815,1,4
rua||espirito santo|jardim paulista|14401226|1331,-2052428,-4737929;1341,0,6;1343,-4,-1;1351,3,15;1361,4,17;1363,-4,-15;1365,0,8;1391,3,25;1411,4,15;1431,-1,22;1451,1,18;1487,2,36;1511,2,9;1521,-3,-3;1537,3,24;1541,4,25;1543,-5,0;1545,4,2;1547,0,-13;1555,2,28;1623,1,48;1624,-10,12;1630,13,17;1633,1,-20;1640,-4,41;1645,2,-24;1650,-3,25;1651,1,-22;1655,4,0;1661,3,11;1663,-4,-4;1671,4,14;1672,-7,0;1673,7,8;1674,-9,5;1713,4,31;1715,4,7;1722,0,12;1724,1,86;1726,9,-90;1731,-5,4;1732,-3,92;1734,1,-1;1739,1,-90;1741,3,8;1742,-9,9;1750,0,10;1751,6,-5;1753,1,2;1754,-7,3;1760,2,8;1761,1,-4;1766,-2,5;1770,2,5;1771,2,1;1781,3,3;1789,-6,7;1791,5,-10;1797,0,27;1800,-2,22;1802,1,-23;1804,0,22;1806,-2,-1;1807,6,-13;1808,-6,13;1809,7,-6;1810,-13,-10;1814,6,16;1819,2,3;1820,-1,-4;1829,5,11;1830,-6,-10;1835,7,19;1840,2,0;1850,-3,11;1871,2,20;1881,-4,12;1884,4,-1;1891,0,6;1894,9,0;1896,-11,9;1901,4,0;1903,4,0;1904,-9,1;1905,12,7;1908,-13,0;1910,0,-1;1911,5,7;1912,-3,-5;1914,5,2;1915,2,2;1921,3,14;1924,-8,-2;1930,1,5;1932,-1,5;1934,-41,-3;1937,42,-2;1939,5,8;1940,-4,4;1942,-9,-2;1944,9,-2;1945,7,7;1946,7,-6;1948,-14,4;1951,-2,-4;1957,2,11;1958,5,14;1967,5,-3;1968,-7,8;1970,-11,5;1972,4,8;1974,4,-11;1975,26,-1;1976,-28,0;1977,5,7;1978,-2,-1;1980,4,4;1981,6,9;1982,-9,-9;1983,8,1;1984,-10,-3;1985,10,3;1987,-1,-1;1988,-8,3;1997,5,14;1998,2,-8;2000,-23,7;2007,27,13;2008,-3,-1;2031,4,40;2033,0,-2;2038,-5,-2;2041,3,13;2048,-1,2;2051,0,3;2058,-2,8;2061,9,-1;2065,2,2;2069,4,16;2088,-14,-7;2098,4,32;2108,3,14;2114,4,15;2116,-1,4;2118,2,9;2232,-1,53;2246,1,16
rua||espirito santo|parque vila izabel|14401226|1131,-2052447,-4738098;1181,2,16;1185,4,1;1191,1,15;1211,1,12;1221,-5,17;1223,2,-11;1231,0,11;1241,0,14;1243,2,5;1251,-3,8;1261,6,10;1281,-3,19;1301,7,5
rua||espirito santo|vila aparecida|14401226|602,-2052482,-4738618;612,-8,-2;616,3,9;630,-1,2;632,0,5;634,0,6;636,9,4;638,-15,-24;646,11,36;656,4,5;662,-1,21;664,-2,-14;676,6,8;690,-5,16;696,-1,10;704,3,13;714,-3,-4;748,9,65;758,-3,5;794,-3,-59;798,8,93;802,1,5;808,-3,16;835,5,45;860,0,6;870,5,54;880,0,-2;910,-2,-20;920,1,18;930,1,3;972,1,57;982,0,14;988,6,-2;992,-3,4;994,1,-4;998,-4,12;1150,11,129;1180,-2,19;1190,4,7;1200,2,7;1210,1,7;1260,1,41;1270,2,14;1320,6,52;1330,-2,5;1334,4,10;1338,-5,-1;1340,7,0;1346,-3,6;1350,-1,13;1352,1,-3;1360,1,6;1368,5,9;1370,-1,6;1372,-2,-6;1380,0,14;1382,0,0;1394,0,10;1408,0,7;1412,1,9;1414,-2,0;1422,4,8;1424,3,0;1428,0,6;1430,16,9;1438,-21,1;1448,1,7;1500,2,37;1510,0,22;1518,2,4;1520,-3,2;1530,8,7;1540,-4,10;1544,-2,-3;1546,9,14;1548,-4,-13;1556,7,21
rua||estacio bernardino seixas|jardim meireles|14407272|1835,-2050955,-4742804
rua||estacio bernardino seixas|residencial meirelles|14407000|1723,-2050865,-4742736;1725,15,2
rua||estacio bernardino seixas|residencial meirelles|14407272|1810,-2050979,-4742811;1820,18,6;1830,-4,2;1840,7,6;1850,2,8;1860,0,8;1870,15,6;1890,16,10;1900,0,8;1910,8,8;1920,4,7;1930,9,2;1940,-2,6
rua||fernanda luisa batista dos santos|residencial santa clara|14406610|870,-2052628,-4744430;880,5,4;890,6,-8;900,12,2;910,7,9;920,5,3;940,15,-2;950,8,-4;960,4,5;970,11,-7;971,11,0;980,-15,-2;981,11,-6;983,7,12;990,-8,11;991,15,1;1000,4,-8;1001,12,-1;1010,-13,8;1011,13,-9;1020,-2,13;1021,-1,-5;1030,9,4;1031,0,-7;1040,20,-21;1041,-8,22;1053,12,0
rua||flora barbosa sandoval|jardim maria gabriela|14409029|4895,-2051289,-4739858;4939,16,61
rua||flora barbosa sandoval|jardim maria gabriela|14409032|4890,-2051301,-4739851;4940,11,51;4980,21,70;4990,3,-8;5000,-2,4
rua||flora barbosa sandoval|parque doutor carrao|14409032|5040,-2051251,-4739668;5075,18,42;5077,-8,-10;5110,-12,13;5160,28,54;5170,3,6;5171,6,3;5173,2,14;5175,6,2;5177,3,5
rua||francisca ferreira salles|residencial meirelles|14407266|1655,-2051179,-4742793;1660,7,1;1665,3,3;1670,-5,6;1675,8,-1;1680,-1,5;1685,7,4;1690,-2,3;1695,7,2;1700,0,0;1705,6,6;1710,-3,2;1715,6,3;1720,2,5;1725,6,4;1730,2,2;1735,6,9;1740,-4,-5;1745,8,2;1750,-4,4;1755,6,4;1760,4,0;1765,5,14;1770,-5,-14;1780,13,14;1790,-1,6;1815,17,21;1820,6,7;1825,1,-3;1830,7,6;1835,-5,2;1840,10,-3;1845,0,6;1850,-1,3;1853,6,3;1854,-1,12;1855,6,-7;1860,-3,3;1865,5,4;1867,2,-3;1870,1,6;1875,2,-1;1879,4,-1;1880,2,5;1885,-2,2;1900,12,14;1905,1,0;1910,6,6;1915,4,-1;1920,-3,8;1925,7,-4;1935,5,9;1940,6,10;1945,0,-7;1950,3,9;1955,0,1;1965,8,4;1970,-4,12;1980,15,4;1985,-1,-3;1990,2,18;1995,7,-13;1998,-3,1;2000,7,6;2005,7,2;2010,0,1;2015,-3,3;2020,5,8;2022,12,11;2025,-12,-18;2027,9,5;2035,-8,9;2040,4,-7;2045,14,14;2050,1,7;2055,-1,-7;2070,15,22;2075,2,-5;2085,4,5;2095,2,10
rua||francisco assis de souza|parque do horto|14409348|250,-2049031,-4740327;260,293,-382;273,-9,20;291,12,-5;301,-149,187;321,95,-141;350,-20,37;360,-465,532;375,-18,9;393,475,-529;431,-55,81;441,-1,5;451,-5,9;460,-5,-12;461,0,13;462,-2,-4;470,-21,38;471,21,-27;481,-3,17;558,225,-305;582,-334,424;601,-3,14;621,-25,17;650,-11,1;690,-45,25;932,-42,54;962,-33,35;971,-30,42;981,2,0;985,-6,5;992,2,5;997,-2,2;1000,-15,10;1004,-112,-32;1008,108,45;1012,-1,-5;1016,-6,6;1020,-3,2;1028,-1,5;1032,-3,1;1036,0,2;1040,-8,6;1044,6,19;1048,-11,-10;1051,5,1;1052,-11,-2;1056,3,3;1061,-14,21
rua||francisco assis tomas da silva|distrito industrial|14406074|2320,-2054942,-4743340;2338,-2,-121;2341,-21,66;2351,-1,-4;2353,0,-11;2370,13,-32;2440,8,-34;2441,-20,-21;2480,18,-15;2481,-20,-12;2500,17,-10;2541,-16,-42;2551,2,-15;2650,13,35
rua||francisco bernardes da silveira|parque vicente leporace i|14407043|511,-2050338,-4741325;521,1,-7;530,10,5;531,0,0;540,11,-5;541,-2,1;550,8,-3;551,0,-1;560,12,-1;561,-1,-2;570,8,2;571,-5,-6;580,12,3;581,-7,-5;590,12,6;591,1,-14;600,9,10;601,8,-13;610,-4,6;612,-3,0;620,14,-4;630,5,-4;631,6,-13;640,-7,3;641,19,-10;650,-11,14;651,13,-19;660,-10,9;661,22,-18;670,-17,10;671,15,-21;680,-5,22;681,14,-22;690,-5,10;691,11,-26;693,-3,-6;694,-5,33;700,1,-3;701,9,-37;710,-11,31;711,13,-36;720,-4,27;724,-1,1;730,1,-5;740,4,-10
rua||francisco de paula silveira|jardim bueno|14401371|1410,-2053000,-4737481;1420,-10,0;1430,-11,3;1440,-17,1;1450,-11,1;1460,-9,-1;1470,-10,3;1480,-10,1;1490,-12,0;1500,-13,-2;1510,-4,8
rua||francisco de paula silveira|jardim paulista|14401371|1360,-2052948,-4737493;1365,3,17;1370,-13,-11;1375,-2,7;1380,-7,-2;1385,-2,7;1390,-10,-8;1395,1,11;1400,-14,-5;1405,1,6;1410,-10,-10;1415,-2,9;1425,-12,2;1435,-17,-4;1445,-1,16;1455,-19,-16;1465,-6,7;1475,-12,1;1485,-16,1;1495,-7,5
rua||francisco scott|jardim aeroporto 1|14404072|412,-2057730,-4738022
rua||genaldo clemente da silva|parque do horto|14409344|140,-2048800,-4740793;141,16,5;143,0,2;150,-13,3;151,13,-5;153,-5,0;160,-7,9;161,16,-1;170,-18,-3;171,15,7;180,-2,13;181,5,-7;190,-13,3;191,14,9;193,1,1;200,-8,2;201,3,-2;210,1,13;211,8,0;220,-14,7;221,19,4;230,-13,8;231,15,-8;240,-17,10;241,16,-3;250,-13,17;251,14,-3;252,-14,6;260,0,6;261,16,-3;270,-1,-10;271,-2,10;280,6,22;290,-10,-7;300,0,14
rua||generosa antunes souza|parque do horto|14409349|140,-2048652,-4740844;150,-6,5;160,6,6;168,7,11;170,-1,-4;180,-1,12
rua||geralda theodoro da silva|residencial polo clube|14412320|6541,-2056886,-4736156;6551,-13,6;6555,-4,17;6560,-6,19;6570,0,0;6571,-8,-26;6575,5,17;6580,3,12;6581,-13,-9;6582,-2,13;6585,11,-17;6590,-11,18;6591,-2,-14;6595,-10,36;6600,12,-19;6601,-12,19;6610,5,-15;6611,1,14;6620,-2,-9;6625,1,14;6626,-3,-9;6628,0,1;6630,-9,4;6631,8,10;6640,-8,-9;6641,11,24;6650,-21,-4;6651,0,9;6655,6,-2;6656,-6,-7;6710,-35,62;6711,2,8;6716,-6,-4;6721,-4,9;6725,0,4;6726,-3,-1;6730,-1,3;6736,0,7;6740,-2,5;6741,0,-1;6745,0,4;6751,-3,3;6755,-4,3;6756,0,-7;6760,-4,4;6761,0,8;6765,2,2;6766,-5,0;6770,0,3;6771,1,6;6775,-3,5;6776,-4,-5;6780,10,3;6781,-10,4;6786,-6,-1;6790,0,0;6791,0,15;6796,2,-2;6800,-4,-6;6801,-2,14;6806,-3,-8;6810,-1,3;6811,-4,7;6812,2,9;6815,2,-1;6820,-11,-7;6821,9,-2;6825,-2,15;6830,-9,-3;6831,3,9;6835,0,1;6840,1,-11;6841,0,15;6844,-8,5;6845,6,-10
rua||geraldo cassiano da silva|residencial san diego|14403197|2080,-2056738,-4739834
rua||geraldo flausino de senne|residencial julio delia|14406584|981,-2052680,-4744659;991,9,-30;1001,1,-3;1002,14,18;1010,-13,4;1011,0,-32;1018,0,30;1021,-2,-36;1025,-4,-6;1026,8,31;1034,-4,-3;1042,3,-13;1050,0,-3;1051,-11,-19;1058,13,7;1066,-4,-5;1074,2,-12;1082,5,-1;1090,3,-14;1091,-1,-17;1098,-3,11;1106,0,-11;1114,1,-3;1121,-9,-10;1122,9,7;1130,3,-8;1138,-2,-15;1141,4,-12;1146,-1,1;1154,0,-6;1162,-6,-7;1170,0,-6;1171,-3,-33;1178,3,28;1192,9,-11;1196,-5,-18
rua||geraldo gomes de souza|parque castelo|14403205|630,-2055590,-4739536;631,-7,10;632,-3,-5;640,-5,2;641,2,4;650,-12,-7;651,-3,7;660,-5,1;661,0,2;670,-12,-4;671,-1,4;680,-10,-6;681,6,7;690,-15,0;691,5,5;701,-13,-6;711,-4,6;751,-35,-3;760,-13,-5;761,0,13;770,-8,-5;771,-5,2;780,-3,2;781,-2,3;790,-8,-1;791,-2,2;800,-9,-3;801,-4,13;811,-10,-3;821,-9,-1;830,-4,-3;831,-9,11;840,-4,-11;841,-3,11;850,-4,-8;851,-6,12;853,6,-4;855,-4,3;860,-3,-5;861,-10,9;870,1,-8;871,-7,5;890,-14,-3;891,-9,10;901,-8,-9
rua||geraldo rodrigues de souza|residencial polo clube|14403785|6655,-2056703,-4735896
rua||geraldo rodrigues de souza|residencial polo clube|14412310|6480,-2056630,-4736043;6490,3,20;6496,-6,5;6500,0,0;6506,-5,3;6520,-8,13;6526,-4,6;6530,-5,10;6540,-1,3;6550,-10,6;6556,-1,5;6570,-5,13;6580,-4,12;6590,-11,6;6596,8,-1;6600,-7,5;6606,-6,5;6630,-8,22;6640,-7,8;6700,-39,56;6701,-1,20;6710,3,-8;6711,-1,7;6720,-4,-5;6721,1,10;6726,-5,2;6730,-9,6;6731,9,4;6740,-6,-2;6741,-2,9
rua||gervasio barbosa sandoval|jardim consolacao|14400040|1213,-2055154,-4740765;1220,5,18
rua||gil jose de souza|jardim maria gabriela|14409041|1,-2051803,-4739792;2,0,6;3,0,5;4,0,-6;1630,17,78;1705,22,58;1711,5,15;1871,-27,-57;3757,-32,-169;3765,2,-7;3815,7,67;3835,3,12;4950,52,174;4980,-4,14;4990,7,10;4991,4,6;4996,-2,4;5000,-4,12
rua||homero barbosa sandoval|jardim maria gabriela|14409021|2455,-2051074,-4739697
rua||homero barbosa sandoval|parque doutor carrao|14409021|2165,-2051346,-4739605;2175,12,-13;2180,-7,-8;2185,11,8;2190,6,6;2195,3,-11;2200,2,10;2204,5,0;2205,1,-15;2210,2,13;2215,9,-17;2220,0,11;2225,10,-9;2230,3,5;2235,7,-6;2240,-2,7;2258,1,-15;2260,16,8;2265,10,-13;2270,2,12;2275,5,-16;2295,23,-4;2300,-8,15;2302,7,-7;2304,0,0;2305,4,-4;2312,-1,6;2315,4,-14;2320,11,9;2325,1,-1;2330,8,2;2335,-2,-2;2340,10,-4;2345,5,-5;2350,-1,2;2360,9,1;2365,12,-19;2370,1,14;2375,3,-9;2384,0,5;2385,8,-8;2390,6,6;2395,9,-12;2400,-3,8;2405,2,-14;2410,5,10;2415,9,-5;2425,10,5;2435,9,-21;2440,7,21
rua||homero barbosa sandoval|parque moema|14409021|2462,-2051072,-4739698;2505,43,-12;2515,14,-6;2520,7,10;2525,3,-18;2530,2,15;2535,9,-15;2540,4,6;2545,4,-6;2550,2,-3;2555,8,-1;2565,10,-5;2570,3,25;2575,6,-27;2580,-13,3;2585,25,-11
rua||horacio saturi|jardim panorama|14402505|1360,-2051869,-4735249;1361,-16,1
rua||hygino luccas silva|jardim paineiras|14407760|4491,-2047687,-4741629;4501,4,4;4509,11,-8;4511,6,0;4531,9,-6;4541,9,2;4551,12,-10;4561,17,1;4563,-5,0;4571,17,-7;4573,-13,5;4581,16,-12;4871,276,-43;4879,10,8;4880,-4,-3;4881,9,7;4889,4,-3;4890,-2,-3;4893,5,3;4899,2,-3;4901,9,3;4911,-3,-1;4921,14,-3;4931,7,4;4937,3,3;4939,2,1;4941,6,-1;4961,21,3;4963,-2,4;4971,7,-2;4981,7,5;4991,5,0;4995,4,0;5001,11,2;5003,4,-3;5009,3,2;5021,6,12;5023,8,-5;5031,3,4;5051,20,-2;5061,12,-5;5063,-1,6;5073,6,2;5091,28,4;5101,9,0;5131,18,8;5141,6,-2;5151,6,8;5153,4,-3;5161,7,5;5171,6,6;5181,15,-10;5191,2,13;5193,6,-4;5201,10,-4
rua||hygino luccas silva|jardim paineiras|14407764|4611,-2047578,-4741651;4613,5,-3;4623,13,3;4631,1,-10;4641,12,8;4651,9,-2;4661,7,-5;4671,7,-3;4681,11,-5;4683,-1,-6;4691,13,-1;4693,-2,3;4701,11,-3;4709,-1,-3;4711,11,2;4719,5,-5;4721,0,-1;4731,13,-6;4741,4,2;4743,7,-4;4751,7,-6;4761,4,10;4763,4,-5;4771,3,-5;4773,5,1;4781,8,-2;4801,19,-3;4809,4,-2;4821,15,2;4833,7,-9
rua||hygino luccas silva|jardim paineiras|14407765|4610,-2047581,-4741656;4620,18,0;4630,5,-2;4632,9,0;4640,4,-2;4642,1,-3;4650,11,1;4660,7,-7;4670,11,-1;4680,7,-2;4690,6,-5;4712,22,-3;4720,14,0;4730,1,-1;4740,8,-4;4742,3,1;4750,7,3;4760,4,-6;4770,12,-2;4772,2,-9;4780,6,4;4790,17,0;4800,9,1;4810,-1,-5;4820,15,-4
rua||ilton barbosa da silva|parque vicente leporace i|14407327|440,-2050075,-4741178;450,10,5;460,-10,-17;466,-3,-2;470,9,-5;480,7,-9;486,5,2;490,-2,-10;500,4,-7;510,13,3;514,-5,-8;520,20,-15;530,-12,4;540,3,-6;550,7,-9;560,4,-6;570,3,-8;590,3,-14;614,20,-34;620,9,-7;630,-4,-8;640,6,-9;642,2,-2;650,0,-6;660,7,-15;670,6,-6;680,4,0;690,3,-11;700,11,-13;710,6,-11;740,38,-15;745,-13,10
rua||irene morato da silva|jardim monte carlo|14410183|5301,-2048843,-4737246;5306,38,6;5341,52,14;5415,57,2;5420,9,19;5425,3,-14;5427,21,9;5429,2,-9;5480,-73,2;5520,-1,21;5530,117,40;5700,118,85;5710,5,-14;5750,79,53;5900,93,69;6961,-256,-196
rua||irene morato da silva|recanto fortuna|14410183|5250,-2048850,-4737266;5256,18,7;5260,37,8;5322,22,9;5342,13,9
rua||isaura nalini sodre|vila sao sebastiao|14406659|555,-2052866,-4742366;560,-2,-2;565,10,7;570,-9,-4;575,18,-4
rua||isolina telini scarabucci|vila industrial|14403413|2516,-2054200,-4739275;2540,-3,20;2560,-8,31;2570,-1,17;2580,-6,13;2590,2,11
rua||ivana maria de souza|residencial ana dorotheia|14412237|6218,-2054507,-4735890;6221,6,-12;6231,2,6;6241,-22,7;6251,9,13;6253,4,0;6259,-8,4;6261,-2,4;6271,2,6;6275,-8,2;6281,-8,11;6291,-1,7;6301,-5,6;6307,1,0;6311,-7,5;6321,-4,12;6323,-7,5;6329,3,0;6331,50,-81;6333,-53,86;6341,-3,6;6347,-10,1;6351,0,7;6355,2,2;6361,0,1;6371,-6,12;6383,-7,7
rua||ivo scarabucci|jardim luiza i|14407559|2529,-2049108,-4742438;2539,10,3;2540,3,7;2549,12,-14;2550,-6,14;2559,20,-14;2560,-9,19;2565,16,-16;2567,-5,-3;2569,4,1;2570,-2,15;2573,3,-9;2580,6,12;2590,4,-4;2596,6,-4;2599,3,-9;2600,3,7;2609,6,-2;2610,8,4;2619,7,-9;2620,-7,10;2629,11,-14;2630,0,12;2636,4,-3;2639,8,-12;2640,-1,18;2649,12,-13;2650,2,0;2659,1,2;2660,1,6;2669,9,-16;2670,9,4;2679,2,-5;2680,5,10;2689,10,-6;2690,4,5;2700,7,8;2859,-104,-8;2982,75,6
rua||jaime salomao|jardim angela rosa|14403666|2800,-2054278,-4737924;2810,2,2;2820,-24,3;2830,-11,5;2836,-9,-2;2844,6,1;2850,-10,-5;2860,-10,3;2862,-12,6;2864,-17,-15;2870,94,12;2872,-71,0;2880,76,3
rua||jair correa santos|residencial ana dorotheia|14412177|5915,-2054135,-4735886;5925,12,-1;5935,4,-1;5939,3,-1;5945,8,-1
rua||jair correa santos|residencial ana dorotheia|14412213|5735,-2054277,-4735832;5755,6,-5;5765,17,-6;5770,-3,4;5775,7,-10;5780,0,3;5785,12,-5;5795,8,-5;5800,0,5;5805,3,-5;5810,9,-2;5820,3,-2;5826,5,6;5830,8,-9;5835,4,-8;5840,-4,7;5850,15,-5;5855,5,-7;5860,2,8;5870,15,-9
rua||jamil cesar da silva|parque do horto|14409343|143,-2048729,-4740824;5850,-714,158;5901,-106,42
rua||jeovanio carmo silva|aeroporto iii|14404284|1100,-2058665,-4737696;1105,16,3;1107,0,0;1108,-25,9;1113,2,6;1116,-2,2;1121,-4,5;1123,0,0;1124,-4,1;1129,4,5;1132,-5,-1;1137,-1,7;1140,-11,-3;1145,3,6;1148,-9,-2;1153,9,10;1156,-16,-9;1161,12,18;1164,-10,-17;1169,3,26;1172,-3,-10;1180,0,11;1185,-9,5;1193,-5,10;1196,0,-5;1201,-2,11;1204,-7,-16;1209,7,22;1212,-2,-4;1217,-4,13;1220,-20,-13;1225,16,16;1228,-2,-4;1233,1,10;1236,-6,-2;1241,0,10;1249,-4,0;1250,2,0;1257,-7,11;1260,-2,4;1265,0,3;1268,-15,-12;1273,18,15;1276,-13,-2;1281,6,5;1285,2,6;1288,-12,-1;1289,7,9;1293,-7,2;1297,-4,15;1298,3,-20;1326,-23,35;1330,-4,4;1334,5,2;1350,-13,8;1354,-6,16;1358,-2,-2;1366,-4,15;1374,-3,-6;1382,-9,14;1398,-6,6;1406,-9,9;1414,-2,10;1422,0,0;1430,-5,12;1438,-10,1;1442,3,17;1446,-3,-13;1454,-10,4
rua||jeres benedito souza|jardim antonio petraglia|14409194|1840,-2051336,-4739507;1845,42,11;1860,-39,-9;1895,41,1;1950,24,59;1952,4,-2;1954,-5,3;1956,6,-12;1960,6,18;1970,9,10;1990,15,13;2000,3,3;2010,16,14;2020,7,8;2030,4,4;2050,15,12;2060,9,8;2070,5,8;2080,5,10;2090,7,0;2110,18,23
rua||jeres benedito souza|jardim petraglia|14409194|2160,-2051101,-4739287;2174,7,12;2180,4,4;2190,9,6;2200,7,10;2204,14,4;2220,8,20;2240,19,13;2242,-9,-4;2250,16,16;2270,8,10
rua||jeres benedito souza|vila totoli|14409194|1935,-2051264,-4739453;1945,9,5;1965,14,20;2035,49,42;2045,13,17;2075,23,16;2085,13,4
rua||jeronimo goncalves da silva|jardim paraty|14403797|5589,-2055578,-4736376;5798,-124,-48;5803,14,-4;5804,6,11;5805,10,-3;5808,-10,1;5817,19,8;5818,-12,-1;5825,26,3;5828,-10,2;5830,27,16;5835,-9,-15;5838,8,9;5845,4,3;5847,-11,-9;5848,6,6;5857,11,6;5858,-7,-8;5865,10,10;5868,-9,-10;5874,60,20;5875,-35,-3;5876,-17,-12;5878,61,10;5880,1,-2;5882,-56,-2;5885,21,5;5892,-17,5;5896,60,-8;5898,-64,-2
rua||jeronimo goncalves da silva|residencial tellini|14403797|5945,-2055500,-4736401
rua||jeronimo machado silva|jardim paraty|14403790|5908,-2055592,-4736352;5918,8,21;5928,2,4;5938,-1,13;5948,1,3;5958,2,9;5968,9,14;5978,-9,10
rua||jeronimo machado silva|jardim paraty|14403792|5905,-2055586,-4736361;5915,6,17;5921,-5,11;5925,-1,8;5935,4,17;5945,6,-9;5955,4,22;5957,-1,-6;5959,0,2;5965,8,12;6005,3,54;6009,2,6;6018,-7,19;6025,10,-13;6028,-5,26;6030,-2,-11;6037,12,-1;6038,-10,15;6039,1,-16;6040,2,6;6048,-8,6;6055,19,9;6065,-8,15;6068,5,16;6075,3,-9;6078,-7,19;6085,11,-5;6087,-2,1;6088,-5,7;6089,10,-4;6098,-9,23;6099,10,-12;6107,-19,-96;6108,11,117;6109,12,-7;6118,-9,15;6123,9,-10;6128,-9,30;6133,13,-18;6143,1,17;6159,-5,5;6161,-11,-5
rua||jeronimo teodoro souza|jardim guanabara|14405425|3449,-2051901,-4741495;3459,8,3;3463,3,3;3469,6,0;3479,6,2;3481,6,3;3487,8,1;3499,7,4;3509,6,8;3519,15,1;3529,4,-6;3539,13,14;3549,4,-3;3559,14,13;3570,30,8;3580,5,8;3586,9,2;3599,-8,-14;3600,10,16;3609,-14,37;3610,32,-32;3619,-11,8;3629,21,-7;3639,8,-2;3649,33,-24;3653,-27,38;3659,11,-10;3669,-4,-8;3679,5,51;3689,-2,7;3755,66,-19;3765,17,4;3772,6,12;3775,6,-6;3778,-5,5;3784,23,15;3785,-2,-15;3786,-23,-11;3788,13,10;3795,16,10;3838,28,14
rua||jeronimo teodoro souza|jardim integracao|14405425|3138,-2052080,-4741553;3144,9,-4;3148,4,3;3158,6,0;3164,7,-2;3168,4,9;3178,13,2;3208,21,12;3210,1,-2;3218,9,1;3228,7,5;3238,8,5;3248,9,-5;3258,6,3;3260,6,5;3266,0,5;3268,3,4
rua||jeronimo teodoro souza|vila exposicao|14405425|3840,-2051495,-4741329;3850,15,8;3856,-17,-8;3860,13,1
rua||jesus bernardino de souza|residencial ana dorotheia|14412245|4991,-2055025,-4735608;5005,4,2;5011,10,-2;5021,8,6;5031,11,0;5041,6,1;5051,13,6;5055,-6,-7;5057,14,1;5061,-8,2;5071,14,-6;5075,-1,11;5081,8,-6;5085,8,6;5091,3,-6;5095,5,5;5101,6,-4;5111,191,-25;5121,-174,31;5141,11,3;5151,11,-4;5161,12,-2;5217,34,21;5221,7,19;5241,18,1;5261,19,4;5265,1,11;5271,5,-10;5281,-16,53;5285,28,-32;5291,7,2;5295,-4,-6;5301,7,13;5305,4,1;5311,2,12;5321,11,-14;5331,8,14;5335,5,-1;5341,8,21;5351,0,-15;5355,5,0;5361,2,10;5371,10,4;5373,3,-5
rua||jesus bernardino de souza|residencial sao jeronimo|14412386|2570,-2054775,-4735518;5010,-237,-76;5020,12,4;5030,9,5;5130,80,3;5170,64,18;5180,3,2;5200,21,13;5210,6,6;5226,12,8;5230,5,5;5240,3,4;5250,5,1;5260,14,5;5270,3,2;5280,10,10;5290,4,8;5300,9,2;5310,8,4;5320,9,8;5440,84,108;5500,39,42;5535,12,39
rua||joana maria jose silvestre|jardim centenario|14403519|2268,-2053596,-4736470;2440,-14,-16
rua||joao antonio da silva|aeroporto i|14404052|498,-2057879,-4738084;500,4,12;510,5,3;520,2,7;530,13,13;558,0,7;570,9,16;582,10,8;594,9,-11;596,-5,24;598,-8,-8;600,18,-3;608,-3,12;610,8,7;618,-7,5;630,7,8;640,13,13;642,-12,-11;654,16,19;666,2,5;678,11,16;688,1,5;690,0,-9;702,7,21;714,7,9;754,22,30;762,14,12;770,-1,7;774,1,-1;780,8,14;786,-3,-5;798,12,17;810,13,9;822,-2,1;846,8,28;858,9,11;870,4,6;882,4,6;894,9,8
rua||joao antonio da silva|jardim aeroporto 1|14404052|269,-2057990,-4738279;279,8,19;280,-4,1;291,6,7;292,-13,-3;293,21,5;302,-8,11;303,12,-4;304,-9,1;315,11,5;316,-4,10;319,11,-8;324,-4,15;327,4,-10;328,-9,0;339,14,14;340,-1,2;351,7,8;352,-4,-1;363,13,16;364,-4,-7;365,5,5;375,11,5;376,-10,1;387,15,17;388,-21,-2;390,6,-8;399,17,12;400,-56,174;407,62,-164;411,1,-3;423,6,11;435,9,12;436,-18,-6;439,18,6;444,-13,-2;447,18,14;448,-8,2;450,-5,-5;460,2,11;464,5,5;469,9,-13;497,26,47;509,-7,-20;521,13,25;533,5,10;557,3,23;559,4,0;569,8,3;581,3,10;593,12,14;605,10,13;629,14,18;641,-1,8;653,0,12;665,17,11;677,-2,4;689,12,10;701,8,12;705,-2,0;749,27,38;751,1,2;775,4,22;781,14,3;787,-1,13;799,1,0;809,8,8;815,5,-2;823,-1,13;825,1,2;827,6,-2;835,3,16;847,5,5;855,2,11;859,6,1;869,8,2;871,-7,-11;883,11,25;895,5,7;903,1,8;909,10,4;919,0,3;931,7,13
rua||joao antonio sampaio|jardim paineiras|14407766|80,-2047166,-4741395;86,-4,-7;90,0,-4;91,-1,5;93,-9,-7;100,5,7;101,-4,-13;102,3,1;103,-2,-4;110,-1,-7;111,0,-5;112,4,8;120,-3,-10;122,-2,3;127,1,-12;129,-8,-2;130,10,3;131,-9,-7;140,4,-6;141,-3,-1;145,-6,3;150,9,-8;151,-7,-8;160,6,-6;162,-1,5;170,-8,-7;171,0,-3;180,3,-8;181,-10,-5;185,2,-2;190,4,-7;191,-2,-2;200,2,-3;201,-3,-14;202,-3,10;210,-1,-9;211,-2,-4;221,-4,-3;222,8,-3;223,-8,-2;227,-5,-13;230,9,7;233,-8,1;240,6,-12;242,3,6;245,-9,-7;250,4,-3;251,-5,-7;260,5,-2;261,-4,-7;270,2,-6
rua||joao baptista dos santos|parque do horto|14409361|231,-2048907,-4740365;240,-1,15;241,2,-15;250,8,2;251,7,-1;260,3,3;261,-3,1;270,13,-3;271,-1,-3;280,9,2;281,-10,-12;290,15,11;291,1,-7;300,4,-5;301,-2,3;310,4,1;311,1,-1;320,12,1;321,-4,1;330,11,-9;331,0,5;340,12,-7;341,-4,4;350,4,-1;351,1,-2;360,12,-3;361,-7,1;370,14,0;371,-15,-1;380,21,-3;381,-8,-2;390,8,3;391,-1,-6;400,16,2;401,-6,-6;410,10,1;411,-7,-1;421,15,-7
rua||joao batista da silva|jardim piratininga|14403585|2341,-2053780,-4736802;2351,-10,0;2361,-4,6;2371,-9,2;2381,-11,-2
rua||joao batista da silva|piratininga|14403585|2310,-2053768,-4736807;2320,3,4;2324,4,15;2330,-10,-13;2340,-12,-1;2350,-11,1;2360,-4,-4;2370,-9,6;2390,-20,1;2400,-10,-3;2410,-22,-16
rua||joao carola da silva|jardim bonsucesso|14406599|3780,-2052864,-4744971;3781,-8,6;3790,3,-12;3791,-8,0;3800,2,-10;3801,-5,5;3810,-7,-7;3811,-6,1;3820,1,-10;3821,-10,-1;3830,5,-8;3831,-8,9;3840,5,-11;3841,-12,-3;3850,0,-9;3851,2,13;3860,-2,-14;3861,-12,2;3870,1,-13;3871,-7,13;3880,3,-21;3881,-12,5;3890,2,-7;3891,-5,3;3900,0,-13;3901,-2,7;3910,-2,-10;3911,-10,-1;3920,2,-11;3921,-10,8;3930,4,-11;3931,-9,7;3940,1,-15;3941,-6,5;3950,-3,-17;3951,-6,8;3960,0,-12;3961,-5,8;3970,4,-15;3971,-11,7;3980,0,-12;3981,-4,0;3990,4,-2;3991,-12,2;4000,4,-11;4001,-3,1;4010,-9,-18;4020,-3,0
rua||joao de freitas sobrinho|residencial irineu zanetti|14412448|3160,-2056622,-4734610;3175,2,-12;3180,10,10;3185,5,-12;3190,1,13;3195,4,-9;3196,5,6;3200,3,1;3205,0,-9;3206,-1,9;3209,6,-5;3215,5,6;3219,5,-10;3220,5,12;3226,4,-9;3230,5,9;3236,6,-6;3240,8,7;3245,-11,-4;3249,8,5;3255,5,-17;3259,4,3;3260,8,12;3266,1,1;3270,9,5;3275,-2,-10;3279,2,-6;3280,-1,11;3286,12,-3;3290,-2,0;3295,5,2;3299,6,-4;3305,6,-5;3309,1,0;3310,5,9;3315,-3,-3;3316,2,-6;3319,6,2;3320,3,7;3322,7,-1;3324,0,5
rua||joao de souza|jardim sao luiz|14402313|1910,-2053247,-4736518;1920,4,13;1921,1,13;1929,-8,2;1930,1,-10;1931,-3,1;1940,-4,7;1941,-8,8;1950,1,-9;1951,3,12;1960,-14,-4;1961,-1,0;1970,-7,5;1980,-8,6;1990,-7,2;2000,-4,4
rua||joao lopes da silva|city petropolis|14409586|871,-2047966,-4739825;873,0,-8;890,13,7;891,-10,-9;895,1,-8;901,3,-10;910,-5,14;911,0,-22;917,-4,15;919,8,-14;920,7,-6;921,-9,0;923,2,3;926,4,-10;930,5,-4;931,1,3;933,-5,-2;940,4,-9;941,-5,4;946,-1,-11;950,12,-36;951,-18,32;956,12,-5;960,3,-6;961,-8,4;970,9,-15;971,-9,11;975,4,-15;981,-6,0;983,-4,10;991,7,-18;995,-2,-9;999,2,-5;1001,-3,4;1005,14,0
rua||joao luciano da silva|parque do horto|14409331|180,-2049083,-4740380;181,-4,-5;190,3,14;191,-2,-6;200,10,17;201,0,-1;210,0,0;211,0,-4;220,4,13;221,1,0;230,-5,10;231,10,-8;240,-7,14;241,5,0;250,-1,7;251,2,-3;260,2,16;270,-4,8
rua||joao mauricio de souza|jardim samello woods|14403734|3882,-2055402,-4738458;3892,-4,3;3893,11,-3;3902,-16,10;3903,8,-4;3912,-29,14;3913,22,-4;3923,-12,-1;3932,-14,4;3933,0,4;3934,0,-5;3942,-15,10;3943,9,0;3952,-17,16;3953,12,-15;3962,-14,2;3963,-1,3;3973,-3,2;3982,-14,2;3983,5,0;3987,-2,4;3989,-8,3;3991,-4,9;3992,-1,-9;3997,-2,3;4002,-6,1;4003,4,1;4007,-9,1;4012,-2,0;4013,1,2;4017,-3,7;4022,-6,-5;4023,0,2;4029,-3,7;4032,-5,-6;4033,-12,8;4040,6,-5;4043,-6,4;4046,0,14;4052,-6,-11
rua||joao nestor dos santos|jardim paulistano|14402325|1957,-2053307,-4736271;1959,-12,-10;1961,-3,2;1971,-10,-1;1981,-6,7;1991,-9,1;2001,-9,1;2021,-21,2;2035,-10,4;2037,7,-4;2041,-11,10;2045,1,-3;2051,-6,5;2061,-8,9;2081,-29,-5;2083,21,6;2085,-24,4;2091,-5,-1;2101,-9,0;2111,1,-2;2121,-14,6;2131,-17,10;2133,13,-19
rua||joao nestor dos santos|sao luiz ii|14402325|1950,-2053307,-4736294;1956,-12,8;1958,-1,1;1960,-3,1;1970,-14,-2;1972,7,4;1980,-8,-1;2000,-19,4;2010,-14,4;2020,0,1;2024,-7,0;2030,-6,1;2036,2,-4;2040,-12,8;2042,6,-5;2050,-11,6;2052,-1,0;2054,-1,2;2056,-5,-4;2060,-4,0;2064,-3,4;2068,-4,-2;2070,-4,5;2076,-3,3;2084,-1,1;2090,-10,4;2094,5,-2;2100,-15,-1;2104,-9,7;2110,-2,-2;2116,-6,4;2120,-17,14;2470,-316,73;2471,-7,6;2474,12,-19;2480,-22,18;2481,1,3;2482,10,-8;2484,-4,0;2486,-9,7;2490,-4,2;2491,0,2;2500,-4,-5;2501,0,7;2510,-15,-4;2511,3,9;2520,-13,-7;2530,-7,2;2531,3,6;2540,-17,-10;2541,9,20;2550,-14,-11;2551,1,6;2561,-7,4;2571,-10,8;2581,-3,-9;2585,0,3;2591,-10,7
rua||joao nestor dos santos|sao luiz i|14402325|2150,-2053496,-4736242;2151,2,11;2160,-11,-11;2161,2,12;2170,-9,-12;2171,-9,13;2177,-5,3;2180,-1,-8;2181,-2,9;2190,-1,-9;2191,-4,9;2200,-4,-6;2210,-10,3;2211,-5,6;2220,-1,-2;2221,-10,6;2230,0,-5;2231,-1,9;2241,-15,4;2243,2,-2;2250,-9,-7;2271,-16,12;2280,-17,-3;2281,-3,9;2290,-9,-4;2291,4,7;2292,-5,-8;2294,1,-3;2296,-1,-3;2298,2,7;2300,-12,2;2301,6,8;2310,-18,-4;2311,7,5;2320,-8,-6;2321,-1,6;2325,-2,0;2330,-4,-4;2340,-18,4;2349,1,13;2350,-5,-11;2351,-2,6;2360,-11,-1;2361,5,7;2370,-3,-10;2371,-5,7;2380,-10,-5;2381,0,10;2388,-5,-10;2390,-3,5;2391,1,7;2393,-2,-1;2400,-13,-3;2408,-3,1;2410,-3,1;2411,-1,6;2420,-7,-4;2421,1,6;2429,-8,1;2431,0,0;2440,-15,0;2441,1,6;2450,-6,-9;2451,4,10;2452,-12,-10
rua||joao quirino de souza|vila industrial|14403357|475,-2054502,-4739288;992,-303,-507;995,-1,0;1004,8,11;1005,1,-4;1015,4,10;1018,7,7;1020,-6,9;1025,2,-3;1032,0,9;1035,16,2;1042,-15,20;1068,16,2;1088,14,25;1117,18,11;1118,-12,0;1122,3,2;1128,11,16;1138,-4,3;1184,46,30;1194,-6,14;1208,26,-13;1216,-6,23;1225,2,-51;1228,-10,78;1235,4,2;1238,-1,8;1242,21,-6;1248,-8,41;1252,19,15;1264,15,21;1266,11,12;1276,6,6;1277,8,-16;1286,-7,23;1298,0,11;1310,11,10;1322,6,11;1330,7,20;1340,5,-4;1350,5,6;1387,30,44;1396,-9,8;1397,25,1;1406,-9,10;1411,3,2;1416,-5,-1;1423,3,10;1424,5,-5;1426,-2,2;1430,4,11;1436,-14,11;1437,23,1;1441,7,1;1444,-14,6;1445,9,14;1446,-6,-16;1450,0,4;1452,4,5;1458,8,6;1464,-3,4;1466,3,7;1468,1,1;1474,3,1;1480,1,10;1490,4,4;2269,-305,-521
rua||joao ribeiro da silva|jardim santa barbara|14404275|610,-2059659,-4737174;2238,88,140;2248,-6,-1;2249,-19,-13;2258,9,-5;2268,-1,2;2309,-21,-24;2318,-5,-29;2328,-13,-12;2339,23,40;2358,-18,-34;2379,30,55;2408,-39,-75;2416,-5,-5;2428,-7,-6;2438,-6,-1;2448,-1,-13;2486,-29,-44;2488,0,0;2490,-2,-1;2498,1,-7;2509,-12,-9;2519,-4,-1;2529,0,-10;2549,-7,-5;2559,4,-7
rua||joao rodrigues da silva|aeroporto iii|14404211|2019,-2059491,-4736877;2039,-7,-14;2057,-40,-5;2059,29,-10;2079,-8,-8;2089,7,-8;2099,-14,-13;2108,6,1;2119,-14,-13;2128,6,-5;2129,-7,0;2138,0,-3;2139,2,-2;2148,-4,-9;2149,-1,-3;2158,-5,-5;2159,-3,8;2169,-4,-6;2170,2,-6
rua||joao rodrigues da silva|jardim monte carlo|14410197|5301,-2049302,-4736416;5361,43,55;5421,20,-30
rua||joao teixeira da silva|vila industrial|14403377|1390,-2054495,-4739427;1395,10,0;1405,12,6;1425,1,18;1445,5,16;1455,8,18;1465,15,-2;1475,-12,19
rua||joao vilaca silva|jardim conceicao leite|14405361|501,-2052940,-4741565;502,10,-2;510,-1,-13;521,1,-4;522,1,1;530,-9,-7;531,-2,0;532,12,-5;541,-10,-6;544,7,-7;551,-4,-5;557,-4,-8;562,5,3;567,2,-12;572,-1,-4;575,-2,5;582,9,-17;583,-4,4;593,-9,-16;594,8,11;598,2,-2;626,8,-40;633,-14,-5;636,-3,-5;641,2,-1;652,3,-3;653,-3,-8;661,5,0;662,-2,-10;672,0,-3;673,-5,-4;678,1,-8;689,-2,-8;690,7,-3;695,-3,-6;696,6,4;702,1,-10;709,-12,-2;712,0,-6;719,6,-6;727,-2,-6
rua||joao vilaca silva|vila nova|14405361|367,-2052927,-4741438;377,-8,-6;378,10,-5;390,-1,-4;391,1,-6;396,1,-6;398,-4,-6;399,-1,9;408,6,-15;409,1,7;416,-6,-13;419,5,1;422,-9,-7;428,-7,-10;429,6,2;432,10,1;439,-12,-9;440,-6,-3;448,14,-2;451,2,-4;457,-2,-6;458,0,2
rua||joaquim emerenciano souza|aeroporto iii|14404282|1089,-2058742,-4737747;1097,-22,12;1103,6,-8;1111,-3,13;1119,-5,13;1127,1,5;1135,-2,9;1143,-6,3;1151,-7,0;1159,1,12;1167,-2,11;1175,-23,-4;1183,10,12;1191,-6,5;1199,-4,14;1207,-8,5;1215,2,7;1223,-16,2;1239,5,17;1241,8,-7;1247,-13,14;1255,3,0;1263,-17,10;1271,-7,7;1287,4,28;1289,-2,-5;1305,-18,13;1306,-11,-16;1313,11,25;1314,-14,-17;1321,1,13;1322,4,-2;1329,-6,13;1330,-1,7;1337,1,-5;1338,-11,-4;1345,1,12;1346,-10,0;1353,11,8;1360,-5,0;1361,-5,10;1365,0,-3;1369,-2,4;1374,-1,-14;1377,0,21;1378,-5,-6;1382,2,4;1385,-2,6;1386,-7,-4;1393,-5,6;1394,7,0;1401,-9,9;1402,3,0;1409,-11,6;1410,10,-5;1415,-14,14;1418,9,-6;1423,-14,19;1426,6,-10;1433,-8,14;1434,12,-6;1441,-18,10;1442,8,-10
rua||joaquim garcia de souza|jardim paraty|14403794|5865,-2055462,-4736392;5873,-1,12;5880,-11,-14;5888,8,8;5891,4,10;5896,-4,-5;5901,8,12;5909,-1,7;5916,-3,7;5917,4,3;5925,-2,4;5933,10,13;5940,-10,0;5941,10,1;5946,-11,-7;5947,5,17;5948,1,-1;5949,-4,-7;5954,4,14;5957,7,1;5963,-4,8;5968,-2,-7;5969,7,11;5970,-5,3;5971,1,4;5978,5,-2;5979,-2,-1;5986,-4,16;6007,15,18;6015,0,8;6016,0,9;6022,9,2;6023,-10,-1;6024,10,-3;6028,-8,9;6031,-2,1;6038,4,10;6039,-4,-3;6047,3,9;6048,-1,3;6058,7,11;6063,-6,10;6068,1,2;6071,4,-7;6073,2,4;6078,3,23;6079,1,-19;6087,-2,11;6088,-1,17;6090,-7,1;6094,5,4;6095,5,-15;6098,-4,18;6103,1,-9;6108,8,20;6111,-2,-12;6118,-5,26;6122,8,3;6127,0,-22;6128,0,24;6135,-1,-13;6138,1,26;6143,-1,-19;6144,11,27;6146,0,3;6148,2,4;6151,-14,-23;6158,8,43;6159,-2,-36;6167,-4,6;6175,2,11;6183,0,7;6191,6,6
rua||joaquim jose sampaio|jardim integracao|14405399|2851,-2052523,-4741342;2871,9,14;2880,-23,-11;2890,8,5;2891,34,7;2900,-26,-7;2911,45,14;2920,-21,8;2930,15,-7;2941,36,8;2950,-17,16;2970,17,-32;2971,21,25;2980,-5,8;2981,14,-17;2990,7,20;3001,21,-4;3011,-7,7;3021,12,-2;3030,7,13
rua||joaquim jose sampaio|jardim maria rosa|14405399|3061,-2052359,-4741214;3071,15,-59;3072,6,10;3077,4,-12;3081,7,7;3082,-5,10;3091,11,-7;3092,-2,12;3095,4,-13;3098,7,10;3101,0,-6;3102,4,0;3103,-4,2;3111,5,-5;3112,2,13;3121,12,0;3126,-3,-5;3131,11,-1;3136,3,18;3141,5,-8;3146,0,12;3156,6,-3;3159,12,0;3166,-3,9;3168,5,5;3169,-1,-15;3188,14,12;3198,2,2;3205,37,11;3225,25,10;3230,-19,-3;3235,27,3;3237,-18,-5;3239,-1,-1;3240,0,9;3245,26,1;3250,-19,-4;3260,13,3;3267,13,10;3270,-8,-7;3275,19,3;3276,-14,2;3277,19,3;3278,-21,-7;3284,5,-14;3287,22,23;3290,-12,-2;3294,3,1;3297,12,1;3300,-9,-3;3310,12,9;3316,3,3;3317,10,-2;3320,-8,3;3321,9,-1;3325,0,0;3330,0,6;3334,6,-3;3335,10,4;3339,0,0;3340,-4,3;3345,4,-1;3347,8,-1;3349,-7,1;3356,72,38;3366,-60,-30;3425,55,11;3428,1,6;3435,12,1;3436,-1,2;3438,-8,-1;3439,13,8;3445,3,-1;3446,-1,5;3456,5,-1;3457,10,-15;3464,-3,21;3466,3,-7;3467,8,-10;3476,8,11;3477,-10,3;3485,19,-2;3493,2,3;3496,-3,13;3506,9,-2;3515,11,-1;3516,2,11;3518,-10,2;3526,17,-6;3527,2,-6;3591,51,30;3592,-5,5;3601,19,-12;3602,-8,12;3611,15,-3;3612,-11,6;3616,8,4;3621,13,-7;3622,-6,5;3626,-3,-1;3631,14,1;3632,-1,4;3638,6,6;3642,-5,-9;3651,16,2;3652,-1,3;3654,-1,1;3660,0,0;3661,18,-2;3666,-7,11;3671,11,3;3681,10,-1;3682,-7,0;3688,8,6;3691,8,-6;3701,8,2;3711,7,2;3721,12,1;3731,51,10;3738,-49,12;3740,13,1;3746,4,5;3748,3,-4;3751,22,-4;3760,-9,10;3761,10,1;3770,-5,6;3771,6,-10;3773,10,4;3780,4,2;3781,0,-2;3790,-6,16;3791,16,-10;3800,-14,8;3801,21,-17;3810,-6,17;3811,17,-1;3818,-7,5;3821,13,-9;3830,-8,17;3831,16,-12;3840,-5,13;3850,4,9
rua||joaquim quirino sobrinho|sao jose|14403467|2749,-2054024,-4738690;2759,-11,0;2769,-4,2
rua||joaquim quirino sobrinho|vila santa cruz|14403447|2748,-2054021,-4738695;2758,-4,4;2768,-14,-5;2778,-13,-5
rua||joaquim sanches simon|parque moema|14409183|5001,-2050939,-4739846;5008,17,12;5018,-15,20;5028,0,10;5038,10,6;5058,-2,37;5068,-15,4;5078,10,-1;5088,5,13;5098,-1,9;5108,-4,20;5111,-5,31;5118,10,-26;5128,-2,11;5138,1,7;5148,5,12
rua||joaquim saturnino da silveira|esplanada primo meneghetti|14403224|3171,-2054238,-4737311;3180,-8,-5;3181,-11,1;3190,0,4;3191,2,3;3196,-4,-4;3200,-7,4;3201,-3,8;3210,-9,-9;3211,-5,9;3215,-3,4;3220,5,-11;3221,-9,11;3230,0,-8;3236,-2,6;3240,-11,-1;3241,-5,3;3250,-5,0;3251,3,6;3260,-8,-2;3261,3,2;3270,-11,3;3271,-6,11;3290,-12,-12;3291,-2,8;3311,-15,5
rua||joaquim siqueira|jardim luiza|14407603|1611,-2049376,-4742630;1613,0,-9;1620,-6,-1;1622,0,7;1630,14,14;1631,5,0;1632,2,-2;1640,0,10;1641,1,-7;1651,14,9;1652,-6,5;1653,3,-5;1660,3,9;1661,2,-6;1670,-1,9;1671,24,-10;1676,-14,21;1680,9,6;1681,-6,-11;1690,6,10;1693,3,-3;1700,6,18;1701,-1,-10;1703,-2,1;1710,11,15;1720,7,8;1721,-6,-5;1725,6,0;1730,6,10;1731,1,-11;1740,3,21;1741,-2,-14;1750,10,16;1751,-2,-5
rua||jose abrao da silva|parque progresso|14403084|1375,-2056229,-4739549;1380,-30,-107;1471,21,105;2190,-73,-263;2200,12,-47;2248,14,35;2250,-6,8;2251,3,-5;2253,3,17;2254,-9,0;2256,13,-9;2260,-7,4;2261,6,7;2264,2,0;2270,6,3;2283,-8,22;2287,7,4;2300,5,6;2301,-15,-11;2311,5,41;2321,12,16;2327,10,36;2331,-8,-19;2333,2,-1;2341,1,-11;2350,-4,25;2360,2,14;2362,-9,-21;2364,-2,-17;2391,21,59;2401,10,17;2403,-8,10;2410,8,0;2412,1,-3;2413,-11,10;2414,-5,-14;2415,5,14;2417,-1,5;2440,9,26;2446,-4,0;2450,-3,14;2451,15,-15;2461,1,11;2470,1,48;2471,5,-35;2480,-6,24
rua||jose almeida souza|residencial dourado|14403253|5881,-2056873,-4737070;5891,-6,6;5901,-9,5;5911,-7,3;5920,-9,1;5921,0,0
rua||jose antonio bonfim da silva|residencial julio delia|14406611|2310,-2052720,-4744372;2320,-7,-9;2330,-6,-10;2360,12,-23;2370,-3,-5;2380,3,-7;2390,2,-13;2400,0,-8;2410,-14,13;2420,15,-23;2430,-1,-9;2440,-4,-5
rua||jose antonio dos santos|recanto elimar ii|14403286|320,-2056986,-4737813;321,26,-159;1821,12,-48;1841,1,-2;1872,-13,43;2080,-29,183;2190,-2,44
rua||jose antonio dos santos|recanto elimar|14403286|320,-2057014,-4737723;323,-9,137;331,48,-264;1000,22,-192;1141,-11,137;1170,-16,41;1171,10,0;1180,-8,11;1691,54,-314;1701,-3,15;1711,-3,7;1713,-1,6;1721,-2,4;1722,-4,2;1731,4,7;1751,-3,24;1761,-2,8;1771,1,6;1781,0,10;1822,-14,44;1832,0,20;1881,-5,47;2170,-47,258;2171,10,17;2180,-14,-9;2270,-14,97;2291,2,6;2300,-3,-3;2301,11,7;2331,-13,44;2333,-1,8;2351,-4,36;2361,0,10;2371,-4,13;2379,13,1;2380,-22,-4;2381,5,10;2390,7,1;2391,-7,1;2400,1,8;2401,1,10;2410,-10,4;2411,8,-2;2415,-2,8;2420,-2,2;2430,-2,9;2431,4,2;2440,-1,10;2441,-2,-5;2450,7,10;2451,-6,3;2461,2,11;2463,-7,4;2470,-3,-2;2471,6,14;2480,-5,-6;2490,-4,13;2500,-1,14;2501,5,4;2508,-1,7;2509,-4,4;2510,11,-12;2511,-9,17;2520,1,-9;2521,2,15;2530,-6,-2;2531,4,8;2534,0,-4;2580,-18,49
rua||jose antonio dos santos|residencial dourado|14403286|5561,-2056829,-4736850;5571,-10,-9;5581,-6,1;5591,-11,-4;5601,-6,-10;5611,-8,-1;5621,-8,-9;5631,-10,3;5641,-4,-9;5651,-10,-3
rua||jose antonio dos santos|residencial dourado|14403868|6111,-2057035,-4737070;6121,-2,-8;6131,-7,-15;6141,0,-3;6151,-5,-13;6161,1,-5;6171,-4,-10;6181,-3,-15;6191,-3,-7;6201,-4,-10;6205,0,2;6211,0,-8;6215,0,-6;6231,-6,-1;6235,0,-15;6241,-3,-6;6253,-4,-7;6271,-4,-17;6281,4,-13;6290,9,-6;6300,-1,-10;6306,-2,-5;6310,2,-5;6316,2,-5;6330,7,-20
rua||jose antonio dos santos|vila real|14403868|5701,-2056913,-4736901;5711,-16,-26;5721,-11,-10;5731,-7,-7;5735,-3,-8;5741,3,-7;5745,-4,1;5751,-5,-4;5761,-9,-9;5771,-6,-9;5781,-6,-6;5801,-5,-25;5811,-6,-6
rua||jose antonio miron sanches|aeroporto ii|14404100|1330,-2057656,-4737050;1338,-7,15;1340,-4,-3;1343,13,7;1345,-5,4;1350,-4,3;1352,0,-5;1355,-1,6;1360,3,-1;1365,-2,13;1366,0,1;1370,-2,-1;1371,12,10;1375,-12,-8;1380,-1,11;1383,1,8;1385,-3,-9;1390,1,7;1391,4,8;1395,-4,18;1400,-2,-17;1405,2,14;1417,-4,5;1418,1,8;1425,8,0;1427,-1,2;1435,-3,13;1440,-9,-6;1443,8,9;1445,-4,8;1450,-8,-8;1455,6,16;1464,-5,-2;1465,3,5;1466,-5,9;1467,6,-8;1470,-7,2;1475,7,12;1480,-24,8;1485,24,-6;1500,-14,21;1504,-4,7;1510,5,4;1515,8,10;1520,-15,5;1530,4,10;1535,-4,-1;1540,-2,7;1542,1,-4;1545,11,11;1550,-11,-1;1555,11,12;1560,-12,4;1565,5,1;1567,-2,-1;1570,-5,5;1575,10,2;1580,-11,9;1585,8,-1;1595,2,10;1605,-16,11;1610,1,11;1613,6,-4;1620,0,11;1625,5,0;1630,-11,10;1635,7,-3;1640,-5,22;1675,-5,37;1677,-3,2;1680,-9,-14;1681,9,17;1685,-2,5;1690,-5,-4;1691,4,15;1695,-2,8;1700,-1,-13;1705,-4,19;1710,0,-7;1714,3,3;1715,-1,7;1720,-11,5;1725,10,7;1730,-12,0;1735,5,6;1736,-3,-1;1740,-8,12;1745,-4,-5;1749,1,3;1750,-2,5;1755,8,4;1757,6,-5;1760,-18,14;1765,2,-2;1770,-13,15;1775,14,-9;1785,-9,3;1820,-27,32;1830,-6,4;1831,-2,5;1834,-5,-3;1835,1,6;1840,-1,-2;1843,2,7;1845,-1,2;1849,-1,3;1850,-4,-4;1852,-5,4;1855,-1,3;1860,-4,6;1865,7,0;1870,-11,8;1874,2,-8;1875,0,5;1877,-3,14;1880,-4,-1;1882,2,-5;1890,-11,8;1895,13,-1;1900,-13,5;1910,-14,4;1915,6,9;1920,-8,-4;1925,3,11;1930,-7,-4;1935,0,12;1937,-4,3;1945,-4,-1;1950,-6,3;1955,3,11;1957,-4,-9;1959,1,3;1960,-10,-1;1962,4,-1;1965,5,14;1970,-13,-4;1973,3,-3;1975,-4,17;1977,12,-16;1980,-23,13;1985,8,3;1987,1,7;1990,-9,-8;1995,6,12;2000,-15,2;2005,-1,2;2007,9,-6;2010,-11,7;2013,4,3;2015,2,-1;2019,-6,5;2025,-5,5;2030,8,-7;2035,-14,18;2036,-7,-7;2040,-5,8;2045,3,3;2050,-7,2;2053,3,5;2055,-2,4;2060,-8,-5;2065,4,6;2070,-10,-1;2075,0,9
rua||jose bernardes sobrinho|aeroporto iii|14404251|1671,-2059080,-4736853;1677,-6,0;1678,6,-6;1679,-8,2;1684,2,-8;1686,13,29;1687,-19,-25;1694,-2,-4;1695,-8,-2;1701,-2,-8;1702,4,2;1710,-7,-9;1711,-8,7;1712,9,-4;1718,-8,9;1719,-4,-7;1725,-3,-2;1726,1,2;1727,-8,-6;1734,6,-2;1735,-10,-3;1742,4,-8;1743,-10,6;1745,6,-1;1750,-2,-4;1751,-7,-4;1758,-1,1;1759,-9,-4;1766,5,-6;1767,-9,-2;1774,0,10;1775,-6,-13;1782,2,-6;1822,-28,-18;1825,-7,-1;1832,-1,-1;1833,-8,-5;1834,4,-9;1840,-3,4;1841,-7,2;1842,11,-2;1844,-2,1;1848,-5,-6;1849,-10,5;1853,0,0;1856,5,-10;1857,-13,0;1864,-2,-4;1865,2,-1;1872,-4,-7;1879,-8,4;1880,0,-8;1881,0,8;1885,-2,-2;1888,2,-7;1889,-10,5;1896,5,-11;1897,-10,7;1904,2,-11;1905,-6,2;1912,-6,-8;1913,-1,8;1920,-2,-10;1921,-5,2;1928,-3,-8;1929,1,3;1936,-8,-4;1937,2,2;1944,-10,-10;1945,4,5;1952,-6,-4;1953,0,-2;1960,-6,-10;1961,1,7;1968,-5,-3
rua||jose bernardes sobrinho|jardim santa barbara|14404251|1991,-2059322,-4737030;1992,-65,-54;2001,57,49;2002,5,-9;2011,-11,4;2012,3,-9;2021,-16,-1;2022,9,-3;2031,-92,-62;2032,81,53;2041,-89,-54;2042,80,48;2051,-10,5;2052,5,-7;2061,-18,1;2062,8,-13;2071,-9,3;2072,4,-1;2081,-16,-6;2082,10,0;2091,-14,-8;2092,5,2;2101,-20,-6;2102,14,3;2111,-17,-6;2112,10,-1;2121,-20,-5;2122,11,-5;2131,60,58;2132,-66,-62;2141,2,14;2142,-12,-18;2159,-30,-10;2161,-1,-3;2171,-7,-7;2172,11,-6;2181,-17,5;2182,7,-11;2190,-9,-6;2191,-4,6;2201,-8,-8;2202,7,-8;2211,-14,6;2212,0,-8;2221,-8,2;2222,-2,-6;2231,-11,2;2232,11,-10;2241,-18,2;2242,2,-10;2251,-14,1;2252,5,-11;2261,-13,8;2262,6,-6;2271,-14,-5;2272,8,-5;2281,-21,8;2282,14,-12;2291,-18,0;2292,9,-5;2301,-13,-4;2302,4,-4;2311,-21,-1;2312,10,1;2321,-10,-2;2322,4,-3
rua||jose caetano da silva|aeroporto iii|14404231|1389,-2058785,-4736819;1397,-14,-5;1407,2,-8;1413,-11,-8;1421,-3,1;1429,-8,-10;1445,-12,-6;1470,-14,-26;1473,-7,10;1476,6,-11;1481,-13,5;1484,8,-5;1485,-11,2;1489,-1,1;1492,4,-11;1494,5,1;1497,-12,6;1500,13,-40;1505,-20,32;1508,8,-40;1511,-17,38;1513,-1,0;1516,12,-17;1521,-16,18;1523,-1,-4;1524,8,-8;1529,-8,7;1532,8,-8;1537,-23,-7;1540,9,-2;1548,-4,0;1553,-17,-3;1556,12,-3;1564,-9,-6;1566,-5,5;1569,-8,-7;1572,12,1;1577,-19,0;1580,18,-2;1585,-24,-3;1588,9,-5;1595,-17,2;1596,10,-9;1598,2,0
rua||jose josue da silva|jardim vera cruz ii|14407488|1109,-2048865,-4741322;1119,5,-11;1121,4,-5;1129,-2,0;1132,19,-14;1139,-11,-3;1142,4,-15;1149,-2,9;1152,4,-5;1159,3,-3;1162,1,-6;1169,0,-9;1172,3,15;1179,0,-18;1182,5,-1;1189,-7,-11;1190,5,4;1192,1,-9;1200,1,-8;1212,4,-8;1219,2,-4;1222,2,-4;1229,2,-6;1232,2,3;1239,-1,-11;1242,6,0;1247,-1,-11;1252,2,0;1259,-2,-5;1262,0,-7;1266,0,-1;1269,4,-2;1272,6,-8;1279,-2,-8;1282,4,0;1289,-2,-7;1292,6,-2;1299,0,10;1302,2,-15;1305,-2,-8;1312,-6,7;1319,9,-13;1332,16,-12;1342,-3,-8;1372,21,-65;1379,-20,29;1382,57,-101;1389,-39,58;1392,2,13;1399,-11,10;1409,9,-8;1411,-6,-6;1412,9,-7;1419,-4,4;1422,4,-8;1424,5,-4;1426,-6,5;1429,-3,-1;1432,12,-10;1439,-5,1;1440,5,-8;1442,7,-8;1449,-8,8;1451,2,1;1452,8,-16;1454,2,-2;1459,-10,17;1462,9,-27;1469,0,9;1472,-2,-19;1479,-1,-9;1482,8,7;1489,-5,1;1492,5,-13;1499,-4,2;1509,1,-9;1512,12,-4;1519,-16,18;1522,21,-38;1529,-8,9;1532,11,-12;1539,-3,9;1542,0,-17;1543,-3,8;1549,2,-8;1552,-21,75;1559,25,-83;1562,8,-12;1569,-6,9;1572,7,-19;1579,-4,-1;1582,5,-8;1592,6,-6;1602,14,-15
rua||jose josue da silva|jardim vera cruz i|14407488|850,-2048932,-4741104;854,10,25;856,-9,-31;870,11,-4;880,5,-5;890,2,-13;900,0,-18;902,-6,11;910,1,-15;920,8,-3;940,-6,26;950,10,-61;960,1,5;966,-18,105;970,16,-111;980,-17,111;990,3,2;1000,32,-150;1010,-33,151;1030,38,-172;1032,4,-7;1040,-26,77;1050,-12,101;1060,-4,-37;1070,50,-167
rua||jose josue da silva|vera cruz 1|14407488|630,-2048999,-4740904;640,-7,14;650,9,-23;660,3,-17;670,-12,40;672,0,0;680,0,0;690,25,-64;700,0,-12;710,-25,77;712,0,0;720,-2,-1;730,0,0;740,38,-106;750,-36,107;760,45,-129;770,-45,129;774,0,0;790,49,-153;794,-49,153;800,0,-1;802,0,1;810,0,-1
rua||jose josue da silva|vera cruz|14407488|629,-2049024,-4740882;659,17,-21;669,-4,-4;679,12,-7;689,-4,-23;699,4,1;709,8,-9;719,-3,-1;729,0,-16;739,1,-11;749,5,-9;759,4,-5;769,10,-11;779,4,-4;789,-4,-5;799,7,-16;809,0,-2;819,13,-17;827,-1,-3;829,-2,1;849,10,-33;859,12,-109;867,-3,-10;869,-8,110;879,9,-28;887,1,6;889,10,0;899,-9,-15;900,3,-8;919,3,-14;929,5,-18;937,7,-1;939,6,-28;949,1,10;959,-6,5;969,-5,-22;977,45,-68;979,-21,60;989,-4,-2;999,-23,85;1009,26,-94;1019,7,-68;1029,-5,51;1039,4,-9;1049,-40,78;1059,41,-89;1067,11,-28;1079,17,-1
rua||jose rodrigues dos santos|vila aparecida|14401343|820,-2052919,-4738385
rua||jose salomoni|sao jose|14401298|195,-2053386,-4739110;211,-12,16;225,5,8;226,-7,8;235,12,11;236,-12,10;255,14,6;256,-12,4;265,9,8;266,-10,4;275,11,3;285,-2,10;286,-9,7;295,13,2;305,-4,19;315,-1,-1;325,9,19;331,-8,7;410,-1,21;420,6,14;430,-3,12;450,6,27;460,2,17;480,-4,18;495,11,-8;515,2,7;520,-7,50;522,6,-29;525,0,-3;540,-4,58;560,-1,2;571,6,9;585,1,12;595,0,9;605,4,14;613,-5,18;621,-4,11;631,8,15;649,-3,8;690,-4,80;760,16,71;770,7,16;775,3,-9;780,-4,25;785,-5,-15;790,7,22;795,7,-3;805,5,14;810,-12,12;815,14,9;825,-3,5;840,3,3;845,-4,25;885,10,41;900,-14,13;910,10,3;915,5,12;920,-6,-6;935,1,37
rua||jose saturi|residencial ana dorotheia|14412172|5735,-2054317,-4735860;5745,3,-13;5765,17,-8;5775,5,-5;5795,18,-6;5805,5,-3;5815,11,-5;5835,15,-6;5845,10,-6;5855,6,-5;5857,-1,6;5859,0,-7;5865,8,4
rua||jose saturi|residencial ana dorotheia|14412213|5720,-2054316,-4735845;5730,4,-7;5740,8,-16;5750,8,-3;5760,8,-14;5770,5,6;5780,6,-7;5790,11,-4;5810,14,-5;5820,20,10;5850,17,-23;5881,31,-19;5890,8,4;5891,-1,-7;5910,16,2;5911,0,-8;5920,14,4;5921,-5,-6;5930,10,5;5931,-4,4;5940,23,-6;5941,-9,-1;5950,10,2;5951,-9,-2;5960,20,5;5970,10,0
rua||jose theodoro de souza|vila santa cruz|14403631|2775,-2054344,-4738983;2776,-5,-7;2785,-8,15;2786,-1,-7;2794,-13,-4;2795,8,18;2797,6,-5;2805,-13,6;2806,-2,-15;2815,-2,17;2816,-8,-3;2819,3,6;2824,-13,-5;2825,2,15;2835,-1,8
rua||joviano albano carvalho sardinha|pq colina espraiado|14403161|4255,-2055538,-4738213;4258,4,20;4261,-1,-13;4285,-10,10
rua||joviano albano carvalho sardinha|pq colina espraiado|14403740|4206,-2055525,-4738261;4216,1,7;4226,-9,13;4246,-6,16;4256,-6,9;4266,1,4;4276,-7,14;4286,-1,9;4296,-2,7;4306,-5,8;4326,-6,18;4336,-3,10;4346,-1,9;4348,-1,1
rua||joviano albano carvalho sardinha|pq colina espraiado|14403749|4345,-2055566,-4738129;4771,6,-19;4773,-3,-10
rua||joviano soares|vila europa|14403216|2627,-2056035,-4739423;2641,-12,-29;2650,-7,10;2661,12,7;2681,5,25;2685,-3,7;2691,6,9;2695,-2,1;2705,9,-2;2730,0,33;2740,8,5;2750,-5,14;2757,6,-2;2760,0,11;2761,4,-14;2770,-7,16;2771,11,-9;2780,-10,19;2781,9,1;2783,0,-1;2791,5,-2;2800,-13,4;2801,15,6;2804,-11,2
rua||julieta gomes de souza|pinheiros|14407393|1710,-2049546,-4742229;1711,196,105;1720,-194,-119;1721,-4,6;1730,4,-4;1731,1,-5;1740,5,1;1741,-4,-6;1750,8,5;1751,-5,-22;1760,9,12;1761,1,-14;1771,0,5
rua||lafaiete cordeiro silva|jardim antonio petraglia|14409082|2032,-2051920,-4738582;2040,21,3;2072,13,4;2082,10,1;2094,23,6;2104,17,4;2106,0,2;2114,5,2;2134,14,2;2142,11,1;2152,-2,11;2170,22,-4;2172,-6,-2;2174,-6,0;2182,9,-1;2192,15,-4;2196,11,8;2202,2,4;2222,15,2;2272,38,9;2278,15,5
rua||lafaiete cordeiro silva|jardim planalto|14409082|2011,-2051936,-4738598;2021,9,1;2031,8,9;2041,8,0;2051,7,-5;2055,5,5;2061,12,-3;2071,5,6;2081,11,6;2083,6,3;2091,6,-2;2101,9,2;2109,9,5;2121,8,3;2131,17,-2;2145,0,0;2251,104,27;2261,7,-1;2269,12,10;2271,-3,-1;2281,10,-2;2283,-5,1;2291,20,3;2305,13,2;2311,15,4;2321,2,4;2331,10,2;2341,0,-4
rua||lasar segall|recreio campo belo|14409424|140,-2049917,-4739068;147,-33,23;150,51,-39;151,-37,19;153,22,-21;155,14,-7;180,16,-1;330,86,-79;351,-6,-5;371,47,-49;468,-115,104;481,122,-103;501,-1,-51
rua||leandro tavares da silva|jardim luiza i|14407526|1880,-2048914,-4742168;2732,-13,1;2742,55,-23;2772,20,12;2782,8,0;2784,12,7;2822,23,-11;2825,7,-8;2833,14,6;2835,-7,-11;2842,19,15;2844,-23,-8;2845,16,-1;2852,13,10;2855,0,-11;2862,11,4;2865,-4,-2;2872,13,13;2874,0,6;2875,-4,-21;2877,-3,-1;2878,36,-5;2882,-18,5;2885,-10,-2;2889,7,2;2892,5,3;2895,-18,-5;2902,30,6;2904,9,-5;2905,-22,-1;2915,15,-3;2917,-64,0;2922,71,7;2924,12,-5;2925,-4,4;2934,13,11;2935,0,-15;2942,15,6;2945,-10,-10;2946,5,5;2950,7,4;2955,-8,-12;2962,6,4;2964,12,7;2965,-8,-3;2972,16,0;2975,-13,-4;2977,6,2;2983,10,-4;2985,-1,-2
rua||lelia mellem salloum|jardim tropical ii|14407064|2141,-2050898,-4742303;2147,0,2;2150,3,4;2160,1,4;2161,1,2;2164,-1,0;2170,-2,4;2171,44,104;2180,-31,-85;2181,-1,-4;2190,0,11;2191,1,-2;2200,31,114;2201,-26,-96;2210,-8,2;2211,32,81;2212,-31,-80;2220,3,4;2221,10,4;2222,-17,-16;2229,10,26;2231,9,-4;2232,-6,5;2240,6,3;2241,4,2;2250,-5,12;2251,9,-2;2260,-4,4;2261,9,8;2264,-11,0;2270,6,5;2291,10,14;2300,-1,16;2301,0,-10;2310,-1,14;2311,-21,-84;2321,31,96;2350,16,50;2351,9,17;2360,-10,-6;2361,2,5;2370,0,12;2371,8,0;2380,-3,6;2381,6,-1;2384,-7,4;2390,1,-5;2391,10,9;2400,-1,20;2401,-1,-9;2411,6,11;2420,-2,5;2421,4,0;2422,-7,6;2426,-4,-12;2428,16,55;2430,-12,-42;2431,11,0;2440,-6,9;2441,11,3;2450,-6,12;2451,11,0;2460,-8,6;2470,-1,21;2509,30,50;2510,-10,-12;2511,7,-3;2516,-12,7;2520,11,-3;2521,0,0;2530,2,5;2531,-5,2;2540,1,7;2541,6,7;2550,-2,1;2551,-2,-1;2560,6,15;2561,5,-4;2570,-2,18;2571,4,-11;2580,-8,16;2585,-3,-38;2590,13,47;2591,8,-2;2600,-6,9;2601,3,3;2610,-1,7;2611,2,2;2620,6,4;2621,3,4
rua||lelia mellem salloum|jardim tropical|14407064|2652,-2050742,-4741815;2660,1,7;2663,0,4;2666,0,-4;2670,5,12;2671,2,-1;2674,-4,10;2680,4,11;2681,-2,-9;2690,1,13;2691,5,2;2700,-6,5;2701,7,5;2702,-6,-4;2710,4,11;2711,6,2;2720,0,5;2721,-4,4;2730,11,2;2731,7,4;2733,0,2;2740,-11,4;2741,10,5;2749,6,3;2750,-10,6;2751,7,-1;2760,0,8;2761,6,-1;2763,1,2;2767,2,7;2768,-8,-3;2771,6,5;2773,1,4;2780,-3,-3;2781,4,4;2790,-4,12;2791,9,4;2800,-5,8;2801,7,-4;2802,-5,3;2810,5,5;2811,9,2;2820,-4,13;2821,3,-7;2830,-6,12;2831,6,-2;2840,-7,8;2841,11,6;2850,-3,10;2851,2,3;2860,3,-1;2861,5,27;2871,8,-4;2920,7,39;2930,9,9;2935,158,68;2940,-163,-70;2945,10,-3;2950,2,9;2955,7,-4;2960,-5,5;2963,17,0;2970,-3,7;2975,11,1;2980,-1,5;2985,4,-2;2990,4,5;3000,6,-1;3005,13,2;3010,-10,1;3015,18,-3;3020,-7,8;3025,5,-3;3030,1,10;3035,13,-6;3040,-4,8;3045,19,-7;3050,-11,11;3055,14,-1;3060,-12,3;3065,16,-3;3070,-2,8;3075,15,-2;3080,-9,5;3090,8,4;3095,17,-6;3105,6,6;3109,1,0;3110,-1,9;3115,8,-4;3117,4,-1;3120,-4,8;3125,8,-3;3130,3,8;3140,5,3;3145,8,-1;3150,3,6;3155,10,-3
rua||lourival airton da silva|jardim cambui|14409701|1661,-2048092,-4740682;1671,-1,-5;1680,-4,-20;1681,1,11;1691,-1,-5;1700,-3,-14;1701,2,5;1710,-12,-12;1711,1,8;1720,-1,-14;1721,-4,4;1730,-4,-15;1731,0,13;1740,-4,-13;1741,2,5;1750,-6,-11;1751,4,4;1760,-6,-11;1770,-1,-2;1771,-4,5;1780,-7,-19;1790,-2,-2;1791,-3,5;1800,1,-13;1801,5,9;1810,-10,-29;1811,0,22;1841,-13,-20
rua||luis de castro silva|aeroporto ii|14404106|1435,-2057898,-4736983;1437,-5,-2;1443,2,20;1445,3,-7;1447,-3,12;1450,-8,-18;1460,0,19;1465,9,3;1470,-9,20;1475,5,-11;1480,-5,5;1485,-2,3;1495,3,14;1505,-4,7;1515,2,13
rua||luiz antonio de souza|aeroporto iii|14404270|171,-2058633,-4737424;1296,-116,-70;1297,31,10;1306,7,6;1309,-83,-50;1314,-110,-90;1318,104,90;1332,129,116;1336,-8,-12;1712,44,-2;1732,-38,-18;1741,-7,-2;1762,-72,-51;1820,-72,-67;1841,16,33;1931,-76,-56;1941,-8,-7;1961,-22,-24
rua||luiz antonio de souza|jardim santa barbara|14404211|2010,-2058952,-4737653;2022,0,-7;2030,-7,3;2050,-16,-9;2060,-8,-9;2062,-1,-1;2080,-4,-6;2084,-10,-6;2090,1,1;2091,-10,3;2100,-3,-4;2110,-3,-8;2120,-3,-6;2130,-12,-3;2150,-22,5;2160,9,-12
rua||luiz antonio storti|jardim pulicano|14406736|2185,-2051724,-4744078;2195,4,0;2205,8,-3;2215,16,2;2225,2,3;2235,11,-11;2245,13,8;2255,10,4;2265,3,-1;2275,21,-3;2285,9,-3;2295,2,0;2305,9,-1;2315,6,-3;2325,12,2;2335,15,2;2337,-11,-4;2345,14,3;2355,6,-2;2365,12,-2;2375,82,-131;2395,-49,128;2405,7,2;2415,15,-2;2425,1,3
rua||luiz de deus da silva|jardim noemia|14403777|450,-2055761,-4736796;4539,32,22;4543,-8,-4;4550,-1,-10;4551,-7,7;4560,-2,-9;4561,-7,5;4567,-17,-7;4570,12,-3;4571,0,7;4580,-6,-6;4581,-13,-1;4590,0,-10;4591,-6,6;4592,12,0;4600,-12,-9;4601,-12,7;4608,3,-11;4610,-2,1;4611,-6,11;4613,3,-4;4620,-5,-10;4630,-4,-4;4631,-10,9;4632,4,-11;4640,-9,1;4650,-11,-5;4651,-12,4;4653,0,0;4660,0,-17;4670,-14,-4;4671,-17,6;4680,10,-5;4681,-10,3;4720,-36,-14;4721,1,0;4722,8,2;4730,-20,-10;4731,10,27;4735,-7,-26;4739,-4,-1;4740,-3,2;4741,-2,-9;4744,0,7;4745,-4,-6;4746,1,6;4749,-1,-1;4750,-6,-2;4751,3,-8;4754,-3,10;4756,-1,0;4760,-8,-5;4761,-2,-4;4770,-13,5;4771,7,1;4775,-8,-14;4779,-2,-1;4780,0,2;4785,-6,2;4786,2,-4;4790,-13,-5;4791,-3,-1;4800,-1,4;4801,-5,-4;4810,-11,-9;4811,6,2;4817,-3,-3;4820,-13,-4;4821,-4,12;4830,-23,-14;4831,12,9;4841,-13,-8;4850,2,-11;4851,-5,8;4861,-3,-3
rua||mamede silva|jardim tropical ii|14407071|2100,-2051093,-4742280;2110,6,8;2120,-1,6;2122,-3,5;2130,1,8;2132,4,1;2140,5,2;2150,5,9;2160,-9,13;2170,2,9;2180,12,13;2190,-4,4;2200,9,4;2220,2,26;2230,8,5;2240,2,9;2250,-1,2;2260,0,14;2264,5,1;2270,1,4;2274,-6,0;2280,12,14;2310,24,308;2311,-7,-259;2320,6,144;2321,-2,-122;2330,5,15;2331,1,-9;2340,-4,19;2341,8,-7;2350,-2,15;2351,4,-10;2360,-2,17;2361,-3,0;2371,9,7;2380,2,15;2390,-3,5;2391,7,3;2400,4,2;2401,-2,6;2410,1,6;2416,2,9;2420,3,1;2441,11,14;2451,-3,14;2453,1,-2;2461,7,8;2470,-3,-1;2507,14,42;2509,-1,9;2510,-1,0;2511,3,1;2517,0,10;2519,0,-2;2520,-2,3;2521,4,1;2530,3,12;2531,-5,-6;2533,5,3;2540,0,3;2541,5,9;2550,-2,1;2551,3,1;2552,-5,-5;2560,5,14;2561,7,3;2570,-5,6;2571,1,9;2580,6,1;2581,-2,1;2590,0,3;2591,3,8;2610,6,14;2620,1,11;2621,2,-1;2630,3,14;2631,6,-3
rua||mamede silva|jardim tropical|14407071|2111,-2051094,-4742280;2121,4,7;2131,5,15;2141,0,0;2151,0,12;2161,2,7;2171,-1,15;2181,9,2;2183,-4,3;2191,9,11;2201,6,5;2211,4,13;2221,-13,21;2229,7,13;2231,10,-5;2241,-4,-7;2251,5,18;2261,1,8;2271,10,7;2281,3,9;2658,117,395;2660,3,9;2670,-3,-3;2680,6,9;2690,9,4;2700,-3,14;2710,8,11;2720,1,1;2730,2,16;2740,4,8;2742,0,2;2750,0,3;2760,3,9;2768,-1,-5;2770,3,14;2771,38,93;2780,-35,-81;2790,4,8;2800,10,13;2810,1,10;2820,3,1;2830,-1,19;2840,7,5;2850,0,11;2921,18,61;2927,6,10;2930,-6,8;2931,10,0;2940,-6,1;2941,12,4;2949,3,5;2950,-15,-2;2957,9,6;2960,-3,-1;2967,11,19;2970,-12,-12;2977,14,13;2980,-12,4;2987,11,9;2990,-9,1;2995,11,6;3000,-5,2;3007,11,9;3010,-10,-8;3014,2,10;3020,11,13;3021,15,7;3024,-13,-6;3031,12,7;3040,4,6;3050,2,-3;3051,17,5;3060,-5,0;3061,11,2;3070,-2,0;3071,11,7;3080,-2,1;3081,5,0;3090,2,-1;3091,19,2;3100,-10,9;3101,9,-6;3104,-11,9;3106,3,1;3110,7,0;3111,21,6;3121,-2,-9;3130,-17,2;3131,23,2;3132,-20,-2;3141,33,4;3151,2,22;3161,4,61;3171,15,-72
rua||manoel custodio da silveira|jardim vera cruz ii|14407502|1282,-2049036,-4741568;1290,3,-9;1298,8,-8;1306,-2,-6;1314,5,-10;1316,7,-30;1322,-4,-150;1330,2,168;1338,-16,-161;1346,19,144;1354,7,-8;1386,3,-25;1394,20,5;1402,-14,-16;1410,16,-19
rua||manoel custodio da silveira|moreira junior|14407502|955,-2049142,-4741275;965,11,-14;1005,12,-41;1013,-4,-5;1015,2,-3;1121,11,-65;1131,11,-8;1175,30,-64;1185,-5,-9;1187,9,-8;1195,6,-3;2695,2,-27
rua||manoel custodio da silveira|residencial moreira junior|14407482|2595,-2049024,-4741616;2698,10,-36
rua||manoel custodio da silveira|residencial moreira junior|14407502|1281,-2049047,-4741566;1391,38,-91;1401,6,-22;1403,5,-6;2696,-34,87
rua||manoel custodio da silveira|vera cruz 1|14407411|692,-2049218,-4741032;700,25,-11;708,-21,-12;716,1,-3;724,8,0;732,-2,-12;740,0,1;748,5,-12;756,1,-7;764,0,-6;772,10,-2;780,-8,-17;788,7,-7;796,3,-5;804,1,-8;812,5,-5;820,5,0;828,4,-12;836,-1,-8;838,-1,0;844,16,-9;852,-10,-5;868,6,-11;900,19,-43;908,-7,5
rua||manoel custodio da silveira|vera cruz 2|14407502|867,-2049137,-4741270;950,-3,10;958,5,-15;966,0,1;974,7,-12;976,-1,-2;980,10,-14;982,-9,10;996,5,-15;998,-1,3;1006,8,-9;1014,-2,-9;1022,13,-6;1030,-7,-13;1038,-2,-5;1046,21,1;1054,-8,-12;1062,3,-6;1070,-3,-8;1078,2,-8;1086,7,-7;1088,-1,-1;1094,0,-6;1104,5,-14;1112,7,-6;1120,-1,-7;1126,3,1;1136,1,-16;1144,0,-5;1152,0,-4;1160,-1,-11;1168,10,-3;1176,-1,-1;1184,9,-17;1192,-2,-7;1200,3,-10;1208,11,-9;1216,-1,-6;1232,7,-10;1240,5,-3;1248,-2,-13
rua||manoel custodio da silveira|vera cruz|14407502|474,-2049292,-4740802;482,5,-11;490,-3,-6;498,4,-9;506,2,-8;511,-12,0;522,18,-10;527,-5,2;530,11,-10;531,-10,-6;538,8,-2;539,-9,-1;546,10,-6;547,-7,1;554,11,-7;555,-6,-3;562,13,-2;563,-11,-1;570,14,-7;571,-14,-2;578,12,-6;579,-5,-1;586,9,-12;587,-9,1;595,4,-6;602,7,-7;610,0,0;611,-2,-7;618,9,-6;619,-8,0;626,13,-7;627,-9,-2;642,13,-5;650,-1,-13;658,5,-10;666,0,-4;674,2,-6;675,0,0;685,-1,-9;689,8,-40;695,-5,6;697,11,-10;699,3,-6;725,-2,-10;745,5,-25;755,4,-11;796,22,-43;804,4,-7;815,-4,17;825,-6,-11
rua||manoel messias da silva|jardim conceicao leite|14405365|310,-2052822,-4741362;317,-6,12;319,2,0;320,8,-17;325,-7,-7;366,8,-39;370,1,-13;376,-6,-7;379,0,-3;380,2,-3;389,-6,-10;390,9,-2;405,-9,-4;408,6,0;409,-5,-16;410,1,8;413,-2,-1;420,16,-17;423,-16,12;430,3,-11;435,2,-13;439,-3,6;441,-5,-4;442,15,-2;443,-18,-3;453,10,-7;462,5,-7;490,6,-37;500,-5,0;505,-5,-3;510,4,-9;512,3,-4;515,-13,4;517,5,-9;519,3,-1;522,8,-4;528,-5,-1;531,-7,-3;538,5,-12;541,-8,-6;542,9,11;546,-8,-9;547,8,-11;548,-6,11;550,4,0;551,3,-10;561,-7,-8;566,2,-3;571,2,-10;576,5,0;581,-10,-11;604,7,-11;610,-2,-8;612,9,-1;616,-2,-4;621,-10,3;626,4,-3;633,-2,-12;634,-1,-7;635,-2,0;644,3,-14;645,-1,4;652,2,-12;656,1,2;657,-1,0;665,-3,-5;666,6,-5;675,-5,-12;676,5,3;677,-6,1;685,-1,-12;686,8,0;690,3,-4;696,0,-16;705,-7,-2;738,5,-28;743,-10,-9;746,6,-4;750,3,-11;752,0,0;753,-5,7;760,5,-19;763,1,12;770,-3,-14;777,-4,-3;784,4,1;785,-1,-12;788,6,3;792,-1,-6;799,-5,6;800,5,-12;807,-3,0;810,-11,-15;813,6,0;819,3,-9;820,2,6;830,2,-9;835,-4,-10;840,3,-6;847,-3,-4;848,7,1;851,-12,-8;853,0,0;855,5,5;858,4,-9;892,-3,-29;893,5,-5;900,0,-1;903,1,-10;910,4,1;912,-1,1;913,-3,-12;920,10,-4;923,-16,-10;950,31,-20;959,-8,11;960,-13,-22;961,-9,-8;968,8,-11;970,1,8;980,3,-7;1008,-9,3;1515,-2,6
rua||marcelo lima sanches|jardim tropical ii|14407215|2051,-2051481,-4742272;2090,8,49;2100,7,11;2131,5,32;2140,-2,-2;2141,9,11;2150,-8,-7;2151,7,16;2160,6,5;2161,-2,3;2191,11,25;2200,1,9;2201,3,4;2210,0,-1;2211,1,7;2220,6,5
rua||marcelo lima sanches|residencial meirelles|14407215|2081,-2051465,-4742235;2091,-2,11;2093,0,1;2101,0,12;2111,5,9;2241,42,120;2250,0,14;2251,-6,-2;2260,-2,10;2261,12,-2;2266,0,16;2268,0,-4
rua||marcos teixeira da silva|jardim palestina|14402344|2090,-2053326,-4735765;2091,4,-19;2092,-5,17;2099,-4,12;2100,-1,-8;2107,-12,8;2108,5,-2;2115,-9,4;2116,-9,-11;2122,0,11;2123,-1,2;2131,5,16;2132,-10,-17;2139,-7,7;2140,-1,-11;2147,-6,13;2148,-5,-8;2155,1,7;2156,-8,-6;2163,11,7;2171,-19,3;2172,-3,-5;2179,-4,5;2180,-3,-2;2182,-5,-4;2186,-4,2;2187,0,6;2195,-4,6;2196,-3,-7;2203,-1,6;2212,-11,-8;2219,-6,11;2220,-5,-3;2227,-2,7;2230,2,-5;2235,-10,7;2236,2,-7;2243,-11,9;2246,3,-4;2251,-10,2;2252,0,0;2258,-12,-3;2259,5,6;2268,-11,-7;2269,2,0;2288,-29,3;2296,-5,4;2301,5,13;2304,-15,-2;2308,3,1;2309,11,-1;2312,-30,3;2320,4,0;2325,9,-5;2333,-8,7;2338,-17,1;2346,-8,0;2349,9,7;2354,-14,-9;2362,-5,5;2364,-2,5;2370,-8,-3;2371,9,7;2378,-13,0;2386,-10,-4;2389,10,6;2394,-14,0;2395,3,4;2402,-9,-4;2403,7,3;2410,-17,-1;2411,8,3;2418,-14,-1;2419,7,2;2426,-16,3;2427,13,0;2434,-14,-3;2435,7,6;2442,-15,-2;2443,8,5;2450,-16,-4;2451,10,4;2459,-8,0;2467,-8,1;2472,-24,-7;2488,-14,10;2491,18,11;2496,-29,-6;2499,-11,-4;2502,3,10;2507,19,-8;2510,-25,0;2515,21,7;2518,-19,-8;2523,8,14;2526,-26,-1;2531,21,2;2532,-23,-1;2534,-3,-7;2539,26,12;2542,-31,2;2547,21,-8;2550,-26,5;2555,10,-8;2558,-15,5;2563,13,9;2564,-27,-10;2570,-3,7;2571,23,1;2578,-30,1;2579,21,3;2586,-29,-8;2587,25,5;2595,-17,-3;2596,-10,7;2603,12,6;2604,-29,-4;2611,19,-3;2614,-18,6;2619,17,-1;2624,-23,-4;2627,13,6;2634,-24,-4;2635,19,11;2643,-34,-16;2644,9,9;2651,9,10;2659,-7,0;2683,-25,4;2684,-12,-24;2691,-2,29;2694,0,-4;2699,-3,2;2704,-2,-1;2707,-5,3;2714,-9,-8;2715,5,10;2716,-1,-12;2723,-10,19;2724,4,-14;2731,-8,16;2734,-2,-6;2739,73,-21;2744,-77,14;2747,119,-13;2754,-125,16;2755,154,-15;2763,44,-19;2764,-211,41;2771,243,-55;2774,-249,54;2779,282,-86;2784,-289,90;2787,-8,10
rua||margarida stefani simaro|esplanada primo meneghetti|14403707|3991,-2054998,-4737081;4001,-9,-2;4011,-6,1;4021,-7,-1;4029,-9,8;4031,-2,-5;4041,-15,9;4045,-1,1
rua||margarida stefani simaro|jardim santa hilda|14403707|4070,-2055080,-4737112;4080,-6,7;4090,0,0;4094,-6,-2;4096,-6,4;4110,-3,5;4119,-3,12;4120,-17,-14;4129,2,19;4139,-8,-2;4140,-6,-3;4141,3,6;4149,-13,4;4150,-3,-3;4159,-4,11;4160,-4,-6;4169,-3,7;4170,-2,-6;4179,-6,8;4180,0,-7;4189,-3,8;4190,-7,0;4199,-6,5;4200,-5,-9;4209,-7,12;4210,-3,-5;4219,-9,6;4220,-4,-7;4230,-7,0;4240,6,3
rua||maria aparecida da silveira|residencial quinta d oeste|14408002|4055,-2052217,-4745492;4056,12,16;4070,9,-7;4075,-3,-7;4095,21,1;4110,14,6;4115,3,-9;4120,7,9;4145,19,-14;4150,12,12;4165,9,-15;4260,152,-4;4285,-20,-8;4290,-8,13;4325,44,-19;4328,4,-3;4345,16,4;4355,9,-6;4370,-4,13;4375,22,-15;4390,1,14
rua||maria borges de souza|esplanada primo meneghetti|14412002|3920,-2054884,-4736877;3931,-3,1;3940,-9,4;3950,-6,3;3951,12,-3;3960,-23,5;3961,11,4;3970,-15,-2;3990,-20,2;3991,-3,8;4000,-4,-7;4001,-3,10;4010,-7,-3;4011,4,6;4020,-15,-8;4030,-5,1;4031,-5,7;4060,-22,2;4070,-14,-3;4071,4,18;4080,-5,-12;4090,-14,-2;4100,-8,10;4101,-1,10;4110,-5,-8;4120,-10,0;4121,0,13;4130,-9,-11
rua||maria calandria sanches|jardim paraty|14403795|4396,-2055364,-4736300;5880,-58,-103;5881,16,-17;5888,-5,26;5893,1,-18;5896,-4,20;5897,7,-8;5900,-8,14;5904,3,9;5905,2,-21;5912,-5,31;5913,10,-21;5920,-7,28;5921,6,-23;5924,2,17;5926,-7,6;5929,9,-14;5937,8,2;5939,-10,11;5942,5,18;5944,-3,-10;5945,4,-7;5948,2,15;5950,4,-1;5951,2,27;5952,-6,-18;5960,-8,15;5968,10,10;5969,4,-25;5976,-7,31;5977,0,-20;6005,10,52;6006,-2,-21;6015,4,24;6016,-6,6;6017,7,-1;6020,-1,4;6023,3,6;6030,-5,-3;6031,6,7;6039,3,8;6047,3,10;6049,-3,-6;6050,4,-4;6055,0,11;6057,-2,-1;6060,-6,2;6063,13,2;6065,-6,11;6070,1,-12;6071,3,18;6078,-11,-4;6079,11,7;6080,-5,-6;6087,4,14;6097,2,17;6098,-9,-19;6100,0,4;6103,13,16;6108,-1,-14;6111,-1,15;6119,2,6;6124,-4,15;6125,8,3;6127,-4,-7;6130,-4,-11;6132,3,1;6134,-4,5;6135,8,23;6140,-7,-13;6143,10,14;6151,-5,4;6156,-4,-3;6159,10,15;6164,-6,-12;6167,6,17;6172,-3,-12;6175,1,18;6180,1,-10;6183,-1,18;6188,1,-6;6191,3,17;6196,-5,-10;6197,13,19;6199,-4,-2;6204,-1,-8;6207,4,21;6214,-2,-11;6220,-5,6;59977,-35,-243
rua||maria carmo teodoro silva|centro|14407087|1470,-2050048,-4742224;1484,7,-11;1550,15,-51
rua||maria carmo teodoro silva|franca|14407087|1270,-2049968,-4742410;1467,-94,201;1471,6,-12;1473,-5,4;1479,7,-9;1481,2,-11;1551,29,-45;1570,30,-54;1580,4,-7;1611,-9,5;1670,32,-58;1701,-5,-6;1711,-4,3;1740,31,-43;1751,-2,-6;1760,10,-8;1761,-6,-5
rua||maria carmo teodoro silva|jardim portinari|14407087|971,-2050263,-4741798;981,4,-11;1010,-2,23;1020,1,-3;1021,24,-62;1031,4,-14;1040,6,9;1041,2,-22;1042,-11,13;1060,31,-38;1100,2,-19;1221,35,-83;1231,7,-6;1241,4,-5;1251,-14,22;1261,21,-39;1270,289,-595;1271,-286,590;1280,-23,70;1281,8,-21;1285,-21,51;1291,46,-113;1301,3,-11;1303,3,3;1311,0,-7;1313,0,0;1321,4,-8;1331,-1,-10;1351,5,-11;1361,6,-3;1371,6,-10;1381,0,-5;1401,7,-10;1411,3,-4;1413,-2,-4;1830,195,-376;1831,-7,-12;1880,34,-48;1920,22,-41;1930,3,-3;1940,-2,-18;1942,0,6
rua||maria do carmo teodoro da silva|jardim tropical|14407087|890,-2050287,-4741737
rua||maria do carmo teodoro da silva|portinari|14407087|891,-2050286,-4741747;901,0,-4;1250,2,1
rua||maria euripedes de sousa|jardim sao gabriel|14406566|2380,-2053139,-4744259;2388,-7,-6;2389,0,3;2396,1,-5;2397,-6,2;2404,4,-16;2405,-8,5;2412,-3,-8;2413,5,-10;2420,-9,2;2421,1,4;2428,-1,-7;2429,-7,-6;2436,3,3;2444,-4,-14;2452,0,-4;2460,-6,-7;2468,-3,-10;2476,-6,2;2484,3,-9;2492,-11,-10;2500,3,-3;2508,-10,-9;2516,5,-22
rua||maria furini de souza|parque esmeraldas|14406165|101,-2054388,-4745678;130,22,25;140,5,-4;141,3,-6;150,7,9;160,3,4;161,-1,-7;170,7,11;171,8,-4;180,0,14;181,6,-14;190,4,13;191,9,-6;200,0,13;201,-1,-14;210,5,9;211,5,-1;220,10,14;221,3,-4;231,5,-8;240,9,13
rua||maria gomes silva|vila champagnat|14400185|417,-2055053,-4740388;437,15,8;447,4,3;467,40,32;487,-20,-12
rua||maria helena ferreira de souza|aeroporto iii|14404233|1345,-2058849,-4736671;1348,10,-13;1354,3,-1;1358,-9,-8;1364,-7,-3;1365,-4,12;1366,11,-11;1374,-12,-1;1375,-4,0;1384,-9,-4;1385,10,0;1387,-12,5;1395,-2,-2;1404,0,-13;1405,-5,10;1414,18,-7;1415,-24,0;1416,6,-7;1422,-9,-9;1424,3,5;1425,-5,7;1434,-8,-14;1435,2,9;1444,-6,-14;1445,-7,12;1454,0,-20;1455,6,21;1464,-9,-29;1481,-18,5;1492,-4,-16;1493,-9,6;1498,1,-10;1501,-4,7;1502,3,-5;1508,-8,-6;1509,0,7;1516,-1,-10;1517,-6,6;1524,0,-14;1525,-5,15;1532,-2,-15;1533,-1,10;1540,-3,-16;1541,-1,8;1543,0,5;1548,-2,-15;1549,-4,7;1556,-7,-12;1557,-4,4;1563,-6,-1;1564,7,-7;1571,-16,1;1572,13,-7;1579,-20,-1;1580,9,-4;1587,-11,5;1588,-2,-7;1595,-1,3;1596,-3,-3;1598,79,46;1604,-82,-60
rua||maria jose de paula souza|jardim cambui|14409695|1611,-2048196,-4740659;1630,52,56;1640,-11,-12;1650,-3,0;1660,-4,-7;1661,16,33;1680,-25,-45;1690,0,-2;1700,-10,-12;1710,-2,-6;1720,-3,-5;1730,5,11;1740,-16,-20;1741,0,-3;1750,-4,-10;1770,-8,-8;1780,0,0;1790,-8,-15;1800,8,15;1810,-23,-28;1820,0,0;1830,-7,-18;1860,-4,-27;1870,-7,-8;1871,-9,3;1880,1,-11;1881,-3,9;1884,5,-7;1890,-6,-5;1891,-2,7;1900,-3,-10;1901,-1,7;1910,-1,-20;1911,-5,8;1920,1,-13;1921,-5,9;1930,2,-17;1931,-9,10;1941,-2,-7;1950,2,-10;1951,-17,-15;1960,13,11;1961,-13,-10;1970,12,4;1971,-10,-1;1976,4,-3;1980,-3,-3;1981,-7,0;1990,3,-18;1995,0,18;2000,-6,-26;2010,4,-8;2013,-4,29;2021,0,-7;2031,-4,-17;2041,-1,-5;2051,-3,-7;2060,6,-8;2061,-5,-1;2070,4,-4;2071,-5,1;2080,3,-14;2081,-8,4;2090,6,-13;2091,-11,0;2106,8,-10;2110,-2,-6;2111,-3,1;3001,11,43;3021,-15,-48
rua||mariana reginalda dos santos|residencial ana dorotheia|14412205|4570,-2055401,-4735902;4580,7,5;4590,6,-3;4600,4,3;4610,6,-2;4620,11,3;4630,-5,3;4640,9,5;4650,5,0;4660,7,-2;4670,7,0;4680,4,-3
rua||mariana rufino dos santos|cdhu otavio cilurzo|14407652|4710,-2055306,-4735875;4711,4,-9;6441,-12,10
rua||mariana rufino dos santos|jardim luiza|14407652|3105,-2048518,-4742327;3107,0,0;3129,10,-4;3137,2,3;3139,0,-2;3149,9,5;3157,11,-6;3159,-5,6;3169,12,-6;3179,8,-5;3187,7,-6;3189,-1,3;3190,-32,10;3199,33,-13;3201,5,7;3204,24,-8;3219,1,-4;3224,2,2;3227,3,-3;3229,-1,-2;3234,11,4;3235,-10,-10;3244,19,5;3246,-6,-1;3249,6,-7;3252,7,3;3254,-1,2;3259,2,-4;3264,1,3;3269,3,-3;3277,6,-1;3279,13,-4;3289,9,-1;3294,6,7;3307,7,-12;3309,-87,24;3314,91,-22;3319,7,-6;3329,7,-4;3334,2,2;3339,9,-4;3344,0,7;3349,12,-11;3352,3,5;3354,-7,-5;3359,10,-1;3369,6,-4;3372,1,5;3374,5,0;3380,3,3;3384,0,0;3389,6,-10;3391,11,-5;3394,-7,7;3399,17,-10;3404,-8,12;3409,8,-12;3410,-149,48;3414,151,-47;3424,9,-3
rua||marieta maria dos santos|residencial ana dorotheia|14412242|5200,-2054738,-4735743;5210,-2,3;5211,4,-7;5220,-5,8;5221,9,0;5223,4,-1;5224,-6,1;5227,10,-2;5230,-6,4;5232,5,3;5235,7,-4;5240,7,8;5241,-2,-4;5245,6,4;5246,-7,2;5250,14,-1;5251,-8,14;5256,-6,-11;5260,8,6;5261,11,1;5264,0,4;5270,3,0;5271,2,-1;5273,-12,2;5276,13,0;5280,-2,16;5281,2,-12;5285,8,3;5288,-2,1;5290,-1,0;5291,14,5;5292,-15,-3;5300,15,-6;5301,3,3;5310,-7,17;5311,16,-9;5316,-8,5;5320,-2,6;5321,21,-10;5322,-11,14;5330,9,1;5331,3,-2;5336,0,10;5340,32,-49;5341,-24,46;5343,6,-1;5350,6,9;5351,-1,-5;5352,-14,1;5355,13,-9;5357,0,6;5360,-7,9;5361,13,-2;5367,6,4;5370,-9,4;5371,13,-4;5373,1,2
rua||mario faustino dos santos e silva|residencial veredas de franca|14404705|541,-2057553,-4740668;547,-172,-183;571,1,-8;583,-9,-9;667,-71,-45
rua||maura da silva santana|aeroporto iii|14404279|1999,-2059533,-4736841;2008,14,-4;2009,-12,-5;2018,4,-7;2019,-7,12;2028,6,-13;2029,-14,-3;2038,12,0;2039,-13,-2;2048,8,-12;2049,-11,9;2058,3,-15;2059,-9,5;2064,7,3;2068,-4,-18;2069,2,13;2079,-10,-20;2088,9,4;2089,-9,-4;2098,7,2;2108,-7,-14;2109,-10,2;2118,5,-8;2119,-10,3;2128,10,-3;2129,-15,-7;2138,8,-4;2139,-8,0;2148,4,-9;2158,-3,-3;2159,-9,-1;2168,3,-10;2169,-11,3
rua||maura da silva santana|jardim santa barbara|14404279|2218,-2059607,-4736990;2219,-9,-1;2231,-2,-2;2238,-3,-7;2258,-1,-11;2259,-8,-3;2268,0,-9;2269,-1,4;2298,-10,-24;2308,-4,-5;2318,-1,-2;2339,-16,-17;2359,-9,-14;2399,-13,-25;2409,-2,-12;2429,-12,-7;2439,0,6;2479,-20,-48;2488,8,-9;2498,-6,14;2502,-8,-20;2508,-4,-1;2518,-8,-14;2528,0,-3;2529,-7,8;2558,-1,-24;2568,-1,-14
rua||miguel maniglia sobrinho|jardim barao|14409038|277,-2051662,-4739958;350,33,92
rua||miguel maniglia sobrinho|jardim maria gabriela|14409038|1940,-2051618,-4739777;1955,11,6
rua||miguel maniglia sobrinho|parque doutor carrao|14409038|5100,-2051563,-4739576
rua||nativo borges da silva|vila real|14403864|5561,-2056818,-4736713;5970,6,-119;5980,-1,36;5990,1,9;5996,6,-1;6000,-6,12;6020,-9,19;6026,2,-1;6036,9,18;6040,3,7;6050,-9,5;6060,7,11;6066,-2,3;6070,-3,7;6080,-5,10;6081,3,-71;6084,5,80;6086,2,-9;6090,2,11;6091,-7,-71;6104,6,74;6106,-3,10;6108,6,-2;6110,-3,8;6111,-8,-45;6120,3,49;6121,0,-35;6126,0,36;6130,1,4;6136,-6,5;6141,-5,1;6210,4,-111
rua||nilzo michelino dos santos|residencial zanetti|14412422|7550,-2056734,-4734726;7555,4,-6;7559,0,8;7560,-1,7;7564,0,5;7570,6,9;7576,-1,-3;7580,-1,6;7585,5,2;7586,3,8;7589,-17,-2;7590,14,5;7595,2,-3;7599,2,6;7600,1,3;7604,-2,7;7605,2,-7;7609,2,6;7610,3,3;7615,-2,3;7616,-1,3;7620,1,-1;7625,4,8;7626,-3,0;7629,0,-1;7630,3,12;7636,2,-4;7640,-4,3;7646,4,8;7650,3,3;7655,1,4;7656,0,1;7659,-6,7;7660,6,2;7665,-6,1;7666,8,4;7669,-5,2;7670,4,6;7675,-1,2;7679,-1,-3;7680,8,16;7685,-5,-8;7690,1,6;7695,8,6;7696,-4,-3;7697,4,3;7700,-3,0;7705,-1,-5;7706,10,9;7709,-4,11;7710,2,-5;7716,1,6;7720,0,4;7726,-1,5;7730,1,8;7736,2,1;7740,1,5;7745,4,7;7746,-3,-3;7749,6,3;7750,-4,3;7756,2,2;7759,6,12;7760,-4,-10;7766,-1,10;7769,10,11;7785,5,12
rua||octavio balthazar de souza|parque do horto|14409328|200,-2049201,-4740308;210,1,2;220,10,11;230,3,7;234,0,-3;240,7,6;250,4,-2;260,1,12;270,6,2;280,3,3;290,6,7;300,6,6;302,8,15;310,1,-1;318,1,2;320,2,3;330,-7,19
rua||odeny sathler|jardim joao liporoni|14408156|1380,-2050853,-4743062;1390,-4,2;1395,4,3;1405,3,11;1410,-6,10;1420,-11,12;1425,8,-3;1430,-6,3;1435,8,9;1440,-8,-4;1445,7,10;1450,-10,6;1455,6,4;1460,-5,11;1465,4,-2;1470,0,6;1480,-9,6;1508,-6,24;1510,-2,4;1512,8,5;1515,1,-5;1520,-5,13;1525,0,3;1530,-2,5;1535,1,5;1540,-7,9;1545,9,-4;1555,3,12;1560,-20,6;1565,11,1;1575,-2,10
rua||odeny sathler|villagio mundo novo|14408086|3260,-2050682,-4743862
rua||odeny sathler|villagio mundo novo|14408156|3070,-2050771,-4743862;3150,-9,0;3210,48,-4;3220,13,0
rua||olegario jose da silva|jardim alvorada|14403133|2110,-2056810,-4739454;2111,11,-7;2120,1,12;2121,2,-2;2130,-3,9;2131,11,0;2137,-7,-6;2141,8,9;2161,13,17;2171,6,5;2181,14,11;2185,-14,-4
rua||olegario silva|aeroporto iii|14404240|1862,-2059446,-4736623;1870,0,-5;1878,-16,-2;1885,-12,-6;1886,8,-3;1893,-12,0;1894,12,-3;1901,-23,-6;1902,8,0;1909,-9,-4;1910,4,-3;1917,-9,-3;1918,5,-1;1922,-2,13;1925,-11,-18;1926,11,2;1933,-14,-2;1934,8,0;1937,-14,-3;1942,4,-5;1944,4,9;1949,-25,-14;1950,20,4;1957,-20,-4;1960,10,-3;1965,-13,3;1967,5,-12
rua||olivia abdo de souza|jardim cambui|14409704|1740,-2048083,-4740816
rua||olympio rodrigues da silva|vila industrial|14403356|1066,-2054733,-4739724;1139,25,6;1145,8,16;1146,-1,21;1189,29,18;1199,10,13;1200,-12,-11;1209,36,24;1210,-18,-1;1219,26,24;1220,-15,-16;1239,21,20;1317,45,54;1351,15,22
rua||orcalina dos santos|jardim paraty|14403798|5670,-2055682,-4736574;5680,3,11;5690,4,16;5700,2,3;5704,4,-2;5714,-3,10;5716,1,6;5720,5,7;5740,9,29;5750,6,9;5760,-2,6;5806,103,62;5820,-83,-55;5826,8,13;5836,7,-1;5838,-3,6;5846,10,-1;5856,12,20;5866,4,3;5876,20,4;5886,7,4;5896,15,2
rua||orcalina dos santos|jardim santa hilda|14403798|5581,-2055686,-4736587;5589,2,7;5597,0,9;5605,8,11;5613,3,1;5629,5,17;5637,3,4;5641,6,6;5653,0,8;5669,10,16;5679,0,6;5695,-1,8;5701,7,15;5703,-5,-6;5713,7,7;5725,19,20;5727,-6,-6;5729,4,0;5731,10,0;5733,0,4;5741,17,16;5745,-1,-11;5747,-9,9;5749,18,9;5757,9,4;5773,3,3;5789,14,6;5797,2,7;5805,11,8;5811,0,0;5813,3,-1;5815,2,1;5821,7,1;5835,4,3;5843,3,3;5851,11,2
rua||orlanda penha da silva|residencial san diego|14403196|2011,-2056656,-4739839;2021,-12,6;2031,0,8;2035,-6,7;2041,-8,6;2051,0,9;2071,-22,8;2091,-18,23;2101,-4,-2;2111,-12,7;2131,-13,16;2141,-4,8;2145,-10,4;2151,-5,6;2170,-11,-1;2181,-15,20;2191,-11,4
rua||oscar brasilino santos|centro|14400680|1481,-2054149,-4740277;1491,11,17;1501,-13,7;1521,-11,26
rua||osvaldo de souza|panorama|14402500|151,-2051628,-4735172;161,-5,1;170,-5,-19;171,-4,8;180,-8,-4;181,-4,-3;190,-1,-1;191,-9,0;200,-3,-2;201,-1,5;210,-5,-9;211,-8,2;220,1,3;221,-7,-4;230,-5,-7;231,-2,5;240,-7,-4;241,-3,-1;250,-4,-8;251,-9,10;253,9,-4;260,-4,-14;261,-12,10;263,-3,-7;270,3,-6
rua||osvane donisete da silva|jardim luiza i|14407533|2742,-2048916,-4742520;2752,13,-22;2762,-1,10;2772,11,-3;2774,10,6;2782,11,-8;2792,2,6;2802,11,-2;2804,1,-4;2812,10,-5;2820,6,3;2822,5,3;2832,10,-15;2842,7,-3;2850,7,3;2852,-3,16;2854,9,-5;2862,5,-1;2864,-2,-4;2872,9,1;2882,14,5;2892,6,-5;2894,0,0;2902,7,0;2912,10,-4;2920,4,4;2922,1,0;2924,5,-12;2942,3,8
rua||osvane donisete da silva|jardim luiza|14407533|2735,-2048928,-4742542;2743,10,5;2755,13,3;2763,10,-6;2765,-1,-3;2775,12,5;2785,3,-2;2795,12,0;2805,8,-1;2807,5,2;2815,0,-4;2825,12,0;2829,5,-56;2835,-1,56;2843,12,-3;2845,7,5;2855,1,-1;2859,14,-55;2865,-6,49;2870,4,-48;2875,9,49;2885,11,-3;2895,4,-2;2905,14,2;2915,8,-1;2917,2,0;2925,7,-7
rua||otamir aparecido da silva|jardim santa lucia|14403010|930,-2056116,-4738770;1031,63,123
rua||otavio thomaz da silva|aeroporto ii|14404136|1715,-2058255,-4737015;1717,1,7;1718,-3,-9;1720,-2,-2;1722,-7,6;1724,-4,16;1725,15,-2;1728,-9,-4;1730,-9,10;1731,12,-10;1735,7,15;1744,-14,10;1745,8,-2;1750,-19,4;1751,15,8;1754,-6,-8;1755,0,3;1760,0,11
rua||otilio monteiro dos santos|distrito industrial|14406076|2350,-2055167,-4743413;2400,1,-35;2460,-2,-49;2500,4,-58;2531,-19,-16;2551,0,-21;2560,-2,-17;2571,3,-5;2590,12,-5;2591,-12,-6;2596,0,-28;2611,1,-13;2701,2,-137;2810,17,4;2812,-4,-7;2850,2,-39;2851,-14,-57;2901,-1,-13;2931,-1,-99;2949,0,24;2960,15,49;2980,3,-77;2981,-15,-32;3011,2,-28;3045,-3,-44;3100,13,76
rua||ozandir hipolito da silva|jardim piratininga|14403582|3567,-2054121,-4737474;3569,-4,0;3571,2,5;3573,0,-4;3603,10,38;3615,-1,11;3627,5,13;3639,5,10;3651,4,-1;3731,23,99;3743,1,11;3767,10,25;3779,-1,7;3803,3,19;3838,8,58;3839,6,-24;3850,2,34;3851,-1,-20;3862,12,29;3863,-6,-21;3899,10,38;3911,-5,3;3942,24,91;3963,5,-16;3978,-3,47;3983,5,-28;3993,0,14;4014,2,41;4023,8,-18;4026,-3,35;4038,3,17;4043,2,-21;4053,8,10;4142,15,126;4143,-4,-20;4153,0,7;4154,2,19;4163,-8,-3;4173,13,11;4178,-7,12;4183,8,-3;4193,-2,-12;4213,-1,43;4221,2,12;4223,1,5;4226,-15,10;4238,7,13;4243,3,1;4253,1,8;4263,-2,20;4264,3,-4;4276,-6,15;4288,7,7;4293,2,8;4303,0,11;4312,-4,3;4323,8,27
rua||ozandir hipolito da silva|piratininga|14403582|3602,-2054117,-4737415;3614,10,18
rua||paulo alves da silva|jardim paulistano|14402432|440,-2052986,-4736110;450,4,10;452,-8,-2;454,-1,0;464,16,9;468,-3,12;470,1,-3;471,10,5;473,-4,-8;474,4,23;478,-1,-4;481,-1,-8;490,-2,14;491,4,-2;493,-5,7;495,3,-4;500,-2,2;501,5,1;503,-6,13;510,-4,1;511,12,-2;514,-5,8;515,9,-2;516,-4,6;521,13,-6;530,-14,17;531,10,-7;540,-6,13;541,15,-2;550,-9,11;551,9,-4;560,-2,15;561,9,-2;570,-8,0;571,12,-3;573,1,11;580,-6,15;581,4,-9;641,18,40;646,-4,15;650,7,0;651,7,5;652,-9,-5;660,-1,11;661,13,-5;670,-4,14;671,1,-3;680,0,11;681,10,-3;690,-8,12;691,9,-4;696,-5,7;700,-2,5;701,15,2;704,-14,0;710,8,7;711,2,-5;715,6,14;720,-7,0;721,10,7;730,-4,4;731,6,-1;735,-1,-1;740,-6,10;750,4,10;751,5,-12;752,-4,11;791,28,44;801,2,8;810,25,96;811,-22,-93;820,1,31;821,5,-17;830,-2,14;831,4,-14;837,2,14;840,-10,2;841,13,2;843,-5,-5;845,-15,-50;850,12,63;851,11,-8;860,-8,18;861,8,-7;863,-5,9;864,-1,-5;870,-1,5;871,9,2;880,-4,9;881,15,8;888,-13,-5;890,3,6;891,15,2;893,-17,-34;900,3,40;901,11,4;910,-1,9;911,1,2;916,-2,-7;920,4,8;921,1,8;930,2,8;931,6,0;940,-2,8;941,2,-2;951,4,3;961,9,23
rua||paulo carlos da silva|jardim portinari|14407082|1000,-2050420,-4741954;1001,30,-28;1010,-1,13;1011,12,-7;1020,5,10;1021,3,-7;1030,-1,7;1031,7,-4;1040,11,11;1041,-10,-11;1050,7,15;1051,2,-10;1060,9,12;1061,3,-3;1068,2,4;1070,-3,4;1071,2,-3;1080,4,3;1081,3,-1;1090,3,5;1091,8,-4;1094,-8,4;1100,3,-3;1101,5,-2;1108,3,16;1110,0,0;1120,5,-1;1121,5,0;1130,5,4;1131,5,-9;1140,1,7;1141,6,1;1150,1,7;1151,9,-4;1160,-7,7;1161,7,1;1170,0,2;1171,11,1;1172,-3,3;1180,2,3;1181,4,-7;1190,5,9;1191,-6,-7;1200,13,10;1201,4,0;1210,0,2;1211,5,1;1220,1,-2;1221,9,-10;1230,-2,21;1231,11,-11;1240,-6,15;1241,8,-6;1242,-2,0;1251,17,-12;1280,2,34;1281,2,-6;1290,10,6;1291,-7,0;1300,15,12;1301,-3,-7;1310,7,7;1311,3,-2;1321,7,12;1323,2,-9;1330,9,11;1331,1,-6;1340,8,10;1341,-2,-10;1350,7,6;1351,0,-1;1360,7,13;1361,2,-5;1363,3,4;1370,6,3;1371,4,-3;1380,2,13;1381,8,-16;1387,-1,7;1390,6,9;1391,0,-7;1398,1,9;1400,13,7;1401,-12,-11;1410,6,9;1411,3,-5;1418,2,10;1420,5,2;1421,2,-10;1430,4,12;1431,3,-5;1440,11,10;1441,2,1;1450,7,2;1451,4,-5;1461,3,8;1471,10,1;1481,19,-1
rua||paulo jorge sinelli|jardim joao liporoni|14408140|1285,-2051285,-4743259;1290,-4,6;1295,5,5;1300,-8,10;1305,5,4;1310,1,11;1313,-2,-5;1315,1,4;1320,-4,6;1325,4,1;1330,-3,10;1335,2,-1;1337,5,2;1340,-4,8;1345,3,-4;1350,5,14;1355,-10,1;1357,6,-3;1360,-17,5;1370,16,15;1380,8,11;1385,-8,-8;1390,1,21;1395,-1,-2;1400,5,12;1405,-4,-1;1410,-11,4;1415,17,2;1420,-6,19;1425,8,-8;1430,-9,11;1435,14,6;1440,-10,11;1445,2,-4;1450,-3,19;1455,4,-8;1460,-3,8;1465,5,-3;1470,3,21;1495,-3,8;1505,-3,8;1507,7,3
rua||paulo vieira da silva|jardim piratininga|14403587|2320,-2053772,-4736955;2330,-17,7;2340,-2,0;2350,-11,-3;2360,-5,8;2370,-13,0;2380,-10,-3;2390,-11,3;2400,-4,5;2410,-3,-2;2420,-17,-5;2430,-7,5;2440,-9,-3;2450,-12,16;2460,-13,-15;2491,-53,13;2500,-11,-2;4074,30,8;4082,2,-7
rua||paulo vieira da silva|piratininga|14403587|2321,-2053784,-4736940;2361,-40,5;2421,-35,-2;2441,-31,-1;2443,-6,2;2451,-27,5
rua||pedro custodio de souza|aeroporto ii|14404124|215,-2058398,-4736878;217,2,6;220,5,23;230,6,-29;232,3,-3;235,-17,-26;241,13,13;245,2,-4;250,15,4;251,-12,-7;252,10,3;254,-6,6;255,1,-10;265,4,-6;269,10,1;271,-5,-7;275,8,8;305,33,3;310,2,9;313,9,-6;314,0,13;315,4,-14;320,4,13;325,5,-16;330,-4,12;335,14,-10;340,3,16;342,-5,-2;345,12,-12;350,-1,14;353,12,-12;355,-2,0;360,-3,9;365,3,-7;367,7,-3;370,-1,12;372,5,-7;375,3,3;382,7,4;385,2,-8;390,4,14;395,5,-12;405,10,-2;420,18,17;425,3,-9;430,9,10;435,6,-10;440,0,13;444,-2,5;445,9,-10;450,0,11;455,7,-8;460,-1,2;464,10,3;465,6,-8;467,-10,-5;475,12,10;477,7,13;480,2,-5;485,-3,-10;489,5,0;490,3,11;495,12,-9;496,-5,12;497,0,-14;510,11,15;515,6,-8;520,5,11;523,4,-7;525,2,-10;527,2,9;530,-1,10;535,0,-11;537,7,-1;538,7,11;540,-8,-1;548,15,-2;550,-3,2;553,4,7;562,11,2;580,20,0;590,13,3;600,6,-6;610,14,6;620,8,0;628,3,1;630,17,-4;640,-2,9;650,6,-7;670,8,29;680,-2,8;690,-3,8;700,-2,12
rua||pedro lopes da silva|jardim paineiras|14407754|4390,-2047724,-4741344;4392,10,-3;4400,11,5;4410,12,-9;4411,-4,3;4420,5,-3;4421,5,-7;4423,-6,9;4430,14,-6;4431,-10,-4;4440,21,-2;4441,-7,-2;4450,106,-25;4451,-97,24;4460,15,-1;4461,-8,-1;4471,15,-5;4472,-14,-43;4473,7,49;4480,14,4;4481,-2,-9;4486,9,7;4490,6,10;4491,-5,-16;4493,5,-4;4500,8,0;4501,-9,-3;4510,11,-22;4511,5,19;4513,-7,-2;4520,-3,-43;4521,15,45;4523,8,-8;4530,-4,-17;4531,0,22;4540,6,-33;4541,18,32;4550,3,-4;4551,5,3;4560,1,-2;4561,1,-1;4570,6,1;4571,7,-8;4572,-4,6
rua||pedro schirato|vila scarabucci|14403639|2136,-2054338,-4738853;2141,5,4;2146,2,5;2157,5,5;2161,1,-3;2163,0,11;2166,1,8;2284,4,24;2286,0,-5;2292,9,9;2301,-5,-21;2302,8,23;2311,-1,-3;2321,5,12;2330,-1,1;2331,3,5;2338,-3,5;2340,8,1;2341,1,4;2346,-5,5;2350,7,1;2351,13,2;2358,-31,14;2360,21,-14;2361,2,12;2371,9,13
rua||pedro silveira|jardim palmeiras|14406709|1963,-2051915,-4743883;1965,-3,-7;1970,5,-1;1976,-6,-12;1980,2,-5;1981,-1,4;1983,-1,8;1985,1,-8;1990,-3,-11;1995,-2,2;2000,1,-12;2005,7,2;2010,-6,-11;2015,-2,6;2017,-3,-4;2020,0,-15;2025,3,7;2027,-5,-3;2030,1,-1;2035,0,-5;2039,-3,-2;2040,5,-10;2045,-6,9;2050,5,-14;2056,-1,-6;2060,-3,-6;2065,-6,4;2066,4,-14;2067,-4,15;2085,-6,-25;2090,4,-22;2095,7,-1;2098,-9,-3;2100,-5,-5;2101,3,5;2107,-6,-5;2108,7,-6;2112,-1,-2;2120,0,-9;2122,-3,-10;2128,6,-4;2130,-6,4;2140,-3,-5;2142,2,-7;2150,-1,-8;2160,0,-6;2170,-1,-11;2198,-10,-37;2200,0,-10;2205,-12,-5;2220,9,-4;2225,-12,-5;2226,8,-2;2228,-3,-8;2230,0,2;2235,-7,2;2240,4,-7;2244,0,0;2245,-2,-5;2247,-1,-6;2249,0,-5;2250,4,5;2253,-7,-6;2260,10,0;2262,-3,-6;2265,-8,-3;2266,4,-4;2270,7,-19;2273,-12,12;2275,-5,6;2283,3,-10;2285,-1,-7
rua||pedro silveira|residencial julio delia|14406709|2445,-2052020,-4744362;2455,-3,-5;2465,-6,-25;2475,0,-4;2505,-13,-21;2515,-3,-5;2525,-5,-10;2535,-12,-12;2575,4,-23;2585,-7,-5;2595,-4,-12;2605,-9,-6
rua||pedro silveira|residencial julio delia|14406762|2305,-2051984,-4744229;2315,-4,-13;2325,0,-12;2335,5,-4;2345,-5,-8;2355,-11,-9;2635,-88,-231;2645,-1,-13;2655,-6,-9;2665,-1,-2;2695,-11,-18;2705,-8,-11;2715,-3,-13;2725,-2,-9;2765,-29,-20;2775,1,-10;2785,-2,-6;2815,-17,-11;2825,0,-20;2835,-6,-9;2845,-1,-2;2915,-58,-48;2945,-174,-224
rua||pedro spessoto|vila santa cruz|14403453|1890,-2054325,-4739152;1900,9,16;1908,14,6;1911,-7,5;1913,4,-1;1920,3,16;1923,-1,-6;1927,1,10;1931,-1,3;1939,8,1;1940,-2,3;1942,-4,12;1950,7,4;1952,-2,2;1957,8,-6;1965,8,19;1976,-5,-12;1981,5,6;1982,-6,10;1990,29,1;1991,-13,20;1996,-5,-2;1998,8,11;2001,1,-4;2007,3,-2;2010,2,17;2015,-3,-9;2019,2,11;2020,8,0;2022,-5,9;2025,6,-11;2030,-6,11;2032,-3,4;2035,6,0;2037,12,0;2040,-15,10;2050,4,8;2055,15,0;2060,-15,18;2063,19,0;2073,-1,9;2111,16,29;2118,-10,-24;2120,10,26;2121,2,1;2128,2,6;2132,-3,1;2133,8,4;2138,-2,10;2144,-2,0;2149,11,4;2154,-3,2;2155,6,2;2160,2,11;2162,0,0;2164,-2,-2;2169,0,-7;2172,7,9;2176,-8,14;2177,6,-8;2180,2,13;2181,1,-3;2183,16,-8;2184,-24,8;2185,11,6;2190,-6,1;2191,12,9;2194,-4,4;2197,24,-9;2217,9,50;2234,-16,-16;2235,5,3;2240,-7,3;2245,15,13;2250,-13,-2;2259,16,8;2260,-9,0;2267,1,-1;2271,9,5;2281,5,8;2283,-7,5;2288,2,-4;2295,4,8;2301,0,6;2305,3,3;2343,33,37;2345,-5,-10;2355,-10,19;2385,3,26;2387,7,6;2389,-1,-3;2397,6,13;2403,-1,7;2405,0,1;2410,-9,5;2412,2,14;2413,8,-7;2419,3,-1;2420,-10,20;2422,0,-2;2423,10,-9;2435,0,8;2442,-6,12;2445,3,-8;2452,-4,15;2453,10,-3;2454,-10,5;2455,10,-1;2462,-3,-42;2463,4,51;2472,0,-29;2473,-1,37;2478,-7,5;2482,-2,9;2483,9,-3;2484,-3,-1;2488,-6,6;2493,4,6;2513,7,20;2514,-5,-3;2518,2,-2;2523,-1,17;2524,3,-5;2526,2,3;2530,-6,15;2532,-2,-8;2533,11,-1;2534,-7,1;2544,3,6;2545,11,2;2547,-1,-3;2549,8,1;2552,-21,11;2553,8,4;2557,1,2;2564,-9,5;2566,-4,11;2567,13,-7;2569,-2,4;2570,-3,0;2575,3,8;2576,1,-9;2577,1,4;2579,-2,5;2581,0,6;2582,-5,-7;2596,5,2;2602,-6,9;2603,9,5;2605,-5,4;2635,3,39;2642,1,-7;2647,4,18;2650,-11,-6;2660,4,16;2661,9,-6;2669,-3,11;2672,-4,-5;2678,0,9;2679,9,1;2680,-6,6;2681,7,-2;2684,-7,3;2688,-5,3;2689,12,7;2690,-11,-4;2700,10,3;2703,0,5;2705,0,5;2710,-4,6;2715,9,-2;2720,-6,10;2725,4,-3;2734,-12,19;2735,15,-6;2736,-13,4;2738,0,2;2745,11,2;2746,-12,3;2747,12,-2;2755,3,7;2756,-12,7;2800,8,71;2810,-5,-10;2811,12,-2;2818,-9,9;2821,8,2;2830,-6,3;2831,4,-1;2840,0,14;2841,8,-3;2849,-1,12;2850,-11,4;2861,15,8;2867,12,26;2914,-26,21;2917,25,17;2919,-10,6;2922,-15,-11;2924,5,2;2927,-3,-2;2932,7,14;2934,-3,-8;2937,16,11;2944,-15,6;2947,1,3;2951,6,1;2961,-4,8;2964,-1,1;2974,3,11;2984,-3,12;2988,-1,1;2994,-5,25;3004,6,1;3014,5,16;3041,0,-4
rua||porto seguro|jardim brasilandia ii|14402288|561,-2051872,-4736319;563,2,-2;570,-11,-4;571,-13,-9;580,1,8;581,-1,10;585,-1,-2;587,2,-15;590,-4,13;591,-14,3;593,3,5;600,-6,-2;601,-2,-4;603,-6,-2;608,3,2;610,-5,-7;620,-13,7;621,2,80;630,-6,-83;634,-7,1;640,-2,-2;644,2,5;650,-11,-5;660,-8,2
rua||rachid salomao|pq vicente leporace 1|14407322|300,-2050076,-4741027;304,-1,-8;308,5,-10;310,0,3;315,-11,8;317,0,0;320,12,-16;323,-1,2;325,0,0;330,3,-10;335,-7,5;340,13,-12;345,-4,3;350,7,-11;352,5,-6;355,-12,5;360,12,-8;365,-7,0;370,11,-10;375,-9,6;380,8,-6;385,-5,1;390,14,-10;392,0,1;395,-5,-5
rua||regis simaro|franca|14407108|1100,-2050101,-4742427;1101,0,-11;1110,9,7;1111,-1,-6;1120,7,13;1121,1,-8;1130,5,10;1131,3,-2;1140,2,9;1141,1,-10;1150,9,14;1151,0,1;1160,0,0;1161,-4,-6;1170,14,9;1180,6,10;1181,7,-12;1190,-3,13;1191,0,-5;1200,7,7;1201,6,-8;1210,-2,11;1211,5,-9;1220,4,12;1221,12,-10;1230,-7,11;1231,0,-5;1240,5,6;1241,7,1;1250,-1,4;1251,6,-2;1260,9,8;1261,4,-6;1270,-2,14;1290,21,3;1291,2,-3;1300,8,8;1301,0,-3;1303,-2,-2;1310,9,10;1311,0,-2;1320,8,9;1325,3,-5;1326,0,6;1330,3,4;1331,9,-2;1334,-5,4;1340,9,2;1341,3,-6;1343,-5,6;1350,2,4;1351,6,-3;1356,-6,3;1360,12,5;1361,2,-6;1363,-2,0;1370,6,13;1371,7,-2;1373,-8,-6;1380,13,9;1381,-2,-3;1390,8,9;1391,7,-3;1400,4,5;1401,-5,-5;1405,6,1;1410,7,13;1411,0,-10;1420,0,10;1421,4,-7;1422,3,8;1424,-3,-4;1430,9,4;1431,7,-3;1440,-1,10;1441,8,-3;1443,-7,-4;1450,14,8;1451,-2,-2;1460,9,7;1461,-3,-2;1462,-5,-1;1463,0,-1;1470,10,14;1471,5,-8;1480,7,10;1481,2,-6;1482,-1,9;1491,8,-6
rua||rio grande do sul|cidade nova|14401324|750,-2052452,-4738496;756,-11,3;770,-2,-4;774,-4,4;1029,-223,20;1047,-18,5;1055,-7,4;1065,-12,-3;1066,-3,-8;1070,-1,5;1074,0,0;1077,-5,5;1078,-5,-7;1084,-3,-1;1087,-10,9;1092,-3,-2;1098,1,1;1110,-49,-18;1112,41,22;1150,-34,-6;1160,-15,3;1170,-2,1;1200,-18,5;1210,-16,-2;1220,-17,-8;1230,-3,9
rua||rio grande do sul|jardim boa esperanca|14401324|711,-2052426,-4738488;721,-13,-4;731,-10,1;751,-2,2;763,-9,-4;775,-2,0
rua||rio grande do sul|sao jose|14401324|1590,-2053119,-4738432;1595,-1,6;1610,-27,-13;1650,-50,2;1660,-15,5;1680,-22,4;1690,-6,11;1700,-23,-7;1770,-61,0;1775,-2,11;1805,-39,4;1845,-123,10;1855,-47,2;1935,-81,11;1955,2,2;1995,60,0
rua||rio grande do sul|vila aparecida|14401324|660,-2052632,-4738478;793,146,-6;796,-9,-12;797,2,10;803,0,4;806,-5,-6;811,-4,4;814,-8,-7;817,6,6;819,-10,3;828,-7,-15;834,-4,21;837,7,-6;838,-16,-28;840,0,-24;846,5,53;848,-2,-23;850,-7,23;858,-4,-4;867,-26,5;907,-21,4;920,-10,-3;928,-8,0;931,5,1;933,0,1;934,-11,0;936,-4,2;939,4,2;946,-16,1;950,-1,-31;952,-2,-6;956,1,24;967,-12,17;968,6,-7;970,-8,0;978,-4,0;982,-4,1;984,-9,4;987,7,0;991,-5,-8;993,4,-12;1258,-243,34;1308,-33,10;1312,-6,-10;1318,-7,-4;1322,-9,-7;1330,-8,12;1332,-1,5;1342,-5,-5;1350,-16,2;1360,-6,4;1371,-3,5;1374,-2,-7;1380,-9,3;1381,3,6;1390,-3,-6;1391,-9,7;1392,-32,-5;1394,-30,8;1400,-20,-3;1415,66,2;1481,-39,-1;1491,-1,7;1493,-9,-1;1495,-16,-5
rua||rio solimoes|residencial amazonas|14406012|773,-2054809,-4741878;833,-36,45;844,-11,-25;856,-17,12;917,-36,42;929,-10,6;939,-17,15;976,-26,4;1030,-53,55;1054,-9,11;1067,-3,8;1078,-6,12;1079,0,-3;1086,-19,7;1090,-11,-5;1114,-34,30;1126,25,-17;1151,-15,21;1163,2,8;1170,-56,28;1174,29,-20;1222,-32,21;1258,-27,19;1259,-2,15;1320,-58,38;1380,-38,27;1416,-20,20;1455,-37,33;1464,25,5;1476,-31,9;1500,-23,12
rua||roberto aparecido speretta|residencial atlanta park|14404000|1120,-2059211,-4737979;1125,5,6;1145,-11,12;1160,-19,14;1365,-321,5
rua||rosa candelaria oler soto|jardim lima|14403114|171,-2055256,-4740312;191,-15,11;201,-4,1;221,-27,3;231,-9,6;233,-3,-7;235,1,4;241,-9,5;251,-1,-2;253,-8,-1;261,-9,6;311,-40,9;321,-5,9;331,-11,-8;341,-13,4;361,-11,5;371,-8,-3;381,-14,3;391,-5,-3;401,-13,8;411,-8,-4;421,-14,12
rua||rosa candelaria oler soto|parque francal|14403114|170,-2055255,-4740312;178,-1,4;180,-4,2;190,-11,-1;200,-8,4;210,-9,2;220,-5,1;230,-6,3;240,-19,6;250,-15,1;260,-3,4;270,-1,0;330,-33,17;340,-33,-2;350,-4,-1;360,-8,-3;370,-15,10;380,-2,-4;390,-18,12;400,0,-11;410,-15,11;420,-8,-2
rua||rosa candelaria oler soto|parque lima|14403114|490,-2055541,-4740244;500,-11,0;510,-10,2;528,-8,7;538,-6,-5;548,-11,5;558,-10,5;568,-6,-3;578,-15,5;588,-7,-3;598,-9,8;608,-7,-3;618,-8,-2;628,-10,8;668,-27,7;678,-18,10;688,-8,-1;698,-4,-2;708,-11,8;718,-12,-4;738,-17,5;748,-6,-3;758,-9,9;768,-13,0;778,-7,-1
rua||rosa candelaria oler soto|parque progresso|14403114|499,-2055547,-4740242;509,-8,4;519,-11,-2;525,2,5;529,-4,-7;539,-13,7;541,1,1;549,-11,1;559,-11,0;569,-11,16;579,-4,-5;589,-13,2;599,-4,-4;609,-8,2;659,-33,15;669,-23,3;679,-4,-3;689,-10,3;719,-29,5;729,-4,-9;759,-22,21;769,-17,1;779,-7,2;787,-11,-1;789,-5,8;849,-52,-5;859,-3,4;862,-3,8;864,-3,-7;866,0,-2;868,-4,1;869,2,5;871,-4,-5;876,0,3;879,-8,3;889,-9,4;896,10,-1;899,-15,0;906,-1,4;909,-7,-1;916,-13,1;919,-2,3;926,-2,-2;929,-2,1;933,-4,4;936,-3,1;939,-5,-5;940,5,-3;946,-20,9;949,11,-1;951,-2,1;959,-10,-8;969,-7,2;1057,-74,29;1059,11,-11;1061,-17,7;1071,-7,11
rua||sabara|jardim brasilandia ii|14402286|460,-2051781,-4736458;470,-8,2;471,15,4;480,-25,-4;481,8,7;490,-21,-6;491,11,9;492,-1,-14;495,-9,22;497,-4,-6;500,-8,-9;510,1,-2;511,31,2;514,-42,-1;515,12,4;520,-13,-1;521,-7,9;531,-12,5;550,-27,-9;560,-11,2;561,10,4;570,-22,-9;571,9,4;580,-12,0;581,12,0;590,-21,-1;591,-3,2;600,-12,-4;601,5,8;602,-2,-2;610,-4,1;611,0,1;613,-1,1;617,-5,-2;620,-1,-4;621,-7,8;623,0,0;630,-8,-6;631,2,7;640,-9,-7;641,-5,7;643,6,1;650,-10,-6;651,-5,3;653,5,-1;660,-12,-1;661,-1,5;664,-3,-3;670,-3,-2;671,4,10;680,-13,-8;681,2,3;687,-4,-2;690,-12,2;691,9,-1;700,-15,-2;701,-7,8
rua||sacramento|jardim francano|14405052|347,-2054457,-4740926;348,0,7;353,-1,-13;357,-5,-9;358,4,14;367,-8,-17;368,6,9;370,-2,-9;379,-36,-112;380,35,113;389,-41,-110;399,-5,-14;403,31,92;419,-2,-7;429,-3,-12;436,3,-6;437,-9,-7;439,3,2;446,5,-8;447,-9,-1;450,-1,-17;455,-1,11;850,-172,-472;862,0,-1;864,0,-9;1051,158,432
rua||sacramento|jardim roselandia|14405052|457,-2054524,-4741108;467,-10,-15;575,0,-7;590,-7,-24;595,-12,-19;600,5,14;610,-1,-10;620,-1,-9;630,-5,-4;650,-3,-28;653,-6,-6;660,-2,-1;663,-1,-7;668,-27,-62;670,22,64;673,0,-17;680,-4,0;683,-1,-4;684,-21,-79;690,22,78;693,2,-12;706,-27,-70;718,-3,-11;730,-7,-8;740,-4,-7;775,-23,-64;785,-1,-8;795,-11,-12;805,-1,-3
rua||salvador|jardim brasilandia|14402304|2560,-2053182,-4736640;2570,3,2;2580,5,3;2581,2,0;2590,-6,20;2591,11,-15;2600,-9,18;2601,8,-5;2604,-11,13;2606,-2,10;2610,2,-12;2611,6,3;2613,2,3;2619,2,2;2621,1,4
rua||sebastiao aparecido da silva|jardim angela rosa|14403677|2970,-2054440,-4737482;2980,-12,11;2990,-7,-12;2998,-8,-4;3000,0,2;3010,-15,-4;3016,8,4;3020,-13,-6;3030,-5,-1;3040,-15,8;3050,-9,-5;3060,-5,2;3070,-7,-3;3074,-8,-5;3080,-6,13;3154,-63,3;3164,-19,-5;3174,-7,-6;3182,-5,0;3184,-3,2;3196,-3,2;3198,-9,-1;3234,-31,-1;3244,-1,0;3278,-35,-5;3288,-23,5;3290,15,-6;3308,-23,12;3318,-7,-3;3328,-12,-2;3348,-15,0;3358,-9,-7;3368,-10,4;3380,-11,-2
rua||sebastiao cezario soares|residencial vale da lua azul|14404453|2,-2058301,-4738392;4470,91,-53
rua||sebastiao enio dos santos|jardim luiza ii|14407626|334,-2048327,-4743124;2860,-491,-22;2868,14,-3;2874,0,0;2875,8,-1;2880,1,4;2885,3,-7;2890,6,4;2895,0,-1;2897,8,-2;2900,0,8;2905,2,-9;2910,10,9;2915,2,-2;2920,5,0;2925,3,-3;2935,9,0;2940,1,3;2945,8,-1;2946,-2,4;2950,8,-1;2955,1,-10;2957,5,5;2958,3,7;2960,3,-6;2965,-4,3;2972,12,2;2973,1,-9;2975,-3,6;2980,11,3;2985,-2,-9;2990,9,9;2995,2,-8;3000,10,9;3003,-8,0;3005,10,-7;3010,2,3;3012,-2,7;3015,11,-6;3020,2,1;3030,3,1;3032,7,4;3035,2,-9;3037,-2,-3;3040,2,12;3045,5,-6;3050,6,0;3055,6,-5;3060,1,8;3065,1,-2;3070,13,2;3080,12,2;3085,-4,-6;3144,72,9;3154,7,-1;3164,9,1;3172,5,-1;3184,10,4;3190,8,1;3194,6,-2;3204,6,-1;3264,54,7;3274,12,-4;3284,11,3;3294,4,-3;3296,3,3;3304,7,1;3312,11,-3;3314,-6,5;3334,20,-6;3354,18,2;3359,-17,-12;3364,22,11;3365,-1,-7;3369,-12,-1;3374,28,11;3379,-11,-9;3382,17,8;3384,2,1;3540,-50,-2;3620,-77,2
rua||sebastiao mariano da silva|residencial moreira junior|14407516|2490,-2049103,-4741973;2492,28,18;2500,-18,-3;2506,-3,4;2516,12,5;2524,5,-1;2532,4,0;2540,10,3;2548,3,9;2556,10,4;2561,6,-11;2564,-5,11;2569,24,-1;2571,-11,-9;2572,-2,13;2577,5,-8;2580,4,6;2588,10,3;2596,2,5;2604,9,-8
rua||sebastiao said|jardim libano|14403540|1887,-2053441,-4737093;1890,39,-39;1900,-12,5;1901,-1,18;1910,-6,-15;1911,-4,16;1913,-8,4;1921,-4,2;1931,2,-3;2010,10,-12;2019,-15,0
rua||sebastiao valeriano da silva|panorama|14402485|70,-2051548,-4735737;71,11,11;80,-18,-8;81,1,8;90,-10,-6;91,7,8;100,-15,-8;101,3,10;110,-14,-6;111,6,8;120,-13,-6;121,5,6;130,-10,-8;131,-2,12;140,-12,-12;141,4,16;150,-13,-11;151,2,8;160,-9,-7;161,-1,12;170,-5,-7;171,3,9;180,-13,-6;181,-2,9;190,-4,-8;191,-4,12;200,-5,-9;210,-16,10;211,1,8;240,-23,12;250,-7,9;260,-5,7;270,-6,8;272,-4,1;280,-3,9;290,-4,4;291,-12,22;293,0,6;300,4,-20;310,-6,2;320,-3,13;330,-11,5;340,-3,4;350,-4,7;360,0,12;370,-9,4;380,-3,7;390,-20,14
rua||seis|parque dos passaros|14402062|1,-2047949,-4740502;2,4,-9;3,5,-4;4,3,-2;5,5,0;6,2,-2;7,4,-5;8,4,-1;9,6,-11;10,3,-4;11,2,-1;12,5,-2;13,8,-2;14,2,-1;15,4,-3;16,8,-4
rua||seis|residencial tellini|14403000|5930,-2055415,-4736900
rua||sergio casarotti silva|residencial meirelles|14407270|1655,-2051101,-4742873;1660,1,7;1664,-9,-3;1665,12,0;1670,-5,5;1674,1,3;1675,8,1;1679,6,5;1680,-3,-5;1685,10,6;1690,0,8;1695,3,-7;1705,7,11;1710,-2,6;1715,6,-2;1720,-5,6;1725,11,-1;1727,4,3;1730,-3,5;1735,7,3;1740,-7,0;1745,13,5;1750,-4,3;1755,8,1;1760,-4,5;1770,2,4;1790,14,17;1810,7,22;1820,17,1;1825,0,-7;1830,10,17;1835,-5,-10;1840,6,7;1845,-6,3;1850,15,4;1855,-1,2;1860,5,8;1865,-8,2;1870,9,5;1875,5,-6;1880,-3,20;1881,10,-12;1885,-3,2;1890,4,8;1895,3,-4;1900,6,6;1905,-1,-1;1910,3,13;1915,2,-8;1920,3,13;1925,2,-3;1930,6,7;1935,2,-6;1940,3,19;1945,3,-6;1950,4,1;1960,6,13;1965,1,-6;1970,1,9;1975,10,-2;1980,0,8;1985,0,-4;1995,7,7;2000,5,13;2005,4,-8;2010,1,8;2015,26,-21;2020,-15,30;2028,-5,5;2030,4,1;2040,7,6
rua||sergio genario silva|aeroporto iii|14404283|1095,-2058707,-4737705;1097,3,-8;1105,-21,0;1112,7,2;1113,-10,0;1120,14,0;1121,-5,22;1128,2,-13;1129,-8,16;1136,-1,-8;1137,-4,18;1144,3,-16;1145,-3,21;1152,1,-7;1153,-5,13;1160,-5,-7;1161,0,16;1168,-2,-12;1169,-10,20;1176,5,-18;1177,2,21;1180,1,-4;1184,1,3;1185,-9,5;1192,6,-5;1193,-5,10;1200,-9,-2;1201,1,14;1208,-5,-13;1209,1,19;1217,-4,8;1224,3,-21;1225,-8,23;1232,-4,-15;1233,0,20;1240,0,-9;1241,-1,14;1248,-5,-11;1249,-7,13;1254,17,-25;1256,-21,22;1257,-1,19;1264,9,-2;1267,-13,11;1272,1,-14;1275,-11,14;1280,7,-9;1281,-13,8;1288,4,-6;1289,-1,24;1292,3,-17;1302,-4,3;1309,0,32;1317,1,6;1324,-23,-21;1325,3,31;1330,-9,-7;1332,4,3;1333,-2,8;1341,-2,10;1342,1,-16;1348,-7,3;1349,-3,16;1356,-4,-21;1357,4,27;1364,0,-19;1365,-7,23;1372,3,-8;1373,-3,20;1380,-1,-16;1381,-6,15;1388,3,-10;1389,-8,23;1396,-7,-33;1397,5,41;1404,5,-33;1405,-14,36;1412,8,-16;1413,-13,25;1416,7,-19;1420,-11,24;1421,1,-3;1422,8,-9;1427,-7,14;1429,-3,-1;1436,4,-15;1437,-6,19;1442,-30,1;1444,21,-8;1452,-7,5
rua||sergipe|vila aparecida|14403520|2247,-2052855,-4736961;2253,23,4;2257,-18,10;2260,-4,9;2261,6,-7;2263,-1,-2;2267,8,11;2269,1,2;2270,-13,-7;2280,18,17;2284,1,-10;2285,-4,14;2286,2,-3;2287,-5,-8;2290,3,17;2292,-3,-7;2294,-3,1;2297,14,10;2300,-6,-1;2357,-9,-38;2359,-9,3
rua||sete|jardim monte carlo|14410182|6980,-2048675,-4737289;6982,6,-5;6984,-20,40
rua||sete|parque dos passaros|14402062|1,-2047882,-4740559;2,-7,-5;3,0,-9;4,-2,-8;5,-2,-3;6,6,-3;7,0,-3;8,-2,-10;9,0,-4;10,-2,-6;11,-1,-6;12,2,0;13,-1,-7;14,3,-4;15,3,-2;16,-3,-8;17,2,-3;18,-7,-4;19,0,-4;20,5,-6;21,-2,-7;22,-16,12;24,6,16;25,0,6;27,2,8;28,2,5;29,1,10;30,-1,9;31,0,10;32,2,6;33,0,9;34,-2,5
rua||sete|residencial tellini|14403000|4561,-2055406,-4736674;5840,-24,-15;5850,-8,-6;5900,-40,-14;5950,-36,-34
rua||silaine machado simon sanches|residencial irineu zanetti|14412444|3125,-2056659,-4734742;3129,6,-4;3130,2,8;3135,3,-12;3136,5,-1;3140,3,12;3146,8,3;3149,-13,-18;3155,16,-2;3156,3,18;3159,5,-24;3165,-1,25;3166,5,-3;3169,-2,-8;3170,10,9;3175,-9,-3;3176,8,3;3180,10,-5;3185,-6,1;3186,10,3;3189,-8,3;3190,13,-1;3196,11,-5;3200,-12,0;3206,9,5;3209,-2,-8;3210,12,0;3215,-7,6;3216,13,-2;3219,-9,-3;3220,13,-3;3225,-6,9;3229,5,-3;3235,3,-2;3236,9,11;3239,-3,-16;3240,7,9;3245,-1,-2;3249,-1,-4;3255,3,-1;3259,11,4;3260,4,6;3265,2,0;3269,-1,-6;3275,4,-3;3276,9,9;3279,-4,3;3280,8,-2;3285,-4,0;3286,14,-6;3289,-11,2;3290,11,-4;3295,-4,-4;3296,8,7;3300,5,8;3305,-5,-14;3306,10,11;3309,-6,-10;3310,12,11;3313,-11,-11;3315,9,5;3316,7,-3;3320,2,4;3325,-2,-5;3385,81,-1;3389,0,-4;3395,12,5;3405,8,-6;3435,29,1;3439,5,3;3445,3,-6;3449,1,5;3455,7,-3;3469,14,3;3475,5,1;3485,6,-2;3489,8,-1;3495,1,-3
rua||silaine machado simon sanches|residencial zanetti|14412444|3000,-2056812,-4734736;3005,-5,-4;3015,6,-6;3040,42,1;3050,7,-4;3076,42,0;3080,8,-1;3086,11,1;3090,6,4
rua||simao cyreneu de souza|aeroporto iii|14404211|2011,-2059525,-4737022;2021,-4,10;2023,-4,1;2031,-7,2;2041,0,6;2061,-23,17;2071,-12,5;2081,-2,-1;2091,-19,17;2111,-14,7;2121,-4,0;2131,-15,7
rua||simao cyreneu de souza|aeroporto iii|14404277|1881,-2059391,-4737205;1891,-13,13;1901,0,27;1991,26,-62
rua||simao cyreneu de souza|jardim santa barbara|14404277|2222,-2059171,-4737567
rua||sonia maria barros sandoval|vila chico julio|14405242|118,-2051857,-4740802;128,1,2;138,3,15;201,-43,87;207,0,6;209,4,4;211,-2,-2;217,1,4
rua||sudario jose da silva|residencial santa clara|14406669|390,-2052760,-4742364;394,2,-2;404,1,-5;416,5,-13;420,1,-1;426,-1,-3;430,-1,-1
rua||sudario jose da silva|vila sao sebastiao|14406669|311,-2052801,-4742291;312,7,-3;315,10,-11;323,6,-12;331,-2,-12;341,6,2;351,-4,-4;359,2,-9;361,5,-6;381,-2,-18;391,7,-8;460,22,-45;471,-4,-21;472,-3,4;479,1,-17;487,4,-3;489,1,-4;491,0,-2;493,2,-1;494,-7,-3;495,14,-4;498,1,1;502,-4,-3;505,-2,-5;506,8,4;513,-3,-19;516,7,5;525,-6,-17;563,7,-35;564,6,5;574,3,-3;575,-8,-6;587,5,-7;594,6,-4;595,-6,-9;596,6,7;607,0,-19;616,6,4;617,-7,-13;618,18,17;620,-10,-12;622,0,-5;624,1,1;626,-8,-1;627,4,-16;628,5,16;634,0,-1;637,-6,-14;640,46,-190;644,-37,184;647,-4,-2;654,4,-3;670,30,-129;680,-17,109;681,-18,-1;683,20,-16;690,-3,4;692,3,-2;697,2,-8;704,-1,-1;707,-23,-9;709,13,-4;710,11,4;712,-7,2;714,5,-5;721,-5,-11;726,14,-1;735,-11,-5;737,0,-7;739,-1,-2;741,2,-6;749,2,-2;751,3,-5;752,6,7;756,4,-5;760,-2,-2;761,-13,-12;767,9,7;768,2,0;775,0,-12;778,5,2;780,3,-2;788,-1,-6;816,4,-22;823,-1,-18;826,3,5;827,-2,-13;828,6,11;830,-3,1;834,2,-4;836,0,0;839,-3,-11;841,-4,-8;842,16,4;856,-5,-4;877,4,-33;880,-4,32;887,4,-38;888,3,6;890,1,-3;897,-3,-10;902,9,-1;907,-2,-12;910,5,2;920,3,-9
rua||taufic salloum|jardim santana|14403057|2181,-2055053,-4740050;2211,10,-9;2221,-8,13;2231,9,-19;2255,15,-14
rua||taufic salloum|jardim veneza|14403057|2074,-2054944,-4740185;2084,0,9;2104,-21,18;2114,-18,5;2124,2,13;2144,-14,12;2154,-10,15;2164,17,-23
rua||teodolino silva|jardim luiza i|14407552|2506,-2049106,-4742107;2516,21,-3;2526,1,-10;2533,10,1;2536,5,6;2541,0,-6;2543,3,-5;2546,3,6;2553,0,-10;2563,13,4;2566,2,4;2567,8,0;2573,3,-13;2575,-12,6;2576,16,-2;2583,-11,6;2586,21,-5;2588,-7,4;2593,8,-11;2596,2,8;2603,6,-7;2606,6,8;2613,2,-7;2616,3,7;2618,3,-2;2623,4,0;2626,6,-2;2633,-3,0;2636,10,-2;2643,9,-8;2646,-1,11;2653,6,-13;2656,0,13;2663,12,-10;2673,8,1;2675,-7,6
rua||theotinio silva|jardim santana|14403060|551,-2055120,-4740090;571,9,17;601,30,12;621,57,48;651,7,11;2220,-57,-50
rua||theotinio silva|jardim veneza|14403060|660,-2055098,-4740063
rua||thereza redondo silva|villagio di firenze|14404637|171,-2057048,-4740962;180,6,8;190,22,-17;210,11,-7;211,0,-11;221,12,-8;230,12,10;231,-2,-13;240,9,11;241,-1,-17;250,21,0;251,-12,-5;260,28,-1;261,-8,-6
rua||tiburcio barbosa sandoval|vila nicacio|14405108|195,-2053100,-4741194;204,-13,7;209,8,-13;219,-1,13;220,-13,7;228,-1,12;229,10,-10;248,-13,25;249,6,10;266,-11,1;321,-8,54;331,0,5;340,-11,10;347,1,14;349,4,-11;365,-12,25;374,-2,5;379,-2,2;389,-7,20;394,0,-10;399,2,16;451,-22,49;467,11,7;468,-21,17;479,16,-1;488,-6,-34;489,3,43;499,-5,12;511,-5,7;523,2,10;560,-25,33;570,-3,28;573,12,-26;576,-16,32;580,2,0;583,12,-24;589,-2,7
rua||torquato ranulfo stefens|jardim paineiras|14407770|90,-2047027,-4741442;91,-8,0;100,0,-14;101,-2,5;110,7,-10;111,-8,-3;120,1,-11;121,-2,7;122,2,0;123,-5,1;126,8,-7;129,-14,0;130,10,-9;131,-8,7;133,-10,4;141,11,-13;142,-3,-5;143,8,9;150,-4,-13;151,-2,1;153,-8,-7;160,11,-3;161,-7,2;162,8,-8;170,-6,-2;171,-3,0;180,6,-11;181,-5,-1;182,-3,-1;190,-2,-11;191,3,2;193,-2,-7;196,6,14;200,-10,-12;201,0,-4;210,-7,-5;211,8,-4;220,-9,-2;221,2,-14;230,1,6;231,-3,-5;233,4,-8;239,5,-7;240,-1,5;241,4,-14;244,-5,10;250,-6,-5;251,-7,-3;255,5,2;261,-4,-11;264,6,-5;270,0,-8
rua||valdelia martins dos santos|aeroporto iii|14404262|1578,-2058780,-4737149;1579,-12,7;1586,8,-11;1593,-14,2;1594,-2,-4;1595,-2,0;1602,-3,-4;1603,0,-4;1610,-6,-10;1618,1,0;1619,-8,9;1626,-3,-11;1634,-1,-9;1640,-35,-25;1642,16,10;1643,2,17;1644,11,-1;1646,-24,-17;1648,10,11;1650,3,-3;1651,-2,8;1667,-13,-10;1675,-9,-3;1683,-5,-7;1691,-1,-2;1695,18,12;1732,-49,-36;1734,-4,9;1736,0,-4;1740,5,-9;1748,-4,-4;1751,-19,-5;1756,14,1;1771,-20,-18;1772,-7,14;1780,4,-11;1787,-14,0;1788,7,-8;1795,-13,8;1796,7,-14;1829,-35,-13;1830,0,-4;1837,-7,-5;1838,7,3;1845,-4,-1;1846,-3,-10;1852,-6,2;1853,-1,1;1862,-2,-5;1869,-16,-1;1870,-1,-8;1877,4,1;1878,-4,-5;1882,-9,1;1885,5,4;1886,-5,-9;1890,4,-4;1894,-2,4;1895,-4,3;1901,-9,-12;1902,12,3;1907,-15,-2;1910,5,-8;1917,-13,-1;1918,1,-6;1926,2,3;1927,-6,4;1933,-6,2;1941,-7,-15;1942,0,3;1950,1,-5;1957,-12,-4;1958,0,-5;1959,-6,5;1965,0,-1;1966,4,-8;1973,-12,3;1974,6,-7;1981,-11,1;1982,-4,-7;1984,5,0;1990,-10,-10
rua||valdelia martins dos santos|jardim santa barbara|14404262|2011,-2059117,-4737381;2014,-1,-15;2016,0,-2;2021,-12,7;2022,7,-13;2024,-5,-3;2025,-4,16;2030,5,-11;2031,-5,4;2032,-1,-10;2038,-2,-6;2040,-6,0;2041,9,19;2046,-14,-17;2048,-1,-5;2051,4,11;2054,-9,-12;2056,3,-3;2057,3,17;2061,-3,-2;2062,-5,-21;2064,-1,1;2070,-11,1;2071,13,13;2072,-10,-16;2073,8,17;2078,-11,-21;2080,-1,0;2081,3,15;2086,-10,-19;2088,-2,-9;2091,12,27;2094,-13,-24;2096,10,-16;2101,-1,35;2102,-12,-23;2104,-6,2;2110,-2,-8;2112,3,-4;2118,2,-1;2120,-18,3;2121,25,21;2123,-3,2;2126,-18,-31;2128,-5,2;2131,15,20;2138,-13,-21;2141,9,24;2142,-22,-27;2146,-9,-5;2150,14,2;2151,11,28;2161,-8,-8;2171,-10,-6;2181,-4,-6;2250,-39,0;2260,-7,-45;2300,-27,-24;2308,-11,-5;2310,6,6
rua||valentim miron sanches|vila imperador|14405222|160,-2051136,-4740092;161,15,-6;171,-9,5;181,-12,12;223,-20,16;231,-1,5;233,12,-2;243,-17,6;245,-9,1;247,-5,16;278,-18,1;280,-6,5;285,5,9;290,-20,-1;295,5,12;330,-38,16;332,0,7;335,-3,20;370,-43,20;390,-8,4;4843,-10,10
rua||vicente capareli sobrinho|residencial irineu zanetti|14412450|3180,-2056610,-4734550;3190,11,-3;3195,1,-9;3196,4,6;3199,-2,-8;3200,8,2;3205,-1,0;3206,6,9;3209,-4,-5;3210,7,-1;3215,-3,-1;3220,7,3;3224,2,0;3225,-1,1;3226,13,-4;3229,-8,2;3230,5,-1;3235,2,1;3236,7,-1;3239,-7,2;3240,7,-4;3245,7,2;3249,-7,-5;3256,17,11;3259,-2,-11;3260,6,11;3265,-1,-8;3269,3,-4;3275,8,11;3279,7,3;3280,1,-2;3285,5,4;3290,7,-5;3295,-3,1;3296,2,-4;3299,1,7;3305,5,-8;3306,1,2;3309,5,2;3310,-2,-3;3314,5,-1;3315,-2,2;3316,2,10;3319,7,-13;3320,0,7;3325,4,4;3329,1,-7
rua||vicente scarabucci|vila industrial|14403412|2505,-2054257,-4739268;2515,-13,13;2525,-10,-1;2594,36,-24
rua||vicente scarabucci|vila santa cruz|14403412|2440,-2054227,-4739307;2456,-8,12;2460,-8,5;2478,-9,12;2520,-43,48;2598,24,-31
rua||vintino seraphim|jardim santana|14403062|230,-2054969,-4739980;511,-34,20;521,7,9;540,7,7;541,4,16;550,-4,19;560,-4,-3;561,14,20;570,-20,-1;590,-2,17;600,-3,6;610,1,17;620,-2,9;630,-2,8;2191,64,-181;2200,10,12;2201,-4,6;2210,-26,8;2220,4,2
rua||vitalino pereira dos santos|residencial nova franca|14409204|400,-2050895,-4739174;401,10,-4;410,2,5;411,-1,-2;420,9,14;421,6,-15;430,-4,18;431,5,-6;440,5,11;441,2,-1;451,13,9;460,-1,6;461,5,-6;470,4,13;471,8,-6;473,0,1;480,-3,8;481,1,-4;490,10,18;491,8,-15;500,-3,13;501,6,-3;510,1,11;511,16,-3;520,-9,12;521,9,-11;530,-7,10;531,6,-2;537,3,-7;541,12,17;599,45,40;601,-4,-8;610,1,14;611,7,-4;616,-1,4;617,8,3;620,-6,1;621,13,5;630,-1,2;640,7,3;641,3,-1;650,3,5;651,5,1;660,6,11;661,1,-4;670,6,9;671,-1,-4;680,7,12;690,12,-1;691,-6,1;700,7,9;701,10,-1;703,0,-3;704,-2,2;705,1,-2;707,0,0;710,1,14;711,-9,-17;713,0,0;715,0,0;717,6,5;720,7,13;721,8,-6;725,-5,5;730,1,4;731,12,2;741,3,6
rua||vitalino pereira dos santos|samel park|14409204|760,-2050628,-4738958;770,13,7;771,4,-2;780,8,2;781,-4,3;790,10,4;791,-1,-1;800,4,11;801,5,-4;810,6,10;811,0,-4;820,6,8;821,0,-3;830,13,3;831,-4,6;840,5,3;841,3,3;850,2,3;851,5,4;860,2,3;861,3,4;866,5,-5;871,3,9;880,3,4;881,3,0;885,4,8;890,2,5;891,-1,-5;920,29,24;926,13,0;930,4,18;941,-6,-7;951,5,0;955,4,7;961,6,7;981,11,10;1001,18,5
rua||wagner garcia da silva|jardim guanabara|14405388|720,-2052274,-4741467;730,2,-18;740,2,-3;750,1,-7;760,9,-6;770,0,-5;780,6,-17;790,1,-7;800,16,-15
rua||waldomiro olegario da silva|residencial sao jeronimo|14412404|5055,-2055044,-4735465;5065,19,19;5070,-7,10;5080,12,7;5085,5,-15;5090,3,18;5095,4,-8;5100,1,9;5105,6,-2;5110,0,8;5115,12,-5;5120,-3,14;5125,0,-12;5130,8,17;5140,1,-6;5150,21,-2;5160,5,20;5170,7,7;5175,69,-89;5185,-51,86;5195,2,-4;5200,3,14;5205,-2,7;5210,7,12;5215,-14,-30;5220,22,27;5225,7,-13;5230,6,16;5240,7,3;5245,2,1;5250,0,12;5255,6,-11;5260,-2,5;5270,7,15;5275,10,-10;5280,5,6;5285,4,0;5290,7,6;5300,2,5;5305,7,2;5310,1,14;5315,8,-9;5320,-2,13;5345,0,-19;6745,-113,-78
rua||walter silveira|nucleo agricola alpha|14403170|1685,-2056626,-4739906
rua||walter silveira|residencial san diego|14403170|1449,-2056378,-4739889;1459,-7,0;1469,-11,-1;1479,-7,1;1489,-11,-4;1519,-29,-6;1527,-6,9;1529,-13,-11;1549,-8,9;1559,-6,-3;1569,-7,2
rua||walter silveira|residencial san diego|14403192|1615,-2056538,-4739904;1635,-17,10;1637,-17,-2;1645,-7,-5;1657,-8,-5;1665,-7,0
rua||walter silveira|vila marta|14403170|1480,-2056403,-4739899;1482,-2,7;1520,-19,-7;1534,-26,3;1540,-3,4;1560,-34,-12;1580,-11,4;1630,-57,-7;1640,-7,1;1670,-4,0
rua||walter silverio santana|aeroporto ii|14404139|102,-2058590,-4736683;105,-170,-288;109,17,0;117,17,5;119,159,276;122,-9,12;127,-57,-139;132,67,139;136,6,0;137,13,-6;139,-4,-1;142,-4,1;149,8,-1;152,1,7;155,8,0;159,6,0;162,-5,4;163,10,-1;165,1,-7;172,-1,10;175,4,0;179,4,-3;180,-4,6;182,4,1;189,14,-10;192,-7,7
rua||wanderlei riscolino da silva|jardim cambui|14409682|911,-2048513,-4740128;917,6,3;921,0,-1;930,12,5;931,-2,-12;940,4,10;941,1,-17;950,1,5;951,6,0;961,9,-8;970,-1,0;971,1,-1;980,6,-2;990,12,-9;1000,1,3;1001,-9,-10;1010,11,6;1011,-5,-6;1020,22,-8;1021,-9,-5;1040,11,7;1041,6,-9;1050,6,2;1051,-4,-7;1059,1,-10;1060,5,14;1067,3,-16;1075,5,-3;1080,0,11;1083,10,-11;1084,-8,8;1087,13,-10;1091,1,-11;1095,7,5;1099,-3,-8;1105,0,5;1110,1,4;1115,15,-10;1120,-7,9;1123,5,-17;1130,2,12;1131,12,-16;1133,1,0;1138,-14,12;1139,14,-12;1147,9,-10;1153,7,-4;1159,3,-2;1161,6,-2;1220,38,-25;1230,13,-5;1233,-1,-7;1241,-4,-6;1251,5,-7;1261,7,-2;1280,17,-3;1281,-7,-1;1283,7,-12;1291,0,4;1293,5,2;1301,6,2;1310,3,-9;1311,1,-3;1314,6,2;1320,4,-4;1321,-3,-10;1330,4,8;1331,3,-6;1333,4,16;1340,2,-11;1350,3,-5;1351,3,-6;1360,0,0;1361,4,-11;1370,10,7;1371,-1,-15;1381,5,-1;1391,-1,-7;1400,25,25;1401,-15,-25;1410,5,12;1411,3,-18;1421,3,-3
rua||william guimaraes dos santos|esplanada primo meneghetti|14403223|3170,-2054267,-4737375;3180,0,-3;3200,-13,4;3210,-10,1;3211,0,6;3220,-7,4;3221,0,-1;3231,-9,5;3240,-5,0;3241,-4,1;3250,-8,4;3251,-5,4;3260,-6,5;3261,2,-11;3265,-10,19;3270,8,-13;3271,-9,10;3280,-3,-3;3281,-3,5
rua||william guimaraes dos santos|esplanada primo meneghetti|14403838|3031,-2054233,-4737390;3130,0,1
rua||zeferino simoes|jardim alvorada|14404012|2000,-2057142,-4739048;2091,-62,-76;2100,-7,9;2101,15,5;2110,-9,-8;2120,5,19;2121,15,-8;2125,-9,5;2130,-3,6;2131,16,-2;2133,-7,4;2140,3,5;2141,3,-3;2160,8,29;2170,9,4;2171,7,1;2180,-2,10;2181,3,-11;2183,-2,1;2190,-2,10;2193,14,-2;2200,-8,6;2222,24,19;2232,3,12;2252,-1,4;2456,-17,-39
sitio|sao|jose do boi sentado|franca|14414899|16,-2050030,-4722153
sitio|sao|sebastiao|franca|14406730|9,-2053387,-4751803
sitio|sao|sebastiao|franca|14414899|6,-2051619,-4729297
sitio||florada da serra|franca|14414899|6,-2046931,-4729135
sitio||nosso sonho|franca|14414899|6,-2047112,-4729175
sitio||palestina da serra|franca|14414899|16,-2052240,-4717423
sitio||sertanejo|franca|14414899|6,-2045952,-4729103
travessa||agua santa|vila nova|14405357|433,-2053058,-4741534
