alameda||das cassias|morada do verde|14404415|445,-2057703,-4739682;460,-20,11;465,8,6;485,-9,18;500,-13,5;505,9,2;520,-15,15;560,-21,40;570,5,-19;575,0,28;600,-20,20;605,7,6;620,-14,14;625,5,4;640,-12,7;645,3,9;660,-16,15;688,-9,19;700,-3,11;740,-17,28;800,-26,64;805,12,-10;840,-27,33;845,5,7;885,-5,17;925,-28,50;930,-10,6;945,7,10;960,-11,5;965,0,13;980,-16,16;985,7,-1;1000,-19,21;1005,6,0;1020,-12,9;1025,10,-1
alameda||das cerejeiras|parque das arvores|14404065|280,-2057445,-4738242;320,-20,65;365,19,11
alameda||dos corais|residencial olivito|14404658|335,-2056826,-4741000;347,-17,6;359,1,0;361,-8,8;376,-29,7;388,0,-7;400,-11,2
alameda||dos cristais|residencial olivito|14404652|287,-2056858,-4741351;294,3,-17;306,-14,3;311,-13,2;318,5,-7;347,-33,-6;366,-12,-13;371,-14,7;378,6,-7
avenida|doutor|carrao|jardim maria gabriela|14409018|1651,-2051870,-4739523;1701,33,-3;1711,27,-5;1731,19,-5;1751,18,-1;1771,22,-7
avenida|doutor|nilton cristiano|vila rezende|14406371|181,-2053196,-4742471;191,2,-2;221,17,-2;223,8,3;225,-7,9;231,24,7;241,3,-2;253,7,3;255,-2,0;265,16,-2;285,18,11;293,9,6;295,-9,-5;297,4,1;299,9,2;301,2,-2;311,5,8;321,5,8;355,23,10;357,7,2;359,1,3
avenida|doutor|nilton cristiano|vila sao sebastiao|14406371|191,-2052643,-4742231;231,11,-5;241,10,-4;251,0,0;261,27,-12;265,14,-15;301,-3,10;310,-250,-53;311,278,37;341,6,-6;351,0,0;367,45,-13;371,24,-11;411,8,-5;445,-492,-62;459,5,4;499,55,29;509,15,17;529,29,8;585,7,2;599,47,21
avenida|professor|moacir vieira coelho|jardim redentor|14409275|886,-2050344,-4740723;3000,-370,478;3300,59,-39;3320,53,-41;3484,91,-107;3486,12,-7;3488,2,1;3490,0,-11;3500,9,-1;3520,50,-113;3530,9,-21;3550,20,-7;3552,-20,1;3554,-2,-2;3560,14,-7;3562,-3,-8;3564,-1,2;3566,4,8;3570,11,-12;3572,5,2;3580,1,-1;3586,-2,-4;3590,1,-8;3594,1,-3;3596,1,-6;3600,7,-6;3830,3,-33;3832,6,10;3840,2,-16;3850,16,2;3852,-18,-12;3854,13,6;3856,7,-5;3878,9,-27;3880,7,-2;3882,0,-5;3884,0,0;3890,2,-9;3894,-1,2;3900,12,-12;3902,2,1;3906,10,2;3908,-7,-16;3910,1,-6;3920,8,-3;3924,2,-2;3926,-2,0;3930,0,-10;3950,12,-9;3954,4,-9;3970,2,-7;3982,2,-16;3984,6,14;3990,2,-17;3998,-6,0;4000,9,-1
avenida|professor|moacir vieira coelho|residencial sao vicente|14409275|3001,-2050952,-4740136;3123,209,-111;3125,-136,7;3131,152,-19;3133,-21,17;3141,36,-28;3351,6,-3;3355,3,-10;3363,8,0;3385,17,-11;3387,6,-5;3395,1,0;3535,35,-78;3565,86,-20;3595,22,-23;3605,4,-19
avenida|santa|cruz|jardim angela rosa|14403600|3438,-2054245,-4737599
avenida|santa|cruz|santa cruz|14403500|3255,-2054190,-4737883
avenida|santa|cruz|vila santa cruz|14403500|1885,-2054372,-4739143;1887,-5,9;1897,2,-17;1907,3,25;1915,9,-1;1923,7,21;1935,2,6;1941,5,6;1949,-5,9;1953,14,9;1967,-2,11;1977,-1,6;1985,8,2;1987,-1,11;2001,2,4;2007,5,5;2009,-1,4;2017,7,12;2023,1,-6;2035,7,19;2049,3,8;2051,-1,0;2055,4,9;2065,-5,13;2071,8,9;2073,0,1;2081,9,4;2091,-3,4;2093,1,0;2095,2,3;2109,24,2;2111,-8,1;2113,-5,12;2137,17,48;2143,-15,-30;2153,9,6;2163,0,5;2167,10,9;2187,2,22;2215,0,17;2221,0,11;2237,3,10;2247,3,10;2251,6,-3;2253,-3,-3;2257,6,13;2263,0,11;2273,12,7;2275,-2,33;2299,-3,1;2319,1,6;2409,14,73;2411,0,3;2413,-6,-1;2421,11,3;2427,-8,15;2431,1,9;2461,-4,14;2463,8,61;2467,-4,-60;2469,-4,-1;2475,6,20;2485,-10,21;2487,9,10;2491,10,0;2493,-5,4;2515,-9,17;2517,9,3;2525,2,7;2535,-2,7;2553,-4,20;2555,1,-3;2557,3,10;2565,2,10;2573,8,-4;2575,-3,6;2585,-2,10;2595,0,10;2605,0,8;2609,-2,5;2611,-2,0;2615,6,5;2625,-3,5;2635,-1,2;2665,7,30;2675,2,6;2695,0,7;2705,-1,13;2709,2,-1;2715,3,9;2717,-2,4;2721,0,1;2725,-1,2;2761,2,39;2765,-5,-10;2781,7,26;2791,-2,5;2801,-21,294;2805,22,-276;2851,1,59;2857,-1,12;2859,-8,5;2865,-10,-1;2867,14,10;2875,-18,-3;2881,22,9;2883,-7,18;2895,7,-1;2897,-3,3;2905,12,-2;2909,1,20;2935,1,23;2945,0,13;2955,-1,11;2965,2,9;2967,6,-6;2975,-7,18;2985,-7,1;2989,3,7;2995,-3,18;3005,13,1;3009,1,2;3034,-50,145;3044,-2,19;3064,-6,14;3088,1,18;3182,-8,92;3354,3,169;3364,2,15
avenida|santa|cruz|vila santa cruz|14403600|1890,-2054392,-4739163;1920,19,48;1948,8,28;1960,10,9;1970,4,11;1980,6,3;2012,15,31;2020,4,14;2022,-2,5;2026,15,-7;2030,-18,14;2062,14,19;2072,7,13;2082,12,6;2090,0,5;2092,6,9;2100,-10,13;2130,37,24;2140,-16,-6;2144,-2,2;2164,0,5;2208,9,31;2210,-3,8;2212,1,-2;2214,0,14;2216,7,-4;2222,-7,8;2226,10,10;2236,-3,5;2250,8,19;2260,1,-2;2264,0,8;2268,6,6;2272,2,9;2274,-6,-5;2282,6,14;2290,1,4;2294,-1,-4;2296,-10,2;2298,12,10;2306,8,9;2316,-9,12;2326,16,7;2336,4,6;2406,0,78;2428,0,0;2430,0,8;2440,2,6;2522,0,77;2528,5,45;2532,-2,-35;2542,6,9;2544,5,50;2564,-5,0;2568,-3,39;2594,3,12;2604,4,17;2608,-2,-4;2614,-4,5;2624,1,7;2626,4,8;2634,-1,17;2748,0,23;2758,3,2;2768,-3,29;2780,-1,-1;2790,4,26;2800,2,14;2810,5,3;2820,-2,15;2830,0,13
avenida|santa|cruz|vila scarabucci|14403600|2466,-2054228,-4738644;2476,-2,12;2480,1,0;2484,1,2;2486,-6,5;2488,5,-1;2490,-4,0;2500,8,13;2508,-3,9
avenida||antonio luiz caetano|parque lima|14403079|1835,-2055819,-4740212
avenida||antonio luiz caetano|parque progresso|14403079|777,-2055728,-4739754;798,-46,-207;799,41,191;800,16,81;801,-39,-190;809,8,168;836,-69,-344;848,4,29;850,23,104;856,-27,-112;1915,4,-68;1935,6,26;1970,-30,-119;2010,6,23;2020,7,0;2021,-14,16;2030,18,-4;2040,-8,3;2045,14,20;2050,-21,-9;2060,2,4;2061,9,-13;2100,6,52;2110,-3,29;2161,28,32;2165,5,17;2200,-24,25;2205,27,2;2210,-13,20;2211,27,33;2220,-32,-27;2221,23,38;2278,2,59;2310,0,23;2312,4,-10;2314,14,2;2339,13,55;2340,4,53;2350,-30,-67;2360,9,13;2420,22,109;2430,2,13;2440,-3,-11;2450,1,10
avenida||champagnat|centro|14400320|1160,-2054340,-4740239;1582,-38,15;1590,8,-13;1594,0,-6;1600,-5,4;1606,2,15;1639,-12,40;1643,-19,16;1650,15,-28;1652,-17,16;1668,-2,-10;1669,3,34;1680,-6,-7;1693,-13,13;1694,-9,-11;1695,5,14;1701,-7,3;1705,3,9;1722,-11,-10;1724,16,10;1745,-29,16;1750,-1,-12;1765,-12,33;1771,-2,-1;1779,2,4;1793,-10,8;1808,-52,-8;1823,20,26;1831,-8,3;1835,5,-5;1839,-7,8;1845,-4,1;1847,-10,1;1853,-6,3;1859,8,8;1863,-6,-3;1869,-4,9;1876,-13,-6;1882,-1,3;1884,-10,-3;1887,16,13;1910,-8,-7;1916,-32,11;1926,-37,7;1946,13,12;1949,25,7;1964,-56,12;1977,43,-1
avenida||champagnat|santa rita|14403050|56,-2055056,-4739670;60,-14,12;96,-32,-13;330,139,-94;2479,-19,77;2491,-14,4;2503,-5,8;2513,-12,15;2527,12,12;2530,-51,-40;2533,39,36;2543,-1,-3;2551,0,9;2577,-5,11
avenida||champagnat|vila industrial|14403050|2135,-2054694,-4739904;2139,-44,-12;2143,6,23;2153,117,210;2173,-123,-203;2179,-22,10;2183,-14,11;2197,-11,11;2217,-10,13;2237,-20,17;2239,9,21;2269,-7,-6;2279,-34,6;2329,-37,-23;2339,-28,76;2407,-18,22;2425,2,-2;2429,-31,-10;2449,-7,20
avenida||champagnat|vila santa rita|14403050|2102,-2054721,-4739930;2112,-10,1;2122,-7,7;2132,-7,8;2152,-10,6;2162,-26,12;2222,-33,31;2266,-27,18;2280,-35,26;2338,-14,21;2350,-17,6;2380,-23,12
avenida||emiliano di cavalcanti|recreio campo belo|14409406|201,-2049433,-4739779
avenida||euclides vieira coelho|aeroporto iii|14404000|1109,-2058499,-4737553;1117,-7,6;1125,-2,5;1133,-5,6;1141,-7,10;1165,-14,21;1175,-5,11;1223,-23,37;1266,-10,12
avenida||euclides vieira coelho|chacara santo antonio|14404000|2601,-2057366,-4738773;2751,-129,124;2761,99,-100;2771,-59,58;2791,-10,11
avenida||euclides vieira coelho|jardim aeroporto 1|14404000|360,-2057977,-4738306;3631,-46,38;3651,-11,2;3711,-48,64;3741,-18,6;3779,-40,61;3801,-7,10;4011,74,-106
avenida||euclides vieira coelho|jardim primavera|14404000|252,-2057668,-4738497;3300,-54,29;3310,-4,5;3340,-33,14;3350,-3,8;3360,-16,8;3366,0,1;3370,-10,2;3376,0,7;3380,10,-9;3394,-36,23;3400,-9,6;3402,-5,7;3404,-2,0;3410,-17,4;3454,-42,24;3530,-19,16;3540,-5,6;3560,-30,-3;3570,5,20;3600,-32,16;3626,-14,12;3636,-10,5;3640,-29,18;3658,-9,4;3660,-11,5
avenida||euclides vieira coelho|parque das arvores|14404000|262,-2057779,-4738422;3379,-19,-13;3381,-8,-3;3383,6,20;3387,-7,10;3391,1,-2;3437,-28,26;3451,-16,27;3453,-21,2;3455,4,-9
avenida||euclides vieira coelho|parque mundo novo|14404000|2400,-2057389,-4738756;2700,24,-26;2710,-6,-1;2720,-4,16;2730,-26,25;2744,13,-12;2750,-4,6;2760,-13,9;2770,1,5;2780,-8,6;2790,-10,4;2800,-4,5;2830,-20,22;2892,-11,8
avenida||jose alves de castro|esplanada primo meneghetti|14412012|4105,-2055286,-4736597;4135,22,49;4201,2,67
avenida||jose alves de castro|jardim botanico|14412012|4100,-2055279,-4736576;4200,-9,96;4204,1,-3;4210,-4,14;4441,0,25
avenida||lazaro de souza campos|sao jose|14401295|272,-2053460,-4739071;285,7,11;305,9,26;315,0,13;322,-24,-15;335,27,27;370,-16,19;375,0,29;381,-2,4;382,7,10;391,2,-11;400,6,20;405,23,-47;412,-24,59;415,7,-7;425,-3,19;432,-2,8;435,6,7;442,-6,3;452,-5,10;455,15,15;535,11,62;544,-18,19;553,15,2;554,-9,4;564,-6,18;576,4,5;580,-1,12;611,14,1;620,-9,23;621,8,-12;630,-10,31;635,23,37;662,-19,-2;675,20,45;701,2,25;707,7,5;715,-8,16;737,7,6;750,-71,172;755,66,-155;765,12,29;775,-11,11;803,8,32;905,11,103;915,-11,8;925,7,14;935,-8,7;940,-5,-37;960,6,9;970,7,17;990,-3,15
avenida||luiz vaz de camoes|jardim do eden|14402070|1771,-2051028,-4736872;2750,-134,-489;2760,-3,39;2776,8,13;2780,11,14;2870,26,95;2926,32,64;2930,-8,3;2950,20,34;2952,-3,-2;2960,5,6;2970,4,13;3110,37,240;3120,-10,7;3126,0,10;3130,6,7
avenida||luiz vaz de camoes|jardim eden|14402070|2801,-2051123,-4737286;2811,10,16;2821,11,7;2827,-11,6;2831,9,5;2901,28,78;2911,7,13;2921,6,11;2931,6,16;2951,1,16;2961,6,14;2971,5,15;2981,2,12;3001,17,16;3011,2,20;3021,0,6;3031,8,15
avenida||luiz vaz de camoes|jardin do eden|14402070|2820,-2051139,-4737250;2830,4,6
avenida||luiz vaz de camoes|nova franca|14402070|2710,-2051186,-4737372;2730,4,10
avenida||moacir vieira coelho|jardim milena|14405700|3947,-2050329,-4740790;3949,-11,6;3971,18,-16
avenida||moacir vieira coelho|residencial nosso lar|14405700|355,-2050494,-4740504;3705,30,-44;3717,-6,16;3749,18,-36;3759,10,-22;3779,-9,13;3789,17,-29;3807,5,-12;3817,5,-12;3827,6,-10;3837,1,-2
avenida||moacir vieira coelho|residencial sao tomaz|14405700|849,-2050385,-4740700;3901,-5,2;3903,-1,9;3911,7,-12;3921,12,-20;3931,4,-6;3941,14,-14;3951,10,-29
avenida||paulo roberto cavalheiro coelho|chacara santo antonio|14403200|2101,-2056936,-4739264;2111,-8,4;2171,-51,39;2181,19,-17;2191,-19,34;2201,-7,9;2205,11,-21;2271,-30,49;2301,-21,106;2451,-12,79;2481,3,4;2483,1,0
avenida||paulo roberto cavalheiro coelho|jardim florida|14403200|1041,-2057066,-4738770;1111,-83,368;1121,-1,2;1131,6,6;1171,-7,56;1181,0,16;1231,-15,38;1233,-5,3;1235,2,5;1241,6,12;1243,-2,2;2741,45,-302
avenida||paulo roberto cavalheiro coelho|jardim santa lucia|14403200|1911,-2056727,-4739319;2041,-160,10;2061,-8,4
avenida||paulo roberto cavalheiro coelho|parque castelo|14403200|931,-2055890,-4739546;933,-6,7;941,-9,0;999,-27,16;1001,-10,0;1091,-9,-1;1095,-8,4
avenida||paulo roberto cavalheiro coelho|vila europa|14403200|631,-2055601,-4739581;641,-13,-3;651,-10,-5;661,-10,5;671,-10,0;681,-10,0;693,-7,3;771,-73,7;781,-5,8;785,-80,16;811,59,-12;831,-30,9;841,-8,0;851,-14,-7;855,2,-1;871,-16,5;879,-17,-1;881,3,8;891,-8,1;901,-9,2;1111,-125,36;1261,-151,32;1301,-85,18;2601,126,-32
avenida||pedro henrique cintra|villagio di firenze|14403187|1800,-2056742,-4740785
chacara||motel caravelas|franca|14402347|4,-2053668,-4732958
condominio||jean carli|franca|14414899|1,-2052176,-4725438;2,36,91;3,4,-7;5,-1,17;6,13,24;9,-4,-24;12,-223,-341;13,256,238
condominio||recanto campestre|franca|14410000|4,-2052775,-4728263
condominio||recanto campestre|franca|14414899|1,-2052876,-4728223;2,48,-25;3,14,-3;4,42,-16;6,44,-18;7,43,-1;8,-164,67;9,280,37;10,10,30;11,5,15;12,-31,-147;13,13,46;14,39,-96;15,-102,20;16,103,-24;18,-90,12;19,-76,28;20,-61,23;21,-81,-26;22,5,-65;23,3,-49;24,-1,-66;25,3,34;26,-6,29;29,-15,112
estrada||alberto carraro|franca|14409520|5,-2044585,-4735767;6,413,788
estrada||alberto carraro|recanto das garcas|14409520|6,-2044051,-4735140
estrada||antiga beco do boiadeiro franca a claraval|sitio sao joao|14402062|3,-2048365,-4734921
estrada||antiga beco do boiadeiro franca a claraval|sitio sao joao|14410000|3,-2048363,-4734911
estrada||antiga beco do boiadeiro franca a claraval|sitio sao jose|14402062|3,-2048577,-4734297
fazenda|santa|cecilia|franca|14414899|41,-2055354,-4745275
fazenda|santa|cruz|franca|14414899|1,-2070686,-4741541;2,-74,-23;3,39,30;5,0,0;6,21,-12;9,-5,19;12,18717,14843;13,-18366,-14861
fazenda|santa|rita das cobras|franca|14414899|1,-2071040,-4745509;3,126,6;4,12,-16;5,-113,-194;6,-45,-42;7,-5,-2;8,-13,-19
fazenda||cachoeirinha|franca|14414899|1,-2051340,-4727698;2,-20,98;3,12,-16;4,2,0;5,-9,8;6,7,14;7,5,-108;8,-8,86;9,-3,82;10,-394,1817;12,260,-1455
residencial||jardim canada|franca|14402062|980,-2053208,-4732626
residencial||jardim canada|franca|14402140|1601,-2052683,-4732909
residencial||jardim canada|franca|14402347|1,-2053546,-4732611;2,10,27;3,4,28;4,306,-165;6,208,-84;7,-23,8;8,-186,72;10,483,-174;540,-402,159;550,52,-14;740,-374,101;750,508,-162;781,-480,148;885,696,-231;895,30,-6;941,-598,193;980,120,-17;1261,235,-93
rodovia||felipe calixto|jardim paineiras|14403725|8,-2046856,-4748201
rodovia||felipe calixto|jardim paineiras|14407751|1,-2046822,-4742650;2,593,-1513;4,-574,-1514;5,19,-983;8,-210,-1992;9,-255,-1459
rodovia||felipe calixto|jardim paineiras|14407784|8,-2047218,-4748774
rodovia||franca ribeirao corrente|jardim pulicano|14403757|5,-2048309,-4749046
rua|alferes|manoel marques de carvalho|jardim tropical ii|14407063|2141,-2050941,-4742292;2161,5,13;2171,10,13;2181,-4,2;2191,-4,3;2201,1,4;2211,10,15;2221,1,7;2231,4,15;2241,6,8;2251,-2,12;2255,6,0;2261,-1,7;2271,-1,14;2281,7,7;2291,-18,10;2295,12,-5;2303,-2,13;2311,16,10;2321,-4,6;2341,26,67;2350,-3,0;2360,0,10;2361,-3,1;2371,7,11;2380,-1,3;2381,7,7;2390,-4,2;2391,4,5;2399,0,10;2400,1,-6;2401,7,9;2404,-10,-8;2410,3,9;2411,9,1;2420,-6,11;2421,1,6;2430,4,1;2431,-1,12;2440,1,0;2448,3,7;2450,4,8;2451,2,-5;2460,-12,4;2461,15,-1;2466,-4,5;2510,15,50;2520,6,2;2521,9,4;2530,-5,10;2531,7,-5;2540,-4,14;2541,8,-1;2550,-6,11;2551,6,-4;2560,-5,9;2561,10,-2;2570,-6,8;2580,2,9;2581,10,4;2590,-7,10;2591,5,0;2600,-5,8;2601,10,1;2610,-5,8;2611,6,-3;2620,-1,9;2621,3,3;2622,-8,2;2631,-20,-68
rua|alferes|manoel marques de carvalho|jardim tropical|14407063|2650,-2050792,-4741789;2651,9,-3;2660,-5,7;2661,9,1;2670,-7,4;2671,8,0;2680,-6,20;2681,10,-6;2684,-10,-2;2690,1,15;2691,14,1;2700,-9,2;2701,11,4;2710,-10,1;2711,12,9;2720,-6,5;2721,7,4;2730,-3,6;2740,2,8;2750,7,8;2751,3,6;2760,-4,8;2761,5,2;2764,-6,-5;2770,0,6;2771,12,8;2780,-2,7;2781,4,-1;2790,-3,7;2791,4,-1;2793,3,2;2800,-8,6;2801,11,4;2810,-6,3;2811,9,5;2812,-9,-5;2820,1,5;2821,8,9;2830,-7,2;2831,16,9;2840,-16,-6;2841,17,12;2850,-12,4;2851,12,7;2861,8,6;2930,12,63;2931,3,-4;2940,3,12;2941,-1,-13;2950,1,19;2960,-3,5;2967,6,-4;2970,0,11;2975,12,2;2980,0,3;2985,9,-1;2990,-2,6;2995,7,0;2996,-2,5;3000,3,1;3005,10,-5;3010,-1,9;3015,9,-5;3020,-4,6;3025,9,-2;3029,6,-4;3030,-12,7;3035,24,-1;3040,-11,5;3045,10,-2;3050,-4,7;3052,3,1;3055,20,-3;3060,-13,7;3065,11,-2;3070,2,10;3075,4,-3;3080,5,3;3085,9,-3;3090,-6,6;3095,15,-5;3100,-2,10;3101,1,0;3105,11,-1;3110,-7,1;3115,10,2;3120,-1,5;3125,11,-1;3130,-4,4;3134,4,3;3135,4,-4;3140,2,5;3145,7,-8;3155,7,12;3165,10,0;3175,6,7;3185,5,6;3197,17,2
rua|desembargador|afonso jose de carvalho|centro|14400790|1804,-2053952,-4739504;1834,28,23;1874,56,17;1941,68,15;1953,10,-1;1993,29,10;2003,18,2;2006,1,14;2015,13,-9;2020,0,13;2030,7,5
rua|doutor|alcindo ribeiro conrado|centro|14400350|965,-2054018,-4740735;989,-2,12;1000,-2,-24;1004,4,17;1008,-5,14;1018,-11,25;1026,2,-1;1027,5,6;1037,3,11;1046,-14,8;1076,-3,26;1086,-2,9;1096,-6,14;1139,-4,32;1140,-4,5;1151,8,13;1158,-10,3;1163,0,2;1170,2,5;1173,5,7;1182,-7,4;1397,-122,617;1583,43,-241;1630,-7,34;1642,-2,24;1650,-3,8;1652,10,2;1666,-12,13;1676,3,9;1688,-4,3;1718,-2,34;1728,-6,3;1730,-5,12;1733,9,6;1737,-1,-3;1738,-3,10;1751,3,13;1752,-6,-8;1791,-10,45;1792,4,-3;1802,1,3;1805,-1,2;1813,-2,13;1822,-12,9;1827,8,11;1879,-16,43;1883,5,10;1886,-3,-2;1891,5,7;1896,-6,-8;1901,-8,17;1906,8,-2;1911,-1,8;1916,-7,5;1921,11,7;1926,-6,2;1933,-2,7;1934,-5,-1;1979,2,46
rua|doutor|alcindo ribeiro conrado|centro|14405066|1216,-2054064,-4740521;1224,4,11;1229,-8,12;1232,3,-5;1239,-4,5;1246,-3,5;1257,3,19;1268,-9,10;1269,8,5;1275,-2,2;1279,-3,6;1284,-3,2;1287,3,11;1294,-3,-18;1311,-3,40;1312,2,-15;1321,-4,16;1323,7,8;1360,-10,22;1368,4,9;1370,-12,13;1395,-2,16;1400,-1,4;1419,-3,24;1420,2,-11;1430,-2,14;1433,-8,20;1441,4,-18;1443,-5,8;1462,2,16;1472,5,8;1484,-6,18;1494,-8,24;1502,-1,-6;1513,-5,13;1516,2,-7
rua|doutor|alcindo ribeiro conrado|jardim higienopolis|14405066|655,-2054003,-4740830
rua|doutor|bernardino de campos|parque universitario|14404611|991,-2057232,-4740241;993,2,-6;995,4,-6;997,2,-8;1000,10,14;1001,-9,-18;1004,7,16;1006,2,-9;1010,3,-3;1011,-2,-10;1020,3,-7;1031,6,-16;1040,1,-8;1044,3,4;1050,-6,-11;1051,-2,-7;1056,7,1;1061,-1,-10;1070,10,-9;1071,-13,-3;1075,3,-5;1076,8,13;1080,4,-7;1081,-4,-14;1084,-3,0;1091,-1,-8;1101,7,-9;1110,10,-6;1111,-10,-13;1120,9,-2;1130,9,-14;1140,-7,29;1170,25,-71;1171,-14,-6;1180,9,-8;1186,3,-13;1193,-6,2;1194,8,-7;1195,-5,3;1200,4,-27;1230,19,-23;1240,5,-6;1250,3,-13;1251,-20,18;1260,22,-32;1261,-15,7;1262,12,-7;1264,-1,5;1270,11,-11;1271,-18,2;1280,14,-8;1281,-16,-3;1283,5,-5;1285,0,2;1291,5,-15;1300,13,5;1301,-10,-14;1310,19,-1;1311,-15,-5;1320,15,-8;1321,-11,-3;1330,14,-22;1331,-15,9
rua|doutor|carrao|jardim california|14405324|234,-2053826,-4741546;246,7,-9;340,45,-113;375,-11,-5;384,5,-15;386,-14,-18;388,25,26;389,-8,-4;392,3,-4;396,-8,-2;397,9,3;398,-11,-8;407,2,-8;416,9,8;426,10,-16;429,-13,-15;433,-3,8;438,20,4;441,-11,-18;451,1,-4;453,5,-7;458,-6,-10;498,15,-33;504,0,3;512,7,-13;520,-2,-14;526,3,2;530,3,-14;547,-18,80;560,13,-95;570,-1,-15;588,11,-11;618,16,-44;622,0,0;623,-2,-6;627,-5,1;636,13,-4;637,-9,-11;638,11,2;649,-8,-12;661,6,-17;671,5,-8;676,8,-4;680,3,-14;697,-17,17;744,22,-50;754,0,-8;755,-8,-14;756,13,21;765,-13,-30;766,9,4;768,7,-7;770,-5,17;800,13,-36;803,-8,-13;816,8,-5;826,1,-8;835,-7,-1;845,1,-11
rua|doutor|carrao|vila raycos|14405324|540,-2053620,-4742329;541,-17,72;879,-37,110;880,7,1;884,7,-7;889,-9,-2;905,-1,-10;943,14,-45;946,6,5;953,-14,-6;957,6,-1;958,8,-3;960,1,-1;970,3,-10;1008,10,-38;1016,3,-10;1030,4,-4;1054,3,-33;1074,-1,-2;1078,4,-9
rua|doutor|carrao|vila santos dumont|14405324|247,-2053807,-4741568;249,2,0;257,9,-2;293,-5,-37;317,7,-6;509,36,-182;511,-3,1;523,15,-21;529,-6,2;531,2,0;533,0,-2;534,-2,12;535,2,-15;537,0,-3;541,-27,-11;543,11,1;545,12,-2;547,-6,25;557,13,-36;561,-9,8;567,4,-9;577,6,-16;587,-2,-6
rua|doutor|cerqueira cesar|parque universitario|14404620|1160,-2057351,-4740511;1200,10,-35;1214,0,-14;1220,5,-11;1230,4,-4;1236,5,-17;1240,-4,2;1250,-11,4;1260,20,-27;1264,2,-5;1280,4,-23;1300,5,-18;1326,10,-32;1330,4,-13;1344,1,-8;1350,2,-9;1352,1,-2;1360,3,-9;1370,3,-7
rua|doutor|fernando costa|parque universitario|14404623|303,-2057038,-4740376;309,-9,-10;310,7,-6;315,-15,5;320,-12,-7;321,2,0;361,-43,-4;371,-11,-9;381,-8,-5;420,-59,-23;421,1,9;423,-3,-3;425,-8,1;427,-2,-2;429,-7,-1;442,-5,-11;444,3,-6;446,-9,2;448,-2,0;450,-7,-2;471,-37,-7;481,-11,-5;500,-3,-6;501,-14,4;1161,34,6;1163,-76,-27
rua|doutor|jairo amancio de castro|centro|14400324|2021,-2054406,-4739876;2031,-2,12;2051,-19,28
rua|doutor|julio cardoso|centro|14400730|1028,-2054494,-4740077;1030,-3,9;1038,0,-10;1044,11,3;1046,3,4;1047,9,-3;1058,0,6;1070,11,7;1075,12,-3;1078,-7,2;1084,8,-2;1087,8,-3;1090,-2,3;1095,8,2;1096,-5,-3;1101,13,2;1103,2,-1;1108,4,10;1111,34,-9;1116,-35,7;1121,0,8;1126,15,-5;1135,8,0;1138,1,-2;1143,15,5;1144,-8,-2;1146,0,0;1156,8,2;1158,1,6;1161,11,-3;1167,3,1;1170,-6,0;1175,12,-1;1180,-4,3;1183,15,1;1188,-7,2;1189,6,-9;1197,16,11;1202,-9,1;1207,12,0;1210,-9,-5;1212,1,-6;1215,11,13;1221,8,2;1222,8,-12;1240,22,15;1242,4,-2;1247,-13,-1;1252,9,0;1254,6,-4;1256,6,-3;1257,-11,12;1260,8,7;1265,-2,-2;1268,-5,-7;1274,1,3;1275,14,2;1283,6,2;1289,13,7;1290,-7,4;1317,22,-4;1318,-2,6;1323,9,-2;1326,-1,-3;1333,10,4;1336,-3,0;1342,11,-2;1345,1,2;1350,-1,10;1359,15,-4;1360,-1,4;1367,9,-7;1369,2,10;1378,-4,-5;1388,11,3;1398,17,2;1416,14,11;1430,13,-1;1440,7,5;1441,12,4;1450,-1,-4;1461,6,-5;1464,-3,13;1467,4,-10;1479,24,13;1482,-2,0;1490,9,-1;1502,6,2;1510,0,0;1511,-3,4;1526,24,0;1532,7,10;1535,10,-2;1546,-4,9;1547,1,-9;1549,15,4;1558,-7,-2;1561,10,-1;1569,9,-1;1584,0,8;1592,18,3;1595,-4,-4;1600,15,1;1621,30,9;1624,-12,-8;1638,13,15;1641,1,-3;1648,3,4;1649,-1,-3;1650,10,16;1653,-2,-17;1654,1,0;1661,5,-3;1665,14,-2;1672,5,14;1674,-16,-3;1679,11,3;1690,23,6;1691,-9,-6;1699,11,-1;1715,7,15;1746,25,-1;1894,127,35;1906,5,3;1911,8,1;1913,3,3;1916,4,-12;1921,-3,9;1934,20,3;1939,5,9;1947,5,5;1948,0,-5;1951,16,12;1953,2,0;1962,-9,-6;1963,11,3;1967,0,-14;1971,10,4;1974,-10,-4;1979,17,10;1988,3,-11;1995,-1,13;2007,25,10;2008,-19,-17;2009,17,16;2012,-14,-12;2013,23,15;2018,-25,-6;2020,4,-6;2026,15,0;2050,18,23;2060,9,-4;2070,1,6;2072,9,2;2086,11,1;2088,-5,5;2110,27,2;2133,22,-11;2136,7,14;2137,3,-6;2146,21,11;2147,-13,1;2148,11,-2;2149,-5,1;2151,3,-2;2159,5,7;2166,4,0;2171,2,6;2176,4,-6;2180,3,0;2184,3,3;2190,11,5;2211,4,-7;2214,5,7;2219,15,-4;2227,-1,5;2231,12,4;2238,4,-2;2243,35,15;2254,-18,-10;2259,-1,1;2266,14,4;2273,6,-9;2278,5,0;2279,6,5;2292,-13,3;2311,34,33;2312,-1,-28;2317,0,14;2318,3,-14;2320,5,2;2321,1,1;2323,6,52;2324,-5,-53;2325,3,8;2328,3,-8;2329,3,23;2330,-3,-23;2331,3,13;2332,5,-13;2336,3,6;2343,-9,-3;2345,11,-4;2347,4,5;2348,3,5;2349,-4,-6;2355,5,8;2365,-5,3;2368,18,-2;2377,4,1;2378,12,6;2389,-22,-6;2392,27,1;2396,12,4;2397,-31,-3;2398,35,5;2399,-5,-13;2407,6,4;2411,5,0;2420,-2,9;2469,32,10;2479,31,13;2487,10,12;2489,-1,-3;2854,-29,-29
rua|doutor|luiz coelho|vila aparecida ii|14403525|2118,-2053210,-4736900;2127,8,-3;2128,-16,-5;2138,17,17;2147,2,1;2158,2,12;2168,1,8;2170,-3,5;2178,11,7;2187,2,4;2188,8,4;2197,-3,7;2198,2,-6;2208,4,13;2217,0,3;2218,4,9;2228,13,14;2230,-7,0;2388,23,60
rua|doutor|mauricio jose da cunha|jardim piratininga|14403590|2311,-2053789,-4737128;2330,-1,-4;2331,-8,9;2340,-1,-7;2341,-9,4;2351,-7,4;2360,-8,-8;2370,-6,-2;2371,-7,10;2380,-11,-14;2381,2,10;2390,-6,-2;2391,2,-3;2396,-5,8;2400,-5,-1;2401,-1,-6;2405,0,0;2410,-6,5;2411,-2,3;2420,-16,-8;2430,-7,3;2431,1,8;2440,-6,-2;2441,-5,-2;2450,-6,7;2451,0,-13;2460,-10,14;2461,2,-3;2470,-10,-1;2471,-3,-6;2480,-13,3;2481,21,-16;2511,-67,32;2531,-21,2;3980,231,-30
rua|doutor|newton prado de carvalho|jardim natal|14407000|1260,-2050345,-4742910;1315,-46,-3;1325,-11,-11;1330,-6,4;1333,2,-2;1335,-4,3;1350,-14,-6;1355,-2,9;1360,-10,-12;1365,0,4;1370,-5,-7;1385,-14,5;1390,-5,-12;1400,-6,1;1430,-30,-6
rua|doutor|oswaldo cruz|jardim bethania|14401212|1885,-2052288,-4738375;1888,-6,-4;1897,7,12;1898,-6,1;1908,-5,-3;1909,7,14;1910,2,-5;1919,-1,15;1920,0,-6;1930,-2,4;1932,0,12;1935,6,-3;1943,-4,9;1946,-5,-7;1947,9,19;1948,-4,-3;1956,-3,5;1957,8,10;1960,-7,-3;1967,13,4;1977,-4,8;2007,7,41;2008,-10,-3;2013,9,16;2017,-2,1;2018,-5,-5;2020,-3,-2;2027,10,14;2028,-7,3;2037,7,5;2038,-6,-4;2040,0,16;2047,6,0;2048,-9,-9;2049,9,11;2057,-1,5;2058,2,3;2067,-2,11;2068,-4,-3;2077,5,2;2078,-3,4;2079,2,6;2083,2,4;2087,-1,10;2088,-6,-9;2097,6,12;2098,-1,-2;2107,3,15;2108,-7,4;2117,8,4;2118,-4,3;2128,-4,11
rua|doutor|oswaldo cruz|jardim boa esperanca|14401212|645,-2052304,-4738526;1284,285,-326;1292,-19,5;1302,-5,9;1312,-27,14;1342,-8,20;1344,-5,13;1362,-16,-4;1365,16,4;1372,-19,7;1375,10,1;1382,-10,3;1383,3,11;1385,1,-4;1391,-8,8;1392,0,-15;1399,-6,23;1400,-9,-11;1406,4,2;1409,0,17;1410,-9,-16;1414,4,5;1419,-3,11;1420,1,-2;1421,8,1;1428,-16,-4;1429,0,14;1469,-29,26;1477,-3,4;1482,-2,-12;1485,2,18;1492,-12,-1;1493,9,4;1494,-5,-3;1495,-1,15;1502,-13,-5;1503,9,9;1512,-7,1;1517,-4,5;1519,0,-1;1522,-3,13;1529,-1,-4;1537,-2,3;1538,-12,-14;1544,0,11;1547,-1,8;1548,2,-4;1557,-5,16;1637,-43,59;1647,-5,1;1650,-10,3;1657,5,2;1660,-16,6;1667,10,2;1669,-4,3;1670,-7,-6;1679,7,7;1680,0,0;1689,0,13;1690,-8,-2;1700,-3,5;1707,8,-6;1710,-3,11;1717,-6,8;1720,-10,3;1723,9,13;1726,-10,-4;1727,-28,-1;1729,32,22;1730,-24,-23;1739,24,23;1740,-4,-16;1742,1,1;1746,-8,16;1749,2,-4;1756,2,5;1761,1,17;1766,-5,-7;1768,-4,7;1771,7,2;1776,0,-2;1781,-1,14;1784,-6,-1;1785,6,8;1786,-4,6;1791,2,-1;1793,7,6;1795,-2,5;1802,-7,-12;1811,12,31;1812,-11,-11;1822,6,11;1829,9,10;1832,-12,1;1839,7,6;2370,28,511;2380,12,9;2390,-10,15;2410,1,24;2430,5,18;2440,4,10;2450,-8,8;2470,6,33;2480,6,21;2481,2,-12;2491,-9,5;2500,9,19;2501,0,-9;2510,-7,10;2511,12,3;2513,4,2;2516,-12,15;2520,-2,-7;2521,9,-1;2530,-9,12;2531,5,-4;2536,6,6;2539,-1,3;2541,3,-3;2542,-5,6;2551,-2,4;2553,5,11
rua|doutor|oswaldo cruz|jardim paulista|14401212|2591,-2052238,-4737689;2601,0,12;2603,-5,-3;2611,5,11;2621,2,14;2631,-3,11;2641,-2,9;2651,-12,27;2661,2,3;2680,27,26;2690,23,14;2691,-18,-4;2700,-15,16;2701,6,-5;2703,4,8;2706,-17,1;2710,8,8;2711,8,-6;2713,3,6;2718,-6,1;2720,-7,-4;2721,11,11;2722,-7,5;2723,6,-7;2729,-4,9;2730,-17,4;2731,19,-5;2733,2,-1;2740,-10,13;2741,11,1;2742,-12,1;2750,3,11;2751,5,-1;2755,7,2;2758,-19,7;2759,8,2;2760,12,-6;2761,-9,9;2770,-4,5;2771,8,-1;2780,-2,18;2781,10,-3;2782,-13,2;2787,8,8;2791,-4,4;2821,-1,37;2830,5,25;2831,3,-19;2840,-11,14;2841,14,-4;2845,1,6;2848,-10,5;2850,0,2;2851,5,-8;2853,2,8;2860,-10,10;2861,6,-5;2862,-4,2;2864,16,-5;2870,-16,17;2881,10,14;2884,-4,-2;2889,7,11;2890,-7,1;2891,0,-82;2894,0,83;2901,8,-5;2910,0,21;2912,-10,-7;2914,-8,1;2924,14,9
rua|doutor|oswaldo cruz|jardim paulista|14401402|2600,-2052250,-4737675;2610,14,13;2616,-5,9;2618,-1,4;2620,-3,-3;2630,4,12;2632,0,5;2640,-1,4;2646,-1,6;2650,0,4;2660,2,7
rua|doutor|oswaldo cruz|parque vila izabel|14401212|2147,-2052272,-4738121;2157,-1,22;2158,-4,-5;2167,3,12;2168,2,-5;2177,1,11;2178,-3,1;2187,9,19;2188,-13,-12;2198,0,13;2208,6,10;2217,4,7;2218,-8,1;2227,11,17;2228,-10,1;2321,21,77;2331,-4,6;2341,-2,6;2345,7,9;2351,-3,9;2359,1,5;2361,-8,6;2371,-7,13;2381,15,4;2391,-1,15;2401,2,4;2421,1,19;2431,-5,12;2441,2,10
rua|doutor|waldemar cesar caleiro|jardim aeroporto 1|14404056|268,-2057951,-4738296;280,16,-9;292,-5,16;304,10,21;316,5,1;328,9,11;340,4,4;352,9,13;364,6,13;376,10,10;388,0,4;400,9,14;412,4,9;424,5,5;436,7,12;460,12,22;472,5,6
rua|doutor|waldemar cesar caleiro|jardim primavera|14404056|81,-2058028,-4738483;90,3,22;91,-8,-17;96,7,23;100,3,6;101,3,-26;110,-1,26;120,8,14;130,5,8;131,-5,-20;140,13,31;141,-2,-17;142,0,8;146,-1,-1;150,-3,0;151,9,2;160,0,14;170,5,10;171,0,-6;180,5,18;181,-2,-23;190,11,27;191,-11,-21;200,15,35;201,-9,-11;210,14,13;211,-8,-2;220,17,8;221,-21,-15;223,12,17;230,7,15;231,-12,-21;240,8,-5;250,3,45
rua|doutor|waldemar cesar caleiro|parque das arvores|14404056|355,-2057901,-4738244;365,36,42;375,-16,-21;431,27,50;461,8,7;498,19,46;507,-24,-53;510,24,53;522,9,12;534,9,17;544,4,-2;546,0,2;562,2,-11;582,22,45;594,-1,10;606,4,8;618,7,12;628,8,7;630,6,6;642,-1,4;652,8,18;654,-3,0;666,7,1;668,3,8;678,3,3;690,9,15;702,10,7;708,1,3;714,5,11;726,-7,22
rua|frei|angelo criado|parque progresso|14403165|836,-2056328,-4740175;838,-7,0;840,18,13;2361,25,60;2371,4,-13;2381,-15,-10;2391,-17,4;2401,38,-34;2410,-28,14;2415,-8,-8
rua|general|carneiro|centro|14400500|936,-2053464,-4740568;946,2,9;952,-1,3;958,2,9;966,-5,4;1525,-118,522;1535,-7,7;1549,5,10;1557,3,17;1560,-14,-14;1566,4,2;1569,5,25;1570,-4,-23;1580,-6,38;1600,0,0;1618,5,28;1620,0,0;1632,-6,0;1656,-11,21;1672,-3,23;1675,2,18;1686,-5,-1;1690,0,8;1698,-2,1;1720,-1,16;1721,-3,8;1724,6,-1;1728,5,-2;1730,-6,13;1738,-1,0;1741,0,9;1760,-15,22;1763,10,-4;1766,-10,11;1768,4,0;1777,-6,-2;1779,-3,2;1780,13,3;1783,-11,16;1819,4,7;1824,-4,15;1826,-5,2;1830,1,3;1840,-5,28;1845,6,2;1866,-21,13;1869,14,-2;1876,-11,28;1886,-5,1;1921,-4,31;1928,-5,16;1937,5,-2;1945,-1,11;1949,-7,-2;1961,7,8;1966,1,4;1971,-10,7;1976,4,12;1985,19,11;1990,-24,15;1992,-2,6;2001,-1,-15;2033,-1,29;2038,-1,8;2043,-2,5;2044,-4,-2;2050,4,9;2053,-6,2;2061,-2,1;2062,5,0;2067,0,11;2072,-2,7;2080,-3,1;2083,18,2;2084,-16,9;2092,-7,9;2093,2,-4;2102,-4,6;2107,4,-1;2118,-4,15;2128,-4,12;2130,4,3;2135,1,3;2145,1,8;2146,-16,8;2169,15,16;2179,-5,6;2189,3,6;2203,-7,10;2208,-9,4;2215,13,9;2220,-16,13;2225,7,2;2232,-5,2;2233,7,4;2244,-13,9;2256,-3,13;2261,7,-1;2268,-11,5;2271,9,12;2281,3,7;2282,-10,-2;2283,7,5;2297,0,9;2300,-15,4;2345,-2,48;2350,-9,-5;2356,-1,14;2360,-9,11;2365,19,-23;2367,-1,15;2369,-4,9;2370,-9,5;2379,6,35;2390,-3,-18;2400,-5,9;2406,-8,11;2410,-2,8
rua|general|carneiro|estacao|14405106|215,-2053323,-4741262;225,6,14;227,3,2;229,-5,11;237,0,-2;243,6,2;245,-15,9;247,3,-9;249,17,15;253,8,4;255,-16,8;265,-2,11;267,-11,-5;281,2,14;283,8,-4;319,-5,47;321,-5,3;324,-4,-9;338,-12,27;346,9,4;347,2,-8;353,-2,6;363,1,8;370,-26,-2;375,22,14;379,-7,7;380,4,2;387,1,7;390,2,13;393,0,-10;397,0,7;399,-5,2;400,-15,-11;405,14,20;429,-5,21;438,-8,0;439,7,8;451,0,2;455,-9,6;461,2,10;475,-3,9;479,-3,6;484,4,-8;489,16,18;492,-18,-13;494,-6,8;503,3,22;508,2,-18;513,3,31;518,-12,-22;520,-3,3;522,-1,9;560,-16,48;565,10,-2;572,-16,28;575,13,-14;579,1,7;582,-5,-13;617,-1,26;677,-12,73;678,-4,-4;687,3,18;688,-2,-6;702,-5,16;705,3,-1;711,-1,8;716,-12,0;717,14,12;725,-6,1;728,-4,-1;736,-11,11;739,14,0;741,15,8;743,0,0;748,-26,-2;749,7,9;758,-11,-4;761,4,9;762,-1,-1;767,5,7;769,-6,15;780,0,-12;783,8,10;809,-12,37;814,-4,-5;815,4,6;824,-5,5;840,-1,11;846,3,1;850,-3,11;854,-8,11;862,-2,5;873,8,-5;875,4,-8
rua|general|carneiro|franca|14400500|949,-2053461,-4740562;953,0,-6;965,-1,23;1018,-14,46;1024,1,3;1028,5,6;1029,0,1;1034,-4,7;1035,-5,-3;1038,5,3;1044,-1,8;1049,-16,-2;1050,15,8;1054,-1,5;1060,-5,11;1061,-8,-12;1113,-9,62;1121,-1,-18;1127,1,27;1153,-1,22;1157,-8,-2;1163,7,9;1166,-10,6;1175,-1,-2;1178,-4,12;1185,4,-12;1188,-4,23;1220,-2,21;1224,3,2;1228,-9,7;1229,0,7;1232,6,-2;1239,-6,12;1244,-1,-6;1249,1,6;1286,-12,65;1300,-1,3;1310,-4,8;1312,0,0;1316,1,4;1317,2,-10;1326,-3,5;1327,1,-2;1328,1,10;1335,-3,11;1336,0,-5;1345,-2,9;1346,-5,2;1354,-2,15;1355,4,-2;1358,-2,-1;1363,-7,12;1365,4,4;1367,-2,8;1368,4,-20;1369,-4,29;1376,-2,-18;1383,-2,15;1393,-7,5;1402,9,14;1403,-4,-5;1416,-1,11;1417,-1,-4;1418,1,4;1419,0,6;1426,3,3;1501,-18,69
rua|imperatriz|tereza cristina|jardim derminio|14406406|161,-2053394,-4743778;170,-6,14;171,17,-15;173,2,5;178,-4,10;180,-1,2;188,10,8;190,-1,1;191,11,-17;193,5,5;200,-3,7;201,8,-11;203,1,4;210,-2,6;211,11,-3;219,0,-1;220,0,9;221,8,-3;230,-1,8;231,9,-6;241,8,2;242,-5,4;249,14,-6;250,-9,5;251,15,4;253,-3,-4;260,-5,7;261,12,-2;267,2,2;270,-1,-1;271,8,-1;280,1,5;281,11,-2;290,-2,4;300,10,1
rua|jornalista|assis chateaubriand|sao jose|14401330|860,-2053636,-4738306;864,2,2;870,-2,-2;905,16,-27;910,-39,-41;925,23,26
rua|major|claudiano|centro|14400690|1156,-2054356,-4740195;1163,1,-5;1168,7,23;1177,9,-20;1180,7,9;1183,-1,8;1187,6,-12;1194,-2,1;1197,4,-9;1200,-1,12;1206,14,2;1216,8,5;1217,5,-11;1223,5,6;1245,17,4;1247,2,0;1249,4,4;1260,7,1;1263,4,6;1276,0,-2;1277,8,-4;1279,-2,-12;1281,9,13;1283,5,5;1284,-5,-3;1289,15,1;1290,-2,5;1317,23,0;1326,10,-6;1327,-1,6;1334,-3,4;1347,18,5;1361,12,-5;1372,10,12;1379,1,-9;1385,9,5;1393,1,8;1419,38,-1;1433,2,10;1435,6,2;1443,2,-12;1445,8,9;1451,6,-4;1459,4,-3;1471,13,7;1501,27,6;1545,37,5;1550,14,7;1556,9,-8;1574,2,29;1578,8,0;1598,1,-1;1644,54,-13;1652,13,-2;1658,11,32;1670,1,-10;1674,-4,-17;1684,37,-2;1692,-14,2;1698,-11,47;1700,24,-23;1706,1,3;1716,-8,-22;1726,11,20;1736,0,4;1746,14,11;1752,15,-10;1754,1,9;1760,8,-15;1775,-518,-102;1780,538,108;1788,3,4;1800,2,5;1824,34,1;1830,9,9;1838,-5,1;1848,8,-4;1856,8,3;1868,15,-1;1900,28,-8;1910,7,-3;1912,3,16;1918,2,2;1932,8,-3;1950,17,-2;1964,15,28;1972,15,-20;1976,2,6;1982,2,9;1984,6,-15;1988,-352,-48;2012,370,70;2040,25,4;2044,17,-4;2046,0,-6;2052,9,-5;2070,12,12;2082,7,24;2088,9,-5;2090,0,0;2094,17,-17;2100,-11,9;2110,13,3;2116,1,3;2140,-3,16;2168,43,-4;2174,4,-2;2465,267,67;2475,12,7;2481,-4,-5;2483,4,3;2489,9,6;2503,10,-1;2517,14,2;2525,6,-4;2527,4,1;2533,2,2;2545,11,4;2553,13,6;2557,5,-7;2571,6,2;2573,7,-2;2583,12,5
rua|major|claudiano|cidade nova|14401082|2688,-2053000,-4739892;2698,5,1;2708,11,2;2714,5,3
rua|major|claudiano|franca|14400690|1361,-2053287,-4739959;1907,-403,-85;1913,3,5;1915,0,-9;1929,9,5;1933,9,3;1945,7,-5;1949,1,-2;1959,-4,-4;2001,57,11;2015,27,3;2041,16,22;2065,22,-1;2067,-5,6;2075,12,-5;2081,10,5;2087,2,-2;2097,1,-3;2101,6,-5;2115,19,4;2129,11,13;2139,6,-5;2153,-2,-3;2157,19,16;2173,-3,-6;2175,1,0;2177,-15,11;2185,36,-10;2197,8,1;2209,22,12;2219,1,1;2235,16,-4;2241,10,10;2245,3,-4;2249,2,-2;2253,2,1;2257,9,3;2259,0,38;2263,3,-24;2281,18,-3;2291,-3,-11;2295,7,11;2299,22,17;2320,-7,-16;2323,17,4;2336,-1,0;2341,8,0;2347,9,-3;2352,-1,-2;2354,4,13;2359,8,-10;2360,-1,2;2364,-2,6;2365,4,-3;2366,0,3;2367,5,4;2368,0,2;2369,1,-6;2370,4,2;2377,-2,-4;2378,3,4;2379,-6,-3;2380,10,2;2381,-7,-2;2383,8,6;2385,0,-7;2386,4,3;2389,3,1;2391,6,1;2397,5,10;2399,0,-6;2402,-6,-10;2407,9,8;2410,4,9;2411,0,-9;2415,8,5;2420,-1,2;2421,1,-4;2423,10,0;2424,-4,3;2425,4,-4;2432,2,5;2433,2,-5
rua|major|claudiano|vila duque de caxias|14400690|2605,-2053072,-4739909;2609,-1,4;2615,4,-4
rua|marechal|caxias|centro|14400600|2158,-2053389,-4740391;2166,6,5;2172,2,2;2180,9,0;2183,11,-1;2190,0,5;2193,7,4;2201,3,-3;2205,8,5;2215,6,5;2218,-8,-5;2224,12,1;2227,4,7;2232,9,0;2239,-10,3;2275,47,16;2311,25,16;2323,9,-1;2331,3,0;2341,10,5;2355,10,1;2369,15,11;2379,9,1;2391,11,6;2401,14,0;2411,14,18
rua|marechal|caxias|franca|14400600|1082,-2053414,-4740415;1970,-146,-46;2011,45,15;2019,9,10;2047,26,1;2066,13,9;2070,2,16;2073,1,-13;2078,6,4;2081,3,1;2085,4,2;2088,0,0;2100,12,11;2107,10,-7;2112,-6,7;2278,138,55;2280,3,-5;2286,10,5;2288,8,2;2298,3,8;2320,23,12;2330,3,-3;2340,-5,2;2356,22,12;2362,14,5;2376,7,3;2384,1,5;2394,21,4;2406,3,-4;2428,21,20;2438,13,-7
rua|marechal|caxias|vila duque de caxias|14400600|2460,-2053135,-4740272;2464,9,-12;2472,6,15;2475,0,-8;2487,6,7;2493,7,3;2502,11,10;2507,8,-6;2512,-2,8;2515,9,-5;2526,1,5;2533,13,3;2534,-4,2;2542,6,-3;2545,8,4;2555,8,4;2558,-3,-5;2566,1,14;2567,13,-2;2573,5,2;2576,-9,-9;2578,-10,-3;2583,28,12;2586,-4,3;2593,14,4;2596,-7,-3;2613,17,8;2617,4,3;2618,-1,4;2623,11,3;2626,-5,0;2635,10,-4;2638,-2,6;2640,7,2;2641,3,3;2648,6,1;2655,1,2;2660,13,22;2665,-10,-21;2675,14,6;2678,7,1;2681,-3,4;2685,-4,-2;2690,8,-2;2695,9,7;2698,0,-5;2704,11,8;2705,-3,-6;2709,2,5;2717,8,3;2720,17,22;2725,-9,-17;2728,1,2;2735,6,-1;2745,4,2;2785,41,17;2797,7,1;2807,4,-1;2808,10,7;2815,0,0;2823,10,4;2829,6,0;2834,-3,35;2835,4,-36;2843,13,8;2859,11,15;2861,-7,-6;2864,7,3;2872,7,-8;2875,1,11;2885,12,5;2888,0,-7;2898,12,3;2903,1,7;2922,14,11;2934,8,6;2948,7,12
rua|padre|alonso ferreira carvalho|residencial paraiso|14403164|2300,-2056271,-4739993;2301,-18,-6;2311,0,-20;2321,-7,-3;2323,2,9;2329,-5,-14;2331,-5,-3;2341,-8,-9
rua|padre|armando geraldo martins coelho|vila santa gianna|14412163|3115,-2054042,-4736176;3135,-16,10;3145,-4,6;3155,-8,5;3165,-9,9;3171,-11,-1;3175,-5,12;3195,-24,23;3205,13,-11;3215,-6,-1;3225,-11,12;3235,-6,3;3255,-11,13;3265,-9,10
rua|padre|conrado|jardim california|14405275|435,-2053868,-4741675;445,11,1;453,23,-50;455,3,5;457,-11,14;459,1,5;461,3,8;463,-4,22;475,12,2;485,8,3;495,7,2;499,1,0;509,11,4;521,3,3
rua|padre|conrado|jardim conceicao leite|14405275|1666,-2052850,-4741398;1670,-3,-5;1671,11,-13;1680,2,14;1681,8,-10;1706,22,14;1713,13,-14;1716,1,18;1723,9,-13;1739,14,-2
rua|padre|conrado|jardim integracao|14405275|1758,-2052755,-4741405;1768,12,8;1778,5,-8;1788,10,0;1806,12,2;1866,41,5
rua|padre|conrado|vila nova|14405275|1044,-2053323,-4741528;1053,13,-2;1057,-19,1;1063,19,1;1064,-6,2;1074,7,3;1079,31,-1;1082,-24,3;1087,13,-7;1090,-6,12;1096,4,-3;1106,11,2;1112,7,8;1116,4,0;1117,-1,-12;1126,10,17;1127,-5,-13;1132,3,9;1135,12,-8;1146,12,18;1160,14,-2;1172,0,-4;1175,6,6;1179,2,2;1182,1,-6;1190,11,4;1193,0,-3;1196,4,17;1200,4,-7;1207,8,-5;1212,0,8;1216,12,-5;1221,7,1;1224,-7,10;1226,13,1;1229,-2,-10;1266,20,22;1270,10,-1;1276,2,2;1284,8,-5;1294,11,1;1310,8,12;1326,8,2;1330,7,-1;1338,13,3;1350,17,-3;1360,3,9;1380,14,8;1381,9,-17;1390,2,20;1397,14,-10;1405,13,1;1410,-8,15;1415,11,-11;1420,1,10;1427,10,-3;1430,3,1;1471,33,3;1510,19,13;1513,15,-6;1514,-6,8;1518,7,1;1523,10,-3
rua|padre|conrado|vila santos dumont|14405275|387,-2053915,-4741682;397,11,-6;420,12,20;430,10,2;444,14,0;454,9,4;468,10,0;482,14,3;492,3,4;520,28,7;547,32,-2;551,11,-4;564,14,21;565,-6,-15;595,41,12;605,2,6;621,8,-1;623,-2,2;633,9,-5;678,37,30;679,4,-15;689,12,7;696,-256,-51;700,248,60;701,20,-7;712,1,11;713,7,-10;722,4,13;725,6,-13;730,-2,8;733,5,-11;737,7,12;738,-36,-3;741,73,71;745,-28,-73;746,-12,22;753,18,-7;754,-2,3;759,15,-6;760,-16,4;763,21,-10;765,-2,-7;768,-10,18;789,122,22;790,-98,-22;797,-1,-2;801,6,2;802,0,-1;805,5,11;809,7,-3;818,8,-2;819,-7,6;823,14,-2;828,-5,-2;829,9,0;833,4,-7;835,-2,2;836,0,6;843,7,-8;849,24,11;851,-1,1;852,-24,-1;860,0,0;863,11,-3;864,0,4;865,12,0;867,-2,-5;875,13,16;876,-10,-1;885,19,-8;886,-8,-6;892,8,18;893,10,5;910,27,3;917,-19,-15;930,28,11;931,-12,-2;935,2,4;941,6,-8;945,7,17;947,9,-19;950,-4,3;954,8,-3;955,-2,11;957,-1,0;962,2,7;967,1,2;972,11,-9;973,6,4;980,0,13;983,-1,-6;987,2,-1;990,2,44;998,7,-6;1001,1,-41;1011,12,6;1014,0,36
rua|pastor|alcindo catita|vila nossa senhora das gracas|14407804|500,-2047623,-4743556;505,-8,4;510,2,-14;515,-3,5;520,4,-16;525,-4,7;530,-3,-16;535,-3,9;540,11,-20;545,-11,8;550,2,-14;555,-8,10;560,2,-18;565,-1,6;570,-2,-5;575,-4,-2;580,4,-17;585,-22,-65;590,21,56;595,-11,5;600,6,-7;605,-4,-4;610,1,-12;615,2,8;620,0,-15;625,-4,3;630,-1,-8;635,-2,5;640,3,-16;645,-9,1;650,1,-11;655,-2,4;660,2,-17;665,32,142;670,-38,-144;675,-5,4;680,5,-18;685,-6,9;690,3,-16;700,-1,-1;710,-8,-14;720,5,-3
rua|pastor|paulo fernandes de carvalho|chacara sao paulo|14406608|850,-2052644,-4744388;860,12,12;880,6,2;890,11,0;910,8,1;920,10,3;930,5,0;940,5,0;950,8,-2;960,10,2;970,4,2;980,10,-1;990,5,2;1000,5,4;1010,11,9;1020,5,13;1030,9,13;1040,6,42;1050,12,-69
rua|pastor|paulo fernandes de carvalho|residencial santa clara|14406772|849,-2052644,-4744387;861,0,8;871,7,-12;891,18,13;901,7,2;911,4,-1;921,6,1;931,15,-2;941,3,-1;951,5,4;961,11,-8;971,2,4;973,9,4;981,-2,5;991,12,-4;1001,6,4;1011,1,4;1021,18,-1;1031,-1,-2;1041,8,17;1051,7,-13
rua|professora|cenira figueiredo do carmo|jardim palmeiras|14406712|1635,-2052229,-4743933;1636,0,8;1640,4,-5;1645,7,-4;1650,-3,4;1655,13,-3;1660,-6,2;1663,15,0;1664,-8,0;1665,4,-2;1670,-1,-1;1675,11,-2;1680,2,3;1685,5,-7;1690,-1,3;1692,5,1;1700,16,0;1720,37,-4;1730,-1,-8;1750,35,-5;1755,3,-11;1760,2,10;1763,6,-10;1765,-2,0;1770,8,8;1775,2,-8;1785,14,-6;1790,7,10;1795,3,-19;1817,17,1;1819,0,2;1825,4,5;1827,7,-8;1830,-2,10;1832,11,-2;1835,-7,-24;1837,13,12;1840,-3,13;1842,-2,4;1845,2,-16;1847,4,1;1850,0,9;1855,3,-10;1870,26,4;1880,8,-6;1883,-8,-3;1885,10,-2;1890,4,6;1892,1,2;1900,10,-5;1945,36,-12;1955,9,-4;1963,10,-3;1965,4,-2;1975,7,-1;2069,-58,22
rua|professora|cenira figueiredo do carmo|jardim palmeiras|14406715|1940,-2051911,-4743997;1950,0,0;1960,10,1;1970,8,0
rua|professora|jenny de oliveira caetano|pq dos ypes|14410780|2,-2047442,-4732381;4,49,23;18,48,5;110,-902,-693;120,-28,-32;131,150,134;141,-258,-234;231,7,4;281,41,35;318,558,527;326,-96,-95;331,-462,-424;396,574,520;475,348,231;541,-749,-607;621,57,35;690,45,68;692,33,40;694,18,8;731,-30,-42;751,37,52;830,49,54;831,-25,-37;930,72,82;931,2,-21;940,13,27;1231,244,205;1465,208,137;1470,4,7
rua|professor|alcides correa|jardim noemia|14403772|4940,-2056149,-4736890;4950,-9,0
rua|professor|alcides correa|jardim noemia|14403778|4530,-2055745,-4736727;4540,-7,-2;4550,-11,-4;4560,-7,-2;4570,-25,-5;4580,4,5;4586,-9,-6;4590,-8,-3;4600,-9,-2;4610,-6,-4;4616,-2,0;4620,-6,-6;4630,-16,-7;4648,-17,-5;4650,-13,-5;4660,-5,0;4670,-12,-6;4680,0,1;4710,-26,-20;4720,-6,-2;4724,-4,3;4726,-2,0;4730,-9,-8;4740,-8,-4;4750,-16,-4;4760,-1,1;4768,-6,0;4770,-5,-12;4780,-15,-3;4790,-9,2;4800,-10,-3;4810,-11,-4;4820,-8,5;4830,-7,-17;4840,-12,-2;4850,-11,1
rua|professor|laerte barbosa cintra|jardim america|14401269|325,-2053255,-4739037;329,-89,-107;339,11,1;501,15,-34;511,3,-16;521,17,97;531,4,1;541,43,56;551,-23,-40;571,10,16;601,2,14;611,13,9;631,8,16;651,48,37;661,7,6;671,-10,18;681,25,-2;691,-3,11;701,11,10;711,17,14;721,6,5;731,13,13;754,9,21;756,2,0;764,-4,8;765,18,-6;774,-1,8;775,7,-7;784,-9,12;785,17,-1;788,-14,4;789,17,7;792,-7,0;796,-5,14;799,19,-18;800,-26,28;809,28,-26;810,-25,20;813,59,22;816,-41,-27;822,15,7;823,0,-10;833,9,12;843,6,10;873,24,22;889,2,-2;899,8,12;929,2,39
rua|professor|laerte barbosa cintra|residencial baldassari|14401269|322,-2053357,-4739146;324,1,1
rua|professor|nelson camargo|jardim noemia|14403680|4951,-2056118,-4736999
rua|professor|nelson camargo|jardim noemia|14403772|4891,-2056071,-4736977;4901,4,-5;4911,-3,2
rua|professor|nelson camargo|jardim noemia|14403776|4530,-2055701,-4736837;4531,0,3;4540,-9,-7;4541,0,7;4550,-10,-13;4551,4,11;4555,-3,-4;4561,-8,-7;4562,-3,-2;4570,-10,-9;4571,4,10;4580,-17,-11;4581,5,9;4590,-14,-14;4592,-12,-1;4600,-4,-5;4601,2,10;4610,-8,-8;4611,-2,0;4620,-12,-2;4621,7,0;4628,-13,-5;4630,-1,-4;4631,-4,7;4640,-5,-11;4641,4,7;4650,-13,-9;4651,2,7;4660,-12,-13;4661,7,8;4670,-15,-6;4671,-2,5;4673,6,4;4680,-16,-19;4691,-9,13;4710,5,-37;4720,-39,5;4730,-10,-2;4731,8,14;4736,7,-8;4741,-21,1;4748,-5,-9;4750,1,-4;4751,4,-3;4760,-19,6;4761,0,-4;4770,-8,3;4771,-2,-6;4780,-9,-8;4781,3,7;4782,2,-5;4783,-12,-3;4785,9,-8;4787,-17,8;4790,3,-3;4791,-1,19;4792,6,-19;4794,14,-16;4796,-1,-6;4800,-26,16;4802,-13,-4;4804,6,4;4806,13,1;4810,-24,-5;4815,-8,-2;4830,-3,2;4831,-3,2;4840,-6,-17;4841,-3,8;4850,-11,0;4851,-7,1;4860,-7,-15;4900,-28,-9;4912,6,1
rua|santa|catarina|jardim bethania|14401351|650,-2052251,-4738130;660,-8,3;690,71,-7;730,-185,15
rua|santa|catarina|parque vila izabel|14401351|603,-2052175,-4738131;653,-116,8;691,-14,5;723,-62,4;733,-14,8;893,186,-19;2148,-43,4
rua|santa|catarina|santo agostinho|14401351|1310,-2052866,-4738081;1315,-8,9;1320,-9,-8;1325,-13,14;1330,0,-13;1345,-4,10;1360,-32,-2;1370,-11,-4;1380,-16,1;1384,12,4;1390,-20,-7;1410,-17,3;1415,-10,11;1425,-7,-2;1430,-1,4;1435,-9,0;1436,19,-9;1445,-27,16;1465,-22,-5;1475,-13,-1;1520,-61,-39;1530,-12,-3;1540,-16,0;1570,-32,54;1575,-3,-8;1580,-1,-4;1585,-9,12;1595,-16,0;1615,-15,2;1620,-9,8;1625,0,-6;1635,-12,4;1640,-4,-1;1645,-13,2;1660,-13,-11;1665,-8,9;1670,-6,-6;1675,0,6;1680,-9,2;1685,-2,4;1690,-13,-13;1695,-5,14;1715,-12,-2;1735,-29,4;1775,-47,0;1777,-4,-2;1785,-11,5;1795,-18,26;1815,-15,-18;1845,-37,4;1865,-21,1;1875,-9,-4;1880,-12,-6;1885,1,7;1889,-11,5;1890,-6,-12;1900,-9,3;1910,-8,6;1915,-7,-3;1920,-9,1;1925,2,6;1930,-6,-12;1935,-11,3;1940,-3,8;1945,-6,0
rua|santa|catarina|vila aparecida|14401351|802,-2052465,-4738116;813,-4,1;817,-7,-2;821,-3,5;823,-2,5;825,0,0;830,3,-6;831,-4,4;833,-11,5;840,-5,-6;842,12,-2;843,-14,9;844,2,-5;848,-12,-1;851,-5,8;858,-1,-9;859,3,9;868,-5,-5;919,-40,7;931,-21,3;941,0,1;945,-14,-1;951,0,2;957,-8,-1;959,3,1;964,-2,-12;965,-8,15;967,3,-3;969,-3,3;971,-3,-9;973,4,3;974,1,-2;975,-3,-2;977,-3,0;979,0,6;983,-8,1;984,-3,-6;985,0,8;987,-1,-1;989,-8,-5;1007,-14,8;1050,-43,-3;1052,9,2;1054,-10,2;1055,-14,0;1060,12,-3;1062,-5,1;1070,-6,-8;1075,-41,13;1080,35,-4;1110,-19,1;1125,-55,5;1127,-5,4;1137,-3,2;1147,-4,1;1157,-8,0;1160,3,-11;1167,-16,10;1177,-9,1;1183,-7,0;1189,-9,2
rua|santa|cecilia|residencial santa clara|14406551|2198,-2052906,-4744293
rua|santa|cecilia|residencial santa maria|14406551|570,-2052923,-4744238;1998,-21,52;2008,-3,4;2018,3,11;2028,-5,6;2042,-2,16;2048,-10,15;2078,10,-23;2170,24,-80;2178,7,11;2321,22,-81;2991,0,-1;2993,-4,1;3001,14,3
rua|santa|clara|jardim sao gabriel|14406554|2381,-2052935,-4744390;2391,-2,-6;2401,-1,-7;2403,-5,0;2411,-7,-8;2421,2,-13;2431,-8,0;2441,-7,-8;2451,-10,-6;2461,4,-3;2471,-6,-3;2481,-9,-1;2491,1,-10;2501,-6,-10;2511,-4,-5;2521,-2,-5;2531,-8,-9;2541,-8,-3;2551,-6,-5
rua|santa|clara|residencial santa clara|14406554|2017,-2052827,-4744112;2027,-3,-2;2037,6,-9;2041,0,-13;2057,3,-5;2067,5,-10;2107,-4,-4;2109,-4,15;2117,5,-22;2125,0,-18;2127,-6,14;2135,10,-18;2137,-5,-10;2147,0,-8;2177,-7,-14;2181,-6,-14;2191,-1,-8;2201,4,1;2211,-10,-14;2221,-3,-2;2231,-2,-11;2241,-4,-6;2251,-8,-14;2261,7,15;2271,-11,-17;2281,-4,-8;2291,-10,-10;2301,1,-9
rua|santa|clara|residencial santa maria|14406554|2038,-2052817,-4744110;2048,0,-12;2058,1,-2;2068,3,-8;2078,0,-6;2098,5,-9;2108,-3,-8;2118,0,-5;2128,10,-9;2138,-1,-8;2148,-2,-11;2158,-2,-7;2168,-1,-6;2170,-2,-4;2178,-3,-9;2192,-7,-22;2202,-9,-7;2212,-4,-8;2222,-4,-5;2232,-6,-9;2242,-2,-4;2252,-8,-8;2262,-1,-7;2272,-3,-4;2282,-6,-5;2292,-2,-13;2302,-4,-3;2312,1,-6;2322,-1,-6;2331,-21,-19;2332,22,3;2342,-13,3;2352,-5,-9;2422,-73,-81;2432,-11,-13;2442,2,-8;2452,-8,-5;2462,-3,-6;2472,-8,-14;2474,2,0;2482,-8,-10;2492,-10,-4;2502,-2,-8;2512,-4,-10;2571,-26,-21;2581,1,0;2591,-5,-8;2601,-7,-3;2611,-6,-11;2619,2,-8;2621,-6,8;2631,-2,-13;2641,-9,3;2651,-3,-6;2661,-1,-11;2671,-6,-14;2681,-4,-4
rua|santa|clotilde|residencial santa clara|14406553|2036,-2052867,-4744116;2048,3,-13;2058,1,-4;2068,-2,-9;2078,-1,-4;2088,6,-3;2108,4,-14;2118,-4,-7;2128,4,-9;2138,-1,-5;2148,1,-10;2158,-6,-2;2168,1,-8;2178,2,-10;2202,-15,-5;2210,5,-5;2212,1,-4;2220,-6,2;2222,-1,-7;2232,-9,0;2242,6,-12;2252,-9,-5;2254,-2,-2;2262,-5,-2;2272,-2,-10;2274,0,0;2282,-2,-7;2292,0,-5;2302,-2,-3
rua|santa|clotilde|residencial santa maria|14406553|2091,-2052871,-4744110;2101,0,-14;2111,1,-7;2121,7,-14;2131,1,-4;2141,-3,-10;2151,3,-11;2161,-4,-3;2171,4,-11;2181,0,-13;2191,-4,-11;2201,-9,4;2211,3,-10;2221,-6,-16;2231,-6,-2;2241,-8,-6;2251,-1,-7;2253,-1,-3;2261,-2,-9;2271,-17,-7
rua|santa|cristina|residencial santa maria|14406552|525,-2052909,-4744125;2048,-5,-2;2058,-2,-7;2068,3,-12;2079,-10,18;2081,1,-11;2088,12,-16;2098,1,-5;2099,-9,1;2108,8,-8;2128,-1,-24;2138,2,-5;2139,-12,5;2148,3,-6;2158,-4,0;2168,-1,-8;2170,-2,0;2278,0,-18
rua|santa|cristina|residencial sao gabriel ii|14406552|529,-2052953,-4744227
rua|voluntario|adriano cintra|jardim martins|14406650|1310,-2052362,-4743100;1312,10,-8;1320,3,-2;1330,3,-12;1340,6,-11;1346,0,-3;1350,12,-7;1380,17,-36;1400,6,-6;1410,14,-13;1440,9,-26;1446,8,-2;1450,10,-1;1460,4,-21;1462,3,-3;1490,11,-14;1510,13,-16;1516,0,-13;1520,-8,-7;1580,42,-29;1590,5,-8;1596,2,-5;1600,5,-3;1630,21,-15;1632,-10,-5;1640,10,-12;1650,-10,-18;1652,4,2
rua|voluntario|adriano cintra|parque continental|14406650|1049,-2052554,-4742952;1059,3,-2;1061,-1,3;1069,10,-9;1077,9,-5;1079,6,-1;1089,4,-2;1099,8,-9;1109,8,-2;1115,7,2;1119,-3,-1;1125,8,-4;1129,2,-1;1139,13,-13;1149,8,-1;1156,35,-19;1157,-32,17;1159,1,0;1169,9,-7;1179,5,-5;1186,32,-22;1188,4,-3;1189,-36,24;1197,11,-4;1198,24,-18;1199,-16,10;1200,23,-14;1209,-22,9;1211,17,0;1219,-8,-14;1229,-5,5;1239,16,-18;1247,4,-10;1250,12,6;1253,-8,-10;1269,5,-6;1270,9,-11;1279,-1,-1;1289,6,-16;1299,14,-9;1301,-4,-1;1309,3,-1;1319,10,-8;1329,-31,-27;1339,45,6;1349,6,2;1351,0,1;1359,37,-63;1361,-13,20;1369,-14,22;1371,-2,0;1379,2,-11;1387,12,-14;1397,-1,-9;1407,6,-2;1419,13,-6;1421,-11,-6;1451,4,-49;1461,36,2;1471,3,-6;1475,7,-6;1491,6,-3;1495,0,-8;1501,3,-2;1511,1,-5;1521,14,-20;1657,69,-113;1667,17,-2;1669,-14,5;1677,3,-15;1679,8,0;1689,7,-4;1699,4,-6;1711,7,-6;1713,0,-6;1715,2,-4;1743,29,-23;1745,-2,-1;1747,2,-3;1751,-1,-8
rua|voluntario|adriano cintra|residencial engenho queimado|14406650|1730,-2052106,-4743480;1750,15,-13;1760,7,-9;1766,-3,2;1770,2,-12;1774,27,-1;1780,-20,-6;1790,3,-10;1800,14,-23;1810,-3,10;1812,1,5;1820,-3,5;1830,20,-28;1832,-5,6;1860,30,-27
rua|voluntario|adriano cintra|vila nossa senhora de fatima|14405352|737,-2053063,-4741845;749,8,-5;750,3,5;759,-2,-12;760,-2,4;769,2,-15;791,5,-22;792,1,8;800,1,-17;805,-1,4;807,1,-12;808,0,3;815,2,-11;838,5,-10;844,3,-11;850,2,-4;851,-5,-10;864,13,-2;865,-1,5;870,4,-20;875,-3,-3;880,3,-3;885,-2,-9;890,5,2;895,-1,-9;900,1,1;905,-6,-10;928,14,-12;932,-3,-7;936,5,-10;937,-4,3;948,1,-22;952,8,3;953,-5,11;960,3,-16;963,0,-6;992,13,-18;997,-18,4;1002,15,-12;1005,-3,-5;1012,9,-13;1017,-10,-1;1022,12,-8;1055,1,-22;1061,-1,-17;1073,1,-5;1076,12,-11;1090,19,14;1092,-25,-10;1099,-6,-4;1145,18,-56;1155,8,-10;1165,-1,-5;1169,0,-7;1173,0,0;1174,48,23;1178,6,2;1179,-56,-30;1183,0,-12
rua|voluntario|adriano cintra|vila nova|14405352|205,-2053184,-4741336;211,2,-11;212,-2,7;219,6,-16;221,-4,0;223,0,0;224,8,-3;227,-6,-5;245,9,-22;249,6,-12;253,2,-3;266,2,3;271,-9,-7;275,8,-6;276,-2,7;281,0,-9;286,4,-1;295,-2,-17;298,3,6;310,3,-14;315,4,5;325,-4,-19;328,7,-5;335,1,-14;336,-3,9;363,11,-27;371,-2,-8;377,0,0;385,6,-11;386,6,-2;388,-4,5;391,-3,-23;392,6,13;396,0,0;404,5,-16;407,-8,-1;412,6,-3;422,3,-13;426,-1,-3;438,4,-4;441,3,-6;448,1,0;449,-3,-11;458,-3,-10;1270,-50,223
rua|voluntario|adriano cintra|vila sao sebastiao|14406650|126,-2052466,-4742990;333,-462,621;343,-1,-11;345,7,-16;350,-4,29;355,5,-34;376,-5,14;390,17,-21;393,-15,-8;400,4,3;404,1,0;408,1,-10;410,1,1;414,2,-7;416,4,-1;417,-7,-8;428,11,-4;448,82,-556;458,1,2;459,-86,528;468,100,-522;469,-88,515;474,94,-513;477,-93,503;478,7,-7;479,-8,7;484,97,-501;487,-96,490;488,9,8;494,96,-500;497,-101,482;498,4,-1;508,0,-7;518,5,-9;520,-9,-29;525,6,27;529,0,-2;539,-12,-27;548,21,-21;549,-4,3;554,8,-3;559,-12,-6;561,3,-2;564,10,0;565,7,-11;568,-5,6;570,90,-101;571,-98,90;576,9,12;600,25,-37;606,-3,8;613,-2,3;615,-8,-9;620,13,-6;625,-2,-5;628,18,-3;634,2,0;639,109,-146;645,-110,139;649,116,-141;667,-95,116;671,-1,-1;684,15,-2;689,6,-12;692,-1,-2;700,11,-1;710,6,-8;712,1,2;718,161,-212;840,-105,116;841,0,-4;843,6,-12;845,3,-5;849,0,-3;854,33,-21;859,-33,14;861,10,7;869,0,-8;871,4,-6;879,6,-5;889,7,-8;891,2,-2;899,-2,5;901,11,-7;929,20,-32;939,5,-3;940,0,-2;949,6,-3;958,14,-1;959,-2,-13;967,9,-1;969,2,-2;979,2,-12;981,0,0;989,8,-1;991,-3,-7;999,5,-1;1009,9,-5;1011,5,-5;1019,7,-1;1046,31,-17;1048,-4,4;1114,68,-32;1116,12,-7
rua||abilio coutinho|sao joaquim|14406352|971,-2053633,-4742862;981,-1,0;991,6,-14;993,77,-74;1001,-1,0;1011,0,0;1021,-59,49;1031,57,-51;1041,0,0;1051,0,0;1061,0,0;1071,0,0;1081,0,0;1083,3,2;1085,-22,7;1091,19,-9;1101,-1,0;1111,6,-11
rua||abilio coutinho|sao joaquim|14406355|191,-2054191,-4742260;201,9,-20;203,2,0;211,2,0;221,10,-16;231,2,0;232,-11,16;234,10,5;236,-3,-1;238,13,-15;240,-9,-3;250,16,-1;260,9,-16;280,13,-14;300,17,-12;310,9,-11;320,-1,-4;331,1,-15;340,6,4;350,11,-16;387,37,-37;390,-4,4;391,9,-8;400,5,-9;401,-9,1;410,9,-3;411,0,-9;420,11,-4;430,0,-7;441,10,1;451,4,-14;460,12,-5;470,1,-5;471,6,-12;480,7,5;490,1,-7;500,14,-9;511,-1,-1;520,16,-8;521,-8,-5;530,1,-8;531,8,5;540,6,-8;541,-4,-7;550,14,-4;558,4,-1;560,2,-13;561,3,4;591,17,-24;595,-2,-2;600,38,-30;601,-42,29;610,42,-29;611,-15,13;620,12,-8;621,-35,26;630,36,-28;631,-35,22;640,33,-22;641,-2,-6;651,13,-12;660,-6,15;661,15,-22;670,-19,28;671,20,-34;680,16,-6;681,-5,-4;682,10,2;690,-8,3;710,24,-21;720,7,-12;721,-8,3;731,9,-4;741,-1,-9;750,8,-2;751,2,-4;760,-2,5;761,6,-16;771,4,-5;780,31,-17;781,-27,15;800,25,-26;810,17,-12;811,-8,-2;820,16,-7;821,-3,-6;823,0,9;831,1,-13;840,10,-3;841,-3,-5;851,6,-6;860,21,-1;861,-15,-3;870,12,-2;871,-4,-4;880,13,-3;881,-2,-5;890,12,0;891,-9,-4;900,7,-3;901,-2,-4;910,14,-8;911,-8,7;920,11,-9;921,-6,-6;924,6,1;930,13,-8;940,0,1;941,-4,-7;970,39,-25;980,3,-8;990,12,-12;1000,8,-9;1002,-3,-4;1010,8,0;1020,6,-10;1030,9,-7;1032,-10,7;1040,15,-18;1050,10,-3;1052,-40,41;1060,41,-47;1062,-26,31;1070,36,-39;1080,2,-8;1082,0,0;1090,2,-5;1100,8,-7;1120,1,4;1140,40,-44;1150,-85,-68;1160,98,53;1161,-7,-8;1170,14,-1;1171,-10,-3;1178,-15,21;1180,-25,-48;1181,41,23;1190,32,-15;1191,-20,6;1201,11,-5;1210,9,-1;1211,0,-9;1220,10,-2;1221,-10,0;1223,-128,-13;1231,129,4;1240,27,-21;1241,-16,12;1251,2,1;1261,15,-6;1263,-1,2;1271,7,-17;1281,11,-1;1291,0,-7
rua||adriano carlos cardozo|jardim eldorado|14406680|1135,-2051982,-4742923;1145,7,-5;1155,5,-8
rua||adriano carlos cardozo|jardim martins|14406680|380,-2051920,-4742971;1185,-5,8
rua||adriano cintra|vila nossa senhora de fatima|14405352|503,-2053106,-4741621;513,14,-5;517,0,0;527,-13,-16;529,-6,-9;543,10,-9;545,4,-1;547,-4,4;551,1,-2;553,-2,-4;555,3,-4;567,-1,-17;568,7,1;577,-5,-6;589,16,-8;615,-2,-18;618,-2,-14;622,6,-3;624,21,0;630,9,4;632,-1,4;635,-31,-13;636,-1,-1;643,6,-12;646,-1,4;651,6,-69;656,0,59;658,21,3;659,-67,-25;666,45,9;671,7,17;676,-8,-27;680,8,-10;682,-5,6;691,0,-21;698,2,9;699,1,-14;700,-5,2;711,7,-4
rua||alaide rodrigues chagas|santo agostinho|14401334|1016,-2053511,-4738216;1026,6,24;1036,-4,11;1070,2,38;1086,8,20;1096,-3,14;1160,0,77;1196,5,36;1205,0,4;1206,4,0;1207,-7,13;1215,8,12;1235,6,10;1245,2,19;1255,-1,4;1275,-4,24;1276,0,5;1277,0,-17;1279,8,21;1281,0,0;1285,2,8;1286,-8,1;1295,3,7;1296,-2,2;1860,-8,-220
rua||alaide rodrigues chagas|sao jose|14401334|875,-2053516,-4738388;885,-4,12;895,9,12;900,-7,-10;905,1,24;915,-2,4;920,-10,2;930,12,-4;935,-1,29;945,9,4
rua||alberto carraro|jardim tropical|14407074|682,-2050471,-4741601;690,13,-7;691,0,7;693,0,-14;700,5,4;701,-4,-10;710,15,-3;711,-14,4;714,9,-5;718,4,-5;720,12,4;721,-19,-12;729,1,-6;730,9,2;731,-10,-1;740,10,3;741,-3,-1;750,9,-20;751,-5,0;760,3,-13;761,0,5;770,4,-7;771,2,-2;780,14,2;781,-10,-10;790,4,-13;791,2,5;800,4,-13;801,-6,12;810,8,-23;811,0,24;820,4,-20;821,-7,-7;830,15,-11;831,-1,9;840,4,-10;841,-2,-12;843,-1,4;850,6,-7;851,-2,2;860,19,-15;861,-19,6
rua||alceu domingos de castro|parque esmeraldas|14406176|111,-2054285,-4745853;120,-16,-2;131,13,2;160,12,15;161,5,3;170,5,4;171,8,-9;180,3,10;181,0,-5;190,6,11;191,6,0;200,-3,15;201,53,2;210,-39,-8;211,8,-9;220,0,4;221,11,0;230,-2,5;231,8,1;240,9,11;241,-1,-13;251,7,13;260,1,5;261,6,-14;270,-3,13;271,10,-2;280,6,6;281,8,-9;290,2,11;291,3,3;300,1,2;310,8,5;311,4,-1;321,24,6;331,-7,-5
rua||alcides carucci|jardim bonsucesso|14406586|3730,-2052753,-4745004;3740,-12,-7;3741,-6,1;3750,0,-9;3751,-11,3;3760,4,-10;3761,-10,0;3770,1,-5;3771,-9,0;3780,5,-10;3781,-8,4;3790,-2,-11;3791,-1,8;3800,-8,-14;3801,-4,8;3810,1,-14;3811,-5,3;3820,-5,-10;3821,-3,1;3830,1,-3;3831,-8,-2;3840,5,-2;3841,-12,-5;3850,10,-13;3851,-15,7;3860,3,-10;3861,-7,6;3870,5,-10;3871,-13,-6;3880,4,-3;3881,-11,1;3890,7,-3;3891,-16,-3;3900,8,-10;3901,-9,-1;3910,-5,-4;3911,0,3;3920,2,-7;3921,-13,-1;3931,-4,-4;3941,-8,-14;3951,-5,0
rua||alfredo casale|jardim derminio|14406515|1003,-2053073,-4743076;1005,1,-13;1011,6,-10;1021,5,-11;1031,-9,-6;1041,6,-13;1051,9,0;1061,-1,-12;1071,0,-9;1081,8,-11;1090,3,8;1091,-4,-19;1101,1,-12;1111,10,-4;1121,-3,-13;1131,7,-6;1139,7,-19;1141,-10,11;1143,1,-2;1155,6,-11;1165,6,-12;1171,8,-8;1181,-4,-9;1220,14,-44;1230,2,-3;1231,-6,-3;1240,9,-13;1250,0,1;1260,3,-20;1270,6,-5;1279,-11,26;1280,22,-37;1281,-10,1;1290,-4,-3;1300,8,-17;1301,-18,-2;1310,24,-8;1311,-15,0;1315,3,0;1320,12,-9;1321,-8,5;1330,6,-7;1331,-5,-6;1336,9,-6;1340,1,-2;1341,-7,5;1410,27,-86;1420,3,11;1421,-10,-4;1424,6,-10;1430,14,-8;1431,-15,-1;1440,21,-37;1441,-33,23;1443,22,5;1450,6,-14;1451,-11,2;1460,-5,23;1470,25,-32;1471,-5,-2;1480,4,-7;1481,-9,-4;1482,13,-8;1490,-2,-1;1491,-4,-2;1493,-4,-6;1500,7,-6;1501,-6,2;1510,12,-8;1511,-7,2;1520,9,-11;1521,-3,3;1530,4,-11;1531,-5,-5;1540,-2,-3;1541,6,-6;1550,13,-6;1551,-16,0;1560,7,85;1561,1,-100;1570,3,0;1571,-3,-5;1573,6,-4;1580,4,-5;1581,-5,-3;1590,-1,0;1591,3,-5;1593,-4,-4;1595,4,6;1600,5,-5;1601,3,0;1611,11,-26;1630,0,-11;1631,-5,-8;1640,-1,-4;1641,3,-2;1650,8,-12;1651,-8,4;1660,19,-41;1661,-18,33;1670,18,-15;1671,-3,-5;1680,0,-7;1681,-7,1;1688,9,-9;1690,1,1;1691,-8,6;1700,14,-8;1701,-5,1;1702,2,-8
rua||alfredo casale|vila pedigoni|14406515|712,-2053142,-4742801;718,2,-13;728,3,-7;738,3,-9;748,2,-5;758,4,-12;764,2,-9;768,-7,4;776,9,-13;778,4,-2;780,-4,-2;782,3,-6;784,-2,4;790,5,-7;798,-2,-2;808,4,-17;818,5,-17
rua||alfredo casale|vila rezende|14406515|432,-2053212,-4742541;434,-1,-5;440,1,-5;443,-4,-40;444,6,33;450,-1,-1;454,6,-7;463,-9,-30;464,10,25;466,-1,-2;474,0,-6;476,0,-1;480,3,-11;484,4,2;533,3,-59;534,3,15;543,-3,-22;544,5,9;546,0,0;553,4,-20;554,2,5;563,-4,-16;564,10,10;573,-4,-12;574,5,2;575,-9,-10;576,8,7;583,-6,-17;584,13,11;593,-13,-7;594,14,-3;608,-1,-5;612,-1,-17;613,-7,7;616,9,0;618,3,2;624,1,-18;625,-10,7;628,7,0;631,-6,-5;635,2,-6;638,13,-1;645,-1,4;648,-2,-8;655,-5,-9;697,16,-52;709,1,-8;713,2,-13;715,3,-2;717,-6,1;727,8,-6;729,1,-7;737,4,-5;747,-3,-11;749,0,8;755,3,-18;757,2,5;767,0,-15;777,5,-8;787,2,-4;797,0,-9;799,-2,7;803,8,-36;805,4,2;811,-6,16;858,29,-48;859,-11,8;868,5,-12;869,-5,-7;873,0,-1;878,14,-5;879,-8,-4;888,6,-7;889,-8,-3;898,12,-3;900,2,-6;908,1,-7;909,-19,1;919,10,-13;929,8,-13;930,6,8;937,-7,-9;939,2,-6;940,6,13;942,2,-8;951,-5,-13;952,9,1;961,-4,-11;962,2,4;982,5,-12;991,-2,7;992,-1,-18;996,28,4;1001,-28,4
rua||alicio peres chimello|residencial sao vicente|14405582|4670,-2051031,-4740346;4680,4,24;4681,-2,2;4690,2,6;4691,6,4;4700,1,2;4701,9,4;4720,17,5;4730,-9,9;4731,35,26;4740,-24,-24;4741,2,9;4750,11,-2;4751,-6,14;4760,7,0;4761,-1,1;4770,6,5;4771,-1,-6;4780,7,9;4781,3,0;4790,7,10;4791,-7,-10;4801,18,10
rua||almerinda dominisi chiareli|jardim luiza ii|14407628|3129,-2048526,-4742370;3139,3,-8;3145,14,7;3147,6,-5;3149,-29,2;3159,5,-3;3165,2,-1;3169,10,7;3177,-7,2;3179,56,-23;3187,-4,2;3189,2,-6;3209,3,-1;3239,31,-2;3269,-2,-8;3299,6,1;3319,91,-20;3329,-132,34;3339,5,0;3347,116,-41;3349,-119,41;3359,132,-35;3369,-29,17
rua||almerinda dominisi chiareli|jardim luiza|14407651|3124,-2048541,-4742371;3134,19,-1;3136,-10,-2;3144,18,-3;3146,-1,-1;3154,17,3;3156,-4,-2;3162,6,-3;3164,1,-1;3172,9,1;3174,10,-8;3184,0,6;3194,2,-9;3196,10,-2;3204,12,-3;3206,-8,8;3212,11,-8;3214,-49,24;3224,0,-2;3226,68,-9;3234,-10,-13;3244,16,-10;3254,11,-1;3262,2,-1;3264,7,5;3274,0,0;3284,12,-5;3288,-2,0;3294,2,0;3304,18,-4;3312,16,-12;3314,-8,2;3334,10,-4;3336,-149,51;3344,167,-46;3354,0,-1;3374,19,-14;3384,10,-1;3415,-131,41
rua||aluisio horacio brigagao do couto|aeroporto ii|14404038|908,-2057846,-4737639;1230,-4,19;1231,9,5;1232,4,12;1251,-14,38;1252,-10,-4;1261,4,10;1262,-3,-4;1281,-9,56;1291,-1,3
rua||alves carrijo|aeroporto iii|14404243|2320,-2059335,-4736629;2321,11,2;2330,-16,1;2331,6,5;2334,-8,0;2344,-1,3;2350,-10,3;2353,4,7;2355,0,0;2360,-6,-2;2365,-2,8;2370,-8,-4;2375,5,8;2380,-5,-6;2390,-10,5;2392,-6,2;2395,11,6;2400,-14,-7;2410,-9,9;2412,7,0;2415,1,7;2420,-9,-5;2430,-11,7;2431,9,6;2435,4,-4;2440,-14,0;2445,-3,2;2450,-3,4;2455,-3,3;2460,-5,2;2465,2,11;2470,-8,-10;2474,-7,10;2490,-7,-3
rua||amelio borges campos|vila sao sebastiao|14406667|494,-2052839,-4742792;495,9,-20;499,11,0;500,-6,24;504,-3,3;505,20,-16;516,-8,16;518,-5,4;521,31,0;525,10,3;527,-6,0;528,-22,-5;536,13,0;540,9,9;551,14,2;553,6,2;555,-12,-4;561,17,2;603,27,3;621,20,9;639,5,-1;640,-15,14;644,16,-7;646,-3,2;649,7,-9;654,5,13;655,-6,-10;657,11,4;662,4,2;664,-7,2;665,13,-6;667,-12,5;669,5,-7;670,15,13;673,0,-9;690,24,26;695,7,-8;697,-2,-3;706,9,8;708,-3,-1;710,12,3;713,-1,-5;715,0,2;717,7,0;720,-1,9;722,0,0;723,4,-7;724,1,11;725,10,-12;726,-11,14;730,2,-3;732,13,4;734,0,0;737,2,-11;738,-7,18;743,16,-15;745,0,0;749,6,-2;754,-3,14;756,-3,0;789,113,18;797,-73,-19;798,-6,5;812,8,5;816,8,0;817,-10,-9;818,6,11;821,7,-3;823,0,-1;828,7,7;829,0,-24;830,2,18;834,7,6;838,-3,1;841,7,-7;848,6,8;851,0,-7;853,0,0;857,1,0;858,6,12;860,-4,1;861,11,-3;864,3,0;865,-2,-6;869,4,4;873,12,2;929,48,12;930,-9,17;935,11,-17;939,6,9;941,-1,-13;942,-3,19;943,9,-9;948,2,4;949,2,7;954,2,0;958,9,2;960,-4,3;964,6,-4;974,-2,-1;984,11,-1;994,17,11;996,6,3
rua||americo caravieri|jardim california|14405330|619,-2053560,-4741860;629,0,-6;632,0,0;642,-1,-10;643,15,-1;652,-6,-8;655,-2,-5;663,1,-8;666,-2,-4;671,10,-14;672,1,8;680,-5,-3;681,-2,-5;690,6,-9;691,0,-7;693,0,3;696,7,-2;699,-7,-8;705,2,-11;740,13,-13;756,3,-27;757,-8,-2;766,10,-3;767,-9,-6;776,14,-4;777,-10,-6;783,0,-2;787,5,-6;788,-2,5;797,5,-7;798,0,-3;806,3,-5;807,-1,-17;818,5,2;819,-6,-5;822,5,0;825,-8,-6;827,4,-4;828,5,9;832,-5,-10;837,3,-7;838,3,4;847,1,-7;848,9,0;870,2,-20;876,-2,-5;884,8,-13;894,0,-10;900,4,-4;904,-5,-11
rua||americo caravieri|vila raycos|14405330|695,-2053485,-4742266;869,-22,169;879,-2,-5;885,2,-6;889,1,0;895,2,-4;899,0,-11;905,4,-5;929,-3,-29;939,8,3;940,3,0;946,1,-16;949,-3,8;956,10,-13;959,-6,2;960,7,-2;962,-1,4;970,-4,-14;971,1,2;1006,16,-27;1016,0,-4;1017,-7,-8;1018,7,8;1019,-7,-7;1022,4,-7;1023,8,2;1025,-7,-11;1031,-4,-4;1032,9,-2;1033,-7,-4;1054,6,-10;1057,-4,1;1062,9,-13;1065,0,-6;1066,2,4;1072,3,-2;1073,-8,-9;1075,2,-6;1076,1,7;1083,3,-11;1086,-2,4;1093,5,-17;1096,-2,12;1117,5,-25;1118,2,1;1127,0,-11;1128,4,-6;1138,0,-4;1139,-6,-4;1141,1,-5;1143,-2,-2;1145,2,0;1147,4,-1;1149,-8,-2
rua||ana aymola chicaroni|centro|14400768|1965,-2053957,-4739726;1975,-57,255;1987,50,-231;2009,-80,236;2011,76,-217;2019,-52,211
rua||ana claudia lopes diniz coelho|jardim piratininga|14403584|4241,-2053858,-4736776;4251,0,14;4253,7,6;4269,-7,14;4271,7,5;4281,-2,7
rua||ana claudia lopes diniz coelho|piratininga|14403584|4100,-2053848,-4736909;4110,-5,11;4120,-3,8;4130,-3,14;4140,-2,4;4150,2,17;4161,10,-56;4170,-11,73;4190,6,25;4200,-2,4;4210,3,6;4220,-5,12;4230,2,8;4240,4,11;4250,-7,13;4260,-6,7;4270,5,10;4276,4,10;4280,-2,3;4290,-3,9;4296,6,5;4300,-5,5
rua||ana jacinto caleiro|vila champagnat|14400200|577,-2054914,-4740364;587,39,31;597,4,-5;607,13,16;617,8,9;627,7,-8;637,10,7;668,15,8;678,15,2;687,24,3;688,-15,6;697,25,2;698,-9,3;707,12,-3;708,-5,7;717,12,3;718,-4,-4;728,11,-6;737,5,14;738,-3,-15;745,12,13;746,-1,-1;758,10,7
rua||ana lucia alves da silva cintra|residencial sao jeronimo|14412402|5430,-2054748,-4735246;5435,12,-2;5440,-13,38;5450,17,-21;5455,10,-5;5460,3,6;5470,12,0;5475,0,6;5480,-1,11;5490,10,-1;5495,5,3;5500,13,-4;5505,-16,-6;5515,17,18;5520,15,10;5525,-11,-3;5535,16,-7;5540,1,17;5545,6,-5;5550,0,10;5555,2,-3;5565,12,1;5575,5,7;5585,10,3
rua||andre casas calixto|vila nicacio|14405198|468,-2053206,-4740956;487,-9,-9;497,10,5;507,14,3
rua||angelina stefani caceres|jardim cambui|14409697|1871,-2048182,-4740826;1881,-4,-5;1891,-6,-9;1901,-2,0;1911,-2,-8;1921,-6,-9;1941,-8,-13;1943,1,-1;1951,-6,-3;1971,0,-7;1980,6,-18;1981,-9,12;1990,4,-15;1991,-3,13;2000,2,-26;2010,-6,-6;2021,1,3;2022,0,-8;2030,5,-13;2031,-7,11;2051,-7,-22;2061,-4,-5;2080,5,-3
rua||angelo contini|residencial chico neca|14412187|6210,-2055743,-4735889;6211,6,3;6220,-3,8;6221,5,3;6230,-4,-1;6231,5,9;6240,-5,4;6241,4,5;6250,-2,1;6251,4,12;6260,-2,-3;6261,3,9;6270,1,11;6271,3,-1;6280,-2,5;6281,6,1;6290,-8,12;6291,7,-7;6300,-4,14;6301,7,5;6310,-4,1;6311,6,4;6320,-4,7;6321,6,4;6330,-5,3;6331,6,3;6340,-5,2;6341,5,5;6350,-2,7;6351,3,0;6360,-2,12;6370,-4,11;6380,6,11
rua||antonio aurelio de carvalho|aeroporto ii|14404137|85,-2058572,-4736801;102,10,-4;107,0,0;117,8,2;120,13,8;124,-6,-3;125,1,-4;127,7,-10;132,7,18;140,10,-17;142,3,7;147,-2,-2;152,9,0;157,-2,2;162,14,7;165,-8,-15;172,9,24;179,3,-13;182,4,14;187,7,-11
rua||antonio carlos de castro|jardim palmeiras|14406717|1610,-2052240,-4743850;1616,3,-3;1620,10,-12;1625,-14,5;1626,7,0;1629,1,-4;1630,13,1;1636,-3,-1;1640,4,2;1645,5,-2;1646,2,0;1650,3,0;1655,2,0;1656,2,-3;1660,1,-1;1665,8,1;1666,0,-5;1669,-5,6;1670,13,-7;1675,-10,1;1695,26,-6;1700,4,4;1702,7,1;1704,7,-1;1705,-10,-4;1707,1,-2
rua||antonio castagine|jardim tres colinas|14403876|5800,-2056153,-4736745;5810,-7,13;5835,10,25;5840,-15,-2;5845,3,5;5850,7,-26;5880,-30,60;5885,15,6;5890,-29,0;5900,6,13
rua||antonio cavalheiro|leporace 3|14407377|1415,-2049571,-4741944;1425,-6,-12;1435,6,-6;1445,0,-9;1455,8,-7;1460,1,3;1465,-1,-7;1470,3,-1;1480,3,-6;1490,-2,-11;1495,11,-7;1497,-2,0;1500,30,-6;1502,-22,1;1505,-2,-15;1510,-2,15;1515,4,-27;1520,-2,22;1540,12,-32;1545,-13,-2;1550,20,-17;1555,11,-2;1560,-11,1;1565,10,-3;1570,-2,-4;1575,13,2;1580,-10,-13;1585,28,9;1590,-22,-10;1595,21,12;1600,-17,-22;1605,-29,-53;1610,32,46;1615,-14,-13;1625,10,1
rua||antonio cerqueira|parque do horto|14409329|201,-2049166,-4740334;211,1,10;221,2,7;231,-1,4;251,5,15;261,-1,11;271,-2,3;281,8,6;291,0,13;301,5,10;311,2,0
rua||antonio constantino|jardim guanabara|14405435|754,-2051967,-4741382;764,11,-19;774,-4,-11;784,-2,-9;794,22,-7;814,2,-40;874,9,-42;894,14,-26;904,0,1;914,3,-16;918,-3,7;950,26,-49
rua||antonio constantino|jardim integracao|14405435|679,-2051990,-4741341;703,3,-11;713,7,-8;725,1,-4;755,8,-34;765,2,-4;775,4,-12;785,7,-9;815,-5,-28;825,16,-21;835,1,-2;845,-16,35
rua||antonio constantino|jardim maria rosa|14405435|407,-2052094,-4741047;417,6,-14;427,1,-11;467,12,-42;472,15,-22;477,-14,19;479,0,0;487,5,-7;488,12,-23;497,-2,8;498,9,4;500,0,1;503,-17,-20;507,7,-12;508,18,7;517,-4,-17;518,9,4;527,-8,-13;528,1,0;537,5,-8;538,-1,2;547,1,-9;548,0,2;578,27,-10;588,-25,-27;593,4,8;596,10,-9;598,-9,-6;606,7,-6;609,-3,15;613,2,-23;621,4,-7;643,5,-21;644,11,12;653,-6,-22;654,10,3;660,-4,3;663,-6,-17;670,12,6;673,-5,-15;674,2,21;682,-6,-8;683,-2,-20;684,14,15;686,9,-1;694,-8,-6
rua||antonio contini|prolongamento recanto elimar|14403331|851,-2056584,-4737558;860,-3,-7;861,15,11;870,-4,3;871,12,5;880,-7,-2;881,12,3;890,-8,0;891,19,-6;895,1,11;900,-5,-7;901,9,8;905,4,-1;906,-14,4;909,25,-1;910,-24,5;911,24,-2;918,-18,-7;920,8,7;921,10,-4;925,12,10;930,-16,-4;931,18,2;935,3,0;940,-9,-6;941,13,6;945,5,2;950,-13,0;951,18,5;960,-11,1;961,20,2;970,-8,2;980,5,8;981,17,-4;983,2,0;989,9,2;990,-19,-3;991,21,4;999,8,3;1000,-24,1;1001,24,2;1010,-17,-3;1015,32,1;1020,-13,0;1030,2,3;1034,5,4
rua||antonio corradini|vila santa tereza|14401039|1176,-2052281,-4739872;1186,3,0;1200,8,-1;1208,7,-9;1220,3,-2;1246,49,-10;1256,5,2
rua||antonio covas|jardim lima|14403111|153,-2055221,-4740256;161,-15,2;167,-11,2;170,7,-3;171,-16,9;180,2,5;190,-5,-2;191,-1,1;200,-11,0;201,1,0;210,-8,-5;211,1,7;220,-16,-5;221,5,12;230,-13,-4;231,3,0;240,-11,-6;241,0,12;250,-10,-9;251,0,10;260,-4,-6;261,1,7;270,-10,-1;271,-4,0;300,-25,7;310,2,1;311,-14,-2;320,3,3;321,-14,-5;330,8,10;331,-9,-8;340,-9,4;341,-2,-2;350,-2,6;360,-2,18;361,-12,-15;370,-4,6;371,-1,-9;380,-9,7;381,1,0;390,-8,1;391,-3,4;400,-8,1;401,-7,2;410,-5,3;411,1,-9;420,-5,5;421,-8,2;430,9,-2;431,-10,1
rua||antonio covas|parque progresso|14403111|487,-2055523,-4740190;489,4,2;497,-12,1;498,-4,-5;508,-11,1;518,-8,11;528,3,-16;540,-29,24;543,18,-9;549,-12,4;558,-17,2;559,5,2;568,-8,-3;578,-8,3;579,0,4;581,0,-1;588,-13,-3;589,5,5;598,-14,-1;599,2,0;608,-3,7;609,-5,1;618,-11,-7;650,-32,15;657,9,-6;658,-10,6;668,-9,0;669,3,-3;678,-11,4;679,2,3;688,-7,-3;689,-19,3;693,13,-1;698,-9,2;699,4,1;708,-9,0;709,4,3;718,-17,-3;719,8,7;728,-14,-4;729,-7,2;748,-10,-1;758,-7,3;764,-6,4;765,5,3;768,-6,1;778,-11,2;779,9,-4;781,-8,3;785,-7,-1;789,-8,0;799,3,-4;848,-51,16;858,-8,-1;868,-14,3;869,8,-2;878,-19,3;889,-9,15;898,-3,-7;899,-6,1;908,-2,2;909,1,-2;911,-3,3;913,1,-8;915,-4,11;918,-7,-4;919,-2,2;928,-9,-3;929,0,5;932,2,-4;938,-6,0;939,-3,11;948,-6,-4;949,-4,-1;958,-3,4;968,-11,0;1009,-15,1;1015,-23,8;1050,-28,8;1051,-5,-2;1053,-2,-1;1060,-15,0;1061,8,-1;1062,5,5;1066,-5,-1;1070,-15,3;1071,5,4;1072,0,-8;1080,-4,5;1081,-3,0;1091,-9,2;1100,-9,2;1101,-4,0;1110,-3,4;1111,-2,-4;1127,-20,9;1137,-3,-9;1141,-14,-6;1144,0,18;1161,-11,1;1171,-5,2;1181,-11,-2
rua||antonio garcia caceres|vila nova|14405346|1051,-2053305,-4741439;1054,-47,-7;1062,19,0;1065,28,7;1074,-26,-8;1077,5,6;1082,8,-1;1089,1,-1;1094,7,3;1097,6,1;1104,-1,6;1105,10,-9;1113,1,6;1114,4,1;1121,11,5;1123,-6,-12;1124,6,6;1134,1,7
rua||antonio garcia capel|centro|14400459|30,-2053651,-4740510;38,13,8;41,8,4;43,-8,-7;51,18,7;61,4,4;1864,-19,-4;1868,7,-1;1883,12,3
rua||antonio jacinto crispin|jardim cambui|14409693|1870,-2048331,-4740708;1871,-3,6;1873,-6,0;1880,7,-11;1881,-9,-2;1890,-1,-3;1891,-4,1;1900,1,-12;1901,-4,3;1907,-2,8;1910,2,-17;1911,-4,3;1918,0,-8;1920,1,2;1921,-10,-9;1927,-8,-9;1930,15,10;1940,-3,-5;1941,-1,9;1950,-5,-19;1953,-7,2;1959,-2,-5;1960,4,-1;1961,-10,-6;1970,5,-2;1980,-1,-5;1983,-10,1;1990,8,-8;1991,-16,1;2000,9,-7;2001,-6,6;2008,3,-12;2010,-2,-5;2017,-23,-19;2020,21,12;2024,-5,-14;2030,5,5;2031,-18,8;2034,14,-10;2046,-3,-10;2050,-2,-5;2060,3,-4;2070,-1,-9;2080,-5,-6;2090,1,-11;2100,-2,-6
rua||aparecida donizete cassanta|residencial dourado|14403862|5890,-2056902,-4737103;5891,2,-12;5901,-7,6;5910,-1,3;5911,-2,-2;5914,-9,7;5916,-8,-2;5930,-5,12;5931,0,-5;5940,-12,5;5941,9,-4;5950,-18,6;5951,6,-1;5960,-12,18;5961,3,-10;5991,-27,4;6001,-9,4;6011,-4,4;6021,-14,-1;6031,-3,3;6041,-39,11;6110,-115,45;6111,35,-15
rua||aparecida donizete cassanta|vila real|14403862|6090,-2057099,-4737026;6114,-50,14;6124,-4,7
rua||aparecida helena ferracini da costa|esplanada primo meneghetti|14403245|3996,-2054983,-4737032;4000,-15,-3;4010,-6,10;4020,-10,6;4024,7,-3;4030,-12,3;4040,-7,1;4046,-3,2;4080,11,-7
rua||aparecida helena ferracini da costa|esplanada primo meneghetti|14412001|3991,-2054981,-4737030;4001,-8,8;4011,-10,-4;4021,-7,6;4031,-12,3;4035,2,1;4041,-6,3;4051,-9,2;4055,-4,0;4061,-4,7;4071,-5,2;4140,-76,48;4160,33,117;4170,-7,12;4230,19,54;4360,2,223;4460,1,85;4461,8,2;4471,5,15
rua||arlindo baldoino de campos|jardim natal|14407000|1310,-2050509,-4743050;1350,-2,44;1410,-19,52;1450,23,-65;1455,-11,42;1606,-56,200
rua||armando castelan|jardim bonsucesso|14406587|3760,-2052818,-4744989;3770,-2,-7;3780,-8,-9;3781,-4,8;3790,-1,-19;3800,-8,-6;3801,-11,16;3810,7,-18;3811,-15,-4;3820,11,-7;3821,-15,4;3830,5,-11;3831,-6,4;3840,0,-8;3841,-8,2;3850,1,-9;3851,-14,2;3860,10,-7;3861,-16,4;3870,11,-11;3871,-13,1;3880,5,-9;3881,-9,1;3890,-4,-7;3891,-6,0;3900,-10,-2;3901,6,-2;3910,7,-9;3911,-12,-4;3920,4,-6;3921,-10,7;3930,0,-11;3931,-10,4;3940,4,-9;3941,52,67;3950,-57,-74;3951,-12,4;3960,7,-12;3961,-11,5;3970,4,-17;3971,-4,1;3981,-17,-2;3991,-2,-7;4001,-14,-6
rua||arnaldo carboni|jardim luiza ii|14407622|2870,-2048809,-4742942;2875,6,-4;2880,3,3;2882,-7,2;2885,9,-5;2890,11,4;2892,-3,0;2893,6,-2;2894,2,5;2895,-17,-4;2900,17,4;2905,9,-19;2907,-12,12;2910,8,1;2915,8,3;2920,1,4;2925,5,-2;2932,13,2;2935,-4,-9;2939,7,0;2940,-3,4;2942,4,8;2945,4,-8;2948,1,8;2950,7,-5;2955,13,-4;2957,-16,-2;2960,9,4;2965,-1,0;2970,9,7;2980,7,3;2985,4,-9;2992,10,-3;2995,2,-2;3000,5,18;3002,-3,-14;3005,6,-3;3006,-2,13;3010,9,-2;3015,-2,-11;3020,6,4;3025,6,-3;3030,12,11;3032,-10,-9;3035,9,-2;3040,1,17;3050,14,-14;3055,5,1;3060,-3,6;3062,6,-5;3065,4,2;3070,3,-1;3073,5,7;3075,-2,-3
rua||arnaldo ferreira coelho|pinheiros 2|14407362|2360,-2049296,-4741491
rua||atilio chieregato|jardim pulicano|14406755|2540,-2051168,-4744101;2550,7,1;2560,-7,-6;2580,1,-22;2590,-3,-4;2600,1,-14;2610,3,-9;2620,-4,-4;2630,2,-21;2640,1,-5;2650,-8,-60;2660,0,40;2670,0,-6;2680,4,-10;2690,-1,-11;2700,-5,-9;2710,-6,-2;2720,10,-18;2725,-15,-6;2730,14,0;2735,-6,-6;2740,7,-10;2745,-13,-2;2755,2,-15;2760,12,2;2765,-8,-8;2770,5,-3;2775,-11,-11;2780,2,6;2782,4,-4;2785,-1,-6;2795,-2,-12;2805,0,-6;2815,-3,-11;2850,7,32;26850,-17,95
rua||augusto coelho|jardim noemia|14403774|4530,-2055658,-4736956;4540,-8,4;4541,-5,4;4544,3,-6;4550,-15,-6;4551,-2,9;4560,-13,-5;4561,4,2;4564,1,-4;4570,-4,-13;4571,-12,10;4580,11,-9;4581,-17,8;4590,5,-13;4591,-15,9;4596,8,-10;4600,-6,-3;4601,-16,6;4607,-2,-3;4610,6,-13;4611,-11,13;4614,16,-6;4620,-9,-3;4621,-18,4;4623,0,1;4630,3,-14;4631,-11,10;4640,-1,-12;4641,-9,8;4650,1,-13;4651,-12,7;4654,9,-6;4660,-7,-4;4661,-10,9;4670,2,-16;4671,-11,10;4673,-2,1;4680,-1,-13;4694,-3,-3
rua||augusto cunha coelho|jardim noemia|14403774|4711,-2055842,-4737017;4721,-6,-10;4723,2,8;4731,-12,-7;4741,-17,-10;4743,8,2;4751,-17,2;4761,-10,-6;4769,-5,2;4771,-7,-8;4779,5,-3;4781,-8,0;4791,-13,0;4801,-10,-5;4811,-9,-7;4821,-9,-4;4831,-6,-2;4841,-15,-7;4851,-10,-4
rua||beatriz fernandes carraro|jardim joao liporoni|14408124|1650,-2050766,-4742818;1740,-96,-34;2050,-290,-146;2100,141,-47;2180,-332,-20;2320,-252,-97
rua||benedito calisto|recreio campo belo|14409415|400,-2048865,-4739447
rua||benedito calisto|recreio campo belo|14409418|251,-2048915,-4739579;301,8,16;349,10,25;430,65,97;440,22,-2;451,16,-2;1350,-8,3;1355,-7,-11
rua||benedito souza coelho|jardim paineiras|14407756|410,-2047570,-4741600;4611,11,-3;4621,11,-4;4631,8,0;4641,7,-6;4647,12,-3;4651,-7,-1;4661,12,-3;4671,8,-4;4681,12,-2;4691,6,-5;4701,12,0;4705,-2,2;4721,14,-4;4731,8,-4;4733,5,2;4741,5,-2;4745,2,-5;4751,13,0;4753,-8,-1;4761,17,-2;4771,6,6;4781,4,-7;4783,5,-2;4791,7,0;4801,8,-3;4811,10,-3;4821,9,0;4831,8,0
rua||benedito souza coelho|jardim paineiras|14407758|4612,-2047559,-4741602;4620,10,2;4630,9,-6;4648,14,-3;4650,1,-2;4670,18,-3;4680,6,-4;4684,5,-1;4690,11,-3;4700,9,-3;4710,5,0;4720,8,0;4730,8,-4;4740,8,1;4750,9,-7;4754,2,2;4760,11,3;4770,6,-9;4780,7,1;4782,4,-6;4790,6,2;4800,11,-2;4806,2,-4;4810,5,-7;4820,13,2;4830,10,4
rua||bruno cilurzo|jardim derminio|14406382|980,-2052954,-4743034;998,-2,-25;1000,-5,-2;1010,-3,-7;1030,19,-10;1040,3,-7;1050,4,-10;1060,2,-10;1070,2,-11;1080,0,-5;1110,10,-32;1120,0,-14;1130,5,-5;1140,3,-11;1150,3,-9;1160,3,-9;1170,-4,-13;1176,0,-2;1180,10,-3
rua||bruno cilurzo|jardim derminio|14406520|1630,-2052780,-4743672;1680,10,-33
rua||bruno cilurzo|jardim derminio|14406523|1001,-2052960,-4743052;1021,8,-20;1031,-1,-12;1041,1,-8;1051,2,-11;1061,3,-10;1063,-3,9;1071,8,-12;1081,5,-8;1083,0,-2;1091,0,-3;1101,-1,-18;1111,12,-6;1121,-3,-3;1131,3,-8;1141,-4,-16;1143,2,-4;1153,1,-4;1161,7,-14;1171,3,-4;1181,1,-14;1191,1,-14;1221,13,-30;1231,5,-9;1233,3,-4;1241,-11,-16;1251,11,-2;1261,3,-5;1271,2,-16;1281,1,1;1291,7,-24;1311,6,-12;1321,-2,-9;1323,-3,6;1331,7,-23;1341,5,-1;1351,-2,-11;1361,8,-1;1371,-3,-13;1381,2,2;1401,7,-24;1431,5,-47;1443,2,-5;1451,0,-10;1461,9,-5;1471,2,-11;1473,4,-4;1481,3,-13;1491,1,-5;1511,7,-20;1521,2,-7;1531,1,-6;1541,7,-13;1551,0,-10;1565,11,-23;1591,0,-8;1601,0,-18;1631,14,-37;1641,0,-1;1651,1,-2;1661,11,-18;1671,-3,-16;1681,6,-4;1691,5,-6;1701,-7,-20
rua||bruno cilurzo|jardim derminio|14406525|1420,-2052850,-4743454;1430,16,-17;1450,4,-11;1460,-2,-9;1470,3,-10;1472,3,1;1480,-3,-16;1490,9,-11;1500,1,-2;1510,0,-8;1518,6,-19;1520,0,0;1530,0,0;1540,3,-15;1550,2,-3;1560,10,-8;1570,-3,-10
rua||bruno cilurzo|jardim derminio|14406530|820,-2052850,-4743438;1210,-60,174;1220,12,1;1230,11,-8;1240,-5,-6;1250,3,-16;1260,-2,-11;1280,12,-22;1290,-9,-4;1300,9,-4;1310,1,-16;1320,3,-9;1324,0,5;1334,1,-10;1340,4,-12;1350,4,-8;1360,5,-8;1370,1,-8;1380,2,-12;1390,3,-4
rua||bruno cilurzo|vila rezende|14406523|258,-2053080,-4742601;392,-31,133;398,-6,-10;399,-4,-3;400,13,-5;401,-22,12;407,13,-20;408,7,8;411,-10,-7;412,13,-1;417,-7,-8;418,7,4;425,-6,-18;426,13,2;428,-5,4;429,-5,-1;438,6,-7;439,-9,-7;448,16,1;449,-10,-4;452,8,-4;458,4,-4;459,-7,-3;469,-3,-10;470,11,5;472,-5,-1;479,0,-13;481,4,-6;482,6,7;526,14,-52;527,-12,1;536,10,-11;537,-2,7;546,12,-19;547,-7,8;556,3,-6;557,-1,-7;562,0,-4;566,5,-5;567,1,-1;576,-1,0;577,3,-7;579,0,0;587,-5,-12;593,4,-12;596,3,17;600,6,-10;602,-6,1;603,0,-20;606,5,12;616,8,-11;620,-3,-7;626,6,-6;632,-2,-8;633,-7,0;688,22,-39;690,2,-17;706,-1,-1;708,1,-5;709,-6,-3;718,3,-4;719,0,-5;720,3,6;734,0,-16;735,-2,-3;736,2,9;737,-2,-8;740,8,0;746,-3,-1;747,-5,-3;753,12,-12;756,-7,3;757,7,-3;758,-5,11;759,-4,-11;761,7,-8;763,-2,4;768,3,-7;770,-3,-4;771,2,-21;775,3,16;778,5,-1;779,-7,-8;780,3,4;786,2,-4;788,0,0;791,-3,-2;798,7,-10;799,2,-3;800,-6,9;802,6,-7;808,-2,-1;809,-4,3;811,2,-3;819,3,-9;821,3,-6;856,16,-28;862,3,-17;871,-5,-17;872,9,9;876,-1,0;881,-14,-12;882,11,5;885,-4,-8;891,-7,-6;892,18,3;901,-9,-19;902,12,3;911,-7,-6;912,11,3;914,-5,-3;918,5,-4;921,-24,-5;926,28,-1;928,0,-6;931,-8,0;937,-3,-9;939,0,1;941,3,-6;943,1,-2;963,7,-18;978,18,-24
rua||caieiras|jardim francano|14405025|590,-2054943,-4741029;1539,-17,45
rua||caieiras|jardim pedreiras|14405025|628,-2054962,-4741096;638,-1,-5;648,-7,-16;658,-1,-3;668,-1,-5;678,-8,-13;688,-10,-12;698,-16,-10;708,18,-8;718,-2,-9;728,-2,-6
rua||cajuru|jardim integracao|14405027|683,-2054245,-4741250
rua||cajuru|jardim roselandia|14405027|557,-2054154,-4741327;567,-29,18;569,17,-10;581,-6,10;583,4,0;585,-4,-3;591,-6,8;595,2,3;605,-12,4
rua||caldas|parque continental|14406703|581,-2052666,-4743076;641,74,68;660,6,13;662,-4,-1;670,7,14;680,1,9;681,4,-4;691,6,9;693,4,7;700,-6,5;1029,-4,-8;1077,-32,-70;1081,-1,-10
rua||caldas|pq continental|14406703|291,-2052692,-4743076;301,20,11
rua||caldas|vila sao sebastiao|14406703|620,-2052636,-4743041
rua||calimerio antunes cintra|jardim botanico|14412492|2361,-2055172,-4736364;4121,179,27;4131,-17,-10;4141,-6,-2;4151,-11,-1;4161,-6,1;4170,-15,-7;4171,1,4;4180,-14,1;4181,5,0;4250,-64,-13;4261,-15,6;4350,-27,-10
rua||calixto rodrigues cintra|jardim simoes|14406273|281,-2053842,-4746232;291,2,-4;301,7,-5;311,-4,8;321,26,-15;331,2,-10;341,5,-7;351,9,-2;369,7,-6;371,2,0;381,19,-3;391,-1,-9;401,4,-4;410,13,0;411,-5,-11
rua||calixto rodrigues cintra|jardim simoes|14406277|111,-2053868,-4746196;121,6,-24;130,11,5;131,-6,39;350,78,-86;380,8,-5
rua||calixto rodrigues cintra|jardim zelinda|14406277|300,-2053822,-4746240;320,-1,-2
rua||canada|jardim consolacao|14400260|831,-2054619,-4740596;1370,-4,40;1380,-6,21;1408,-3,18;1440,-13,22;1450,26,26;1476,-31,63;1480,-6,2;1497,0,6;1498,-4,1;1502,0,7;1504,2,-4;1507,5,8;1515,-4,8;1516,-7,-9;1520,-1,3;1527,10,6;1537,-10,20;1540,-7,0;1547,7,13;1552,3,-1;1557,-3,14
rua||canada|village sao victor|14400260|1355,-2054612,-4740575
rua||carambola|parque do mirante|14410351|29,-2047313,-4734962;100,-90,-47;281,21,7;287,2,-6;290,27,25;350,91,47;545,97,44;547,13,1;549,-3,1;550,0,10;551,30,5;600,46,31;610,5,6;611,-8,-18;613,17,8;620,5,10;671,24,-12;673,26,30;700,-17,-3;720,12,10;781,23,-4;786,15,20;790,27,11;791,12,-5;850,28,24
rua||carlos chirico|chacara santo antonio|14403263|2207,-2056980,-4739168;2211,-3,-3;2220,-5,7;2221,8,-1;2241,11,11;2245,3,3;2251,-21,-29
rua||carlos de campos|aeroporto ii|14404125|1890,-2058294,-4736807;1892,2,2;1894,0,-2;1895,-5,10;1900,-1,2;1902,0,-3;1904,0,3;1905,2,5;1908,2,1;1910,-1,1;1912,-4,5;1915,4,0;1918,0,-1;1925,-2,10;1926,-11,-3;1927,2,10;1935,5,8;1940,0,-1;1941,3,5;1945,1,7;1950,-8,-3;1960,-1,9;1965,2,8;1970,-4,-1;1975,4,9;1980,-3,1;1990,-5,12;1995,9,8;1997,-3,2;2000,-1,-2;2005,0,11;2010,-10,4;2012,6,-6;2015,2,7;2020,-9,4;2025,5,5;2030,-3,8;2035,-2,0;2037,2,5;2040,-5,0;2045,11,5;2050,-11,6;2053,8,6;2055,-3,4;2060,-5,6;2065,5,-1;2067,1,2;2070,-9,2;2075,6,1;2080,-8,16;2085,7,-5;2090,-9,7;2091,2,4;2095,4,4;2100,-8,7;2105,9,-3;2110,-14,7;2115,8,5;2120,-7,7;2125,5,0;2129,3,3;2130,-10,29
rua||carlos do carmo|cidade nova|14401133|120,-2053383,-4739464;121,-5,6;127,6,-2;136,1,14;141,1,-13;148,10,24;149,-4,-16;151,16,9;158,-10,13;161,13,-7;164,-9,7;172,10,7;175,4,-8;184,3,14;191,3,-7;193,0,2;194,0,9;202,6,13;203,0,-9;221,18,22;223,2,9;225,5,2;232,9,13;236,-14,-12;246,5,6;251,13,1;256,0,6;259,1,-6;268,-1,10;271,11,0;278,-5,5;281,12,-3;284,-1,6;289,8,1;291,0,0;303,10,20;306,-9,-9;308,5,9;310,7,4;311,8,-7;328,-2,14;369,34,18;376,-3,17;388,-1,2;396,12,3;399,17,3;408,-16,7;419,24,2;420,-6,13;440,7,-1;480,17,19;590,54,67;610,-1,-20;650,43,52;660,14,17;670,11,10;690,15,7;710,21,18;720,18,11;758,18,32;778,11,9;786,13,10;798,5,3;810,9,5;838,21,25;870,-2,26;876,19,-4;884,11,8;890,1,-1;902,7,12;910,8,5;914,0,6;922,6,6;930,6,6;938,8,4;944,3,2
rua||carlos do carmo|jardim america|14401133|763,-2052967,-4739041;773,9,8;783,5,4;795,7,7;805,7,8;813,3,9;823,4,7;831,11,1;881,37,31;887,-3,4;893,5,9;913,11,24;927,7,-5;935,8,5;949,10,5;951,-1,15;957,-1,8
rua||carmen terceiro castelo|jardim marambaia|14409644|120,-2048332,-4739964;970,-22,10
rua||cassia|jardim francano|14405016|536,-2054084,-4741199;548,-3,3;550,-3,3;556,-8,1;568,-14,3;586,-7,3;596,-9,3;602,-19,-4;612,-2,16;646,-21,15;647,-9,1;650,-2,-8;653,21,-2;656,-27,5;657,15,2;659,-13,4;669,-8,0;670,-1,-4;673,-5,11;678,-7,-2;679,2,6;683,-2,0;688,-12,-7;689,7,9;698,-11,-7;699,5,3;710,-15,5;715,4,6;719,-7,-11;735,-17,17;736,4,-9;739,-6,11;743,-4,-4;748,-2,-4;749,-2,16;756,-6,-12;759,-16,14;766,7,-12;769,-8,9;776,-5,-1;779,0,7;786,-6,-1;789,-2,4;799,-3,8;808,-7,-4;809,1,-7;841,-30,17;847,-9,-3;848,4,6;850,-6,0;853,-8,-4;863,-11,3;871,3,13;873,0,-6;878,-8,7;883,-10,5;893,49,-62;895,-49,63;898,-2,1;903,-10,1;913,-12,8;937,-10,-6;947,-19,-2;957,-22,20;958,101,-40;966,-10,10;967,-89,31;968,93,-36;969,-96,39;983,-2,23;985,2,-21;987,-6,4;988,84,-31;991,-82,31;997,-7,9;1040,-32,4;1042,-2,14;1048,-11,-8;1049,0,6;1051,-2,-1;1053,-2,1;1058,-8,-3;1059,6,3;1068,-9,-5;1069,1,11;1072,-13,-5;1074,0,2;1076,-2,-3;1079,2,9;1088,-12,-3;1089,4,7;1098,1,-1;1103,-13,2;1113,-4,3;1137,-27,15;1144,-7,-3;1146,-7,3;1148,4,2;1149,-3,1;1156,-1,-2;1159,-6,9;1160,5,-8;1166,-11,2;1167,0,7;1169,-1,3;1176,-7,-5;1179,-1,8;1186,-12,-6;1189,2,9;1192,-1,-6;1195,1,8;1199,-12,3;1202,-4,-6;1248,-35,11;1255,-2,10;1260,-7,8;1265,1,-4;1270,-3,3;1280,-11,-5;1286,-3,4;1296,-8,12;1306,-14,-4
rua||cassia|jardim regina helena|14405016|310,-2053898,-4741280;311,-12,1;315,37,-12;328,-36,16;331,-10,3;338,0,2;341,3,4;350,-33,5;351,21,1;358,-5,-11;363,-9,9;366,2,-2;368,-2,2;373,-2,6;380,-15,-1;383,1,0;389,-1,5;397,-2,3;422,-31,4;442,-5,5;443,7,10;445,-18,-7;452,-8,5;454,-3,8;456,1,-6;457,-3,4;464,-11,2;465,9,-1;469,34,-13;477,-49,22;485,-4,3;486,-2,-2;495,-9,9;496,5,-1;525,-13,5;561,-43,14;567,-5,0;571,-4,4;581,-5,-2;583,4,4;591,-15,0;599,-1,-1;603,-3,10;613,-13,4
rua||caxambu|parque continental|14406702|871,-2052669,-4742855;881,-4,-9;889,0,-12;891,-1,9;901,-6,-15;903,7,6;911,-3,-9;919,6,-9;921,-5,-1;931,6,-13;940,7,7;941,-4,-13;943,-2,-1;951,11,-3;953,-5,2;960,4,2;961,5,-9;970,-1,4;971,2,-19;980,-1,7;981,3,-19;990,14,8;991,-6,-14;1000,8,3;1001,-8,-3;1010,16,-12;1011,-8,0;1018,14,-13;1019,-12,9;1020,4,-6;1021,0,4;1028,8,-9;1030,8,-9;1031,-14,10;1033,4,-4;1041,0,-2;1061,10,-25;1070,67,-80;1071,-65,79;1079,14,-21;1090,7,-1;1091,-2,-8;1093,1,-4;1094,-5,25;1100,11,-15;1101,-4,-17;1110,5,5;1111,1,-12;1120,7,7;1121,-1,-13;1129,3,-4;1130,3,5;1131,1,-9;1140,6,0;1141,-7,-7;1143,3,-1;1151,10,-6;1161,5,-2;1171,9,-4;1172,-5,7;1173,2,-8;1180,16,-11;1181,-6,7;1191,0,-14;1196,71,-43;1200,-52,47;1201,-3,-4;1205,2,-4;1211,-2,-5;1220,8,8;1221,0,-10;1231,9,-7;1241,5,-7;1250,14,-4;1251,-7,-3;1259,12,-5;1260,6,2;1261,-11,-4;1270,8,0;1271,6,-8;1281,-3,-3
rua||cazuza|condominio villagio do sol|14412886|6,-2054446,-4731210
rua||ceara|jardim brasilandia|14402029|65,-2051649,-4737318;85,-12,1;95,-12,0;105,-7,2;125,-24,-3;135,-6,-2;145,-19,1;147,10,3;155,-14,0;165,-6,7;185,-21,-4;195,-12,-5;205,-11,10;207,-4,-1;209,-6,13;215,4,-24;225,-12,15;255,-35,-3;261,-7,4;265,0,-2;273,-11,1;275,13,3;305,-36,1;315,-16,1;325,-1,1;335,-17,-2;345,1,2
rua||ceara|jardim paulista|14401416|20,-2051601,-4737327;24,-7,-4;30,-5,1;36,1,-2;40,-12,5;50,-6,0;70,-12,-10;72,-11,8;80,-8,8;90,-7,-4;100,-6,-4;102,-13,8;130,-23,-6;150,-15,1;160,-12,5;170,-12,18;200,-18,-20;202,-2,-3;210,-18,-1;220,3,5;230,-14,-3;660,-546,57;663,-6,7;670,4,-9;674,-12,5;675,3,5;680,-6,-8;685,0,2;693,-12,3;703,0,-1;713,-24,3;720,-17,0;730,-5,-6;733,15,6;735,-43,-5;740,17,3;745,-7,4;749,-5,-1;750,-1,-3;751,-6,2;753,8,4;759,-17,-4;760,10,2;769,-7,1;770,-4,-2;779,-8,2;780,10,5;800,-45,-8;807,-16,12;817,-11,-6;828,0,1;839,-7,4;845,0,-1;849,-6,-4;855,-1,0;890,-8,6;900,-21,6;1060,-57,-6;1069,0,11;1070,-14,-13;1104,-29,4;1105,-9,22;1300,-189,-7;1310,-14,4;1312,8,-1;1992,210,-19;1999,-29,-3
rua||ceara|jardim paulista|14402029|370,-2051932,-4737311;380,-14,5;390,-7,7;400,5,6;410,-23,-5;615,-322,61;620,2,-35;622,-1,0;625,5,5;630,-19,-8;635,2,11;793,-98,-155;803,-21,5;813,-2,0;823,-7,1;837,-18,-6;839,1,2;841,0,0;843,-2,3;845,-6,0;853,0,0;863,-19,3;873,-4,-3;875,-12,-7;1963,242,151;2965,-5,-12
rua||ceara|jardim riviera|14401416|250,-2051826,-4737315;256,3,1;260,-11,-2;262,6,-3;263,1,4;270,-10,-2;274,-10,-9;280,-5,10;290,-7,3;310,-20,0;320,-10,0;328,-11,9;330,10,-2;340,-16,-1;346,-1,2
rua||ceara|vila aparecida|14402029|1124,-2052715,-4737235;1145,-8,3;1155,-6,4;1165,-9,-3;1175,-10,11;1180,-37,-21;1185,30,12;1190,-25,-64;1195,14,64;1205,-17,10;1210,-8,-72;1220,5,5;1250,-36,55;1260,-12,7;1261,12,6;1270,-24,-2;1911,62,-68
rua||cecilia maria de castro|jardim palestina|14402354|2265,-2053514,-4735806;2266,-1,-14;2269,12,74;2279,-31,-116;2282,26,117;3140,-28,-100
rua||celio cerqueira|jardim francano|14405024|1407,-2054834,-4741096;1417,-13,2;1427,-9,4;1437,-16,2;1447,-14,5;1797,-225,-4;1807,-38,-6
rua||celio cerqueira|jardim integracao|14405024|1031,-2054436,-4741150;1033,-1,0;1061,-31,-18;1063,4,19;1067,1,-10;1069,-10,9;1087,-23,8;1095,-4,0;1103,-10,6;1111,-21,11
rua||celio cerqueira|jardim pedreiras|14405024|1440,-2054843,-4741098;1450,-10,1;1460,-7,5;1470,-6,3
rua||celio cerqueira|jardim roselandia|14405024|990,-2054384,-4741170;1000,-17,-2;1010,-6,13;1020,-8,-11;1080,-66,15;1090,-8,1;1100,-8,4;1110,-11,0;1133,-46,9;1163,-4,4;1169,-5,1;1176,0,-8;1179,-17,12;1187,-11,1;1197,-5,-2;1207,-10,1;1217,-21,4;1260,-63,30;1270,22,-28;1280,-9,-1;1290,-11,1;1310,-18,2;1350,-44,16;1360,-9,-2;1370,-9,2;1380,-7,-2
rua||cem|residencial engenho queimado|14408162|1701,-2051965,-4743641;1890,18,42;1891,8,-1;1920,7,27;1930,9,17;1951,4,-1
rua||cesario joao careta|jardim angela rosa|14403620|2180,-2054833,-4738824;2190,5,14;2202,-4,26;2240,-2,12;2242,6,15;2244,-1,9;2255,-1,5;2265,1,12;2290,1,45;2295,13,-14;2300,-8,31;2305,1,-15;2315,0,1;2325,-7,16;2327,14,3;2335,-10,26;2345,2,3;2351,3,12;2355,10,3;2365,-10,9;2369,2,-2;2391,-3,12;2461,0,81;2471,-2,13;2481,4,6;2491,0,9;2501,0,24;2551,-7,42;2555,1,1;2557,2,-4;2565,3,17;2581,0,24;2595,0,0;2601,-5,14;2615,6,5;2625,3,13;2651,-2,37;2653,-5,-8;2660,-25,13;2661,27,13;2725,4,45;2735,1,13;2750,-22,-26;2756,8,-1;2765,13,70;2800,-11,-41;2841,12,99;2846,-12,-45;2851,11,67;2860,-1,0;2870,-5,-18;2897,1,57;2899,1,5;2900,2,-45;2901,6,51;2930,-4,-13;2932,-2,0;2947,4,76;2957,-3,8;2960,-8,-51;2980,-7,23;2990,5,1;3000,1,8;3004,-2,2;3010,2,22;3020,-9,16;3335,17,274;3345,-1,9;3375,3,64;3378,3,-362;3383,-6,468;3391,2,16;3395,-1,-73
rua||cesario joao careta|residencial jovita melo|14403620|3210,-2054826,-4737779;3220,0,5;3230,0,15;3240,0,5;3250,-6,11;3260,7,5;3270,-1,8;3290,-2,14;3300,4,7;3310,-2,10;3320,-5,5;3328,3,16;3340,0,2;3350,0,7;3360,8,9;3362,-8,-4;3370,3,12;3380,-4,8;3390,2,4;3400,-5,10;3410,4,8
rua||cesario joao careta|vila santa cruz|14403620|1953,-2054817,-4739004;1963,-8,5;1965,-1,1;1973,7,11;1983,0,4;1984,-15,3;1993,20,18;2032,-12,31;2042,1,7;2043,5,-3;2044,0,7;2046,4,-2;2059,-4,6;2064,-6,41;2067,8,3;2077,-3,10;2081,-3,8;2083,-2,4;2090,-5,-12;2096,5,-2;2102,-2,14;2108,-8,9;3400,18,-67
rua||cesario joao careta|vila scarabucci|14403620|2340,-2054819,-4738621;2350,-4,15;2360,-3,8;2384,-1,16;2394,2,2;2401,8,-5;2404,-9,15;2411,2,-1;2414,3,13;2421,-5,-45;2431,5,51;2458,-10,39;2478,11,6;2488,-11,25;2512,2,25;2522,9,11;2542,-8,36;2552,-5,-4;2586,6,31;2606,-1,16;2616,3,10;3018,5,-277
rua||chile|jardim consolacao|14400110|1150,-2054694,-4740814;1152,-4,4;1154,4,-5;1187,-17,59;1197,-3,10;1202,-1,3;1207,4,12;1212,-11,4;1221,7,4;1227,-16,61;1237,-3,7;1242,-6,0;1247,6,12;1252,-12,-2;1261,8,15;1262,-9,-3;1272,-3,9;1288,-6,12;1300,-12,11;1311,28,2;1321,-7,16;1341,-3,24;1361,-5,5;1364,-9,-6;1379,10,30;1380,-10,-1;1388,3,8;1390,-5,7;1391,9,6;1398,-10,1;1407,0,-1;1410,-4,9;1422,3,5;1434,-5,14;1454,-17,29;1458,8,-2;1464,-2,2;1472,0,12;1481,9,-4;1482,-5,12;1490,1,23;1493,-3,-14;1502,1,8;1514,-12,17;1521,4,-2;1525,-3,13;1526,2,2;1527,3,-4;1536,-15,4;1539,9,7;1594,-17,55;1632,-19,54;1633,10,-9;1643,-3,15;1830,59,-269
rua||cicero chrysogono castro|vila rezende|14406379|120,-2053154,-4742934;121,-10,-10;130,16,11;131,-7,-4;140,11,14;141,1,-12;142,4,10;148,7,1;150,-4,-2;151,0,-4;161,8,0;163,8,0;180,16,14;181,0,-6;185,2,3;190,3,6;191,7,-4;200,8,7;201,3,-6;209,-4,2;210,5,10;211,2,-6;216,-1,1;222,5,1;240,32,10;249,0,-2;250,5,8;251,-4,-5;254,-5,2;258,13,2;259,4,-6;260,1,14;267,2,-15;269,4,2;270,-3,10;272,3,1;280,10,1;282,5,-6;316,25,13;317,3,-7;319,9,4;326,-16,4;329,18,-3;336,-11,3;340,-1,4;346,12,1;347,2,-4;349,5,-5;357,10,2;360,-12,6;381,26,-4;382,-3,8;389,17,4;392,-12,6;401,21,-4;402,-8,9;411,17,-5;412,-10,7;422,13,6
rua||cinco|bom jardim|14400005|1,-2051373,-4749650;2,-5,-48;3,-26,109;4,31,-35;5,0,0;8,11,-13;9,13,-18;10,23,-18;61,-118,115;62,46,-47
rua||cinco|parque dos passaros|14402062|1,-2047944,-4740600;2,-1,4;3,-1,6;4,2,2;5,-1,6;6,-4,2;7,3,9;8,3,7;9,0,6;10,0,5;11,0,4;12,1,8;13,0,5;14,-1,3;15,-1,7;16,7,-9;17,-3,-9;18,-1,-4;19,-1,-7;20,1,-9;21,0,-5;22,1,-6;23,0,-4;24,2,-1;25,-1,-16;26,-3,-14;27,1,-4;28,1,-7
rua||cinco|recanto chacaras das candeias|14402062|1,-2050565,-4735500
rua||cinco|residencial tellini|14403000|5810,-2055380,-4736726;5860,-33,-25;5980,-94,-57
rua||claraval|jardim francano|14405071|249,-2053897,-4741442;269,-3,2;294,-30,19;300,0,-5;301,1,12;304,-2,-8;307,-7,9;312,-6,-5;321,1,6;322,-6,7;330,-9,1;334,-4,1;338,-2,1;343,-4,3;349,-1,7;350,-5,-9;351,0,10;355,-19,18;356,9,-15;359,4,-1;360,-6,1;363,9,4;367,-7,9;370,-7,-9;375,-47,38;382,37,-33;385,7,6;440,-45,20;441,-1,8;442,-7,-1;446,-7,2;448,-2,17;451,9,-12;462,-11,-1;465,-1,9;470,-6,-3;472,-4,0;477,6,13;486,-20,-8;489,4,10;492,-4,1;499,0,2;506,-2,2;514,-11,-2;518,-4,7
rua||claudio carvalho|vila exposicao|14405456|211,-2051544,-4740880;221,-45,-91;223,-1,-13;3933,-6,0;3943,5,-26;3953,4,8;3955,4,9;3963,-1,12;3973,2,-19;4011,20,56;4016,-5,9;4021,-8,0;4024,14,4;4028,-2,2;4031,-2,13;4034,5,-5;4041,-2,11;4044,8,-4;4049,1,3;4051,0,5;4054,4,2;4061,4,5;4064,1,3;4074,-2,14
rua||colombia|jardim consolacao|14400050|1200,-2055115,-4740774;1210,0,17;1220,-10,19;1223,16,-10;1230,-13,17;1233,13,-13;1237,-2,8;1247,-4,11;1249,2,4;1253,-2,12;1260,-8,22;1263,7,-18;1273,-8,13;1283,14,15;1315,-42,57
rua||comparini|jardim vera cruz ii|14407470|2871,-2048906,-4741738;2876,-7,10;2886,7,-3;2891,15,-13;2895,-7,2;2911,17,-5;2921,10,-7;2931,11,5;2933,-10,0;2941,12,-12;2951,9,7;2971,22,2;2981,10,-9;2991,8,-3;3001,15,3;3023,1,-11;3033,20,-6;3035,4,11;3037,1,-9;3043,2,-1;3047,4,-3;3053,6,-1;3060,9,11;3063,-71,4;3073,79,-17;3080,10,10;3085,-6,-13;3095,9,1;3103,20,-1;3113,4,-11;3123,7,-2;3125,1,14;3130,-13,9;3133,25,-17;3135,-3,-6;3143,10,1;3181,3,13
rua||comparini|vera cruz 2|14407470|2930,-2048848,-4741744;2962,2,1;3000,69,-14
rua||concordia|parque dos pinhais|14405646|4900,-2050648,-4740516
rua||congonhas do campo|jardim brasilandia ii|14402280|2541,-2051884,-4736789;2550,-15,0;2560,-3,9;2570,2,16;2571,14,-4;2578,-19,9;2580,7,1;2581,8,-1;2590,-6,5;2591,11,10;2600,-7,5;2601,8,17;2604,-12,-10;2610,1,3;2611,-2,-1;2613,17,1;2620,-18,19;2621,8,-2;2631,3,15;2650,-8,21;2660,-1,6;2662,-6,11;2670,6,6;2680,2,5;2710,7,26;2720,9,15;2730,2,-1;2740,-7,14;2750,1,11;2770,-4,26;2780,-45,36;2781,50,-26;2790,-103,52;2791,110,-41;2796,-7,6;2800,-69,28;2801,84,-19;2810,-84,19;2811,95,-16;2830,-28,30;2840,0,13;2841,13,-14;2851,0,12;2861,1,-3;2865,-3,17;2871,17,5;2891,-19,27;2900,5,4;2901,2,-3;2903,-1,13;2910,-3,1;2911,-3,-3;2916,6,8;2920,-2,4;2921,2,2;2924,2,-3;2930,-2,13;2931,1,1;2950,-9,21;2951,10,-10;2960,-9,9;2961,14,6;2964,-9,8;2965,9,-7;2971,0,18;2973,1,-7;2976,1,-4;2980,-5,15;2981,10,-3;2990,-12,10;3000,-4,19
rua||congonhas do campo|jardim palma|14402280|2651,-2051882,-4736683;2653,-1,0;2661,0,11;2671,-9,17;2675,10,-5;2679,-1,13;2681,-4,-5;2691,10,20;2711,-4,7;2721,1,18;2725,-2,0;2731,1,5;2741,3,9;2743,-1,-1;2751,7,12;2753,-10,2
rua||conrado|jardim guanabara|14405275|1915,-2052633,-4741406;1925,13,1;1935,10,1;1945,9,0;1955,1,2;1959,11,-4;1975,17,1;1985,7,-2;2005,16,14
rua||conrado|residencial anna terra|14405275|1775,-2052746,-4741410;1777,4,4;1865,54,-2;1875,11,5
rua||cornelio caetano castro|residencial itapua|14406326|497,-2054323,-4742860;511,12,-14;531,11,-14;551,8,-3;555,1,-12;561,7,-3;565,3,-4;567,-11,-2;570,7,5;571,8,-12;1620,-52,63
rua||cuba|jardim consolacao|14400080|1099,-2054899,-4740814;1111,-4,10;1120,-3,-9;1121,8,17;1130,-7,-16;1131,1,23;1141,-1,5;1155,-4,18;1170,3,-15;1180,-5,3;1190,-3,15;1241,-3,39;1253,4,12;1256,-8,-8;1259,-5,12;1260,1,11;1261,-5,14;1266,3,-15;1270,0,19;1271,-5,4;1276,5,-10;1281,-2,20;1282,0,3;1292,1,10;1293,-7,7;1302,-1,4;1303,-1,-3;1309,0,0;1319,-1,18;1367,-11,45;1375,-1,-1;1379,6,-6;1387,-10,20;1397,-3,23;1399,-2,-31;1401,5,27;1407,-5,10;1411,-2,1;1467,-11,53;1477,-4,6
rua||cuiaba|jardim brasilandia|14402300|2530,-2052863,-4736718;2531,11,-6;2541,1,17;2551,4,3;2560,-11,10;2561,10,1;2590,-4,31;2591,5,1;2596,-2,9;2600,-3,4;2603,6,-6;2611,2,7;2620,-9,6;2624,2,-1;2626,1,13;2630,-3,6;2650,-5,24;2651,26,-2;2660,-16,3;2661,8,5;2662,-19,1;2670,11,5;2671,5,-1;2680,-9,17;2681,8,0;2690,-2,3;2691,-4,1;2693,14,-5;2694,0,15;2695,-8,-13;2711,5,26;2713,2,10;2719,1,4;2720,-4,2;2721,5,6;2730,-8,1;2731,10,14;2740,-8,-6;2743,7,-4;2750,-5,30;2770,-7,17;2780,4,1;2781,10,7;2790,-7,6
rua||curitiba|jardim brasilandia|14402292|2165,-2052269,-4737132;2175,-21,8;2308,18,133;2310,-6,-9;2311,5,-8;2327,6,25;2330,-7,-11;2331,12,20;2351,-4,18;2360,-2,12;2361,-2,8;2370,-5,25;2371,3,-21;2380,-2,5;2381,10,10;2390,-18,13;2391,16,-12;2410,-14,17;2415,12,10;2421,4,16;2431,-2,-7;2440,-12,-11;2441,18,28;2442,-6,-24;2444,-2,3;2460,-8,27;2471,10,18;2480,2,14;2481,6,-11;2490,4,21;2491,-50,1;2500,45,9;2501,6,3;2510,-8,4;2511,3,0;2512,-6,8;2530,-5,12;2531,20,2;2540,-12,17;2541,7,5;2542,-6,-10;2548,-3,9;2550,-2,4;2551,15,-3;2560,-13,4;2561,14,10;2571,2,8;2590,-12,19;2591,17,4;2600,-8,5;2601,4,7;2604,-4,0;2610,-7,5;2611,12,10;2613,1,-9;2620,-10,16;2621,1,4;2630,2,3;2631,5,0;2650,-13,15;2651,18,9;2660,-6,12;2661,4,-5;2665,5,-5;2675,-1,25;2680,-11,7;2681,-1,4;2720,8,28;2721,5,1;2723,-3,6;2728,-1,6;2730,-8,4;2731,13,-4;2735,-3,0;2740,-14,27;2741,20,-5
rua||curitiba|jardim paulista|14402292|2130,-2052283,-4737156;2140,-5,23;2160,-14,13;2190,26,24;2200,-26,-1
rua||c|residencial porto dos sonhos|14402347|51,-2053737,-4733157;52,-5,-5;53,-5,42
rua||c|vila santa cruz|14403500|3606,-2053834,-4737867
rua||da concordia|residencial nosso lar|14405646|4565,-2050619,-4740528;4571,0,1;4759,-156,-129;4761,10,10;4771,1,-1;4781,0,2;4801,19,22;4841,27,24;4851,5,19;4861,10,-21;4881,45,33
rua||da concordia|residencial sao thomaz|14405646|4501,-2050538,-4740476
rua||da concordia|residencial sao vicente|14405646|3565,-2050551,-4740466
rua||da criacao|residencial paraiso|14403159|721,-2055901,-4740594;730,25,14;731,-37,-1;740,12,-16;741,-27,32;750,15,-17;761,-42,40;770,21,-28;774,-5,10;776,-7,5;780,-14,6
rua||das ciencias|parque lima|14403122|560,-2055654,-4740462;580,-5,20;590,6,4;600,3,24;610,-1,7;620,7,12;621,9,-4;630,-4,9;631,8,-1;641,-3,14;651,1,9;660,-5,7;661,8,10;670,-8,7;671,12,-1;680,-5,20;690,2,13;691,5,-12;700,-2,18;701,8,7
rua||diogo garcia coelho|jardim luiza|14407398|1921,-2049171,-4742201;1961,-1,-44;1971,-4,-14;1975,-2,-11;2003,-5,-17;2011,9,-14;2021,-5,-11;2031,-2,-4;2111,-3,-86;2121,-8,-8;2241,-35,-211;2500,-37,-153
rua||diogo garcia coelho|pinheiros|14407398|1531,-2049221,-4741890;1541,-2,16;1551,6,-18;1571,-7,-6;1591,-3,-24;1601,14,-17;1611,-134,-199;1621,136,177;1631,-3,12;1711,21,-182;1731,1,-1;1741,-4,-3;1751,-1,-1;1761,7,7;1791,1,-2;1801,-2,5;1811,-3,-16;1813,1,11;1821,-1,-4;1831,3,5;1841,2,-1;1851,-1,2;1853,-2,1;1861,0,1;2271,-37,156
rua||do comercio|centro|14400350|1631,-2053908,-4740240;1645,14,2;1653,9,1;1661,4,3;1677,19,-3;1685,2,10;1687,-2,5;1689,6,-2;1691,1,-2;1699,11,-36;1735,-1,60;1739,12,-20;1749,6,1;1977,-40,-11
rua||do comercio|centro|14400660|1363,-2054139,-4740305;1373,1,-1;1383,12,2;1389,9,6;1390,-10,-2;1399,16,7;1431,31,3;1443,9,5;1445,31,8;1453,-25,3;1482,24,-7;1497,15,6;1498,4,-6;1513,17,9;1539,19,14;1542,-3,0;1563,18,-2;1565,0,-6;1568,8,14;1569,-1,-11;1579,7,8;1590,18,0;1595,11,5;1604,-9,4;1609,-23,-10;1612,39,11;1650,37,3;1718,53,0;1720,9,9;1722,1,-1;1728,5,6;1732,1,-1;1738,-4,0;1740,15,-1;1742,-2,7;1744,-6,4;1746,4,14;1748,9,-18;1754,12,-6;1760,-11,2;2334,506,145;2339,10,13;2348,1,-9;2350,3,11;2362,6,-5;2368,6,-1;2370,9,5;2373,5,-47;2382,5,48;2389,5,2;2399,13,7;2404,1,0;2414,7,-2;2415,4,1;2419,3,3;2431,10,1;2432,-6,-3;2433,3,5;2470,37,5;2480,10,-3;2506,28,9;2514,9,-2;2522,6,0;2530,7,7;2536,2,-2;2544,6,13;2566,16,7;2572,8,-4;2582,12,5
rua||do comercio|franca|14400660|1777,-2053781,-4740206;1785,8,2;1795,10,5;1799,7,-8;1811,19,10;1817,5,5;1822,-14,-9;1825,15,10;1830,-2,-9;1831,2,11;1836,6,-7;1840,6,-5;1841,-1,19;1842,3,-25;1843,0,30;1848,6,-17;1851,-1,7;1855,12,-2;1858,-4,-8;1865,9,13;1868,-4,-7;1870,5,-4;1873,4,9;1874,-3,-3;1882,9,-5;1883,7,16;1910,8,5;1911,11,-1;1914,-4,2;1917,-6,-9;1924,44,17;1941,-5,-17;1949,1,7;1955,-3,-8;1959,21,16;1961,5,-4;1964,-11,9;1967,9,-8;1970,-1,8;1973,3,-3;1974,-2,8;1977,12,-7;1978,-10,6;1980,13,-9;1981,2,0;1991,7,15;1994,-1,-13;1998,4,1;1999,-2,2;2000,12,-7;2005,-8,15;2007,6,1;2014,11,-29;2015,0,25;2021,1,5;2035,16,8;2039,5,1;2041,2,5;2043,5,-5;2045,10,3;2046,-22,-11;2048,3,4;2050,2,-6;2054,8,9;2056,-2,-6;2058,6,-1;2060,-3,4;2067,7,9;2072,6,-6;2077,-3,0;2082,15,1;2083,-6,1;2093,13,5;2096,2,-7;2099,4,6;2102,-6,3;2105,12,1;2106,-4,2;2113,14,-1;2137,18,12;2144,11,12;2149,2,-16;2152,-4,3;2158,3,-1;2168,6,1;2170,10,11;2183,9,-8;2190,9,3;2198,5,-10;2201,14,15;2208,-5,-1;2244,32,5;2266,4,3;2271,20,-14;2278,7,23;2284,-1,7;2285,12,-6;2290,-2,6;2300,7,1;2303,-22,-6;2304,28,0;2310,8,5
rua||do comercio|vila duque de caxias|14400020|2461,-2053176,-4740051;2465,5,1;2473,3,2;2483,12,6;2501,19,2;2511,11,4;2519,4,2;2525,4,-2;2527,5,2;2541,0,3;2547,16,0;2555,8,3;2565,13,4;2583,6,0;2585,10,6;2587,-5,-3
rua||do comercio|vila duque de caxias|14400660|2607,-2053050,-4740016;2617,13,7;2627,4,-3;2637,0,2;2657,16,-3
rua||domingos chicaroni|jardim tres colinas|14403870|4920,-2056297,-4736342;4921,50,-264;5840,28,-126;5841,5,8;5850,-10,5;5851,9,5;5866,-12,5;5870,-5,7;5881,1,20;5890,-7,-2;5891,3,4;5895,3,1;5900,2,-5;5901,-4,15;5906,-8,0;5910,12,1;5911,-7,5;5916,-10,4;5920,2,6;5930,1,2;5961,-18,52;5990,-9,18;6040,-4,42
rua||dorivaldo chioca|jardim luiza ii|14407624|2860,-2048817,-4743046;2865,-6,-9;2868,13,7;2870,0,1;2875,5,-1;2880,1,1;2883,2,-1;2885,10,-2;2886,-3,5;2890,3,1;2895,13,-3;2905,-5,-5;2910,10,7;2915,9,-5;2920,1,5;2925,9,-4;2930,6,5;2935,1,-10;2940,3,13;2945,15,-9;2955,4,2;2960,5,4;2963,-5,-5;2965,5,0;2970,-7,7;2974,14,-2;2975,-8,-3;2979,13,-2;2980,2,7;2995,17,-3;3000,7,2;3001,-9,-2;3002,2,11;3005,3,-9;3010,5,7;3015,11,-10;3020,1,4;3024,-25,4;3025,36,-8;3030,-4,2;3035,0,-3;3040,8,6;3045,1,-11;3055,16,10;3060,0,4;3064,4,-5;3075,6,1;3080,10,1;3084,-21,4;3114,24,-2;3124,46,7;3129,3,-12;3134,10,7;3137,-4,-7;3144,7,9;3154,4,-1;3159,3,-6;3164,12,2;3169,7,-1;3174,2,7;3184,3,1;3189,15,-7;3194,1,12;3199,6,-10;3204,7,7;3205,0,-9;3209,1,0;3214,2,9;3219,5,-8;3224,5,8;3229,4,-8;3234,6,9;3237,5,-9;3239,-5,-1;3244,5,12;3249,8,-9;3254,3,7;3259,2,-6;3264,10,5;3269,0,-5;3274,8,8;3279,2,-14;3284,7,10;3289,8,-3;3294,1,3;3298,-1,-1;3299,0,-5;3304,5,11;3314,12,3;3317,5,-10;3319,4,3;3324,5,6;3329,-1,-10;3339,14,3;3344,1,6;3349,5,-8;3352,4,10;3354,4,2;3359,0,-11;3364,5,5;3369,3,-3;3374,6,4;3376,-3,1;3378,9,3;3379,2,-8;3384,8,10;3389,-6,-11;3394,8,10;3399,3,-10;3409,6,-2
rua||dos caiapos|jardim martins|14406690|1010,-2052119,-4743397;1012,1,5;1020,8,3;1030,11,8;1040,7,1;1050,5,-5;1060,9,17;1065,4,-12;1070,8,16;1075,3,-7;1080,4,8;1083,4,-4;1085,6,3;1090,-7,8;1094,6,-2;1095,7,-3;1100,-6,8;1105,11,-2;1106,-6,2;1110,6,-1;1115,7,4;1120,4,28;1125,3,-19;1130,3,3;1135,5,-4;1137,4,4;1140,2,6;1145,10,-5;1150,-5,5;1155,9,-1;1160,1,8;1170,7,0;1175,3,-1;1180,-1,12;1210,31,12;1215,-3,-6;1220,10,11;1225,-4,-5;1228,9,8;1229,-4,-6;1230,9,10;1235,-1,-6;1237,3,6;1240,-3,2;1245,10,-6;1250,2,6;1252,5,6;1255,3,-10;1260,1,14;1265,2,-7;1270,5,8;1275,1,-4;1280,11,10;1282,-5,-2;1285,7,-3;1287,-12,-3;1290,14,11;1295,1,-8;1300,5,12;1305,9,-5;1310,0,10;1313,0,-6;1315,-1,-2;1320,8,14;1325,4,-4;1330,3,7;1335,7,0;1340,0,7;1345,7,-7;1350,4,12;1355,3,-6;1360,11,14;1365,-5,-5;1369,-1,7;1374,17,5;1375,-7,-13;1376,6,11;1380,4,4;1385,-3,-9
rua||dos canarinhos|jardim primavera|14404022|81,-2057817,-4738592;91,1,6;100,-7,4;101,11,3;110,-3,8;111,6,7;120,-1,0;121,8,7;130,0,0;131,5,9;140,-3,3;141,3,2;150,3,7;151,7,5;160,-9,-4;161,10,10;171,4,8;173,0,-1;180,-4,6;181,6,2;183,5,2;190,-5,9;191,6,0;200,-5,8;201,9,0;210,-2,1;211,10,5;214,-8,9;220,10,-6;221,0,15;224,-10,-17;231,12,13;235,3,5;241,8,10;245,-4,3
rua||dos carajas|jardim martins|14406689|980,-2052179,-4743356;990,14,10;995,10,-7;1000,-4,10;1002,6,4;1005,1,-14;1010,8,17;1015,5,-6;1017,-6,4;1020,7,6;1025,12,-8;1027,-2,-1;1030,-4,11;1035,8,-9;1040,2,14;1045,8,-5;1050,-3,11;1055,11,-9;1060,-7,10;1063,14,-2;1065,4,-2;1070,-11,9;1075,17,-6;1080,0,15;1085,10,-4;1091,2,2;1095,2,-4;1101,5,7;1105,5,0;1115,1,8;1117,5,4;1125,7,-3;1127,3,4;1135,3,1;1137,3,-3;1145,6,4;1153,10,4;1155,2,3;1165,10,4;1169,2,1;1177,-3,10;1185,10,-4;1215,14,8;1220,18,18;1225,-17,-18;1230,28,28;1232,6,5;1234,-3,1;1235,-14,-23;1237,-5,-1;1240,15,19;1241,-2,-11;1245,3,6;1250,6,8;1255,1,-7;1260,6,12;1265,2,-8;1270,6,12;1272,2,3;1275,-7,-16;1277,4,5;1280,9,9;1285,-2,-6;1290,8,9;1295,6,0;1300,3,8;1305,7,-3;1310,5,6;1312,8,9;1314,-11,-1;1315,3,-8;1320,6,9;1325,4,-7;1329,2,2;1330,-1,7;1335,5,-7;1337,7,3;1340,0,12;1342,-4,-3;1347,14,-3;1349,-2,1;1350,-5,6;1354,6,3;1355,5,-3;1357,0,0;1360,0,4;1365,6,-3;1370,-3,7;1374,6,6;1375,2,-6;1376,-1,6;1377,4,-7;1379,7,4;1380,-8,3;1381,9,-4;1383,9,4;1385,0,0;1390,-6,3;1394,1,3;1400,3,0;1405,5,1;1410,-1,2;1416,11,3;1418,11,8;1420,-1,0;1425,-15,-10
rua||dos cedrinhos|parque dos pinhais|14405628|4601,-2050944,-4740532;4605,1,0;4609,-3,15;4610,3,0;4613,3,1;4614,7,-2;4617,-9,8;4618,2,0;4621,5,1;4622,-1,-2;4626,5,1;4627,-1,3;4630,3,-1;4631,-1,10;4634,-5,0;4635,11,2;4638,-1,-3;4639,0,4;4642,-2,-3;4643,4,10;4646,1,-10;4647,2,15;4650,2,-11;4651,-3,15;4654,-1,-2;4655,4,3;4658,5,-1;4659,-6,3;4662,-2,6;4663,12,0;4666,-3,-2;4670,2,-7;4674,-2,20;4678,-1,5
rua||dos colibris|jardim primavera|14404023|90,-2057875,-4738551;91,3,-15;100,0,17;101,10,6;110,-4,1;111,2,-1;120,2,5;121,7,8;130,-6,7;131,10,-1;133,-1,1;135,-2,-7;140,-3,12;141,7,6;150,-9,12;158,-10,-523;160,21,525;161,7,-1;170,-6,11;171,9,0;180,2,7;181,-6,3;191,9,7;195,12,17;200,-7,-24;201,1,15;220,10,-12;221,5,29;230,-6,4;231,5,0;232,-4,3;233,12,22;240,-11,-19
rua||durval teixeira de castro|jardim cambui|14409670|890,-2048532,-4740102;936,-27,-106;1485,14,74;1510,-3,-42;1520,-5,-8;1560,-10,-40;1570,-6,-15;1580,-7,-9;1590,6,-14;1600,-10,-4;1610,-3,-3;1612,2,-3;1620,-2,-1;1630,-5,-8;1650,-16,-22;1660,7,5;1670,-7,-5;1680,-11,-18;1690,2,3;1700,-10,-10;1710,3,4;1720,-5,-10;1726,0,-3;1730,-3,-3;1740,-5,-4;1750,-5,-8;1760,-7,-8;1770,-3,-5;1780,-4,-9;1790,0,-5;1800,-9,-7;1810,-1,-5;1820,-1,-4;1830,-8,-9
rua||durval teixeira de castro|miramontes|14409670|1431,-2048534,-4740089;1441,-4,-8;1445,5,0;1451,-3,-12;1461,-7,-11;1471,3,-3;1473,-2,-2;1485,0,0
rua||edna bertoncini comparini|panorama|14402494|201,-2051588,-4735379;211,-16,-9;221,-8,-1;231,-3,-9;241,-19,1;251,-5,0;261,-10,-4;271,-11,5;281,-5,-19;291,-12,3;301,-7,-2;311,-8,-6
rua||ely jarbas cintra|cidade nova|14402120|1540,-2051442,-4737357;1570,3,-6;1580,18,0;1581,-8,-6;1582,15,-3;1590,-3,8;1591,1,-5;1600,14,-10;1601,-3,3;1610,15,-6;1611,-2,11;1620,10,-18;1621,-7,6;1630,22,-10;1631,-9,-3;1661,46,-11;1670,17,10;1671,-16,-16;1680,11,2;1681,8,-5;1684,1,-2;1686,2,-5;1691,3,2;1700,12,-1;1701,0,-5;1711,2,-3;1720,10,-3;1730,19,-6
rua||emiliano di cavalcanti|recreio campo belo|14409403|200,-2049438,-4739794
rua||emiliano di cavalcanti|recreio campo belo|14409406|250,-2049424,-4739577;300,-4,31;450,12,173;460,-6,-27;500,5,68;550,0,44;598,0,18;600,3,42;750,2,94
rua||emiliano di cavalcanti|recreio campo belo|14409409|301,-2049419,-4739535;351,1,28;361,-1,22;399,3,48;491,6,31;501,-1,69;551,2,33
rua||eric pereira carboni|jardim tropical ii|14407212|341,-2051565,-4742075;351,3,0;361,6,2;371,13,-5;381,11,-2;391,10,0;401,11,-3;411,1,12;421,11,-10;431,11,-5;441,8,-1;451,6,6;461,14,-5;465,2,0;471,10,0;509,25,-13;511,9,6;521,10,0;531,5,-1;541,4,-4;551,15,-2;559,14,-3;561,2,5;571,5,-2;581,11,-2;591,7,-4;593,-3,5;601,9,-14;611,6,4;621,10,1;631,18,-2;635,1,15;641,10,-12;651,8,2;702,45,-10;712,8,-2;714,3,1;722,4,0;732,14,-1;752,13,-1;762,14,-2;772,0,2;782,18,-1;792,4,-1;800,3,-1;802,7,-5;812,11,2;822,9,-5;832,5,2;2221,-464,55;2223,1,0
rua||eric pereira carboni|residencial meirelles|14407212|350,-2051557,-4742071;360,4,1;370,5,-1;374,0,0;380,7,-4;382,9,0;400,15,-1;410,8,-2;420,9,-1;430,11,-1;432,0,-2;440,12,-2;448,21,-4;450,-17,3;462,12,0;470,7,-1;693,201,-30;701,12,0;711,11,0;721,9,-3;731,21,-5;741,45,-14;751,-41,12;761,23,-1;771,20,2;781,-11,-3;791,4,-6;811,2,0
rua||eric pereira carboni|residencial meirelles|14407214|520,-2051401,-4742102;530,4,1;534,13,9;540,2,-2;550,3,-9;560,11,9;570,4,-8;572,10,0;580,4,2;590,12,-1;592,-7,2;594,7,13;600,4,-13;610,13,-4;618,-1,-3;620,7,-3;630,13,8;640,9,-3;650,-29,0;654,35,4;660,12,-2
rua||eugenia thomaz coelho|jardim samello v|14410015|4532,-2050260,-4737169
rua||eugenio cassis|city petropolis|14409590|285,-2048164,-4740034;880,-29,181;881,-7,3;888,16,-10;890,2,-1;891,-10,-1;900,8,-4;901,-11,-8;902,12,9;910,-6,-11;911,-2,-7;913,-4,-6;919,5,-4;920,4,7;921,-5,7;930,12,-21;931,-6,1;933,-1,-3;941,-5,-9;943,7,-3;945,-4,5;950,11,7;951,-13,-19;960,3,-11;961,-4,8;962,13,-2;965,-12,-8;970,11,6;971,-11,-10;980,12,-5;981,-10,-9;983,2,4;990,8,-3;991,-11,-8;993,5,1;1000,10,-12;1001,-10,3;1004,10,-7;1006,-2,-6;1010,7,-1;1011,-16,9;1020,8,-13;1021,-2,-1;1030,9,-2;1031,-8,-16;1040,11,-3;1041,-15,3;1050,15,-8;1051,-12,-5;1060,5,-9;1061,-8,-7;1080,14,-65;1081,-7,40;1090,11,-43;1091,-10,32;1093,-1,10;1094,4,-1;1100,16,-5;1101,-22,-8;1104,8,1;1105,-4,0;1110,1,-8;1111,0,0;1115,2,-32;1121,-1,24;1123,0,-6;1130,0,11;1131,5,-98;1140,-5,73;1141,-1,1;1148,6,-7;1150,3,-5;1151,-11,35;1160,13,-50;1161,-10,9;1162,9,0;1165,-9,0;1170,8,-11;1180,-5,-12;1190,11,-6;1192,8,0;1194,8,2;1196,-1,-4;1200,-18,-17;1204,-1,10;1210,1,-32;1220,-3,0;1240,-14,-22;1260,25,-5;1270,-2,-15;1272,3,8
rua||eulalia augusta ribeiro conrado|jardim noemia|14403756|4500,-2055403,-4737524;4501,-413,184;4510,397,-186;4521,4,8;4525,-397,182;4530,363,-204;4541,-2,-3;4551,-12,4;4560,-6,-15;4561,-6,11;4571,-15,-9;4579,-3,1;4581,-3,3;4591,-10,-11;4593,5,6;4595,-5,-7;4601,-11,1;4603,4,-2;4611,-12,-1;4618,-1,-13;4620,-12,5;4621,3,6;4627,-6,-10;4630,-4,-2;4635,-3,0;4640,-8,-7;4641,-7,0;4643,7,6;4651,-6,-1;4670,-17,-16;4680,-8,-3;4681,-5,6;4686,-5,-5;4691,90,38;4697,51,19;4709,-182,-62;4710,9,-12;4717,-10,6;4720,1,-7;4725,-10,-6;4730,-2,0;4733,-5,11;4740,-6,-15;4741,4,10;4746,-9,-6;4749,2,5;4750,-1,0;4757,-3,1;4760,-6,-6;4765,-73,141;4770,65,-152;4773,-14,3;4780,-2,-2;4781,5,-2;4789,-11,0;4790,-2,-6;4797,4,1;4800,-12,-10;4805,-2,7;4813,-8,-6;4820,-18,-6;4821,15,11;4826,-10,-13;4829,6,8;4830,-17,-9;4831,-8,1;4834,2,17;4837,10,-13;4841,-18,-8;4843,-10,1;4845,26,4;4850,-20,-5;4851,-42,-17;4856,39,13;4858,-5,9;4860,-4,-4;4861,-34,-6;4890,-5,-23;4900,-15,0;4910,-11,-7;4930,-13,-6;4951,-16,-3;4981,-17,-21;4990,494,223
rua||euripedes candido de castro|jardim santa lucia|14403342|1111,-2056417,-4738441;1121,6,13;1130,-12,-18;1131,16,19;1141,-17,-33;1150,9,29;1160,10,25;1161,9,5;1171,5,9;1180,-23,-32;1181,24,30;1190,-15,-10;1200,6,11;1201,12,13;1211,12,22;1212,-24,-35;1230,0,8;1231,32,39;1240,-22,-24;1260,10,18;1270,3,4;1280,1,7;1290,9,16
rua||euzebio cassiano costa|franca|14402062|2000,-2050797,-4737102
rua||euzebio cassiano costa|franca|14402140|2051,-2050704,-4737140
rua||euzebio cassiano costa|jardim do eden|14402140|1480,-2051306,-4736884;1490,12,-9;1500,11,-7;1510,12,-1;1514,-7,-10;1520,18,12;1530,4,-14;1532,0,4;1536,0,-4;1580,20,0;1590,14,-7;1591,0,-5;1594,5,2;1600,8,-5;1601,-6,-3;1604,4,1;1610,10,0;1611,-3,-7;1620,3,-8;1621,-1,9;1624,4,-9;1630,5,4;1631,3,-2;1635,-5,4;1640,21,-3;1643,-9,-6;1650,11,6;1651,-2,-8;1660,16,5;1670,8,-4;1680,10,0
rua||euzebio cassiano costa|jardim eden|14402140|1831,-2050999,-4737024;1841,11,-5;1851,50,-17;1861,-29,7;1871,7,-2;1881,12,-5;1891,36,-10;1901,-11,-3;1911,9,-3;1941,58,-19;1951,10,-5;1961,10,-12;1971,8,4;1981,5,-1;1991,13,-12;2001,13,-1;2011,15,-5
rua||evaldo covas|parque vicente leporace i|14407027|261,-2050487,-4741198;271,0,-7;281,5,-15;291,6,-7;301,6,-14;341,11,-17;351,3,-6;361,8,-4;371,8,-6;381,6,1;391,7,-4;401,6,-4;411,11,0;421,3,-8;431,9,1;441,4,-6
rua||evaldo covas|parque vicente leporace|14407000|270,-2050487,-4741193;280,5,-7;290,2,-7;300,8,-13;310,-4,-12;320,9,-8;330,-2,-1;340,10,-13;350,9,-8;360,9,-11;370,-2,-2;382,14,-2;390,8,-1;400,8,-6;410,9,0;420,0,-2;430,12,-3;440,22,6;450,-8,-14
rua||evaldo covas|parque vicente leporace|14407027|100,-2050551,-4741050;101,-1,-9;110,8,-8;111,-6,4;120,1,-11;121,4,5;130,-3,-8;131,4,-3;140,8,-5;141,-8,-10;150,9,5;151,-10,-9;160,12,-5;161,-4,2;170,14,0;171,-7,-14;180,0,7;190,8,-13;200,6,-8;201,-6,-7;210,10,-1;211,-2,-4;220,2,-2;221,2,-5;230,4,-2;231,-2,-11;240,4,5;241,-7,-10;250,8,-2
rua||evaldo olimpio da cunha|jardim luiza ii|14407626|3129,-2048498,-4742432;3139,6,7;3149,-3,-9;3159,-1,-2;3165,-14,0;3179,24,1;3189,-11,2;3209,100,-27;3219,-54,17;3227,-43,8;3229,0,3;3237,2,7;3239,0,2;3249,-5,-9;3259,4,3;3261,-1,4;3269,-2,-1;3279,4,8;3299,110,-44;3305,-9,-3;3309,-3,5;3317,20,-4;3319,-120,32;3480,1,4
rua||evaldo olimpio da cunha|jardim luiza ii|14407633|3134,-2048410,-4742458;3144,-2,-1;3154,-9,1;3156,10,-2;3164,-1,3;3172,2,-6;3174,1,-3;3184,-3,8;3204,1,-2;3234,-7,3;3264,0,1;3294,2,-5;3314,-4,3;3324,-2,4;3334,3,-12;3344,-7,12;3354,8,-3;3412,8,-1
rua||expedito caparelli|jardim cambui|14409679|1509,-2048294,-4740458;1560,11,21;1561,0,-9;1570,-1,-3;1591,-14,-14;1600,3,-4;1601,-13,3;1610,8,-6;1611,-7,-8;1620,7,-2;1630,-8,-5;1631,-4,-6;1640,0,-10;1660,-13,-7;1661,1,1;1670,-4,-5;1680,-1,-6;1681,-13,-2;1690,11,-4;1691,-5,-5;1700,-2,-9;1701,-1,3;1710,0,-2;1720,-1,-6;1721,-5,-3;1723,-6,-1;1730,7,-34;1731,-6,31;1740,-7,-10;1741,3,-1;1750,20,24;1751,-21,-29;1760,1,-1;1761,-6,-8;1764,2,0;1770,-5,0;1771,-3,-3;1780,-1,-4;1781,-3,3;1789,30,33;1790,-33,-43;1791,-4,5;1800,4,-8;1801,-9,0;1810,5,-12;1811,3,0;1820,-8,-4;1821,9,1;1830,-11,-4;1831,-8,-1;1840,2,-11;1841,8,8;1870,-29,-29;1880,-9,-9;1881,-5,-2;1890,5,-1;1891,-7,-2;1900,5,-4;1901,-11,0;1910,3,-7;1920,-6,-7;1930,-2,-6;1931,-9,2;1940,2,-8;1950,-3,-7;1951,-10,-5;1960,7,0;1961,-8,-2;1970,5,-8;1971,-10,-1;1980,11,-3;1981,-19,-4;1990,14,0;1991,-16,-2;2000,11,-6;2001,-6,-4;2010,5,2;2011,-12,-10;2020,9,4;2021,-11,-6;2031,-6,-6;2040,0,-10;2041,-2,7
rua||fabio batista carneiro|jardim luiza|14407653|3134,-2048503,-4742268;3144,14,-1;3154,9,-2;3164,12,-5;3174,3,2;3176,0,0;3184,0,0;3186,18,-40;3194,1,6;3204,4,18;3210,0,0;3214,15,2;3222,7,-3;3224,0,0;3227,1,-8;3229,16,-5;3234,-17,13;3237,26,-19;3239,-4,2;3249,-1,0;3266,-359,517;3269,379,-519;3277,3,7;3279,-23,-4;3289,-13,5;3294,33,-1;3298,31,-10;3299,-70,11;3304,41,-6;3309,32,-20;3314,13,11;3319,-65,9;3329,66,-20;3334,-89,37;3337,99,-31;3339,-104,18;3344,48,-4;3349,-20,0;3354,9,6;3359,94,-28;3367,8,-8;3369,-8,8;3377,14,-11;3379,-6,3;3384,-97,37;3389,110,-38;3394,-106,32;3397,115,-33;3399,-160,39;3414,168,-53;3419,2,6;3429,12,-8;3434,14,6;3437,-6,-3;3439,9,-6;3444,10,13;3449,-3,-17;3480,-200,61;3490,21,-6;3496,1,-1;3500,0,0;3724,-115,45
rua||fernando da silva costa|esmeraldas|14406145|90,-2054540,-4745273;100,0,0;102,-36,-21;120,44,15;131,7,3;140,19,13;160,7,4;161,3,-9;170,1,6;171,1,1;180,4,0;190,5,7;200,13,0;210,3,13;220,2,-5;222,6,3;230,2,0;232,-2,0;250,18,10;251,-6,-21;270,23,23;271,-19,37;280,46,-33;281,-43,95;282,39,-92;290,4,-3;291,-39,102;295,36,-96;300,3,7;301,17,-13;310,-28,93;311,17,-85;320,-4,0;321,24,10;322,-16,10;330,19,-11;331,3,15;340,-13,-6;341,31,26;350,-16,-26;351,23,4;360,-27,-1;361,36,16;370,-12,-20;371,18,18;380,-14,-18;381,26,21;390,-19,-52;391,21,51;400,-5,-54;401,15,56;410,-30,15;420,53,6;430,-43,14;440,11,22;442,-46,-48;461,80,27;470,-2,16;471,10,-20;480,-10,15;481,14,14;490,-3,-10;491,23,-151;500,-10,129;501,-34,-150;510,44,127;520,-6,22;521,6,4;530,1,20;540,14,-11;541,5,2;550,-10,-17;551,7,10;560,9,17;561,10,-37;563,0,0;571,-8,33;580,7,19;590,4,-7;591,11,99;600,18,-93;601,-11,77;610,3,-75;611,-2,-38;620,52,-3;621,-47,-1;630,46,18;631,-35,-11;670,23,50;671,9,-11;672,-2,9;680,4,3;681,14,-9;690,-8,1;691,16,11;700,-2,2;701,10,1;710,2,2;711,0,-3;720,2,11;721,13,-4;722,-1,-5;730,1,11;731,2,-3;740,4,10;741,1,-4;750,9,0;751,7,3;760,3,4;761,5,-1;770,2,-5;771,4,6;781,8,8;800,13,6;801,-1,4;803,5,-5;810,2,7;811,-1,5;813,5,-11;820,9,2;821,3,2;822,-2,9;830,1,3;831,10,-6
rua||fernando geraldo contini|esplanada primo meneghetti|14403225|3181,-2054237,-4737255;3190,-4,-7;3200,-7,17;3201,-6,1;3205,10,-10;3206,-5,9;3210,-8,1;3211,1,2;3220,-10,-6;3221,-47,26;3230,38,-19;3231,-2,1;3235,0,0;3240,-7,1;3241,-1,1;3245,-2,3;3250,-7,-1;3251,-2,6;3260,-6,-10;3270,-12,4;3271,6,17;3275,-6,-7;3281,-7,3;3290,30,-14;3291,-42,18;3300,-1,-4;3303,-9,8;3305,-10,-3;3310,8,0;3320,-7,5;3321,-2,4;3330,-10,-1;3331,5,-3
rua||flavio de carvalho|recreio campo belo|14409415|155,-2049041,-4739569;157,-1,66
rua||flavio de carvalho|recreio campo belo|14409417|158,-2049035,-4739463
rua||francisco carloni|jardim seminario|14401358|1636,-2053200,-4737853;1637,0,12;1646,-12,-8;1647,5,3;1656,-13,-8;1657,2,12;1666,-14,-9;1667,6,9;1676,-10,-4;1677,4,5;1686,-11,-8;1687,-6,7;1696,2,-7;1697,-10,10;1706,-2,-8;1707,-13,10;1716,-1,-10;1717,0,6;1726,-5,-7;1727,-8,11;1736,-4,-5;1737,-2,6;1746,-6,-8;1747,2,7;1756,-12,-8;1757,4,10;1766,-17,-5;1767,8,6;1776,-16,-9;1777,2,11;1786,-13,-10;1787,4,11;1789,-4,0;1796,-5,-9;1797,1,9;1807,-8,-1
rua||francisco cunha|city petropolis|14409613|1401,-2047240,-4739438;1410,-8,12;1411,12,5;1421,0,8;1425,6,0;1429,2,5;1430,-2,5;1431,0,1;1440,4,3;1441,3,-1;1445,4,3;1451,3,5;1461,32,-6;1467,-20,24;1471,0,0;1491,13,16;1501,0,8;1511,2,10
rua||francisco evando correa|residencial sao thomaz|14405450|660,-2051217,-4741171;670,7,-10;680,11,0;690,11,-3;700,5,-6;710,6,0;718,7,-4;720,4,4;730,11,-9;740,2,-3;750,11,-5;760,7,1;766,7,-3;770,3,-4;780,8,-5
rua||francisco evando correa|vila exposicao|14405450|500,-2051356,-4741111;501,-1,-5;510,14,-2;511,-9,-4;520,16,-7;521,-2,6;530,8,1;531,-3,-5;532,5,2;540,8,0;541,-3,-9;550,11,3;560,4,-4;561,3,-3;570,1,28;571,5,-28;573,2,-8;580,11,2;581,-3,-6;590,11,0;591,-6,-5;601,8,2;603,-5,-2;610,16,0;611,1,-3;612,3,0;620,0,-4;621,3,3;631,12,-7;640,7,-5;671,30,-10;675,3,-1;681,2,0;701,20,-6;711,7,-5;721,13,-7;735,-30,14;741,42,-20;751,9,-3;761,10,-3;771,7,-4;773,5,-3;781,6,-4;791,10,-3
rua||francisco joel carnieli|jardim luiza|14407590|1925,-2049372,-4742232;1930,-4,3;1931,15,-3;1932,-16,14;1934,-19,-14;1941,46,0;1950,-20,0;1951,31,2;1960,-15,4;1961,22,-4;1964,-23,4;1970,13,3;1971,16,-8;1980,-15,8;1981,18,-9;1985,-4,-4;1990,-2,8;1991,35,-2;1993,-18,2;2000,-4,6;2001,15,-9;2002,-14,13;2010,0,-6;2020,15,-1;2021,22,-5;2030,-11,5;2031,24,-7;2034,-23,11;2035,20,-12;2040,-12,12;2041,19,-8;2045,7,-2;2050,-17,6;2051,20,-11;2059,9,9;2060,-19,1;2061,23,-1;2068,-21,-1;2070,8,8;2071,15,-7;2080,-15,-1;2081,23,-2;2090,-11,4;2091,22,-1;2100,-8,-2;2101,19,-1;2108,-20,7;2110,5,1;2111,28,-8;2120,-17,4;2130,11,4;2140,4,2
rua||fued zacarias cury|parque progresso|14403088|650,-2055577,-4739706;656,-7,4;659,12,-8;661,-15,3;668,-8,7;669,16,-2;679,-11,1;686,-14,6;688,-4,-3;689,9,-5;698,-17,6;699,5,3;708,-17,-4;709,-13,3;718,1,-1;719,6,2;728,-6,1;729,10,1;738,-21,3;739,3,2;748,-15,2;749,-9,-3;758,5,8;759,-10,3;768,0,-9;769,-5,2;778,-5,3;779,1,-1;788,-12,2;800,-11,0;849,-57,21;858,8,-10;868,-16,3;878,-7,2;883,6,1;888,-12,3;893,0,0;898,-7,0;900,-1,0;903,-6,2;908,-8,4;913,-1,-2;918,-5,-2;923,-8,1;924,0,-1;925,12,0;926,-15,5;928,-2,0;938,-8,-1;948,-8,7;958,-9,-1;961,18,0;968,-17,2;970,-10,8;978,-1,-2;980,-9,-9;988,-3,7;998,-10,5;1008,-7,1;1040,-34,2;1041,5,6;1047,-14,2;1050,4,-6;1051,0,11;1060,-6,-6;1064,2,3;1065,-6,-1;1070,-3,1;1071,-5,3;1075,-3,-1;1080,3,-1;1081,-19,3;1083,13,0;1086,-3,-3;1090,-4,1;1094,-18,10;1096,5,-6;1101,1,4;1110,-12,-2;1111,7,0;1120,-8,-3;1121,-1,8;1130,-9,2;1131,0,-3;1140,-11,-1;1146,8,1;1150,-20,0;1160,-5,0;1161,0,5;1170,-10,3;1180,-9,-2;1185,-1,3;1187,-9,2;1190,9,-5;1195,-10,1;1198,-4,2;1200,-5,3;1201,6,3;1221,-7,0;1230,-17,-2;1241,-21,15;1250,-14,-5;1251,9,4;1260,-13,-4;1261,2,5;1262,7,-4;1263,-12,5;1270,-2,-2;1271,-13,10;1273,9,-5;1280,-8,2;1281,3,-3;1283,-17,10;1288,8,-7;1290,4,-1;1300,-7,-3;1310,-17,5;1320,-5,1;1322,-3,2;1325,-5,7;1330,0,-7;1340,-11,4;1350,-11,3;1351,6,-1;1360,-17,6;1361,3,1;1363,-11,9;1370,6,-13;1372,-6,1;1375,-8,10;1380,4,-8;1400,-26,7;1418,-8,0;1428,-5,1;1434,-19,7;1438,4,-4;1443,-4,2;1448,-6,1;1454,-17,4;1455,7,-2;1458,3,0;1467,-21,4;1468,5,-3;1469,-15,9;1470,21,-13;1473,50,-6;1478,-56,13;1479,-8,5;1481,56,-16;1488,-57,8;1489,-5,2;1491,51,-5;1498,-55,6;1508,-9,6;1515,-19,9;1528,9,-2;1533,-22,3;1536,10,-6;1538,8,3;1548,-12,-3
rua||gabriela garcia cortez|condominio residencial villa piemonte|14404600|1,-2057558,-4741327;4,-1,5;6,0,-2;12,1,2
rua||gabriela garcia cortez|vila nossa senhora das gracas|14407810|1,-2047947,-4743924;2,-3,9;3,-3,4;4,-2,7;5,-4,6;6,-2,5;7,-1,-7;8,-1,7;9,11,23;10,-2,5;11,-4,6;12,-2,6;13,-2,6;14,-2,6;15,16,13;16,-24,0;17,-3,6;18,-1,7;19,-4,5;20,0,5;21,-4,6;22,-2,6;23,0,3;24,-6,10;25,-2,6;26,-2,6;27,-7,10;28,-4,3;29,-5,7;30,-6,1;31,7,-5;32,-15,-3;33,-10,-27;34,3,-5;35,2,-6;36,2,-5;37,3,-9;38,3,-5;39,4,-7;40,1,-5;41,3,-5;42,3,-7;43,2,-5;44,3,-7;45,4,-8;46,0,-7;47,5,-4;48,1,-3;49,9,-12;50,-2,-2;51,4,-7;52,3,-6;53,3,-5;54,2,-6;55,4,-7;56,2,-6;57,8,-10;58,4,0;59,1,-3;60,5,-3;61,14,-1;62,8,3;63,5,1;64,10,-1
rua||geraldo inacio da costa|parque tres colinas|14401028|766,-2052428,-4739988;776,0,6;786,1,14;796,-1,11;806,1,11
rua||geraldo rodrigues de carvalho|aeroporto ii|14404120|1805,-2058005,-4736759;1815,-9,5;1825,-4,11;1827,-4,-3;1829,-1,6;1835,9,8;1872,-46,15;1878,2,8;1880,-6,7;1885,43,47;1890,-49,-44;1895,47,37;1897,0,7;1900,-51,-36;1905,2,5;1910,-8,4;1915,4,-3;1920,-9,9;1925,3,-2;1926,-6,0;1930,-5,4;1935,-5,4;1936,-2,-2;1939,13,0;1940,-14,12;1945,7,-2;1950,-16,1;1955,9,6;1960,-12,4;1961,4,3;1965,2,2;1970,-13,1;1972,-2,8;1985,6,2;1986,-14,0;1990,-4,11;1995,9,-2;2000,-12,4;2010,-9,9;2015,9,0;2020,-10,5;2025,5,3;2030,-13,0;2035,8,10;2040,-16,-4;2044,-6,17;2045,13,-11;2046,-12,9;2048,-7,4;2050,-1,2;2055,11,-6;2060,-15,12;2062,-1,2;2065,8,-7;2080,-21,10;2085,14,6;2090,-16,-2;2095,8,3;2100,-13,2;2110,-10,9;2120,-6,8
rua||goncalo dias cortes|jardim bonsucesso|14406594|3720,-2052678,-4745072;3730,-9,-6;3731,-12,3;3740,8,-6;3741,-12,-3;3750,2,-2;3751,-10,-3;3760,5,-10;3761,1,-6;3770,-7,2;3771,-13,-5;3780,8,-2;3781,-10,-2;3790,7,-2;3791,-14,-5;3800,3,-2;3801,-14,2;3811,-4,-11;3821,-9,-9;3831,-1,-1
rua||helio cerqueira|parque do horto|14409354|221,-2048914,-4740360;223,-25,-20
rua||helio cerqueira|residencial olavo pinheiro|14409354|917,-2049001,-4740240;919,-6,12
rua||henrique fernandes cunha|bairro sao jose|14403410|1911,-2054170,-4739465;1920,0,10;1921,26,17;1930,-16,-5;1940,10,12;1950,7,6
rua||henrique fernandes cunha|sao jose|14403410|1826,-2054093,-4739384;2000,28,3
rua||hipolito jose da costa|jardim guanabara|14405440|3720,-2051578,-4741532;3730,-8,41;3740,13,-12;3750,4,2;3760,12,1;3800,23,20
rua||hipolito jose da costa|vila exposicao|14405440|3840,-2051457,-4741446;3848,11,11;3850,13,30;3851,2,-4;3860,6,22;3909,8,35;3911,13,16;3921,6,15;3925,5,11;3929,-1,4;3934,-6,-14
rua||humberto cecchi|jardim santa efigenia|14406537|306,-2053216,-4743941;307,-10,-20;316,18,8;317,-6,5;320,15,1;324,0,0;325,-14,-3;327,7,0;332,8,6;333,-2,2;334,4,-4;335,-3,-7;340,7,7;341,-2,4;348,11,-1;349,-3,3;356,6,-2;357,2,4;364,5,8;365,0,-12;372,8,-7;373,0,13;380,3,0;381,9,-1;389,1,1;396,7,4;397,3,-4;400,-8,-2;404,22,6;412,6,-12;413,-8,10;420,3,0;421,2,-7;428,17,13;429,-7,-5;436,11,2;437,-2,-4;444,9,4;445,-6,1;452,10,3;453,4,-5;460,11,4;461,7,0;476,10,9;477,1,-1;486,7,3;487,2,-3;494,4,1;495,2,3;502,6,4;503,-3,-4;504,-2,-4;510,11,11;511,1,-8;518,6,3;519,-1,-6;526,5,13;527,3,-11;534,12,8;535,-4,-5;540,7,13;542,-9,-1;543,9,-9;550,6,9;551,1,-4;552,-9,5;558,10,-2;559,6,-8;566,7,4;567,3,2;574,-4,8;575,8,-8;582,4,9;583,6,-13;590,8,18;591,6,-15;614,-13,-10;615,28,19;621,10,-2;632,-3,5;633,8,0;640,-11,9;641,17,-8;648,2,9;649,6,-12;656,7,6;657,-5,-3;664,6,11;665,6,-12;672,-6,24;673,12,-18;680,-1,9;681,9,-15;688,5,13;689,-1,-10;694,7,7;696,-6,-2;697,9,-1;704,5,9;705,2,-9;712,1,20;713,8,-16;714,3,17;720,2,-7;721,1,-4;728,3,9;729,7,-11;736,-8,7;737,11,-5;739,0,0;744,2,9;745,7,-9;752,7,11;753,1,-11;760,0,9;761,7,-6;768,3,-1;769,0,-2;771,0,0;776,12,9;777,3,-3;784,-6,11;790,18,-4;795,-3,7
rua||humberto de campos|franca|14402062|400,-2048728,-4739140
rua||humberto de campos|franca|14409514|287,-2048738,-4739486
rua||humberto de campos|recreio campo belo|14409509|25,-2048688,-4739752;29,6,-9;47,-1,-1;49,-6,22;55,-2,11;70,-11,-2;72,0,8;74,-1,3;75,7,2;79,0,1;120,-16,41;125,4,11;128,-8,-4;130,2,39;140,3,-36;150,-8,16;152,-16,-1;155,27,15;156,-41,-12;160,26,9;162,-10,-12;168,-3,2;171,19,32;175,0,-3;185,0,4;195,-4,21;202,-7,11;208,-1,1;210,-4,9;212,3,0;214,-1,-3;220,-3,13;221,6,-7;223,3,8;234,-12,7;236,1,6;238,31,24;260,-35,-10;264,6,-4;265,7,-42;270,-12,51;274,-3,-1;276,1,7;288,15,-67;290,-15,85
rua||hygino jacinto caleiro|franca|14407354|965,-2049722,-4741559;967,-12,1;975,21,-8;985,4,-9;995,3,-6;1005,4,-11;1015,1,-10;1025,22,-10;1035,-17,0;1045,-32,-37;1055,46,19;1065,1,-18;1075,0,0;1085,5,-16;1145,-23,-49;1155,1,-5;1165,8,-10;1175,-2,-17;1185,6,-8;1195,6,2;1205,6,-8;1235,17,-39;1245,0,-6;1255,11,1;1257,-13,5
rua||hygino jacinto caleiro|leporace 3|14407354|970,-2049702,-4741562;980,4,-1;990,4,-15;1000,4,-2;1001,3,-7;1010,-11,-16;1012,7,13;1020,11,-9;1030,7,-16;1040,-2,-13;1042,0,2;1050,-1,-5;1060,11,-5;1062,-5,-8;1070,7,-5;1080,-7,0;1084,5,-14;1090,0,0;1160,-8,-53;1170,0,-12;1180,2,-15;1190,1,-7;1200,5,-7;1210,5,-8;1220,5,-9;1230,5,-12;1240,2,-9;1244,-1,4;1250,1,-5
rua||interna do condominio|city petropolis|14409523|1251,-2048026,-4740145;1301,25,-78;1330,24,86;1351,-4,-114;1401,17,-49
rua||interna do condominio|city petropolis|14409570|201,-2048063,-4740255;241,27,65;1351,1,-86;1401,20,-43
rua||isabela cristina cardoso|vila nossa senhora das gracas|14407818|410,-2047761,-4744207;430,-19,10;440,-2,6;460,-13,9;475,-9,12;480,-5,2;485,-1,4;490,-8,-1;500,-2,11;510,-13,2;520,-8,2;525,3,4;535,-10,11;545,-2,9;560,-19,-2;575,-5,8;580,-9,0;585,-2,6;590,3,4;595,-8,8;600,-7,-2;605,3,10;610,-21,-1;615,12,13;620,-14,-11;630,-2,2
rua||ismael dos reis correa|chacara sao paulo|14406604|1001,-2052496,-4744174;1090,5,1;1091,-2,-5;1100,9,1;1101,9,3;1102,-13,4;1110,17,-9;1111,-3,2;1120,-1,-1;1121,15,4;1129,4,-2;1130,-6,-2;1131,6,-2;1139,10,3;1140,-1,-2;1141,3,-2;1144,6,16;1150,1,-4;1151,-19,-13;1160,30,10;1164,-1,6;1170,9,2;1171,-3,-10;1180,11,7;1181,6,-3;1183,-5,-3;1190,5,5;1191,3,0;1200,7,6;1210,10,-1;1220,13,4;1230,8,-5;1240,3,4
rua||itargino batista carmo|jardim regina helena|14405098|1563,-2053823,-4741085;1590,34,28;1600,20,-5;1612,64,-7;1690,17,32;1691,4,-8;1700,8,-11;1720,3,22;1721,11,11;1731,5,-16
rua||izaltino falleiros costa|prolongamento recanto elimar|14403336|851,-2056677,-4737436;859,3,14;861,8,-2;870,-15,2;871,18,-6;874,-13,5;880,2,3;881,25,-5;890,-12,8;891,16,-6;893,1,7;900,-11,6;901,17,-2;910,11,-8;911,0,6;920,-6,7;931,16,0;935,5,-9;936,-25,7;940,16,1;941,22,1;950,-15,5;951,19,-5;955,4,15;960,-9,-2;961,15,0;965,1,0;966,-14,-1;971,23,10;974,-17,-4;980,8,2;981,17,2;990,-11,0;991,21,1;1000,-14,-1;1001,23,10;1004,-17,-9;1010,11,4;1011,12,-4;1012,-14,-1;1014,-6,7;1020,10,3;1021,18,-4;1024,-10,-9;1030,0,7;1031,22,7;1040,-10,5;1041,14,-6;1050,-10,5;1051,18,-1;1061,11,3;1070,-6,8;1071,14,-3;1075,5,0;1080,-13,6;1081,16,9
rua||jairo costa|city petropolis|14409525|480,-2048161,-4739544;481,6,-15;490,-1,14;493,4,-14;497,4,-7;500,-4,12;501,6,-18;502,-9,23;510,11,-16;511,-6,-4;512,0,10;516,7,-6;520,2,-3;521,-4,-14;524,50,-68;530,-43,74;531,-6,-7;540,10,-8;541,0,-3;546,8,-26;549,-5,18;551,-13,32;552,10,-24;553,3,-5;560,7,-4;561,-1,-9;571,5,-11;573,-2,6;581,8,-14;590,10,3;591,-11,1;600,13,-7;601,-3,-8;604,0,8;605,1,-10;609,2,-1;610,0,2;611,2,-9;619,0,-4;621,3,-1;631,2,-7;640,13,-5;641,-6,-2;650,15,-10;651,-9,-1;653,2,-9;660,3,2;661,-3,-3;664,45,-52;671,-38,40;680,10,5;681,-3,-11;685,2,-3;690,1,-1;691,-1,0;693,4,-9;695,4,1;700,1,-1;710,5,-1;712,-2,-3;722,1,-10;724,8,0;726,4,0;728,5,-3;730,-4,-2
rua||janete aparecida mine cintra|village santa georgina|14406823|529,-2055326,-4743323
rua||januario cervi|vila santa cruz|14403457|2494,-2054173,-4738773;2504,3,2;2506,-7,3;2507,8,4;2511,-9,7;2514,-25,-3;2516,23,-3;2518,-8,0;2522,0,2;2524,-5,-2;2527,2,16;2530,-10,-7;2538,-2,2;2541,-1,4
rua||jeferson de carvalho|city petropolis|14409610|1051,-2047259,-4739556;1061,-3,-6;1081,5,-11;1191,142,-92;1221,12,-16;1261,34,-27;1269,-112,80;1271,19,4;1273,105,-87;1279,9,-12;1282,-106,76;1285,141,-102;1291,7,-3;1299,-120,91;1301,129,-99;1310,-99,75;1321,-127,82
rua||joao batista cintra|jardim monte carlo|14410185|5420,-2048556,-4737348;5480,41,27;5550,19,48;5580,12,26;6100,294,445
rua||joao batista cintra|recanto fortuna|14410185|6995,-2048720,-4737246
rua||joao bernardo cintra|jardim panorama|14402481|1010,-2051997,-4735559;1018,12,0;1020,-2,8;1030,3,9;1040,12,1;1050,-1,9;1060,7,3;1061,24,16;1070,-12,-5;1080,-3,5;1090,13,5;1100,6,8;1110,6,12;1120,5,3;1130,8,8
rua||joao cazarotti|residencial polo clube|14412323|6711,-2057156,-4735950;6721,69,-101;6725,-2,2;6731,0,2;6741,-7,9;6745,-9,4;6751,-1,8;6759,-3,4;6760,1,-11;6761,-3,11;6766,-3,0;6770,0,-1;6771,2,8;6775,-1,1;6780,-5,1;6781,3,4;6786,-9,10;6790,-3,-4;6800,-1,9;6801,2,2;6805,-2,6;6806,-12,0;6810,2,0;6811,7,2;6815,-4,6;6820,-3,-1;6821,2,3;6825,0,2;6830,-9,7;6831,9,-3;6835,-9,10;6836,1,-8;6840,-6,6;6841,7,-1;6845,-3,8;6846,-7,-1;6850,-3,-1;6856,-1,4
rua||joao de goes conrado|sao jose|14403446|2362,-2054024,-4738794;2453,30,3;2455,0,0;2465,-7,11;2469,6,-2;2475,-2,19;2483,2,7;2489,0,4;2493,-2,3;2495,-2,5;2505,6,10;2513,3,7;2525,2,6;2537,-1,12;2547,2,6;2557,7,8;2570,-8,17;2571,7,-6;2581,8,5;2600,-14,19;2611,11,35;2612,-10,-34;2621,9,38;2622,-2,-3;2634,-1,8;2646,6,15;2664,7,16;2677,1,-1;2680,-5,18;2682,0,-1;2684,1,5;2685,7,-16;2686,-7,19;2687,7,-20;2693,1,20;2695,1,-13;2696,-9,14;2698,-3,1;2700,5,-1;2702,-2,13;2705,7,-3;2707,4,-5;2709,3,-7;2712,-11,22;2719,2,-10;2722,3,28;2729,4,-21;2730,-4,26;2739,-3,-12;2749,9,9;2771,8,35;2779,-4,5;2785,1,3;2789,-1,13;2799,4,5;2809,2,6;2817,0,13;2825,3,9;2833,0,12;2849,8,-3;2853,18,11;2855,-23,2;2857,2,1;2871,0,17;2881,1,6;2895,8,17;2925,7,22;2945,-1,17;2950,-10,5;2957,17,9;2959,-9,-4;2960,-8,-17;2970,14,28;2977,1,13;2980,-6,6;2987,2,7;2990,4,2;2997,7,-3;3000,-6,24;3007,7,-8;3009,24,7;3010,-19,11;3011,14,-13
rua||joao de goes conrado|vila santa cruz|14403446|2754,-2053958,-4738500;2760,2,9;2770,0,1;2780,2,9;2790,-8,15;2798,5,8;2804,9,7;2806,-2,0;2808,-2,0;2820,9,6;2828,2,8;2830,1,8;2834,-4,11;2844,-1,7;2854,-1,14;2864,4,4;2874,5,12;2884,2,10;3200,-99,509
rua||joao luiz de castro|jardim palma|14402088|3177,-2051395,-4736838;3185,-5,8;3193,7,4;3201,6,5;3209,2,7;3217,-3,2;3225,6,10;3233,4,6;3235,-11,-27;3241,15,31;3249,10,13;3251,-9,1;3265,10,9;3273,1,0;3281,5,13;3289,6,10;3297,3,-5;3305,2,12;3313,3,16;3321,5,5;3329,4,3;3337,-2,-1;3345,13,12;3353,7,17;3361,-11,5;3369,14,1;3377,-1,9;3379,-15,-28;3385,17,28;3387,0,7
rua||joaquim leoncio coelho|jardim conceicao leite|14405362|92,-2052898,-4741342;120,-4,-18
rua||joaquim leoncio coelho|vila nova|14405362|321,-2052902,-4741410;341,-5,24
rua||joaquim manoel correa|distrito industrial abdalla hajel|14406272|815,-2054186,-4746165
rua||joaquim manoel correa|jardim simoes|14406272|101,-2053994,-4746213;111,10,-3;121,11,-5;141,10,-27;151,18,20;161,11,0;171,2,7;181,11,-9;191,5,-3;915,-145,39;935,-25,8
rua||jonas alves costa|vila duque de caxias|14401016|9,-2052856,-4740136;19,-2,11;47,-12,16;50,0,1;57,-5,4;60,0,9;67,-7,8
rua||jorge cheade|vila duque de caxias|14401014|990,-2052743,-4740197;995,-9,-3;1000,-9,10;1029,-23,20;1030,-2,5;1045,-10,9;1047,19,-17;1053,-26,24;1089,-17,25;1099,-9,9;1109,-1,8;1119,-24,14;1120,10,6;1121,-4,3;1130,3,1
rua||jorge cheade|vila monteiro|14401014|1170,-2052878,-4740055;1176,-2,1;1186,-2,-1;1189,-4,13;1190,-5,-6
rua||jose barcellos cardoso|jardim luiza ii|14407643|3134,-2048565,-4742731;3136,-6,7;3139,2,-3;3144,7,2;3149,4,3;3154,17,11;3159,-7,-9;3162,8,7;3164,5,2;3169,-4,-16;3174,2,5;3179,7,-6;3184,4,11;3186,6,2;3189,0,-3;3194,3,4;3196,8,-2;3199,-2,-5;3201,8,-3;3202,-3,0;3210,9,8;3214,2,-1;3219,3,-7;3224,-2,4;3226,11,7;3229,-3,-9;3234,9,8;3235,-4,-10;3239,6,4;3242,11,9;3249,0,-10;3254,5,11;3259,6,-12;3264,5,13;3267,-1,-12;3269,-3,-1;3274,8,16;3277,5,-6;3279,-2,-4;3287,6,-14;3289,3,10;3294,10,10;3304,14,-8;3314,8,8;3319,1,-9;3324,6,8;3325,-5,1;3329,7,-6;3339,1,-2;3340,-35,-3;3342,4,1;3349,33,3;3351,8,5;3359,5,-5
rua||jose carmelito do carmo|franca|14407044|781,-2050204,-4741468;790,10,-7;791,-3,-11;800,13,4;801,0,-10;810,1,3;811,4,-5;813,-9,-1;820,10,-7;821,-2,-7;830,1,0;831,2,-3;840,1,-12;841,2,6;850,2,-12;851,-1,3;860,4,-11;861,0,1;870,9,-9;871,-6,0;880,9,-6;881,-2,-9;890,11,-3;891,-13,1;900,12,-7;901,-2,-11;910,5,-3;911,-2,1
rua||jose chediak|parque tres colinas|14401144|243,-2052873,-4739878;252,1,5;259,9,2;260,-1,-3;263,1,6;265,4,4;266,2,-5;267,6,9;278,-4,3;281,5,2;291,10,10;292,0,-2;298,3,11;301,4,-3;309,5,6;317,6,4;320,-5,-2;325,9,3;326,1,6;332,8,1;335,-4,0;340,0,9;343,6,-1;349,10,7;352,-6,-3;358,4,5;361,4,1
rua||jose chiachiri|vila nossa senhora das gracas|14401061|473,-2052314,-4739512;481,-2,-2;482,4,-17;491,-8,3;497,-8,-8;501,5,3;509,-2,-9;510,6,-11;517,3,36;520,-8,-48;530,-3,-11;579,-19,-53;580,7,5;589,-8,-14;590,4,8;599,-2,-20;600,5,0;609,-10,4;610,-210,171;621,205,-176;627,-3,-11;628,-5,15;630,15,-22;633,-10,3;638,1,-7;639,-3,1;660,3,-25;661,-8,6;667,-2,-15;688,4,-21;691,-8,12;693,-2,-2
rua||jose comparini|jardim derminio|14406525|990,-2052909,-4743014;999,4,-25;1000,4,9;1002,3,-14;1010,0,0;1020,3,-7;1021,-6,-3;1030,7,-10;1031,-3,-1;1040,6,-6;1041,-8,0;1050,14,-6;1051,-8,-8;1060,14,-5;1061,-9,-6;1070,9,0;1071,-8,-10;1080,23,-41;1081,-22,33;1090,12,-6;1091,-12,6;1101,7,-16;1111,0,-1;1121,5,-21;1131,2,-5;1141,2,-12;1151,-1,0;1160,19,-11;1161,-18,-2;1169,3,-12;1170,13,3;1171,-11,5;1180,19,-16;1181,-11,-8;1210,17,-27;1211,-5,-15;1221,-1,7;1223,0,-5;1230,12,-6;1231,-13,0;1232,6,19;1240,3,-23;1241,-3,-6;1250,8,-7;1251,-7,2;1261,12,-14;1271,1,3;1281,-2,-13;1291,2,-25;1301,1,0;1303,-2,2;1311,5,-12;1331,7,-26;1339,5,-4;1341,-3,0;1361,3,-10;1371,2,-9;1381,3,-4;1391,5,-16;1401,-1,-14;1420,17,-20;1430,2,-15;1431,-6,-2;1436,8,-5;1440,-1,-3;1441,-4,-1;1450,12,-4;1451,-12,-3;1453,8,-9;1461,0,-10;1463,-4,6;1470,2,7;1480,13,-26;1481,-7,-1;1490,7,-5;1491,-3,-5;1500,7,-2;1501,-5,-4;1510,11,-6;1511,-13,-5;1520,8,5;1521,5,-18;1523,-7,4;1530,6,5;1531,-1,-17;1540,4,0;1541,-3,-4;1550,1,-11;1551,4,-6;1560,-3,2;1561,2,-12;1570,-2,5;1571,8,-8;1580,-1,-2;1581,0,-6;1590,0,-8;1591,10,-9;1601,-3,4;1611,-3,-1;1613,4,1
rua||jose comparini|vila rezende|14406525|409,-2053066,-4742460;410,3,3;413,-3,3;419,12,-9;420,-8,-2;429,2,-9;430,-5,4;436,10,-17;437,-2,4;438,1,0;439,1,-8;447,4,1;448,2,0;449,-5,-6;451,7,-11;456,-4,13;457,2,-6;459,8,-7;465,-11,-9;466,12,1;467,-6,0;469,-5,-6;476,19,6;479,-14,-6;483,1,-5;486,9,-6;489,-11,-6;491,2,10;496,16,-14;499,-13,0;501,2,-18;530,15,-18;536,0,-5;537,-5,-3;539,0,-4;540,7,1;545,-4,-13;550,9,8;555,-7,-25;560,2,15;562,5,-2;569,-8,-15;570,10,0;580,-2,-4;581,1,-2;590,9,-2;591,-12,-14;596,7,14;598,-1,-5;605,3,-8;607,-4,-7;615,1,3;617,2,-5;625,8,-10;631,-2,-5;635,-6,-9;641,10,-14;643,-1,-1;645,3,-6;655,7,-9;720,13,-35;721,-7,-3;730,9,-4;731,-7,-11;740,13,-2;741,-7,-9;747,-2,9;749,2,-11;750,6,4;751,-6,-8;753,3,2;760,4,-8;761,-5,-1;764,11,-2;771,-7,-9;773,0,3;774,9,-1;778,-4,-5;781,-6,-1;784,13,-9;791,1,-3;794,-3,0;796,5,-5;801,-1,-1;803,-1,-9;804,2,10;805,6,-22;807,-5,3;814,3,-1;815,-4,-10;817,5,6;820,0,0;824,-7,-1;825,4,-4;827,7,-13;828,-11,16;832,0,-2;873,20,-67;874,10,-5;876,-1,12;883,-8,-6;884,7,-7;893,-5,-5;894,11,-6;903,-11,-4;904,8,-8;913,-1,-4;921,2,-6;923,9,-10;924,2,-8;925,-11,15;927,0,3;942,11,-34;973,-2,13;981,-1,0
rua||jose ferreira candido|recanto elimar|14403288|130,-2057245,-4737325;141,6,-6;150,8,5;151,7,-6;160,3,7;161,0,-8;170,11,10;180,5,3;190,9,2;200,12,-1;201,1,-10;210,5,14;211,4,-14;212,-6,15;220,10,1;224,5,-1;241,27,-13;250,-10,16;251,12,-14;260,-3,8;261,20,-3;270,-14,9;271,17,-12;274,-17,12;280,14,0;281,19,-4;286,-18,7;288,4,-2;290,4,-1;291,17,-3;300,-11,3;301,21,-3;310,-13,7;311,24,-9;320,-14,7;330,7,2;334,5,7;351,33,-11;361,7,-2;2535,-19,-5
rua||jose ferreira candido|residencial dourado|14403288|400,-2057042,-4737300
rua||jose flavio de castro|jardim do eden|14402135|1480,-2051363,-4736999;1490,9,-2;1491,-13,5;1501,7,-5;1510,21,-7;1511,-9,5;1520,16,-12;1521,-4,3;1529,0,4;1530,19,-14;1531,-9,2;1541,6,0;1550,4,0;1666,105,-42;1667,0,-4;1670,11,3;1671,2,-2;1680,13,-5;1681,-7,-5;1691,16,1;1700,8,1;1701,-3,-10;1702,10,-2;1710,6,9;1711,-8,-10;1720,15,0;1721,0,-6;1731,13,-9;1749,20,-5;1750,-3,6;1751,17,-18;1756,-3,12;1760,4,-15;1761,-2,6;1762,4,3;1764,-1,6;3017,-276,116
rua||jose flavio de castro|jardim eden|14402135|1831,-2051046,-4737136;1840,14,6;1841,3,-17;1850,7,13;1851,2,-17;1854,8,14;1860,5,-2;1861,-1,-14;1870,10,7;1871,5,-12;1880,0,7;1881,8,-12;1890,6,10;1891,0,-13;1900,10,11;1901,4,-16;1910,5,11;1911,4,-6;1920,9,1;1921,0,-10;1940,36,-2;1950,5,-19;1960,25,0;1961,-1,-10
rua||jose olavo da costa|city petropolis|14409604|981,-2047349,-4739885;987,7,1;991,0,10;1001,10,8;1011,9,5;1021,-5,6;1031,2,-6;1041,18,17;1043,-2,-13;1051,15,17;1053,-8,-1;1061,11,-1;1063,-6,4;1071,17,2;1081,10,4;1091,6,15;1101,5,-4;1103,6,-3;1111,14,17;1130,1,21;1131,6,-10;1133,0,-2;1134,3,2;1140,-1,9;1141,1,-7;1142,0,16;1151,15,-13;1160,-3,8;1161,7,-9;1163,-7,2;1164,13,20;1170,-3,0;1171,-38,-37;1180,51,40;1182,2,-3;1190,2,14;1191,5,-11;1200,11,10;1201,-1,-8;1209,2,-2;1210,2,15;1211,2,-10;1212,9,22;1220,-3,-9;1225,0,-7;1230,5,10;1231,0,-7;1232,1,13;1240,6,0;1241,4,-12;1243,-2,2;1250,9,20;1251,-3,-12;1253,-1,0;1260,12,8;1261,-4,-2;1270,8,10;1271,2,-6;1274,2,10;1280,6,2;1281,-2,-6;1283,6,6;1290,-4,6;1291,8,2;1300,1,-2;1301,5,6;1303,-3,-8;1311,8,0;1313,4,23;1321,10,-14;2060,-51,-19
rua||jose ortivo carloni|jardim sao gabriel|14406570|2381,-2052977,-4744358;2389,3,4;2410,-11,-32;2422,-4,-6;2432,-7,-4;2439,-10,2;2442,8,-12;2452,-7,-1;2460,-5,-8;2472,-4,-1;2490,-19,-13;2512,1,-11;2522,-6,-12;2532,1,0
rua||jose pedro de carvalho|jardim miron|14405120|541,-2052801,-4740737;550,-9,11;551,-5,12;560,1,-11;561,4,17;570,-5,0;571,3,7;580,23,12;590,-30,-3;600,0,9;602,-10,17;604,-2,2;606,3,8;610,-8,9;611,14,-23;619,-2,11;620,-14,22;621,4,-3;630,-4,9;631,7,-19;640,-16,29;641,5,-4;650,-5,6;660,-3,17;666,-10,6;670,-2,9;680,-1,9;681,17,-25;690,-17,31;700,4,8
rua||jose pedro de carvalho|vila chico julio|14405120|116,-2052716,-4741129;125,54,10;128,-13,-7;129,9,2;135,-4,7;138,-1,2;145,-4,8;210,-24,45;215,1,19;217,5,-23;219,5,0;220,-10,16;221,7,-18;223,-2,30;225,3,-20;227,-8,15;229,22,-28;230,-28,31;235,28,-32;237,-31,41;248,0,7;265,-6,5;275,3,5;283,-6,12
rua||jose pedro de carvalho|vila nicacio|14405120|329,-2052743,-4740943;337,7,7;344,-18,3;345,21,3;355,-10,14;360,0,-5;362,4,9;364,-10,2;366,-1,7;367,2,-3;377,-6,8;382,8,-3;387,-5,11;392,-9,4;430,-2,46;446,-15,-4;450,9,15;460,-10,10;465,-4,21;470,-9,6;475,8,4;480,-9,1
rua||jose peres cruz|jardim panorama|14402483|1080,-2051815,-4735519;1084,-3,-15;1090,1,17;1100,-1,11;1102,2,2;1110,0,14;1120,2,9;1130,1,7;1140,-2,1;1150,4,16;1160,-4,5;1162,0,5;1170,4,9;1180,2,16;1200,-13,13;1210,14,11;1220,0,10;1222,4,6;1224,3,-2;1230,-3,8;1240,-2,11;1250,-2,4;1260,2,17;1270,-3,4;1280,3,10;1290,-3,7;1300,2,13;1310,4,13;1320,-2,5;1330,-4,8;1340,6,11;1360,-4,29;1361,14,-3;1365,6,-2;1370,-16,19;1371,6,-5;1380,-4,8;1381,3,-3;1390,-3,14;1391,5,5;1400,-4,1;1401,10,2;1410,-12,8;1411,8,2;1420,-7,10;1421,5,5;1430,-6,4;1431,7,11;1440,-6,-5;1441,6,5;1450,-3,6;1451,4,6;1460,-6,0;1461,8,10;1470,-10,4;1471,10,5;1480,-5,4;1481,5,3;1490,-6,7;1491,4,8;1500,-5,0;1501,7,9;1510,-2,4;1511,3,4;1520,-3,3;1521,4,10;1531,5,5
rua||jose ribeiro conrado|sao jose|14401300|186,-2053345,-4739122;216,0,33;226,-2,8;236,19,115;246,-18,-98;256,1,6;266,2,3;276,5,15;286,2,10;296,0,12;306,4,41;310,-8,-29;316,-1,4;326,3,10;336,3,5;338,6,7;530,-3,86;540,12,34;560,6,49;570,5,18;575,1,-5;580,-4,14;590,-2,19;615,11,-3;625,0,19;630,-6,35;635,7,-20;640,-13,1;645,15,12;655,6,31;665,2,14;725,0,52;735,0,22;740,-28,31;755,39,-11;760,-28,0;770,22,34;785,-7,14;795,-3,11;800,1,1;805,10,5;815,9,8;820,-16,17;825,-6,11;830,6,3;833,15,-7;840,-15,33;845,25,-20;850,-55,44;855,48,-27;860,-28,20;880,16,34;900,3,19;905,11,-2;910,-5,25;920,11,9
rua||josue domingos de campos|jardim vera cruz ii|14407486|1088,-2048919,-4741322;1098,5,-12;1108,11,-3;1118,10,-11;1128,-5,-6;1138,-13,-12;1148,16,-16;1158,7,-1;1168,3,-13;1178,0,-8;1188,7,-10;1204,5,-8;1208,-6,-10;1218,9,-7;1238,9,-17;1248,-4,0;1258,7,-22;1268,0,-5;1270,-2,-2;1272,4,3;1278,5,-12;1288,6,-22;1298,4,0;1308,2,-4;1338,14,-36;1348,67,-206;1358,-67,193;1368,12,-15;1378,-2,-15;1388,4,-6;1398,4,-7;1400,1,-12;1418,48,-139;1428,1,-2;1430,1,-1;1438,-38,116;1448,2,-10;1458,7,-15;1468,0,-6;1478,3,6;1488,6,-22;1498,-4,-5;1508,6,-12;1518,16,-48;1528,0,0;1538,1,-4;1548,0,1;1558,-3,7;1568,4,-8
rua||josue domingos de campos|vera cruz 2|14407486|1075,-2048920,-4741314;1085,1,-8;1095,3,-7;1106,-1,-9;1115,9,-8;1125,8,-5;1135,-2,-18;1145,1,-4;1155,3,-12;1165,6,-5;1175,1,1;1185,7,-18;1195,0,-9;1197,3,-4;1205,2,-6;1215,4,-18;1225,4,0;1235,6,-11;1245,1,-7;1255,-1,-9;1265,3,-13;1275,-1,5;1295,-4,7;1325,25,-68;1335,-2,-11;1345,6,-8;1355,5,-14;1375,4,-10;1385,8,-15;1395,2,-9;1405,5,-4;1409,-1,-5;1415,-1,-3;1425,7,-9;1445,4,-17;1455,3,-7;1465,0,-13;1475,4,-7;1485,3,-9;1495,7,-9;1505,6,-7;1515,-2,-11;1525,1,-7;1535,4,-9;1545,5,-13;1555,-19,24
rua||josue domingos de campos|vera cruz|14407486|570,-2049057,-4740862;580,-2,-4;590,3,-12;600,5,-12;602,3,5;610,0,-15;612,-1,5;620,0,-10;630,-1,-4;640,2,-10;642,0,-5;650,8,-4;660,-4,-14;670,9,-8;680,-8,-8;690,8,-10;700,5,-10;710,5,-9;720,2,-8;730,1,-13;740,8,-7;750,-2,-11;760,8,-5;770,0,-9;780,5,-11;784,8,5;790,-6,-8;820,38,-37;830,17,-5;840,-31,-19;850,-3,1;860,0,-12;870,8,-28;880,-16,39;890,18,-36;900,5,-7;910,-12,28;920,17,-42;930,2,-18;940,-39,93;950,8,-1;960,21,-53;970,1,-7;990,40,-112;1000,-13,24;1010,12,-22;1020,0,4;1030,7,-7;1040,-9,2;1050,1,1
rua||josue domingos de campos|vera cruz|14407488|577,-2049083,-4740838;587,4,-10;597,7,-6;607,-3,-9;617,7,-12;627,-5,1;647,16,-23;657,3,-15;667,-3,-11;677,2,-5;687,3,-14;697,10,-5;707,-7,-19;717,10,-14;727,3,-2;737,6,-8;747,3,-7;757,2,-6;759,-1,3
rua||joviano de carvalho|parque sao jorge|14405177|600,-2051850,-4740381;610,-9,1;628,-16,-12;640,-23,-6;650,7,6;652,1,-9;660,4,10;702,-71,16;712,-7,1;714,6,8;718,-10,-2;722,1,6;732,-10,5;742,-7,3;752,-7,4;760,-11,9;762,-1,-2;778,-8,12;780,5,-9;786,-4,5;790,-10,9;798,-5,0;818,-18,20;828,-5,1;830,-35,37;838,27,-37;848,-6,8;858,-6,6;868,-6,10;878,-8,6;894,-9,-1;896,-1,0;902,-3,6;908,69,-42;916,-83,54;924,-3,0;926,7,13
rua||jovino da costa|jardim monte carlo|14410190|5265,-2048901,-4737125;5311,10,3;5313,21,19;5361,4,2;5407,37,25;5453,52,26;5601,158,87;5607,-48,5;5654,57,35;5671,13,4;5674,6,6;5700,48,28;5701,-14,-10;5750,24,16;5751,-4,2;5798,36,32;5801,-8,132;5806,-32,-168;5846,70,47;5851,-156,-108;5942,201,134;6089,150,122
rua||jovita maria da conceicao|residencial ana dorotheia|14412206|4570,-2055397,-4735857;4571,-13,0;4572,-9,8;4580,13,-2;4581,5,11;4590,-4,-18;4591,7,3;4600,5,7;4601,3,-1;4610,3,1;4611,-5,1;4620,9,1;4621,-5,2;4630,4,-1;4631,6,-2;4640,5,0;4641,0,9;4650,16,0;4651,-10,-4;4660,2,0;4661,2,4;4670,5,-4;4671,2,-1;4680,6,3;4681,-6,0;6350,-67,-18;6360,-2,10;6370,2,4;6380,2,9;6390,-3,-2;6400,1,12;6410,1,0;6420,-6,4
rua||larissa dos santos contini|residencial sao vicente|14403893|4498,-2055318,-4737918;4505,11,9;4525,-15,-4;4533,-15,4;4540,-16,-11;4545,5,14;4559,-16,-2;4568,-17,-11
rua||lazaro cruz|polo industrial abilio nogueira|14406058|110,-2054138,-4743721
rua||lazaro cruz|polo industrial abilio nogueira|14406063|157,-2054167,-4743816
rua||leontina odette de castro|parque castelo|14403204|2850,-2055752,-4739294;2851,7,-3;2853,-1,7
rua||luiz castaldi|recanto capitao heliodoro|14407705|14,-2047905,-4742451;26,-58,-7;741,99,24;771,-323,-37;780,206,22;800,-83,-17
rua||luiz chrysogono de castro|jardim brasilandia|14402029|245,-2051807,-4737290;2032,-5,28;2034,-2,-10;2044,-1,21;2054,6,14;2056,0,-11;2064,-3,6;2074,-6,1;2084,13,16;2090,3,11;2094,-1,3;2104,4,13
rua||luiz chrysogono de castro|jardim brasilandia|14402060|2015,-2051803,-4737294;2023,3,12;2033,-4,2;2053,-1,15;2059,1,12;2063,4,4;2065,2,8;2075,-5,-1;2083,2,15;2093,5,5;2095,-1,1
rua||luiz chrysogono de castro|jardim riviera|14402040|1854,-2051815,-4737370;1873,1,-74;1883,-8,8;1884,-7,-6;1893,12,17;1894,0,-7;1903,1,23;1904,-9,-14;1907,16,7;1913,-4,5;1914,-9,6;1915,16,0;1923,-27,-6;1924,17,16;1933,5,11;1934,-11,-3;1943,16,10;1944,-11,1;1945,7,1;1951,-11,4;1953,11,-7;1954,-10,10;1963,10,7;1964,-10,-6;1968,1,9;1973,14,7;1974,-12,-5;1976,1,1;1984,-3,10
rua||luiz dias da costa|jardim santana|14403064|500,-2055035,-4739986;511,-7,-3;520,-11,5;521,13,5;530,-15,6;531,-1,5;540,-4,1;541,-5,12;550,8,3;551,-5,6;560,-6,3;561,12,9;571,8,19;581,-13,3;590,-6,2;591,-7,12;600,10,-1;620,-7,35;670,0,51;680,-3,15;690,1,0;700,4,11;730,-1,39;760,1,28
rua||magid calixto|residencial palermo city|14408020|2170,-2051722,-4743677;2180,7,-11;2186,9,6;2190,-1,-2;2195,18,4;2196,-4,-6;2200,8,2;2205,8,0;2206,1,0;2215,3,-6;2216,1,7;2230,6,-3;2235,7,-6;2236,2,3;2240,3,-4;2246,9,1;2250,3,5;2255,0,-4;2275,20,-3;2290,19,-1;2295,-2,-4;2296,6,2;2300,1,-3;2305,8,-2;2315,6,1;2320,4,7;2330,7,0;2335,11,-6;2340,4,0;2345,2,-1;2350,10,1;2355,0,1;2360,5,-3;2365,2,4;2369,6,2;2370,2,-1;2375,2,-3;2380,5,8;2385,-2,-9;2390,15,4;2395,0,-7;2400,18,6;2405,-11,-1
rua||magid calixto|residencial palermo city|14408060|1950,-2051442,-4743697;2480,23,-15;2490,5,-5;2510,20,0;2520,5,9;2530,8,-4;2536,16,-10;2540,12,3;2550,0,0;2570,16,-2;2580,9,-8;2590,12,7;2600,9,-6;2610,23,18
rua||magid calixto|residencial palermo|14408060|2475,-2051438,-4743713;2495,29,-13;2525,21,6;2535,22,-12;2545,7,12;2549,-7,-2;2555,13,-2;2565,15,10;2575,8,-6;2585,7,-7;2595,11,0;2605,-1,13;2640,49,-8;2645,11,-12;2646,-5,5;2650,3,4;2655,12,-4;2657,-5,-2;2660,7,1;2665,3,-4;2670,1,6;2675,11,-9;2680,-3,7;2685,14,-10;2695,4,0;2699,9,-2;2700,-4,12;2705,10,-11;2710,-5,3;2715,13,-3;2720,-2,3;2725,13,-5;2730,-10,2;2740,18,7;2750,1,-6;2755,38,-9;2760,-25,11;2770,10,0;2780,6,-5;2790,10,4;2795,13,-11;2800,-5,8;2810,10,2;2815,11,-12;2820,-2,5;2825,14,-11;2835,14,4;2845,2,-2;2850,-4,9;2855,20,-7;2862,-19,-2;2864,3,3;2865,18,-2;2866,-17,2;2868,3,-8;2870,7,7;2874,12,3;2875,7,-6;2880,3,3;2885,-2,-7;2895,18,1;2900,-9,8;2910,8,-5
rua||maira gomes carrion|residencial polo clube|14412318|6490,-2056828,-4736157;6491,5,6;6496,-3,1;6500,0,5;6501,0,1;6511,1,10;6515,-4,0;6521,-8,3;6525,4,6;6526,-11,-2;6530,4,5;6531,1,-2;6535,-5,6;6536,1,4;6540,-6,2;6541,3,-4;6545,-4,3;6547,2,10;6550,-10,-3;6551,2,3;6556,5,2;6557,-3,2;6560,0,3;6565,-4,-1;6567,-1,6;6571,-4,2;6578,-3,5;6580,0,-1;6581,-1,4;6590,-2,3;6591,-2,5;6595,-1,3;6600,1,3;6601,-1,19;6606,-1,-14;6610,-2,3;6611,10,8;6615,-24,-8;6616,3,6;6620,-9,16;6621,13,-12;6625,-6,-5;6630,5,10;6631,-2,2;6633,-7,3;6636,2,4;6640,-4,2;6641,1,-4;6645,0,5;6646,-4,5;6650,-3,6;6651,5,-3;6703,-37,52;6705,0,4;6708,-9,0;6710,-1,10;6711,8,-9;6716,-14,9;6720,3,5;6721,1,-2;6730,-5,2;6731,-1,11;6736,-2,-7;6740,-1,13;6741,2,-4;6742,-3,0;6745,3,5;6746,-3,-2;6750,1,1;6751,-2,8;6755,-3,4;6756,-3,-2;6760,-3,6;6765,0,-2;6766,3,5;6770,-3,-4;6771,-3,2;6775,-1,7;6780,-5,4;6785,2,7;6786,-12,-11;6788,-14,31;6790,18,-15;6796,2,-2;6800,0,0;6801,-2,6;6805,-2,2;6810,-1,-1;6811,-6,9;6815,-1,3;6820,-4,0;6826,-4,6;6830,-1,4;6831,1,3;6835,-4,5;6836,5,-19;6840,-7,19;6841,-2,7;6845,0,2;6850,-8,1;6851,9,-1
rua||manoelina pontes castaldi|residencial irineu zanetti|14412438|3116,-2056657,-4734926;3120,-5,4;3126,12,-5;3130,2,-1;3136,3,4;3140,6,-2;3146,5,-1;3150,8,7;3156,1,-5;3160,3,-2;3170,12,2;3176,-2,2;3180,8,-1;3186,4,-6;3190,6,1;3210,18,6;3246,34,0;3250,5,2;3266,13,0;3270,1,-2;3280,7,-3;3290,13,1;3296,7,-3;3300,6,-3;3306,-15,7;3376,95,12;3396,30,-9;3400,-2,2;3406,11,-3;3416,12,5;3420,6,1;3436,11,-4;3446,9,9;3450,6,-2;3460,6,0;3466,8,0;3470,4,-4;3480,5,2;3486,8,5;3490,7,8;3496,3,-14;3500,4,-4;3506,6,22;3510,3,0;3520,7,-28
rua||manoelina pontes castaldi|residencial zanetti|14412438|2891,-2056870,-4734937;2895,5,2;2935,37,-1;2939,7,0;2945,2,0;2949,4,2;2955,1,-3;2959,9,6;2965,5,-2;2969,-1,1;2975,4,-4;2979,3,-1;2985,16,4;2989,2,0;2999,-7,-4;3009,19,8;3023,11,1;3025,8,-5;3035,17,2;3039,-5,-1;3045,3,2;3065,16,-5;3069,2,2;3179,100,12;3185,4,-7;3189,9,3;3195,3,-7;3199,5,6;3205,9,-10;3209,-2,-8;3215,11,12;3225,9,-2;3235,9,13;3239,5,-5;3245,-8,-18;3249,6,0;3255,0,14;3275,20,-8;3279,10,12;3285,7,-2;3289,-1,0;3295,6,2;3299,5,1;3305,2,6;3309,8,-8;3315,5,7;3319,5,-4
rua||marcos vinicius caprioli|jardim santa lucia|14403005|795,-2056536,-4738873;800,12,12;805,-1,-11;810,10,13;835,17,-12;845,8,-1;860,17,-6;875,18,0;885,-4,4;910,33,7;915,-1,-10;955,43,11;960,1,0;965,7,16
rua||maria alice taveira coelho|residencial irineu zanetti|14412332|3160,-2056627,-4734593;7741,1,20;7791,14,52;7795,6,6
rua||maria alice taveira coelho|residencial zanetti|14412332|7160,-2056753,-4735231;7166,3,3;7170,0,7;7185,21,32;7195,-3,11;7200,-6,-3;7205,11,15;7210,-1,-9;7216,3,-2;7220,-4,13;7226,130,105;7230,-123,-91;7236,1,18;7240,8,14;7244,-8,-22;7255,12,4;7280,-1,38;7290,1,14;7295,3,-8;7305,1,9;7320,5,42;7330,5,8;7340,3,15;7360,10,49;7370,2,-5;7431,7,14;7441,-4,9;7481,7,43;7487,4,4;7491,-8,24;7556,-3,145;7560,-1,2;7571,4,-44;7576,2,62;7580,1,4;7581,-5,-59;7586,8,67;7590,1,-4;7596,-2,10;7600,4,2;7606,-1,4;7610,3,2;7614,0,3;7616,4,9;7630,1,11;7640,9,7;7646,-5,4;7650,4,6;7656,1,2;7660,1,6;7670,-1,6;7676,-1,5;7716,13,45;7720,13,-6;7726,-6,13;7730,-5,3;7736,9,2;7740,2,3;7746,0,8;7750,-2,3;7766,4,21;7780,5,4;7786,1,2;7816,7,59;7821,19,11;7840,-2,41;7845,13,6;7846,-3,3
rua||maria patrocinia de carvalho|vila pedigoni|14406378|516,-2053322,-4742695;520,-5,10;525,-1,-11;526,9,-10;535,-5,-1;536,6,-8;545,-4,-1;546,10,-7;555,-6,-2;564,7,-5;565,-7,-8;566,0,5;575,1,-17;576,6,8;585,-7,-9;593,4,-11;595,4,-3;605,8,-9;622,7,-8;630,0,-16;635,-5,24;639,2,-12;640,1,-14
rua||mauro antonio comparini|parque francal|14403123|51,-2055346,-4740579;320,-19,6;351,-55,23;375,-36,12
rua||mauro antonio comparini|parque lima|14403123|437,-2055497,-4740536;440,-11,4;449,3,3;461,-5,-14;470,-32,14;471,19,-9;485,-24,15;509,-15,0;519,-11,1;530,0,-2;533,-5,12;545,-20,1;557,-10,6;569,-12,2;581,-9,4;605,-17,-2
rua||mauro antonio comparini|residencial paraiso|14403123|695,-2055712,-4740516;705,-27,-6;775,-49,-16;819,-163,74;825,108,-114;829,-122,115;845,120,-115;849,-139,92;855,119,-108;859,-121,103;869,-3,-14;879,-9,-11;889,-12,-8;909,-8,-30;929,-23,-15;949,-14,-11;951,158,-66
rua||miguel alves cintra|jardim paulistano|14402427|1271,-2052782,-4735310;1281,-6,-1;1291,7,-7;1351,2,61;1355,-9,10;1361,-5,6;1365,18,10;1369,2,6;1371,-1,6;1380,-10,-73;1381,21,91;1385,-7,1;1387,4,-4;1391,1,9;1393,7,4
rua||natal martins cazaroti|jardim santa lucia|14403301|1060,-2056250,-4738617;1070,11,11;1120,21,46;1130,10,14;1140,5,11;1150,-5,-3;1160,6,12;1180,7,18;1190,7,9;1200,6,5;1210,-4,9;1220,13,9;1230,-2,8;1240,6,11;1250,10,3;1254,-4,-9;1260,2,19;1290,4,2
rua||natal martins cazaroti|jardim santa lucia|14403346|1141,-2056210,-4738555;1151,4,15;1161,10,2;1171,0,6;1181,-31,-73;1211,43,98;1231,7,23;1241,0,6;1251,5,9;1261,10,9
rua||nelson pires de castro|villagio mundo novo|14408112|1750,-2050726,-4743368;3210,10,-7;3220,16,-4
rua||neyde alonso de carvalho|vila nossa senhora das gracas|14407806|520,-2047673,-4743562;530,-8,-1;540,-3,-18;550,-2,-3;560,-4,-6;570,-8,-16;571,3,17;575,-8,-11;580,9,-8;581,-10,-31;590,8,20;600,12,-17;610,-9,-1;620,-13,-4;630,3,-9;640,-6,-8;650,0,-12;660,-3,-11
rua||norberto barbosa de camargo|villagio di firenze|14404640|60,-2057172,-4740769;61,6,-41;71,4,-14;81,8,-10;90,-3,29;100,8,-16;101,10,-33;110,-4,24;120,7,-15;121,11,-28;130,-4,15;131,7,-28;140,-2,18;141,12,-27;150,3,9;151,4,-17
rua||nullo coraucci|jardim luiza|14407538|2461,-2048958,-4742757;2471,3,-3;2491,-6,-27;2501,-3,-4;2511,-4,-3;2521,-3,-19;2531,-1,-7
rua||olivio campanari|residencial sao vicente|14405594|4760,-2050771,-4740477;4761,53,21;4790,-46,-19;4800,1,6;4810,5,15;4820,11,-1;4830,-7,31
rua||osorio carbone|pinheiros 2|14407361|2301,-2049438,-4741510
rua||osvaldo de oliveira campos|vila europa|14403218|2611,-2056156,-4739461;2621,5,18;2631,-1,5;2635,4,4;2640,-11,-1;2641,12,2;2650,-9,2;2651,12,12;2660,-8,3;2661,11,11;2665,-3,1;2670,-5,12;2671,9,-8;2672,-8,5;2681,4,0;2701,12,18;2720,-5,29;2731,11,11;2733,-1,-3;2741,3,0;2743,1,13;2750,-3,28;2751,6,-15;2761,0,4;2771,1,2
rua||pascoal corona|residencial polo clube|14412294|3151,-2056538,-4735851;3161,18,-5;6546,-42,-26;6550,64,-55;6556,-2,-1;6560,4,13;6566,-3,3;6570,1,3;6576,1,5;6580,0,1;6590,0,8;6596,1,1;6600,-1,10;6610,-3,7;6620,-4,16;6630,-2,5
rua||paulo carboni|residencial zanetti|14412342|3090,-2056694,-4735166;3096,8,-2;3100,3,-4;3106,11,-1;3110,6,5;3116,4,-2;3120,1,-2;3125,-5,-11;3126,19,10;3130,-7,1;3135,11,5;3136,2,-5;3140,3,3;3145,0,0;3146,2,-2;3149,1,2;3150,8,1;3155,-3,-1;3156,3,2;3159,2,-3;3160,4,4;3166,2,0;3170,7,0;3176,0,-2;3180,9,0;3186,5,2;3190,5,1;3200,1,-1;3206,6,1;3208,8,-3;3210,6,2;3215,-5,-5;3216,8,5;3219,-1,-2;3220,5,0;3225,-3,-3;3226,4,0;3229,0,2;3230,5,-1;3235,2,10;3236,5,-5;3239,-3,-7;3240,5,6;3245,2,-5;3246,4,3;3249,-1,-3;3250,0,7;3255,12,-7;3260,1,5;3265,2,-7;3269,4,1;3270,1,11;3276,6,-2;3280,8,-2;3286,3,2;3290,2,-2;3295,4,-5;3296,5,2;3299,0,-5;3300,-2,7;3305,5,-9;3306,3,7;3309,0,-5;3310,5,8;3315,-2,-8;3316,8,6;3320,2,2;3325,6,-14;3329,0,5;3335,8,-3;3370,69,12;3375,4,-3;3376,0,3;3379,1,-4;3380,0,5;3385,3,-5;3390,10,3;3395,7,-4;3396,-5,3;3400,12,1;3405,-3,-5;3410,12,5;3415,-1,-1;3419,5,2;3420,-1,0;3425,5,0;3426,-1,0;3429,3,-5;3430,2,2;3435,5,-2;3439,-1,1;3440,3,2;3445,2,1;3449,8,1;3450,1,0;3455,-3,-1;3456,10,-2;3459,1,-6;3460,0,7;3462,8,0;3465,-7,2;3475,21,-9;3480,-2,6;3485,3,-7;3490,6,8;3495,-2,-3;3496,8,2;3498,3,0;3499,-6,-6;3500,10,9;3505,-3,-8;3506,8,2;3509,-5,0;3510,8,5;3515,-3,-6;3516,3,8;3519,1,-2;3520,6,3;3525,0,-5;3526,13,-2;3529,-8,-2;3535,8,1;3540,2,4;3542,0,3;3546,9,1;3550,2,-2;3555,1,-8;3556,4,1;3559,-8,6;3560,11,0;3565,2,-9;3566,5,10;3569,-1,-7;3570,4,1;3575,-3,-3;3576,9,6;3579,-1,-8;3580,5,13
rua||pedro alvares cabral|vila nicacio|14405122|2573,-2052920,-4740865;2583,13,7;2593,3,0;2594,0,0;2604,11,11;2605,3,-5;2614,3,4;2617,3,-5;2630,0,8;2632,0,0;2640,14,5;2644,3,2;2670,56,17;2682,-34,-12;2697,24,9;2698,-10,-1;2709,18,-9;2710,-4,5;2717,16,-5;2720,-12,12;2727,14,4;2730,2,2;2733,5,-1;2780,38,17
rua||primeiro centenario|residencial santa clara|14406661|726,-2052735,-4742393;736,9,1;744,9,1;748,13,-2;758,0,10;768,8,-2;772,12,6;774,-1,-2;778,3,4;788,5,-3;790,0,4;825,28,3;835,13,5;847,5,-2;857,9,7
rua||primeiro centenario|vila sao sebastiao|14406661|376,-2052936,-4742465;384,-3,3;406,9,-1;427,15,1;530,25,14;531,8,-2;540,-5,4;546,3,5;548,-1,25;550,65,-39;552,-55,17;553,17,-1;562,106,-44;570,-24,15;573,-64,28;575,-8,0;577,-1,4;578,4,8;581,15,-12;583,-3,6;585,0,-5;588,-9,9;598,6,6;643,39,-3;653,16,10;655,6,1;656,-3,1;657,2,1;659,2,0;660,-2,3;665,6,-6;668,0,4;678,0,6;703,23,-4;723,20,8;735,12,6;745,9,2;759,3,1;761,1,-3;769,10,6;779,9,9;789,11,8;801,5,-7
rua||ramon capel cortes|jardim brasilandia|14402048|1954,-2051587,-4737384;1958,-7,-9;1964,2,19;1966,-2,0;1972,7,6;1974,-3,3;1984,-1,10
rua||reynaldo chioca|jardim alvorada|14403085|1752,-2056500,-4739448;1782,-45,10;1792,-6,3;1812,-10,1;1816,-8,6;1842,-43,6;1872,-18,6;1883,-37,-4;2000,-208,58;2004,-47,12;2005,-13,5
rua||reynaldo chioca|jardim alvorada|14403210|1922,-2056767,-4739389;1926,-29,17;1928,-35,3
rua||reynaldo chioca|parque progresso|14403085|660,-2055551,-4739627;690,-33,-17;708,-25,18;728,-11,6;738,-16,-8;740,5,18;748,-10,-4;758,-16,-9;768,-6,0;778,-10,-11;798,-9,10;858,-51,-2;868,-20,12;878,-12,-2;898,-19,4;900,-1,6;902,1,16;928,-7,-18;938,-15,2;948,-15,11;968,-17,-5;978,-6,6;1000,-15,-2;1040,-37,12;1052,-24,1;1064,-9,0;1074,-5,25;1080,15,-13;1088,-35,3;1100,-11,-3;1110,-11,3;1122,-10,5;1126,-2,-6;1136,-9,8;1150,-25,-2;1154,17,1;1162,-23,3;1188,-14,7;1190,-10,6;1196,-5,0;1200,-9,-24;1230,-18,28;1240,-8,3;1250,-10,-2;1252,-1,-27;1260,-9,26;1262,-3,5;1270,-4,7;1282,-9,0;1300,-19,3;1326,-26,5;1364,-32,5;1408,-9,6;1410,-24,7;1416,24,-25;1428,-49,24;1430,-1,-11;1440,-10,16;1470,-26,11;1480,-1,-1;1484,-10,1;1490,-7,0;1500,-13,5;1520,-24,8;1530,-11,1;1540,-6,-1;1560,-23,6;1562,-5,2
rua||rio canducaia|parque do horto|14409000|892,-2049028,-4740237
rua||rio codajas|residencial amazonas|14406032|1240,-2055159,-4741961
rua||roberto cerqueira|polo industrial amazonas|14406000|105,-2054549,-4743329;125,1,-1;2195,106,-31;2215,0,-15
rua||roberto cerqueira|polo industrial amazonas|14406058|460,-2054487,-4743336
rua||rodrigo junior da costa|esplanada primo meneghetti|14403226|3100,-2054159,-4737212;3180,-59,15;3190,-11,5;3220,-23,6;3230,-6,6;3241,-3,1;3246,-12,-1;3251,1,9;3260,-17,-1;3261,9,7;3270,-14,-14;3280,-9,7;3281,3,13;3290,-15,-7;3291,5,8;3300,-14,-2;3301,4,6;3311,-19,7;3320,1,-12;3331,-13,16;3340,10,-12;3341,-19,15;3351,-7,3
rua||romao de campos|santa rita|14403385|1720,-2055094,-4739507;1725,-2,14;1730,1,2;1735,-5,8;1740,-9,1;1749,7,8;1750,-7,-6;1755,1,10;1760,-12,3;1761,10,1;1770,-6,9;1780,-3,16;1781,5,-12;1790,-9,13;1791,1,6;1800,-5,5;1840,-22,27;1841,5,0;1851,-2,8;1860,-8,4;1861,6,7;1870,-11,7;1871,6,2;1875,-4,8;1880,-9,-3;1881,3,13;1890,-3,-1;1900,-10,11;1905,14,-2;1909,-4,2;1910,-11,6;1919,3,9;1920,-7,4;1929,4,0;1930,-12,-1;1939,-3,18;1949,5,3;1950,-10,0;1959,6,10;1960,-10,-5;1969,5,10;1970,-7,3;1979,6,12;1980,-9,-3;1989,6,3
rua||rosalino constantino|vila formosa|14405168|1008,-2052230,-4740246;1010,6,4;1020,-7,-3;1030,-3,19;1040,3,0;1060,-13,28;1070,-13,3
rua||rubens carbone|jardim luiza ii|14407628|2875,-2048792,-4743258;2885,1,2;2890,8,16;2895,-1,-16;2900,22,10;2905,-9,-13;2915,6,3;2929,12,1;2935,6,-2;2937,4,1;2940,2,7;2943,2,-11;2945,4,4;2950,6,12;2955,5,-12;2960,1,8;2965,12,-8;2970,-1,7;2975,2,-7;2977,3,2;2980,6,6;2985,4,-4;2990,-2,0;2995,15,-1;3000,-6,8;3002,8,2;3005,2,-9;3010,1,4;3015,9,-4;3020,4,3;3025,-1,-2;3030,2,0;3035,12,1;3045,9,0;3050,5,6;3055,-3,-5;3060,13,0;3065,2,0;3070,8,11;3075,-2,-10;3080,2,1;3085,12,-2;3119,40,8;3129,8,3;3139,11,12;3149,-3,-7;3151,1,-1;3159,11,17;3169,5,-7;3179,-5,12;3187,20,4;3189,7,-10;3199,3,9;3207,9,0;3219,6,20;3227,3,-3;3229,6,-3;3239,6,7;3249,11,-4;3259,12,6;3269,3,8;3289,17,9;3299,11,5;3309,7,4;3319,8,3;3329,7,3;3331,5,4;3339,6,4;3349,10,4
rua||salvador chicaroni|jardim sao francisco|14402612|22,-2051458,-4734860;26,-7,-17;30,0,15;34,-17,-5;38,0,3;42,-6,-9;44,-27,-11;46,12,5;49,-11,5;50,11,-5;52,-6,-12;53,-1,14;54,-5,-9;56,12,7;57,-26,-3;60,9,-4;61,-15,-2;62,7,-4;65,-7,8;66,3,-9;68,-3,-9;69,-7,8;71,-7,3;73,2,2;75,-5,-3;77,-10,-2;78,10,-6;82,-7,-2;85,-11,5;86,4,-9;89,-15,7;90,5,-17;91,-3,12;93,-8,-3;94,12,-6;97,-15,-3;101,-12,3;102,6,-2;103,-2,0;106,-4,-4;109,-16,-3;110,8,-4;113,-6,-2;114,4,4;117,-4,-7;118,-7,7;119,-8,-3;121,-5,-2;122,4,-5;125,-6,-7;126,2,7;129,-15,-2;130,10,-2;133,-15,2;134,0,5
rua||santo cristal|jardim luiza ii|14407645|2650,-2048589,-4742675;2905,-199,-167;2915,5,10;2925,17,14;3129,190,147;3139,14,-2;3149,5,-7;3157,8,14;3167,11,-2;3169,1,3;3189,3,-9;3197,23,2;3199,-6,-2;3207,14,7;3209,4,-3;3219,2,1;3221,5,1;3229,5,0;3239,11,1;3249,12,-6;3259,14,6;3267,0,-1;3269,0,-1;3279,14,5;3289,3,-2;3339,54,3
rua||sebastiao carbone|jardim luiza ii|14407634|2830,-2048294,-4743104;2890,-6,38;2910,1,13;2920,-2,28;2922,-4,18;2940,-2,55;2942,12,-4;2950,-8,-19;2951,-6,22;2952,6,-16;2964,1,27;2966,-1,-3;2968,-1,28;2970,3,-24;2972,-2,35;2986,-1,16;3010,3,-8;3079,-10,1;3089,-3,-2;3370,10,144;3380,20,-41;3382,-24,16;3384,0,0;3390,-1,-3;3399,6,-380;3404,-8,154;3409,3,15;3440,5,163;3442,-1,-6;3449,-9,9;3450,7,-17;3460,1,-37;3462,1,28;3468,3,-18;3469,-12,14;3470,8,-4;3483,-12,-16;3505,5,-27;3530,8,-19;3600,5,-119;3601,-10,41;3608,5,6;3650,5,-60;3656,2,16;3661,-9,-23;3694,9,-13;3696,-3,-7;3708,4,-8;3732,0,-18;3740,3,-11;3750,-1,-14;3760,-1,-9;3780,0,-17;3781,-6,-10
rua||sergio ferreira do carmo|franca|14406730|1,-2051009,-4744377;2,79,15;3,12,-34;4,-54,-130;5,89,28;6,-60,-114;8,203,19;10,-222,32
rua||sergio ferreira do carmo|jardim pulicano|14406735|2300,-2051638,-4744486;2310,10,-8;2320,5,10;2330,11,2;2360,24,0;2370,18,-2;2530,155,11;2550,19,3;2560,8,0;2600,30,2;2605,380,310;2609,-6,-10;2610,-364,-296;2615,344,272;2619,13,15;2670,-301,-283;2690,233,223;2710,-201,-230;2715,155,179;2720,-151,-172;2730,16,19;2740,0,9;2780,26,33;2790,22,25;2820,4,3;2870,100,109;2880,30,24
rua||simao caleiro|centro|14400340|967,-2054133,-4740772;977,-2,12;987,9,9;1021,-3,30;1023,6,-4;1031,-8,19;1055,4,2;1081,-10,40;1091,3,11;1105,-2,9;1117,-1,18;1137,-4,16;1149,1,18;1163,-8,7;1173,7,12;1183,3,4;1243,-10,57;1281,-4,36;1313,-7,27;1572,-54,231;1580,-6,20;1585,3,6;1589,-1,13;1591,-6,-6;1593,1,1;1595,2,7;1597,7,-1;1628,-3,26;1649,-14,18;1654,13,-9;1656,-8,11;1661,-12,9;1675,3,12;1689,-1,21;1732,-17,19;1738,-3,25;1748,6,10;1750,-3,-4;1751,4,1;1765,-2,-1;1784,-5,37;1798,4,14;1803,0,-7;1810,-8,6;1811,0,12;1820,5,11;1821,-7,-8;1823,1,2;1828,-2,6;1836,4,9;1844,2,5;1846,2,1;1872,-19,20;1881,-3,16;1884,4,-1;1889,-4,10;1890,7,-5;1900,-9,16;1903,0,4;1907,1,6;1910,-3,-5;1920,-5,8;1923,5,1;1930,-3,11;1933,-2,5;1943,-7,11;1998,-5,53;2001,14,-14;2003,-10,12;2006,-9,2;2007,10,0;2014,-17,0;2015,8,10;2020,-9,-13;2021,2,23;2028,-6,-8;2031,4,16;2040,-12,4;2041,11,-2;2047,-3,9;2048,-14,-3;2055,8,6;2058,-5,-4;2068,-3,10;2073,6,10;2078,-12,1;2083,-2,0;2091,-1,11
rua||simao caleiro|jesus maria jose|14400340|1038,-2054133,-4740711;1058,3,-6;1074,-2,40;1086,-4,7;1100,-1,15;1110,-5,20
rua||simao caleiro|vila industrial|14403373|2177,-2054379,-4739684;2178,-13,18;2188,-9,6;2198,-1,7;2250,-41,34;2258,-3,-2;2264,-9,2;2273,7,9;2274,-9,3;2296,-19,10;2301,-1,17;2306,-10,-10;2316,-4,5;2326,-7,10;2332,4,1;2360,-25,21;2370,-7,13;2373,5,1;2378,-10,-3;2383,0,9;2390,-7,-5;2393,-2,15;2396,4,-6;2398,2,1;2403,-8,16;2413,-16,2;2420,-15,2
rua||simao caleiro|vilage sao vicente|14400340|1450,-2054201,-4740241
rua||simao caleiro|village sao victor|14400340|1408,-2054178,-4740417
rua||suely reis caran|franca|14407110|1100,-2050050,-4742538;1120,19,5;1122,0,0;1124,0,0;1140,11,6;1150,3,6;1160,10,0;1170,6,1;1190,12,13;1200,7,4;1210,3,-2;1212,5,3;1220,6,3;1230,2,-4;1234,2,1;1240,7,4;1248,0,7;1250,2,0;1260,7,4;1270,10,0;1290,14,17;1300,13,4;1310,6,4;1320,11,5;1330,13,6;1340,7,4;1350,6,4;1360,8,1;1370,3,15;1374,0,-7;1380,9,0;1390,7,6;1400,9,7;1402,59,32;1404,-53,-34;1410,1,1;1420,12,13;1430,6,-2;1440,12,5;1450,2,6;1460,9,6;1462,2,-2;1470,7,7;1480,12,6;1482,1,0
rua||suely reis caran|jardim portinari|14407110|1101,-2050044,-4742551;1111,7,9;1113,0,-2;1121,6,5;1131,7,2;1141,3,5;1143,3,1;1151,9,3;1161,2,4;1171,1,-1;1181,16,9;1191,2,4;1201,6,5;1211,5,0;1221,6,6;1231,7,-1;1241,0,8;1251,11,0;1261,7,7;1271,11,-3;1291,23,13;1292,0,5;1301,8,0;1307,4,6;1311,6,0;1321,6,1;1331,8,8;1341,9,8;1351,0,0;1361,15,4;1371,5,5;1381,13,4;1391,-3,6;1401,17,0;1411,0,4;1421,12,5;1427,5,3;1431,7,3;1441,6,4;1451,15,6;1461,1,3;1463,-3,0;1471,13,5;1481,10,4
rua||teodoro comparini|condominio villagio do sol|14412872|2,-2054187,-4730929;9,-162,-28;10,26,5;23,-69,-12;83,-57,-17;155,255,41;175,-38,-4;305,-114,-19
rua||tomaz pedro do couto|polo industrial abilio nogueira|14406059|350,-2054566,-4743959;380,37,-22
rua||tomaz pedro do couto|polo industrial abilio nogueira|14406063|531,-2054355,-4743939;551,20,-1;575,28,-14
rua||tomaz pedro do couto|polo industrial abilio nogueira|14406630|471,-2054454,-4744014;491,43,-25;531,20,-16;551,12,-3;571,18,-20
rua||torquato caleiro|jardim miron|14405118|543,-2052867,-4740774;553,5,19;556,-13,-2;563,2,6;565,18,-1;566,-22,-1;567,30,10;575,-30,2;576,-8,-5;577,44,8;581,-36,8;587,-5,11;595,-4,8;605,1,11;612,-9,-5;645,-4,43;655,0,4;665,-16,11;675,4,11;700,-28,51;705,30,-42;715,-13,10;725,1,6;735,7,14;745,-14,7;755,0,11;820,-16,29;2681,90,-197;2688,9,1
rua||torquato caleiro|jardim samello|14405118|873,-2052967,-4740464;887,-3,18;897,-3,1;915,-17,31;935,-6,0
rua||torquato caleiro|vila nicacio|14405118|318,-2052810,-4740981;321,-6,11;328,-3,-3;331,13,9;341,-7,12;342,-6,-1;345,33,15;347,-4,-6;348,-34,-6;354,3,9;359,7,7;360,-12,-4;366,-2,11;368,0,0;369,2,-2;376,2,7;385,2,10;390,-10,2;400,-23,-13;420,17,36;423,1,8;424,-2,-1;427,-1,3;430,6,2;435,-3,13;440,-6,-2;443,-1,13;444,-2,-9;453,2,11;454,-2,-8;463,-1,8;464,-6,9;480,-5,11;492,-4,18;493,7,-3;501,-2,13;511,-7,8;514,0,-8;521,-2,9;860,-98,312;870,-5,6;880,-6,9;890,-6,2;900,2,16;944,-19,29
rua||ulisses martins costa|aeroporto iii|14404258|1475,-2058819,-4736918;1483,-4,-1;1491,-9,-4;1499,-10,-9;1507,-3,-4;1515,-6,-3;1523,-6,-3;1531,-5,-6;1539,-5,-4;1547,-9,-4;1555,-3,-4;1563,-5,-4;1571,-4,-8;1575,-2,-5;1579,-11,2;1625,-31,-21;1645,-10,-7;1647,-5,-5;1649,-7,-5;1668,-7,-16;1670,-6,1;1678,-6,-5;1679,-5,7;1683,-6,-7;1686,6,-1;1687,-4,5;1694,-3,-23;1695,-7,16;1702,-2,-10;1703,-1,9;1707,-9,-5;1710,13,-9;1711,-7,2;1718,2,-4;1719,-9,3;1722,5,-8;1726,-4,-2;1727,-10,6;1734,6,-6;1736,-2,0;1743,-12,0;1750,1,-12;1751,-11,4;1758,5,-12;1759,-9,9;1766,0,-9;1767,-9,-1;1774,1,-6;1775,-7,6;1782,4,-9;1790,-7,-5
rua||valdir carrijo campos|jardim luiza ii|14407634|93,-2048194,-4742594;1091,16,-159;1093,-294,314
rua||valdir carrijo campos|jardim luiza ii|14407703|1181,-2048179,-4742836;1221,10,-57;1231,-1,-29;1301,5,-35;1371,0,-49;1381,9,-45;1461,-3,-42;3527,-16,276
rua||valdir carrijo campos|recanto capitao heliodoro|14407703|57,-2048178,-4742700;900,-8,113;940,-2,-5;980,5,-72;1140,7,-142;1150,5,-25;1260,6,-87;1300,3,-23;1340,3,-37;1341,7,-132;1380,-3,99;1382,8,-62;1500,-1,-88;1546,6,-1;1580,-1,-45;1610,0,-39
rua||valter chinaglia|jardim luiza ii|14407653|3235,-2048221,-4742269;3245,-1,-21;3255,8,-14
rua||valter chinaglia|jardim luiza ii|14407657|3129,-2048471,-4742125;3139,17,7;3149,-1,-5;3159,4,0;3169,15,-13;3179,7,-1;3189,9,7;3199,7,-5;3209,10,-8;3239,37,-2;3249,12,-3;3259,1,-8;3269,13,-5;3289,16,-3;3297,-17,2;3299,6,0;3319,35,-6;3349,26,-13;3369,36,-14
rua||valter chinaglia|jardim luiza|14407657|3129,-2048466,-4742121;3139,24,-1;3180,207,-97;3190,7,-5;3200,4,-6;3208,-3,30;3210,2,-42;3220,4,-1;3230,2,-10;3232,-1,-2;3260,10,-23;3270,3,-8;3280,-3,-8;3282,-1,-6;3285,-100,70;3290,110,-76;3292,2,3;3295,-7,-37;3300,10,21;3302,1,10;3310,-3,-15;3318,7,-6;3320,-2,-10;3330,2,0;3900,0,0;4000,8,-16;4040,-26,62;4100,20,-61
rua||vanildo candido da costa|aeroporto iii|14404226|2563,-2059546,-4736618;2573,0,11;2583,-9,8;2593,-3,6;2603,11,-24;2613,-26,33;2623,-7,3;2633,2,-5;2655,-11,16;2673,12,-13;2687,-36,29;2689,1,-3;2695,4,-2;2697,-12,9;2703,-14,5;2713,-4,5;2733,0,0;2743,-6,7;2747,18,6
rua||vicente de carvalho|recreio campo belo|14409515|281,-2048639,-4739550;283,-2,-2;287,2,-9;291,-3,11;301,4,12
rua||vinicius alexandre cassiano|distrito industrial abdalla hajel|14406267|123,-2054325,-4746232;605,-79,19;650,65,-10;728,66,-19;730,3,1;750,18,-1;785,17,-15
rua||vinicius alexandre cassiano|jardim simoes|14406267|100,-2053994,-4746312;101,-14,-3;110,14,4;111,-14,-11;120,8,20;121,-15,-8;140,45,-4;141,-3,-14;150,17,16;151,-2,-13;160,8,8;161,-5,-10;163,8,-1;170,3,3;171,1,-13;180,3,21;181,-4,-15;190,15,7;191,-6,-6;200,12,4;201,-8,-7;210,11,10;211,0,-16;220,14,8;221,-10,-10;230,9,5;231,-1,-8;240,10,10;241,-1,-4;250,5,-5;251,4,-6;260,3,13;261,4,-10;270,4,9;271,-1,-4;280,17,4;281,-11,-10;290,10,3;291,-3,-7;300,15,12;301,-9,-12;310,16,10;311,-9,-13;320,10,7;321,4,-9;330,4,12;331,1,-10;340,5,1;341,0,-7;343,6,0;350,4,3;351,-6,-9;360,12,14;361,-6,-15;370,15,12;371,5,-6;380,3,6;381,-7,-17;390,10,9;391,0,-6;400,10,13;401,-1,-20;410,5,9;411,-2,0;420,5,-3;421,11,-2;430,7,9;431,-8,-18;440,10,11;441,-3,-14;450,11,23;451,5,-22;460,2,21;461,2,-12;470,8,3;471,-5,-11;885,-399,101;990,107,-19
rua||wagner sabino ferro citero|jardim bonsucesso|14406593|3721,-2052654,-4745105;3731,-4,-4;3741,-8,-8;3751,-9,-9;3761,-3,-4;3771,-14,-12
rua||waldemar cesar caleiro|jardim aeroporto 1|14404056|655,-2057736,-4738016;667,1,19;675,6,4;679,-2,14;691,6,0;693,4,-1;703,2,11;707,0,9;715,2,7;725,11,5;727,2,10;737,-4,-3;739,9,8;750,2,19;751,8,-16;762,4,21;774,-5,5;786,12,14;787,-14,-35;798,18,45;799,2,0;801,-2,-15;810,6,23;811,3,-7;824,5,15;829,1,-2;834,2,18;835,3,-7;837,-1,-5;839,-8,5;846,16,10;847,-9,-6;849,7,-1;851,-5,2;856,15,15;858,-1,9;859,-6,-15;869,13,11;870,-2,4;871,0,-6;881,-2,-10;882,8,26;883,19,-13;892,-18,32;904,4,1;916,21,12;917,-3,-6;921,3,-2;928,-5,19;940,4,-12;941,-6,11;952,7,-14;953,13,20;964,-24,-18;965,33,36;977,2,0;989,6,7
rua||welton de araujo cintra|vila sao sebastiao|14406670|612,-2052694,-4742808;622,8,6;632,4,-2;633,4,-10;640,8,11;646,0,0;682,34,12;684,1,1;689,1,-2;694,6,1;701,12,0;709,2,1;712,14,7;716,-5,1;717,1,-6;725,6,3;726,4,3;735,-1,-4;737,16,2;740,-9,5;745,9,-5;746,-7,9;747,10,-5;760,9,5;793,40,8;802,1,2;811,8,1;812,-5,2;821,8,-3;822,-1,3;823,0,-3;830,13,9;831,-1,-6;832,7,10;835,-3,-7;836,9,3;838,-3,3;839,-4,-3;841,1,-3;844,9,7;847,4,-4;852,39,10;854,19,5;855,-52,-13;856,1,1;867,12,4;869,3,3;876,-12,1;910,37,10;917,23,-5;920,-8,9;922,-4,0;927,13,-5;930,-2,7;932,-11,9;935,22,-17;938,10,-1;940,-5,10;945,10,-1;949,1,2;953,-2,2;957,5,1;961,6,0;965,4,-1;969,2,1;973,1,2;977,6,-1;981,3,-2;985,2,0;989,2,1;993,3,4;997,4,2;1001,2,4;1019,11,-8;1023,1,4;1029,3,1;1033,6,-5
rua||willian cury|parque das arvores|14404057|291,-2057821,-4738386;309,3,9;321,-3,8;325,-5,6;331,2,18;340,-8,1;341,4,6;350,-4,-4;351,5,5;355,1,3;362,-12,3;366,2,9;374,-3,13;386,2,7;398,-6,12;399,1,-3;410,-4,8;411,-10,15;422,15,-2;435,-9,16;446,3,5;447,-4,11;448,-8,-13;450,5,5;459,-1,16;471,-23,14;483,18,1
rua||zacarias cury|jardim conceicao leite|14405364|2,-2052851,-4741308;1561,-7,-6;1571,9,-3;1591,34,7;1741,30,0
rua||zacarias cury|jardim integracao|14405364|1901,-2052661,-4741308
rua||zacarias cury|jardim maria rosa|14405364|1890,-2052658,-4741307;1900,5,-5;1980,-5,5
rua||zeferino costa|santa terezinha|14409298|269,-2049980,-4739900;275,0,-11;279,4,4;289,1,-11;299,4,-12;309,3,-6;319,5,-9;329,-1,-9;331,3,-1;339,3,-13
rua||zeferino costa|vila santa terezinha|14409298|260,-2049972,-4739892;270,-3,-11;280,7,-1;290,-1,-11;294,5,2;300,-1,-12;310,4,-7;320,4,-8;322,7,-5;330,0,-5;340,-2,-6;350,8,-10;360,1,-11;362,6,-13;370,0,4;535,67,-184;545,-2,-7;550,0,9;555,4,-12;559,2,-3;560,2,-1;569,0,-6;570,7,6;579,-3,-19;580,9,6;589,-8,-12;590,-2,-1;599,7,-13;600,4,7;609,-4,-11;610,12,-1;619,-10,-6;620,8,-2;629,4,-11;630,-1,2;639,3,-7;640,4,-4;647,-5,-1;649,4,-9;650,-1,6;689,-6,-50;691,18,10;699,4,-19;700,2,20;704,8,-18;708,-3,-1;712,1,-8;719,-2,1;720,11,-5;729,-13,-2;730,14,-9;731,-10,4;732,15,-12;739,-8,-1;740,7,1;749,-7,0;750,12,-15;759,-6,9;760,11,-17;763,-8,4;767,-1,-14;769,2,4;770,9,3;779,-8,-7;780,13,-3;787,-6,-5;789,0,0;790,8,1;791,-5,-12;795,4,1;799,1,-12;800,4,8;809,-2,-13;810,6,6;820,1,-10;829,-8,-4;850,11,-19;858,10,-12;859,-1,-16;860,5,4;861,-3,-11;869,-2,-4;870,7,6;879,-1,-17;880,4,12;884,-2,-9;889,7,-19;890,-3,15;896,-1,2;897,1,-14;899,1,-3;900,5,3;904,0,0;906,1,0;909,-3,-11;910,4,4;919,0,-13;920,4,-1;929,-3,-9;930,10,7;939,-4,-14;940,5,1;949,4,-6;950,-1,-3;959,-4,-5;960,34,-10;988,-10,-34;989,-9,0;999,7,-8;1000,9,-3;1010,1,-6;1020,4,-9;1030,0,-10;5762,-149,373
sitio|santa|cruz|franca|14406703|9,-2053034,-4752611
sitio|santa|cruz|franca|14414899|6,-2046527,-4729406;16,-2747,6917
sitio||cachoeirinha|franca|14414899|10,-2051543,-4727833
sitio||california|franca|14414899|16,-2051240,-4720730
sitio||colibri|franca|14414899|6,-2046807,-4729064
sitio||do claudio|franca|14414899|6,-2047877,-4730093
sitio||pe de cedro|franca|14414899|12,-2049328,-4723271
travessa||canada|village sao victor|14400263|861,-2054607,-4740455;871,8,-2;901,44,13;951,42,11
