alameda||1|chacara bela vista|13738310|8,-2148041,-4701209
alameda||2|chacara bela vista|13738310|13,-2148092,-4701169;15,-51,57;16,30,-27;19,-30,27;20,6,25;22,1,0
alameda||3|chacara bela vista|13738310|31,-2148121,-4701238;33,-11,8
alameda||4|chacara bela vista|13738310|39,-2148151,-4701119;40,-22,-134
alameda||5|chacara bela vista|13738310|48,-2148166,-4701318;49,35,-1;50,3,-12
alameda||6|chacara bela vista|13738309|1,-2148024,-4701163;2,-10,-3;3,-21,1;6,-31,0;7,53,-3
alameda||da capelinha|condominio paraiso das garcas|13749899|82,-2137220,-4702057;99,49,-110;136,-20,-165;138,-7,-41;139,-6,-19;141,-9,-44;148,38,150;150,-11,-46;152,-9,-36;153,2,-7;154,-9,-30
alameda||das andorinhas|condominio paraiso das garcas|13749899|2,-2137449,-4701895;4,35,19;6,62,29;7,34,11;21,-190,-100;22,24,13;24,52,22;25,23,12;26,49,22;28,40,24;29,32,16;31,69,32;32,40,20;35,103,-17;37,59,-4;39,74,-13;128,-395,-537;129,3,4
alameda||dos canarios|condominio paraiso das garcas|13749899|106,-2137422,-4702358;109,38,8;110,43,28;111,11,4;119,134,67;120,13,11;122,-280,-126;123,28,2;126,46,9;127,26,-2
alameda||dos tucanos|condominio paraiso das garcas|13749899|42,-2137422,-4702047;44,57,27;46,81,44;47,27,3;48,22,12;51,95,39;53,58,-11;57,-397,-153;58,15,6;60,48,26;61,27,9;63,83,34;67,108,61
alameda||fernando martins cozol|chacaras do vale|13735700|100,-2148458,-4698850;140,24,11;160,23,-2;180,15,9
alameda||fernando martins cozol|residencial barra feita|13735700|100,-2148462,-4698852;105,10,-9;125,26,3;145,14,5;160,2,7;165,6,-8;180,7,14;185,10,-10
alameda||jose de souza e silva|jardim sao domingos|13733210|560,-2145758,-4700343;590,19,2;620,24,36
alameda||marina lerro barretto|terras de santa marina|13737052|35,-2147708,-4701048;65,-3,5;120,-26,-32;148,-31,-10;179,-82,-13
avenida|dom|pedro ii|jardim central pricoli|13736558|3519,-2147632,-4699932
avenida|dom|pedro ii|jardim santa clara|13735400|129,-2147608,-4699768;141,0,14;151,-3,2;161,5,14;171,0,16;181,5,2;191,5,5;271,-86,203;281,0,6;291,-3,6
avenida|dom|pedro ii|vila carvalho|13735422|9,-2147661,-4699587;276,-37,72;278,-19,70;290,11,-68;371,-18,88
avenida|doutor|francisco pereira lima|vila naufel|13734000|335,-2146559,-4699467;355,13,28;365,3,11;385,9,19;445,49,40;455,6,7;465,6,3;475,25,24;485,-8,-9;495,9,2;505,16,16
avenida|doutor|gabriel do o|conjunto habitacional gabriel do o cohab i|13732620|4,-2145767,-4700994;9,22,-5;15,550,-107;19,-529,106;115,-166,48;145,-42,10;149,81,-27;177,36,-4;245,69,-25;930,146,-21;960,46,-13;1351,356,-71;1385,36,-6;1395,12,-4;1435,47,-19;1446,151,5;1465,-114,-3;1475,4,2;1485,10,0;1515,24,-6;1551,35,-10;1565,11,8;1589,19,-12;1613,42,-6;1623,7,0
avenida|doutor|gabriel do o|jardim sao domingos|13732620|1112,-2145435,-4701050;1124,11,6;1148,25,-8;1172,22,-3;1184,13,-3;1244,50,-11;1258,6,6;1268,17,-8;1274,9,1;1292,18,-6;1304,14,6;1316,6,-7;1420,210,-45
avenida|doutor|gilberto vergueiro da silva|loteamento chacara palmeirinha|13737460|45,-2144491,-4699245;60,-255,169;100,19,-10;224,132,-67;248,24,-15;272,26,-19;296,19,-5;322,10,-6;325,-21,-4;340,41,-10;384,50,-27;410,3,2;411,-6,-14;434,17,4;435,17,-26;460,5,14;484,37,-18;485,-11,-17;508,13,14;509,0,-20;533,26,-12;559,9,-6;623,55,-32;644,20,6;694,42,-19;720,20,-11;721,3,-16;770,63,-8
avenida|governador|pedro de toledo|aparecida|13735074|64,-2147333,-4699254;76,4,-10;80,-37,71;88,49,-80;105,2,-21;106,4,11;114,8,-9;125,-10,-12;126,13,5;129,7,-2;133,-6,-18;134,5,9;141,7,-11;148,-1,5;151,-4,-6;165,11,-22;173,9,-22;203,6,-6;205,19,-18;230,5,12;243,3,-29;250,15,4;261,-9,-13;271,3,-11;295,15,-4;304,8,5;305,-4,-18;315,8,-6;325,9,-6;335,2,-20;349,12,-6;365,8,-12;368,18,-15;377,-3,-6;408,10,1;409,-8,-8
avenida|monsenhor|demosthenes parana brasil pontes|jardim lavinia|13737632|1507,-2148363,-4700891
avenida|monsenhor|demosthenes parana brasil pontes|jardim sao jose|13737632|1685,-2148509,-4700920;1711,-34,-7
avenida|padre|anchieta|igarai|13750000|177,-2140780,-4680877;407,-8,41;408,9,8;417,-3,-26;420,-2,26;429,-2,-30;434,3,-4;452,10,-20;471,-10,-26;472,10,12;491,-9,-27;494,8,4;505,-9,-16;521,0,-7;526,13,-16;533,-15,6
avenida|presidente|castelo branco|jardim sao francisco|13734350|5,-2145894,-4699312;12,24,18;28,-211,-165;32,197,157;36,-9,-9;38,-178,-137;42,192,146;44,-222,-187;50,3,10;53,0,25;65,3,8;67,7,2;87,4,1;91,6,1;92,141,92;101,-131,-82;104,124,79;112,-90,-65;127,2,13;137,-5,-1;142,16,-6;147,2,9;152,0,-8;162,2,0;172,15,6;182,4,8;190,13,7;207,2,30;228,50,19;257,48,81;267,-48,-68;287,6,9;297,16,7;303,9,13;317,10,8;330,23,-2;340,13,9;344,-127,-104;352,4,5;354,128,104;358,6,4;362,-126,-101;417,174,160;427,-82,-86;429,83,87;435,10,3;437,0,0;447,4,7;448,-54,-64;457,66,71;468,-59,-62;478,15,4;481,46,61;482,-42,-53;488,4,6;598,66,50;600,2,17;618,4,3;628,14,-7;658,20,16;668,7,-1;678,9,9;688,2,2
avenida|presidente|castelo branco|nelson niero|13734350|584,-2145763,-4699206;588,-6,-1;592,12,-2
avenida|professora|maria leite cunha pereira|conjunto habitacional gildo geraldo|13734578|626,-2145512,-4699218
avenida|professora|maria leite cunha pereira|jardim sao francisco|13734370|17,-2145950,-4699534;18,-16,5;27,21,-10;28,-19,15;38,8,2;45,31,0;48,-27,4;55,29,-3;58,-13,13;67,21,-6;68,-19,11;77,27,-4;78,-19,6;87,22,-5;88,-10,14;115,40,5;124,13,26;125,-12,-25;135,-5,-3;140,6,27;177,-8,-29;214,46,52;215,18,-5;224,-7,13;225,19,-10;234,-17,14;235,21,-3;244,-13,2;254,8,11;255,25,-22;258,-20,23;265,16,-12;268,-10,17;271,18,-13;278,-16,17;285,19,-10;286,-7,11
avenida|professora|maria leite cunha pereira|nelson niero|13734370|349,-2145722,-4699379;357,8,2;365,9,1;373,-1,5;381,14,4;389,-2,5;397,10,3;405,7,5;413,3,4;421,10,5;429,-4,5;437,10,7;445,5,-1;453,6,5;469,14,9;477,8,2;491,15,6;531,27,18;539,14,12;555,11,8;563,2,3;571,21,6;579,-7,3;587,1,-3;595,14,13;603,1,1
avenida|professora|maria leite cunha pereira|nelson niero|13734577|153,-2145643,-4699308;290,-127,-89;566,214,147
avenida|sao|paulo|vila lambari|13731020|20,-2146815,-4701158;30,18,8;86,-8,-54;95,-1,-32;96,4,10;100,-2,-4;105,-2,-7;112,10,-4;113,-14,-3;119,-7,-12;120,12,2;122,2,-18;132,5,2;133,-14,-1;153,5,-21;154,6,-4;162,14,0;163,-22,2;171,2,-26;172,17,16;173,-20,-12;193,2,-4;205,3,-18;223,3,-18;230,5,-10;239,-4,-8;241,1,-9;242,2,10;249,-2,-17;250,4,6;254,4,-10;255,-10,-5;259,0,0;271,0,-5;272,9,9;291,-7,-37;300,5,5;310,-5,-7;320,5,-6;321,0,-4;330,-7,-7;331,7,-7;333,2,2;335,5,0;357,-11,-154;361,1,133;362,19,-3;363,-20,-145;371,10,137;372,2,-13;382,1,-5;385,-2,-4;391,-2,-2;398,18,2;400,-45,-198;414,28,169;423,-12,-13;444,5,-21;448,-3,-4;450,1,-20;455,-8,-11;460,-19,-147;461,19,141;466,-16,-154;470,-6,-1;479,21,139;480,-13,-145;485,17,133;525,-18,-40;557,-1,-29;566,8,-3;567,-11,-4;577,-6,-8;640,19,-56;645,-19,-4;650,-3,-6;655,1,-5;660,7,-7
avenida|senador|jose ermirio de moraes|terras de santa marina|13737063|90,-2147523,-4700852;100,-10,-14;120,-37,-5;470,-236,-136;514,-68,4
avenida|senador|jose ermirio de morais|jardim lavinia|13738300|110,-2148452,-4701038;776,317,16;852,-54,3;902,-40,0;985,-89,14;1016,-24,-22;1066,-53,-5;1420,-341,-75
avenida|senador|jose ermirio de morais|terras de santa marina|13738063|1,-2148017,-4701070;2,-82,-15;3,65,25;4,-66,-40;5,57,35;6,-54,-52;7,38,57;8,-12,-67;9,-1,72;12,32,-58;16,28,14;736,-110,71
avenida||01|vale verde|13749899|10,-2150339,-4700492
avenida||americo pereira lima|jardim lavinia|13736260|25,-2147584,-4700834;43,409,51;47,-8,-5;51,-13,-9;61,-4,10;167,-80,-5;179,-9,2;181,-10,7;191,-1,-15;203,-15,8;215,-4,1;239,-24,-3;251,-8,11;289,-42,-16;301,-17,-8;313,-6,7;325,-8,-6;355,-18,4;383,-14,-13;387,-18,12;393,-8,-3;415,-8,8;493,-70,-20;513,-52,-2;580,13,-25;600,-15,-11
avenida||americo pereira lima|jardim morro azul|13736260|34,-2147157,-4700786;50,-16,-9
avenida||brasil|jardim lavinia|13736230|22,-2147180,-4700476;32,-3,0;44,19,12;96,-158,-130;108,-7,1;132,-27,-9;144,-7,-21;156,-10,0;172,-7,-4;184,-12,-9;196,-2,-11;202,166,93;208,-182,-97;213,-35,-13;214,211,114;225,-260,-142;246,31,59;249,-21,-41;258,44,-2;294,-25,-10;309,-58,-24;325,-16,-11;340,52,26;373,-90,-50;385,-2,-9;397,-3,-10;433,-37,-8;445,-6,-11;457,-16,-7;491,29,21
avenida||christovam lima guedes|canoas|13731000|1415,-2145773,-4702073;1497,51,-81;1507,0,1;1527,10,-27;1567,8,-12;1577,2,-15
avenida||christovam lima guedes|conjunto habitacional nene pereira lima|13731000|1112,-2145986,-4701806;1410,222,-249;1420,11,-11;1430,3,-3;1440,7,-10;1450,5,-9;1460,-9,1;1480,31,-29;1490,10,-30;1500,-6,8;1510,1,-4;1520,10,-17;1530,9,-1
avenida||christovam lima guedes|vila lambari|13731000|7,-2146255,-4701674;54,-309,663;57,-3,46;58,17,-133;98,2,25;99,-9,0;109,5,-7;113,1,-17;117,3,3;121,-10,1;123,1,-11;128,11,18;129,-5,4;142,10,-21;167,-2,-51;170,12,7;172,-1,-7;177,-6,-12;178,25,7;187,-25,-13;189,1,-6;193,6,-11;198,9,19;222,-3,-7;250,9,-35;264,2,-14;269,-8,-7;279,4,-14;285,1,7;289,-3,-16;299,3,-5;321,11,-56;327,-12,-7;337,-4,-8;353,-6,-13;361,3,-5;363,5,-6;365,2,-1;409,-8,-33;419,-4,-18;431,1,-12;433,-3,0;434,-2,11;435,8,-24;483,9,-39;485,7,1;495,0,-5;500,1,18;505,-1,-25;515,4,-14;600,3,17;649,96,-100;659,7,-9;667,5,4;736,58,-30;758,2,-3;768,20,-12;800,34,-24;810,2,9;813,2,-8;814,12,-4;817,-18,6;827,20,-15;837,9,-3;878,45,-20;884,7,-5;887,-3,-8;894,13,3;897,-9,-3;900,20,-4;910,7,-3;917,-13,-1;940,39,-17;947,2,-12;957,15,-4;960,-9,9;971,18,-16;989,45,-31;1079,74,-45;1095,12,-4;1105,9,-6;1139,21,-23;1149,8,-3;1159,5,-17;1169,4,13;1185,2,-7;1221,34,-35;1231,13,-13;1241,6,-4;1260,56,-29;1270,-1,2;1280,12,-11;1290,2,-6;1300,6,-9;1310,6,-9;1320,5,-7;1330,8,-5;1350,10,-19;1360,5,-13;1385,-162,156
avenida||da saudade|centro|13730240|1345,-2146373,-4700598;1445,37,-39;1446,-2,-3;1460,-4,-4;1470,19,-24;1480,1,6;1494,21,-16;1510,1,-20;1515,14,-24;1544,5,2;1555,0,-17;1562,24,19;1570,13,-53;1571,-28,24;1577,6,-4;1580,10,6;1583,-13,-14;1592,18,4;1593,-13,-14;1607,11,-5;1613,10,-14;1623,1,-6;1628,-4,-6;1633,9,-1;1634,9,12;1641,3,-4;1651,-1,-21;1652,5,-2;1659,-15,-32;1664,27,35;1670,-2,-2;1675,-5,-13;1677,7,0;1684,15,0;1689,-14,-6;1691,3,-7;1694,9,8;1701,-4,-13;1703,-1,-4;1704,9,3;1715,-5,-9;1716,21,8;1717,-16,-5;1720,12,-7;1729,-12,-2;1731,6,-8;1736,8,4;1742,5,-5;1743,-12,5;1745,14,-8
avenida||da saudade|igarai|13730240|10,-2140927,-4681034;20,-58,1;30,-24,1;50,49,-5;60,-10,-3;70,-13,-3;80,-6,-10;90,-5,4;108,-19,0;114,-2,-5;120,-10,2;126,-3,-1;132,-5,-4;138,-3,-2;144,-10,-3;150,-9,3;162,-5,-2;186,-22,-8;189,5,3;192,-12,0;198,-7,-7;204,-5,-1;210,-3,2;224,-15,-8;232,-8,-2;240,-7,4;248,20,4;258,-35,-11;259,-35,-1;268,38,1;278,-18,-1;290,-9,-1;390,315,54;402,-12,3;418,-11,-3;430,-18,-6;436,-4,-1;441,-8,20;442,-5,-16;448,-2,-3
avenida||das amoreiras|chacaras do vale|13735600|31,-2148334,-4698280;62,-200,-85;63,-42,-20;155,82,58;380,140,162;385,25,10
avenida||dos reis magos|jardim chico piscina|13736500|227,-2148327,-4700587;383,-161,81;393,-6,9;420,-28,-70
avenida||dos reis magos|jardim santa helena|13736510|1020,-2148644,-4700447;1138,-67,50;1148,-10,0
avenida||eugenio xavier|jardim santa maria|13730285|53,-2146295,-4701223;54,8,16;65,-3,-29;80,25,7;89,-12,-20;90,14,17;101,-6,-22;102,10,12;113,2,-35;114,8,26;128,2,-11;167,20,-40;179,-4,-17;191,10,-7;203,6,-11;204,16,15;216,8,-10;222,3,-6;239,-6,-28;240,20,10;253,-13,-18;281,17,-19;293,8,-17;294,11,13;305,-9,-20;317,6,-9;318,18,14;329,-9,-24;330,18,16;341,-7,-31;342,10,19;353,-7,-25;354,7,15;365,-6,-17;366,16,7;377,-6,-19;378,14,13;390,11,-12;401,-10,-24;402,12,12;415,-1,-19;416,4,10;444,24,-10;456,4,-17;465,-7,-31;468,16,26;480,7,-11;492,1,-14;504,11,-8;510,16,-18;518,-14,7;804,-121,182
avenida||francisco jose dias lima|conjubto habitacional francisco garofalo|13736845|17,-2148768,-4700386;37,-16,-8;45,8,7;50,28,-10;65,-42,0;75,-6,-6;85,-12,-1;105,-10,-4;115,-16,-9;125,-2,-4;135,-10,-5;145,-10,-5;155,-10,-4;165,-7,-4;175,-7,-11;185,-7,3;205,-17,-13;255,-47,-29;265,-17,-15;285,-7,5;295,-13,-9;305,-5,3;335,-21,-20;345,-12,-4
avenida||francisco jose dias lima|conjunto habitacional francisco garofalo|13736845|276,-2148956,-4700508;430,-212,-149;440,-8,-2;450,-11,-1;460,-9,-4;470,-13,-8;480,-1,10;490,-12,4;496,6,9;500,-9,-6;510,-13,-2;520,-17,0;530,-2,-11;540,-11,-2;552,0,3;564,-11,-1;576,-14,-7;586,-21,-13;610,-11,-8;620,0,-25;630,-9,0;670,-19,-25;680,-10,-9;710,-31,-13;720,7,-16;730,-12,-8
avenida||geraldo marra|distrito industrial 2|13739030|414,-2147081,-4702984;464,-9,-32;645,-67,-251;753,19,-72;865,-3,-52;920,23,-69;950,2,-25;995,-10,-96;1020,18,33
avenida||geraldo patti|colina verde|13737015|243,-2147751,-4701336;276,36,-4;288,13,-17;289,-30,-23;300,34,15;312,4,-9;324,10,-13;338,2,-11;366,17,-21;378,4,-9;403,-11,-49;414,34,16;415,-40,-20;475,41,-52;511,14,-30;524,36,17;525,-22,-24;552,34,3;565,-15,-35;576,28,10;600,15,-16;613,-31,-23;626,45,5
avenida||geraldo patti|terras de santa marina|13737051|84,-2147836,-4701138;210,52,-93
avenida||getulio vargas|jardim primavera|13738575|333,-2146914,-4702222;433,6,12;543,-16,-50;549,0,2;559,0,-11;579,-5,-23;589,1,-10;601,-6,-8;639,-11,-43
avenida||jacintho pisani|conjunto habitacional nene pereira lima|13732365|1295,-2145388,-4701930;1315,23,-15;1325,9,-6;1335,-2,-6;1345,3,-7;1355,6,-8;1365,7,-8;1375,10,-10;1385,4,-8;1405,9,-31;1415,3,-9;1425,2,-8;1435,2,-8;1445,8,-12;1455,-4,-3;1465,5,-9;1475,7,-8;1485,2,-10;1495,-5,-8;1505,0,-11;1515,11,-6;1525,0,-8;1535,5,-19
avenida||joao batista de lima figueiredo|braz|13735000|1977,-2147174,-4700058;2745,189,10;2805,-56,10;2815,-29,-3;2829,-28,7;2977,-93,-35;2985,53,0
avenida||joao batista de lima figueiredo|centro|13730005|18,-2146512,-4699822;1848,216,-118;1858,-9,-4;1868,-10,11;1880,-5,-3;1888,-4,0;1980,-65,43;1990,-16,6;2000,-3,10;2012,-6,3;2022,-16,15;2086,-298,1;2148,206,46;2220,-402,-226;2338,222,202;2340,4,-4;2346,-8,-6;2350,6,0;2450,-82,-144;2530,-18,49;2540,-6,-5;2620,-75,-54;2660,-31,-33;2700,-31,-21;2710,-21,-9;2810,-83,0;2890,185,73;2914,-255,-88;2916,3,-7;2918,0,5;2920,1,-4
avenida||joao batista de lima figueiredo|centro|13730057|1000,-2146765,-4699879;2063,-110,-95;2267,230,188;2301,-19,-7;2347,-41,-39;2357,-16,-2;2387,-27,-21;2397,-8,-13;2465,-38,-20;2485,-21,-28;2511,10,-9;2539,-22,-19;2595,-24,-36;2599,-10,24
avenida||joao batista de lima figueiredo|jardim central pricoli|13735000|3095,-2147283,-4700078;3103,-40,-2;3105,11,2;3107,-11,-2;3117,-6,-4;3129,-7,2;3141,-9,0;3142,7,12;3165,-32,-14;3177,-23,10
avenida||joao batista de lima figueiredo|jardim central pricoli|13736556|3101,-2147584,-4700006;3269,111,-57;3281,-13,7;3317,-32,18;3329,-5,-1;3341,-12,7;3353,-12,7;3377,-21,12;3389,-6,0;3401,-10,2;3429,-8,7
avenida||joao batista de lima figueiredo|jardim chico piscina|13735000|4321,-2148463,-4700300;4325,-4,-2
avenida||joao batista de lima figueiredo|jardim chico piscina|13736460|3620,-2148055,-4700150;3748,147,26;3770,-21,-2;3778,-15,0;3784,-3,3;3826,-35,-12;3838,-15,-4;3852,-10,-3;3972,-113,-22;3996,-48,-7;4038,-33,-9;4066,-23,-7;4080,-28,-18;4110,-23,9;4136,-22,-16;4194,-53,-16;4204,-8,-9;4270,-61,-41;4274,-4,-5;4282,-1,-5
avenida||joao batista de lima figueiredo|mocoquinha|13734101|1725,-2146158,-4699941;1811,-79,3;1815,-18,3;1821,67,5;1831,-23,3;1855,-101,21;1945,-42,9;1965,-28,14;1975,5,12;1995,-12,11;1999,1,-7;2005,-15,7;2009,-7,-2;2013,-8,12;2071,-27,38
avenida||joao batista de lima figueiredo|santa cecilia|13733045|1710,-2146152,-4699958;1716,-13,0;1722,-3,2;1724,-12,-3;1736,-18,1;1790,-5,-2;1818,-23,7;1820,-12,-19
avenida||joao batista de lima figueiredo|vila quintino|13736142|3600,-2147580,-4700068;3636,-71,-6;3680,-147,-25
avenida||joao de sisto|jardim botanico|13733552|41,-2144266,-4700433;51,9,0;61,4,-2;81,21,-7;101,14,-6;111,14,2;141,20,-10;161,22,-11;181,14,0;210,42,-1;221,5,-11;230,14,7;241,2,-12;250,12,8;251,-6,-8;260,10,5;261,-3,-8;270,11,7;290,19,-4;300,3,-3;301,4,-10;310,9,7;320,6,-1;330,6,0;340,11,-5;341,-12,-6;350,14,3;351,-2,-7;360,20,6;361,-15,-11;370,18,9;371,-10,-10;381,8,0;391,7,-1
avenida||jose alves pinto|jardim sao luiz|13735044|42,-2146734,-4699230;70,-14,-3;196,-116,77;210,-4,3;238,-25,11;252,-17,17;280,-21,8;308,-19,9;378,-50,35;406,-29,8;420,-12,15;430,-11,1;448,-9,10;498,-52,26
avenida||jose justi|jardim santa maria|13732475|39,-2145995,-4701783;49,-4,15;50,-13,-10;59,19,16;60,-16,-9;69,14,22;70,-14,-11;79,19,16;80,-20,-12;89,14,28;90,-8,-8;99,9,14;100,-14,-8;109,11,15;110,-11,-3;119,17,12;129,-7,11;130,-12,-6;139,3,16;140,-4,-8;149,10,11;150,-7,0;159,15,16;160,-19,-6;170,5,2
avenida||jose pereira lima filho|jose justi|13734460|87,-2145490,-4702385;135,31,19;203,64,13;227,15,4;251,21,4;275,13,4;337,42,10;351,3,-1;365,28,7;375,5,3
avenida||jose vieira barreto|vila maria|13730450|10,-2147119,-4700770;274,16,4;282,-2,-9;285,-7,-5;290,14,-6;291,-6,-5;300,14,0;310,6,-7;329,-2,-25;356,17,8;365,-1,-39;368,10,24;378,6,-10;1034,-60,88
avenida||luiz afonso sukadolnik|jardim botanico|13733566|180,-2144651,-4700364;210,-2,11;300,32,54
avenida||matheus dario andreoli|jose justi|13733465|10,-2145523,-4702436;16,13,-7;26,11,9;36,10,-7;46,16,7;56,5,1;66,13,3;76,6,-2;86,14,4;96,4,6
avenida||matheus dario andreoli|jose justi|13734465|11,-2145510,-4702463;15,306,69;23,-290,-55;35,18,-3;47,7,3;55,8,4;71,13,0;74,238,54;83,-234,-49;95,16,3;107,10,7;146,26,12;153,28,-7;156,-22,7;166,18,7;176,11,-2;188,5,1;200,8,3;212,13,1;224,10,4;225,20,-6;236,-1,7;248,6,4;260,9,2;265,8,-17;274,1,22;275,5,-9;285,3,-4;289,14,7;295,10,-2;302,-9,10;375,92,8;387,16,7
avenida||nelo pisani|distrito industrial 2|13739050|600,-2146758,-4703337
avenida||octavio dos santos|vila carvalho|13735435|24,-2148005,-4699510;25,11,31;34,-16,-25;35,11,5;44,-13,5;45,6,7;94,-30,36;95,15,14;104,-16,-6;105,9,12;114,-15,-5;115,17,12
avenida||olga pinheiro barison|parque dos manacas|13739080|219,-2147589,-4702449;299,-13,-108;392,16,-52;399,-12,-30;452,17,-18;469,-18,-54;489,2,-8;539,1,-56;549,5,-5
avenida||orlando ferracioli|parque dos manacas|13739080|117,-2147665,-4702926;127,-6,-5
avenida||paulo zerbinatti|conjunto habitacional gildo geraldo|13737780|78,-2145132,-4699148;79,-5,-12;88,12,4;98,3,-1;108,7,-6;118,5,-9;128,7,-7;138,3,-5;148,6,-5;158,11,-23;168,2,-1;178,6,-7;179,7,-28;188,-4,22;189,11,-30;198,-23,48;208,19,-22;209,16,-34;218,-9,24;228,2,-1;238,5,-8;248,7,-8;258,0,-11;268,9,-5;278,6,-5;288,4,-8;298,6,-6;308,8,-8;330,2,-21;340,-1,-10;350,3,-10;360,11,-11;370,-16,-3;380,2,-10;390,0,-9;400,0,-9;410,2,-5;420,3,-15;430,1,-9;440,-6,-9;450,2,-2;460,5,-12;470,-5,-7;480,-1,-5;500,-1,-33;510,7,-11;520,-7,-2;530,1,-8;540,0,-7;550,-1,-18;560,0,-6;570,-2,-4;580,-7,-10;590,6,-4;600,22,-17
avenida||pedro cunali|conjunto habitacional gabriel do o cohab i|13732560|2,-2145876,-4701134;8,4,4;12,8,-8;22,7,-5;32,9,-2;42,11,-8;62,7,-14;72,8,-9;82,23,-16;92,1,8;102,2,-7;112,4,-3;122,12,-6;132,4,-7;142,8,-7;152,10,-2;163,3,-11;171,7,-3;172,12,-8;179,-8,-8;185,2,3;192,18,3;195,-12,-10;202,18,2;212,6,0;215,-16,-2;222,24,-6;224,2,2;232,6,-6;242,9,-4;246,5,-3;250,7,0;252,-4,-1;262,7,-9;272,5,0;282,11,-13;291,-24,-24;292,30,22;297,-17,-21;302,27,11;305,-16,-12;312,25,13;322,5,-7;331,-7,-24;332,7,29;342,20,-10;343,-16,-35;352,21,30;363,0,-43;369,15,5;371,4,-4;372,13,19;380,143,-59;382,-139,58;383,73,-36;385,-76,18;389,10,-5;392,0,20;395,1,-24;402,15,20;404,86,-60;407,-92,36;412,13,24;419,-4,-25;422,4,18;431,10,-27;432,5,25;442,5,-7;443,3,-24;452,4,23;455,0,-21;462,6,26;467,0,-29;472,10,17;473,0,-26;481,4,-1;482,9,27;492,7,-4;536,43,-25;537,-11,-14;541,5,-1;553,11,-2
avenida||rodrigues alves|jardim primavera|13738580|2,-2147055,-4702438;7,-60,111;40,33,-96;48,-6,6;54,-8,19;57,-83,134;68,76,-118;82,-12,12;91,62,-64;151,-29,55;183,-84,99;196,-15,12
avenida||rodrigues alves|jardim riachuelo|13738530|34,-2147228,-4702114;64,8,-28;74,8,-4;76,-13,14;84,16,-23;94,2,-5;104,11,-14
avenida||sao paulo|vila lambari|13731020|35,-2146817,-4701170;41,2,-11;61,-2,-1
avenida||sem denominacao|chacara dos ipes|13749899|88,-2142806,-4701592
avenida||tiradentes|jardim botanico|13733551|10,-2144652,-4700560
avenida||tiradentes|jardim santa cecilia|13733015|241,-2146017,-4700352;251,-1,-1;261,2,2;301,20,-1;313,2,4;315,12,-8;319,-52,15;323,70,-18;345,6,7;353,1,-21;375,21,13;405,14,-2;415,5,-8
avenida||tiradentes|santa cecilia|13733015|168,-2146118,-4700301;172,14,-10;204,9,0;214,20,-16;232,6,-4;242,21,8;282,13,-8;400,55,-6;440,101,-23;460,17,2;470,4,2;480,10,-1;506,18,0;516,14,-5;520,7,-2;534,5,-1;540,20,2;570,16,-6;590,23,-3;606,11,2;622,23,-3;700,61,-15;702,-3,4;712,-2,0;728,-14,3;738,14,-3;750,18,-3;752,3,0;768,29,-5;770,9,-1;772,-1,2;781,35,-3;791,9,-2;812,19,2
avenida||transamazonica|canoas|13731400|1420,-2145773,-4702322;1440,17,9;1450,5,-2;1460,11,5;1520,1,-3;1580,15,4
avenida||transamazonica|jardim gatolandia|13731400|5,-2146454,-4702444;8,-97,-7;10,3,7;20,36,11;30,-12,1;40,22,1;41,-46,-38;55,12,3;65,5,5;79,15,2;91,8,14;105,15,-16;125,18,6;145,8,4;170,44,22;180,22,3;271,231,44;275,10,2;401,-193,-38;462,209,38;472,15,1;476,11,4;478,3,-5;482,6,7;492,3,-1;542,63,1;562,23,11;570,9,0;648,62,19;936,-71,-30;950,52,15;966,-27,-3;968,-8,-1;970,38,5;976,-25,2;978,8,-5;980,25,3;981,-235,-46;986,213,47;991,-204,-42;1000,272,53;1103,-54,-13;1109,-115,-26;1111,-88,-15;1129,99,19;1131,-17,9;1139,29,-6;1149,8,-1;1169,4,2;1179,17,2;1189,14,-1;1207,4,3;1217,16,8;1235,5,-3;1271,44,7;1283,7,5;1295,14,1;1307,20,-4;1319,3,10;1331,6,-4;1343,20,2;1443,55,12;1493,42,11
avenida||waldemar moreira da silva|residencial vale verde|13737274|66,-2150619,-4700390;81,11,-17;149,547,721;166,-533,-610;178,12,16;808,355,310
estrada|doutor|gentil ferreira da silva moc 030|chacaras do vale|13735382|450,-2148499,-4697831;900,77,-124
estrada|doutor|gentil ferreira da silva moc 030|mococa|13749899|2,-2149456,-4696963;4,263,729;5,375,-322
estrada|doutor|gentil ferreira da silva moc 030|residencial mais parque|13735565|168,-2147564,-4698679
estrada|doutor|gentil ferreira da silva moc 030|residencial mais parque|13749899|18,-2147444,-4698779
estrada|sao|bento 2|fazenda sao bento|13750000|12,-2142732,-4683252;13,-21,-11;14,-5,-6;15,-10,-15;16,-16,-15;17,-14,-13;18,-17,-10;19,-11,-7;20,-69,-25;21,-19,-32;22,26,36;23,10,6;24,9,7;25,8,7;26,5,12;27,8,8;28,11,11;29,-13,81;30,6,-58
estrada|sao|bento 2|igarai|13750000|1,-2142902,-4683453;10,162,258;12,-10,-25
estrada||agua limpa|igarai|13750000|1,-2140622,-4686611;19,-174,167;20,-10,19;21,-34,44;22,5,-13
estrada||aras california|mococa|13733090|5,-2148704,-4697604
estrada||arraial canoas|nelson niero|13734594|698,-2145665,-4699141
estrada||chacara sao joao|igarai|13750000|1,-2140358,-4680984
estrada||condominio odete meirelles|estrada municipal mococa igarai|13731520|6,-2147262,-4697154
estrada||condominio odete meirelles|sitio primavera|13731520|8,-2147241,-4697147
estrada||do cemiterio|fazenda fortaleza|13750000|2,-2140821,-4681759;3,0,-1;4,-2,-5;5,-3,-8;6,35,90;7,-2,-1;11,1,-1
estrada||do cemiterio|igarai|13750000|1,-2144464,-4682399;2,-14,12;3,-18,38;4,103,74;5,1,3;6,3,0;7,7,0;8,13,9;9,16,6;10,11,-4;11,-130,21;12,11,-17;13,138,-15;14,18,-22;18,-95,-58;545,3030,1347
estrada||fazenda acude|fazenda acude|13750000|1,-2143749,-4685196;2,7,65;3,-15,17;6,59,-110;7,-23,13;8,9,-5;15,-178,-59;17,117,177;20,-100,6;21,-12,-29;22,-22,-12;23,-11,-11;25,-21,-24
estrada||fazenda beira rio|igarai|13750000|2,-2140758,-4687040;4,1219,958
estrada||fazenda itacoce|igarai|13750000|1,-2140719,-4685961;2,439,635;4,-23,61
estrada||fazenda santa maria ao lado do campo experimental|estrada do time|13731520|486,-2145649,-4699109;564,43,51
estrada||fazenda santa maria ao lado do campo experimental|jardim sao francisco|13731520|476,-2145658,-4699119;486,19,12;506,5,1;516,5,18;526,5,4;536,11,15;546,7,0
estrada||fazenda santa rita|barra alegre|13736380|2,-2156962,-4701858;250,-347,449
estrada||fazenda santa rita|condominio esperanca|13736872|10,-2156508,-4703147
estrada||fazenda santo angelo|mococa|13749899|1,-2150551,-4705364;2,-442,-1674;3,-3,2;271,-42,1469
estrada||fazenda santo antonio|igarai|13750000|1,-2141708,-4685313
estrada||fazenda sao francisco|igarai|13750000|1,-2138939,-4683911;2,102,-80;3,-101,79
estrada||fazenda sao tiago|antigo quilombo|13750000|1,-2142143,-4685445;2,-1971,1585;4,1896,-1528;5,5,2;6,15,-17;8,-45,-9;9,-20,26;11,45,-10;14,-112,112;17,-67,23;24,90,-65;26,-79,17;27,80,-17;28,40,-54;29,26,-20;30,-33,-72;31,78,-142;32,5,9
estrada||igarai a tapiratiba moc 233|igarai|13750000|1,-2140713,-4680526
estrada||leiteiro|mococa|13749899|5,-2151022,-4697596
estrada||manoel barbosa moc 060|distrito industrial 2|13739070|480,-2147624,-4702926;700,42,27
estrada||manoel barbosa moc 060|por do sol|13739010|163,-2147946,-4703140;251,97,66;275,-16,-11;283,-12,1;291,-1,-10;333,-14,-1;415,-83,-54
estrada||moc 030|condominio jequitiba|13749899|22,-2148292,-4695271;31,-35,-247;32,27,-28
estrada||mococa a igarai moc 020 sitio primavera|estrada municipal mococa igarai|13731520|4,-2147340,-4697179
estrada||mococa a igarai moc 020|condominio tabebuias|13731520|11,-2147511,-4695567;12,-7,33;25,151,36;32,143,46;33,-7,25;46,169,-60;54,-22,115
estrada||mococa a igarai moc 020|igarai|13750000|17,-2141374,-4689098
estrada||mococa a igarai moc 020|residencial mais parque|13749899|35,-2147420,-4699212;79,42,17;160,-44,202;180,-14,24
estrada||mococa a sao benedito das areias moc 080|chacara dos ipes|13749899|1,-2143007,-4701462;2,199,-164
estrada||mococa a sao benedito das areias moc 080|condominio paraiso das garcas|13749899|9,-2137284,-4701741;10,24,17;14,-107,-28;15,26,13;16,17,8;17,25,9;19,70,28;22,62,12;25,259,-61;29,-1131,-286;30,-38,-9;31,0,1
estrada||mococa a sao benedito das areias moc 080|sao benedito das areias|13755000|6,-2130897,-4707305;7,1370,-54
estrada||mococa a sao jose do rio pardo moc 040|fazenda prata|13736380|6,-2158832,-4700404
estrada||mococa a sao jose do rio pardo moc 040|jardim antonio carlos bernine|13749899|3520,-2149466,-4699567;3521,-37,-14
estrada||mococa a sao jose do rio pardo moc 040|mococa|13749899|5,-2152617,-4697128;6,818,-558;7,-37,442;12,-2008,945;13,1913,-849;15,-4500,2035
estrada||mococa a tambau km 2 a esquerda|mococa|13749899|17,-2154568,-4707258
estrada||mococa a tambau km 6|mococa|13749899|1,-2152553,-4710186;2,-4,-1;3,0,1;4,0,0;5,0,0;6,0,0;7,1,2;8,0,0;9,4,1;10,0,0
estrada||mococa a tambau moc 270|recanto dos passaros|13749899|1,-2153342,-4708212;2,0,-1
estrada||mococa a usina ipiranga|mococa|13755000|16,-2133097,-4709923
estrada||mococa tambau bar para frente|mococa|13749899|7,-2153954,-4709623;8,-13,33;15,-66,143;17,-27,49;20,-4,56;32,129,-292;33,-13,22;35,-29,62;36,-4,19;37,-14,17;41,4,117;42,-54,-13;74,-4,155
estrada||mococa tambau km 4|fazenda aspase|13749899|2,-2153455,-4707136
estrada||para cassia dos coqueiros|sao benedito das areias|13755000|606,-2132359,-4703558;636,6,-14;656,9,-28;676,-1,-12
estrada||para minas gerais|fazenda campo alegre|13750000|33,-2141413,-4678840;34,13,-2;36,-26,6
estrada||para minas gerais|igarai|13750000|1,-2139199,-4680526;2,-3,-7;4,-8,31;7,0,-72;8,-1,12;11,-2012,1407;12,-10,3;13,-13,9;14,-6,5;15,-6,5;16,-9,8;17,-9,5;18,-4,4;19,-14,7;20,-16,9;21,-10,10;22,-3,-1;23,0,3;25,5,-6;26,-23,18;27,-6,2;28,-4,2;29,0,0;30,-10,5;35,15,225;37,14,-239
estrada||s j do alvorada|igarai|13750000|5,-2139790,-4683050
estrada||sao benedito das areias para cassia dos coqueiros|sao benedito das areias|13755000|1,-2132886,-4705041;2,284,558;3,1716,-537;4,820,-157;6,519,-1712;7,-843,-316
estrada||sem denominacao 10|condominio apolinario|13749899|25,-2153571,-4710069
estrada||sem denominacao 10|condominio paraiso das garcas|13749899|132,-2137263,-4702290;133,47,23
estrada||sem denominacao 11|recanto dos passaros|13749899|3,-2153566,-4707701;4,-17,79;5,-11,86;6,-20,87;7,-3,20;8,38,-231;9,-26,127;10,8,4;11,14,-88;12,6,-28;13,21,-17;14,4,3;15,-14,-75;16,14,-26;17,7,-23;18,7,-57;19,1,-27;20,6,-25;21,6,-37;22,31,-50;23,-20,-12
estrada||sem denominacao 12|condominio paraiso das garcas|13749899|72,-2137339,-4701466;75,14,-32;76,17,-40;231,-33,70
estrada||sem denominacao 12|recanto dos passaros|13749899|1,-2153657,-4707931;2,0,-50;3,-23,-85;4,-4,62;5,-14,-46;6,-81,138;7,-125,-76;8,123,-87;9,-15,-4;10,-6,29;11,-205,141;12,-14,-3;13,-9,15;14,-18,8;15,205,-71;16,119,408
estrada||sem denominacao 13|recanto dos passaros|13749899|1,-2153979,-4707667;2,22,21;3,15,-66;4,103,127;5,8,-35;6,17,-113;7,11,-42;8,-157,6;15,148,21
estrada||sem denominacao 14|recanto dos passaros|13749899|22,-2154055,-4707815
estrada||sem denominacao 15|recanto dos passaros|13749899|1,-2154059,-4707852;3,21,-24
estrada||sem denominacao 16|recanto dos passaros|13749899|1,-2153609,-4707766
estrada||sem denominacao 1|condominio apolinario|13749899|1,-2153697,-4710089;2,808,285;3,-15,-15;4,-32,1;5,-298,263;6,-57,-100;7,254,-318;8,-24,-4;9,122,-96;10,-153,68;11,-156,-24;12,1,8;13,-15,-12;14,91,-61;15,118,-85;16,-153,121;17,-17,-2;18,-5,17;19,-251,59;20,227,400;21,4,8;22,-253,-444;23,277,487;25,-150,-259;26,185,-310;27,17,-28;28,-46,2;29,-35,10;30,-38,-9;31,-195,19;35,840,-178;36,-30,12;37,-12,1;38,-17,10;39,-38,7;40,-22,9;42,-23,1;43,-35,9;44,-21,10;45,-28,8;46,-18,13;47,-6,-1;49,-79,23;50,-22,7;51,-21,8;52,2,0;53,-33,5;54,-30,10;55,-11,2;56,-25,10;57,-39,13;58,-11,-2;59,-26,7;60,-50,-4;61,4,0;62,-19,-2;63,-33,8;64,-35,0;65,287,-66;66,-321,64;67,-15,13;68,-2,-4;69,-36,49;70,-9,2;71,-9,-1;72,-9,9;73,-46,-5;74,-6,7;75,-27,-14;88,-97,-11;89,-187,-23;90,-66,-5
estrada||sem denominacao 1|condominio paraiso das garcas|13749899|1,-2137519,-4701894;121,39,-536;122,-1,-28;123,4,41
estrada||sem denominacao 1|igarai|13750000|295,-2141184,-4681085
estrada||sem denominacao 1|recanto dos passaros|13749899|1,-2153552,-4708298;2,-32,31
estrada||sem denominacao 1|sao benedito das areias|13755000|28,-2132126,-4702713;32,4,21
estrada||sem denominacao 27|condominio paraiso das garcas|13749899|1,-2138594,-4700960
estrada||sem denominacao 29|condominio paraiso das garcas|13749899|25,-2137106,-4701607;26,-63,46;27,-13,41;28,-5,25;42,-217,-186;43,-14,-15;44,-43,-10
estrada||sem denominacao 2|igarai|13750000|247,-2141140,-4681053
estrada||sem denominacao 3|chacara dos ipes|13749899|3,-2142552,-4701666;13,38,156;17,2,34;18,9,23;19,2,27;20,2,-28;21,7,26
estrada||sem denominacao 3|recanto dos passaros|13749899|1,-2153445,-4708175;3,22,32;4,1,5;5,29,46;6,-83,-148;12,16,240
estrada||sem denominacao 4|mococa|13749899|5,-2148908,-4699633;6,6,-4
estrada||sem denominacao 4|recanto dos passaros|13749899|1,-2153672,-4708612;2,18,39;3,30,53;4,26,39;5,-1,31;6,32,27;7,19,43;8,24,40;10,-150,-288;12,141,295
estrada||sem denominacao 5|chacara dos ipes|13749899|2,-2142665,-4701625;3,12,-8;4,20,-11;10,-88,55;12,41,-25
estrada||sem denominacao 5|recanto dos passaros|13749899|1,-2153429,-4707935;6,-83,-166
estrada||sem denominacao 6|chacara dos ipes|13749899|12,-2142777,-4701910;13,-10,-15
estrada||sem denominacao 6|recanto dos passaros|13749899|1,-2153655,-4708359;2,-7,-26;3,-2,6;4,-34,-62;5,-3,-11
estrada||sem denominacao 8|recanto dos passaros|13749899|1,-2153695,-4708303;2,-14,8;3,-244,179;4,3,-3;5,57,-36;6,4,-2;7,72,-23;8,-110,48;9,-15,10;10,-61,41;11,-162,120;12,-22,25;13,-19,-32
estrada||sem denominacao 9|condominio apolinario|13749899|1,-2153509,-4710030;4,18,23;30,22,44;35,46,90;49,194,332
estrada||sem denominacao 9|recanto dos passaros|13749899|1,-2153955,-4707875;2,16,-43;3,17,-19;4,169,-123;9,-102,43
estrada||sem denominacao|conjunto habitacional gilberto rossetti cohab ii|13730369|2,-2150488,-4701517
estrada||sem denominacao|conjunto habitacional gilberto rossetti cohab ii|13733090|38,-2150526,-4700593;190,-92,-24
estrada||sem denominacao|conjunto habitacional gilberto rossetti cohab ii|13736871|1003,-2150616,-4700617
estrada||sem denominacao|conjunto habitacional gilberto rossetti cohab ii|13737051|10,-2150530,-4700624;19,-122,17
estrada||sitio agricultor santana|igarai|13750000|1,-2140064,-4681538
estrada||sitio casa branca|igarai|13750000|1,-2140026,-4681772
estrada||sitio do cafe|igarai|13750000|1,-2139342,-4682118;2,-20,161
estrada||sitio paraiso|igarai|13750000|1,-2140315,-4681513
estrada||sitio ressaca 3 ao lado do sitio ressaca 2|rodovia sp 340|13736380|263,-2156468,-4705466
estrada||sitio varginha|igarai|13750000|1,-2139828,-4681809;2,174,49;3,126,-24;5,-42,-100;6,-212,-4
largo|nossa senhora|aparecida|aparecida|13735077|7,-2147184,-4699265;51,-56,-4;75,-6,-33;85,-13,-9
praca|capitao|olimpio garcia de figueiredo|vila lambari|13731087|8,-2146554,-4701305;10,2,-10;42,-6,-26;54,0,-13;64,4,-10;67,-57,22;68,69,-29;79,-67,26;89,6,-23;97,-5,2;107,1,-10;119,-8,-17;272,60,66;280,-1,-1;282,2,5;284,0,6
praca|doutor|jeferson ferraz|centro|13730119|90,-2146415,-4700698
praca|major|jose pedro|centro|13730038|92,-2146616,-4700144;108,-19,-5;116,5,-10
praca|marechal|deodoro|centro|13730047|61,-2146790,-4700276;133,-62,-52;144,118,-19;153,-131,17;167,-8,-12;170,132,-14;180,-33,-27;222,-20,-17;270,-29,-13
praca|princesa|isabel|jardim rigobelo|13730248|21,-2146185,-4700905;55,-59,-13;79,-9,-1;81,-11,2;101,-11,-12;1745,98,31
praca|santa|cruz|vila santa cruz|13734235|41,-2146287,-4699728;50,24,-20;51,-11,25;64,1,-44;74,-2,-2;84,9,-11
praca||ademar de barros|centro|13730048|17,-2146897,-4700366;36,33,-83;40,-6,-5;59,-55,66;70,46,-74;77,-65,66;131,5,-41;181,6,-10;395,91,11
praca||antonio prado|centro|13730036|1,-2146516,-4699995;2,-6,-4;3,-11,-1;4,-8,-12;5,-4,10;6,-10,-12;7,-7,-22;8,9,-8;9,12,-24;10,16,-8;12,14,7;13,0,15;14,1,-3;15,15,-1;16,2,13;31,-36,41;35,-10,-7;47,2,2;59,-4,-5;65,-10,-3;69,-3,-3;78,66,-12;79,-74,4;88,67,-8;90,-5,-2;92,0,0;96,-3,-4;100,-9,3;110,-4,-8;130,-9,-12;713,14,60;728,-45,-39
praca||barbara eufrasina de lima|centro|13730380|28,-2147099,-4700198;30,3,-4;46,6,-13;56,-3,-11
praca||da bandeira|igarai|13750000|15,-2140575,-4680848;25,15,-29;35,-2,-9;45,-6,-3;71,6,-13;81,6,-14
praca||da paz|conjunto habitacional gilberto rossetti cohab ii|13737335|170,-2149260,-4701061;182,-20,-2;192,1,37
praca||da paz|conjunto habitacional gilberto rossetti|13737335|201,-2149245,-4701020;270,20,-32;271,-19,31;274,21,-35;275,-36,25;279,-6,8;280,41,-38;290,0,0
praca||diogo garcia da cruz|aparecida|13735309|100,-2147302,-4699505
praca||diogo garcia da cruz|jardim santa clara|13735309|116,-2147333,-4699439;130,-14,-19;156,-17,-12
praca||dois de novembro|jardim santa maria|13730156|2,-2146154,-4700872;11,5,2;52,13,2
praca||eduardo baptista ferreira|jardim sao luiz|13735047|28,-2146816,-4699295;42,13,-13;56,-5,12;70,-8,10
praca||epitacio pessoa|centro|13730037|86,-2146544,-4700086;108,-13,-22;124,-13,1;134,-16,-3;156,-3,-18
praca||jose quintino pereira|centro|13730370|22,-2147052,-4700263;33,-50,6;39,-3,1;53,-13,-5;60,78,-33;67,-84,24;76,97,-31;82,-108,21;87,-2,-1
praca||lavinia ribeiro do valle|igarai|13750000|11,-2140836,-4680950;19,-7,-2;37,-14,2;51,-23,-5;61,-9,2;75,-10,-2;93,-28,11;456,98,-11;468,10,-6;476,-1,-13;490,-1,-10;530,-9,-43
praca||nove de julho|braz|13735007|2,-2146927,-4699941;13,-25,4;17,9,-11;18,12,-4;65,-13,-8
praca||pacifico da costa lima|vila quintino|13736000|9,-2147242,-4700377;23,-9,-1;33,-4,-1;53,-5,0
praca||paranoa|vila santa rosa|13731000|509,-2146475,-4701572;555,-12,34;579,3,-19;599,8,-22
prolongamento||da avenida dom pedro segundo|vila carvalho|13735422|104,-2147675,-4699928;114,13,-16
prolongamento||da rua antonio carlos seixas|santa cecilia|13733090|157,-2145767,-4700070;167,10,4;179,10,-9;187,10,-3;197,9,1;207,6,-11;217,8,-8;227,6,10
prolongamento||da rua primo quilice|chacara sao domingos|13734450|83,-2143911,-4700907
rodovia|prefeito|homero correa leite sp 207|fazenda prata|13736380|3,-2159053,-4701250
rodovia|prefeito|jose andre de lima sp 340|chacara galileia|13749899|4,-2149910,-4701908
rodovia|prefeito|jose andre de lima sp 340|colina verde|13749899|4,-2147563,-4702171;273,0,0
rodovia|prefeito|jose andre de lima sp 340|conjunto habitacional gilberto rossetti cohab ii|13733090|4,-2150276,-4701490;269,-1091,-599;271,-3,-9
rodovia|prefeito|jose andre de lima sp 340|estrada mococa a tambau|13736872|260,-2153218,-4703239;263,-2948,-1354
rodovia|prefeito|jose andre de lima sp 340|fazenda santa elisa|13749899|255,-2155583,-4702594
rodovia|prefeito|jose andre de lima sp 340|fazenda umuarama|13749899|257,-2153796,-4702994
rodovia|prefeito|jose andre de lima sp 340|rodovia sp 340|13736380|263,-2157286,-4704294
rodovia|prefeito|jose andre de lima sp 340|rodovia sp 340|13736872|263,-2157286,-4704294
rodovia|prefeito|jose andre de lima sp 340|santa agusa|13736872|264,-2159276,-4703951
rodovia|prefeito|jose andre de lima sp 340|sitio bela vista|13749899|268,-2152225,-4702681
rodovia|prefeito|jose andre de lima sp 340|sitio fama|13749899|258,-2152955,-4702584
rodovia|prefeito|jose andre de lima sp 340|sitio santo antonio|13749899|5,-2149848,-4701995;6,-16,-1;7,27,-45;8,-21,-23;9,-5,-8;10,1,-21
rodovia||abrao assed sp 338|sitio marina|13749899|374,-2152682,-4706596
rodovia||de acesso a usina limoeiro|usina limoeiro|13736380|11,-2162003,-4703622
rodovia||mococa a tambau moc 270|mococao|13736872|3,-2155954,-4700990
rua|alferes|pedrosa|centro|13730030|5,-2146724,-4700137;11,2,-1;13,-12,0;17,62,49;25,-33,-25;27,60,38;35,59,47;45,-23,-8;47,-67,-56;49,-83,-48;50,17,-12;67,47,48;70,-73,-64;77,71,42;87,2,2;91,-80,-19;92,-6,-40;97,-14,12;105,173,111;128,-183,-135;137,-12,-13;138,3,9;144,-2,-1;145,-6,-7;154,-10,-11;155,-10,-1;164,4,-3;174,-11,3;189,-3,-8;200,-3,-8;203,-20,-4;207,19,5;211,-37,-22;220,1,-13;224,-164,-108;230,158,106;238,-141,-99;240,132,96;248,-138,-101;258,15,20;276,107,66;303,-19,-6;315,-20,-9;347,-21,-13;372,-4,-17;524,-114,-83;540,-10,-1;550,-12,-11;558,-3,-3;568,-14,-5;1289,338,249
rua|barao|de monte santo|aparecida|13735060|10,-2147297,-4699073;40,12,-11;80,21,-46;133,32,-35;143,1,-19;153,9,-5;165,4,-12;177,7,-6;191,4,-16;199,8,-2;211,-1,-9;248,33,-31;288,22,-39;290,-23,34;308,28,-45;324,1,-5;334,9,-11;354,8,-10;373,3,-11;374,5,3;400,19,-27;427,7,-39;437,9,-2;447,2,-1;457,5,-4;460,-8,23;467,12,-32;478,7,7;490,17,-31;510,2,-14;519,14,6;529,1,-15;541,-1,-18;553,20,-8;585,7,-22;611,14,-28;624,2,-1;631,5,-5;644,5,-3;649,6,-22;654,4,1;660,2,3;665,3,-17;681,2,2;706,18,-27;709,-6,-8;718,13,5;727,4,-15;734,0,-11;746,16,1;753,2,-8;757,7,-8;768,-2,-4;769,-6,-2;787,14,-16;794,5,3;805,4,-17;815,4,-5;825,6,-2;835,5,-14;849,9,-14;852,2,2;857,-1,-11;862,8,2;865,1,-1;867,4,-2;880,7,-7;883,-10,-16;903,20,-8;912,1,1;941,21,-20;973,11,-36;986,14,-12;987,-10,6;991,7,-9;998,3,-7;999,1,4;1723,-365,550;1925,856,-1306;1935,7,-8;1945,1,-3;1975,11,-9;1991,13,-6;2007,-2,-23;2009,10,10
rua|barao|de monte santo|centro|13730230|10,-2146458,-4700362;157,-34,57;563,-9,0;1040,-248,415;1041,-6,0;1051,4,-10;1061,4,1;1062,0,-7;1063,4,15;1067,6,-20;1084,4,-10;1090,-1,-1;1105,-3,18;1115,16,-36;1116,-4,-4;1136,15,-22;1139,-2,-6;1149,2,0;1153,9,4;1157,-10,-4;1163,12,-6;1164,-6,-4;1167,9,-4;1175,1,-12;1178,-1,4;1183,11,4;1184,-18,-13;1190,15,7;1195,10,-22;1199,10,-11;1203,6,7;1207,7,-2;1208,-23,-11;1211,-1,4;1230,13,-1;1243,1,-16;1326,87,-123;1380,21,-31;1382,-1,1;1383,-33,33;1384,37,-36;1397,-28,25;1407,10,-5;1441,-8,4;1451,21,-26;1452,5,-8;1461,-1,-1;1515,35,-53;1520,16,-2;1529,-11,-4;1539,6,-11;1570,17,-14;1578,4,-7;1586,11,-15;1672,47,-71;1680,11,-2;1683,-16,-10;1685,-13,-9;1693,18,9;1694,4,-10;1696,7,2;1705,1,-12;1714,8,0;1715,-4,-1;1720,10,0;1734,-3,-10;1740,2,-2;1777,23,-32;1781,3,-6;1784,-1,5;1789,4,-19;1790,0,9;1794,-11,21;1806,24,-33;1817,-5,-7;1827,5,-13;1925,73,-92;1950,-2,7;1956,-2,-6;1984,-83,120;1986,115,-117;1990,-9,-24;2000,21,-17;2008,-1,-14;2012,10,-1;2016,-12,1;2035,17,-26;2038,2,5;2043,4,-14;2058,2,5;2061,4,-17;2070,9,2;2077,-3,-13;2080,4,14;2092,9,-19;2097,-7,-4;2100,10,1;2110,6,-11;2120,6,-6;2123,-5,-12;2130,6,6;2131,-4,-9;2138,12,2;2141,-3,-7;2148,8,3;2149,0,-9;2158,3,-2;2161,-6,-2;2168,12,-11;2171,-5,4;2176,14,-9;2177,-3,-5;2186,7,-5;2189,-8,0;2197,4,-7;2210,12,2;2220,0,-7;2221,0,-9;2230,4,3;2231,6,-11;2240,3,1;2241,-4,-1;2245,5,-15;2246,2,13;2251,1,-9;2255,8,-13;2260,-3,15;2261,1,-18;2270,4,3;2271,9,-13;2272,-1,12;2276,-1,-4;2284,2,0
rua|barao|de monte santo|centro|13735060|42,-2146332,-4700539;1896,8,-14;1910,17,-17;1926,9,-12
rua|capitao|antonio fernandes pinheiro|conjunto habitacional gabriel do o cohab i|13732610|43,-2145564,-4701054;53,8,-8;63,6,-4;73,11,-6;83,3,0;93,12,-3;103,8,-4;113,9,-12;123,12,-1;133,3,-6;143,0,-7;153,16,3;163,10,-12;173,2,-1;193,24,-9;203,6,-7;213,13,-2;223,11,-3;233,4,-2;243,6,2;253,11,-10;263,8,-4;273,15,1;283,3,-7;293,14,-5;303,5,1;313,9,-4;323,4,2
rua|capitao|emilio de toledo|vila maria|13730460|12,-2147018,-4700843;26,4,-9;36,2,-6;40,7,-16;46,7,-5;50,8,-9;257,98,-144;270,19,-18;280,13,-14
rua|capitao|francisco muniz barreto|centro|13730310|9,-2147030,-4700086;11,1,-2;13,1,-3;15,1,7;18,-19,-50;21,10,42;26,6,-56;28,6,-8;29,-4,66;31,-7,1;33,0,-1;35,4,2;40,16,-76;45,-9,78;51,-10,1;54,23,-89;61,-21,87;68,-15,-35;80,6,-14;83,44,-70;86,4,7;94,-39,54;97,36,-89;100,9,23;124,18,-20;129,15,-38;138,-6,29;145,-10,-5;151,4,0;178,-26,37;233,63,-93;681,-111,212
rua|capitao|jose caetano de figueiredo|centro|13730050|1,-2146904,-4700483;30,-22,-21;62,-20,-22;107,-52,-27;137,-21,-19;171,-32,-20;174,-104,-92;178,105,80;181,-21,-4;200,9,-5;220,-18,-14;338,-108,-94;368,-17,-9;378,-4,0
rua|capitao|jose caetano de figueiredo|vila maria|13730050|290,-2147110,-4700654;308,-48,-39;320,22,17;350,-18,-9
rua|capitao|jose cristovam de lima|vila carvalho|13735430|9,-2147970,-4699376;19,0,-9;25,5,-11;41,7,-8;49,7,-10;57,2,-9;63,4,-9;77,5,-11;87,1,-7;91,4,3;99,5,-6;100,23,-39;115,-23,24;123,-46,104;125,53,-107;126,-43,106;127,-10,1;130,6,5;135,49,-124;137,-66,119;140,13,11;147,-13,3;150,11,5;153,66,-151;157,-81,154;158,6,14;160,85,-175;163,-92,167;164,92,-166;165,-98,171;167,91,-183;168,-84,191;173,87,-197;176,6,6;177,-103,196;178,17,8;186,-18,3;187,-3,-7;188,114,-207;191,-5,-16;194,8,7;197,-117,223;198,5,6;199,108,-248;200,10,5;202,-116,246;207,-15,-1;209,126,-257;210,5,8;217,-132,256;222,142,-269;223,-11,-6;234,12,6;237,-5,-19;244,11,5;252,5,-7;254,0,-2;255,-10,-9;262,11,5;263,-14,-8;265,4,-6;268,10,16;272,8,-21;277,-13,-1;296,9,-8;300,15,-4;332,6,-29;343,1,-13;346,8,-2;353,-1,-11;354,2,9;361,-2,-11;362,6,-1;365,-4,-6;369,2,-9;374,9,10;381,-1,-19;382,3,8;385,-2,-7;392,5,7;395,-2,-28;404,6,9;414,5,-6;424,8,-12;425,-13,-3;432,17,-6;443,-15,-5;444,18,3;453,-12,-22;454,12,12;463,-4,-20;466,8,13;469,0,-18;470,6,6;475,-8,-6;480,18,-9;481,-23,-12
rua|capitao|jose gomes|centro|13730060|5,-2146375,-4700095;15,-7,-5;20,8,-9;25,-18,0;26,11,-2;34,-10,-9;47,-21,-5;82,-14,-17;88,-6,-5;94,-7,-7;104,-2,-1;110,-4,-13;111,-5,8;114,-3,1;115,-2,-2;161,-25,-28;177,-18,-11;187,-3,-5;197,-12,-3;199,5,-3;204,-9,-2;205,-2,-1;210,10,-15;220,-14,2;265,-34,-31;273,-12,-4;276,14,6;288,-21,-15;304,-8,-6;350,-29,-13;360,-9,-10;385,-24,-10;390,9,-6;395,-21,-7;405,-8,-2;410,-33,6;415,24,-7;422,-2,-20;466,-11,-14;476,-16,-6;486,-13,-11;495,-14,-1;501,398,305;506,-391,-308;511,381,306;521,-11,-6;531,-8,-7;536,-394,-317;537,393,319;566,-407,-337;571,-12,-3;588,-9,-14;589,-1,6;628,-28,-30;652,-14,-9;674,-38,-34;680,10,8;763,-30,-12;774,-16,-18;786,-11,-12;792,-3,-4;840,-39,-33;874,-17,-14;880,10,10;893,-37,-18;954,415,327;983,-5,-17;1471,46,46
rua|capitao|jose joaquim|mocoquinha|13734140|44,-2146138,-4699499;51,-15,2;52,-72,-62;56,75,56;62,-82,-59;63,97,77;73,10,10;90,-69,-63;102,1,0;110,69,67;112,-150,-119;144,-18,-16;145,-15,-7;148,189,132;160,-195,-147;165,-7,8;174,-9,-25;177,13,23;197,-17,-10;198,13,-9;199,-21,0;200,7,-7;209,-29,8;215,190,129;216,-165,-138;219,143,123;235,-177,-141;236,13,3;242,-6,-10;243,-7,12;256,2,-18;263,-12,9;264,0,-12;267,-7,3;272,1,-11;275,1,11;281,-41,9;282,38,-25;283,-4,16;291,-32,10;292,20,-33;293,-20,28;297,22,-23;303,-12,-11;304,9,0;309,-13,-4;311,214,180;319,-217,-181;321,215,180;331,-3,-3;340,-227,-197;341,223,192;346,-232,-189;351,216,176;362,-219,-195;374,-15,4;378,-4,-4;388,-5,-8;389,219,183;398,-233,-188;399,235,183;405,-13,4;407,-226,-184;409,247,192;410,-244,-205;414,-2,1;419,259,217;420,-270,-228
rua|capitao|luiz pena|braz|13735010|205,-2146860,-4699769;207,0,-1;215,-12,-2;221,-13,-6;228,6,-10;229,-7,2;237,-7,-1;247,-11,-15;258,3,-4;272,2,-1;273,-5,2;285,-23,-17;310,-14,-14;318,-5,-12;332,-9,0;346,-11,-6;356,-7,-6;373,-10,-6;427,-42,-28
rua|capitao|luiz pena|descanso|13735010|22,-2146748,-4699654;25,1,-1;41,-21,-10;54,2,-5;109,-36,-34;112,-1,-5;121,-9,-9;122,0,-2;127,-2,-3;132,-2,5;139,-2,-7;144,-9,-4;150,-7,-3
rua|capitao|miguel ferreira|vila mariana|13730335|6,-2146306,-4700713;22,-4,-9;28,-10,-3;38,-1,-7;46,-15,-4;58,-7,-6;70,-4,-8;82,-8,-10;87,-148,-127;96,139,120;122,-20,-11;130,-7,-7;160,-19,-23;166,0,0;176,-20,-8;181,7,5;182,3,0;189,-17,-1;190,3,-17;201,-17,2;204,11,-1;206,-12,-4;215,5,-1;220,-5,-5;225,-7,-1;287,-47,-41;290,28,15;309,-42,-30;330,-13,-13;332,-5,-2;336,-3,4;339,2,-2;342,-5,-13;349,0,7;357,-6,-7;361,-25,-11;362,17,9;371,-15,-15;374,7,7;401,-18,-17;407,-11,1;415,-4,-5;416,11,-2;429,-106,-79;435,85,59;447,2,-6;449,-4,1;451,-10,-2;465,-11,4;475,-10,-8;488,1,-13;503,-22,-8;510,2,-3;513,-10,1;520,-2,-15;523,-3,10;533,-2,-7;534,-2,-9;538,-6,-1;543,-5,4;548,-2,-12;551,-20,1;556,9,0;566,-3,-11;567,-5,7;572,-1,-1;580,-3,-15;581,4,13;588,-8,-15;593,5,18;596,-11,-22;604,-6,-10;617,-10,5;618,0,-6;625,-6,-1;628,0,-5;633,-8,0;634,1,-5;637,-13,-2;646,8,-9;654,-7,0;660,-3,-2;665,-6,5;674,-2,-14;675,-5,3;681,-13,2;685,4,-12;688,-2,-6;700,-6,-5;705,0,5;714,-9,-13
rua|conego|bento|descanso|13734130|30,-2146658,-4699639;145,24,-41;364,-20,-44
rua|conego|bento|mocoquinha|13734130|30,-2146537,-4699656;32,-10,-8;46,-11,-5;60,-14,-3;72,-11,-5;84,-8,-5;94,-2,-5;115,17,12;227,90,53;237,15,0;265,23,14;273,4,6;283,13,5;293,0,1;303,7,9;313,16,0;387,63,32;397,9,4;407,5,0
rua|conego|bento|vila naufel|13734130|15,-2146539,-4699637;23,0,-7;33,-15,-7;43,-11,-5;55,-10,-5;75,-14,-10;91,-9,-4;105,-12,-9;124,33,18;198,64,30;208,10,7;218,7,6;228,10,4;248,11,7;258,15,8;268,9,3;278,3,3;288,12,9;298,5,2;338,49,23;368,21,10;378,12,7;388,3,4;424,26,10
rua|coronel|carvalhaes|aparecida|13735067|26,-2147271,-4699396;46,103,84;56,-14,-5;66,-4,-7;76,-12,-13
rua|coronel|diogo|aparecida|13735080|115,-2147349,-4699268;169,5,-11;179,1,-10;184,1,-7;211,5,-17;223,3,-5;235,2,-7;244,-2,-14;247,5,-2;262,-2,-15;280,8,-17;284,14,-1;290,-5,-5;310,8,-16;318,9,-20;328,13,-10;352,11,-15;364,0,-7;376,2,-12;388,10,-10;400,7,-7;412,-1,-12;424,10,-6;436,13,-9;450,6,-11;460,1,-4;470,-6,-8;474,18,-17;478,-9,8;485,6,-6;492,9,-10;514,10,-10;527,8,-24;529,39,-63;536,-42,69;556,8,-9;564,-5,-9;578,18,-15;588,5,-12;592,12,2;598,1,-5;606,4,-13;616,9,-4;624,-2,3;632,8,-14;635,0,-18;664,0,-1;675,13,-12;676,6,2;685,3,-17;686,0,6;696,9,-9;704,0,-8
rua|coronel|diogo|braz|13735027|727,-2147092,-4699748;745,13,-15;754,19,14;762,-3,-9;782,6,-13;796,5,-19;799,-8,5;800,12,-5;809,-14,-4;848,33,-32;863,8,-11;864,9,-9;873,-5,-7;876,9,3;885,8,-18;899,-7,3;918,22,-21;919,-10,5;929,10,-9;936,6,-5;941,1,-8;946,5,-5;950,1,0;954,9,-8;955,14,-24;966,-15,20;1019,22,-56;1060,20,1;1063,-1,-24;1070,6,15
rua|coronel|diogo|centro|13730260|26,-2146734,-4700254;44,6,-24;66,0,-10;82,21,-22;102,3,-21;1114,-196,298;1126,16,-9;1142,1,-15;1173,23,-28;1174,-1,-1;1176,1,-6;1181,4,-5;1232,27,-35;1233,1,-12;1243,4,-7;1244,-3,17;1250,9,-13;1253,-4,-10;1260,8,7;1265,3,-17;1313,24,-21;1323,9,-16;1333,9,-15;1338,-1,9;1345,-4,-12;1355,1,-1;1484,82,-112;1492,1,-13;1510,2,-21;1512,1,21;1520,1,-15;1523,3,-2;1525,-7,7;1529,17,-16;1534,-7,8;1535,7,-21;1539,1,-1;1540,-2,16;1546,10,-8;1549,-7,-4;1554,8,-9;1564,3,-6;1573,2,-7;1589,16,-17;1590,8,-6;1592,-16,9;1596,19,-14;1628,1,-4;1635,11,-24;1643,5,-9;1663,5,-7;1664,6,0;1665,-3,-1;1689,14,-25;1707,4,-11;1714,2,4;1719,12,-18;1722,0,8;1726,0,-1;1736,2,-5;1737,6,-13;1740,2,1;1745,3,-12;1748,1,3;1758,1,-1;1771,8,-16;1774,-2,2;1790,12,-17;1794,3,-3;1798,2,-2;1799,-3,-3;1800,6,-2;1804,-3,-6;1806,2,-3;1832,8,-14;1847,7,-4;1855,16,-19
rua|coronel|francisco soares de camargo|santa cecilia|13733070|9,-2145825,-4700243;10,-56,31;13,-55,26;15,16,3;21,28,-33;25,-30,36;27,24,-42;29,-51,49;30,86,-44;31,-71,43;32,-3,0;40,83,-47;41,-81,49;50,89,-51;51,-99,62;58,-17,-6;60,128,-58;64,-133,59;70,145,-66;78,-150,77;80,158,-76;82,-170,80;85,17,1;86,-14,-5;92,-4,12;95,4,4;96,175,-102;100,-194,100;107,10,12;108,-11,-4;113,5,11;130,-12,-13;131,-4,20;136,-12,-9;143,0,17;146,-13,-3;148,13,-12;151,-1,22;158,-16,-8;159,8,12;160,-5,-17;165,3,25;166,-3,-24;172,-10,9;173,9,16
rua|coronel|jose pereira lima|centro|13730220|134,-2146443,-4700231;784,-79,142;792,6,-6;796,4,1;800,0,-6;804,0,-2;808,2,-6;812,4,-6;822,5,-10;833,-1,-28;842,12,14;851,5,-24;852,3,17;853,-4,-21;862,-6,3;872,12,-4;896,20,-17;922,8,-21;938,8,-11;941,-3,-1;948,7,-4;951,-4,-10;972,19,-13;992,11,-17;997,-4,-7;1004,19,-1;1019,-11,-16;1024,17,-4;1029,-4,-17;1042,12,3;1062,9,-17;1080,10,-11;1081,-4,-15;1086,4,8;1092,6,-7;1097,-8,0;1101,-3,-16;1116,28,-10;1127,-8,-6;1134,14,-7;1135,-5,-4;1147,2,-10;1150,3,12;1155,3,-19;1174,23,-14;1175,-8,-9;1185,1,-1;1192,20,-15;1195,-16,4;1210,13,0;1230,8,-20;1261,11,-32;1267,-1,-5;1274,7,21;1279,-1,-20;1283,13,-15;1295,-2,-2;1307,9,-11;1315,8,-5;1333,3,-4;1343,-6,-13;1367,26,-19;1381,6,-13;1382,8,-14;1392,1,9;1395,-3,-9;1405,4,-6;1413,8,-4;1416,1,5;1417,-3,-16;1419,6,-4;1420,1,1;1427,11,-24;1450,2,21;1460,4,-13;1463,6,-31;1470,0,21;1488,6,-14;1496,8,-5;1506,4,-7;1507,-4,-9;1511,2,-3;1517,2,-9;1518,14,4;1522,25,-28;1530,-25,16;1535,-1,-13;1538,7,10;1547,-1,-19;1557,8,-13;1558,5,16;1579,-3,-12;1582,16,-7;1585,-22,-19;1590,28,16;1595,-18,-38;1602,21,32;1603,-9,-15;1614,16,3;1623,1,-13;1634,7,-5;1635,-4,0;1641,5,-8;1644,7,1;1647,1,-7;1661,6,-10;1664,-1,18;1676,5,-16;1677,-4,-6;1678,10,-4;1680,5,-2;1700,24,-43
rua|coronel|jose pereira|descanso|13735035|4,-2146702,-4699544;14,-106,148;26,5,-18;30,1,-2;40,6,-10;46,12,-5;47,-27,15;63,11,-13;71,10,-6;77,3,-9;83,2,-2;84,8,8;91,-1,-13;92,7,4;105,-5,-12;116,20,-5;132,-13,13;140,4,-3;142,13,-26;147,5,-6;154,5,0;162,8,-8;165,-5,-12;174,8,5;178,4,-13;198,18,-3;251,10,-36;261,6,-11;271,9,-1;281,6,-7;291,3,-12;305,8,-12;321,8,-3
rua|deputado|paschoal ranieri mazili|centro|13730059|83,-2146549,-4700162;99,15,17;103,3,4;107,-1,0;111,4,6;115,8,2;127,4,3;258,134,103;280,0,-1;282,12,4;292,10,2;300,0,1;301,-33,-24;303,5,6;314,-27,-3;316,68,24;318,-76,-25;322,-52,-40;326,137,69;330,-155,-88;332,6,4;340,159,86;341,-15,-13;343,-35,-14;353,18,1;360,52,34;363,-46,-25;370,51,27;373,-46,-27;378,51,29;390,13,3;391,-43,-23
rua|deputado|paschoal ranieri mazili|jardim santa cecilia|13730059|606,-2146084,-4700021
rua|deputado|paschoal ranieri mazili|santa cecilia|13730059|124,-2146152,-4700015;147,122,-9;415,-181,14;442,-28,8;475,31,-8;485,-9,2;488,10,2;494,29,11;495,-53,-13;500,57,3;535,-23,14;545,14,-26;555,2,-2;565,12,0;575,68,-9;585,8,2;595,15,3;597,-7,-5;681,72,-11;687,6,8;690,-16,7;704,26,-6;718,6,-2;719,1,-11;732,15,10;733,-5,-12;744,19,10;759,8,-13;764,11,10;774,8,-2;782,6,-5;1820,-318,45
rua|dom|tomaz vaqueiro|jardim das figueiras|13737115|12,-2147425,-4701690;22,3,-8;32,4,-18;39,-8,15;42,6,-20;49,-7,15;52,17,-22;62,8,-6;72,2,-3;82,5,-8;89,-12,6;92,11,-15;99,-4,6;102,12,-16;112,7,-11;122,5,-3;132,8,-10;145,-10,-4;155,4,-11;165,9,-8;175,1,-3;185,9,-7;195,1,-12;205,3,-10;215,5,-1;245,21,-33;255,1,-7;265,1,-8
rua|dom|tomaz vaqueiro|jardim riachuelo|13737115|158,-2147358,-4701806;168,1,-9;178,12,-10;188,-3,-7;208,13,-20;218,8,-5;228,7,-7;240,3,-8
rua|dona|lina leopoldina pinheiro|vila carvalho|13735450|50,-2147934,-4699883;803,266,98;804,14,-15;808,-7,-1;812,-11,2;832,-11,3;856,-28,18;880,-14,-29;883,-4,14;893,-14,-6;900,-64,-28;924,11,5;945,1,15;955,-4,0;963,-2,-4;1004,-14,-24;1009,-32,-3;1024,26,2;1028,-10,-4;1029,-26,-7;1030,10,-1;1039,-21,-3;1049,-4,0;1059,-16,-12;1073,0,-1;1074,108,58;1075,-122,-61;1234,-75,-48;1239,-20,-45;1250,-30,9;1260,-12,-2;1300,-39,-10;1320,-62,-25;1380,1,0;1400,-12,-6;1684,-76,-18;1700,-13,-4;1704,-1,2;1740,-24,1;1821,-187,12;1830,11,-13;1831,-23,13;1865,19,6;1876,-39,-21;1880,-31,-24;1890,6,24;1895,-9,20;1910,-19,-21;1911,5,12;1920,-19,-11;1921,5,11;1930,-14,-9;1992,-19,4
rua|doutor|abrao venturi filho|jardim lago dos ipes|13735721|17,-2148230,-4699547;27,-6,3;37,-7,12;40,-5,14;47,2,-12;60,-14,24;67,1,-9;70,-3,17;80,-5,10;90,-7,3;107,-9,2;117,-6,2;120,-5,17;127,-3,-6;130,1,15;140,-4,5;170,-20,24;187,-12,1;197,-4,3;214,-17,35;224,-3,0;227,-3,-4;234,1,12;244,-6,11;254,-6,-1;264,-10,10;267,-11,7;274,9,1;287,-14,4;297,-6,12
rua|doutor|adolfo barreto|centro|13730120|8,-2146466,-4700724;31,-16,-8;34,1,-5;43,-5,-3;46,1,-5;53,-14,-4;56,-1,-5;60,0,-9;63,-6,7;71,-8,-3;84,-1,-19;93,-25,-4;94,10,-6;103,-3,4;106,2,-2;114,-6,-10;119,-1,3;120,-6,-11;179,-49,-27;195,-13,-15;200,23,8;245,-59,-43;285,-20,-10;293,-6,-7;296,5,-5;303,-16,-2;304,4,-1;313,-9,-6;323,-6,-1
rua|doutor|agenor de oliveira andrade|jardim sao domingos|13733260|13,-2145719,-4700928;25,7,4;26,-19,1;39,26,7;63,29,19;75,5,3;76,-9,7;87,17,1;100,412,338;113,-391,-320;125,4,2;137,14,7;187,37,29;199,6,10;237,29,24;249,10,7;261,5,3;268,127,109;273,-119,-102;311,33,23;335,16,8;361,27,25;373,0,0;385,11,21;397,16,0;423,16,10;435,11,14;447,8,2;459,11,5;485,19,21;497,9,5;509,6,7;521,11,5;547,18,15;559,9,9;571,13,7;583,7,6;596,-10,-1;609,34,-3;621,5,26;633,10,6;645,52,14;671,-29,7;683,12,6;693,5,15
rua|doutor|alcindo figueiredo|jardim sao domingos|13733160|2,-2146122,-4700393;6,3,-2;16,12,-16;25,1,-17;26,6,8;35,1,-19;36,2,15;45,-1,-24;56,9,4;57,0,-11;66,12,0;76,3,-7;77,-14,-4;80,19,-3;86,4,-10;89,-11,5;96,18,-13;97,-12,0;105,-1,-3;126,15,0;155,15,-48;156,7,24;165,5,-26;166,-8,24;177,5,-27;180,8,7;192,1,-2;201,-2,-18;206,14,5;226,12,-20;227,-2,-11;234,2,9;239,0,-17;251,11,-9;258,1,7;260,1,-1;263,2,-13;294,16,-20;297,74,-101;310,-65,93;322,7,-10;329,-5,-14;334,11,4;339,0,-13;346,7,4;349,-5,-5;358,10,-2;359,-4,-18;364,6,11;370,4,-6;371,-6,-4;378,12,1;383,-4,-14;488,34,-32;495,-7,-12;500,13,3;512,7,-11;513,2,-6;525,5,-1;536,-3,1;537,3,-15;542,4,7;548,11,-16;549,-6,-4;560,11,-5;572,8,-8;573,-7,-11;596,17,-7;622,14,-24;623,-3,-3;632,12,-5;633,-8,-5;642,15,-5;643,-12,-7;652,16,-1;653,-7,-10;662,6,4;663,4,-11;672,7,-6;673,-5,4;682,16,-10;692,1,-4;702,10,-19;712,4,-13;722,12,2
rua|doutor|alvin horcades|sao benedito das areias|13755000|211,-2131727,-4703132;231,5,0;235,-9,11;241,-2,1;261,-25,16;300,-30,10;311,7,6;313,-8,9;320,-10,-5;329,1,17;332,-13,-7;343,2,10;355,-8,5;361,-6,6;366,-4,-16;375,-3,19;384,-7,-2;385,4,7;396,-15,5;421,-15,14;422,-11,2;433,-4,13;436,0,-4;448,-200,152;453,197,-147;457,-8,4;460,-11,3;461,4,3;467,-198,135;471,189,-129;474,-3,-5;484,-11,2;617,-86,81;618,-11,3;627,0,4;628,-9,-3;639,-3,12;648,-4,-16;651,-2,23;663,-7,3;666,-20,4;669,8,8;673,-11,5;688,-7,-15;702,-11,19;723,-10,13;733,-12,11;742,-5,-9;743,-14,22;750,10,-20;752,-11,8;753,14,7;780,-42,12;781,18,11;815,-11,-2;821,-17,14;839,-12,8
rua|doutor|aureliano duarte|jardim lago dos ipes|13735715|315,-2148093,-4699600;325,-6,-7;335,-9,-12;345,-7,3;355,-7,-9;365,-8,-3;375,-5,-8;415,-30,-26;435,-8,-9
rua|doutor|aureliano duarte|lago dos ipes|13735715|326,-2148095,-4699616;336,-3,-7;376,-32,-19;386,-10,-9;406,-10,-8
rua|doutor|carlos lima dias|jardim sao domingos|13733150|6,-2146144,-4700460;16,4,-14;26,-2,0;35,1,-15;36,12,4;50,6,-10;61,-1,-18;66,6,8;75,0,-22;76,9,17;85,2,-23;88,3,9;95,1,-22;100,3,16;121,-4,-31;135,17,-12;136,8,14;145,1,-24;146,6,13;165,-3,-22;185,8,-17;188,10,7;195,3,-13;202,18,-8;205,-8,-7;214,-1,11;215,6,-15;225,11,-2;249,5,-31;269,16,-15;272,-7,30;285,12,-42;296,9,10;306,2,-8;316,10,-13;319,-7,-3;326,13,-5;329,-9,-5;339,5,-8;346,7,0;349,-2,-12;401,25,-36;410,17,-2;413,-4,-9;422,12,-3;425,-7,-12;434,13,5;437,-6,-9;446,10,2;449,-7,-11;458,21,-5;461,-14,-8;470,17,-3;473,-8,-3;482,10,-4;485,-7,-7;497,6,-13;509,4,0;544,32,-29;556,12,-12
rua|doutor|carmo pricoli|jardim sao domingos|13733250|89,-2145467,-4700561;123,-58,-34;265,-183,-148;408,86,65;439,54,38;539,-91,-65;597,-185,-135
rua|doutor|fad dib joao|vila carvalho|13735448|9,-2147961,-4699829;10,-5,-11;11,-1,-5;20,96,55;21,-4,12;31,-9,-6;32,10,-9;41,-17,1;42,9,-5;51,-16,6;52,9,-8;61,-13,4;64,4,-11;74,-10,3;115,37,26
rua|doutor|gabriel pinheiro de figueiredo|jardim sao domingos|13733270|15,-2145568,-4700494;27,1,-8;39,9,-3;51,12,6;63,4,-27;74,17,-2;75,-10,-13;87,-3,-8;98,19,7;99,-5,-19;110,15,7;111,-7,-13;122,8,-2;123,-1,-10;148,22,-8;149,-10,-3;160,10,-2;161,-9,-12;173,7,-10;184,13,10;185,-5,-16;196,18,-1;208,5,-11;220,6,-13;233,4,-18;244,6,1;245,-6,-2;256,7,1;257,-3,-13;260,11,5;268,8,-6;269,-13,-5;320,40,-36;321,-11,-8;322,18,-5;333,-11,-1;334,14,-2;345,-20,10;346,30,-29;357,-12,-1;358,14,-4;369,-4,-8;381,5,-6;382,16,-6;393,-8,-2;394,13,-6;408,4,-2;420,8,-13;425,10,-39;432,-12,28;454,19,-19;466,0,-10;494,24,-20;506,11,-15;515,-8,-9;518,11,4;527,-8,-12;530,9,7;539,-5,-14;542,11,-3;554,9,-3;563,-5,-12;575,6,-9;578,10,3;590,13,-18;602,3,-8;625,2,-20;626,6,9;638,12,-14;645,7,-35;650,-4,31;660,14,-23;666,2,-1;698,12,-20;715,7,-28;722,6,8;727,1,-17;734,10,6;746,3,-11;758,7,-7;770,10,-8
rua|doutor|gastao de paula leitao|jardim sao domingos|13733170|31,-2146078,-4700356;41,3,-17;48,-8,8;53,16,-16;65,7,-9;66,8,16;76,-9,-10;88,39,-22;91,-27,-4;105,7,-8;115,6,-8;125,9,-16;135,2,-3;138,-2,27;145,8,-34;150,13,-1;155,-7,-15;195,17,-22;269,8,-16;279,12,-3;289,2,-13;295,9,-8;309,9,-14;321,64,-40;333,-55,21;339,5,-7;400,41,-36;412,4,-2;413,-19,1;423,12,-17;424,8,7;436,9,-15;448,7,-5;451,-11,-9;460,17,0;461,-13,-5;471,6,-10;523,31,-39;524,13,-1;535,-11,-10;536,11,3;548,6,-9;559,-3,-13;560,11,6;567,-5,-20;572,11,11;583,-1,-21;584,7,10;595,1,-17;596,7,6;607,-7,-10;620,17,1;631,-10,-14;632,18,-4;646,14,-21;657,-7,-6;658,10,-1;669,-7,-10;681,9,-8;682,9,1;693,-3,-12;694,10,-1;706,14,-11;717,-8,-3;718,9,-7;729,-8,-1;730,15,-2;742,10,-14;753,-14,-6;765,12,-18;766,11,7
rua|doutor|gentil ferreira da silva|jardim sao domingos|13733340|89,-2145329,-4700518;176,68,-94;177,-4,-6;186,11,-3;189,-5,-6;200,9,-1;212,9,-11;224,6,-3;225,-1,-12;236,10,-6;237,-5,-5;248,6,1;249,-3,-7;260,16,-9;261,-7,-6;272,8,1;273,-7,-3;275,4,-8;284,12,4;296,7,-14;297,-5,-4;309,4,-9;321,7,-10;335,6,-13;358,23,-12;375,0,-22;386,11,0;387,-1,-12;399,2,-9;410,11,7;411,-5,-13;434,23,-7;435,-10,-14;446,14,2;447,-11,-9;450,17,2;454,-1,2;458,4,-4;459,-13,-7;471,9,-12;482,13,-2;483,-8,-7;494,9,2;495,-2,-6;506,12,-3;507,-2,-7;518,11,-6;530,4,-16;544,3,2;545,-11,2;572,35,-29;573,-6,-10;584,10,-2;585,-7,-6;596,16,-1;597,-8,-9;609,6,-7;620,11,-1;621,-5,-5;632,14,-3;644,0,-5;656,10,-17;668,6,-10;680,15,-7;694,1,-11;695,-11,-4;734,30,-28;735,-2,-8;746,6,-2;747,-1,-6;758,8,-6;770,2,-1;771,-4,-14;782,20,-3;783,-12,0;790,10,-1;794,5,-10;803,-3,-12;818,17,-5;842,8,-15
rua|doutor|gilberto rossetti|jardim sao domingos|13733200|25,-2145871,-4700570;26,6,15;35,-3,-25;38,10,8;47,-6,-19;50,12,9;59,3,-21;71,3,-9;72,5,20;83,2,-27;94,10,10;95,-5,-18;150,37,-34;151,-6,-5;162,13,-3;163,-9,-6;174,15,-4;175,-6,-10;186,12,0;198,6,-10;210,8,-9;211,-2,-4;222,11,-6;223,-11,-10;234,12,2;235,-5,-12;246,10,4;247,2,-13;258,9,0;259,-6,-5;282,12,-20;284,10,4;296,6,-9;297,-9,-10;298,25,-16;308,-9,16;333,5,-20;344,6,-3;345,-1,-9;356,9,-4;357,-7,-7;368,12,-2;369,-1,-7;380,12,-2;381,-6,-9;392,14,-3;393,-7,-3;404,12,-1;405,-7,-9;414,-145,239;450,175,-267;451,-18,0;456,20,-6;463,-6,-11;468,15,-1;475,-5,-8;480,10,1;487,-6,-7;492,10,-2;499,-4,-8;504,10,-2;516,12,-12;528,6,-14;533,-10,0;540,10,-9;552,11,-5
rua|doutor|jacinto taliberti|jardim santa clara|13735210|18,-2147286,-4699772;23,-5,2;26,-2,-7;36,-12,5;37,7,2;42,-14,-3;45,-2,6;51,13,9;61,-1,1;81,-36,16;91,-16,-8;98,-5,-7;101,0,10;107,-2,-5;111,-11,5;121,-21,11;127,-30,10;135,-5,-3;138,-6,-10;141,-7,19;148,-2,-12;155,3,11;160,-8,-10;169,-11,13;208,-33,-3;226,-14,7;234,-6,2;248,-8,-1;270,-23,10;280,-10,1;291,1,12;309,-24,7;319,-4,3;320,-3,-10
rua|doutor|joao bravo caldeira|jardim chico piscina|13736430|42,-2147875,-4700367;54,-28,-6;78,-4,-1;83,14,9;90,-26,-15;95,9,13;102,-26,-15;107,12,13;119,-17,-4;131,-8,-3;145,-6,-1;173,-30,-8;182,-20,-14;185,14,11;194,-19,-10;197,-1,-4;206,-16,-4;209,6,9;218,-14,-13;221,4,9;230,-13,-10;233,1,6;242,-8,-9;245,2,10;254,-17,-14;257,7,14;266,-21,-17;267,8,11;276,-15,-12;281,0,9;293,-4,-3;307,-13,-5;335,-31,-5;347,-10,-6;352,-9,-9;359,-7,6;376,-3,-7;383,-17,2;388,-3,-6;395,-9,4;400,-4,-9;407,-9,1;412,0,3;419,-9,-6;424,-4,2;431,-7,1;436,1,-11;447,275,81;457,-298,-78;491,-31,-11;503,-18,-2;515,-8,-2;528,21,-2;534,-20,-6;540,7,1;541,-33,1;552,21,-4;553,-28,2;564,18,-6;567,-39,0;576,29,-2;579,-41,-2;588,29,1;600,-7,0;605,-52,2;612,37,-7;633,-57,-11;645,-7,-1;657,-7,-1;669,-8,0;681,-12,-7
rua|doutor|joao gomes|aparecida|13735076|20,-2147264,-4699171;34,-2,-9;46,-17,-2;56,-2,0;60,-10,-11;72,-8,-8;90,-8,-4;108,-12,-9;110,-7,-10
rua|doutor|joaquim de lima camargo|jardim sao domingos|13733240|25,-2145680,-4700428;37,12,-12;49,3,-8;60,5,9;61,-1,-23;68,5,18;73,3,-18;80,1,6;85,3,-16;90,8,4;92,-1,1;100,1,-4;103,-9,-28;126,28,-6;137,-2,-10;138,7,12;150,4,-13;153,-11,1;162,21,-11;177,1,-21;186,10,6;189,-2,-11;198,4,4;201,14,-30;210,-6,20;222,11,-14;225,-7,-14;234,11,6;237,-5,-10;246,12,3;249,-4,-13;258,15,-1;287,2,-35;296,16,4;299,-4,-7;308,-2,8;311,6,-22;320,12,3;323,-3,-11;332,7,3;335,-5,-4;347,8,-10;356,10,-4;359,4,-16;368,4,6;380,12,-18;392,1,-7;395,-1,-9;404,2,5;407,0,-7;456,27,-27;477,2,-14;480,2,1;481,1,-12;491,5,-8;492,7,9;501,7,-18;513,4,-10;516,7,-9;521,2,-5;528,6,2;531,-2,-6;543,5,-12;552,11,2;555,-7,-12;567,9,-7;579,10,-10;590,5,4;602,6,-12;603,-5,-10;616,13,2;617,-6,-12;641,16,-22;653,4,-5;670,15,-7;677,-3,-17;682,6,9;687,-9,-2;694,13,-12;706,14,-10;711,-17,8;715,15,-26;720,7,13;725,-16,-24;732,10,5;739,-9,-17;744,6,9;753,-14,-21;756,16,11;767,-12,-21;780,7,2
rua|doutor|jose eduardo ferraz de siqueira|conjunto habitacional luiz antonio fernandes dias|13737503|21,-2149612,-4700717;31,3,2;41,-2,16;42,-10,5;51,12,6;52,-12,5;61,14,-1;64,-16,8;71,14,3;90,-11,29;97,11,1;100,-9,9;107,12,1;110,-12,6;117,13,1;120,-13,7;127,11,5;130,-13,4;137,11,-4;140,-11,10;147,12,9;150,-11,3;157,17,1;160,-14,12;167,8,-2;172,-10,7;176,-18,14;179,30,-7;198,-38,40;205,38,-14;208,-20,8;215,19,1;218,-21,3;225,21,4;228,-21,10;235,21,-16;238,-9,26;245,6,-7;248,-13,16;255,15,-6;258,-9,12;265,11,2;268,-8,11;275,9,-7;278,-8,20;285,7,0;288,-12,9;295,9,-9;298,-6,24;308,0,4;315,1,-18;318,6,24;325,-6,-15;328,-7,36;335,13,-28;338,-5,36;345,8,-26;348,-13,25;355,12,-14;365,1,3;375,3,17;385,-2,6
rua|doutor|jose eduardo ferraz de siqueira|jardim santa luzia|13737503|398,-2149616,-4700356;408,4,5;418,-1,12;425,5,-11;428,0,32;435,1,-27;438,-5,33;445,3,-24;448,-2,27;455,7,-12;458,-11,22;465,10,-14;468,-10,23;475,7,-18;478,-6,27;485,8,-18;488,-11,25;495,12,-13;498,-10,26;505,12,-13;508,-8,34;515,5,-28;518,-5,29;525,15,-18;528,-20,28;535,8,-15;538,-6,25;545,10,-19;548,-14,27;555,22,-10;565,1,3;575,-14,11
rua|doutor|jose ferraz de siqueira|jardim sao domingos|13733350|50,-2145214,-4700572;51,-2,-8;62,10,0;74,9,-13;75,-7,1;85,-2,-10;87,8,-9;99,7,-12;110,14,4;111,-11,-7;122,14,-5;123,-4,0;134,9,-9;135,0,-1;146,5,-7;158,8,-8;159,-5,-6;171,12,-10;172,-1,4;182,4,-9;183,-6,-6;190,13,1;194,7,-7;195,-12,-3;208,21,-7;209,-14,-12
rua|doutor|jose ferraz de siqueira|jardim sao domingos|13737503|237,-2145120,-4700730;249,11,-12;260,5,7;261,-6,-8;272,11,2;273,-9,-11;284,19,-3;285,-3,-14;290,4,8;296,4,-5;309,0,-11;320,11,-5;321,-4,-9;326,8,5;332,2,-3;333,-5,-11;345,7,-8;356,10,0;357,0,-11;368,11,-1;369,-8,-7;380,13,-5;392,10,-12;393,-9,-1;404,12,-3;405,-4,-12;419,4,-6;447,21,-23;448,4,4;458,1,-9;459,0,-7;470,9,-3;471,-7,-10;482,13,-1;483,-6,-3;495,4,-10;506,18,-3;507,-11,-4;518,19,-2;519,-9,-11;530,12,1;531,-6,-12;542,14,2;543,-10,-10;554,15,-1;555,-7,-8;568,19,3;569,-7,-11;597,10,-24;621,16,-16;633,5,-12;645,2,-8;693,28,-41
rua|doutor|jose lima pedreira de freitas|vila santa cruz|13734240|54,-2146216,-4699693;71,9,-4;81,15,13;100,20,26;110,8,-6;117,-5,0;119,10,4;120,-4,7;127,6,-8;133,164,112;139,-146,-99;189,5,11;190,11,14;198,5,4;199,-6,-23;213,5,14;219,8,4;233,5,6;243,4,6;246,24,26;256,6,2;267,-20,-25;270,30,34;277,-16,-25;287,14,13;297,8,4;310,32,33;333,-1,-15;341,4,11;349,6,2;359,11,1
rua|doutor|jose paione|jardim sao domingos|13733310|20,-2145220,-4701063;21,5,-2;34,-1,12;46,-1,14;58,5,15;96,24,18;247,304,235;329,-55,-41;627,-221,-175
rua|doutor|jose pedro de carvalho lima|jardim sao domingos|13733230|25,-2145820,-4700528;37,8,-6;60,13,-18;61,-6,-9;72,12,11;75,-5,-12;84,9,-2;85,-7,-12;95,2,-6;108,10,6;164,23,-34;167,-1,-8;170,4,2;175,5,-17;176,-6,8;185,12,-21;186,2,12;195,-2,-16;201,5,-4;205,5,-4;206,8,10;210,4,-5;216,1,-11;235,8,-25;245,3,-7;255,6,-11;256,10,8;266,5,-13;267,-8,-8;293,14,-20;294,12,21;307,-7,-23;308,8,8;321,3,-25;322,4,12;335,-4,-16;342,8,7;347,2,-23;348,9,9;359,-2,-8;360,7,4;372,9,-15;374,-2,3;383,0,-20;384,6,16;395,0,-24;396,3,16;402,3,-10;407,-3,-13;408,13,3;419,-11,-11;420,14,8;440,14,-24;452,18,-35;465,-12,6;471,1,-2;475,-2,2;476,21,-16;488,4,-4;495,-15,0;496,11,5;500,11,-16;507,-15,13;512,21,-19;519,-15,4;524,18,-16;531,-8,4;536,9,-11;542,11,-3;548,-2,-5;555,-5,4;564,23,-20;567,-14,3;579,4,-4;591,4,-9;596,22,-13;603,-20,7;610,24,-20;633,14,-31
rua|doutor|jose thiago de siqueira junior|conjunto habitacional gilberto rossetti cohab ii|13737626|3,-2149197,-4701191;270,-653,-338;280,14,2;290,8,4;300,2,6;310,7,-3;320,-2,-4
rua|doutor|leonardo pricoli sobrinho|jardim central pricoli|13736560|74,-2147401,-4699943;84,6,9;93,13,22;127,-28,-37;462,32,53;464,-1,-10
rua|doutor|livramento barreto|sao benedito das areias|13755000|28,-2132098,-4702699;302,347,-339;312,-9,13;324,-327,199;346,3,-1;352,392,-247;356,-95,66;362,110,-72;366,-405,254;370,192,-90;417,55,-42;430,-8,-7;457,-15,23;481,-18,16;497,-6,7;500,1,-17;537,-24,34;551,-3,-3;561,-15,16;613,-47,34;632,-15,0;642,-11,13;654,-2,0;663,-7,16;668,-8,-5;681,1,11;709,-28,20;727,-4,5;747,-17,9;748,-10,0;757,3,9;761,-5,7;791,-18,12;794,-24,0;804,-7,3;828,-5,11;838,-13,11
rua|doutor|luiz antonio fernandes dias|jardim sao luiz|13735059|43,-2147056,-4699299;57,-8,12;71,-7,7;84,-7,12;85,-2,-3;99,1,17;126,-23,15;127,11,7;140,-15,3;183,-16,38;196,-9,7;197,8,7;210,-11,-1;211,8,10;225,-6,6;238,-19,15;239,10,9;252,-14,-2;266,-15,12;280,9,6;281,1,11;308,-20,17;322,1,12;336,-14,15;339,6,6;353,-9,12;364,-14,7;367,1,7;378,-5,0;381,4,15;392,-11,0;395,1,6;406,-5,3
rua|doutor|luiz capriglioni|jardim santa cecilia|13733010|121,-2146172,-4700286;135,20,-8;161,-3,-36
rua|doutor|luiz capriglioni|santa cecilia|13733010|1,-2146256,-4700253;21,16,10;22,0,-1;31,-1,-15;32,3,10;38,6,3;41,0,-10;44,4,10;55,3,-24;56,16,13;61,-6,-6;70,11,5;75,0,-9;80,6,7;88,11,-1;91,2,-14;92,0,6;102,6,-8;132,19,-3;138,9,-3;144,2,-1
rua|doutor|manoel carlos de siqueira|vila santa cruz|13734230|6,-2146126,-4699424;8,2,-9;166,-9,5
rua|doutor|manoel radamanto figueiredo ferraz|jardim sao domingos|13733120|14,-2146117,-4700711;20,15,0;28,1,3;29,5,3;93,44,29;171,55,43;183,15,7;221,27,26;226,-59,-30;231,68,35;241,8,5;271,17,21;281,12,7;291,6,3;301,23,-3;327,10,26;337,6,6;347,4,2;359,3,6;371,12,-2;393,25,24;405,4,7;459,39,27;471,8,10;483,11,5;495,10,8;523,23,20;535,4,0;545,14,6
rua|doutor|marcelo garcia de figueiredo|jardim sao luiz|13735042|28,-2146853,-4699356;29,17,4;42,-27,4;56,-2,17;57,1,2;71,-3,15;85,-5,12;98,-12,2;99,4,6;112,-13,0;113,5,7;126,-11,7;141,-1,25;154,-19,12;155,17,1
rua|doutor|munis barretto|centro|13730040|32,-2146695,-4700208;54,-28,-20;82,-2,4;92,-15,-13
rua|doutor|muniz ferreira|aparecida|13735069|27,-2147022,-4699550;28,7,-8;42,-6,-9;47,-11,5;57,-6,-7;73,-18,-15;80,10,-2;83,-14,0
rua|doutor|odon carlos de figueiredo ferr|vila lambari|13731010|625,-2146640,-4700998;635,11,-18;650,10,4;655,3,-17;656,-4,13;663,1,-10;666,15,5;667,-13,-31;668,9,7;670,0,-4;675,-1,9;684,2,-4;685,-6,3;695,2,-5;699,23,45;705,-18,-78;720,-6,-3;723,10,-11;730,-31,-13;740,32,-6;741,3,32;742,-3,-27;755,25,-33;756,-25,18;767,8,-38;791,-6,1;796,4,2;801,-3,-8;804,7,-2;805,-4,1;808,5,-1;810,4,1;812,-2,-10;815,-16,-8;824,5,-1;827,11,2;835,-1,-12;836,-12,4;841,6,-26;852,9,4;853,-14,-7;879,6,-20;880,8,11;882,-1,-3;884,-5,-1;887,1,1;888,4,-15;897,8,-15;900,-1,2;906,-5,-4;907,2,-12;910,4,8;914,-3,-6;925,-7,-10;928,12,-6;935,-2,-4
rua|doutor|saulo pereira lima|residencial carlito quilici|13733518|28,-2144564,-4701061;31,21,-62;38,-18,58;41,15,-47;48,-7,32;58,1,-8;68,3,-9;78,3,-3;81,-3,8;88,7,-18;98,7,-12;108,7,-8
rua|doutor|silvio costa lima|jardim sao domingos|13733220|48,-2145813,-4700423;104,7,-10;116,7,-14;128,3,-3;163,15,-38;173,7,-10;174,7,6;184,6,-11;185,-9,-5;194,14,0;197,-5,-3;209,9,-17;211,191,-288;214,-178,281;225,1,-7;234,10,-9;235,-8,-8;274,35,-29;275,-3,-13;286,12,1;287,-11,-6;298,17,-6;299,-8,-7;310,17,0;311,-10,-7;323,7,-7;334,10,-4;335,-2,-5;346,5,-1;347,-2,-13;358,10,4;359,-3,-10;370,4,1;371,1,-11;382,15,-3;383,-19,-21;408,30,5;420,3,-8;432,9,-11;444,7,-7;451,-2,-15;456,11,-1;469,-2,-15;480,10,2;492,7,-13;504,2,-5;505,4,-13;516,9,-3;517,-4,-2;529,3,-13;580,-47,27;581,74,-70;593,3,-7;604,18,-7;605,-11,-7;617,9,-7;628,15,0;629,-8,-10;635,6,-4;640,7,-1;641,0,-12;664,10,2;676,8,-8;677,0,-19;688,9,4;700,1,-6;701,1,-14;707,-2,5;712,11,-3;713,0,-15;724,7,9;737,-5,-17;738,4,6;765,19,-32;766,4,7;775,-12,-7;786,15,1;788,3,-11;798,0,-11;810,-2,-8
rua|doutor|sinval souza ribeiro|jardim santa clara|13735230|11,-2147330,-4699486;12,-13,-5;16,-48,10;23,53,-13;26,-8,2;36,-14,2;46,-12,4;56,-5,1;112,-52,18;122,-2,4;124,-7,2;132,-16,7;142,1,-6
rua|doutor|tulio ribeiro rocha|jardim morro azul|13738033|41,-2147269,-4700913;50,-40,3;60,-63,-8;65,75,6;70,-74,-8;110,-16,2;173,2,-11
rua|doutor|wilson figueredo souza|conjunto habitacional francisco garofalo|13736860|26,-2149484,-4700692;36,11,12;46,3,1;56,11,10;66,7,-1;76,4,11;86,4,8;96,-1,7;106,11,12;116,10,11;126,19,-7;136,-3,15;156,19,19;166,8,2;176,7,12;186,6,3;196,6,7;206,5,6;216,4,2;225,15,10;226,-8,0;235,12,7;236,-10,1;245,18,7;246,-17,17;255,23,-10;256,-7,7;265,17,-1;275,2,2
rua|duque|de caxias|igarai|13750000|68,-2140456,-4680947;80,-7,-1;88,-14,4
rua|irmaos|nicola|centro|13730369|77,-2146968,-4700382;244,-13,19;247,-13,8;251,20,-17;254,-1,0;264,5,-7
rua|irma|francisca goncalves|jardim italia|13734610|34,-2145229,-4699368;44,-1,-8;54,-3,-15
rua|irma|terezinha de jesus teixeira felipe|residencial mais parque|13735380|87,-2147733,-4698778;117,7,4;186,50,70;196,8,2;207,24,-2;216,0,12;247,30,4;257,2,3;266,8,15
rua|maestro|joao balan|vila carvalho|13735459|7,-2147621,-4699666;9,-55,-2;12,-1,-47;13,38,34;21,-10,-7;22,0,-5;31,-3,3;32,-4,-3;36,-9,-14;44,-10,-1;54,1,0;65,-6,2;75,-4,-11;77,-7,7;92,8,-2;105,-5,1
rua|maestro|paschoal gagliardi|jardim sao francisco|13734400|3,-2145957,-4699767;7,8,2;21,29,23;33,-50,-23;38,62,43;39,3,13;43,-67,-61;49,76,43;53,-85,-56;57,86,55;59,3,5;61,5,4;63,2,-1;79,54,39;99,-26,-22;109,6,7;119,7,6;129,6,4;149,17,13;159,3,4;169,14,6;179,10,0;226,-133,-70;239,155,87;249,6,6;259,5,6;269,9,3;279,3,4;296,-121,-75;306,11,7;318,8,5;335,-225,-117;338,237,125;348,15,8;358,7,12;365,-286,-134;368,293,134;378,0,0;404,23,15;414,8,15;424,7,4;434,9,2;438,-1,-1;444,3,1;474,34,18;484,9,4;494,8,12;504,7,-6;524,4,5;525,2,-1;534,7,12;535,6,-3;544,0,10;545,3,-13;555,12,11;565,0,1;575,-17,-22
rua|maestro|pedro camin|aparecida|13735078|30,-2147107,-4699467;40,-7,6;60,-9,16
rua|major|adalberto dos santos figueiredo|jardim sao domingos|13733130|42,-2146098,-4700851;54,10,4;61,426,324;62,-424,-321;70,7,6;80,21,13;105,13,-7;120,4,21;135,-5,-21;136,18,36;146,9,6;147,-26,-44;159,-1,2;173,55,49;179,1,11;193,13,10;207,7,9;235,27,20;245,6,-1;247,-7,5;259,16,5;271,3,3;297,25,15;304,10,18;309,0,-13;312,-11,10;321,17,-3;333,11,10;350,16,29;360,8,0;371,10,-3;395,11,7;421,22,20;424,4,12;443,1,-6;445,11,5;452,6,21;495,33,8;507,14,19;519,8,5;545,18,3;557,11,14;569,9,6;607,26,18;619,3,7;631,13,8;643,9,10;664,31,30;706,9,11;746,13,5
rua|major|adalberto dos santos figueiredo|sao domingos|13733130|75,-2146054,-4700829
rua|major|albertin nogueira|jardim sao domingos|13733140|7,-2146168,-4700555;10,1,15;16,5,-6;17,-5,-11;25,2,-5;28,7,13;35,-2,-14;40,14,-3;72,25,-36;84,9,-16;85,-11,2;94,18,-9;101,0,-3;106,-35,55;111,41,-65;114,-2,4;121,16,-25;126,-9,10;132,8,-3;133,-9,-6;144,12,-10;147,-6,0;209,13,-16;210,-1,14;231,6,-26;232,9,4;234,5,-13;244,9,-7;246,4,-9;276,5,-13;288,9,-2;293,-10,-5;300,17,-11;312,4,-7;315,-2,-6;324,8,-5;355,-43,52;363,6,-12;375,2,0;377,5,-7;397,21,-19;462,38,-52;463,0,-16;474,2,11;475,0,-19;478,-5,6;486,20,-2;487,-12,-11;499,12,-11;510,12,4;522,1,-8;523,-2,-16;534,13,5;535,340,-121;546,-312,110;547,-23,-1;559,8,-5;571,9,-5;583,19,-10;595,-3,3;607,240,-77;619,-218,70;631,15,-8;643,0,-2;654,20,5;655,-9,-9;667,23,-3;670,-9,11;679,14,-20;691,5,5;703,13,-9;706,7,10;715,12,-3;727,6,-19;739,14,-6;751,9,3;775,15,-2;787,26,-1;799,-3,-7;811,12,-2;823,11,-2;835,8,-1;836,-9,8;847,20,-17;848,7,8;859,7,-9;870,1,4;883,20,-11;894,1,10;895,8,-10;919,19,-7;931,16,0;943,10,1;955,9,-3;967,13,-3;990,11,4;991,6,-11;1003,14,-7;1015,12,0;1027,18,-3;1039,14,-2
rua|major|alvino silva|vila santa cruz|13734200|2,-2146230,-4699608;3,5,-18;4,1,8;5,4,-19;6,8,5;12,0,-2;13,-1,-8;23,8,-10;28,9,5;33,2,-18;43,-4,-10;50,-32,73;72,46,-83;75,5,-14;83,2,-5;88,9,8;93,-3,-16;98,5,11;103,0,-25;110,7,15;113,0,-18;116,-1,7;131,6,-21;132,4,9
rua|major|antonio xavier de souza|vila carvalho|13735440|25,-2147893,-4699692;35,-4,-4;44,12,-2;54,4,-5;64,3,-5;74,6,-17;84,1,-4;94,13,-15;100,-27,54;104,28,-61;114,-2,-6;119,-3,-11;124,11,-2;135,-13,-10;136,12,4;147,-23,35;148,29,-45;157,-20,32;158,24,-49;166,3,-2;167,-16,13;168,21,-19;183,-9,6
rua|major|benjamin coelho moreira magalhaes|jardim santa cecilia|13733060|29,-2146074,-4700128;39,-5,-16;45,-10,-6;211,29,75;221,12,19;229,-14,-28;231,11,29;241,-6,-4;263,9,23;273,0,-8
rua|major|benjamin coelho moreira magalhaes|santa cecilia|13733060|20,-2146059,-4700095;30,-7,-16;52,-6,-20;58,4,11;107,28,71;127,0,7;167,14,46;186,-36,-105;187,25,72
rua|major|joao bento|descanso|13735040|4,-2146770,-4699299;10,-8,-70;29,-126,-131;60,109,119;150,-73,-64;160,-10,-4;166,-10,-5;175,-6,-4;176,2,0;179,-4,2;199,-8,-5
rua|major|joao ferraz de siqueira|vila santa cruz|13734250|8,-2146226,-4699799;9,11,16;10,-5,-11;22,-20,-6;32,-6,2;52,-14,-17;53,173,110;63,2,7;68,-183,-128;73,190,136;77,-204,-132;78,4,-7;81,215,145;82,-145,-104;86,17,8;90,5,2;102,11,9;108,2,6;114,14,9;116,7,-1;134,127,100;155,-100,-75;156,9,-3;159,-18,0;166,13,-4;178,-7,-9;193,12,25;233,-72,-48;238,124,67;245,-127,-76;248,121,75;265,-134,-82;285,-22,-17;310,199,131;322,11,4;332,12,6
rua|major|jose pereira|igarai|13750000|7,-2140688,-4681007;62,-5,-9;69,0,-7;79,-1,-6;93,-5,-15;99,-5,-3;119,-3,-12
rua|major|jose quintino pereira|igarai|13750000|20,-2140676,-4680993;84,-14,-50;94,-7,-9;114,-8,-22;120,-7,-9;126,0,-6;178,-18,-25;183,-3,-15;188,-8,-10;189,5,14;194,-7,-25;200,-5,-5;203,-6,13;213,-53,-90;221,53,80;239,-10,-11;241,-3,-12;282,-9,-40;285,-3,10;294,-5,-22;303,-10,2
rua|monsenhor|felix brandi|jardim sao francisco|13734300|5,-2146043,-4699454;14,9,-1;15,-8,-2;20,7,2;25,0,-10;26,-1,7;35,1,-14;36,1,13;45,4,-19;46,4,12;55,-5,-14;65,74,-143;75,-65,120;84,16,2;85,-7,-1;95,4,-7;104,14,-7;105,-9,0;114,19,-12;133,-4,-24;163,14,-17;170,9,0;171,-4,-6;185,9,-17;195,1,-2;205,6,-9;236,22,-5;242,5,-24;251,-1,-17;252,1,17;262,7,-8;272,2,-5;290,12,-24;291,0,-6;294,4,5;297,-3,-11;304,4,10;307,2,-19;312,6,2;317,-5,-12;318,11,3;323,-3,-9;324,6,8;397,25,-59
rua|monsenhor|joao laureano|jardim sao domingos|13733100|5,-2146112,-4700326;52,0,-24;53,-7,3;63,-5,-12;73,-8,-19;92,1,-28;93,-10,1;100,5,-16;103,-7,9;170,-13,-66;182,-8,-14;196,-5,-9;206,-5,-10;209,-6,-24
rua|nossa senhora|das luzes|igarai|13750000|324,-2140928,-4680910;434,6,-25
rua|padre|anchieta|centro|13730044|31,-2147147,-4700750;168,-22,101
rua|padre|anchieta|jardim lavinia|13730044|115,-2147192,-4700586;139,4,-38;149,6,-8;161,2,-3;169,-9,-16;175,37,-31;190,-44,122
rua|padre|anchieta|vila maria|13730044|250,-2147152,-4700714
rua|padre|argilio malatesta|conjunto habitacional gilberto rossetti cohab ii|13737410|261,-2149228,-4701027
rua|padre|argilio malatesta|conjunto habitacional gilberto rossetti|13737410|10,-2149007,-4700927;20,-1,0;30,0,0;40,0,0;100,-70,-25;154,-16,-20;156,-2,-2;184,-38,-21;186,7,5;192,-8,12;196,0,0;239,-44,-28;240,19,-14;249,-25,5;256,15,-4;258,-21,-10;259,-10,7;260,-10,-20
rua|padre|joao bueno goncalves|cohab ii|13737650|544,-2149451,-4701159;580,-60,-40;590,1,17;644,19,2
rua|padre|joao bueno goncalves|cohab|13737650|618,-2149524,-4701197
rua|padre|joao bueno goncalves|conjunto habitacional gilberto rossetti cohab ii|13737650|54,-2150045,-4700845;91,236,-238;111,-185,175;137,79,-88;145,10,-29;146,-4,11;172,62,-56;173,558,10;183,-600,120;201,529,-162;202,0,0;205,0,0;211,-6,-2;228,-276,-83;239,-50,9;454,334,56;490,-32,-8;492,-2,3;494,0,0;498,0,0;500,0,0;502,-1,-1;621,-442,60;622,71,-59;641,-80,66;642,-11,-1;745,-23,29;755,-10,10;760,2,-11;799,167,-106;805,-200,154;808,0,-4;971,-88,117;986,-15,-2;1200,-93,133
rua|padre|manoel joaquim das dores|jardim santa cecilia|13733050|116,-2146141,-4699760;178,15,-2;233,11,-24;243,-9,12;268,-3,-123;278,-23,3;280,10,20;288,11,8;325,1,9;344,-4,61
rua|padre|manoel joaquim das dores|portal da cidade|13733050|327,-2146120,-4699856
rua|padre|manoel joaquim das dores|santa cecilia|13733050|15,-2146161,-4700154;20,13,14;25,-4,-2;30,3,8;35,-5,2;40,7,12;45,-2,-2;46,6,18;65,7,6;75,-10,-9;100,0,55;112,-4,3;113,11,1;122,-11,12;123,13,-6;124,-5,21;132,-8,-44;133,13,41;164,-3,34
rua|pastor|joao maria rodrigues|jardim boa vista|13735140|30,-2146295,-4699004;40,6,7;70,24,23;98,6,10;103,23,4
rua|primo|bresiguelo|jardim das figueiras|13737117|385,-2147404,-4701672
rua|primo|favero|jardim sao luiz|13735055|43,-2146915,-4699372;57,-11,14;71,-1,8;85,-5,9;113,-12,23;127,-3,6;140,-17,14;141,5,6;201,86,96
rua|primo|quilice|chacara sao domingos|13734450|3,-2143833,-4700987;101,-32,-33;123,-39,-18;173,-53,-55;183,58,46;333,-133,-126;375,78,77;411,-81,-87
rua|professora|eliza maia norte|cohab ii|13737300|251,-2149050,-4700814
rua|professora|eliza maia norte|conjunto habitacional gilberto rossetti|13737300|40,-2148924,-4701018;50,-9,11;60,-1,8;70,-8,6;80,-4,11;90,-21,0;100,8,9;110,6,4;112,-9,13;120,-3,8;126,-10,-24;130,10,17;140,-3,5;170,-21,46;180,-7,13;190,-13,13;200,9,1;204,7,-15;210,-17,15
rua|professora|zenaide pereto r rocha|jardim gatolandia|13731360|5,-2146028,-4702066;29,14,-18;41,3,-16;53,10,-7;91,15,-24;103,11,-15;115,-1,-10;125,7,-13
rua|professor|agustinho batistella|jardim riachuelo|13737110|10,-2147151,-4701798;17,-25,-8;20,14,5;30,-4,-18;40,-9,10;47,-15,-3;50,8,-1;57,-20,3;60,4,-14;67,-12,1;70,5,-7;77,-13,2;79,-47,-41;80,59,37;87,-23,7;90,14,-13;97,-18,0;100,9,-4;110,-8,-6;131,-31,-20;141,-7,-5;151,-6,2;154,12,-6;164,-10,-10;173,-15,5;174,11,-4;183,-20,-2;184,3,-5;194,0,0;204,-7,-1;220,-11,-19;230,-14,2
rua|professor|antonio carrara|conjunto habitacional jacinto pisani projeto cem|13732625|27,-2145198,-4701136;39,-10,0;40,10,-1;50,-1,-6;51,-19,-2;60,10,-9;63,-17,-16;70,15,9;75,-29,-12;80,19,8;87,-18,-17;99,-6,-4;100,23,-1;110,-13,-5;111,-13,-2;116,25,16;120,-10,-25;123,-29,-5;130,18,2;135,-16,-5;140,8,-3;147,-16,-7;159,-8,-11;160,24,-1;169,-30,-4;170,12,3;175,-20,-5;176,35,25;183,-40,-37;193,-8,-7;200,26,6;203,-28,-18;213,-12,-9;223,-3,-7;233,-3,-9;234,17,11;243,-25,-16;244,19,4;253,-21,-13;254,24,11;264,-16,-9;265,-21,-10;279,23,17;284,-10,-20;291,-23,-15;294,14,6;303,-21,-15;304,13,6;314,-1,-7;315,-22,-10;324,15,5;327,-22,-12;334,16,4;339,-17,-14;344,9,8;351,-19,-14;354,14,6;363,-19,-13;364,15,6;374,-8,-7
rua|professor|antonio rabelo cysterna|jardim sao domingos|13733110|30,-2146286,-4700700;32,6,-1;34,4,7;36,-1,-6;38,0,11;42,13,5;44,-11,12;72,68,32;73,-74,-54;78,64,59;79,-55,-50;82,54,36;89,-41,-37;91,25,28;98,-2,9;101,10,-6;105,0,4;179,77,60;204,-14,-5;205,7,-6;224,-98,-71;225,92,67;231,32,26;256,-2,11;268,54,24;304,12,18;348,36,29
rua|professor|germano da silva|jardim sao francisco|13734380|603,-2145541,-4699352;611,4,13;619,8,2;627,3,4;635,10,4;641,8,4;649,4,4;657,8,6;665,3,4;673,2,1;681,8,3;689,11,9
rua|professor|germano da silva|nelson niero|13734380|415,-2145687,-4699440;423,9,0;431,8,2;439,6,10;447,0,1;455,4,1;463,18,14;471,1,-5;479,6,6;487,5,4;495,9,7;503,3,0;511,10,3;519,2,9;527,8,-3;535,2,11;543,9,0;551,5,10;559,6,-3;569,5,0;579,12,9
rua|professor|joao rotta|residencial carlito quilici|13733546|17,-2144273,-4701076;51,-223,43;61,11,5;71,14,-1;81,6,-3;91,8,-1;101,8,-4;111,7,-5;121,11,1;124,192,-38;131,-184,37;141,10,-1;151,9,-1;161,9,-5;171,9,-1;181,7,-4;191,10,2;201,8,1;211,10,-6;221,11,-2;231,9,-1;241,6,-1;251,11,-3;261,9,-1;271,7,-2;281,6,-2
rua|professor|jose barreto coelho|centro|13730029|10,-2147214,-4700290;68,96,61;93,-37,-9;127,-14,-21;128,2,-10;148,-21,-18;176,-15,-13;188,-18,3;201,-14,-5;210,-2,-13;224,1,-1
rua|professor|jose barreto coelho|vila quintino|13730029|251,-2147275,-4700330;271,-7,-6;277,-6,-9;285,-10,-1
rua|professor|jose germano da silva|jardim sao francisco|13734380|7,-2145984,-4699648;17,7,10;27,7,2;37,11,6;47,5,4;50,-14,4;81,37,14;82,-9,5;91,20,0;92,-6,6;101,8,-3;102,2,16;111,11,-8;112,-3,10;121,9,-3;122,-2,5;131,10,-1;132,-5,3;133,6,0;140,1,4;143,3,0;150,3,10;153,-1,-13;162,9,15;172,7,4;209,39,16;215,7,5;219,3,4;229,7,5;280,20,25;290,1,4;300,13,6;310,-2,4;320,11,3;330,10,5;340,5,5;350,2,5;416,61,34;424,4,-4;432,10,11;440,-1,0;448,10,7;456,4,5;464,10,5;472,4,2;480,3,1;488,8,6;496,9,9;504,7,2;512,7,7;520,6,4;528,1,-3;534,7,7;542,8,-1;550,6,10;558,8,2
rua|professor|jose germano da silva|jardim sao francisco|13734602|220,-2145838,-4699535;273,40,18;277,2,-3;283,18,14;303,5,4;313,7,8;329,10,2;341,14,3;351,8,6;359,6,9;367,-9,1;375,-9,-9
rua|professor|jose germano da silva|nelson niero|13734380|604,-2145544,-4699339;612,2,0;620,6,6;628,5,4;634,8,3;642,2,3;650,9,6;658,4,3;666,8,2;674,3,5;682,11,5
rua|professor|manoel vaz lobo|conjunto habitacional gilberto rossetti cohab ii|13737600|27,-2149527,-4701346;28,-19,3;37,14,0;38,-19,6;47,12,7;48,-17,7;57,9,-3;58,-15,5;67,14,4;68,-18,7;77,14,0;78,-17,8;87,6,-6;88,-8,10;97,3,2;98,-16,12;107,17,-3;108,-13,11;117,9,-2;118,-13,9;127,9,-2;128,-20,10;137,8,-9;138,-12,16;147,13,0;148,-17,6;157,13,2;158,-19,8;167,10,0;168,-15,8;177,8,1;178,-11,10;187,6,-4;188,-11,7;197,9,2;198,-17,14;207,7,-5;208,-11,10;218,-9,7
rua|professor|oscar augusto guelli|residencial vale verde|13737288|40,-2150429,-4700121;50,1,8;60,5,7;90,12,27;254,75,144
rua|professor|paulo giudice de godoy|carlito quilici|13733536|15,-2144463,-4700664;26,-26,20;36,5,-1;37,8,-16;46,-2,15;56,9,-5;66,9,-4;76,8,-5;86,0,0;96,16,-5;106,11,-1;116,5,-5;126,11,-7
rua|professor|rodolpho garcia rosa|centro|13730035|125,-2146312,-4699852;130,-9,-11;133,6,-1;145,-22,-2;151,-3,5;163,-9,-15;169,-3,-4;220,-28,-24;230,-10,2;237,-7,-5;247,-10,-13;250,5,0;264,-10,-7;267,-8,-1;272,2,-4;285,-26,-9;287,-1,-2;300,-3,-8;307,-4,-6;308,2,5;320,-5,-2;329,-19,-14;330,13,2;346,-12,-15;451,-9,5
rua|santa|catarina|jardim nova mococa|13731310|4,-2145920,-4701911;5,-12,10;14,9,-9;15,-21,-6;24,8,0;25,-18,1;34,18,-3;44,-12,-7;45,-20,0;54,11,-9;55,-14,3;59,-12,-3;64,22,-1;65,-19,-6;75,-5,4;84,10,-8;85,-10,4;105,-34,-19;115,-5,0;125,-14,-14;128,16,-2;134,-4,-4;135,-14,7;144,3,-9;145,-18,2;154,8,-14;155,-15,5;164,12,-12;165,-40,-8;167,0,0;173,17,14;174,11,-7;180,-3,-8;181,-18,3;184,13,1;189,-19,0;193,27,17;194,-16,-19;195,-19,-9;198,12,-3;200,-7,-1;210,-3,-1;245,-46,-19;250,1,-10;254,-4,7;255,-9,-2;259,-4,0;260,12,4;265,-6,1;270,-8,-13;275,-2,5;280,17,3;285,-25,-13;290,13,-1;295,-8,-7;310,5,5;320,-18,-15;330,-5,5;340,-8,-6;400,-36,-38;405,-23,6;410,6,-8;415,-17,-7;420,14,-1;430,-10,-2;435,-22,-4;440,17,-4;445,-14,6;450,-6,-9;452,5,-5;455,-14,8;460,6,-12;465,-13,1;470,9,-5;475,-18,7;485,-8,-4;523,-24,-14;525,3,-4;532,216,145;535,-237,-156;540,17,-6;545,-16,7;550,10,-7;555,-10,3;560,3,-7;565,-25,11;570,13,-22;575,-6,12;580,2,-19;583,-14,10;585,-2,4;590,8,-14;595,-19,7;600,-1,-16;605,-8,11;610,1,-19;614,1,13;615,-13,-3;620,9,-8;625,-16,-7;630,-3,1;635,-1,11;640,0,-14;642,6,-2;645,-13,7;650,5,-11;654,-4,3;655,-23,6;660,22,-14;665,-17,8;735,-34,-42;740,-12,-21;745,-7,20;746,11,-7;750,1,-1;755,-22,-2;760,3,-4;765,-11,1;766,12,-11;774,207,142;775,-222,-134;780,5,-9;785,-9,3;790,9,-4;800,-13,-2;810,1,-4;815,-35,-15;833,340,215;845,-340,-215;850,7,0;855,-18,-3;865,-3,-9;875,-10,0;885,-10,-8;895,-9,-1;905,-4,-5;915,-8,-9;920,3,6;925,-4,-12;930,-5,0;935,-8,-1;940,5,-10;941,-2,4;943,-13,2;944,13,-1;945,-16,-5;950,3,4;955,-10,-3;960,7,1;965,-12,-6;975,-10,-7
rua|santo|andre|distrito industrial 1|13733430|51,-2145378,-4700413;127,5,96;147,0,15;158,-10,31;159,4,6;207,7,15
rua|santo|minchueli|vila carvalho|13735450|1,-2147914,-4699870;2005,-6,15;2027,-5,7
rua|sao|bernardo|distrito industrial 1|13733420|15,-2145275,-4700418;66,-4,28;135,0,31;136,-2,39;137,6,-7;146,-8,21;148,5,-15;158,-1,23;199,1,47
rua|sao|caetano do sul|distrito industrial 1|13733410|53,-2145176,-4700236;90,1,-148;120,-6,35;130,0,21;174,-3,66;180,5,2
rua|senador|jose ermirio de morais|jardim lavinia|13738300|299,-2147716,-4700931;355,-19,-23;451,-92,-35;475,-25,16;487,-15,-9;499,-3,14;523,-19,-18;556,310,99;566,-2,4;594,-654,-67;719,172,-42
rua|tenente coronel|costa pereira|centro|13730360|19,-2146860,-4700538;63,0,-7;91,18,-28;95,4,-5;107,8,-10;133,2,-6;153,22,-25;169,10,-14;187,4,-9;199,11,-16;219,20,-23;247,12,-16;269,4,-4;299,16,-23;321,11,-19;331,-8,6;345,25,-25;357,4,-13
rua|tenente|coronel costa pereira|centro|13730360|10,-2146884,-4700494;38,14,-33;50,10,-11;104,24,-34;116,12,-18;134,6,-8;148,7,-8;302,88,-116;314,7,-11;328,20,-15;344,0,-10;360,8,-12;394,28,-34;401,-9,-8;411,10,-11;414,8,-7;421,-7,5;435,4,-9;445,0,-2;455,21,-22;456,-3,19;466,0,-10;470,8,-7;471,0,-3;484,11,-7;485,1,-22;519,14,-15;520,7,6;527,-3,-8;530,0,-6;531,3,-3;540,5,-6;541,0,0;549,2,0;552,-1,1;555,7,-11;566,1,-1;627,27,-58;633,15,-5;649,5,-9;659,10,-5
rua|tenente|coronel costa pereira|jardim santa maria|13730360|576,-2146574,-4700947;580,3,-2;586,0,-3;604,18,-13;624,3,-5;634,16,-9;640,37,19;652,-26,-42
rua|tenente|jose ferraz|centro|13730200|36,-2146352,-4700118;50,5,-15;51,-6,-7;57,-1,-5;60,12,2;71,-9,-11;109,18,-28;110,7,-2;117,-1,-18;122,2,8;130,3,-1;132,2,-8;142,5,-9;152,4,-11;161,-3,-9;162,5,2;171,1,-9;181,-4,-10;200,5,-15;212,14,-5;216,6,-8;218,-1,-3;226,5,-7;232,5,-1;237,-17,-28;240,20,12;250,1,-6;258,5,-7;264,-1,-3
rua|visconde|do rio branco|aparecida|13735070|7,-2147134,-4699536;11,10,-23;20,1,5;30,11,-5;40,4,-11;43,-3,-3;50,10,-4;59,-1,-13;62,7,5;67,-4,-12;72,11,3;77,-7,-10;83,7,-4;95,0,-7;100,15,3;103,-6,-12;114,10,-2;123,1,-13;128,12,5;139,-4,-12;147,2,-8;148,10,5;155,-12,-13;160,22,8;161,-17,-15;171,9,-11;172,12,13;189,8,-19;198,3,-2;207,6,-14;210,2,7;217,-2,-9;219,3,-7;229,5,-7;239,14,-7;244,-7,5;251,7,-11;254,1,5;256,10,-16;263,-8,-3;288,23,-26;316,12,0;321,0,-6;328,4,-11;329,3,-2;335,2,-10;336,0,4;348,4,-9;353,2,-7;362,4,2;382,10,-24;393,10,-18;398,6,5;399,-9,-4;409,23,-8;422,-1,-5;441,13,-14;446,2,-5;486,19,-26;491,-8,2;492,21,-3;493,-16,-1;495,5,-7;497,11,-3;498,-2,2;505,-5,1;506,5,-3;507,4,-5;510,10,4;511,-7,-9;516,1,2;519,4,-5;522,3,-5;523,1,-6;531,-3,-2
rua|visconde|do rio branco|centro|13730250|121,-2146709,-4700129;143,11,-6;165,12,-26;545,-146,189;555,9,-2;556,4,5;560,0,1;579,9,-8;580,-7,-11;588,3,-1;595,5,-4;605,1,-2;633,24,-23;636,2,-2;640,-2,-9;643,4,8;648,-4,-10;649,10,0;650,-6,-6;661,14,-5;667,-7,-5;688,0,-2;703,28,-25;708,1,-8;716,10,1;717,-8,-9;720,-10,12;724,3,-3;725,-13,6;741,34,-40;746,-7,21;748,1,-8;750,-6,0;867,83,-104;872,15,-15;874,3,-6;880,-4,14;881,-7,-2;882,11,-12;896,12,-3;921,-3,-15;984,44,-50;997,-4,-6;1002,12,-5;1005,-1,-7;1008,0,4;1016,14,-18;1050,21,-12;1064,16,-17;1080,-5,-12;1081,-10,-4;1158,46,-38;1167,4,-29;1168,3,5;1174,5,-3;1177,-4,-7;1185,-1,-9;1192,16,3;1193,-5,-7;1197,8,-2;1205,0,-6;1208,2,5;1209,-2,-9;1217,6,-10;1224,9,6;1235,4,-17;1242,4,11;1277,21,-40;1278,5,-2;1295,-1,-17;1296,4,13;1305,6,-18;1310,7,2;1318,5,-4
rua|visconde|do rio branco|centro|13735070|111,-2146520,-4700390;115,7,-15;363,4,5
rua||13|residencial vale verde|13737271|218,-2150464,-4700346;238,6,14;248,3,6
rua||4|conjunto habitacional gildo geraldo|13734604|800,-2145388,-4699234;850,36,18;860,4,5;870,10,17;880,4,-4;910,22,16;920,8,5;970,38,25;981,13,-3;1011,20,13
rua||7 de setembro|centro|13730046|2,-2146207,-4699822;8,-15,-7;16,-8,-11;26,-10,4;36,-4,-15;39,-3,4;48,-11,-9;66,-2,-6;70,-7,-7;82,-12,-7;92,-7,-1;102,-8,-7;107,-7,13;109,-3,-11;111,-9,-10;112,15,10;117,-1,4;137,-32,-19;351,33,37
rua||7 de setembro|igarai|13730046|257,-2140689,-4680963;288,-19,133;417,-6,-22;422,10,3;432,-2,-13;435,-10,-5;442,14,-3;458,1,-6;469,-20,-30;470,25,3;479,-9,-13;480,12,-1;488,-5,-5;489,-9,-7;494,15,-10;499,-12,-1;507,2,-6;510,7,-7
rua||abrahao venturi|conjunto habitacional gilberto rossetti cohab ii|13737635|13,-2149956,-4701158;23,4,6;24,-10,3;33,17,7;34,-13,1;43,21,4;44,-10,1;53,15,7;54,-10,0;63,20,5;64,-15,3;73,22,9;74,-13,-4;83,19,5;84,-11,-5;93,10,12;94,-6,3;104,8,6;113,6,-1;114,4,14;123,1,-7;124,5,14;133,6,-8;134,-2,14;143,8,-7;144,1,8;153,1,4;154,-3,4;163,11,0;174,10,26;183,9,-3;184,2,10;193,5,-8;194,0,17;203,3,-3;204,3,13;213,-1,-10;214,9,12;223,-5,-2;224,7,14;233,2,-6;234,0,16;243,9,-2;244,-1,12;254,11,6;264,3,12;274,3,2;284,0,13;294,5,1;314,17,24;324,5,15;334,4,11;344,1,13;354,2,2;364,9,11;374,2,11;384,2,7;394,10,14;404,0,2;414,3,12;420,5,12;424,-2,-5
rua||acre|vila lambari|13731040|16,-2146572,-4701061;23,-2,18;24,-10,-29;28,4,9;37,-15,9;49,-11,5;50,19,-21;65,-86,-28;71,37,33;81,1,2;96,-9,-22;99,5,8;105,-19,-5;106,8,-3;109,-14,1;120,-2,-9;129,-8,8;135,-2,0;139,-11,-5;140,22,-7;142,-8,-1;144,-1,-5;155,-24,1;160,4,-12;167,-7,0;177,-11,-1;178,13,-4;185,-17,-8;186,14,1;188,-2,-4;195,-24,7;196,13,-5;205,-19,-5;210,4,-4;215,-13,-2;216,9,-3;225,-10,-1;226,5,-8;235,-13,-1;242,7,-10;247,-11,3;252,1,-6;253,-12,0;260,8,-3;263,-18,0;268,12,-10;275,-23,2;276,15,-1;283,-19,-8;284,12,-5;293,-24,8;294,95,43;306,-80,-58;342,-34,-8;345,-5,-1;352,3,-3;353,-9,1;356,-4,-3;357,-21,4;360,9,-10;363,5,8;365,-23,-10;370,14,-1;373,-18,10;380,15,-15;381,-26,7;390,5,0;391,-6,-3;400,8,-5;403,-27,2;408,13,-9;413,-22,8;418,9,-8;423,-18,3;430,9,-6;433,-17,0;443,-3,1;446,14,-3;453,-31,4;458,19,-1;463,-26,-9;468,16,1;473,-25,-4;478,19,0;488,-8,-3;705,328,173
rua||adaltton pereira do lago|anita ventura pricoli|13737230|10,-2149751,-4700476;20,3,0;30,4,8;40,-2,16;50,2,5;60,7,11;70,-1,10;80,5,10;90,2,9;100,1,6;110,3,13;120,2,9;130,-1,15;140,3,4;150,8,6;160,5,8;170,-6,12;180,3,9;190,2,7;200,3,18;210,1,11
rua||adaltton pereira do lago|anita venturi pricoli|13737230|31,-2149736,-4700470;41,2,11;51,2,12;61,3,6;71,5,14;81,-5,9;91,4,2;101,3,14;111,-3,12;121,7,10;131,2,15;141,6,5;151,-1,12;161,4,4;171,3,5;181,2,17;191,-4,8;201,8,6;221,3,20
rua||adelaide alves magri|jose justi|13734536|11,-2145389,-4702784;14,-9,14;24,13,4;31,28,-14;34,-19,-4;41,18,22;44,-9,-9;54,11,11;61,17,-5;64,-13,7;71,28,-6;74,-14,4;81,17,27;84,-9,-26;91,21,14;94,-18,-12;101,24,21;104,-11,-24;111,36,-10;114,-29,15;121,23,-3;124,-21,6;151,5,-6;161,56,0;164,-22,27;171,30,-26;174,-11,9;181,19,2;184,-13,4;191,27,-5;194,-26,15;201,32,4;204,-17,-14;211,22,1;214,-9,5;221,23,-4;224,-19,20;231,27,-19;234,-9,17;241,16,-12;244,-18,12;251,11,-5;254,0,6;261,20,-3;264,-11,2;271,25,-2;274,-11,1;281,19,-3;284,-4,-11;291,9,17;294,-9,-6;301,19,2;304,-16,5;331,60,10;334,-8,-1;341,6,-6;344,-3,-1;351,13,3;354,-5,14;361,12,-11;364,-9,9;371,19,-13;374,-8,5;381,17,-3;384,-4,14;391,15,-12;394,-10,17;401,19,-4;404,-15,8;411,22,-13;414,-10,12;421,16,-26;424,-3,24;431,14,-9;434,-2,10;441,6,-8;444,-2,15;451,13,-5;454,-2,1;461,11,-5;464,-3,7;471,13,-5;474,2,-8;481,8,12;484,5,-19;491,-3,21;494,7,18
rua||adelia de oliveira|alcebiades quilice|13736872|13,-2149164,-4700103;23,8,11;33,0,4;43,-2,15;93,11,31;103,3,12
rua||adelia de oliveira|residencial jardim miguel gomes|13736872|49,-2149058,-4700207;59,-3,8;99,-30,12;109,-6,7;207,-155,27;235,52,-7
rua||ademar custodio de freitas|jardim riachuelo|13738536|31,-2147109,-4702073;32,3,11;42,8,5
rua||ademir ratini|por do sol|13739160|205,-2147646,-4703811;216,6,3;246,-23,-1;305,-51,-24;350,-42,-7;360,-12,0;370,-7,0;375,-9,-13;380,3,8;395,-23,-13;400,0,6;405,-2,-8;415,-7,6;440,-3,0;445,-10,-41;450,-11,38;455,-9,-17
rua||adevair rosa|alta vista|13735725|182,-2148119,-4699492;208,-6,29
rua||adevair rosa|jardim lago dos ipes|13735725|305,-2148090,-4699561
rua||adevair rosa|lago dos ipes|13735725|20,-2148044,-4699633;39,-14,18;60,-2,15
rua||adhemar octaviano machado|jardim sao jose|13736600|35,-2148843,-4700683;36,18,2;45,-4,-22;46,1,16;55,-3,-7;56,7,-8;66,4,-9;75,-13,-9;76,16,2;85,-10,-9;86,8,2;95,-9,-9;96,12,-4;105,-8,-7;106,9,-9;115,-1,0;116,0,-1;125,-4,-5;126,10,-4;135,-5,-10;136,7,5;145,-5,-14;146,5,-9;155,0,3;156,5,3;165,-8,-15;166,10,8;209,4,-57;219,2,-13;220,11,1;230,-4,-12
rua||adolfo fernandes pinheiro|jardim sao francisco|13734360|3,-2146006,-4699474;9,4,2;13,4,1;16,5,12;23,4,-8;26,-13,5;33,21,1;36,-11,3;43,21,2;46,-11,8;53,13,-4;56,-8,9;63,17,0;66,-14,3;73,22,-1;76,-16,4;83,23,-1;86,-6,9;87,146,87;93,-133,-90;116,7,16;117,16,-3;119,4,3;126,-8,8;127,14,-5;136,-2,5;137,13,5;146,-7,3;183,34,14;184,2,15;193,11,-9;194,-10,14;203,16,-6;204,-10,9;213,18,-11;214,-8,19;223,15,-9;224,-6,10;233,15,-4;243,9,6;246,-18,-1;253,25,6;256,-10,4
rua||adolfo maziero|cohab ii|13737380|21,-2149396,-4701280;22,-4,-5;31,4,10;32,-10,-2;41,5,15;42,-16,-9;51,10,12;52,-13,-2;61,4,18;62,-6,-9;71,0,10;72,-6,-1;81,4,9;82,-9,-8;91,4,17;92,-5,1;101,-3,12;102,-1,-9;111,-5,17;112,-1,-7;121,-2,13;122,-6,-12;131,-5,22;132,3,-7;141,-1,17;142,-3,-7;151,-1,15;152,-16,-8;172,-12,20;182,0,22;192,-3,3;202,-13,7;212,-10,9;222,3,13;232,-5,3;242,-2,2;252,-5,18;262,-5,5;272,-9,6;282,-5,7;292,-4,5;302,-6,12;311,-3,6;312,-5,4;321,3,7;322,-2,-10;331,-9,7;341,-1,16;342,1,14;351,-3,-1;352,-7,-3;361,2,10;362,-12,2;371,9,7;372,-10,-1;381,-1,9;382,-7,1;391,1,22;392,-3,-13;401,9,4;402,-15,3;411,7,7;412,-11,6;421,9,1;422,-19,-1;431,15,14;432,-21,-2;442,-2,7;451,9,12;452,-7,-5;461,-7,18;462,-4,0;471,8,1;472,-13,-1;481,1,17;482,3,-10;491,-4,20;501,-9,-5;511,2,4;521,-9,14;531,-5,11
rua||adolpho martella|conjunto habitacional nene pereira lima|13732355|46,-2145404,-4701925;51,-4,8;56,8,-24;61,-7,9;66,11,-17;71,-6,10;76,8,-13;81,-2,4;86,12,-20;91,-14,16;96,18,-23;101,-9,10;106,12,-19;111,-7,14;116,12,-14;121,-8,1;126,7,-10;131,0,8;136,6,-15;141,-5,7;146,9,-21;151,-17,11;166,30,-30;176,2,-7;181,-5,1;186,10,-8;191,-7,-11;196,10,3;201,-11,-2;206,19,-1;211,-15,-10;216,10,-8;221,-5,-2;226,5,-8;231,2,-3;236,-6,0;241,7,-7;246,2,-14;251,3,0;256,-4,-2;261,1,-5;266,16,-3;271,-14,-11;276,5,-4;281,2,4;286,1,-11;291,4,-5;296,-4,-13;301,5,7;321,7,-14;324,10,-21;326,-9,17;331,3,-14;336,0,3;341,-5,-9;346,10,-4;351,-7,-9;361,5,-11;366,3,7;371,-4,-14;376,9,1
rua||adolpho santolin|chacara sao domingos|13734430|29,-2144233,-4702033;30,5,7;198,-71,-70;410,127,126
rua||adriano macedo zeferino|jose justi|13734485|15,-2145152,-4702507;24,-21,101;25,-6,3;35,5,-10;36,0,2;45,0,-17;48,7,1;55,-4,-8;65,2,-9;75,1,-9;85,2,-11;95,-2,0;105,2,-19;115,4,-8;125,0,-12;135,5,-5;145,7,-3;155,-5,-12;165,2,-15
rua||afonsina balbino de siqueira|conjunto habitacional nene pereira lima|13732428|24,-2145706,-4701877;27,-7,6;34,16,-8;37,-11,-7;44,13,-3;47,-4,1;54,11,-10;57,-10,2;64,11,-6;67,-3,-8;74,11,-4;77,-7,5;84,7,-6;87,0,-4;94,8,4;97,-4,-13;138,29,-27;147,2,-10;148,7,-3;157,-3,-9;158,3,4;167,0,-7;168,16,-2;177,-6,-4;178,5,-10;187,-5,-4;188,9,-2;197,0,-10;198,2,10;207,6,-29;208,5,16;231,2,-19;241,11,-20;251,4,-5;261,5,-4;271,4,-15;281,2,-15;291,2,-2;303,11,-15;327,4,-18;328,16,18;337,-11,-28;338,9,6;347,-14,-8;348,15,1;357,-4,-21;358,8,15;367,-17,-17;368,26,-21;377,-13,8;378,13,7;387,-7,-17;388,4,6;398,3,-8;399,-8,-7;408,20,-9
rua||afonso angelo bellutti|sao benedito das areias|13755000|36,-2131819,-4702730;79,-10,46;89,-6,8;97,-23,9
rua||afonso pena|jardim primavera|13738555|19,-2147113,-4702298;20,-2,9;31,11,-4;44,2,16;55,17,-2;56,-4,12;67,12,-5;68,-11,4;75,20,-1;79,8,5;80,-6,10;91,13,-3;103,4,2;115,13,11;127,7,6
rua||agilberto de figueiredo santos|jardim sao domingos|13733330|19,-2145406,-4700524;29,15,-4;30,2,-1;33,-12,3;43,7,-14;55,7,-7;67,7,-11;91,14,-18;103,8,-5;115,9,-15;127,1,-13;178,41,-35;190,8,-10;191,-17,1;203,8,-13;215,8,-8;226,18,-5;227,-11,-1;239,5,-10;250,12,-2;251,-5,-9;262,17,-8;263,-10,-3;275,3,-4;286,22,-13;287,-14,1;298,20,-11;299,-11,-1;302,-39,76;310,53,-87;311,-10,5;322,22,-15;323,-13,3;335,8,-9;336,7,3;347,-4,-9;364,22,-23;376,6,-12;377,-11,8;388,17,-9;389,-6,-4;391,5,-6;400,8,-1;413,-6,-9;424,18,-10;425,-7,-6;436,10,1;448,7,-9;449,-5,-4;460,15,-11;461,-12,1;463,7,-9;472,10,2;484,14,-23;485,-19,15;487,6,-13;499,7,-9;508,11,-1;520,7,-11;521,-14,2;532,19,-12;546,1,-2;575,16,-32;586,10,5;587,-4,-15;598,17,-4;610,5,-13;622,4,-5;623,-14,5;634,21,-17;635,-12,3;639,3,-9;646,19,-2;671,-4,-11;673,5,-15;683,8,-9;690,12,1;697,-10,-12;719,10,-5;724,16,-11;731,-3,-7;736,14,-3;743,-23,12;748,25,-18;752,4,-2;760,4,-5;772,6,-13;1456,6,-12
rua||agripino pinheiro da costa|conjunto habitacional luiz antonio fernandes dias|13737500|30,-2149567,-4700729;35,5,-1;40,-11,6;45,12,0;50,-6,12;55,5,1;60,-10,6;65,11,7;70,-11,2;75,9,6;80,-8,10;85,7,-1;90,-4,11;95,7,-6;116,-15,30;121,17,-3;126,-14,9;131,13,3;136,-13,7;141,15,-3;146,-11,13;151,4,9;156,-6,2;161,10,7;166,-9,4;171,11,1;176,-13,7;181,9,2;186,-3,10;191,3,8;198,-3,-3;203,6,1;224,1,34;229,-3,-7;234,-6,12;239,7,1;244,-5,8;249,6,-1;254,-10,7;259,10,0;264,-9,7;269,8,1;274,-5,5;279,4,0;284,1,32;289,2,-25;294,-10,9;299,8,-1;304,-13,9;309,8,-3;319,6,6;324,-9,10;334,5,12;344,-2,4;354,5,8;364,-5,12;374,-6,12;384,4,10;394,0,6;404,1,6
rua||agripino pinheiro da costa|jardim santa luzia|13737500|349,-2149565,-4700440;359,3,5;369,0,11;379,2,3;389,1,16;399,-2,15;409,1,0;419,2,6;424,-2,30;429,6,-16;434,-13,18;439,8,-4;444,-13,15;449,15,-23;454,-5,35;464,-3,5;474,-1,10;479,9,-5;484,-6,20;489,-3,-11;494,7,14;499,-8,-3;504,5,17;509,-1,-6;514,-1,18;519,10,-12;524,-10,18;529,8,-5;539,-4,23;544,-2,9;549,7,-13;559,1,9;564,-11,24;569,11,-1;579,3,5;584,-1,8;589,6,-16;599,-13,24;609,10,-6
rua||alagoas|vila lambari|13731050|4,-2146552,-4701129;13,-7,2;14,3,-9;23,-14,6;28,5,-6;37,-21,-3;40,11,-5;50,-13,-6;86,-26,-7;103,-18,1;110,-4,-7;112,-302,-155;116,311,159;120,-16,-11;125,2,7;135,-12,1;142,-2,-9;143,-1,3;153,-13,-3;160,8,-5;163,-17,0;165,-4,10;171,12,-14;172,-3,-3;184,-7,-5;189,-5,4;190,4,-13;199,-15,-2;201,-13,-2;206,7,-14;209,-18,16;211,10,-2;215,-8,-9;216,16,-3;218,-3,-6;220,-16,2;221,-1,0;230,19,5;233,-28,-7;235,-18,-4;236,-13,-8;238,32,6;250,-5,-12;262,-10,-6;263,-10,2;268,6,-7;271,-1,4;272,-3,-8;273,60,56;274,-71,-63;275,-10,6;276,6,-10;285,-7,7;286,2,-10;292,-4,-2;293,-9,-4;306,-5,-5;357,-42,-4;362,-1,-9;367,-9,5;368,0,-12;371,-4,11;375,-18,8;376,20,-14;379,-22,1;383,-1,-8;386,13,1;387,-32,3;392,17,-2;397,-23,2;406,17,-5;416,-8,-2;422,-6,0;423,-7,7;424,4,-7;433,-17,6;436,3,-14;443,-16,8;446,7,-6;453,-14,8;456,6,-12;463,-21,8;473,-5,1
rua||albertino mazzieiro|conjunto habitacional gilberto rossetti cohab ii|13737355|325,-2149404,-4700950
rua||alberto pisani|jardim santa clara|13735300|9,-2147611,-4699538;243,92,62;273,82,42;293,-115,-57;307,-13,-16;323,-21,-4;333,0,-3;343,-9,-7;353,95,46;363,-13,0
rua||alberto xavier soares|conjunto habitacional nene pereira lima|13732427|10,-2145684,-4701843;15,-7,-4;20,6,-3;25,-2,-6;30,12,-3;35,-7,-1;40,18,-12;45,-14,5;50,17,-5;55,-7,-2;60,12,1;65,-6,-10;70,18,3;75,-13,-9;80,9,3;85,0,-10;90,6,-2;95,2,-5;100,-1,-8;105,3,-2;139,23,-21;142,4,-10;149,-1,-5;152,-4,2;159,15,-14;162,-3,8;169,4,-17;172,-1,9;179,1,-13;182,3,9;189,4,-14;192,7,1;199,0,-21;202,4,7;209,-3,-9;212,8,6;236,12,-20;246,4,-3;256,1,-6;266,7,-16;276,-5,-1;286,16,-19;296,10,-4;306,-23,-22;327,26,-21;337,8,-13;347,3,-9;357,5,-13;362,16,-32;367,-11,25;372,-15,16;377,17,-26;382,-9,18;387,9,-23;392,-4,14;397,6,-24;402,0,14;407,0,-31;412,6,21;422,5,-12;432,9,-8
rua||albino alves de souza|distrito industrial 2|13739105|106,-2147444,-4703453;155,86,-18;162,-68,21;190,54,-16
rua||albino rotta|anita venturi pricoli|13737232|18,-2149730,-4700500;28,-12,2;38,-1,2;48,-15,-3;58,-3,5;68,-13,2;78,-8,-1;88,-6,2;98,-4,2;108,-17,9;118,-3,-4;128,-15,6;138,-8,4
rua||alcides michelin|jardim boa vista|13735122|12,-2146627,-4699254;60,32,42;67,-17,-32;97,12,14;117,9,23;137,19,28;168,24,53;204,8,34;260,147,176;349,44,40
rua||alcides zanchi|jardim alvorada|13732508|11,-2145844,-4701199;50,-8,-22;55,-30,3;64,7,0;69,-13,-3;83,-12,-13;85,71,48;97,-78,-57;108,6,-11;109,-16,2;121,-7,-8;133,-5,-5;136,4,-12;145,-12,4
rua||alcyr antonio de siqueira|conjunto habitacional nene pereira lima|13730400|414,-2145346,-4702165;460,-67,-13;484,9,-5
rua||alexandre cunali|cecap|13732090|2446,-2146210,-4701080;2458,-2,0;2496,27,-49;2506,12,-9;2554,-1,-17;2566,20,-15;2578,10,-22;2620,21,-31;2676,25,-37;2680,10,-14;2776,36,-59;2786,17,-20
rua||alexandre cunali|jardim santa emilia|13732090|2765,-2146060,-4701340;2781,6,-10;2793,14,-18;2815,4,-9;2827,9,-11;2851,11,-24;2858,16,4;2863,-3,-20;2903,14,-16;2915,6,-12;2928,15,-9;2943,2,-12;2957,8,-17;2958,5,5;2968,10,-6;2973,-1,-13;2978,4,6;2988,4,-8;2991,-6,-6;2998,13,-4;3008,-1,-9;3018,9,-6;3028,6,-13
rua||alexandre cunali|jardim santa maria|13730270|22,-2146484,-4700664;56,12,-30;61,-40,46;71,9,-8;111,58,-88;127,-12,-12;143,26,-8;157,14,-8;167,13,-11;173,-4,-4;227,18,-32;233,0,-9;255,16,-7;265,4,-8;273,2,-13;1949,-92,144;2070,65,-87;2080,7,-8;2097,5,-22;2102,4,1;2114,16,-21;2141,6,-19;2153,6,-10;2162,3,6;2169,0,-8;2174,9,-6;2184,2,-2;2187,1,-13;2198,8,-8;2199,-3,-2;2222,14,-7;2228,12,-19;2229,2,-9;2289,11,-29;2299,7,-4;2345,17,-37
rua||alexandre cunali|jardim santa maria|13732090|2491,-2146190,-4701139;2503,7,-8;2515,2,-4;2527,7,-13;2539,18,-33;2551,-35,25;2565,37,-31;2627,28,-36;2639,10,-13;2663,10,-13;2701,18,-28
rua||alexandre guisso|jardim chico piscina|13736450|39,-2147840,-4700390;51,2,-14;63,8,-13;77,0,-10
rua||alfredo grande filho|jose justi|13734530|10,-2145063,-4702614;20,1,-4;30,5,-11;40,4,-7
rua||alipio joao|residencial vale verde|13737292|89,-2150028,-4699747
rua||alipio jorge naufel|jardim lago dos ipes|13735711|134,-2148457,-4699364;465,163,-203;480,-2,3;485,-7,9;490,6,7;505,-23,10;515,-1,4;520,5,5;525,-12,3;535,-5,7;545,-6,9;550,3,5;555,-8,3;565,-5,3;570,-1,10;580,-3,1;585,-14,7;595,1,1;634,-25,43;644,-4,13;649,-12,2;654,3,5;659,-12,-1;664,4,12;669,-12,-5;674,10,6;684,-7,5;689,-4,0;694,0,5;709,-21,18;719,-1,5
rua||alipio jorge naufel|lago dos ipes|13735710|52,-2148034,-4699872;92,-4,33;106,-17,-34
rua||alipio jorge naufel|lago dos ipes|13735711|150,-2148100,-4699797;170,-16,17
rua||allan kardec|jardim sao luiz|13735041|28,-2146766,-4699291;29,-122,-93
rua||altamiro soares perucello|carlito quilici|13733510|14,-2144224,-4701192;15,34,2;24,-6,10;25,8,-2;34,-6,7;35,12,6;44,-10,5;45,10,2;54,-3,-2;55,7,10;64,-4,6;65,7,6;74,-9,5;75,12,3;84,-10,11;85,12,-3;94,-7,10;95,13,-1;104,-10,6;105,11,5;114,-10,11;115,8,-5;124,-3,8;125,9,1;134,-8,7;135,10,3;144,-7,5;145,6,4;154,0,4;155,7,2;164,-6,10;165,7,1;174,-3,7;175,4,3;184,-3,6;185,5,4;194,-4,4;195,13,6;204,-8,7;205,9,2;214,-7,5;215,14,3;224,-12,4;225,14,6;235,3,10;245,2,8;254,-11,12;255,13,-6;264,-8,14;265,9,0;274,-4,12;275,9,-1;284,-7,8;285,10,0;294,-7,10;295,9,-1;304,-3,9;305,5,1;314,-6,10;315,10,-3;324,-3,8;325,4,-1;334,0,9;335,4,-1;344,-7,15;345,9,-1;354,-6,9;355,9,-3;364,-6,13;365,10,-2;375,5,8;384,-7,14;385,8,-8;394,0,12
rua||alvim leite|jose justi|13734526|12,-2145449,-4702671;15,15,-7;22,-2,3;25,12,-11;32,-9,-1;35,20,3;45,10,1;55,5,9;62,-14,-8;65,19,18;72,-10,0;75,17,-10;82,-4,7;85,17,-5;92,-10,16;102,3,-22;115,20,10;125,17,10;132,-13,8;135,26,-4;142,-17,-3;145,15,2;152,-3,-1;155,15,0;162,-6,2;165,17,0;172,-7,-3;175,15,6;182,-13,0;185,26,12;192,-15,-13;195,19,6;202,-13,3;205,22,-4;212,-11,9;215,19,-8;222,-11,5;225,27,-6;232,-14,12;235,17,-4;242,-8,-1;245,18,0;252,-11,5;255,16,-4;262,-8,4;265,15,5;272,-7,-2;282,11,4;332,50,8;336,4,3;342,9,-3;352,6,1;362,13,3;372,3,-1;382,12,-15;392,11,8;402,5,7;412,6,4;422,5,9;432,18,2;442,0,6;452,10,4;462,17,-9;472,5,17;475,12,-6;485,7,-15;492,3,9;495,4,-3;502,0,11;505,2,-17;512,6,11;515,10,1;522,3,2;525,9,4;532,1,8;535,0,-14;542,-1,15;545,10,-10;555,12,0
rua||alzira della coleta januario|portal da cidade|13733464|41,-2145631,-4699823;81,34,16;128,23,31;171,68,12;201,16,31;208,-6,9;218,6,4;228,10,8;231,11,-6;238,-1,10;248,5,4;251,14,-3;258,-5,10;268,6,3;278,10,6;281,10,-5;288,-5,12
rua||amapa|vila santa rosa|13731210|4,-2146825,-4701836;10,6,-8;13,-6,-8;14,5,7;23,-1,-12;24,8,5;33,-3,-16;34,9,1;41,-5,-6;43,1,2;44,25,9;46,-19,-4;53,-5,-16;54,12,4;78,10,-15;84,-4,-7;93,4,-17;94,4,12;98,4,-13;103,-5,-7;113,9,-10;123,-3,-13;134,27,-8;144,7,-16;154,9,-7;164,8,-6;174,2,-18;177,-32,29;183,40,-54;187,-44,63;193,40,-59;197,-39,48;203,47,-54;204,2,6;207,-38,39;213,35,-63;214,11,12;223,-9,-38;224,7,31;233,7,-13;234,3,0;240,5,-6;243,4,-24;253,4,-8;254,6,9;263,1,-15;264,8,7;273,-10,-16;274,7,9;280,4,-5;283,-6,-34;284,8,35;294,10,-16;343,12,-41;353,2,0;363,7,-17;374,29,-27;378,4,-9;394,8,-7;403,-5,-11;404,7,0;413,-5,-15;428,23,-9;433,-9,-11;438,5,-2;443,-5,-3;448,22,-8;453,-18,-6;458,19,7;463,-10,-15;468,12,7;473,-5,-18;478,8,10;488,5,-7;497,5,-27;503,6,-13;505,4,-2;513,2,-5;515,0,0;523,11,-19;535,3,-6;541,0,-17;545,1,2;563,12,-12;568,-21,50;573,27,-52;680,-9,23;700,14,-25;710,5,-10;720,10,-6;743,-149,259;751,43,-82;948,45,-78;958,4,-10;968,7,0;978,2,-8;980,5,-8;988,-1,2
rua||amazonas|vila lambari|13731060|20,-2146541,-4701211;27,-9,7;32,5,-7;33,-16,2;42,-2,-10;49,-9,2;52,19,3;62,-20,-10;105,-47,-7;106,9,-9;116,-12,-8;117,-7,12;122,2,-17;123,-10,12;133,-8,-6;140,1,-13;142,3,3;143,-12,11;152,0,-16;157,-8,5;158,4,-8;165,-7,-6;168,1,8;171,-11,0;177,-7,-3;178,7,-7;186,-5,-11;187,-8,8;192,-4,-9;200,-5,-5;203,2,9;207,-6,-5;209,-4,6;212,2,-9;217,-6,2;224,-1,-10;227,-19,-1;230,9,-1;236,-5,-5;239,-7,2;242,7,-2;249,-15,0;252,-2,-14;259,-5,10;262,4,-10;269,-15,1;278,3,-7;279,-5,6;282,-1,-2;289,-8,-5;296,-1,-9;300,2,1;301,-12,1;312,10,-8;315,-19,0;320,5,-1;324,-2,-3;337,-38,-7;344,-2,1;347,-14,-3;351,-6,-6;354,14,-3;361,-22,2;364,10,-7;376,-11,1;381,-3,1;382,-4,-7;391,-8,7;394,-4,-11;397,-4,15;401,-3,-3;404,1,-11;407,-7,5;414,-9,-10;427,-3,6;447,-9,3;879,305,132
rua||amelio ferreira pinto|santa terezinha|13736656|25,-2149211,-4700416;35,-1,-14;45,-6,-9;55,0,-9;65,2,-4;75,-1,-15;85,-4,-4;95,0,-6;105,-1,-10;115,-1,-4
rua||americo alves|conjunto habitacional jacinto pisani projeto cem|13732660|20,-2145302,-4701381;21,2,-19;30,14,1;31,-6,-7;40,17,4;41,-3,-6;44,17,4;50,-7,4;51,-12,-12;60,20,8;61,-2,-13;70,17,6;71,-10,-7;80,17,1;81,-12,-6;90,16,7;91,-5,-9;94,19,7;95,-14,-9;100,12,7;101,-9,-9;110,20,2;111,-12,-4;120,19,5;121,-5,-8;125,-12,-1;130,24,8;131,-11,-13;141,8,-2;151,10,0;163,10,-5;179,16,-10;184,21,1;194,7,2;196,13,-3;198,0,-1;205,-4,-10;208,7,8;214,11,-4;215,-12,-7;219,8,2;224,0,5;229,2,-9;233,15,-3;234,-4,10;237,-7,-7;244,14,6;247,0,-11;250,15,2;254,-6,1;257,-3,-6;264,15,-4;267,-5,-1;274,12,2;277,-1,-3;284,9,6;287,2,-8;294,2,5;297,2,-9;298,12,3;304,11,-10;307,-16,4;311,12,1;314,4,-6;316,-3,5;317,3,-5;324,10,3;327,-17,-13;334,18,7;337,3,-5;344,6,6
rua||americo assolini|conjunto habitacional jacinto pisani projeto cem|13732550|590,-2145401,-4701412;610,7,-10;620,2,-3;630,19,-3;670,38,-18;680,5,-4;690,12,3;710,17,-9;720,8,-7;730,12,3;740,2,-9;750,13,-1;760,3,-1;770,9,-6;780,14,-5;790,6,-3;800,6,1;810,7,-7;820,12,-1;830,0,-3;870,37,-13;880,20,-2;890,3,-6;900,11,0;910,6,-6;920,12,0;930,3,-8;940,17,-2;950,8,-3;960,5,-3;970,6,-2;980,10,-4;984,10,-2;990,4,-4;1000,8,-2;1024,8,-2
rua||americo assolini|jardim alvorada|13732550|399,-2145321,-4701460;406,51,-23;420,150,-52;421,-34,10;565,-254,102;577,6,-4;589,13,-4;601,4,-5;613,11,-6;625,12,-3;637,7,-2;649,13,-7;661,11,1;735,84,-32;739,-15,6;747,8,-7;759,9,-1;771,8,-7;795,19,-8;807,8,-7;819,19,-4;831,2,1;843,8,-3;855,10,-4;919,57,-20;929,10,-2;941,22,-6;951,0,0;953,3,-5;965,8,-4;977,12,-3;989,11,-6;999,8,0
rua||americo ferraz dias|colina verde|13737000|173,-2147325,-4701742;310,-97,158;346,11,-26;360,2,-8;370,7,-14;380,8,-10;390,12,-11;395,12,-30;400,-4,27;405,10,-42;410,-5,25;415,7,-26;420,-8,18;425,7,-30;430,2,23;435,5,-32;440,-8,24;445,12,-28;455,6,-9;475,11,-9;485,13,-4;495,-4,-17
rua||americo ferraz dias|jardim colina verde|13737000|10,-2147574,-4701350;15,187,-89;22,-185,85;27,-23,9;31,30,-21;34,-37,2;39,-7,12;46,52,-23;58,8,-5;65,-17,0;70,-39,16;77,54,-34;94,19,-12;101,-6,-5;106,45,-63;113,-44,51;118,12,-3;125,-1,-8;130,8,0;137,-3,-5;142,11,-7;149,-4,-9;161,16,-17;166,0,9;187,0,-9;215,17,-39;227,4,-5;232,11,-4;239,-3,-6;244,6,8;251,-1,-13;263,3,-12;275,11,-12;289,1,-2
rua||ana beatriz suano|residencial vale verde|13737290|65,-2150172,-4699610;90,-5,9;92,-35,-51
rua||ana ramos guisso|jose justi|13734540|11,-2145113,-4702686;19,-1,-12;29,-2,-12
rua||ana valeria alamino garcia|jardim das paineiras|13735102|21,-2146843,-4699054;22,-21,0;34,8,30;48,14,0;63,14,10;68,-4,13;76,28,40;77,-21,-46;91,15,24;118,2,42;146,18,11;158,4,22
rua||andre contreras|residencial samambaia|13734272|50,-2146082,-4699392;83,-19,49;93,1,4;101,24,-61;103,-31,66;113,-4,5;116,9,-37;120,-4,5;123,-8,40;132,-20,14;133,11,-4;142,-16,13;143,7,-3;152,-15,9;153,11,-8;162,-18,14;163,17,-12;172,-20,14;173,9,4;183,-9,3;192,-17,7;193,13,3;202,-19,3;203,12,-1;213,-8,1;222,-26,18;223,17,-15;232,-24,18;233,19,-14;242,-29,23;243,16,-11;253,4,11
rua||andre masili|aparecida|13735066|31,-2147249,-4699264;38,-5,-4;41,1,18;50,-14,0;51,12,5;60,-18,5;61,0,19;70,-6,-11;71,12,7;80,-7,1
rua||andre somagio|conjunto habitacional nene pereira lima|13732459|11,-2145938,-4701741;21,17,-2;24,-4,6;31,9,-8;34,66,-14;41,-70,18;44,16,-5;51,7,-7;54,1,-1;61,9,-9;64,-3,11;71,15,-17;74,-8,13;83,17,-26;84,-7,22
rua||anestaro antonio ferreira|jardim sao jose|13736623|109,-2149182,-4700799;181,20,-24;320,-6,4
rua||angelim carrara|jose justi|13734490|10,-2145476,-4702541;32,45,-113;73,-102,212;85,5,-5;97,7,-6;105,0,-20;121,2,-9;130,15,-2;157,4,-34;171,7,-8;176,8,6;180,0,-4;195,3,-25;196,6,5;207,1,-11;219,2,-11;234,26,-24;255,-12,-10;265,7,-1;315,17,-42
rua||angelo abeline|vale verde|13737266|36,-2150203,-4700487;46,0,1;56,1,6;66,6,14;76,3,5;86,4,11;96,-2,-1;106,4,9;116,8,17;126,12,14;136,0,0;146,-1,6;156,5,5;166,1,2;176,9,11;186,2,10;196,4,12;206,8,2;216,-2,13;226,3,4;236,3,0;246,5,20;256,3,7;266,5,8;276,5,3;286,2,9;296,2,11
rua||angelo bertoldo rocha|conjunto habitacional francisco garofalo|13736820|35,-2149489,-4700636;45,13,9;55,-1,9;65,14,9;75,0,1;85,7,9;95,2,5;105,13,4;115,8,11;128,4,13;138,5,18;139,6,-16;148,7,29;149,2,-20;158,5,16;159,-6,-11;168,12,16;169,3,-8;178,1,16;179,3,-11;188,0,16;189,7,-11;197,6,3;198,-4,4;199,2,-2;209,10,11;219,7,10;229,0,3
rua||anisia de souza lima|conjunto habitacional gildo geraldo|13737795|123,-2144908,-4699472;133,5,-2;143,9,4;153,6,1
rua||anisio ferreira de resende|residencial vale verde|13737282|65,-2150168,-4700018
rua||anisio vianna ferraz|jardim sao domingos|13733300|62,-2144985,-4700610;158,-28,-17;179,-376,-297;191,7,7;236,272,210;243,-237,-181;273,25,20;330,30,35;348,43,34;362,95,56;363,-28,-22;614,131,113;638,-423,-333
rua||antenor calio|conjunto habitacional francisco garofalo|13736825|22,-2148877,-4700656;23,13,18;32,0,8;33,2,-2;42,-11,12;43,13,-5;52,0,21;53,-2,-15;62,-14,9;63,12,6;72,-13,7;73,9,2;82,-12,9;83,9,-5;92,-12,10;93,11,3;101,-9,24;102,-4,-19;103,1,8;112,-5,7;113,4,-7;121,1,27;122,-6,-11;132,2,1;133,7,-4;142,-9,22;152,-5,10;153,-1,-7;162,-1,10;163,9,0;172,-13,14;173,10,0;182,-11,14;183,3,-10;193,5,10
rua||antenor silva|centro|13730049|9,-2146973,-4700423;36,-4,-13;47,-14,1;50,3,-18;62,-10,-1;71,-25,-3;76,17,-2;141,-58,-41;148,14,3;153,-19,-5;168,8,-2;189,-39,-27;201,-12,-7;215,-11,-3;247,-18,-17;250,35,15;260,-13,-14;272,-15,-12;275,-20,-7;285,-6,-1;292,7,-7;293,-19,-2;301,-4,-11;302,-3,-9
rua||antenor silva|jardim lavinia|13730049|139,-2147214,-4700630;331,21,22
rua||antonia madalena colpani maziero|jardim maziero|13733443|41,-2145379,-4699587;61,8,32;71,10,4;81,6,2;91,6,12;101,6,-7;121,11,3;131,8,4;141,12,1;151,4,4;161,4,4;171,9,-2;181,12,8;191,8,4;201,3,1;211,7,-1
rua||antonia maria ferraz de siqueira|residencial samambaia|13734274|20,-2145912,-4699152;25,5,12;35,-7,3;50,-36,2;55,10,2;60,-14,3;65,15,0;70,-20,3;75,-23,18;80,22,-15;85,0,10;90,-13,-7;95,8,0;100,-23,1;110,-2,6;120,-10,0;130,-6,2;135,7,6;145,-11,4;155,-3,-6
rua||antonia tattidepieri|mocoquinha|13730045|21,-2146182,-4699805;45,2,-93;55,3,6;65,0,12;75,-4,12;85,2,5
rua||antonia uga vital|residencial vale verde|13737271|26,-2150498,-4700504;36,7,-1;46,5,10;56,2,9;66,2,7;76,4,7;86,8,7;96,4,8;106,5,12;116,-2,7;126,9,4;136,0,9;146,8,8;156,2,6;166,5,9;176,1,7;186,-1,7;196,8,7;206,4,12;216,5,5;226,3,13;236,3,3;246,6,7;256,13,6
rua||antonia uga vital|vale verde|13737271|37,-2150469,-4700477;47,2,8;57,7,9;67,1,3;77,5,8;87,3,9;97,5,8;107,2,7;117,5,12;127,2,5;137,7,14;147,42,76;157,-38,-70;167,5,6;177,6,15;187,3,6;197,4,6;207,6,6;217,4,12;227,3,6;237,1,3;247,7,10;257,6,16;267,0,0
rua||antonio amadio|cohab ii|13737390|25,-2149482,-4701327;35,2,1;45,0,-2;55,0,0;65,-21,26;75,-5,15;85,-20,23;95,4,-1;105,3,3;115,-7,10;125,-6,5;135,-8,10;145,-6,11;155,1,1;165,-6,9;185,-24,24;195,1,15;205,-12,11;215,0,4;225,-6,8;235,-3,5;245,-4,9;255,-9,13;265,3,5;275,-5,16;285,-8,4;295,7,-8;305,-17,21;315,-8,9;325,-9,4;335,2,11;345,-11,6;355,-4,12;365,-1,3;375,-6,8
rua||antonio amadio|conjunto habitacional gilberto rossetti cohab ii|13737390|26,-2149495,-4701330;36,-2,0;46,-1,14;56,-10,5;66,0,10;76,-8,12;86,-3,4;96,-9,8;106,-4,8;116,0,8;126,-3,1;136,-9,10;146,-5,11;156,-8,13;166,-10,11;176,-1,3;186,6,14;228,-41,43;296,-36,52;416,-16,33
rua||antonio anzaloni|conjunto habitacional gabriel do o cohab i|13732609|20,-2145237,-4701108;30,-10,-10;40,2,-3;50,-9,-12;60,-8,-3;70,-5,-6;80,-7,-11;90,-4,-8;100,-6,-2;110,-5,-10;120,-6,-7;130,4,-3;139,-26,-17;140,15,-4;149,-22,2;150,3,0;160,-3,-9;170,1,-8;180,-7,-11;190,-2,-4;200,-6,-7;210,-5,-7;220,-6,-6;230,-7,-13;240,-6,-7;250,-5,-1;260,-9,-10;270,-4,-6;280,-9,-10;290,-3,-2;300,-2,-7;310,-9,-6;320,-7,-13;330,-12,-9;340,0,1;344,-9,-17;350,-1,0;360,0,1;370,-6,-12
rua||antonio aparecido madeira|altos do vale ii|13735674|20,-2148590,-4699309;40,-16,12;50,-12,4;60,0,-6;70,-12,13;71,12,-2;80,-18,3;81,12,-3;101,-21,12;120,-30,2;131,9,3
rua||antonio carlos da costa|jardim boa vista|13735136|40,-2146215,-4699010;50,5,11;122,-35,-39;126,41,70
rua||antonio carlos de oliveira|residencial mais parque|13735394|36,-2147360,-4698907;41,26,2;46,-8,-5;51,2,-9;61,-1,1;76,19,21;81,-1,-23;91,9,14;101,9,5;111,13,3;131,12,3;141,10,3
rua||antonio carlos gomes|jardim santa clara|13735280|40,-2147473,-4699492;60,-2,-13;70,-1,-9;80,-4,-10;90,-6,-13;109,0,-15;179,-19,-52;189,-6,-13;199,-5,-8;209,0,-3;219,-3,-18;229,-2,-7;239,-2,-8;269,-9,-25;308,-2,-43;319,-12,-10;326,7,-13;329,-6,6;330,4,-15;338,-4,-5;339,-8,7;344,9,-21;348,-4,-2;349,-6,16;350,9,-19;359,-11,7;360,9,-18;369,-7,9
rua||antonio carlos peixeiro|portal da cidade|13733465|16,-2145545,-4700012;19,-4,10;118,-50,86
rua||antonio carlos seixas|santa cecilia|13733090|23,-2145937,-4700204;30,6,-12;33,-7,7;41,-8,-2;43,-9,-2;47,-2,-4;57,120,73;59,-129,-72;67,121,58;78,-116,-72;92,-18,-1;105,-16,-8;117,-16,-1;125,-4,-5;135,-13,-2;139,-6,-1;151,-11,-9;154,21,5;159,-32,-12;160,31,22;168,-14,-16;171,-17,-2;174,-2,-10;177,-12,1;183,-5,6;195,-9,-8;205,-7,3;225,-20,-11
rua||antonio cristovam|centro|13730110|21,-2146357,-4700517;25,43,34;27,-8,-9;28,13,6;36,-13,-5;37,-6,-2;47,-101,-84;52,107,78;64,-10,-10;68,-13,-2;73,-76,-63;97,-38,-35;117,94,79;121,-116,-95;127,111,87;135,-118,-94;137,108,90;314,-144,-129;336,-11,-5;342,-3,-5;349,-11,0;356,1,-4;368,-10,-9;377,-125,-103;393,106,89;403,-4,-6;410,-5,-3;415,-5,-4;420,3,-4;423,-164,-127;424,164,125;455,-36,-19;475,-11,-3;490,-1,-19;496,-2,-1;506,-16,-8;507,0,0;555,-16,-7;571,-45,-22;572,17,-10;581,-18,-2;584,10,-6;589,-6,2;599,-10,-3;600,4,-14;665,-52,-33;666,4,5;674,-2,-14;675,-15,1;684,11,-5;685,-20,-1;694,3,-3;695,-8,-1;704,3,-8;719,-15,-1;720,9,-5;731,-18,0;741,-10,-14;754,4,-3
rua||antonio de lima figueiredo|conjunto habitacional gabriel do o cohab i|13732570|4,-2145828,-4701104;8,56,-44;11,-77,51;14,32,-11;21,-23,8;24,26,-12;31,-22,0;34,30,-5;41,-16,0;44,25,-7;51,-9,-6;54,14,5;61,-14,-6;64,25,-3;71,-20,1;74,23,-9;81,-15,4;84,-40,38;91,45,-44;94,26,-8;101,-15,3;104,20,-6;111,-18,2;114,31,-15;121,-18,4;124,20,-4;131,-13,-2;134,20,-3;141,-14,-3;144,24,-5;151,-14,0;154,19,-5;161,-16,1;171,6,-9;174,38,-1;181,-34,-3;184,40,-7;194,7,-7;201,-18,1;204,27,-9;211,-21,4;214,29,-6;221,-18,2;224,23,-5;234,7,-6;241,-11,-4;244,20,2;251,-22,1;254,30,-5;261,-18,-10;264,26,2;271,-20,-1;274,25,-2;281,-14,-2;284,24,-1;291,-19,0;294,27,-5;301,-17,-2;304,21,-1;311,-16,-3;314,24,-3;321,-14,-3;324,24,-4;331,-13,0;334,21,-8;341,-14,2;351,8,-7;361,2,-4;364,29,-8;381,1,-3;384,15,3;391,-16,-4;394,60,-13;401,-42,9;404,13,1;411,-6,-1;414,19,-4;421,-16,-5;424,21,-2;431,-6,-1;434,16,-2;441,-7,-1;444,23,-12;451,-28,14;454,32,-4;464,8,-4;471,-13,-4;481,11,-4;484,21,12;491,-11,-18;494,12,13;501,-9,-9
rua||antonio de paula prado|chacara dos ipes|13737685|4,-2143437,-4701718
rua||antonio de souza lima|aparecida|13735068|11,-2147105,-4699386;18,-2,-9;21,-4,3;28,-3,-10;31,2,4;38,-8,-7;41,-5,4;52,-11,-23;61,-6,4;71,-10,-5;78,-3,-14;81,-3,13;90,12,-8;91,-18,-10;98,-8,-1;358,2,-9
rua||antonio del pintor|lago dos ipes|13735710|122,-2148047,-4699810;162,-11,33;172,-4,14;222,-10,43
rua||antonio dias costa barros|nelson niero|13734555|19,-2145780,-4699248;26,-3,5;36,11,-15;37,2,-2;44,0,0;45,0,-7;52,3,-2;53,2,-14;60,5,13;61,0,-14;68,0,1;69,5,-12;76,4,7;77,-3,-8;84,8,-2;85,-4,-2;92,5,0;93,0,-10;100,0,3;101,3,-9;108,3,3;109,0,-10;116,7,3;117,-7,-6;124,10,-3;125,-3,-7;133,3,-8;134,5,10;140,3,-5;141,-2,-10;148,5,1;149,-5,-4
rua||antonio felippe nery|por do sol|13739163|175,-2147684,-4703488;195,-17,-10;235,-35,3;245,-6,-14;255,-8,-1;256,2,10;272,-17,-7;370,-90,-19;380,-1,-5;383,5,-2;393,-16,-12;400,-11,13;403,2,-10;410,-13,7;413,5,-11;430,-11,9;433,63,7;444,-79,-16;460,-14,-2;476,-13,-5
rua||antonio fernandes da silva|sao benedito das areias|13755000|30,-2131913,-4702770;33,0,7;40,-9,-1;50,-2,1;60,-11,9;70,-9,4
rua||antonio fernandes|jardim boa vista|13735130|57,-2146435,-4698798;178,-49,119
rua||antonio fogarin|conjunto habitacional francisco garofalo|13736830|30,-2149286,-4700625;40,0,6;50,15,5;60,6,-1;70,7,16;80,4,2;90,6,9;100,8,2;110,5,8;120,9,14;130,8,3;140,0,9;150,10,6
rua||antonio gilberto lucio|lago dos ipes|13735714|46,-2148122,-4699711;66,16,10;69,10,15;89,9,10;99,3,8;109,9,9;119,4,4;129,5,-6
rua||antonio gilberto lucio|vila carvalho|13735470|116,-2147978,-4699620
rua||antonio gomes dias|jardim santa luzia|13737215|177,-2149530,-4700332
rua||antonio goncalves soares|conjunto habitacional gilberto rossetti cohab ii|13737610|21,-2149633,-4701346;165,-219,38;167,48,68;169,-31,68;201,119,-148
rua||antonio grotto|jose justi|13734538|21,-2145276,-4702724;31,6,-5
rua||antonio jose de souza|jardim planalto verde|13736355|15,-2149356,-4700286;18,-16,9;23,14,22;26,-11,-11;36,2,12;44,1,4;51,8,-2;52,-7,22;60,1,-4;61,7,-2;68,-5,6;76,1,14;84,4,6;92,-7,8;100,7,6;108,-1,8;116,2,10;124,2,12;132,-4,4;140,4,9
rua||antonio luiz bora|conjunto habitacional francisco garofalo|13736835|17,-2149006,-4700652;27,5,4;37,-6,10;47,0,8;57,8,-30;67,-15,52;77,0,8;87,0,10;97,-7,14;107,-3,4;117,-1,7;127,0,7
rua||antonio marcelo lipi|conjunto habitacional gilberto rossetti cohab ii|13737365|20,-2149460,-4700927;397,-8,-18
rua||antonio marchesini|cohab ii|13737640|401,-2149662,-4700792;473,-11,-121;477,4,7;541,7,87
rua||antonio marchesini|conjunto habitacional gilberto rossetti cohab ii|13737640|20,-2149824,-4701164;30,-9,7;40,13,9;49,-129,-94;50,127,103;59,-118,-92;60,124,97;69,-122,-97;70,131,105;79,-115,-104;80,119,115;89,-109,-107;99,9,0;100,116,125;109,-110,-122;110,123,131;119,-117,-125;120,124,134;129,-129,-140;130,134,146;139,-104,-134;140,107,139;149,-87,-122;150,94,132;159,-94,-144;160,95,158;170,8,5;180,6,7;189,-94,-140;190,96,147;199,-92,-133;200,97,138;209,-88,-127;219,4,0;220,102,151;229,-89,-142;230,99,150;239,-97,-146;240,97,158;249,-89,-149;250,93,161;259,-87,-158;260,95,169;270,1,9;280,1,6;286,3,9;289,-79,-156;290,80,163;299,-72,-156;300,74,162;309,-69,-150;310,72,163;319,-68,-157;329,7,10;339,6,10;340,65,180;349,-61,-176;350,61,186;359,-54,-181;360,55,188;369,-51,-180;370,49,192;379,-41,-183;380,41,196;389,-36,-186;390,37,195;399,-37,-187;400,34,200;409,-28,-184;410,29,191;419,-24,-195;420,22,206;429,-18,-194;430,19,197;439,-9,-194;440,8,210;449,-12,-193;450,9,204
rua||antonio marco pazote|jardim colina verde|13737005|27,-2147596,-4701356;39,-5,0;366,-6,-11
rua||antonio paschoalino|jardim alvorada|13732528|16,-2145689,-4701541;26,13,4;38,17,-7;49,1,-16;50,3,7;61,7,-13;62,-4,5;73,15,-6;74,-1,16;80,14,-8;85,2,-15;86,5,11;97,-1,-11;98,9,29;109,4,-35;110,-2,4;116,-14,6;121,27,-16;122,5,21;133,3,-24;134,-3,13;145,13,-14;146,1,10;157,9,-13;158,9,12;223,49,-34;224,-4,11;231,17,-12;232,-5,8;243,11,-17;244,1,13;255,5,-17;256,3,14;267,8,-15;268,3,13;279,7,-18;280,0,14;291,18,-21;292,-5,12;304,14,-2;315,6,-14;316,-3,9;327,14,-12;328,0,10;339,11,-13;340,-7,11;351,14,-20;352,-4,17;362,15,-5;421,50,-29;428,0,8;429,6,-12;432,-3,9;437,12,-12;438,-4,11;449,20,-20;461,0,0;462,-2,11;467,1,-11;473,12,-4;474,2,10;486,7,-4;491,4,-4;495,10,-9;497,3,1;498,-1,13;505,-406,135;508,-18,20;509,429,-185;510,2,22;517,9,-13;522,0,10;525,7,-8;533,5,-4;534,-5,9;545,13,-18;546,0,10;555,12,-7;558,-5,5;565,22,-14;613,1,10;623,-180,54
rua||antonio pereira de carvalho|jardim botanico|13733565|51,-2144572,-4700326;341,195,-52
rua||antonio pricoli|braz|13735020|316,-2147252,-4699946
rua||antonio pricoli|jardim central pricoli|13735020|30,-2147259,-4700069;60,4,16;80,-1,29;90,2,16;100,0,13;128,1,25;160,1,8;334,4,12
rua||antonio ramalho|residencial mais parque|13735378|45,-2147705,-4698858;76,2,26;85,13,16;86,-10,-7;95,13,8;105,12,13;106,-13,-6;136,15,20;146,8,7;175,46,25;186,-13,-3;206,14,10;215,32,11;235,13,7;245,10,5;246,-21,-7;256,8,5
rua||antonio romeiro|jardim boa vista|13735096|10,-2146970,-4698979;98,3,51;112,89,11;180,-25,19
rua||antonio romeiro|jardim das paineiras|13735096|10,-2146973,-4698981;126,29,63;140,8,9;168,24,14;183,9,-5;197,24,11;211,18,-1;224,-12,20
rua||antonio salomao|portal da cidade|13733469|35,-2145793,-4700135;45,10,-1;65,21,-6;76,5,12
rua||antonio souza lima toledo|jose justi|13734495|84,-2145224,-4702410;94,0,-8;104,-1,-10;114,5,-15;124,-3,-6;134,1,-8;154,4,-25;164,0,-5;174,6,-10;184,4,-8;194,0,-24;214,2,-4;224,5,-13;293,4,-109;305,-12,-15;319,39,-5
rua||antonio souza lima toledo|jose justi|13734532|93,-2145236,-4702430;103,5,-8;123,0,-17;133,7,-5;143,-4,-19;153,2,-5;163,-2,-14;183,7,-14;193,3,-14;203,2,-4;213,1,-8;223,3,-11;233,0,-13
rua||antonio teofilo|centro|13730290|60,-2146743,-4700433;66,-1,-1;70,4,-7;71,-9,5;80,16,-20;83,-6,3;126,28,-31;138,5,-9;143,4,-13;165,15,-14;170,1,3;183,-1,-14;192,12,-9;225,13,-28;232,9,4;239,9,-23;248,2,13;260,3,-15;263,-3,-8;270,6,1;276,9,-9;288,3,-8;289,-6,-4;318,26,-9;327,-2,-20;341,8,-4;348,11,-2;355,2,-14;360,4,14;361,-5,-20;373,8,-7;374,8,3;384,0,-7;427,16,-40;430,9,0;437,-8,-5;438,5,-2;441,-25,17;451,33,-27;462,9,-2;467,0,-13;479,3,-1;511,22,-37;512,-1,10;518,13,-11;521,-1,-11;522,11,4;531,-11,-5;538,10,1;541,1,-17;548,6,7;564,9,-13;622,27,-37;628,4,-8;642,8,-4;650,4,-15;662,-10,-4;674,15,-12;678,9,-11;698,6,-2
rua||antonio trambini|portal da cidade|13733461|24,-2145481,-4699526;34,1,-12;44,12,-2;54,-6,-17;84,30,-34;134,12,-24;144,4,-5;164,11,-21;184,11,-16;204,8,-21;214,4,-4;224,6,-7;244,10,-16;284,23,-48;285,-8,7;295,-2,-6;364,43,-53;374,0,-11;384,9,-5
rua||antonio ulian|jardim central pricoli|13736555|58,-2147458,-4700008;82,-22,9;94,-10,4;121,-23,27;131,-13,-7;137,1,12;143,-8,2;154,-8,-6;155,-2,19;166,-5,-17;167,-6,14;178,-8,-7;179,3,-6;190,-12,10;204,-11,8
rua||antonio vieira|sao benedito das areias|13755000|416,-2131955,-4703151;419,3,1;426,-10,-5;436,-11,6;446,-6,6;453,14,17;456,-24,-5;466,-5,-6;476,-10,8;477,8,9;486,-10,-1;487,2,7;610,78,-59
rua||antonio viotto|jardim planalto verde|13736360|13,-2149294,-4700351;20,-3,13;21,1,0;28,-1,8;29,3,-14;36,4,26;37,0,-16;44,1,20;45,-2,-16;51,8,7;52,-3,18;59,4,-11;60,-3,15;67,3,-5;68,-4,14;73,13,-9;76,-8,18;84,5,3;85,10,-2;92,-11,13;97,13,-8;100,-5,11;105,-3,-6;108,5,15;113,1,-3;116,3,11;121,4,-9;124,-1,14;132,4,0;140,0,14;145,14,-10;148,-8,18;153,4,1;156,-8,12;161,6,-10;164,2,13;169,0,-8;172,1,15;177,3,-9;180,6,13;185,-1,-6;188,-3,13;193,8,-1;196,-10,4;201,12,-3;206,-15,14;209,10,-6;217,1,0;225,12,14
rua||antonio zulli|alcebiades quilice|13736885|10,-2149125,-4700114;20,3,9;41,12,18;50,-5,7;51,8,1;60,-7,9;61,10,2;71,1,3;81,2,3;91,3,16;100,-10,7;110,3,7;120,3,21;121,4,1;130,-1,8;131,12,-16;140,-7,25;141,3,-19;150,-1,24;151,-2,-4;161,0,6;170,11,20;171,-9,-12;180,8,16;181,-4,-6;190,14,15;191,-11,-6;200,4,20;201,-2,-12;210,4,14;220,0,13;261,6,13
rua||aparecida boaventura rodrigues|residencial mais parque|13735390|11,-2147288,-4698872;21,-3,4;41,-8,16;51,2,11;61,-10,13;81,-7,14;91,-6,9;101,-2,7;111,-6,6;131,-10,17;141,34,-75;150,-54,93;171,12,11;181,-8,8;201,-7,22;211,2,6;221,-7,8;231,-6,9;261,-16,32
rua||aparecida donizeti moreira laureano|jardim maziero|13733447|42,-2145291,-4699729;43,11,-6;52,-1,9;53,6,1;62,5,1;63,8,-5;72,-2,7;73,10,1;82,-4,2;83,16,-1;92,-8,4;93,14,-2;102,-4,2;103,7,1;112,-1,0;113,9,2;122,-2,6;123,7,-3;132,3,6;133,5,-5;142,6,11;143,3,-6;152,-2,6;153,9,-3;162,-1,6;163,8,0;172,0,2;173,11,-4;182,-5,5;183,9,-3;192,0,7;193,5,2;202,3,1;203,3,-3;212,4,6;213,5,-2;223,10,-2;233,8,6;243,11,4
rua||apregilda g f pinto|residencial jardim miguel gomes|13736870|21,-2149123,-4700184;31,-9,-14;51,-2,-6;61,1,-8;71,-3,1
rua||arceburgo|jardim santa maria|13730159|112,-2146480,-4701081;434,-9,-4;444,-8,-5;451,-10,-3;454,2,-3;459,-9,0;464,4,-10;467,-6,3;472,-4,-11;482,-4,-2;494,-6,-8
rua||argentina|jardim lavinia|13736250|35,-2147280,-4700727;75,-78,-43;89,15,42;94,29,-6;106,-25,6;109,-19,5;130,9,-7;142,-8,-6;154,-13,0;168,-26,-8;186,-22,7;206,-12,-2;218,-10,5;228,-12,-6;238,-6,1;243,48,12;253,-49,-7;258,-13,-6;265,-9,11;275,-18,-5
rua||aristeu campos|jardim progresso|13736380|8,-2149211,-4700286;151,-36,-87;158,-10,3;166,1,0;182,4,13;190,4,13;206,12,8;213,9,19;214,-1,-7;222,-3,12;230,2,2;238,4,9;246,5,9;284,13,43;292,1,3;300,6,12;308,0,6;315,15,9;316,-11,3;335,23,18;345,3,8;355,-4,8;365,9,6;375,4,6
rua||aristoteles antonio ferreira costa|anita ventura pricoli|13737236|43,-2149901,-4700649;49,3,8;53,3,11;63,0,7;73,2,6;83,5,3;87,-6,9;93,3,11;103,-1,7;113,6,12;123,3,3;133,-2,16;143,5,8;153,2,9;173,1,21;183,11,5;193,-3,9;641,-36,-151
rua||aristoteles antonio ferreira costa|anita venturi pricoli|13737236|41,-2149824,-4700353;43,-6,-5;64,-70,-247;74,1,12;84,5,9;94,1,14;104,1,6;114,1,4;124,3,14;134,4,2;144,3,12;154,8,9;164,-7,11;174,1,6;180,88,184;184,-83,-171;194,3,11;203,-1,-12;204,5,21;213,-3,-11;214,2,19;224,3,9;234,0,7;243,9,-10;244,-2,26;253,0,-7;254,-3,11;263,4,-5;264,-6,22;273,8,-9;274,-5,13;283,11,-5;284,-7,16;293,7,-6;294,-4,16;303,8,-9;313,0,14;323,7,5;333,2,13
rua||arlindo bernardes|residencial mais parque|13735368|24,-2147782,-4699048;39,4,-6;69,21,12;79,4,8;109,25,18;430,18,14
rua||arlindo pucciarelli|condominio casas do monte belo|13737160|1,-2148530,-4700747;2,14,1;3,-18,5;4,9,-12;6,-15,-1;7,-15,12;8,8,-14;9,-21,10;10,10,-13;11,-22,7;12,8,-16;13,-11,14;15,-11,-6;16,2,-9;17,-16,5;18,1,-3;19,-14,-1;20,3,-2;21,-14,10;22,13,-13
rua||arthur rossi|jardim alvorada|13732519|18,-2145557,-4701736;38,12,-10;50,11,-5;62,13,-1;68,-4,-15;74,12,7;80,10,-2;98,10,-3;110,9,0;122,6,-6;128,9,-5;138,5,0;158,19,-2;215,65,-38;222,-10,12;231,16,-13;235,2,1;238,-6,9;243,14,-8;244,0,4;255,10,-18;256,-4,12;267,15,-10;268,-7,8;273,9,-7;279,5,-1;280,-6,2;291,17,-10;292,-5,10;303,17,-13;304,-4,6;309,15,-15;316,-6,12;321,2,-9;327,14,4;328,-6,3;334,4,-4;339,8,-3;340,2,4;345,3,-9;351,6,-4;352,-4,6;362,11,-7;363,-2,-3;369,15,-4;375,4,-3;376,-10,9;382,11,-3;394,6,-3;408,19,-6
rua||artur bernardes|jardim primavera|13738550|33,-2147204,-4702258;101,58,-1;113,9,1;127,13,6;141,13,2;185,26,8;188,-11,-4;201,24,2;297,62,12;309,10,6;319,14,2;329,10,5;339,-50,-22;401,80,26;411,9,-4
rua||ary monteiro dias|residencial samambaia|13734270|41,-2146071,-4699364;50,-1,10;51,11,2;61,6,4;71,9,5;81,10,9;91,1,4;101,8,8;111,5,3;151,51,37;161,8,6;181,15,12;211,24,14;221,4,11
rua||assis chateaubriand|vila carvalho|13735460|76,-2147682,-4699548;77,-20,4;81,-11,-8;89,-4,-6;92,13,-1;102,-19,-12;110,-149,-77;121,126,75;129,-4,-1;131,1,1;137,-1,-3;147,-10,-2;192,-24,-31;201,-17,5;211,-8,0;215,32,14;220,-30,-30;230,-6,-3;231,0,14;240,-10,-17;241,3,12;250,-15,-22;251,3,17;271,-19,-14;281,-18,-9;291,-4,6;294,-9,-21;301,-1,12;304,6,-9;314,-9,-10;324,-8,-1;348,4,-10;358,-30,1;368,-11,-9;378,-5,-2;384,-6,-9;388,3,6
rua||augustinho romero campos|chacara sao domingos|13734440|8,-2144337,-4701817
rua||augusto barreto|centro|13730129|20,-2146251,-4700561;30,-7,-5;31,-7,3;38,-7,-14;40,4,10;41,-3,-3;45,-1,-7;50,-1,-6;53,-12,3;60,8,-4;84,-37,-33;110,-11,-7;1357,77,62
rua||augusto finardi|jardim sao domingos|13733380|77,-2144957,-4700613;84,10,-3;94,9,-14;150,51,-93;185,-12,21;232,34,-31
rua||augusto xavier de souza|terras de santa marina|13737058|53,-2147622,-4701139;101,46,-9;149,53,-9;153,7,-5
rua||aureliano duarte|vila carvalho|13735480|1,-2147739,-4699396;2,-11,-2;3,15,19;10,-12,-23;13,-96,-40;17,88,48;28,-4,-11;32,-11,-9;33,10,11;39,-13,-2;40,-7,-13;47,3,13;52,-82,-61;54,-15,-5;55,76,62;63,-20,-22;64,-57,-43;69,51,38;76,20,-36;77,-23,39;79,-6,-11;80,-50,-28;82,53,22;99,-26,5;140,-75,-60;145,-2,11;150,-9,-13;160,-6,-2;170,-6,-5;180,-6,-5;181,-8,10;191,-10,-9;201,-7,1;231,-17,-11;241,-16,-12;251,-1,4
rua||babacu|loteamento chacara palmeirinha|13737425|610,-2144984,-4699159;620,10,-3;640,15,8;660,26,-5;700,32,6;720,16,-4;729,18,-6;779,31,6;790,17,6;810,21,2;905,88,3;929,8,-2
rua||bacuri|loteamento chacara palmeirinha|13737430|153,-2144817,-4699225;273,112,0;293,-22,0;301,67,0;313,16,3
rua||bahia|vila santa rosa|13731230|2,-2146680,-4701528;4,1,4;5,-10,2;21,7,-16;22,6,6;63,30,-56;73,6,-12;76,-14,28;78,17,-31;86,-10,26;97,10,-26;107,-6,-8;134,15,0;139,-4,-28;140,8,16;154,8,-14;158,5,-7;159,-8,-2;169,4,-14;173,4,-6;179,5,-6;184,18,3;188,-76,104;220,81,-129;221,-4,-11;231,2,-6;232,5,8;243,3,-23;245,4,-4;246,3,14;273,3,-37;283,9,-7;285,0,3;287,-11,12;296,26,-5;297,-7,-17;306,2,8;309,4,-17;316,10,-2;317,-7,-5;331,-2,-1;338,16,-4;357,5,-29;368,12,3;372,-2,-10;376,1,-7;377,0,-9;386,5,4;387,4,-8;403,-40,-7;433,57,-32;442,10,2;452,9,-2;453,-6,-23;481,114,-180;510,-88,151;511,-1,-9;520,15,6;521,-16,-9;530,4,-5;573,29,-50;578,16,-1;580,0,0;583,-9,-10;595,9,-1;597,-6,-15;609,13,-7;643,4,-22;646,23,6;650,-3,-8;653,-9,-16;654,11,7;663,0,-32;664,0,24;666,6,-3;693,9,-28;709,0,-5;715,8,-7;724,11,-13;728,4,-4;729,-8,1;735,10,-13;749,-8,-1;778,31,-19;788,4,-17;792,3,-3;799,-20,27;804,28,-35;808,7,-10;809,-35,27;812,38,-44;817,-4,-9;819,-32,42;820,43,-46;822,-3,2;823,1,-6;829,-31,37;832,35,-36;833,-2,-8;834,6,3;839,-34,40;842,44,-42;843,-11,-10;849,-25,36;852,36,-38;860,5,-9;882,12,-29;892,3,-14;901,4,-8;902,0,7;911,7,-20;922,11,3;932,10,-17;942,11,-22;952,0,1;962,5,-7;972,3,-5
rua||bahyg jauhar|conjunto habitacional gilberto rossetti cohab ii|13737667|27,-2150085,-4700763;28,0,16;37,6,-7;38,1,12;47,5,-2;48,-4,15;57,9,-5;58,-2,11;67,6,-5;68,-4,11;77,8,-1;78,0,15;87,5,-5;88,0,11;97,0,-4;98,5,15;107,0,-7;108,2,21;117,6,-16;118,-2,22;127,0,-6;128,5,13;137,1,-3;138,2,14
rua||bambus|terras de santo antonio|13749899|1,-2143008,-4701380;2,-20,15;3,-32,24;4,-20,12;5,-16,12;6,-17,9;7,-20,16;8,-21,13;9,-14,9;10,-23,13;11,-18,17;12,-14,9;19,-141,83
rua||barbara lucia magalhaes cavellani|residencial mais parque|13735366|21,-2147784,-4699130;22,12,18;32,11,9;42,6,1;51,-9,-15;61,8,9;62,18,19;71,-17,-17;72,25,29;81,-14,-24;82,16,24;92,7,5;102,10,2;112,7,6;122,8,6;141,-4,-11;380,10,7
rua||belchior de souza|conjunto habitacional nene pereira lima|13732439|21,-2145657,-4701826;31,6,-11;41,9,-7;51,9,-18;61,0,1;71,11,-4;81,1,-2;91,16,-17;124,9,-14;134,6,-10;143,7,-6;144,2,2;153,3,-21;154,1,14;163,-3,-16;164,-1,2;173,11,-17;174,-1,13;183,7,-24;184,0,15;193,9,-20;194,-10,11;203,12,-16;204,3,5;213,-9,-11;214,16,7;237,1,-29;238,10,4;247,-1,-20;248,7,13;255,-64,88;257,65,-109;258,1,6;267,-5,-5;268,10,-1;277,-2,-13;278,5,-4;287,3,-7;288,-2,6;297,4,-11;298,3,7;307,5,-27;308,-1,14;318,7,-7;328,13,-15;353,-6,-10;363,6,-32;368,0,14;373,-10,-2;375,14,-19;378,5,13;383,-2,-13;388,4,2;393,-14,4;398,18,-23;403,-24,19;408,22,-17;413,3,-14;418,2,5;423,2,-18;428,4,5;433,-3,-14;438,3,5;448,6,-10
rua||belem|vila quintino|13736100|61,-2147574,-4700187;97,-76,34;218,-66,21
rua||belmiro simoni|carlito quilici|13733540|68,-2144272,-4700843;77,14,-7;78,-2,5;87,12,0;97,9,-3;98,-3,11;107,12,-8;108,-2,11;118,10,-3;147,34,-4;157,12,2;167,10,2;178,-1,9;188,4,10;198,11,-2;218,14,6;228,11,1;238,13,-5
rua||belmiro vicinanca|anita venturi pricoli|13737238|62,-2149956,-4700580;63,10,-9;72,-6,21;73,4,-14;82,-3,31;83,7,-21;92,-5,25;93,8,-16;102,-2,21;103,4,-10;112,-5,24;113,5,-12;122,-4,21;123,7,-15;132,-5,26;133,7,-17;142,-1,26;143,3,-15;152,-5,26;153,6,-18;162,-3,24;163,4,-13;172,-5,26;173,9,-15;182,-8,16;183,11,-8;192,-8,21;193,7,-12;202,-5,25;203,12,-4;212,-6,12;213,7,-13;222,-5,20;223,-1,-31;232,0,43;233,12,-10;242,-8,14;243,10,-5;252,-2,19;253,1,-13;262,-6,22;263,8,-11;272,-3,18;273,5,-7;282,-2,20;283,2,-12;293,-1,5
rua||belo horizonte|jardim lavinia|13736050|26,-2147339,-4700362;36,-9,-9;56,-16,2;58,-13,0;62,-12,-9;64,-10,-3;66,-7,1;68,-3,-1;76,-10,4;86,-13,1;96,-11,-3;106,-19,-3;120,-3,-2;136,-11,6
rua||belo horizonte|vila quintino|13736050|33,-2147336,-4700360;53,-29,-5;174,-138,-22;185,-12,10;186,-5,-5;191,-7,6;209,-9,-3;222,7,-3;233,-34,-5;234,25,0;245,-27,-3;246,20,3;250,-9,-7
rua||benedito barbosa|altos do vale ii|13735686|25,-2148675,-4699519;35,-2,9;45,0,10;55,-2,10;65,-6,12;75,-2,6;85,0,8;95,-1,12;105,-1,11;115,-3,8;165,-38,17;175,-12,3;185,-4,5;236,-88,8
rua||benedito barbosa|loteamento altos do vale|13735686|13,-2148689,-4699528;96,-6,77;106,-19,19
rua||benedito burrone|jardim santa emilia|13732466|30,-2145948,-4701365;80,27,-29;90,7,-9;100,13,-10;110,-1,-3;120,8,-15;140,13,-9;150,4,-11;190,34,-38;200,4,3;260,38,-39;270,11,-7;280,2,-9;290,5,-4
rua||benedito franco dias|jardim italia|13734614|28,-2145123,-4699352;29,3,-12;58,-10,-16;59,-1,-6;68,7,6;69,-7,-10;78,9,-8;79,-11,-4;88,12,-1;89,-8,-21;98,9,14;99,-12,-15;109,1,-10;118,4,3;119,-4,-15;128,9,2;129,-8,-9;138,4,6;158,3,-28
rua||benedito franzoni|portal da cidade|13733460|49,-2145640,-4699690;59,8,7;89,23,12;116,27,37;119,7,-12;136,9,21;146,7,7;176,24,14;179,9,-6;186,-5,11;189,9,-6;196,1,16;209,17,-4;229,11,5
rua||benedito gomes silva|sao benedito das areias|13755000|22,-2132050,-4703173;30,11,0;50,9,-5;92,34,-16;404,26,-6;419,-8,9;439,-20,5;451,-11,6;461,-7,3;467,-12,2;477,-6,3;487,-8,6
rua||benedito jose da silva|jardim santa luzia|13737205|21,-2149680,-4700421;31,0,-11;41,0,-5;51,-10,-22;61,1,8;71,-8,-13;81,1,-12;91,3,-4
rua||benedito jose de souza|alcebiades quilice|13736884|24,-2149057,-4700036;34,4,9;35,8,-3;44,-5,10;45,4,-4;54,-6,15;64,4,5;65,8,-3;74,-7,13;84,3,8;94,-1,4;104,3,9;105,10,-3;114,-11,10;115,12,1;124,-6,13;125,6,-10;135,3,10;144,-4,8;145,7,-2;154,-9,10
rua||benedito luiz de moraes|santa terezinha|13736658|18,-2149203,-4700454;19,-1,-16;28,3,8;29,4,-11;38,3,8;48,12,0;49,6,-9;58,1,7;59,4,-8;68,-6,5;69,10,-6;78,5,0;79,2,-2;88,3,4;89,3,-5;98,2,5;99,5,-9;108,3,7;109,4,-9;118,3,12;128,8,-5
rua||benedito martins|jardim planalto verde|13736365|69,-2149357,-4700228;77,9,12;85,7,8;101,-11,8;105,11,6;109,-4,3;117,5,11;125,4,6;131,3,11;139,7,0;149,2,6
rua||benedito pereira nascimento|jose justi|13734500|10,-2145462,-4702616;60,42,-3;67,-11,-9;70,20,14;77,2,-9;80,8,12;87,-5,-10;90,2,13;97,9,-11;109,11,6;110,-5,8;137,28,-6;147,10,3;157,15,1;167,1,3;175,165,48;176,-76,-19;177,-78,-31;187,12,-18;201,13,22;213,7,3;225,9,7;237,7,-1;249,10,5;261,8,-3;273,9,6;274,8,9;287,5,-8;301,8,-2;303,-227,-44;311,234,58;321,16,4;354,19,4;355,5,-10;365,13,6;375,10,6;395,4,3;398,17,8;402,10,1;405,-12,-6;414,19,8;415,-21,-21;425,21,-7;426,9,25;435,-3,-3;438,15,14;445,-4,-18;450,8,16;462,5,0;465,3,-17;474,9,21;475,6,-7;485,8,-7;486,-4,18;495,11,-20;496,-5,17;505,18,-3;506,0,9;515,4,-21;516,6,22;525,9,-10;535,7,4;545,43,-52
rua||benedito ribeiro|mocoquinha|13734110|9,-2146355,-4699675;11,62,-96;25,-50,85;26,2,10;40,6,-15;50,5,-1;60,5,-14;62,4,-7;64,-55,99;67,78,-153;71,-94,162;73,5,-9;74,-3,7;79,68,-120;83,5,-5;84,-66,134;93,94,-180;94,-99,189;98,83,-149;99,-7,-4;101,44,-41;104,-121,193;115,106,-204
rua||benedito ribeiro|vila naufel|13734110|202,-2146442,-4699501;212,-1,6;222,-7,5;232,-20,30;242,10,-8;252,-2,3;280,-12,19;288,-7,12;305,5,-32;315,12,-5;325,5,-4;335,0,-5;345,0,-10;355,7,-12;365,2,-9;395,-49,97;400,6,7;410,-6,6;420,-5,9;455,3,-39;465,4,16
rua||benedito teodoro souza|jose justi|13734505|25,-2145135,-4702500;35,9,3;45,2,5;55,14,0;65,10,4;75,12,-6;85,7,6;95,7,2;105,9,2
rua||benjamin constant|centro|13730009|10,-2146589,-4699794;84,-37,-30;100,-11,-11;120,-13,-6;150,-4,-5;155,-32,-25;162,0,-4;165,-9,-8;172,5,6;175,-9,-11;180,1,7;188,-6,-6;194,-2,17;476,105,64
rua||bernardino de campos|braz|13735030|3,-2146698,-4699450;163,-140,-174;169,-6,-8;170,1,-5;180,-7,-9;181,-5,10;187,-7,-2;190,8,-12;201,-17,0;213,-3,-7;220,-7,-20;273,-32,-14;283,-10,-7;294,-6,-9;297,-8,9;313,-5,-12;320,-3,-11;326,-5,-3;329,-3,0;338,-5,-7;346,-3,-18;356,-5,11;374,-22,-14;394,-23,-25;403,1,4;409,-2,-1;419,-9,-7;426,5,-4;446,-6,-17;472,-31,-10;477,-8,-1;495,-12,-16;500,-3,-8;501,-4,4;523,-17,-9;528,2,-8;529,-3,5;539,-9,-5;551,-14,-14;552,20,6;562,-16,-6;572,-3,-9;588,-9,-7;591,-12,2
rua||bernardino de campos|descanso|13735030|1,-2146686,-4699495;5,-36,-36;8,-3,-9;15,-11,2;20,-4,-12;22,9,5;23,-6,3;31,-5,-2;39,-7,-11;49,-2,3;53,-9,-10;54,11,3;71,-28,-13;91,-11,-10;95,-4,2;100,2,-9;101,-3,0;103,-5,-3;110,2,-11;120,-11,-5;173,23,22
rua||bezerra de menezes|jardim sao luiz|13735053|43,-2147113,-4699048;57,-2,-10;115,-43,-27
rua||bolivia|jardim lavinia|13736299|24,-2147710,-4700724;36,-3,1;96,-61,-6;108,-16,-6
rua||brejauba|loteamento chacara palmeirinha|13737435|137,-2144510,-4699368;164,20,0;212,47,-27;370,138,-77
rua||buriti|loteamento chacara palmeirinha|13737440|60,-2144673,-4699088;100,43,12;120,16,14;165,13,-14;180,36,39;200,13,7;220,3,2;240,25,15;260,6,10;280,28,17;287,9,-10;300,3,22
rua||butia|loteamento chacara palmeirinha|13737435|1,-2144030,-4699326;49,-492,266;125,67,-39;149,17,-10;187,27,-14;213,23,-12;263,40,-24;287,11,-10;313,18,0;337,29,-13;425,79,-39;451,7,-9;525,62,-32
rua||butia|loteamento chacara palmeirinha|13737445|80,-2144496,-4699065;100,24,-16;120,19,-11;140,-2,-1;160,25,-10;180,17,-8;220,26,-15;300,65,-35;320,30,-15;340,-8,1;494,142,-74;574,72,-42;620,27,-8;640,15,-16
rua||caetano calio|jardim alvorada|13732549|434,-2145138,-4701553;435,-9,-5;436,13,-2;440,-7,-3;449,-8,1;450,5,-6;460,-6,-11;508,-7,-37;509,-15,3;515,-2,-9;523,2,-8;528,7,-9;529,-3,2;538,1,-9;539,-4,-4;583,-19,-34;587,-5,-14;588,10,3;600,-1,-7;605,-13,-4;612,10,-13;624,-6,-5;630,-5,-13;640,-5,-16;650,-6,-16;657,-3,8;671,-6,-2;687,1,-13
rua||caetano de vito|jardim riachuelo|13738515|14,-2147164,-4701705;15,0,-11;45,37,-111;105,41,-48;582,-17,11
rua||caetano scarparo|cohab ii|13737367|489,-2149578,-4700871
rua||caetano spadaro|residencial samambaia|13734276|25,-2145962,-4699259;35,-7,7;44,-7,-2;45,4,7;55,-8,0;75,-12,20;84,2,4;94,-9,7;114,4,-11;124,-34,31;134,-4,3;144,-11,14;154,-8,-7;164,-2,10;174,-10,6;194,-17,6
rua||cafe filho|jardim primavera|13738595|15,-2147299,-4702285;25,6,-2;299,-18,0
rua||cajuru|jardim santa maria|13730273|41,-2146521,-4701029;46,19,0;57,-3,-13;67,6,-4;68,3,8;80,6,-6;81,-7,-6;90,18,-11;100,11,-9;129,7,-28;130,1,7;142,8,-4;143,0,-21;149,-1,14;151,8,-12;166,0,6;260,-16,25;266,-10,0;301,50,-62;323,61,-105;327,-59,90;333,71,-96;345,13,-15;348,-1,22;357,3,-29;396,22,-12;407,9,-27;408,-1,21;422,5,-14;447,15,-27;450,5,13;459,6,-28;471,7,-11;474,1,14;483,4,-25;495,8,-8;498,-1,15;507,9,-20;534,11,-7;548,5,-10;561,14,-32;573,2,-9;578,8,2;585,1,-11;590,3,8;609,10,-26;614,9,5;626,3,-10;633,3,-16;638,4,8;645,-1,-15;650,6,8;662,11,-12;674,4,-12
rua||calimerio gomes|sao benedito das areias|13755000|5,-2132382,-4703032;7,-101,-31;8,92,6;17,-221,-29;18,9,9;393,452,351;403,-8,-12;449,-30,-44;512,-26,-58;529,-15,0;539,-55,-83;738,122,163;739,-154,-212;748,156,213;758,10,14;783,-136,-241;905,-181,-72;931,150,87
rua||calixto jose pereira|condominio casas do monte belo|13737165|1,-2148626,-4700841;2,-7,9;3,1,13;4,2,8;5,-5,12;6,-1,5;7,-7,24;8,-1,5;9,-8,10;10,0,18;11,-2,9;12,8,3;13,-11,20;14,3,6;16,-8,20;21,41,-134;22,-27,77
rua||campos salles|centro|13730229|145,-2146681,-4699852;489,8,0;496,11,-13;500,0,0;501,-20,-6;504,18,-1;520,3,-12;525,4,1;526,-2,2;548,20,-23;557,-4,-8;558,4,0;565,15,-6;571,-14,-6;572,6,-1;581,0,3;584,2,-10;594,4,-5;628,32,-37;640,0,-10;650,4,-6;660,6,-21;661,-5,24;664,9,-11;669,-8,-16;670,8,7;678,0,-7;684,0,-2;690,4,-2
rua||campos salles|descanso|13735037|10,-2146913,-4699468;11,0,0;13,5,-18;24,5,3;32,3,-8;40,4,-13;53,-3,-6;63,12,-14;67,-3,9;69,-2,-1;75,11,-24;120,26,-18;130,9,-13;133,-2,-5;140,4,-3;145,3,-5;154,7,-8;157,-11,1;158,5,5;165,6,-14;181,12,-24;186,7,-7;194,4,-5;195,-1,1;204,6,-10;205,-3,-3;214,10,-5;215,-5,0;218,11,-5;223,-8,-3;229,3,-5;238,6,7;248,8,-13;251,-5,-8;271,1,-13;280,17,-1;281,-4,-10;291,8,2;293,-2,-10;300,3,9;318,10,-17;348,4,-26;352,14,-7;355,1,8;365,7,-17;368,-2,4;375,4,-18;378,11,11;395,-4,-24;410,15,-5;415,6,-2;422,-2,-6;423,-7,-10
rua||canada|jardim lavinia|13736340|31,-2147698,-4700798;51,-8,-4;63,-10,-2;99,-18,2;111,4,-7;123,-46,5;135,-23,-6;175,70,6;185,-77,0;211,-47,-8;227,-8,-4;235,-15,-2;247,-8,1;301,-72,-4;351,-47,-1;367,17,1;379,-26,-2;403,-12,-10
rua||candido desuo|vila quintino|13736010|14,-2147840,-4700353;28,12,-16;42,8,-5;56,18,-12;84,18,-25;90,4,-3;98,2,-8
rua||candido portinari|jardim santa clara|13735299|6,-2147489,-4699511;16,-9,9;26,-10,-1;46,-20,8;56,-3,-8
rua||candido trilho|jardim alvorada|13732500|150,-2145924,-4701301;521,-4,-12;530,16,2;542,-1,-5;551,7,-14;554,4,7;561,-2,-20;566,9,13;578,11,-9;590,7,-12;602,5,-9;614,10,-6;621,2,-17;626,0,10;631,6,-15;632,-2,10;636,2,-7;638,7,0;650,9,-6;661,0,-17;671,9,-6;715,31,-34;725,4,-9;726,-2,14;735,4,-21;738,7,9;745,1,-17;750,4,12;762,7,-17;774,-1,2;775,9,-20;805,20,-21;810,1,10;825,10,-23;845,12,-10;938,66,-71;950,4,-12;1000,39,-60
rua||carandai|loteamento chacara palmeirinha|13737465|515,-2144598,-4699633
rua||carlos adalberto de lima|anita ventura pricoli|13737242|38,-2150133,-4700536;46,5,4;54,12,4;62,0,2;70,3,7;78,6,10;86,7,6;94,0,4;100,3,6;108,8,7;116,1,3;124,9,7;132,5,3;140,7,7;148,3,3;156,5,7;164,9,4;172,6,10;175,2,-6;180,-1,8;185,16,0;188,-9,4;195,12,2;198,-6,6;208,3,5;218,11,4;225,-2,-10;228,8,18;238,3,4;248,3,7;258,8,6;268,6,2;278,1,10;288,7,7;298,7,5;308,4,5;318,2,5;328,3,-1;338,8,11;348,8,0
rua||carlos adalberto de lima|anita venturi pricoli|13737242|65,-2150118,-4700534;67,6,6
rua||carlos alberto da costa|jardim italia|13734600|234,-2145121,-4699320;243,-1,-3
rua||carlos alberto orestes|jardim miguel gomes|13736873|18,-2149021,-4700177;28,17,-8;38,4,2;48,8,0;58,6,-5;68,6,1;78,12,-2;88,6,-3;98,3,0;108,9,-6;118,7,5;128,4,7;138,13,-12;148,5,-1;158,7,-2;168,11,-5;188,13,2
rua||carlos alberto orestes|residencial jardim miguel gomes|13736873|67,-2148972,-4700196;77,7,4;87,4,-4;97,6,-1;107,12,3;117,5,-4;127,5,-5;137,15,3;147,2,-3;157,6,0;167,15,-1;177,4,1;187,8,-8;197,8,2;207,5,-6
rua||carlos codogno|colina verde|13737010|614,-2147732,-4701590;626,5,-9;638,4,-11;650,7,-7;664,0,-9;674,7,-5
rua||carlos humberto verzola|jose justi|13734510|98,-2145401,-4702436;105,26,-208;108,-21,204;110,15,-142;118,-13,130;128,4,-10;136,-13,51;138,13,-59;148,6,-19;158,-6,-9;167,-12,-18;168,13,15;177,-21,-39;178,26,22;188,4,-4;198,-2,-12;208,2,-2;218,6,-18;228,-5,-6;237,-6,-10;238,8,1;248,5,-9;258,5,-11;301,13,-49
rua||carlos panizza|jardim sao jose|13736605|29,-2148956,-4700687;30,6,9;39,-5,-14;40,0,2;49,3,-16;50,-1,10;59,12,-26;60,-5,18;69,-4,-19;70,5,2;79,-1,-6;80,3,7;89,-3,-15;90,6,3;99,-8,-7;100,12,-5;109,3,-18;110,4,8;119,-6,-11;120,7,2;130,2,-12;140,4,-15
rua||carmelina potensa|carlito quilici|13733544|234,-2144136,-4700987
rua||carmelina potensa|residencial carlito quilici|13733544|28,-2144254,-4700952;38,17,-10;48,15,-2;58,5,-4;68,16,12;78,7,-1
rua||carmo lauria|jardim sao domingos|13733279|30,-2145255,-4700994;33,-11,22;40,9,-28;47,-12,8;54,9,-24;59,-10,8;66,9,-22;71,-8,15;78,3,-19;83,-6,10;591,10,66
rua||carmo taliberti|centro|13730010|18,-2146527,-4699803;25,-17,-21;37,-7,4;43,-6,2;48,6,-9;60,-11,-5;86,-11,-11;90,-5,-9;101,-27,-10;117,-8,-7;118,11,1;119,-11,-2;128,-4,1;129,-2,-6;131,-11,-7;136,6,0;137,0,1;140,7,11;143,-18,-11;163,-11,-6;177,7,-7;185,-14,5;189,-5,-15;190,6,-4;193,-36,2;195,21,2;197,-1,-10;198,9,-3;202,-7,-3;203,-15,-6;205,-12,16;220,15,-17;234,-6,-15;246,-11,-5;250,-3,0;254,-4,3;281,-22,-22;291,-10,-14;305,-20,10;308,14,-11;309,-5,-7;317,-7,1;325,-7,-4;328,0,2;330,0,-3;332,-4,-6;334,-2,-4;336,-1,2;348,-10,-6;366,0,4;395,-31,-31;396,1,-8;412,-14,-5;425,-12,-6;428,6,7;436,-12,-7;445,-7,-5;452,-1,-3;460,-2,0;461,11,0;464,-12,-7;470,-6,1;500,-21,-17;514,-8,-7;515,-23,-18;530,6,4;545,-21,-19;551,-3,2;558,-3,-4;563,-5,-5;569,-6,-8;581,-1,-8;614,-20,-13;615,-13,3;618,7,-5;623,-7,-3;635,-16,-3;647,-2,-10;649,-4,-1;656,8,-1;659,-20,-8;690,-14,-14;694,-7,-6;703,-2,-4;704,8,3;710,-21,-12;711,5,0;731,-10,-1;741,-8,-7;749,-15,-10
rua||carnauba|loteamento chacara palmeirinha|13737455|38,-2144550,-4699480;99,58,-42;114,-78,44;164,116,-60
rua||carolina dos santos dias|conjunto habitacional francisco garofalo|13736840|10,-2149208,-4700521;285,-64,6
rua||carolina dos santos dias|santa terezinha|13736652|156,-2149176,-4700523;166,-1,1;176,-11,0;186,-9,7;196,-3,-4;206,-10,3;216,-2,1;226,-23,5;236,-7,1;246,-16,0;254,-10,6;262,-5,-1
rua||cassiano rodrigues de souza|condominio paraiso das garcas|13749899|4,-2137851,-4701908;5,-22,-7;7,-32,-3;8,-23,-6;9,-15,-1;10,-31,31;20,103,-28;23,-52,-13
rua||castro alves|cecap|13732086|10,-2146033,-4701199;15,-3,26;20,3,-27;25,-14,5;30,4,-5;35,-7,2;40,-2,-19;45,-4,12;50,-2,-16;55,-9,10;65,-2,3;70,-1,-20;75,-7,20;80,-3,-29;85,-9,11;90,-2,-18;95,-1,8;105,-14,-4
rua||catharina pisani bedin|conjunto habitacional gildo geraldo|13737735|41,-2144790,-4699328;51,-3,0;61,2,-10;71,-3,-10;81,2,-12;91,4,-9;101,0,-1;111,-3,-12;121,-3,5;131,4,-23;141,-2,-13;151,1,-4;161,-3,-11;171,3,-8;181,0,-12;191,2,16
rua||catulo da paixao cearense|jardim santa clara|13735350|7,-2147545,-4699480;18,-10,1;28,-8,16;37,13,7;38,-12,-7;47,2,16;48,-8,1;57,0,7;58,-2,-1;67,2,13;77,-7,9;78,0,-3;108,-11,16;120,-4,12;130,-5,7
rua||catulo da paixao cearense|residencial mais parque|13735354|195,-2147590,-4699282;265,-7,78;275,-5,14;305,-11,24;315,-3,6;320,-20,29;325,19,-25;345,-9,21;360,-35,61;365,27,-40;385,-7,16;405,-3,11;470,-63,123
rua||ceara|vila santa rosa|13731260|11,-2146369,-4701619;17,19,0;20,378,-674;37,-383,661;47,3,-6;49,2,-6;57,8,-2;91,-8,-6;94,31,-22;100,4,-10;105,-1,-16;108,4,7;118,7,-9;128,4,-6;132,1,0;142,5,-12;152,6,-13;168,3,-12;177,-5,0;187,3,-18;190,8,13;196,-2,-11;197,-2,-14;198,14,20;200,1,0;207,-15,-27;208,17,21;210,2,-7;212,0,0;220,1,-14;232,7,-18;242,100,-181;248,-91,179;256,8,-11;259,-11,-6;268,16,4;269,-3,-10;276,4,-1;279,0,-1;282,0,-5;292,10,-7;293,-8,-1;333,14,-37;343,10,-6;350,5,12;370,1,-15;386,16,-30;397,5,-10;407,3,-17;410,-3,23;420,1,-4;430,11,-16;433,6,-5;442,0,-4;446,6,-10;457,-5,-9;487,13,-32;488,9,20;497,-6,-19;501,-5,2;502,16,7;507,-2,-15;512,8,5;522,0,-7;552,5,-36;555,11,-8;558,5,-3;562,10,-14;565,-19,10;572,18,-4;575,-13,-4;578,20,-7;582,1,4;585,-16,2;592,26,-17;612,6,-12;615,-13,-2;620,22,7;625,-16,-21;630,17,-4;635,-8,-3;640,17,1;642,-5,-7;645,-12,1;647,4,-9;650,7,9;655,-4,-10;660,11,-4;665,-6,-6;670,21,-12;675,-8,-11;680,10,-10;685,0,6;690,10,-8;695,-10,-2;700,16,2;705,-14,-14;710,13,1;715,-6,-10;720,28,2;725,-21,-5;745,11,-27;750,14,5;755,-9,-10;758,10,12;760,0,-11;762,2,5;765,-13,-13;770,15,2;775,-9,-7;783,9,-12;790,13,-2;793,-8,-1;800,16,-11;810,3,-11;820,76,-40;826,-62,14;830,56,-3;835,-69,8;840,60,-19;845,-52,7;846,18,-11;850,0,5;859,-15,5
rua||celeste falarini pucciarelli|chacara sao domingos|13734440|4,-2143942,-4701496;15,-119,-106;17,-216,-290;19,104,186;24,-396,-363;25,-18,-23;28,75,74;30,174,158;33,-76,-63;85,-147,-150;120,582,553;133,-550,-520;150,1,9;157,9,0;282,83,89;283,11,0;333,38,31;400,2,12;487,43,32;633,95,79;642,45,60;663,-8,-22;748,80,88;813,54,44;841,20,14
rua||celso maziero|jardim maziero|13733442|27,-2145385,-4699597;37,4,-5;47,-1,2;54,58,-82;57,-54,73;67,7,-12;77,2,-5;80,15,-6;87,-12,-1;97,5,-9;107,7,-3;127,9,-7;137,-1,-9;147,4,-9;157,7,-7;167,-4,-9;177,12,-3;187,6,-9;197,0,-10;207,5,-7;217,4,-9;227,5,-4;237,10,-8;247,-2,-7;257,9,-8;267,-1,-6;277,10,-9;287,3,-7;297,-4,-10;307,14,-6;317,1,-7;327,4,-8;337,8,-8;347,4,-12;357,12,4;367,4,-16;377,-5,1
rua||cezar vicinanza|cohab ii|13737655|15,-2149986,-4701116;25,1,10;35,13,7;45,9,5;55,3,8;65,8,8;75,7,11;85,7,1;95,9,9;105,2,8;115,5,2;125,5,7;135,8,11
rua||cezar vicinanza|conjunto habitacional gilberto rossetti cohab ii|13737655|26,-2149988,-4701103;36,8,7;46,3,1;56,4,12;66,9,7;76,7,8;86,5,3;96,12,9;106,2,4;116,13,10;126,0,11;136,6,3;165,32,24;166,-7,9;175,15,1;176,-12,4;185,13,2;186,-1,7;195,7,-2;196,-4,12;205,9,-2;206,-7,6;215,12,0;216,-1,11;225,2,-2;226,0,8;235,8,0;236,-1,9;245,9,0;246,-5,8;255,7,-4;256,1,12;265,5,-4;266,3,14;275,3,-2;276,0,10;285,13,-6;286,-6,17;296,3,9;305,12,4;306,-9,2;315,8,0;325,7,13;326,-3,12;335,8,-8;336,0,16;345,6,-6;346,-6,11;355,10,-1;356,-8,15;365,7,-7;366,-3,12;375,9,-6;376,-3,22;385,9,-11;386,-5,19;395,7,-11;396,-6,15;405,12,-4;415,1,3
rua||chile|jardim lavinia|13736210|6,-2147484,-4700530;42,-26,-2;54,-12,-8;66,-6,-14;92,-32,-21;104,-20,-3;120,0,-16;132,-16,-4;144,-4,2;156,-12,-20;168,-13,-5;192,-14,-6;216,-22,-7;228,-9,-8;252,-17,-19;264,-11,-4
rua||chrispim bastos sobrinho|conjunto habitacional gilberto rossetti cohab ii|13737360|27,-2149311,-4701244;28,-8,13;37,10,7;38,-9,-7;47,1,10;48,-8,-3;57,1,15;58,-6,-4;67,-2,3;68,-2,1;77,4,10;78,-10,0;87,-1,14;88,-5,-8;97,2,14;98,-9,2;107,9,5;108,-10,-4;117,4,10;118,-8,0;127,-2,4;128,-11,4;137,11,11;138,-5,0;147,0,9;148,-5,-4;157,-3,11;177,-21,33;187,-1,2;197,-8,7;207,0,8;217,2,7;227,-37,52;237,22,-37;247,-7,11;257,-11,9;267,-2,4;277,1,7;287,-6,9;297,-7,11;307,-6,9;317,-1,0;327,-5,11;337,-1,9;347,-10,14;357,-10,5;367,2,4;387,-11,27;397,-13,15;407,-3,0;417,-6,9;427,-5,1;437,-5,16;447,-3,9;457,-5,8;467,-7,6;477,-4,12;487,-3,9;497,-8,9;507,-1,3;517,-8,10;527,-5,3;537,-5,12;547,14,-18;549,-25,34;557,-2,5;567,-1,17
rua||claudemiro rodrigues dos santos|conjunto habitacional nene pereira lima|13732440|59,-2145652,-4702166;69,8,10;79,13,5;102,11,12;103,-2,-20;112,-3,18;113,23,3;122,9,13;123,-8,-9;161,227,97;222,-152,-51;223,9,-10;233,3,1;242,-8,9;252,18,-6;263,23,-3;273,14,18;283,2,4;301,-15,1;328,-102,-53;329,20,-1;342,152,80;354,-2,5;358,-28,-26;364,32,28
rua||claudio antonio ferreira|conjunto habitacional gildo geraldo|13737740|24,-2144825,-4699645;25,-5,-2;34,0,-7;35,1,-6;45,-4,-5;55,2,-10;65,-3,-6
rua||claudio manoel da costa|cecap|13732010|1,-2146028,-4700972;11,8,10;21,5,14;31,13,13;41,-4,5;51,6,3
rua||claudio pereira lima amato|parque dos manacas|13739127|22,-2147655,-4702485;23,-6,-4;33,2,-9;53,8,-12;63,-6,-5;72,6,-12;82,-3,-10;83,-2,-6;102,3,-10;103,-1,2;112,-2,-9;113,1,-5;153,3,-37;173,0,-17;183,0,-11;193,1,-4;212,7,-3;213,-3,-14;232,4,-14;233,-7,-6;243,2,-6;272,10,-39;302,2,-23;332,-2,-26;362,-3,-29;372,11,-6;392,-3,-19
rua||claudio souza xavier|jardim jose andre de lima|13736730|28,-2147954,-4700197;52,-8,20;75,12,32
rua||clodoaldo santos figueiredo|jardim bianchesi|13735520|25,-2148099,-4699272;26,-2,8;40,33,-45;50,3,-12;55,-8,-5;60,11,-3;63,-24,34;65,20,-47;70,7,7;75,-4,-14;80,6,6;85,-4,-13;90,23,3;95,-17,-11;100,10,3;105,-5,-13;110,12,0;115,-7,-8;120,10,3;125,-7,-7
rua||clovis santos silva|jardim maziero|13733449|47,-2145229,-4699822;56,0,7;57,13,2;66,-4,3;67,14,-2;76,-10,4;77,14,-2;86,1,7;87,10,-3;96,-10,8;97,15,-6;106,-2,7;107,9,-2;116,-4,1;117,12,3;126,-7,4;127,14,-5;136,-8,7;137,13,-2;146,-3,7;147,13,-4;156,-7,7;157,16,-4;166,-7,2;167,14,-1;176,-6,6;177,15,-2;186,-4,8;187,11,-6;196,-1,5;197,7,-1;206,-3,9;207,12,-6;216,-7,7;217,14,-6;226,-7,8;227,14,-2;236,-6,5;237,17,-2;246,-6,5;247,13,-4;256,-8,8;257,15,-7
rua||coelho netto|cecap|13732088|11,-2146103,-4701077;21,-3,-17;22,3,-9;31,-13,6;32,8,-18;41,-10,8;42,-2,-6;51,-13,3;52,7,-10;61,-10,-1;62,2,-7;71,-13,4;72,4,-11;81,-18,-1;82,12,-2
rua||colombia|jardim lavinia|13736290|125,-2147687,-4700710;139,-18,21;180,21,-63;294,14,2
rua||colombo zerbinati|jardim central pricoli|13735000|106,-2147594,-4699911;154,12,37;164,1,19
rua||colombo zerbinati|jardim central pricoli|13736557|101,-2147588,-4699915;117,9,17;129,0,8;141,3,14;153,5,13
rua||cosme rimoli|nelson niero|13734565|12,-2145704,-4699186;24,1,-4;33,3,-11;40,8,-3;41,0,-11;47,2,-1;48,2,-2;56,3,1;57,2,-7;64,-2,7;65,7,-14;72,-1,-2;73,5,-9;80,-3,5;81,3,-5;88,11,-5;89,-7,4;96,6,-7;97,-5,-8;104,10,-2;105,-6,-2;112,7,2;113,3,-12;120,5,6;121,-6,-11;128,4,1;129,-1,-4;136,5,2;137,2,-12;144,4,5;145,-3,-11;152,7,4;648,-67,109
rua||costa rica|jardim lavinia|13736350|15,-2148048,-4700781;44,33,18;58,-10,-9;84,19,14
rua||crelia ferracin bacci|carlito quilici|13733530|14,-2144439,-4700680;24,-5,-13;25,-13,9;34,9,-18;44,0,-8;45,-7,6;54,2,-13;55,-7,-1;64,9,-15;65,-12,8;74,8,-12;75,-6,5;84,-1,-17;94,-1,-8;95,-8,6;104,10,-14;114,-10,-11
rua||crescencio alegrette|vila carvalho|13735452|3,-2147726,-4699889;4,11,-6;5,1,-3;180,-43,-29;190,17,46;200,-43,-149;210,22,109;220,-14,-109;240,-8,-3;250,19,84;260,-14,-55;280,3,14;860,53,150;870,-14,-32
rua||crispim bastos sobrinho|cohab ii|13737415|328,-2149461,-4700992;338,-5,14;348,-40,-22;358,17,30;368,-1,17;378,-9,11;388,-1,4;398,-2,5;408,-8,13;418,-7,3;428,-8,12;438,-1,1;448,-2,13;458,-3,8;468,-6,8;478,-10,10;488,-9,8;508,-7,11;518,-9,17;528,-1,9;538,-3,8;548,-5,6;558,-9,15;568,-2,5;574,-2,4;576,-7,5;578,1,-5;588,-1,13;598,-4,3;608,-8,8;618,-4,7;628,-9,13
rua||cuiaba|vila quintino|13736120|48,-2147771,-4700157;60,2,9;77,-1,-9;84,-9,-5;89,-11,0;96,2,-16;101,-14,1;108,2,-16;120,2,1;123,-9,6;132,0,-21;149,-19,0;161,-9,-6;173,4,-1
rua||curitiba|jardim lavinia|13736070|15,-2147475,-4700505;22,38,-122;25,-42,131;35,3,13;45,3,10;55,-7,8;65,-4,16;75,-2,8;85,-3,8
rua||curitiba|vila quintino|13736070|74,-2147488,-4700454;86,-3,10;92,0,15;98,-6,13;182,2,85;192,-7,7;202,6,5;210,-2,12;222,-1,7;232,-5,6;242,-1,13;258,-2,9
rua||da fe|conjunto habitacional nene pereira lima|13732420|15,-2145761,-4702037;25,3,9;35,21,-1;36,-14,25;54,6,2;70,222,118;75,-188,-116;93,-9,5;101,112,94;102,-101,-72;107,48,29;108,-25,-8;113,-16,-31;117,-24,-13;123,42,18;129,58,50;142,-109,-82;147,63,52;157,1,1;167,7,-1;187,16,13;188,-18,1;235,39,24;245,5,7;255,18,3;279,11,-1;289,20,26;300,-35,-3;329,52,14;350,-26,4
rua||daniel trepador|jardim sao domingos|13733240|41,-2145654,-4700342;161,33,42;761,-30,-41;766,52,73;776,8,-12;778,-36,-17;780,24,27;781,56,56;786,-32,-29;787,14,7;790,-1,7;796,8,12
rua||dante marobi|jardim riachuelo|13738520|5,-2147277,-4701817;9,-19,27;10,123,-204;13,-105,185;15,-10,8;16,7,8;26,7,-18;35,0,-17;36,6,4;45,1,-14;46,5,7;50,3,-5;56,3,-7;100,24,-35;110,2,-9;120,-10,16;174,42,-68;220,55,-106;224,5,-7;247,-5,-12;248,11,0;257,-2,-9;267,6,-10;277,2,-4;278,19,-6;287,-9,-3;288,9,-10;297,-7,2;298,8,-7;312,7,-6;317,-9,6;327,6,-9;328,10,-12;337,-7,2;343,-6,-8;696,-94,222
rua||dante marobi|jardim riachuelo|13738532|79,-2147248,-4701878;89,7,-6;99,2,-16;163,29,-37;177,12,-20;246,37,-42
rua||das amendoeiras|jardim morro azul|13738067|540,-2147209,-4701387;550,12,-14;560,1,-7;570,3,-4;580,13,-21;620,60,-41;630,6,4
rua||das amendoeiras|morro azul|13738067|12,-2147086,-4701484;599,-71,11
rua||das amoras|terras de santo antonio|13749899|14,-2143216,-4700946;15,10,-21;16,-44,-15;17,-37,-23;19,-21,-22;20,-34,-35;21,-2,-3
rua||das bauhinias|morro azul|13738019|20,-2147176,-4701000;30,31,15;40,9,6;50,11,-7;69,0,-6
rua||das bisnagueiras|morro azul|13738065|12,-2147101,-4701491;22,-10,-9;32,-3,-4;42,-10,-10;43,-3,5;53,-7,-11;72,-7,-19;73,-6,-1;83,-18,-8
rua||das carambolas|terras de santo antonio|13749899|2,-2143066,-4701142;4,-34,18;5,-18,11;6,-10,10;7,-14,11;8,-12,3;9,-20,12;10,-13,8;11,-10,9;13,-36,22;21,-23,10;22,9,-12;23,21,-12;24,2,-8;25,15,-8;26,29,-15;27,8,-4;28,24,-15;29,8,-10;30,8,-1;31,24,-13;32,16,-10;33,7,-13;34,30,-8;35,7,-3;36,39,1
rua||das cassias|morro azul|13738056|1,-2147117,-4701272;8,20,0;11,-4,5;21,12,6;31,12,6;38,4,6;41,1,-5;51,21,-28;58,-3,50;61,17,-18;68,-3,4
rua||das jabuticabas|terras de santo antonio|13749899|1,-2142813,-4701072;2,14,10;3,8,20;4,9,12;5,-1,6;13,-56,-115
rua||das jabuticabeiras|chacaras do vale|13735550|209,-2148550,-4698618;220,5,3
rua||das laranjeiras|chacaras do vale|13735580|26,-2148331,-4698492;27,-21,33;33,-155,242;34,-25,25;40,207,-328;44,-62,106;45,-35,48;49,-84,136;50,-19,30;52,-50,70;54,-35,44;55,28,-23;80,235,-375;220,-78,125;225,4,29;240,-26,-2;310,-50,54;421,-48,107;461,-20,38;510,-8,26;541,-25,22;560,-15,12;581,-14,36;590,-11,-12;621,-12,46
rua||das limeiras|chacaras do vale|13735590|8,-2148462,-4698031;13,165,-264;29,3,19;59,-12,17;99,-17,25;129,-22,32;215,-61,84;222,6,-19;255,-13,28;302,-29,29;342,-18,40;362,-30,45;375,10,-10;402,-34,41;415,14,-3;455,-21,27;495,-24,35
rua||das maes|vila carvalho|13735458|41,-2147676,-4699760;42,-7,3;51,11,7;63,-18,16
rua||das mangueiras|chacaras do vale|13735570|57,-2148460,-4698556;60,-66,89;61,-11,31;68,-145,212;69,-19,66;88,150,-271;98,-187,306;108,139,-240;116,-95,146;118,1,-1;125,203,-308;200,-72,65;321,-50,136;382,-26,29;442,-32,40;530,-49,74;560,-15,41;561,2,-11;600,-9,13
rua||das mangueiras|terras de santo antonio|13749899|1,-2142886,-4701181;2,-4,-31;3,16,-6;4,170,89;5,50,18;6,-4,-12;7,8,29;8,-4,-11;9,-2,17;10,-14,-22;12,-106,-58;13,-15,1;14,-16,-2;17,-90,-11
rua||das paineiras|jardim morro azul|13738050|129,-2147162,-4701186;139,2,-10;149,1,-14;159,9,-15;169,-1,-9;189,11,-19;199,2,-15;209,-1,0;229,12,-28;249,18,-16;259,-3,-10;269,0,-24;339,27,-75;359,11,-26;369,2,-14
rua||das paineiras|morro azul|13738050|80,-2147181,-4701129;90,0,19;100,0,-14;160,28,-73;190,7,-24;200,16,-32;240,14,-46;250,-2,-2;280,18,-42;290,3,-18;300,6,-6;340,16,-51;350,1,-13;360,9,-18
rua||das quaresmeiras|morro azul|13738058|8,-2147060,-4701378;9,2,-16;18,14,14;19,-2,-12;29,10,5;39,11,6;48,12,12;58,6,14;59,9,-24;68,-3,17;69,1,-12
rua||das sibipirunas|morro azul|13738057|22,-2147063,-4701313;33,6,-4;43,11,3;53,13,-1;62,3,26;63,4,-20;73,4,10
rua||das tipuanas|morro azul|13738059|6,-2147040,-4701451;16,19,7;25,12,-2;26,-7,0;35,10,4;36,-1,3;45,22,1;46,-11,6;55,17,-8;56,-11,20;65,22,-4;66,-8,-1
rua||de acesso 1|igarai|13750000|383,-2140951,-4681282
rua||de acesso a avenida tiradentes|carlito quilici|13733510|385,-2144082,-4700844
rua||de acesso|vila santa rosa|13731130|122,-2147047,-4701942;742,20,-56;755,-10,22
rua||dinorah miguel ribeiro|alcebiades quilice|13736882|65,-2149031,-4700060;88,0,-30;99,-136,92;108,132,-66;109,-139,80;225,53,-28
rua||distrito federal|vila santa rosa|13731200|19,-2146988,-4701791;32,6,2;35,5,-21;42,6,8;49,0,-22;85,20,-26;94,9,2;95,-4,-12;104,4,-2;107,-3,-8;117,4,-1;127,9,-13;154,26,-33;157,-3,2;164,9,-12;167,-16,13;177,12,-11;187,0,-7;210,32,-36;214,-4,4;217,-19,10;224,23,-17;227,-15,1;228,17,-1;237,-11,-13;238,16,2;247,-13,-5;248,18,0;257,-10,-3;267,3,-17;274,18,-13;333,23,-29;364,20,-34;367,-6,-12;370,9,8;374,2,-6;377,-9,-7;384,10,6;387,-3,-18;394,7,3;397,-1,-6;404,7,-1;407,-4,-12;427,12,-13;437,8,-13;458,17,-12;672,-55,89;794,52,-82;809,26,-8
rua||divina olimpio da silva|carlito quilici|13733528|12,-2144371,-4700648;21,-25,-59;22,26,52;31,-29,-63;32,24,54;41,-27,-59;42,22,47;51,-24,-57;52,26,57;61,-29,-68;62,27,48;71,-27,-59;72,24,53;81,-31,-65;82,27,60;91,-26,-67;92,25,60;101,-27,-68;102,21,50;111,-28,-59;112,26,56;121,-27,-65;122,24,50;131,-24,-54;132,25,49;141,-27,-67;142,21,61;151,-26,-67;152,22,58;155,28,124;162,-30,-132;172,-2,-6;182,-13,-22;192,8,-6;202,-3,-3;212,0,-8;222,-11,-16
rua||djamir soares nogueira|jardim italia|13734608|22,-2145176,-4699276;32,2,-7;42,13,-10;52,3,-2;72,12,-19
rua||do bosque|terras de santo antonio|13749899|1,-2143000,-4701135;17,-28,155;18,8,-26;19,-4,-7;21,9,-66
rua||dois|condominio estancia santa mariana|13749899|12,-2148888,-4703969;20,-5,-10;27,-68,-100;29,-33,-43;30,-10,-23;34,0,2;35,1,3;36,-17,-29
rua||domiciano custodio dias|vila carvalho|13735420|10,-2147709,-4699760;16,-7,-14;30,-2,29;40,-1,14;50,-4,-4;55,3,11;60,-8,-4;70,-2,10;75,1,7;80,-11,-8;85,7,22;90,-14,-3;95,12,10;100,-22,-9;106,20,7;110,-14,6;111,11,3;120,-9,12;121,6,-1;122,-12,-5;130,-3,5;132,5,8;142,-13,8;147,10,8;148,-5,3;155,1,8;162,-9,-6;165,-2,22;172,0,-11;175,-1,17;182,-6,-3;201,-18,37;215,6,-5;229,-1,7;238,-8,1;239,0,18;248,-5,-3;255,2,8;258,-10,-4;265,6,14;268,-9,-7;275,6,14;278,-11,-1;285,4,18;288,-4,-11;298,-8,8;299,7,9;311,-1,8;312,-10,-9;318,-1,12;325,-7,14;328,1,-9;335,5,17;345,-13,21;355,1,1;356,-1,-14;395,-15,43;405,-7,11;421,-6,9;431,-2,9;445,-8,10;455,0,10;465,-8,15;489,-8,17;505,-8,15;512,-8,-6;515,2,14;522,-7,-4;525,7,16;532,-13,0;535,11,3;542,-19,-2;545,13,11;552,-24,1;555,18,4;556,-17,-4;562,-7,10;565,12,1;572,-17,2;575,12,2;582,-33,7;585,25,-3;595,-11,3;625,-25,12;635,-10,8;645,-1,4;655,-9,0;665,-14,6;695,-21,9
rua||domingos antonio pagoti|conjunto habitacional gilberto rossetti cohab ii|13737345|24,-2149226,-4701192;34,-4,4;43,14,-2;44,-20,2;53,6,14;54,-8,5;63,2,1;64,-9,4;73,11,5;74,-18,6;83,9,-1;84,20,-33;93,-27,43;94,-7,-1;103,9,17;104,-20,5;113,6,-4;114,-7,7;123,7,3;124,-14,6;133,7,1;134,-8,9;143,1,6;144,-5,0;153,3,3;154,-14,3;173,-7,28;174,-19,13;183,14,-1;184,-9,2;193,2,5;194,-2,-5;203,0,13;204,-18,2;213,13,4;214,-10,2;223,5,5;224,-5,-1;233,-3,12;234,-8,-1;243,14,-7;244,-17,18;253,4,13;254,-13,-9;263,2,16;264,-5,-7;273,6,10;274,-10,1;283,18,-23;284,-27,29;294,1,12;303,-1,11;304,-13,-18;313,5,25;317,-10,17;323,5,-4;324,-8,-17;333,-1,14;334,-5,3;344,-39,4;353,39,20;354,-12,2;363,7,6;364,-13,-4;373,10,3;374,-14,2;383,8,12;384,-10,-6;390,-6,16;393,12,-4;394,-12,3;403,-4,5;404,-7,2;413,14,8;414,-15,-1;423,2,7;424,-6,5;434,0,5;444,-14,11;454,-2,10
rua||domingos ferreira de resende|jardim santa maria|13730140|20,-2146423,-4700941;40,-20,-9;54,-2,-12;69,-17,-4;126,-23,-35;167,-54,-31;168,1,0;180,-7,-7;181,0,4
rua||domingos genaro|jardim botanico|13733564|138,-2144499,-4700514
rua||domingos giglio|braz|13735019|31,-2147054,-4699969;32,19,-6;39,-3,-1;44,-2,-21;49,-5,-4;59,4,-5;66,5,-1;69,-6,-15;78,12,6;85,-5,-12;88,7,-6
rua||domingos pricoli|jardim central pricoli|13736562|49,-2147416,-4700046;61,-3,1;73,-16,23;85,16,7;97,-9,12;105,-6,10;116,-18,15;130,-1,9;140,-11,12;151,12,6;152,-11,5;163,12,2;164,-16,11;173,8,-4;176,-12,12;183,9,4;188,-15,9;194,-6,7;200,2,7;225,-2,18;245,-3,5;622,-16,21
rua||domingos zini|jardim chico piscina|13736480|72,-2148084,-4700600;76,0,-3;78,-10,59;92,-9,6;93,12,3;106,-10,4;107,2,7;148,-16,43;156,1,12;163,3,7;177,-1,11;178,-6,0;191,3,15;413,-29,109
rua||donizete israel avelino|nova carvalho|13735413|15,-2147867,-4699280;25,-3,9;35,9,9;45,6,9;55,6,7;80,-11,25;90,-5,8;108,-4,7;110,-12,7;120,-4,4;130,-5,5;140,-10,0;150,-7,6;160,-11,-4;170,-5,1;180,-6,11;190,3,1
rua||doracy carlos maziero|carlito quilici|13733526|10,-2144316,-4700654;20,5,-4;29,-16,-18;30,11,4;39,-15,-11;40,13,7;50,-4,-17;60,-2,-6;70,-10,-11;79,-5,-10;80,9,5;89,-14,-13;90,13,-4;100,-3,-4;109,-18,-12;110,11,2;119,-7,-10;120,9,0;129,-15,-11;130,15,2;139,-20,-8;149,-2,-11;150,13,12;159,-15,-17;160,11,-1;169,-11,-8;170,13,-6;179,-17,-8;180,10,3;189,-13,-13;190,10,4;199,-10,-6;209,-2,-12
rua||doralice teodoro castelar gomes|jardim italia|13734612|30,-2145186,-4699362;31,11,6;40,-11,-11;41,13,10;50,-13,-16;51,10,2;61,-4,-12;71,5,-6;91,-2,-24;100,-10,-1;101,8,-8;121,1,-16;131,3,-3;141,-3,-8
rua||dos alecrins|morro azul|13738055|3,-2147133,-4701209;12,23,9;13,-10,8;22,6,1;33,12,-13;42,12,25;43,-6,-7;52,8,0;53,13,-1;62,-2,14;63,12,-17;72,-7,19;73,9,-7
rua||dos cedrinhos|jardim morro azul|13738010|65,-2147103,-4700902;75,-15,-3;95,-21,-18;105,-26,-3;1114,107,2
rua||dos cedrinhos|morro azul|13738010|84,-2147128,-4700925;94,-12,-9;104,-11,-2;114,-15,-1
rua||dos flamboias|terras de santo antonio|13749899|37,-2142976,-4701222;38,-3,-20;39,-2,-7;40,2,-27
rua||dos flamboyants|jardim morro azul|13738060|40,-2147196,-4701299;50,8,-14;69,7,-27;80,14,-4;89,3,-19;100,12,-9;139,24,-22
rua||dos guapuruvus|jardim morro azul|13738000|54,-2147202,-4700897;64,22,-5;203,-14,-38;213,-2,-11;223,0,-5;233,-4,-12;243,2,-20;283,7,-47;293,-13,1;303,1,-21;313,-21,-20;359,17,-45;369,-5,-24;379,-3,-1;399,4,-26;419,-5,-21;420,11,-9;429,-10,-6;430,6,-1;439,-10,-12;449,-5,-10;460,12,-11;500,-13,-66;510,10,-31;520,-5,-26
rua||dos guapuruvus|morro azul|13738000|94,-2147188,-4700957;134,-6,-79
rua||dos ipes|morro azul|13738053|6,-2147143,-4701131;15,-7,-10;25,20,2;26,7,8;35,1,0;56,25,29;65,13,-19
rua||dos jacarandas|morro azul|13738029|15,-2147169,-4701080;20,8,13;30,10,-1;35,16,6;40,1,1;45,-2,-4;60,22,20;65,2,-13;75,3,6
rua||dos limoeiros|chacaras do vale|13735560|31,-2148571,-4698809;40,-5,3;84,-7,49;85,-7,22;91,-18,12;96,-79,112;98,-43,60;100,125,-180;133,-2,24;150,-312,221;190,288,-192;200,-419,340;325,374,-264;369,-71,105;370,-3,-32
rua||dos limoeiros|mococa|13749899|200,-2149310,-4698350
rua||dos metalurgicos|residencial carlito quilici|13733516|29,-2144517,-4701038;39,7,-11;49,2,-9;59,2,-9;69,8,-4;79,6,-11;89,10,-3;99,-5,-11;109,3,-7;119,7,-7;129,6,-19
rua||dos mocoquenses anonimos|jardim sao domingos|13733135|295,-2145787,-4700404;401,202,-23
rua||dos pessegueiros|chacaras do vale|13735610|59,-2148431,-4698764;78,-17,8;79,-4,33;125,-12,71;148,-10,-21;184,-15,34
rua||dos suinas|jardim morro azul|13738009|17,-2147162,-4700863;37,19,11;47,7,1;57,6,9;68,7,13;78,8,1
rua||eder ferreira da costa|jardim lago dos ipes|13735722|19,-2148345,-4699596;20,10,-1;29,-14,3;30,1,10;39,-3,-9;59,-18,25;69,-4,2;70,9,2;79,-14,7;89,-8,9;100,4,14;109,-15,-4;129,-7,11;214,-99,135;224,40,-48;244,-17,19;254,-4,8;274,-11,8
rua||edgar freitas|jardim chico piscina|13736440|21,-2147789,-4700262;50,-42,-17;57,-1,5;62,-11,-8;74,-11,-3;86,-11,-7;93,12,14;98,-16,-13;105,11,11;110,-25,-13;122,-11,-4;123,-12,2;129,22,11;141,3,-5;146,-35,-16;153,11,13;158,-28,-17;170,-3,0;177,10,8;182,-28,-2;194,-6,-15;201,20,13;213,-16,-4;225,-1,-1;234,-57,-23;239,38,24;248,-46,-23;276,-20,-6;290,-15,-1;293,36,13;304,-47,-19;305,34,16;318,-62,-19;332,3,-2;344,-6,-5;353,28,19;356,-38,-21;365,27,18;370,-42,-18;398,-24,-10;401,38,19;410,-44,-20;413,25,14;422,-42,-20;436,-11,-1;441,28,18;453,-11,-7;462,-33,-17;465,26,16;474,-45,-22;488,-13,-1;489,33,16;500,-43,-21;512,-16,-1;525,24,13;526,-32,-18;546,-28,-7;553,22,18;560,-33,-22;572,-8,-1;584,-15,-2;596,-7,-7;601,18,20;608,-31,-22;615,23,15;629,-14,-2;643,0,0;644,-39,-21;656,-14,1;657,29,14;670,-37,-19;671,30,17;685,-12,-2;693,-14,-4;722,-52,-31;733,14,19;734,-30,-14;746,-8,-4;756,-12,-4;761,32,18;766,-43,-18;776,-4,-3;781,19,14;786,-30,-15;791,39,16;796,-42,-21;801,54,25;809,-32,-10;815,-1,-3;821,-13,3;833,-10,-6;845,-10,5;857,-9,-13
rua||edgar vieira de carvalho|lago dos ipes|13735709|56,-2148104,-4699885;66,8,4
rua||edmundo dante calio|nelson niero|13734570|251,-2145455,-4699296;259,16,-20;267,-7,7;275,4,-5;283,8,-9;291,3,-5;303,5,-17;311,12,-5;319,4,-12;327,7,7;335,-5,-27;355,18,-15;363,3,-7;371,3,-3;379,9,-14;407,10,-19;415,1,-5;423,1,-9;431,8,-9;459,14,-10;467,1,-15
rua||eduardo figueiredo lima filho|jardim botanico|13733558|24,-2144011,-4700758;44,17,-8;54,6,0;64,2,-3;74,21,-2;84,-3,-1;94,17,-2;114,8,-6;115,33,-12;124,-32,1;134,3,1;144,7,-2;154,21,6;174,14,-5;184,11,-3;194,11,6;205,3,-17
rua||eduardo figueiredo lima|jardim jose andre de lima|13736735|33,-2148258,-4700210;43,4,-11;67,3,-20;68,11,1;79,-9,-14;80,9,4;91,-8,-17;104,12,-7;115,-6,-12;116,16,-1
rua||eduardo garcia|cohab ii|13737375|320,-2149515,-4701011;329,9,1;330,-11,1;339,1,11;340,-10,-4;349,10,4;350,-15,5;359,11,8;360,-12,-1;369,7,12;370,-15,-3;379,14,9;380,-13,-1;389,2,11;390,-5,-1;399,2,6;400,-10,1;409,3,9;410,-12,1;419,9,4;420,-8,2;429,4,4;430,-11,0;439,3,6;440,-13,10;449,11,3;459,-8,14;460,-15,2;469,13,3;470,-14,7;479,7,3;480,-13,5;490,-4,5;494,-8,7;500,-1,2;509,19,-8;510,-18,15;519,9,0;520,-14,9;529,11,-7;530,-19,14;539,16,-9;540,-26,25;549,10,0;550,-15,4;559,13,0;560,-15,11;568,-4,4;569,16,-8;570,-14,10;579,6,-3;580,-14,6;589,21,-16;590,-23,22;599,8,8;609,-10,13;619,-9,9;629,23,-35;639,-28,47
rua||eliezer pereira do lago|conjunto habitacional gilberto rossetti|13737310|23,-2148997,-4701076;33,-4,4;34,-2,8;43,-4,-1;44,5,-1;53,-10,12;54,-11,-5;63,7,14;64,-8,-2;73,3,9;74,-14,7;83,8,4;84,-9,-10;93,1,18;94,0,-9;103,-10,10;104,1,3;113,6,8;114,-13,-3;123,4,13;124,-10,-1;133,3,5;134,-5,-1;143,2,15;144,-16,-7;153,12,12;154,-7,1;173,-15,37;174,-2,-6;183,-1,8;184,-6,-5;193,-1,13;194,-3,-4;203,0,13;204,-10,-1;213,10,4;214,-15,7;223,-1,11;224,-2,-3;233,1,13;234,-1,-13;243,2,6;244,2,-2;254,-20,18;264,-7,12;268,27,-30
rua||elisa de castro greghi|jardim sao domingos|13733118|20,-2145892,-4700409
rua||elza modolo de sisto|por do sol|13739156|65,-2147889,-4703178;95,5,-14;100,2,0;117,1,-26;132,12,1;152,5,-23;162,1,-12;167,-1,-14;192,6,-15;197,0,-11;202,10,8;207,-2,-13;212,-4,-1;229,4,-34;234,11,9;239,-11,-16;244,8,9;249,-5,-17;254,6,12;259,-1,-27;274,5,4;275,63,-403;279,-69,392;284,12,-4;294,-1,-5;295,57,-389;314,-54,366;321,37,-212;331,-39,184;335,68,-351;341,-63,340;351,0,-11;355,90,-355;361,-86,347;371,9,-18;396,5,8;401,6,-49;406,-4,42;416,4,-10;453,-1,-59;468,9,11;473,-1,-41;483,7,-17;495,-1,28;513,0,-40;545,6,-30;565,8,-18;576,6,10;580,0,0;590,-4,1;595,9,-31;620,3,-10;625,-2,-31;630,-1,27;635,3,-40;640,1,31;645,9,-54;650,-5,40;660,1,-7;787,87,-148;793,9,-7;814,-24,21;815,11,-22;843,12,-13;850,-12,25;854,0,-4;880,28,-19;886,8,-2;922,36,-21
rua||emilio luchesi|jardim sao domingos|13733320|16,-2145389,-4700628;17,-94,127;20,40,-52;26,3,1;27,-39,47;32,41,-53;39,-38,39;44,44,-50;51,-41,39;56,49,-48;63,-38,38;68,44,-50;80,3,-8;89,-39,40;92,50,-53;101,-39,45;104,43,-51;113,-39,43;125,4,-7;128,51,-57;140,3,-5;141,314,-459;149,-357,502;161,6,-10;173,12,-16;185,0,-4;192,55,-56;197,-41,42;204,45,-44;209,-44,26;228,59,-49;240,6,-11;247,-32,32;252,37,-39;259,-30,29;264,37,-38;271,-31,33;276,39,-43;283,-28,36;288,35,-48;295,-34,37;300,35,-43;307,-28,40;312,41,-51;319,-28,37;324,34,-46;331,-31,25;336,36,-34;343,-29,27;355,3,-9;367,2,-10;374,48,-41;379,-42,32;390,43,-38;391,-32,24;401,5,-1;402,34,-31;414,6,-12;426,3,-6;438,8,-12;439,-35,37;445,4,-9;450,38,-37;462,10,-14;469,-34,34;474,45,-63;481,-38,48;486,35,-37;505,-30,32;517,9,-8;522,43,-49;529,-34,34;541,4,-9;553,6,-11;588,59,-71;589,-36,43;600,41,-54;601,-39,42;624,47,-60;636,12,-9;648,7,-9;655,-43,43;660,51,-51;667,-42,41;672,49,-49;679,-40,36;691,7,-8;696,33,-40;703,-32,36;715,11,-17;720,43,-51;727,-38,48;739,7,-12;751,10,-10;763,2,-5;777,7,-12
rua||equador|jardim lavinia|13736269|52,-2147369,-4700792;289,-11,22
rua||erasmo souza ribeiro|jardim santa clara|13735220|3,-2147314,-4699624;5,-24,4;8,1,-13;13,3,12;20,-12,-8;21,-1,11;50,-39,10;60,-5,-4;67,-13,9;70,-3,-6;79,-8,13;80,2,-3;86,3,-3;90,-12,-4;93,19,0;139,-54,22;143,4,1;147,69,-27;149,-87,28;159,-4,-2;169,-13,11;180,-13,-6;190,-18,6;199,14,5;200,-40,-7;219,2,13;220,23,-12;229,-34,23;230,2,-12;280,-50,12;290,-18,5;300,-7,4
rua||ercilia moraes dias|jardim lago dos ipes|13735712|49,-2148307,-4699740;59,-5,0;79,-5,26;89,-15,7;99,-3,5;129,-19,21;173,-36,39;193,-13,20;194,37,-47;203,-37,51;223,-18,17;233,-9,13;243,-10,9;250,14,-4;253,-18,13;260,13,-3;273,-28,17;280,13,-10;290,-5,11;300,-9,12;310,0,0
rua||ercilia moraes dias|lago dos ipes|13735712|11,-2148283,-4699909
rua||ernestino de oliveira|sao benedito das areias|13755000|1,-2132653,-4703126;13,197,-227;270,-52,114;275,-4,10
rua||ernesto cilino|condominio casas do monte belo|13737170|1,-2148510,-4700788;2,1,-7;4,-4,-6;5,-15,7;6,-3,-9;7,-10,6;8,-1,-7;10,-7,0;11,-15,-2;12,9,-7;13,-19,3;14,6,-6;15,-17,6;16,6,0;17,-20,-3;18,14,-1;19,-22,0;20,9,-9;22,-19,-3
rua||espirito santo|vila lambari|13731070|11,-2146590,-4701314;24,71,27;25,-75,-21;27,0,-14;29,70,39;34,-9,-5;35,-76,-24;37,71,28;43,0,1;51,-10,-7;53,-62,-28;59,54,21;69,-8,4;103,-51,-17;113,-6,-3;143,-11,-3;150,-7,-13;162,-9,-1;165,-2,4;172,-3,-3;181,1,5;185,-6,-7;188,-5,-11;189,-11,8;193,-5,-8;195,-2,2;198,5,-8;205,-12,2;208,4,-7;220,-12,-7;236,-15,-6;239,-14,24;250,7,-28;263,-16,-6;264,4,0;265,-8,3;274,0,-12;275,-3,7;276,3,-11;279,-12,4;280,12,-4;289,-23,-3;291,-19,-10;292,29,6;297,-21,3;298,14,-1;303,-16,1;310,8,-11;312,-5,0;318,-9,-8;357,-46,-13;358,12,4;359,-8,0;368,-2,-10;369,-8,10;375,-8,-11;378,8,1;382,-11,-2;386,2,0;389,-1,1;390,-10,-5;392,-18,-7;397,15,12;411,-13,-4;425,-7,-4;435,-9,-1;445,-8,-4;446,20,3;456,-12,-5;466,-6,-5;474,-19,-5;482,-8,1;490,-9,-7;498,-8,-4;506,-11,-5;507,-25,-32;517,7,-19;520,11,45;527,-14,-60;532,6,40;537,-9,-43;548,4,33
rua||estados unidos|jardim lavinia|13738210|56,-2147717,-4700906;58,-21,1;62,-15,-9;235,-135,-5;246,-14,7;258,-15,-14;270,-12,5;282,-2,5;294,-11,-11;354,-79,-3;366,-5,-4;422,-49,1;436,-12,-5;464,-18,0;478,-23,-15
rua||estebio ribeiro|centro|13730300|19,-2147003,-4700066;35,11,-9;49,5,-14;61,3,-9;71,10,-6;72,0,1;77,1,-8;78,5,1;85,1,-8;92,1,4;94,17,-11;96,-12,-1;102,7,-6;109,-2,-6;113,2,-3;136,17,-20;145,-5,6;150,29,-18;155,-23,7;201,29,-43;206,5,-2;210,5,-7;299,53,-65;632,-64,84
rua||estela marani smecellato|conjunto habitacional jacinto pisani projeto cem|13732680|6,-2145273,-4701265;7,11,-8;8,1,4;9,37,-36;15,-3,4;18,10,9;21,-1,-9;25,5,-1;28,3,7;31,1,-12;38,11,12;41,-6,-13;48,14,3;51,-10,-4;58,18,0;61,-4,-3;62,7,-1;68,8,-6;71,-5,-1;78,8,4;80,6,1;81,-5,-5;91,6,-1;98,11,4;101,-3,-9;108,10,3;111,2,-5;118,12,1;121,3,-7;128,-1,5;131,-1,-4;138,10,5;141,3,-12;152,24,-16;168,27,9;171,-9,-8;174,3,2;178,4,-5;181,3,-4;191,8,-6;198,11,7;201,1,-3;208,7,5;218,10,-9;221,-2,-5;228,11,5;238,12,-6;241,-4,-8;242,5,12;247,1,-12;248,7,7;253,-3,-10;258,7,8;261,-1,-9;268,7,10;271,6,-14;272,-4,12;278,29,-8;281,-24,-6;288,11,6;291,-1,-8;292,11,5;295,-4,-9;301,4,-1;308,7,4;311,5,-10;318,6,8;328,10,-9
rua||eufrosino germano martins|conjunto habitacional gilberto rossetti|13737320|27,-2149086,-4701123;28,4,-1;37,-8,12;38,-12,-7;47,10,10;48,-10,-5;57,4,14;58,-6,-7;67,-4,15;68,-7,-1;77,5,11;78,-4,-6;87,2,17;88,-12,-7;97,3,12;98,-9,-9;107,5,13;108,-5,-5;117,2,18;118,-3,-8;127,-3,16;128,-9,-5;137,2,13;138,-5,-9;147,-2,18;148,-4,-6;157,2,18;158,-10,-11;178,-14,26;188,-9,10;197,4,10;198,-7,0;207,8,7;208,-9,0;217,1,12;218,-12,3;227,8,0;228,-10,5;237,5,5;238,-8,1;247,7,6;248,-9,-2;257,5,11;258,-13,1;267,5,0;268,-14,8;277,4,14;278,-10,-4;287,5,9;288,-12,1;297,9,6;298,-10,1;307,8,5;308,-14,2;317,10,7;318,-15,2
rua||eugenio busso|residencial samambaia|13734278|31,-2146002,-4699274;40,-10,-11;41,3,-3;50,-11,10;51,10,20;70,-18,-8;71,-6,20;80,-5,-8;81,5,13;90,-14,-6;91,5,7;100,-6,-4;101,-4,10;110,-9,-4;120,-8,10;121,59,-34;130,-61,38;131,45,-45;140,-63,55;141,22,-8;150,-22,10;151,16,4;160,-36,12;170,3,-2;171,13,2;180,-16,0;181,18,-2;190,-32,10;191,12,0;200,-14,6;201,11,1;207,137,-156;210,-147,149;211,3,8
rua||eugenio calori|igarai|13750000|60,-2140522,-4681592;70,-13,-8;80,-5,-10;90,-7,-9;100,-1,-3;110,-6,-14;120,-5,-11;140,-6,-14;150,4,11;160,-3,-9;170,-15,-21;180,-2,-10;190,-5,-10;200,-8,-14;210,-5,-6;220,-6,-5;230,-3,-10;240,-1,-3
rua||eugenio greghi|jardim sao jose|13736643|25,-2149101,-4700701
rua||eugenio olympio da silva|santa cecilia|13733020|5,-2146234,-4700207;9,-8,-15;10,86,58;12,-5,0;18,-8,2;22,-73,-57;30,71,45;38,-5,1;68,-19,-15;78,-18,-12;96,-15,-10
rua||eugenio xavier de souza|jardim santa maria|13730160|11,-2146292,-4701001;15,-6,-20;16,10,5;21,-22,-13;30,58,43;36,42,33;46,-2,-1;50,-96,-76;56,30,25;66,30,24;70,-4,0;78,-4,-32;80,-80,-42;90,-8,-5;99,-11,0;100,8,-8;139,-58,-29;142,25,6;150,-12,-9;155,-15,-1;160,8,0;168,-19,-24;170,12,12;180,-12,-6;190,-2,-5;208,-20,-18;218,-4,-8;219,-19,12;226,-1,-12;228,10,1;238,-12,-11;239,-11,1;248,11,1;250,-10,-7;257,-18,-7;258,14,-2;268,-8,-4;270,-11,-1;275,-3,1;280,6,-7;302,-10,-10
rua||eunice possato favero|jardim sao jose|13736610|37,-2148899,-4700681;38,10,-6;47,-10,-4;48,13,0;57,-9,-12;67,-5,0;68,18,-10;77,-4,-7;78,7,-5;87,-5,-16;88,7,23;98,3,-18;107,-11,-10;108,9,-6;117,-6,-9;118,13,1;128,-3,-11;137,-5,-7;138,7,-3;147,-5,0;148,12,-9;158,1,-7;168,7,-12;178,-2,-16;180,10,-4;188,-5,5
rua||eurico dutra|jardim primavera|13738565|3,-2147048,-4702405;4,-5,5;16,5,2;17,2,-3;27,13,9;39,9,6;40,-9,-4;51,10,6;52,3,8;59,-1,-5;63,7,4;64,4,6;75,9,3;76,-6,3;80,6,3;87,10,2;88,-2,4;99,8,2;100,-4,1;111,12,0;112,-1,7;124,3,5;136,18,11;148,6,3;160,7,5;629,-8,-22
rua||evaristo rodrigues da silva|jardim planalto verde|13736363|134,-2149335,-4700354
rua||expedito bernardo|conjunto habitacional gildo geraldo|13737790|130,-2144872,-4699306;140,9,-1;150,4,-1;160,15,1;170,9,-6;180,5,4;190,10,2;200,9,-1;210,8,2;220,8,2;229,-237,-11;230,245,13
rua||farnese pereira da fonseca|altos do vale ii|13735684|25,-2148741,-4699372;26,10,-7;35,-17,-2;45,-8,-6;55,-3,-4
rua||felix porcel|residencial samambaia|13734280|51,-2146206,-4699215;80,184,60;371,27,137;381,26,18
rua||fernando cassimiro bianchesi|jardim bianchesi|13735521|10,-2148027,-4699284;30,-21,-14;40,-17,5;45,-27,-27;73,-11,8;83,-4,-4;84,7,-3;93,-15,0;103,-13,-10;218,125,58;285,-123,-67
rua||fernando criscuolo|jardim alvorada|13732510|150,-2145400,-4701852;220,-13,-1;224,69,-39;230,-46,24;236,-6,1;248,71,-32;260,-45,17;274,9,-6;298,24,-11;322,22,-6;328,6,-6;336,20,-6;346,0,0;358,8,-4;364,5,3;370,5,-5;376,4,2
rua||fernando de noronha|jardim gatolandia|13731350|8,-2145939,-4702256;20,-46,-23;24,-6,-6;29,-11,-2;30,6,-7;39,-12,8;44,1,-11;47,-17,5;49,9,2;54,-3,-16;59,-2,6;64,-6,-5;69,-7,0;74,0,-11;79,-3,7;84,-2,-8;85,-3,3;89,-5,-4
rua||fernando pinheiro|jardim maziero|13733444|42,-2145369,-4699603;43,15,0;52,-11,3;53,18,-2;62,-6,4;63,14,0;72,-7,6;73,12,-4;82,-15,5;83,28,-1;92,-11,6;93,11,-3;102,-2,5;103,14,-2;112,-9,1;113,12,4;122,-1,-3;132,7,4;133,1,4;142,3,2;143,9,-2;152,-1,6;153,13,-4;162,-5,3;163,18,-1;172,-9,4;173,22,-6;182,-13,10;183,1,-6;192,10,2;193,1,8;202,1,0
rua||filomena brunhara|conjunto habitacional gilberto rossetti cohab ii|13737649|20,-2149746,-4700997;200,14,-7
rua||fioravante prinholato|conjunto habitacional gildo geraldo|13737800|151,-2144791,-4699638
rua||firmino marques da silva|conjunto habitacional gilberto rossetti cohab ii|13737655|305,-2149801,-4700906
rua||floriano peixoto|braz|13735006|4,-2146952,-4699952;6,-2,0;24,-12,-1;35,-23,7;45,-15,4;48,12,-10;52,-11,-1;54,-5,2;68,-14,2;69,9,11;80,-7,-9;81,-5,4;84,-1,1;90,-3,-6;114,-24,1;116,-2,5;118,-1,3;119,-6,-1;133,-14,-3;137,-2,2;147,-6,2;159,-17,1;171,-16,-4;177,-48,4;180,49,4;197,-12,0;198,0,-21;205,-9,25;209,-11,-1;215,3,0;248,-30,-9;267,-14,18;281,-20,-2;287,-9,-4;290,5,-8;291,-7,12;298,-4,-17;305,-2,11;315,-20,17;316,7,-22;333,-5,28
rua||florianopolis|jardim lavinia|13736200|12,-2147492,-4700495;24,-24,3;84,-55,-2;100,-9,0;108,-2,0;118,-24,4;130,-4,-1;150,-20,1
rua||florianopolis|vila quintino|13736200|13,-2147710,-4700522
rua||florindo greghi|chacara sao domingos|13734445|115,-2144176,-4701573
rua||fortaleza|vila quintino|13736079|47,-2147448,-4700336;131,-35,71;140,11,-19
rua||fortunato cozzolino|canoas|13731500|43,-2145903,-4702194;55,18,-10;65,11,1;75,14,2;85,3,-14;95,1,-7;105,6,-13;125,5,-3;135,11,-21;145,4,-6;155,7,-2
rua||fortunato michelin|ari estevao|13734679|20,-2145796,-4699071;28,17,3;36,3,5;46,7,-2
rua||fortunato negri|jardim alvorada|13732529|12,-2145640,-4701632;30,17,-8;36,9,-2;37,0,-8;48,6,4;55,7,-11;60,8,17;67,-1,-22;72,5,13;81,13,-18;84,-2,13;135,44,-32;145,10,0;146,1,11;157,5,-14;158,4,10;163,3,-15;169,8,-2;170,2,12;181,5,-7;182,1,0;193,8,-5;194,5,0;199,1,-8;205,7,-1;206,6,11;218,7,-6;229,10,-12;230,2,10;233,-14,-3;242,25,-1;253,5,-15;254,6,9;265,4,-14;266,2,11;327,49,-29;339,18,-8;340,2,10;345,4,-13;351,5,2;352,-6,7;363,18,-8;364,-9,3;375,14,-8;376,6,10;387,6,-15;388,-1,7;393,7,-13;399,0,3;400,3,5;406,2,3;411,4,-17;412,-2,19;423,13,-25;424,2,15;435,5,-15;436,8,8;439,3,-1;448,14,1;455,-12,-5;459,11,0;463,3,-13;466,2,18;470,5,-2;471,5,-16;472,7,14;477,-3,-15;483,6,-2;495,8,-5;514,16,7;528,1,0;659,-202,57;661,-158,77;696,190,-84
rua||fortunato rigobelo|jardim rigobelo|13730247|17,-2146344,-4700848;28,0,9;48,20,17;58,13,7;110,28,20
rua||francisco antonio correa|jardim santa maria|13730286|21,-2146019,-4701447;104,-74,-72;116,-11,-7;128,-4,-8
rua||francisco baldineti|vila santa rosa|13731088|30,-2147010,-4701696;40,-9,-2;50,-6,-5;59,-21,2;60,19,-5;63,-23,-2;64,15,-2;69,-16,-3;70,11,-1;73,-19,-2;74,14,0;80,-1,3;83,-14,-1;84,7,-7;92,-1,1;102,-8,-7;106,-4,1
rua||francisco cagnoni|igarai|13750000|115,-2140736,-4680878;116,3,-15;125,-8,9;133,-9,1;134,3,-8;139,-13,3;140,8,-7;195,-47,9;196,-12,-10;205,-26,-92;208,17,92;215,-9,10;219,-6,0;222,12,-11;236,-23,-1;247,-2,13;262,-10,3;267,21,-8;278,-31,-19;296,-34,9;308,-4,-7;451,189,26
rua||francisco demasi|centro|13730430|248,-2147037,-4700721;250,-28,53;262,5,-7;263,32,-70;264,-25,58;268,18,-45;273,9,-10;278,0,3;292,12,-9;296,2,-8;297,2,-8;306,6,1;309,-2,-5
rua||francisco demasi|vila maria|13730430|29,-2147187,-4700505;38,14,3;48,-1,-8;57,4,-15;58,0,0;68,5,-3;69,11,-5;79,-6,-3;154,38,-58;161,4,-13;187,20,-14;225,1,-8;231,11,-29;241,8,-9;251,7,-17
rua||francisco figueiredo barreto|chacara bela vista|13738320|100,-2148459,-4701077;150,7,-72;161,-3,-26;171,-1,-22;197,6,-47;250,10,0;300,-2,-48;347,1,-101;350,7,54;400,5,-55;450,5,-44;455,-12,6;500,14,-60
rua||francisco gabriel fernandes|terras de santa marina|13737062|29,-2147630,-4701089;77,-34,-20;137,-52,-27;175,-38,-15
rua||francisco garofalo|jardim chico piscina|13736459|55,-2147855,-4700447;79,-13,5;103,-40,-15;115,-10,-2;129,-4,-2;139,-18,-4
rua||francisco gomes|centro|13730320|418,-2146802,-4700466;463,28,-59;481,9,0;506,5,1;510,6,-15;511,6,-10;536,4,2;549,0,-15;558,1,4;566,9,-8;618,34,-48;634,6,-18;644,-4,-7;654,14,-9;678,7,-13;710,30,-33;732,1,-4;742,13,-15;752,9,-4;757,-5,-9;765,-19,28;770,28,-36;788,18,-14;797,-6,-4;802,11,2;820,12,-20;823,-5,-10;830,19,5;832,-11,-3;837,-4,-7;842,15,8;848,-1,-9;849,-10,-10;856,18,0;863,-6,-15;884,19,-6;889,1,-15;900,3,8;910,-2,-9;911,6,-19;918,4,9;920,2,-1;931,5,-22;945,2,-8
rua||francisco lima souza dias|jardim santa clara|13735205|7,-2147322,-4699675;15,-2,-10;18,9,-1;23,-9,-8;33,-2,-8;37,-2,-3;38,10,5;47,-12,-10;48,9,5;60,-6,-20;67,-7,-7;68,7,3;112,-13,-43;118,6,1;126,-14,-12;135,-3,-7;143,4,-11;144,1,7;153,-8,-8;154,0,-5;163,11,-7;164,-11,-2;173,-4,-6;176,5,1;185,-4,-9;188,8,-2;195,-17,-10;196,7,0;200,6,-7;206,-5,-3;214,1,-2;221,-8,-5;222,5,-11;224,-4,-3;381,-12,-3
rua||francisco m de camargo figueiredo|jardim das paineiras|13735104|9,-2146788,-4699091;10,-15,7;22,-13,3;36,25,18;51,11,-5;65,12,26;121,23,36;134,-10,18
rua||francisco maglioca|jardim sao domingos|13733370|21,-2145084,-4700543;33,10,-14;46,0,2;57,8,-24;68,5,8;69,2,-18;80,4,7;81,0,-14;93,7,-9;104,14,-5;105,-1,3;117,-3,-16;147,34,-21;170,7,-19;171,-16,5;183,8,-16;189,13,-13;195,11,-20;206,0,17;207,-6,-5;218,11,2;230,9,-17;242,5,-8;254,7,-9;255,-6,-8;266,11,-1;267,-9,-3;278,17,-4;290,9,-7;291,-11,-12;302,15,-3;303,-5,-2;314,11,-2;315,-9,-8;328,14,-1;357,6,-38;369,15,-8;380,8,3;392,8,-9;393,-11,-9;404,10,6;405,-1,-18;416,14,3;417,-8,-12;428,12,0;429,-5,-8;442,8,5;453,11,-27;465,2,-7;470,-3,19;480,5,-10
rua||francisco manini|conjunto habitacional jacinto pisani projeto cem|13732698|9,-2144951,-4701274;10,28,47;11,-13,-13;20,12,4;21,-24,-9;31,-6,-11;32,26,14;41,-28,-21;51,-3,-9;61,-11,-1;71,-10,-10;76,15,-4;81,-17,-3;91,-8,-9
rua||francisco manuel da silva|jardim santa clara|13735329|9,-2147626,-4699512;15,1,8;20,-17,1;25,7,2;35,-5,15;45,1,10;65,-6,11;75,-5,15
rua||francisco manuel da silva|residencial mais parque|13735352|155,-2147670,-4699394;215,-17,76;255,-22,37;275,-20,20;335,-45,46;415,-20,105;425,1,14;475,-22,54;521,-7,88;595,48,52
rua||francisco monteiro dias|jardim sao domingos|13733379|479,-2144861,-4700935;557,-48,-38;695,-95,-69;722,48,23;723,-39,-28
rua||francisco p zaneti|igarai|13750000|10,-2140644,-4681649;11,4,-10;20,5,3;21,3,-12;30,8,0;31,3,-8;40,10,11;41,7,-19;50,1,7;51,-3,-7;60,10,2
rua||francisco pedrosa filho|conjunto habitacional jacinto pisani projeto cem|13733105|11,-2144939,-4701274;21,4,2;31,8,-8;41,11,-1;42,-1,7;51,8,-2;52,-1,-7;71,20,-2;72,-1,2;81,4,-12;82,7,10;91,3,-16;92,2,11;102,10,-7;111,-4,-5
rua||francisco trepador|mocoquinha|13734050|225,-2146238,-4699446;228,7,-28;229,-6,21;232,-6,3;235,2,6;236,-6,17;238,9,-34;242,-14,19;245,9,16;246,-5,1
rua||gabriel alves madeira|alta vista|13735636|31,-2148418,-4699156;181,-54,116;191,-4,11;201,-2,7;211,-5,15;221,-2,5;281,-25,63
rua||gabriel alves madeira|altos do vale i|13735652|582,-2148565,-4699008
rua||gabriel alves madeira|loteamento altos do vale|13735652|298,-2148387,-4699202
rua||gabriel alves madeira|residencial barra feita|13735704|20,-2148195,-4699365;40,-6,15;138,53,-1;142,-135,49;148,134,-44;158,-13,-12;240,-186,119
rua||gabriel jose pinheiro|igarai|13750000|119,-2140772,-4681136;123,-11,12;124,10,-16;134,-11,14;144,-10,2;203,32,-11
rua||gabriel pinheiro|centro|13730090|33,-2146272,-4700234;47,-12,-11;70,-171,-137;75,161,136;86,-180,-150;88,-6,0;90,170,134;98,-4,-6;101,-8,8;129,-20,-19;136,-2,-13;139,-8,14;148,-3,-22;149,-1,6;160,-2,-9;175,-7,7;198,-29,-42;203,2,13;213,-7,1;223,-5,2;224,1,-11;234,-10,-20;244,-11,3;245,-3,3;254,9,-2;255,-12,-2;268,-10,-19;269,6,9;371,-86,-62;377,-2,3;382,-4,-13;392,-2,-17;393,-6,22;405,-8,-9;407,0,-11;412,-4,6;419,-2,-10;422,-6,-2;431,-1,-4;440,-10,-6;449,-11,-7;460,-7,1;464,-4,-13;505,-30,-15;512,-5,-8;518,5,-5;526,-12,6;538,-5,-23;539,-5,10;549,-10,-8;556,9,-9;574,-18,-11;593,-19,-9;605,-11,-9;623,-9,-5;624,0,-6;630,-4,-2;638,-11,-13;669,-35,-15;683,41,17;693,-43,-19;713,-12,-10;733,-27,-18;774,-12,-23;775,-7,8;780,2,-9;785,-27,-8;786,18,-1;800,-8,-9;805,-11,1;820,1,-11;828,-6,-5;863,-36,-14;873,-6,-4;885,-6,-4;895,-8,-14;901,-5,-2;911,-10,-6;921,-13,-6;951,-12,-22;961,-10,-1;971,-1,-1;981,-7,-5;987,-12,-7;1030,8,-5;1058,-52,-43;1059,-11,1;1067,37,35;1070,7,-11;1080,-6,-4;1095,-17,1;1100,10,-7;1127,-38,-20
rua||galileu de luna|jardim alvorada|13732512|335,-2145633,-4701374;343,-6,-12;360,7,-15;383,-28,-27;392,12,1;399,-19,-6;406,19,-1;457,-48,-42;469,-4,-12;480,10,-1;481,-16,-22;490,9,12;498,-5,-11;832,-10,3
rua||geraldo carlos santiago|conjunto habitacional jacinto pisani projeto cem|13732690|13,-2145186,-4701243;19,6,-3;29,8,-5;39,6,1;43,6,-7;49,3,3;53,13,-8;59,-3,0;63,6,-5;69,6,5;78,28,-9;79,-20,3;83,4,-4;88,21,0;89,-17,-2;93,4,-1;98,28,-1;99,-22,-1;108,31,-11;109,-30,8;119,13,-1;129,8,-3;137,9,-4;152,49,-16;159,-10,-1;162,20,6;169,-12,-11;172,19,4;173,-7,-6;175,-50,30;189,56,-32;199,9,-1;202,38,-6;212,0,1;213,-24,1;219,3,-4;222,31,-5;229,-101,32;232,111,-34;239,-23,4;242,36,-3;243,-32,-2;249,4,3;252,30,-7;253,-25,5;259,3,-2;262,32,-11;269,-24,9;272,26,-6;281,-15,3;282,32,-6;289,-24,0;299,7,-4;300,24,1;309,-16,-8;319,8,1
rua||geraldo de mello costal|ari estevao|13734669|9,-2145910,-4698954;17,4,0;25,9,3;55,13,7
rua||geraldo fogarim|jardim progresso|13736386|5,-2149234,-4700352;6,9,2;13,1,-7;14,6,2;21,0,-3;29,9,3;30,4,12;37,6,-11;38,5,-8;45,0,7;46,11,0;53,-3,-5;54,5,8;61,2,-8;62,7,2;69,-1,-2;70,6,6;77,1,-4;78,6,1;85,-1,-4;86,10,4;93,-1,-5;94,-2,4;102,13,4;110,5,-2;111,-5,-6;118,18,6;123,-14,-7;126,19,7;134,10,-5
rua||geraldo martins|chacara dos ipes|13734445|2,-2142884,-4701608;3,-10,-18;4,-2,-5;5,-4,-9;7,-20,-27;9,-13,-22;10,-8,-10;11,-9,-15;12,-8,-14;13,-2,-4;14,-1,-18;15,1,-11;17,-4,-42;18,-1,-4;19,-2,-18;21,5,-22;23,22,-23;25,23,-21;26,7,-11;28,12,-8
rua||geraldo teixeira de oliveira|igarai|13750000|10,-2140662,-4681690;11,-17,5;20,25,-15;21,-11,-5;30,14,-5;31,6,-4;40,12,-3;41,-6,-2;50,10,3;51,3,2;60,2,-8;61,-1,-8
rua||gianna beretta molla|conjunto habitacional nene pereira lima|13732448|11,-2145929,-4701702;21,11,-5;31,11,-4;41,9,-3;51,6,1;61,9,-7;71,7,-4;81,7,-3;91,14,-6;101,4,-7
rua||gilberto bedin|conjunto habitacional nelson niero|13734574|271,-2145699,-4699484;311,15,-35;321,12,-3;331,-3,-12;341,6,-6;351,2,-2;361,2,-4;370,35,-47;411,-10,5
rua||gilberto bedin|nelson niero|13734574|25,-2145819,-4699282;32,-2,8;33,4,-14;40,4,7;41,-1,-8;48,2,-1;49,5,-13;56,8,4;57,-5,-13;64,6,10;65,-2,-19;72,4,9;73,-2,-12;74,7,6;76,3,-3;78,6,-12;84,0,0;92,9,-9;105,-11,-6;110,13,2;113,-2,-6;118,0,0;121,-2,-10;126,9,-2;129,-4,-6;134,1,1;137,6,-9;142,8,4;145,-9,-12;177,23,-23;180,5,-1;185,-5,-1;188,10,-9;193,-2,-4;196,9,4;201,-6,-10;204,8,-3;209,-8,0;217,-1,-12;220,14,3;225,-13,-16;228,14,17;260,21,-33;268,-13,0;276,14,-7;286,5,-8;292,4,-10
rua||gilberto bedin|portal da cidade|13733471|99,-2145590,-4699677;821,146,-252
rua||gilda de queiros telles cunali|jardim santa emilia|13732460|19,-2145720,-4701564;25,-13,6;161,-141,15;203,-56,-9
rua||gildo geraldo|ari estevao|13734668|8,-2145893,-4698988;9,7,-8;16,-1,18;17,2,-22;24,5,24;25,-1,-4;34,5,9;35,8,-3;45,6,-1
rua||gino borone|conjunto habitacional gilberto rossetti cohab ii|13737662|23,-2150053,-4700889;24,-8,9;33,14,-4;34,-9,10;43,18,1;44,-10,11;53,12,-8;73,21,27;74,-8,7;83,11,-4;84,-5,21;93,11,-10;94,-3,11;103,9,-5;104,-8,11;113,10,-2;114,-3,9;123,7,-3;124,-3,17;133,5,-11;134,1,18;143,2,-3;144,1,12;153,9,-7;154,-3,19;161,7,-15;163,-1,6;164,-2,12;173,6,-4;174,-1,22;183,4,-14;184,1,21;193,3,-9;194,1,21;203,1,-19;204,3,30;213,3,-20;214,2,26;223,1,-16;224,0,24;233,3,-14;243,3,8;253,-3,5
rua||giordano dal rio|conjunto habitacional gilberto rossetti cohab ii|13737350|25,-2149262,-4701215;26,-12,-2;35,8,7;36,-9,-3;45,0,19;46,2,-22;55,-6,26;56,-10,-2;65,3,5;66,-7,4;75,3,8;76,-10,6;85,8,8;86,-10,-6;95,3,8;96,-11,-3;105,7,13;106,-5,-3;115,2,11;116,-14,-2;125,7,8;126,-8,-6;135,9,19;136,-18,-3;145,12,1;146,15,1;147,-16,-1;155,-7,19;156,-10,-5;175,-5,29;176,-13,1;185,-4,12;186,1,-5;195,3,8;196,-7,-1;205,5,6;206,-11,1;215,-1,16;216,-3,-8;225,-12,35;226,7,-27;235,0,8;236,4,-4;245,-4,15;246,-14,-5;255,8,18;256,-10,-7;265,23,12;266,-24,-5;275,1,9;276,-14,2;285,7,4;286,-13,5;295,6,8;296,-8,-1;305,2,9;306,-5,-5;316,-9,19;325,4,5;326,-5,-1;335,-5,7;336,1,-3;345,-18,10;346,9,-2;355,0,16;356,-4,-9;365,2,18;366,-12,-7;375,-4,15;385,5,2;386,-7,-1;395,3,15;396,-10,-7;405,0,13;406,-3,-8;415,-4,23;416,-9,-7;425,9,10;426,-10,9;435,10,-8;436,-10,17;445,0,-5;446,-11,-6;455,7,17;456,-8,-4;465,14,-4;466,-22,13;475,6,1;476,-10,11;485,3,16;486,-1,-13;496,-10,14;506,-4,11;516,-13,4;526,0,2;536,-1,10
rua||giovani delduque|jardim sao jose|13736615|29,-2149014,-4700693;39,-3,5;49,7,-13;50,11,-5;59,-10,-4;69,0,-11;70,14,-4;79,-8,-4;80,3,-8;89,-3,-2;90,11,-7;99,-7,-4;100,5,-5;109,-5,-7;110,17,-4;119,-16,-4;120,10,-3;129,-12,-10
rua||gloria aparecida januario|condominio paraiso das garcas|13749899|40,-2137370,-4701585;42,-45,-22;47,-180,-92;48,-31,-18;60,23,21;61,19,9;62,22,13;63,22,12;64,18,8;68,108,56;69,33,12
rua||goiania|vila quintino|13736078|5,-2147487,-4700247;15,4,5;25,7,13;43,10,5
rua||goias|vila lambari|13731080|12,-2146534,-4701373;17,-5,-1;18,-3,8;141,-58,-35;153,7,4;155,-69,-2;163,-10,-2;179,-12,1;186,125,23;191,-132,-22;197,145,19;198,-4,2;201,-152,-24;209,-15,-20;211,13,12;215,-10,-4;217,1,-5;223,-5,-12;239,-18,7;245,-5,-13;255,-23,-12;265,10,10;281,-10,-7;285,-1,-2;295,-11,-11;321,-28,-7;325,-9,-2;340,2,-13;350,33,13;355,-52,-4;364,-2,-15;365,300,117;373,-301,-109;395,-10,-14;404,-2,-1;414,-17,-9;415,-4,15;424,-12,-20;425,1,14;434,-3,-14;435,-2,9;444,-10,-9;445,2,7;454,-8,-8;459,-12,0;464,9,-3;465,-35,-39;474,-24,56;475,29,-25;484,7,-6;485,-20,1;494,12,-7;504,-6,-1;514,-4,-5;518,-14,-5;524,-9,-3;534,-4,-6;541,-12,-2;544,3,-6;551,-13,-2;553,-1,3;558,5,-3;561,-11,0;571,-14,-12;581,-4,1;584,13,-1;591,-20,0;594,15,-3;601,-20,-8;604,11,1;611,-32,-10;614,27,4;621,-36,-10;624,28,7;631,-37,-15;634,26,6;641,-31,-9;651,-6,3;674,-8,-13
rua||goncalo vieira|conjunto habitacional gildo geraldo|13737745|30,-2144832,-4699317;31,0,-3;40,4,-6;41,-6,-7;50,5,-1;51,-7,-11;60,5,-1;61,-2,0;70,3,-12;71,-5,1;80,3,-6;81,-2,-7;90,3,-2;91,-3,-3;100,4,0;101,-5,-6;110,7,-13;111,-6,3;120,6,-9;121,-7,0;130,9,-5;131,-8,-5;140,5,-4;141,-7,-4;150,9,-9;151,-9,1;160,4,-3;161,-2,-7;170,6,-4;171,-16,4;180,17,-16;181,-10,3
rua||goncalves dias|cecap|13732080|10,-2146150,-4701004;12,58,-98;29,-94,137;39,13,-3;93,22,-42;145,38,-40;219,33,-59;225,2,-5;275,33,-45;325,37,-47;335,2,2;384,39,-55;385,8,-8
rua||guanabara|jardim riachuelo|13738505|582,-2147116,-4701856;596,-6,-3;606,-12,-12;611,11,21;616,-15,-22;617,9,18;621,-2,-4;626,-14,-20;630,-8,-1;631,12,14;636,-21,-20;641,14,15;646,-19,-19;651,8,15;656,-19,-19;661,12,12;666,-22,-20;671,-11,58;676,9,-62;681,-1,47;686,-5,-52;691,5,10;697,71,53;701,-76,-53;711,-6,-2;723,-8,-3;749,-21,-8;758,0,-19;759,-9,4;768,-2,-3;769,-6,-1;778,4,-5;779,-5,3;789,-15,-10;799,-1,-2;808,-1,-8;809,-8,0;818,0,-6;819,-19,-4;828,11,-1;829,-13,-1;838,3,-8;848,-5,-3
rua||guanabara|vila santa rosa|13731110|3,-2146530,-4701455;11,-7,-10;23,-13,-7;40,4,-9;80,-36,-12;84,-2,-3;94,-3,-8;95,-5,3;104,-3,-10;105,-7,6;114,2,-9;115,-8,3;124,-6,-7;127,-2,6;135,-7,-5;136,8,-3;146,-8,-13;147,-11,6;154,2,-3;155,-12,5;163,-12,-12;164,15,-3;165,-14,5;176,6,-7;177,-8,2;214,-18,-25;222,-10,7;225,-3,-7;232,-5,-12;233,-3,15;241,-4,-6;255,-10,-6;260,2,-13;263,-6,9;266,3,-11;273,-18,5;274,7,-12;284,-8,-4;285,-6,11;290,4,-15;295,-12,9;296,8,-17;302,-6,3;305,-9,9;314,0,-13;315,-7,8;317,-4,3;328,8,-17;329,-14,3;336,1,-10;339,-10,6;342,-1,-8;347,-4,5;354,0,-9;364,-4,-10;388,-9,0;391,-31,-14;398,4,-4;401,-16,1;408,9,-6;409,-10,5;418,0,-9;428,-1,-3;429,-17,1;431,-6,-6;434,15,-3;436,-9,-6;446,-4,-1;450,-3,-6;457,-9,6;458,-3,-15;462,-3,0;463,4,16;464,-9,-19;471,-7,11;472,5,-14;476,-8,2;477,-7,6;478,1,-14;480,-10,4;482,1,-5;484,-6,-6;486,4,1;487,3,13;490,-8,-16;497,0,13;501,-1,3;502,-8,-22;507,6,14;512,-20,-19;513,7,14;515,-12,-2;517,4,-4;519,-7,-5;522,5,-8;527,-12,2;531,1,2;532,7,-9;537,-12,5;542,-1,-12;552,-3,0;557,-18,-4;562,7,-5;567,-12,5;572,4,-8;577,-10,5;587,-5,-2;589,0,0;597,-8,-11
rua||guariroba|loteamento chacara palmeirinha|13737465|80,-2144618,-4699204;135,-2,-40;155,6,-24;175,1,-19;195,4,-9;215,4,-23;235,6,-17;255,-1,-24;275,5,-9;295,6,-38;315,3,-10;375,11,-61;390,11,-17;430,-11,0;435,5,-42;455,5,-7;475,9,-30
rua||guatemala|jardim chico piscina|13736460|239,-2147990,-4700294;291,64,-264;292,-8,2;297,8,-1;356,-29,61;364,-1,4;368,2,3;370,-1,1;397,1,46;409,-3,13;414,-8,-13;428,0,9;433,3,26;442,-11,-9;447,11,17;552,-28,90;566,-7,24;582,-5,22;643,-6,48;655,-4,18;664,-15,-1;667,12,16;678,-8,1;679,5,8
rua||guatemala|jardim lavinia|13736460|29,-2147896,-4700793;41,0,18;46,-14,-15;55,6,18;60,-7,-11;74,9,24;83,-3,25;97,1,-12;102,-10,9;168,0,63;204,-8,29;228,2,19;229,3,-24
rua||guiana|jardim lavinia|13736270|44,-2147529,-4700802;54,1,30;64,0,13
rua||guilherme de almeida|jardim santa clara|13735330|20,-2147400,-4699401;30,-6,10;31,12,7;40,-14,-4;41,4,11;51,1,4;60,-15,6;61,10,9;70,-12,0;71,11,7;80,-13,8;81,10,-5;101,-10,25;106,-12,-4;111,8,12;121,-3,10;126,-7,-8;131,5,23;136,-9,-17;141,5,25;146,-11,-11;156,-2,8
rua||gustavo coelho dias|jose justi|13734515|32,-2145280,-4702428;42,-1,-13;52,6,-11;62,-1,-10;72,-2,-6;82,-5,-19;92,16,-3;102,0,-12;112,0,-4;132,5,-20;142,2,-13;152,0,-10;162,6,-7
rua||gustavo miachon santos|terras de santa marina|13737054|53,-2147632,-4701212;100,37,3;160,53,-8;216,33,-5;221,18,-14;233,15,10;323,18,-15
rua||hamilton leite da silva|cecap|13732060|3,-2145791,-4700998;13,-9,-6;23,-9,-16;33,-4,0;43,-1,-7;53,-6,-8;63,-11,-9;73,0,-4;83,-4,-8;93,-8,-9;103,-3,-11;113,-10,-4;123,-12,-7;133,2,-11;143,-5,-8;153,-1,-1;163,-29,-15;167,14,0;173,-1,-1
rua||hamilton leite da silva|conjunto habitacional gabriel do o cohab i|13732060|14,-2145782,-4701002;64,-42,-60;74,-8,-7;84,-9,-13
rua||heitor villa lobos|jardim santa clara|13735340|1,-2147466,-4699440;11,-11,11;20,-19,-73;21,16,78;30,0,-18;31,0,35;40,-10,-21;41,2,23;51,5,5;60,-6,-16;61,1,29;70,-8,-19;71,2,20;80,-5,-21;90,-5,18;105,1,37;115,-3,11;125,-8,12
rua||helena catarina da silva|conjunto habitacional luiz antonio fernandes dias|13737215|68,-2149617,-4700380;88,-20,9;98,-2,-4;395,54,5;414,14,-10
rua||helio franzoni|jardim sao domingos|13733360|37,-2145177,-4700531;41,7,-14;50,9,3;53,-5,-12;65,7,-13;72,16,0;77,-11,-8;84,16,-4;89,-10,-2;96,16,-5;101,-4,-9;108,11,0;113,-11,-8;120,18,1;132,4,-13;137,-6,1;144,16,-9;149,-13,-8;156,16,0;161,-5,-2;168,10,-9;173,-4,-5;180,14,-5;185,-9,0;194,12,-6;195,-7,-9;222,25,-11;227,-8,-12;234,18,-6;239,-18,0;246,19,-10;261,-7,-2;263,1,-15;275,11,-3;282,12,-4;287,-8,-5;294,22,-18;299,-11,7;306,12,-12;311,-8,5;323,5,-10;330,14,-2;335,-6,-10;342,12,1;347,-3,-11;354,7,-2;359,1,-5;366,6,-2;373,1,-10;378,7,-4;383,-8,-3;390,15,-7;395,-5,-3;404,7,-2;409,-4,-9;432,28,-4;437,-14,-13;444,18,-6;449,-9,-9;456,14,-4;468,12,-26;473,-10,12;480,14,-5;485,-8,-5;492,14,-4;497,-8,-6;504,7,-6;509,9,7;516,3,-14;521,-8,-6;528,14,-1;533,-8,-3;540,14,-9;545,-2,-5;554,8,2;4683,-44,55
rua||heloisa de figueiredo|jardim riachuelo|13737120|168,-2147320,-4701779;178,-6,-4
rua||henrique brisighello|conjunto habitacional gilberto rossetti cohab ii|13737330|32,-2149184,-4701168;42,-1,-1;52,-5,10;62,-9,9;72,-1,16;82,-6,3;92,-13,1;102,9,17;112,-11,6;122,-4,7;132,-9,4;142,2,8
rua||henrique brisighello|conjunto habitacional gilberto rossetti|13737330|31,-2149178,-4701167;41,-10,8;51,4,9;61,-8,5;71,0,6;81,-5,8;91,-6,13;101,-7,7;111,-2,8;121,-9,10;131,0,5;141,-1,6
rua||hermenegildo picoli neto|jardim lavinia|13736334|50,-2148404,-4700781
rua||hermes da fonseca|jardim primavera|13738585|106,-2147130,-4702356;118,-12,7;130,-9,2;140,-11,8;142,-5,1;154,-1,4;166,-12,16;173,-1,2;178,-7,-4;183,5,8;190,-19,2;195,5,8;198,76,-59;202,-90,57;205,4,8;213,-4,4;214,-6,-6;226,-10,2;233,-4,28;234,-2,-18;238,-3,2;250,-8,3;274,-13,10;300,-29,23;312,-11,3;324,-7,13;336,-13,2;348,-9,10;360,-10,3;372,-10,9;384,-7,-1;396,-11,10;408,-11,5;420,-8,5;432,-5,11
rua||hermogenes pires dos santos|conjunto habitacional gabriel do o cohab i|13732599|13,-2145605,-4701053;167,-62,-75;175,-20,-46;201,-14,-35
rua||heroino machado|vila carvalho|13735489|15,-2147959,-4699490;25,-6,8;26,1,-7;35,-2,18;36,-2,-10;45,-2,16;46,-2,-9;55,0,17;65,-7,10;75,-1,7;85,-4,11;94,-3,-1;95,0,10;104,-8,0;105,1,6;114,-4,1;115,2,7;125,-1,7;135,-5,14
rua||hilario peixeiro santos|conjunto habitacional nene pereira lima|13732390|14,-2145935,-4701716;36,-22,-74;56,2,7;66,3,13;76,3,9;86,0,8;96,3,11;106,-1,5;116,6,17;120,0,6;126,2,8;136,3,-1;146,3,10;150,-3,11
rua||honorio ferreira pinto|conjunto habitacional gilberto rossetti cohab ii|13737395|20,-2150046,-4701016;29,1,-1;30,14,12;39,-8,-7;40,13,11;49,0,-6;50,5,14;59,4,-7;60,4,11;69,2,-1;70,4,11;79,6,-8;80,-1,15;89,3,-11;90,5,17;99,5,-8;100,3,19;109,2,-13;110,0,18;119,10,-8;120,2,23;129,4,-15
rua||hortencia freire machado|jardim sao jose|13736620|67,-2149201,-4700785;91,-8,-11;111,22,0;169,59,-2;170,-8,10;179,17,-9;189,11,0;199,9,3;208,9,-2;225,67,-3;255,-21,-1;275,31,4;285,11,-5;295,8,6;315,18,-3;325,8,1;330,27,11;335,-24,-10;340,8,6;345,11,-7;355,10,3;365,3,-4;375,11,-5;385,7,-8;395,14,-1;405,5,-2;415,9,2;416,1,6
rua||hugo magri|jardim alvorada|13732547|39,-2145046,-4701588;51,-5,-12;55,-2,-9;103,-27,-41;113,-1,-8;123,-8,-6;133,-8,-10;181,-39,-38;191,-2,-5;199,5,-7;205,-7,-6;211,4,1;225,2,-8;235,-14,-16;261,-5,-2;325,-54,-74;339,-6,-5;345,-4,-12;385,-9,-29;393,-3,-11;401,2,-7;409,-4,-13;417,0,-1;425,-6,-7;433,5,-3;441,-8,-9;615,41,118
rua||humberto benedetti|colina verde|13737020|275,-2147669,-4701320;287,4,-8;311,14,-22;323,6,-6;337,6,-12;401,32,-56;413,8,-9;449,15,-29;461,6,-9;497,16,-25;551,30,-48;563,7,-11;575,4,-8;587,3,-7;625,6,-36
rua||humberto benedetti|jardim colina verde|13737020|378,-2147626,-4701363;388,-3,3;402,24,-55;414,6,-6;426,8,-15;462,20,-26;474,3,-10;486,4,-17;498,11,-9;510,1,-5;552,29,-33;564,3,-11;588,11,-17;612,19,-20;628,2,-11
rua||humberto cunali|vila santa rosa|13731089|35,-2147035,-4701636;40,-4,5;45,1,-10;50,6,-16;55,11,26;65,-3,-30;75,3,-8;85,2,-11;90,2,6;95,1,-7;105,-4,-14;145,31,-14;155,4,-12;160,11,2
rua||humberto de queiroz|mocoquinha|13734150|10,-2146311,-4699764;16,-3,-11;26,-10,0;27,-7,12;29,-13,-6;36,11,-10;38,1,0;48,-11,-10;68,-18,-16;91,-10,8;92,-1,-16;101,-9,7;103,-3,-1;109,-9,4;116,5,-23;129,-11,13;130,-1,-14;131,-6,3;149,-15,-7;150,8,-4;159,-9,7
rua||ibsen belmudes de toledo|jardim jose andre de lima|13736740|32,-2148078,-4700176;33,-8,-11;44,11,-5;45,-9,-4;56,10,-1;57,-10,-20;68,7,5;69,-13,-13;80,14,5;93,-11,-18;103,-4,-32;110,10,1;122,-3,-4;170,-45,-15;222,-44,-19;234,-14,2;246,-9,-3;258,-15,-3;270,-7,-7;282,-13,3;294,-6,-2;318,-25,-10;330,-8,0;342,-10,-1;363,9,10;368,-38,-26;380,-1,6;392,-12,-6;404,-9,-2;416,-18,-1;428,-9,-5;440,-10,-3;464,-20,-6;476,-9,-3;488,-13,1;500,-5,-4
rua||ida greghi|conjunto habitacional gildo geraldo|13737775|37,-2145087,-4699132;47,1,-13;57,11,2;58,3,7;67,2,-14;68,0,7;77,7,-19;78,0,14;87,4,-13;88,-2,5;97,5,-14;98,2,5;107,8,-13;108,-5,10;117,9,-15;118,-4,6;127,10,-11;128,0,6;137,2,-17;138,-1,8;147,3,-14;148,1,14;157,5,-20;158,7,7;167,3,-15;168,-5,10;177,13,-17;178,-2,8;187,3,-12;188,-2,9;197,6,-17;198,7,-1;207,0,-6;208,-3,12;217,7,-17;218,4,6;227,3,-13;228,-1,5;237,9,-15;238,2,10;247,2,-16;248,-1,9;258,7,-8;268,3,-5;278,1,-4;310,-2,-41;311,-8,-2;320,8,-7;321,-9,2;330,13,-8;331,-11,-3;340,8,-8;341,-2,-7;350,-1,1;351,1,-4;360,1,-3;361,-8,-3;370,11,-11;371,-6,-2;380,4,-4;381,-6,1;390,8,-11;391,-7,-3;400,2,-7;401,2,4;410,0,-12;411,-5,3;420,4,-12;421,-1,5;430,7,-10;431,-9,-7;440,5,-2;441,-8,-4;450,6,-7;451,-4,-1;460,-2,-8;461,0,2;480,6,-40;481,-6,10;490,6,-22;491,-6,13;500,4,-22;501,-4,10;510,2,-15;511,-4,15;520,8,-20;521,-8,11;530,6,-24;531,-2,18;540,3,-25;541,-5,13;550,-3,-25;551,1,11;560,-2,-17;570,-6,-10;580,-1,-1;590,-5,-8;600,-4,-9;610,-2,-13;620,-6,-4;630,-4,-7;640,-8,-7;650,1,-3;660,-3,-15;670,-6,-4
rua||imaculada conceicao|vila maria|13730420|14,-2146888,-4700871;15,-62,63;22,64,-70;32,2,-8;44,9,-7;45,-66,85;55,7,-17;65,6,-12;75,8,7;164,48,-71;174,22,-26
rua||iria josefa|centro|13730080|7,-2146323,-4700223;19,-13,3;21,-146,-128;39,-10,-6;47,-11,-4;55,-8,-12;57,151,121;61,-4,0;64,12,-5;67,-19,0;71,-75,-67;74,77,54;80,-8,-2;81,-10,-1;91,-1,-1;149,-38,-31;150,-6,-8;169,-13,-13;181,-19,-11;297,-81,-61;300,10,-1;309,-14,-6;312,-3,-1;327,-13,-5;332,5,-13;340,-9,0;341,-5,3;351,-10,-12;361,1,-2;364,8,1;374,-5,-8;379,-11,1;388,-9,-14;390,-17,13;396,10,-18;1009,185,158;1015,68,43
rua||isaias vaccillotto|conjunto habitacional nene pereira lima|13732430|162,-2145444,-4701923;164,-25,-18;165,-19,-20;207,-157,-88;255,113,68
rua||italo pucciarelli|colina verde|13737025|622,-2147328,-4701511;625,-7,-11;659,14,-32;671,8,-8;694,15,-14;695,-5,-5;718,17,-9;719,-5,-8;739,8,-12;749,18,-25;759,7,3;762,2,-5;769,1,-3;772,1,-6;779,5,-11;782,1,0;789,-1,-5;792,6,0;799,1,-10;802,1,3;809,0,-13
rua||italo pucciarelli|jardim colina verde|13737025|393,-2147452,-4701335;407,9,-15;430,11,-9;431,2,-11;443,7,-8;454,7,-4;455,-3,-6;478,16,-11;479,-4,-8;492,18,-10;533,12,-38;544,8,-1;545,-4,-4;556,11,-6;557,-4,-2;568,7,-6
rua||ivone pereira rotta|conjunto habitacional jacinto pisani projeto cem|13732640|22,-2144990,-4701218;23,-16,-7;33,-7,-9;42,12,0;43,-19,-6;52,18,-8;53,-20,-4;62,14,1;63,-19,-8;72,13,3;73,-21,-11;82,4,5;83,-13,-10;125,-28,-37;135,-6,-6;137,11,11;145,-13,-14;160,-20,-43;174,-58,-85;175,109,167;176,85,91;189,-158,-187;203,-33,-38;207,7,-7;210,-7,-12;217,-5,8;223,-5,-4;233,1,0
rua||ivone pereira rotta|sao domingos|13732640|130,-2145065,-4701313;140,-6,-11
rua||izael fonseca|sao benedito das areias|13755000|12,-2132643,-4702934;22,9,-7;25,12,-16;32,-1,12;35,4,-16;42,-2,7;45,6,-16;52,1,14;55,6,-20;62,6,7;72,5,1;75,9,-17;82,-2,17;85,7,-21;92,0,16;95,6,-19;102,3,10
rua||izaias francisco de oliveira|jardim lago dos ipes|13735716|30,-2148200,-4699624;39,1,6;40,7,2;49,3,7;59,5,9;60,3,-4;69,3,7;70,2,-1;79,5,10;80,3,-4;89,0,6;90,8,-1;99,2,12;100,1,-7;109,3,10;110,8,-2;119,1,9;149,24,18;150,-4,-8;159,9,16;169,8,8
rua||jacinto belarmino da silva|alta vista|13735646|76,-2148423,-4698993;86,10,3;95,16,-8;96,-8,10;106,9,-1;115,19,-3;116,-8,5;126,8,4;136,12,1;145,17,-5;146,-10,5;165,28,-1;166,-11,4;176,7,3
rua||januario batista|residencial samambaia|13734282|102,-2145858,-4699118;122,-16,6;131,-8,9;132,0,0;141,-12,0;152,-6,5;161,-9,8;162,5,-10;171,-11,10;172,2,-6;181,-14,14;182,4,-10;191,-11,15;192,5,-5;201,-11,7;202,-5,-5;211,-1,5;212,-4,1;221,-9,4;222,-1,-2;231,-7,7;241,-11,4;242,1,-7;251,-5,6;252,-3,2;261,-5,4;271,-14,-1;282,-8,2;292,-10,3
rua||januario valerio|ari estevao|13734667|8,-2145874,-4699018;13,11,-2;16,-2,1;21,5,0;24,3,7;29,7,0;34,1,15;44,3,-13;65,19,13;75,9,7;85,16,-4
rua||jayme rehder|jardim bianchesi|13735522|215,-2148096,-4699408;225,-8,7;235,0,9;245,-6,7;249,-1,5;255,0,6;259,-1,4;265,-8,6;275,-4,8
rua||jayme rehder|vila carvalho|13735522|140,-2148131,-4699363;224,22,-42;234,-3,18;244,-6,1;254,-1,3
rua||joana da silva carreira|jardim sao jose|13736625|21,-2149132,-4700690;40,10,-16;41,-8,-6;50,10,-2;51,2,-6;60,-2,-6;61,-8,3;70,9,-9;71,-1,-4;80,8,-12;81,-6,1;90,6,-5;91,-5,-1;100,8,-14;101,-7,-1;110,9,-36;111,-9,26
rua||joanna zatur naufel|jardim sao jose|13736630|20,-2148714,-4700664;30,3,-4;31,-7,-3;40,11,-5;41,-10,-4;50,12,-6;51,-5,-6;61,1,-17;70,3,3;71,-6,-4;80,12,-5;81,-5,4;90,7,-14;91,-3,-1;100,10,-5;101,-14,-5;110,9,-8;111,-5,-2;120,9,-4;121,-8,-10;131,0,-2;140,13,-13;150,2,-6;184,11,-37;194,1,-6;195,-2,-3;204,3,-12;205,-3,-1;214,6,0;215,-7,-8;224,8,-6;225,-8,-1;235,2,-11;245,-2,-13;255,16,-4;395,-19,69
rua||joao ananias|jardim das paineiras|13735112|11,-2146640,-4698777;25,-4,-7;101,-68,16;106,84,-24
rua||joao anzaloni filho|jardim central pricoli|13735200|486,-2147377,-4699894;544,-56,29;655,-90,34;656,-16,-7;661,3,8;671,-14,-1;681,-4,5;694,-22,-9;706,-2,7;718,-12,6;730,-15,5;740,-7,-2
rua||joao anzaloni filho|jardim santa clara|13735200|224,-2147355,-4699883;333,102,-38;334,-2,-11;343,-14,8;345,0,-2;346,-1,0;355,-1,6;365,-13,2;372,-1,-2;375,-5,9;384,-13,-7;385,7,20;388,-5,-20;404,-11,7;410,-11,9;413,9,5;419,-11,-1;431,-10,-4;440,-14,6;447,2,1;450,-10,7;451,17,-14;458,-26,11;491,-25,13;501,-7,1;553,-40,28;563,-13,-4;571,-15,1;591,-7,4;595,-6,0;611,-4,2;701,-94,21;721,-8,12;727,-20,1;741,-21,-8
rua||joao augusto filho|conjunto habitacional gabriel do o cohab i|13732600|10,-2145612,-4701076;20,6,0;29,-110,72;30,118,-79;39,-112,78;40,123,-85;49,-116,77;50,123,-82;59,-115,66;60,124,-67;69,-112,75;70,119,-81;80,9,-15;89,-121,75;90,125,-72;99,-105,71;100,113,-75;109,-138,74;110,147,-81;119,-114,65;120,122,-68;129,-109,64;130,114,-67;139,-109,51;140,122,-56;150,6,-10;159,-116,63;160,124,-65;169,-112,57;170,122,-65;179,-116,64;189,6,-5;190,138,-71;199,-130,66;200,140,-70;209,-132,67;210,142,-68;219,-130,62;220,141,-67;229,-138,62;230,145,-69;239,-138,67;240,148,-75;249,-141,65;250,147,-58;259,-139,57;260,151,-56;269,-141,51;270,143,-56;279,-136,50;289,8,-5;290,147,-77;299,-139,74;300,147,-55;309,-134,46;310,137,-47;319,-134,50;320,144,-56;339,-114,37;349,7,-1;359,9,-6;369,8,2;379,10,-6;389,6,-6;399,8,0;409,8,-7;419,15,-5;429,-1,-9;439,8,5;443,17,-3;459,0,-2
rua||joao batista brisighello neto|nelson niero|13734575|20,-2145746,-4699207;29,9,-18;30,-6,8;37,7,-6;38,-6,0;45,13,-27;46,-5,17;53,9,-16;54,-1,11;61,4,-15;62,-1,7;69,3,-16;70,3,6;77,4,-18;78,-1,11;85,3,-13;86,3,8;93,1,-15;94,2,13;101,2,-21;102,1,8;109,3,-16;110,3,8;117,1,-13;118,2,4;125,1,-7;126,3,2;133,5,-12;134,-2,4;141,-2,-11;142,5,5;149,0,-3;150,4,-2
rua||joao batista de carvalho|conjunto habitacional jacinto pisani projeto cem|13732670|9,-2145267,-4701352;19,14,-2;20,9,6;24,7,-2;29,-11,-9;30,9,9;39,3,-12;40,0,6;44,14,-3;49,-8,-4;50,15,-2;59,-5,-7;60,12,14;69,-6,-11;70,15,6;79,-3,-10;80,9,9;83,-6,-10;89,6,-4;90,9,7;99,-5,-9;100,11,10;103,0,-14;109,6,2;110,0,4;119,1,-8;120,7,2;130,11,-2;140,10,-2;159,16,-14;160,21,1;163,-12,-5;169,7,1;170,1,-1;179,6,-4;180,18,0;189,-6,-3;190,12,3;193,-72,16;199,64,-23;200,18,5;209,-15,-6;210,21,0;214,10,-1;219,-16,-5;220,20,4;229,-12,-1;230,10,-5;233,-5,-3;239,8,-3;240,21,-1;243,-19,0;250,23,8;252,7,-10;254,-7,4;258,0,-8;259,-13,3;269,10,-6;270,13,0;274,16,3;279,-19,-3;280,15,5;285,-17,-6;289,11,-4;290,12,6;296,11,-5;299,-15,2;300,19,1;309,-15,-7;310,20,1;319,-7,-1;320,11,-4;330,5,0;365,-9,-4
rua||joao batista ferreira|carlito quilici|13733522|15,-2144209,-4700699;25,-10,-11;35,-5,-12;45,-1,-4;55,-4,-12;57,7,-3;65,-6,-8;75,-1,-10
rua||joao batista giacoia|braz|13735017|34,-2147098,-4699970;44,-4,-14;52,1,-19;65,-3,-15;70,1,-9
rua||joao batista pereira|jardim das paineiras|13735100|10,-2146866,-4698951;22,0,-19;36,-14,-13;43,-18,7;50,0,-24;78,-9,-14;81,-16,6;95,2,-9;115,-2,-30;125,5,-1;153,22,-10;167,21,11;181,-6,-23;195,33,0;209,1,-14;237,19,-18;251,11,-5;279,16,-26;321,40,-12
rua||joao bento da silva|altos do vale ii|13735672|15,-2148477,-4699285;25,-2,-2;35,-9,8;45,-8,1;54,-15,9;55,8,-7;64,-19,6;65,9,-2;74,-19,3;75,6,3;84,-20,4;85,16,-7;94,-15,9;95,10,-3;105,-12,6;114,-14,5;115,4,-1;135,-18,7;145,-9,0;154,-13,4;155,4,5;164,-8,1;165,-3,3;174,-17,1
rua||joao brisighello|braz|13735009|513,-2146952,-4699976;527,-5,-13;557,-23,-12;564,0,-10;571,-7,0;589,-7,-19;611,-14,-1
rua||joao bruno biazin|conjunto habitacional gilberto rossetti cohab ii|13737303|27,-2149786,-4701479;37,6,14;47,1,7;57,4,12;67,3,16;77,4,0;87,-1,8;97,3,7;107,4,11;120,-17,-24;127,30,45
rua||joao buzzo|alcebiades quilice|13736880|11,-2149014,-4700144;21,-4,4;31,7,18;41,-2,0;51,3,12;61,3,8;71,4,4;81,-7,12;91,6,11;92,-2,-5;101,6,10;102,-4,0;112,-4,7;122,4,14;131,10,-9;132,-10,14;142,6,4;152,0,8;161,11,-6;162,-8,18;172,-3,8;182,2,2;191,14,1;201,-2,6;202,-7,13;211,11,-2;221,3,6;222,-11,12;232,-1,-2
rua||joao buzzo|residencial jardim miguel gomes|13736871|78,-2149067,-4700319;94,8,-1;123,-69,-71;143,-11,-10;153,3,-9;162,-1,16;170,9,0;173,-22,-26;183,-10,-2;188,-4,6;193,0,-2;198,-3,2;203,-1,1;208,-5,-1;210,67,58;213,-72,-57;218,0,-1;223,-6,-4;228,-1,7;233,-9,-7;238,2,8;243,-5,-3;248,-5,10;258,-9,0;268,-4,2;278,-3,1;280,171,104;281,58,-1;301,-47,24;309,-2,5;317,1,6;325,1,10;333,4,8;341,-2,9;349,0,3
rua||joao canciano|jardim sao luiz|13735043|42,-2146947,-4699230;50,-6,10;70,-5,5;84,-6,5;98,-1,15;112,-14,19
rua||joao carrara|jose justi|13734520|14,-2145456,-4702553;15,10,-12;26,8,15;27,3,-15;38,8,12;50,12,5;51,-9,-15;62,18,11;63,2,-5;72,4,9;73,3,-8
rua||joao carvalho de lima|igarai|13750000|630,-2140515,-4680944;646,3,-12;656,-8,-6;674,-6,-17;695,-19,-3;700,14,-20;711,-17,1;721,-5,-10;734,-1,-23;735,-3,13;745,-9,-12;754,10,-12;760,-3,-10;765,-7,0;786,-7,-21;797,-8,3;809,-8,-15;812,5,-7;815,-8,4;820,7,-18;821,-9,9;826,11,-8;837,-10,5;841,-5,-13;844,0,-6;856,-2,-17;861,-13,2;871,-1,-8;878,12,-2;885,-20,-12;892,-41,42;919,26,-64;927,-20,-9;932,37,5;933,-20,-10;942,17,-9;968,-15,-26;980,-12,-13;989,-13,-6;997,-4,-13;1005,-1,3;1008,8,-4
rua||joao cilani|jardim morro azul|13738037|41,-2147343,-4701037;48,-8,9;65,23,-2;72,12,2;77,4,-4;84,-22,-1;101,54,-2;120,-6,4
rua||joao de sisto|jardim botanico|13733552|10,-2144288,-4700418;20,8,-1;30,6,-5;40,7,-1;50,9,-2;60,10,-5;70,6,0;80,9,0;90,6,-7;100,13,1;110,8,-1;120,12,-5;130,9,-7;140,5,0;170,24,-4;200,27,-7;400,173,-42;411,10,-17;421,10,-5;430,10,11;431,-5,-14;440,5,9;441,3,-10;450,11,5;461,2,-4;470,13,0;480,5,-4;481,78,-26;490,-67,26;491,-7,-5;501,14,3;511,9,-2;520,5,-3;530,12,-6;531,-4,-4;540,10,-5;541,-1,5;551,14,-3;560,5,3;561,-2,-5;575,8,-2;580,9,6;590,22,-7;600,10,-8;611,-4,-5;620,8,1;621,-4,1;630,11,1;631,-1,-3;640,9,4;641,1,-4;650,8,3;651,-3,-12;660,11,7;661,-1,-1;671,7,-3;680,4,1;681,-1,-5;690,10,2;691,4,-3;700,4,5;701,5,-10;710,8,3;711,-2,-6;721,7,-3;730,9,9;731,-1,-9;741,6,-5;3020,115,-27
rua||joao de souza dias|residencial italico maziero|13736686|28,-2149512,-4700200;37,-8,20;38,9,-15;47,-2,-7;57,4,0;58,0,-2;67,7,-14;68,-6,-4;77,-12,2;78,10,-8;87,-10,-6;88,13,-3;97,-7,-11;98,10,10;107,-13,-14;108,12,-7;117,-5,-5;118,-2,-5;127,-2,5;128,0,-1;137,2,-17;138,1,6;148,2,-6;157,-13,-18;158,10,-1;167,-8,-9;168,10,9;178,-9,-12;220,8,-37;247,-5,-32;257,0,-11;267,-1,-28;297,9,-7;307,-10,-9
rua||joao espanha|vila carvalho|13735500|33,-2147985,-4699622;43,-7,24;44,-6,-14;48,-2,8;54,-5,7;59,3,7;63,-1,5;67,16,-35;73,-26,48;74,-6,-20;83,1,21;84,-16,-25;94,9,36;122,-4,17;132,-6,9;133,-1,13;142,-6,-1;143,2,10;152,-6,-3;153,2,12;162,-5,-4;172,-4,9;182,-4,7;192,-5,14;193,-1,14;202,-2,-9;203,-2,17;206,2,-13;213,-5,20;222,-12,0;232,9,-11;242,-12,12;252,-6,19
rua||joao falarini|vila carvalho|13735508|10,-2148018,-4699396;20,-1,0;30,-9,-4;64,-32,-20;74,-8,3;83,-13,3;84,6,-10;124,66,38
rua||joao floriano da silva|igarai|13750000|34,-2140613,-4681514;44,-4,-7;54,-9,-9;64,-2,-8;74,-11,-7;84,1,-9;94,-8,-8;104,-3,-5;114,-11,-20;124,-1,-9;144,-11,-16;154,-1,-14;164,-7,-4;174,-6,-6;184,-5,-10;194,-3,0;204,-5,-11;214,-7,-6;224,-4,-9
rua||joao g barreto filho|centro|13730410|41,-2147124,-4700477;42,3,7;50,5,-9;51,-5,-7;61,7,-6;70,16,-12;115,17,-36;135,11,-6;142,11,-6;143,-6,-8;156,16,-4;186,-25,37;205,39,-82;235,13,-11;322,53,-60;325,2,-8;336,1,5;343,6,-13;346,0,4;355,11,-13;356,-5,6;358,2,-3;369,6,-12;373,7,-6;378,0,4;383,4,-14;862,-39,57;910,-38,57
rua||joao goulart|jardim primavera|13738570|1,-2147020,-4702460;13,4,6;14,-4,5;25,12,-2;26,-4,7;37,16,1;38,-12,11;47,22,-2;50,-8,6;61,12,-4;62,-2,13;74,2,5
rua||joao grilo filho|nelson niero|13734580|19,-2145436,-4699524;20,-9,3;27,9,-5;28,4,7;35,5,1;36,-4,4;43,16,0;44,-8,2;51,9,-2;52,-1,8;59,8,0;60,-6,-3;67,15,7;68,-7,2;75,1,5;76,2,-1;83,14,0;84,-4,2;91,10,6;92,-3,-2;99,12,1;100,-8,3;107,13,7;108,-11,1;451,12,14
rua||joao jose chines|vila carvalho|13735490|110,-2147960,-4699601;116,-14,-13;120,11,23;121,18,7;130,-19,-3;131,12,9;140,-14,2;141,7,-3;150,-8,2;160,-5,9;161,13,7;170,-16,6;171,7,6;180,-12,-7;181,12,6;190,-12,10;191,10,2;200,-17,0;201,16,2
rua||joao jose vita|conjunto habitacional gilberto rossetti cohab ii|13737620|46,-2149920,-4701313
rua||joao luiz leopoldo honorato|loteamento altos do vale|13735650|20,-2148486,-4699154;30,-4,9;40,-5,8;45,1,13;50,-4,-5;55,0,12;60,-6,-3;65,2,16;70,-7,-4;75,0,15;80,0,-10;85,-1,24;90,1,-16;100,-6,12;105,-4,20;120,-10,3;125,4,16;130,-5,-5;135,-1,14;140,-6,1;145,2,6
rua||joao martins|sao benedito das areias|13755000|391,-2132051,-4702811;401,-13,-6;402,20,2;410,-7,-11;413,-17,1;420,-1,-17;423,-2,6;450,-27,-56;456,15,55;489,-26,-54;501,-1,-7
rua||joao moreira salles|vila santa cruz|13734210|20,-2146188,-4699560;30,-1,0;33,-3,-6;36,-2,2;43,7,-12;46,4,10;51,-3,-20;52,7,13;60,8,-7;64,0,-8;67,-6,-9;72,11,-1;75,-3,-7;76,5,15;84,0,0;85,2,-25;92,8,8;95,-4,-14;104,9,1;105,-10,-10;114,18,2;115,-14,-1;182,34,-36;185,-4,-5;192,5,3;193,2,-10;202,2,-3;209,1,-3;213,4,-6;214,2,7;215,0,-14;235,8,-5;274,22,-29;295,6,-24;305,4,-6;315,7,-7;325,5,-6;345,3,-16
rua||joao moreira salles|vila santa cruz|13734220|284,-2146070,-4699741;314,15,-28;342,3,-13;352,6,-8;362,7,-7
rua||joao murari|conjunto habitacional gilberto rossetti cohab ii|13737340|202,-2149280,-4701012;212,-6,10;222,-6,9;232,-5,9;242,-17,-8;252,9,22;262,-7,5;272,-3,6;282,-4,16;296,-19,22;302,5,0;312,-15,17;322,9,-4;332,-11,7;342,-9,13;352,-19,16;362,16,2;372,-12,8
rua||joao murari|conjunto habitacional gilberto rossetti|13737340|201,-2149267,-4701010;211,-11,10;221,-2,3;231,-2,8;241,-4,7;251,-10,10;261,-2,5;271,-2,6;281,-3,8;291,-6,11;301,-10,6;311,-5,12;321,-4,5;331,-5,7;341,-1,7;351,-11,11;361,-3,6;371,-5,2
rua||joao nicola|sao benedito das areias|13755000|285,-2131836,-4703144;297,10,-6;318,-9,-6;321,-383,294;328,369,-288;338,-6,16;348,-8,2;358,-7,1;368,-2,5;377,-12,21;417,-30,24;418,7,-17;428,-14,9;429,0,13;436,-12,-4;454,-6,6;457,4,2;466,-13,2;477,0,14;478,-9,-6;502,-20,12;512,-2,2;534,-20,17;542,-6,7;552,118,-89;556,-127,86;568,-16,24;592,-12,7;613,-13,11;623,-4,10;624,-10,-3;633,6,6;644,-12,2;649,-12,17;653,-2,0;658,1,-11;669,-22,28;673,4,-17;679,3,11;688,-7,-9;707,-11,18;710,-9,-6;727,-4,16;739,-12,11;750,3,-15;757,-11,19;770,-4,-7;779,-10,19;780,-3,-11;783,-9,18;787,4,0;796,3,-15;806,-13,8;807,-3,12;817,-8,11;831,-16,10
rua||joao oliveira carvalho|chacara bela vista|13737670|21,-2150149,-4700682;22,-4,19;31,7,-3;32,-4,7;41,7,0;42,-3,10;51,6,-5;52,-2,14;61,8,-4;62,-3,13;71,9,-4;72,-6,16;81,7,-7;82,3,24;91,1,-14;92,-1,12;101,3,-2;102,-3,20;111,13,-7
rua||joao pelosi|vila quintino|13736020|20,-2147219,-4700261
rua||joao pereira lima|santa cecilia|13733030|10,-2146292,-4700147;15,147,-19;27,-126,28;36,5,-11;37,7,5;46,1,-15;47,8,16;59,12,2;66,-9,-11;69,13,7;89,10,-3;95,10,2;101,14,-10;108,124,-14;111,-123,13;116,108,-11;121,-90,19;122,84,-20;132,-175,28;134,164,-28;136,8,1;162,-38,4;168,0,0;172,-8,-1;182,29,-2
rua||joao pinheiro da costa|conjunto habitacional francisco garofalo|13736788|4,-2148649,-4700503;94,9,0;114,-13,-1;117,-114,-33;124,107,31;126,-93,-30;134,78,29;144,-6,-3;154,-6,-4;156,-11,1;174,-10,-9;184,-8,1
rua||joao pretinho|vila carvalho|13735409|11,-2147796,-4699282;20,44,-121;21,-1,35;30,-13,0;31,6,8;32,2,-8;38,0,-4;41,-8,22;44,9,-16;50,-5,10;51,-16,24;57,15,-14;60,6,3;61,-10,6;70,-3,-7;71,-3,22;80,3,4;81,-14,3;90,1,-12;96,-9,11;100,-8,11;101,10,11;111,-3,7;115,-9,11;119,-1,4;120,5,-26;129,-10,32;130,4,-31;135,-12,36;140,-1,-16;141,-2,21;150,3,-19;160,-10,17
rua||joao ramos|ari estevao|13734670|138,-2145776,-4699038;148,-4,9;158,-7,6;168,-1,9;178,-11,1;218,-18,45;228,-6,12;238,-2,5;248,-5,1;470,103,-142
rua||joao scarparo|mocoquinha|13734139|10,-2146259,-4699502;11,6,-10;20,-3,9;21,16,0;22,-16,-1;27,18,2;30,1,15;31,-1,-14;40,7,9;41,-1,-3;51,15,8;60,-1,23;61,9,-16;69,10,6;70,-3,0;80,2,3;96,11,8;100,1,8;110,17,4;120,11,11;125,9,1;129,-9,-8;139,7,3;145,3,6;148,-3,-1;155,14,5;484,-141,-81;496,10,4;503,5,-3
rua||joao silverio|jardim lago dos ipes|13735723|209,-2148310,-4699377
rua||joao sukadolnik|jardim rigobelo|13730249|35,-2146240,-4700889;39,16,-20;46,-36,21;60,2,9;68,-15,21;75,11,4;76,-10,-6;91,-7,27;96,-3,-10;109,0,17
rua||joao vieira|condominio casas do monte belo|13737175|1,-2148534,-4700689;3,-12,-5;4,4,-6;5,-11,4;6,3,-10;7,-19,3;8,5,3;9,-11,-2;10,1,-11;11,-14,9;12,1,-11;13,-9,10;14,2,-13;15,-17,1;16,6,0;17,-11,5;19,-14,-4;20,10,-18;21,-15,18
rua||joao zamarian|distrito industrial 2|13739020|415,-2147446,-4702920;435,15,-3;515,-43,11;520,15,-10
rua||joaquim custodio dias|jardim santa clara|13735270|13,-2147405,-4699484;39,-8,-24;40,3,7;44,-7,3;45,3,-11;53,-3,-11;65,1,-12;75,-2,-2;85,-8,-14;94,4,-2;103,-7,-3;111,1,-19;112,0,-1;123,-1,-5;143,-4,-3;178,-9,-42;188,4,-13;198,-6,-12;208,2,-1;214,-3,-14;228,-1,-7;238,-9,-12;246,-5,-13;291,-13,-39;292,6,2;298,1,-12;301,-11,2;310,14,-7;311,-15,-1;316,11,-10;317,-9,4;326,4,-10;329,-14,-12;337,4,6;340,3,-6;342,-3,-4;345,-2,-15;350,2,12;358,5,-10;359,-12,0;365,-1,-4;370,12,-10;371,-16,3;395,-8,-20
rua||joaquim de souza gomes|portal da cidade|13733472|26,-2145521,-4700002;36,16,-2;66,24,18;76,13,10
rua||joaquim egeas martins|conjunto habitacional francisco garofalo|13736850|18,-2148962,-4700656;19,20,-5;28,-21,15;29,10,0;38,-12,12;39,8,4;48,-11,6;49,10,-3;58,-7,7;59,5,7;68,-7,7;69,6,-1;78,-13,7;79,16,-17;88,-17,28;89,9,3;98,-9,-2;99,4,16;108,-10,1;109,10,1;118,-12,15;119,5,-5;128,-7,17;129,10,-10;138,-10,9;139,4,1;149,2,3
rua||joaquim faria da costa|residencial vale verde|13737289|94,-2150472,-4700080;131,36,43;209,46,88;296,8,56;319,22,33;396,22,51
rua||joaquim firmino costa|jose justi|13734525|23,-2145347,-4702443;33,7,-3;43,-7,-19;53,-2,-4;63,8,-6;73,-1,-12;83,3,-10;93,3,-9;103,3,-12;113,1,-6;123,-1,-6;133,1,-15;143,3,-11;153,3,-6;163,4,-18;173,0,0
rua||joaquim leme do prado|conjunto habitacional gabriel do o cohab i|13732590|7,-2145781,-4701028;8,16,5;17,-12,-1;18,18,-6;27,-7,-1;28,20,-6;37,-17,1;38,21,-2;47,-9,-4;48,18,-2;57,-12,-4;58,20,-2;67,-11,-5;68,17,1;77,-8,-7;78,9,4;87,-3,-8;88,15,-1;97,-11,-3;98,20,-3;107,-12,-4;108,21,-3;117,-11,-3;118,13,0;128,12,-10;137,-13,0;138,17,-5;147,-7,-4;148,20,-6;157,-12,-3;167,5,-2;168,25,-3;178,8,-2;187,-8,-12;188,15,0;197,-8,-4;198,21,1;207,-16,-4;208,23,1;217,-9,-4;218,13,-1;227,-9,-6;228,19,-3;237,-12,1;238,20,0;247,-14,-4;248,27,-2;257,-21,-5;258,23,8;267,-14,-13;268,21,-3;277,-22,2;278,32,-9;287,-26,5;288,31,-8;297,-17,0;298,28,-4;307,-19,1;308,23,-3;317,-14,-7;318,28,0;327,-22,-4;328,26,1;337,-18,-2;347,16,-3;348,24,-5;358,14,-7;359,-24,0;367,7,-3;368,23,1;377,-20,-2;378,30,-3;387,-6,-10;388,14,3;397,-13,-2;398,18,6;407,-6,-9;408,8,9;417,-6,-10;418,29,-5;427,-15,-5;428,15,10;437,-11,-10;438,20,3;448,10,-1;457,-11,-9;458,17,2;468,9,5;477,-11,-16;478,21,4;487,-12,-5;488,16,2;497,-9,-5
rua||joaquim ribeiro|cohab ii|13737370|30,-2149358,-4701271;40,-3,11;50,-11,9;60,-1,11;70,-7,8;80,-8,15;90,-5,7;100,-5,5;110,-5,4;120,-2,13;130,-1,11;140,-76,10;150,64,3;160,-15,10
rua||joaquim ribeiro|conjunto habitacional gilberto rossetti cohab ii|13737370|29,-2149352,-4701264;39,-3,5;49,-1,12;59,-8,7;69,-4,2;79,-11,21;89,-3,5;99,-2,9;109,-4,3;119,-10,10;129,-7,13;139,0,0;149,-7,11;159,-6,11
rua||joaquim ribeiro|conjunto habitacional gilberto rossetti|13734480|22,-2145468,-4702499;34,8,2;46,21,3;58,1,3;82,19,4;170,-62,-15
rua||joaquim ribeiro|conjunto habitacional gilberto rossetti|13737370|37,-2145446,-4702502;49,10,2;61,-3,1;73,22,3;85,14,4
rua||joaquim ventura|carlito quilici|13733512|23,-2144250,-4701179;33,6,13;43,2,10;53,8,11;63,-4,7;73,6,8;83,4,12;93,5,8;103,3,12;113,1,8;123,5,6;133,0,9;143,5,13;173,4,28;273,26,92;283,7,10;293,2,12;303,6,12;313,1,8;323,5,7;333,4,6;343,-5,15;353,12,2;363,7,15;373,-3,6;383,1,11
rua||joaquim ventura|residencial carlito quilici|13733512|24,-2144261,-4701186;44,7,22;74,12,22;84,3,9;88,51,174;94,-44,-167;104,-3,13;109,63,204;114,-58,-194
rua||joel miranda salomao|alta vista|13735638|15,-2148392,-4699099;25,15,-8;35,9,-10
rua||jorge naufel|vila naufel|13734040|9,-2146538,-4699572;19,14,6;20,-19,-2;29,26,4;30,-15,-1;39,16,8;40,-10,-2;49,21,0;59,9,5;69,6,7;70,-4,5;79,20,2;89,2,-1;99,7,10;100,-15,-6;109,26,4;149,27,21;159,17,4;166,3,10;169,3,-6;176,1,8;179,9,-2;186,-2,7;196,4,6;199,6,-7;206,7,11;209,4,-6;216,3,11;219,4,-8;226,1,8;229,5,-9;239,16,11;327,53,33;330,-13,2
rua||jose alves furquim|altos do vale ii|13735676|11,-2148396,-4699249;116,-50,-24;126,-8,-5;136,-8,-8;146,-7,-7;166,-12,-5;176,-10,-1;186,-12,-1;196,-8,-1;206,-7,-2;216,-11,-5;225,-21,6;235,-5,-1;266,-18,-17;276,0,-6;316,-29,-35;325,7,23;326,-22,-19;335,1,9;336,-13,0;345,1,-1;346,-6,-2;355,4,5;356,-2,14;365,-10,-8;366,-7,-5;375,-3,10;385,-5,4;386,-12,0;395,1,4;405,-10,0;415,-5,7;425,-13,2;435,-6,6;445,-8,0
rua||jose alves furquim|loteamento altos do vale|13735676|436,-2148708,-4699325;446,-6,3;456,-8,7
rua||jose alves pinto|jardim sao luiz|13735044|39,-2146700,-4699165;53,-42,-50;67,-9,7;85,-26,16;95,7,-9;123,-27,11;151,-9,15;235,-75,43;249,-13,3;263,-9,9;277,-8,3;291,-19,7;333,-37,23;347,-6,9;361,-9,6;375,-8,1;389,-17,6;403,-4,13;417,-16,-2;487,-53,34;501,-14,3
rua||jose alves|conjunto habitacional francisco garofalo|13736815|27,-2148761,-4700640;36,13,27;37,-16,-11;46,-3,15;47,0,-6;56,-12,16;57,11,-8;66,-10,18;67,7,-8;76,-11,13;77,11,-4;86,-35,9;87,30,-3;96,-32,5;97,29,10;106,-5,6;107,5,5;116,-5,-5;140,-15,42;141,14,-4;150,-15,14;151,12,-7;160,-13,10;161,6,-2;170,-7,16;171,8,-1;180,-12,6;181,6,-2;190,-6,13;191,3,5;200,-11,0;201,9,5;206,-7,-2;210,0,9;211,6,2;221,-2,8;230,-6,-4;231,3,13
rua||jose amato|conjunto habitacional francisco garofalo|13736810|23,-2148834,-4700650;30,-156,-22;311,253,27;345,-35,0;351,-16,1;357,7,0;424,-164,-23;502,-29,-6;515,42,15;520,-52,-16
rua||jose amato|jardim sao jose|13736810|360,-2148798,-4700660;368,-18,0;380,-51,-4;390,-20,-2
rua||jose antonio paganote|jardim botanico|13733557|1,-2143810,-4700652;71,-29,-102;91,0,21;101,2,2;121,1,9;131,4,0;161,10,33;393,-31,-92
rua||jose antonio pereira|jardim riachuelo|13738540|25,-2147198,-4702082;34,13,-7;35,-10,-1;38,135,-41;45,-126,31;48,126,-25;54,-119,28;58,129,-18;64,-125,5;65,-4,-3;74,10,-3;75,-6,-3;84,12,-4;85,-6,-5;94,6,4;95,4,-11;104,1,2;105,-1,-5;114,9,-9;115,0,-8;124,1,4;125,7,-7
rua||jose aparecido esteter|chacara dos ipes|13737680|6,-2143309,-4701777;7,20,29;8,153,213;9,-139,-202;11,171,174;12,-146,-121
rua||jose arlindo santiago|residencial vale verde|13737293|47,-2149994,-4699822
rua||jose arroio|conjunto habitacional francisco garofalo|13736775|25,-2149426,-4700468;26,-10,5;35,4,6;36,-2,3;45,2,6;46,1,2;55,7,14;56,-6,-4;65,3,3;66,-5,6;75,7,10;76,-5,5;85,13,2;86,-16,1;95,14,6;96,-10,8;105,10,1;106,-8,7;115,7,5;116,-6,3;125,13,7;126,-13,5;135,13,8;136,-15,-2
rua||jose arroio|jardim planalto verde|13736775|160,-2149419,-4700329;170,-2,2;175,9,10;180,-7,7;183,13,-2;190,-12,11;191,9,-3;199,9,6;200,-16,3;207,11,5;210,-12,4;215,13,5;220,-15,3;223,15,6;230,-14,-2;231,12,10;239,5,8;240,-11,6;247,17,0;250,-14,7;255,5,-3;260,-14,7;261,16,1;269,2,16;270,-12,-8;275,16,15;280,-15,-6;283,17,6;290,-14,5;291,12,14;299,-4,9;300,-7,-11;307,11,11;310,-14,9;315,8,4;320,-4,-9;323,9,15;330,-10,1;331,9,3;339,-2,7;340,-4,-3
rua||jose balbino|condominio paraiso das garcas|13749899|74,-2137432,-4702215;75,30,14;76,20,16;77,42,13;78,15,5;79,35,20;80,27,14;81,30,10;83,77,42;89,-302,-155;90,34,18;92,53,26;94,43,17;95,44,23;97,34,14;98,24,15;99,44,20;100,27,17;103,101,7
rua||jose balbino|residencial carlito quilici|13733514|27,-2144285,-4701091;37,4,-2;47,-5,-7;57,2,-5;67,-4,-16;77,-2,-10;87,-4,-6;97,0,-7;107,-8,-16;117,-2,-10;270,-15,2;327,1,-32
rua||jose boaratti|conjunto habitacional gilberto rossetti cohab ii|13737673|23,-2150190,-4700642;33,8,10;43,0,13;53,6,8;63,4,14;73,7,4;83,-1,10
rua||jose bonifacio|centro|13730210|20,-2146503,-4699992;32,5,-10;38,4,-8;40,6,-8;430,-122,200;476,16,-17;481,-19,16;491,1,-3;494,10,-1;518,25,-41;540,10,-16;551,2,-4;563,-15,-3;566,9,6;575,4,-14;578,6,1;600,5,-9;620,0,-2;630,21,-34;635,-5,3;640,-15,30;647,27,-44;650,1,2;653,0,-8;657,-3,15;659,5,-19;666,10,-7;668,7,-17;754,44,-51;760,-2,-14;768,3,-3;779,0,-7;806,19,-12;820,4,-14;827,4,-16;834,2,4;837,8,-24;846,0,14;854,1,-7;892,22,-27;907,-2,-14;909,-1,2;910,12,-6;913,2,-14;928,8,-1;931,-4,-8;937,6,-6;944,9,-4;993,19,-46;996,4,10;997,-12,1;1013,60,-92;1020,-36,67;1028,4,-6;1031,-8,-5;1067,29,-39;1068,2,11;1069,6,-8;1081,-6,-12;1084,6,6;1093,-1,-9;1094,8,-2;1108,5,-13;1113,-5,-1;1116,17,2;1121,-13,-8;1129,3,-3;1137,6,-11
rua||jose bonifacio|descanso|13735036|5,-2146856,-4699433;13,11,-7;18,5,-4;19,-5,-5;25,4,-1;26,-1,6;33,5,-16;34,2,9;40,12,-14;47,-9,-3;50,9,-5;59,-2,-11;62,3,6;72,9,-6;110,19,-30;120,2,-14;121,1,0;131,3,-12;132,3,1;141,1,-9;183,21,-34;187,11,-13;203,2,-3;204,0,-1;215,11,-9;220,-2,8;223,-3,-11;226,9,-7;243,9,-12;246,-1,-2;257,-3,-14;258,12,12;266,0,-11;267,-5,-5;274,15,-1;277,-7,-7;280,9,5;289,-4,-13;290,10,-1;320,11,-23;334,10,-16;345,-3,-6;355,7,-11;364,8,6;377,0,-28;379,2,9;393,6,-16;400,7,10;414,12,-32;415,-9,9;428,7,-3
rua||jose caetano guisso|jose justi|13734528|10,-2145426,-4702724;13,13,-10;20,2,2;23,9,-3;30,4,13;33,8,-1;40,-6,8;43,8,-16;50,-1,19;53,14,-13;60,1,8;63,10,-5;70,5,30;73,5,-30;83,11,2;93,5,7;100,-11,3;103,21,-11;110,-10,12;113,17,-13;120,6,19;123,-4,-14;130,6,15;133,18,-9;140,-13,8;150,9,6;160,10,-3;170,6,-6;173,19,-8;180,-8,11;183,17,13;190,-18,-8;193,18,0;200,-1,1;203,22,3;210,-12,5;213,17,0;220,-11,1;223,16,4;230,-2,-3;233,15,6;240,-1,-8;243,8,1;250,-4,1;253,-32,-9;263,60,9;273,7,3;283,10,1;293,1,-7;303,12,19;313,10,-2;353,42,6;363,6,-2;373,10,5;383,7,6;393,7,2;403,14,1;413,5,-3;433,21,5;440,-7,13;443,8,-19;450,1,23;453,16,-14;460,5,-14;463,11,22;470,-16,4;473,9,-11;480,1,13;483,19,-2;490,-11,-1;493,16,0;500,-8,2;503,14,-3;510,-9,6;513,11,3;520,8,11
rua||jose cardoso filho|igarai|13750000|22,-2140771,-4681093;31,-13,-3;36,1,-8;48,-13,-10;57,-1,2;61,7,-1;73,-9,-5;85,3,-10
rua||jose castelani|sao benedito das areias|13755000|11,-2132616,-4702905;14,1,6;21,8,-12;24,0,10;31,8,-17;34,1,10;41,0,-8;44,2,6;51,10,-16;54,2,7;61,2,-8;64,4,6;71,2,-10;74,3,5;81,4,-11;84,2,5;91,6,-11;94,1,2;101,5,-5;104,5,3
rua||jose catalani|sao benedito das areias|13755000|380,-2131825,-4702997;425,-64,-60;500,22,4;520,-12,-23;528,-16,-19;552,-11,-17;562,-22,-24;573,3,12;594,-5,-25;610,-7,-9;632,-4,-16
rua||jose cicero casado|conjunto habitacional luiz antonio fernandes dias|13737510|30,-2149528,-4700665;31,-1,13
rua||jose coimbra duarte|conjunto habitacional gilberto rossetti cohab ii|13737619|23,-2149905,-4701388;24,10,7;33,-6,-9;34,7,5;43,49,-21;44,-24,40;53,-6,-30;54,15,34;63,-19,-17;64,31,11;73,-29,2;74,31,10;83,-14,-17;84,28,17;93,-26,-16;94,29,22;103,-6,-11;104,13,24;113,-16,-17;114,25,12;123,-20,-9;124,29,19;131,112,92;133,-132,-104;134,20,13;143,-13,-13;144,26,17;153,-21,-7;154,30,9;160,94,100;162,-117,-113;163,4,3;164,27,14;173,-14,-6;174,16,3;183,-9,-4;193,8,7;194,25,37;203,-56,-51;204,59,58;214,9,9;224,18,11;234,-6,-2;244,12,13;254,4,3;264,6,15;274,10,-2
rua||jose crisciuma|igarai|13750000|20,-2140595,-4680970;44,-12,-25;54,-4,-7;106,-14,-38;119,-13,-6;128,4,-17;129,-16,7;138,10,-24;146,-5,-1;149,-7,4;158,4,0;163,-12,-16;168,2,-23;169,-62,-99;175,58,111;178,1,-7;185,-11,-1;195,1,-9;229,-18,-45;244,-3,-14;249,-4,20;254,-1,-30;265,3,12;277,-15,-12;284,11,-4;294,-8,-15;307,-9,9
rua||jose de alencar|cecap|13732087|13,-2146070,-4701132;14,16,-9;23,-21,2;24,6,-9;33,-14,0;34,6,-8;43,-17,2;44,10,-9;53,-19,1;54,11,-1;63,-20,-3;64,12,-2;73,-17,-5;74,9,-8;83,-14,-3;84,9,1;94,-14,-11;104,-5,-4
rua||jose de alencar|jardim santa maria|13732087|155,-2146240,-4701298;156,14,25
rua||jose de castro figueiredo|vila carvalho|13735410|2,-2147859,-4699300;3,-10,-6;6,11,1;7,-3,-11;9,-2,6;10,9,-1;13,-4,-12;16,16,3;19,-6,-17;20,6,6;23,-1,-14;30,2,10;40,6,-16;47,0,-10;50,7,0;76,3,-2;89,-10,-1;90,15,-8;105,-4,-16;116,10,2;118,6,-6;121,-11,-8;127,1,-7;128,9,11;130,-1,3;131,-2,-17;141,0,-6;157,26,-13;160,33,-84;166,-39,80;170,46,-87;176,-41,78;179,-6,-9;185,5,-5;188,5,3;190,39,-84;196,-35,75;200,39,-77;201,-41,70;205,-7,3;211,11,-14;212,5,3;221,-4,-11;226,10,3;233,-6,-8;235,2,-2;245,4,-14;259,7,-10;279,5,-18;287,2,-3;299,9,-13;311,-1,-4;314,10,5;337,4,-27;346,11,-9;347,-6,-5;354,14,-2;355,-11,-5;368,18,-7;369,-13,-4;373,8,-4;378,8,2;383,-4,-11;393,1,-13;414,21,-1;420,-3,-4;421,-14,0;423,6,-8;426,12,-9;435,-2,-12;439,0,-1;442,6,-2;444,5,-1;445,-3,-12;450,7,4;455,-6,-10;466,9,5
rua||jose de freitas filho|conjunto habitacional gilberto rossetti cohab ii|13737648|311,-2149701,-4700875;320,13,-1;331,-32,20
rua||jose de souza e silva|jardim sao domingos|13733210|13,-2145755,-4700421;25,6,-4;70,32,-32;75,-13,-4;80,18,-3;87,-9,-7;90,12,-6;91,-4,-3;99,9,-8;100,1,3;109,4,-14;110,6,7;119,0,-16;120,0,13;129,-10,-37;130,19,24;185,24,-58;186,2,16;209,10,-32;210,5,16;221,2,-27;222,33,-27;233,-26,17;246,13,1;257,-4,-10;269,11,-16;270,-17,33;282,30,-37;294,6,-10;299,91,-132;319,-90,109;320,12,7;331,-4,-20;332,7,14;343,1,-24;355,6,-4;361,5,-10;367,4,-4;368,7,6;379,-1,-10;380,7,6;391,-2,-18;392,4,11;403,1,-15;404,9,-2;415,-1,-12;416,14,4;427,-9,-14;428,6,14;439,-2,-19;440,15,1;491,15,-48;503,2,-7;515,9,-12;516,8,13;527,0,-20;528,5,7;539,3,-19;540,2,14;551,3,-24;552,6,9;564,8,-9;576,6,-7;587,3,-16;599,4,-10;600,1,9;611,6,-24;612,3,13;623,6,-20;624,-1,11;635,5,-20;636,9,6;649,-5,-13;675,13,-25;687,9,-7;697,3,-5;702,12,1;709,-6,-23;721,2,-17;733,-2,-6;738,12,18;745,-14,-31;750,13,23;762,-3,-15;779,20,-21;796,34,4;810,-16,-9
rua||jose de souza|aparecida|13735039|291,-2146974,-4699635;325,-43,-32;391,-39,-21;401,-5,-4
rua||jose de souza|descanso|13735039|6,-2146695,-4699430;11,1,0;12,-75,-57;13,-6,6;15,1,-1;31,-8,-7;32,4,-3;35,-8,0;41,71,48;60,-11,-9;77,-86,-58;78,4,-5;80,-19,-4;85,11,2;88,13,13;92,-24,-27;105,-25,14;106,15,-16;112,-6,-10;116,109,82;125,-129,-84;151,-11,-12;152,6,-1;162,-11,-7;165,-11,-3;172,7,-7;182,-4,-1;192,-11,-10;193,-7,1;195,-1,-2;206,2,-5;215,-13,-1;216,6,-5;222,-11,-5;225,-5,5;245,-19,-4;282,-20,-28;290,-15,-13;304,-5,-6;318,-17,-4;332,-2,-10;382,-61,-52;392,9,13;394,9,8
rua||jose do carmo silva|conjunto habitacional gildo geraldo|13737760|25,-2144868,-4699636;35,2,-6;36,6,0;45,-12,-7;55,-4,-11;65,-4,-4;75,-4,-3;85,-5,-12;95,-3,-8;105,0,3;115,-12,-20;125,-2,-8;135,-5,-4;145,-3,-9;155,-3,-10;165,4,-3
rua||jose duarte canerossi|nelson niero|13734585|22,-2145467,-4699477;30,7,-3;31,4,-2;38,2,13;39,4,-7;46,0,7;47,7,0;54,14,2;55,-10,0;62,2,5;68,6,-5;70,-1,12;71,7,-1;78,4,5;79,1,-5;86,4,8;87,0,-4;94,6,9;95,3,0;102,1,-8;103,3,5;110,2,6;111,3,-1;399,18,9
rua||jose duarte canerossi|portal da cidade|13733467|385,-2145564,-4699557;405,-16,-10;415,-3,-9;425,-8,0;435,-10,-1;455,-13,-16
rua||jose eugenio filho|jardim planalto verde|13736370|25,-2149335,-4700331;31,3,20;39,0,1;47,6,9;53,-2,7;61,6,10;69,-1,2;70,-7,4;77,8,8;78,-5,3;85,12,1;86,-3,2;93,6,10;94,-1,-3;101,1,9;102,-5,4;109,8,4;110,-2,-1;118,0,5;125,11,4;126,-8,6;133,8,1;134,-6,6;141,7,0;142,-4,8;149,11,1;150,-4,18;157,8,-7;158,-11,2;165,9,6;166,-1,0;173,9,6;174,-12,13;181,10,-8;182,-3,0;189,11,2;190,-13,2;197,16,11;198,-8,1
rua||jose franceschi|igarai|13750000|164,-2140734,-4681235;172,-11,2;184,-12,5;198,-6,-8;208,-20,-3;218,-4,-11;228,-10,3;236,-6,4;244,-5,-3;247,-17,7;254,13,-11;276,-33,0;296,-5,-3;310,-24,-1;326,-10,0;336,-3,-2;348,-13,-3;358,-10,-3;368,-9,2;380,-7,0;387,-14,4;390,4,-8;397,-12,6;400,2,-9;407,-17,5;415,-6,-4;431,-13,-2;460,-20,-6;468,-7,-2;476,-9,-1;488,-15,-2;500,-4,-4;510,-10,0;520,0,2
rua||jose geraldo|conjunto habitacional gilberto rossetti cohab ii|13737625|25,-2149910,-4701334;35,10,4;45,-1,13;46,-3,-5;55,34,-6;56,-30,8;65,35,-2;66,-28,-1;75,28,14;76,-14,-9;85,77,14;86,-72,-6;95,28,2;96,-28,-12;105,35,25;106,-20,-11;115,26,7;116,-18,1;125,38,3;126,-21,9;135,24,-3;136,-21,0;145,30,6;146,-23,-1;155,28,5;156,-21,-9;166,13,2;176,2,5;185,30,29;186,-29,-27;195,37,33;205,6,7;206,-14,-9;215,18,19;216,-20,-8;225,25,21;226,-12,-17;235,24,23;236,-21,-12;245,26,16;246,-24,-11;255,23,18;256,-12,-7;265,21,19;266,-18,-19;276,8,17;286,7,9;296,10,6;306,3,5;326,15,23;336,10,5;346,4,9;356,17,20;366,-3,1;376,3,6;386,10,6;396,1,12;406,-18,-74
rua||jose giuntini|conjunto habitacional jacinto pisani projeto cem|13732639|95,-2145038,-4701193;120,10,-4;188,80,-5;198,11,-4;208,1,2;218,10,-2;225,31,-18;235,7,1;238,-16,14;245,27,-12;255,9,-6;258,-14,13;261,22,-14;268,-18,14;271,20,-14;275,7,-2;278,-16,14;285,29,-13;290,10,-8;295,-3,3;298,-30,17;305,46,-26;308,-36,26;318,9,-9;328,8,2
rua||jose giuntini|jardim sao domingos|13732639|24,-2145098,-4701173;34,-4,-7;44,9,-3;54,14,5;94,32,-3;104,10,-7;114,9,3;124,10,-1;134,19,-9;140,3,6;154,10,-7;175,18,-13;185,12,1;195,16,-5;205,-5,0
rua||jose gomes|igarai|13750000|50,-2140477,-4681617;60,-7,-8;61,-8,6;70,0,-15;71,-8,8;80,4,-15;81,-14,5;90,9,-18;91,-9,10;100,5,-12;101,-9,5;110,2,-13;111,-5,11;120,-1,-22;121,-8,4;130,9,-13;140,-10,-10;141,-6,8;150,1,-6;151,-6,8;160,6,-14;161,-10,0;170,5,-17;171,-9,10;180,4,-20;181,-8,5;190,4,-9;191,-7,4;200,1,-10;201,-10,2;210,4,-15;211,-4,6;220,-1,-14;221,-5,8;230,4,-14;231,-10,4;240,3,-16;241,-7,16;250,8,-18
rua||jose guimaraes carneiro|alta vista|13735644|64,-2148430,-4699019;114,-17,47;124,-3,6;134,-6,16
rua||jose jeronimo f da silva|lago dos ipes|13735724|23,-2148386,-4699293;33,-6,-11;43,-13,-1;143,-79,-42;153,-7,-5;173,-20,-2;183,-3,-7;203,-22,-1
rua||jose luiz constantino|conjunto habitacional gilberto rossetti cohab ii|13737652|387,-2149801,-4700764
rua||jose luiz fogarin|distrito industrial 2|13739060|39,-2147105,-4703111;140,85,-22;150,31,-11;151,-42,10;380,251,-66;420,21,-1;490,66,-20;520,0,0;560,5,5;635,83,-44;670,51,0;816,49,9;900,17,-68
rua||jose luiz monteiro|jardim italia|13734606|104,-2145263,-4699294;114,7,7;144,28,12;154,2,5;157,59,24;184,-25,1;204,14,5;214,8,8
rua||jose luiz sukadolnik|jardim botanico|13733554|126,-2144520,-4700455;166,64,-15;186,-2,0;196,11,-2;206,5,-9;226,17,2;236,9,-3;255,25,-17;265,3,-5;266,0,13;275,6,-11;276,5,10;281,4,-11;305,19,-9;335,40,-18;345,9,2;365,14,-7;375,13,3;385,9,-10;395,12,8;405,6,-7;415,13,-3;425,9,-6;455,25,-5;465,6,-4;505,38,-9;525,30,-8;526,17,7;555,8,-14;556,14,5;565,-7,-7;566,17,-4;575,-11,2;596,26,1;606,12,-3;616,10,-10;625,-17,1;626,25,-3;636,0,3;646,14,7;656,7,-8;676,13,-5;686,27,-5;696,8,-5;725,4,-10;736,27,5;745,-6,-11;756,18,3;765,-4,-6;766,14,8;775,-4,-9;786,13,6;796,9,-4;806,7,0;825,6,-12;826,-1,-8;835,12,8;836,4,-2;845,1,-2;846,5,5;855,0,-9;856,9,5;865,2,-5;866,7,0;876,14,3;885,-2,-11;896,28,6;905,-6,-10;916,21,2;925,-10,-7;926,15,2;935,-5,-3;936,13,-4;945,-6,1;946,18,-2;955,-6,-1;966,20,4;975,-6,-10;976,9,8;985,-3,-12;986,13,6;1005,5,-7;1006,8,3;1015,-2,-4;1016,12,4;1025,-4,-4;1026,16,2;1035,-10,-9;1036,21,11;1045,-12,-11;1065,17,-1;1075,4,2;1085,9,8;1105,15,9;1115,8,3
rua||jose manoel luchesi|conjunto habitacional francisco garofalo|13736780|24,-2148818,-4700632;25,13,-16;34,-19,25;35,10,-6;44,-9,6;45,6,1;54,-9,14;55,4,-10;64,-6,18;65,10,-8;74,-12,15;75,6,-1;84,-11,9;85,15,-4;94,-8,14;95,1,-3;104,-9,21;105,10,-11;114,-13,14;115,13,-7;124,-13,6;134,0,11;139,6,5;144,-9,9;149,6,0;154,-10,17;159,7,-4;164,-8,5;169,7,1;174,-14,10;179,10,-4;184,-8,19;189,7,-6;194,-11,18;199,13,-8;204,-17,14;209,11,-9;219,2,10
rua||jose maria luciano|conjunto habitacional jacinto pisani projeto cem|13733115|11,-2145162,-4701467;12,9,-2;26,-2,-5
rua||jose marques da silva|jardim progresso|13736390|10,-2149179,-4700238;11,-10,-10;19,5,-1;26,17,10;27,-13,-11;34,22,4;35,-8,-1;42,14,3;43,-9,-6;50,22,4;51,-10,-4;58,14,10;59,-13,-10;66,18,3;67,-9,-4;74,14,4;75,-5,-6;82,18,9;83,-11,-9;90,17,0;91,-7,-1;98,12,3;99,-12,-1;106,19,7;107,-7,-7;114,13,2;115,-5,-1;121,8,0;122,12,2;130,2,1;131,-3,-6;138,6,5;139,-3,-5;146,18,7;147,-10,-11;155,3,3;163,14,-6
rua||jose maximiliano pinto|sao benedito das areias|13755000|277,-2131770,-4703096;302,27,52;345,-10,-16;390,-6,-26;400,6,9;410,8,13;420,10,15;462,-43,-62;490,-10,-12;499,-14,-11;502,5,-7;526,-7,-10
rua||jose mazieiro|portal da cidade|13733468|168,-2145453,-4699840;268,77,54;288,15,11
rua||jose michelin neto|jardim das paineiras|13735116|21,-2146588,-4698889;63,-1,38;64,-6,8;77,5,4;78,-11,15;91,19,-5;92,-16,18;96,-6,20;133,18,9;166,-2,42;175,6,-3;176,-15,13
rua||jose morellini|jardim botanico|13733553|1092,-2143644,-4700635
rua||jose nasser|santa helena|13736514|9,-2148770,-4700325;12,-13,7;15,6,-12;19,17,5;25,6,5;35,7,2;45,10,-6;75,22,-8;92,-7,12;122,23,3
rua||jose oleto|distrito industrial 2|13739070|330,-2146745,-4703480;480,-367,96;500,292,-76;531,-118,28;540,103,-25;580,-13,4;660,-167,46;685,45,-9;780,-130,46;900,-196,41;930,-17,1;960,-80,20;965,137,-26;995,-53,10;1080,-114,29;1123,-13,12;1130,10,-9;1140,-114,34
rua||jose olympio de melo|conjunto habitacional luiz antonio fernandes dias|13736680|31,-2149526,-4700560;41,16,4
rua||jose olympio de melo|conjunto habitacional luiz antonio fernandes dias|13737513|20,-2149536,-4700550;30,12,-2;40,5,0;198,-159,7
rua||jose pedro ferreira|jardim botanico|13733562|200,-2144116,-4700455
rua||jose pereira do lago|igarai|13750000|137,-2140583,-4680841;138,-10,0;148,-11,-6;163,-11,13;204,-35,-6;214,-4,0;217,-11,9;224,-1,-4;239,-15,9;240,10,-10;255,-30,9;296,-29,-12;310,-24,9;311,-22,-3;320,26,2;321,-15,5;331,-9,1;334,23,-6;341,-37,7;376,-35,-8;380,3,-3;396,-6,-1
rua||jose posatti|alcebiades quilice|13736883|186,-2149096,-4699885;196,-1,7;286,121,-84;296,-6,1;306,-4,9;316,-2,0;326,-4,2;336,14,-8
rua||jose pratali|sao benedito das areias|13755000|9,-2132417,-4703239;11,83,-185;14,-37,72;20,-70,115;110,101,-161;222,1,5;1033,17,-47;1043,6,38
rua||jose procopio da silva|conjunto habitacional gabriel do o cohab i|13732580|5,-2145804,-4701068;6,-4,18;15,14,-27;16,-9,18;25,12,-21;26,-1,18;35,15,-26;36,-6,17;45,8,-18;46,-3,15;55,10,-24;65,2,1;66,4,9;75,11,-18;85,7,-11;86,-1,20;95,9,-21;96,-6,18;105,11,-23;106,-1,12;115,12,-20;116,-1,17;125,8,-18;135,7,-9;136,0,15;145,12,-24;146,-21,28;155,24,-37;156,-1,20;166,3,-3;175,24,-29;185,7,-4;186,-12,19;195,17,-23;196,-7,16;205,17,-23;206,-9,18;215,10,-20;216,-3,15;225,14,-20;226,-3,15;235,10,-18;236,-6,16;245,11,-21;246,-3,14;255,13,-18;256,-4,15;265,11,-19;266,-5,13;275,16,-23;276,-7,18;285,14,-21;286,-6,17;295,12,-19;296,-1,11;305,14,-21;306,-7,14;315,16,-19;325,4,-2;326,-13,18;335,19,-25;336,-5,18;346,5,-5;355,25,-23;365,9,0;366,-2,6;376,6,-5;385,17,-8;386,-10,8;395,14,-14;396,-11,16;405,35,62;406,-22,-68;416,2,2;425,17,-22;426,0,9;435,10,-12;436,-1,11;446,8,-3;455,13,-16;456,-10,16;465,-25,-1;466,41,-5;475,12,-15;476,-1,11;485,7,-11;496,2,7
rua||jose ribeiro dos santos|conjunto habitacional nene pereira lima|13732438|120,-2145566,-4701870;123,-2,-11;130,12,-7;133,-4,-7;140,5,4;143,1,-10;150,4,-6;153,2,4;160,5,-13;163,0,-6;170,7,2;173,-3,-6;180,5,-3;183,-4,-4;190,15,-9;193,-5,-4;200,9,1;203,-9,-4;210,10,-5;213,-1,-13;234,19,-5;239,-5,-13;244,11,0;249,-7,-4;254,6,-4;259,-5,-8;264,7,3;269,-3,-15;274,10,2;279,-4,-9;284,9,-2;289,-8,-5;294,9,2;299,-5,-12;304,8,4;309,-4,-16;314,11,5;319,-2,-16;324,12,5;334,0,-8;338,12,-23;368,1,-1;371,0,-7;378,4,-3;381,4,-11;388,-2,-1;391,-4,-3;398,7,-4;401,-2,0;408,4,-10;411,0,-4;418,7,-10;421,-7,-3;428,5,3;431,0,-5;438,2,-10;441,1,-7;448,4,0;453,0,-26;494,13,-12;504,-2,-14;514,2,-6;524,1,-13;534,6,-13
rua||jose ribeiro|cohab ii|13737313|85,-2149330,-4700767;86,37,3;120,-39,15;640,-12,12
rua||jose ricardo ribeiro costa|jardim sao jose|13736635|80,-2148916,-4700862;149,9,5;163,155,58;174,88,5;175,-173,-46;176,54,29;180,-57,-23;185,13,-5;199,7,0;212,2,9;214,-17,-2;321,97,12;327,12,8;333,5,7;339,6,-1
rua||jose vaccillotto|conjunto habitacional nene pereira lima|13732400|68,-2145911,-4701826;84,30,28;98,27,30
rua||jose vecchio|residencial carlito quilici|13734450|5,-2144047,-4700952;13,48,79;14,-16,-47;15,-10,-25;16,-30,-46;17,8,21
rua||jose vieira dos santos|colina verde|13737125|450,-2147329,-4701706
rua||jose vieira dos santos|jardim das figueiras|13737125|11,-2147180,-4701686;28,-7,-32;31,-8,38;42,-2,-37;43,-7,29;56,-4,-20;70,-14,5;80,-10,0;89,-20,0;90,8,-2;100,-9,1;110,-7,-6;119,-18,11;120,9,-15;130,-8,1;140,-8,3;150,-8,1;160,-11,-4;170,-13,7;180,-8,-10;190,-7,3;191,76,13
rua||jose vieira neto|jardim botanico|13733560|78,-2144566,-4700504;198,117,-33;208,24,-17;228,3,10;248,15,-1;258,13,-3;278,24,-13;288,2,-1;318,47,-10;328,9,3;348,25,6;417,52,-41;437,18,-9;447,11,0;448,-1,17;457,10,-16;458,2,8;467,16,-11;468,-7,8;477,5,-8;478,6,5;488,1,0;507,30,-19;517,8,8;518,1,3;528,14,-3;537,4,-11;547,8,-2;548,-3,10;557,13,-12;567,5,-1;568,0,3;577,7,-7;578,-3,9;587,8,-18;592,8,14;597,2,-11;608,17,2;617,-5,-7;637,21,-5;647,10,0;657,3,-3;667,10,-4;668,7,11;697,31,-19;698,6,7;707,2,-11;708,5,13;717,-1,-12;727,13,-5;737,10,-3;738,5,10;767,15,-13;768,6,11;777,-5,-22;788,23,16;798,4,-22;807,2,6;808,5,6;827,15,-12;838,12,9;858,17,-8
rua||jose wilson scafi|carlito quilici|13733534|25,-2144501,-4700591;35,10,-4;45,14,1;55,5,-6;65,11,-2;75,11,2;85,11,-12;95,6,2;105,9,-2;115,8,-4
rua||josepha garcia alamino|portal da cidade|13733462|27,-2145610,-4699745;52,-3,20;73,25,-9
rua||josepha garcia alamino|portal da cidade|13737750|112,-2145551,-4699688;132,33,21;142,-8,-6;143,6,-10;162,10,15;193,31,15;212,6,16;213,9,-8;222,1,10;232,11,7;233,-1,-3;242,2,6;243,8,-7
rua||josias do nascimento|jardim italia|13734616|58,-2145188,-4699151;88,7,-18;98,7,-7;108,6,-10;138,20,-28;148,9,-11;158,16,-8;187,-2,-26;188,15,-5;198,5,-5;208,3,-7;218,10,-8;228,12,-11;238,1,-7;257,5,-35;267,1,-7;277,5,-1;294,-2,34;297,-9,-65;307,3,-10;317,0,-8;337,3,-18;357,-1,-23
rua||juarez quintino pereira|jardim santa clara|13735320|9,-2147510,-4699309;100,75,53;190,-43,-35;200,-9,-3
rua||juarez quintino pereira|residencial mais parque|13735356|58,-2147611,-4699371;105,82,86;145,-114,-113
rua||jucara|loteamento chacara palmeirinha|13737445|228,-2144396,-4699508;283,4,27;360,151,324
rua||julieta camparotto prini|jardim maziero|13733446|55,-2145327,-4699649;62,-1,8;65,9,-5;72,-4,3;75,7,0;82,3,3;85,2,-1;92,2,8;95,9,-3;102,-2,6;105,6,-2;112,4,3;115,5,1;122,2,5;125,5,-3;132,1,5;135,10,-5;142,0,8;145,5,1;152,1,0;155,15,-3;162,2,14;165,-3,-10;172,3,3;175,10,2;182,-2,-1;185,8,2;192,-6,2;195,8,-2
rua||julieta lima dias|jardim santa clara|13735310|37,-2147365,-4699305;50,-11,-15;67,-12,0;71,-85,-34;95,-11,-5;140,28,3;152,-11,-2;157,12,9;167,-11,-3;220,-60,-41;230,-9,0;240,-7,-5;250,-15,-7;319,-53,-17;320,-2,-9;329,-8,5;330,4,-7;339,-12,3;340,-5,-8;349,-10,5;390,-21,-23;391,-2,14;393,-1,-6;400,-3,-9;411,-4,17;420,-4,-20;430,-12,-8
rua||julio correia da silva|anita ventura pricoli|13737240|66,-2150010,-4700545;74,4,5;82,3,9;90,-1,4;98,7,7;106,-1,8;114,1,11;122,14,4;130,-9,9;138,0,7;146,1,5;154,2,9;162,7,8;170,-5,18;178,5,0;186,2,5;196,3,9;206,3,5;216,3,14
rua||julio correia da silva|anita venturi pricoli|13737240|61,-2150002,-4700558;71,3,6;81,2,13;91,2,4;101,4,15;111,3,14;121,-3,-2;131,5,14;141,2,9;151,6,9;161,-2,9;171,6,13;181,-4,6;191,8,10;201,-1,10;211,6,8;221,-1,10;231,3,11;241,3,8;251,5,10;261,-1,5;271,1,9;281,5,10
rua||julio de oliveira|jardim das paineiras|13735108|153,-2146776,-4698924;169,14,-8;181,-101,116;199,122,-130;255,55,-30
rua||julio guedes de brito|jardim maziero|13733445|55,-2145305,-4699691;64,0,7;65,7,-5;74,-4,6;75,12,-1;84,-1,6;85,7,-9;94,1,12;95,8,-8;104,2,11;105,6,-6;114,0,5;115,8,-3;124,0,8;125,11,-4;134,-3,7;135,9,-4;144,0,10;145,5,-8;154,1,11;155,6,-6;164,1,8;165,8,-4;174,0,8;175,6,-5;184,1,8;185,9,-6;194,-3,7;195,8,-4;205,4,7;215,12,-1
rua||juscelino kubitschek|jardim primavera|13738590|11,-2147087,-4702452;15,-206,144;21,198,-140;45,-21,17;57,-18,7;69,-2,10;81,-9,6;93,-8,4;105,-13,8;117,-5,7;129,-17,4;153,-5,3;165,-9,12;177,-19,13;185,-7,4;189,0,0;201,-11,9;213,-8,6;225,-9,5;237,-9,8;249,-7,1;261,-16,4;311,-44,34;323,-10,8;335,-6,9;359,-13,11;371,-12,6;383,-5,2;395,-11,9;399,-3,2;407,-4,7;419,-9,1;427,-5,6;431,-13,7
rua||laercio pereira|jardim colina verde|13737035|78,-2147338,-4701516;649,23,36
rua||lauro grespan|anita ventura pricoli|13737234|25,-2149801,-4700464;35,0,7;45,3,11;55,2,8;65,1,2;75,8,15;85,1,10;95,2,7;105,-3,12;115,5,11;125,7,12;135,2,7;145,7,12;155,2,5;165,2,10;175,-1,7;185,-2,10;195,7,11;205,6,7
rua||lauro grespan|anita venturi pricoli|13737234|26,-2149810,-4700464;36,2,5;46,4,4;56,1,15;66,6,12;76,1,10;86,3,4;96,1,13;106,6,12;116,3,6;126,1,9;136,1,8;146,1,11;166,4,13;176,0,6
rua||lazaro cardoso|chacara dos ipes|13737695|8,-2143252,-4701645
rua||lazaro pedro de oliveira|por do sol|13739159|17,-2147763,-4703958;45,137,37;59,-16,-7;71,-10,-1;93,-20,-7;94,-4,8;103,-4,-7;113,-7,-2;123,-8,-3;124,-7,8;134,-12,-5;143,0,-7;144,-2,2;153,-8,-4;163,-6,-4;173,-9,-3;214,-41,0;224,-12,-3;234,-7,-4;244,-4,0;254,-24,-11;263,4,-1
rua||lazaro rodrigues da silva|anita ventura pricoli|13737244|197,-2150036,-4700543;205,-12,7;213,-4,5;221,-8,3;229,-8,4;237,-1,4;245,-10,3;253,-5,3
rua||lazaro rodrigues da silva|anita venturi pricoli|13737244|28,-2149914,-4700621;38,-19,5;58,-2,2;63,0,9;68,-8,-3;78,-8,5;84,-6,4;90,-8,6;96,-7,0;102,-8,3;108,-5,3;128,-6,6;138,-7,3;148,-11,1;158,-8,9;168,-7,10;178,-10,0;188,-4,6;198,-10,2;208,-9,4;218,-3,21;228,-14,1;238,-3,-5;248,-10,6;258,-6,5
rua||leodora candida da silva ventura|carlito quilici|13733520|16,-2144511,-4700624;58,225,-217;120,-210,144;150,-3,-10;151,49,-125;219,60,-25;222,-16,4
rua||leodora candida da silva ventura|residencial carlito quilici|13733520|21,-2144275,-4700948;71,-311,-145
rua||leodoro patheis dos santos|colina verde|13735034|454,-2147666,-4701625;470,-11,-3;480,-8,-2;676,35,11
rua||leodoro patheis dos santos|jardim colina verde|13737034|412,-2147424,-4701444;520,-100,-67
rua||leone requenati do prado|jardim riachuelo|13738538|20,-2147240,-4702099;30,9,19;60,27,10;80,11,15;90,10,4;100,17,225;110,-1,-221;120,8,8;140,16,17;150,10,2;151,8,0;160,-1,8;161,8,-2;170,-2,5;180,8,5;181,1,-3;190,7,3;191,6,-2;200,1,5;211,19,-2
rua||leonidas horta marcedo|chacara bela vista|13738310|10,-2148229,-4701501;50,-9,39;141,-8,166;150,-6,-79;200,-2,60;250,-4,34;300,5,36;307,-3,20;313,-4,-1;350,0,42;400,-11,43;417,15,0;419,-5,24
rua||lino guedes de brito|conjunto habitacional francisco garofalo|13736785|29,-2149314,-4700598;30,-3,13;39,6,-8;40,0,7;49,6,2;50,-3,5;59,13,6;60,-6,1;69,15,5;70,-10,-1;79,13,5;80,-5,5;89,19,8;90,-12,-3;99,16,9;100,-10,-4;109,13,18;110,-3,-10;119,15,11;129,4,5;139,6,1
rua||lourenco parole|santa cecilia|13733080|5,-2145983,-4700220;15,-8,5;25,-12,12;35,4,-3;40,-19,-6;46,-55,59;47,62,-43;48,-7,-15;54,-5,10;56,-17,21;57,19,-12;66,-15,-6;67,6,12;76,-15,-5;80,-17,25;84,-4,5;87,21,-19;93,-9,7
rua||lourival furlan|distrito industrial 2|13739080|400,-2147511,-4703492
rua||luciano marchesi|jardim sao francisco|13734310|10,-2145954,-4699365;20,21,-40;96,-20,11;100,40,-44;110,8,-13;120,8,-10;128,-46,65;130,57,-82;170,7,-24;177,27,-60;179,68,-117;180,-88,167;190,5,-10;199,23,-34;200,-20,27;210,4,-3;222,-98,145;290,148,-231;379,38,-78;380,2,23;389,1,-26;390,0,15;399,-1,-18;400,4,11;410,5,-5
rua||lucindo barreto|igarai|13750000|108,-2140698,-4681279;131,-19,-4;138,7,-5;141,-20,12;153,0,-12;157,-12,-2;165,-12,-1;174,-5,4;185,-13,-6;197,-9,-6;207,-9,1;210,2,-7;216,-19,-5;217,11,13;224,-12,-12;235,-7,12;236,4,-11;246,-9,-3;262,-8,2;274,-8,3;284,-16,0;293,6,5;298,-25,-5;316,-10,2;317,-5,1;327,-5,2;345,-22,0;355,-3,0;363,-15,0;380,-28,-1;454,-47,0;460,-13,-2;478,-9,3;510,-31,-5;540,-29,9;560,-20,-3;600,-39,2;610,-6,-1;1013,467,24
rua||lucindo pereira lima|jardim jose andre de lima|13736745|32,-2148139,-4700183;33,-17,-15;43,3,-8;67,-4,-28;94,12,-14;197,-11,-26
rua||luis bergo filho|parque dos manacas|13739133|26,-2147620,-4702842;36,-6,-2;46,-9,-4;56,-3,-1;66,-7,-5;76,-8,-7;106,-21,-16;126,-14,-8;136,-7,-5
rua||luis carlos quintino batista|vale verde|13737270|20,-2150433,-4700497;30,0,5;37,27,33;40,-23,-27;47,23,27;50,-20,-17;57,25,24;60,-18,-15;67,27,23;70,-23,-20;77,14,13;80,0,-3;87,6,32;90,-12,-24;97,18,23;100,-16,-12;107,26,22;110,-22,-18;117,24,29;120,-20,-23;127,21,29;130,-20,-19;137,20,21;140,-12,-11;147,23,22;150,-17,-18;157,18,25;160,-26,-12;167,33,18;170,-23,-16;177,21,28;180,-25,-12;187,27,16;190,-18,-11;197,29,18;200,-27,-15;207,30,26;210,-8,-10;217,13,13;220,-21,-11;227,26,24;230,-20,-22;237,22,27;240,-19,-17;250,-1,4
rua||luis paiva|residencial vale verde|13737273|20,-2150588,-4700471;29,10,0;30,-8,5;39,16,8;40,-4,3;49,8,5;50,-10,-1;59,10,2;60,-6,8;69,13,5;70,-7,1;79,12,6;80,-10,1;89,14,5;90,-9,4;99,8,5;100,-5,1;109,18,7;110,-17,-2;119,18,10;120,-8,2;129,8,1;130,-8,3;139,10,13;140,-7,-7;149,14,12;150,-11,0;159,15,4;160,-10,2;169,12,3;170,-8,7
rua||luis sebastiao de paula|igarai|13750000|33,-2140583,-4681539;43,-11,-15;53,0,-12;63,-8,-3;73,-2,-7;83,-8,-6;97,-8,-13;107,-5,-16;117,-3,-5;127,-6,-8;137,-6,-9;147,-4,-6;157,-9,-14;167,1,-5;177,-4,-3;187,-6,-12;197,-1,-10;207,-9,-9;217,-5,-5
rua||luiz amatto|jardim alvorada|13732509|12,-2145684,-4701286;24,-12,-14;38,-5,-9;84,-36,-32;98,-2,-3;114,-12,-8;130,-7,-13;160,-22,-24;174,-10,-3;197,-12,-3;203,-14,-14;204,7,-8
rua||luiz armando peres|jardim botanico|13733559|22,-2144149,-4700664;32,0,-8;62,27,-6;72,9,4;82,-1,-7;92,10,-5;112,24,2;122,10,0;153,18,-23;162,9,5;163,-2,-2;172,10,7;173,-1,-9;182,8,3;183,4,-6;193,2,-4;212,29,2;222,15,-4;223,-6,-7;233,10,-3;242,6,4;243,2,-6;252,3,1;253,-1,-5;262,10,7;272,10,-4;273,5,-2;282,3,-2;283,2,-3;292,10,6;293,-8,-14;303,13,1;312,9,8;313,2,-9;323,2,-3;332,12,4;333,-4,0;342,10,2;343,-3,-6;353,12,-4;363,8,-2;372,7,0;382,8,2
rua||luiz braulino martins|jardim das paineiras|13735110|33,-2146819,-4698700;83,180,-186;127,-38,22;135,-84,130;150,-17,-1;164,-22,7;173,80,-145;183,12,55;219,-125,159;233,2,-5
rua||luiz decio finardi|residencial mais parque|13735376|23,-2147650,-4698881;43,5,21;70,-2,13;130,42,39;140,5,3;160,12,7;190,28,16;193,46,11;200,-36,-10;220,11,8
rua||luiz dos santos|jardim das paineiras|13735114|23,-2146691,-4698699;209,120,3;220,-55,-35;233,21,17;234,-24,14;247,12,-10;277,-32,3;293,-19,8;306,-72,21;307,68,-15;313,-82,86;333,-25,-17;385,27,-20;423,-18,28
rua||luiz gino spinelli|residencial vale verde|13737287|22,-2150323,-4700036;39,21,4
rua||luiz gomes de faria|jardim sao jose|13736640|22,-2148768,-4700663;23,-14,-1;32,11,-12;33,-10,-1;42,15,-7;43,-12,0;52,9,-5;53,-8,0;62,12,-13;63,-10,-1;72,11,-8;73,-4,-13;82,10,6;83,-15,-3;92,18,-7;93,-11,-6;102,5,-7;103,1,1;112,4,-9;113,-3,-3;122,7,-6;123,-10,-5;132,16,-6;133,-15,5;142,17,-16;143,-14,1;152,14,-5;153,-13,-4;163,5,-11;187,9,-24;196,9,-6;197,-10,-5;206,8,-10;207,0,2;216,2,-9;217,-7,-3;226,16,-4;227,-10,-1;236,12,-8;237,-15,-2;246,19,-17;276,5,-23
rua||luiz lourencini|altos do vale ii|13735680|17,-2148648,-4699400;18,-6,-2;27,-1,6;28,-15,-2;37,14,8;38,-17,-3;47,1,5;48,-12,-3;57,4,5;58,-18,1;67,10,1;68,-17,0;77,15,5;78,-20,-1;87,9,8;127,-27,7;137,-11,3;147,-12,6;157,-9,1;167,-7,4
rua||luiz pires de camargo|conjunto habitacional gildo geraldo|13737770|11,-2144924,-4699324;12,8,4;21,-8,-9;22,7,-1;31,-12,-4;32,11,-7;41,-9,-9;42,8,8;51,-9,-15;52,11,4;61,-9,-14;62,6,3;71,-7,-7;72,6,4;81,-9,-18;82,11,10;91,-8,-14;92,5,5;101,-6,-19;102,4,7;111,-6,-14;112,7,9;121,-6,-21;122,7,8;131,-11,-18;132,11,8;141,-2,-17;142,4,11;151,-9,-11;152,6,0;161,-4,-13;162,6,6;191,-6,-36;201,2,-8;202,9,-8;211,-11,-7;212,17,-4;221,-17,-7;222,10,6;231,-10,-16;232,8,6;241,-8,-12;242,11,-3;251,-12,-4;252,6,3;261,-10,-18;262,14,6;271,-15,-10;272,7,5;281,-13,-12;282,13,1;291,-16,-9;292,3,3;301,-6,-13;302,7,4;311,-14,-15;312,11,11;321,-15,-13;322,13,2;331,-15,-9;332,11,4;341,-16,-21;342,12,11;351,-15,-9;352,11,7;361,-12,-14;362,9,0;371,-18,-13;372,8,4;381,-12,-7;382,16,3;391,-19,-13;392,11,4;402,-4,-10
rua||luiz quilici|conjunto habitacional gilberto rossetti cohab ii|13737325|179,-2149209,-4701010;189,-5,2;199,-8,13;209,-6,10;219,-3,10;229,-7,6;239,-4,8;249,-5,11;259,-5,4;269,-3,8;279,-3,7;289,-8,11;299,-1,4;309,-12,10;319,-4,8;329,-6,14;339,-6,3
rua||luiz quilici|conjunto habitacional gilberto rossetti|13737325|29,-2149129,-4701144;30,-6,-6;39,-4,14;40,-1,-11;49,4,17;50,-16,-3;59,8,13;60,-9,-5;69,4,10;70,-3,-3;79,1,9;80,-8,4;89,0,8;90,-11,-6;99,3,12;100,-7,-6;109,6,11;110,-11,-2;119,6,17;120,-11,-9;129,6,15;130,-12,-7;139,3,18;140,-6,-11;149,5,15;150,-10,-6;190,-27,49;200,-6,12;210,-7,8;220,-8,9;230,-3,6;240,-4,14;250,-2,4;260,-3,8;270,-10,7;280,-4,8;290,0,8;300,-10,10;310,-4,6;320,-10,7;330,-1,10;340,-10,10;350,0,-1
rua||luiz righetti|jardim chico piscina|13736509|15,-2148382,-4700555;29,-4,21;43,-2,4;57,-3,15;175,-28,107;186,-14,14;210,-1,20;221,12,25;222,-20,-19;243,12,42;267,-3,18;698,23,-154
rua||luiz spinelli|jardim alvorada|13732540|35,-2145824,-4701207;37,2,-12;41,1,1;47,5,-6;54,109,-110;59,-108,84;75,9,9;83,10,1;95,9,-24;107,5,-7;119,12,-8;122,-1,13;136,6,-7;160,11,-11;175,10,-32;176,8,8;226,31,-36;229,0,-6;241,8,-11;250,15,0;253,-9,-9;265,7,-9;274,13,4;277,-5,-9;287,8,-12;307,3,-9;313,10,-4;328,42,-8;335,-5,-7;347,16,-4;348,-5,10;359,9,-11;360,6,4;371,10,-13;372,6,13;383,2,-16;384,1,9;395,10,-12;396,-2,8;407,15,-11;408,-6,2;419,16,-3;420,-5,4;426,10,-4;431,-4,-3;432,11,5;438,1,2;443,3,-13;444,3,8;445,0,-12;453,2,-1;474,214,-81;475,-203,81;477,4,2;505,40,-23;506,-6,17;517,18,-19;518,-9,14;529,13,-16;530,-1,9;541,8,-12;542,3,10;547,2,-11;553,6,-4;554,8,11;566,11,-12;567,-3,-1;577,1,-8;589,18,-1;590,1,9;601,5,-15;602,3,12;607,1,-11;613,12,-17;614,-1,22;622,5,-5;632,23,-4;637,-3,-9;647,8,-6;700,39,-6;701,4,0;707,7,-4;711,-9,-2;719,10,-7;729,2,-2;735,12,-4;736,1,11;747,10,-13;748,7,10;759,4,-15;760,-4,10;770,14,0;772,3,4;783,9,-27;784,4,15;790,6,-5;795,5,-9;796,0,8;808,7,-2;814,-2,-1;818,9,-5;820,12,-3;824,-7,-5;826,4,6;831,3,-9;832,7,4;837,-4,-9;842,13,8;845,-7,-10;852,12,10;879,20,-15;891,18,-8;905,9,-3;906,-5,6;912,10,1;917,4,-14;918,5,8;923,-1,-7;929,3,-1;936,2,9;940,5,-6;942,8,-2;954,11,3;960,3,-7;981,-13,-4
rua||luzia santurbano uliam|jardim lago dos ipes|13735720|19,-2148190,-4699510;20,6,11;29,-10,-8;30,-2,18;39,-2,-11;40,-1,17;49,-14,3;60,3,11;70,-5,9;79,-2,-11;89,-14,13;90,5,10;100,-10,10;109,0,-9;110,-4,12;159,-31,27;189,-12,19;229,-26,25;279,-34,43;289,-4,3;299,-1,8;309,-11,7
rua||machado de assis|cecap|13732030|4,-2145978,-4701030;5,10,-4;14,-1,14;15,0,-8;24,3,10;25,4,-5;34,2,15;35,5,-6;44,13,23;45,-13,-23;54,11,27;55,0,-14;64,6,21;65,0,-16;74,8,14;75,3,-3;84,7,22;85,-7,-11;94,-2,31;95,8,-24;105,5,7;115,7,3
rua||manaus|vila quintino|13736130|20,-2147640,-4700076;30,-9,-7;50,-16,-25;60,-4,-6;76,-10,-16;106,-17,-30;130,-9,-14;142,-12,-14;166,-8,-15;173,-23,-11;178,15,4;185,-16,-8;186,10,-1;199,-23,-7;214,14,-4;248,-30,-40;260,-3,-10;265,-32,-25;272,27,25;284,-12,-12;296,2,-16;306,-12,-6;316,-5,-3;320,-10,-8
rua||manoel antonio de lima|chacara sao domingos|13734445|6,-2144683,-4701915;14,122,113;15,14,11;16,30,27;17,12,10;18,17,16;37,-298,-276;317,176,166;525,132,123;627,99,91;651,15,12;677,17,19;701,8,3;711,16,21;730,47,43
rua||manoel bandeira|cecap|13732050|8,-2145928,-4701102;9,9,-9;18,-1,22;19,3,-14;28,-2,9;29,8,5;38,-16,-8;39,18,8;48,1,16;49,13,-2;58,15,18;59,-14,-9;68,-1,6;69,14,-3;78,-9,7;79,8,1;88,4,18;89,4,-8;98,0,7;99,6,7;108,-4,5;109,8,-5;118,11,13;119,-3,-4;128,-7,9;129,13,-5;138,1,12;139,5,2;148,-4,-2;149,8,9;158,-3,8;159,7,-5;168,-2,14;169,2,-18;179,8,16
rua||manoel carlos siqueira|vila santa cruz|13734230|5,-2146128,-4699449;7,187,-310;8,-40,83;11,53,-88;21,-175,272;25,5,-7;35,9,-8;38,11,-1;47,-9,-9;48,-13,41;57,18,-49;58,7,-1;59,-3,-5;68,6,8;69,-4,-7;73,8,-14;80,5,9;91,-4,-15;101,6,-12;105,7,-6;106,-4,21;116,8,-3;130,13,-29;140,5,-7;175,-6,-16;182,18,-4;183,-10,-13;184,4,25;186,9,-16;187,-17,3;200,7,13;210,9,-23;221,-10,-16;230,22,5;231,-12,-3;240,18,-4;244,-10,-4;295,24,-45;305,10,-8;315,2,-11;325,5,-9;326,3,11;335,0,-18;336,7,7;346,17,-14;350,-12,1;356,7,-7;364,1,-7;365,-7,-2;391,22,-25;395,-3,-12
rua||manoel esmerino ribeiro lima|jardim sao luiz|13735045|29,-2146753,-4699289;43,-14,3;57,-19,4;71,-4,14;85,-17,5;99,-8,6;113,-6,-2;141,-29,23;150,9,-15;155,-16,22;160,-9,-2;211,-38,25;225,-8,5;239,-20,17;351,-80,42;365,-14,6;379,-23,2;393,5,11;407,-10,1;421,-17,7;435,-8,6;460,-15,12;463,-14,3;477,3,9;478,-2,-7
rua||manoel jose pereira|carlito quilici|13733524|12,-2144259,-4700683;13,-6,14;22,3,-17;23,-6,4;32,-3,-16;33,1,1;42,-1,-9;43,-2,-3;52,5,-2;53,-8,4;62,4,-15;63,-1,1;72,1,-7;73,-9,-4;83,-2,-6;92,3,-13;93,-1,-2;102,1,-7;103,-6,6;113,-4,-14;123,1,-12;133,-13,-7;143,4,-8;153,-3,-4;163,-3,-13;173,-5,-13
rua||manoel leite de camargo|vila santa cruz|13734210|249,-2146031,-4699720;259,9,-12;269,7,-4;279,7,-10;289,0,-9;299,4,-9
rua||manoel leite de camargo|vila santa cruz|13734220|7,-2146173,-4699498;8,0,17;11,12,-33;25,11,-15;30,8,-6;31,-9,4;32,-30,48;36,44,-52;37,-6,-5;39,-39,78;40,-2,-15;45,26,-23;47,18,-51;48,3,11;52,-38,56;57,42,-75;58,1,13;68,4,-8;69,5,-20;82,4,6;85,-1,-8;91,5,-12;92,2,17;125,1,-21;138,12,2;152,19,-36;160,5,-6;175,-11,2;177,4,3;182,14,-6;183,-9,-12;190,15,-7;193,-10,-2;202,12,1;205,-7,-9;207,1,3;210,8,0;211,10,-16;216,-9,14;222,4,-4;228,5,-5;239,5,-39;248,20,-5;258,0,-4;268,12,-7;276,-29,23;281,-133,205;288,167,-244;298,6,-12;300,-35,64;308,37,-67;318,0,-10
rua||manoel martins perre|jardim chico piscina|13736750|47,-2147892,-4700155;59,-2,-9;62,9,13;71,-3,-24;85,0,-7
rua||manoel martin|carlito quilici|13733542|38,-2144243,-4700901;48,8,0;58,7,2;68,10,6;78,12,-3;108,27,10;118,16,-8
rua||manoel martin|residencial carlito quilici|13733542|39,-2144243,-4700905;49,11,3;59,4,-4;69,13,4;79,7,-5;99,20,5
rua||manoel oca|conjunto habitacional gabriel do o cohab i|13732589|35,-2145463,-4701138;335,-87,-127;340,51,86;381,-63,-129
rua||manoel quessada rodrigues|carlito quilici|13733538|47,-2144294,-4700798;57,13,-3;67,10,6;77,6,4;85,12,23;87,-8,-22;90,46,24;97,-39,-18;100,47,13;107,-31,-16;127,15,4;137,12,0;147,7,5;167,20,3;177,10,3;197,18,6;207,6,-3;217,7,4;227,11,-1
rua||manuel anzaloni|vila carvalho|13735447|10,-2147876,-4699736;15,-20,15;22,4,-3;23,-9,-4;34,1,-4;35,-16,-3;36,7,-6;44,-5,-5;45,-4,10;46,-1,-11;48,-8,-4;61,-7,7;270,51,34;322,-41,-35
rua||manuel egidio diogenes|sao benedito das areias|13755000|26,-2132645,-4702990;36,3,-9;45,-114,-26;46,124,21;55,-114,-12;56,120,11;65,-118,-1;66,128,-10;75,-121,17;76,128,-19;85,-121,24;86,126,-28;96,5,-6;135,-74,39;145,7,-4;155,10,-4;165,4,-3;175,13,-9
rua||manuel gabriel|jardim padre demosthenes|13736896|15,-2148956,-4700082;35,16,39;43,-5,-4;50,-4,-2;51,1,-6;59,2,-10;83,-7,-20;90,-5,6;91,1,-11;99,-2,-15;107,0,-4;114,-5,0;122,1,-1;170,14,-31;178,7,-4;186,6,0;194,7,1
rua||mara lucia bitencourt avelar dias|jardim santa helena|13736516|38,-2148656,-4700434;48,-6,-2;58,-6,-2;77,-20,-3;87,-10,1;97,-8,-9;107,-7,8;117,-7,-5;118,-1,-6;127,-15,2;128,2,-9
rua||maranhao|jardim riachuelo|13738510|750,-2147086,-4701920;760,-4,-2;763,3,8;774,-11,-10;775,12,11;785,-18,-3;794,-8,-23;795,0,14;804,-11,-17;805,2,7;814,-5,-10;815,4,13;820,-15,-18;825,2,5;830,-18,-20;835,10,13;836,-4,-7;842,4,4;845,-2,5;854,-13,-16;855,8,7;864,-15,-11;865,-1,2;896,-36,-31;900,10,8;902,-15,-10;903,16,24;910,-4,-14;913,-8,5;920,-10,-18;923,-1,9;924,-6,-15;933,4,23;938,-8,-25;943,-2,21;946,-4,-21;950,-6,-4;953,3,8;962,-11,-17;963,9,15;965,-5,-6;970,-4,-10;973,-2,8;983,-8,-4
rua||maranhao|vila santa rosa|13731120|15,-2146507,-4701532;18,1,0;19,-6,2;26,4,-3;29,-12,-12;65,-31,-12;68,7,3;75,-416,-279;89,395,263;90,6,-1;99,-15,1;100,-1,-12;109,-4,7;110,8,-8;119,-16,3;120,6,-5;127,-14,1;128,3,-6;130,-6,-4;138,1,0;143,-8,0;148,-5,-7;149,-5,5;169,-7,-1;179,-11,-5;208,-11,-19;218,-11,-15;227,-30,1;228,25,-5;237,-20,1;249,-14,3;250,20,-14;256,-12,-4;259,-15,10;260,13,-8;269,-20,2;270,21,-7;280,-14,-9;281,-6,12;290,-1,-17;291,-18,7;300,12,-12;301,-15,9;311,-7,-7;312,10,-8;320,-5,-3;321,-8,5;328,2,-13;331,-8,7;341,-7,-3;342,7,-16;352,-8,4;355,-16,7;358,10,-7;362,-1,-8;366,-4,-1;386,-17,-9;389,-11,2;396,0,-5;416,-6,-5;426,-12,0;436,2,-8;437,-29,0;445,-9,-9;446,29,-3;450,-19,-8;455,-14,6;458,4,-12;464,-7,-6;465,-5,14;475,-2,-8;478,0,-9;485,-14,0;486,1,-8;495,-5,4;496,-1,-9;497,-8,7;505,-3,-2;515,-8,-8;522,8,-8;529,-20,4;530,6,-5;538,-6,-6;539,-9,6;544,5,-15;548,-5,-4;549,-7,16;558,4,-14;559,-11,9;563,-2,-2;569,-3,-3;570,7,-10;579,-15,5;582,-2,-16;592,4,2;599,-11,11;623,-26,-21;632,6,-7;642,-10,-10;645,-4,10;652,-8,-14;659,3,8;661,-9,-5;662,3,-5;668,0,-4;672,-12,-4;673,3,7;682,-9,-17;687,1,12;692,-7,-10;693,-6,-1;701,3,4;702,-6,-12;712,-5,-6;715,7,16;722,-16,-23
rua||marcelo breganoli|por do sol|13739166|163,-2147742,-4703172;165,5,4;172,-282,-82;175,265,73;185,-6,-2;195,-11,-5;205,-5,2;215,-7,-1;225,-14,-5;255,-26,-7;365,-87,-22;385,-23,-6;405,-21,-8;410,13,9;415,-27,-7;445,-15,3;465,-15,-19
rua||marcelo coelho ribeiro rocha|conjunto habitacional gilberto rossetti cohab ii|13737605|21,-2149647,-4701346;31,-15,3;41,0,15;51,-7,8;61,3,7;71,-12,5;81,-2,12;91,-8,5;101,2,1;111,-2,17;121,-11,9
rua||marcos fogarin|conjunto habitacional gilberto rossetti cohab ii|13737645|21,-2149864,-4701124;22,-70,-67;31,76,73;32,-69,-65;41,77,70;42,-70,-66;51,78,74;52,-70,-70;61,75,79;62,-67,-72;71,70,73;72,-64,-63;82,5,3;91,78,81;92,-74,-72;101,78,84;102,-74,-78;111,82,86;112,-72,-78;121,73,85;122,-69,-81;131,77,89;132,-66,-79;141,72,90;142,-85,-97;151,88,103;152,-73,-88;161,77,95;162,-70,-85;171,80,96;172,-69,-85;181,76,92;191,6,7;192,-65,-73;202,5,8;211,66,83;212,-54,-79;221,58,88;222,-50,-83;231,56,86;232,-56,-77;241,60,91;242,-54,-78;251,59,90;252,-53,-82;261,48,91;271,8,11;281,6,7;291,4,9;301,8,13;311,-4,4;331,-5,24;332,-16,-85;341,25,97;351,-6,10;361,-5,-3;371,13,24;381,-3,12;391,-2,13;401,-6,7;411,-1,15;421,4,7;431,0,7
rua||marcos luiz gonzaga barreto|jardim das figueiras|13737130|15,-2147172,-4701755;29,-7,-3;43,-12,1;53,-18,-6;63,-8,-1;73,-2,0;83,-13,-2;93,-7,2;103,-22,4;113,-3,-4;123,-11,-4;133,-11,-2;143,-4,6;153,-9,-5;163,-3,6
rua||marcos luiz gonzaga barreto|jardim riachuelo|13737130|16,-2147159,-4701766;26,-13,8;36,-10,-7;46,-10,4;56,-12,-3;66,-6,-7;76,-14,-1;86,-12,0;96,-3,0;106,-6,4;116,-8,-3;126,-10,4;136,-15,-4
rua||marcos pavan|igarai|13750000|326,-2140843,-4680832;342,-12,-22;385,-14,-14;406,16,-33;409,-10,-14;418,9,-4;423,-10,-7;426,9,-1;431,-7,-5;434,3,2;445,-2,-13
rua||maria benvinda dos santos|vale verde|13737269|20,-2150372,-4700486;30,3,7;35,19,23;40,-15,-16;45,20,28;50,-20,-23;55,24,26;60,-20,-14;65,25,22;70,-18,-15;75,19,23;80,-19,-17;85,25,24;90,-14,-10;95,13,29;100,-17,-21;105,27,16;110,-23,-17;115,25,25;120,-17,-21;125,23,30;130,-16,-6;135,18,19;140,-16,-20;145,24,20;150,-21,-20;155,21,38;160,-16,-26;165,21,24;170,-19,-13;175,23,19;180,-17,-8;185,20,17;190,-20,-14;195,21,23;200,-17,-14;205,18,25;210,-14,-20;215,26,24;220,-26,-19
rua||maria da conceicao coelho falarini|conjunto habitacional gildo geraldo|13737755|23,-2145030,-4699121;33,1,-14;43,9,2;53,4,-6;63,6,-8;73,6,-8;83,2,-6;93,8,-8;103,8,0;113,1,-11;123,8,-6;133,8,-7;143,2,-7;153,7,-8;163,4,-3;173,4,-7;183,26,-9;193,-8,-9;203,12,-15;213,-6,4;223,3,-9;233,6,-8;243,4,-4;253,7,-12;263,1,0
rua||maria de lourdes faustino|vila santa rosa|13731105|20,-2147084,-4701648;30,-1,-11;40,4,-9;60,1,-16;70,-1,-2;80,6,-14;130,4,-42
rua||maria dolores martins viotto|jardim progresso|13736388|16,-2149194,-4700298;17,-13,-1;24,18,0;25,-13,-3;33,8,-4;40,23,11;49,-9,-12;56,22,11;57,-13,-8;64,19,4;65,-17,-3;72,27,2;73,-18,-5;80,26,8;81,-20,-10;88,28,8;89,-18,-9;96,24,9;97,-13,-8;104,17,14;105,-12,-15;112,25,6;120,11,0;121,-20,-4;128,21,7;129,-6,-3;136,14,1;137,-16,-11;144,26,8;145,-18,-6;152,21,9;153,-18,-10;230,12,1
rua||maria helena scardazzi converso|conjunto habitacional nene pereira lima|13732417|13,-2145784,-4701902;23,10,-12;28,13,-7;33,-12,3;38,10,-9;43,-4,8;48,10,-16;53,-1,-6;58,8,-3;63,-7,5;68,17,-2;73,-9,-11;78,13,0;83,-11,-2;88,19,-5;93,-10,-7;98,16,-6;103,9,-16;108,-12,9;150,23,-33;151,-8,-3;160,6,6;161,7,-15;170,9,1;171,-2,-7;180,5,-2;181,-5,-2;190,2,-7;191,2,-9;200,4,-7;201,4,8;210,13,-11;211,-17,-7;234,26,-11;235,-6,-4;244,3,1;245,-2,-9;254,16,-6;255,-2,-12;264,-1,6;265,4,-11;274,1,9;275,-2,-16;284,11,-1;285,-7,-5;295,0,-17;335,25,-35;342,-4,10;345,6,-16;352,0,6;355,-3,-12;362,3,8;365,1,-17;372,7,7;375,-1,-18;382,5,9;392,0,-7
rua||maria jose leoncio cristino|residencial vale verde|13737284|104,-2150105,-4699980
rua||maria jose maximo|residencial mais parque|13735374|20,-2147607,-4698857
rua||maria juliana pereira|vila quintino|13736030|10,-2147241,-4700348;18,-6,9;37,14,-5;70,-46,44;90,-6,9;130,-32,39;140,-6,26;150,-9,7
rua||maria lucia castelano|sao benedito das areias|13755000|28,-2132721,-4703048;38,3,10;48,7,1;58,6,13;68,2,10;78,8,6;88,5,13;158,44,75;168,1,10;178,4,10;188,11,7;198,1,0;208,5,11;218,7,11
rua||maria mega monaco|conjunto habitacional nene pereira lima|13732458|14,-2145944,-4701814;24,1,-2;34,13,-1;44,11,-6;54,6,-4
rua||maria miranda mariano|jardim das paineiras|13735094|15,-2146993,-4698877;29,10,6;57,18,19;71,11,-1;74,-51,-51;88,-1,12;115,83,62
rua||maria pillar benedetti|canoas|13731505|12,-2145868,-4702327;22,20,-3;32,11,8;42,3,9;52,2,4;62,12,4;71,14,-16;79,6,18;87,6,5;95,9,3;96,-7,8;105,12,-3;106,-2,7;116,13,5;126,4,8;135,9,-5;136,4,8;145,1,-3;146,-2,15;155,18,-15;165,6,14;170,-7,14;195,17,-2;1593,27,15
rua||maria teresa carvalho giacoia|jardim das paineiras|13735106|160,-2146726,-4699126;352,-21,2;478,59,110;505,21,10;533,6,27
rua||maria tereza rivaoli fogarin|jardim boa vista|13735120|143,-2146607,-4699116;209,34,57
rua||maria tereza rivaroli fogarin|jardim boa vista|13735044|32,-2146663,-4699201;42,7,8;122,40,70;160,-8,-12;162,27,50;202,23,34
rua||mariano niero|conjunto habitacional gilberto rossetti|13737305|22,-2148959,-4701056;32,-7,12;41,5,3;42,-7,-3;51,2,10;52,-9,0;61,1,15;62,-5,-7;71,1,12;72,-4,-5;80,-7,7;81,6,6;82,-5,-2;91,-1,16;92,-11,-3;101,12,3;102,-14,-4;111,4,16;112,-10,-5;121,9,11;122,-14,-3;131,8,11;132,-10,-10;141,7,19;142,-13,0;151,7,8;152,-9,-13;171,-15,48;172,-8,-4;181,3,6;182,2,3;191,6,4;192,-15,0;201,5,5;202,-11,-9;211,5,11;212,-15,5;221,12,3;222,-15,7;232,-8,3
rua||marielle franco|por do sol|13739171|28,-2147935,-4703737;51,79,-310;99,-185,747;109,1,-4;119,6,-18;139,5,-11;169,7,-36;179,2,-1;189,4,-13;199,2,-11;209,1,-10;219,-1,-7;239,12,-17;249,-3,-10;279,15,-56;284,-22,113;294,8,-11;299,17,-116;304,-18,105;309,19,-113;314,-19,110;319,26,-116;324,-25,110;334,7,-14;349,16,-124;359,1,3;389,10,-26;399,3,-4;400,-23,91;409,20,-97;410,-12,85;419,15,-101;420,-21,92;429,26,-102;430,-16,95;439,10,-108;469,12,-17;470,-17,91;479,19,-112;512,-6,60;519,12,-89;532,-13,68;542,2,-14;552,38,-109;559,-9,-8;562,6,-2;589,-6,-6;599,3,-12;614,-8,64;619,10,-92;624,-5,69;629,12,-83;639,0,9;659,7,-18;669,-4,-13;736,5,15;739,11,-77;786,13,-46;788,-7,49;789,3,-51;798,3,32;799,2,-43;809,-1,-5;839,8,-29;848,-1,46;940,15,-70;949,10,-54;1020,0,7
rua||marinaldo de melo gomes|jardim botanico|13733561|202,-2143993,-4700671;401,31,135;677,-45,-144;678,17,39;695,-6,29
rua||mario bedin|jardim sao luiz|13735057|28,-2147006,-4699276;42,-2,12;43,4,-6;56,-3,9;70,-12,10;84,-5,16;85,7,4;99,-5,14;113,11,16;127,-27,2;140,-7,2;141,27,19;182,-49,20;196,-6,15;238,-11,34
rua||mario de andrade|cecap|13732020|2,-2145997,-4700993;3,-3,-9;12,5,11;13,7,1;22,1,5;23,-2,-3;32,5,17;33,3,-9;42,0,16;43,5,-1;52,6,10;53,-1,-9;62,7,20;63,2,-10;73,3,6;83,3,3
rua||mario jose faraco|conjunto habitacional jacinto pisani projeto cem|13733125|20,-2145066,-4701201;30,-7,-5;40,-7,-10;50,-3,-3;60,-2,-15;70,-8,-4;95,38,49
rua||mario lauria|jardim santa luzia|13736847|619,-2149477,-4700006
rua||mario lucio|alta vista|13735719|9,-2148145,-4699468;19,-3,-2;29,-8,13;49,-14,17;69,-11,13;89,-8,16;99,-3,1;119,-12,15
rua||mario yamada|parque dos manacas|13739080|53,-2147714,-4702492;54,12,-1;94,2,-40;124,1,-25;134,2,-9;144,-1,-6;154,2,-5;174,1,-20;184,1,-7;193,-6,-16;194,5,3;203,-6,-11;204,3,1;213,-6,-9;214,8,5;223,-6,-14;224,9,3;233,-8,-11;234,8,5;243,-9,-11;254,12,-8;263,-8,-6;273,-2,-13;274,11,2
rua||mario zaneti|igarai|13750000|15,-2140645,-4680885;25,-7,1;30,-3,-9;35,-7,4;49,-31,-8
rua||mato grosso do sul|vila lambari|13731030|11,-2146994,-4701226;21,0,-6;31,2,-14;41,4,-12;51,8,-9;60,14,-12;61,-9,6;71,1,-16;81,2,-9;84,16,17;91,-12,-24;101,4,-9;111,0,-15;121,9,-12;122,9,2;132,2,-3;141,-5,-17;142,4,9;151,-1,-14;158,4,1;161,-1,-11;171,3,-12;196,18,-13;200,3,-37;210,5,4
rua||mato grosso|condominio sao miguel|13731030|9,-2146992,-4701133
rua||mato grosso|vila santa rosa|13731130|50,-2146459,-4701588;60,-2,1;70,-12,-12;82,-4,0;100,-35,-19;110,-1,7;123,-13,-12;124,11,-3;131,1,9;134,-9,-17;135,-5,7;141,-6,-5;142,-1,-7;147,-399,-267;151,390,270;152,4,-6;161,-7,1;162,-1,-7;172,-9,-4;173,-3,8;181,-64,-46;182,56,29;183,1,11;192,-9,-14;193,2,10;202,-8,-16;203,-3,8;212,0,-10;226,-17,-13;228,-11,-8;230,3,-16;232,-9,17;237,-10,-9;245,-12,-5;246,9,2;247,-3,1;250,2,-8;257,-11,2;258,3,0;262,-10,-4;270,-9,-8;271,11,10;281,-11,-1;289,-10,-5;290,1,-1;299,-12,-6;306,5,-7;308,-1,-2;310,4,8;313,-14,-3;314,7,-9;316,2,5;321,-16,-3;324,-1,-3;333,-10,0;334,5,-9;343,-9,3;346,1,-13;354,0,0;363,-11,8;370,-2,-17;371,-10,10;392,-34,-29;400,2,-6;401,-5,15;410,-5,-18;411,-3,17;421,-14,-11;422,12,-10;430,-11,-5;432,3,-3;441,-19,2;442,7,-10;444,-4,2;452,-7,-7;489,-34,-11;499,-2,-3;509,-13,-5;512,10,-9;519,-18,6;522,7,-11;529,-6,5;532,-3,-13;535,-12,-3;539,5,6;542,0,-8;549,-17,10;559,-1,-5;569,-12,1;575,-3,-18;579,-5,-1;589,-3,4;618,-28,-36;639,-8,11;642,-2,-18;647,520,346;649,-534,-326;652,7,-25;659,-6,10;660,0,-11;666,-7,-5;669,7,12;672,-11,-17;678,-10,3;682,1,0;689,5,2;692,-15,-11;699,6,10;702,-3,-17;709,2,8;712,-19,-16;719,5,14;729,-14,-2;732,-1,-20;733,7,20;736,-11,-20;739,7,11;749,-11,-6;752,-7,-7;759,2,6
rua||mauricio de mendonca|cohab ii|13737385|23,-2149430,-4701307;24,-19,3;33,6,7;34,-10,0;43,11,-1;44,-15,7;53,4,11;54,-10,-3;63,5,10;64,-9,0;73,4,10;74,-8,-1;83,5,6;84,-14,-4;93,1,16;94,0,-8;103,-2,19;104,-9,-5;113,9,7;114,-16,3;123,6,12;124,-10,-2;133,9,6;134,-16,-1;143,8,14;144,-13,-9;153,12,13;154,-13,-7;173,-6,30;183,-4,6;184,-113,165;193,109,-159;194,-12,1;203,5,10;204,-7,-7;213,0,20;214,-6,-11;223,3,19;224,-8,-12;233,0,23;234,-7,-9;243,-1,15;244,-1,-7;253,-5,10;254,1,-3;263,-2,12;264,-6,-6;267,8,1;273,-5,16;274,-6,-8;283,-1,15;284,-1,-11;293,-6,16;294,-5,-6;303,6,18;304,-8,-4;313,8,4;314,-11,-1;323,1,17;324,-9,-8;334,-2,6;343,-5,24;344,-2,-17;353,0,22;354,-2,-16;363,-4,22;364,-1,-13;373,-1,27;374,-9,-9;383,1,18;384,-7,-20;393,3,24;394,104,-98;403,-106,101;413,-7,14;423,-8,10;433,3,6;443,-7,4;453,-14,17;463,1,4;473,-3,2
rua||mauricio de mendonca|conjunto habitacional gilberto rossetti cohab ii|13737385|449,-2149673,-4700960
rua||mauricio marcicano|residencial samambaia|13734284|30,-2145922,-4699208;40,-13,-14;50,-4,9;55,60,19;60,-72,-9;70,-4,9;87,-13,16;97,-2,8;101,73,-46;107,-74,47;117,-24,9;137,-8,1;157,4,0;167,-25,6;177,-9,7;197,-15,6
rua||mauro candido|residencial carlito quilici|13733550|17,-2144579,-4701138;27,7,-2;47,22,0;57,9,-2;67,8,-2;77,9,-1;87,8,-2;97,11,-1;107,11,-3;117,0,0;120,33,-1;127,-23,1;130,37,0;137,-27,-5;140,33,2;149,-37,7;150,49,-9;157,-29,-4;160,37,0;167,-23,-4;170,35,4;177,-32,-4;180,37,-5;187,-28,3;190,36,7;197,-24,-7;200,31,4;207,-25,-4;210,34,2;217,-24,-2;220,35,1;227,-28,6;230,36,-9;237,-28,3;240,42,-8;250,4,1;260,12,1;267,-29,-7;277,7,-2;287,12,0;337,47,-11;347,7,0;357,2,-1;367,22,1;377,1,-4;387,13,-1;397,5,-1;407,8,-5;417,14,-1;427,2,-2;437,8,-2;447,13,3
rua||mauro lima dias|colina verde|13737035|677,-2147291,-4701490;689,9,-3;701,8,-15;713,4,-14;726,12,21;749,7,-50;757,7,0;765,2,-12;773,2,-7;785,4,1;809,12,-21;831,10,-22;841,12,-8;851,17,-5;861,-10,-13;871,9,-16
rua||mauro lima dias|jardim colina verde|13737057|533,-2147361,-4701374;587,31,-51;599,8,3;611,1,-14;623,-7,12;635,17,-32
rua||mauro lima dias|terras de santa marina|13737057|20,-2147466,-4700876
rua||maximiliano andreoli|jardim chico piscina|13736490|92,-2148239,-4700581;93,11,5;106,-9,4;120,-18,68;164,0,-12;190,-8,36;191,15,1;364,-53,168;376,-6,13;388,-1,10;399,5,8;400,-9,0;412,2,15;423,5,9;424,-10,1;435,9,14;436,-12,-6;477,49,-191
rua||maximiliano manzini|conjunto habitacional gildo geraldo|13737765|20,-2144870,-4699321;21,-9,-2;30,9,-6;31,-10,7;40,8,-17;41,-7,0;50,5,-8;51,-6,0;60,5,-9;61,-3,-3;70,8,-6;71,-12,1;80,9,-5;81,-6,-4;90,7,-7;91,-7,0;100,7,-6;101,-9,-7;110,6,-8;111,-4,7;120,4,-15;121,-4,-2;130,6,-6;131,-9,2;140,11,-11;141,-11,1;150,13,-9;151,-13,4;160,12,-12;161,-6,-10;170,4,4;171,-6,-3;217,-3,-52;227,0,-7;237,0,-7;247,-1,-5;257,1,-11;267,0,-11;277,-5,-18;287,0,-3;297,-6,-14;307,4,3;317,-12,-11;327,1,-11;337,-6,-11;340,7,-5;347,-12,-8;350,8,2;357,-9,-4;360,8,0;367,-16,-10;370,12,0;377,-12,-3;380,2,-16;387,-7,9;390,8,-5;397,-12,-3;400,4,-6;407,-11,-4;410,7,-2;417,-8,-5;420,4,-3;427,-8,-3;430,6,-4;437,-11,-4;440,6,1;450,5,-7;460,-10,-11
rua||maximo mafeo|conjunto habitacional gilberto rossetti cohab ii|13737658|326,-2149830,-4700854
rua||menarda correa da silva|residencial samambaia|13734286|12,-2145803,-4699164;22,-5,-2;32,-9,-5;42,-5,5;52,-8,7;62,-5,13;63,3,9;72,-7,-3;73,-1,4;82,-2,4;83,1,10;93,-14,9;103,6,8;113,-9,8;123,-1,7;133,-7,8;143,-5,10;153,-8,10;163,-1,5;193,-18,31;194,-25,21;213,12,-9;223,-5,13;243,-6,15;253,-5,9
rua||menoti pratali|nelson niero|13734590|9,-2145492,-4699438;10,-4,2;17,3,2;18,1,6;25,15,-3;26,-8,7;33,19,-2;34,-10,7;41,8,0;42,-1,6;49,13,-6;50,-10,4;57,19,5;58,-3,-3;65,3,7;66,-1,-5;73,12,4;74,-5,4;81,10,1;82,-9,1;89,11,0;90,3,3;97,3,5;98,-3,0;107,14,3
rua||merchid naufel|jardim morro azul|13738030|80,-2147239,-4700822;94,-15,-46;108,8,-20;124,-6,-45;136,-2,-7;148,0,-15;160,-1,-11;184,1,-9;208,-2,-42;220,-7,-3;232,0,-14;244,2,-15;258,-1,-8;275,-12,-9;298,7,-29;312,2,-19;315,-11,-9;348,4,-21;358,-6,-19;378,1,43
rua||mexico|jardim lavinia|13736300|74,-2147843,-4700759;88,-4,7;102,6,26;130,-3,26;144,-2,9;158,-2,14;180,-4,18;194,2,22;203,6,15;205,0,-2;206,-9,-6;217,-3,31;229,9,1;230,-5,-4;246,1,14
rua||miguel de souza|portal da cidade|13733470|50,-2145503,-4699960;60,-1,14;69,5,-6;89,24,14
rua||miguel naufel|vila naufel|13734030|40,-2146559,-4699494;50,29,15;60,-2,-5;100,28,15;120,17,11;159,93,36;160,-53,-12;169,45,11;170,-35,-5;171,-2,-16;179,34,19;180,-21,-1;181,-4,-14;189,-10,-2;190,18,21;199,-1,-13;200,7,16;210,14,6;279,66,27;285,-5,-7;361,10,8;362,-14,12;371,22,-8;374,20,19;375,-7,-12;382,-1,37;384,5,-5;385,0,-27;386,17,14;395,-9,-13;396,16,14;525,-116,-54
rua||miguel pricoli sobrinho|cohab ii|13737630|407,-2149681,-4701034
rua||miguel pricoli sobrinho|conjunto habitacional gilberto rossetti cohab ii|13737630|28,-2149929,-4701292;37,-4,14;38,0,-7;47,14,1;48,14,11;57,0,-8;58,-9,20;67,6,-11;68,6,8;77,11,-8;78,0,4;87,3,1;88,1,-2;97,15,6;98,-17,-11;107,21,11;108,2,13;117,7,-2;118,5,6;127,7,1;128,3,7;137,2,-3;138,2,11;147,13,-8;148,-5,-2;157,7,2;158,4,14;178,14,20;187,5,-9;188,2,17;197,4,0;198,0,11;207,6,-11;208,5,10;217,0,-2;218,7,13;227,-1,-4;228,10,15;237,-7,-8;238,12,12;247,2,-3;248,1,11;257,0,-4;258,6,11;267,7,6;277,-7,-5;288,24,32;297,3,-13;298,7,26;307,5,-11;308,-2,12;317,3,-10;318,9,21;327,-4,-16;328,-1,25;337,7,-16;338,0,21;347,3,-6;348,1,15;357,5,-11;358,-2,20;367,8,-12;368,4,24;377,-2,-18;378,6,25;387,-1,-19;388,5,24;398,6,15;408,2,5;418,1,7;428,16,11;438,1,13
rua||milton goncalves dias|nelson niero|13734572|23,-2145462,-4699490;25,-198,319;33,2,-3;34,2,10;41,5,-18;44,4,6;49,-1,-15;57,2,-4;65,2,-7;75,6,-11;81,1,0;89,6,-7;97,3,-8;105,4,-7;113,2,-6;121,6,-5;129,2,-10;130,-6,29;137,11,-33;145,1,-6;153,8,-2;185,15,-35;201,6,-10;209,11,-3;210,-11,10;212,19,-25;217,-13,8;225,5,-9;273,23,-43;274,1,2;281,7,-18;289,3,3;297,2,-16;579,-8,34
rua||milton mazieiro|conjunto habitacional francisco garofalo|13736800|29,-2148714,-4700633;36,-10,18;39,10,-7;46,-8,9;49,3,2;56,-4,6;59,-1,-4;66,-5,15;69,1,4;76,-4,10;79,7,-8;86,-10,17;89,10,-6;96,-9,10;99,0,0;106,-6,12;109,13,-2;116,-14,7;119,-1,3;129,1,10;150,-7,28;157,11,-7;160,-16,13;167,7,6;170,1,1;177,-1,6;180,-7,9;187,5,-3;190,-18,8;197,16,8;200,-7,2;207,0,6;210,-8,5;217,6,7;220,-2,-2;227,0,7;230,-7,4;237,6,1;240,-10,7;247,10,9;257,-2,9
rua||minas gerais|vila santa rosa|13731140|11,-2146381,-4701615;19,4,3;29,-8,-9;32,-8,-4;42,-5,-3;45,-8,2;50,0,-5;55,-5,0;62,3,-17;63,-4,14;68,-7,-12;71,-8,2;78,2,-4;81,-15,-4;91,2,-5;116,-39,-32;117,-9,3;123,-5,-7;126,0,4;135,-10,-3;144,-2,-8;145,-1,3;154,-4,-6;155,-8,4;163,-14,-9;164,11,-9;173,-11,8;174,0,0;186,-8,-6;196,-6,-15;197,-353,-220;203,344,225;204,5,-4;234,-29,-21;239,-15,-2;245,-8,5;248,13,-6;249,-11,-2;256,3,-8;263,-11,7;264,8,-8;265,-12,12;270,6,-20;271,-15,16;280,11,-16;283,-14,6;293,-7,-12;298,13,0;303,-23,-6;308,15,3;313,-23,-5;323,-5,-6;328,22,9;330,-9,-10;334,-6,-6;336,-5,2;350,-6,-7;357,-6,11;360,-1,-14;364,1,-13;365,-4,21;370,-8,-17;374,4,-26;375,-10,46;383,-9,-20;384,10,-7;385,-4,13;396,-2,-17;399,-7,10;403,-13,-4;408,12,-8;428,-24,-9;448,-11,-9;449,4,5;458,-10,-12;463,-6,4;468,4,-16;470,-14,3;475,-9,24;478,1,-28;485,-3,11;488,3,-13;495,-10,3;498,-2,-16;505,-12,9;554,-20,-26;564,-10,-6;570,-3,8;573,-10,-7;575,-6,-1;584,4,-7;585,-8,2;588,5,-8;594,-12,-7;595,1,11;604,-8,-17;605,-5,9;614,0,-12;615,-2,7;623,-9,-3;624,-6,-16;625,6,14;627,-7,-3;635,-2,0;645,-4,-3;680,-32,-17;685,-1,-9;690,-9,-6;695,-1,5;700,-7,-12;705,-3,-1;714,-11,-6;715,4,7;724,-4,-16;725,-2,10;734,-7,-12;735,0,5;738,-5,-9;744,-2,-1;745,0,8;754,-6,-19;755,-4,13;764,-30,17;765,20,-23;769,3,3;774,-17,-23;775,9,16;784,-12,-20;785,4,10;795,-11,-6;804,-2,-14;805,-5,6;814,0,-3;850,-18,7
rua||mirtes aparecida favero taques|jardim lago dos ipes|13735713|16,-2148310,-4699827;46,-17,20;56,-7,11;126,-39,49;146,-10,14;156,-5,6;226,-55,79;256,-21,22;276,-13,20;296,-13,13;306,0,-1;316,-10,18;326,-8,5
rua||mirtes aparecida favero taques|lago dos ipes|13735713|63,-2148324,-4699821;73,-4,7;83,1,10;93,-11,-7;123,-15,27;193,-48,62;213,-3,0
rua||monte santo de minas|jardim santa maria|13730280|3,-2146399,-4700942;6,-1,13;10,7,-9;20,5,-5;27,-6,-11;28,6,-5;37,3,0;47,5,-9;57,4,-7;67,0,-12;77,9,-6;87,9,-10;97,5,-8;107,-1,-5;117,1,-1;120,16,1;129,-1,-22;130,7,8;159,33,-42;283,22,-61;312,46,-39;323,-8,1;335,7,-23;336,13,8;348,10,-10;360,2,-19;371,-2,-3;385,4,-11;386,11,3;413,-11,-38;414,30,18;425,-3,-21;426,4,10;437,-1,-13;438,3,1;450,12,-7;462,12,-8;473,-4,-18;485,2,-5;486,14,1;497,-5,-13;498,16,6;511,-4,-20;512,2,11;539,12,-33;551,11,-10;552,1,9;563,6,-20;564,-1,12;576,9,-12;587,-2,-18;599,9,-6;600,7,7;611,7,-18;612,0,11;625,-1,-20;626,8,4;637,4,-11;640,-1,5;649,2,-18;660,11,0;670,-1,-5;675,5,-12;703,13,-22;712,15,-3;715,-4,-6;724,12,-2;727,-9,-11;736,17,6;739,-12,-12;748,16,-2;769,5,-23;772,11,-2;808,17,-24
rua||monteiro lobato|cecap i|13732089|398,-2146518,-4701358
rua||monteiro lobato|cecap|13732089|10,-2146128,-4701044;11,-15,5;20,4,-8;21,-6,5;30,0,-15;31,-7,13;40,-3,-14;41,-6,4;50,-4,-14;51,-1,9;60,-4,-17;61,-4,13;70,0,-17;71,-8,7;80,2,-12;94,-5,-10
rua||monteiro lobato|jardim santa maria|13732089|119,-2146218,-4701108;132,8,-6;142,-13,-9;147,-23,-1;156,16,-6;161,-21,-5;170,10,-3;226,-43,-29;278,-18,-42;320,-44,-11;348,-23,-20;362,-18,-15;376,-9,0
rua||muniz barreto|centro|13730040|59,-2146709,-4700213;91,-19,-21
rua||nair fogarin modolo|residencial vale verde|13737280|65,-2150285,-4700172;78,40,2;293,39,18
rua||nair paulo da silva|altos do vale ii|13735688|13,-2148717,-4699530;15,57,-3;23,-42,0;33,-7,3
rua||natal batistela|conjunto habitacional gilberto rossetti cohab ii|13737617|21,-2149891,-4701462;22,4,24;31,5,-13;32,0,19;41,18,-5;42,-16,8;51,22,-6;52,-16,7;61,22,1;62,-13,2;71,22,3;72,-12,3;81,19,2;82,-6,-5;91,16,12;92,-12,0;101,18,8;102,-11,1;111,18,-2;112,-11,2;121,22,9;122,-10,-4;131,17,4;132,-11,1;137,70,23;141,-49,-21;142,-8,-8;152,9,10;162,9,16;172,4,-5;182,11,14;192,30,4;202,-13,0
rua||natal cominato|jardim alvorada|13732530|36,-2145873,-4701256;37,-1,-11;42,25,-17;48,-9,15;49,-12,0;60,13,-3;72,15,-12;73,-13,-8;78,-21,41;84,34,-40;96,10,-6;97,-8,-13;108,14,6;109,-6,-13;120,14,1;121,0,-13;133,2,-6;154,50,-52;156,-30,50;157,-6,-11;167,8,-8;171,10,2;181,-2,-12;230,34,-21;231,1,-19;242,9,6;243,2,-16;254,2,11;255,-3,-10;266,12,1;267,0,-6;278,9,-6;279,-2,-10;290,10,5;291,-2,-12;302,11,0;303,-4,-8;314,11,-1;347,29,-29;354,19,6;359,-9,-9;366,23,2;371,-18,-6;378,25,1;383,-10,-7;390,23,5;395,-7,-8;402,18,4;407,-10,-6;419,6,-6;426,18,8;431,-6,-14;443,8,-1;450,24,3;455,-13,-8;457,-124,55;462,142,-51;467,-6,-8;474,16,4;479,-13,-6;490,28,5;491,-14,-8;501,15,-6;518,214,-67;536,-171,61;547,130,-61;548,-121,43;549,-12,14;552,158,-64;560,-134,60;565,-12,0;569,292,-114;572,-267,111;577,-15,1;584,24,-8;589,-15,3;593,12,-7;596,9,4;601,-6,-7;608,17,3;620,12,-6;625,-11,-4;632,22,1;637,-16,-1;639,7,-6;644,14,7;649,-7,-6;656,19,-1;661,-12,0;665,6,-8;668,13,4;673,-5,-2;679,4,-1;680,15,-2;685,-9,1;691,5,-4;701,4,-1;742,52,-19;749,-9,-2;754,29,0;759,-24,-20;771,21,11;772,17,7;778,6,-6;783,-14,0;784,18,-4;790,-4,0;795,-3,-2;802,12,-8;807,-6,3;814,19,5;819,-8,-10;820,26,2;825,-22,-4;826,22,2;831,-21,-6;838,24,1;843,-11,-4;849,14,-2;850,13,4;855,-11,-6;862,14,-3;867,-6,2;868,11,8;874,6,-7;879,-7,-5;891,10,-5;933,1,-32;936,53,26;939,-10,-5;940,12,-3;941,-5,-4;942,9,5;948,3,-6;960,7,-5;970,12,3;975,-6,-6
rua||natal salvador|conjunto habitacional gilberto rossetti cohab ii|13737603|20,-2149595,-4701341;29,9,-6;30,-30,17;39,25,-10;40,-19,23;49,17,-16;50,-33,25;59,27,-13;60,-25,10;69,13,-5;70,-28,27;79,25,-17;80,-28,24;89,22,-19;90,0,33;99,-4,-25;100,-24,19;109,22,-9;110,-29,18;119,24,-12;120,-29,18;129,26,-14;130,-32,21;139,20,-1;140,-20,8;149,12,1;150,-14,11;159,14,-10;169,-6,1;179,0,-3;189,-10,22;199,-3,9;209,-5,13;219,-2,11;229,-5,9;275,-19,-4;284,12,-14
rua||natal trepador|chacara sao pelegrino|13734160|7,-2146163,-4699422;17,-4,19;27,-3,4;29,1,-1;33,-3,2;37,-4,7;39,-2,13;47,2,0;50,7,-11
rua||natal|vila quintino|13736140|22,-2147559,-4700079;32,-8,-10;37,-15,-17;42,7,-2;52,-6,-9;61,-20,-6;62,-1,-6;72,-1,-15;73,-14,1;85,-4,0;94,12,-19;140,-16,-12;143,-18,-4;151,-6,-9;152,13,2;164,-6,-7;167,-18,-14;175,-3,1;187,-5,-13;200,-3,-16;207,-12,2;242,3,-20;260,-20,-22;263,-10,1;289,-18,-28;296,12,-8;339,-39,-26;351,-7,-9;375,-5,-15
rua||nelson de oliveira carvalho|chacara bela vista|13738330|89,-2148654,-4701182;150,18,-21;179,-17,-25;200,14,-24;281,1,-43;300,8,-56
rua||nelson de ruza|jardim chico piscina|13736755|29,-2147930,-4700215;39,75,75;80,-202,-94;165,147,33;245,-77,-17
rua||nelson de ruza|jardim jose andre de lima|13736755|32,-2147830,-4700125;40,-7,-15;56,-10,-8;68,-3,-12;80,-13,-7;92,-4,-7;104,-4,-8;116,-10,-7;128,-5,-10;152,-10,-11;164,-12,-1;176,-12,-3;188,-6,5;200,-14,-13;212,-12,2;224,-12,0;236,-7,-9;248,-17,1;260,-11,-7;286,-21,2;298,-7,-5;322,-26,-7;334,-5,-5
rua||nelson honorio purcino|residencial vale verde|13737263|370,-2150013,-4700235;380,12,2;410,14,24;430,6,14
rua||nelson honorio purcino|vale verde|13737263|26,-2150131,-4700381;36,14,17;46,5,7;56,5,9;71,-68,-95;91,7,19;101,4,5;131,27,28;141,-3,-5;151,18,0;171,10,15;181,4,8;241,34,36;371,74,102;381,-9,2
rua||nelson jose bedin|igarai|13750000|11,-2140619,-4681617;21,17,-10;31,3,-2;41,4,-5
rua||nelson mandela|alcebiades quilice|13736887|18,-2149217,-4700059;39,17,10;48,-5,9;58,2,11;59,8,-5;68,-1,8;78,-1,15;79,6,-9;88,2,36;89,0,-26;98,0,34;108,7,9;118,-4,13;119,7,-4;128,-13,8;129,13,-6;138,-7,14;139,8,-5;148,-6,14;149,6,-7;159,0,13;169,1,5;179,-1,7;188,-5,23;189,6,-14;198,-9,11;199,11,2;208,-11,12;209,10,-5;219,1,8;229,0,6
rua||nelson marcal|jardim italia|13734604|26,-2145375,-4699300;36,7,8;47,9,2;56,2,7;66,6,5;86,24,11;96,3,4;116,10,7;126,4,3;136,15,8;146,10,13;156,8,-5;185,43,18;186,-22,1;196,5,2;205,16,1;206,-3,1;216,10,14;226,10,5;236,15,11;246,-7,4
rua||nelson moraes de lima|nova carvalho|13735412|5,-2147890,-4699258;24,14,-35;34,2,4;44,-8,9;54,-2,6;55,-8,18;65,-8,8;74,-1,-13;75,-3,11;85,-7,10;94,-4,-9;95,-1,12;104,-5,-9;114,-7,7;124,-7,2;125,14,4;134,-18,-3;135,10,7;145,-5,5;154,-20,-1;155,12,2;164,-11,11;165,5,-5;174,-16,0;175,9,3;184,-15,5;185,5,-3;195,-3,7
rua||nelson niero|jardim colina verde|13738040|173,-2147417,-4700972;185,9,-12;221,14,-24;233,10,-15;245,5,-9;257,5,-11;329,37,-55;353,11,-27
rua||nelson niero|jardim morro azul|13738040|22,-2147385,-4701010
rua||nicanor caetano da silva|jardim das paineiras|13735098|9,-2146912,-4698929;26,34,-1;37,-12,-15
rua||nicaragua|jardim lavinia|13736320|56,-2147974,-4700792;57,4,5;70,-11,17;71,7,-3;84,-6,8;85,7,14;113,2,31;125,-6,81;137,-1,10;149,2,-35;163,-6,-32;173,5,12;177,-4,-1;191,0,-11;199,6,40
rua||nicola menechino|jardim sao jose|13736645|32,-2149069,-4700688;41,3,-17;42,-2,3;51,0,-14;52,-4,8;61,4,-15;62,5,10;71,-3,-14;72,6,-2;81,1,-8;82,-2,3;91,2,-11;92,0,-3;101,5,-7;102,-1,3;111,0,-15;112,5,2;121,-8,-7;122,10,-3
rua||nicolau paione|anita venturi pricoli|13737260|45,-2150126,-4700547;665,201,-121;675,-11,2;685,-19,7;705,-11,5;721,-12,6;729,-4,2;735,-8,3;745,-11,-1;755,-3,11;765,-11,6;775,-2,0;785,-12,11;795,-3,0;805,-16,9;815,0,5;825,-11,3;835,-7,6;845,-9,8;855,-4,3;865,-12,5;885,-12,5;895,-9,6
rua||nicolau paione|cohab ii|13737420|80,-2149749,-4700721;137,804,-144;147,-7,4;157,-10,5;395,-566,82;405,-8,0;451,-45,26;461,-13,10;491,-7,8;581,-245,43;621,-32,7;631,-12,-4;641,-6,8;921,106,-31
rua||nicolau paione|conjubto habitacional francisco garofalo|13737420|95,-2149097,-4700861;101,-12,-1;105,-2,5;141,-16,1;167,-38,2;181,-11,5;191,2,-9;235,-48,6;243,-4,2;245,-8,-1;371,-3,2
rua||nicolau paione|conjunto habitacional francisco garofalo|13737420|301,-2149288,-4700855;333,-32,1;355,-8,2;365,-13,0;385,-18,4;421,-20,0
rua||nicolau paione|conjunto habitacional gilberto rossetti cohab ii|13737420|93,-2150152,-4700575;147,127,-81;350,638,-204;452,-4,11;458,-193,69;466,-120,37;485,235,-73;490,0,0;542,50,-19;580,-440,129;586,-11,6;590,48,-16;600,1,-3;650,269,-61
rua||nicolau paione|conjunto habitacional gilberto rossetti|13737420|38,-2149058,-4700877;130,-153,20;164,50,-7;270,-122,-7;300,-37,0;306,-6,6;308,49,-4;310,-64,7;312,0,0;318,66,-7;328,12,1
rua||nicolau paione|jardim sao jose|13737420|3,-2148683,-4700941;25,-169,46;37,-4,8;39,12,-2;45,0,0;97,-50,5
rua||nicolau paione|vale verde|13737260|945,-2150157,-4700542;955,7,-8
rua||nicolino mega|terras de santa marina|13737056|55,-2147715,-4701200;101,6,-21
rua||niteroi|vila quintino|13736150|259,-2147586,-4700216;297,-10,-20;309,-19,-24;323,-8,-15;333,-8,-12;353,-7,-16;363,-8,-7;375,-5,-7;419,-49,-54
rua||nove de julho|igarai|13750000|316,-2140650,-4680683;431,45,-105;445,9,-18;451,7,-2;488,26,-23;500,5,0;510,-3,-4;520,9,-7;546,16,-24;564,12,-12;576,0,-2;582,9,-23;592,7,-9;612,5,-19
rua||octavio amancio|santa terezinha|13736672|15,-2149307,-4700494;25,-5,20;35,-6,10;45,-1,14;75,5,16;85,0,9;94,-2,13;95,4,-5;105,-2,12;115,-6,0;124,4,6;125,7,5;135,-1,12;155,-3,10
rua||olavo bilac|cecap|13732100|290,-2145974,-4701251;384,9,-7;498,62,88;500,-4,-6;510,-2,-1;520,-9,-7;528,-7,-9;530,-7,1;532,-4,-5;540,-1,1;550,-7,-10;560,-8,-4;570,-7,-8;580,-15,2;590,-3,-19;610,-14,-9;615,-9,14;620,1,-15;625,-7,2;630,-7,-9;635,-7,2;640,3,-3;645,-8,-6;646,-3,-9;650,-4,8;655,3,4;660,-7,-16;665,0,10;670,-4,-16;675,2,10;680,-8,-15;685,-6,6;690,7,-14;695,-15,11;705,0,1
rua||olavo bilac|jardim santa maria|13732100|254,-2146154,-4701358;282,-98,-98;728,162,135;770,-9,-3;804,-47,-45;864,-53,-41;929,-35,-17;940,-6,-17
rua||olezio hortelan|residencial vale verde|13737272|28,-2150538,-4700497;31,12,13;38,-11,0;41,12,8;48,-7,-1;51,8,7;58,-4,1;61,9,10;68,-5,0;71,8,3;78,-2,7;81,-11,-22;88,14,26;91,4,4;98,0,3;101,6,6;108,-4,3;111,9,8;118,-5,-4;121,6,10;128,0,-1;131,5,14;138,-3,-7;141,11,6;148,-6,2;151,15,7;158,-12,1;161,12,6;168,-11,1;171,14,6;181,3,6;191,3,12;201,4,8;211,2,10;221,15,10;231,-2,1;241,-2,12
rua||olimpio meireles de andrade|parque dos manacas|13739129|115,-2147606,-4702358
rua||olinto francisco bueno|residencial samambaia|13734290|16,-2145896,-4699042;26,-13,-2;36,-5,6;46,-9,4;47,4,6;56,-14,-4;66,-5,4;67,-9,9;76,-1,-7;86,-6,6;96,-11,4;106,-9,-3
rua||oliveiros martins|sao benedito das areias|13755000|18,-2131928,-4702749;27,20,12;28,-7,-3;37,18,10;38,-10,-4;47,10,15;48,-8,-8;57,17,20;58,-10,-7;67,11,17;68,-13,-9;77,14,17;78,-6,-9;88,4,11;98,6,2;108,5,13;118,4,5;128,9,11
rua||onofrio ferreira pinto|conjunto habitacional gilberto rossetti cohab ii|13737659|149,-2149953,-4700924;150,5,27;159,-7,-22;160,15,28;169,-8,-22;170,8,30;179,0,-18;180,8,27;189,-4,-23;190,14,31;199,-4,-22;200,8,31;209,-5,-24;210,8,33;219,-3,-26;220,12,41;229,-4,-31;230,7,43;239,-2,-33;249,-1,11;250,10,40;259,-19,-59;260,24,68;269,-8,-40;270,13,48;280,7,7;289,-4,-27;290,8,35;299,-9,-22;300,11,36;309,-5,-33;310,6,45;319,-1,-36;320,13,48;329,-7,-41;330,8,41;339,-7,-30;340,7,40;349,-2,-31;359,0,8;369,5,10;379,4,13;389,0,0
rua||orazilia rezende ramos|jardim morro azul|13738035|76,-2147360,-4700960;87,5,-5;88,6,8;99,17,-5;100,-10,5;123,33,-4;124,-14,13;136,17,-11;147,24,-1;160,-5,2
rua||orchiza de figueiredo|jardim santa emilia|13732468|29,-2145965,-4701370;49,12,-16;59,0,-9;99,29,-29;109,-1,-10;149,23,-30;169,19,-12;179,-7,-14;199,10,-18
rua||orestes nicolau luz|conjunto habitacional nene pereira lima|13732429|27,-2145742,-4701898;28,4,3;37,-4,-9;38,9,1;46,1,-14;48,9,2;57,5,-6;58,-5,3;67,2,-8;68,4,2;77,8,-17;78,-1,10;87,0,-9;88,5,2;97,0,-10;98,0,6;107,8,-11;147,32,-33;150,-6,4;157,1,-20;160,5,7;167,5,-13;170,-4,8;177,5,-16;180,4,3;187,4,-10;190,-6,7;197,9,-15;200,-2,8;210,11,-11;231,9,-27;234,2,13;241,-2,-22;244,8,6;251,-1,-19;254,6,6;261,12,-18;264,-6,14;271,-3,-23;274,6,12;281,0,-25;284,1,17;294,4,-6;304,10,-18;338,8,-19;341,-2,-14;348,7,-3;351,-5,-10;358,9,3;361,-5,-8;368,5,-5;371,-8,0;378,13,-7;381,-3,-10;388,10,-4;391,-6,-5;398,6,1
rua||orlando barbosa|altos do vale ii|13735678|117,-2148724,-4699363;406,25,13
rua||orlando cortossi|jose justi|13734470|115,-2145040,-4702502;123,-86,97;501,202,-286;545,-78,145
rua||orlando espanha|jardim maziero|13733448|23,-2145252,-4699775;33,7,3;40,-23,-6;43,30,10;50,-18,-2;53,26,4;60,-16,-1;63,24,2;70,-16,1;73,22,2;80,-22,0;83,30,6;90,-19,-1;93,29,5;100,-19,-1;103,26,6;110,-18,-5;113,28,8;120,-11,-2;123,15,5;130,-17,-8;133,30,8;140,-19,-2;143,25,7;150,-21,-5;153,29,8;160,-25,-5;163,32,6;170,-24,-2;173,30,4;180,-22,1;183,29,0;190,-19,-1;193,27,7;200,-21,-11;203,34,4;210,-25,9;213,27,3;220,-19,-4;223,26,4;230,-20,2;240,7,4
rua||orlando mariotto|vale verde|13737262|36,-2150175,-4700488;39,26,0;46,-17,4;49,20,2;56,-15,6;59,19,1;66,-13,2;86,13,5;89,21,12;99,4,6;109,8,11;119,5,3;129,9,8;156,1,13;159,18,5;169,-1,6;179,9,8;199,10,14;219,16,11;229,2,9;236,-14,-5;239,22,4;246,-15,6;269,29,12;279,5,2;289,8,7;299,-1,7;309,9,7;319,8,10;326,-188,-194;359,214,226;369,6,8;379,5,6;389,5,8;459,42,48;469,4,5
rua||orlando pereto|jardim sao luiz|13735050|168,-2147124,-4699226;169,26,13;245,117,90
rua||orlando rimoli|distrito industrial 2|13739100|190,-2147325,-4703551;900,41,173
rua||orlando roberto lucio|jardim lago dos ipes|13735718|10,-2148164,-4699498;22,-82,-90
rua||oscar souza dias|conjubto habitacional francisco garofalo|13736805|125,-2149365,-4700376
rua||oscar souza dias|conjunto habitacional francisco garofalo|13736805|26,-2149384,-4700476;36,0,12;46,-1,10;56,2,11;66,1,10;76,1,7;86,-2,7;96,2,16;106,2,8;116,0,11;126,-5,4;136,6,14
rua||osvaldo apolinario|portal da cidade|13733466|130,-2145540,-4699820;180,58,32;189,16,2;199,4,0;200,-6,5;209,11,1;210,0,4;220,12,11;230,1,3;250,14,13;269,29,5;279,2,-4;299,13,12
rua||oswaldo cruz|aparecida|13735079|27,-2147063,-4699472;37,-5,-12;44,0,-2;47,-13,3;54,6,-8;57,-26,1;81,1,-16;86,-2,-5;90,-46,-34;91,35,31;96,7,0;97,-13,-3;110,-40,-37;120,-8,-4;125,-13,2
rua||oswaldo cruz|igarai|13735079|13,-2140847,-4681056;33,-1,-5;46,7,-5;54,1,-10;59,-10,-1;66,15,-15;70,-5,0;84,4,0;87,-14,-10;94,17,-7;101,-14,-9;103,5,4;106,6,-9;116,-7,71;127,0,-93;134,9,-11;194,8,-44;198,-5,-12;214,0,-11;249,2,-56;268,10,5;279,-8,-18
rua||oswaldo de souza dias|conjunto habitacional luiz antonio fernandes dias|13737505|22,-2149670,-4700709;31,7,20;32,-4,-12;41,10,17;42,-11,-4;52,-2,13;53,12,2;64,-5,-3;79,4,39;89,1,-1;90,-5,8;99,3,6;100,-5,-11;101,1,169;109,8,-149;110,-9,-16;119,8,23;120,-10,-12;129,9,24;130,-8,-11;139,8,22;140,-7,-12;149,8,20;150,-7,-11;160,-3,9;161,10,15;172,-13,-8;187,13,35;197,-7,11;198,2,-17;200,-2,9;207,3,15;210,-5,-4;217,7,12;220,-3,-7;227,-3,20;230,-4,-15;237,7,24;240,-3,-11;247,3,13;250,-4,-9;257,11,25;260,-11,-21;267,10,29;270,-7,-23;277,6,29;287,6,18;290,-15,-24;297,15,17;307,-7,21;317,2,15;327,1,2;337,5,10
rua||oswaldo de souza dias|jardim santa luzia|13737505|350,-2149660,-4700363;360,-3,-17;370,6,29;380,-3,-9;387,0,14;390,0,-1;397,4,9;400,0,-6;407,3,6;410,-11,9;417,9,7;420,-5,16;427,6,-8;447,-1,14;457,-1,14;467,0,10;477,8,19;487,-4,7;497,5,8;507,3,14
rua||otavio boccalini|sao benedito das areias|13755000|4,-2132512,-4703175;5,32,12;8,155,69;9,-9,0;12,31,25;13,-14,-9;14,-9,-33;15,-28,-32;16,-40,-15;17,-46,-11;18,-21,0;19,-50,-12
rua||otavio erasmo santiago|conjunto habitacional nene pereira lima|13732375|163,-2145443,-4701939;172,3,-11;173,-3,7;182,8,-9;183,-1,-3;192,5,-7;193,-1,-2;203,3,-4;204,7,-5;212,-2,-14;213,-2,11;223,5,-11;224,3,1;232,6,-12;233,1,-7;242,-4,-1;243,0,-8;252,16,-2;253,-6,-6;257,9,-6;259,-5,-2;262,2,5;274,7,-8;294,7,-19;295,-10,-4;304,13,-2;305,1,-4;314,-1,-7;315,0,1;324,6,-10;325,4,-2;334,0,-3;335,0,-11;344,2,-3;345,2,-6;354,-4,-2;355,5,-3;364,-1,-7;365,2,-2;374,6,-2;375,-29,-4;384,28,-7;385,1,-10;394,4,1;395,-4,-7;404,9,-2;405,-6,-14;429,9,-14;434,10,1;439,-6,-16;444,4,3;449,-2,-13;454,6,2;459,-3,-9;464,22,10;469,-22,-26;474,2,12;479,-3,-20;484,17,4
rua||otavio pereira lima|jardim jose andre de lima|13736760|53,-2148184,-4700219;56,5,6;65,-6,-20;77,8,-5;89,-2,-6;125,5,-44
rua||ovidio maziero|colina verde|13737040|643,-2147391,-4701552;655,12,-14;667,7,-10;679,4,-11;690,15,-9;702,1,-4;703,-2,-8;715,3,-6;725,16,-22;726,1,15;735,4,-18;736,-2,16;744,2,-18;745,7,-15;754,1,1;764,8,-5;765,-2,-11;774,9,7;775,-2,-14;784,-5,3;785,10,-15;794,6,3;804,3,-7
rua||ovidio maziero|jardim colina verde|13737040|367,-2147519,-4701334;379,1,-9;390,8,-2;391,-1,-11;403,7,-6;426,20,-14;427,-7,-13;438,11,6;439,-5,-19;451,0,-7;462,14,2;474,8,-10;486,11,-15;487,-7,-3;498,6,2;513,2,-14;541,21,-30;564,12,-13;565,-3,-2;576,8,-2;577,-4,-9;601,13,-20;614,9,-5
rua||panama|jardim lavinia|13738230|567,-2147949,-4700978;629,-32,2
rua||paraguai|jardim lavinia|13736278|10,-2147256,-4700572;15,-15,1;25,4,-23;30,12,-4;40,13,-8;43,-19,1;50,6,-9;69,-1,-28;113,5,-37;132,13,-25;144,9,-3;156,-9,-8;186,5,-33
rua||paraiba|vila santa rosa|13731150|3,-2146241,-4701598;20,-65,-60;27,-53,-35;30,50,26;37,-59,-19;44,19,7;45,-26,-10;49,0,2;54,23,-1;56,0,-2;61,-30,2;66,24,-5;68,-3,0;73,-33,-6;76,19,-4;83,-28,-2;84,29,1;93,-38,-8;98,32,4;103,-29,2;104,16,-15;106,5,8;112,-13,-8;134,-37,-18;140,188,121;143,-198,-126;144,3,-5;150,185,127;152,-188,-130;153,-10,6;155,-10,-7;159,-2,-3;160,8,-3;167,-10,-4;170,5,-5;180,-8,-4;182,-7,-5;183,-6,5;197,-8,-1;198,6,-10;203,-14,5;206,8,-6;213,-15,2;216,-9,6;228,5,-17;237,-49,-27;248,36,16;251,-23,-3;258,9,-7;268,-17,-8;271,-13,-2;278,-86,-69;281,84,71;282,9,-4;290,-12,-8;291,-5,7;297,-9,-1;300,11,-7;301,-20,-6;304,14,6;308,-3,-3;310,-8,-11;314,-6,-6;315,-18,20;325,2,-17;326,9,-5;337,-32,22;338,22,-29;339,-8,11;340,0,-14;341,-6,7;343,-8,10;347,0,-18;350,6,-7;353,-13,1;354,6,-1;355,-10,0;357,-4,-2;358,5,1;411,211,138;414,-265,-182;419,-7,7;427,-2,-3;434,-4,-16;435,-7,9;444,-6,-15;445,0,13;453,-5,-1;454,2,-11;455,-4,5;460,-2,-8;461,-6,3;463,0,3;464,-3,-16;465,-2,10;475,-4,4;501,-23,-30;506,-7,-4;515,-5,2;519,-8,-4;525,1,-2;529,-10,4;534,2,-16;535,-2,11;544,2,-11;545,-10,1;554,-6,-9;555,-5,8;565,-5,-3;566,10,-7;575,-16,-4;585,-12,1;695,-79,-53;704,-1,-18;705,-5,10;714,-3,-16;715,-5,16;724,-2,-21;725,-5,11;734,-4,-15;735,-3,8;744,0,-9;745,-9,11;754,-1,-13;755,-13,8;758,12,-14;764,-4,-3;765,-13,6;774,-4,-11;775,-3,-1;784,6,-5;785,-9,4
rua||parana|vila santa rosa|13731160|4,-2146235,-4701694;8,-6,-8;9,-10,8;13,-2,2;14,5,-12;29,-7,14;39,-9,-12;45,-2,0;47,-85,-71;49,79,59;52,15,-2;56,4,0;64,-18,-4;74,0,1;76,-10,-9;98,-21,-13;108,-9,-1;122,-11,-2;131,-33,-28;132,25,23;140,-5,-13;142,-74,-29;144,2,-4;148,65,29;149,-75,-48;152,2,3;158,61,43;159,-70,-41;162,5,-3;168,60,35;174,-62,-29;175,-11,-8;178,65,30;184,-65,-38;185,-7,4;194,0,-12;205,-13,4;210,1,-8;215,-19,-2;222,16,-6;232,-14,-6;244,-5,-4;256,-5,-7;270,-17,-8;282,-7,-2;284,2,-4;288,-10,-2;290,-1,-1;295,-8,3;300,-1,-1;305,-10,5;306,4,-15;314,-2,1;315,-9,4;316,9,-9;322,-3,-1;323,-12,10;326,11,-26;327,-17,32;332,7,-19;335,-10,3;338,7,-9;340,-8,-2;345,-5,9;346,-1,-11;352,6,-1;355,-19,0;362,8,-10;365,-14,7;369,3,2;370,4,-9;375,-18,3;378,8,-10;385,-11,1;390,8,0;398,-10,-10;403,-10,3;404,6,-17;412,-10,7;413,-6,0;424,-5,-7;427,-3,3;437,-15,6;438,14,-14;487,-48,-26;488,13,1;497,-19,0;501,-3,-14;507,-9,5;508,20,11;517,-22,-11;518,17,0;522,-10,-7;527,-23,-5;528,14,-1;548,-12,-5;575,-41,-20;585,-8,2;587,-8,-4;595,-7,-7;604,18,-3;614,-13,-7;634,-21,-11;644,-4,-2;662,-12,-9;700,-33,-25;716,-2,-2;726,-12,-12;731,-36,-10;736,29,4;746,-8,1;756,-8,-12;791,-35,-1;801,2,-7;811,-18,-5;821,-6,-8;831,3,-5;839,-14,-1;845,-10,-9;855,-2,-12;865,-9,5
rua||para|vila santa rosa|13731220|2,-2146807,-4701652;18,14,-24;19,-3,0;20,3,-1;29,11,-31;30,-11,27;64,10,-13;78,20,-31;82,-4,-2;100,8,-7;101,-3,-7;111,0,-7;112,8,2;121,-5,-5;122,6,0;123,0,3;129,7,-17;130,4,9;139,-3,-17;140,9,-4;143,3,-11;150,11,-2;160,3,-21;165,2,23;173,1,-26;198,13,-23;207,5,-2;211,4,-2;221,4,-9;222,-1,1;231,-1,-11;232,0,8;239,9,-16;242,3,0;243,-7,-1;249,2,-2;252,12,-2;256,0,-4;259,-6,-10;285,7,-22;295,8,-12;305,3,-7;314,7,19;325,5,-33;330,-3,22;350,26,-42;354,10,-7;355,-10,-3;361,7,-8;364,5,4;365,-1,-14;367,1,-8;371,5,-8;374,-3,24;381,8,-40;391,12,-14;397,0,-8;415,3,-15;419,16,1;425,-5,-8;430,-13,40;434,3,-2;435,22,-54;444,-20,43;445,28,-61;446,-16,45;448,21,-19;450,3,-5;452,0,-4;454,3,-6;455,-11,-11;456,18,10;460,2,-19;461,-13,4;465,5,-4;470,10,-9;475,-15,3;490,32,-20;492,-4,3;494,4,-9;496,4,-7;499,-9,-1;503,2,-2;510,14,-6;511,-18,3;519,8,-9;520,7,1;534,9,-15;539,-10,-4;545,8,-5;548,24,-21;555,-26,-1;558,27,-3;560,16,9;561,-21,-23;570,11,3;582,11,-15;591,-15,8;602,34,-19;612,0,-22;622,-1,-11;626,0,-2;642,4,0;646,11,-12;650,2,-12;685,-20,22;695,9,-18;696,31,-34;705,-27,30;706,35,-42;739,-23,21;746,35,-50;759,-15,22;769,-2,-9;779,6,-11;809,18,-21
rua||paschoal danti martins|residencial mais parque|13735370|43,-2147791,-4698988;53,8,2;60,9,19;73,2,-8;80,19,19;83,-8,-12;90,16,11;93,-12,-6;103,5,2
rua||paschoal pisani filho|conjunto habitacional gilberto rossetti cohab ii|13737606|25,-2149734,-4701446;26,-8,-23;35,17,35;36,-16,-29;45,18,38;46,-12,-33;55,7,45;56,-1,-32;65,11,38;66,-4,-31;75,8,44;76,-7,-29;85,13,35;86,-16,-28;95,18,36;96,-3,-23;105,9,37;106,-13,-31;115,8,43;116,-9,-27;125,20,25;126,-19,-23;136,1,19
rua||paschoal pisani|jardim santa clara|13735250|8,-2147337,-4699500;18,-1,-12;23,-12,-11;27,1,2;28,9,-2;37,-16,-6;38,13,-8;47,-11,1;50,8,-8;60,1,-6;66,-5,-7;72,-4,-7;73,-6,7;80,12,-11;83,-20,-5;88,11,-5;89,-1,4;97,-7,-10;98,3,-4;108,0,-11;115,-8,0;122,11,-4;123,-16,-1;144,9,-17;147,-5,-1;148,-6,-19;153,-8,1;154,12,6;167,-11,-14;172,7,-7;177,-8,-11;178,6,2;197,-8,-8;198,6,-1;202,1,-11;205,-10,3;212,6,-11;215,-8,5;219,-2,-6;223,-5,-3;226,15,3;236,-4,-19;239,-8,1;257,-4,-18;268,20,77;274,-19,-94;275,-9,-4;285,-3,-6;295,-3,-13;296,10,1;301,-12,-8;308,12,-2;309,-9,-1;316,2,-8;319,-13,0;327,6,-13;328,3,8;338,-6,-18;339,1,5;344,3,-4;354,-3,-11;355,0,-6;361,-6,-3;364,10,3;371,-12,-11;372,0,4;382,-3,-25
rua||paschoal ranieri|braz|13735029|1,-2147155,-4699771;2,24,13;3,-29,-16;5,-5,-20;6,24,27;11,-30,-34;20,20,26;31,-15,-27;32,12,-6;47,-12,-13;48,9,-10;66,-1,-9;74,-2,-18;83,0,11;96,5,-27;103,-11,-8;127,4,-18;137,-2,-4;138,11,-7;149,-16,-156;157,4,145;188,8,-31;196,-5,-3;200,3,-14;222,0,-23;235,-4,-2;242,4,-21;256,-3,-10;268,2,-5;274,-16,-23;478,60,307;488,-6,-3
rua||paulo abelardi|jardim botanico|13733555|54,-2144112,-4700529;183,-356,115;193,6,-3;202,35,-1;212,3,-5;213,-20,3;222,31,-2;223,-19,-2;283,48,-12;293,6,-8;302,34,6;303,-22,-8;332,60,-22;333,-40,20;362,66,-25;372,10,-2;392,20,-4;412,15,-4;422,5,-7;432,13,1;442,9,-2;462,15,-7;482,17,0;492,8,-7;502,7,1;512,7,-8;533,26,-23;542,15,14;543,-2,-7;552,14,12;553,-3,-15;562,6,7;572,9,-5;573,-6,5;582,15,-5;592,2,-7;593,6,-8;602,0,9;603,3,-6;612,9,-2;613,7,7;622,3,-2;623,2,-3;632,5,-3;643,9,-2;652,3,0;653,7,0;662,8,-9;663,0,3;672,4,-2;673,14,7;682,-6,-8;683,5,7;693,12,-8;703,3,-8;712,22,3;722,2,-7;723,0,0;733,10,-6;742,9,3;752,5,0;753,1,-9;782,21,9;783,3,-17;793,10,1;803,4,-6;812,3,13;822,10,-6;833,13,-9;843,11,-5;853,4,-4;862,4,14;863,4,-11;873,11,-3;883,0,-2;893,12,-2;903,22,-11;912,5,13;913,3,-17;932,9,3;942,8,7;943,8,-9;952,-2,11;953,10,-11;963,10,-3;972,-4,7;982,10,-6;983,7,-6;992,3,3;993,8,-5;1002,1,4;1003,6,-6;1012,-5,5;1022,7,3;1023,15,-14;1032,-8,10;1033,12,-16;1042,-4,11;1043,13,-13;1052,-5,10;1053,11,-6;1063,14,-10;1072,-3,10;1082,5,2
rua||paulo barros whitaker|jardim chico piscina|13736420|26,-2147963,-4700463;30,-11,-4;36,-17,7;42,-3,-14;47,-5,12;59,-16,-3;60,13,-13;72,-10,3;83,-16,5;95,-19,-4;96,10,-7;107,-24,3;108,17,-9;110,-11,-1;119,-9,10;120,7,-11;132,-11,-3;142,-12,3;149,-26,9;194,-15,-25;207,-12,6;208,-3,-11;219,-15,6;231,-9,-1;232,2,-11;243,-11,4;248,-13,-9;251,-16,4;255,24,5;268,-22,-15;279,4,11;280,-6,-12;292,-8,5;306,-18,-11;343,-44,-1;353,-11,-6;358,17,-2;368,-12,-3;380,-14,-4;389,-20,3;392,12,-5;401,-25,5;408,7,-9;413,-20,4;422,10,-9;425,-15,7;434,-5,-10;437,1,8;446,9,-5
rua||paulo fernando f santos marchese|jardim jose andre de lima|13736720|26,-2148373,-4700262;33,-3,-13;48,8,-8;60,4,-13;71,-7,-13;83,2,-10;84,7,6
rua||paulo gomes|igarai|13750000|33,-2140870,-4681157;45,-7,1;57,-9,-5;69,-14,-5;81,-8,3;93,-13,-2;105,-5,-2;117,-22,-3;129,-1,1;141,-13,-3;153,-22,-1;165,-11,-3;171,7,-2;183,-11,-2;189,-10,-5;195,-2,4;207,-14,-2;213,1,3;219,-15,-5;225,-5,0;237,-7,1;243,-7,2;249,-35,-14;255,27,9;261,0,-2;267,-10,-2;279,-11,5;291,-8,-10;297,-13,5;304,-1,-10;309,-2,2;315,-12,3;321,-9,-1;333,-11,5;339,-4,-6;345,-11,-14;351,2,10;363,-19,25;367,38,-12
rua||paulo rigobello|centro|13733049|11,-2146266,-4699979;13,-6,-40;23,1,3;35,-2,-25;43,-4,-3;63,-1,-19;83,-5,-25;93,-8,-10;103,8,-6;113,-5,-15
rua||paulo rigobello|santa cecilia|13733049|8,-2146266,-4699970;10,5,-4;12,3,-18;14,-3,-21;84,-16,-70;96,2,-19;118,-3,-11;126,1,-12
rua||paulo setubal|cecap|13732040|6,-2145944,-4701064;7,-5,-6;16,7,12;17,3,-4;26,-9,-2;27,16,10;36,-4,12;37,6,-8;46,5,19;47,6,-4;56,-2,3;57,6,2;66,6,12;67,0,-6;76,2,5;77,3,4;86,2,8;87,3,-3;96,5,15;97,-3,-7;106,12,10;107,-9,-9;116,13,19;117,-6,-4;126,7,10;127,0,-8;137,3,18;147,25,3;350,-92,-104
rua||pedro boaratti|conjunto habitacional gilberto rossetti cohab ii|13737663|25,-2150091,-4700850;26,25,57;35,-20,-52;36,39,61;45,-31,-52;46,34,65;55,-28,-59;56,36,66;64,-35,-55;65,4,-5;66,34,71;76,2,5;85,-20,-58;86,27,63;95,-22,-53;96,26,64;105,-22,-58;106,26,66;115,-20,-58;116,22,68;125,-19,-61;126,23,71;135,-16,-56;136,21,69;145,-15,-61;146,18,66;155,-15,-60;156,17,69;165,-17,-65;175,5,13;185,6,8;195,-2,5;205,9,12;215,2,10;225,6,12;235,9,7
rua||pedro converso|conjunto habitacional gilberto rossetti cohab ii|13737607|24,-2149684,-4701442;34,6,10;44,3,10;54,8,16;64,-1,-1;74,4,10;84,1,10;94,4,22;104,7,-1
rua||pedro cossi|igarai|13750000|10,-2141186,-4681108;130,19,-104;136,-1,-7;140,1,-6;148,-1,-2;152,-5,-4;158,6,-7;162,-1,0;168,6,-5;172,-9,-15;178,4,-4;364,-17,108
rua||pedro costal pecin|jardim sao francisco|13734390|8,-2145963,-4699690;10,28,10;18,-22,-6;28,13,5;38,6,3;48,10,6;89,34,16;90,-9,7;99,14,4;100,-2,4;107,10,-1;110,-6,0;111,6,1;115,6,1;120,-17,1;125,26,9;130,-4,1;140,12,8;145,-3,-7;149,7,6;155,8,0;156,-8,5;160,7,4;165,10,-4;166,-8,3;177,16,4;178,-11,-2;185,36,14;195,8,7;198,-17,-3;205,17,6;208,-14,0;214,17,12;215,4,-9;216,-6,9;218,7,6;221,5,-7;225,6,1;228,-6,8;262,24,14;270,7,0;272,8,4;275,6,0;281,-1,1;282,-4,4;285,11,4;295,13,8;302,-3,3;305,3,-3;315,9,5;322,-9,-4;330,21,16;567,186,124;568,-5,-2;575,14,5;576,-11,2;583,15,-3;584,-1,1;591,-6,-9;592,4,19;599,13,-3;600,-8,4;607,15,-3;608,-10,9;615,15,1;616,-9,-1;623,12,9;624,-4,-5;631,10,0;632,-1,7;637,15,0;647,4,10;648,-7,-6;655,9,12;656,-6,-6
rua||pedro costal pecin|nelson niero|13734390|297,-2145544,-4699407;380,-120,-81;388,2,-4;396,12,1;404,9,-1;412,4,14;420,6,5;428,6,8;436,5,12;444,3,-6;452,10,5;460,5,6;468,5,4;476,7,4;484,5,4;492,8,4;500,4,8;508,11,0;516,4,8;524,4,2
rua||pedro daniel|jardim santa clara|13735240|11,-2147275,-4699776;22,0,-22;25,-7,-10;28,6,4;45,-11,-11;46,4,1;50,2,-10;53,-5,2;60,3,-9;70,-2,-14;75,-9,5;85,-2,-13;86,9,0;92,-5,-11;93,-4,4;100,-1,-11;101,-20,-19;103,19,12;106,5,5
rua||pedro de almeida|jose justi|13734505|137,-2145122,-4702414
rua||pedro ferreira de souza|igarai|13750000|105,-2140647,-4681141;123,-14,8;135,29,-22;173,-61,36;183,-29,16;193,23,-10;206,-18,1;207,-29,18;229,10,2;230,2,-8;239,-3,9;244,-9,0;252,-4,1;253,7,15;260,-32,-28;261,32,67;265,-11,-18;267,5,10;281,-19,-20;282,-3,-17;291,-10,19;293,1,1;296,-3,-11;305,-12,16;306,5,-10;314,0,2;315,-9,12;326,-10,-3;327,5,6;334,-12,-2;342,-6,1;355,-16,12;358,3,-10;885,198,-102;911,-2,-8
rua||pedro giuntini|vila carvalho|13735509|10,-2147989,-4699452;11,-3,1;20,-4,-12;21,-5,9;30,-9,-9;31,-4,7;60,-13,-23;61,-7,9;70,-3,-11;71,-4,3;80,-6,-6;81,-3,2
rua||pedro granito|vila naufel|13734020|21,-2146475,-4699409;31,4,3;40,5,8;41,1,-5;50,13,10;51,2,2;60,0,2;61,3,-3;70,8,9;71,-3,-7;80,8,9;81,-1,-1;90,8,12;91,1,-8;296,-59,-44
rua||pedro guilherme da costa|conjunto habitacional jacinto pisani projeto cem|13732630|11,-2145313,-4701399;45,167,233;55,-9,-2;65,-4,-15;75,-8,-4;85,-2,-6;95,-10,-12;105,-1,-9;109,-5,1;119,-10,-11;134,-10,-26;135,6,19;145,-4,-8;155,-11,-10;158,0,-10;159,-9,0;175,-5,-6;185,-3,-9;199,-12,-22;200,-5,-14;209,-7,5;210,-1,-9;219,-5,3;229,-9,-7;239,-12,-2;249,0,-16;259,-3,-1;279,-11,-17;289,-5,-5;299,-7,-11;309,-4,-7;319,-8,-10;325,0,-6;329,-7,5;339,-3,-7;349,-8,-14;350,13,-6;355,-13,5;359,-1,-6;365,-9,-8;369,-1,2;379,-4,-4
rua||pedro miranda goulart|jardim boa vista|13735138|23,-2146341,-4698974;33,4,7;55,19,22;65,-3,1;75,13,10
rua||pedro picoli|jardim chico piscina|13736410|60,-2147822,-4700513;84,-18,-1;104,-8,-1;110,-12,5;120,-8,-2;134,-17,-8;148,-16,-1;205,-55,-8;217,-6,0;229,-16,-5;230,8,-5;259,-36,-1;260,6,-9;265,-1,11;274,-8,-13;277,-2,9;288,-11,-13;289,-7,10;301,-11,-4;302,10,-8;308,67,19;313,-83,-14;316,-2,-8;325,-11,7;344,-7,-11;375,-50,-8;385,-9,0;386,15,-7;397,-22,5;400,7,-6;409,-19,4;414,5,-11;428,-11,-1;433,-13,8;445,-12,-6;456,1,-12;457,-19,9;469,-9,-1;484,-4,-8;498,-9,-6;531,-50,-2;543,-3,-3;555,-19,-8
rua||pedro saes molina|conjunto habitacional francisco garofalo|13736790|20,-2148911,-4700652;21,9,2;30,-10,6;31,7,3;40,-7,15;41,3,-3;50,-14,25;51,13,-19;60,-6,6;61,2,4;70,-11,25;71,11,-12;80,-11,11;81,5,-11;91,1,9;100,-10,29;101,9,-13;110,-14,16;111,11,-3;120,-12,13;121,4,-10;130,-5,13;131,14,-3;140,-18,18;141,14,-10;150,-16,22;151,12,-10;161,-8,9;171,-2,14
rua||pedro siqueira|jardim sao luiz|13735056|29,-2146977,-4699273;387,120,87
rua||pedro zamarian|jardim santa cecilia|13733040|463,-2146290,-4700064;473,-14,3;479,-10,-1;483,-6,0;489,-6,0;490,2,-16;502,-5,-5;518,-14,-7;536,-10,-5
rua||pedro zamarian|santa cecilia|13733040|8,-2146262,-4700067;65,134,-25;243,44,8;255,-9,-6;262,-8,-7;265,-2,6;275,-11,-1;285,-9,-1;295,-7,7;301,-6,3;305,-22,-1;328,-43,3;338,14,-4;341,3,7;347,-14,-1;348,16,-7;351,14,6;359,-42,4;360,6,-8;368,40,-8;370,-2,3;371,-51,13;381,-8,1;382,5,-8;391,-15,18;392,19,-15;397,-23,6;406,9,-6;409,-22,5;412,11,-5
rua||pernambuco|vila santa rosa|13731250|10,-2146581,-4701389;12,-5,-1;16,2,-14;20,3,-3;23,7,-15;24,-12,16;28,1,-3;30,-7,-9;32,3,-2;37,5,-10;65,2,-42;74,-5,15;83,13,-22;86,-4,15;93,6,-24;94,6,6;107,6,-12;117,3,-4;119,0,-1;127,3,-9;134,14,-2;137,-15,-6;140,10,1;142,-1,-6;147,-9,0;154,12,-13;157,-1,2;165,5,-3;169,8,-8;172,-3,5;197,9,-23;205,5,-16;213,2,-4;216,1,22;221,6,-26;222,1,11;226,-2,-4;227,11,-16;228,-8,11;230,13,-9;233,-3,0;241,-6,-8;245,-10,13;262,32,-31;266,-2,-6;269,-3,2;275,8,-4;276,2,2;286,-2,-10;287,-3,6;289,4,2;291,-3,-8;296,9,-5;305,-6,-8;315,7,-10;318,4,5;319,2,-4;320,5,-4;331,-2,-19;332,7,11;342,6,-12;354,7,-17;356,-5,9;365,-4,3;371,5,-11;380,4,-1;381,-1,-4;390,6,5;391,0,-13;410,5,-5;411,4,-10;412,0,8;431,9,-29;434,6,1;441,1,-2;447,1,-11;460,8,4;467,-11,-26;469,9,10;470,8,11;471,-5,-19;480,6,-2;481,-1,0;491,12,-24;493,4,-5;496,-1,18;506,6,-20;507,-8,-3;510,12,-5;515,-7,2;520,14,-6;525,8,-27;530,-5,21;535,-6,-16;544,9,6;562,30,-24;573,-16,-4;579,4,-10;581,4,-10;589,-1,8;590,3,-6;600,12,-10;601,-14,10;608,14,-18;615,-8,2;618,18,-17;624,9,-11;630,2,-5;639,-9,0;640,-1,9;641,0,-3;651,5,-17;660,9,2;669,4,-17;670,-1,5;679,4,-12;680,7,6;710,15,-36;718,2,0;719,1,-10;720,6,2;722,-1,3;726,-3,-4;728,3,-5;733,-8,2;735,12,-11;740,0,7;753,3,-16;754,6,7;756,-5,-2;765,12,-23;768,9,-3;769,-12,7;771,7,-9;773,-1,-4;775,-2,1;777,8,-15;778,-5,19;797,14,-31;809,2,-7;810,1,8;813,0,-8;833,-7,-34;838,24,16;844,5,-4;845,-9,-4;854,15,-4;855,-18,-2;864,22,-2;865,-10,-6;871,9,-13;876,4,7;877,-7,-3;887,-11,-5;888,41,4;898,1,-2;902,-13,-23;905,1,-13;910,0,10;918,-1,-4;926,14,-17;932,8,-3;935,-13,-1;940,16,-1;945,-2,-5;948,6,-9;951,1,1;956,0,-4;975,1,-20;976,9,12;985,-4,-21;986,8,3;996,8,-4;1005,-3,-11;1015,2,-4;1016,2,6;1021,0,-18;1046,18,-19;1055,2,-13;1056,9,7;1066,3,-6;1076,-1,-6;1081,0,-17;1091,3,-4;1096,12,-3;1101,-5,-10;1116,30,12;1121,-24,-23;1126,12,-4;1130,9,-9;1131,-18,7;1134,23,-2;1136,-3,-12
rua||piaui|vila santa rosa|13731170|11,-2146191,-4701733;12,26,1;21,-34,-12;22,26,12;31,-28,-12;32,25,7;41,-34,-15;42,26,7;49,-34,-11;51,-5,-1;52,23,4;58,2,-4;62,-14,-5;72,-3,-6;82,-6,-4;91,-21,4;92,8,-17;102,-7,0;142,-23,-12;151,-7,9;152,-1,-21;161,-12,13;162,5,-17;170,-1,2;171,-13,7;172,5,-8;181,-18,-2;182,14,-2;191,-29,-1;192,20,-10;201,-21,10;202,9,-18;205,-11,13;211,-7,-2;212,11,-13;221,-18,7;222,10,-15;231,-21,-3;243,-366,-239;271,337,224;272,-2,-9;281,-9,1;291,-13,-6;301,-6,-4;302,8,-11;311,-11,16;312,8,-11;321,-19,-2;322,16,-2;332,-14,-13;341,-15,0;342,5,3;351,-11,-5;352,12,5;360,-14,-11;361,-6,7;362,11,-1;372,-11,-16;391,-23,-5;392,9,-1;401,-20,-5;402,14,0;411,-15,4;412,6,-8;421,-12,1;422,0,-10;424,5,3;431,-17,-1;432,13,-5;441,-19,1;442,8,-4;451,-17,1;452,7,-8;461,-9,5;462,6,-16;463,-5,18;471,-11,-8;472,4,-15;481,-15,11;482,10,-8;491,-17,1;492,11,-7;501,-19,3;502,15,-6;511,-19,-4;512,11,-2;521,-20,1;522,19,-14;531,-28,11;532,13,-4;541,-19,-9;542,9,2;546,5,4;552,-11,-11;561,214,140;611,-270,-158;612,6,-14;622,-52,-33;631,30,30;632,-1,-8;635,1,8;641,-10,-5;642,11,-3;666,-30,-21;701,-35,-7;711,-9,-7;721,-15,-13;722,18,6;732,-7,-5;741,-4,-2;742,5,-10;751,-21,8;752,6,-11;761,-15,5;762,10,-3;772,-7,-8;782,-7,-9;792,-6,-8;823,-39,-12;833,-11,-3;835,0,2;843,-6,-8;853,-5,-5;863,-12,-1
rua||pinheiro|sao benedito das areias|13755000|411,-2131959,-4702896;421,-5,-10;437,-5,-11;447,-12,-13;477,-11,-17;493,-12,-14;501,-10,-15;510,-4,-6;529,-9,-7;588,79,95
rua||plinio silva|conjunto habitacional luiz antonio fernandes dias|13737507|25,-2149708,-4700712;35,0,20;45,1,7;55,-2,6;67,4,12;93,-2,34;103,3,4;110,-14,-19;113,11,24;120,-8,-13;123,7,18;130,-8,-7;133,9,24;140,-9,-17;143,10,29;150,-9,-19;153,13,34;160,-16,-22;163,14,25;170,-11,-18;175,15,27;180,-15,-17;192,-1,11;201,11,29;221,3,8;231,-4,18;245,-1,8
rua||porto alegre|jardim lavinia|13736040|40,-2147318,-4700390
rua||porto alegre|vila quintino|13736040|85,-2147338,-4700317;105,27,-33;115,-7,7;125,-7,6;136,-15,6;199,-29,61;207,-14,14;270,-35,31;276,-6,7
rua||projetada 4|residencial mais parque|13735390|27,-2147398,-4698945
rua||prudente de moraes|centro|13730400|27,-2147062,-4700409;36,25,-18;37,-23,7;44,13,5;47,-5,-12;67,16,-6;79,4,-20;80,96,-118;88,3,-7;94,1,-5;97,-2,-9;104,12,-2;137,12,-26;151,-84,127;152,99,-141;159,3,-13;162,-1,9;171,-99,134;174,111,-153;177,-12,11;189,13,-19;199,4,-11;203,-98,135;208,107,-127;215,-3,-12;221,11,-9;292,36,-49;308,7,-10;350,24,-32;358,3,-5;364,-2,-6;367,15,-20;376,-1,14;378,2,-6;379,-1,-4;383,4,-9;388,4,12;391,-14,-12;403,5,3;406,19,-12;418,6,-10;447,16,-19;448,2,-6;455,6,-8;458,-3,3;472,15,-13;473,-8,1;488,12,1;498,2,-13;501,-4,-18;503,10,-2;532,18,-17;533,3,-7;536,1,-6;552,4,-2;558,2,-3;568,6,10;572,3,-21;574,0,1;576,10,0;577,-5,-7;580,-2,-4;586,4,-6;587,-1,3;594,16,4;597,-6,-10;598,1,2;607,-1,-2;716,-138,186;827,-66,94
rua||quatro|alcebiades quilice|13736883|276,-2148976,-4699966
rua||quatro|condominio estancia santa mariana|13749899|37,-2148853,-4704147;38,-9,-6;40,-43,-80;42,59,95;43,-18,-32;44,-12,-21;45,-12,-37
rua||quatro|jardim padre demosthenes|13734532|237,-2148940,-4699996
rua||quintino bocaiuva|braz|13735008|183,-2146755,-4699744;184,6,-16;190,-7,2;191,-11,6;199,-5,-14;200,10,2;213,-14,-7;214,4,-3;224,-5,-2;229,-13,-7;232,7,-2;238,-2,-5;246,-13,-16;255,-10,9;260,8,-10;294,-23,-27;297,-9,2;305,-3,-7;312,-2,-14;319,-5,7;329,-4,-10;338,-8,5;341,-1,-11;349,-4,-6;354,-1,-7;355,-3,0;360,-6,-5;365,-1,-1;368,3,-5;376,-4,-4;394,-15,-12;397,-4,0;405,-6,-7;406,2,-3;419,-6,0;428,-7,-15;435,-5,0;436,-1,0;441,-4,-8
rua||quintino bocaiuva|descanso|13735008|17,-2146645,-4699621;19,-12,-14;21,-9,-6;23,-1,-3;25,-3,-2;48,10,-7;50,-14,-15;51,-5,11;95,-31,-36;96,9,-5;98,-6,-2;102,-1,-3;109,-3,12;119,-9,-11;125,-3,-8;137,-9,-8;147,-3,-8
rua||quinze de novembro|centro|13730020|28,-2146455,-4699868;38,-8,-4;47,-13,-4;50,10,0;61,-14,-4;62,-4,-6;72,-3,-2;73,-2,6;83,-9,-12;87,-10,0;92,17,1;97,-492,-336;106,469,322;110,-4,-2;113,3,10;125,-15,-13;129,-10,-6;132,11,5;133,-11,-5;143,3,1;147,-6,1;157,-30,-20;158,16,11;164,-7,-9;168,-1,-1;186,-14,-6;192,-5,-6;193,-3,-2;199,0,-5;203,0,-2;206,-3,-1;208,-45,-101;209,38,103;219,-10,-6;239,-5,-19;268,-16,1;271,-28,3;277,21,-30;278,-11,16;280,-5,3;287,-2,-11;295,-2,-2;301,-6,-1;311,8,-9;317,-25,-6;330,-17,-4;335,3,-12;340,-7,5;341,16,-10;346,-21,-1;351,2,2;360,-3,-1;363,-11,-9;380,-9,4;383,3,-17;388,-22,9;394,8,3;398,-6,24;413,-15,-36;433,-13,-30;438,7,14;442,-8,1;445,-9,-9;446,10,7;452,-6,-4;457,-16,-5;458,11,-1;466,-12,-21;481,-17,8;490,10,-1;492,-9,-4;494,-2,4;498,-3,-12;507,-10,2;510,-6,-9;534,-11,-11;539,-1,8;553,-16,-17;564,4,-8;567,-15,-1;581,-6,-8;585,-8,1;595,-8,-3;600,8,1;607,-13,-12;674,-47,-39;677,-8,11;680,-4,-2;681,-2,-5;687,-5,-5;692,0,-2;750,-30,-29;798,-50,-47
rua||raul garib|jardim alvorada|13732520|93,-2145564,-4701685;410,96,264;416,-4,-7;424,-5,-18;483,-26,-46;484,13,7;492,-12,-19;497,-6,-2;500,21,24;543,-31,-62;557,-7,-14;558,8,-3;571,-14,-17;572,14,6;578,-3,-4;587,-6,13;605,-18,-45;607,-12,8;612,28,-14;617,-12,-4;618,6,-4;631,-19,-10;632,11,2;638,0,-4;645,-8,-13;646,10,-1;692,-10,-32;698,-5,-12;705,-15,-4;706,7,3;710,-4,-7;714,0,-8;715,-6,2;725,-1,-9
rua||raul roberto campos|conjunto habitacional nene pereira lima|13732419|24,-2145803,-4701931;27,-5,-8;34,11,1;37,-4,-4;44,17,-8;47,-7,-1;54,12,-4;57,-11,-7;64,13,-1;67,-2,-11;74,10,-6;77,-10,6;84,6,-2;87,4,-10;94,11,-4;97,-6,2;104,11,-6;107,-7,-4;117,0,3;118,14,-5;152,12,-34;157,7,-3;162,3,0;167,5,-9;172,-8,5;177,7,-8;182,2,0;187,-1,-13;192,12,-1;197,-3,-8;202,6,0;207,-2,-9;212,3,12;236,15,-26;237,-14,-2;246,16,-9;247,0,-14;256,-1,9;257,1,-13;266,19,-1;267,-11,-6;276,10,-1;277,-8,-15;286,8,7;287,-11,-33;296,14,22;336,13,-31;346,-2,-24;356,14,16;366,-2,-24;376,15,-10
rua||recife|vila quintino|13736039|25,-2147330,-4700280;28,8,-8;45,-24,-8;85,-20,-19;97,-5,-5;109,-15,-9;129,-16,-11;149,-8,-6
rua||renato bonicoski|residencial vale verde|13737280|2,-2150093,-4700022
rua||renato palladini|jardim alvorada|13732539|220,-2145420,-4701842;363,40,177;400,88,188;413,-22,-13;414,14,2;418,-10,-8;428,2,-12;443,-14,-3;444,9,-19;485,-19,-27;488,7,7;493,-10,-11;496,8,3;502,-1,-9;503,-16,-3;517,-2,-11;562,-1,-43;563,-7,1;569,-1,-3;570,4,-7;575,-9,-1;576,6,-10;593,-12,-4;622,-4,-30;630,-1,-12;636,-6,-6;637,-1,9;650,7,-14;651,-8,-2;665,-29,-91;666,28,80;709,-23,-42;710,9,-10;723,-12,-2;724,8,-8;740,1,-4;770,-11,-30;786,-7,-20;790,0,1
rua||republica dominicana|jardim lavinia|13738308|771,-2148134,-4700975
rua||riachuelo|centro|13730070|3,-2146360,-4700189;14,44,29;54,-58,-46;67,-7,-15;86,-15,-3;87,-15,0;96,0,-4;109,-7,0;131,-13,-18;145,-31,-20;178,-14,-12;183,-5,-17;188,-5,13;198,-8,-8;214,-12,-16;224,-3,-5;234,-3,-2;239,-6,7;254,-1,-12;303,-57,-27;312,4,-6;319,-9,-1;332,5,-9;341,-25,1;346,0,-12;351,-23,8;353,327,222;366,-316,-238;369,-23,-5;375,-3,7;376,18,-6;384,316,233;388,-326,-242;393,318,240;398,-320,-244;435,-36,-20;445,-4,-4;457,-15,-14;460,14,12;473,-24,-19;478,0,-4;479,-6,0;491,-6,-7;509,-20,-3;510,21,2;532,-24,-20;551,-19,0;554,1,-10;560,-9,-3;570,-7,-9;623,-46,-20;632,5,-11;637,-14,5;646,5,-10;650,-21,1;651,10,4;653,-9,-11;656,3,6;706,-35,-41;714,-3,1;723,-10,-1;732,0,-9;742,-3,-3;743,-5,3;746,-4,-11;755,-11,1;761,-8,-5;780,1,-9;788,-11,-6;791,-7,0;796,-3,-8;810,-9,-9;817,-8,6;834,-18,-22;843,1,8;856,-9,-12;883,-26,-12;884,-1,-9;887,-1,2;901,-10,-9;902,8,2;911,-13,-8;912,3,1;921,-10,1;922,4,-4;924,-6,-5;928,-4,1;948,-6,-7;964,-19,-13;967,-6,-1;972,651,479;977,-655,-484;978,4,-1;985,-15,-3;998,1,-9;1008,-16,-11;1011,-1,9;1016,1,-9;1021,-6,2;1532,597,447
rua||riad jauhar|jardim santa emilia|13730277|500,-2145993,-4701576
rua||riad jauhar|jardim santa maria|13730277|53,-2146380,-4701302;66,4,8;78,10,-13;90,9,-8;102,3,-10;114,1,-12;128,8,-6;156,15,-19;168,12,-11;180,-2,-6;192,17,-17;195,-28,25;216,36,-35;228,12,-10;240,3,-14;254,5,-6;294,28,-39;306,1,-7;330,16,-17
rua||ricardo monaco|canoas|13731510|20,-2145804,-4702059;180,-132,-102;190,-3,-3;200,-3,-2
rua||rio de janeiro|jardim nova mococa|13731290|5,-2146126,-4701778;15,-6,-5;25,-12,-3;45,-16,-14;50,42,16;55,-50,-27;60,45,24;64,-7,-1;65,-46,-20;70,40,11;75,-47,-16;80,31,6;85,-36,-15;90,51,25;95,-56,-29;100,27,14;130,-20,-13;134,-8,0;140,-1,-11;150,-39,-27;160,-4,-8;170,-5,-1;175,-8,8;176,-6,-11;180,-1,-2;185,-2,10;187,2,-3;190,-1,-14;195,-2,12;200,-10,-14;205,-7,4;210,1,-6;211,3,15;215,-10,-6;220,-4,-15;224,-3,-5;225,4,13;230,-10,-15;240,0,-8;242,-2,2;280,-33,-13;284,-3,-11;286,-10,-3;290,0,0;293,-322,-203;300,311,197;305,6,9;320,-17,-21;321,4,20;325,-9,-8;330,-1,-11;331,0,6;335,-5,-1;340,-4,-12;345,-7,9;350,11,-9;355,-25,-3;360,15,1;362,-2,-2;365,-12,0;370,12,-7;375,-30,5;380,14,4;410,-24,-32;420,-6,-6;425,-12,14;430,6,-16;435,-90,-41;440,82,41;445,-7,6;448,-7,-18;450,7,3;451,255,175;455,-274,-163;460,12,-17;465,-17,7;467,0,0;469,0,3;470,6,-20;475,-7,12;480,-1,-13;485,-8,6;487,-4,-3;490,3,-8;497,-8,6;500,3,-4;505,-8,8;508,2,-17;510,-3,0;515,-7,4;520,0,-12;525,-6,9;530,-4,-10;535,-10,6;540,5,-11;545,-9,8;546,121,82;547,-119,-87;555,-7,-4;560,3,-12;565,-15,2;575,-3,-10;600,-22,-8;610,-6,-9;615,-7,6;617,23,-24;620,-24,22;625,-8,-3;628,4,-14;630,-8,-3;635,-3,11;640,2,-22;645,-4,21;654,-9,-22;655,-3,16;659,-2,0;663,-9,23;664,9,-38;665,5,14;669,-16,14;684,-7,-42;710,-13,-17;720,-13,2;730,-11,-9;740,0,-1;745,1,6;750,-8,-8;755,1,-6;759,-1,-7;760,-9,6;763,7,1;769,-7,7;770,-18,-17;779,10,14;799,-15,-9
rua||rio grande do norte|jardim nova mococa|13731295|6,-2146034,-4701808;16,0,-1;26,-7,-4;34,-9,-10;36,-5,0;63,-32,-10;73,-9,-15;83,-11,-8;86,9,2;93,-18,0;96,12,-5;103,-18,-2;106,8,-7;113,-18,1;116,6,-9;123,-13,7;125,100,38;133,-107,-43;136,1,-11;143,-12,5;146,8,-10;156,-8,1;223,-50,-30;226,4,-3;228,-7,1;233,-14,6;236,12,-17;243,-17,22;246,11,-26;253,-13,2;256,7,-10;263,-20,6;266,13,-14;273,-20,7;276,8,-3;278,-4,-1;283,-8,3;286,7,-14;293,-20,7;296,10,-9;306,-11,-4;356,-30,-16;363,-15,-6;364,-297,-205;366,301,197;373,-226,-130;376,223,133;386,-11,-6;393,-10,-2;399,-6,-5;406,5,-13;409,-15,14;413,0,-1;416,6,-4;423,-14,-5;426,13,-20;428,-16,12;436,-2,-5;446,10,-1;456,-15,-10;476,-38,-16;485,-138,-80;486,141,76;493,-15,9;494,17,-14;495,4,17;496,-11,-11;499,-131,-87;503,117,92;506,5,-17;513,-14,10;516,2,-9;523,-12,6;525,-4,-3;526,11,-10;530,-4,2;533,-14,0;536,12,-10;546,-10,-1;553,-5,8;556,-3,-11;563,-9,6;566,6,-12;573,-20,4;576,8,-13;583,-13,10;586,3,-14;593,-11,10;596,8,-3;600,-4,-8;603,-10,4;606,6,-12;613,-12,2;616,3,-7;623,-12,-4;626,6,1;627,-12,2;633,1,4;673,-38,-29;683,-8,-5;686,9,-5;693,-17,0;696,10,-5;703,-10,7;706,1,-13;713,-10,4;716,2,-13;723,-13,6;725,-9,-4;733,5,0;736,8,0;743,-23,-10;1035,570,374
rua||rio grande do sul|jardim nova mococa|13731300|10,-2146012,-4701878;17,17,19;18,1,-3;27,-8,0;28,8,-8;37,-15,-1;38,10,-8;47,-21,1;48,9,3;57,-17,-5;58,10,-4;67,-21,4;68,20,-12;83,-1,13;87,-32,-20;88,5,-10;97,-19,0;98,8,-3;107,-14,5;108,8,-15;117,-15,8;118,7,-8;121,-9,10;128,-1,-21;137,-12,8;138,12,-7;147,-22,1;148,2,-11;157,-7,5;158,-7,-12;167,-1,8;168,13,-6;178,-14,-8;183,-24,1;187,2,0;188,14,-5;241,-48,-16;251,-12,-10;261,-5,-2;262,15,-6;271,-18,-2;272,15,-1;281,-28,-12;282,19,10;291,-25,-10;292,15,2;301,-27,-7;302,14,0;311,-20,-2;312,10,-17;322,1,8;332,-6,-5;342,-8,-11;361,-30,-4;371,-11,-4;372,5,-2;377,-7,1;381,-7,-1;382,8,-13;391,-12,0;392,2,-3;401,-17,9;402,13,-11;411,-18,8;412,6,-16;417,-6,15;421,-8,-11;422,9,-3;423,-1,12;431,-9,-7;432,0,-11;433,-285,-191;441,266,191;442,12,-4;451,-4,5;452,-3,-5;461,-8,-4;462,1,-14;488,-25,-9;491,-10,7;492,9,-10;501,-16,4;502,5,-9;504,-3,-3;511,-11,17;520,8,-19;521,-13,7;522,8,-16;527,-11,13;531,-7,-4;536,11,-25;541,-26,24;542,4,20;544,2,-36;547,5,5;551,-19,4;552,7,-12;561,-11,-3;571,-11,-1;572,14,-6;574,8,5;576,-12,-6;581,-8,10;582,-1,-13;591,5,21;592,-14,-28;601,-10,3;611,-8,-8;612,11,-2;621,-15,4;622,0,-16;627,-7,13;631,-6,-9;632,7,-5;636,9,-14;682,-45,-14;691,-10,3;692,6,-5;697,-23,2;701,-2,-8;702,10,-3;711,-9,1;718,4,-7;721,-19,2;722,5,-10;730,-5,-4;731,-4,4;743,-10,5;771,-33,-21;796,-5,-17;800,-2,0;804,5,-3;812,-4,-4;816,-8,-1;824,18,-11;828,-21,2;832,-7,1;842,-4,-11
rua||roberto aparecido beluomo|alcebiades quilice|13736886|22,-2149152,-4699987;42,-12,-84;52,6,10;72,5,15;82,3,9;92,0,7;102,3,14;122,7,33;133,7,-1;143,1,8;153,0,10;162,-2,24;163,5,-13;183,-2,15;188,-10,11;193,8,-8;198,-8,21;202,0,3;203,10,-23;212,-6,31;222,-1,12;223,5,-22;232,-3,26;242,-1,15
rua||roberto converso|jardim das paineiras|13735092|33,-2147022,-4698980;34,-21,24;45,13,-6;59,15,16;73,13,2;87,11,4
rua||roberto roque|altos do vale ii|13735682|187,-2148778,-4699359;188,13,-2;197,-24,-3;198,17,-2;207,-26,-7;208,4,-4;217,-7,2;218,13,-5;227,-13,3;237,-5,-7
rua||rodrigo lima silva elias|canoas|13731515|21,-2145949,-4702201;31,-2,-2;40,16,-1;45,-7,-11;54,14,-3;59,-6,-20;68,13,11;78,2,-8;83,-2,-17;88,6,10;93,1,-21;98,4,7;103,-2,-12;108,7,7;113,-2,-16;118,7,3;123,-4,-13;128,10,11;133,-5,-15;138,11,4;143,-5,-14;148,9,5;153,-3,-13;158,9,1;163,-5,-4;168,7,3;173,-4,-20
rua||rondonia|jardim nova mococa|13731330|6,-2146023,-4702142;9,5,8;15,-14,-2;35,-40,-21;42,-6,-21;45,-6,14;52,-4,-21;55,-3,13;62,-5,-13;63,-6,2;72,3,-11;75,-7,9;76,-2,-15;81,-4,1;82,0,-2;85,0,14;95,-3,1;105,-21,-16;155,-33,-27;162,-8,-5;165,-7,6;172,1,-6;175,3,-11;182,-7,-6;185,-1,5;192,-5,-8;195,-10,4;197,-3,-2;202,2,-9;205,-2,6;212,-3,-10;215,-10,6;225,-9,-11;235,-4,-9;265,-25,-6;275,-4,-15;285,-9,0;292,-15,-18;295,7,15;305,-11,-7;312,-3,-9;315,-3,1;320,1,-23;322,-1,19;325,-5,6;332,-3,-23;335,-7,18;342,3,-13;345,-10,8;352,-5,-15;355,-1,7;362,-8,-7;365,3,6;375,-12,-9;385,-10,-11;395,-13,2;483,-78,-52;503,-12,-21;505,-1,6
rua||roque marchese|conjunto habitacional gilberto rossetti cohab ii|13737615|20,-2149871,-4701484;29,3,-12;30,2,12;39,9,-7;40,1,12;50,8,7;59,11,-3;60,-1,6;69,6,-7;70,4,8;79,6,-5;80,6,8;89,-4,-5;90,13,17;99,-37,-27;100,43,33;110,2,-1
rua||roque pezzo|centro|13734100|55,-2146279,-4699841;59,7,-3
rua||roque pezzo|mocoquinha|13734100|14,-2146525,-4699653;37,18,-10;38,0,9;48,3,-3;58,15,-12;68,3,-3;74,5,-3;77,171,-150;82,-164,142;94,7,-7;108,20,-17;126,-5,4;163,35,-42;179,10,-11;197,3,6;230,-11,13;238,7,-3;242,13,-12;244,-4,3;252,1,-1;260,11,-5;261,45,-38;266,-43,34;273,48,-35;281,7,-14;290,-27,26;293,28,-30;298,11,4;303,1,-12;315,8,-9;318,-109,96;319,104,-94;327,11,-10
rua||roque timoteo de almeida|conjunto habitacional gildo geraldo|13737750|46,-2144867,-4699666;56,-1,-8;66,-5,-13;76,-1,-9
rua||roraima|jardim nova mococa|13731340|5,-2145984,-4702186;9,-11,-7;11,20,-2;15,-27,-2;30,-25,-35;35,-5,9;40,-1,-12;45,-5,8;50,-6,-6;55,-4,-1;60,-4,-11;65,-6,9;68,6,-22;70,-9,9;75,-4,5;79,-13,16;80,14,-24;84,-6,-5;85,1,11;95,-7,-1;100,-12,-19;105,-8,12;110,5,-13;115,-16,-4;123,-28,-25;125,-6,3;130,25,6;135,-36,-14;140,30,11;145,-37,-15;150,14,6;155,-21,-11;160,25,5;165,-35,-13;170,26,8;175,-29,-12;180,22,6;190,-20,1;200,8,-8;204,-13,-5;208,-2,-4;210,-3,-3;220,-4,-2;250,-30,-23;253,-21,0;263,1,5;273,-7,-9;283,6,-1;293,-18,-11;303,-10,3;319,-14,-13;323,-2,-7;333,-5,-1;343,-3,-15;921,66,60
rua||rosa benedetti|santa cecilia|13733009|46,-2146185,-4700188;58,1,-16;59,3,1;70,4,-7;75,9,-22;79,-5,11;80,7,3;82,-2,-21;87,7,6;92,4,8
rua||rosa espanha greghi|jardim botanico|13733556|33,-2144262,-4700382;63,26,-11;73,10,1;74,-4,8;83,11,-12;93,10,2;103,4,-1;123,19,-11;133,12,-4;143,5,2;153,7,-6;163,12,-1;193,26,-6;203,2,-3;213,38,-11;214,-2,21;223,-2,-17;233,5,-2;234,5,9;244,7,-6;253,9,-12;263,10,2;273,5,-2;294,18,5;303,8,-12;314,5,11;334,15,-7;343,9,-10;344,8,9;354,-1,-3;363,10,-11;364,1,-1;373,3,-1;403,39,-19;413,8,6;423,6,-9;424,2,12;433,9,-9;434,-5,2;443,12,-2;444,-5,6;453,11,-14;454,1,14;464,12,-4;473,5,-11;474,4,9;493,19,-21;494,-4,18;504,5,-4;514,5,-3;523,12,-8;524,-3,9;533,12,-12;543,7,-7;563,13,-4;623,61,-15;633,8,1;643,8,-5;653,7,1;663,9,-5;673,9,-1;683,4,-5;693,8,-2;703,7,5;713,7,-5;723,12,-7;733,4,0;743,8,-3;753,9,0;763,15,-1
rua||rosa martins|sao benedito das areias|13755000|14,-2131886,-4702875;44,14,27;54,7,9;94,25,37;114,10,7;154,21,30;218,9,4;222,-276,-418;328,232,287;375,-37,17;394,-25,-45;404,-9,-17;434,-9,-19;466,-17,-26;492,-20,-10;501,-43,-67;512,34,46;528,-6,-12;561,-73,-93;604,54,56;634,-36,-49;644,-5,-3;654,-10,-16;664,-2,0;674,0,-15;684,-11,-11;722,-146,-225;740,103,158;768,-14,-17;776,-6,-14;784,-1,-1;792,-9,-7;800,3,-9;808,-3,-5;816,-9,-7;824,-2,-1;832,-5,-7;840,-4,-8;848,-5,-5;856,-3,-10;864,-4,-3;872,-6,-9;880,-4,-7;888,-4,0;896,-7,-14;904,1,-1;912,-6,-9;920,-4,-5;928,3,-3;936,-14,-8;944,1,-8;952,-6,-8;960,-3,3;968,-7,-19;976,-8,-5;984,0,-3;986,-2,-1;992,0,2;1000,-2,-17;1008,-12,-2;1016,-8,-6;1024,-6,-2;1074,-30,-20;1086,-45,-11;1110,-10,-10;1149,13,23
rua||rosina stavale pricoli|jardim central pricoli|13736565|50,-2147364,-4699998;92,7,-32
rua||rovail rodrigues silva|ari estevao|13734660|44,-2145865,-4698954;45,-8,6;120,89,-168;130,-22,32;137,-27,87;147,25,-44;157,-8,4;167,-2,12;177,-3,4;180,-8,-2;190,-4,13;225,5,25;235,-17,7;245,-15,12;255,1,1;263,0,8;271,-4,8;281,-7,12
rua||rui barbosa|igarai|13730170|7,-2140634,-4680752;15,1,-2;29,3,-21;47,-2,-20;57,1,-12;63,0,0;91,5,-26;116,7,-18;125,-3,-7;135,-2,-10;153,4,-15;156,9,1;165,-6,-17;166,-2,-1;175,0,-5;178,10,-11;185,-5,-3;196,15,-9;206,-10,-5;232,2,-21;355,-37,241;367,4,-9;379,1,-3;405,15,-49
rua||rui barbosa|jardim santa maria|13730170|9,-2146176,-4700991;10,21,-11;19,-28,4;20,8,-7;29,-17,4;30,13,-5;39,-19,0;40,8,-8;50,-4,-6;60,-8,-7;69,-19,0;70,9,2;79,-17,-6;80,11,-7;89,-16,-1;90,3,-11;111,-19,-7;123,-12,-1;128,36,-18;135,-44,6;144,5,-5;147,-11,5;160,4,-13;181,-36,-14;193,-14,-19;194,20,13;204,-17,-21;223,-16,0;224,13,-6;246,-26,-18;260,-14,-6;273,-14,5;287,-7,-6;302,-2,-27;323,-29,-11;335,-9,-1;340,5,-10;359,-20,0;371,0,-16;383,-20,-2;395,-21,-10;400,24,2;407,-24,-10;431,-24,-6
rua||saldanha marinho|centro|13730100|13,-2146264,-4700354;22,208,159;23,-142,-99;36,133,87;37,-225,-163;39,-3,-1;41,92,71;43,-100,-78;46,229,169;47,-130,-94;49,-102,-75;55,92,67;57,-94,-77;58,227,177;59,-146,-96;69,-88,-78;70,224,169;73,-138,-111;80,137,100;83,-143,-101;86,133,90;87,-143,-94;101,-14,-4;102,147,98;111,-232,-187;112,113,91;121,-120,-91;124,224,175;126,-235,-183;129,6,7;134,218,170;136,-231,-184;139,5,5;142,218,167;147,-225,-167;153,213,169;161,-211,-186;269,-102,-53;279,-14,-12;303,-14,-9;327,-25,-16;343,2,-3;345,-13,-12;481,-93,-85;495,-13,-6;505,-7,-3;560,-28,-34;574,-17,-15;592,-4,-9;665,-62,-35;672,-2,-6;681,-11,0;686,7,-7;693,-16,1;700,6,-6;716,-8,-6;738,-20,-23;766,-24,-15;770,-6,-7;786,1,1;794,-10,-10;814,-1,-1;824,-10,2;836,-7,2;840,-6,-24
rua||saldanha marinho|centro|13733000|9,-2146060,-4700181;29,-7,-22;45,-22,5;51,3,-13;69,-9,-10;73,-5,6;91,-13,-13;92,-12,-10;111,-8,9;123,2,-12;133,-8,-7;182,-258,-215;184,-4,0;201,-14,1;209,-9,-12;212,9,-2;220,-11,-12;230,-15,2;231,14,9;268,-36,-37;284,-7,-7;294,-10,-11;308,-11,-5;324,-11,-12;338,-11,-4;350,-8,-10;416,-48,-37;423,-7,1;430,-9,-15;435,1,12;439,-9,-9;444,1,-9;452,-7,-5
rua||saldanha marinho|jardim santa cecilia|13730100|8,-2146260,-4700356;21,84,61;28,-8,8;38,-13,-17;48,-2,-7;50,-7,-2;54,-1,-2;68,-7,-7;88,-11,-5
rua||saldanha marinho|vila maria|13730100|901,-2146916,-4700872;911,-3,-4;913,-2,3;933,-8,-10;945,-16,-16;953,-7,-6;963,-6,-5
rua||salvador mollo|jardim chico piscina|13736400|2,-2147764,-4700550;10,21,7;12,-36,-8;24,3,0;48,-35,-29;58,-7,17;64,-4,-6;70,-8,3;76,0,0;79,-11,4;82,0,-9;88,0,3;93,-11,6;94,9,-6;135,-40,-4;163,-38,0;168,-12,-21;186,-21,-2;203,7,5;217,-12,-1;231,-22,-5;259,-23,-6;287,-18,-5;315,-33,-9;329,-8,2;357,-24,-8;359,-6,0;361,-8,-10;369,3,0;381,-17,-2;393,-11,-4;403,-14,-3;417,-12,-3;445,-29,-4;459,-4,-7;465,-9,4;473,-4,-5
rua||salvador mollo|jardim lavinia|13736400|366,-2148098,-4700639;378,-13,-6;390,19,10;402,-38,-11;414,-13,-2;426,-14,-3;458,-15,-2
rua||salvador r rovielo|cohab ii|13736795|40,-2149508,-4700749;50,6,9;80,-6,16;90,2,10;100,-2,6;110,3,8;120,2,12;130,-2,9;154,3,28;164,4,9;174,-1,9;184,-1,12;194,2,12;204,1,5;214,3,8;224,1,12;234,3,22;258,6,22;268,0,2;278,2,14;288,-3,13;298,0,4;308,-4,9;318,8,7;342,-6,33;352,6,18;362,-1,7;372,1,9;382,-1,9;392,4,12;402,3,7;412,-3,8;422,2,10;432,3,11;442,1,9
rua||salvador r rovielo|conjunto habitacional francisco garofalo|13736795|103,-2149494,-4700673;107,-2,17;113,2,12;287,14,123;297,0,16;307,-3,12;317,8,2;331,0,33;341,0,12;351,0,11;361,4,1;371,4,15;381,3,9;391,-2,8;401,3,8;411,-2,15;421,4,4;431,-3,11;441,5,5;465,0,37;475,2,9;485,0,8;495,1,6;505,-4,11;515,5,5;525,4,19;535,-2,1;545,3,18;555,0,4;565,-3,10;575,1,10;585,0,8;595,0,11;605,5,17;615,0,2;625,2,6;635,2,11
rua||salvador|vila quintino|13736060|15,-2147355,-4700216;20,2,-8;23,-11,3;30,8,-7;33,-17,-5;36,17,6;46,-11,-10;47,-74,-87;65,56,86;82,-17,-25;83,-5,5;94,0,-11;95,-6,4;105,-7,-3;106,5,-10;115,-10,-2;116,7,-2;126,-19,-10;136,-2,-2;137,-11,1;146,6,-2
rua||sassaki massao|centro de ressocializacao|13739110|108,-2147270,-4703627
rua||sassaki massao|distrito industrial 2|13739110|76,-2147405,-4703548;77,203,-52;106,-230,58;158,58,-88
rua||sebastiana queranza daniel|residencial samambaia|13734292|28,-2146048,-4699328;37,-3,17;38,-6,-4;47,0,14;48,2,-14;57,-5,23;67,-8,6;77,-6,10;78,-5,-8;87,-73,65;97,60,-47;98,8,-10;108,-12,6;117,-6,14;118,-3,-6;127,-8,13;128,14,-11;137,-15,14;138,-3,-6;147,-10,10;148,1,-2;157,-21,-2;158,17,3;167,-14,17;168,9,-10;177,-13,18;178,-2,-8;187,1,11;188,4,-12;198,-10,7;207,-8,6;208,0,0;217,-11,15;218,2,-10;228,-4,1
rua||sebastiana ribeiro caixeta|vale verde|13737267|28,-2150262,-4700481;29,21,16;38,21,-11;39,-16,18;48,-16,-7;49,11,11;58,-7,0;59,16,10;68,-10,-3;69,14,12;78,-13,-4;79,17,9;88,-8,-7;89,13,15;98,-10,2;99,18,8;108,-7,-5;109,5,12;118,-8,-6;119,11,13;128,-9,-8;129,13,17;138,-8,-3;139,12,10;148,-9,-6;149,48,75;158,-40,-65;159,12,24;168,-11,-20;169,17,33;178,-4,-23;179,3,19;188,-8,-13;189,11,13;198,-17,-2;199,19,7;208,-11,-2;209,19,17;218,-11,-5;219,10,6;228,-12,-2;229,21,15;238,-10,-7;239,12,12;248,-8,-4;249,14,14;259,3,7;269,-2,0
rua||sebastiao alves dos santos|residencial mais parque|13735364|7,-2147759,-4699191;26,0,17;37,25,1;57,16,10;86,1,21;96,-22,-27;106,39,39;117,25,3;126,-12,4;136,6,-1;146,9,11
rua||sebastiao iorio|jardim boa vista|13735126|47,-2146484,-4699121;77,26,-7;94,21,-3;97,-3,-6;107,9,-3;117,13,-4;136,-108,-71;196,40,33;206,4,-4;226,27,-1
rua||sebastiao micael de souza|loteamento santa emilia|13732464|21,-2145952,-4701314;31,-9,-7;41,-10,-5;51,-5,-9;71,-12,-7;81,-10,-6;91,-7,-8;111,-8,-2
rua||secondo brisighello|conjunto habitacional gilberto rossetti cohab ii|13737660|21,-2150059,-4700976;22,35,54;31,-30,-50;32,34,59;41,-30,-48;42,36,58;51,-23,-53;52,29,61;61,-24,-52;71,3,4;72,37,72;81,-28,-63;82,31,69;91,-30,-62;92,36,71;101,-31,-62;102,40,76;112,3,-1;122,7,15;132,1,4;141,-13,-48;142,19,56;151,-18,-45;152,24,53;161,-19,-46;162,25,55;171,-17,-48;172,20,56;181,-12,-44;182,21,51;191,-18,-47;192,16,56;201,-12,-47;202,19,61;211,-13,-50;212,17,58;221,-12,-50;222,18,60;232,6,11;241,-14,-61;242,17,67;251,-16,-50;252,13,58;261,-6,-46;262,8,57;271,-2,-45;281,1,4;291,3,6;301,4,14;311,4,10;321,2,6;331,1,6
rua||seis|jardim antonio carlos bernine|13736847|902,-2149436,-4700035;910,1,0
rua||sem denominacao 10|terras de santo antonio|13749899|10,-2143507,-4700804
rua||sem denominacao 1|residencial carlito quilici|13733551|3,-2144717,-4700695;4,-9,-43;11,31,148;48,-40,-190;70,1,-8
rua||sem denominacao 1|vila carvalho|13735450|200,-2148984,-4699792;2040,330,-192;2043,-52,15;2045,-37,15
rua||sem denominacao 2|altos do vale ii|13735686|6,-2148529,-4699748;7,43,-52;8,-17,14;9,-26,34;12,171,-207;13,-269,363;14,-20,84;138,15,-54
rua||sem denominacao 2|loteamento altos do vale|13735686|140,-2148406,-4699916
rua||sem denominacao 2|residencial carlito quilici|13733514|501,-2144153,-4701290
rua||sem denominacao 3|altos do vale ii|13735688|55,-2148729,-4699514
rua||sem denominacao 3|colina verde|13737310|265,-2148221,-4701452;287,6,31
rua||sem denominacao 6|chacara dos ipes|13749899|34,-2142941,-4701706;35,-3,-9;36,-9,-39;37,-5,-28;38,22,-84;39,6,0;40,22,-26
rua||sem denominacao 6|terras de santo antonio|13749899|3,-2143430,-4700936;5,29,23;6,19,23;9,50,40;10,15,17;11,19,16
rua||sem denominacao|condominio monte carlo|13735650|18,-2148566,-4699885;39,40,90
rua||sem denominacao|vila mariana|13730400|429,-2146617,-4700952;433,-11,20
rua||serafina alberti pricoli|jardim central pricoli|13736566|85,-2147373,-4699958;135,-6,11;137,6,0
rua||sergio cirielli|jardim boa vista|13735128|47,-2146415,-4698860;77,-17,-22;124,-113,35;174,15,-5
rua||sergipe|jardim nova mococa|13731320|5,-2145884,-4701962;15,2,2;25,-16,-5;43,-12,-10;45,-1,-4;55,-15,-7;65,-9,6;75,1,-13;85,-14,-4;95,-1,-5;135,-46,-30;155,-10,-8;165,-2,-1;175,-20,-5;185,0,-4;195,-15,-4;205,-6,-7;211,-7,-3;215,-5,-7;265,-54,-29;275,4,-13;280,4,3;285,-9,2;290,4,-17;295,-13,13;300,2,-9;305,-22,-3;310,9,-3;315,-11,-1;320,6,-3;325,-15,2;330,13,-10;335,-12,5;340,9,-8;343,-211,-124;405,152,96;415,-11,-6;425,-7,-4;435,-4,-3;445,-20,-9;450,17,-2;452,-224,-149;455,200,164;460,9,-18;465,-9,-4;470,11,3;480,-10,-7;490,-3,-9;535,-50,-24;545,-9,2;550,5,-12;555,-20,1;560,11,-6;565,-12,7;570,5,-13;575,-26,0;577,5,3;580,13,-7;585,-28,0;590,17,-8;595,-16,12;599,268,169;600,-256,-184;606,-2,-1;610,-8,-5;620,-5,-4;630,-6,-4;635,-19,7;640,8,-14;645,-11,6;650,7,-7;655,-26,-4;665,-4,-1;727,-45,-31;739,-11,-8;751,-9,-2;763,-13,-11;774,8,-8;775,-9,3;787,-12,-4;813,214,131;902,120,80
rua||sete de setembro|centro|13730046|178,-2146347,-4699929;179,-14,3;189,-4,-8;190,7,-3;202,-2,-19;215,-20,1;225,-15,-11;234,6,5;245,-21,-11;246,15,1;256,-13,-5;265,-10,2;266,7,-8;272,-13,-3;283,-4,0;291,-1,-8;292,3,0;299,-13,1;300,14,-17;308,-19,2;309,-7,12;318,19,6;319,-19,-7;327,-12,-13;330,12,-5;340,-23,-20
rua||severino trombini|conjunto habitacional nene pereira lima|13732370|11,-2145948,-4701772;12,5,3;21,10,-7;22,3,0;31,4,-6;32,2,3;41,6,-10;42,2,4;51,15,-9;52,-2,4;61,4,-4;62,2,2;71,12,-16;72,-7,14
rua||sidney conceicao|conjunto habitacional gilberto rossetti cohab ii|13737669|20,-2150122,-4700709;29,5,-9;30,0,19;39,5,-11;40,3,25;49,2,-17;50,4,28;59,1,-22;60,2,22;69,5,-11;70,0,25;79,3,-20;80,2,28;89,-4,-19;90,6,35;99,-6,-27;100,8,33;109,1,-22;110,1,28;119,2,-23;129,1,15
rua||sidney dos santos|conjunto habitacional francisco garofalo|13736855|45,-2149463,-4700542;55,8,9;65,7,11;74,-1,10;75,7,-4;85,7,6;95,10,8;105,2,-12;115,6,22
rua||silvia helena nasser de araujo|santa helena|13736512|19,-2148604,-4700432;39,-16,18;49,-4,7;59,-2,4;79,-7,20;89,-9,8;109,-5,22;119,-3,9;120,-13,-10;129,8,11;139,-10,10;140,-11,1;149,5,10;150,-12,-1;159,8,8;169,-13,17;179,6,-3;189,-8,5;199,-7,10;209,-2,9;219,-3,12;220,-6,-14;229,0,25;230,-4,-18
rua||silvio dal rio|conjunto habitacional gilberto rossetti cohab ii|13737346|220,-2149350,-4700947
rua||silvio dias|igarai|13750000|29,-2140872,-4681092;34,-2,-5;46,-13,-9;47,6,14;59,-14,2;71,-19,-14;82,-5,-6;83,5,20;106,-27,-23;107,0,12;118,-10,-9;119,-7,4;130,2,-7;131,-9,7;136,4,-8;142,-10,0;143,2,8;155,-18,-2;167,-7,-5;172,-10,-9;173,-2,-1;178,0,5;179,2,8;185,-7,-1;190,-6,-16;191,2,17;196,-10,-11;197,7,2;202,-8,-6;203,2,4;208,-6,0;209,-2,1;214,-3,-6;215,-1,0;221,-4,-3;226,-6,0;227,-2,7;232,-8,-5;233,4,5;238,-3,-8;239,0,7;244,-7,-8;245,-4,11;250,8,-11;251,-12,7;256,-2,-6;257,-1,6;262,-2,-8;263,-10,4;268,-1,-7;274,-2,-1;275,-6,8;280,-3,-8;281,-1,10;286,-1,-11;287,-6,6;292,-5,2;293,0,-1;298,-1,-4;299,-4,3;304,-3,-9;310,-3,1;311,-4,5;322,-7,-1;329,-6,-2;334,0,-8;335,-5,11;340,-10,-7;341,3,0;346,-4,-2;352,-10,-4;353,4,1;364,-7,0;365,-16,31
rua||silvio esmeraldo paulino|condominio casas do monte belo|13737155|2,-2148541,-4700650;4,-11,-8;6,-10,6;8,-13,-8;10,-7,-2;12,-13,-4;14,-10,0;16,-7,-6;18,-9,2;20,-14,-7;22,-10,-1
rua||sinesio costa longa|alta vista|13735648|82,-2148431,-4698930;83,9,-7;92,1,8;93,7,-8;102,5,9;103,2,-6;112,4,9;113,9,-8;122,1,9;123,7,-8;133,9,0;142,0,11;143,4,-7;152,4,7;153,13,-5;162,-5,5;163,12,-5;172,-3,4;173,12,-2;182,-4,9;192,10,1;212,20,3
rua||tambau|jardim santa maria|13730275|11,-2146454,-4700978;21,10,-11;31,8,-12;70,16,-23;80,10,0;148,-14,17;165,4,-20;176,17,-6;177,-3,-6;178,16,-14;188,-5,10;191,-7,-9;201,10,-7;211,-2,-9;212,7,12;227,-2,-15;228,9,12;238,-49,65;246,-4,3;266,71,-100;275,3,-22;289,7,-9;355,34,-51
rua||tapiratiba|jardim santa maria|13730150|38,-2146329,-4700990;48,13,6;106,-37,-17
rua||targino manoel da silva|por do sol|13739164|114,-2147979,-4703449;175,271,65;186,-11,2;196,-7,1;206,-7,-9;215,-11,-2;216,3,6;225,-9,-7;226,0,5;236,-8,-5;246,-12,-2;255,0,-21;256,-6,23;309,-77,-28;354,-110,-29;363,105,24;380,-26,3;390,-16,-3;400,-6,-4;410,-7,2;413,1,-11;420,-6,-2;423,1,-1;430,-19,-10;433,11,7;443,-3,-2;450,-15,5;453,6,-5;470,-29,0
rua||teodoro mariano|colina verde|13737030|505,-2147729,-4701482;514,4,-7;538,8,-18;561,10,-26;562,3,7;621,27,-60;634,14,2;648,3,-8;687,16,-44;700,8,-5;710,1,-1
rua||tereza ananias estetter|residencial mais parque|13735392|13,-2147368,-4698891;53,18,36;73,20,6
rua||tereza scarparo maciel|residencial vale verde|13737268|20,-2150315,-4700476;30,1,4;33,25,22;40,-20,-14;43,22,18;50,-14,-14;53,17,18;60,-15,-4;63,14,8;70,-9,-4;73,17,18;80,-15,-11;83,18,16;90,-15,-1;93,19,8;100,-16,-6;103,20,21;110,-12,-13;113,12,13;120,-11,-5;123,22,30;130,-21,-24;133,18,16;140,-11,-9;143,19,19;150,-17,-12;153,24,16;160,-17,-5;163,17,17;170,-14,-13;173,11,13;180,-6,-2;183,15,12;190,-11,-4;193,14,13;200,-11,-8;203,15,11;210,-10,0;213,16,12;220,-9,4;223,13,5;233,4,14
rua||tertuliano meireles|igarai|13750000|56,-2140652,-4681023;97,68,-25;123,8,-1;180,-87,21;188,-2,12;200,-14,-2;234,-35,-8;242,4,34;254,-11,1
rua||theophane girotto|por do sol|13739161|75,-2147632,-4703702;186,-17,4;205,-5,-10;215,-22,-6;245,-14,-4;266,-34,2;276,-8,-2;360,-52,-11;377,-16,-15;390,-13,3;393,-3,-8;400,-4,3;403,-5,-2;413,-9,-4;440,-30,-6;443,-17,-13;450,12,11
rua||thomaz fuschilo|conjunto habitacional gilberto rossetti cohab ii|13737657|27,-2150009,-4701068;28,-7,9;37,9,-1;38,1,5;47,9,2;48,-3,8;57,12,-2;58,-9,8;67,12,5;68,-3,0;77,10,5;78,-3,6;87,12,2;88,-4,3;97,9,2;98,-7,10;107,15,-4;108,-9,8;117,16,0;118,-8,3;127,15,5;128,-8,3;137,15,8;138,-13,5;157,24,10;158,-7,8;167,12,3;168,-3,6;177,8,-3;178,-5,12;187,13,-1;188,-10,6;197,18,2;198,-8,11;207,9,-5;208,-2,15;217,7,-7;218,-3,20;227,9,-13;228,-1,17;237,4,-6;238,-1,13;247,13,-5;248,-8,13;257,10,-9;258,-1,19;267,6,-9;268,-3,17;277,8,-6;278,-5,11;287,8,-6;297,3,5;298,5,36;308,3,7;317,1,-12;318,0,17;327,8,-13;328,0,27;337,2,-18;338,6,25;347,-4,-18;348,5,29;357,-3,-21;358,6,30;367,4,-19;368,0,30;377,-6,-14;378,10,21;387,-6,-3;388,13,18;398,-3,5
rua||tocantins|jardim nova mococa|13731285|14,-2145995,-4702032;15,10,49;34,-30,14;39,29,-6;66,-79,118;76,10,-5;83,36,-57;97,-32,60;100,29,-74;103,4,12;110,-6,-14;111,-37,97;127,-20,15;155,-12,37;208,35,-86;218,3,-10;244,-40,77;245,8,-7;254,-12,9;255,13,-3;272,-6,-8
rua||tomaz antonio gonzaga|cecap|13732070|185,-2145914,-4701133
rua||tres|condominio estancia santa mariana|13749899|7,-2148816,-4703964;8,26,-19;9,37,-33;13,-51,40;16,66,-59
rua||treze de maio|braz|13735018|37,-2147040,-4699845;49,5,-12;50,-1,-19;57,0,6;75,-1,-19;95,-3,-12;121,4,-31;122,-1,0
rua||tucunare|jardim santa cecilia|13733019|31,-2146142,-4700300;41,-19,-28;50,-1,-14;53,-13,-4;60,12,-3;65,-18,-15;70,11,4;80,-10,-4;81,-14,-3;93,-4,4
rua||tufi joao domingos|conjunto habitacional jacinto pisani projeto cem|13733390|321,-2144933,-4701426;817,114,159;829,-13,-2;839,0,-9;849,-25,-19;877,-9,-34;945,-44,-59;985,-28,-45;1005,-6,-1;1049,-28,-42;1099,-51,-80
rua||tufi joao domingos|jardim sao domingos|13733390|11,-2145113,-4700534;38,-431,45;97,13,5;105,13,0
rua||tulipas|por do sol|13739162|86,-2147911,-4703660;165,261,71;173,-3,-3;175,-3,-2;185,-7,-2;186,-10,7;205,-8,-15;206,-5,13;216,-4,-4;246,-30,-7;255,-2,-11;265,-20,-5;276,6,8;356,-65,-22;373,-21,-10;383,-5,-1;390,-10,5;400,-13,2;420,-13,-3;423,-11,-19;433,-6,-1;440,-6,9;443,-6,-8;450,-1,10;460,-10,-13
rua||um|condominio estancia santa mariana|13749899|22,-2148836,-4704119;27,-135,99;48,230,-166
rua||urias goncalves dos santos|descanso|13735034|16,-2146736,-4699389;26,-18,18;32,46,-76;36,-35,72;37,-14,-7;39,-3,-2;42,59,-74;46,-37,72;47,-10,-7;51,6,-2;52,47,-73;56,-41,77;57,3,-18;58,-1,9;60,11,-6;61,-12,-5;64,16,-6;67,-7,-8;82,19,0;98,7,-24;110,3,-1
rua||urias rodrigues da silva|sao benedito das areias|13755000|25,-2131914,-4702836;35,6,8;45,10,10;55,6,9;65,4,10;95,16,33;105,6,-1;106,-3,16;115,9,-5;116,-6,12;125,10,-2;135,7,7;146,7,29;155,7,-2;369,-101,-154
rua||uruguai|jardim lavinia|13736240|32,-2147294,-4700648;35,-23,-21;44,15,18;76,-20,-17;108,-26,-17;118,-11,-6;132,-14,1;158,-15,-20;231,11,-1
rua||valmi caetano barbosa|condominio paraiso das garcas|13749899|1,-2137769,-4701873;3,55,18;7,115,63;8,23,11;9,20,11;11,72,40;33,286,258;34,-1,-10;38,-79,-140;47,-276,-138;48,-26,-12;49,-34,-15;50,-30,-19;51,-22,-10;54,-87,-51
rua||valter prinholato|chacara dos ipes|13737700|5,-2143212,-4701455;7,72,-10
rua||varo borges dos reis|conjunto habitacional nene pereira lima|13732410|11,-2145662,-4701824;14,-94,-59;15,68,32;25,-150,-81;35,6,6;103,52,29;113,9,6;123,3,4;147,19,6;157,8,13;167,11,7;1200,-98,-53
rua||venerando ribeiro|mocoquinha|13734120|10,-2146257,-4699697;16,1,3;20,-5,14;26,-1,7;32,5,11;38,-7,9;40,-6,10;44,0,13;50,-3,5;213,0,-58;223,4,7;233,-3,8;243,-5,23;253,3,-9;263,3,2;273,-6,1;373,-17,95;383,-7,16;405,19,-35;483,-9,20;487,1,19
rua||venerando ribeiro|vila naufel|13734120|118,-2146302,-4699510;126,-9,17;134,-3,2;146,0,9;156,-4,14;180,-15,19;186,-5,12;190,-9,10;200,-7,8;210,3,2;220,-2,3;444,38,-91;455,-30,54;465,-3,8;475,-6,7;485,-7,10;495,-2,7;505,-5,6;525,-11,19;535,-7,14;545,-5,2;555,-5,12;565,0,17;575,-12,14;585,-1,3
rua||venezuela|jardim lavinia|13736220|30,-2147468,-4700595;40,-8,-3;51,-12,-3;63,-11,-9;68,17,10;75,-23,-14;86,-3,-11;87,-4,1;92,-1,-8;99,-9,2;109,-6,-7;110,-6,3;119,-3,-7;129,-13,-12;139,-9,-4;146,7,-2;161,-33,-23;162,12,13;186,-11,-11;197,-21,-9;198,9,-15;210,-1,13;221,-31,-9;222,11,1;233,-21,-2;234,18,-5;251,-34,-2;258,9,-16;269,-25,8;282,21,-12
rua||venilia quilice lopes|residencial carlito quilici|13733548|24,-2144481,-4701087;34,6,-3;44,13,0;45,6,-3;54,-1,4;55,11,-4;64,-1,0;65,8,-3;74,2,-5;75,8,4;84,0,3;85,8,-3;94,1,1;95,7,-6;104,-1,0;105,11,-1;114,-2,3;115,14,-2;124,-6,-1;125,10,-3;134,-2,-2;135,11,-1;144,-4,2;154,9,-3;155,15,-3;164,-2,0;165,9,-4;174,-7,2;175,21,1;184,-10,4;185,16,-10;194,-11,6;195,23,-5;214,2,2;224,14,-2
rua||vera ribeiro lima de toledo|jardim padre demosthenes|13736897|16,-2148925,-4700120;22,24,78;24,-13,-63;51,13,28;54,-11,7;59,10,-14;62,-12,7;70,0,-8;78,-2,-6;85,6,-18;86,-9,8;94,-1,-6;103,6,-13
rua||vicente soares|conjunto habitacional nene pereira lima|13732418|51,-2145538,-4701862;61,4,-6;71,9,-11;81,3,0;91,14,-15;101,-2,-10;111,7,-12;121,-2,-4;131,4,-7;141,13,-11;174,20,-28;175,4,-3;184,-4,3;185,12,-7;194,-6,-7;195,-10,-25;204,22,15;205,-6,4;214,3,-8;215,-2,-11;224,7,4;225,2,-11;234,0,-2;235,-1,-8;244,-1,0;245,10,-12;254,0,4;255,3,-8;265,3,-12;289,5,-18;299,-6,-7;306,17,-1;309,2,-12;316,3,0;319,-1,-12;326,-1,9;329,3,-11;336,5,10;339,5,-27;346,-9,8;349,9,-4;356,0,-8;359,4,-11;366,-4,11;369,-1,-29;376,5,15;379,1,-21;386,7,8;391,0,-9;394,-3,9;396,-1,-10;408,4,-15;425,8,-15;432,4,9;435,0,-8;442,0,-1;445,-3,-12;452,8,-2;455,-9,-6;462,10,-6;465,-10,-15;472,8,3;475,-9,-12;482,10,8
rua||vito orlandi|residencial mais parque|13735358|15,-2147662,-4699344;45,22,12;64,15,22;84,7,3
rua||vitor batista da silva|alta vista|13735642|70,-2148405,-4699052;80,10,-2;90,7,0;100,13,5;110,9,0;120,8,1;140,18,4;160,18,2
rua||vitor candido|carlito quilici|13733532|39,-2144200,-4700717
rua||vitor de assis lima|vila carvalho|13735449|34,-2147890,-4699639;54,-7,33;120,-10,27;130,-4,6;140,-7,6;160,-8,17;170,-1,-4;179,-5,-13;180,-7,9;225,31,-23
rua||waldemar miachon|conjunto habitacional gilberto rossetti|13737315|26,-2149046,-4701107;35,-3,10;36,0,-4;45,-5,10;46,0,-5;55,-5,21;56,-6,-4;65,4,5;66,-7,-2;75,-2,12;76,-5,0;85,1,12;86,-2,-7;95,-2,17;96,-7,-2;105,0,9;106,-5,-4;115,4,12;116,-6,-4;125,-3,14;126,-5,-7;135,-2,14;136,0,-9;145,1,17;146,-7,-7;155,6,27;156,-13,-23;175,-12,46;185,-5,7;195,-5,10;196,2,-19;205,-4,19;206,4,-19;215,-14,37;216,6,-17;225,-6,18;226,-2,-13;235,-2,19;236,-8,-8;245,4,18;246,-3,-15;255,-7,26;256,-1,-15;265,-4,26;266,0,-21;275,0,21;276,-8,-13;281,3,20;286,-10,-5;296,-3,6;306,-17,12
rua||waldemar pavan|igarai|13750000|101,-2140562,-4680959;140,15,-29;158,-30,25;209,-48,0;229,-24,-5;237,2,2;241,-11,28;245,7,-31;255,-12,-1;301,-39,-7;311,-13,-1;331,-7,-2;334,-9,-11;344,-6,0;351,-9,-5;354,-4,13;366,-8,-4;378,-16,-12;388,-1,1;393,-10,9;404,-8,-4;415,-30,1;418,18,-8;430,-21,-16
rua||walter antonio becker|altos do vale ii|13735670|41,-2148424,-4699247;51,-6,4;62,-18,1;71,2,9;72,-12,-3;81,6,6;82,-13,0;92,-9,6;101,-4,-2;102,-4,0;111,5,5;112,-15,-2;122,-6,4;141,0,7;142,-15,5;151,1,3;152,-5,1;161,-3,0;162,-16,1;171,8,5;172,-19,-1
rua||walter antonio de padua becker|por do sol|13739165|165,-2147724,-4703275;175,-11,-2;176,3,9;186,-6,-3;205,-21,-16;206,-1,2;212,-70,-13;216,59,13;219,-88,-29;225,90,24;235,-10,-2;236,-2,12;245,-9,-16;246,-2,4;256,-3,-9;266,-23,8;274,-184,-60;276,190,48;340,-64,-3;357,-3,-9;380,-28,-3;390,-12,-6;400,-22,0;403,23,-2;413,-10,-5;423,-12,-2;443,-17,-5;473,-7,-7;483,-10,0
rua||washington luiz|jardim primavera|13738560|5,-2147083,-4702357;6,-14,7;17,16,-4;18,-3,11;21,10,-5;29,0,1;30,-3,9;41,20,5;42,-12,-1;53,15,0;54,-8,8;65,19,1;66,-4,7;77,14,-1;78,-5,7;85,16,1;90,-2,9;96,-7,-4;101,12,1;102,1,7;113,10,-2;114,-3,10;126,9,6;137,13,-5;138,-2,9;149,9,-1;150,0,4;161,15,5;162,-11,-2;173,16,6;174,-6,7;185,13,-3;186,-6,10;195,13,-7;197,-1,2;198,-2,3
rua||wenceslau bras|jardim sao francisco|13734320|1,-2145922,-4699331;31,19,-20;41,3,0;51,5,-11;57,4,-4;61,-7,10;62,25,-22;84,10,-27;85,-10,3;94,13,-8;95,-8,-2;105,6,-4;107,4,-4;116,2,-1;117,0,-7;125,4,-5;134,7,-5;135,-4,10;174,19,-33;177,-4,-5;181,8,-6;183,3,-4;186,-3,5;189,5,-15;196,1,9;201,3,-14;206,5,1;209,3,-14;216,4,2;219,-1,-1;248,34,-42;260,-5,-7;266,-3,7;275,0,-7;318,21,-28;326,4,-7;334,4,-1;335,-3,-8;404,32,-42
rua||wilson jose basin fernandes|residencial mais parque|13735360|23,-2147679,-4699281;40,10,16;50,11,10;63,7,-3;70,9,12;73,4,-6;80,0,8;83,4,-8;90,3,11
rua||wilson paschoal neto|jardim colina verde|13737060|207,-2147502,-4701302
rua||wilson paschoal neto|terras de santa marina|13737060|15,-2147660,-4701276;39,25,-8;50,11,6;62,6,-4;63,2,-2;87,12,-5;111,26,-2;124,15,5;132,14,-3;156,21,-3
rua||wilson penteado|residencial mais parque|13735362|24,-2147718,-4699233;35,13,10;44,4,9;94,39,24;95,4,-2;114,5,6;124,7,12;285,-81,-81
rua||zenon secundo de oliveira|jardim botanico|13733563|234,-2144291,-4700348
rua||zequinha de abreu|jardim santa clara|13735290|80,-2147565,-4699593;90,-3,-9;110,-6,-11;120,-4,-12;231,29,89;319,-32,-122
rua||zilda donizeti ananias bergamini|jardim boa vista|13735134|81,-2146483,-4698614;148,95,-132;168,-8,14
rua||zilda pazote|canoas|13731520|20,-2145806,-4702078;40,12,-39;124,15,-64;134,7,-10;144,-2,-3;146,23,-32;154,-17,25;164,4,-8;165,-6,-2;175,10,-15
travessa|nossa senhora|de fatima|vila carvalho|13735419|27,-2147732,-4699485;28,2,-10;30,0,0;37,-16,-1;40,6,-7;45,-14,6
travessa||da fe|vila santa cruz|13734259|12,-2146179,-4699754;50,-25,23;98,-5,11;104,4,-2;106,11,-16;115,3,-7;225,-5,-6;235,2,-9
travessa||francisco dalmonte|vila carvalho|13735408|12,-2147654,-4699625;15,-3,9;21,-7,-2;22,3,-9;32,-6,4;33,-9,-6;42,-2,-7;44,-7,-4;53,-3,4
travessa||moreira|condominio paraiso das garcas|13749899|31,-2137213,-4701832;50,14,-41
travessia||joaquim ferreira de souza|igarai|13750000|128,-2140718,-4681257;138,0,3;147,2,18;157,0,-18;167,2,-5;169,-22,39;173,-17,-6;175,46,-42;178,-49,61;179,12,-9;183,-18,12;191,-4,4;236,-24,9;239,-3,10;248,-11,-4;251,8,12;258,-17,1;261,3,2;273,-11,3;295,38,-17;1013,94,-85
