alameda|dona|augusta de mello sylos|domingos de sylos|13720000|63,-2162237,-4689296;73,-5,7;74,-2,17;84,-1,2;103,-10,3;113,-4,15;123,-8,9;133,-4,8;134,18,-17;135,-22,27;143,-7,10;148,-31,47;153,25,-42;163,-6,7;173,-6,7;183,-8,4;193,-6,10;203,-11,2;204,-22,34;233,0,3
alameda||benedito strazzieri|jardim das hortensias|13720000|44,-2159963,-4687521
alameda||das primaveras|sitio santa lurdes|13720000|145,-2155321,-4684762
alameda||dos aracas|condominio estancia macaubas|13720000|2,-2162349,-4687372;40,-11,39;135,-23,183;145,6,-22;155,-12,-40
alameda||dos jacarandas|sitio santa lurdes|13720000|105,-2155388,-4684991;250,130,-8;300,-140,21
alameda||dos jatobas|sitio santa lurdes|13720000|220,-2155424,-4685231
alameda||elza dal bello biaco|jardim das hortensias|13720000|22,-2160005,-4687468;43,8,-16;50,19,14;53,-9,-12;160,147,-26;170,10,9;190,28,-5;250,84,-27;251,-16,-11;272,32,10;280,9,-4;281,-6,-7;290,5,4;291,8,-15;300,11,18;310,9,-5
alameda||jatobas|condominio estancia macaubas|13720000|23,-2162513,-4687138;121,33,-138;261,-42,161;281,5,29;301,-11,30
alameda||joao dal bello|jardim das hortensias|13720000|26,-2160020,-4687492;34,6,-6;41,-15,22;44,10,-36;51,-7,18;71,-2,-17
alameda||jose fagiolo|domingos de sylos|13720000|16,-2162384,-4689270;26,-48,-7;36,4,-5;46,14,-6;56,14,-13;66,3,1;76,5,-6;86,6,-9;96,9,-9;106,-3,-13;116,11,-4;126,10,-3;136,-2,-25;146,2,-1;156,1,-9;166,1,-12;176,1,-5;186,2,-8;196,5,-9;206,2,-16;216,2,-6;226,-6,-9;236,7,-8;245,-16,-15;246,12,1;255,-14,34
alameda||jose franco meirelles|domingos de sylos|13720000|7,-2162372,-4689208;17,10,-2;18,14,2;27,-3,-7;30,1,4;36,12,-8;37,-8,-3;40,12,-5;47,-8,1;57,6,-13;66,22,-5;67,-22,-2;76,17,-3;77,3,4;86,12,-5;87,-14,-21;96,25,15;97,-19,-16;106,15,4;107,-13,-8;116,22,5;117,-12,-20;126,15,8;127,-12,-7;136,13,2;137,-6,-15;146,10,3;147,-7,-19;156,11,2;157,-6,-7;167,6,-11;174,0,11;177,0,-17;180,-7,4;187,11,-21;197,3,-7;207,-6,-17
alameda||jose meneghetti|domingos de sylos|13720000|10,-2162403,-4689234;11,-5,-15;20,15,10;21,3,-14;30,9,9;31,-2,-15;40,7,7;41,0,-13;50,6,4;51,3,-16;60,-3,9;61,7,-12;70,5,6;71,3,-16;80,2,12;81,7,-25;90,1,19;91,3,-26;100,1,19;101,3,-27;110,0,19;111,3,-31;120,1,22;121,5,-31;130,-4,23;131,11,-32;140,-9,24;141,9,-35;150,1,28;151,0,-41;160,12,32;161,-12,-32;170,10,25;171,-4,-40;180,5,26;181,0,-36;190,0,40;191,1,-50;200,2,31;201,0,-38;210,1,31;211,-8,-39;220,12,32;221,-2,-44;230,-3,38;231,7,-44;240,0,26;241,1,-48
alameda||pau brasil|condominio estancia macaubas|13720000|180,-2162177,-4686971
avenida|comendador|luiz goncalves junior|centro|13720000|53,-2159249,-4688796;60,-31,-3;66,6,3;69,16,4;80,-4,-2;83,-30,-10;90,36,13;100,3,3;110,12,-1;144,-33,-11;146,-8,-6;148,-6,-5;150,-5,-1
avenida|comendador|luiz goncalves junior|vila formosa|13720000|36,-2159195,-4688768;39,11,-17;49,8,4;55,218,37;59,-207,-35;69,11,7;117,49,6;120,-5,10;127,5,-10;132,3,11;142,6,0;145,10,-14;147,9,7;150,-5,11;160,8,1;165,14,-8;170,-4,7;177,12,-7;180,2,9;184,-115,-24;187,118,19;190,5,8;194,-118,-26;197,125,18;200,0,12;201,-111,-32;204,-9,4;208,124,32;330,10,2
avenida|deputado|eduardo vicente nasser|centro|13720000|724,-2159929,-4689213;734,-13,-6;738,-15,-3;754,0,-4;770,-8,-4;774,-12,5;810,-29,-16;813,10,13;818,-12,-20;825,-4,15;828,1,-13;830,-3,4;832,-3,-3;833,-3,10;841,-12,-11;850,-5,-3;851,3,2;894,-47,-34;1020,-98,-33;1040,-35,-10;1060,-10,-22;1070,-14,-1;1080,-6,-11;1090,-9,0;1100,-5,-3;1116,-5,-6;1125,-10,16;1132,-13,-21
avenida|doutor|roque de paiva machado|carlos cassucci|13720000|13,-2160551,-4692948;15,-48,-140;23,45,136;30,23,23;173,5,30;181,-3,-1
avenida|doutor|roque de paiva machado|distrito industrial|13720000|45,-2160485,-4692790;55,5,-10;65,-4,0
avenida|doutor|roque de paiva machado|eduardo cassucci|13720000|13,-2160701,-4693439
avenida|marechal|mascarenhas de moraes|jardim dos ipes|13720000|582,-2161381,-4690895;632,-42,67;642,-5,8
avenida|marechal|mascarenhas de moraes|maria boaro|13720000|202,-2161110,-4691222;212,-3,5;222,-9,11;232,-4,7;242,-8,11;252,-9,2;262,-1,9;270,-70,94;272,70,-89;282,-9,9;292,-8,5;312,-75,28;322,31,19;332,20,-18;342,-9,18;352,-7,7;362,-8,10;372,0,4
avenida|marechal|mascarenhas de moraes|maria da silva maldonado|13720000|790,-2161659,-4690531;791,12,-3;801,1,-14;830,-15,57;861,15,10;871,-2,11;881,0,-4;941,0,75;951,-2,5;961,-2,11;970,-15,33;971,24,-18;980,-22,22;990,1,16;991,18,-23;1000,-24,30;1010,0,10;1021,22,-8;1030,-20,29;1041,16,-9;1050,-17,37;1060,-1,6;1070,3,9;1080,-3,10;1090,0,10;1091,18,-19;1101,2,8;1110,-15,34;1120,-2,8;1131,12,-7;1141,-2,10
avenida|marechal|mascarenhas de moraes|vila verde|13720000|643,-2161426,-4690796;663,-3,13;683,-20,24;731,-73,68;733,-4,8;734,-35,0;735,27,2;739,-2,6;743,-17,12;745,-6,1
avenida|tenente|ismael de souza dias|portal buenos aires|13720000|47,-2160305,-4691059;48,-5,-14;58,-13,-3;68,-8,1;78,-8,2;88,-14,2;117,-29,29;118,-64,-8;138,39,-9;148,-14,4;157,-13,21;158,2,-18;167,0,26;177,-30,4;178,11,-25;188,-19,-4;208,-20,13;228,-23,4;237,6,24;238,-19,-26;247,6,25;248,-10,-18;268,-20,7;278,-12,0;297,15,16;307,-13,6;327,-24,4;337,-8,3
avenida||abrao draib|santa tereza|13720000|25,-2160374,-4688540;35,-8,2;47,-2,5;61,-25,0;71,-16,5
avenida||americo emilio romi|chico xavier|13720000|733,-2161168,-4692591;743,-9,-1;753,-12,4;754,-2,-33;763,-7,40
avenida||americo emilio romi|distrito industrial|13720000|28,-2160486,-4692772;38,-13,3;48,-21,3;58,6,0;65,-72,42;68,64,-38;78,-6,4
avenida||americo emilio romi|eduardo cassucci|13720000|601,-2161063,-4692618;611,-3,-7;621,-11,6;631,-6,2
avenida||anibal de sa pinto|santo antonio|13720000|15,-2159194,-4690204;25,3,-8;35,8,-10;45,9,-14;51,2,-7;59,8,-9;60,13,8;65,-9,-17;70,10,10;80,0,2;87,-5,-17;90,11,3;97,-8,-5;100,17,-3;107,-15,-11;110,22,0;117,-12,-10;120,15,4;127,-12,-18;149,8,-12;169,8,-13;179,10,-13;189,5,-8;199,6,-2
avenida||anibal de sa pinto|vale do redentor|13720000|140,-2159112,-4690311;150,3,-5;160,3,-7;170,7,-12;180,-1,-6;190,8,-8
avenida||antonio jose quessada|distrito industrial|13720000|40,-2160450,-4691750;97,-22,-2;100,-18,-18;101,-14,7;120,-6,-14;121,-11,8;139,-13,-8;140,9,-7;160,-28,-5;180,-7,-7;300,-195,-71
avenida||antonio pereira dias|centro|13720000|6,-2159272,-4689035;8,-1,-33;251,37,163;253,11,-3
avenida||antonio pereira dias|joao de souza|13720000|691,-2159341,-4689125;701,-7,-8;711,-8,-17;723,-12,-33;733,-4,-10;751,1,-9;757,4,-4;761,3,-13
avenida||antonio pereira dias|vila formosa|13720000|47,-2159331,-4688594;176,118,-117;193,16,-17;202,-11,-19;212,15,-6
avenida||aparecida zulli zanetti|fartura|13720000|1,-2160835,-4690069;100,-29,-2;103,-40,2;110,27,-5;120,-26,-2;520,106,19
avenida||atlantica|jardim santa marina|13720000|32,-2159868,-4689946
avenida||bela vista|vila formosa|13720000|23,-2158874,-4688625;34,11,19;35,5,-10;44,4,10;47,0,-3;54,4,9;57,8,-14;67,13,7;77,12,-15;121,28,37;135,6,-2;145,8,10;146,-6,8;154,13,6;164,7,6;174,5,0;233,61,13;245,15,9;255,7,1;321,61,32;331,15,3;341,3,8;391,54,12;401,4,4;402,1,17;412,-1,-2;1235,67,19;1370,-57,-13;1410,28,13;1420,13,3;1430,8,3;1440,16,1;1445,6,-4;1450,-9,12;1460,13,-2;1461,10,-2
avenida||belmonte|jardim nova belmonte|13720000|35,-2160416,-4689816;65,-34,-5;85,-36,-23;97,-8,4;105,-9,-15;117,-3,0;163,-40,-22;169,-21,-5;265,-46,-27;273,-16,-17;283,-10,-3;293,-10,2;303,-16,4;311,-17,-24;313,-9,-8;333,-7,0;343,-8,-4;391,-51,-30;401,-13,-9;411,-10,-5;421,-4,-6;431,-6,-4;959,362,206;1139,-144,-78;1149,-4,-3;1357,-170,-93
avenida||belmonte|vila maschieto|13720000|290,-2160456,-4689838;300,15,7;302,-27,-15;310,-16,-10;340,-14,-7;350,-13,-6;360,-13,-7;400,-15,-6;911,144,98
avenida||benedito dos reis scigliani|maria boaro|13720000|1225,-2160982,-4691431;1301,-59,-2;2500,-3,-9
avenida||benedito dos reis scigliani|portal buenos aires|13720000|15,-2160588,-4690719;21,-416,-744;23,-37,-21;25,451,758;35,-4,-4;36,20,-12;45,-23,7;46,25,-10;55,-23,2;56,19,-11;65,-21,-3;66,16,-7;76,1,-5;85,-18,-4;86,16,-1;96,-5,-12;106,-2,-6;116,-2,-11;125,-11,-11;126,14,7;135,-17,-24;136,17,21;140,-2,-13;150,4,-1;160,-3,-11;170,-1,-11;175,-33,-27;180,17,19;185,-30,-33;190,44,23;203,-38,-60;230,26,18;240,-5,-13;241,-37,-54;255,-14,-90;275,-25,-69;366,47,72;386,-5,-25;396,-3,-9;406,-2,-14;416,0,-9;426,-2,-13;446,-6,-22;456,-2,-12;466,3,-10;476,-9,-21;496,-17,-12;506,-5,2;516,-2,-7;526,-3,-3;527,-9,21;536,-1,-30;537,-11,23;546,5,-29;547,-5,23;556,3,-30;557,-14,23;566,10,-25;567,-6,25;577,-2,-10;583,-12,2;586,6,-27;587,-13,21;596,7,-27;606,-3,-3;607,-13,17;616,4,-24;617,-9,21;626,10,-24;636,-7,-2;637,-13,19;646,6,-28;656,-4,-6;657,-21,17;667,-1,-4;676,9,-19;677,-12,12;686,7,-20;687,-17,11;696,13,-16;697,-19,13;707,0,-8;716,10,-15;717,-20,15;726,12,-19;727,-13,9;737,-10,-5;747,1,1;1254,-85,-99;1264,-7,2;1274,-19,-2;1284,-6,-5;1294,-2,-9;1304,-7,-6;1314,-6,1;1324,-11,-8;1402,-111,-72;1412,-3,-5;1422,-10,-3;1432,-9,-5;1442,-10,-9;1451,-105,-55;1452,100,54;1461,-105,-55;1471,-7,-12;1472,99,59;1481,-103,-70;1482,93,62;1491,-103,-70;1492,93,67;1501,-100,-70;1502,88,60;1511,-95,-62;1521,-7,-11;1531,-8,-10;1541,-3,-4;1551,-8,-1;1561,-8,-8;1571,-8,-7;1581,-12,1
avenida||brasil|domingos de sylos|13720000|1780,-2162118,-4689465;1790,5,-13;1800,-19,-5;1840,-24,5
avenida||brasil|vila brasil|13720000|4,-2160548,-4689376;12,-24,-12;13,-124,30;14,125,-26;16,-69,0;25,-54,26;30,108,-23;43,-124,27;52,110,-34;64,-18,0;77,-112,28;80,102,-27;116,-37,3;130,-9,2;150,-2,0;164,0,0;226,-88,-3;236,1,2;243,-1049,51;246,1038,-44;253,-33,41;256,13,-40;270,1,-5;276,-17,-2;282,-7,11;294,-9,-7;300,1,1;310,-26,3;355,-98,32;395,0,0;411,0,0;424,29,-23;434,-40,5;446,-7,0;460,18,-10;478,-40,-4;488,-3,1;500,-12,9;520,-25,-2;540,-13,2;545,0,20;550,-8,-20;560,-9,1;567,-147,44;576,134,-51;586,13,3;589,-161,27;657,-57,0;853,-173,0;930,-80,-18;950,-57,-13;1000,-43,8;1001,25,52;1030,-28,-51;1050,-53,3;1060,-2,0;1080,-31,-10;1200,-21,3;1243,-74,24;1250,72,-23
avenida||clarisvaldo smith vasconcelos|eduardo cassucci|13720000|12,-2161155,-4693385;22,3,-7;32,0,-12;42,6,-8;47,-61,19;52,63,-25;57,-55,16;62,55,-28;67,-56,17;72,60,-21;77,-57,13;82,60,-23;87,-56,13;92,60,-21;97,-55,-8;102,57,-1;107,-58,15;112,57,-28;117,-56,16;122,62,-25;127,-57,13;132,56,-20;137,-54,11;142,48,-17;147,-33,-1;152,45,-12;157,-52,23;162,55,-28;167,-54,6;172,60,-22;177,-53,10;187,1,0;197,-17,-11
avenida||da saudade|vila formosa|13720000|21,-2159004,-4688773;44,21,-7;64,6,-29;65,-21,5;75,10,-22;81,4,-12
avenida||dos braghettas|carlos cassucci|13720000|59,-2161104,-4693250;60,14,11;61,3,2;62,8,2;63,-3,7;65,10,24;66,7,4;67,0,12;68,6,10;69,1,6;71,7,10;72,13,12;78,42,56;1260,-22,-14;1280,-11,-14;1310,-6,-8;1318,-5,-11;1342,-12,-29;1390,-24,-49
avenida||dos braghettas|distrito industrial|13720000|91,-2160674,-4691893;100,31,37;110,-15,-26;190,-3,-36;199,-47,-104;200,44,68;220,-36,-83;235,-22,-42;243,1,-13;245,-1,-15;255,-4,-10;287,-4,-22;355,-9,-35;371,-7,-50;383,0,-14;395,-5,-19;430,16,-33;435,-25,-8;450,21,-10;455,-33,-6;640,-3,-203;720,-15,-81;760,-13,-67
avenida||dos braghettas|eduardo cassucci|13720000|51,-2161108,-4693204;621,313,721;673,-15,-59;683,-2,-23;711,-14,-63;855,-9,-89;875,-4,-21;885,-3,-11;895,2,-5;905,-9,-12;915,-9,-14;925,-9,-14;935,-3,-4;945,3,1;955,-8,-12;965,11,33;985,-31,-72;995,-4,-4;1005,-10,-14;1015,-2,-4;1091,-89,-141;1101,1,-13;1111,-14,-6;1121,-3,-20;1131,1,-2;1141,-12,-13;1151,3,-8;1161,-2,-7;1171,-12,-17;1181,-5,-8;1191,-7,-6;1201,-2,-4;1211,-11,-7;1221,2,-11;1231,-1,-3;1241,-11,-16;1251,-1,-1;1450,-46,-136;1460,-6,-15;1470,-6,-4;1480,-7,-6;1490,-1,-11;1500,-5,-10;1510,-3,-6;1520,-6,-6
avenida||dos lirios|vila maschieto|13720000|21,-2160245,-4690184;35,-6,16;70,-19,17;79,13,17;80,-14,-10;90,-3,9;93,12,9;100,-17,6;101,16,-5;109,-14,16;110,-2,-12;120,-3,5;132,-5,35;142,-6,10;154,-5,9;157,16,8;164,-22,-1;167,7,3;176,-4,-2;177,1,16;188,-5,-3;203,8,31;214,-15,4;220,-4,-1;229,17,21;230,-19,-19;240,-4,11;243,6,15;249,4,17;250,-12,-23;255,-2,24;260,-6,-6;271,-3,35;295,54,-144;300,-63,144;301,20,2;305,-8,11;312,-13,3;313,6,10;320,-11,-2;330,-1,4;350,-5,12;356,-3,14;362,2,8;370,-6,9;379,9,1;387,-2,16;399,-1,11;400,-20,3;413,19,6;415,8,10;417,4,0;429,-27,3;439,7,11
avenida||dos paulistas|santo antonio|13720000|325,-2159083,-4690038;345,4,-12;355,9,-12;369,8,-7;383,3,-17;447,39,-43;457,-68,102;467,81,-124;477,10,-12
avenida||euclides da cunha|centro|13720000|145,-2159477,-4689325
avenida||independencia|centro|13720000|5,-2160052,-4689105;8,13,-3;14,-13,-7;15,-4,4;18,-4,0;29,-2,-7;30,-2,-4;31,-1,0;32,-5,4;39,-7,-12;42,-4,6;49,-5,-12;58,-4,4;67,-5,-10;72,-5,3;75,2,-1;86,-21,-5;96,-8,-10;97,9,7;99,-6,-2;100,-1,-14;110,-11,-3;126,-10,-5;129,1,10;138,-6,-15;144,-3,-2;145,0,8;151,-3,-7;155,-6,-3;159,-2,-2;169,-5,-2;170,-7,-12;174,-12,-2;190,-12,-10;198,-14,5;207,14,5;210,-20,-17;216,-5,-3;221,5,14;235,-3,-2;245,-4,-6;246,-25,-19;255,9,12;256,-15,-23;263,16,10;266,-17,-12;273,40,39;279,-49,-26;280,-6,-17;285,-5,4;288,-5,-11;289,-6,-1;302,-4,-3;306,-3,-5;308,-3,-2;309,18,21;310,-24,-24;322,-7,-5;323,14,25;332,-22,-33;345,3,9;357,-13,0;397,-13,-9;409,-9,-5;429,-22,-21;441,-11,2;451,-6,-4;457,-8,-3;467,-16,-10;481,0,-2;496,-1,-5;499,-2,1;509,-32,-4;510,17,-14;518,-5,4;534,-18,-18;541,-1,5;550,-4,-7;559,-18,-7;560,13,1;570,-8,-8;580,-10,-3;590,-8,-3;600,-16,1;601,-21,5;616,14,-5;626,-7,-3;630,-6,-6;640,-8,5
avenida||joao batista junqueira|centro|13720000|29,-2160466,-4689333;30,-4,8;33,-4,11;40,-19,-21;43,18,16;55,-5,8;59,-17,12;68,0,-14;76,-12,8;86,-6,5;104,-5,6;136,-26,25;139,-34,24;150,15,-22;170,-10,14;180,-7,3;194,-9,18;200,-4,-8;214,-13,18;217,5,12;226,-7,-4;227,-3,15;238,-9,-18
avenida||jose bertocco|santa tereza|13720000|10,-2160124,-4688787;100,-239,393;190,237,-310;200,-14,12;210,-6,7;220,-17,19;230,-14,-4;240,-2,30;256,-16,-16;270,-5,-2;280,-14,9;290,-8,5;340,-39,6;350,-8,0;360,-19,6;370,-11,9;380,-12,5;390,-11,3;436,-26,33;442,-15,3;466,-18,3;478,-11,-2;490,-5,6;500,-11,2;510,-14,4;520,-5,1
avenida||jose g dos santos|centro|13720000|5,-2160628,-4689173;15,2,3;35,-2,14;55,6,12;65,-3,26;85,2,35;87,0,4;95,-1,11
avenida||jose ovidio figueiredo|centro|13720000|91,-2160575,-4689013;101,14,10;111,5,1;118,-42,-21;121,52,30;133,12,11;160,211,164;161,-193,-147;171,7,4;189,9,8;191,3,10;213,18,15;237,11,7;247,2,-1;263,17,14;285,17,14
avenida||jose ovidio figueiredo|jardim aeroporto|13720000|30,-2160621,-4689035;42,4,3;52,14,7;60,2,10;74,10,3;86,7,8;138,29,29;148,18,5;156,9,11;172,6,5;184,8,10;192,7,6;198,6,1;208,2,9;222,42,32;256,16,12;258,-1,-2;260,12,0;320,52,52;336,2,6
avenida||luis rodrigues correa|maria boaro|13720000|100,-2160947,-4691374
avenida||luis rodrigues correa|portal buenos aires|13720000|110,-2160679,-4691693;120,3,2
avenida||manoel rosa|santo antonio|13720000|47,-2158766,-4690562
avenida||maria aparecida salgado braghetta|centro|13720000|4,-2159931,-4689763;5,-83,18;7,9,-7;8,-9,-44;9,28,30;10,2,4;12,317,357;30,-224,-347;31,19,12;150,44,50;980,175,198;1002,-89,-120;1020,-32,-51;1100,-91,-76
avenida||maria aparecida salgado braghetta|domingos de sylos|13720000|991,-2161982,-4689480;4680,-434,-232;4700,-10,0
avenida||maria aparecida salgado braghetta|fartura|13720000|2444,-2160699,-4690061;2494,-64,15;2600,-8,5;2800,-121,156;3190,-228,211;3200,-18,2;3280,-43,21;3310,-20,18;3320,-7,5;3580,-530,142;3870,31,2
avenida||maria aparecida salgado braghetta|joao de souza|13720000|28,-2159276,-4689236;63,595,224;70,-594,-192;80,2,18;92,0,14;100,4,4;116,-5,13;126,-1,6;130,-2,10;140,-1,9;151,10,-92;200,-18,-176;922,-151,240
avenida||maria aparecida salgado braghetta|vila brasil|13720000|2911,-2160981,-4689698;3165,-126,31;3169,-10,4;3603,-307,197;3605,12,-6;3607,-12,8;3655,-51,1
avenida||maria aparecida salgado braghetta|vila formosa|13720000|1,-2158792,-4689002;2,15,3;3,-23,-10;4,-28,6;5,138,21;6,-190,-39;8,66,7;9,12,-8;11,127,53;67,267,132;223,-50,-20;225,-19,-7;233,-30,-15;333,-116,-88;334,16,-1;523,67,65;2113,180,64
avenida||maria aparecida salgado braghetta|vila maschieto|13720000|15,-2160154,-4690166;21,-72,-30;25,60,17;27,239,402;37,-245,-406;49,-10,-4;50,136,211;59,-149,-217;71,6,5;83,-26,-7;1007,178,245;1171,-7,-11;1177,2,-13;1191,-6,-12;2361,-599,42;2371,0,0;2381,1,1;2411,0,0
avenida||mario andreatta|portal buenos aires|13720000|18,-2160645,-4691759;28,10,0;38,2,-1;48,10,7;58,12,1;68,5,2;78,8,-1;88,10,9;98,8,0;108,14,10;115,1,3;128,29,18;138,6,4;148,6,6;158,8,6;168,5,10;198,26,25;208,3,1;228,10,11
avenida||nove de julho|centro|13720000|2,-2159664,-4689294;8,-7,12;13,-7,1;20,6,-17;21,-6,10;32,1,3;33,-16,-7;40,11,-16;51,-21,4;55,-11,-14;60,14,4;61,-18,-6;69,-10,-6;75,-1,-1;79,1,-5;80,-23,-13;89,17,5;103,-8,3;118,-31,-18;119,17,8;125,-6,-11;142,-28,-22;145,19,12;147,-3,1;154,-30,-24;157,15,20;159,-79,-54;170,56,35;177,12,14;186,-22,-23;193,9,14;195,-10,-6;203,0,-4;209,-13,-5;210,-10,-9;219,13,-1;226,-28,-16;234,-4,-3;239,14,13;248,-24,-16;249,11,14;256,-19,-19;259,8,13;269,5,-8;286,-47,-22;296,-7,-6;302,1,-2;316,-10,-10;326,-7,-7;336,-9,-4;342,-5,-3;349,2,2;351,12,3;357,-5,-6;358,-26,-6;372,-8,-10;379,-1,3;384,-7,-10;393,-9,4;394,3,-4;399,2,-9;402,-13,-2;410,-6,-3;411,11,10;415,-7,-7;430,-10,-8;433,-10,4;446,2,-5;455,-24,-16;475,-11,-8;477,3,6;479,-6,-7;481,-16,-7;497,-3,-10;503,-3,0;505,2,1;510,22,11;512,-13,-11;513,-15,-1;516,-1,-1;519,-5,0;530,-3,-18;537,-14,3;540,-1,-2;547,-9,-4;550,2,-5;553,-6,0;560,2,-3;564,-5,-5;570,-8,0;583,-12,-5;599,-5,-6;607,-30,21;610,19,-91;611,-16,78;620,20,-61;633,-45,73;640,35,-37
avenida||nove de julho|vila maschieto|13720000|653,-2160186,-4689648;654,-2,-2;661,-6,-4;664,-7,-4;665,6,-2;679,-15,-4;688,7,3;695,-16,-7;700,4,-2;701,-9,-5;710,-3,-5;713,-2,3;716,-3,-3;717,-15,-8;726,-2,-6;730,8,9;733,-6,-10;740,2,1;753,-28,-9;756,8,-1;760,-17,-11;765,2,3;768,-5,-7;780,-6,-2;790,-6,-8;800,-12,-7;805,-8,6;831,-7,-13;841,-15,-7;842,-3,-5;852,-6,4;861,-11,-11;862,10,-6;872,-11,3;876,-4,-4;877,-2,4;882,-5,-7;901,-8,-9
avenida||santos dumont|jardim aeroporto|13720000|5,-2160644,-4689040;25,-19,4;35,-3,-1;45,-15,2;50,-7,-11;55,2,8;75,-24,1;95,0,-2;105,-9,6;115,-16,0;138,-15,-15;139,-10,13;149,-1,3;158,-12,-9;159,-1,12;168,-3,-25;169,-6,24;179,-8,1;188,-10,-26;193,0,27;198,-4,-17;213,-21,18;233,-7,2;247,-10,1;248,-7,-19;252,-25,2;257,-11,17;260,-4,-13;267,-5,13;270,3,-8;279,-8,8;280,-5,-18;289,-7,20;295,-7,3;300,-1,-21;305,-8,20;310,4,-17;315,-14,23;320,-14,-9;325,8,3;345,-11,-4;374,-20,-11;395,-23,7;400,-9,-4;405,2,4;416,-37,-8;420,-23,9;427,39,9;432,-58,-11;437,48,15;444,-116,3;447,113,-7;454,-134,3;457,121,5;464,-138,-41;467,135,37;474,-142,1;479,124,-1;484,-135,0;489,133,-2;499,-13,-2;509,-14,0;514,-149,3;534,-3,1;551,105,11;554,-118,-9;561,114,7;564,-129,-6;571,106,1;574,-114,-2;584,-8,2;594,-7,4;601,113,8;604,-134,-11;697,99,14;709,1,11;719,-30,-8;765,-22,4;775,-8,-4;785,-24,2;791,-17,0;801,-4,3;811,-28,-13;821,-5,12;833,-13,-4;845,-11,-4;855,0,-8
avenida||waldemar poggio|santo antonio|13720000|75,-2158902,-4690291;78,-39,64;85,39,-173;90,21,94;91,-4,2;95,4,0;100,9,-3;101,-14,-18;104,26,-2;111,-121,154;121,109,-159;126,20,-4;161,7,-32;171,9,-14;191,-142,208;221,172,-252;631,-118,158
avenida||waldemar poggio|vale do redentor iv|13720000|457,-2158690,-4690595;467,1,-6;477,5,-4;487,8,-16;497,2,-15;507,-4,2;517,7,-16;527,2,-6;537,5,-8;547,3,-10;557,4,-9;567,0,-11;577,1,-4;587,3,-11;597,9,0;607,1,-24;617,2,-4;627,0,-10;637,8,-13;647,0,-2;657,0,-10;679,7,-27;689,0,-1;699,11,-10;709,-2,-8;719,8,-12;729,4,-11;739,3,-4;749,5,-12;759,2,-8;769,-1,-16;779,2,-15;789,6,0;799,5,8;809,1,-28;819,-8,-4;829,7,-6;849,14,-24;857,3,0
avenida||waldemar poggio|vale do redentor|13720000|281,-2158773,-4690474;291,4,-6;301,7,-10;311,2,-3;321,9,-10;331,2,1;349,5,-14;351,-236,342;361,255,-364;410,27,-14;650,79,-209;760,26,-102;770,5,-6
estrada|santa|theolinda|santa teolinda|13720000|3,-2149896,-4686687;4,14,11;5,11,7
estrada||belmonte|sitio belmonte|13720000|8,-2161958,-4690179;13,-20,34;18,-6,-2
estrada||comercio irmaos breda|santa luzia|13720000|2605,-2158876,-4686035
estrada||fazenda itabora|fazenda itabora|13720000|5,-2154418,-4690627
estrada||fazenda pinheiro|pinheirinho|13720000|6,-2155763,-4688634
estrada||fazenda santa marta|fazenda santa marta|13720000|21,-2159090,-4683888
estrada||fazenda sao joao industrial|sao joao industrial|13720000|16,-2168537,-4690533
estrada||fazenda sao joao|fazenda sao joao|13720000|10,-2152300,-4686190
estrada||fazenda sao paulo|estrada fazenda tubaca|13720000|15,-2153261,-4687312;16,-5,-12;17,-8,33;18,14,-29;19,-15,27;20,60,34;21,127,119;22,12,12;23,17,5;24,21,5;25,10,5;26,21,6;27,57,22;28,57,23
estrada||fazenda tubaca|fazenda tubaca|13720000|1,-2153568,-4687387;2,85,-124;3,7,-16;4,16,-4;5,-130,131;6,135,-108;7,1,82;8,-126,34;9,183,-2;10,55,-1;11,18,1;12,159,167;13,-154,-151;14,-253,-7
estrada||ilha das mangueiras|sitio flamboyant|13720000|2,-2157719,-4688944
estrada||itobi|fazenda agua fria|13720000|9,-2167317,-4690139;10,55,297
estrada||itobi|fazenda dalbon|13720000|10,-2169392,-4691880
estrada||itobi|fazenda taquara branca|13720000|11,-2167128,-4689375
estrada||itobi|fazenda zelinda|13720000|12,-2167418,-4691090;15,240,-223
estrada||itobi|sao joao industrial|13720000|18,-2168628,-4690258
estrada||itobi|sitio nossa senhora aparecida|13720000|8,-2169050,-4692314
estrada||itobi|sitio santa rita|13720000|8,-2167095,-4691749
estrada||municipal cachoeira dos nasser srp 358|domingos de sylos|13720000|8,-2162165,-4689141;120,82,-140;130,-12,9;140,-2,8;150,-7,6;160,-2,3;170,-7,13;180,-5,2;190,-5,10;200,0,14
estrada||municipal srp 020|sinovo|13720000|30,-2159610,-4687035
estrada||municipal srp 030|estrada macaubas|13720000|420,-2161928,-4685750
estrada||municipal srp 030|rodovia sp 350|13720000|267,-2161082,-4686108
estrada||para fazenda tubaca|pinheirinho|13720000|4,-2154632,-4689462
estrada||paula lima|paula lima|13720000|7,-2163049,-4690249;8,20,1;9,-3,0;10,11,3;11,10,-1;12,6,10;13,32,13;14,-9,-3;16,40,17;35,-208,-95;57,167,82;101,-151,-72;243,442,239;245,-11,-15;520,129,279;530,-3,-11;710,-80,-130;720,2,-8;730,2,-3;740,-6,-12;845,-110,-157
estrada||pontilhao|sitio ruedas|13720000|3,-2157536,-4688328
estrada||sem denominacao 1|bonsucesso|13720000|24,-2159192,-4686686
estrada||sem denominacao 1|sitio manetta|13720000|42,-2159603,-4692325;43,-11,-4;44,-21,-28;90,106,765
estrada||sem denominacao 1|vila formosa|13720000|2001,-2157324,-4687637
estrada||sem denominacao 2|bairro joao de oliveira machado|13720000|1,-2160096,-4690556;2,-23,-52;4,63,197;5,-5,-79;6,6,16;7,-55,-38;10,68,67;11,-7,14;12,1,8;13,2,27;14,-6,39;21,-64,-220;178,32,64
estrada||sem denominacao 2|vila formosa|13720000|1901,-2157461,-4687626
estrada||sem denominacao 4|bonsucesso|13720000|60,-2159075,-4686736;61,-165,-26;1746,165,-36
estrada||sem denominacao 5|bonsucesso|13720000|1832,-2159087,-4686739
estrada||sem denominacao 6|bonsucesso|13720000|1845,-2158971,-4686729
estrada||sem denominacao|fartura|13720000|117,-2161527,-4689829
estrada||sitio santo isidoro|fazenda sao geraldo|13720000|15,-2151920,-4692826
estrada||venerando|venerando|13720000|7,-2152537,-4690981
estrada||vicinal do sitio novo|chico xavier|13720000|30,-2161427,-4692455
estrada||vicinal do sitio novo|condominio joao minussi|13720000|14,-2161043,-4691917
estrada||vicinal do sitio novo|distrito industrial|13720000|200,-2160475,-4691699
estrada||vicinal do sitio novo|portal buenos aires|13720000|1,-2160793,-4691808;2,-3,15;3,-6,0;4,-2,-1;5,-16,8;255,-1,-34
estrada||vicinal do sitio novo|santa rita|13720000|18,-2161427,-4692412;19,-24,46;28,25,-40;29,-19,40;38,26,-35;39,-23,50;48,26,-41;49,-36,47;50,16,4;58,26,-43;59,-17,44;60,-3,5;68,29,-44;69,-19,48;70,-4,11;79,20,5;80,-22,5;88,34,-58;89,-8,61;90,-15,2;98,33,-38;99,-14,47;100,-10,-12;108,32,-27;109,-14,46;110,-14,-4;119,23,10;128,20,-33;129,-23,36;138,32,-33;148,-2,6;158,5,9
estrada||vicinal do venerando srp 152|condominio mantovani|13720000|9,-2160532,-4685905
estrada||vicinal do venerando srp 152|estancia sao luis|13720000|13,-2150683,-4689209
estrada||vicinal do venerando srp 152|estrada fazenda tubaca|13720000|10,-2152829,-4687457;14,787,-2861
estrada||vicinal do venerando srp 152|fazenda dos lagos|13720000|15,-2149280,-4690447
estrada||vicinal do venerando srp 152|fazenda rio claro|13720000|12,-2151654,-4688778
estrada||vicinal do venerando srp 152|fazenda santa dulce|13720000|5,-2154322,-4690200
estrada||vicinal do venerando srp 152|fazenda santa luzia|13720000|13,-2150681,-4688360
estrada||vicinal do venerando srp 152|granja sao marcos|13720000|12,-2150970,-4690932
estrada||vicinal do venerando srp 152|jardim sao bento|13720000|80,-2158232,-4691187;88,-3,-1
estrada||vicinal do venerando srp 152|pinheirinho|13720000|4,-2154470,-4689136;10,82,63
estrada||vicinal do venerando srp 152|sitio dois irmaos|13720000|13,-2149434,-4691166
estrada||vicinal do venerando srp 152|sitio fazendinha|13720000|12,-2150392,-4692000
estrada||vicinal do venerando srp 152|sitio santa luzia|13720000|4,-2155869,-4689992
estrada||vicinal do venerando srp 152|sitio sao francisco|13720000|4,-2157314,-4689790
estrada||vicinal do venerando srp 152|sitio sao joao|13720000|18,-2149162,-4691326
estrada||vicinal do venerando srp 152|sitio vista alegre|13720000|16,-2149397,-4689227
estrada||vicinal do venerando srp 152|venerando|13720000|1,-2152218,-4690338;5,-2172,472;7,2503,-1178;8,-126,64;9,43,-192;10,308,-507;11,1206,571;12,-3797,1244;13,3700,-1532;14,-940,-396
praca|barao|do rio branco|centro|13720000|15,-2159854,-4689038;21,3,1;22,-27,-31;27,28,35;29,-6,12;43,-12,21;44,-17,-79;48,-5,-1;54,-13,5;55,33,85;61,-1,-1;71,1,17;110,-71,-102;112,-4,3;141,24,85;142,-28,-74;156,-7,16;182,-2,9
praca|capitao|mario rodrigues|centro|13720000|17,-2159318,-4688951;27,-3,-16;96,21,73;116,22,10;124,2,-10;134,0,-2;140,2,-14;178,-1,-28;196,4,-22
praca|capitao|vicente dias|centro|13720000|10,-2159642,-4688854;26,23,6;55,-5,-74;61,8,-12;64,26,97;70,3,2;75,-17,-97;115,23,-8;135,17,5;159,6,2;161,18,15;191,9,14
praca|doutor|joao batista ribeiro de lima|vale do redentor|13720000|173,-2158476,-4690680
praca|doutor|joaquim aurelio cardoso filho|joao de souza|13720000|5,-2159123,-4689284;7,-72,-4;21,7,-9;29,12,-1;39,4,-5;47,10,-10;59,7,-5;107,35,-29;225,9,67;229,-13,2;237,-9,1;245,-11,3;255,37,-8;265,-52,6;275,-12,2;283,-8,5;339,-28,-9
praca|monsenhor|adauto vitali|santo antonio|13720000|777,-2159466,-4690276
praca|monsenhor|guilherme arnold|vila pereira|13720000|40,-2159351,-4688168;50,-2,7;51,-18,37;60,11,-40;70,-9,4;80,-3,4;318,25,-10;366,18,25
praca|nossa senhora|de lourdes|jardim luciana|13720000|780,-2159985,-4688556
praca|nossa senhora|de lourdes|vila pereira|13720000|156,-2159916,-4688535
praca|presidente|kennedy|vila maschieto|13720000|3,-2160185,-4689887;117,29,-41;127,-8,-9;137,-4,-6;145,-14,-4;175,-16,8;185,-4,10;195,-10,16;217,-6,6;223,5,8;261,-1,24;275,12,9;283,9,8;289,3,-4;303,9,5
praca|presidente|medici|santo antonio|13720000|2,-2159301,-4689892;35,-21,-16;36,27,6;45,-26,-10;46,40,-22;76,7,-19;84,-7,-4;90,-1,-10;100,5,-6
praca||antonio joaquim teixeira|santo antonio|13720000|394,-2159333,-4690169;404,-10,0;414,-12,4;424,-2,-5;434,-10,-1;444,-6,1;454,-17,-14;464,-4,-4;634,33,27;644,25,17
praca||clovis pacheco silveira|jardim santa marina|13720000|35,-2159728,-4690049
praca||clovis pacheco silveira|santo antonio|13720000|36,-2159703,-4690025;58,-7,-12;80,-4,-21
praca||das bandeiras|centro|13720000|2,-2160026,-4689168;4,-2,1;6,-4,0;8,-6,1;13,4,7;19,-8,-1;27,-9,3;42,-1,-19;43,-6,7;50,-6,-10;58,-4,6
praca||dos tres poderes|centro|13720000|2,-2160004,-4689168;25,106,15;39,-5,12;49,-3,11;103,-34,14;107,-1,2;119,-12,3;127,-9,-3;137,-8,-6;159,-13,6;165,-13,-4;177,-1,-9;191,-10,-7
praca||joao batista ribeiro de lima|vale do redentor ii|13720000|95,-2158340,-4690591
praca||mariana f carvalho|vila pereira|13720000|33,-2159802,-4687927;65,-5,19
praca||ney de oliveira machado|natal merli|13720000|178,-2157992,-4690614
praca||oliveiros pinheiro|centro|13720000|5,-2160073,-4689247;19,-19,35;45,7,-1;49,2,10;117,-24,2;133,-14,-11;143,-10,-3;161,-11,-3;195,-25,-17;225,10,-29
praca||prudente de moraes|centro|13720000|15,-2159400,-4688641;34,-27,14;35,22,13;44,-23,-2;65,23,19;85,-17,37;89,5,4;105,-1,15
praca||quinze de novembro|centro|13720000|17,-2159515,-4688910;37,8,9;57,51,13;63,3,-4;67,16,14
praca||sao cristovao|vila brasil|13720000|2,-2160945,-4689578;23,1,48;33,3,3;41,13,7;51,11,3;60,45,-93;61,-35,91;70,29,-94;105,14,89;115,12,-8;120,-70,-73;125,76,67;130,-91,-56;137,96,45;255,-69,-60
praca||tiradentes|centro|13720000|23,-2159536,-4689206;39,-7,-2;53,-10,-10;63,-16,-3;101,-28,-13;109,-12,-6;115,6,-6;127,-17,-19;147,-2,2;157,-8,-3;165,-12,-5;211,-5,-18;221,-12,-5;233,16,-16;237,-1,-20;251,21,-6;477,116,138;485,-1,6;489,-9,8;497,-1,4
praca||valencio bulcao|joao de souza|13720000|3,-2159268,-4689099;7,-5,5;9,13,19;11,37,-13;21,-17,-23;53,6,-12;65,-5,-20;73,-2,-5;79,7,-7
praca||xv de novembro|centro|13720000|2,-2159544,-4688822;24,13,6;42,35,11;48,-15,3;52,3,-8;60,9,-2;72,7,3;118,27,21;128,1,-10;134,-1,-10;152,6,-17;188,10,-27;192,7,-8
prolongamento||da rua amelia jose della torre|domingos de sylos|13720000|1,-2162660,-4689321;2,0,0;3,167,-101;4,-9,1;5,-14,10;6,-10,5;7,-6,-3;8,-10,16;9,-22,-3;10,-11,5
prolongamento||da rua angelo molfi|jardim dos ipes|13720000|330,-2161390,-4691021;335,-55,86;340,53,-80;360,-19,19;370,-5,6;380,-4,6;390,-16,20;430,-53,32;440,-10,0;450,-6,5;605,62,-15
prolongamento||estrada do dezoito|sitio santa lurdes|13720000|10,-2155501,-4685344;221,163,258;231,3,46;233,-203,183
rodovia|deputado|eduardo vicente nasser sp 350|fazenda nova graminha|13720000|275,-2152935,-4682017
rodovia|deputado|eduardo vicente nasser sp 350|fazenda santa helena|13720000|273,-2156869,-4683825
rodovia|deputado|eduardo vicente nasser sp 350|modelo do rio pardo|13720000|271,-2158263,-4683858;272,884,226
rodovia|deputado|eduardo vicente nasser sp 350|modelo do rio pardo|13720970|272,-2157363,-4683638
rodovia|deputado|eduardo vicente nasser sp 350|santa luzia|13720000|3811,-2159109,-4685156
rodovia|prefeito|lupercio torres|bonsucesso|13720000|254,-2158978,-4686403;1000,-188,-893;1001,33,-1;1010,-49,33;1011,56,-16;1019,9,56;1033,30,105;1043,-15,-23;1051,-6,-50;1053,48,191;1059,1,10;1426,14,172;1446,-1,-4;1485,-5,-131;1501,3,26;1511,8,24;1517,0,28;1765,16,51;1775,-4,-8;1785,9,33;1795,-1,0;1800,-17,13;1805,24,7;1815,0,-1;1820,-18,18;1825,31,1;1834,-26,9;1840,-1,27;1845,51,41;1850,-48,-30;1855,24,45;1860,-24,-42;1865,48,118;1900,-32,-75;1908,24,128;1910,-2,29;1920,10,15;1930,1,15;1955,29,-75;1970,-21,132;2125,20,20;2135,0,-49;2137,-6,1;2139,13,10
rodovia|prefeito|lupercio torres|santa luzia|13720000|4,-2159255,-4684616;11,133,-543;1280,85,-171;1281,-6,12;1745,143,-1534;1751,-42,1124;2020,18,-518;2030,9,18;2040,-31,-102;2050,13,27;2060,0,0;2141,-15,-92;2340,15,253;2350,36,42;2585,12,-21;2587,0,23;2591,-3,28;2620,9,122;2640,-30,25;2650,-35,-54;2701,16,159;2710,-27,66;2711,23,-50;2720,-28,76;2721,27,-59;2731,-2,9;2761,-9,39;2802,-26,68;3000,-19,21;3050,-68,3;3100,81,21;3190,-7,46;3200,-10,28;3300,1,5;3400,-5,12;3500,-44,27;3505,44,68;3577,-56,139;3600,25,-104;3610,-26,47;3650,-34,44;3711,12,54;3790,-5,-23;3811,-52,142;3901,-27,77;4001,-14,34;4291,-113,160
rodovia||sao jose do rio pardo a mococa|estrada vicinal sao jose do rio pardo a mococa|13720000|4,-2160355,-4693217;5,573,569;10,10,38;19,469,146;25,34,-199
rodovia||sp 207|domingos de sylos|13720000|300,-2163098,-4689479;330,-57,-28
rodovia||sp 207|fazenda belo horizonte|13720000|9,-2165299,-4687920
rodovia||sp 207|sitio santana|13720000|6,-2166787,-4685746
rua|capitao|joao theodoro nogueira|santo antonio|13720000|15,-2159702,-4690009;20,288,463;25,-5,10;36,-3,-20;37,-3,1;45,-7,-9;46,5,-3;61,-6,-8;63,-8,-8;107,-21,-33;109,-2,-10;110,4,-5;114,3,10;126,-6,-17;131,-7,-3;140,1,-11;141,-3,3;150,-5,-8;192,-25,-37;194,0,0;205,-8,-9;214,4,-9;224,-8,-10;230,1,-10;235,-10,11;245,-6,-18;260,10,-5;265,-17,-12;270,12,4;280,-10,-7;297,-9,-8;305,-10,-12;325,-9,-27;337,-6,-7;418,-26,-66;423,-10,9;424,0,-19;433,16,38;434,-12,-45;450,-6,-7;470,-8,-11;481,-21,-5;483,5,-8;493,-6,-4;513,-8,-19;525,0,-19;544,-10,-9;554,-4,-1;563,-10,-2;564,-3,-12;590,-20,-9;600,-6,2;610,1,-8
rua|capitao|josias silva|joao de oliveira machado|13720000|13,-2160347,-4690241;23,-3,-5;33,-12,-2;43,1,-2;53,-14,-3
rua|capitao|luiz de melo|jardim luciana|13720000|450,-2160018,-4688246;506,-31,0;516,-4,-2;526,-28,4;536,-10,7;556,-32,-2;566,-18,-1;576,-9,7;582,-10,-1
rua|capitao|luiz de melo|jardim santa tereza|13720000|730,-2160270,-4688251;736,-14,-1;748,-7,-2;760,-19,-23;772,1,4;784,-23,15;796,-12,-7;808,-8,5
rua|capitao|luiz de melo|portal da boa vista|13720000|875,-2160415,-4688237
rua|capitao|luiz de melo|santa tereza|13720000|864,-2160404,-4688251;874,-17,6
rua|capitao|luiz de melo|vila pereira|13720000|11,-2159620,-4688287;15,-318,41;50,289,-51;56,-5,6;68,-20,6;73,-1,4;74,-5,-3;81,1,6;84,-5,1;91,-6,-6;101,-16,-5;108,0,6;170,-46,-4;180,-14,7;193,-12,18;194,0,-13;199,-7,8;200,3,-13;209,7,10;210,-14,-5;220,-13,-4;250,-33,11;260,-5,-2;263,-11,10;275,-8,1;276,4,-10;285,-16,15;286,12,-12;295,-6,17;302,-13,-13;309,-9,13;312,1,-12;322,-9,1;323,-4,10;332,-7,-10;333,5,18;362,-26,-16;388,-33,9;402,-11,0;403,1,12;413,-15,8;423,-5,-5;430,-7,-14;433,11,17;440,-17,-77;443,5,77;455,8,-2;505,-54,-2;541,-47,-2;551,-5,0;555,-17,-1;563,-16,2;575,-12,2;585,-11,-1;601,-22,0;697,-73,-9;717,-13,0;735,-30,-4;747,-3,-2;771,-26,-1;783,-14,-1;787,2,1;833,-39,-2;843,742,-44
rua|capitao|saturnino barbosa|vila pereira|13720000|30,-2159352,-4688229;35,-16,6;53,-20,5;67,-18,0;70,11,-11;85,-17,8;108,-14,-2;115,-17,6;118,-5,-2;126,-1,-1;127,-2,5;134,-10,-7;142,-9,1;145,-6,13;150,-7,-13;160,0,3;165,1,8;169,-7,6;170,-5,-10;171,-6,8;180,-4,-6;185,-7,10;190,-2,-7;200,-11,-1;226,-24,0;236,-4,-1;246,-12,3;255,-44,20;258,33,-19;274,-8,5;290,-11,0;331,-39,18;350,-3,-15;365,-26,16;370,-5,-8;377,-14,9;386,1,-8;393,-3,6;396,-1,-8;403,-12,8;413,-6,5;461,-42,-6;464,0,7;467,-10,2;476,6,0;477,-16,2;497,-23,-3;500,4,2;532,-37,6;544,-14,-1;551,1,10;556,-7,-4;580,-6,0;590,-16,-1;600,-4,-1;610,-22,-24;620,-6,32;660,-28,8;674,-9,2;700,-30,2;710,-6,2;737,25,-9;740,-52,8;760,-29,-12;777,9,24
rua|comendador|jose garcia|jardim bela vista|13720000|75,-2158987,-4688149;105,36,32;125,20,12;145,19,10;155,12,3;165,11,8;181,16,4;193,8,2;205,9,7;217,6,1;245,26,11
rua|comendador|jose garcia|jardim sao jose|13720000|114,-2158937,-4688097;134,21,8;144,4,-1;154,11,6;174,15,8;184,13,5;196,9,6;204,18,7;214,1,2;224,9,4
rua|coronel|alipio dias|centro|13720000|21,-2160047,-4689859;35,-5,4;43,-6,6;53,-1,8;61,-1,13;69,-10,9;81,-6,7;131,-20,40;143,-5,6;155,-9,11;163,-5,6;197,-22,36;213,-6,2;225,-7,15;235,-4,6;249,-10,10;261,1,1;277,-6,16;283,-5,6;336,-16,33;343,-5,13;351,-2,6;355,-7,11;367,0,10;377,-3,9;389,0,5;399,-6,8;409,-8,11;421,2,7;431,-11,6;441,-6,11;465,-23,19;472,16,0;477,-6,16;480,6,-2;490,-9,13;491,3,1;504,-10,2;514,-1,11;555,-15,50;589,-6,14;620,-21,25;705,-27,86;746,-18,32;753,1,22;756,-2,-16;766,-9,7;774,-3,7;786,1,18;789,-1,13;800,-3,-11;840,-13,26;863,5,27;868,-7,1;875,-6,8;878,0,15;885,-5,-4;888,-7,7
rua|coronel|alipio dias|vila maschieto|13720000|3,-2160161,-4689695;4,122,-200;6,3,7;22,-12,17;38,-13,7;58,-8,0;68,-3,27;74,-5,3;86,-6,13;96,-2,5;126,-17,28;140,-7,10;146,-6,9;156,-6,6;164,-4,7;172,-3,6;178,-2,8;194,-13,8;214,-7,24;226,-3,2;240,-14,22;262,0,11;274,-4,2;326,-15,36;338,-10,15;346,-5,7;350,-1,7;370,-6,10;388,-5,16;398,-3,18;414,-1,10;442,-15,24
rua|coronel|antonio c machado|vila brasil|13720000|6,-2160678,-4689343;25,-3,19;26,0,-1;40,-3,6;52,-6,27;88,-11,18;91,-7,18;98,-7,-4;103,6,8;110,-7,-1;119,1,18;120,-9,-8;140,2,1;150,-11,21;153,9,8
rua|coronel|honorio dias|centro|13720000|8,-2159714,-4689517;10,2,8;16,-6,0;34,-10,9;46,-7,14;58,-5,9;81,-7,19;84,-21,14;97,13,2;105,-9,9;106,-6,-9;117,2,18;120,-1,-5;125,-1,14;134,-6,-10;139,-4,17;146,-3,1;564,-230,466;586,25,-29;594,-3,2;614,-3,6;620,-7,10;622,-7,10;659,-18,35;682,6,-3
rua|coronel|marcal|centro|13720000|2,-2159666,-4689263;13,3,2;22,-21,19;25,17,2;34,-14,-10;39,-1,9;40,0,4;47,14,-7;52,-24,14;57,4,8;60,-6,-5;70,-1,9;118,-20,34;123,-3,25;126,-2,-4;129,-1,2;130,-9,7;139,9,-7;140,-21,13;171,4,45;181,-5,2;184,-1,-38;191,-5,51;194,8,-50;204,0,22;205,-18,37;208,11,-25;213,-11,32;219,1,16;222,9,-33;229,-17,43;232,14,-29;239,-12,43;246,-6,-44;260,-4,21;261,-19,60;265,2,3;270,9,-22;272,-1,13;279,-9,26;284,-7,-10;289,1,7;299,-3,4;300,4,2;310,-5,10;320,-6,9;360,-18,34;363,9,1;376,-19,14;386,-2,6;397,12,-8;405,-1,8;408,-18,18;411,12,-10;422,-24,20;429,15,-9;440,-16,30;445,8,-15;455,-1,12;456,-9,8;486,-15,32;492,-1,9;500,0,8;524,-18,31;540,-6,10;555,16,-5;566,-20,22;567,13,-13;587,-5,13;602,-20,31;614,-7,10;622,1,14;633,2,9;643,-6,9;647,4,4;648,-17,-16;660,0,30;670,1,7;700,131,-306
rua|coronel|marcal|vila pereira|13720000|713,-2159958,-4688592
rua|dom|bonifacio cioconofri|colina verde|13720000|10,-2157875,-4690976;20,-1,-6;30,13,-3;35,13,-10;40,-6,4;55,16,-13;60,5,11;65,14,-7;85,31,-6;95,3,0;115,18,-5;120,4,8;125,7,-11;130,0,2;135,7,-1
rua|dom|bosco|vila pereira|13720000|64,-2159953,-4688236;74,11,17
rua|dom|joao nery|vila pereira|13720000|93,-2159853,-4688529;103,0,6;108,-9,12;113,12,-1;116,-10,11;188,10,80;191,14,-14;200,-5,12;211,6,1;212,-8,10;222,-4,15;225,12,-10;234,-5,28;304,4,51;305,13,-1;315,2,10;321,1,12;333,5,-3;340,-13,14;343,-1,-8;344,9,20;373,9,33;385,3,19;394,-16,-17;404,3,17;414,0,18;423,11,-5;431,2,5;437,2,13;440,-13,-1;487,17,48;491,1,10;500,0,28;507,-1,-24;525,8,26;537,-1,4;540,-15,-12;567,17,32;597,1,43;607,-1,15;625,3,16;643,3,17;650,-9,-13;653,18,18;654,-12,-7;708,3,52;746,-86,-597;758,12,16;833,89,605;845,2,11;852,-82,-531;855,83,544;909,7,57;934,-10,12;960,10,27
rua|dom|pedro ii|santo antonio|13720000|6,-2159432,-4689586;9,-7,-17;11,15,-6;12,12,18;15,-13,-24;19,5,2;27,2,-8;28,-7,3;37,18,-7;44,-8,-9;49,10,1;51,-3,4;57,8,-6;58,-11,2;63,13,-10;75,7,-11;100,11,2;113,17,-34;116,2,31;124,1,-17;129,-5,-6;140,10,1;149,-7,-28;152,19,15;154,4,-3;159,-17,-27;166,20,21;169,-14,-45;176,18,40;184,-18,-16;189,2,-41;194,-4,29;199,6,-35;206,-3,24;222,11,-21;225,-3,-14;237,5,-21;252,5,6;255,2,-23;271,7,-18;292,-4,-12
rua|dona|adelina|vila formosa|13720000|6,-2159105,-4688615;18,-2,16;35,2,21;40,0,-3;45,1,12;46,-2,-1;73,3,10
rua|dona|arinda de andrade oliveira|parque beira rio|13720000|5,-2159694,-4690356;15,-4,5;20,6,-1;30,-6,-15;40,-12,-7;50,-15,-10;65,-7,-7;70,9,-6;90,-14,-12;100,-3,-3;109,-14,-6;120,-5,-14;130,-6,-10;140,-3,-12;150,-10,-9;165,-2,6;177,-23,-28
rua|dona|emilia bittencourt|vila formosa|13720000|100,-2158861,-4688506;120,21,8;123,20,-4;126,-4,12;133,12,-8;143,8,5;153,9,6
rua|dona|inah rolim cesar|parque sao domingos|13720000|34,-2158782,-4687867;85,60,4;95,11,5;135,38,13;144,19,13;145,-3,-12;154,14,12;172,22,8;181,71,22;182,-62,-12
rua|dona|olinda ralston|jardim bela vista|13720000|451,-2158776,-4688430;500,-34,33;515,-18,62;525,-2,6;545,-9,31
rua|dona|olinda ralston|vila formosa|13720000|2,-2158598,-4688933;7,11,10;8,-11,-3;10,-20,48;11,30,-40;20,-33,42;21,24,-30;30,-33,42;39,9,15;40,-9,-8;50,-2,12;59,7,15;69,-3,8;110,-23,35;117,2,0;120,-5,8;127,8,7;130,-10,2;137,3,6;144,-11,6;147,12,-2;154,-16,17;157,7,-2;221,-26,60;227,2,3;228,-10,-3;257,2,26;273,26,-82;298,-45,109;300,-9,15;314,-6,19;322,0,1;332,1,-3;400,-38,80;410,0,6;411,29,-15;418,-23,29
rua|dona|presciliana pereira da silva|vila pereira|13720000|25,-2159442,-4688466;55,-4,0;59,2,56;125,0,20;136,10,114;141,-7,-104;146,12,101;149,5,10;153,-17,-101;161,0,11;173,3,13;217,7,32;229,4,15;239,-2,17;259,7,39;323,4,38;326,-4,1;333,7,8;340,-8,13;349,10,-3;359,1,13;360,-8,10
rua|doutor|abdiel c braga|centro|13720000|22,-2160367,-4689516;25,-5,-2;35,14,-6;45,0,-15
rua|doutor|adelino de paula lima filho|natal merli ii|13720000|27,-2157730,-4690514;188,-29,-63
rua|doutor|alceu amoroso de lima|jardim nova belmonte|13720000|14,-2160746,-4689864;22,2,-21;34,3,-5;55,16,-35;74,0,-8;81,-4,-9
rua|doutor|angelo elizeu franchi|colinas sao jose|13720000|17,-2161059,-4690368;27,0,10;28,7,-3;37,-2,-21;38,15,3;47,1,-10;48,2,11;57,1,-16;58,9,7;67,4,-17;68,4,6;77,2,-14;78,2,15;87,3,-20;88,8,15;98,8,-6;105,-2,-25;108,7,13;115,4,-14;118,6,12;125,0,-13;135,16,-17;145,13,-14;150,-10,20;155,8,-5;160,0,12;170,3,-9;198,20,-41;205,9,5;208,-142,139;215,153,-155;218,13,13;225,-5,-10;237,7,-11;238,13,6;243,-3,-15;253,13,-1;268,12,0;278,15,-15;283,-9,-7;288,17,5;293,-11,-9;298,12,2;303,-3,-7;308,21,0;313,-2,-14;318,8,8;328,2,-6;333,-7,-8;358,27,-7;365,1,-18;368,1,9;373,7,-13;378,-1,11;383,10,-17;388,-5,14;398,14,-9;401,5,-17;408,6,6;411,1,-13;421,2,-7;431,10,-8
rua|doutor|assis chateubriand|jardim aeroporto|13720000|38,-2161058,-4689152;48,16,-6;58,8,4;65,31,-4;67,0,-4;68,-25,5;75,27,-12;78,-11,12;85,27,-10;88,-26,10;95,20,-8;105,38,-4;108,-39,12;115,24,-7;118,-14,4;125,26,-11;128,-17,9
rua|doutor|benedito ribeiro nogueira|jardim nova belmonte|13720000|5,-2160818,-4689977;15,-25,35;25,1,0;35,-8,12;45,-1,8
rua|doutor|benedito ribeiro nogueira|vila brasil|13720000|105,-2160867,-4689861;115,-3,16;129,-7,34;135,-17,39
rua|doutor|bonifacio cioconofri|colina verde|13720000|155,-2157714,-4691025
rua|doutor|costa machado|centro|13720000|24,-2160002,-4689202;29,202,-406;30,-109,212;34,-92,208;36,-3,10;39,193,-414;41,-5,6;44,-142,303;54,137,-311;60,-9,10;64,1,3;68,-4,10;69,4,3;74,2,0;111,-29,55;122,-9,-5;132,-6,26;136,-6,-3;141,14,-7;144,-19,7;152,0,6;155,8,1;161,2,-6;163,-21,30;165,21,-37;166,-18,23;169,1,2;170,-3,8;171,4,-12;173,8,1;178,-17,21;183,10,-32;197,-5,14;199,-2,12;203,-13,25;219,-3,14;225,-1,6;233,5,18;238,-8,4;241,-3,-6;255,-4,10;263,0,8;265,-8,23;278,-9,-6;287,-1,18;288,1,-7;293,-10,15;300,3,-4;309,1,11;312,-6,6;319,4,-7;320,-7,11;333,9,7;369,-26,36;379,8,3;382,-4,3;387,1,3;388,-25,-5;393,19,21;399,-3,4;408,-1,2;520,-52,114;535,0,19;538,-4,-4;545,-2,12;555,-7,5;565,6,5;568,-10,15;573,4,-5;592,-7,20;593,2,-4;641,-16,46;646,-13,6;656,-2,11;657,6,-5;661,0,0;669,-7,8;677,4,8;691,-10,5
rua|doutor|fernando costa|vila pereira|13720000|2,-2159545,-4688253;5,13,0;10,-10,3;11,1,6;15,8,1;69,8,49;90,-7,-8;96,2,30;105,8,19;106,-9,-1;126,-6,11;135,17,18;144,-6,-4;203,14,62;213,1,13;223,3,10;250,2,20;260,-13,-5;295,15,41;300,-8,5;305,12,11;310,-9,-1;315,8,2;320,-11,4;329,13,11;330,-9,-2;339,9,12;340,-7,-2;349,9,14;359,2,14;400,1,40
rua|doutor|heitor da gama correia|santo antonio|13720000|474,-2159480,-4690250;484,-8,0;494,-10,-8;497,96,69;504,-106,-67;507,100,59;514,-107,-65;517,87,60;524,-98,-64;527,100,60;534,-106,-62;537,96,56;544,-105,-58;547,94,52;554,-101,-60;557,62,37;564,-74,-39;567,98,56;574,-104,-62;577,100,58;584,-103,-59;587,87,51;594,-101,-54;597,91,46;604,-95,-46;607,88,42;614,-97,-48;617,92,49;624,-104,-51;627,94,49;634,-100,-51;637,90,44;644,-103,-52;647,93,48;654,-96,-50;664,-6,-4;674,-12,-2;684,-8,-6
rua|doutor|joao de oliveira machado|jardim aeroporto|13720000|23,-2160876,-4689183;33,-4,1;43,-6,-2;53,-6,-6;65,-12,-4;83,-9,-2
rua|doutor|joao de oliveira machado|vila brasil|13720000|10,-2160844,-4689177;20,-7,-6;30,-11,-1;40,-9,-4;48,-4,-2;99,-49,-12;101,-9,-8;110,0,-10;120,-3,0;125,-17,0;130,3,-6;133,-6,7;140,-3,-11;148,-4,-2;158,-18,-8;159,5,16;165,-5,-16;170,-1,-1
rua|doutor|joao gabriel ribeiro|centro|13720000|8,-2159528,-4689172;16,-53,150;26,-181,448;28,235,-575;34,4,4;45,-2,-19;50,-10,26;51,7,-20;53,6,6;55,-3,1;63,0,4;67,-5,1;73,2,6;99,-7,22;106,-34,28;119,19,-9;128,-13,32;130,2,9;140,-11,-5;143,18,-20;144,-16,26;159,18,-12;174,-25,47;175,16,-37;216,-28,69;225,20,-38;228,-23,41;243,16,-5;250,-20,11;255,16,-28;382,-73,171;398,-9,12;412,-3,8;413,11,-18;426,-21,33;459,7,-2;467,0,18;474,-10,-6;480,-5,15;484,-5,7;494,4,14;504,-14,14;515,8,-1;524,-13,18;525,11,-19;541,1,12;545,-9,24;604,-27,47;622,-8,21
rua|doutor|joao gabriel ribeiro|vila pereira|13720000|583,-2159710,-4688684;591,-7,12;603,-3,1;625,-7,25;639,-13,6;649,2,10
rua|doutor|jose ramos barreto|joao de oliveira machado|13720000|42,-2160262,-4690342;52,-8,-4;61,-22,-3;62,9,-3;72,-8,0;73,-7,0;82,-2,-4;83,-4,-2;92,1,0;93,1,4;103,-12,0;113,-13,-4;123,-12,-5;132,-23,-15;133,12,14;142,-30,-13;143,21,15;152,-23,-20;162,-8,-2;163,15,16;172,-36,-16;173,29,12;182,-29,-15;183,16,15;192,-25,-13;193,19,10;202,-24,-18;203,14,12;213,-10,1;223,3,-5;233,-24,7
rua|doutor|jose rodolpho nunes|santo antonio|13720000|90,-2159414,-4690050;100,-5,-1;180,-40,-45;190,-5,-5;200,-11,-12;210,-8,-3;220,-3,-6;221,-14,-6;230,0,0;240,-2,-3;241,-5,11;250,-6,-17;261,-7,8;271,-11,-9;281,-8,-2;370,-71,-47;377,-1,-8;380,2,-1;387,-7,8;390,-3,-12;397,-15,3;400,-4,-6;407,-9,-1;410,-6,-13;417,-1,4;420,7,-11;427,-12,7;429,5,-17
rua|doutor|jovino de sylos|santo antonio|13720000|10,-2159358,-4689776;26,-2,-7;30,-10,4;40,0,-11;70,-22,-16;75,-22,-8;80,16,1;84,12,24;90,-32,-41;99,0,14;100,4,-12;104,-17,-6;109,7,9;110,4,-5;111,-26,-23;128,17,12;159,-29,-12;160,11,-15;175,-25,-5;176,16,-3;180,-8,-7;185,-5,7;190,2,-12;195,-2,12;200,-3,-16;205,-6,4;212,-7,-17;213,-7,7;225,-4,-6;235,-8,-10;255,-8,-9;256,3,-13;267,-17,0;276,3,-15;281,-5,14;291,-3,-8;303,-14,-11;313,-4,-12;318,7,0;325,-8,-4;328,3,-4;335,-22,-9;340,13,5;359,-21,-12;360,13,-8;369,-22,5;370,13,-9;379,-14,-3;390,5,-13;395,-14,1;401,-8,-5;410,11,-6;411,-17,1;421,4,-8;433,-15,-7;440,4,-10
rua|doutor|leao ribeiro de oliveira|parque beira rio|13720000|5,-2159883,-4690496;15,3,11;20,128,-12;25,-111,9;30,119,1;34,-155,13;35,34,-16;54,39,8;64,-13,-7;74,-14,7;84,-11,1;87,66,-23;140,80,19;141,8,-14;150,16,9;170,76,38
rua|doutor|neje farah|centro|13720000|260,-2160651,-4689194;270,-6,-1
rua|doutor|neje farah|jardim aeroporto|13720000|83,-2160698,-4689188
rua|doutor|neje farah|vila brasil|13720000|93,-2160791,-4689227;113,49,19;123,-18,-9;136,13,-1;143,-38,-13;166,-3,-6;183,-21,1;204,-4,-13;214,-5,1;221,-16,-1;222,3,-10;320,-77,-31;330,-9,-6;340,-3,-7;350,-11,-3;360,-9,-6;425,-75,-37
rua|doutor|paulo ferreira da silva|santa tereza|13720000|45,-2160355,-4688427;50,-1,-5;55,3,4;65,-12,8;67,-9,-4;70,-1,-1;82,-13,-2;89,6,5;99,-12,5;122,-18,-5
rua|doutor|ricardo dias|domingos de sylos|13720000|10,-2162462,-4689155;35,-7,15;45,-10,1
rua|doutor|roberto bittencourt|jardim bela vista|13720000|154,-2158780,-4688294;164,5,18;174,20,33;204,16,20;217,25,18;222,-9,0
rua|doutor|salgado filho|jardim aeroporto|13720000|21,-2161009,-4689239;24,-427,126;34,-19,-11;37,424,-107;44,-426,105;45,413,-102;54,-419,96;55,413,-96;64,-411,81;67,403,-77;74,-406,68;244,244,-52;251,-84,59;254,73,-53
rua|doutor|salgado filho|vila brasil|13720000|20,-2160996,-4689241;30,-20,6;40,-16,-1;60,-3,-1;80,-49,9;104,-11,1;114,-7,3;124,-5,0;140,-15,3;150,-11,0;194,-31,9;204,-14,-4;210,9,-2;214,-17,7;220,-23,-14
rua|duque|de caxias|vila brasil|13720000|14,-2161084,-4689324;15,17,2;34,-7,45;54,3,0;69,2,0;70,2,-6;79,3,20;80,-2,5;90,-3,-12;93,10,20;100,-9,-1;111,11,13
rua|madre|clara neumaier|jardim bela vista|13720000|79,-2159305,-4688499;89,11,8;95,0,3;115,7,4
rua|maestro|francisco consolo|portal da boa vista|13720000|560,-2160372,-4688243;570,1,8;580,7,18;590,-3,6;600,4,7;612,7,13;622,-3,14;634,5,11;664,7,26
rua|maestro|francisco consolo|santa tereza|13720000|55,-2160441,-4688580;111,9,72;125,3,21;275,54,108
rua|major brigadeiro do ar|luiz da gama monteiro|dionysio guedes barreto|13720000|6,-2158528,-4691447;40,-83,43
rua|major|benevides navarro|vila pereira|13720000|17,-2160035,-4688131;60,21,-85;65,-11,15;70,1,0;75,-9,15
rua|major|bitencourt|vila formosa|13720000|4,-2159231,-4688662;20,1,-5;26,42,19;30,-31,-15;38,6,12;44,4,-12;50,13,5;63,20,9;76,-4,8;120,48,15;130,9,5;135,-1,-1;145,8,-5;146,0,2;155,17,-1;163,1,3;173,14,-1;180,-3,5;183,9,-3;195,7,1;200,3,13;210,20,-2;215,4,-5;220,-1,3;225,8,-2
rua|major|herostrato dias pinheiro|santo antonio|13720000|140,-2158681,-4690352;150,-9,0;160,4,-1
rua|major|herostrato dias pinheiro|vale do redentor i|13720000|16,-2158600,-4690348;20,52,-2;355,22,0;395,52,-5;405,16,-2;415,4,7;425,7,0;435,14,-4;445,10,0;455,3,0;465,12,-5;475,6,3
rua|major|herostrato dias pinheiro|vale do redentor|13720000|505,-2158362,-4690350;515,7,6;525,22,-16;535,9,17
rua|major|joaquim goncalves|vila pereira|13720000|31,-2159609,-4688494;37,109,-8;45,-122,10;55,-11,3;70,108,-20;71,-7,9;84,0,-10;87,-8,-1;95,-14,1;96,4,-3;110,-14,9;120,-69,5;123,-59,26;126,-7,-8;127,7,10;154,96,-31;164,-12,4;174,-9,3;175,-124,20;184,117,-23;210,-56,20;214,35,-12;282,-135,13;285,63,6;291,-76,10;295,70,-7;309,-85,7;315,62,-7;319,-96,34;320,98,-48;329,-84,21;340,61,-15;350,-9,2;355,5,9;370,-9,-12;385,-97,26;386,69,-22;400,-25,5;444,-28,4
rua|major|jose octaviano machado|joao de souza|13720000|4,-2159288,-4689254;14,-172,35;62,37,-12;78,0,7;90,7,-4;100,12,-6;110,11,-6;170,43,-17;179,147,-10;180,-135,14;183,10,-5;193,2,-4;194,-1,16;199,2,-12;200,9,2;207,8,-4;212,-6,8;215,16,-11;218,-7,6;227,12,-11;237,8,-6;273,27,-6;316,29,15;320,-4,-2;478,158,-13;498,16,-3;505,4,-16;506,8,12;515,6,-11;516,2,8;781,-331,30
rua|marechal|deodoro|centro|13720000|19,-2159281,-4689033;166,-57,139;168,-2,5;170,-3,1;172,3,22;174,-2,-6;176,-14,0;178,8,9;180,-6,2;187,7,-14;199,-6,3;205,9,18;212,-15,1;214,2,4;216,3,-4;221,-5,14;240,0,-4;255,-8,27;260,-3,3;264,-2,5;269,4,1;276,-9,14;283,4,0;304,-12,17;315,-18,62;319,27,-61;321,-7,32;327,-18,35;351,1,6;365,-4,7;367,-12,14
rua|marechal|floriano|centro|13720000|10,-2159466,-4689059;15,6,-1;34,-6,14;37,-6,3;41,-1,13;42,-5,-1;48,-2,3;50,-186,459;52,190,-446;53,-7,-6;88,-10,30;105,-4,21;110,2,-6;114,1,9;117,-5,2;126,-1,5;129,-6,4;132,-15,8;143,12,3;145,-1,-2;155,-9,15;163,1,4;169,-1,0;195,30,-74;294,-67,196;305,-3,2;306,-16,9;307,14,-10;313,-5,6;314,-17,15;315,17,-11;321,-3,4;323,12,4;326,-22,19;330,3,2;342,4,0;344,-6,6;347,3,-12;356,-12,22;359,8,-4;368,-10,15;371,5,-1;447,-19,63;450,-10,-9;472,-12,48;476,-2,0;478,1,-6;482,-7,9;502,-8,18;512,0,9
rua|marechal|floriano|vila pereira|13720000|13,-2159645,-4688590;25,-4,15;499,25,-67;505,-1,4
rua|nossa senhora|de copacabana|jardim santa marina|13720000|92,-2159839,-4690051;112,14,-23;122,3,-1;132,11,-13;182,34,-51;201,16,-31;211,5,-12;221,11,-9;231,2,-8;241,7,-6
rua|nossa senhora|do rosario|vila formosa|13720000|7,-2158438,-4688842;15,-6,9;25,-3,12;35,-2,1;57,-6,20;70,-14,3;80,-4,13;89,3,25;90,-8,-12;99,1,27;100,1,-25;110,-8,13;120,-3,5;139,3,33;150,-11,-8;160,-6,16;169,5,18;170,-9,-8;179,3,15;180,-8,-6;188,-8,15;190,7,-10;199,4,18;200,-5,-8;209,0,21;210,-6,-1;241,2,24;250,-20,7;251,11,4;261,-4,3;264,-11,-3;271,4,13;274,-8,5;321,-13,50;331,4,1;341,-2,6;350,-9,-7;351,6,18;360,-14,3;361,12,2;370,-16,6;371,13,-1;380,-12,18;381,7,-8;453,-24,61;463,6,8
rua|padre|anchieta|vila pereira|13720000|20,-2159929,-4688340;29,6,19;30,-1,-1;39,13,16;40,-13,-4;54,1,14;61,11,-6;66,-18,18;71,16,9;78,-11,3;90,5,13;125,15,33;127,0,18;128,2,-6;142,3,8;154,-40,25;164,27,-7;174,3,11;182,1,2;240,5,57;250,1,1;260,7,24;265,10,-4;295,2,24;344,-5,63;354,-3,-8;355,12,2;358,-8,18;365,10,-6;366,-12,9;388,6,27;440,-86,-364;450,68,391;460,0,27;470,-7,21;480,0,-1;490,-6,8;500,1,8;510,-2,5
rua|padre|euclides carneiro|vila pereira|13720000|5,-2159919,-4688562;27,9,29;39,-3,15;40,-1,-3;50,1,9;60,-9,3;63,14,13;70,-5,6;75,2,1;82,-2,-1;83,5,12;90,-5,1;93,15,13;103,-8,2;106,-6,-2;123,7,24;126,-5,-4;133,10,14;134,-9,-8;145,4,11;146,-4,11;155,1,4;160,-1,2;161,11,8;162,-10,-4;176,1,11;208,-4,34
rua|padre|joaquim jose angassuero|colina verde|13720000|58,-2157901,-4690806;68,7,1;88,21,3;108,16,11;118,7,3;128,6,1;138,15,4;168,21,7
rua|padre|jorge domingos sobrinho|mano merli|13720000|137,-2157882,-4690178;161,126,16
rua|padre|nelson christovan|portal buenos aires|13720000|25,-2160650,-4690956;55,-24,5;65,-15,4;75,-13,3;85,-9,1;115,-38,12
rua|padre|paulo|jardim nova belmonte|13720000|369,-2160590,-4689712;376,13,-1;381,-5,-10;391,-3,-15;392,8,11;400,3,-8;401,-4,-7;408,9,2;411,-8,-6;412,9,-4;421,-4,-14;431,2,-5;432,8,8;450,8,-21;460,3,-6;461,-5,-8;470,12,-4;471,-7,-8;480,3,-1;481,0,0;490,12,-6;491,-9,-4;501,-1,-14;506,9,4;526,5,-11;561,-7,-1
rua|padre|paulo|vila brasil|13720000|25,-2160712,-4689405;46,17,-10;49,-7,-10;54,6,-4;59,5,-35;69,-7,25;78,2,10;79,1,-22;84,10,-2;89,-10,-2;94,15,-5;107,-4,-23;170,30,-46;173,-8,-1;175,2,-8;180,11,0;185,-10,-6;190,18,-11;195,-18,1;205,11,-20;214,1,8;215,2,-16;230,13,0;270,12,-38;280,1,-4;290,3,-9;295,-3,-10;300,8,2;305,-6,-14;311,1,1;312,12,3;321,-8,-11;322,7,6;331,5,-14;332,2,1;337,-8,-5;342,11,-2
rua|padre|thomas ancassuerd|colina verde|13720000|22,-2157731,-4690696;42,10,-12;52,2,-1;62,3,-6;68,8,-12;112,20,-37;122,2,-5
rua|prefeito|alexandre carlos de mello|jardim aeroporto|13720000|9,-2161349,-4689108;30,-5,136;40,6,11;49,10,11;50,-10,3;59,10,12;60,-13,-4;86,1,29;91,16,11;96,-11,-11;106,1,7;118,0,25
rua|prefeito|antonio joaquim teixeira|jardim aeroporto|13720000|40,-2160991,-4689000;43,14,9;45,-1,15;50,-11,0;60,-1,0;70,4,16;105,11,55;120,-6,-9;130,-1,6;140,4,10;170,-2,38;171,8,6;180,-8,-4;189,12,13;190,-12,-3;200,3,13;205,11,11;210,-9,2
rua|prefeito|antonio martins de oliveira|vila brasil|13720000|12,-2160643,-4689250;34,-21,-16;35,-12,4;44,1,-3;94,-45,-31;169,20,7;190,-98,-41;200,8,5;201,-14,3
rua|prefeito|aurino vilela de andrade|jardim aeroporto|13720000|50,-2160867,-4689001;60,3,12;72,8,14;82,0,-2;120,-6,55;121,11,-3;130,-9,23;190,5,44;195,1,7;200,-3,5;205,1,5;215,8,12;220,-11,4
rua|prefeito|braulio menezes|jardim aeroporto|13720000|10,-2161114,-4689048;16,7,14;22,-6,4;27,8,-35;37,-1,3;42,-1,87;57,12,-19;60,-13,36;67,13,-12;90,-10,54;100,2,-1;127,5,10;137,1,11;138,-3,-5;148,2,17;157,2,0;158,0,0;180,-4,42;188,2,10;190,-4,-2;200,4,13;205,6,-12;210,-10,19;215,9,-5;225,1,7;527,-19,-194;689,19,175
rua|prefeito|damaso ribeiro machado|jardim aeroporto|13720000|29,-2161226,-4688968;36,-2,5;46,11,25;56,-8,-3;80,1,40;101,12,8;111,-2,5;116,-6,-5;120,-4,21;121,17,-11;151,-4,67;161,-1,14;166,-6,-34;422,-5,-193;494,-2,12;621,-4,-39
rua|prefeito|francisco gonzaga franco|jardim aeroporto|13720000|11,-2160479,-4688906;19,-9,1;29,-6,-4;43,-12,-1;55,-11,4;70,-16,-8;75,-6,14;80,-8,-20;85,2,18;90,-15,-9;95,5,7;100,-6,-7;105,-5,10;110,-4,-12;115,-4,10;130,-15,-7;140,-413,25;150,407,-26;151,-11,14;163,-16,-1;173,-8,3;176,3,-14;185,-6,12;186,2,-12;195,-5,10;198,-4,-4;205,-15,10;210,7,-11;215,-18,8;220,2,-5;225,-11,5;230,11,-5;235,-16,5;238,0,-11;245,-11,18;248,3,-11;255,-6,7;258,0,-10;265,-9,11;270,1,-7;275,-10,4;280,-2,-5;330,-47,5;331,-1,9;340,-10,-11;350,-16,-1;360,-4,1;361,3,5;371,-9,7;380,-8,-12;390,-11,0;391,-2,16;400,-12,-13;403,6,9;410,-9,-9;413,-5,15;420,-7,-21;443,-14,20;453,-16,-5;465,-8,2;474,-6,-4;475,-2,6;485,-12,1;493,-13,3;496,4,-14;503,-9,14;506,0,-11;513,-8,10;516,-1,-10;523,-2,12;526,-5,-11;533,-8,12;536,3,-5;543,-14,5;546,4,-7;553,-9,8;556,-3,-12;567,-26,13;585,-11,-3;595,0,4;605,-12,2;610,-1,-6;627,-19,6;630,0,-12;639,-5,11;645,-12,3;650,5,-8;657,-12,7;660,-10,-11;667,2,10;670,-2,-9;677,-7,15;680,-1,-14;689,-14,12;703,-17,6;725,-16,-3;730,4,-5;735,1,11;740,-11,-12;745,-10,8;750,-12,-10;755,10,14;760,-18,-10;765,50,4;770,-50,-4;775,-5,8;780,-6,-7;783,-9,9;787,0,1;790,0,-14;797,-12,14;800,0,-8;811,-16,9;821,-2,0;831,-16,-3;849,-18,-4;921,-62,12
rua|prefeito|joao batista moreira de souza|jardim aeroporto|13720000|10,-2160642,-4688838;20,-9,3;33,222,-3;43,-3,2;50,-17,-11;60,-7,0;72,-17,-3;82,-9,3;83,2,11;92,-6,-12;96,-230,18;102,225,-14;112,-11,-1;122,-5,1;123,-7,8;133,-12,3;164,-9,-11;174,-4,2;178,-13,-2;186,0,5;196,-13,-4;203,1,14;210,-22,-11;220,-10,2;223,13,7;232,-19,-9;233,-8,12;234,0,-8;240,-7,-5;243,-7,10;250,-1,-8;253,-1,14;280,-30,-8;290,-6,5;300,-12,-8;303,-3,11;312,-12,-9;313,0,13;345,-35,-5;351,-2,1;366,16,-9;377,-144,107;388,103,-102;390,-24,-5;400,-4,11;410,-5,-4;420,-15,1;430,-7,1;440,-7,3;450,-14,-1;451,2,6;461,-7,-1;471,-14,5;499,-35,2;508,9,-4;509,-5,4;518,-11,-9;528,-11,3;550,-15,0;559,-18,7;560,9,-5;568,-9,0;580,-8,1;590,-16,-2;644,-37,8;649,-18,12;654,0,-17;664,-33,16;674,15,-10;684,-10,-2;694,-1,1;710,-12,1;720,-11,-3;721,-10,25;772,-56,-22;778,-6,6;784,-7,1;791,-10,12;792,3,-13;801,-17,12;802,6,-6;812,-12,0;821,-16,13;822,1,-16;831,-12,10;881,-51,8;891,-5,5;921,-33,-11
rua|prefeito|jose jorge nogueira|centro|13720000|6,-2160560,-4689142;12,0,10;32,-1,16;33,-2,-9;42,5,23;54,5,4;60,-3,15;68,-1,5;82,-10,20;94,53,-121;95,-14,3;103,-2,6;105,-39,135;106,-7,-4;110,22,-17
rua|prefeito|jose soares|jardim aeroporto|13720000|21,-2160570,-4688973;31,-10,4;41,-4,-2;51,-7,-3;60,-12,-2;61,1,9;70,-21,-15;71,14,13;80,-25,-11;81,11,10;90,-9,-9;91,-11,14;101,-1,-1;110,-15,-12;115,1,11;120,-6,-9;125,-2,19;130,-7,-17;135,1,4;141,-12,5;150,-3,-9;151,-9,8;157,-9,1;158,7,-6;166,-12,-1;167,-4,9;176,-1,-6;177,-5,1;187,-12,8;210,-15,-10;220,-4,1;223,-8,9;230,5,-5;235,-15,3;240,3,-5;245,-12,8;255,-8,-2;265,-14,2;270,3,-8;277,-10,9;280,-3,-13;287,-4,16;290,-5,-11;297,-2,12;300,-8,-11;305,5,11;310,-16,-12;320,-18,4;321,16,8;337,-22,0;355,-13,0;365,-7,2;375,-12,-1;380,2,-8;385,-16,11;390,4,-6;405,-16,9;410,1,-11;415,-15,7;420,2,-9;425,-7,9;430,3,-8;439,-13,8;440,4,-10;450,-13,3;455,-5,10;460,-6,-6;465,3,6;487,-25,5;499,-6,-3;505,-7,2;514,-7,-11;517,-6,11;521,-14,0;526,6,-9;527,-5,12;529,-4,0;536,-1,-11;537,-11,12;546,2,-20;547,-13,18;556,5,-7;559,-11,3;566,3,-3;569,-23,5;580,5,-4;581,-3,12;593,-3,-4;609,-37,8;625,-5,1;630,0,-15;635,-14,10;640,-39,-2;647,31,5;650,-15,111;659,10,-106;660,6,82;670,-15,-1;673,-3,-84;689,-8,0;701,-9,-5;706,-6,31;711,-8,-23;721,-12,1;729,0,-4;749,-23,2;763,-5,-3;769,-14,9;770,-3,-11;779,-5,14;789,-5,0;790,11,-10;799,-27,2;800,9,-5;810,-8,2;813,-8,1;820,-9,-3;821,-6,6;827,1,5;830,-3,-10;835,-8,12;840,0,-9;845,-10,5;850,2,-4;855,-9,9;890,-34,-14;900,-12,8;903,-10,12;912,-2,-22;915,-1,19;922,-15,-11;925,1,12;936,-3,-14;944,-11,3;954,-6,-1;976,-18,5;977,19,7
rua|prefeito|sebastiao jose rodrigues|jardim aeroporto|13720000|14,-2160749,-4689071;15,9,-20;40,-9,74;50,6,22;55,6,-8;70,-13,12;75,13,-4;77,3,5;79,-9,6;130,0,62;133,10,-6;140,-8,8;150,1,14;190,-1,50;200,3,13;203,5,-16;220,-5,24;285,8,-43
rua|professora|maria augusta celentano|jardim mercedes|13720000|18,-2159011,-4691680;28,-8,-8;38,-2,-4;48,-7,-10;58,-1,-9;68,-7,-14;78,2,-5;88,-7,-9;98,-1,-11
rua|professora|silvia martins silveira de syllos|domingos de sylos|13720000|14,-2162246,-4689039;24,-8,-4;34,-4,-9;44,-16,-10;51,-43,-34;54,41,33;59,-50,-39;64,40,34;74,0,-8;75,-99,-62;84,90,59;85,-97,-64;94,89,53;104,-9,-6;105,-99,-56;114,92,52;115,-93,-58;125,1,-6;126,89,62;135,-108,-62;154,85,41;164,-2,-3;165,-117,-62;175,-12,-2;185,-8,-10;194,107,59;195,-117,-59;204,111,50;205,-112,-64;214,99,56;215,-108,-52;224,101,46;234,-9,-8;235,-106,-54;244,92,53;245,-95,-57;254,87,54;255,-100,-56;264,98,51;265,-109,-50;274,100,44;275,-106,-50;284,100,46;285,-102,-47;294,92,43;295,-99,-59;300,91,58;305,-98,-66;308,87,56;314,-4,-4;315,-100,-42;324,91,37;325,-99,-46;334,91,42;335,-93,-43;344,83,41;345,-90,-52;355,-11,0;364,101,43;365,-105,-46;374,93,49;375,-104,-50;384,97,40;385,-104,-47;394,99,43;395,-106,-49;405,-8,-11;415,-2,7;425,-10,-2;435,-2,-17;454,-49,-40;455,30,30;464,6,-9;465,-13,4;474,-2,-15;475,-6,5;484,17,-14;485,-24,4;494,58,-17;495,-60,7;504,-2,-13;505,-7,9;514,-1,-21;515,2,19;524,-4,-16;525,-3,5;534,-4,-5;535,0,-5;544,-4,-11;545,-5,6;554,3,-7;555,-11,-15;564,3,-9;565,-4,17;574,3,-14;575,-9,0;584,-1,-7;585,-6,-5;594,2,-10;595,0,5;604,-1,-3;605,-10,1;614,6,-16;615,-19,6;624,3,-14;625,-3,7;634,0,-11;635,-3,6;644,3,-18;645,-12,2;654,2,-10;655,-8,5;664,-2,-14;665,-1,4;674,-3,-8;684,-4,-7;685,-8,-2;694,2,-10;695,-6,7;704,3,-7;705,-32,8
rua|professor|carlos da silveira|domingos de sylos|13720000|6,-2162292,-4689195;8,105,78;18,-11,-9;28,-10,-11;38,-1,-3;58,-12,-4;67,-41,-34;68,30,23;77,-24,-13;87,8,4;88,0,-1;97,7,6;98,-10,-19;107,17,26;108,-20,-29;127,35,41;128,-49,-48;137,58,57;138,-69,-73;147,70,75;157,8,4;167,3,9
rua|professor|decio bittencourt|jardim bela vista|13720000|21,-2158752,-4688394;191,124,47;201,41,10;211,1,10
rua|professor|decio bittencourt|loteamento oto bitencourt|13720000|176,-2158610,-4688328
rua|professor|f venancio filho|vila pereira|13720000|90,-2159748,-4688524;97,-6,-4;114,-16,13;115,15,9;118,-9,4;127,9,8;170,-2,37;265,20,91;280,-17,20;300,10,9;326,6,29;338,21,5;350,-18,-18;388,-6,75;400,9,9;412,-1,8;417,28,6;432,-25,8;442,8,5;447,9,22;449,27,230;454,-43,-229;455,14,1;478,2,7;490,2,11;500,-1,19;510,3,8;513,3,5;531,7,18;541,-3,6;555,4,14;600,-8,36;616,4,13;630,2,19;633,8,23;660,-6,-9;670,-2,5;680,2,16;685,9,37;700,0,18;701,6,-5;711,-1,10;716,-2,5;725,7,4;733,7,3;743,-1,12;753,3,16;760,-12,-7;786,-73,-536;798,6,10;802,71,572;810,-75,-558;812,83,567;820,-83,-560;823,10,-32;825,2,31;911,7,66;941,1,39;951,69,459;961,-63,-452;965,68,466;981,-64,-435;991,3,9
rua|professor|joao do prado|carlos cassucci|13720000|249,-2160882,-4693233;250,-9,-15;259,6,17;260,-34,-35;269,18,33;270,-3,-9;279,-1,22;280,-10,-16;289,-5,9;290,-3,-7;299,-7,18;300,3,-19;309,-3,26;310,-9,-19;319,-5,12;320,-1,-12;329,-11,10;330,2,-8;340,-6,9
rua|professor|joao ribeiro noronha junior|jardim sao bento|13720000|3,-2158428,-4691114;5,11,1;7,12,8;9,9,1;11,5,6;13,15,3;15,2,4;17,14,1;21,103,41;23,-90,-39;25,12,8;27,12,13;31,72,23;33,-64,-25;41,67,23;51,9,7;61,11,-2;71,7,7;81,3,4;82,-250,-85;91,255,85;101,10,0;104,-236,-83;111,243,83;114,-236,-80;151,261,89;156,-278,-102;161,286,103;181,14,5;191,9,2
rua|professor|joao ribeiro noronha junior|vale do redentor|13720000|2,-2158217,-4691030;4,-65,-22;8,81,24;34,-36,-14;44,9,3;72,46,17;110,-72,-15;142,-152,-68;152,13,13;172,18,8;182,3,-7;192,17,11;202,10,8;212,5,0;222,11,-4;232,9,9;240,12,7;248,3,0;252,15,6;294,15,-2;344,66,20;362,17,11;384,18,9;394,9,1
rua|professor|jose maria fronteira|jardim sao bento|13720000|12,-2158278,-4691078;14,-2,8;18,10,-27;25,1,9;45,5,-15;65,5,-12;72,21,-11;75,-18,2;85,6,-4;105,8,-23;115,8,-13;125,4,-5;135,3,-4
rua|professor|laercio barbosa|natal merli|13720000|3,-2158124,-4690697;4,-13,9;13,42,-8;14,-22,11;23,10,-13;24,-5,12;34,234,29;43,-206,-33;44,-10,4;53,19,-3;54,-9,6;63,12,-4;64,-4,5;73,18,-6;74,-12,8;83,11,-15;84,1,17;93,17,-8;94,-11,9;103,17,-4;104,-5,5;113,6,4;114,2,-2;123,16,2;124,-7,-1;134,10,2;143,13,-7;144,-4,9;153,10,-9;154,-6,12;163,16,-12;164,-8,12;173,16,-7;174,-5,6;183,19,-6;184,-4,7;193,11,-7;194,71,10;203,-64,-5;204,45,-7;213,-35,11
rua|professor|nogueira dias|jardim bela vista|13720000|79,-2158869,-4688224;99,-4,20;109,-6,8;121,-9,16;530,-19,-10
rua|regente|caiuby jordao|santo antonio|13720000|19,-2159143,-4689873;31,3,6;41,-18,1;50,-16,1;51,8,11;81,-30,18
rua|santa|clara|vila formosa|13720000|11,-2158386,-4688741;21,-3,9;57,-12,29;58,-12,25;100,-8,2;105,4,16;106,-9,-4;111,8,10;116,-8,6;124,-5,7;170,-20,31;178,-1,8;188,-3,8;198,-8,11;201,14,13;210,-16,-2;211,10,13;291,-30,64;295,-6,11;300,2,-20;304,-7,24;305,-4,5;314,-34,-24;322,2,42;325,28,-54;451,10,57
rua|santa|helena|jardim santa marina|13720000|95,-2159815,-4689980;115,6,-9;125,5,-16;135,8,-2;165,23,-32;175,2,-16
rua|santa|rita de cassia|vila pereira|13720000|15,-2159313,-4688061;25,-38,19;59,7,-2;73,-16,2;85,-20,7;99,-11,4;111,-8,-3;119,-8,8;125,-6,4;163,-41,7;175,-1,3;180,-6,-12;194,-14,1;195,-6,10;216,0,-5;245,-44,16;255,-1,-2;267,-10,1;268,-6,-14;275,-8,18;278,3,-12;288,-5,1;291,-18,15;325,-15,1;355,-33,-6;379,-23,8;397,-18,0;413,-12,6;425,-2,6;449,-22,3;461,-16,1;481,-17,2;496,4,-14;505,-28,16;506,-4,-10;554,-51,5;555,12,9;610,-34,-6;633,-85,23;640,45,-15;651,-57,15;656,2,-5;661,-6,12;666,-2,-5;676,-6,-5;707,-52,18;730,2,-13;736,-8,0;737,0,9;747,-6,2;750,-5,-6;759,-7,6;760,-5,-4;765,-5,7;766,-5,-10;777,-2,9;778,-3,-7;784,-4,2;787,-6,8;790,-2,-7
rua|santa|terezinha|centro|13720000|2,-2160106,-4688814;98,-90,-16;124,-15,0
rua|santa|terezinha|santa tereza|13720000|35,-2160137,-4688812;55,-17,-5;69,-12,2;75,-10,-2;91,-15,-6;103,-5,1;117,-11,-3;129,-19,5;139,-6,-4;151,-11,0;199,-46,14;209,-6,4;229,-3,-1
rua|santa|theolinda|fazenda santa helena|13720000|12,-2153176,-4684031;18,1889,-1096
rua|santa|theolinda|fazenda santa teolinda|13720000|20,-2150126,-4686023;25,929,-648
rua|santa|theolinda|fazenda tubaca|13720000|6,-2153481,-4687540
rua|santo|andre|vila pereira|13720000|22,-2159921,-4687824;34,8,6;37,5,2;44,-8,12;45,11,-5;53,-1,11;54,-4,7;64,-5,0;67,8,1;74,-8,13;75,12,-3
rua|santo|antonio voltarelli|bonsucesso|13720000|40,-2159362,-4687696;70,-28,10;89,-4,8;99,-10,4;100,-9,-4;107,-8,12;110,-3,-14;420,3,1;762,158,-41;772,-10,-3;782,-13,6;792,-7,1;806,-16,8
rua|santo|antonio|bonsucesso|13720000|9,-2159232,-4688081;19,-3,14;25,10,1;28,-9,3;33,7,8;40,-12,-8;43,18,13;46,-19,-35;52,10,49;55,23,-9
rua|sao|bento|vila pereira|13720000|26,-2159313,-4687974;36,-11,7;45,-8,9;46,-2,-6;55,-2,3;56,-5,0;63,1,9;66,-11,-5;73,-3,11;76,-6,-8;84,-1,5;87,-2,7;89,-3,2;98,-10,-9;103,-4,0;108,4,6;116,-12,2;121,2,13;130,-12,-10;135,-2,19;143,-9,2;161,-6,1;188,-45,-5;200,-3,-3;210,-5,43;211,-5,-28;217,-7,1;237,-15,3;256,-17,-8;266,-9,3;271,-445,37;276,438,-36;277,-6,6;292,-12,-8;307,-13,11;317,-11,-2;331,-10,7;340,8,-7;375,-28,6;380,-22,-3;385,12,7;395,-19,3;400,-11,-7;410,-13,-2;421,-1,12;441,-12,5;453,-23,3;463,-2,4;473,-16,-5;485,-6,6;500,-20,-9;554,-53,3;601,10,46;661,-100,-26;673,-12,-1;681,-12,2;693,-10,0;715,-25,9;725,-6,2;730,-11,-10;745,-9,12;755,-9,-1;761,-5,0;767,-5,4;774,-10,-9;777,-12,10;784,6,-7;794,-11,4;815,-6,7;820,-15,-5;825,4,2;835,-8,2;840,-9,-5;843,1,8;869,-17,5;880,-16,-15;890,-1,11;906,-11,-6;910,-11,3;920,-12,0;925,15,9;930,-19,-8;935,1,10;940,-15,-7;947,-3,11;960,-6,-13
rua|sao|bernardo|vila pereira|13720000|30,-2159307,-4687908;40,-5,1;54,-13,5;60,-8,2;70,-11,8;82,-18,4;90,3,2;100,-17,6;110,-46,17;122,27,-13;134,-8,4;216,-56,14;226,-10,1;236,-16,-3;270,-28,34;290,-13,-24;300,-25,0;310,-7,2;325,-9,10;326,-2,-11;349,-25,21;350,6,-18;359,-16,21;360,8,-12;369,-24,14;370,2,-9;379,-4,13;380,-4,-17;389,-12,19;399,-11,2;409,-6,2;420,-29,-7;429,5,9;430,-11,-9;440,-9,5;449,-6,7;450,-8,-8;460,-7,4;465,0,11;470,-9,-9;527,-8,8;535,-1,-2;751,-182,48;755,-8,-1;775,-18,-1;782,11,-7;785,-20,9;800,7,-8;801,-22,12;810,-3,-10;811,1,12;816,-11,-10;821,-1,5;830,-6,-5;831,-4,12;843,-15,2;845,0,-1;863,-26,0;914,-40,0;934,-21,-6
rua|sao|cristovao|jardim santa marina|13720000|83,-2159731,-4690128;93,0,0;255,9,-100;265,0,-12;275,3,-14;285,8,-21;295,6,-22;305,1,-5;351,13,-30
rua|sao|cristovao|santo antonio|13720000|276,-2159709,-4690250;302,6,-24;322,0,-13;332,6,-14;342,7,-5
rua|sao|domingos|vila formosa|13720000|394,-2158591,-4688678;404,8,2;414,2,2;415,17,-6;426,-5,13;429,10,-10;433,5,3;436,-6,11;446,11,1;460,11,5;488,25,11;500,7,12;510,15,-2;511,3,-11;518,1,11;521,2,-4;531,16,4;534,-13,7;540,11,3;541,7,-10;551,7,6;563,11,6;580,14,14;595,13,1;600,-10,2;605,21,-3;610,-12,5;625,14,-3;635,4,2
rua|sao|francisco|santo antonio|13720000|12,-2159102,-4690121;26,-11,-11;29,-10,-7;37,-4,-8;38,11,5;44,0,0;51,-10,-8;61,-13,-16;66,-1,-12;76,5,2;77,-6,4;83,-9,-12;85,-6,-9;86,11,9;110,-11,-23
rua|sao|joao|santo antonio|13720000|54,-2159316,-4690023;64,-5,-23;78,-11,-26;130,-25,-21;135,-9,-14;146,8,5;154,-5,-10;164,-4,-13;474,-35,-78;904,-30,-70
rua|sao|jose|vila pereira|13720000|77,-2159986,-4688087;116,9,62;134,1,10;137,-2,9;144,2,4;147,2,6;155,-10,18;160,7,-11;165,8,7;170,-5,4;180,0,8;181,8,0;190,-8,8;191,7,4;215,5,19;225,-1,13;235,6,12;236,-13,-2;243,14,10;244,-13,-4;251,13,16;256,-12,-2;261,10,10;270,-8,1
rua|sao|paulo|vila pereira|13720000|21,-2160060,-4687956;50,-13,23;60,9,24;69,13,7;70,-9,2;80,-3,24;93,-2,-4;100,-12,39;171,37,29;180,-9,11;181,8,0;190,-5,9;191,8,7;200,-8,1;216,-1,10
rua|sao|simao|vila formosa|13720000|37,-2158427,-4688785;47,5,4;57,13,12;67,6,2;78,-19,-3;89,25,7;99,14,2;109,4,4;125,12,9;138,1,0;145,12,2;147,47,24;150,-50,-19;160,23,12;172,1,3;182,10,0;197,0,-1
rua|sao|vicente|centro|13720000|201,-2160480,-4689612;209,4,9;225,-6,19;395,-68,166;405,1,0;501,-34,89;537,-21,39;547,-2,-4;553,-1,4;573,-30,44;611,-21,22;651,-22,20
rua|sao|vicente|vila brasil|13720000|384,-2160541,-4689441;394,-3,7;406,-2,10;412,-1,7;418,-5,2;546,-53,117;556,-11,20;566,-2,2;576,-16,25;610,-17,14;620,-10,6;630,-8,7;640,-9,9;656,-2,3
rua|sao|vitor|vila formosa|13720000|315,-2158504,-4688744;320,-31,-7;322,-22,-11;325,38,11;326,-15,18;330,-12,-27;335,15,4;336,-2,4;345,-9,-7;346,31,16;356,1,-1
rua|sargento|max wolf filho|vale do redentor|13720000|10,-2158318,-4690944
rua|senhor|joao henrique da silva|colina verde|13720000|12,-2157648,-4690882;22,-3,-7;31,-12,-25;51,3,-14;71,-6,-29;81,0,-9;82,1,4;101,-8,-23;122,-5,-23;131,-2,-8;161,-19,-35;171,-5,-12;172,17,11;201,-26,-32;211,-4,-10;221,-5,-4;222,15,14;231,-27,-26;232,24,18;241,-32,-35;261,-5,-8;272,46,0;317,-49,-1;321,-54,-42;331,-4,-2;351,-18,-16
rua|vereador|joao r nogueira junior|parque beira rio|13720000|20,-2159825,-4690518;30,-1,-4;37,-20,-7;40,13,-8;52,3,-7;57,-14,-7;62,13,-4;63,-14,-1;70,0,-25;140,0,-61;160,5,15;169,-22,-18;181,-5,-13;191,3,4;461,6,44
rua|vereador|joao ribeiro nogueira sobrinho|joao de souza|13720000|92,-2159242,-4689167;96,7,1;110,-9,-12;120,-7,-11;144,7,-27;151,-10,-9;162,4,-10;170,-4,-9;173,-3,-8;183,-3,-12;224,-18,-82;240,0,36;252,3,-9;258,-15,2;270,14,-18;280,-3,-13;294,1,-10;298,-1,-4;306,-1,-10;320,4,-14;330,2,-7
rua|vereador|ruy andreoli|parque beira rio|13720000|12,-2159751,-4690507;15,-16,-11;22,10,-2;25,-20,-18;42,17,10;44,1,-18;54,-9,-8;64,10,-6;71,-24,-8;72,21,0;80,-14,-12;155,-17,-72
rua||1|condominio limoeiro|13720000|3,-2162155,-4700679
rua||2|condominio limoeiro|13720000|1,-2162211,-4700661;8,38,129;11,-67,150;15,54,-205
rua||3|condominio limoeiro|13720000|1,-2162108,-4700392;6,-54,-108
rua||5|condominio limoeiro|13720000|2,-2162160,-4700310;22,34,-55;23,-23,39;31,0,0;33,-31,50
rua||6|condominio limoeiro|13720000|9,-2162185,-4700477;12,-71,120;13,-17,25;18,6,-2;19,-20,23;21,-27,40
rua||abel ronaldo romano|jardim mercedes|13720000|18,-2159025,-4691587;28,-2,6;38,-7,9;68,-14,27;78,-2,7;119,-31,83;128,2,-36;129,-12,44;138,10,-37;139,-18,46;149,-7,9;159,-1,10;169,-12,9;179,1,7;189,-3,8;199,-10,9;209,0,10;219,-6,7;229,-5,12;239,-3,8;249,-9,8;259,1,6;269,-5,7
rua||abel ronaldo romano|santo antonio|13720000|168,-2159098,-4691455;198,-5,10;208,-11,23;218,-10,4;228,0,10;248,-7,14;258,-6,10;278,-14,15;288,-5,7;298,-8,11;308,-2,6;318,-2,9;328,-2,10;338,-6,5;348,-3,10
rua||abelardo pourrat|bairro joao de oliveira machado|13720000|15,-2160214,-4690452;25,-8,-4;35,-10,0;45,-4,5;55,-9,-13;65,-8,-3;85,-27,-1;95,-5,0;105,-11,-1;115,-4,-7;125,-7,-8;135,-15,0;145,10,6;150,-15,-13;160,0,-2;165,-16,-1;170,1,-2;175,-9,8;180,-6,-8;185,-2,-1;190,-2,-1;195,-7,1;200,-6,-5;205,-4,-2;210,2,-2;215,-9,9;220,-4,-8;225,-11,3;230,6,-11;235,-12,13;240,4,-14
rua||abigail|joao de souza|13720000|15,-2159090,-4689387;35,-16,6;40,-3,5;50,-6,0
rua||acacio frigo|jardim aeroporto|13720000|22,-2160464,-4688753;25,14,-4;85,-29,60;100,-45,42;110,-2,14;125,25,-27;135,-4,13;145,-6,5
rua||adelaide palomo ianguas|bairro jardim eunice|13720000|22,-2160634,-4690418;40,7,-9;44,0,-15;130,-9,-80;140,4,-12;150,-10,-12
rua||adelaide palomo ianguas|jardim eunice|13720000|11,-2160644,-4690416;31,4,-10;47,2,-18;57,5,-4;67,4,-11;77,-6,-8;85,-1,-11;95,-4,-16;105,-1,-17;115,-2,-5;125,-1,-8;135,2,-12;145,-6,-13;155,2,-4;165,4,3
rua||adelaide palomo ianguas|portal buenos aires|13720000|75,-2160665,-4690647;85,-4,-10;95,-1,-5;105,1,-9;115,-23,-19;200,36,89;205,-2,1;215,-4,-15;225,4,-9;235,-3,-8;245,-1,-6
rua||adelino locatelli|natal merli ii|13720000|146,-2158020,-4690465;156,-29,19;175,49,24;176,15,-20;185,-20,32;205,11,13;215,11,9;225,1,14
rua||adelino locatelli|natal merli|13720000|136,-2158026,-4690482
rua||adelino pedro gomes|joao de souza|13720000|8,-2159232,-4689111;16,10,-9;23,18,-2;26,-5,1;36,6,5;41,11,-11;44,-6,1;58,8,4;88,33,-6;98,14,-2
rua||ademar santos figueiredo|portal buenos aires|13720000|15,-2161250,-4691541;16,11,-4;25,-21,-5;26,16,-1;35,-24,-1;36,17,-1;45,-19,-4;46,7,-2;55,-22,-6;56,15,4;65,-18,-4;66,11,-2;75,-20,-4;76,14,2;85,-19,-10;86,16,9;95,-27,-16;96,13,8;105,-15,-12;106,4,-4;115,-13,-2;116,2,-3;125,-9,-5;126,8,0;135,-13,-9;136,6,-1;145,-27,2
rua||adolpho bacci|centro|13720000|29,-2159941,-4688902;39,-10,-11;49,-13,-2;50,2,1;59,-14,14;79,-14,-14;89,-6,-10;90,9,-2
rua||afonso villanacci|dionysio guedes barreto|13720000|11,-2158745,-4691797;12,6,5;21,-10,-11;22,8,2;31,-10,-11;32,7,9;41,-18,-15;42,11,1;51,-13,-8;52,9,-3;61,-8,-5;62,6,3;71,-16,-14;72,12,8;81,-12,-11;82,6,4;91,-10,-14;92,9,11;101,-16,-16;102,12,2;111,-19,-7;112,12,3;131,-26,-32;132,14,0;141,-15,-9;142,6,4;151,-8,-12;152,2,4;161,-9,-7;162,8,1;171,-17,-13;172,8,5;181,-9,-13;182,11,1;191,-12,-6;192,4,5;201,-10,-12;202,8,4;211,-12,-13;212,11,5;221,-15,-9;222,7,-2;231,-11,-3;232,8,-4;242,-4,-6;252,-2,-7
rua||agenor machado de oliveira|maria boaro|13720000|18,-2161151,-4691247;27,2,7;28,-1,-4;37,-5,11;38,-5,4;47,-4,2;48,-3,3;57,-7,9;58,7,-4;67,-2,7;68,-7,1;77,-2,7;78,4,0;87,-9,11;88,7,-6;97,-13,15;98,-3,-7;107,4,7;108,-10,3;128,-14,18;138,-8,8;147,-1,9;148,5,-6;157,-8,7;158,-5,-1;168,-3,6;176,2,8;177,-7,3;178,-8,1;187,5,10;188,0,-2;197,-18,9;198,8,-1;228,-21,26
rua||agenor taddei|jardim aeroporto|13720000|191,-2160926,-4689170;213,0,5;220,-17,16;233,15,-8;240,-26,29;255,18,-3;265,-5,4
rua||agenor taddei|vila brasil|13720000|23,-2160873,-4689301;30,0,0;46,0,0;48,-12,14;68,12,-14;90,-20,27;101,-13,54;140,8,-38;180,-26,72
rua||agnaldo machado pourrat|joao de souza|13720000|101,-2158817,-4688791;115,5,-1;125,10,5;126,0,7;136,5,2;137,-1,-5;146,16,19;156,-5,1;157,8,-11;167,8,1;176,-1,11;181,2,-6
rua||agnaldo machado pourrat|vila formosa|13720000|26,-2158894,-4688820;36,21,6;46,10,8;58,9,1;62,-5,4;66,15,3;70,5,1;74,-2,0;198,97,50;199,5,-10;204,7,12;209,1,-9;216,3,9;223,0,-5;228,8,12;230,9,4;253,9,-5;254,-4,9;273,23,-2;274,-4,13;300,21,6;305,4,-10;315,10,5;325,5,4;335,15,2;352,4,15;355,8,-7;368,10,5;375,8,5
rua||aguinaldo ribeiro da cunha|portal buenos aires|13720000|20,-2160644,-4690841;30,-10,3;35,7,0;40,-20,3;45,19,-3;50,-31,4;55,25,5;60,-34,-4;65,23,6;70,-32,2;75,20,-3;85,-12,10;100,-20,-6;105,0,5;115,-11,6
rua||aidea dias de souza|condominio residencial macaubas|13720000|70,-2161404,-4688749;72,-9,35
rua||alagoas|eduardo cassucci|13720000|15,-2161031,-4692672;16,6,2;25,-5,-7;26,10,-2;35,-13,-8;36,7,1;45,-4,-16;46,2,2;55,-10,-20;56,13,16;66,-6,-8;76,-5,-9;86,-5,-13;96,-6,-4;106,7,-7;116,-21,-15;126,2,-2;132,-24,-36;136,10,8;146,-11,-10;156,-5,-8;166,-3,-11;176,-3,-2;186,-3,-8;196,-3,-10
rua||albert sabin|domingos de sylos|13720000|64,-2161972,-4689446
rua||albert sabin|vila brasil|13720000|33,-2161961,-4689455;64,-19,17
rua||alberto feltran|bonsucesso|13720000|19,-2159384,-4687569;49,11,41;79,10,37
rua||alberto feltran|jardim margarida|13720000|10,-2159388,-4687570;20,5,12;32,2,6;54,2,22;64,6,8;74,-1,20;84,7,7
rua||alberto flaminio|vale do redentor iv|13720000|40,-2158709,-4690633;50,0,-7;60,3,-10;70,6,-9;80,0,-8;120,12,-35;130,5,-11;140,4,-14;150,3,-7;160,3,-6;170,0,-6;180,4,-7;190,7,-17;200,4,-4;210,-7,-6;232,12,-24;242,1,-8;252,7,-11;262,1,-9;269,0,-14;272,5,3;279,-1,-19;282,-3,8;289,7,-13;292,4,13;299,-8,-18;302,9,2;309,-4,-13;312,7,8;319,-6,-17;322,8,0;329,-5,-4;332,9,7;339,5,-33;342,-9,24;352,10,-13;362,2,-13;372,2,-10;382,8,-9;392,5,-1;402,3,-22;412,9,-3;422,3,-16
rua||alberto poggio|vila brasil|13720000|60,-2161142,-4689268;70,-2,-1;80,-4,9;90,-5,26;100,1,-14;116,4,18;150,10,-11;160,1,7
rua||alberto rangel|vila pereira|13720000|31,-2159570,-4688544;95,1,58;111,1,13;551,8,-76;575,-10,13;585,11,16;623,-9,63;624,5,-4;633,-3,6;634,-7,-29;636,4,9;640,11,25;645,-1,10;650,-3,2;655,0,8;656,1,-4;676,0,5
rua||aldo folchetti de lima|jardim margarida|13720000|17,-2159950,-4687337;37,-22,20
rua||aldo junqueira|vila brasil|13720000|52,-2161208,-4689248;54,-5,22;62,1,-43;72,-3,11;102,1,17;190,4,-3;200,-2,7
rua||aldo moro|santo antonio|13720000|15,-2159676,-4689999;25,12,-19;37,5,-10;48,15,3;57,4,-19;63,7,-10
rua||alex olga pourrat campos|vila brasil|13720000|72,-2160974,-4689277;80,-5,1;83,6,7
rua||alexandra olga pourrat campos|vila brasil|13720000|15,-2160970,-4689326
rua||alexandre machitte|vale do redentor|13720000|3,-2158641,-4690669;13,3,4;23,6,7;43,16,15;53,4,7;63,13,6;73,4,11;93,16,7;103,-1,6;104,16,27;113,-7,-19;123,13,10
rua||alfredo correa godoy|joao de souza|13720000|26,-2159222,-4689214;29,-4,-12;39,18,1;49,7,-1;59,5,1;97,35,-4;100,-3,3;106,6,1;107,2,-4;117,11,-4;140,-25,5;149,55,-9;159,5,2;169,11,-5;180,9,14;280,-1,-16
rua||alfredo del buono|portal buenos aires|13720000|5,-2160883,-4691433;6,13,-3;15,-24,-9;16,15,-2;25,-23,-3;26,20,4;35,-24,-6;36,14,-3;45,-27,-5;46,16,8;55,-22,-16;56,16,7;65,-25,-8;66,21,0;76,-3,-5
rua||alfredo gomes de oliveira|jardim luciana|13720000|423,-2160236,-4688285;443,14,38
rua||alfredo gomes de oliveira|jardim santa tereza|13720000|450,-2160246,-4688288
rua||alfredo gomes de oliveira|santa tereza|13720000|26,-2160339,-4688535;50,-33,-191;60,1,13;61,9,20;70,-3,-9;80,3,5;85,6,16;100,-7,-4;112,2,9;121,15,22;150,-3,46;250,7,67;270,-9,-85;272,14,119;300,-10,26;310,3,14;320,7,4;360,20,33;370,3,-1;384,23,25;390,0,16;400,-24,-117;410,40,155
rua||alfredo gomes de oliveira|vila pereira|13720000|465,-2160221,-4688225;475,3,13;480,-11,-3;515,22,55;585,24,80;595,-3,10;750,-2,-23
rua||alfredo innarelli|fartura|13720000|14,-2161249,-4689664;24,1,-6;34,-11,-6;44,-1,-6;84,-18,-40;94,-5,-11;104,1,0;114,-6,-15;124,-6,-14;134,-3,-8;143,-8,-14;153,-7,1
rua||alice camilo cassucci|vila verde|13720000|11,-2161245,-4690452;17,11,-9;25,10,-11;35,-3,-5;42,24,-9;45,-11,3;51,9,-3;52,5,-4;62,13,-6;65,-8,0;71,-5,0;72,8,16;82,20,-23;89,-15,-4;102,32,-10;105,-29,9;112,36,-13;115,-32,-6;122,38,0;125,-16,1;132,25,-16;135,-18,10;142,28,-11;145,-21,5;155,13,-11;165,0,-6;172,41,-20;175,-34,16;182,49,-22;191,-26,4;192,23,-11;201,-17,4;202,29,-5;211,-22,-1;213,19,-14;220,24,-2;221,-30,13;232,32,-20;252,35,-27;261,-35,19;262,24,-17;271,-21,14;282,40,-22;291,-30,4;292,29,-14;301,-13,10;311,6,-6;320,29,-8;324,11,-13;325,-29,11;328,47,-25;335,-48,27;338,55,-32;341,-46,27;348,53,-34;368,15,-18;371,-34,22;378,47,-33;381,-40,27;388,43,-19;391,-37,12;398,46,-19;401,-43,15;408,58,-28;411,-59,33;418,62,-36;421,-40,17;428,42,-18;431,-35,12;438,48,-23;441,-36,15;448,39,-25;455,-37,19;458,49,-23;465,-37,20;468,46,-23;475,-34,12;478,33,-21;485,-24,16;488,37,-27;495,-32,24;505,9,-7;521,8,-19;541,21,-10
rua||alvino viana|santa luzia|13720000|180,-2159164,-4685139;200,-47,130;222,26,-79;422,-161,188
rua||alzira ferreira dias de souza|condominio residencial macaubas|13720000|17,-2161449,-4688776;97,-37,90;98,-13,19;107,10,-10
rua||amazonas|eduardo cassucci|13720000|6,-2161053,-4692722;16,0,2;26,-10,5
rua||amelio cremasco|natal merli|13720000|6,-2158121,-4690734;16,2,-5;26,13,-2;36,6,6;46,11,0;56,5,6;66,6,6;76,14,-9;86,4,1;96,15,9;106,8,-4;116,-1,2;126,28,1;136,3,0;146,1,0;156,13,3;166,14,3;176,4,2;186,11,4;196,11,0;206,4,-1
rua||amelio gaino|distrito industrial|13720000|1,-2160457,-4692065
rua||amelio jose della torre|domingos de sylos|13720000|13,-2162622,-4689354;14,-3,-3
rua||amelio possebon|fartura|13720000|104,-2161330,-4689609;155,24,7
rua||americo egidio|colinas sao jose|13720000|38,-2161130,-4690460;48,13,-3;58,11,-8;64,16,-17;68,-7,7;80,12,-10;84,11,-13;94,11,1;104,-1,-13;112,17,-5;122,11,-5;132,8,-12;142,7,-7;152,3,-10
rua||americo egidio|vila verde|13720000|25,-2161158,-4690449;35,13,-7;55,11,-11;65,14,-10;75,8,-7;85,13,-7;105,17,-13;109,3,0;115,30,-27;125,-9,6;135,28,-27;151,-14,15;162,52,-30;171,-33,9;172,41,-16;179,-34,14;188,36,-19;195,-22,9;198,45,-20;208,2,-4;211,-37,12;217,7,-3;218,40,-17;228,3,2;237,-33,7;241,4,-11;244,45,-11;250,4,-10;251,-45,23;258,55,-31;261,-43,22;271,17,-9;292,51,-36;323,-32,14;333,15,-6;343,6,-8;354,62,-39;363,-48,28;364,57,-37;373,-49,27;383,6,-5;390,61,-28;393,-60,19;400,7,21;403,11,-23;410,1,8;413,1,-17;423,7,-3;433,14,-6;445,-59,-12;455,72,-5;461,3,-3;471,6,-11;480,14,17;481,2,-21;490,5,13
rua||americo gomes nogueira|natal merli ii|13720000|61,-2157765,-4690599;71,4,-2;81,18,-8;91,-7,1;101,6,-20;113,10,-18;125,-1,-6
rua||americo merli|jardim aeroporto|13720000|25,-2160650,-4688808
rua||americo minussi|portal buenos aires|13720000|14,-2160328,-4691152;15,-9,-1;22,6,-10;25,-6,3;33,-1,-6;34,4,2;44,2,-16;55,-10,-4;65,-3,-14;77,-2,-5;87,-3,-11;99,-4,-14;104,5,-16;109,-7,3;119,-3,-10;128,1,-10;138,5,-13
rua||americo rodrigues|parque sao domingos|13720000|212,-2158834,-4687711
rua||amilcar antonio|parque beira rio|13720000|27,-2159229,-4691026;48,14,21;88,27,23;118,21,21;137,-7,-6
rua||amoreira|carlos cassucci|13720000|30,-2160536,-4692922;33,-23,17;40,4,-13;43,-10,10;50,5,-9;53,-13,15;60,2,-9;63,-16,17;70,11,-18;80,-9,2;90,-11,0
rua||ana francisca xavier|parque beira rio|13720000|24,-2159162,-4691052;26,-40,-24;35,4,-13;45,13,17;85,26,21;116,-27,-15;145,72,46
rua||ana maria andreatta viana|santa luzia|13720000|1,-2159282,-4685015;18,-52,-59;170,25,3;220,-49,-36
rua||analia franco|chico xavier|13720000|20,-2161291,-4692314;30,9,-5;40,5,0;50,13,-3;60,9,0;70,6,-10;80,14,6;90,9,-7;100,10,-3;110,5,-3;120,28,-4;130,5,-5;140,18,0;150,-2,-2;160,12,5;170,7,-10;180,7,-4;181,-5,-10;190,14,10;191,-6,-14;200,9,8;201,2,-12;210,7,4;211,-4,-4;220,19,10;221,-4,-16;230,14,16;231,-8,-15;240,14,13;241,-5,-16;250,16,12;251,-10,-11
rua||ananias barbosa|centro|13720000|9,-2159562,-4688564;11,184,-454;22,-2,-3;32,-10,15;35,9,2;38,2,-9;54,-18,18;90,-2,8;97,-8,39;100,-4,-1;102,2,2;104,-1,4;107,2,11;110,-3,-4;116,-2,10;122,-3,-1;128,-1,4;133,-4,2;137,-4,12;144,8,-9;158,1,10;160,-2,-5;214,-10,7;301,-48,140;305,-5,7;307,-3,1;310,-4,-2;316,-1,14;317,2,-9;323,1,5;325,-3,2;334,-3,16;349,-9,-16;360,4,25;370,-7,8;390,-12,40;410,-10,9;430,0,17;441,4,-14
rua||andre bilotta|maria boaro|13720000|50,-2161335,-4691349;60,-4,2;91,-20,44;103,51,-102;121,-64,147;141,-15,40;151,-10,12;201,77,-172
rua||andre lopes|jose maldonado peres|13720000|30,-2161872,-4690397;60,12,29;80,13,10;140,32,75;150,-5,11;160,0,10;180,1,24
rua||andre luiz|joao de souza|13720000|30,-2159310,-4689432;42,-1,-19;54,35,7;79,5,-6;85,1,-5;91,7,-1;105,5,-6;205,84,-8;213,13,6;219,7,-8;229,12,3;243,8,-2;259,10,5;265,10,5;339,56,43;349,5,3;359,7,10;419,12,19
rua||andre rueda|carlos cassucci|13720000|11,-2160686,-4693352;21,-8,-2;31,-8,2;41,-13,6;51,-10,6;61,-7,0;71,-14,3;81,-1,1;91,-14,6;251,-141,45;261,-1,2;271,-11,10;281,-9,1;291,-7,6;301,-13,2;311,-5,3;321,-8,-1;331,-13,4;341,-7,1
rua||andre rueda|eduardo cassucci|13720000|12,-2160688,-4693364;18,-7,4;24,-13,5;30,-5,1;38,-8,1;46,-10,7;54,-4,0;62,-11,-3;70,-11,11;78,-8,-2;86,-9,6;92,-12,-3;100,-4,3;108,-13,12;116,-9,0;122,-4,3;138,-24,3;144,-4,7;150,-11,0;158,-11,4;164,-11,3;170,-10,7;178,-7,7;186,-6,-4;192,-9,2;200,-6,3;208,-9,7;216,-8,3;222,-13,1;300,-6,4;306,-10,1;312,-10,1;318,-9,2;326,-7,2
rua||angelo antonio regini|maria boaro|13720000|108,-2161214,-4691187;109,-122,-75;123,64,32;127,78,70;130,-90,-88;140,3,1;150,-9,-1;160,-12,-4;161,-11,5;170,-4,-9;171,1,5;180,-10,-14;181,4,5;190,-11,-7;191,2,14;200,-9,-17;209,-3,3;210,-7,-13;211,2,0;220,-11,-4;230,-20,-3;239,-11,7;249,0,4;250,-4,-16;260,-12,-2;271,0,7;272,0,-13;285,-4,8
rua||angelo guerino darin|jardim sao jose|13720000|10,-2158665,-4687644;20,0,3;30,21,12;40,14,-12;50,4,21;60,-13,-23;70,32,-9;80,-9,12;90,11,20
rua||angelo guerino darin|parque sao domingos|13720000|21,-2158644,-4687640;31,4,4;77,21,9
rua||angelo maziero|jose maldonado peres|13720000|33,-2161745,-4690645;43,1,-8;53,0,-10;93,4,-45
rua||angelo molfi|maria boaro|13720000|15,-2161166,-4691277;24,-18,-3;25,5,14;26,-13,-9;34,-6,12;35,7,4;44,-11,0;45,1,7;55,-1,2;64,-8,1;65,3,11;74,-8,-6;75,1,13;84,-6,-4;85,0,6;94,-1,-3;95,-2,20;104,-6,-13;105,4,15;113,-28,20;114,15,-27;125,-6,25;132,-16,7;135,12,-3;144,-18,13;145,13,-6;154,-17,14;155,7,-1;160,-43,27;164,32,-20;165,8,-3;174,-15,4;175,12,2;184,-13,2;185,7,13;194,-21,-6;195,7,8;205,-3,10
rua||angelo pegorin|dionysio guedes barreto|13720000|200,-2158619,-4691171
rua||angelo tessari|joao de souza|13720000|20,-2158757,-4688861;27,-13,-5;37,-4,-2;47,19,-12;50,-8,22;60,0,0;80,21,8;81,2,-2;87,18,2
rua||angelo tessari|vila formosa|13720000|107,-2158717,-4688842;117,10,5;120,3,7;127,8,-5;130,4,11;135,4,-9;140,3,11;143,9,-1;150,-4,3;157,10,-6;160,2,13;183,42,9;220,2,15;221,8,-14;231,-1,1;241,21,12;250,0,11;251,5,-7;261,13,11;270,-17,-2
rua||anhanguera|centro|13720000|7,-2159727,-4689538;11,-19,-18;17,-8,8;19,-31,-68;113,18,27;171,-59,-55;181,-7,-5;190,1,-9;193,64,54;200,-67,-59;201,-17,0;210,4,-7;236,-14,-7;241,-9,-2;245,-4,-7;249,-7,-2;250,2,-6;253,-6,0;260,4,-5;265,-6,1;271,-2,-3;273,-10,0;281,-19,18;295,7,-25;305,-3,-9
rua||anielo gervasio|jardim santa tereza|13720000|15,-2160277,-4688295;25,-15,-11;59,-17,5;75,-15,0;89,3,0;103,-26,-8;111,-6,5;125,-8,-1
rua||anielo gervasio|santa tereza|13720000|30,-2160269,-4688309;50,-22,3;60,-8,-6;70,-18,1;90,-20,-2;100,-7,0
rua||anizia thobias garcia|jaradim zaira zonta merli|13720000|30,-2160491,-4692482;42,31,-165;50,-14,170;53,15,-202;70,-3,202;83,20,-140;93,-9,-33;122,25,66;133,-7,-27;142,15,43;143,-10,-31;152,15,44;163,-7,-29;203,15,34;233,12,28
rua||anna capello frigo|mano merli|13720000|64,-2157719,-4690091;224,-119,111;304,-61,56
rua||anselmo andreaza|bonsucesso|13720000|5,-2159326,-4687755;6,8,33;20,-20,-35;30,1,9;44,6,13;54,1,4;60,4,15;230,10,39;250,3,15;260,0,13;270,6,16;281,12,-3;284,-9,9;291,5,4
rua||antenor modesto|portal da boa vista|13720000|77,-2160354,-4688044;87,3,14;107,15,26;117,0,16;180,20,57;200,1,7;234,13,32;500,-24,64
rua||antenor modesto|vila pereira|13720000|195,-2160304,-4687898;205,6,11;213,7,18;255,0,1
rua||antonia moni massaro|condominio boa vista do leste|13720000|122,-2157293,-4686729;125,-1,0;154,-33,-61;163,-1,-1
rua||antonieta de souza|portal buenos aires|13720000|30,-2160311,-4691145;70,-47,14;80,-9,-5;83,2,16;112,-29,-8;113,-5,15;117,-12,4;122,7,-9;123,-11,11;132,-3,-12;142,-14,3;143,-8,12;152,3,-9;153,-12,11;163,-17,5;172,0,-10;173,-60,28;202,23,-18;203,2,6;213,-6,4;222,-14,-6;223,5,8;232,-14,-4;242,-7,5;243,-5,6;252,-7,-2;253,3,0;262,-15,0;263,1,4
rua||antonio adelino s m brandao|colina verde|13720000|11,-2157778,-4691102;21,1,-1;31,4,6;41,6,8;61,15,12;71,4,15;81,0,12;91,2,5;101,8,13;111,3,8
rua||antonio alves faria|portal buenos aires|13720000|3,-2160261,-4690816;22,31,-18;35,-4,12;48,-14,1;59,-16,18;68,3,-13;69,-12,17;79,-6,6;82,9,-19;89,-19,25;101,-9,3;116,6,-16;117,-13,21;123,-8,4;129,-9,5;132,9,-15;139,-21,25;142,12,-20;152,-10,6;159,-5,14;162,1,-13;172,-13,9;179,-9,17;182,3,-13;192,-14,6;199,-5,20;202,5,-18;212,-15,0;219,-19,30;222,11,-20;229,-17,25;242,5,-8;249,-21,20;252,10,-16;262,-9,-2;269,-18,23;272,6,-22;282,-2,13;292,-8,4;299,-27,25;309,-6,1;319,-4,4;322,34,-27;329,-43,32;364,13,-20;384,-19,18;394,-5,2;404,-5,8;414,-6,4;424,-12,1
rua||antonio amadeu casagrande|parque sao domingos|13720000|12,-2158590,-4687808;22,-2,8;32,0,11;41,3,17;42,-7,-4;45,10,-11;90,-20,54;100,0,11;105,6,4;110,-10,4;120,-4,10;123,6,3;140,-9,11;141,6,8;150,-5,9
rua||antonio amato|jardim sao bento|13720000|64,-2158086,-4691068;113,-33,51;152,10,-20;203,91,-127;213,6,-9;214,-28,35;223,30,-40;226,-57,87;233,57,-98;243,12,-2;253,1,-3;263,6,-7;273,1,-7;283,16,-30;293,-8,18
rua||antonio americo ribeiro|natal merli ii|13720000|15,-2157826,-4690451;16,27,-8;25,-18,-1;26,32,2;35,-26,-7;36,31,3;46,5,1;55,-21,-4;56,28,-8;65,-21,-1;66,28,-6;76,11,2;85,-17,2;86,25,-9;95,-15,-3;97,-20,12;105,23,-11;106,33,-4;111,-40,-5;116,40,3;121,-10,-5;126,22,-6;151,4,-6;160,-2,4;161,10,-12;170,-1,20;171,8,-20;180,0,10;190,17,-12;191,-3,-2;200,4,4;201,8,-11;210,7,-6;211,-2,-5;220,9,13;230,6,-3;233,1,-10;240,4,8;241,8,-10;247,3,-8;253,-2,3
rua||antonio angelo|parque beira rio|13720000|64,-2159684,-4690568;74,-7,-8;84,-9,-14
rua||antonio bello filho|vale do redentor|13720000|20,-2158300,-4690958;25,8,1;30,-1,2;35,5,2;40,6,1;45,9,5;50,0,0;55,2,-4;60,4,2;65,3,3;75,8,8;82,-1,-4;85,8,-1;90,4,3;95,5,0;100,5,4;112,4,3;115,-4,-7;120,9,9;125,-6,-7;130,10,13;135,-3,-13;140,13,12;145,-6,-6;150,12,10;155,-4,-4;160,7,6;165,1,-8;175,7,5;185,8,-1
rua||antonio bello|jardim sao jose|13720000|34,-2158565,-4688058;37,7,16;47,-7,8;64,-13,2;74,-5,18;84,1,9;92,-8,12;106,-4,20;107,-5,14;110,7,-9;117,-5,20;127,-8,9;130,-3,0;157,-10,39;167,6,2
rua||antonio bello|parque sao domingos|13720000|170,-2158623,-4687898;200,-6,61;210,-11,-13
rua||antonio caetano de lima|vila pereira|13720000|16,-2159669,-4688338;25,-2,7;26,-6,-2;35,-9,4;46,3,-10;49,-12,7;64,-6,-2;67,-18,9;70,14,-8;77,-18,13
rua||antonio calsoni|portal buenos aires|13720000|18,-2160260,-4691018;27,-20,15;38,-2,-8;48,-8,4;58,-15,2;77,-7,13;78,-10,-11;87,-13,15;88,-3,-10;97,-9,12;98,0,-11;127,-34,17;128,-7,-9;137,-4,10;138,-6,-4;147,1,5;148,-10,-5;157,6,7;158,-21,-5;167,11,9;168,-13,-6;177,5,5;178,-20,-2;187,14,8;188,-21,-6;197,19,0;207,-12,3;212,-42,3;217,29,3;222,-43,-1;227,40,10;232,-48,-8;242,-15,4;247,41,0;252,-49,4;267,27,3;277,-7,1;287,-16,2;297,-6,0;307,-11,-3
rua||antonio carlos carrato|colina verde|13720000|101,-2157808,-4690876;145,14,-41;161,-11,-69
rua||antonio carlos neves campos|colina verde|13720000|15,-2157963,-4690796;25,10,-15;35,5,-13;45,-1,-2;55,5,-5;65,-3,-10;75,12,-14;85,1,-10;95,3,-5;105,-7,-2;125,14,-27;135,4,-4;145,1,-17;245,33,-91;275,13,-23;305,12,-34;315,5,-8;330,39,-14;374,15,20;380,-9,-13
rua||antonio carneiro de araujo|jardim luciana|13720000|45,-2160271,-4688476;70,49,6;101,20,10;121,-34,-14;131,-19,0;173,-34,-37;193,-4,-25
rua||antonio celso dias|colina verde|13720000|14,-2157858,-4691033;23,25,-17;28,-21,15;38,14,-6;48,6,-2;53,28,-11;63,13,-8;64,-13,14;73,20,-11;84,1,5;104,8,6
rua||antonio cerbone|jardim nova belmonte|13720000|32,-2160766,-4689936;35,0,9;44,-4,-10;45,-10,5;65,-15,-6;75,-12,-5
rua||antonio de paiva|jardim dos ipes|13720000|28,-2161509,-4690813;33,5,-23;38,1,16;48,2,-3
rua||antonio de pauli sobrinho|bairro jardim eunice|13720000|243,-2160484,-4690367;267,6,-18;273,-1,1;283,-1,-12;295,2,-16;301,8,-6;311,0,-15;321,7,-18;330,18,-22;340,2,-11;350,-1,-2;351,-9,-1;360,13,-21;361,-9,17;371,4,-19;380,16,-22;381,-20,17;390,22,-29;395,-19,15;400,21,-22;405,-13,9;425,6,-21
rua||antonio de pauli sobrinho|jardim eunice|13720000|5,-2160527,-4690155;15,-7,1;28,5,-13;35,-1,-14;38,4,-24;45,-2,16;48,5,-7;55,-3,-6;58,-2,22;67,4,-35;68,9,1;78,0,-12;85,-4,2;95,-1,-3;105,5,-16;112,5,-2;115,-4,-7;120,4,-8;125,-1,-1;135,3,-12;140,5,-6;155,-2,-14;165,8,-10;170,-1,7;175,1,-22;180,4,14;185,0,-27;190,-3,16;200,8,-6;210,8,-11;220,1,-14;234,4,-21;244,0,0;254,-1,-7;270,3,-12;290,9,-22;312,2,-21;322,8,-11
rua||antonio delgado|jardim mercedes|13720000|14,-2158977,-4691700;19,-9,2;24,9,-6;29,-10,-13;34,-5,4;39,11,4;44,-9,-13;49,-4,-6;54,0,-3;59,3,2;64,-6,-16;69,-3,2;74,-2,-7;79,2,3;84,-7,-9;89,1,-2;94,1,-10;99,-6,-2;109,-4,-9;114,-1,-16;119,0,7;124,-1,-16;129,-8,6;134,6,-4;144,-7,-22;154,-3,-3;164,-2,-8
rua||antonio fernandes ruel|vale do redentor ii|13720000|134,-2158450,-4690684;144,4,-14;154,9,-6;164,10,-7;184,9,-20;194,5,-3;204,10,-8;214,3,-7;244,20,-14;254,2,-7;264,8,-8;274,7,-4;304,13,-14;314,2,-8;324,11,-10;329,-17,-7;334,20,-1;344,4,-2;354,6,-7;364,9,-13
rua||antonio fernandes ruel|vale do redentor i|13720000|15,-2158576,-4690362;25,1,-2;35,3,-11;45,0,-14;55,3,-8;65,6,-12;75,-3,-3;80,13,-15;85,-10,1;90,12,-4;95,-13,-5;100,13,-11;105,-9,4;115,0,-11
rua||antonio fernandes ruel|vale do redentor|13720000|191,-2158449,-4690709;201,39,-25;203,3,-22
rua||antonio gimenes|distrito industrial|13720000|34,-2160559,-4691862;44,10,7;53,-91,-226;63,9,2;64,100,230;74,7,-1;83,-71,-186;114,108,200;146,13,5;156,12,3
rua||antonio granado rios|natal merli ii|13720000|13,-2157850,-4690553;38,-58,33;48,20,-4;58,-1,-7;68,6,-5;78,23,9;88,-3,-12;98,18,3;100,8,3;110,3,-13;117,44,-40;120,-43,35;130,3,-9;160,30,-12;180,18,-14;188,9,5;194,19,-8;204,10,-8;214,9,-7;234,36,23;244,-19,-25;254,15,-12;264,7,1;274,15,-1;284,1,0;294,7,-23
rua||antonio guerino|natal merli ii|13720000|12,-2157852,-4690476;32,21,-19;55,-31,10;62,37,-20;71,-29,16;92,62,-23;95,-41,7;102,49,-11;105,-43,10;112,46,-12;115,-33,2;122,30,1;125,-29,11;132,48,-27;135,-35,8;145,4,-3;155,5,-1;179,28,-12;186,1,1;189,2,-1;195,24,-15;196,0,13;202,8,-4;205,-6,-12;212,12,2;215,1,-3;222,8,5;225,-1,-11;232,8,9;235,1,-16;242,7,18;245,3,-12;255,6,-13;265,7,1;272,8,14;275,1,-19;278,17,10;285,-9,-14;288,7,6;295,12,-4;305,1,-7;308,2,-1;315,2,-9;318,10,8
rua||antonio gumieri|vale do redentor|13720000|10,-2158335,-4690926;11,17,8;20,-13,-1;21,20,2;30,-19,8;31,23,-7;40,-5,8;41,16,-1;50,-8,5;51,12,-3;60,-9,4;61,15,-3;70,-7,1;71,19,1;80,-11,6;81,19,-4;91,7,4;100,-18,16;101,27,-12;110,-2,12;111,0,-9;120,-4,9;121,18,-6;130,-13,4;131,17,-2;140,-5,1;150,8,7;151,11,-4;160,-3,14;161,11,-14;170,-10,10
rua||antonio isabel|centro|13720000|38,-2160542,-4689046;50,18,4;100,51,47;110,-14,-5;120,-9,-10
rua||antonio longo|condominio residencial macaubas|13720000|65,-2161568,-4688706;75,4,11;81,15,18;85,-15,-8;91,2,12;95,-6,2;181,-53,89;182,-42,9;201,27,6;202,-39,15;261,-22,26;262,-38,23
rua||antonio malaguti|fartura|13720000|4,-2160865,-4689965;5,-2,-3;6,-7,7;7,-2,8;8,-5,11;9,-2,5;10,-3,8;11,-3,11;40,48,-82
rua||antonio maldonado|parque beira rio|13720000|81,-2159267,-4691175;121,-18,55;131,-9,13;171,-12,29;191,-8,16
rua||antonio martins de paula|jardim mercedes|13720000|26,-2158897,-4691362;36,8,-17;37,12,-35;46,-8,30;56,9,-10;66,-2,-7;76,2,-13;86,7,0;96,5,-9;106,4,-15
rua||antonio moreira filho|condominio residencial macaubas|13720000|63,-2161604,-4688706;83,-16,19;93,-11,6;146,-95,83;153,44,-24;156,-49,29;166,-15,11;183,36,-22
rua||antonio moreira filho|jardim aeroporto|13720000|46,-2161639,-4688701
rua||antonio nasser|vale do redentor ii|13720000|11,-2158276,-4690703;12,13,8;21,-18,-19;24,17,8;31,-10,-18;34,15,12;41,-12,-19;44,15,7;51,-10,-14;54,7,7;61,-13,-18;64,16,9;71,-11,-17;74,10,6;81,-4,-20;84,5,11;91,-4,-17;94,8,5;101,-8,-13;104,9,7;111,-11,-17;114,16,8;121,-14,-18;124,10,4;138,-1,-9
rua||antonio olimpio dias bicalho|maria boaro|13720000|18,-2161237,-4691292;23,14,-8;24,2,-3;33,-6,12;43,-6,7;53,-8,10;63,-3,2;73,-6,3;83,-9,10;93,-4,10;103,-3,3;123,-15,25;130,-11,-7;133,-1,12;143,-2,11;153,-5,4;163,-5,6;173,-5,9;180,-17,9;183,12,0;193,-3,4
rua||antonio olympio dias|domingos de sylos|13720000|22,-2162230,-4689415;26,6,-5;100,-5,15
rua||antonio pedro maldonado|santo antonio|13720000|10,-2159648,-4690241;20,16,-25;30,8,-4
rua||antonio perdao|parque beira rio|13720000|137,-2159136,-4690963
rua||antonio raddi|vila pereira|13720000|29,-2159857,-4688215;32,10,0;39,-15,9;42,5,-7;52,-7,-1;57,-3,12;67,-12,-4;68,4,-7;87,-21,16
rua||antonio simoes|vale do redentor ii|13720000|32,-2158226,-4690372;42,5,-22;52,-3,2;62,-7,-25;72,6,-1;82,5,-4;92,7,-9;102,-5,-9;112,0,-7;122,-1,-14;132,6,-7;142,7,-17;152,2,0;182,4,-29;185,-12,-1;192,12,-5;195,-16,-3;202,21,-9;205,-10,-3;212,11,-3;215,-8,-1;222,11,-11;232,0,-8;242,1,-10;245,-10,1;252,13,-5;255,-9,-3;262,10,-13;265,-11,-2;272,10,-1;275,-9,-3;282,16,-8;292,-3,-5;295,-11,1;302,12,-11;305,-10,-2;312,10,-5;315,-3,-10;322,12,2;325,-12,-13;342,14,-19;345,-13,-6;352,15,-2;355,-11,-11;362,10,1;365,-11,-8;372,9,-3;375,-5,-4;382,12,-7;385,-11,-2;392,11,-5;395,-9,-5;402,9,-3;405,-8,-9;412,9,-1;415,-5,-6;422,7,-5;425,-7,-4;432,12,-4;435,-9,-12;442,10,1;445,-11,-8;452,13,-2;455,-11,-5;462,8,-5;472,4,-9
rua||antonio valentim|bonsucesso|13720000|3,-2159149,-4686546;9,12,-2;12,100,-22;13,-84,18;15,18,-2;16,23,1;17,25,-16;20,-34,12;21,10,-6;23,-7,3;24,-6,4;25,78,-16;26,-140,32;28,-4,1;30,-9,1;35,96,-26;105,-46,14;115,-9,3;125,-5,3;135,-10,1;175,-42,2
rua||antonio vigorito|vila pereira|13720000|55,-2160069,-4688164;66,-15,-7;67,4,7;79,-28,-5;84,-14,-5;128,-36,-4;130,52,4;140,-14,0;150,-21,-5;160,-10,-3;200,-16,0;255,-67,5;265,-6,-2;277,-19,-9;289,-9,3;300,-58,67;301,52,-71;310,-45,-10;313,26,6;330,-16,0;340,-33,-6;349,21,3;355,-26,-10
rua||antun miguel antun|parque sao domingos|13720000|12,-2158694,-4687784;22,-3,7;32,12,0;41,24,-6;51,9,11;80,31,2
rua||aparecida de lourdes maldonado capellari|jose maldonado peres|13720000|54,-2161715,-4690564;64,0,10;74,4,14;104,-6,20;114,1,9;124,-1,8;134,-6,18;144,0,6;154,7,12;164,1,5;184,-6,21;214,2,37;224,-2,11;234,-3,13;244,0,10;254,2,10;264,-1,7;274,2,11;284,-1,14;294,2,4;314,-5,16;354,-3,54;364,5,0;394,-5,62
rua||aparecida de lourdes maldonado capellari|maria da silva maldonado|13720000|53,-2161707,-4690563;63,-1,14;73,-1,3;93,-1,25;113,-2,17;123,-2,3;133,2,13;153,-1,22;163,6,10;173,-3,7;223,-2,53;233,-2,13;263,1,30;283,-1,20;293,0,11;303,-1,13;313,-1,3;323,1,11;343,-1,27;373,-2,28;393,-1,27;403,-3,5;413,2,8;423,2,7
rua||aparecida de pauli machitti|vila formosa|13720000|22,-2158944,-4688669;43,2,-12
rua||aparecida orfei|jardim mercedes|13720000|22,-2158904,-4691442;31,10,-17;32,-5,14;41,16,-16;42,1,9;51,3,-13;52,2,7;61,9,-10;62,-2,13;71,11,-19;81,5,-7;91,5,-1
rua||aristides ferreira neves|vila verde|13720000|29,-2161089,-4690528;140,-75,-121;169,-43,-27;172,-105,-109;179,96,87;180,9,-2;189,-11,-4;190,8,-3;195,-19,-22;203,62,96;217,-83,-96;257,-48,-44
rua||armando martini|vale do redentor iv|13720000|5,-2158711,-4690603;15,-2,-6;25,-7,-9;35,2,-10;45,1,-16;55,-2,-3;65,3,-4;75,1,-14;85,-4,-7;95,-3,-13;105,2,-15;115,9,-13;135,-11,-12
rua||armando salles de oliveira|vila pereira|13720000|28,-2159396,-4688326;38,0,0;48,-8,3;56,-10,-3;59,2,8;66,-16,-3;190,54,-10
rua||artur candido antonialle|natal merli|13720000|16,-2158187,-4690383;21,13,-7;26,-9,19;33,18,-18;45,22,8;46,-9,7;62,10,8;67,8,-12;74,1,8;84,7,0;87,11,-9;94,-3,9
rua||artur navarro|vila pereira|13720000|45,-2160058,-4688102;56,-27,-4;80,-9,-6;81,5,2;100,-13,-2;101,-2,1;111,-9,-3;118,-1,-3;121,-18,5;132,-7,-15;133,3,13;147,-3,-4;155,-18,-2;161,-20,-5;201,-38,-1;227,-29,-1;240,-9,0;250,-17,-11;253,8,4;262,-18,-9;267,9,8;272,-22,1;279,12,0;284,-12,-9;291,0,0;301,-22,4;313,-7,-7
rua||assad saliba hanna nicolas|mano merli|13720000|29,-2157863,-4690156;148,-103,86
rua||assuero jose cassucci|vale do redentor|13720000|11,-2158407,-4690987;21,6,-11;31,1,-3;41,6,-19;51,-2,-10;61,-5,-12
rua||augusto antonio|fartura|13720000|11,-2161405,-4689543
rua||augusto barreto silvado bueno|jardim sao jose|13720000|183,-2158845,-4687528
rua||augusto barreto silvado bueno|parque sao domingos|13720000|35,-2158895,-4687722
rua||augusto rossi|vila formosa|13720000|15,-2158908,-4688807;21,-7,1;33,-6,9;43,-2,16;44,-3,-5;53,-6,16;73,21,35
rua||aurelio santurbano|centro|13720000|10,-2160328,-4689038;13,-19,1;22,15,-9;23,3,-7;30,5,2;32,-1,-3;43,7,-7;53,2,-16;81,7,-29;88,4,-4;95,2,-4;98,3,-5;107,1,-11;108,7,7;111,-6,-12;115,0,3;117,10,-14;118,-5,14;1777,0,-18
rua||aurora machado martinussi|portal buenos aires|13720000|10,-2160403,-4691272;20,10,-3;64,55,-5;139,-44,4
rua||bahia|eduardo cassucci|13720000|19,-2160935,-4692693;20,6,6;29,-7,-9;30,7,0;39,-7,3;40,4,-18;49,-8,0;50,7,-8;60,-3,-11;69,-14,-14;70,12,17;79,-18,-30;80,17,9;90,-7,-6;99,-18,-18;100,16,8;109,-21,-20;110,20,17;119,-32,-21;120,22,10;129,-16,-21;130,15,17;139,-23,-21;149,-3,-14;150,13,15;160,-7,-8;170,1,-24
rua||batista breda|jardim margarida|13720000|32,-2159569,-4687352;42,-10,-5
rua||bearcinio pinheiro|distrito industrial|13720000|35,-2160528,-4692716;65,-15,14;67,5,14;88,-5,35
rua||bearcinio pinheiro|jaradim zaira zonta merli|13720000|105,-2160516,-4692587;125,0,31
rua||benedita ramos caruso|bonsucesso|13720000|4,-2159050,-4686434;5,39,-13;6,-56,9;7,19,-6;8,-46,16;9,20,-13;10,-63,17;11,39,-13;12,-50,18;15,-14,-9;17,-20,1;25,183,-11;50,-104,2;78,-30,2;88,-9,1;135,-21,10;1970,178,-17
rua||benedito candido morais|bonsucesso|13720000|51,-2159279,-4687682;56,-107,46;71,91,-32;96,-39,7;115,-14,8;116,10,1;125,-21,4;126,0,-13;161,-35,25;168,-2,-3;171,-5,5;178,-4,-3;181,0,6;189,-15,12;886,169,-67
rua||benedito de andrade|bairro joao de oliveira machado|13720000|20,-2160340,-4690460
rua||benedito maia|portal buenos aires|13720000|7,-2161102,-4691513;10,-18,-6;17,21,17;20,-29,-13;27,7,7;30,-7,4;37,-7,1;40,-15,8;47,10,8;50,-4,-3;57,11,9;60,-22,2;67,7,8;70,-14,12;77,11,-8;80,-11,3;87,2,5;90,-8,-4;97,1,2;100,-13,8;107,14,6;110,-13,8;117,-1,4;120,-13,1;127,11,7;130,-9,-2
rua||benedito noronha de andrade|maria boaro|13720000|51,-2161206,-4691360;61,-4,-4;71,-10,-9;81,-5,-4;91,-9,-3;101,-9,-3;105,-25,-12;111,17,7;121,-11,-6;141,-12,0;151,-16,-10;161,-9,-4;201,-27,-17;211,-12,-5;221,-7,-7;231,-13,-12;241,-6,8;251,-11,-7;261,-4,-4;271,-8,-2;281,-7,1;291,-14,-4;301,-8,-9
rua||benedito vechini|eduardo cassucci|13720000|24,-2161082,-4693457;25,-11,44;34,11,-49;35,-13,46;45,-4,-5;54,18,-47;55,-19,36;64,25,-65;65,-24,53;75,8,-7;85,4,-5;95,-3,-12;105,10,-7;115,-2,-4;125,5,-21;135,-3,-5;145,2,-9
rua||benjamim bilotta|maria boaro|13720000|19,-2161444,-4691197;25,-2,0;51,205,121;61,-5,1;62,8,-18;71,-20,11;72,-1,-12;101,-17,-4;104,-56,-44;111,43,36;121,-8,-6;134,-57,-59;144,-2,0;151,38,45;154,-47,-48;161,40,43;164,-44,-42;171,34,38;174,-47,-46;181,45,43;184,-52,-43;191,22,25;201,-7,-7;204,-38,-28;211,29,28;214,-39,-31;218,144,88;221,-109,-58;224,-42,-36;234,-15,-9;241,46,37;244,-47,-43;251,22,29;261,-15,-6;271,-7,-2;281,-4,0
rua||benjamin constant|centro|13720000|14,-2159407,-4688664;23,-35,-2;53,-19,-7;59,-10,-14;64,2,1;65,-14,6;80,-10,-14;85,1,13;95,-16,-5;118,-10,-19;121,-14,11;126,1,-14;137,-7,6;147,-13,-2;158,2,-12;160,-15,-4;169,-2,5;179,-10,1;180,-4,-14;189,-4,16;225,-34,-17;228,3,-6;232,-4,-6;239,-6,3;241,-3,-3;244,-1,-2;250,-12,-1;255,4,-1;260,-9,0;265,-9,3;266,1,-9;268,0,0;275,3,3;278,-8,-7;283,-9,7;290,3,-10;297,-7,4;320,-23,-11;329,-15,4;332,3,-9;337,-8,0;338,2,-2;344,-2,0;354,-10,-4;361,-11,7;368,4,-7;369,-14,3;375,-4,-4;387,-8,-1;415,-29,-14;418,9,0;441,-29,-7;451,-5,-7;452,4,0;462,-11,-4;463,-6,2;473,-7,0;474,0,-7;485,-11,5;486,6,-8;490,-6,-4;491,-2,10;495,-11,-4;507,-10,2;531,-16,-10;540,-2,-9;545,-12,5;548,5,-10;556,-4,-1;557,-10,2;563,-9,2;570,4,-6;576,-4,2;602,-32,-17;604,-2,-1;611,2,11;620,-2,-14;621,-10,7;626,-1,-9;631,-6,6;641,-4,-3;648,-7,-5;657,-6,2;659,0,0;663,-10,-2;666,8,-9;671,-12,5;672,4,-8;683,-16,5;685,-6,1
rua||bonsucesso|bonsucesso|13720000|116,-2159177,-4688057;171,19,-7;181,2,-12;191,10,-3;203,12,-4;213,2,-7;225,4,0;233,12,-6;241,10,-2;251,4,-10
rua||bortolo bingoleto|bonsucesso|13720000|122,-2159243,-4688224;134,-10,-12
rua||bortolo bingoleto|vila pereira|13720000|51,-2159226,-4688156;52,10,0;61,-10,1;66,-3,-27;101,-13,-11;105,0,-12;113,-1,-5
rua||botafogo|jardim santa marina|13720000|15,-2159780,-4690156;20,10,-10;40,-56,-50;45,25,32;54,-53,-43;55,46,45;64,2,-8;65,-8,-2;70,-6,-5;75,-1,-1;85,-9,-6;97,-2,2;104,-4,-12
rua||caetano caruso|colinas sao jose|13720000|25,-2160986,-4690278;33,24,-14;42,2,11;52,8,-5;62,2,-8;63,-2,-12;72,13,8;73,-9,-18;82,16,7;83,-7,-6;92,16,6;93,-4,-13;102,12,-6;113,-3,-3;125,0,-11;132,21,-2;135,-1,-15;142,8,11;145,4,-8;155,-1,-5;165,8,-20;185,22,-1;192,16,1;195,-5,-6;202,12,-1;205,-5,-7;215,7,-5;222,19,-1;225,-9,-5;232,15,-5;235,-15,4;247,8,-10;252,19,-7;257,-6,-1;267,4,-9;277,11,-5;307,33,-27;317,5,-12
rua||caibar de souza schutel|chico xavier|13720000|15,-2161320,-4692490;25,5,2;35,12,-3;45,13,-2;55,2,-8;65,12,-3;75,12,2;85,5,1;95,10,-5;105,7,-2;115,14,-1;125,3,-2
rua||camilo tempesta|vale do redentor|13720000|1,-2158629,-4690730;11,14,9;12,-11,4;21,13,5;22,6,-3;31,1,12;32,1,-4;41,6,7;42,-1,2;51,5,1;52,-3,5;61,14,5;62,-5,7;72,6,7;81,7,-1;82,0,7;91,8,2;92,-4,8;111,15,5;121,2,3;122,9,13;131,3,-6;132,0,9;141,-32,-5;151,47,12
rua||campos salles|centro|13720000|39,-2159288,-4689004;109,-30,-5;112,11,-6;113,-15,2;119,43,7;128,-54,-16;131,8,2;141,62,23;146,-84,-32;153,7,5;165,-12,0;167,-8,-3;172,-3,-12;173,0,4;180,-19,-11;184,7,-2;191,-12,2;192,6,-2;200,-9,0;211,-14,-5;212,6,3;257,-37,-26;264,-5,4;265,6,-8;270,-7,8;285,-21,1;305,0,-15;306,-18,-4;322,-9,-2;333,7,0;342,-29,-12;347,15,6;355,-13,-6;365,-6,-3;375,-19,-2;384,-21,-10;402,-2,1;418,-24,-13;427,-9,-6;434,6,-3;444,-22,-13;449,15,8;461,-6,-1;466,-11,-5;481,-5,11;488,-14,-17;491,16,5;502,-28,-14;511,1,9;522,-18,-17;523,12,18;530,-21,-8;531,9,4;548,-31,-19;549,18,5;563,-10,3;566,-17,-16;567,19,8;577,-14,-1;589,-10,-5;598,-19,-7;602,-12,0;605,1,-10;612,-6,-7;615,4,16;622,-10,-12;625,9,6;643,-29,-5;645,10,-11;651,-3,9;652,-8,-16;663,-2,13;666,-7,-16;671,1,5;676,-8,-10;686,-5,0;695,-8,3;700,0,-5;706,-9,-10;707,0,12;717,-10,-7;724,-5,-5;727,0,2;734,-7,-25;746,-11,14;756,-7,-4;768,-9,-4;772,-7,-3;788,-14,-13;798,-10,-2;810,-10,-1;820,-8,-2;834,-8,-13;841,-2,18;844,-2,-15;851,-4,7;856,-14,-10;857,4,3;862,-11,-7;880,-9,-6;881,8,18;900,-30,-27;914,-13,-6;915,413,194;920,-417,-196;924,0,1;929,0,5;938,-10,-10;945,7,5;947,-9,-3;950,-13,-8;980,-10,-7;998,-22,-13;1016,-14,-4;1022,-18,-6;1032,-4,3;1042,-13,-13;1088,-27,-12;1104,-7,-4;1116,-8,0;1132,-17,-10;1142,-11,-10;1152,-28,6;1188,-12,-20;1200,-15,-5;1215,-4,0;1218,-1,-3;1225,-5,-7;1230,-9,4;1233,3,3;1243,-7,-5;1250,-13,-5;1260,-1,-1;1280,-22,-13;1300,-11,-3;1308,-12,-8;1322,-10,-3;1336,-15,-5;1350,-8,-3;1362,-12,-5;1378,-8,-4;1390,-7,-1;1410,-16,-14;1411,-20,4;1412,-12,-9;1416,12,-1;1428,-8,-3;1455,-20,1;1456,7,-8;1464,-16,-9;1479,-5,-1;1500,-13,-6;1510,-14,-9;1520,-12,-6;1530,-11,-4
rua||campos salles|joao de souza|13720000|35,-2159061,-4688902;45,-78,-32;47,10,4;53,13,3;55,14,3
rua||campos salles|vila brasil|13720000|1555,-2160524,-4689539;1564,17,-26;1574,-28,16;1584,-8,-35;1587,7,23;1594,-10,-14;1595,-6,11;1613,-13,2;1616,11,-9;1631,-24,-10;1643,-25,13;1660,26,-26;1665,-31,-3;1670,28,8;1675,-30,-8;1680,21,-4;1696,-11,1
rua||campos salles|vila formosa|13720000|22,-2159168,-4688935;34,8,1;44,-2,-4;54,14,6;70,18,14;76,12,7;86,14,3;96,1,3;106,14,6;116,6,-6;122,8,8;130,9,2;140,10,10;148,6,-2;154,11,14;160,13,5;170,10,7;210,24,2
rua||candida marcondes de godoy abichabki|jardim aeroporto|13720000|54,-2160702,-4688706
rua||candido faria|centro|13720000|6,-2159934,-4689724;11,10,2;23,-15,18;26,-9,0;29,6,10;41,-5,4;42,-4,-3;50,-4,7;51,-1,6;57,-1,8;58,-4,-3;70,-1,4;79,-5,16;80,-6,-9;85,4,16;92,-11,-5;101,-12,37;102,3,-16;107,-5,21;113,-5,7;121,-6,5;126,0,-14;129,-6,21;136,1,-10;137,-6,14;142,6,-8;145,-2,16;150,-4,-8;158,-9,0;164,-1,15;174,-2,9;175,-138,340;184,135,-336;190,-7,10;205,-10,39;219,-2,7;220,16,-41;229,-17,54;230,10,-38;240,-7,15;250,-1,6;256,-1,2;268,-7,14;272,-3,6;290,-1,22;300,0,5;379,-17,28;395,-7,11;400,-3,-4;401,0,14;409,-1,2;410,-6,2;421,3,10;626,-73,170;640,-8,18;643,6,-1;644,2,2;676,-65,151;684,36,-107;686,0,0;688,0,0;693,7,5;694,-14,-10;700,3,8;760,-15,56;770,-7,9;771,5,3;789,2,-5;799,-10,25;809,0,5;820,-20,31;829,2,8;830,-1,4;834,-4,7;840,0,4;850,-12,10
rua||candido miranda noronha|joao de oliveira machado|13720000|7,-2160316,-4690291;27,-19,-9;37,-12,1;47,-6,-2;57,-9,-2;64,68,17;67,-79,-17;74,73,12;84,-9,-1;94,-6,-6;104,-13,-4;114,-9,-4;124,0,1;134,-12,0;144,-11,-6;164,-22,-4;174,-9,-3;184,-5,-5;194,-13,-2;204,-3,-2;214,-8,-2;224,-14,-5;234,-15,-2
rua||carlos alberto osmak|portal buenos aires|13720000|144,-2161372,-4691594;146,38,-46
rua||carlos botelho|centro|13720000|5,-2159797,-4689307;12,5,-10;13,-6,3;22,-5,-10;29,-21,7;41,-11,-9;47,-15,17;53,-2,-2;69,-1,-25;75,-9,-6;78,17,-1;84,-2,1;88,-15,-9;91,-7,9;98,-7,-11;101,-2,11;106,0,-16;111,4,16;121,-17,-14;127,-9,1;135,-9,-5;138,15,-8;150,-10,-2;191,-565,-264;193,517,243;194,11,6;201,-18,-10;204,14,3;211,-23,-4;214,10,0;224,-4,1;225,-14,-5;234,5,-3;235,-16,2;246,5,-3;256,-5,3;264,-9,-7;285,-35,-17;296,7,3;301,-39,-17;306,18,6;309,-3,0;312,11,5;317,-15,-8;356,-37,-16;371,-18,-3;384,3,-6;385,-10,0;393,-14,-4;396,18,2;403,-18,-10;415,-9,-5;420,13,5;435,-34,-11;443,-16,4;447,9,0;448,7,-6;461,-20,0;467,-2,-12;481,-15,5;482,24,0;486,-6,-1;491,-26,-8;504,11,-1;511,-29,2;534,9,-17;559,-41,-10;569,-10,-4;593,-23,-8;603,-8,-3;617,-14,-13;627,-12,-3;645,-16,-7;667,-8,-8;673,-12,-6;679,-11,-10;685,-15,-1;695,-7,-3;707,-3,-2;759,-36,-26;771,-2,-6;777,-10,-2;791,-7,-5
rua||carlos botelho|vila maschieto|13720000|570,-2160269,-4689545;580,17,8;600,-40,-13;630,-17,-10;666,-22,-14;682,-12,-9;692,-8,-1;712,-27,-5;714,6,1;770,-28,-22;790,-25,-12;816,-31,-9
rua||carlos fernandes rodrigues|natal merli|13720000|1,-2158202,-4690353;70,14,-65
rua||carlos fernandes rodrigues|vale do redentor ii|13720000|82,-2158193,-4690417;202,21,-111;232,-1,-17;262,9,-35;372,21,-103;382,1,-11;392,-1,-10;405,10,-60;412,-7,40;422,3,-11
rua||carlos frigo|jardim luciana|13720000|32,-2160103,-4688491
rua||carlos magno coelho|natal merli ii|13720000|13,-2157850,-4690553;21,-5,8;29,19,-23;37,2,-8;45,4,-9;50,17,-6;51,-12,-4;57,6,-9;60,13,-1;65,-9,-4;70,11,-2;73,-3,-5;80,7,1;81,1,-4;89,-1,-17;90,7,6;97,-3,-15;100,11,15;105,3,-31;110,-1,18;113,-7,-17;120,9,11;130,-2,-16
rua||carlos minussi|carlos cassucci|13720000|48,-2160964,-4693122;58,-10,8;68,-3,1;78,-13,8
rua||carlos ribeiro machado|santa tereza|13720000|7,-2160266,-4688803;15,3,13;25,3,5;35,-2,17;74,-10,37;77,22,11;185,-13,-28;222,11,91
rua||carmelito bento da trindade|jardim margarida|13720000|26,-2159880,-4687342;36,-11,18;41,14,3;46,-14,7;51,6,-7;56,-22,20;66,-6,4
rua||carmo giovanelli|jardim margarida|13720000|17,-2159456,-4687633;27,-1,2;37,-11,3;68,3,-8;81,-53,22;88,26,-18;91,-42,28;98,26,-18;101,-34,14;111,-4,2;112,7,-9;118,-4,2;121,-21,15;128,11,-12;148,-18,0;158,-10,6
rua||castor de navarro carvalho|jardim aeroporto|13720000|23,-2161262,-4689101;33,-4,-24;43,0,-11;53,0,-8;63,-20,-19
rua||ceara|eduardo cassucci|13720000|14,-2161022,-4692511;24,1,-11;34,-3,-14;44,-2,-7;54,-2,-6;64,-3,-17;74,-1,-6;84,0,-13;94,-2,-5;104,-3,-13;114,-4,-5;124,1,-2
rua||cecilia meneghetti|domingos de sylos|13720000|12,-2162213,-4689354;19,13,-28;22,-1,26;32,-1,-10;39,6,-22;42,-10,14;49,12,-22;52,0,17
rua||celdon acacio muradi|condominio residencial macaubas|13720000|22,-2161728,-4688693;62,-32,34;81,-16,20;92,-11,1;101,-6,13;111,-8,11;131,-24,18
rua||celio nabuco|jardim luciana|13720000|12,-2160178,-4688574;32,10,31;52,-1,10;53,-3,-45;62,11,62;72,-3,8;82,-2,33;83,3,-43;93,3,11;153,8,69;227,4,38;257,-3,39
rua||cesar bertocco|centro|13720000|10,-2160022,-4688790;26,3,-11;28,0,-1;29,-7,2;39,5,-11;47,-3,-20;57,9,-1
rua||cinco|por do sol|13720000|24,-2160054,-4691383;43,19,-10;74,30,-4
rua||cleber jose ribeiro|bairro jardim eunice|13720000|12,-2160566,-4690497;22,-21,-3;25,-8,8;35,-4,-1;54,-7,-19;55,-9,11;64,-9,-19
rua||conceicao goncalves da rita|santo antonio|13720000|15,-2158866,-4690280;25,7,3;87,29,24;200,32,61;220,21,-1
rua||conceicao|centro|13720000|8,-2160192,-4689405;16,-11,23;36,-8,7;46,0,-1
rua||curupaiti|centro|13720000|1,-2159705,-4689435;23,62,65;51,-51,-50;74,-66,-67;77,-3,-1;88,-2,-3;100,-4,-3;110,-19,-10;119,-14,-3;130,-8,-7;140,-7,-1;149,-176,-127;156,170,122;159,3,8;165,-4,-4;175,-155,-112;177,136,98;197,-21,-14;198,12,-12;205,-13,14;206,1,-12;218,-6,-6;228,-9,-5;235,-1,8;240,-3,-11;241,-10,0;246,1,-3;255,-5,-1;256,-3,-5;261,-14,2;266,8,-7;292,-18,-16;293,-10,0;298,3,-4;304,-8,-6;315,-6,13;316,0,-17;325,1,0;334,-18,-11;335,6,14;338,-11,-20;342,-8,-15;355,1,14;391,-31,-10;403,-11,-17;406,-7,-5;413,-3,1;421,-8,-5;436,-11,-5;444,-3,-11;445,-8,0;454,-2,-3;455,0,1;465,-6,0;466,-1,-5;476,-10,-8;477,-1,1;487,-12,-3;497,0,-13;531,-39,-7
rua||curupaiti|vila maschieto|13720000|272,-2160267,-4689840;575,127,97;580,-11,-7;585,-4,8;590,-2,-15;591,-3,4;600,-8,-11;601,-2,4;613,-12,-5;614,7,-5;621,-8,6;632,-3,-14;639,-14,5;650,11,-15;671,-34,10;681,1,-23;684,-10,-17;689,-2,20;698,-2,-14;703,-1,-6;713,-15,2;714,7,-5;720,-6,-11;721,-7,11;748,-15,-19;753,-12,1;758,8,-11;762,-3,3;767,-13,3;768,15,-7;773,-17,6;776,6,-8;783,-13,0;786,1,-7;790,-1,-9;791,-6,8;804,-4,-6;806,2,-5;820,-18,-5;821,-17,-6;830,8,-1
rua||custodio moreira|vila brasil|13720000|40,-2160858,-4689412;41,-17,6;50,14,-12;51,-14,0;60,14,-10;61,-11,2;74,14,-8;77,-18,-12;82,11,1;92,0,-7;95,-14,1;104,11,-14;105,-11,14;135,-11,-45;144,7,-19;145,-9,-4;280,-12,-101;290,-4,-11;293,-8,0;300,9,-2;303,-4,-12;332,-3,-25;343,-14,-25;354,10,2;355,-11,-8;366,11,-7;367,-20,-12;370,15,4;377,-13,0;384,10,-22
rua||da figueira|carlos cassucci|13720000|22,-2160523,-4692867;32,-17,0;42,-12,3;78,-19,8
rua||da olaria|fartura|13720000|20,-2161231,-4689609;26,-6,3;36,-1,5;48,-9,13;54,-7,10;64,-4,6;76,-4,6;92,-10,19;100,-1,1;114,-7,12;126,-3,8;136,-10,8;190,-43,26;200,-6,1;210,-12,4;220,-11,3;230,-11,-2;246,-7,1;280,-37,0;310,-16,-3;325,12,2;330,-45,-2
rua||daniel dias|parque beira rio|13720000|44,-2159279,-4691266;134,133,58;174,27,20
rua||dante angelini|natal merli|13720000|71,-2157916,-4690695
rua||dante artese|jardim margarida|13720000|14,-2159802,-4687344;24,1,3;34,-7,7;39,12,-14;49,-8,25;54,-22,19;64,-3,9;71,9,2;95,-1,8
rua||das boninas|centro|13720000|12,-2160022,-4689833;20,-2,2;21,-4,15;28,-1,6;33,-1,2;37,2,0;46,-12,6;56,-4,4;57,-2,10;58,12,-17;64,-17,19;87,7,20;93,-16,4;98,-4,-1;107,-3,12;108,-6,1;117,3,8;118,-6,-2;129,3,8;130,-3,0;139,-6,10;140,1,-4;149,-11,-16;190,-21,56;191,2,0;200,-9,14;201,5,0;209,-7,12;210,-2,-5;222,-5,5;223,12,0;234,-23,10;235,4,12;240,-2,-10;244,-5,10;252,-1,5;516,42,-85
rua||das camelias|vila maschieto|13720000|3,-2160131,-4690138;22,-20,-5;35,-6,15;40,-9,6;45,5,3
rua||das laranjeiras|carlos cassucci|13720000|2,-2160624,-4693115;12,-2,3;22,-11,5;25,27,8;32,-25,-10;35,27,29;42,-168,-92;45,134,78;52,-23,-7;55,14,9;62,-163,-46;65,156,46;72,-28,-8;75,22,13;82,-21,-3;85,9,5;92,-18,2;95,8,3;102,-21,-4;105,9,1;112,-14,3;115,7,2;122,-15,2;125,5,2;132,-17,-4;135,12,4;142,-16,1;145,5,6;152,-15,-9;155,14,10;172,-50,-16;182,2,23;185,6,8;192,-15,-2;195,8,5;202,-19,-5;205,8,6;212,-19,-6;215,14,7;222,-23,-5;225,15,8;232,-25,-8;235,17,8;242,-17,-2;245,-4,10;252,-8,-9;255,11,13;262,-15,-10;265,6,12
rua||das mangueiras|carlos cassucci|13720000|11,-2160595,-4693058;12,-13,-14;21,-7,18;22,-3,-10;32,-9,6;33,8,10;41,-7,5;42,-6,-10;51,-2,6;52,-6,-7;61,-8,14;62,0,-11;71,-6,13;72,-7,-13;81,1,13;82,-8,-8;91,-2,14;92,-8,-10;101,1,9;102,-4,-8;112,-12,3;113,11,11;122,-19,-8;123,8,10;132,-14,-8;133,4,7;142,-18,0;143,15,9;152,-18,-7;153,6,8;162,-14,-5;163,2,5;173,-5,6;182,-24,-5;183,12,9;192,-23,0;193,11,2;202,-20,0;203,5,6;212,-7,-7;222,-13,3;232,-10,-1
rua||das orquideas|vila maschieto|13720000|4,-2160145,-4690111;8,29,17;10,10,15;11,4,-1;29,-17,23;32,-10,4;37,3,7;49,-6,10;50,-3,-8;58,-8,15;66,-4,3;79,9,5;82,-16,9;90,-10,22;100,-13,9;109,6,17;121,-8,-3;213,-191,320;226,137,-234;230,-6,11;243,2,11;246,-5,-5;255,-5,14;256,-2,-5;259,4,10;260,-10,-2;323,-22,55;330,-6,-2;339,-5,13;349,-4,8;350,-2,-11;360,-6,13;361,9,2;371,-6,9;405,-29,39;433,-17,35;440,3,-13;443,3,8;460,-16,10;467,-2,17;470,-2,-12;479,-6,18;480,1,-8;491,-6,15;503,-1,12;510,-1,-1;520,-9,7;530,-5,9
rua||das palmas|vila maschieto|13720000|1,-2160054,-4689926;5,-7,-2;11,-5,-11;14,12,-1;25,-26,-1;26,17,-2;33,-19,-6;34,20,6;45,-29,-9;55,-9,-4;74,4,-16;86,-20,-15;95,-8,13;96,5,-7;98,-9,-16;105,-6,11;114,-1,-9;115,-5,7;125,-7,-7;153,-26,-15;157,-2,-6;166,-1,-4;167,-6,-2;177,-8,-4;178,6,-1;186,-7,-10;187,-9,7;197,-2,0;198,3,-14;210,-6,-1;213,-5,0;214,4,2;220,-5,-7;223,-5,1;230,-2,-6;240,-12,-10;241,0,12;252,-6,-15;255,-2,6;264,-6,-9;265,-18,1;274,4,-9;294,-6,-16;334,-49,-14;341,3,9;344,-13,-13;345,5,11;347,-13,-4;359,-11,0;360,6,-12;370,-15,-3;383,-3,11;397,-5,-10
rua||das pitangueiras|carlos cassucci|13720000|8,-2160647,-4692962;18,65,-3;19,5,12;24,5,-1;28,-12,-10;29,-8,18;38,-2,-18;39,-8,21;48,-4,-17;49,-2,19;58,-3,-15;59,-3,9;68,-10,0;69,-2,5;78,-2,-5;82,-9,5;88,-15,3
rua||das rosas|centro|13720000|22,-2160054,-4689661;25,-1,14;30,-10,-8;31,9,15;36,-13,1;37,12,3;45,-12,6;48,-4,-2;58,5,0;64,-7,15;75,-3,11;85,-11,9;91,2,4;95,2,3;105,-7,-7;107,12,-10;127,-24,44;136,-4,0;139,0,7;142,-9,4;147,8,2;152,-8,3;161,3,8;166,-12,5;178,-4,6;179,0,6;187,-7,9;196,0,1;197,0,-1;205,-5,14;208,-4,-6;214,-2,4;215,6,8;225,-4,5;448,-7,-8;530,63,-97
rua||das violetas|centro|13720000|559,-2160332,-4689540;560,-6,3;569,4,6;593,-6,-1
rua||das violetas|vila maschieto|13720000|6,-2160118,-4689958;16,44,-54;23,-6,17;26,-4,-7;29,-78,141;36,79,-144;39,-72,132;52,62,-104;53,-59,104;65,3,-9;76,37,-74;82,-46,-56;88,41,70;98,-2,1;109,-2,13;110,-5,-2;123,6,5;124,-11,-1;130,-5,9;135,13,10;245,-55,79;250,-7,4;255,-5,11;260,2,-7;265,-4,11;270,-4,4;303,15,-31;305,-29,60;319,-18,18;325,4,-5;326,-1,-3;330,-3,11;336,-2,-4;345,1,10;350,-14,2;351,21,-40;355,-9,46;360,-10,-2;369,1,10;370,-10,2;380,-3,6;385,-1,9;390,5,-1;391,-5,-2;395,-5,6;401,-1,0;411,-5,35;424,-7,-2;427,-1,16;430,-1,-6;436,-8,1;442,-2,5;445,9,8;455,-6,10;456,-9,-5;465,3,12;472,-5,6;479,0,1;484,-7,5;489,0,11;494,-3,-8;499,1,19;511,-6,11;514,-2,-8;524,-5,7;535,5,13;536,-9,-6
rua||de acesso|maria da silva maldonado|13720000|515,-2161286,-4690337
rua||decio bittencourt|jardim sao bento|13720000|31,-2158000,-4691267
rua||della torre|centro|13720000|4,-2159414,-4688563
rua||della torre|vila formosa|13720000|86,-2159349,-4688535
rua||deolando valente|vila brasil|13720000|11,-2160704,-4689660;22,2,-7;32,-8,-5;50,-21,-13;55,12,16;62,-20,-25;65,15,20;71,-10,-6
rua||dezenove de marco|vila brasil|13720000|167,-2160833,-4689763;177,-13,2;190,-10,-1;193,-2,7;197,-12,2;200,-2,-4;207,-3,9;211,-12,-2;223,-10,0;227,-4,6;384,-5,5
rua||diario tobias de avelino|portal buenos aires|13720000|13,-2160648,-4690895;22,6,-11;23,-11,15;32,-5,-13;33,-7,17;42,-3,-15;43,0,12;52,-7,-8;53,1,11;62,-13,-8;63,-3,7;72,-8,-8;73,1,15;82,-5,-9;83,-5,11;92,-4,-4;93,-7,8;102,-2,-7;103,-6,7;112,-4,-13
rua||dinorah tavares righetti|vila verde|13720000|2,-2160948,-4690652;171,-65,-89;181,2,-13;230,-8,-15;242,-21,-25;246,-3,-8;248,-7,-5;250,0,-1;252,-4,-4;264,-5,-6;287,2,12;297,-38,-45;362,68,69;397,-113,-130
rua||diogo cespedes do amaral|vale do redentor ii|13720000|251,-2158376,-4690751;261,9,9;264,0,18;271,7,-8;274,-4,12;281,12,-3;284,-8,5;291,19,4;294,-8,9;301,20,-4;304,-12,7;314,8,3;324,5,7;354,36,0;355,36,11;364,-20,-3;374,7,3;381,63,15;384,-54,-9;394,3,2;404,12,3;414,6,0;424,12,7;434,8,-1;444,4,12
rua||diogo cespedes do amaral|vale do redentor|13720000|4,-2158552,-4690926;14,13,21;21,17,6;24,3,-7;31,1,14;34,-14,-5;41,20,9;44,-1,-1;51,8,8;54,-7,6;61,13,-1;64,-6,2;71,14,8;74,-11,3;81,18,-7;84,-8,13;91,15,1;94,-14,5;101,18,4;104,-15,-1;111,23,4;114,-11,3;121,17,7;124,-10,5;131,13,0;134,-6,2;141,15,-1;144,-7,11;151,15,-2;154,-9,6;161,7,4;164,-3,-3;171,15,14;174,-10,-3;181,15,5;184,-10,0;191,19,6;194,-9,4;201,11,7;204,-5,0;211,18,3;214,-12,9;221,6,-7
rua||dirceu tardelli|portal buenos aires|13720000|20,-2161047,-4691510;30,7,-14;40,8,-9;50,8,-8;60,10,-5;70,-3,-6;80,14,-6;90,2,-8;100,13,-5;110,10,-4;120,1,-5;130,11,-5;140,24,-3
rua||divinolandia|santo antonio|13720000|8,-2159160,-4689868;10,-12,-13;12,-3,-15;16,-7,-9;20,-16,-26;30,2,-12;40,-4,-14;45,-14,3;49,38,68;50,-29,-78;55,-12,-6;62,2,-7;71,-10,-9;74,5,-7;90,-6,-11;126,3,-27;150,-24,-17;159,-11,0;166,3,-13;169,-7,-4;177,-10,-10;182,12,-2;190,-3,0;208,-5,-16;226,-8,-11;247,-24,-21;378,18,35;379,-26,-45;401,17,7;408,64,115
rua||do matadouro|colinas sao jose|13720000|55,-2161026,-4690202
rua||do matadouro|vila verde|13720000|37,-2161026,-4690239
rua||do mosteiro|bonsucesso|13720000|320,-2159431,-4687847
rua||do mosteiro|vila pereira|13720000|26,-2159442,-4688093;36,-3,11;46,4,14;56,-3,4;72,0,14;88,0,17;115,7,32;124,-3,5;125,6,1;134,-14,3;135,16,6;145,1,13;150,-8,-1;155,9,9;160,-11,0;170,3,10;175,8,6;180,-11,7;185,12,0;194,-9,17;195,9,-5;250,-4,68;251,3,-24;260,-6,18;265,8,-6;270,-10,-1
rua||do paraiso|centro|13720000|8,-2160096,-4688813;19,-6,-27;26,0,6;27,-3,-10;43,-3,-13;50,0,8;52,-1,-9;56,-2,-1;59,-5,-14;66,-3,3;67,1,-9;71,-2,-5;77,4,-4;89,-5,-8;94,-5,4;103,5,-28;106,1,18;112,-5,-12;115,0,-12;123,-6,-8;132,5,6;136,-10,-3;139,4,-22;143,-1,-1;144,-3,12;150,-3,-9;153,2,-6;173,-4,-23;186,4,-6;189,-7,-3;194,-1,-3;201,-4,-11;219,-1,-10
rua||do posto potencia|domingos de sylos|13720000|330,-2163234,-4689521
rua||dois|colina verde|13720000|1,-2158025,-4691107;2,5,-6;3,3,-6;4,5,-8;5,3,-3;6,2,-8;7,5,-4;8,2,-4;9,5,-7;10,4,-6;11,9,8;12,-8,5;13,-2,6;14,-1,7;15,-5,2;16,-5,7;17,-3,6;18,-6,5;19,-2,7
rua||dois|condominio joao minussi|13720000|6,-2161092,-4691883;17,-132,87;71,93,-54
rua||dois|por do sol|13720000|25,-2159992,-4691415
rua||domiciano garcia da costa|portal buenos aires|13720000|142,-2161259,-4691451;172,-47,-22;182,-2,-7;192,-14,3;202,-2,-4;212,-15,-4;222,-10,-4;232,-5,-3;242,-5,-8;252,-11,-3;262,-6,-7;272,-4,-5;282,-7,-3;292,1,-3;302,-15,-22
rua||domingos aracri|jardim sao jose|13720000|15,-2158548,-4688082;20,-31,-24;30,7,5;31,-5,-17;41,15,15;60,36,32;61,-22,-32;64,34,38;71,-27,-28;91,15,15;100,39,35;110,13,8;111,-3,-9;120,12,14;121,-4,-9;123,-44,-35;130,51,45;131,-2,-7;141,9,6;151,13,1;161,2,9
rua||domingos gervasio|santo antonio|13720000|657,-2159301,-4690188;667,-11,-1;677,-7,-12;687,-10,-6;697,-7,-2;707,-8,-3;717,-6,-3;727,-9,2;737,-16,-11;744,88,26;747,-85,-31;754,76,27;757,-86,-26;764,74,24;767,-84,-26;774,71,22;784,-6,-8;794,-9,1;804,-8,-5;814,-7,-7;824,-11,-3;834,-5,-3;844,-9,-5;854,-6,-1;864,-4,-3;874,-10,-4;884,-8,-6;894,-13,-6
rua||domingos parisi|portal buenos aires|13720000|22,-2161013,-4691484;32,1,-4;33,-13,-3;42,21,-8;43,-14,3;52,26,-6;53,-15,-4;62,21,0;63,-13,-7;72,21,0;73,-10,1;82,15,0;83,-13,-8;92,23,1;93,-11,-4;102,18,-2;103,-18,-3;112,22,-3;113,-14,-4;122,24,-1;123,-16,-5;132,25,-5;133,-13,-2;142,19,0;143,-13,-1;152,23,-8;153,-17,3;162,20,-2;163,-2,-5;172,12,-2;173,-3,1
rua||domingos possebom|vila verde|13720000|11,-2161373,-4690606;17,9,-6;20,16,8;27,-6,-15;30,16,0;37,-9,-1;40,11,1;47,-3,-4;50,12,-2;60,19,-19;67,-27,1;70,31,5;77,-19,-5;87,7,-12;88,16,8;95,-7,-2;102,18,-7;105,-9,-20;115,6,12;116,6,4;125,-3,-5;128,17,-4;134,3,-5;135,-7,-10;140,19,-1;142,10,-6;145,-21,-2;155,6,-2;162,26,-1;165,-15,-1;175,5,-10;205,39,-28;212,7,6;215,-5,-5;222,17,-4;225,-9,-6;232,15,1;234,2,-2;235,-8,-7;245,11,-11;255,10,-6;265,2,-5;275,9,-9;282,13,11;285,1,-19;292,3,13;302,11,-8;303,-6,-20;305,6,4;310,10,7;315,1,-17;318,8,11;328,-1,-3;342,21,-15;345,-9,-3;432,51,-33;451,14,-29;452,-2,20;461,9,-24;462,2,17;471,10,-18;472,-3,8;481,5,-12;491,4,-8;492,6,8;501,3,-14;502,-6,19;511,7,-22;512,7,9;521,1,-14;522,10,7;531,0,-16;532,0,11;541,4,-13;542,-4,7;551,8,-11;552,-1,4;561,7,-10;562,4,11;572,10,-8;581,6,-13;582,5,3;591,0,-19;592,2,16;601,7,-13;602,2,10;611,2,-16;612,6,7;621,-3,-8;622,2,5;631,3,-17;632,7,11;641,0,-15;642,3,8;651,5,-12;652,7,15;662,1,-10;671,4,-16;672,3,11;681,2,-14;682,8,10;691,-2,-14;692,4,9;701,6,-17;702,-1,9;711,6,-6;712,1,-1;721,5,-7;722,7,11;731,0,-18;732,0,18;741,11,-27;742,0,11;751,0,-11;752,4,4
rua||domingos riolli|natal merli|13720000|7,-2158134,-4690640;8,-1,4;17,11,-10;18,-9,9;27,13,-3;28,-11,10;37,26,-11;38,-7,8;47,13,-5;48,-7,6;57,20,-11;58,-17,11;67,20,-5;68,-8,11;77,11,-6;78,3,4;87,16,-6;88,-7,7;97,16,-3;98,-6,3;108,4,3;117,21,-5;118,-10,8;127,14,-7;128,-3,8;137,8,-5;138,-2,5;147,20,-6;148,-9,19;157,13,-20;167,13,3;177,2,6;187,13,2;197,2,3;207,12,-7;217,4,5
rua||donato cassucci|eduardo cassucci|13720000|14,-2160711,-4693469;22,-9,7;25,-7,8;30,-9,-4;31,4,6;38,-8,-5;39,-6,9;46,-5,-8;47,-5,13;54,0,-5;59,-4,5;62,-10,-4;67,2,9;70,-14,-4;75,0,5;78,-10,-5;83,1,13;86,-7,-7;91,-2,8;94,-7,-4;99,-4,8;102,0,-7;107,-3,10;110,-10,-8;115,2,9;118,-8,-1;123,-3,5;126,-9,-5;131,1,10;134,-10,-9;139,0,13;148,-21,-5;155,3,10;156,-13,-9;163,8,7;164,-11,-1;171,4,3;172,-13,-3;179,-2,10;180,-10,-5;187,-1,2;188,-7,3;195,4,4;196,-10,-6;201,-2,7;208,-8,-4;216,-11,5;219,20,-3;227,-18,7;228,-8,1;235,-4,7;238,-5,-8;243,-7,15;248,-9,-13;251,1,9;256,0,-5;259,-6,12;264,-1,-10;267,-5,13;272,-4,-7;275,-5,9;280,-11,-9;283,5,8;288,-10,-4;295,-2,9;298,-11,-5;307,-1,7;308,-7,-4;315,-4,10;320,-1,-6;325,2,10;328,-4,-3
rua||donato precinoti|jardim mercedes|13720000|21,-2158951,-4691594;22,9,8;31,2,-10;32,4,7;41,2,-10;42,1,3;51,2,-14;52,7,9;61,-1,-9;62,10,3;71,2,-5;72,7,5;81,-1,-7
rua||dorival nascimento|mano merli|13720000|163,-2157839,-4690040;173,-9,4;213,-25,25;323,-81,75
rua||dos abacateiros|carlos cassucci|13720000|7,-2160580,-4693007;10,27,-27;17,-38,30;20,-9,-10;27,2,13;30,-10,-6;37,2,9;40,-8,-9;47,-1,9;50,-12,-3;57,0,13;60,-4,-12;67,-4,9;70,-5,-3;77,-4,7;80,-8,-9;87,4,10;90,-5,-5;97,2,9;100,-13,-5;107,-1,8;110,-9,-8;120,-8,5;130,-6,-2;140,-16,8;150,-10,1
rua||dos andradas|santo antonio|13720000|14,-2159409,-4689703;18,28,24;22,-1,-6;26,-3,-4;30,-7,-3;39,-10,6;44,-8,-15;45,5,2;49,-12,-3;56,-4,-9;63,-6,2;66,-1,-8;72,-11,-13;79,2,18;83,-2,-13;89,-27,-17;92,10,5;105,-1,5;106,-16,-25;117,9,23;118,-7,-26;127,-17,-2;137,1,2;145,-18,-11;150,21,4;186,-18,-10;195,-20,-11;216,-5,-10;226,-4,-8;246,-17,-8
rua||dos bandeirantes|vila pereira|13720000|10,-2159461,-4688116;14,5,-12;16,-2,-29;20,1,35;21,5,9;30,-14,-11;31,-7,10;37,-6,4;40,5,-11;41,-13,12;44,3,-10;45,-12,8;48,3,-6;57,-15,7;58,5,-6;68,-3,1;90,114,-30;99,-152,45;110,146,-45;116,-158,35;133,-12,11;141,-13,0;142,15,-6;155,-32,6;171,-9,3;279,62,-6;301,-178,23;321,-15,3;331,-7,4;341,-10,-7;350,30,-9;368,-35,10;369,-14,9;378,6,-7;385,-18,11;411,-30,1;425,-7,-4;435,-15,2;447,-2,4;461,-17,3;509,-8,0;515,-20,3;551,-45,12;554,4,-5;557,-8,-8;564,-4,12;565,-4,0;571,39,-7;575,-52,10;576,9,-6;586,-14,4;587,-3,0;596,-5,2;617,-33,-1;620,11,7;626,-16,-4;631,2,-7;636,2,16;656,-28,-12;657,-2,0;667,-20,-2;712,-32,-4;721,-14,-4;722,-8,0;734,-15,-3;760,-6,-2;772,-11,0;777,-11,0;784,-4,-2;850,-73,-16;860,-9,4;870,-13,-3;890,-19,0;900,-14,-6;934,-33,-5
rua||dos cravos|centro|13720000|5,-2159953,-4689752;20,1,-10;23,-1,18;32,-15,-2;33,8,9;38,-12,4;42,-7,21;50,3,-14;64,-6,10;65,-1,3;72,-3,3;81,-5,9;84,-4,0;95,1,4;98,-11,5;105,8,3;116,-9,12;125,1,7;135,-9,12
rua||dos crisantemos|vila maschieto|13720000|25,-2160079,-4689869;30,5,4;35,-26,-11;49,-2,-1;50,12,-12;55,-19,-2;60,6,2;67,-17,2;70,10,-10;184,-84,-56;202,-15,-3;206,-3,-8;215,-13,1;216,6,-7;225,-6,0;226,-3,-6;237,-2,3;240,-3,-7;249,-17,0;250,10,-4;254,-4,-8;259,-14,6;260,-7,-14;269,0,8;276,1,-31;277,-9,23;290,-7,-11;291,3,8;301,-5,-4;310,-4,-17;360,-41,-11;365,-7,1;368,-6,-7;375,-1,6;380,-4,-10;381,7,13;390,-15,-16;393,-7,8;400,-14,-11;405,6,9;415,-16,-7;420,6,-5;430,-11,-4
rua||dos expedicionarios|vila pereira|13720000|75,-2159665,-4688526;99,7,16;100,-15,-3;113,-5,-33;114,10,44;580,-6,-22;603,15,10;634,-9,48;646,3,15;652,6,1;655,9,-19;663,7,0;671,-10,19;674,-8,23;677,-3,-16;683,7,1;690,-2,31;704,6,7;709,15,-20;717,4,31;733,-11,18;747,3,15;750,-13,-12;766,8,11;767,4,8;768,-5,3;770,5,14;786,0,9;799,4,-22;805,2,17;817,-7,12;833,8,8;836,-2,41;849,4,-1;850,-1,15;865,7,9;868,-6,-9;875,9,13;876,-10,10;884,0,0;911,12,15;925,1,1;933,-4,6;947,7,12;977,6,24;995,-1,23;998,-22,-61;1080,8,149;1111,25,21;1187,4,61;1199,0,17;1207,1,21;1231,7,79;1243,2,-4;1255,15,57
rua||dos jasmins|centro|13720000|9,-2160072,-4689774;10,4,-9;18,-7,2;27,-11,0
rua||dos jasmins|vila maschieto|13720000|50,-2160103,-4689808;73,-21,1;83,-8,-10;88,5,-1;95,-12,-5;96,10,0;104,-6,-4;107,-11,1;115,-3,-10;116,7,4;125,-14,-13;163,-3,1;236,-79,-56;245,-7,-2;250,-2,-4;255,-14,-1;260,5,-2;267,-13,-2;270,3,-7;275,-14,2;282,11,-4;289,-12,5;290,5,-16;297,-14,4;300,6,-4;305,-14,-4;310,0,-6;320,0,-5;323,-1,15;330,-6,-24;370,-38,-13;378,1,0;380,-11,-2;390,-9,-4;391,-4,12;399,-10,-10;400,7,-5;410,-10,-2;411,-7,6;421,-1,1;430,-18,-11;431,27,11
rua||dos limoeiros|carlos cassucci|13720000|88,-2160584,-4692868;92,2,-4;98,-10,-11;108,-79,-74;110,50,45;120,-14,-4;160,-91,-61;242,-89,-23
rua||dos limoeiros|distrito industrial|13720000|76,-2160554,-4692812;88,0,29
rua||dos miozotis|vila maschieto|13720000|4,-2160080,-4690027;17,1,-7;20,-4,-3;27,-12,-3;28,7,-2;58,-15,-16;76,-8,-8;89,-25,-3;90,8,-4;98,-13,-11;103,-6,9;110,1,-13;113,-12,7;119,-3,-2;120,11,-9;131,-20,10;143,-7,-20;149,-5,-6;159,-7,-3;164,5,-4;169,-9,1;182,-12,-17;183,-2,12;193,-7,-9;200,2,-8;205,-8,2;210,4,-1;219,-10,2;220,2,-7;230,-9,-10;239,-15,-2;240,8,1
rua||dos paulistas|santo antonio|13720000|16,-2159310,-4689876;18,15,16;28,2,-14;38,16,-7;41,-14,-2;43,8,-2;62,16,-5;70,12,-5;84,7,-14;89,-10,9;94,26,-6;103,-12,2;107,4,8;115,11,-12;130,29,-7;133,-10,-3;142,17,3;160,8,-4;170,7,-5;180,18,-7;188,-1,6;227,-19,5;233,7,-10;239,13,-4;249,20,-14;262,36,-14;268,10,-11;287,-26,-5;291,13,-27;300,19,9;320,11,-35;338,5,-12;348,17,-21;394,5,-10;404,14,-16;410,4,-4;451,5,-4;468,18,-24;500,30,-31;567,24,-69;580,16,12;610,12,-16
rua||dos possebon|santo antonio|13720000|1,-2159165,-4689982;6,49,-22;11,-44,17;12,6,-8;22,-3,-7;33,-21,-10;52,4,-20;62,-1,-9;72,-13,-13;82,2,-7;92,-7,-6;95,-12,-6;100,6,2;105,-8,-1;110,4,-11;120,-5,-16;125,-14,5;130,9,-7;140,-5,-12;141,-7,10;151,0,-3;156,2,-16;166,-4,-8
rua||dos rio pardenses|dionysio guedes barreto|13720000|7,-2158519,-4691081;17,-7,-5;27,-7,-13;37,5,-10;47,-10,-1;57,-4,-11;67,-1,-8;77,-2,-4;87,-3,-8;97,-4,-10;107,-4,-12;117,-2,-2;127,-6,-11;137,-7,-5;157,-4,-23;167,2,-8;177,-5,-8;187,-2,-6;197,-3,-8;207,-5,-5;217,-3,-5;227,-3,-15;237,-3,-1;247,-8,-16;257,-3,-4;267,-2,-14;277,-1,-2;287,3,1;307,-14,-41;342,-12,-61;352,-13,-15;362,-2,-7;372,-4,-2;382,-8,-10;392,1,-8;402,-3,-4;412,-7,-13;422,-2,-6;432,-7,-10;442,5,1;452,-9,-12;462,-3,-7;482,-34,-65;492,13,37;502,-3,-5;512,-7,-11;522,3,-6;532,-12,-12;542,0,-6;551,-8,-8;552,1,5;562,0,-8;572,-5,-10;582,-3,-6;592,-6,-10;602,-5,-3
rua||eddie cavalli|condominio residencial macaubas|13720000|56,-2161655,-4688774;123,-114,44;136,11,-18;156,-12,11;163,-36,40;166,20,-26;167,34,-19;173,-60,55;206,-2,-13;233,-52,48
rua||eddie cavalli|jardim aeroporto|13720000|43,-2161654,-4688754;53,-15,-1;63,-24,5
rua||edgar goncalves trovatto|natal merli ii|13720000|24,-2157966,-4690444;34,11,4;44,-1,13;50,1,6;60,3,10;70,12,8
rua||edgard antonio cafola|parque beira rio|13720000|25,-2159179,-4691162;52,38,43;72,8,8;75,25,23;82,-15,-12;122,30,20
rua||egidio tiezi|jose maldonado peres|13720000|14,-2161826,-4690538;34,-4,5;35,10,-18;64,-14,55;75,-49,25;84,53,-2;145,3,34;195,-4,53
rua||elcio rodrigues|natal merli|13720000|15,-2158182,-4690328;18,6,-5;28,7,7;38,-6,-3;55,34,4;78,5,0;88,23,-9;98,-4,10;108,8,1
rua||elias abrahao farah|jardim sao jose|13720000|21,-2158685,-4687546;30,-7,-11;51,-6,44;61,-11,14;68,-1,-7;71,4,15;81,-7,10;91,-5,5
rua||elisa nielsen camargo|santa tereza|13720000|5,-2160354,-4688646;30,-8,10;33,-9,-8;40,-17,3;43,2,8;50,-6,-12;53,3,12;62,-14,-4;65,4,4;71,-12,9;74,0,-14;84,-11,4;85,2,6;94,-13,-3;95,-3,9;105,-2,0
rua||elisario dias guillon|jardim aeroporto|13720000|45,-2160686,-4689114;55,-11,-12;65,-3,6;90,-15,0;100,0,0;110,-10,-1;120,-15,-3;130,-1,1;131,-24,12;140,22,-9;141,-34,11;145,-10,-2;150,32,-16;155,-40,23;160,36,-23;165,-47,21;170,27,-62;180,-8,48;191,-32,13;200,17,-16;201,-22,28;211,-10,-10;215,-49,5;220,56,-17;231,-36,6;255,-26,9;260,-6,-13;270,-12,6;275,-2,9;280,-11,-8;285,-1,12;305,-10,-2;315,-9,4;320,-39,-12;330,-8,3;335,24,8;340,-23,-15;345,13,16;350,-20,-10;355,21,10;360,-31,-11;370,-16,-6;375,5,19;380,-8,-14;390,-9,3;400,-9,6;430,-38,-1;461,8,7;481,-21,5;501,-4,0;511,-27,10;521,-14,-1;541,-15,-3;551,-17,-3;561,-8,4;571,-12,4;581,-3,-2;591,-15,-3;611,-9,6;641,-34,-2;651,-6,1;661,-9,3;670,38,-13;671,-48,11;681,-16,4;700,3,-18;701,-532,-181;710,519,186;711,-581,-135;730,546,143;731,-591,-40;741,602,50
rua||elvira ayala maldonado|jardim nova belmonte|13720000|87,-2160734,-4689770;97,2,-15;117,9,-13;127,2,-4;165,16,-54;175,6,-6;229,5,-19;249,13,-22;260,6,2
rua||elvira ayala maldonado|vila brasil|13720000|15,-2160764,-4689698;17,8,-14;25,1,5;40,5,-7;45,3,-20;60,7,6
rua||elze pinheiro cagnoni|portal buenos aires|13720000|32,-2160626,-4690777;41,-3,4;42,-15,-12;51,5,10;52,-16,-3;61,7,11;62,-14,-11;71,10,11;81,-5,3;82,-32,-5;91,24,4;101,-11,2;111,0,-4;121,-13,10;131,-4,1;132,-13,-8;141,6,8;151,-11,6
rua||emilia bittencourt|vila formosa|13720000|39,-2158895,-4688534;51,12,6;63,5,1;73,6,9;87,9,-1;505,-55,-24
rua||emilio vedovato|colina verde|13720000|10,-2157655,-4690641;21,-25,-3
rua||emilio vedovato|natal merli ii|13720000|88,-2157650,-4690629;98,15,5;162,-182,-59
rua||enir malaquis da silva|colina verde|13720000|43,-2157762,-4691240
rua||epandro vedovato|portal buenos aires|13720000|11,-2160428,-4691234;12,7,-14;21,-12,14;31,-7,1;32,6,-7;41,-25,12;42,21,-13;51,-13,7;52,7,-5;61,-16,13;62,1,-12;71,-5,16;72,-9,-9;81,0,5;82,2,-6;91,-10,7;92,2,-7;101,-8,11;102,2,-9;111,-8,12;112,3,-11;121,-13,18;141,-15,-3;151,-7,5;154,3,-13;161,-14,13;164,12,-9;171,-20,11;174,7,-10;181,-16,10;191,-6,2;194,11,-10;201,-19,9;204,15,-10;211,-21,12;214,9,-12;221,-15,17;224,10,-13;231,-13,17;234,5,-11;241,-7,12;244,2,-15;251,-16,13;254,12,-11;264,-6,1
rua||ermindo lodovichi|jaradim zaira zonta merli|13720000|32,-2160511,-4692609;42,9,-2
rua||ernestina curi fornari|vila pereira|13720000|27,-2159858,-4688302;28,1,-13;38,-12,5;47,-2,4;58,-13,-4;60,-1,14;68,-12,-14;70,11,9;80,-4,5
rua||ernesto secco|santo antonio|13720000|22,-2159253,-4690318;23,9,15;32,-18,-19;42,-2,-8;52,-3,-1;64,-15,-8;74,-4,-5;84,-5,-1;104,-19,-12;144,-23,-14
rua||espirito santo|eduardo cassucci|13720000|26,-2160970,-4692969;36,-9,1;46,-10,12;56,-2,8;66,-19,4;75,-1,12;76,-5,-6;85,-3,8;86,0,-4;95,-15,14;96,1,-9;105,-6,14;106,3,-7;115,-12,12;116,2,-10;125,-12,18;126,2,-14;135,-10,18;136,4,-10;145,-5,18;146,-5,-12
rua||estevao|joao de souza|13720000|20,-2159247,-4689422;28,7,-10;44,8,-9;58,16,-7;66,3,7;80,9,-12;86,11,-2;94,8,6;104,10,-10;116,12,0;130,6,4;166,33,20;188,14,11;196,4,-3;212,15,18;222,15,-1;254,-2,40;260,22,-11;278,-2,11;286,11,15;310,6,21;320,1,6;390,14,69;400,1,5
rua||etelvina de abreu vedovato|jardim sao jose|13720000|100,-2158713,-4687599;217,37,7;227,-2,0;237,21,13;240,-7,6;257,9,-4;267,15,9;277,17,15;287,-6,-4;297,15,10;307,1,3;320,-87,-47;330,4,5
rua||etelvina de abreu vedovato|parque sao domingos|13720000|33,-2158805,-4687861;55,-9,25;65,0,5;75,-12,25;91,-3,13;107,7,12;145,33,87;155,8,7;211,73,66
rua||etelvina galeazzo cassucci|colinas sao jose|13720000|273,-2160746,-4690668;387,36,144;400,5,-24
rua||etelvina galeazzo cassucci|jardim eunice|13720000|142,-2160697,-4690519;152,-2,2;162,0,-16
rua||etelvina galeazzo cassucci|portal buenos aires|13720000|202,-2160712,-4690588;212,-2,-10;222,-4,-9;232,-3,-5;482,-49,-154;552,-64,-79;562,-6,-7
rua||etelvina galeazzo cassucci|vila verde|13720000|451,-2160764,-4690739;491,-35,-38
rua||eunice machado franchi|colinas sao jose|13720000|17,-2161041,-4690309;27,13,-16;34,16,13;37,-7,-19;47,8,-6;54,13,12;57,-5,-9;64,16,-2;65,-7,-14;74,6,12;75,-2,-15;84,16,7;85,-6,-14;94,8,3;95,-3,-9;104,20,4;105,-14,-5;125,19,-19;130,12,9;135,-2,-16;140,15,4;145,-13,-13;150,21,11;155,-9,-10;160,16,4;161,-6,-10;184,32,-18;194,8,-3;203,-11,-15;204,18,7;205,-9,-6;226,20,-2;233,-1,-9;236,16,1;243,-11,-7;246,16,0;254,6,-6;255,-14,-3;264,22,-7;265,-12,1;274,11,2;275,-3,-12;284,19,-4;285,-11,1;295,9,-6;304,14,-8;305,0,-8;315,7,-9;326,14,9;327,-5,-11;357,20,-18;367,6,-7;377,8,-2;380,-5,9;387,13,-15;390,2,7;400,7,-5
rua||euripedes barsanulfo|chico xavier|13720000|5,-2161155,-4692413;6,1,7;15,8,-16;16,3,13;25,7,-17;26,4,12;35,9,-15;36,-1,14;45,3,-18;46,6,16;55,5,-13;56,4,12;65,5,-16;66,-8,-2;76,20,12
rua||ezio sarchi|vila formosa|13720000|56,-2159102,-4688865;66,2,6;71,101,32;76,-92,-30;77,-7,-5;96,17,15;97,-33,-28;130,78,43;136,-36,-25;140,12,-1;150,32,5
rua||fabio luis nicolau pereira|dionysio guedes barreto|13720000|8,-2158551,-4691037;9,4,23;18,-7,-31;19,7,26;28,-8,-30;29,0,22;38,-7,-32;39,5,23;48,-7,-28;49,5,21;58,-6,-29;59,3,25;68,-7,-31;69,2,18;78,-5,-34;79,5,32;88,-8,-32;89,4,23;98,-8,-34;99,3,19;108,-6,-29;109,4,29;118,-9,-35;119,5,24;128,-8,-30;129,3,19;138,-10,-30;139,5,22;148,-8,-31;149,8,25;158,-10,-29;159,6,27;168,-9,-36;169,5,24;179,-5,-9;188,-5,-36;189,2,32;198,-7,-36;199,2,27;208,-6,-39;218,-4,-7;219,3,24;228,-3,-32;229,1,22;238,-6,-30;239,1,27;248,-9,-36;249,11,18;258,-13,-21;259,6,26;268,-8,-37;269,5,19;278,-7,-26;279,4,20;288,-6,-30;289,2,31;298,-6,-38;299,2,23;308,-5,-30;309,1,22;318,-3,-33;319,3,27;329,-3,-4;339,-7,-14;349,2,2
rua||fausto della torre grassi|portal buenos aires|13720000|17,-2160185,-4690539;37,-20,-7;47,-15,-1;50,7,-11;87,-47,9;88,18,-7;110,-13,-1;142,-65,-37;152,-8,-8;242,-80,-148;269,36,77;278,1,-26;279,-2,12;289,-7,-19
rua||felice maria vitti|colina verde|13720000|31,-2157860,-4690941;51,15,-4;61,12,-2;62,1,9;71,3,-9;72,-20,13;81,33,-16;82,-19,7;102,14,2;121,54,-25;131,8,7;141,11,-5;151,8,-5;152,-29,19;161,34,-17;172,-2,-15;182,-4,24;192,0,6
rua||felicio mori|maria boaro|13720000|17,-2160925,-4691174;27,15,-9;37,-8,-5;47,8,-8;57,1,-7;67,8,-4;77,6,-9;87,2,-3;97,5,-7;107,2,-1;117,4,1;127,7,-13;137,5,-1;147,3,-8
rua||felicio mori|portal buenos aires|13720000|18,-2160924,-4691168;28,5,-6;38,5,-6;48,2,-3;58,10,-9;68,1,-1;78,2,-8;88,10,-2;98,-1,-8;108,6,-6;118,5,-5;138,14,-12;148,4,-9;158,8,-8
rua||felipe quessada|vale do redentor i|13720000|5,-2158618,-4690358;15,-2,-10;16,0,12;25,0,-19;26,12,4;35,-8,-12;36,2,5;45,-1,-20;46,3,3;55,-3,-11;56,6,6;65,-6,-14;66,8,9;75,-5,-18;76,10,7;85,-7,-22;86,6,11;95,-3,-17;96,6,9;105,-6,-18;106,8,7;115,-3,-12;116,5,-1
rua||fernando fernandes|carlos cassucci|13720000|18,-2160943,-4693140;110,45,41;116,26,58;150,-96,-157;401,-42,-62
rua||fernando fernandes|eduardo cassucci|13720000|250,-2161016,-4693289
rua||fernando vedovato|parque beira rio|13720000|37,-2159387,-4691188;57,22,9;87,20,2;97,7,9
rua||ferrucio tolesi|santo antonio|13720000|20,-2159607,-4689943;30,5,-1;39,3,-17;40,3,-1;50,6,-3;51,-4,2;60,13,-8;61,-9,3;72,4,-2;134,44,-44;140,10,-6;144,1,-1;150,-21,11;227,70,-72;237,4,-13
rua||figueira|distrito industrial|13720000|15,-2160511,-4692869;25,-17,6;35,-3,2;45,-14,9;55,-5,-4;77,-8,6
rua||fioravante giovanelli|distrito industrial|13720000|44,-2160613,-4692690;55,22,56;75,-4,13;84,-3,3;95,7,24;104,-2,-9;105,6,22;126,-2,4;135,6,31;138,-6,-15
rua||flamengo|jardim santa marina|13720000|51,-2159784,-4690073;62,6,-3;72,-9,-8;82,-6,0;92,-7,-9;112,-16,-12;122,-4,-10;132,-8,-12;142,-8,1;152,-3,-3;162,-17,-5
rua||flavio del buono|colina verde|13720000|45,-2158048,-4691095;46,9,0;47,6,7;48,6,3;49,7,1;50,2,3;51,9,-4;52,5,6;53,6,1;54,7,3;55,6,1;56,6,2;57,7,1;58,5,6;59,6,-2;60,5,4;61,6,3;62,4,6;63,7,-4;64,7,1;65,8,3;66,6,6;67,5,1;68,5,4;69,8,0
rua||flavio del buono|jardim sao bento|13720000|16,-2158223,-4691160;26,5,8;36,14,0;46,3,0;56,6,6;66,9,0;70,7,6;86,9,-3;87,6,-1;96,-4,7;97,14,-1;106,-3,4;107,11,-2;116,-6,4;117,13,-2;126,-4,4;136,7,4;137,9,-2;146,-1,1;147,11,-4;156,-9,8;157,14,-7;166,-6,11;167,11,-8;176,-3,6;186,9,1;187,6,2;196,1,4;206,2,1;207,18,-4;216,-8,5;217,7,0;227,10,-4;237,8,0
rua||floriano folharini|vale do redentor ii|13720000|170,-2158425,-4690891;180,15,7;190,11,4;200,2,4;210,5,2;220,14,1;230,10,9;240,10,-3;250,10,1;260,8,3;270,14,2;340,43,24;350,6,3;360,7,6;370,8,1;390,20,10;400,13,-2;410,10,8;420,6,0;440,19,-2;450,9,5;460,10,3;470,10,5
rua||floriano folharini|vale do redentor|13720000|7,-2158548,-4690944;17,6,2;27,13,6;37,3,6;47,8,0;57,8,1;67,11,5;77,11,3;87,1,1;97,14,6;127,17,4;137,-1,1;147,17,4;157,2,2;167,13,4;177,5,1;187,13,6;197,8,5;207,8,-4;217,11,8;227,6,0;237,5,1;247,17,6;257,8,3;277,14,7;287,4,3;297,7,1;327,27,-4;337,15,21;347,12,3;357,5,2;367,10,4;377,8,1;387,7,5;397,10,-6;407,7,10;417,7,1;427,12,3;437,0,7;447,15,-2;457,5,7;467,4,-5;497,36,17;507,4,4
rua||fortunato folchetti|vale do redentor|13720000|46,-2158500,-4691010;56,14,4;66,4,4;86,14,4;96,14,4
rua||francisca lasbino|vila formosa|13720000|21,-2158994,-4688652;26,-4,10;36,5,2;43,8,-8;46,6,10;55,7,-10;58,-5,7;67,18,-4;70,-7,11;78,8,-1;90,17,5;100,5,0;109,15,3;110,-9,2;113,18,-7;126,-5,8;133,13,-11
rua||francisco biondo|jardim aeroporto|13720000|36,-2161415,-4688979;46,-4,7;56,-10,5;66,-5,6;76,-11,9;81,-2,1;86,-4,3;91,-4,4;98,0,-1;867,47,-40;875,-5,7;885,-7,8
rua||francisco carvalhaes|portal da boa vista|13720000|25,-2160440,-4688013;28,0,8;34,2,9;44,-2,4;54,10,9;74,9,20;76,-2,8;122,18,41;144,23,13;194,10,35;204,14,14;214,2,8
rua||francisco cortez neto|condominio residencial macaubas|13720000|58,-2161896,-4688728
rua||francisco dessimoni|santo antonio|13720000|3,-2159349,-4689871;30,-9,-24;41,-8,4;49,-2,-2;51,-6,-8;120,-26,-44;125,-13,5;130,11,-6;143,-21,-8;160,-5,-18;180,-4,-7;205,-29,-21;217,-7,-12;223,-4,4;231,-3,-9;235,-10,-12;260,37,29;265,-47,-40;277,-10,-6
rua||francisco escobar|bonsucesso|13720000|400,-2158647,-4688012;420,-6,24;430,1,8;440,-5,10
rua||francisco escobar|jardim bela vista|13720000|10,-2158500,-4688326;100,-17,21;110,1,15;120,-10,9;130,-6,15;140,-7,11;150,-2,7;160,-3,2;170,-79,107;200,65,-86;210,-13,14;220,-10,13;230,-1,6;240,6,-2;250,-7,22;260,-4,9;270,-5,5;280,-2,7;290,-11,13;300,-5,9;310,2,6;320,-5,17
rua||francisco escobar|jardim sao jose|13720000|45,-2158496,-4688323;55,-2,14;191,-67,116;201,-3,8;211,-9,6;221,-6,8;251,-1,23;261,-9,10;301,-2,20;311,-14,37;321,0,8;367,-23,54;377,-2,4;391,-4,8
rua||francisco garcia|jardim margarida|13720000|15,-2159473,-4687707;38,-17,12;48,-5,0;55,5,-3;67,-6,-1;68,-20,15;97,4,-3;107,-22,3;117,-1,-6;118,-26,21;137,5,-8;138,-30,14;147,12,-17;148,-24,16;157,14,-13
rua||francisco glicerio|centro|13720000|2,-2159260,-4688690;59,-42,-8;62,24,6;64,-25,-17;69,-3,11;73,-11,-11;85,-9,-1;96,4,0;142,-29,-22;145,-25,-1;152,19,-3;170,-21,6;203,-50,-30;223,-14,-18;234,22,23;240,-6,-9;256,-19,-8;268,-6,2;270,-3,3;281,-11,-13;477,-217,-95;489,-11,-10;495,-5,-1;505,-6,0;513,-7,-2;539,-21,-15;546,46,17;550,-18,-6;551,-40,-13;565,-8,-9;573,-4,-4;579,-11,2;580,39,15;586,-1,0;587,-54,-23;598,37,11;603,-44,-16;604,36,10;619,-53,-16;622,48,10;628,22,19;638,-31,-17;648,-10,-7;652,-10,7;663,-55,-31;681,-4,-2;689,-21,-17;705,-18,2;706,58,22;718,-7,1;724,-4,-3;742,-18,-14;831,-128,-52;834,6,-7;853,-28,2;860,12,-12;869,-20,3;883,-11,-6;905,-28,-7;934,44,2;937,-63,-28;945,-5,0;957,-10,1;964,46,18;971,-62,-23;992,20,3;995,-37,-15;997,-7,0;1002,42,7;1007,-47,-10;1009,-14,-5;1022,39,4;1027,-38,-5;1051,6,-4;1060,5,-5;1099,-88,-45;1112,44,25;1116,-20,6;1120,-6,-14;1128,-20,-2;1139,-18,-15;1140,5,0;1147,-8,1;1148,3,-5;1157,-14,2;1160,2,-7;1165,-5,3;1172,-3,-9;1177,-9,2;1180,6,-11;1190,-11,0;1197,-17,10;1200,3,-15;1210,-7,-3;1227,-15,10;1240,-12,-24;1255,-15,-4;1297,-46,-12;1307,-1,-2;1319,-8,3;1320,7,-10;1329,-20,3;1332,8,-1;1339,-14,-1;1340,-4,-12;1345,0,8;1348,4,-16;1357,-15,12;1360,10,-15;1367,-72,62;1370,66,-62;1390,-18,-4;1404,-16,-7;1405,-3,-3;1415,-12,17;1416,-6,-25;1423,-4,13;1433,-6,-14;1443,-13,5;1453,1,-6;1508,-53,-34;1511,4,10;1512,-11,-19;1522,-7,0;1532,-10,-4
rua||francisco glicerio|vila brasil|13720000|1579,-2160610,-4689315;1589,0,0;1597,-22,-15;1607,-8,1;1613,-8,-3;1623,-4,-6;1649,-21,-6
rua||francisco maneta|vale do redentor|13720000|16,-2158521,-4691001;26,-1,-9;46,8,-12;56,6,-15;66,-3,-6;76,7,-12;86,7,-9
rua||francisco ribeiro|santo antonio|13720000|33,-2159086,-4689932;40,680,866;51,-673,-857;59,9,2;60,-5,10;70,15,6;79,4,-5;85,10,2;90,-3,18;99,12,-5;100,327,415;115,-316,-410;117,1,3;118,-9,7;128,5,9;129,5,-17;140,7,20;143,3,0;153,7,-1;160,-7,9;161,10,-4;170,-3,5;173,83,-40;180,-78,49;200,21,76
rua||francisco rodrigues silva|parque beira rio|13720000|15,-2159887,-4690596;60,20,18;100,45,-18;120,18,-4;154,38,1;165,7,-20;166,-12,13;175,15,-19;176,18,24;190,8,-11
rua||francisco rueda|colinas sao jose|13720000|103,-2160960,-4690225;110,-7,-8;123,-15,3;133,-10,-5;143,-6,-9;154,-12,-22;178,-21,-21;198,-17,-51;288,-35,-46;328,-36,-55
rua||francisco rueda|vila verde|13720000|18,-2161270,-4690479;80,91,35;90,-19,-3;100,-21,-7;187,155,145;201,-404,-342;521,379,289;854,-161,-96;861,-13,12;872,3,-20;901,-32,-23;911,-13,-19;920,-2,-6;921,-5,4;930,6,-8;931,-18,-6;970,-17,-37;980,-11,-5;981,-13,-7;995,-8,-9;1001,-14,-15;1020,-17,-21;1021,-12,10;1041,-32,-30;1050,3,-7;1060,-8,-9;1203,-23,-16;1211,-9,-16;1225,-6,-16
rua||francisco sberci|vale do redentor ii|13720000|136,-2158409,-4690701;141,8,-4;142,1,12;147,2,-9;148,5,13;153,3,-4;154,2,11;159,12,2;160,-6,4;165,16,4;166,-10,4;171,17,-3;172,-8,6;177,19,3;178,-10,5;183,18,-4;184,-8,6;190,6,6;196,9,0;203,32,6;209,13,3;215,7,1;216,-16,-1;221,25,9;222,-11,-1;227,19,-5;228,-16,10;233,24,-1;234,-13,4;239,22,-3;240,-15,1;245,24,7;246,-13,-3;251,21,3;252,-15,-3;257,13,12;258,-2,-3;264,4,2;270,14,6
rua||francisco sberci|vale do redentor|13720000|3,-2158574,-4690885;6,1,19;9,1,-5;12,14,17;15,0,-17;18,1,17;21,-1,-10;24,12,21;27,-6,-12;30,10,17;33,0,-8;36,5,12;39,-3,4;42,13,6;45,-4,-8;48,12,18;51,-9,-12;54,22,24;57,-10,-16;60,11,19;63,-6,-10;66,10,11;69,-7,-10;72,12,17;75,-6,-9;78,15,24;81,-1,-16;84,7,17;87,-3,-14;90,12,18;93,1,-9;96,4,20;99,-3,-16;102,9,18;105,3,-8;108,2,14;111,-2,-10;114,8,24;117,4,-15;120,2,19;123,-2,-10;126,10,12;129,-8,-13;135,14,11
rua||francisco tavella|portal buenos aires|13720000|10,-2160411,-4691179;20,-5,-1;21,-10,10;25,-10,1;30,18,-8;35,-23,11;40,11,-4;45,-16,1;50,15,-5;55,-22,11;60,10,-14;65,-21,15;70,13,-2;75,-21,3;80,14,-13;85,-16,15;90,6,-12;100,-5,2;110,-7,3;120,-7,-4;140,-23,8;150,-4,4;160,-9,0;170,-1,3;180,-16,-7;181,2,18;185,2,-2;190,-12,-8;200,-2,5;210,-4,-8;215,-14,21;220,2,-12;225,-7,10;230,0,-5;240,-9,-1;250,-3,-5
rua||francisquinho dias|centro|13720000|170,-2159313,-4688821;175,4,2;182,-19,-6;185,0,6;187,-2,-2;198,-8,-8;201,0,6;207,2,-1;255,-42,-23;268,-27,-14;273,15,11;283,-12,-9;291,-4,-3;299,-4,2;309,28,15;319,-38,-18;510,-199,-83;516,-11,-11;520,-51,-19;522,57,17;534,-16,-9;541,8,10;544,-11,-12;545,15,9;549,-4,3;555,2,-3;574,-37,-8;576,-2,-3;578,-4,-6;583,34,9;584,-42,-19;585,49,30;587,-22,-17;599,-6,-3;607,-27,-9;608,-6,-5;613,6,5;615,0,0;625,-7,6;628,-16,-15;645,5,-2;646,-24,-18;650,-12,1;658,1,0;663,30,14;665,-2,-3;673,-12,-5;674,-31,-17;676,-10,-3;680,-3,4;684,5,-5;685,31,17;695,-10,-2;697,0,-2;699,-7,3;707,-7,-13;708,-37,-11;709,40,17;725,-16,-4;726,-28,-15;728,-12,8;732,0,-4;734,-1,-1;746,-17,-6;749,39,5;750,-40,-15;759,30,10;760,-37,-9;770,-7,-8;771,31,14;783,-5,-2;787,-4,-3;789,-3,-4;795,-11,-3
rua||frederico henrique torres|bairro jardim eunice|13720000|285,-2160479,-4690465
rua||frederico henrique torres|bairro joao de oliveira machado|13720000|10,-2160217,-4690404;20,-17,3;30,-2,-2;40,-18,-1;50,-1,-1;60,-13,0;70,-5,-7;80,-3,-5;90,-7,2;100,-20,-10;110,-6,4;120,-3,2;130,-12,-4;140,-11,-8;168,-20,-4;178,-7,1;188,-5,-1;198,-13,-4;208,-7,-3;218,-8,-7;228,-14,-6;238,-6,-1
rua||frederico henrique torres|joao de oliveira machado|13720000|11,-2160220,-4690388;21,-13,-2;31,-12,-5;41,-12,-5;51,-6,2;61,-10,-4;71,-5,0;81,-19,-7;91,-1,5;161,-68,-31;171,-3,1;181,-7,-3;191,-7,-1;201,-11,-2;211,-12,-1;221,-7,0;231,-9,-8;251,-6,2
rua||gabriel archanjo junqueira|vila brasil|13720000|25,-2160985,-4689388;30,-2,-8;35,2,0;39,-7,-13;42,3,-1;51,-17,-12;61,5,-2;73,3,-17;74,3,1;96,1,-19;105,-12,-7;106,5,-20;115,-5,2;116,4,3;124,4,-9;125,-8,3;135,-5,-6;136,13,-6;146,-4,-4;155,-5,33;158,-2,-54;167,-11,-3;174,15,-3;190,-6,-20;203,-15,-5;206,13,3;211,-13,-22;212,13,6;221,-16,-7;222,10,-2;231,-13,0;241,1,-14;246,9,0;251,-16,-18;254,10,4;261,-5,-10;262,9,4;305,-23,-49;315,2,-6
rua||gabriel bonino|vila formosa|13720000|20,-2159012,-4688713;33,0,9;43,-7,11;53,4,10;63,0,4;95,-9,34;96,-7,0;105,-3,5;108,4,0;115,-4,9;141,-1,32;147,-8,9;155,1,-1;170,-1,13;171,-2,-1;176,5,4;183,-4,7;184,0,3;186,1,5;196,-4,7;197,10,-9
rua||gabriel braghetta|vila brasil|13720000|20,-2160561,-4689456;30,-2,-22;35,-12,21;43,-157,-51;50,155,37;118,-51,-21;121,-22,4;131,-2,-2;136,6,-14;141,-16,8;173,-31,-11;185,-6,-7;194,85,29
rua||gabriel de andrade junqueira|vila brasil|13720000|79,-2160746,-4689687;89,-16,2;98,-11,-11;99,5,7;108,-14,0;122,-6,1;140,-12,3;150,-16,9;178,-37,5;179,2,7;189,-10,3;215,-20,11;224,3,-15;227,-35,33;246,19,-37;260,-7,9;286,-27,12;300,-13,-4;305,-5,9;311,-15,4;312,15,-6;318,-16,-5;321,-3,12;327,-1,-3;328,2,-7;334,-11,6;345,-13,12;355,-3,9;360,-8,-16;370,1,-2;380,-15,5;390,-11,5;423,-30,6;430,-6,0;450,-21,9;473,-11,8;483,-13,15;511,-15,-9;512,-7,-6;521,-2,1;522,-8,2;531,-10,27;534,7,-29;548,-24,0;551,-6,7;554,0,-1;557,-28,-5;567,11,11;576,-1,-1;579,1,6;594,-12,0;600,-12,0
rua||gabriel de andrade|jardim bela vista|13720000|90,-2159183,-4688531;110,20,12;139,23,4;149,8,7;159,6,-2;171,9,9;181,15,3;191,6,8;201,9,2;213,6,6;225,13,5;245,10,6;255,8,1;261,11,4;271,2,1;281,19,11;291,5,3;340,17,22;341,13,2;350,5,22;365,3,-7;375,9,9;389,4,6;390,13,23;401,0,-15;410,11,26;415,-3,-16;425,5,4;430,6,21;435,3,-11;440,7,29;445,1,-17;450,5,28;455,-3,-21;465,7,8;475,8,12;485,6,7;495,6,11;500,-6,9;505,19,6;521,4,11;530,-5,9;590,42,17;600,13,21;603,15,6;613,0,2;620,-6,7;623,12,3;635,1,5;645,9,18;655,3,-2;665,5,4;675,12,14;681,2,2;689,21,2;690,-17,9;691,13,8;699,-14,-11;700,12,24;705,11,2;715,4,0;725,4,16;735,13,8;747,4,7;755,13,12;766,-2,7
rua||gabriel de andrade|vila formosa|13720000|15,-2159246,-4688586;25,-2,4;35,13,7;45,10,5;55,17,10;65,8,-2;77,-33,-18
rua||gabriel gervasio|vila pereira|13720000|954,-2160130,-4687779;1000,-10,-36
rua||gabriel octaviano ribeiro|portal buenos aires|13720000|20,-2160896,-4690857
rua||galileu rondinelli|vila brasil|13720000|6,-2161173,-4689385;20,-7,-10;50,7,-29;61,-17,-4;73,-5,-16;74,14,-2;83,-16,-13;84,11,6;92,-1,-7;99,-16,-11;115,5,1;160,-2,-60;165,-10,-4;168,2,21;171,-1,-24;180,8,-14;189,-15,-4;190,8,-10;199,-12,-3;200,9,-1;564,19,158;565,6,12
rua||geraldo lofrano|bonsucesso|13720000|77,-2159454,-4687727;159,31,84;379,9,55
rua||geraldo lofrano|jardim margarida|13720000|28,-2159478,-4687760;38,1,23;48,5,9;58,10,10;78,3,19;88,11,29;98,8,6;108,-1,19;128,9,17;168,10,40
rua||geraldo luis dias bicalho|portal buenos aires|13720000|8,-2161085,-4691489;18,-5,10;28,-6,8;38,-7,2;48,-3,9;58,-3,11;68,-9,1;78,-6,8;88,-9,11;98,-1,5;108,5,-2;118,-16,18
rua||geraldo pereira|colina verde|13720000|25,-2157887,-4690884;36,-20,0;56,20,12;66,12,-13;75,16,-10;76,-2,9;85,16,-10;86,-8,1;96,6,5;165,77,-22;166,-17,14;175,32,-11;176,-21,12;185,14,48;186,-9,-51;205,37,-14;215,9,-4;216,-20,12;225,28,-12;226,-27,19
rua||giuseppe antonio de rosa|portal buenos aires|13720000|21,-2160696,-4691628;31,7,3;41,7,3;51,11,3;61,12,5;81,10,9;101,20,-1;121,24,23;131,0,0;141,9,8;161,12,11
rua||guido pelicelli neto|vale do redentor iv|13720000|45,-2158649,-4690792
rua||guido raddi|vale do redentor|13720000|1,-2158606,-4690776;11,10,5;14,-1,13;21,3,-4;28,2,14;41,11,-2;42,-4,4;51,15,6;56,-8,3;61,8,4;70,-2,1;81,17,12;84,-16,-5;91,27,10;98,-17,-1;101,0,29;111,29,-17;112,-20,-4;121,28,10;126,-25,-5;131,26,11;140,-21,-1;141,34,13;151,5,6;154,-34,-19;161,40,24;168,-27,-14;171,29,18;182,-29,-6;196,9,3;210,3,-1;224,8,6
rua||guido righetti|portal buenos aires|13720000|555,-2160867,-4690850;567,9,-9;577,8,-7
rua||guido righetti|vila verde|13720000|11,-2161228,-4690555;18,-54,59;21,5,-16;28,8,7;37,0,-17;41,9,-3;48,8,5;51,-3,-14;58,6,6;61,7,-14;68,-4,12;71,10,-10;76,3,0;81,6,-10;86,2,6;96,12,-7;108,6,-7;170,25,-20;171,26,-39;175,-68,58;180,46,-25;185,-33,20;187,71,-64;190,-34,41;195,-31,13;197,74,-60;200,-29,38;205,-22,11;207,56,-55;215,-64,55;219,78,-62;220,-29,23;225,-43,34;227,79,-64;230,-32,30;235,-40,26;237,74,-61;240,-12,27;245,-52,28;247,73,-63;250,-16,27;260,6,-4;270,14,-12;271,28,-28;280,-23,25;290,6,-5;300,2,-6;301,24,-32;310,-12,30;311,22,-33;320,-8,15;321,18,-18;330,-18,23;331,25,-34;340,-10,17;341,16,-23;350,-11,24;360,11,-11;370,3,-3;380,12,-7;391,28,-37;400,-8,14;401,17,-21;410,-15,19;411,18,-16;427,13,-17;430,-16,26;437,24,-31;447,6,-9;450,-9,22;457,17,-25;460,-11,20;467,17,-27;470,-9,22;477,23,-28;487,5,0;500,0,0;507,7,-13;508,10,0;518,12,-9;520,-22,20;525,-7,-7;528,38,-19;538,1,0;548,14,-12
rua||guido seccondo bozzini|portal buenos aires|13720000|100,-2160659,-4690665;110,-4,-19
rua||guilherme alves|centro|13720000|12,-2160468,-4688932;22,5,-12;938,34,-119;1700,-39,103;1701,13,2;1710,-15,17
rua||guilherme ramazotti|colina verde|13720000|11,-2157925,-4690826;21,19,-5;61,35,-13;71,9,2;81,5,1;91,9,-1;101,15,0;121,10,-3
rua||guilherme tell|santo antonio|13720000|204,-2159411,-4690140;214,6,-2;234,-26,-12;235,9,21;244,-15,-25;249,-2,15;254,-14,-23;259,13,20;264,-15,-18;269,0,13;274,-7,-13;279,2,7;284,-12,-17;289,4,14;294,-13,-20;299,5,19;304,-9,-19;309,6,4;314,-11,-10;324,-15,-10;334,-2,-4;344,-18,-6;354,0,-9;364,-11,2;374,-7,-3;384,-5,-12;427,-35,-10;437,0,2;447,-12,-12;457,-51,42;467,47,-42;477,-12,-2;487,-19,-2
rua||gustavo ribeiro de avila|vale do redentor iv|13720000|5,-2158764,-4690660;15,-8,4;16,4,-12;25,-13,6;26,-4,-5;35,-6,8;36,5,-9;45,-20,2;46,10,-4;55,-11,10;56,2,-10;65,-18,8;66,8,-6;76,-10,-3;85,-5,11;95,-16,3;96,7,-15;105,-18,11;106,13,-11;115,-19,10;116,7,-7;125,-14,11;126,7,-10;135,-10,5;136,-10,-15
rua||helena bittencourt rodrigues|loteamento oto bitencourt|13720000|52,-2158715,-4688321;72,-4,22;82,-12,12;92,-5,10
rua||helena maria da silva|jardim sao jose|13720000|1,-2158919,-4687782
rua||henrique lazarini|vale do redentor iv|13720000|6,-2158745,-4690594;16,-1,-10;26,-7,-10;36,8,-22;46,-5,-1;56,3,-3;66,-2,-9;76,1,-13;86,1,-4;96,1,-14;106,-2,-15;116,2,-3;126,-6,-8
rua||henrique trinca|vale do redentor ii|13720000|215,-2158437,-4690669;225,1,10;235,8,3;245,3,12;255,9,10;265,14,-4;275,7,8;285,6,12;295,14,-2;305,12,8;315,5,-3;325,15,6;355,33,17;365,10,1;366,-4,5;375,6,-2;376,-4,7;385,20,-10;386,-4,11;395,8,-4;396,5,7;405,8,-1;406,-7,6;415,20,-7;416,-4,9;425,10,-3;426,-9,6;435,13,0;436,1,7;445,9,-6;446,-13,6;456,15,4
rua||henrique trinca|vale do redentor|13720000|5,-2158593,-4690834;15,8,8;25,6,6;26,-21,5;35,26,8;36,-3,7;45,9,-2;46,-10,-1;55,20,7;56,-3,-1;65,9,5;66,-4,7;75,8,0;76,-1,5;85,24,9;86,-24,-4;95,15,7;96,-3,3;105,10,-3;106,-6,3;115,12,7;116,-7,3;125,6,-5;126,5,16;135,8,2;136,-5,0;145,8,4;146,1,4;155,-16,10;156,25,-4;165,12,7;166,-9,2;175,13,6;176,-5,-2;185,10,4;186,-5,1;195,5,5;196,-1,5;205,19,2;206,-13,3
rua||henry nestle|jardim bela vista|13720000|56,-2158751,-4688466;116,36,25;156,40,17;166,6,0;176,14,10;186,6,2;196,5,3;206,12,-3;236,25,1;256,15,13;270,48,20;296,24,8;306,11,2
rua||henry nestle|jardim sao jose|13720000|370,-2158456,-4688342;386,20,5;404,5,6;522,139,61;534,5,5;604,66,15
rua||henry nestle|vila formosa|13720000|225,-2158572,-4688400;235,12,4;245,10,-6;255,4,12;265,13,-1;285,6,2;299,17,-3;309,4,10;801,800,434;1301,62,56;1303,-54,-37;1323,21,11;1401,65,42;1501,-55,-35;1701,250,178;1755,-70,59
rua||hermenegildo landini|parque beira rio|13720000|41,-2159267,-4690242;118,-9,-6;126,-8,-5;136,-5,4;146,-10,-7;156,-14,-5;166,-5,-2;176,-5,-10;184,-7,-2;196,-11,-7;216,-5,2;226,-3,-2;236,-19,-3;266,-9,-12
rua||hermenegildo landini|santo antonio|13720000|33,-2159210,-4690202;50,-10,-14;51,3,13;58,-12,-20;70,-5,-5;82,-9,-6;115,-34,-14;125,-5,-8;135,-7,4;139,-10,6;155,-10,-15;163,0,-1;183,-23,0;189,-4,0;199,1,-3;211,-11,-11;231,-14,-3;233,-14,-7;241,-3,1;253,-11,-2;269,-11,-15;277,-8,1;291,-22,6
rua||higino salvadori|vila formosa|13720000|7,-2158409,-4688466;17,-9,10
rua||humberto breda|portal buenos aires|13720000|20,-2160684,-4691665;25,2,-25;30,-2,25;35,19,-5;40,-5,12;45,13,-12;50,-2,11;55,14,-7;60,-11,7;65,21,-1;70,-14,7;75,21,-5;80,-12,6;85,21,-3;90,-4,7;100,0,0;105,16,-4;120,14,29;125,8,-13;130,1,18;135,6,-9;140,4,17;145,8,-8;150,-6,11;155,6,-9;160,2,18;165,3,-11;185,16,15;195,1,2
rua||idalia botelli|joao de souza|13720000|13,-2158739,-4689001;21,-11,11;30,-53,133;33,42,-121;87,-9,44;97,0,6;105,4,-18;111,-11,34;121,1,3;131,-9,10;185,-18,56;201,1,9;207,-14,8;215,-1,8;263,-18,40;273,0,12;279,3,2;289,-8,10;303,-17,28;313,10,-20;317,-4,16;327,-3,21
rua||idalia botelli|vila formosa|13720000|7,-2158744,-4688998;8,-13,-1;143,-96,262;272,13,-40;280,-7,13;290,-3,8;300,5,4;344,-2,56;345,-9,-6;354,-18,7;355,12,2;357,-7,11;365,-1,10;368,-6,-17;380,-7,17;384,1,5;385,8,-2;388,-12,6;392,-2,10;397,13,-3;409,-3,9;441,-18,31;445,-7,12;446,-9,-1;454,2,5;455,9,0;461,-9,14;464,-2,-2;469,-7,21;476,-4,-7;479,4,8;482,1,3;495,-2,5;496,-17,5;504,4,2
rua||ireno zanata|vale do redentor iv|13720000|5,-2158765,-4690747;6,2,-5;15,-3,4;16,1,-4;25,-19,6;35,-3,3;36,-3,-9;45,-14,8;46,12,-10;55,-15,12;56,6,-2;65,-20,-3;66,9,-1;75,-12,3;76,1,-7;85,-15,7;86,9,-4;95,-25,5;105,-1,0;115,-7,4
rua||irma massini|parque beira rio|13720000|28,-2159305,-4690990;48,13,10;77,38,21;88,-8,3;117,41,19;128,-16,1;138,4,8
rua||isidoro pereira|vila pereira|13720000|41,-2159710,-4688431;53,-1,5;58,-13,15;65,3,-19;70,1,13;75,-5,-7;78,-10,-4;664,57,-6
rua||ismael rodrigues|santo antonio|13720000|13,-2159500,-4689806;30,18,-14;31,-17,9;37,11,-9;47,-4,-20;48,13,20;58,11,-8;64,-8,-5;84,-2,16;104,48,-55;144,18,-17;145,-18,7;154,9,2;155,-3,-9;164,12,1;165,-7,-6;175,11,-10;176,4,9;185,-2,-15;194,17,0;195,-8,-13;204,5,16;221,13,-29;222,9,6;233,-4,-9;234,6,4;243,2,-13;253,5,-9;263,10,-7;264,0,13;283,15,-23;345,52,-23;365,10,-8;375,7,-5;408,44,-9;434,12,-3;456,16,-12;457,-21,0;467,17,-16
rua||itagiba d avila ribeiro|jardim dos ipes|13720000|20,-2161244,-4690928;30,7,-2;31,-9,-16;40,16,4;50,10,-3
rua||italia|santo antonio|13720000|16,-2159107,-4690019;40,-7,-13;50,13,10;55,-9,-22;60,6,23;74,-25,-44;75,-8,1;91,-2,-15;99,-4,-11;100,7,6;117,-13,-17;120,1,2;127,-4,-11;134,-2,3;142,-4,-7;143,-7,-13;152,0,-4;166,-3,-12;182,-5,-9;204,-11,-19
rua||italo piovesan|santo antonio|13720000|25,-2159363,-4689979;34,-2,-13;35,-4,5;41,-9,-14;53,-5,-1;54,2,-2;63,-8,-5;64,8,-1
rua||itororo|vila pereira|13720000|6,-2159395,-4688430;19,1,8;25,-20,5;27,0,0;36,-7,-9;47,-9,11;58,-4,-6;90,-24,-1;116,-28,6;128,-8,3;131,-10,5;133,-2,2;140,-4,-4;145,-11,5;147,-4,-2;150,-1,-1;161,0,4;164,-19,-3;171,8,6;179,-10,-1;200,-28,-2;206,-1,2;224,-13,-3;226,-5,3;240,-8,0;252,-24,4;313,-60,18;322,8,-5;323,-8,9;328,-5,-10;332,0,4;333,-17,4;344,4,-3;354,-7,-1;368,-19,2;375,8,7;400,-34,-6;413,-10,16;420,0,-11;424,-11,2;427,2,7;439,-19,4;444,-11,-8;449,8,9;454,-21,-9;455,11,8;471,-9,1;483,-33,4;505,-11,-4;515,-16,10;525,-10,3;535,-9,-9;545,-11,7;555,-8,2;600,-17,-10
rua||ivo venancio da costa pereira|natal merli|13720000|17,-2158177,-4690443;22,10,13;27,7,-13;32,3,11;37,6,-8;42,3,8;47,2,-8;52,6,14;57,0,-11;62,7,11;67,5,-14;72,8,15;77,-8,-4;82,16,10;87,0,-12;92,4,9;97,2,-9;102,13,11
rua||izaura cagnoni landini|jardim margarida|13720000|44,-2159389,-4687458;90,-55,60;130,-46,64;140,-8,4
rua||izidoro locatelli moreno|colina verde|13720000|14,-2158040,-4690991;15,8,-9;16,3,-7;17,-2,-9;18,5,-10;19,2,-5;20,3,-5;21,1,-7;22,1,-6;23,9,5;24,-3,9;25,-3,7;26,-1,8;27,-2,6;28,-2,6;29,-3,6;30,-4,6;31,1,6;32,-4,9;33,-1,6;34,-2,5;35,-4,6;36,-4,7;37,0,8;53,-7,15;54,-3,4;55,0,7;56,-4,6;57,1,7;58,-6,5;59,0,7;60,-3,8;61,-2,6;62,-2,4;63,-3,7;64,-3,6;65,-4,6;66,-3,6;67,-1,7;68,2,10
rua||izoleta vilela figueiredo nasser|bairro jardim eunice|13720000|91,-2160574,-4690624;101,-7,-1;111,-12,-2;123,-12,1;133,-11,-4;155,-21,-2
rua||izoleta vilela figueiredo nasser|portal buenos aires|13720000|90,-2160542,-4690644;100,-18,6;110,-8,3;120,-22,-2;136,-15,3;140,-10,-3;150,-27,-3;160,-13,1;240,28,3
rua||jaboticabeira|distrito industrial|13720000|16,-2160501,-4692826;26,-3,6;27,-3,9;36,-6,-7;37,-3,7;45,-5,0;46,1,-6;56,-11,0;57,0,12;66,-14,-12;67,-2,14
rua||jacob joao|carlos cassucci|13720000|9,-2160677,-4693306;10,-7,-9;19,-2,16;20,-1,-16;29,-5,15;30,-2,-7;39,-3,10;40,-2,-9;49,-7,19;50,1,-19;69,-10,23;70,-8,-15;79,-13,11;80,-4,-6;89,-4,13;90,-5,-17
rua||jandira salvadori foiadelli|portal buenos aires|13720000|22,-2160201,-4690708;31,-13,17;32,2,-14;41,-14,20;42,6,-12;52,-10,6;61,-8,14;72,-9,-3;82,-10,6;91,-1,13;92,-7,-6;101,-5,16;102,-5,-10;111,-5,10;112,-2,-9;121,-2,12;131,-10,4;132,-8,-8;141,-2,12;142,-2,-8;151,-7,16;161,-7,-6;162,0,-5;171,-9,23;172,3,-14;221,132,-78
rua||jeremias polachini|jardim mercedes|13720000|5,-2158996,-4691627;10,12,6;15,-2,-11;20,6,4;25,3,-8;30,8,4;35,-5,-6;40,5,6;45,7,-6;50,3,3;55,3,-8;60,11,3;65,-3,-6;70,4,-1;75,0,2;80,10,-2;85,4,-8;90,2,3;95,4,-8
rua||joana lasbino|joao de souza|13720000|213,-2158851,-4688708;219,30,9;327,-32,-16
rua||joana lasbino|vila formosa|13720000|16,-2158977,-4688738;28,10,-5;50,14,-7;60,23,3;70,13,21;80,0,-8;97,14,-1;102,-1,11;107,10,-4;110,1,6;123,8,-6;133,9,0;143,13,10;158,34,27;180,14,7;240,-187,-55;303,247,71;310,7,16;320,5,3;350,1,-3;360,-248,-85;397,294,96;403,23,12;407,4,0;417,6,0;427,8,5;437,12,7;438,-5,11;447,5,-5;465,26,7;485,11,5;495,14,5;496,-11,3;500,4,6;506,7,3;507,20,-2;516,-5,7;517,15,-4;527,5,4;553,20,8;563,8,4;568,-2,10;575,7,-8;578,5,14;585,11,-11;588,-7,16;595,8,-12;600,1,14;603,6,-11;605,4,2;610,4,15;620,5,-1;621,7,-9;640,4,32;660,20,-8;676,15,4;686,15,9;696,1,2;706,10,6;736,23,11;746,12,2
rua||joao albino dos santos|carlos cassucci|13720000|5,-2160645,-4693209;6,-5,-2;15,1,11;16,-9,-10;25,3,10;26,-13,-8;35,-1,15;36,-1,-14;45,-7,19;46,-5,-14;55,-1,12;56,-9,-7;65,-4,15;66,-5,-12;75,-8,5;76,-2,-3;85,-5,9;86,-3,-4;95,-3,8;96,-5,-9;105,-1,9;106,-4,-6;115,-8,10;116,0,-8;125,-4,11;126,-10,-6;135,5,7;136,-12,-3;145,1,3;146,-9,2;155,1,3;156,-9,-4;175,-19,18;176,-7,-6;185,-6,8;186,1,-9;195,-2,10;196,-9,-5;205,-5,7;206,-8,-6;215,4,8;216,-9,-1;225,0,7;226,-10,-13;235,-3,17;236,3,-15;245,-9,17;246,-8,-10;255,0,9;256,-7,-4;265,0,9;266,-6,-10;275,-4,14;276,-7,-13;285,-3,14;286,-4,-9;295,-3,34;296,-6,-28;306,-5,1
rua||joao alcantara|vila formosa|13720000|6,-2158528,-4688879;13,11,15;57,-16,26;60,-9,4;67,10,9;70,-12,-3;77,5,11;82,-12,3;87,9,6;93,-7,9;108,-9,5;115,7,3;120,-10,10;125,3,8;153,-6,20;159,-13,25;171,8,-13;174,-24,3;177,21,0;183,-2,5;189,-2,5;194,-9,7;199,4,5;204,-11,8;209,7,4;219,0,7;250,-24,19;255,-47,151;260,47,-139;270,-6,10;271,11,1;280,-12,4;281,6,7;291,-2,6;292,-7,-4;313,-3,23;323,2,-2;341,-2,28;351,-11,12;356,-2,-1;361,3,7;371,-7,12;376,-11,-6;383,12,13;386,-12,-8;396,-4,20
rua||joao antonio garcia mendes|loteamento quinho maldonado|13720000|48,-2160524,-4692488;58,-5,9;68,0,6;83,-1,31;88,-4,-10;98,-9,8;118,-1,10;138,-5,17;148,-6,9
rua||joao batista destro|centro|13720000|15,-2160512,-4689001;35,-2,-6
rua||joao batista perrela|joao de souza|13720000|16,-2159147,-4688951;17,-14,-4;20,15,-11;22,-26,-154;23,12,126;31,-23,-170;33,20,162;34,6,27;44,3,-6;45,-9,-36;51,-17,-123;55,20,112;61,-21,-119;65,-1,-7;67,16,129;81,-17,-148;86,30,154;88,-25,-162;93,-6,-4;96,23,155;99,-26,-159;100,5,-2;112,0,-12;115,-4,0;120,-1,-10;152,2,-18;155,-11,-12;159,26,143;160,4,6;164,-23,-152;170,20,140;180,7,20;200,-6,-52;210,-13,-10;220,0,-11;230,1,-6;240,-2,-7
rua||joao bergamasco|santo antonio|13720000|41,-2159123,-4690395;51,-12,-7;61,-3,0
rua||joao bergamasco|vale do redentor iv|13720000|40,-2159117,-4690392;50,-11,-5;60,-9,-7;90,-39,-28;135,-32,-18;145,-8,-4
rua||joao bortot|vale do redentor|13720000|2,-2158447,-4690943;12,10,-7;22,5,-5;32,5,-3;42,10,-3;52,7,-5;62,8,-6;72,7,-4;82,12,-3;92,3,-2;102,9,-8;112,7,-11;122,7,1;132,11,-2;142,5,-8;152,14,-1;162,13,-4
rua||joao casagrande|centro|13720000|148,-2160284,-4689523;156,-2,15;168,-1,4;171,5,-8;179,3,4;181,-6,7
rua||joao casagrande|vila maschieto|13720000|14,-2160219,-4689650;21,-8,10;26,4,-7;32,-8,6;34,0,2;37,4,4;41,-4,6;46,-4,-2;55,0,22;58,-8,-7;67,1,14;72,-5,1;77,4,7;84,-9,2;94,-6,4;95,5,16;109,-3,7;110,-10,-4;116,0,9;132,-9,9;679,54,-100
rua||joao da silva rocha|portal buenos aires|13720000|12,-2160346,-4690877;22,-10,11;32,-4,0;42,-2,2;52,-15,3;62,-8,1;72,-10,2;82,5,-3;92,-14,2;102,-9,8;112,1,2;122,-10,-1
rua||joao duva|distrito industrial|13720000|20,-2160720,-4692589;60,70,503;63,52,243;120,2,-69;280,-27,-126;310,-1,-53;360,-17,-66;555,-12,-165;765,-65,-217;810,25,85;820,-17,-16;825,-26,-161;830,20,130;840,3,-19;870,-5,-48
rua||joao fagioli|colina verde|13720000|38,-2158012,-4690940;39,5,-7;40,3,-5;41,2,-5;42,2,-7;43,4,-6;44,2,-7;45,2,-5;46,2,-6;47,4,-7;48,4,-7;49,0,-5;50,2,-6;51,2,-6;52,2,-8;69,-79,196;70,9,-1;71,0,-8;72,2,-7;73,5,-7;74,-1,-6;75,3,-6;76,2,-5;77,5,-7;78,0,-4;79,3,-11;80,3,-6;81,0,-6;82,5,-5;83,-3,-7;84,4,-8;85,53,-104;86,-6,5;87,-1,5;88,-2,9;89,0,6;90,-4,7;91,-1,8;92,-1,4;93,-1,8;94,-5,5;95,-1,6;96,-4,7;97,-1,6;98,-2,5;99,-1,8;100,-4,7;117,-3,17;118,-4,5;119,-3,6;120,-3,6;121,-2,7;122,-2,5;123,-1,11;124,-2,2;125,-5,5;126,-3,8;127,-2,7;128,-2,6;129,0,8;130,-6,7;131,1,5
rua||joao fernandes da silva|vale do redentor ii|13720000|295,-2158317,-4690406;325,42,20;366,53,27;372,7,6
rua||joao fernandes da silva|vale do redentor|13720000|6,-2158674,-4690582;12,4,8;18,13,-9;30,21,4;36,7,3;42,9,2;48,9,4;54,12,1;60,2,1;66,16,0;72,8,-5;78,7,8;84,12,3;90,8,3;110,20,7;116,9,-1;122,12,6;128,3,0;134,9,2;140,20,3;146,-3,-1;158,25,7;164,3,6;174,14,-2;180,10,13;186,7,3;192,5,4;198,16,11;204,0,-3;246,31,59;252,4,14;258,4,6;264,4,6;270,5,10;276,4,6;282,6,3;288,10,4;294,7,3;300,9,3;306,3,6;312,8,4;318,7,3;324,13,0;330,6,1;336,13,4;342,5,0;348,12,8
rua||joao fernandes vieira|natal merli ii|13720000|11,-2157884,-4690482;182,-129,-28;194,14,-1;204,15,4;214,7,6;234,19,-6;254,18,8;264,15,4;282,9,-1;302,16,19;312,12,3;322,4,3;332,0,1;342,15,5;352,5,16;362,26,2;372,14,2;392,7,7;395,17,3;412,6,2;421,12,1
rua||joao fernandes vieira|natal merli|13720000|10,-2158159,-4690536;11,6,-10;20,9,13;21,4,-7;30,-3,6;31,14,-6;40,-18,4;41,30,-5;50,-7,10;51,11,-10;60,-1,17;61,6,-12;70,-1,8;71,13,-8;81,7,2;90,-1,9;91,9,-11;100,1,10;101,10,-5;110,3,8;111,7,-5;120,-2,2;121,9,-3;130,-7,12;131,19,-16;140,-6,19;141,19,-11;150,-6,14;151,9,-17;152,7,17
rua||joao firmino faria|fartura|13720000|22,-2161395,-4689577;32,12,-7;42,6,4;54,4,-2;64,14,-3;84,12,-11;94,1,-1;120,23,-30;121,-9,1;130,8,-10;131,4,1;140,2,-12;150,8,-8;151,-6,3;160,4,-6;161,2,-2;170,12,-3;171,-9,-4;180,13,-6;181,2,-7;191,3,-4;200,5,-4;201,-2,-9;211,0,-4
rua||joao fonseca filho|vila maschieto|13720000|340,-2160311,-4689782
rua||joao gabriel|eduardo cassucci|13720000|33,-2160953,-4693486;57,-45,-8;63,-10,-11;73,-11,-1;83,-9,-7;93,-8,-4;103,-8,4;113,-9,-2;123,-4,-4
rua||joao garcia|jardim sao jose|13720000|8,-2158598,-4687607;18,-40,-13;34,48,-17;44,0,-11;64,13,-19;74,-3,-7;84,6,-17;94,9,-4;110,2,-10;120,1,-13;142,11,-16;152,-2,-3;182,11,-27;192,4,-8;202,5,-12;210,3,-22;232,-18,44;255,36,-89;293,0,-53;303,15,-6;313,6,-14;323,4,-11;333,5,-11;343,1,-6;355,7,-15;365,1,-7;375,5,-15
rua||joao garcia|parque sao domingos|13720000|19,-2158596,-4687642;29,4,-15;51,11,-23;115,11,-32;125,7,-17;135,4,-12;141,3,-1;151,3,-16;161,9,-15;171,4,-17
rua||joao goncalves|jardim nova belmonte|13720000|320,-2160523,-4689677;330,-2,12;337,0,-21;347,-1,-9;350,10,-1;353,-9,-6;366,10,-2;373,-6,-12;377,2,-6;378,7,8;386,-6,-3;396,13,-17;408,12,-5;420,-5,-14;427,-34,72;430,37,-79;440,6,-8;450,1,-4;455,7,-9;465,-9,-13;485,11,-27
rua||joao goncalves|vila brasil|13720000|21,-2160643,-4689405;22,17,3;29,-9,-16;38,11,2;43,-10,-7;52,12,-3;53,-11,-13;61,-2,20;62,17,-11;72,4,-20;85,3,8;95,-6,-26;100,-20,96;128,43,-122;138,5,-5;143,-3,-21;152,10,-29;153,-18,32;160,-1,19;162,15,-25;163,-8,-5;179,8,-15;180,13,8;256,22,-74;266,2,-14;276,7,-7;286,3,-12;287,-18,23;296,20,-29;297,-18,18;317,1,-3
rua||joao jose schiezaro|vale do redentor i|13720000|5,-2158691,-4690493;15,10,3;25,6,0;35,11,5;45,10,-3;55,4,6;65,14,-1;75,-5,6;85,13,-1;95,18,-6;105,8,8;115,12,0;125,3,-1;135,10,2;145,10,4;155,9,4;165,28,3;175,2,3;180,7,12;185,0,-12;190,6,13;195,1,-4;200,9,5;205,8,-3;210,-1,7;215,11,-13;220,-7,10;225,14,-6;230,3,1;235,9,-5;240,2,8;245,9,-9;250,-1,8;260,3,3;270,13,3;280,6,-3;290,13,1
rua||joao jose schiezaro|vale do redentor|13720000|318,-2158402,-4690445
rua||joao lasbino|jardim bela vista|13720000|100,-2159111,-4688546;120,36,-1;134,9,5;180,47,14;190,3,-1
rua||joao lasbino|vila formosa|13720000|121,-2159083,-4688557;187,64,26;207,20,-1;215,10,-12;231,12,0;241,17,1;257,18,-8;511,0,0
rua||joao lucas filho|parque beira rio|13720000|21,-2159871,-4690450;33,5,7;55,5,22;67,0,11
rua||joao maldonado ayala|portal buenos aires|13720000|12,-2160276,-4690889;22,-2,-8;25,-7,11;32,2,-25;35,-3,18;44,2,-28;45,-3,20;54,4,-28;55,-6,20;65,-4,-5;75,2,-9;85,-2,-13;95,-1,-1;102,1,-38;105,-3,32;112,2,-42;115,-6,34;133,1,-12;135,1,-8;145,-8,-8;155,0,-7
rua||joao mariano de oliveira|distrito industrial|13720000|34,-2160545,-4691983;37,9,-1;47,9,26;50,-17,-16;67,28,33;77,-10,51
rua||joao modesto de castro|jardim aeroporto|13720000|193,-2160836,-4689164;216,-11,-2;223,-7,30;226,3,-18;230,6,40;236,-14,-20
rua||joao modesto de castro|vila brasil|13720000|20,-2160779,-4689323;28,3,-3;32,-1,-2;44,-9,28;55,6,3;59,-16,40;60,108,-9;74,-104,-30;77,4,22;84,-9,-4;133,-30,76;136,9,-35;148,-5,15;168,-9,19;176,0,8
rua||joao moreno|colina verde|13720000|101,-2157967,-4690919;102,3,-5;103,2,-7;104,5,-7;105,0,-8;106,5,-6;107,2,-6;108,2,-5;109,3,-7;110,3,-7;111,2,-7;112,2,-5;113,-1,-6;114,4,-5;115,11,-13;116,-6,-1;132,-76,203;133,4,-7;134,4,-8;135,0,-8;136,2,-6;137,4,-8;138,-1,-7;139,4,-5;140,5,-7;141,0,-6;142,3,-6;143,2,-6;144,1,-7;145,-4,-8;146,-1,-6;162,62,-106;163,-2,9;164,-3,5;165,-2,7;166,-4,6;167,1,8;168,-4,5;169,-3,6;170,-1,8;171,-4,5;172,-1,6;173,-3,6;174,-3,6;175,-5,6;176,-1,6;177,-4,8;178,-5,15;179,0,8;180,-3,5;181,-2,5;182,-4,9;183,2,7;184,-4,6;185,0,8;186,-6,4;187,-3,4;188,-2,7;189,-2,7;190,-3,6;191,-4,5;192,-2,8;193,1,7
rua||joao octaviano ribeiro da silva|vila brasil|13720000|4,-2160699,-4689523;12,-6,0;20,-14,2;30,-1,2;44,-16,3;100,-49,17;116,-8,1;117,-7,11;126,-2,-14;133,-5,13;136,-11,-8;146,-6,4;156,-6,3;159,-5,9;160,157,-33;169,-159,29;177,-7,6;180,154,-44;185,-166,44;200,-8,-9;218,-30,10;235,-45,20;236,27,-15;246,-5,4;255,-12,22;256,5,-25;266,-6,1;275,-9,12;276,-8,-2;286,-18,-1;291,11,7;295,-11,2;305,-5,3;321,-4,1;374,-43,1;384,-25,3;387,5,5;394,-7,-7;399,1,11;406,-10,-5;409,-1,11;421,-7,7;426,-10,-20;433,-5,15;436,-12,-8;443,2,12;453,-6,1;476,-33,-5;486,-10,4;487,-12,17;497,10,-2;500,-9,-11;510,-5,4;519,1,12;530,-12,-9;570,-33,2;588,-15,6;596,-7,4;600,-9,2;612,-5,3
rua||joao palopoli|dionysio guedes barreto|13720000|5,-2158562,-4691452;6,16,7;15,-14,-11;16,4,2;25,-8,-18;26,4,9;35,-9,-12;36,9,11;45,-18,-18;46,15,3;55,-16,-11;56,11,9;65,-14,-14;66,11,7;75,-13,-14;76,9,7;85,-17,-18;86,14,6;95,-13,-13;96,8,6;105,-17,-11;106,11,6;115,-12,-12;116,11,13;125,-16,-14;126,9,-4;145,-22,-28;146,6,3;155,-11,-15;156,12,14;166,-12,-19;175,-7,-2;176,9,0;185,-14,-11;186,12,4;195,-18,-8;196,6,-2;205,-8,-4;206,10,3;215,-7,-9;216,3,5;225,-10,-15;226,9,9;235,-9,-16;236,6,10;245,-18,-20;246,17,14;255,-19,-17;256,10,9;265,-16,-18;266,8,10
rua||joao paulino de carvalho|joao de souza|13720000|50,-2159079,-4688939;70,-6,-25;73,-5,10;77,5,-15;80,3,-7;83,-11,6;90,5,-11;100,-2,-7;110,-38,-217;112,42,201;113,-11,8;123,2,-3;130,5,-15;133,-11,4;143,-2,-8;148,13,-8;153,-15,-4;163,3,-5;170,6,-17;180,-3,-8;192,0,-14;201,-13,6;208,13,-21;218,-3,-2;223,-8,-12;227,-2,-8;233,-1,-12;238,7,-1;248,-6,-3;258,3,-18;289,-13,-16;299,-2,-9;309,5,-15;310,5,-9;320,-1,-10;321,-7,5;347,-6,-12
rua||joao quessada|parque beira rio|13720000|38,-2159321,-4690907;51,77,35;58,-64,-30;68,9,3;78,8,7;88,3,9;98,5,4
rua||joao quessada|vale do redentor|13720000|22,-2158138,-4690986
rua||joao santurbano|eduardo cassucci|13720000|15,-2160732,-4693503;18,8,-15;23,-15,18;28,7,-13;31,-21,12;38,11,-3;39,-20,11;47,-2,2;48,15,-15;55,-35,14;58,29,-12;63,-32,19;68,17,-21;71,-27,24;78,20,-17;79,-30,19;87,-5,5;88,30,-25;95,-44,26;98,38,-12;101,-40,14;108,29,-19;109,-39,25;115,-7,0;118,30,-20;123,-44,19;128,37,-16;131,-45,21;138,35,-19;148,-2,1;149,-52,26;157,-3,-1;158,45,-22;165,-53,27;168,44,-27;173,-57,32;178,43,-27;181,-59,32;191,2,2;201,-12,6;208,40,-28;211,-49,25;218,42,-17;221,-52,22;228,43,-20;231,-51,18;238,49,-10;241,-57,16;251,-12,6;261,-8,1;271,-5,-3;281,-15,9;291,-2,6;311,-19,3;321,-6,2;331,-10,3;341,-13,-1;351,-4,6
rua||joao valeriano de andrade junior|carlos cassucci|13720000|7,-2160661,-4693257;8,-2,-16;17,2,16;18,-8,0;27,-11,11;28,6,-10;37,-15,12;47,-3,-1;48,-1,-7;57,-6,10;58,-5,-6;67,-4,11;68,-4,-10;77,-14,8;78,4,-2;87,-8,3;88,-9,-6;97,-5,10;107,-6,10;117,-10,1;127,-6,5;137,-6,2;147,-10,0;157,-6,4;177,-28,11;187,-7,4;197,-4,6;207,-13,2;217,0,-1;227,-10,4;237,-18,-5;247,-9,9;248,-2,-10;257,-1,9;258,-1,-6;267,-6,12;268,-3,-10;277,-6,13;278,1,-10;287,-4,10;288,-7,-8;297,-13,10;298,2,-3;307,-4,-13;308,-7,16;318,-4,1
rua||joao vitto|parque beira rio|13720000|9,-2159897,-4690480;233,-23,-84;250,17,18;260,-8,15;264,7,-24;266,-2,-7;268,-3,-4;276,-1,-42;281,-16,8;286,14,-12;290,9,85;291,-21,-99;298,12,6;315,71,-88;318,-74,64;325,-18,-8;351,19,-14;367,13,-11;399,24,-23;400,-6,18;421,27,-24;440,18,10;447,15,-15;460,10,7;515,52,-10;531,15,4;712,-43,3;722,12,1;734,8,2;744,21,-3
rua||joaquim apolinario|vale do redentor iv|13720000|15,-2158784,-4690828;175,-97,102
rua||joaquim da silva rocha|portal buenos aires|13720000|113,-2160453,-4690837;133,-16,1;142,22,-14;143,-25,20;152,19,-15;153,-29,18;162,25,-15;163,-6,7;172,3,-8;173,-36,12;182,26,-5;183,-33,12;192,22,-12;202,-6,-1;212,-11,5;222,-6,1;230,-3,6;240,-8,-4;252,-3,2
rua||joaquim faustino dos santos|portal buenos aires|13720000|18,-2160517,-4690746;27,-6,-9;28,6,-4;37,-7,-4;38,4,-3;47,-9,-3;48,7,-4;58,-1,-4;67,-11,-3;77,3,-8;78,7,-5;87,-9,-2;88,6,-9;97,-9,3;107,0,-12;127,-4,-12;137,-1,-7;147,0,-8;157,-2,-10;158,-19,-91;167,19,85;177,-4,-7;187,-8,-5;227,-3,-38;237,0,-13;252,-10,-45;257,8,23;267,1,-19;277,-7,-9;286,-14,-72;325,-3,3;335,1,-11;345,-4,-15;365,-2,-17;375,-1,-16;385,-11,-30;391,-1,16;395,1,-7;405,-3,-10;425,-5,-23;435,-3,-19;445,-1,-8;451,0,-1;461,-4,-14;465,-1,-10;504,-94,-114;505,56,67;512,-62,-71;515,55,63;516,4,-8;525,-8,6;526,2,-13;534,-63,-61;535,52,65;536,3,-6;544,-62,-59;545,56,62;554,-64,-71;556,45,42;560,-9,-7;564,-42,-38;565,60,64;585,-7,-11;594,-11,-21;595,4,17;605,-9,-5;625,-8,-13;635,-8,-5;645,-5,-2;655,-8,-9;665,0,0;685,-14,-14;695,-2,0;705,-9,-10;715,-11,-4
rua||joaquim ribeiro castilho|jose maldonado peres|13720000|155,-2161743,-4690400;222,-115,-26
rua||joaquim ribeiro castilho|maria da silva maldonado|13720000|15,-2161535,-4690402;25,-5,0;35,-13,-5;45,-6,6;920,-125,-11
rua||joaquim vieira de paula|jardim sao jose|13720000|25,-2158636,-4687516;35,-4,8;40,-6,-11;50,-4,12;60,-5,7;76,-3,15;100,-1,7;110,-5,8;120,1,10
rua||john pourrat|joao de souza|13720000|40,-2158682,-4688949;178,-46,124;188,-3,0;198,-6,11;210,-17,10;220,11,11;228,-7,5;230,-2,7;304,-23,69;330,-6,25;340,-4,-4;392,17,-39
rua||john pourrat|vila formosa|13720000|15,-2158661,-4688965;25,-8,9;35,-2,5;84,-32,27;96,7,19;106,-1,4;107,0,5;115,-7,17;116,7,-16;122,-14,19;127,6,2;132,-6,12;135,0,-1;145,-2,8;201,-9,44;211,-12,12;221,-2,6;231,-4,12;293,-21,56;309,-5,11;369,-16,52;370,-7,5;375,-1,3;385,1,10;390,94,-250;395,-99,260;400,-12,2;407,6,5;421,-1,8;429,-11,13;437,5,5;463,-12,27;473,-6,7;479,4,9;488,-4,-27;491,-1,34;500,-16,9;503,14,-1;511,-15,19;512,1,-20;525,3,26
rua||jorge augusto junqueira|jardim aeroporto|13720000|33,-2160517,-4688697;43,-17,-6;62,-12,-11;76,-10,2;86,-24,8;136,-32,-2;162,-39,14;166,4,-15;201,23,15;251,-50,4
rua||jorge tibirica|centro|13720000|11,-2159877,-4689662;21,0,7;22,0,-7;25,3,4;27,-6,14;28,-5,-9;30,-112,220;38,113,-216;45,-4,15;48,-8,-3;55,2,11;62,-6,-5;65,3,16;75,-4,5;78,-7,-1;123,-15,42;130,-28,-53;136,8,51;138,2,8;141,8,6;147,-7,9;152,-5,-8;163,1,14;172,-10,3;173,2,9;183,-3,9;186,-14,-6;251,-9,53;258,-8,-2;266,-4,5;269,1,20;270,-6,-11;274,2,2;277,2,9;285,-2,11;286,-19,18;298,11,-9;308,-12,9;317,17,-5;319,-2,-1;335,-15,28;336,2,10;344,-3,-7;345,0,6;354,-3,6;355,4,8;362,-5,9;367,0,2;377,-1,3;385,-2,6;451,-28,69;579,-45,106;586,-2,1;587,-2,8;596,5,6;654,-28,41;659,-1,7;666,2,15
rua||jorive alves pinto|domingos de sylos|13720000|12,-2162751,-4689292;22,-21,-10;32,-10,-6;42,-6,-7;52,-10,-13;62,2,-3;72,-10,-10;82,-5,-9;92,-9,-9;102,-3,-7;112,-6,-2;122,-5,-14;132,-9,-8;142,5,-5;143,-21,1;152,10,-11;162,-10,-8;172,-3,-6;173,-1,12;182,-4,-18;183,-10,1;192,0,-9;193,-4,0;202,-1,-14;203,-5,17;212,6,-21;213,-24,-3;222,16,-5
rua||jose abatte|distrito industrial|13720000|40,-2160417,-4691785;50,-4,82;70,0,-16;90,3,-16;130,8,-53;200,-18,-96;210,-21,-33;277,-63,-105;296,-13,-18;325,-7,-20;345,-8,-24;405,-19,-51;452,38,77;460,-5,-26;470,-9,-16;480,-6,-12;570,-37,-99;765,-57,-240;775,0,-33;780,7,18;800,-18,-86;830,-12,-50;860,31,151
rua||jose abrao curi|colinas sao jose|13720000|12,-2160934,-4690226;22,8,-3;25,-21,-4;34,24,-6;35,24,-22;45,-27,18;54,22,-7;55,-18,-5;64,26,-5;65,-15,4;77,-3,-6;80,38,-6;90,-1,-4;100,13,-6;105,-14,-7;110,14,-4;120,14,-5;125,-22,1;135,12,-5;145,12,-12;155,2,-3;165,-4,-5
rua||jose aga|jardim mercedes|13720000|12,-2158963,-4691456;13,29,30;22,-32,-30;23,18,26;32,-29,-28;33,20,22;42,-29,-28;43,31,31;52,-40,-36;53,29,26;62,-35,-29;63,22,20;72,-33,-27;73,25,16;82,-33,-23;83,28,29;92,-34,-27;93,32,15;102,-38,-22;103,26,14;112,-37,-22;113,28,21;122,-31,-23;123,22,16;133,-3,-4;143,-8,-6;153,-11,-7;163,-6,4
rua||jose aguiar|portal buenos aires|13720000|41,-2160538,-4691266;51,0,-2;61,-8,3;71,-8,-3;81,-2,3;91,-14,1;101,-5,0;111,-8,2;121,-9,6;131,-4,-1;141,-9,1;151,-13,5
rua||jose alegretti|portal buenos aires|13720000|12,-2160843,-4691083;13,-1,-8;22,14,2;23,-8,-7;32,11,1;37,-5,-13;42,12,6;45,-8,-9;52,9,8;53,-3,-13;62,13,-1;72,0,-7;73,-3,4;82,7,-4;83,-1,-10;92,12,1;102,2,-6;103,-8,-6;112,11,2;113,-9,-7;122,17,0;123,-11,-6;132,12,5;133,5,-10;142,3,0;143,-10,-8;152,11,2
rua||jose andreoli|centro|13720000|9,-2159275,-4688870;13,-2,5;22,-11,5;25,-1,13;31,-4,4;34,3,-13;50,-4,12;59,-8,23;64,8,-11;97,-9,33;100,-8,-6;113,-3,21;122,4,-8;123,-8,20;132,5,-15;140,-14,29;145,9,-9;150,-19,22;157,16,-18;168,-17,29;177,13,-21;179,-9,25;185,-11,15;193,-5,6;198,-44,41;203,40,-36;210,-7,17;215,4,-9;229,4,0;234,-29,11;250,26,-26;275,-18,27
rua||jose antonio carvalhaes|portal da boa vista|13720000|501,-2160308,-4687827;521,-28,11;522,13,-9;531,-15,12;534,-2,-15;541,-20,20;546,-16,2;551,24,-8
rua||jose bertocco|centro|13720000|17,-2160112,-4688747;101,6,14
rua||jose braghetta|jardim bela vista|13720000|30,-2159090,-4688474;78,16,35;94,14,19;102,0,6;114,7,20;115,9,-9;125,-1,10;135,3,6;160,4,18;187,4,-2;190,18,29;197,1,-12;200,12,26;215,1,-5;220,14,13;227,-14,-5;235,14,-8;250,17,37;265,7,-4;275,12,17;285,14,20;288,-21,-18;305,20,24;312,-8,-4;330,8,18;340,6,8;345,17,7;350,-4,21;355,4,-21;365,7,22;377,4,12
rua||jose breda|alto da serra|13720000|30,-2160004,-4687311;40,5,14;60,5,29;86,39,26;90,12,14
rua||jose calsoni|natal merli ii|13720000|288,-2158070,-4690468;298,7,1;308,19,2;367,39,1;368,26,0;373,-21,-3;377,6,5;387,10,-4;397,7,7;407,8,-1;417,6,-4;437,18,13;447,6,1;467,16,8;477,18,5;497,-2,9;507,17,0;547,33,19
rua||jose calsoni|natal merli|13720000|187,-2158154,-4690489;197,2,-1;202,-6,5;207,10,-5;210,-4,9;217,18,-9;227,11,4;228,-11,10;237,19,-12;238,-12,9;247,17,-8;248,-6,13;257,12,-10;267,19,2;268,-14,10;277,21,-11;278,-15,11;287,21,-8;307,20,5;317,2,2;337,17,1;357,-9,1
rua||jose calsoni|vale do redentor ii|13720000|21,-2158317,-4690541;31,14,7;41,3,4;50,1,4;51,7,-10;61,8,10;71,10,-2;81,11,-2;91,9,1;101,7,7;111,12,6;150,47,14
rua||jose carlos rosin|jardim mercedes|13720000|23,-2158926,-4691551;33,5,-4;43,9,-3;53,8,-2;63,10,-6;73,6,0;78,-3,10;88,6,-5;98,5,-7;108,10,0
rua||jose celentano|jardim luciana|13720000|309,-2160372,-4687944
rua||jose celentano|portal da boa vista|13720000|240,-2160280,-4687979;307,-65,29;317,-17,10
rua||jose celentano|vila pereira|13720000|21,-2160088,-4687984;37,-22,-23;47,-13,-9;50,17,7;57,-30,-15;67,-11,-2;137,-77,21;161,-11,12;237,-46,15
rua||jose correa oliveira|distrito industrial|13720000|75,-2160628,-4692095
rua||jose cristiano da silva|jardim sao jose|13720000|37,-2158999,-4687710
rua||jose de lima|jardim margarida|13720000|10,-2159513,-4687531;13,9,-3;20,-8,5;23,4,4;33,7,10;34,-10,0;62,8,26;72,0,19;73,11,-1;82,-3,15;102,9,21;112,-4,11;127,13,-4;142,-2,38;152,4,9
rua||jose de martini|jardim aeroporto|13720000|40,-2160365,-4688783;62,-9,18;112,-23,33;122,-5,2;132,-7,13;142,-5,3;152,-5,12;170,2,1;180,-13,25;212,-17,22;222,-7,8;232,-7,14;242,-7,8;278,-13,23;282,-8,17
rua||jose de martini|santa tereza|13720000|121,-2160414,-4688699;131,-7,10;141,-2,9;145,-9,12;239,108,-128;241,-4,4;249,-12,9;259,-11,5;270,-14,26
rua||jose de souza guimaraes|joao de souza|13720000|295,-2158752,-4688961;300,46,80;305,-46,-79;310,22,21;315,-4,-9;320,-10,9;325,11,2;335,6,-6;340,17,19;369,13,-6
rua||jose de souza guimaraes|vila formosa|13720000|10,-2158633,-4688894;373,-37,-29;380,-8,5;390,7,2;393,13,-5;396,-10,6;403,16,-1;410,0,13;415,8,-8;420,-4,8;433,11,-4;441,15,1;453,4,5;480,10,18;483,14,-5;490,-6,10;493,13,-10;500,-1,14;501,4,-10;503,-2,1;513,9,6;518,15,11;523,7,-5;524,-9,6;525,-1,-13;533,22,12;543,5,2;571,22,13;581,-2,0;599,16,5;600,1,11;609,9,-2;612,15,11;615,-5,-7;621,9,3;622,10,12;631,-4,-10;632,7,11
rua||jose del ciampo|jardim sao bento|13720000|54,-2158139,-4691190;55,14,-9;64,-13,8;65,16,-2;75,5,-2;84,-5,10;85,13,-7;94,18,8;95,-6,-3;104,-9,7;114,4,2;124,11,-1;134,5,1;144,6,3;154,3,6;164,9,4;174,4,-4;184,4,5;194,8,8;214,8,-3
rua||jose dos santos costa|jardim mercedes|13720000|10,-2158933,-4691381;20,-11,-5;30,3,2;40,-8,-7;50,-16,-6;60,-5,-5;70,-4,-8;80,-7,2;90,-7,-7;100,-6,-4;110,-18,-8;120,-4,1;130,-6,-8;140,-4,-3;150,-11,-6;160,-11,-9;170,-2,-8;180,-14,4;190,-1,-4
rua||jose eduardo bastos|jardim dos ipes|13720000|22,-2161454,-4690810;34,-13,-17;44,-8,-13;54,2,-6;84,-18,-21;94,-4,-10;103,23,56;104,-30,-66;114,0,-10;155,-19,-1;163,-6,-27;173,0,-2;174,0,-44;183,-21,19;184,21,-26;194,1,-13;213,-38,27;223,13,-26
rua||jose escudero|vila formosa|13720000|1,-2159199,-4688678;10,10,7;11,31,-25;26,-49,32
rua||jose esteves ribeiro do vale|vila brasil|13720000|36,-2161114,-4689417;80,-5,-18;90,-3,-11;100,12,-12;101,-18,-1;113,-4,-12;114,12,-2;128,1,3;145,-16,-22;165,-8,-28;177,-4,-15;178,15,1;185,-12,-6;188,5,5;195,-12,-18;198,1,-34;204,10,26;215,-15,-7;280,-4,-58;281,-3,3;290,9,-11;291,-12,8;531,30,76;534,-25,-62
rua||jose fernandes lopes|jardim margarida|13720000|45,-2159618,-4687702;55,9,22;91,10,58;200,19,98;210,5,16;213,5,-9;239,1,19;279,15,38;289,6,24;300,7,53;303,-5,-37;313,6,15;343,7,34;353,9,10;363,-3,12
rua||jose ferreira filho|jardim dos ipes|13720000|1261,-2161594,-4690801;1301,-8,-42;1321,-29,-18;1329,3,-7;1331,0,-2
rua||jose ferreira filho|vila verde|13720000|1201,-2161518,-4690764;1241,12,29
rua||jose francisco fernandes|jardim mercedes|13720000|71,-2158942,-4691710;81,-11,-26;91,8,4;101,-8,-11;111,-2,-12;121,0,-13;131,-5,0;141,-10,-10;151,-5,-10;171,-4,-23;172,9,3;181,-12,-15;182,6,1;191,-12,-7;192,10,-3;201,-14,-9;202,10,4;211,-10,-10;212,7,0;221,-11,-9;222,7,0;231,-9,-9;232,11,8;241,-15,-18;242,6,6;251,-10,-10;252,8,-1;261,-10,-12;262,3,5;272,-4,-11;282,-3,-11;292,0,-7;302,-6,-13
rua||jose francisco|jardim eunice|13720000|5,-2160647,-4690240;12,8,-8;15,-23,7;22,5,-2;25,-9,-5;34,9,-1;40,-20,-3;50,-6,0;55,-8,2;60,1,-2;70,-13,-7;75,-5,5;80,4,-7;85,-16,5;90,-2,-10;100,-4,-1
rua||jose geraldo olyntho junqueira|jardim aeroporto|13720000|28,-2160397,-4688773;48,-21,-5;55,3,2;58,-16,-5;63,6,9;65,-10,8;95,-56,1;98,21,-13;108,-1,1;115,-43,5;145,-6,4;195,-56,10;205,-7,-3;215,-13,0;218,25,-15;235,-40,15;278,-9,-12;288,-28,0
rua||jose goncalves da rita|santo antonio|13720000|27,-2159002,-4689826;28,-1,2;37,-9,14;47,3,8;57,-3,0;77,-16,22;78,4,-14;87,-6,28
rua||jose goncalves filho|santa tereza|13720000|35,-2160314,-4688358;42,14,-9;44,-22,1;45,-6,3;55,-8,-1;67,-12,1;68,4,-7
rua||jose herculano pires|chico xavier|13720000|8,-2161167,-4692452;17,26,-25;18,-18,18;27,10,-13;28,2,10;38,10,-2;48,6,-10;58,8,7
rua||jose honorio de syllos|santo antonio|13720000|36,-2159428,-4689744;39,-1,-19;49,9,-4;50,-11,19;60,20,-25;63,2,4;92,-37,37;93,71,-83;120,19,-4;127,-12,-3;137,-10,9;147,1,-2;154,30,-18;155,0,-9;305,26,-27
rua||jose longo|carlos cassucci|13720000|3,-2160632,-4693151;4,1,-4;13,-5,1;14,-2,-7;23,-11,12;24,-7,-10;33,3,11;34,-10,-9;43,-2,13;44,-5,-7;53,-5,10;54,-2,-6;63,-10,11;64,4,-10;73,-10,15;74,-4,-12;83,1,11;84,-10,-9;93,2,11;94,-6,-12;103,-8,19;104,-1,-14;113,-2,15;114,-12,-9;123,-10,17;124,5,-18;133,0,10;134,-8,-3;143,1,12;144,-10,-11;153,2,9;173,-30,17;174,-8,-13;183,3,11;184,-6,-8;193,-6,16;194,-4,-16;203,-10,15;204,5,-13;213,-9,15;214,-4,-17;223,-1,18;224,-8,-9;233,0,12;234,-4,-9;243,-5,13;244,-4,-12;253,-7,11;254,-6,-8;263,-1,10;264,-2,-4;273,-15,7;274,0,-2;284,-5,1
rua||jose luis abichabcki|colina verde|13720000|17,-2157938,-4690786;57,33,14;67,0,5;77,14,3;87,6,4;97,4,13;107,13,-7;117,3,1;127,12,4;137,9,13
rua||jose luis abichabcki|natal merli|13720000|28,-2157961,-4690782;38,12,4;58,14,6;78,20,6;108,22,11;118,22,-1;148,16,20;168,18,4;178,9,-2
rua||jose luis angelini|mano merli|13720000|121,-2157885,-4690066;151,-13,10
rua||jose luiz calipo|santa luzia|13720000|8,-2159380,-4685253;180,-186,215;202,66,-30;211,75,-90;230,30,-40;231,-9,-1;241,10,-32;263,-123,177
rua||jose maldonado peres|jardim claudia|13720000|5,-2159600,-4690557;7,4,-14;377,-78,193;393,-1,-5;487,68,-211;513,1,-17;521,6,-36;533,-4,23;623,-12,-38;633,14,-24;635,2,-80;645,-7,5;1003,99,-186;1013,15,-35;1033,1,-10;1103,38,-66;1111,9,-15;1143,11,-25;1151,-4,-16;1185,-30,82;1205,5,-6;1231,35,-174;1240,-17,-22;1245,20,34;1269,-33,-50;1275,-6,-13;1297,-18,-9;1307,-12,-24;1331,14,-19;1341,8,-3;1371,59,-24;1381,8,-4;1407,29,-28;1427,17,4;1445,13,-8;1461,18,-8
rua||jose maldonado peres|parque beira rio|13720000|444,-2159495,-4690405;456,-96,-155;1322,141,-706;1380,39,-70;1388,16,-12;1396,23,-12;1400,-1,2;1420,19,-7
rua||jose molfi|eduardo cassucci|13720000|11,-2160697,-4693611;17,-35,51;27,-10,3;37,-4,1;47,-8,3;57,-14,5;58,6,-8;67,-10,13;77,-10,3;87,-10,0;97,-9,5;107,-7,0;117,-2,5;127,-13,3;137,-11,3;147,-10,4;157,-8,0;167,-1,0;177,-18,12;180,4,-22;187,-12,22;207,-18,6
rua||jose olympio dias bicalho|maria boaro|13720000|5,-2161275,-4691279;18,18,-3;27,-21,-1;28,17,-6;35,-53,-17;37,26,17;38,25,3;47,-37,-8;48,26,0;57,-34,3;58,28,-6;68,-18,-7;78,-6,-1;87,-24,6;88,16,-7;98,-4,-6;108,-12,-6;111,-13,11;117,5,0;118,-10,-19;121,-2,13;138,-6,-25;148,-9,-1;158,-10,-5;168,-7,-3;178,-6,-4;188,-10,-3;198,-8,-1;208,-10,-3;218,-4,-3;221,55,37;231,-4,-6;241,-12,-4;251,-4,-1;261,-8,-13;271,-13,5;281,-4,-4;291,-7,-6
rua||jose osorio de paiva|vila brasil|13720000|6,-2160673,-4689619;7,-1,4;12,-6,-6;21,-2,10;29,-7,0;30,-1,-7;36,-7,3;46,-12,1;56,-4,4;66,-22,4;67,9,3;76,-10,-5;77,3,11;85,-9,0;86,1,-5;96,-7,-3;110,-18,5;135,-73,26;170,23,-12;171,7,5;175,4,0;180,-21,-1;181,1,4;190,-9,-11;200,-7,5;1730,207,-32;1740,-8,-4;1744,0,10;1745,-12,-3;1750,3,-18;1755,-9,16
rua||jose panetti|portal da boa vista|13720000|50,-2160288,-4688037
rua||jose pathes dos santos|maria boaro|13720000|5,-2161125,-4691246;13,-79,-58;15,45,30;16,-59,-52;26,-9,-6;36,-5,-1;40,-84,-23;46,78,16;56,-12,3;66,-9,-5;76,-7,-7;86,-10,-2;96,-6,-10;106,-19,2;116,3,-3;126,-10,-7;136,-5,-4;161,83,55;163,-19,-12;165,-3,-10;166,-89,-35;176,-1,-4;186,-12,-3;191,90,50;196,-90,-60;201,79,59;205,-3,-6;206,-90,-53;215,79,46;216,-87,-53;221,81,50;226,-90,-53;235,85,50;236,-92,-54;245,80,54;246,-100,-50;256,2,-13;266,-10,-3;291,76,40;301,-18,-4;311,-9,0;321,-2,-4;331,-8,-4;341,-8,-13;351,-16,6
rua||jose pereira filho|jardim dos ipes|13720000|152,-2161516,-4690775
rua||jose pereira m de andrade|jardim luciana|13720000|33,-2160221,-4688529;63,4,32
rua||jose pereira m de andrade|santa tereza|13720000|20,-2160292,-4688470;30,60,-79;50,4,21;60,3,23
rua||jose pizzoli|jardim mercedes|13720000|150,-2158913,-4691399;160,-5,-7;187,-50,-146;197,-9,-9;207,-4,-9;217,-8,-9;227,-7,-8;257,-27,-39;267,4,-10;277,-8,-4;287,-8,0;297,-7,-8;307,-8,-9;317,1,-11;327,2,-11
rua||jose pizzoli|santo antonio|13720000|100,-2158886,-4691272
rua||jose prevital|colina verde|13720000|53,-2157785,-4691228;73,-7,17
rua||jose roberto hernandes|distrito industrial|13720000|44,-2160621,-4692503
rua||jose roberto zaniti|eduardo cassucci|13720000|54,-2160859,-4692521;55,-72,8
rua||jose rodrigues|fartura|13720000|10,-2161393,-4689540;11,-5,0;20,14,0;21,-1,-1;30,6,1;31,-2,-5;40,14,4;41,-6,-6;52,11,7;53,-3,-8;62,10,4;65,0,-6;72,13,-1;75,0,-8;82,1,8;87,7,-9;92,6,-1;99,5,-11;102,-1,6;107,3,-13;112,6,7;119,-3,-11;122,10,5;129,-4,-14;132,10,8;142,2,-9;152,12,-13;162,6,-6;165,-14,-2;172,15,-4;175,-12,-2;182,18,-8;192,3,-9;195,-9,-3;202,11,1;205,-3,-6;212,9,-5;215,-8,-7;225,9,-9
rua||jose rosseto|condominio residencial macaubas|13720000|220,-2161572,-4688548;230,-3,3;237,-33,14;250,23,-7;267,42,-24;307,-39,34;327,63,-53;347,-92,77;357,-9,5;367,-9,7
rua||jose sebastiao joao|jardim luciana|13720000|28,-2160101,-4688261;38,-4,-8;55,-12,-29;58,6,8
rua||jose sergio junqueira dias|vale do redentor iv|13720000|5,-2158756,-4690700;6,2,-9;15,-12,5;16,-1,-7;25,-8,12;26,1,-13;35,-20,12;36,10,-10;45,-16,7;46,3,-7;55,-13,8;56,10,-10;65,-22,10;66,6,-11;75,-12,12;76,8,-15;85,-15,13;86,0,-12;95,-12,8;96,7,-9;105,-14,16;106,3,-12;115,-10,16;116,3,-18;125,-6,9;135,-17,7
rua||jose theodoro|centro|13720000|3,-2159750,-4688661;9,-14,-3;11,-8,-5;14,10,-5;23,-20,-1;28,6,-8;37,-13,7;71,-115,-40;85,75,26;90,10,-7;98,-12,-10;108,-8,3;112,-3,0;118,-5,-3;119,-57,-9;123,0,0;139,0,0;144,33,1;147,-15,4;153,-18,-5;154,27,-4;163,-27,4;195,-9,-8;203,-20,-5;214,11,-11;216,-10,-5;219,-22,7;226,9,-2;229,-1,2;236,3,-12;256,-21,-5;260,-1,-13;261,-2,25;277,-23,-17;288,3,-6;290,-4,6;291,-10,1;299,-9,-4;301,-8,0;306,18,1;326,-42,-25;336,-9,-4;346,-7,4;356,-19,-10;366,4,-1;367,6,14;378,-14,-17;381,12,9;395,-12,-6;405,-10,-1;413,-7,-6;417,2,4
rua||jose xavier|vale do redentor ii|13720000|70,-2158333,-4690547;80,2,-21;90,-9,-7;100,13,-13;130,-2,-23;140,3,-5;150,7,-10;160,-2,-10;190,-3,-24;200,0,-17;210,2,-5;220,10,-5;250,-3,-21;260,-1,-11;270,5,-9;280,1,-7;290,2,-10;300,-2,-10;310,5,-9;313,-7,-10;320,3,-2;323,1,-8;330,6,-3;333,-4,-4;340,10,-5;343,-13,-3;350,18,-5;360,0,-11
rua||josefina lopes vasconcelos|jardim margarida|13720000|20,-2159734,-4687431
rua||julio de almeida|portal buenos aires|13720000|11,-2160185,-4690644;28,-2,-3;31,-17,14;41,0,4;48,2,-15;51,-13,20;56,6,-9;58,22,-8;61,-40,24;66,9,-15;78,-7,7;82,-14,4;86,-5,6;90,-8,5;98,-10,7;110,-9,11;111,4,4;114,-9,-2;120,-10,6
rua||julio mesquita|centro|13720000|5,-2159674,-4689332;13,-9,-18;14,14,5;16,-36,55;19,-7,12;22,0,-8;26,-4,-1;30,-6,9;33,14,3;38,-15,0;43,11,12;45,-13,1;48,-3,0;62,-4,0;70,-8,15;75,16,2;78,-24,5;87,13,8;88,-14,-5;95,2,12;143,-37,15;152,-17,6;153,12,1;168,-15,13;169,6,0;173,3,4;180,-7,5;190,-7,10;214,-16,45;231,11,-1;240,-29,35;247,25,-24;250,-18,26;256,-1,11;260,1,5;261,11,-34;279,2,-14;281,7,16;283,-15,-4;285,7,-11;295,-19,48;444,-83,184;449,38,-54;450,-40,63;455,31,-49;463,0,4;473,-5,7;477,-2,7;485,-2,17;495,-7,-2;506,-29,73;517,28,-67;534,-44,86;550,-4,18;563,-3,5;568,-9,10;577,36,-55;597,-18,33;610,-31,60;613,7,-2;620,-11,8;623,8,-6;630,-9,13;640,-10,8;650,-10,16;652,258,-530;660,-255,545
rua||julio mesquita|jardim luciana|13720000|745,-2160035,-4688603;755,-6,17
rua||julio secco|vale do redentor|13720000|5,-2158479,-4691014;6,17,9;15,-17,-27;16,9,3;25,-6,-1;35,0,-8;36,12,-3;45,-9,-11;46,10,-1;56,-4,-17
rua||junqueira franchi|vila verde|13720000|219,-2160867,-4690649;220,10,-5;229,-6,-7;300,6,3;333,12,25
rua||jurandir alves|jardim mercedes|13720000|6,-2159016,-4691667;16,4,-1;26,11,-5;36,7,-2;46,8,-5;56,9,-4;66,4,-2;76,11,-4;86,8,-5;96,8,-3
rua||jurandyr jose santurbano|condominio boa vista do leste|13720000|48,-2157519,-4686669
rua||jurandyr jose santurbano|loteamento edson artese|13720000|45,-2157413,-4686693;55,-3,-2;65,-24,6
rua||justa tonhoni martini|maria boaro|13720000|276,-2161431,-4691444
rua||lago da pampulha|residencial dos lagos|13720000|52,-2161045,-4688260;62,-6,-16;111,-55,-38;121,-5,-11;122,9,6;131,-9,-6
rua||lago das brisas|residencial dos lagos|13720000|23,-2160945,-4688326;63,-31,-36;113,-36,-40
rua||lago de itaipu|residencial dos lagos|13720000|129,-2161061,-4688489;197,-65,48;223,-19,5
rua||lago ibirapuera|residencial dos lagos|13720000|63,-2160823,-4688411;72,-12,4;132,-44,54;133,-3,8;213,-54,74;262,-105,91;313,18,-12;343,-27,20;353,0,0;393,-32,-23;402,-90,-107;465,39,50;513,-37,-32;544,54,50;553,-82,-89
rua||lago javary|residencial dos lagos|13720000|31,-2160988,-4688288;101,-66,-65
rua||lago negro|residencial dos lagos|13720000|52,-2160920,-4688391;165,83,-111;205,40,12
rua||lago paranoa|residencial dos lagos|13720000|107,-2161001,-4688466;130,-8,8;170,-49,60;177,-1,0;180,-24,10;200,-22,9;210,-15,3;370,-122,46
rua||lagoa rodrigo de freitas|residencial dos lagos|13720000|28,-2160896,-4688512;88,-44,63
rua||laura barboza trevisan|portal buenos aires|13720000|105,-2160590,-4691660;133,28,-38
rua||layr scoqui boaro|jardim mercedes|13720000|108,-2159047,-4691760;174,15,-89;312,9,-87
rua||leonardo trovato|jardim nova belmonte|13720000|30,-2160642,-4689746;40,2,-6;50,6,-13;60,3,-9;140,21,-58;150,1,-11;160,9,-13;170,-7,-3
rua||leonardo trovato|vila brasil|13720000|10,-2160684,-4689651;16,10,-12;17,-4,-9;22,6,0;28,4,-6;130,-8,22
rua||leoncio avila ribeiro|vila brasil|13720000|10,-2160749,-4689419;11,-7,12;49,13,11;57,-7,-37;58,5,0;70,1,-15;71,-8,4;80,7,-7;81,-8,-3;93,-3,-14;101,-7,-5;111,13,-25;116,-9,3;125,-23,35;141,21,-56;147,-7,-4;161,-1,-14;162,9,-4;171,-8,-4;174,3,2;182,0,-12;183,-15,-3;184,35,128;192,-23,-136;195,-9,1;200,4,-11;207,-5,-6;210,6,3;237,-13,-25;249,0,-9;250,12,-7;256,-9,-6;257,-7,-6;260,3,-21;263,-2,22;270,1,-11;273,-7,0;280,13,-11;283,-11,3;293,-9,-16;294,15,2;303,-14,-29;304,10,23;330,-2,-36;340,-3,0;345,-7,-16;356,2,6;390,-9,-14;400,1,-25;410,0,-14
rua||leoncio scali|domingos de sylos|13720000|110,-2162088,-4689290
rua||lidice|vila formosa|13720000|3,-2159135,-4688699;13,3,1;17,5,-1;30,22,15;40,5,-3;41,-4,-5;51,15,-1;63,8,3;66,-3,2;73,12,1;74,-8,0;83,19,3;84,-12,3;92,14,1;100,7,6;101,4,-12;110,1,10;118,12,8;119,-5,-13
rua||lino caetano filho|jardim nova belmonte|13720000|30,-2160812,-4689815;40,4,-17;70,6,-12
rua||lino caetano filho|vila brasil|13720000|15,-2160829,-4689784;35,5,-22;45,0,-11;50,1,-12;67,5,-3;77,1,-8;85,3,-6;95,0,-17;105,0,-9
rua||lourdes depauli perdao|parque beira rio|13720000|18,-2159251,-4691058;23,-16,61;183,8,-10
rua||lourdes elias farath ortega|jardim sao jose|13720000|147,-2158970,-4687831;158,6,-2
rua||lourenco landini|bonsucesso|13720000|23,-2158667,-4688024;33,-11,-7;43,-10,-3;53,-17,-6;63,-3,-7;73,-22,-2;103,-14,9;109,-5,19
rua||lourenco landini|jardim bela vista|13720000|64,-2158693,-4688043;78,-5,0;88,-21,-9;130,-25,-7;140,-8,8;150,-2,5;160,-4,18;170,-5,22;200,-5,23
rua||lourenco landini|jardim sao jose|13720000|11,-2158749,-4687959;21,6,5;30,20,18;51,-2,5;181,-32,-47
rua||lourenco scali|vila pereira|13720000|21,-2160029,-4688016;30,-10,14;31,8,-4;47,0,14;55,6,-3;67,-6,3;70,5,-2;80,-12,6;90,-9,2;637,29,-51
rua||ludovico montanheiro|joao de oliveira machado|13720000|6,-2160416,-4690176;9,-23,-1;16,15,-1;19,-25,0;26,20,-3;29,-21,3;36,12,-4;39,-23,-2;46,12,0;49,-26,-1;56,22,3;59,-28,-3;66,13,-4;69,-22,1;76,10,-7
rua||luis barbosa|parque beira rio|13720000|26,-2159347,-4691230;66,30,15
rua||luis carlos de sylos|domingos de sylos|13720000|15,-2162175,-4689262;22,34,50;30,-72,-49;53,-29,-61;190,-9,-22
rua||luis cremasco|natal merli|13720000|5,-2158118,-4690798;15,15,16;25,12,2;35,9,2;45,6,6;55,10,0;65,10,12;75,12,-4;95,15,5;105,5,2;115,14,2;125,5,-1;139,30,16;149,6,-1;159,3,3;169,15,9;179,5,1;189,11,8;199,5,-2;209,10,7;219,9,-7;229,11,9;239,8,7;249,7,-3;259,0,5;269,17,10;279,12,38;289,4,-37;299,16,-2;309,6,5
rua||luis de martini|maria boaro|13720000|8,-2161319,-4691200;13,-12,-7;18,6,-2;23,-16,2;28,9,2;33,-14,-3;38,9,1;43,-21,-7;48,11,3;53,-18,-7;58,7,1;63,-14,-3;68,10,1;78,-13,-13;81,-22,0;91,-8,-7;98,11,8;101,-22,-9;108,20,-4;111,-29,38;118,14,-45;121,22,121;128,-33,-119;138,-10,-11
rua||luis marin|portal buenos aires|13720000|105,-2160234,-4690911;145,-4,-41;157,-4,-18;167,-43,-204;177,38,173;187,-5,-29;277,-32,-150;287,-4,-14;297,0,-8;333,-6,-37;343,-14,-22
rua||luis martini|portal buenos aires|13720000|14,-2160337,-4690882;54,-1,-27;64,-5,-7;74,-5,-4;84,4,-9;94,-2,-13;104,-4,-6;114,4,-9;124,-6,-5;134,3,-11;251,-37,-122;253,-15,-67;255,-1,7;270,16,17;280,-4,-5;286,-2,-5;290,1,-7;300,-2,-14;310,-3,-8;320,9,-9;340,-16,-42;350,-1,-8;360,-3,-13
rua||luis melchiori|bairro jardim eunice|13720000|212,-2160586,-4690387;222,-2,-15;223,-14,-2;242,22,-18;252,5,-15;262,-2,-9;270,4,-11;271,-18,24;272,19,-25;291,-10,1;301,4,-18;322,24,-42;332,3,-10;363,1,-46;370,11,-7;373,-20,6;380,22,-12;383,-17,-1;393,14,-23
rua||luis melchiori|jardim eunice|13720000|22,-2160639,-4690198;31,-5,-23;34,11,14;44,1,-6;54,3,-17;64,2,-9;74,0,-5;88,3,-9;98,1,-13;101,-7,-12;111,-1,-14;128,16,3;131,-3,-23;141,0,-13;158,9,6;163,-3,-25;168,14,-6;177,-10,-2;187,-1,-12;188,11,13;200,3,-17
rua||luis melchiori|portal buenos aires|13720000|434,-2160542,-4690670
rua||luiz botelli|jardim bela vista|13720000|45,-2159160,-4688530
rua||luiz botelli|vila formosa|13720000|1,-2159126,-4688800;3,-13,46;6,23,-54;13,-22,67;18,-4,-20;20,-31,205;23,33,-177;28,2,-4;38,-10,8;48,6,15;60,0,10;83,-6,22;86,0,5;95,-2,5;96,1,4;105,-1,5;117,-4,-4;127,-9,31;136,3,12;141,5,6;146,-7,4;151,2,2;159,1,6;160,-5,-4;170,-1,13;171,7,5;180,-13,3;181,9,1;190,-12,6;191,11,5;201,33,-214
rua||luiz leao|vale do redentor i|13720000|5,-2158670,-4690372;6,3,8;15,5,-21;16,2,14;25,-3,-10;26,4,2;35,-2,-17;36,8,6;45,-9,-13;46,4,5;55,-3,-12;56,6,2;65,-3,-17;66,-24,5;75,20,3;76,-9,-2;85,15,-23;86,0,5;95,5,-13;96,0,5;105,-2,-13;106,8,3;115,-1,-17;116,3,5
rua||luiz pivato|bonsucesso|13720000|27,-2159195,-4687642;30,9,-4;40,5,2;60,13,-2;63,7,-10;77,7,-1;89,6,-1
rua||luiz spessoto|centro|13720000|80,-2159202,-4689370
rua||luiz spessoto|joao de souza|13720000|27,-2159252,-4689406;35,4,8;42,1,-3;43,8,5;53,6,7;61,8,1;65,8,0;73,2,3;105,19,-9;117,8,-6;127,9,4;131,7,-2;139,8,1;147,6,1;153,58,79;155,-51,-76;160,5,17;163,20,17;173,14,23;191,-10,-36;196,-1,4;197,4,4;206,-3,6;211,9,1;219,6,10;235,0,16;241,4,7;250,9,42;260,9,12;310,18,53;319,-7,-43;320,12,54;329,-5,-35;370,6,51;380,4,10;390,-1,13;401,58,-5;410,-47,30;420,-1,8;421,11,8;430,-11,2;435,39,-9;439,-24,10;440,-10,13;443,14,4;450,-14,2;455,12,2;460,-13,9;461,8,-14;510,5,55;520,-1,9;530,-4,12;540,0,12;550,1,10;560,3,13;570,1,9;580,2,10;600,-2,19;650,7,21
rua||lygia nogueira rocha|jardim sao jose|13720000|38,-2159056,-4687731
rua||lygia nogueira rocha|parque sao domingos|13720000|27,-2159034,-4687755;47,-12,17;57,-1,6
rua||manoel de paiva|portal da boa vista|13720000|22,-2160365,-4688154;50,-22,34;57,10,4;70,-25,25;80,-11,7;101,24,11;111,-19,5;141,-31,53
rua||manoel de souza rosa|santo antonio|13720000|11,-2159566,-4689856;30,392,-351;31,-392,339;40,16,-2;41,-5,-5;50,7,-9;51,0,3;60,9,-3;61,-1,-10;68,10,1;71,-4,-6;81,7,-9;121,44,-39;129,1,-9;134,6,12;142,4,-10;143,2,-12;154,7,7;162,6,-4;194,27,-30;204,6,-8;212,10,-9;222,1,-4;252,26,-25;267,4,-12;272,15,-5;277,-8,-4;282,11,-1;291,3,-11;341,35,-21;350,9,0;351,-6,-8;360,15,4;378,14,-7;441,40,-37;451,13,-5;465,7,-3;475,9,-6;485,8,-2;496,14,1
rua||manoel junqueira|colinas sao jose|13720000|10,-2160800,-4690296;19,-9,14;20,-1,-20;27,-4,13;30,-5,-20;40,-2,-11;50,-8,-5;57,7,28;60,-12,-41;70,-8,-12;80,-3,-8;90,-3,-7;120,-35,-39;126,-7,2;151,-4,4;162,20,12;180,-37,-54;181,-8,13;200,3,-32;201,-9,1
rua||manoel junqueira|vila verde|13720000|270,-2160981,-4690541;321,-22,5
rua||manoel rueda|mano merli|13720000|115,-2158055,-4690118
rua||maranhao|eduardo cassucci|13720000|50,-2161089,-4693170;60,-1,2;70,27,52
rua||marco antonio peroco dias|mano merli|13720000|22,-2158188,-4690140
rua||marcos maldonado|santo antonio|13720000|777,-2159465,-4690292;787,-11,1;797,-7,0;807,-7,-5;817,-8,-7;827,-9,-1;837,-8,-7;847,-11,0;857,-4,-8;867,-13,1;877,-8,-7;887,-5,-1;897,-9,-7;907,-14,-6;917,-6,2;927,-4,-7;937,-7,-1;947,-17,-3;957,-10,-5;967,-5,-8;977,-16,1;987,-1,1
rua||maria aparecida de sylos|domingos de sylos|13720000|15,-2162177,-4689160;25,0,-8;35,-15,-2;45,-4,-16;55,2,4;65,-12,-10;75,-3,-2;84,-10,-20;85,-3,12;94,-2,-15;95,-7,11;104,-1,-16;105,-2,3;114,-3,-11;115,0,8;124,1,-6;125,-8,0
rua||maria clara m da silveira|domingos de sylos|13720000|22,-2162156,-4689257;25,6,-18;32,-3,5;35,12,-16;45,-4,-2;52,9,8;55,-2,-16;62,0,9;65,2,-14;75,10,-7;80,-5,18;85,7,-32;95,3,-5;96,3,31
rua||maria conceicao cesario|jardim mercedes|13720000|18,-2158980,-4691518;21,21,22;28,-26,-28;31,21,22;38,-29,-26;41,24,17;48,-32,-19;51,15,14;58,-21,-22;61,17,19;68,-26,-22;71,22,13;81,-12,-2;91,-4,1;101,-9,-7;111,-4,-1
rua||maria conceicao nogueira dias bicalho|santo antonio|13720000|48,-2159172,-4690343;49,10,9;50,2,9;54,-6,-12;59,-9,10;60,8,-16;65,-8,13;74,2,-14;120,-49,-23;130,14,11;140,-31,-20;160,-10,-10;172,-12,-9;182,-11,-5;204,-7,-9
rua||maria conceicao nogueira dias bicalho|vale do redentor iv|13720000|121,-2159214,-4690374;135,-8,-6;145,-7,-3;155,-14,-6;165,-1,-5;175,-13,-5;185,-8,-11
rua||maria e de sylos|domingos de sylos|13720000|18,-2162184,-4689302;27,23,-5;28,-18,0;38,6,-6;47,16,-16;57,-9,-37;58,1,36;67,9,-25;68,-8,14;77,6,-25;78,5,25
rua||maria ferreira artioli|jose maldonado peres|13720000|36,-2161764,-4690231
rua||maria jose b quessada|eduardo cassucci|13720000|5,-2161070,-4693442;18,-15,18;27,36,-32;28,-29,24;37,33,-28;38,-23,26;47,26,-28;48,-20,18;55,33,-21;58,-21,21;65,29,-26;68,-27,24;75,23,-25;78,-11,18;88,7,-5;98,4,-1;108,10,-7;118,9,-9;128,5,-5;138,8,-4
rua||maria lucia straceri mieto|jose maldonado peres|13720000|55,-2161872,-4690500;65,-4,20;75,57,-31;76,-60,8;85,-4,47
rua||maria nobrega|dionysio guedes barreto|13720000|3,-2158603,-4691428;4,13,3;13,-16,-12;14,4,2;23,-7,-10;24,5,-1;33,-10,-5;34,8,-2;43,-16,-6;44,11,-1;53,-13,-3;54,8,-5;63,-15,-7;64,7,-1;73,-7,0;74,2,-6;83,-6,-6;84,1,4;93,-8,-12;94,8,-2;103,-15,-12;104,11,7;113,-13,-10;114,7,2;123,-9,-9;124,8,-1;143,-20,-15;144,-5,-31;153,2,20;154,12,5;163,-16,-12;164,9,5;173,-12,-11;174,7,5;183,-13,-14;184,13,5;193,-16,-12;194,9,5;203,-14,-12;204,11,4;213,-14,-11;214,12,6;223,-16,-13;224,7,3;233,-14,-10;234,10,1;243,-9,-7;244,4,2;253,-14,-7;254,12,-3;263,-10,-8;264,6,5
rua||maria tereza de o rocha|portal buenos aires|13720000|17,-2160365,-4690919;18,-1,-8;27,-4,4;28,-6,-6;37,6,2;38,-10,0;47,4,12;48,-12,-9;58,-6,0;67,-3,12;68,-6,-10;77,-2,12;78,-9,-10;87,0,12;88,0,-10;97,-13,11;98,4,-7;107,-8,9;108,0,-9;117,-1,9;118,-7,-8;127,-5,17;131,-14,-3;138,-7,-4;141,-3,3;143,-11,-4;146,-6,2;148,-3,13;150,-12,-8;151,-8,7;160,2,-3;161,25,-4;170,-34,3;180,15,-33;181,-2,35;191,-6,2;201,-6,-2;211,-6,3;221,-10,10;231,-11,1
rua||maria trentin bucci|condominio residencial macaubas|13720000|64,-2161931,-4688578;75,3,3;84,-16,7;95,-7,16;115,-7,16
rua||mariana leopoldina de a nogueira|jardim bela vista|13720000|40,-2159293,-4688540;60,12,-22;70,11,-7
rua||mariana leopoldina de a nogueira|vila formosa|13720000|45,-2159298,-4688560;55,16,-16
rua||mario ananias da silva|maria boaro|13720000|157,-2160875,-4691282
rua||mario ananias da silva|portal buenos aires|13720000|6,-2160715,-4691150;15,-37,-16;16,22,12;26,-4,-4;27,-52,-48;36,50,42;46,-7,-1;56,-11,-11;66,0,1;70,-6,-9;76,-7,-6;96,-8,-3;106,-4,-4;126,-7,-15;136,-10,-2;146,-11,-18;155,-11,16;156,3,-17;166,-7,-8;176,-2,-7;186,-11,-1;196,-7,-10;206,0,-3;216,-7,-5;226,-3,-4;236,-6,-9
rua||mario antenor martini|jardim sao bento|13720000|15,-2158238,-4691100;16,30,9;18,-225,-68;22,194,58;25,10,-3;27,-194,-59;32,190,68;35,13,-11;42,-10,13;45,15,-8;48,-190,-46;52,185,51;55,15,-4;58,-191,-45;65,198,49;68,-191,-46;74,188,52;75,14,-6;78,-191,-44;80,180,53;85,11,-6;86,4,14;87,-214,-75;88,25,14;92,194,54;95,-2,-3;98,0,10;100,19,9;104,-4,-13;105,-3,-2;110,0,9;112,15,17;115,-14,-25;118,-175,-44;122,202,66;125,-15,-21;127,-164,-39;128,-15,0;130,200,62;135,-13,-23;138,-178,-36;142,211,64;145,-30,-17;147,-153,-45;155,165,42;157,-164,-41;158,-13,3;165,176,44;167,-157,-45;168,-4,15;175,169,34;177,-157,-48;185,162,46;195,15,5;205,1,-1;215,10,3
rua||mario bittencourt|jardim bela vista|13720000|45,-2158582,-4688305
rua||mario bittencourt|loteamento oto bitencourt|13720000|44,-2158587,-4688309
rua||mario bruzulato|jardim sao jose|13720000|10,-2158554,-4687874;20,-1,-7;25,-9,-3;30,13,-8;40,8,-17;45,-9,-5;50,9,-3;55,-4,-13;65,0,-2;70,9,-9;81,-3,-15;82,9,7;91,-24,-31;100,26,18;101,2,-13;102,0,9;111,0,-25;112,5,17;120,9,-18;121,-12,-8;123,6,-12;130,2,11;140,6,-14;141,-4,-9;153,2,-11;191,14,-41;193,-20,64;201,26,-78
rua||mario carvalhaes|portal da boa vista|13720000|21,-2160376,-4688007;54,-36,5
rua||mario escoqui|santo antonio|13720000|15,-2159277,-4690219;41,27,-37;105,-15,37;106,39,-60;113,-12,2;116,14,-10;117,-13,8;121,7,-11;126,12,0;133,1,-16;136,2,10;146,4,-8;155,-1,-4;156,16,1;162,-12,-18;163,-5,2;171,1,-5;172,7,-1;182,3,-6;183,-2,3;193,3,-12;244,30,-32;254,2,-8;266,7,-6;694,-134,221;704,14,-12;714,-1,-3;724,6,-9;734,12,-7
rua||mario escoqui|vale do redentor iv|13720000|219,-2159187,-4690364;229,5,-4;241,4,-9;251,5,-10;262,4,-5;275,7,-10
rua||mario lodovicho|jaradim zaira zonta merli|13720000|25,-2160486,-4692624;35,6,8;45,5,10;55,-1,6;62,-4,14;65,11,-4;72,-13,18;82,6,4;95,14,6;105,5,10;112,-1,10;115,4,-2;125,5,7;135,4,8;155,1,18
rua||mario marcio de castro|jose maldonado peres|13720000|26,-2161773,-4690624
rua||mato grosso|eduardo cassucci|13720000|5,-2161103,-4692813;15,-9,6;25,-18,11;35,-12,2;45,6,3
rua||meimei|chico xavier|13720000|14,-2161208,-4692583;24,2,19;34,-2,8;39,14,2;44,-6,7;49,12,-2;54,-16,9;59,20,0;64,-10,13;69,7,-1;74,-3,27;84,-2,7;89,15,-10;94,-11,19;99,11,-5;104,-7,11;109,9,-2;114,-4,20;119,9,-10;124,-10,16;134,-2,13;144,4,4;154,3,11;164,3,11;174,1,4;184,5,13;194,-2,9;204,8,10;214,-4,13
rua||minas gerais|eduardo cassucci|13720000|30,-2161071,-4692968;40,-5,-11;50,4,-6;60,-20,-17;70,3,-9;80,-3,-3;90,-3,-10;100,-10,-10;110,-6,-13;120,-2,-4;130,-6,-6
rua||modesto favero|vila brasil|13720000|40,-2161247,-4689431;43,-9,0;48,7,0;53,-10,-7;54,8,-7;61,-10,-6;71,-1,-10;75,-4,-5;85,9,30
rua||mojica|modelo do rio pardo|13720000|11,-2158152,-4682564
rua||nadir marques|vale do redentor iv|13720000|20,-2158689,-4690758;30,-1,-8;40,0,-21;50,3,-7;70,7,-20;80,1,-8;90,5,-5;100,0,-13;120,5,-16;130,3,-10;140,-10,-15;150,2,-4
rua||natal armando merli filho|santo antonio|13720000|22,-2159164,-4689834;28,12,6;33,10,5;42,4,9;43,2,-2;50,11,9;53,-6,-5;63,12,8;70,6,8;77,1,0;96,19,22;97,-2,-7;100,14,17;107,-10,-14
rua||natal bortot|jardim sao bento|13720000|12,-2158070,-4691191;13,-10,9;22,23,-12;23,-10,-1;32,11,-5;33,-9,-3;42,12,-4;43,-8,-6;52,13,3;53,-11,-3;62,15,-5;63,-11,-7;72,15,-2;73,-6,1;82,11,-9;83,-9,-1;92,9,1;93,-8,-3;102,15,-3;112,5,-11
rua||natal fechio|carlos cassucci|13720000|154,-2160771,-4693129;182,18,96;185,5,-14
rua||natal merli|jardim luciana|13720000|21,-2160078,-4688520;35,-2,18;44,49,-103;45,-40,105;65,-8,19;88,-3,-69;101,8,108;135,11,36;150,-23,-41;155,33,73;177,-1,13;185,6,9;281,-4,8;303,6,27;333,8,56;340,-14,-36;346,4,11;352,2,17
rua||natal spagnuolo|jardim margarida|13720000|15,-2159905,-4687369;25,-1,-15
rua||nelson de avila ribeiro|parque sao domingos|13720000|2,-2158672,-4687909;8,-7,-7;21,0,14;28,-4,-1;31,4,21;40,-24,69;51,21,-38;65,-5,20;70,-24,35;71,20,-26;77,-7,12;80,-18,23;90,-4,21;101,6,9;102,-8,2;110,-2,7;118,0,9;121,-1,14;126,-4,-2;131,7,16;132,-10,-11;141,8,12;142,-10,-5;151,3,12;152,-8,-1;160,-1,6;161,10,13;177,-3,6;197,-11,30
rua||nelson pereto|santo antonio|13720000|6,-2158589,-4690997;16,-10,11;26,-2,3;36,-9,11;46,-7,-3;56,-4,14;66,-7,4;76,-20,7;86,4,4;96,-10,8;106,-8,7;116,-6,9;126,-8,1;136,-7,9;146,-3,5;156,-12,10
rua||nelson pereto|vale do redentor iv|13720000|75,-2158624,-4690948;85,-10,6;95,-8,7;105,-6,8;115,-13,8;125,-4,6;135,-6,7
rua||nezio felisberto|vale do redentor iv|13720000|185,-2158886,-4690712
rua||nicola minussi|jardim eunice|13720000|47,-2160659,-4690303;67,-18,-6;77,-9,-2;87,-10,-7;97,-15,2;107,-3,-4
rua||nicolino gumiero|jardim mercedes|13720000|5,-2159044,-4691425;6,-5,-9;15,-9,13;16,3,-5;25,-7,16;26,1,-9;35,-3,18;36,-6,-7;45,1,9;46,-3,-3;55,2,22;56,-2,-12;65,-5,16;66,-3,-11;75,-1,19;76,-7,-10;85,1,18;86,1,-7;95,-2,16;96,-7,-2;105,4,14;106,-3,-19;115,-9,25;116,-5,-10;125,-3,18;126,0,-11;135,4,27;136,-6,-12;145,3,-10;146,-6,13
rua||nicolino ristori|jardim margarida|13720000|22,-2159450,-4687538;33,2,-23;34,5,39;44,4,8;53,6,19;59,-1,-5;64,2,17;74,-2,5;84,7,14;94,3,11;104,-2,12;114,11,13
rua||nilson de souza|natal merli|13720000|147,-2158088,-4690828;151,22,10;153,13,5;154,5,7;155,9,2;156,-1,-1;157,8,0;158,13,4;159,-60,-20;160,65,21;161,4,4
rua||nilson sernaglia|vale do redentor ii|13720000|119,-2158400,-4690844;129,7,10;139,13,13;149,3,3;159,6,4;169,8,6;196,9,38;203,17,-2;206,-3,11;216,6,9;226,5,1;236,9,6
rua||nilson sernaglia|vale do redentor|13720000|6,-2158470,-4690905;16,3,4;36,13,8;46,9,15;56,5,0;66,4,10;76,6,15;86,5,-4;96,9,10;106,2,7;116,7,6;126,4,-1;136,15,14;146,-3,4;156,13,13;166,6,10
rua||nove|por do sol|13720000|9,-2159965,-4691199;21,-42,2;31,11,-8;51,9,1;61,15,-4;94,19,6
rua||octacilio dias soares|santa tereza|13720000|25,-2160166,-4688735;35,-4,18;42,-28,0;45,16,3;65,-12,-5;72,-20,11;75,4,-4;87,-5,8;105,-15,2;136,-33,1;150,-15,9;151,15,2;160,-25,-2;175,0,5;180,-12,-6;187,2,6;190,-5,-1;197,-7,3;202,16,-7;205,-24,11;209,-13,0;212,0,-6;219,-17,12
rua||octavio gonzales|maria da silva maldonado|13720000|22,-2161541,-4690514;32,10,7;41,0,9;42,-3,-3;51,4,16;52,-3,-6;61,-4,35;62,4,-27;72,-4,13;112,-2,40;120,2,8
rua||octavio missura|portal buenos aires|13720000|15,-2160884,-4691136;16,2,10;25,0,-20;26,0,10;35,2,-19;36,5,15;45,7,-10;46,-1,6;55,6,-14;56,0,7;65,2,-15;66,3,9;75,1,-12;85,6,-2;86,0,5;95,5,-20;96,2,12;105,3,-16;106,0,8;115,2,-9;116,5,6;125,6,-19;135,1,0;136,5,7;145,0,-12;146,4,6;155,-2,-17
rua||odair junqueira|colinas sao jose|13720000|17,-2161091,-4690425;20,3,-9;23,7,2;30,12,6;33,-7,-17;43,11,1;46,9,4;53,-6,-13;54,12,11;63,-4,-19;64,12,8;73,1,-13;74,10,6;83,-9,-10;84,19,0;91,-8,-10;101,5,-2;111,11,-11;121,9,-6;130,6,8;131,7,-9;140,5,6;141,-2,-20;150,14,9;151,-9,-13;171,17,-12;180,16,-1;181,-3,-4;190,17,-3;191,-11,-2;200,11,-1;201,2,-15;211,7,2;220,10,-3;221,-5,-8;230,19,-2;231,-10,4;240,7,9;245,-2,-27;255,4,0;265,11,-10;275,7,-4;280,17,-1;285,-7,-6;290,10,4;295,-4,-14;305,9,-5;312,15,3;315,-6,-14;343,26,-12;348,14,8;353,-4,-26;358,3,16;363,1,-16;368,7,11;373,6,-16;378,5,10;385,1,-14;388,13,0;395,-5,-7;405,5,-9;408,2,13;415,6,-18;425,7,-15
rua||oddone braghirolli|vale do redentor i|13720000|3,-2158710,-4690393;6,25,20;16,-23,-8;26,4,-10;36,-3,-15;46,5,-7;56,3,-4;66,4,-11;76,-4,-8;86,4,-7;96,4,-15;106,0,-12;116,1,-6
rua||odilon machado cesar|vale do redentor|13720000|3,-2158473,-4691087;13,5,3;14,-5,13;23,18,-12;33,11,5;39,270,116;43,-263,-109;53,9,0;83,18,7;93,10,7;103,9,4;113,5,2;123,8,2;133,12,5;143,7,1;153,14,4;163,3,1;172,41,25;173,-30,-20;183,9,8;193,11,1;203,7,2;213,4,0;223,0,5;235,33,13;244,-9,-6;245,24,10;253,7,-3;254,-32,0;263,42,6;264,-26,-6;273,38,14;274,-38,-5;283,36,6;284,-26,-4;293,37,8;294,-31,-5;304,10,-4;305,32,14;314,-31,-12;315,48,14;323,6,-2;324,-36,-5;333,42,7;334,-46,-4;343,58,6;344,-53,-5;353,62,8;364,-37,5;374,5,4;384,5,-1
rua||oito|por do sol|13720000|26,-2159978,-4691246;46,-20,2;66,36,-6;83,-6,-10;93,15,0;103,2,-2;113,13,-1;123,4,1
rua||olimpia da silva rocha|portal buenos aires|13720000|13,-2161276,-4691509;14,7,7;23,-18,-8;24,9,0;33,-14,-6;34,3,-5;43,-20,-1;44,16,4;53,-23,-7;54,6,-6;63,-22,3;64,16,-4;73,-16,-3;74,12,1;83,-21,-10;84,14,2;93,-15,-7;94,5,6;103,-13,-10;104,3,4;113,-13,-9;114,10,-6;123,-17,2;124,8,-4;133,-7,-11;134,-5,3;143,-5,-1
rua||olimpio marcal nogueira|jardim bela vista|13720000|62,-2159160,-4688500;75,8,-2;95,4,25;105,6,14;115,-9,19;135,18,13;143,0,4;159,18,26;169,-2,-6;179,10,17;189,-10,12;199,6,13;229,23,23;239,9,5;249,7,2;269,-8,18;299,0,8;309,34,15;319,-16,-22;329,35,27;341,6,21;375,23,-6;385,-6,18;395,-15,28;405,5,9;470,54,31;480,13,5;490,-2,4;500,10,2;510,14,11;520,2,0;530,5,0;540,16,6;550,0,0;556,18,2;568,12,2;575,23,8;584,-13,-3;591,32,8;596,-14,1;620,7,5;630,6,2;640,11,2;650,9,4;660,16,7;700,22,11;720,19,4;726,5,4;734,5,3
rua||olinto tognoni|vale do redentor i|13720000|8,-2158692,-4690536;18,1,-2;28,10,5;38,5,0;48,9,-1;58,21,6;68,5,4;78,2,-4;88,14,4;98,6,4;108,4,-2;118,18,2;128,9,5;138,9,2;148,5,-2;158,1,1;168,16,4;178,21,3;188,8,5;198,10,2;208,2,0;218,14,7;228,9,-4;238,10,4;248,26,1;255,15,22;475,49,94
rua||olinto tognoni|vale do redentor|13720000|9,-2158688,-4690540;19,12,-2;29,6,6;39,9,-2;49,10,2;59,2,1;69,16,6;79,8,-3;89,8,4;99,19,4;109,-3,0;129,18,3;139,13,4;149,6,-2;159,-6,13;169,42,-7;179,10,3;189,4,-1;199,10,1;209,5,1;219,11,-1;229,14,11;239,8,-2;249,10,3;259,9,2;269,8,9;279,4,7;289,7,5;299,1,7;309,15,7;319,8,28;329,1,8;339,6,9;349,1,13;359,1,6;369,5,11;379,8,16;389,2,4;399,3,14
rua||oliver paulino vaz|modelo do rio pardo|13720000|859,-2158048,-4682486
rua||onofre ribeiro da silva|vila brasil|13720000|10,-2160959,-4689557;11,5,22;19,-24,20;22,12,-37;31,-5,12;32,-7,-11;42,-15,3;109,-55,33;119,-9,-7;120,-5,-14;130,-3,7;131,-4,9;141,-5,13;142,0,-19;150,-17,2;151,2,10;160,-11,-12;161,1,8;171,8,1;180,-25,6;181,2,-6;191,0,10;227,-40,8;234,-8,-14;237,2,16;244,-11,-13;245,2,17;255,-7,-1;256,-4,-11;266,-8,3;267,-3,11;286,-25,-1;295,-4,2;296,-5,0;303,-2,2;312,-9,-6;313,1,10;323,-10,12;330,-6,-14;333,0,9
rua||orlando catalano|jardim luciana|13720000|157,-2160269,-4688567
rua||orozimbo siqueira|vila maschieto|13720000|29,-2160400,-4690049;30,5,27;40,-8,8;460,-15,18;470,17,-35
rua||oscar junqueira|natal merli|13720000|9,-2158142,-4690593;10,-9,7;19,11,-9;20,5,3;29,7,-4;30,6,11;39,5,-3;40,-7,7;49,13,-10;50,1,5;59,6,-5;60,-3,12;69,16,-7;70,-9,5;79,19,-9;80,-3,12;89,15,-3;90,-8,3;99,11,-4;100,3,8;109,7,-10;110,-3,11;119,15,-2;120,-6,4;129,10,-8;130,-4,7;139,14,-2;140,-5,2;149,18,-2;150,9,8
rua||osmar manzoni|jardim margarida|13720000|62,-2159752,-4687294;72,-7,5;82,1,13;142,-62,34;152,-19,7
rua||osorio de oliveira|portal buenos aires|13720000|4,-2160818,-4691470;7,-14,4;14,9,-6;17,-19,-2;24,7,-2;27,-21,-6;34,13,0;37,-21,0;44,14,-9;47,-21,-2;54,10,-2;57,-20,-10;64,10,14;67,-16,-7;77,-7,-2
rua||osorio marcelino de oliveira|colina verde|13720000|8,-2157664,-4690718;16,-31,57;26,-1,-6;36,12,-11;37,-6,-8;47,6,-6;57,3,-8;77,6,-26;87,10,6;97,3,-12;106,14,-14;117,-4,0;127,5,-11
rua||osvaldo maldonado|vale do redentor|13720000|6,-2158521,-4690982;30,-10,0;40,8,11;47,18,-9;50,-9,13;57,15,-5;60,-4,2;67,14,-1;70,-5,9;77,14,-6;80,-7,7;87,16,-5;90,-2,13;97,15,-9;100,-11,10
rua||osvaldo tempesta|portal buenos aires|13720000|27,-2160254,-4690878;47,-20,10;50,-23,0;57,10,4;67,-7,11;77,-9,2;97,-17,6;121,-16,19;131,-16,-4;141,-7,9;151,-8,4;161,-3,2;171,-8,7;181,-6,2;191,-8,6;201,-6,2;215,-1,1;227,-9,-1;230,-40,22;237,18,3;240,-28,4;247,19,3;250,-20,-1;257,15,5;260,-23,0;267,17,0;277,-11,5;287,-1,6;290,-24,0;297,15,3;307,-7,-2;317,-4,12;320,-68,24;327,59,-21;337,-5,3;347,-3,-1;360,-107,31;364,-16,2;370,10,-2;377,88,-16;387,-13,7;397,-5,8;420,-112,3;430,-6,-3;437,68,11;440,-76,-11;447,69,13;450,-72,-11;457,71,7;460,-80,-10;477,66,11;480,-82,-7;487,69,9;497,20,-9;507,-37,11
rua||oswaldo bertogna|colina verde|13720000|20,-2157649,-4690656;21,-9,8;30,14,-13;31,-9,11;40,17,-18;41,-16,6;50,25,-14;51,-13,5;70,20,-25;71,-13,14
rua||otavio curi|vale do redentor iv|13720000|6,-2158758,-4690590;16,-9,-1;26,-9,0;36,-8,0;46,-12,5;56,-10,-1;66,-5,-5;76,-13,0;86,-6,3;96,-10,-5;106,-8,4;116,-14,-3;126,-9,7;136,-8,-11;146,-76,12
rua||palmyro petrocelli|santa tereza|13720000|21,-2160366,-4688487;40,-24,1;41,-11,13;71,-1,-4;81,-12,8
rua||paraiba|eduardo cassucci|13720000|21,-2160923,-4692499;31,-6,-12;41,-7,-3;51,2,-13;61,-1,-7;71,-4,-4;81,-1,-16;91,-4,-13;101,0,-8;111,-1,-6;121,0,-7;131,-4,-10;141,-3,-10;151,13,-21;161,-18,1;171,-3,-12
rua||parana|eduardo cassucci|13720000|21,-2160892,-4692698;22,8,2;23,-91,-187;31,87,173;32,1,3;41,-6,-7;42,6,-1;51,-2,-11;52,1,0;61,-16,-12;62,16,3;71,-16,-15;81,-6,-13;82,17,11;91,-13,-16;92,9,0;101,-16,-16;102,15,10;111,-19,-16;112,13,12;121,-20,-19;122,15,10;131,-21,-24;132,15,14;151,-25,-33;152,20,19;161,-25,-21;162,17,8;171,-18,23;172,17,-25;182,-9,-13
rua||para|eduardo cassucci|13720000|61,-2161118,-4693206;71,8,25
rua||particular|jardim santa marina|13720000|239,-2159745,-4690222;249,-14,-21
rua||paschoal ceravolo|vila brasil|13720000|20,-2161112,-4689368;38,-34,0;45,4,-5;220,-140,-14;240,-35,-11;379,205,574;401,-1,2;640,-167,-570;801,172,558;901,-790,-624;911,16,-1;921,-8,5;931,-22,-13;941,0,9
rua||paschoal frontera|vila verde|13720000|15,-2161426,-4690639;18,20,3;22,3,-8;25,-11,2;35,0,-8;38,19,-1;45,-7,-12;48,11,7;55,-2,-8;56,13,2;76,14,-13;77,-12,-6;87,6,-9;90,18,6;97,-11,-9;101,9,-2;102,7,3;111,4,-12;112,2,8;122,13,-2;131,4,-22;132,5,10;141,7,-19;142,0,13;158,12,-8;161,-8,-9;168,7,6;175,6,-19;178,4,14;185,2,-16;188,4,13;191,15,-31;201,12,-6;215,7,-10;222,-9,25;225,16,-25;237,26,3;257,-5,-36;258,-3,29;267,18,-28;268,-18,17;288,18,-4;305,20,-34;308,1,10;315,12,-19;318,-6,20;324,4,-10;327,14,-21;332,-5,17;337,18,-23;348,-6,17;358,6,-1;368,11,-12;397,41,-41;398,-2,9;407,4,-14;408,3,7;417,0,-13;418,13,2;427,1,-12;428,-4,14;437,9,-14;438,-1,4;447,7,-6;448,-2,7;457,2,-16;458,5,11;467,3,-19;468,3,16;477,7,-16;478,-2,9;487,3,-13;488,-5,5;497,5,-12;498,1,10;507,10,-16;508,7,12;517,-3,-17;518,8,11;527,3,-17;528,1,12;537,3,-7;538,7,3;547,-1,-17;548,6,9;557,1,-15;558,4,9;567,4,-20;568,3,21;587,14,-29;588,4,12;597,0,-16;598,1,5;607,7,-12;608,2,9;617,5,-13;627,6,-6;628,-4,7;637,10,-11;638,5,3;647,-2,-6;648,12,3;657,-4,-9;658,15,1;667,-9,-10;668,-2,9;677,7,-11;678,1,7;687,8,-12;688,3,8;697,-3,-12;698,11,8;707,-1,-16;708,5,9;717,4,-10;718,-1,10;727,4,-19;728,5,9;737,1,-12;738,6,5;747,3,-11;748,4,6;757,1,-15;758,1,13
rua||paschoal melo|vale do redentor i|13720000|7,-2158557,-4690404;17,22,6;27,11,-3;37,12,4;47,3,2;57,10,-12;67,13,3;77,9,-1;87,6,1;97,11,-5;100,-7,14;107,14,-22;110,-1,20;117,10,-9;120,-2,10;127,10,-6;130,-5,6;137,19,-5;140,-7,0;147,15,-1;150,-6,7;160,8,-7;170,9,3
rua||paschoal salvadori|jardim sao jose|13720000|61,-2158728,-4687921;71,-5,16;81,-4,17
rua||paschoal salvadori|parque sao domingos|13720000|98,-2158769,-4687850;101,4,12;115,4,14;122,-9,5;125,8,7;145,-22,52;155,-3,14;165,11,6;166,-4,-49;175,-13,53;176,12,-53;185,-13,62;188,10,-39;198,-12,27
rua||paschoalino amato|vale do redentor iv|13720000|5,-2158757,-4690784;6,22,8;15,-38,-6;16,20,-5;25,-25,5;26,0,-14;35,-19,13;38,7,-6;45,-10,10;55,-10,-7;65,-12,5
rua||paulina v straceri|jardim sao jose|13720000|123,-2158874,-4687475;213,-53,13;280,-118,-48;283,-3,8
rua||paulino de sylos meirelles|domingos de sylos|13720000|13,-2162423,-4689219;28,199,131;35,-10,-1;38,5,-3;45,-15,0;48,12,-7;55,-16,1;58,4,-10;65,-13,4;75,-6,-8;85,-6,-4;88,6,-6;95,-17,-1;98,8,-7;105,-14,7;108,0,-15;115,-9,2;118,0,-8;125,-10,3;128,9,-8;138,-10,-5;145,-10,-1;173,-69,-43;183,31,20;193,-15,-11;204,42,28;205,-44,-35;245,-35,-10;248,-29,-38;255,23,28;258,-36,-28;259,5,6;268,-11,-6;273,-5,3;275,36,23;278,-33,-32;285,14,13;288,-24,-21;298,-6,-6;305,23,28;325,-16,-9;335,-6,-5;345,-6,-4;355,-7,-7;365,-10,-5;375,-9,-2
rua||paulino luvizaro|bairro jardim eunice|13720000|34,-2160514,-4690362;130,-93,-26;140,-12,-5;150,-13,-4;205,67,30;233,71,10
rua||paulino luvizaro|jardim eunice|13720000|11,-2160652,-4690396;35,134,43;105,-50,-18;135,-46,-9;149,6,-2
rua||paulo de pietro|santa tereza|13720000|9,-2160130,-4688746;15,-17,-10;17,1,-1;20,14,0;32,-15,-6;44,-11,9;60,-7,-2;70,-7,-7;77,-17,5;80,-1,-6;90,-10,1;100,-8,5;110,-11,-6;111,-8,8;118,-11,-8;122,0,4;160,-43,7;174,-4,-2;195,0,6;205,-15,2;215,-6,6;218,2,-8;230,-2,7;235,-11,3;241,-11,7;244,-4,-9;253,-6,2;263,-8,8
rua||paulo fernandes lucania|dionysio guedes barreto|13720000|10,-2158788,-4691772;20,-9,-12;30,1,-1;40,-2,-5;50,-7,-17;60,-4,0;70,-2,-11;80,-5,-4;90,-5,-8;100,19,-19;110,-22,1;130,-23,-38;140,7,10;150,-7,1;160,-6,-15;170,-3,-13;180,-4,-6;190,-3,-2;200,-4,-10;210,-3,-10;220,-6,-8;230,-3,-5
rua||paulo macca|domingos de sylos|13720000|50,-2162834,-4689510
rua||paulo renato parisi|centro|13720000|115,-2160073,-4688657
rua||pedro bagodi|jardim eunice|13720000|12,-2160639,-4690176;122,69,20;192,-52,-10;200,-16,-8;210,-24,-10;222,-6,-2;232,-7,-2;242,14,4;252,-37,-12;262,-15,-3;274,2,1;284,-16,-3
rua||pedro bagodi|joao de oliveira machado|13720000|7,-2160465,-4690127;13,-24,8;17,20,-9;23,-27,5;27,18,2;33,-20,-9;37,11,-1;47,-7,-3
rua||pedro bilo|santo antonio|13720000|49,-2159020,-4690230;59,-9,-4;69,-3,-1;78,-18,-43;79,8,33;88,-7,-20;89,-4,12;108,3,-14
rua||pedro curi|portal buenos aires|13720000|67,-2160226,-4690874;77,-3,-9;131,65,329;150,-16,-22;151,13,-9;161,3,-13;180,-1,-10;201,-13,-86;211,-5,-8;221,-4,-33;231,-3,-4;251,-4,-26;277,-15,-56;311,-13,-42
rua||pedro da silva|condominio residencial macaubas|13720000|51,-2161951,-4688600
rua||pedro moreno|natal merli ii|13720000|8,-2158088,-4690345;15,7,-66;23,-5,82;33,6,-61;43,0,10;77,-4,0;83,1,13;107,-7,41
rua||pedro moreno|natal merli|13720000|34,-2158072,-4690443;64,-16,51
rua||pedro palas picareta|santo antonio|13720000|22,-2159054,-4689806;31,1,0;34,-8,9;44,-5,11;61,3,5;71,-5,9;91,-13,20;101,4,7;104,-18,9
rua||pedro taddei|jardim aeroporto|13720000|62,-2160697,-4688713
rua||pedro tadheu guimaraes|colinas sao jose|13720000|31,-2160793,-4690199;41,2,-9;51,-3,-6;61,-2,-14;71,0,-12;75,0,-6;201,17,-80;215,-4,-7;225,4,-10;235,5,-12;247,-2,-8;257,9,-24;357,44,-101;377,14,-14
rua||pedro tadheu guimaraes|fartura|13720000|9,-2160784,-4690109;18,2,18;58,0,-6
rua||pedro tadheu guimaraes|jardim eunice|13720000|378,-2160728,-4690451;388,0,-1
rua||pernambuco|eduardo cassucci|13720000|14,-2161064,-4692658;24,-3,-12;34,-2,-9;44,-1,-13;54,-5,-6
rua||perpetua aparecida fer innarelli|vila formosa|13720000|18,-2159023,-4688784;28,-5,-4;43,-123,-64;50,1,11;55,19,-16;75,2,20;95,22,10;105,2,10;125,14,3;135,11,1;145,12,3;165,13,13;175,11,4;176,1,6;177,9,-3;195,18,8
rua||piaui|eduardo cassucci|13720000|10,-2161050,-4692582;20,0,0;40,-23,6
rua||precildo palamedi|eduardo cassucci|13720000|10,-2161247,-4693405;30,4,-40;40,3,-1;48,12,52;50,-5,-60;60,-11,20;74,20,-38;84,9,-13;94,11,-12;104,12,-18
rua||projetada|portal buenos aires|13720000|115,-2160748,-4690916
rua||prudente correia|portal buenos aires|13720000|3,-2160795,-4691494;13,-7,-16;23,-5,1;33,-13,-7;43,-2,-7;44,16,-12;53,-29,13;63,-7,-5
rua||quatro|colina verde|13720000|35,-2157933,-4691071;36,3,-7;37,5,-4;38,3,-9;39,-2,-9;40,4,-7;41,8,17;42,-5,6;43,-3,7;44,-4,5
rua||quatro|por do sol|13720000|107,-2160039,-4691450;137,29,6;147,10,0
rua||quintino bocaiuva|centro|13720000|2,-2159460,-4689108;20,-12,-51;30,-12,-3;40,10,-2;56,-2,5;64,4,12;68,0,0;74,7,-1;78,2,3;94,1,17;96,1,1
rua||raimundo jose de matos|vila formosa|13720000|10,-2158338,-4688742;20,4,-10;30,3,-12;40,6,-2
rua||reginaldo petrocelli|condominio residencial macaubas|13720000|112,-2161599,-4688641;130,-93,-65
rua||reinaldo ferreira|eduardo cassucci|13720000|1,-2160706,-4693399;2,1,-14;9,-7,12;10,4,-11;17,-14,15;18,-1,-8;25,-4,10;26,-2,-9;33,-7,9;34,11,-8;40,-23,1;41,-3,14;48,-5,-12;49,4,13;56,-15,-9;57,1,12;62,-9,-3;65,-1,6;70,-7,-8;73,6,11;78,-15,-8;81,-1,9;86,-5,-3;89,2,2;94,-11,6;97,-1,3;104,-12,-8;105,12,13;113,-20,4;121,-9,2;122,10,-16;130,-6,5;139,-26,19;147,-8,0;152,13,-16;155,-26,14;160,10,-8;163,-15,17;168,11,-10;171,-14,11;176,7,-7;179,-18,10;184,5,-12;187,-19,19;192,13,-18;195,-18,21;200,7,-20;203,-17,20;208,14,-21;211,-21,29;216,11,-21;217,-20,14;225,6,0;228,9,-9;233,-30,15;234,15,-13;240,-7,4;241,-17,15;248,9,-11;249,-23,11;256,19,-5;257,-25,9;264,10,-6;265,-13,3;272,7,-4;280,-10,7;288,-10,4;303,-6,3;311,-4,1;316,8,-10;382,-80,28;402,-16,5
rua||reinaldo giovaneli|bairro jardim eunice|13720000|205,-2160540,-4690376;213,3,-12;223,4,-14;239,5,-14;250,0,20;260,2,-13;270,7,-7;279,-13,-6;280,11,-5;290,9,-13;291,-19,9;305,3,-19;309,6,-8;312,7,-2;315,-6,-10;325,3,-9;342,18,-3;352,2,-12;355,-10,-20;362,9,8;365,-7,-13;375,2,-32;382,17,20;395,-4,-43;398,4,31;405,2,-55;430,2,44;440,-4,-11;450,17,-17
rua||reinaldo giovaneli|jardim eunice|13720000|7,-2160586,-4690168;8,3,3;15,-9,-9;18,10,-6;25,-5,-18;28,8,11;35,-8,-20;38,10,4;45,-5,-15;48,3,13;55,-2,-21;58,7,6;65,-5,-21;68,7,18;77,-4,-27;78,7,10;88,5,-19;97,-8,-11;98,13,9;104,1,-12;107,-8,-11;114,10,3;117,-9,-2;125,1,-12;135,6,-19;144,6,13;147,0,-55;158,4,41;175,-4,-23;185,4,-12
rua||renato ferraz|fartura|13720000|8,-2161354,-4689650;18,4,-2;28,6,-12;38,3,-6;48,6,-8;57,-19,-11;58,26,1;68,5,-14;85,0,-12;88,7,4;95,0,-14;98,6,1;105,-4,-4;108,10,-7;115,-9,1;125,10,-3;135,1,-17
rua||renato ortega|bonsucesso|13720000|9,-2159385,-4687743;10,-11,-5;19,17,17;20,-9,-4;35,11,16;36,0,53;40,1,1;45,11,-8;58,-7,42;65,18,9;68,-9,2;75,10,2;85,2,14;88,-13,-2
rua||reynaldo ferreira|carlos cassucci|13720000|321,-2161087,-4693276
rua||riachuelo|jardim nova belmonte|13720000|10,-2160510,-4689752;20,-20,-6;30,4,-4;40,-13,-7;41,1,11;110,-57,-40;111,-6,10;120,-4,-11;121,-2,5;130,-5,-6;131,-2,6;200,-45,-33;299,-93,-29;300,-16,-18;314,-11,-2;319,8,14;326,-10,-15;336,-19,-9;339,14,16;356,-32,-23;380,-6,-4
rua||riachuelo|vila brasil|13720000|369,-2160822,-4689880
rua||ricardo marcondes godoy|bairro jardim eunice|13720000|31,-2160574,-4690548;41,-2,7;42,-5,-29;52,-10,3;61,5,28;62,-13,-26;71,-18,7;81,-9,-1;85,2,-15
rua||ricardo marcondes godoy|jardim eunice|13720000|131,-2160673,-4690563
rua||ricardo marcondes godoy|portal buenos aires|13720000|140,-2160678,-4690585
rua||ricardo possebom|portal buenos aires|13720000|9,-2161160,-4691542;12,-10,-2;19,10,2;22,-10,-2;29,-7,19;32,4,-10;39,-2,8;42,-11,2;49,3,15;52,-6,-16;59,-1,20;62,-4,-5;69,-6,13;72,-1,-8;79,-2,17;82,0,-10;89,-1,16;92,-9,-4;102,-8,5;109,7,10;112,-11,-5;119,2,14;122,-9,1;129,5,3;132,-8,1;142,-7,0
rua||richard peres negrao|colina verde|13720000|23,-2157609,-4690629;33,11,-17
rua||richard petrocelli|jardim mercedes|13720000|5,-2158922,-4691494;15,6,-9;16,14,-7;25,-8,7;35,13,-7;45,12,2;55,3,-4;56,-20,10;65,30,-16;75,11,-3;76,-17,12;85,17,-16;86,-11,13;95,20,-19;96,-7,9;105,16,-12;106,-13,14;115,18,-20;116,-8,16;125,16,-18;126,-6,5;136,19,0
rua||rio de janeiro|eduardo cassucci|13720000|27,-2160988,-4693004;32,-30,12;37,12,-4;47,-3,3;57,-10,8;67,-9,6;77,-9,4;87,-7,7;97,-13,6;107,-9,2;117,2,7;127,-19,7;137,-5,7;147,-8,3;1091,100,-71
rua||rio grande do norte|eduardo cassucci|13720000|2,-2160970,-4692481;3,-10,-19;12,8,4;13,-8,-25;22,7,15;23,-7,-21;32,3,22;33,-8,-34;43,1,-7;52,-1,16;53,-2,-26;62,8,12;63,-14,-11;72,7,-43;73,-9,25;82,13,14;83,-12,-23;92,9,14;93,-8,-24;102,3,8;103,-14,-15;112,17,8;113,-17,-19;122,12,10;123,-9,-25;132,13,21;133,-14,-31;142,4,19;152,5,-22
rua||rio grande do sul|eduardo cassucci|13720000|24,-2160992,-4692899;33,-5,17;34,3,-15;43,-12,21;44,3,-11;53,-5,12;54,-6,-6;63,-6,15;64,-2,-10;73,-7,10;74,-6,-2;83,-4,12;84,-3,-7;93,0,10;94,-7,-8
rua||rita dos santos figueiredo|bonsucesso|13720000|90,-2158689,-4687971;144,-44,-29
rua||rita dos santos figueiredo|jardim sao jose|13720000|21,-2158628,-4687917;22,1,-16;31,-5,22;41,-8,-16;51,-12,-4;61,-5,-2;71,-6,-8;91,-20,-13;151,-37,-20
rua||roberto consolo|alto da serra|13720000|192,-2160130,-4687293;642,-65,-15;651,-4,30;652,0,-20;661,-14,14;662,3,-15;712,-28,21
rua||roberto consolo|jardim margarida|13720000|49,-2159590,-4687482;52,2,-8;62,-15,-1;72,-4,2;79,4,7;82,-24,3;89,15,3;92,-23,-5;99,13,5;102,-18,-2;109,4,5;112,-21,1;119,4,6;122,-13,-4;129,12,2;132,-20,-3;142,-12,1;152,-10,4;159,8,-2;162,-20,4;169,8,1;179,-6,1;189,-13,8;199,-23,5;200,-12,-3;209,1,1;212,-16,-7;219,9,9;222,-18,-3;229,10,4;239,-9,0;242,-25,-5;252,-9,5;259,23,4;262,-33,-4;269,17,10;272,-25,-8;279,-40,3;312,-3,7;319,11,4;322,-21,2;329,14,-1;339,-17,1;342,-20,1;349,5,4;359,-6,5;372,-26,-3;379,8,4;392,-40,0;412,-12,3;419,8,6;422,-27,-4;432,-5,0;439,13,7;442,-27,-3;462,-16,6;472,-3,5;499,-21,12;502,-10,-5;509,2,10;522,-44,16;531,32,-10;561,-24,14;571,-12,12;581,-4,-2
rua||rodrigo borges coelho|jose maldonado peres|13720000|38,-2161798,-4690643;77,10,-40;97,6,-18
rua||rodrigo fernandes da silva|portal buenos aires|13720000|664,-2160830,-4690929
rua||rodrigo fernandes da silva|vila verde|13720000|20,-2161311,-4690562;25,-4,-3;30,15,-2;35,-12,-4;50,29,-10;64,5,-1;74,4,-8;84,12,-6;85,-8,-8;92,18,-1;95,-12,-3;100,20,-4;105,-9,-3;115,7,-6;120,18,-2;132,10,-6;135,1,-9;144,4,1;145,-9,-3;154,16,-4;155,-9,-2;164,17,0;165,-9,-10;174,16,0;175,-10,-2;200,35,-21;207,-2,-8;216,15,3;236,11,-15;237,-4,-9;246,12,3;247,-8,-9;256,26,9;257,-16,-14;263,8,-6;271,5,0;287,6,-12;294,22,-1;297,-5,-16;303,8,4;304,8,6;312,7,-7;313,-9,-7;322,14,0;323,-12,-6;332,21,3;333,-5,-7;342,13,-4;344,2,4;345,-7,-10;352,13,6;355,-8,-11;375,24,-26;382,5,14;385,-3,-9;392,12,1;402,11,-6;403,-6,-11;412,12,3;413,-2,-11;422,18,4;423,-11,-10;432,17,3;442,0,-3;447,-9,-6;452,23,-5;457,-14,0;461,8,-3;462,10,-3;463,-4,-7;465,10,-10;472,0,12;492,7,-2;500,8,-10;501,-5,-5;510,19,-3;525,-7,-10;535,13,-10;545,9,0;555,-4,-8;565,18,-6;575,2,2;585,4,-12;595,6,-2;605,9,-6;615,6,-4;625,3,-3;635,10,-7;645,6,-2;655,0,-6;665,11,-9;675,0,-7;685,8,1;695,16,-8;705,-1,-6;715,-1,-8
rua||romano buosi|centro|13720000|4,-2159754,-4689560;8,2,4;12,-1,6;17,-7,11;18,0,-11;22,-1,2;24,-5,8;29,6,1;33,-3,4;34,-5,1;43,-6,8;44,-2,-8;51,-2,8;54,3,5;65,-5,10
rua||romualdo dontal|vale do redentor ii|13720000|10,-2158221,-4690678;13,-19,-9;20,20,-3;23,-12,-6;30,16,0;33,-7,-13;40,8,3;43,-7,-12;50,9,5;53,-11,-11;60,10,0;63,-7,-10;70,10,-4;73,-13,-8;80,14,0;83,-10,-10;90,13,-1;93,-9,-5;100,9,-3;103,-6,-4;110,7,-6;113,-6,-5;120,10,-1;123,-10,-9
rua||roque aparecido risso|colina verde|13720000|1,-2157618,-4690720;23,-6,3;137,-27,-61
rua||roque aracre|portal buenos aires|13720000|13,-2160804,-4691054;23,12,-2;33,4,-10;43,2,-7;53,3,-5;63,5,-5;73,4,-9;83,5,-5;93,8,-3;103,3,-2;113,8,-13;123,-1,-2;133,10,-3;143,4,-9;153,3,-3;244,92,-95;253,17,-34;263,5,-7;273,5,-3;283,1,0;495,-31,34
rua||roque giovanelli|jose maldonado peres|13720000|22,-2161768,-4690553;35,8,-13;42,-13,37;45,10,-27;55,-2,11;75,-1,9;105,7,28;135,-2,27;162,-19,90;255,8,37
rua||roque guardabacho|santo antonio|13720000|24,-2159105,-4689865;34,8,12;44,7,8;54,5,6;64,8,11;71,9,-10;81,9,11;91,16,9
rua||roque pelegrino|domingos de sylos|13720000|13,-2162484,-4689143;14,-9,-14;23,-5,12;24,-4,-13;33,0,7;34,25,-14;43,-34,11;44,10,-14;53,-25,7;63,-2,-5;64,5,4;73,-16,-10;74,6,-3;83,-13,1;84,-3,-8;93,-2,-1;94,9,-8;103,-20,3;104,13,-9;113,-25,5;114,15,-6;123,-19,3;133,-6,-4;134,8,-7;143,-16,-1;144,3,-2;153,-4,-6;154,-13,15;163,-3,-17;164,4,0;173,-11,-6;174,-2,-5;183,-11,4;184,38,-1;193,-45,-5;194,7,-5;203,-13,1;204,8,-4;213,-18,-3;214,18,3;223,-20,-3;224,7,-4;233,-22,-5;234,7,-8;243,-21,2;244,28,1;253,-30,-5;254,16,0;263,-21,0;264,19,-6;273,-27,-1;274,16,-3;283,-31,3;284,19,-6;290,-21,-29;294,17,24;297,-30,-17;300,12,-12;307,-18,-3;310,7,-8;317,-12,4;320,6,-10;327,-9,-2;330,9,1;337,-17,-9;340,6,-3;347,-9,0;350,5,0;357,-10,-8;367,-7,-9;370,5,-7;377,-12,1;387,-8,-10;390,8,-5;397,-11,2;400,12,-10;407,-20,-1;417,2,-6;420,3,-3;427,-12,-2;430,4,-16;437,-13,1;440,6,-8;447,-14,3;450,13,-10;457,-52,4;460,41,-10;467,-35,13;470,27,-22;477,-5,5;480,6,-36;487,-20,28;490,18,-18;497,-16,8;500,11,-5;507,-13,2;510,-1,-16;517,-2,2;520,2,-15;527,-8,-1;530,-1,-3;537,-8,6;540,5,-8
rua||rosario maida|vale do redentor iv|13720000|5,-2158764,-4690613;6,-3,-8;15,-4,-1;16,4,-11;25,-9,10;26,-3,-11;35,-8,8;36,-4,0;45,-4,7;46,0,-11;55,-14,7;56,4,-5;65,0,4;66,-7,-9;75,-10,1;76,-4,2;85,-7,9;86,1,-7;95,-6,8;96,-2,-12;105,-15,13;106,2,-11;115,-5,6;116,-5,-5;125,-3,1;126,-4,-6;135,-3,14;136,0,-9
rua||rosario safariz|jose maldonado peres|13720000|270,-2161738,-4690172;310,-34,3
rua||rosaura escobar|condominio residencial macaubas|13720000|44,-2161699,-4688485;90,-101,-73;100,-10,-4;150,-49,-52;160,-4,5;190,-50,-85;200,-9,-14;312,230,228
rua||rubens de faria|jardim dos ipes|13720000|235,-2161251,-4690860;283,50,-42;293,11,-5
rua||rubens de faria|vila verde|13720000|12,-2161456,-4690677;13,0,-12;22,10,10;32,6,-12;42,5,-9;43,9,-15;52,0,6;53,11,-12;72,9,-2;73,8,-14;82,1,13;92,4,-7;93,15,-19;102,-8,11;112,10,-6;122,14,-10;133,10,-23;153,34,-29;162,-16,24;163,22,-24;192,10,1;242,57,-43;252,4,-7;262,11,-7;272,7,-7;282,11,-6;302,13,-13;312,9,-11;332,14,-8;352,19,-18
rua||rubens ortiz|bonsucesso|13720000|6,-2159381,-4687588;8,-6,3;10,-6,3
rua||rubens ortiz|jardim margarida|13720000|30,-2159451,-4687572;33,29,13;40,-38,-8;43,25,0;50,-41,2;53,35,5;60,-41,-9;70,-9,7;80,-13,13;90,-8,0;100,-7,1;110,-21,5;130,-18,2
rua||rui barbosa|centro|13720000|26,-2159602,-4689196;27,13,-1;32,-12,4;40,-6,-2;43,7,6;50,-10,-1;56,5,19;109,-26,36;112,-5,-8;115,0,18;118,-3,1;137,-9,17;154,-8,3;164,-3,30;171,5,7;174,-16,-1;190,-5,9;191,8,0;202,-10,9;213,3,5;225,-18,54;230,14,-30;235,-18,7;254,12,12;282,-20,42;304,6,4;307,-5,13;333,-7,21;334,2,-8;336,2,-11;338,-5,19;341,-4,9;354,-3,-7;358,0,8;373,-8,35;376,-2,0;381,3,2;382,-4,2;384,0,2;390,-1,6;396,-11,7;403,12,0;414,-17,8;417,9,1;430,-11,10;435,11,2;437,-7,8;443,-2,14;444,-4,-8;457,-1,14;460,-4,-6;464,-2,7;465,5,7;466,-7,-3;518,-23,50;525,4,-6;554,-33,58;564,15,-4;565,-2,-7;577,-1,7;606,-27,15;618,11,30;624,-9,10;638,-5,5;640,-1,11
rua||rui barbosa|vila pereira|13720000|8,-2159838,-4688583;13,0,-13;607,35,-80;683,-4,14;689,-7,9
rua||sandra regina sorian|condominio residencial macaubas|13720000|53,-2161927,-4688628;93,-32,-51;113,-7,-23
rua||santa catarina|eduardo cassucci|13720000|1,-2161120,-4692749;22,158,-109;32,-7,8;42,-20,9;52,3,1;62,-8,4;72,-11,8;82,-9,9;91,-2,9;92,-6,-8;131,-52,50;132,-12,-6;136,26,-17;141,-31,29;142,1,-6;151,0,14;152,-5,-17;162,-17,13;172,0,6;192,173,-106
rua||santclair de a junqueira|jardim bela vista|13720000|45,-2159266,-4688490;65,56,-60;75,-32,38;84,13,-10;85,-7,4;94,15,-14;104,2,-5;105,-7,4
rua||santos dumont|santo antonio|13720000|262,-2159422,-4690070;263,-9,-10;273,5,-8;274,9,9;285,-2,-13;286,8,3;295,-4,-11;298,8,7;305,0,-15;310,11,1;322,9,0;334,4,-4
rua||sao bernardo|bonsucesso|13720000|49,-2159326,-4687898;67,-18,6;77,-9,4;99,-18,5;111,-11,7;121,-7,1;131,-15,7;143,-16,0;153,-4,7;193,-25,9;223,-39,1;325,18,0
rua||sao paulo|eduardo cassucci|13720000|31,-2161039,-4692997;32,21,2;41,-27,-12;42,9,0;51,-10,-1;52,1,-6;61,0,-3;62,-8,-8;71,-4,-4;72,5,3;81,-11,-14;82,17,8;91,-21,-13;92,7,0;101,-8,-15;102,0,4;111,-10,-9;112,5,0;121,-12,-10;122,7,1;131,-10,-7;132,9,0;141,-14,-10;142,6,-4;151,-14,-18;152,16,19;162,-9,-14;172,-9,-11;182,-1,-11;183,-9,3;187,-10,-7;192,16,4
rua||sao roque|bonsucesso|13720000|20,-2159285,-4688062;34,14,-11;44,8,-4;56,5,-7;92,40,-21;102,3,-2;114,14,-5;126,2,-2;128,1,0;134,14,-5;148,7,-10;156,7,-6;166,5,7;178,7,-8;190,8,-9;196,10,3;206,12,-9;216,7,-4;228,9,-6;236,8,-5;246,0,-1
rua||sao roque|vila pereira|13720000|69,-2159249,-4688096;81,18,-7;95,6,-7;107,16,-9;133,17,-9;149,6,-5;155,11,-3;171,12,-8;197,16,-9;207,15,-7;223,6,-2;241,14,-10;427,-178,96
rua||sao sebastiao|bonsucesso|13720000|8,-2159286,-4687979;18,15,-4;28,6,-4;38,7,-3;60,14,-16;70,19,0;71,-11,-9
rua||sao vicente|jardim nova belmonte|13720000|14,-2160412,-4689767;30,-9,-4;36,-3,10;48,-5,6;56,-2,12;68,-3,5;88,-6,12;96,0,15;100,-6,12;108,-9,5;118,-1,10;126,-1,6;142,-2,10;150,-5,9;164,2,9
rua||sao vicente|vila brasil|13720000|200,-2160477,-4689619;206,-3,7;214,-6,15;232,-7,7;236,-2,7;244,1,12;272,-15,26;296,-1,15;300,-5,12;316,-2,20;326,-8,1;426,-2,15
rua||sao vicente|vila maschieto|13720000|11,-2160409,-4689776;41,-9,26;49,-7,2;81,-6,30;103,-9,25;121,-1,5;131,-8,11;145,-1,11;153,-5,9
rua||sao vitor|vila formosa|13720000|235,-2158448,-4688724;245,11,8;249,-7,-5;400,-21,-9;414,7,10;424,6,0;438,12,9;452,21,8;462,-3,3
rua||saturnino candido martins|natal merli ii|13720000|2,-2157902,-4690551;12,11,-7;22,-3,-12;32,6,-8;42,8,-8;52,0,-3;62,10,-14;72,5,0;82,3,-14;92,6,-8;102,2,2;112,10,-25;122,2,2;132,9,-5;142,2,-13;152,6,-16;162,7,-6
rua||sebastiao bertonha|distrito industrial|13720000|30,-2160602,-4692207;40,-9,4;273,-230,55
rua||sebastiao de paiva machado|portal buenos aires|13720000|31,-2160976,-4691461;41,4,-5;51,2,-1;61,12,-11;71,8,-6;73,93,-46;74,-17,2;75,-81,65;81,17,-20;91,7,-6;101,8,-6;111,4,-7;121,-1,-2;141,27,-12;151,6,-3;161,9,-5;171,7,-5
rua||sebastiao joao|natal merli ii|13720000|15,-2157752,-4690419;36,21,-20;37,-333,-1;40,347,-4;57,-339,18;67,2,11;272,223,38;282,19,-6;292,14,-9;302,-2,9;323,-12,-23;332,35,-2;342,9,-6;353,9,-13;360,55,-16;363,-52,17;370,58,-25;373,-45,15;377,20,-1;382,-7,8;383,-11,-3;392,22,-2;397,11,-20;407,7,2;417,13,-5;437,18,-11;442,-25,20;447,34,-23;452,-27,23;453,3,-12;455,29,-18;462,-18,20;470,65,-58;472,-58,56;477,29,-25;482,-22,20;492,9,-3;502,10,-10
rua||sebastiao ribeiro da silva|mano merli|13720000|67,-2157638,-4690095;97,-20,24;107,-2,-1;146,25,-32;196,-97,92
rua||seis|por do sol|13720000|62,-2159998,-4691343;102,38,-11;129,13,-10;149,15,-4
rua||sem denominacao 2|domingos de sylos|13720000|330,-2163335,-4689487
rua||sem denominacao 2|jardim das hortensias|13720000|77,-2159968,-4687519
rua||sem denominacao 2|recanto da espuma|13720000|1,-2162963,-4701746;2,-5,6
rua||sem denominacao|bonsucesso|13720000|5,-2159188,-4688214;15,-28,4;25,5,0;26,-6,6;30,115,1550;35,-98,-1558;36,0,17;46,12,-19;50,53,1571;55,-49,-1578;60,42,1583;64,-18,3;65,-10,-1589;66,-5,1593;75,10,-1603;76,-17,1602;90,-64,49;92,-4,0;95,15,-22;301,18,-13;321,-9,5
rua||sem denominacao|jardim aeroporto|13720000|110,-2161475,-4688939;121,-6,-9;130,3,-8;133,-9,1
rua||sem denominacao|jardim margarida|13720000|110,-2159606,-4687626;120,1,12;130,1,14;160,9,22;170,2,9;180,6,18;190,-1,7
rua||sem denominacao|vale do redentor iv|13720000|81,-2158936,-4690724
rua||serafim vicente|bonsucesso|13720000|25,-2159290,-4687770;28,-4,-12;35,-13,10;45,-6,4;60,-3,-12;702,39,4
rua||sergio americo ribeiro|distrito industrial|13720000|21,-2160562,-4691975;54,-24,-27;65,9,2
rua||sergio ribeiro|jardim dos ipes|13720000|85,-2161428,-4690884;95,-8,-13;105,-12,-6;106,31,31;115,-29,-41;116,25,22;135,-16,-13;140,-15,-57;155,-7,14;165,-1,-9
rua||sergio ribeiro|vila verde|13720000|16,-2161348,-4690800;25,-20,-6;36,5,-6;46,-10,-4
rua||sergipe|eduardo cassucci|13720000|13,-2160971,-4692672;18,-3,-6;27,-12,-10;37,0,-8;38,8,0;47,-10,-9;48,5,-3;57,-7,-18;58,6,14;67,-18,-30;68,15,21;77,-15,-25;78,11,13;87,-17,-25;88,16,18;97,-24,-31;98,17,16;107,-21,-17;108,21,15;117,-23,-23;118,15,9;127,-17,-15;128,16,12;137,-32,-40;138,19,28;147,-27,-34;148,26,27;157,-31,-44;164,15,11;167,-22,-17;177,2,-5;187,-8,-5;197,-7,-15;207,-2,-3
rua||serra da boa esperanca|alto da serra|13720000|21,-2160031,-4687134;42,-3,-24;51,-16,5;52,11,-1;102,-23,-56;111,-6,11;112,-6,-29;121,-4,19;142,-16,-33
rua||serra da mantiqueira|alto da serra|13720000|33,-2160034,-4687263;44,-12,-5;53,26,24;63,16,-6;64,-30,-2;73,25,19;74,-18,-7;83,52,24;84,-46,-26;93,29,36;94,-19,-16
rua||serra da safira|alto da serra|13720000|18,-2160097,-4687241;41,-18,39;51,-12,9;61,-9,12;81,-11,3;91,-17,16
rua||serra da santa cruz|alto da serra|13720000|10,-2159955,-4687194;11,27,-13;21,-8,6;31,-8,15;41,-2,3;51,-3,16;61,-9,5
rua||serra do cantagalo|alto da serra|13720000|22,-2160068,-4687158;32,-7,0;42,-11,12
rua||sete|alto da serra|13720000|212,-2160170,-4687341;222,0,-4
rua||sete|por do sol|13720000|50,-2160001,-4691293;90,36,-8
rua||silva jardim|centro|13720000|1,-2159451,-4688586;11,-13,-13;19,0,-5;24,7,-5;25,-11,11;36,-10,-18;44,-2,0;49,-4,8;54,-12,-17;59,-5,8;62,0,-7;77,-10,7;107,-20,-6;130,-29,-23;136,-3,-2;141,1,5;148,-9,-6;154,-2,-4;155,0,6;164,-10,-10;165,1,7;169,-5,1;173,6,-2;174,-3,-17;181,-16,7;187,2,11;193,-15,-13;194,7,-4;216,-27,-6;223,2,-3;224,-8,-2;234,-7,-9;235,5,12;246,-14,-18;249,14,11;260,-16,-10;264,-13,-5;268,-3,0;271,8,7;276,-23,-15;281,17,13;287,-3,0;288,-19,-18;293,14,14;301,-8,-6;313,-14,5;318,-22,-23;324,-10,-5;332,-15,-5;337,23,20;353,-7,-5;365,-8,-5;375,-15,-4;393,-7,-9;394,-36,-20;399,29,21;400,-33,-20;407,24,14;414,-34,-20;420,-9,-3;431,22,14;432,-24,-15;447,24,13;448,-38,-19;456,-13,-2;457,38,13;465,-8,5;476,-29,-21;477,23,19;478,-38,-22;481,28,18;491,-8,-3;501,-4,-7;507,-11,-2;510,-41,-24;522,-4,-2;528,-11,-2;533,45,26;538,-54,-30;567,13,14;577,0,0;588,-59,-38;589,47,28;591,-2,-2;596,-45,-22;604,-7,-4;605,43,24;613,-9,-1;614,-39,-27;621,39,28;626,-52,-32;636,-7,-2;645,34,16;665,-16,-3
rua||siqueira campos|bonsucesso|13720000|471,-2159294,-4688035;479,0,10;579,17,152;650,-3,1;660,1,16;674,5,17;686,0,1;688,1,16;690,-2,28;699,16,12;704,-3,3;709,4,2;716,0,5;736,2,30;765,16,28;785,11,17;810,-32,-57;817,33,81;825,2,9;829,1,7;841,2,-1;875,4,46;886,-20,-84;893,33,95;901,-1,10;912,-24,-82;915,30,95;922,-24,-81;949,33,112;964,-25,-88;979,33,134
rua||siqueira campos|centro|13720000|5,-2159412,-4688526;9,7,5;17,3,12;60,-3,27;64,3,4;74,6,13;78,-40,-97;84,48,101;86,-49,-104;96,10,2;100,35,120;106,-24,-120;110,23,124;118,-32,-107;126,1,3
rua||siqueira campos|vila pereira|13720000|47,-2159394,-4688497;61,16,17;79,-2,23;89,2,20;118,1,26;130,3,15;140,1,11;150,4,15;170,2,8;180,2,10;190,4,11;228,7,50;267,20,33;281,5,16;285,2,8;301,30,-9;311,-25,33;316,-1,14;323,2,-1;335,5,15;357,-5,18;358,5,33;365,5,-22;389,6,25;403,0,16;409,7,20;413,2,3;427,4,12;492,-8,56;502,1,5;522,3,28;544,3,21;558,3,11;570,4,16;580,-1,15
rua||sul america|santo antonio|13720000|40,-2159143,-4690029;75,0,-15;91,44,-71;96,-16,37;109,9,-25;138,9,-8;148,8,-16
rua||tancredo celso ferreira de barros|jardim sao jose|13720000|141,-2158697,-4687652;151,4,20;161,-3,10
rua||tancredo celso ferreira de barros|parque sao domingos|13720000|15,-2158654,-4687756;25,1,6;38,-12,18;39,7,-1;45,-2,9;55,-3,13;68,-10,3;77,3,15;78,0,-8;87,-4,22;88,6,-9;97,-8,20;100,-10,-6;110,-5,14;120,1,6;134,-10,18
rua||tarcilio siqueira|centro|13720000|18,-2160029,-4688941;32,-2,-14;40,-4,1;50,-13,-6;66,-14,-12;76,-2,-3;130,-48,-26;131,13,11;138,-32,-13;148,8,-6;168,-19,-7;176,-8,-2;186,-6,-2;191,-10,-8;200,1,-4;201,-6,0;211,-7,-3;212,-6,0;222,-11,-8;223,-3,9;229,-3,-4;230,1,-10;231,-9,5;240,11,-1;241,-16,2;283,-30,-24;288,0,-1;298,-10,-10;301,-3,14;308,-2,-13;309,-5,10;318,-6,-17;319,0,5;328,-7,-6;329,-1,2;339,-8,0;340,-1,2;347,-6,-6;353,-6,-1;361,-3,-3;376,-22,-14;377,1,3;380,-10,-1;388,0,-6;389,10,6;401,-14,2;410,-9,-14;430,-12,-5;440,-9,-6;495,-58,-21;500,-1,2;510,-6,-1;515,-1,-5;520,-4,-4;530,-7,-7;538,-4,-3;539,-1,-2;549,-11,1;559,-7,1;564,-5,-17;569,-5,13;574,5,-8;579,-13,0;584,-1,9;589,-4,-6;640,-32,-32;650,-17,-4;657,-15,8;662,8,-8;667,-23,4
rua||tarquinio cobra olyntho|centro|13720000|62,-2159628,-4688549;72,-10,-2;82,-4,-5;92,-11,4;126,-31,1;128,-4,-4;146,-33,0;164,-2,-5;176,-16,0;186,-3,4;200,-14,0;240,-42,-7;256,-6,5;270,-18,-7;278,-6,6;360,-76,-11;370,-10,-2;388,-13,-1
rua||tarquinio cobra olyntho|vila pereira|13720000|21,-2159603,-4688549;37,-7,6;49,-12,-1;69,-22,-5;134,-65,-5;177,-1,8;187,-30,-3;197,-17,-2;223,-18,1;235,-7,-5;249,-15,0;255,-11,-4;263,-5,4;275,-16,1;285,43,4;291,-59,-9;305,-14,2;331,-23,-6;341,-5,2;351,-16,3;381,-21,-8;391,-12,6
rua||tereza orfei policiano|colina verde|13720000|1,-2158081,-4691028;2,4,13;3,-4,11;4,-3,6;5,34,-60;6,-3,5;7,-1,6;8,-4,4;9,-4,10;10,-2,4;11,0,7;12,-4,7;13,-2,8
rua||torindo perocco|portal buenos aires|13720000|12,-2160668,-4691720;22,5,4;23,7,-8;33,10,3;42,0,11;43,7,-6;52,9,14;53,-2,-13;62,13,7;63,-5,-6;72,11,10;73,-5,-7;82,15,8;83,-4,-1;92,12,4;93,-4,-2;102,18,10;103,-9,-10;113,7,7;122,19,28;132,6,6;142,10,6;143,-6,-12;153,9,3;162,9,21;163,2,-16;172,8,25;173,-8,-23;182,11,33;183,-1,-22;192,9,24;193,-5,-16;203,11,6;213,6,6;223,2,6;233,6,1
rua||tres|colina verde|13720000|20,-2157981,-4691088;21,3,-9;22,6,-3;23,3,-6;24,5,-5;25,4,-6;26,6,-8;27,-4,-9;28,15,10;29,-8,4;30,-4,5;31,-4,11;32,0,5;33,-4,4;34,-8,7
rua||tres|condominio joao minussi|13720000|104,-2161104,-4691726
rua||tres|por do sol|13720000|99,-2160067,-4691360;151,26,87;191,8,63;201,-16,-99;231,16,136;251,13,25;261,7,1;271,-7,8
rua||treze de maio|centro|13720000|16,-2159337,-4688932;25,-19,-11;33,-6,-4;40,-11,-6;50,-3,0;62,-3,-5;72,-10,-8;90,-14,-3;93,-13,3;95,-3,-1;97,0,-11;100,11,7;103,-15,-2;110,3,9;120,-18,-5;133,-4,-3;136,3,-5;140,-2,-5;143,-1,-16;146,-8,-6;151,-11,16;152,3,-3;153,-4,-1;158,6,0;160,-8,1;161,-2,-4;196,-27,-15;202,-4,-7;205,-3,-1;214,-6,10;215,0,-4;219,-9,1;220,-2,-4;225,-1,-2;232,-5,-8;237,0,7;247,-7,-5;248,-7,-7;256,-5,-11;266,-7,9;272,-8,1;280,-6,-7;300,-14,-6;312,-16,-10;330,-6,-2;332,-5,2;337,-5,1;338,3,-7;345,-8,4;354,-6,-10;359,-1,2;362,-11,-4;365,1,-4;376,-8,4;379,13,-10;382,-16,6;383,-3,-2;386,-1,1;392,0,-2;393,-6,-3;395,-9,8;414,-8,-18;415,-6,6;419,-7,2;433,2,-15;436,-2,-4;444,-5,2;447,-6,-4;456,-21,-1;459,9,3;466,-3,-11;475,-7,1;476,-5,-4;481,-6,8;486,-2,-14;487,-2,0;501,-12,3;514,-16,-8;522,-4,-2;532,-5,-7;533,1,7;541,-12,-9;548,-8,-3;555,1,4;556,-21,-6;561,8,-3;564,-2,-7;571,3,3;582,-25,-9;585,36,-9;600,-44,6;603,7,2;619,-12,-5;625,-7,-1;643,-23,-1;655,3,-14;665,-8,-11;673,-8,10
rua||um|colina verde|13720000|151,-2157751,-4691006;161,24,20;181,10,25;191,8,14;202,-20,3;211,19,12;221,10,23;231,-5,7;236,-7,3
rua||um|por do sol|13720000|4,-2159904,-4691170;18,5,-17;85,-18,-97;105,9,17;175,7,67
rua||valdomiro venancio de souza|jardim luciana|13720000|21,-2160078,-4688357;42,-32,-12;52,-2,-3;101,-56,9;201,-62,30
rua||valentim staceri|jardim mercedes|13720000|7,-2158936,-4691829;17,-3,-13;27,-6,-12;37,-4,0;47,-1,-10;57,-6,-17;67,-4,-5;77,3,-11;87,-9,-4;97,0,-14;107,-7,-3;117,-2,-12;127,1,-10;137,-9,-6;147,4,-15;157,-13,-4;167,-2,-6;177,-1,-9
rua||valter antonio rueda|jardim dos ipes|13720000|13,-2161294,-4690844;33,-20,-20;93,-69,-64;103,-3,-6;104,-5,3;113,-9,-17;114,4,12;123,-1,-21;124,-6,9;133,-3,-11;134,0,6;143,-5,-17
rua||valter antonio rueda|vila verde|13720000|34,-2161321,-4690861
rua||vendramin semensato|distrito industrial|13720000|50,-2160751,-4691911;143,-10,-86;150,-18,-135;153,15,124;175,-7,-26;185,-8,-16;222,11,0;223,-12,-34;250,-8,-41;291,-17,-41;300,9,-36;301,-14,3;315,-4,-11;320,10,-21;325,-11,2;335,0,0;423,-6,-37;433,-2,-22;450,11,34;495,-22,-75;505,-3,-14
rua||vicente agliussi|centro|13720000|21,-2160476,-4689220;29,2,-119;39,-12,89;53,-16,37;64,5,16;71,-22,3
rua||vicente carriero|jardim sao bento|13720000|85,-2158143,-4691208;88,26,-22;95,-15,7;98,27,-20;105,-25,20;108,30,-24;115,-19,14;118,25,-12;122,69,-9;128,-59,5;138,1,-2;165,3,-2;175,0,-2;185,6,1;195,10,1;205,9,-5;215,13,-2;235,16,2
rua||vicente de mello|eduardo cassucci|13720000|15,-2161094,-4693392;43,-24,8
rua||vicente massaro|vale do redentor|13720000|5,-2158467,-4690954;8,31,-36;18,-5,3;28,6,-2;35,-11,-16;38,11,11;45,-5,-24;48,6,10;55,-8,-7;65,5,-17;68,8,14;75,-1,-23;78,5,8;85,-7,-13;88,6,8
rua||vilarejo virginia|vila pereira|13720000|1,-2159610,-4688239;2,6,-9;3,0,4;4,8,0;5,5,-9
rua||vinicio rocha dos santos|jardim dos ipes|13720000|23,-2161266,-4690893;33,-4,-9;63,-15,-16;110,-49,-69;120,-21,-18
rua||virginia centuri bracelli|jardim luciana|13720000|16,-2160172,-4688254;17,-8,-3;22,8,-1;32,-2,-12;37,-4,-8;44,6,-19;47,-7,11;55,-7,-6;62,11,-7;67,-6,-17;82,3,2;91,-10,-17
rua||vista do alto|parque beira rio|13720000|153,-2159446,-4690926
rua||vital brasil|santo antonio|13720000|244,-2159530,-4690156;254,10,-5;264,2,-9;272,11,-8
rua||vitor felice|jardim margarida|13720000|29,-2159503,-4687754;39,-22,10;49,-21,-8;89,-29,12;99,-17,4;121,-16,7;131,-6,-3
rua||vitorio pinezi|jardim luciana|13720000|37,-2160093,-4688425
rua||viviana de carvalho|chico xavier|13720000|11,-2161275,-4692474;18,-10,-3;21,12,6;28,-10,5;31,10,13;38,-9,-7;41,8,17;48,-8,-6;51,14,10;58,-11,-1;61,10,8;68,-9,1;71,15,8;78,-11,-2;81,13,13;88,-6,-3;91,10,13;98,-12,-4;101,11,10;108,-5,0;111,5,16;118,-8,-5;121,12,7;128,-9,6;131,15,5;138,-10,4;141,8,5;148,-10,3;151,16,9;158,-14,-4
rua||waldemar fornari|maria da silva maldonado|13720000|33,-2161588,-4690516;53,3,21;63,-2,7;70,-8,-36;73,6,46;83,2,10;90,-9,-44;93,4,52;100,-2,-40;110,2,11;120,2,2;123,-6,65;130,5,-49;150,-7,24;160,4,0;163,7,58;170,-10,-41;173,10,55;183,-1,5;193,-4,23;200,-6,-51;203,8,52;210,-6,-42;213,4,49;220,-6,-39;223,6,49;243,2,15;250,-11,-33;260,1,10;263,8,46;280,-4,-28;283,4,56;293,-2,7;300,-9,-42;303,10,58;323,-1,21;330,-9,-49;333,7,56;370,-10,-14;373,10,51;380,-8,-37;383,5,52;390,-6,-42;393,2,42;400,-1,-36;410,-1,9
rua||waldemar poggio junior|jardim sao jose|13720000|17,-2158733,-4687595;27,-2,14;37,-1,5;47,-6,8;57,-7,19;67,-1,4;77,4,14;87,-8,5
rua||waldemar sernaglia|portal buenos aires|13720000|16,-2160460,-4690946;91,26,138;101,-3,-16;114,0,-47;120,-59,-309;121,49,295;122,-63,-349;151,54,297;181,-17,-51;215,-24,-135;226,11,-16;261,6,63;411,-139,-240;421,-11,-4;431,-3,-2;441,-7,-3;451,-5,-4;461,-7,-4;481,-14,-9;501,-12,-14;511,-3,-5;521,-5,-4;551,-13,-20;561,-5,2
rua||waldemar sperancini|portal buenos aires|13720000|11,-2161207,-4691563;21,-2,9;31,-1,1;41,-16,10;51,8,4;61,-17,11;71,-1,1;81,-5,7;91,-6,16;101,-6,3;111,-14,13;121,-2,8;131,0,6;141,-5,-2
rua||walter braghetta|alto da serra|13720000|566,-2160181,-4687252;576,2,3;586,-11,8;606,-22,9;635,3,2;645,53,-36
rua||walter braghetta|jardim margarida|13720000|11,-2159847,-4687361;19,295,-55;29,-17,0;30,-6,1;39,-12,-3;40,-1,3;50,-8,1;59,-12,4;70,-18,0;80,0,-2;89,-11,11;98,-20,-1;99,14,0;109,-15,1;129,-13,15;162,7,-16;172,-10,-2;182,-11,3;192,-8,0;202,-12,5;222,-34,0;228,-20,8;232,-5,3;260,-8,-1;265,-50,18;270,39,-10;280,-34,3;344,-103,21;345,-28,4;364,7,-1;370,-15,-1;384,-2,3;404,-32,7;414,-5,3;426,-8,-2;436,-10,4;456,-21,11;466,-12,5
rua||walter nogueira|portal buenos aires|13720000|4,-2160203,-4690779;22,-9,1;23,-4,13;32,0,-7;33,-14,18;42,1,-13;43,-10,20;52,3,-15;53,-10,19;62,-6,-10;63,-1,14;72,-5,-15;88,-8,9;95,-14,21;98,6,-17;103,5,8;105,-23,15;110,12,-14;113,-20,18;120,12,-18;123,-17,20;126,4,-12;130,-5,3;133,-11,20;136,0,-17;142,-9,8;143,3,8;153,-12,6;162,-2,-4;163,1,6;172,-13,1;173,-2,5;183,-6,7
rua||wilson goncalves de faria|centro|13720000|5,-2160142,-4689596;25,-5,14;28,-8,-7;31,1,12;40,-7,0;43,5,7;50,-8,4;51,-1,9;55,6,-6;59,-7,14;62,-7,-14;70,2,11;75,-4,12;80,1,-4;85,-6,18;90,-4,-10;97,-11,16;100,0,-2;157,-17,39;163,-6,10;171,-5,5;181,4,1;583,76,-129
rua||xv de agosto|jardim nova belmonte|13720000|34,-2160556,-4689681;44,-16,-4;54,2,0;100,-37,-19;104,-10,0;110,-14,-10;120,-1,-2;130,-11,-4;240,-115,-52;250,-6,-4;280,-26,-9;290,-6,-4;300,-12,-2
rua||xv de agosto|vila brasil|13720000|9,-2160515,-4689650;35,-47,-23;45,-5,-4;55,-10,2;125,-59,-24;165,-42,-21;175,-16,-3;187,-8,-9;194,214,93;225,-259,-116;235,-4,0;255,-25,-12
rua||yvonne do amaral pereira|chico xavier|13720000|17,-2161325,-4692464;18,-5,15;27,8,-7;28,-5,12;37,3,-5;47,3,14;57,4,5;67,9,8;77,-1,14;87,-2,8;97,5,4;107,1,16;117,4,8;127,3,18;137,-1,2;147,6,12;157,1,9;158,-8,3
rua||zaira zonta merli|jardim bela vista|13720000|70,-2158779,-4688313
rua||zaira zonta merli|loteamento oto bitencourt|13720000|75,-2158796,-4688335
rua||zaira zonta merli|santo antonio|13720000|71,-2159155,-4689762;91,16,14
rua||zilda gama|chico xavier|13720000|13,-2161230,-4692489;22,-7,8;23,11,3;32,-9,7;33,12,-3;42,-7,9;43,7,3;52,-8,8;53,10,-1;62,-6,13;63,9,-1;72,-9,9;73,13,0;82,-13,13;83,13,-1;92,-10,9;93,14,4;102,-10,3;103,8,-4;112,-10,12;113,14,3;122,-13,10;123,17,-2;132,-9,12;133,10,0;142,-6,7;143,8,1;152,-5,11;153,4,-2
rua||zulmira caldo tiusso|loteamento oto bitencourt|13720000|37,-2158647,-4688306;57,-4,25;67,-12,9;68,-13,13;77,9,-6;78,-15,13;87,13,4;97,-6,4;157,-8,31
